period,change_date,change,file,company
Q2-07,2006-09-11,7.73,05-31-2007,Australia & New Zealand Banking Group
Q2-07,2006-10-17,7.67,05-31-2007,Australia & New Zealand Banking Group
Q2-07,2006-11-21,7.67,05-31-2007,Australia & New Zealand Banking Group
Q2-07,2007-01-18,7.73,05-31-2007,Australia & New Zealand Banking Group
Q2-07,2007-02-22,7.62,05-31-2007,Australia & New Zealand Banking Group
Q2-07,2007-04-03,7.64,05-31-2007,Australia & New Zealand Banking Group
Q2-07,2007-05-08,7.65,05-31-2007,Australia & New Zealand Banking Group
Q3-07,2006-09-11,7.61,05-31-2007,Australia & New Zealand Banking Group
Q3-07,2006-10-17,7.61,05-31-2007,Australia & New Zealand Banking Group
Q3-07,2006-11-21,7.61,05-31-2007,Australia & New Zealand Banking Group
Q3-07,2007-01-18,7.67,05-31-2007,Australia & New Zealand Banking Group
Q3-07,2007-02-22,7.53,05-31-2007,Australia & New Zealand Banking Group
Q3-07,2007-04-03,7.55,05-31-2007,Australia & New Zealand Banking Group
Q3-07,2007-05-08,7.56,05-31-2007,Australia & New Zealand Banking Group
Q4-07,2006-09-11,7.55,05-31-2007,Australia & New Zealand Banking Group
Q4-07,2006-10-17,7.55,05-31-2007,Australia & New Zealand Banking Group
Q4-07,2006-11-21,7.55,05-31-2007,Australia & New Zealand Banking Group
Q4-07,2007-01-18,7.61,05-31-2007,Australia & New Zealand Banking Group
Q4-07,2007-02-22,7.45,05-31-2007,Australia & New Zealand Banking Group
Q4-07,2007-04-03,7.45,05-31-2007,Australia & New Zealand Banking Group
Q4-07,2007-05-08,7.45,05-31-2007,Australia & New Zealand Banking Group
Q1-08,2007-04-03,7.43,05-31-2007,Australia & New Zealand Banking Group
Q1-08,2007-05-08,7.43,05-31-2007,Australia & New Zealand Banking Group
2008,2006-09-11,7.35,05-31-2007,Australia & New Zealand Banking Group
2008,2006-10-17,7.35,05-31-2007,Australia & New Zealand Banking Group
2008,2006-11-21,7.35,05-31-2007,Australia & New Zealand Banking Group
2008,2007-01-18,7.55,05-31-2007,Australia & New Zealand Banking Group
2008,2007-02-22,7.35,05-31-2007,Australia & New Zealand Banking Group
2008,2007-04-03,7.35,05-31-2007,Australia & New Zealand Banking Group
2008,2007-05-08,7.35,05-31-2007,Australia & New Zealand Banking Group
2009,2007-01-18,7.35,05-31-2007,Australia & New Zealand Banking Group
2009,2007-04-03,7.73,05-31-2007,Australia & New Zealand Banking Group
2009,2007-05-08,7.73,05-31-2007,Australia & New Zealand Banking Group
2010,2007-04-03,7.72,05-31-2007,Australia & New Zealand Banking Group
2010,2007-05-08,7.72,05-31-2007,Australia & New Zealand Banking Group
2011,2007-04-03,7.72,05-31-2007,Australia & New Zealand Banking Group
2011,2007-05-08,7.72,05-31-2007,Australia & New Zealand Banking Group
Q2-11,2010-08-02,6.42,05-31-2011,Australia & New Zealand Banking Group
Q2-11,2010-09-02,6.42,05-31-2011,Australia & New Zealand Banking Group
Q2-11,2010-10-12,6.42,05-31-2011,Australia & New Zealand Banking Group
Q2-11,2010-11-01,6.29,05-31-2011,Australia & New Zealand Banking Group
Q2-11,2010-12-02,6.29,05-31-2011,Australia & New Zealand Banking Group
Q2-11,2011-02-01,6.44,05-31-2011,Australia & New Zealand Banking Group
Q2-11,2011-03-03,6.44,05-31-2011,Australia & New Zealand Banking Group
Q2-11,2011-04-01,6.44,05-31-2011,Australia & New Zealand Banking Group
Q2-11,2011-05-03,6.43,05-31-2011,Australia & New Zealand Banking Group
Q2-11,2011-05-11,6.43,05-31-2011,Australia & New Zealand Banking Group
Q2-11,2011-05-12,6.43,05-31-2011,Australia & New Zealand Banking Group
Q3-11,2010-09-02,6.32,05-31-2011,Australia & New Zealand Banking Group
Q3-11,2010-10-12,6.32,05-31-2011,Australia & New Zealand Banking Group
Q3-11,2010-11-01,6.2,05-31-2011,Australia & New Zealand Banking Group
Q3-11,2010-12-02,6.2,05-31-2011,Australia & New Zealand Banking Group
Q3-11,2011-02-01,6.36,05-31-2011,Australia & New Zealand Banking Group
Q3-11,2011-03-03,6.36,05-31-2011,Australia & New Zealand Banking Group
Q3-11,2011-04-01,6.36,05-31-2011,Australia & New Zealand Banking Group
Q3-11,2011-05-03,6.33,05-31-2011,Australia & New Zealand Banking Group
Q3-11,2011-05-11,6.33,05-31-2011,Australia & New Zealand Banking Group
Q3-11,2011-05-12,6.33,05-31-2011,Australia & New Zealand Banking Group
Q4-11,2009-06-12,6.47,05-31-2011,Australia & New Zealand Banking Group
Q4-11,2009-06-26,6.73,05-31-2011,Australia & New Zealand Banking Group
Q4-11,2009-08-17,6.8,05-31-2011,Australia & New Zealand Banking Group
Q4-11,2009-09-18,6.8,05-31-2011,Australia & New Zealand Banking Group
Q4-11,2009-10-23,6.53,05-31-2011,Australia & New Zealand Banking Group
Q4-11,2009-11-18,6.66,05-31-2011,Australia & New Zealand Banking Group
Q4-11,2009-11-20,6.38,05-31-2011,Australia & New Zealand Banking Group
Q4-11,2009-12-21,6.38,05-31-2011,Australia & New Zealand Banking Group
Q4-11,2010-02-01,6.38,05-31-2011,Australia & New Zealand Banking Group
Q4-11,2010-02-11,6.24,05-31-2011,Australia & New Zealand Banking Group
Q4-11,2010-03-05,6.24,05-31-2011,Australia & New Zealand Banking Group
Q4-11,2010-03-31,6.24,05-31-2011,Australia & New Zealand Banking Group
Q4-11,2010-05-27,6.34,05-31-2011,Australia & New Zealand Banking Group
Q4-11,2010-08-02,6.21,05-31-2011,Australia & New Zealand Banking Group
Q4-11,2010-09-02,6.21,05-31-2011,Australia & New Zealand Banking Group
Q4-11,2010-10-12,6.21,05-31-2011,Australia & New Zealand Banking Group
Q4-11,2010-11-01,6.09,05-31-2011,Australia & New Zealand Banking Group
Q4-11,2010-12-02,6.09,05-31-2011,Australia & New Zealand Banking Group
Q4-11,2011-02-01,6.28,05-31-2011,Australia & New Zealand Banking Group
Q4-11,2011-03-03,6.28,05-31-2011,Australia & New Zealand Banking Group
Q4-11,2011-04-01,6.28,05-31-2011,Australia & New Zealand Banking Group
Q4-11,2011-05-03,6.23,05-31-2011,Australia & New Zealand Banking Group
Q4-11,2011-05-11,6.23,05-31-2011,Australia & New Zealand Banking Group
Q4-11,2011-05-12,6.23,05-31-2011,Australia & New Zealand Banking Group
Q1-12,2010-11-01,6.03,05-31-2011,Australia & New Zealand Banking Group
Q1-12,2010-12-02,6.03,05-31-2011,Australia & New Zealand Banking Group
Q1-12,2011-02-01,6.22,05-31-2011,Australia & New Zealand Banking Group
Q1-12,2011-03-03,6.22,05-31-2011,Australia & New Zealand Banking Group
Q1-12,2011-04-01,6.22,05-31-2011,Australia & New Zealand Banking Group
Q1-12,2011-05-03,6.16,05-31-2011,Australia & New Zealand Banking Group
Q1-12,2011-05-11,6.16,05-31-2011,Australia & New Zealand Banking Group
Q1-12,2011-05-12,6.16,05-31-2011,Australia & New Zealand Banking Group
2012,2009-06-12,6.21,05-31-2011,Australia & New Zealand Banking Group
2012,2009-06-26,6.73,05-31-2011,Australia & New Zealand Banking Group
2012,2009-08-17,6.8,05-31-2011,Australia & New Zealand Banking Group
2012,2009-09-18,6.53,05-31-2011,Australia & New Zealand Banking Group
2012,2009-10-23,6.27,05-31-2011,Australia & New Zealand Banking Group
2012,2009-11-18,6.38,05-31-2011,Australia & New Zealand Banking Group
2012,2009-11-20,6.13,05-31-2011,Australia & New Zealand Banking Group
2012,2009-12-21,6.13,05-31-2011,Australia & New Zealand Banking Group
2012,2010-02-01,6.13,05-31-2011,Australia & New Zealand Banking Group
2012,2010-03-05,6.0,05-31-2011,Australia & New Zealand Banking Group
2012,2010-03-31,6.0,05-31-2011,Australia & New Zealand Banking Group
2012,2010-05-27,6.09,05-31-2011,Australia & New Zealand Banking Group
2012,2010-10-12,5.97,05-31-2011,Australia & New Zealand Banking Group
2012,2011-04-01,5.85,05-31-2011,Australia & New Zealand Banking Group
2012,2011-05-11,5.98,05-31-2011,Australia & New Zealand Banking Group
2012,2011-05-12,5.98,05-31-2011,Australia & New Zealand Banking Group
2013,2009-06-26,6.47,05-31-2011,Australia & New Zealand Banking Group
2013,2009-08-17,6.53,05-31-2011,Australia & New Zealand Banking Group
2013,2009-09-18,6.27,05-31-2011,Australia & New Zealand Banking Group
2013,2009-11-18,6.13,05-31-2011,Australia & New Zealand Banking Group
2013,2010-05-27,5.85,05-31-2011,Australia & New Zealand Banking Group
2013,2010-10-12,5.73,05-31-2011,Australia & New Zealand Banking Group
2013,2011-05-11,5.62,05-31-2011,Australia & New Zealand Banking Group
2013,2011-05-12,5.62,05-31-2011,Australia & New Zealand Banking Group
2014,2009-06-26,6.21,05-31-2011,Australia & New Zealand Banking Group
2014,2009-08-17,6.27,05-31-2011,Australia & New Zealand Banking Group
Q3-20,2019-09-04,7.32,08-31-2020,Australia & New Zealand Banking Group
Q3-20,2019-09-24,7.32,08-31-2020,Australia & New Zealand Banking Group
Q3-20,2019-11-04,7.32,08-31-2020,Australia & New Zealand Banking Group
Q3-20,2019-12-02,7.12,08-31-2020,Australia & New Zealand Banking Group
Q3-20,2019-12-03,7.12,08-31-2020,Australia & New Zealand Banking Group
Q3-20,2019-12-12,7.12,08-31-2020,Australia & New Zealand Banking Group
Q3-20,2020-01-14,7.12,08-31-2020,Australia & New Zealand Banking Group
Q3-20,2020-02-17,7.12,08-31-2020,Australia & New Zealand Banking Group
Q3-20,2020-02-27,7.12,08-31-2020,Australia & New Zealand Banking Group
Q3-20,2020-03-05,7.12,08-31-2020,Australia & New Zealand Banking Group
Q3-20,2020-05-01,7.2,08-31-2020,Australia & New Zealand Banking Group
Q3-20,2020-05-25,7.2,08-31-2020,Australia & New Zealand Banking Group
Q3-20,2020-05-28,7.2,08-31-2020,Australia & New Zealand Banking Group
Q3-20,2020-06-08,7.2,08-31-2020,Australia & New Zealand Banking Group
Q3-20,2020-06-16,7.05,08-31-2020,Australia & New Zealand Banking Group
Q3-20,2020-06-18,7.05,08-31-2020,Australia & New Zealand Banking Group
Q3-20,2020-07-30,7.05,08-31-2020,Australia & New Zealand Banking Group
Q3-20,2020-08-31,6.88,08-31-2020,Australia & New Zealand Banking Group
Q4-20,2018-08-31,6.45,08-31-2020,Australia & New Zealand Banking Group
Q4-20,2018-09-06,6.45,08-31-2020,Australia & New Zealand Banking Group
Q4-20,2018-09-25,6.55,08-31-2020,Australia & New Zealand Banking Group
Q4-20,2018-09-27,6.55,08-31-2020,Australia & New Zealand Banking Group
Q4-20,2018-10-11,6.55,08-31-2020,Australia & New Zealand Banking Group
Q4-20,2018-11-02,6.55,08-31-2020,Australia & New Zealand Banking Group
Q4-20,2018-12-07,6.55,08-31-2020,Australia & New Zealand Banking Group
Q4-20,2019-01-18,6.55,08-31-2020,Australia & New Zealand Banking Group
Q4-20,2019-03-26,6.55,08-31-2020,Australia & New Zealand Banking Group
Q4-20,2019-05-06,6.55,08-31-2020,Australia & New Zealand Banking Group
Q4-20,2019-05-30,6.75,08-31-2020,Australia & New Zealand Banking Group
Q4-20,2019-07-01,6.75,08-31-2020,Australia & New Zealand Banking Group
Q4-20,2019-07-31,6.75,08-31-2020,Australia & New Zealand Banking Group
Q4-20,2019-08-26,7.35,08-31-2020,Australia & New Zealand Banking Group
Q4-20,2019-08-30,7.35,08-31-2020,Australia & New Zealand Banking Group
Q4-20,2019-09-04,7.35,08-31-2020,Australia & New Zealand Banking Group
Q4-20,2019-09-24,7.35,08-31-2020,Australia & New Zealand Banking Group
Q4-20,2019-11-04,7.35,08-31-2020,Australia & New Zealand Banking Group
Q4-20,2019-12-02,7.15,08-31-2020,Australia & New Zealand Banking Group
Q4-20,2019-12-03,7.15,08-31-2020,Australia & New Zealand Banking Group
Q4-20,2019-12-12,7.15,08-31-2020,Australia & New Zealand Banking Group
Q4-20,2020-01-14,7.15,08-31-2020,Australia & New Zealand Banking Group
Q4-20,2020-02-17,7.15,08-31-2020,Australia & New Zealand Banking Group
Q4-20,2020-02-27,7.15,08-31-2020,Australia & New Zealand Banking Group
Q4-20,2020-03-05,7.15,08-31-2020,Australia & New Zealand Banking Group
Q4-20,2020-05-01,7.15,08-31-2020,Australia & New Zealand Banking Group
Q4-20,2020-05-25,7.15,08-31-2020,Australia & New Zealand Banking Group
Q4-20,2020-05-28,7.15,08-31-2020,Australia & New Zealand Banking Group
Q4-20,2020-06-08,7.15,08-31-2020,Australia & New Zealand Banking Group
Q4-20,2020-06-16,7.0,08-31-2020,Australia & New Zealand Banking Group
Q4-20,2020-06-18,7.0,08-31-2020,Australia & New Zealand Banking Group
Q4-20,2020-07-30,7.0,08-31-2020,Australia & New Zealand Banking Group
Q4-20,2020-08-31,6.85,08-31-2020,Australia & New Zealand Banking Group
Q1-21,2020-03-05,7.16,08-31-2020,Australia & New Zealand Banking Group
Q1-21,2020-05-01,7.13,08-31-2020,Australia & New Zealand Banking Group
Q1-21,2020-05-25,7.13,08-31-2020,Australia & New Zealand Banking Group
Q1-21,2020-05-28,7.13,08-31-2020,Australia & New Zealand Banking Group
Q1-21,2020-06-08,7.13,08-31-2020,Australia & New Zealand Banking Group
Q1-21,2020-06-16,6.95,08-31-2020,Australia & New Zealand Banking Group
Q1-21,2020-06-18,6.95,08-31-2020,Australia & New Zealand Banking Group
Q1-21,2020-07-30,6.95,08-31-2020,Australia & New Zealand Banking Group
Q1-21,2020-08-31,6.82,08-31-2020,Australia & New Zealand Banking Group
Q2-21,2020-06-08,7.12,08-31-2020,Australia & New Zealand Banking Group
Q2-21,2020-06-16,6.9,08-31-2020,Australia & New Zealand Banking Group
Q2-21,2020-06-18,6.9,08-31-2020,Australia & New Zealand Banking Group
Q2-21,2020-07-30,6.9,08-31-2020,Australia & New Zealand Banking Group
Q2-21,2020-08-31,6.78,08-31-2020,Australia & New Zealand Banking Group
2021,2019-07-01,6.75,08-31-2020,Australia & New Zealand Banking Group
2021,2019-07-31,6.75,08-31-2020,Australia & New Zealand Banking Group
2021,2019-08-26,7.35,08-31-2020,Australia & New Zealand Banking Group
2021,2019-08-30,7.35,08-31-2020,Australia & New Zealand Banking Group
2021,2019-09-04,7.35,08-31-2020,Australia & New Zealand Banking Group
2021,2019-09-24,7.35,08-31-2020,Australia & New Zealand Banking Group
2021,2019-11-04,7.35,08-31-2020,Australia & New Zealand Banking Group
2021,2019-12-02,7.2,08-31-2020,Australia & New Zealand Banking Group
2021,2019-12-03,7.2,08-31-2020,Australia & New Zealand Banking Group
2021,2019-12-12,7.2,08-31-2020,Australia & New Zealand Banking Group
2021,2020-01-14,7.2,08-31-2020,Australia & New Zealand Banking Group
2021,2020-02-17,7.2,08-31-2020,Australia & New Zealand Banking Group
2021,2020-02-27,7.2,08-31-2020,Australia & New Zealand Banking Group
2021,2020-03-05,7.2,08-31-2020,Australia & New Zealand Banking Group
2021,2020-05-01,7.1,08-31-2020,Australia & New Zealand Banking Group
2021,2020-05-25,7.1,08-31-2020,Australia & New Zealand Banking Group
2021,2020-05-28,7.1,08-31-2020,Australia & New Zealand Banking Group
2021,2020-06-08,7.1,08-31-2020,Australia & New Zealand Banking Group
2021,2020-06-16,6.8,08-31-2020,Australia & New Zealand Banking Group
2021,2020-06-18,6.8,08-31-2020,Australia & New Zealand Banking Group
2021,2020-07-30,6.8,08-31-2020,Australia & New Zealand Banking Group
2021,2020-08-31,6.7,08-31-2020,Australia & New Zealand Banking Group
Q4-16,2014-12-18,6.05,11-30-2016,Australia & New Zealand Banking Group
Q4-16,2015-01-15,6.05,11-30-2016,Australia & New Zealand Banking Group
Q4-16,2015-01-21,6.12,11-30-2016,Australia & New Zealand Banking Group
Q4-16,2015-03-13,6.18,11-30-2016,Australia & New Zealand Banking Group
Q4-16,2015-04-29,6.18,11-30-2016,Australia & New Zealand Banking Group
Q4-16,2015-06-02,6.18,11-30-2016,Australia & New Zealand Banking Group
Q4-16,2015-06-17,6.24,11-30-2016,Australia & New Zealand Banking Group
Q4-16,2015-07-27,6.18,11-30-2016,Australia & New Zealand Banking Group
Q4-16,2015-08-21,6.75,11-30-2016,Australia & New Zealand Banking Group
Q4-16,2015-09-29,6.75,11-30-2016,Australia & New Zealand Banking Group
Q4-16,2015-10-28,6.65,11-30-2016,Australia & New Zealand Banking Group
Q4-16,2015-12-11,6.65,11-30-2016,Australia & New Zealand Banking Group
Q4-16,2016-01-21,6.7,11-30-2016,Australia & New Zealand Banking Group
Q4-16,2016-02-26,6.7,11-30-2016,Australia & New Zealand Banking Group
Q4-16,2016-03-29,6.65,11-30-2016,Australia & New Zealand Banking Group
Q4-16,2016-04-29,6.65,11-30-2016,Australia & New Zealand Banking Group
Q4-16,2016-05-27,6.65,11-30-2016,Australia & New Zealand Banking Group
Q4-16,2016-06-30,6.75,11-30-2016,Australia & New Zealand Banking Group
Q4-16,2016-08-09,6.75,11-30-2016,Australia & New Zealand Banking Group
Q4-16,2016-10-03,6.75,11-30-2016,Australia & New Zealand Banking Group
Q4-16,2016-11-09,6.75,11-30-2016,Australia & New Zealand Banking Group
Q4-16,2016-11-15,6.9,11-30-2016,Australia & New Zealand Banking Group
Q4-16,2016-11-30,6.9,11-30-2016,Australia & New Zealand Banking Group
Q1-17,2016-03-29,6.67,11-30-2016,Australia & New Zealand Banking Group
Q1-17,2016-04-29,6.67,11-30-2016,Australia & New Zealand Banking Group
Q1-17,2016-05-27,6.67,11-30-2016,Australia & New Zealand Banking Group
Q1-17,2016-06-30,6.77,11-30-2016,Australia & New Zealand Banking Group
Q1-17,2016-08-09,6.77,11-30-2016,Australia & New Zealand Banking Group
Q1-17,2016-10-03,6.77,11-30-2016,Australia & New Zealand Banking Group
Q1-17,2016-11-09,6.77,11-30-2016,Australia & New Zealand Banking Group
Q1-17,2016-11-15,6.95,11-30-2016,Australia & New Zealand Banking Group
Q1-17,2016-11-30,6.95,11-30-2016,Australia & New Zealand Banking Group
Q2-17,2016-05-27,6.7,11-30-2016,Australia & New Zealand Banking Group
Q2-17,2016-06-30,6.8,11-30-2016,Australia & New Zealand Banking Group
Q2-17,2016-08-09,6.8,11-30-2016,Australia & New Zealand Banking Group
Q2-17,2016-10-03,6.8,11-30-2016,Australia & New Zealand Banking Group
Q2-17,2016-11-09,6.8,11-30-2016,Australia & New Zealand Banking Group
Q2-17,2016-11-15,7.0,11-30-2016,Australia & New Zealand Banking Group
Q2-17,2016-11-30,7.0,11-30-2016,Australia & New Zealand Banking Group
Q3-17,2016-10-03,6.83,11-30-2016,Australia & New Zealand Banking Group
Q3-17,2016-11-09,6.83,11-30-2016,Australia & New Zealand Banking Group
Q3-17,2016-11-15,7.05,11-30-2016,Australia & New Zealand Banking Group
Q3-17,2016-11-30,7.05,11-30-2016,Australia & New Zealand Banking Group
2017,2015-08-21,6.85,11-30-2016,Australia & New Zealand Banking Group
2017,2015-09-29,6.85,11-30-2016,Australia & New Zealand Banking Group
2017,2015-10-28,6.8,11-30-2016,Australia & New Zealand Banking Group
2017,2015-12-11,6.8,11-30-2016,Australia & New Zealand Banking Group
2017,2016-01-21,6.8,11-30-2016,Australia & New Zealand Banking Group
2017,2016-02-26,6.8,11-30-2016,Australia & New Zealand Banking Group
2017,2016-03-29,6.75,11-30-2016,Australia & New Zealand Banking Group
2017,2016-04-29,6.75,11-30-2016,Australia & New Zealand Banking Group
2017,2016-05-27,6.75,11-30-2016,Australia & New Zealand Banking Group
2017,2016-06-30,6.85,11-30-2016,Australia & New Zealand Banking Group
2017,2016-08-09,6.85,11-30-2016,Australia & New Zealand Banking Group
2017,2016-10-03,6.85,11-30-2016,Australia & New Zealand Banking Group
2017,2016-11-09,6.85,11-30-2016,Australia & New Zealand Banking Group
2017,2016-11-15,7.1,11-30-2016,Australia & New Zealand Banking Group
2017,2016-11-30,7.1,11-30-2016,Australia & New Zealand Banking Group
2018,2016-10-03,6.9,11-30-2016,Australia & New Zealand Banking Group
2018,2016-11-30,7.2,11-30-2016,Australia & New Zealand Banking Group
Q1-11,2010-03-05,6.47,02-28-2011,Australia & New Zealand Banking Group
Q1-11,2010-03-31,6.47,02-28-2011,Australia & New Zealand Banking Group
Q1-11,2010-05-26,6.49,02-28-2011,Australia & New Zealand Banking Group
Q1-11,2010-05-27,6.49,02-28-2011,Australia & New Zealand Banking Group
Q1-11,2010-08-02,6.52,02-28-2011,Australia & New Zealand Banking Group
Q1-11,2010-09-02,6.52,02-28-2011,Australia & New Zealand Banking Group
Q1-11,2010-10-12,6.52,02-28-2011,Australia & New Zealand Banking Group
Q1-11,2010-11-01,6.39,02-28-2011,Australia & New Zealand Banking Group
Q1-11,2010-12-02,6.39,02-28-2011,Australia & New Zealand Banking Group
Q1-11,2011-02-01,6.52,02-28-2011,Australia & New Zealand Banking Group
Q2-11,2010-08-02,6.42,02-28-2011,Australia & New Zealand Banking Group
Q2-11,2010-09-02,6.42,02-28-2011,Australia & New Zealand Banking Group
Q2-11,2010-10-12,6.42,02-28-2011,Australia & New Zealand Banking Group
Q2-11,2010-11-01,6.29,02-28-2011,Australia & New Zealand Banking Group
Q2-11,2010-12-02,6.29,02-28-2011,Australia & New Zealand Banking Group
Q2-11,2011-02-01,6.44,02-28-2011,Australia & New Zealand Banking Group
Q3-11,2010-09-02,6.32,02-28-2011,Australia & New Zealand Banking Group
Q3-11,2010-10-12,6.32,02-28-2011,Australia & New Zealand Banking Group
Q3-11,2010-11-01,6.2,02-28-2011,Australia & New Zealand Banking Group
Q3-11,2010-12-02,6.2,02-28-2011,Australia & New Zealand Banking Group
Q3-11,2011-02-01,6.36,02-28-2011,Australia & New Zealand Banking Group
Q4-11,2009-03-03,6.44,02-28-2011,Australia & New Zealand Banking Group
Q4-11,2009-03-05,6.44,02-28-2011,Australia & New Zealand Banking Group
Q4-11,2009-05-05,6.47,02-28-2011,Australia & New Zealand Banking Group
Q4-11,2009-06-12,6.47,02-28-2011,Australia & New Zealand Banking Group
Q4-11,2009-06-26,6.73,02-28-2011,Australia & New Zealand Banking Group
Q4-11,2009-08-17,6.8,02-28-2011,Australia & New Zealand Banking Group
Q4-11,2009-09-18,6.8,02-28-2011,Australia & New Zealand Banking Group
Q4-11,2009-10-23,6.53,02-28-2011,Australia & New Zealand Banking Group
Q4-11,2009-11-18,6.66,02-28-2011,Australia & New Zealand Banking Group
Q4-11,2009-11-20,6.38,02-28-2011,Australia & New Zealand Banking Group
Q4-11,2009-12-21,6.38,02-28-2011,Australia & New Zealand Banking Group
Q4-11,2010-02-01,6.38,02-28-2011,Australia & New Zealand Banking Group
Q4-11,2010-02-11,6.24,02-28-2011,Australia & New Zealand Banking Group
Q4-11,2010-03-05,6.24,02-28-2011,Australia & New Zealand Banking Group
Q4-11,2010-03-31,6.24,02-28-2011,Australia & New Zealand Banking Group
Q4-11,2010-05-27,6.34,02-28-2011,Australia & New Zealand Banking Group
Q4-11,2010-08-02,6.21,02-28-2011,Australia & New Zealand Banking Group
Q4-11,2010-09-02,6.21,02-28-2011,Australia & New Zealand Banking Group
Q4-11,2010-10-12,6.21,02-28-2011,Australia & New Zealand Banking Group
Q4-11,2010-11-01,6.09,02-28-2011,Australia & New Zealand Banking Group
Q4-11,2010-12-02,6.09,02-28-2011,Australia & New Zealand Banking Group
Q4-11,2011-02-01,6.28,02-28-2011,Australia & New Zealand Banking Group
2012,2009-05-05,6.21,02-28-2011,Australia & New Zealand Banking Group
2012,2009-06-12,6.21,02-28-2011,Australia & New Zealand Banking Group
2012,2009-06-26,6.73,02-28-2011,Australia & New Zealand Banking Group
2012,2009-08-17,6.8,02-28-2011,Australia & New Zealand Banking Group
2012,2009-09-18,6.53,02-28-2011,Australia & New Zealand Banking Group
2012,2009-10-23,6.27,02-28-2011,Australia & New Zealand Banking Group
2012,2009-11-18,6.38,02-28-2011,Australia & New Zealand Banking Group
2012,2009-11-20,6.13,02-28-2011,Australia & New Zealand Banking Group
2012,2009-12-21,6.13,02-28-2011,Australia & New Zealand Banking Group
2012,2010-02-01,6.13,02-28-2011,Australia & New Zealand Banking Group
2012,2010-03-05,6.0,02-28-2011,Australia & New Zealand Banking Group
2012,2010-03-31,6.0,02-28-2011,Australia & New Zealand Banking Group
2012,2010-05-27,6.09,02-28-2011,Australia & New Zealand Banking Group
2012,2010-10-12,5.97,02-28-2011,Australia & New Zealand Banking Group
2013,2009-06-26,6.47,02-28-2011,Australia & New Zealand Banking Group
2013,2009-08-17,6.53,02-28-2011,Australia & New Zealand Banking Group
2013,2009-09-18,6.27,02-28-2011,Australia & New Zealand Banking Group
2013,2009-11-18,6.13,02-28-2011,Australia & New Zealand Banking Group
2013,2010-05-27,5.85,02-28-2011,Australia & New Zealand Banking Group
2013,2010-10-12,5.73,02-28-2011,Australia & New Zealand Banking Group
2014,2009-06-26,6.21,02-28-2011,Australia & New Zealand Banking Group
2014,2009-08-17,6.27,02-28-2011,Australia & New Zealand Banking Group
Q3-16,2015-04-29,6.18,08-31-2016,Australia & New Zealand Banking Group
Q3-16,2015-06-02,6.18,08-31-2016,Australia & New Zealand Banking Group
Q3-16,2015-06-17,6.18,08-31-2016,Australia & New Zealand Banking Group
Q3-16,2015-07-27,6.18,08-31-2016,Australia & New Zealand Banking Group
Q3-16,2015-09-29,6.7,08-31-2016,Australia & New Zealand Banking Group
Q3-16,2015-10-28,6.6,08-31-2016,Australia & New Zealand Banking Group
Q3-16,2015-12-11,6.6,08-31-2016,Australia & New Zealand Banking Group
Q3-16,2016-01-21,6.65,08-31-2016,Australia & New Zealand Banking Group
Q3-16,2016-02-26,6.65,08-31-2016,Australia & New Zealand Banking Group
Q3-16,2016-03-29,6.6,08-31-2016,Australia & New Zealand Banking Group
Q3-16,2016-04-29,6.6,08-31-2016,Australia & New Zealand Banking Group
Q3-16,2016-05-27,6.6,08-31-2016,Australia & New Zealand Banking Group
Q3-16,2016-06-30,6.7,08-31-2016,Australia & New Zealand Banking Group
Q3-16,2016-08-09,6.7,08-31-2016,Australia & New Zealand Banking Group
Q4-16,2014-11-06,5.92,08-31-2016,Australia & New Zealand Banking Group
Q4-16,2014-11-24,5.92,08-31-2016,Australia & New Zealand Banking Group
Q4-16,2014-12-18,6.05,08-31-2016,Australia & New Zealand Banking Group
Q4-16,2015-01-15,6.05,08-31-2016,Australia & New Zealand Banking Group
Q4-16,2015-01-21,6.12,08-31-2016,Australia & New Zealand Banking Group
Q4-16,2015-03-13,6.18,08-31-2016,Australia & New Zealand Banking Group
Q4-16,2015-04-29,6.18,08-31-2016,Australia & New Zealand Banking Group
Q4-16,2015-06-02,6.18,08-31-2016,Australia & New Zealand Banking Group
Q4-16,2015-06-17,6.24,08-31-2016,Australia & New Zealand Banking Group
Q4-16,2015-07-27,6.18,08-31-2016,Australia & New Zealand Banking Group
Q4-16,2015-08-21,6.75,08-31-2016,Australia & New Zealand Banking Group
Q4-16,2015-09-29,6.75,08-31-2016,Australia & New Zealand Banking Group
Q4-16,2015-10-28,6.65,08-31-2016,Australia & New Zealand Banking Group
Q4-16,2015-12-11,6.65,08-31-2016,Australia & New Zealand Banking Group
Q4-16,2016-01-21,6.7,08-31-2016,Australia & New Zealand Banking Group
Q4-16,2016-02-26,6.7,08-31-2016,Australia & New Zealand Banking Group
Q4-16,2016-03-29,6.65,08-31-2016,Australia & New Zealand Banking Group
Q4-16,2016-04-29,6.65,08-31-2016,Australia & New Zealand Banking Group
Q4-16,2016-05-27,6.65,08-31-2016,Australia & New Zealand Banking Group
Q4-16,2016-06-30,6.75,08-31-2016,Australia & New Zealand Banking Group
Q4-16,2016-08-09,6.75,08-31-2016,Australia & New Zealand Banking Group
Q1-17,2016-03-29,6.67,08-31-2016,Australia & New Zealand Banking Group
Q1-17,2016-04-29,6.67,08-31-2016,Australia & New Zealand Banking Group
Q1-17,2016-05-27,6.67,08-31-2016,Australia & New Zealand Banking Group
Q1-17,2016-06-30,6.77,08-31-2016,Australia & New Zealand Banking Group
Q1-17,2016-08-09,6.77,08-31-2016,Australia & New Zealand Banking Group
Q2-17,2016-05-27,6.7,08-31-2016,Australia & New Zealand Banking Group
Q2-17,2016-06-30,6.8,08-31-2016,Australia & New Zealand Banking Group
Q2-17,2016-08-09,6.8,08-31-2016,Australia & New Zealand Banking Group
2017,2015-08-21,6.85,08-31-2016,Australia & New Zealand Banking Group
2017,2015-09-29,6.85,08-31-2016,Australia & New Zealand Banking Group
2017,2015-10-28,6.8,08-31-2016,Australia & New Zealand Banking Group
2017,2015-12-11,6.8,08-31-2016,Australia & New Zealand Banking Group
2017,2016-01-21,6.8,08-31-2016,Australia & New Zealand Banking Group
2017,2016-02-26,6.8,08-31-2016,Australia & New Zealand Banking Group
2017,2016-03-29,6.75,08-31-2016,Australia & New Zealand Banking Group
2017,2016-04-29,6.75,08-31-2016,Australia & New Zealand Banking Group
2017,2016-05-27,6.75,08-31-2016,Australia & New Zealand Banking Group
2017,2016-06-30,6.85,08-31-2016,Australia & New Zealand Banking Group
2017,2016-08-09,6.85,08-31-2016,Australia & New Zealand Banking Group
Q4-20,2018-12-07,6.55,11-30-2020,Australia & New Zealand Banking Group
Q4-20,2019-01-18,6.55,11-30-2020,Australia & New Zealand Banking Group
Q4-20,2019-03-26,6.55,11-30-2020,Australia & New Zealand Banking Group
Q4-20,2019-05-06,6.55,11-30-2020,Australia & New Zealand Banking Group
Q4-20,2019-05-30,6.75,11-30-2020,Australia & New Zealand Banking Group
Q4-20,2019-07-01,6.75,11-30-2020,Australia & New Zealand Banking Group
Q4-20,2019-07-31,6.75,11-30-2020,Australia & New Zealand Banking Group
Q4-20,2019-08-26,7.35,11-30-2020,Australia & New Zealand Banking Group
Q4-20,2019-08-30,7.35,11-30-2020,Australia & New Zealand Banking Group
Q4-20,2019-09-04,7.35,11-30-2020,Australia & New Zealand Banking Group
Q4-20,2019-09-24,7.35,11-30-2020,Australia & New Zealand Banking Group
Q4-20,2019-11-04,7.35,11-30-2020,Australia & New Zealand Banking Group
Q4-20,2019-12-02,7.15,11-30-2020,Australia & New Zealand Banking Group
Q4-20,2019-12-03,7.15,11-30-2020,Australia & New Zealand Banking Group
Q4-20,2019-12-12,7.15,11-30-2020,Australia & New Zealand Banking Group
Q4-20,2020-01-14,7.15,11-30-2020,Australia & New Zealand Banking Group
Q4-20,2020-02-17,7.15,11-30-2020,Australia & New Zealand Banking Group
Q4-20,2020-02-27,7.15,11-30-2020,Australia & New Zealand Banking Group
Q4-20,2020-03-05,7.15,11-30-2020,Australia & New Zealand Banking Group
Q4-20,2020-05-01,7.15,11-30-2020,Australia & New Zealand Banking Group
Q4-20,2020-05-25,7.15,11-30-2020,Australia & New Zealand Banking Group
Q4-20,2020-05-28,7.15,11-30-2020,Australia & New Zealand Banking Group
Q4-20,2020-06-08,7.15,11-30-2020,Australia & New Zealand Banking Group
Q4-20,2020-06-16,7.0,11-30-2020,Australia & New Zealand Banking Group
Q4-20,2020-06-18,7.0,11-30-2020,Australia & New Zealand Banking Group
Q4-20,2020-07-30,7.0,11-30-2020,Australia & New Zealand Banking Group
Q4-20,2020-08-31,6.85,11-30-2020,Australia & New Zealand Banking Group
Q4-20,2020-09-02,6.85,11-30-2020,Australia & New Zealand Banking Group
Q4-20,2020-09-22,6.7,11-30-2020,Australia & New Zealand Banking Group
Q4-20,2020-10-29,6.7,11-30-2020,Australia & New Zealand Banking Group
Q4-20,2020-11-17,6.7,11-30-2020,Australia & New Zealand Banking Group
Q1-21,2020-03-05,7.16,11-30-2020,Australia & New Zealand Banking Group
Q1-21,2020-05-01,7.13,11-30-2020,Australia & New Zealand Banking Group
Q1-21,2020-05-25,7.13,11-30-2020,Australia & New Zealand Banking Group
Q1-21,2020-05-28,7.13,11-30-2020,Australia & New Zealand Banking Group
Q1-21,2020-06-08,7.13,11-30-2020,Australia & New Zealand Banking Group
Q1-21,2020-06-16,6.95,11-30-2020,Australia & New Zealand Banking Group
Q1-21,2020-06-18,6.95,11-30-2020,Australia & New Zealand Banking Group
Q1-21,2020-07-30,6.95,11-30-2020,Australia & New Zealand Banking Group
Q1-21,2020-08-31,6.82,11-30-2020,Australia & New Zealand Banking Group
Q1-21,2020-09-02,6.82,11-30-2020,Australia & New Zealand Banking Group
Q1-21,2020-09-22,6.68,11-30-2020,Australia & New Zealand Banking Group
Q1-21,2020-10-29,6.68,11-30-2020,Australia & New Zealand Banking Group
Q1-21,2020-11-17,6.68,11-30-2020,Australia & New Zealand Banking Group
Q2-21,2020-06-08,7.12,11-30-2020,Australia & New Zealand Banking Group
Q2-21,2020-06-16,6.9,11-30-2020,Australia & New Zealand Banking Group
Q2-21,2020-06-18,6.9,11-30-2020,Australia & New Zealand Banking Group
Q2-21,2020-07-30,6.9,11-30-2020,Australia & New Zealand Banking Group
Q2-21,2020-08-31,6.78,11-30-2020,Australia & New Zealand Banking Group
Q2-21,2020-09-02,6.78,11-30-2020,Australia & New Zealand Banking Group
Q2-21,2020-09-22,6.65,11-30-2020,Australia & New Zealand Banking Group
Q2-21,2020-10-29,6.65,11-30-2020,Australia & New Zealand Banking Group
Q2-21,2020-11-17,6.65,11-30-2020,Australia & New Zealand Banking Group
Q3-21,2020-09-02,6.73,11-30-2020,Australia & New Zealand Banking Group
Q3-21,2020-09-22,6.62,11-30-2020,Australia & New Zealand Banking Group
Q3-21,2020-10-29,6.62,11-30-2020,Australia & New Zealand Banking Group
Q3-21,2020-11-17,6.62,11-30-2020,Australia & New Zealand Banking Group
2021,2019-07-01,6.75,11-30-2020,Australia & New Zealand Banking Group
2021,2019-07-31,6.75,11-30-2020,Australia & New Zealand Banking Group
2021,2019-08-26,7.35,11-30-2020,Australia & New Zealand Banking Group
2021,2019-08-30,7.35,11-30-2020,Australia & New Zealand Banking Group
2021,2019-09-04,7.35,11-30-2020,Australia & New Zealand Banking Group
2021,2019-09-24,7.35,11-30-2020,Australia & New Zealand Banking Group
2021,2019-11-04,7.35,11-30-2020,Australia & New Zealand Banking Group
2021,2019-12-02,7.2,11-30-2020,Australia & New Zealand Banking Group
2021,2019-12-03,7.2,11-30-2020,Australia & New Zealand Banking Group
2021,2019-12-12,7.2,11-30-2020,Australia & New Zealand Banking Group
2021,2020-01-14,7.2,11-30-2020,Australia & New Zealand Banking Group
2021,2020-02-17,7.2,11-30-2020,Australia & New Zealand Banking Group
2021,2020-02-27,7.2,11-30-2020,Australia & New Zealand Banking Group
2021,2020-03-05,7.2,11-30-2020,Australia & New Zealand Banking Group
2021,2020-05-01,7.1,11-30-2020,Australia & New Zealand Banking Group
2021,2020-05-25,7.1,11-30-2020,Australia & New Zealand Banking Group
2021,2020-05-28,7.1,11-30-2020,Australia & New Zealand Banking Group
2021,2020-06-08,7.1,11-30-2020,Australia & New Zealand Banking Group
2021,2020-06-16,6.8,11-30-2020,Australia & New Zealand Banking Group
2021,2020-06-18,6.8,11-30-2020,Australia & New Zealand Banking Group
2021,2020-07-30,6.8,11-30-2020,Australia & New Zealand Banking Group
2021,2020-08-31,6.7,11-30-2020,Australia & New Zealand Banking Group
2021,2020-09-02,6.7,11-30-2020,Australia & New Zealand Banking Group
2021,2020-09-22,6.6,11-30-2020,Australia & New Zealand Banking Group
2021,2020-10-29,6.6,11-30-2020,Australia & New Zealand Banking Group
2021,2020-11-17,6.6,11-30-2020,Australia & New Zealand Banking Group
Q1-07,2006-09-11,7.73,02-28-2007,Australia & New Zealand Banking Group
Q1-07,2006-10-17,7.73,02-28-2007,Australia & New Zealand Banking Group
Q1-07,2006-11-21,7.73,02-28-2007,Australia & New Zealand Banking Group
Q1-07,2007-01-18,7.79,02-28-2007,Australia & New Zealand Banking Group
Q1-07,2007-02-22,7.71,02-28-2007,Australia & New Zealand Banking Group
Q2-07,2006-09-11,7.73,02-28-2007,Australia & New Zealand Banking Group
Q2-07,2006-10-17,7.67,02-28-2007,Australia & New Zealand Banking Group
Q2-07,2006-11-21,7.67,02-28-2007,Australia & New Zealand Banking Group
Q2-07,2007-01-18,7.73,02-28-2007,Australia & New Zealand Banking Group
Q2-07,2007-02-22,7.62,02-28-2007,Australia & New Zealand Banking Group
Q3-07,2006-09-11,7.61,02-28-2007,Australia & New Zealand Banking Group
Q3-07,2006-10-17,7.61,02-28-2007,Australia & New Zealand Banking Group
Q3-07,2006-11-21,7.61,02-28-2007,Australia & New Zealand Banking Group
Q3-07,2007-01-18,7.67,02-28-2007,Australia & New Zealand Banking Group
Q3-07,2007-02-22,7.53,02-28-2007,Australia & New Zealand Banking Group
Q4-07,2006-09-11,7.55,02-28-2007,Australia & New Zealand Banking Group
Q4-07,2006-10-17,7.55,02-28-2007,Australia & New Zealand Banking Group
Q4-07,2006-11-21,7.55,02-28-2007,Australia & New Zealand Banking Group
Q4-07,2007-01-18,7.61,02-28-2007,Australia & New Zealand Banking Group
Q4-07,2007-02-22,7.45,02-28-2007,Australia & New Zealand Banking Group
2008,2006-09-11,7.35,02-28-2007,Australia & New Zealand Banking Group
2008,2006-10-17,7.35,02-28-2007,Australia & New Zealand Banking Group
2008,2006-11-21,7.35,02-28-2007,Australia & New Zealand Banking Group
2008,2007-01-18,7.55,02-28-2007,Australia & New Zealand Banking Group
2008,2007-02-22,7.35,02-28-2007,Australia & New Zealand Banking Group
2009,2007-01-18,7.35,02-28-2007,Australia & New Zealand Banking Group
Q4-21,2019-12-02,7.2,11-30-2021,Australia & New Zealand Banking Group
Q4-21,2019-12-03,7.2,11-30-2021,Australia & New Zealand Banking Group
Q4-21,2019-12-12,7.2,11-30-2021,Australia & New Zealand Banking Group
Q4-21,2020-01-14,7.2,11-30-2021,Australia & New Zealand Banking Group
Q4-21,2020-02-17,7.2,11-30-2021,Australia & New Zealand Banking Group
Q4-21,2020-02-27,7.2,11-30-2021,Australia & New Zealand Banking Group
Q4-21,2020-03-05,7.2,11-30-2021,Australia & New Zealand Banking Group
Q4-21,2020-05-01,7.1,11-30-2021,Australia & New Zealand Banking Group
Q4-21,2020-05-25,7.1,11-30-2021,Australia & New Zealand Banking Group
Q4-21,2020-05-28,7.1,11-30-2021,Australia & New Zealand Banking Group
Q4-21,2020-06-08,7.1,11-30-2021,Australia & New Zealand Banking Group
Q4-21,2020-06-16,6.8,11-30-2021,Australia & New Zealand Banking Group
Q4-21,2020-06-18,6.8,11-30-2021,Australia & New Zealand Banking Group
Q4-21,2020-07-30,6.8,11-30-2021,Australia & New Zealand Banking Group
Q4-21,2020-08-31,6.7,11-30-2021,Australia & New Zealand Banking Group
Q4-21,2020-09-02,6.7,11-30-2021,Australia & New Zealand Banking Group
Q4-21,2020-09-22,6.6,11-30-2021,Australia & New Zealand Banking Group
Q4-21,2020-10-29,6.6,11-30-2021,Australia & New Zealand Banking Group
Q4-21,2020-11-17,6.6,11-30-2021,Australia & New Zealand Banking Group
Q4-21,2020-12-02,6.3,11-30-2021,Australia & New Zealand Banking Group
Q4-21,2020-12-14,6.3,11-30-2021,Australia & New Zealand Banking Group
Q4-21,2021-02-01,6.3,11-30-2021,Australia & New Zealand Banking Group
Q4-21,2021-03-01,6.3,11-30-2021,Australia & New Zealand Banking Group
Q4-21,2021-03-02,6.3,11-30-2021,Australia & New Zealand Banking Group
Q4-21,2021-03-23,6.3,11-30-2021,Australia & New Zealand Banking Group
Q4-21,2021-05-03,6.3,11-30-2021,Australia & New Zealand Banking Group
Q4-21,2021-05-31,6.3,11-30-2021,Australia & New Zealand Banking Group
Q4-21,2021-06-22,6.3,11-30-2021,Australia & New Zealand Banking Group
Q4-21,2021-07-30,6.4,11-30-2021,Australia & New Zealand Banking Group
Q4-21,2021-08-31,6.4,11-30-2021,Australia & New Zealand Banking Group
Q4-21,2021-09-30,6.4,11-30-2021,Australia & New Zealand Banking Group
Q4-21,2021-10-21,6.4,11-30-2021,Australia & New Zealand Banking Group
Q4-21,2021-11-08,6.4,11-30-2021,Australia & New Zealand Banking Group
Q4-21,2021-11-18,6.4,11-30-2021,Australia & New Zealand Banking Group
Q1-22,2021-03-02,6.25,11-30-2021,Australia & New Zealand Banking Group
Q1-22,2021-03-23,6.25,11-30-2021,Australia & New Zealand Banking Group
Q1-22,2021-05-03,6.25,11-30-2021,Australia & New Zealand Banking Group
Q1-22,2021-05-31,6.25,11-30-2021,Australia & New Zealand Banking Group
Q1-22,2021-06-22,6.25,11-30-2021,Australia & New Zealand Banking Group
Q1-22,2021-07-30,6.35,11-30-2021,Australia & New Zealand Banking Group
Q1-22,2021-08-31,6.35,11-30-2021,Australia & New Zealand Banking Group
Q1-22,2021-09-30,6.35,11-30-2021,Australia & New Zealand Banking Group
Q1-22,2021-10-21,6.35,11-30-2021,Australia & New Zealand Banking Group
Q1-22,2021-11-08,6.35,11-30-2021,Australia & New Zealand Banking Group
Q1-22,2021-11-18,6.37,11-30-2021,Australia & New Zealand Banking Group
Q2-22,2021-05-31,6.2,11-30-2021,Australia & New Zealand Banking Group
Q2-22,2021-06-22,6.2,11-30-2021,Australia & New Zealand Banking Group
Q2-22,2021-07-30,6.3,11-30-2021,Australia & New Zealand Banking Group
Q2-22,2021-08-31,6.3,11-30-2021,Australia & New Zealand Banking Group
Q2-22,2021-09-30,6.3,11-30-2021,Australia & New Zealand Banking Group
Q2-22,2021-10-21,6.3,11-30-2021,Australia & New Zealand Banking Group
Q2-22,2021-11-08,6.3,11-30-2021,Australia & New Zealand Banking Group
Q2-22,2021-11-18,6.35,11-30-2021,Australia & New Zealand Banking Group
Q3-22,2021-08-31,6.27,11-30-2021,Australia & New Zealand Banking Group
Q3-22,2021-09-30,6.27,11-30-2021,Australia & New Zealand Banking Group
Q3-22,2021-10-21,6.27,11-30-2021,Australia & New Zealand Banking Group
Q3-22,2021-11-08,6.27,11-30-2021,Australia & New Zealand Banking Group
Q3-22,2021-11-18,6.32,11-30-2021,Australia & New Zealand Banking Group
2022,2020-12-14,6.15,11-30-2021,Australia & New Zealand Banking Group
2022,2021-02-01,6.15,11-30-2021,Australia & New Zealand Banking Group
2022,2021-03-01,6.15,11-30-2021,Australia & New Zealand Banking Group
2022,2021-03-02,6.15,11-30-2021,Australia & New Zealand Banking Group
2022,2021-03-23,6.15,11-30-2021,Australia & New Zealand Banking Group
2022,2021-05-03,6.15,11-30-2021,Australia & New Zealand Banking Group
2022,2021-05-31,6.15,11-30-2021,Australia & New Zealand Banking Group
2022,2021-06-22,6.15,11-30-2021,Australia & New Zealand Banking Group
2022,2021-07-30,6.25,11-30-2021,Australia & New Zealand Banking Group
2022,2021-08-31,6.25,11-30-2021,Australia & New Zealand Banking Group
2022,2021-09-30,6.25,11-30-2021,Australia & New Zealand Banking Group
2022,2021-10-21,6.25,11-30-2021,Australia & New Zealand Banking Group
2022,2021-11-08,6.25,11-30-2021,Australia & New Zealand Banking Group
2022,2021-11-18,6.3,11-30-2021,Australia & New Zealand Banking Group
2023,2021-06-22,6.1,11-30-2021,Australia & New Zealand Banking Group
2023,2021-07-30,6.15,11-30-2021,Australia & New Zealand Banking Group
2023,2021-08-31,6.15,11-30-2021,Australia & New Zealand Banking Group
2023,2021-09-30,6.15,11-30-2021,Australia & New Zealand Banking Group
2023,2021-10-21,6.15,11-30-2021,Australia & New Zealand Banking Group
2023,2021-11-08,6.15,11-30-2021,Australia & New Zealand Banking Group
2023,2021-11-18,6.2,11-30-2021,Australia & New Zealand Banking Group
Q3-17,2016-10-03,6.83,08-31-2017,Australia & New Zealand Banking Group
Q3-17,2016-11-09,6.83,08-31-2017,Australia & New Zealand Banking Group
Q3-17,2016-11-15,7.05,08-31-2017,Australia & New Zealand Banking Group
Q3-17,2016-11-30,7.05,08-31-2017,Australia & New Zealand Banking Group
Q3-17,2016-12-06,7.05,08-31-2017,Australia & New Zealand Banking Group
Q3-17,2016-12-09,7.05,08-31-2017,Australia & New Zealand Banking Group
Q3-17,2017-01-16,7.05,08-31-2017,Australia & New Zealand Banking Group
Q3-17,2017-02-02,7.05,08-31-2017,Australia & New Zealand Banking Group
Q3-17,2017-03-03,7.05,08-31-2017,Australia & New Zealand Banking Group
Q3-17,2017-03-16,7.05,08-31-2017,Australia & New Zealand Banking Group
Q3-17,2017-04-27,7.05,08-31-2017,Australia & New Zealand Banking Group
Q3-17,2017-05-31,6.9,08-31-2017,Australia & New Zealand Banking Group
Q3-17,2017-06-30,6.9,08-31-2017,Australia & New Zealand Banking Group
Q3-17,2017-07-03,6.9,08-31-2017,Australia & New Zealand Banking Group
Q3-17,2017-07-31,6.8,08-31-2017,Australia & New Zealand Banking Group
Q3-17,2017-08-31,6.8,08-31-2017,Australia & New Zealand Banking Group
Q4-17,2015-09-29,6.85,08-31-2017,Australia & New Zealand Banking Group
Q4-17,2015-10-28,6.8,08-31-2017,Australia & New Zealand Banking Group
Q4-17,2015-12-11,6.8,08-31-2017,Australia & New Zealand Banking Group
Q4-17,2016-01-21,6.8,08-31-2017,Australia & New Zealand Banking Group
Q4-17,2016-02-26,6.8,08-31-2017,Australia & New Zealand Banking Group
Q4-17,2016-03-29,6.75,08-31-2017,Australia & New Zealand Banking Group
Q4-17,2016-04-29,6.75,08-31-2017,Australia & New Zealand Banking Group
Q4-17,2016-05-27,6.75,08-31-2017,Australia & New Zealand Banking Group
Q4-17,2016-06-30,6.85,08-31-2017,Australia & New Zealand Banking Group
Q4-17,2016-08-09,6.85,08-31-2017,Australia & New Zealand Banking Group
Q4-17,2016-10-03,6.85,08-31-2017,Australia & New Zealand Banking Group
Q4-17,2016-11-09,6.85,08-31-2017,Australia & New Zealand Banking Group
Q4-17,2016-11-15,7.1,08-31-2017,Australia & New Zealand Banking Group
Q4-17,2016-11-30,7.1,08-31-2017,Australia & New Zealand Banking Group
Q4-17,2016-12-06,7.1,08-31-2017,Australia & New Zealand Banking Group
Q4-17,2016-12-09,7.1,08-31-2017,Australia & New Zealand Banking Group
Q4-17,2017-01-16,7.1,08-31-2017,Australia & New Zealand Banking Group
Q4-17,2017-02-02,7.1,08-31-2017,Australia & New Zealand Banking Group
Q4-17,2017-03-03,7.1,08-31-2017,Australia & New Zealand Banking Group
Q4-17,2017-03-16,7.1,08-31-2017,Australia & New Zealand Banking Group
Q4-17,2017-04-27,7.1,08-31-2017,Australia & New Zealand Banking Group
Q4-17,2017-05-31,6.95,08-31-2017,Australia & New Zealand Banking Group
Q4-17,2017-06-30,6.95,08-31-2017,Australia & New Zealand Banking Group
Q4-17,2017-07-03,6.95,08-31-2017,Australia & New Zealand Banking Group
Q4-17,2017-07-31,6.85,08-31-2017,Australia & New Zealand Banking Group
Q4-17,2017-08-31,6.85,08-31-2017,Australia & New Zealand Banking Group
Q1-18,2016-11-30,7.12,08-31-2017,Australia & New Zealand Banking Group
Q1-18,2017-03-03,7.12,08-31-2017,Australia & New Zealand Banking Group
Q1-18,2017-03-16,7.12,08-31-2017,Australia & New Zealand Banking Group
Q1-18,2017-04-27,7.12,08-31-2017,Australia & New Zealand Banking Group
Q1-18,2017-05-31,6.97,08-31-2017,Australia & New Zealand Banking Group
Q1-18,2017-06-30,6.97,08-31-2017,Australia & New Zealand Banking Group
Q1-18,2017-07-03,6.97,08-31-2017,Australia & New Zealand Banking Group
Q1-18,2017-07-31,6.87,08-31-2017,Australia & New Zealand Banking Group
Q1-18,2017-08-31,6.87,08-31-2017,Australia & New Zealand Banking Group
Q2-18,2016-11-30,7.15,08-31-2017,Australia & New Zealand Banking Group
Q2-18,2017-06-30,7.0,08-31-2017,Australia & New Zealand Banking Group
Q2-18,2017-07-03,7.0,08-31-2017,Australia & New Zealand Banking Group
Q2-18,2017-07-31,6.9,08-31-2017,Australia & New Zealand Banking Group
Q2-18,2017-08-31,6.9,08-31-2017,Australia & New Zealand Banking Group
2018,2016-10-03,6.9,08-31-2017,Australia & New Zealand Banking Group
2018,2016-11-30,7.2,08-31-2017,Australia & New Zealand Banking Group
2018,2016-12-06,7.2,08-31-2017,Australia & New Zealand Banking Group
2018,2016-12-09,7.2,08-31-2017,Australia & New Zealand Banking Group
2018,2017-01-16,7.2,08-31-2017,Australia & New Zealand Banking Group
2018,2017-02-02,7.2,08-31-2017,Australia & New Zealand Banking Group
2018,2017-03-03,7.2,08-31-2017,Australia & New Zealand Banking Group
2018,2017-03-16,7.2,08-31-2017,Australia & New Zealand Banking Group
2018,2017-04-27,7.2,08-31-2017,Australia & New Zealand Banking Group
2018,2017-05-31,7.02,08-31-2017,Australia & New Zealand Banking Group
2018,2017-06-30,7.02,08-31-2017,Australia & New Zealand Banking Group
2018,2017-07-03,7.02,08-31-2017,Australia & New Zealand Banking Group
2018,2017-07-31,6.95,08-31-2017,Australia & New Zealand Banking Group
2018,2017-08-31,6.95,08-31-2017,Australia & New Zealand Banking Group
2019,2017-07-31,6.9,08-31-2017,Australia & New Zealand Banking Group
2019,2017-08-31,6.9,08-31-2017,Australia & New Zealand Banking Group
Q1-10,2009-03-05,6.84,02-28-2010,Australia & New Zealand Banking Group
Q1-10,2009-03-30,6.84,02-28-2010,Australia & New Zealand Banking Group
Q1-10,2009-05-05,6.82,02-28-2010,Australia & New Zealand Banking Group
Q1-10,2009-06-12,6.82,02-28-2010,Australia & New Zealand Banking Group
Q1-10,2009-06-26,6.82,02-28-2010,Australia & New Zealand Banking Group
Q1-10,2009-08-17,6.83,02-28-2010,Australia & New Zealand Banking Group
Q1-10,2009-09-18,6.83,02-28-2010,Australia & New Zealand Banking Group
Q1-10,2009-10-23,6.83,02-28-2010,Australia & New Zealand Banking Group
Q1-10,2009-11-18,6.83,02-28-2010,Australia & New Zealand Banking Group
Q1-10,2009-11-20,6.83,02-28-2010,Australia & New Zealand Banking Group
Q1-10,2009-12-21,6.83,02-28-2010,Australia & New Zealand Banking Group
Q1-10,2010-02-01,6.83,02-28-2010,Australia & New Zealand Banking Group
Q1-10,2010-02-11,6.83,02-28-2010,Australia & New Zealand Banking Group
Q2-10,2009-03-30,6.68,02-28-2010,Australia & New Zealand Banking Group
Q2-10,2009-05-05,6.82,02-28-2010,Australia & New Zealand Banking Group
Q2-10,2009-06-12,6.82,02-28-2010,Australia & New Zealand Banking Group
Q2-10,2009-06-26,6.82,02-28-2010,Australia & New Zealand Banking Group
Q2-10,2009-08-17,6.83,02-28-2010,Australia & New Zealand Banking Group
Q2-10,2009-09-18,6.83,02-28-2010,Australia & New Zealand Banking Group
Q2-10,2009-10-23,6.83,02-28-2010,Australia & New Zealand Banking Group
Q2-10,2009-11-18,6.83,02-28-2010,Australia & New Zealand Banking Group
Q2-10,2009-11-20,6.83,02-28-2010,Australia & New Zealand Banking Group
Q2-10,2009-12-21,6.83,02-28-2010,Australia & New Zealand Banking Group
Q2-10,2010-02-01,6.83,02-28-2010,Australia & New Zealand Banking Group
Q2-10,2010-02-11,6.74,02-28-2010,Australia & New Zealand Banking Group
Q3-10,2009-03-30,6.42,02-28-2010,Australia & New Zealand Banking Group
Q3-10,2009-06-12,6.8,02-28-2010,Australia & New Zealand Banking Group
Q3-10,2009-09-18,6.82,02-28-2010,Australia & New Zealand Banking Group
Q3-10,2009-10-23,6.82,02-28-2010,Australia & New Zealand Banking Group
Q3-10,2009-11-18,6.74,02-28-2010,Australia & New Zealand Banking Group
Q3-10,2009-11-20,6.74,02-28-2010,Australia & New Zealand Banking Group
Q3-10,2009-12-21,6.74,02-28-2010,Australia & New Zealand Banking Group
Q3-10,2010-02-01,6.74,02-28-2010,Australia & New Zealand Banking Group
Q3-10,2010-02-11,6.65,02-28-2010,Australia & New Zealand Banking Group
Q4-10,2008-06-19,7.19,02-28-2010,Australia & New Zealand Banking Group
Q4-10,2008-07-03,7.19,02-28-2010,Australia & New Zealand Banking Group
Q4-10,2008-11-20,6.68,02-28-2010,Australia & New Zealand Banking Group
Q4-10,2008-12-12,6.64,02-28-2010,Australia & New Zealand Banking Group
Q4-10,2009-01-20,6.64,02-28-2010,Australia & New Zealand Banking Group
Q4-10,2009-01-30,6.64,02-28-2010,Australia & New Zealand Banking Group
Q4-10,2009-02-06,6.7,02-28-2010,Australia & New Zealand Banking Group
Q4-10,2009-03-03,6.7,02-28-2010,Australia & New Zealand Banking Group
Q4-10,2009-03-05,6.7,02-28-2010,Australia & New Zealand Banking Group
Q4-10,2009-05-05,6.73,02-28-2010,Australia & New Zealand Banking Group
Q4-10,2009-06-12,6.73,02-28-2010,Australia & New Zealand Banking Group
Q4-10,2009-06-26,6.8,02-28-2010,Australia & New Zealand Banking Group
Q4-10,2009-08-17,6.82,02-28-2010,Australia & New Zealand Banking Group
Q4-10,2009-09-18,6.8,02-28-2010,Australia & New Zealand Banking Group
Q4-10,2009-10-23,6.8,02-28-2010,Australia & New Zealand Banking Group
Q4-10,2009-11-18,6.66,02-28-2010,Australia & New Zealand Banking Group
Q4-10,2009-11-20,6.66,02-28-2010,Australia & New Zealand Banking Group
Q4-10,2009-12-21,6.66,02-28-2010,Australia & New Zealand Banking Group
Q4-10,2010-02-01,6.66,02-28-2010,Australia & New Zealand Banking Group
Q4-10,2010-02-11,6.56,02-28-2010,Australia & New Zealand Banking Group
2011,2008-06-19,7.2,02-28-2010,Australia & New Zealand Banking Group
2011,2008-07-03,7.2,02-28-2010,Australia & New Zealand Banking Group
2011,2008-11-20,6.42,02-28-2010,Australia & New Zealand Banking Group
2011,2008-12-12,6.38,02-28-2010,Australia & New Zealand Banking Group
2011,2009-01-20,6.38,02-28-2010,Australia & New Zealand Banking Group
2011,2009-01-30,6.38,02-28-2010,Australia & New Zealand Banking Group
2011,2009-02-06,6.44,02-28-2010,Australia & New Zealand Banking Group
2011,2009-03-03,6.44,02-28-2010,Australia & New Zealand Banking Group
2011,2009-03-05,6.44,02-28-2010,Australia & New Zealand Banking Group
2011,2009-05-05,6.47,02-28-2010,Australia & New Zealand Banking Group
2011,2009-06-12,6.47,02-28-2010,Australia & New Zealand Banking Group
2011,2009-06-26,6.73,02-28-2010,Australia & New Zealand Banking Group
2011,2009-08-17,6.8,02-28-2010,Australia & New Zealand Banking Group
2011,2009-09-18,6.8,02-28-2010,Australia & New Zealand Banking Group
2011,2009-10-23,6.53,02-28-2010,Australia & New Zealand Banking Group
2011,2009-11-18,6.66,02-28-2010,Australia & New Zealand Banking Group
2011,2009-11-20,6.38,02-28-2010,Australia & New Zealand Banking Group
2011,2009-12-21,6.38,02-28-2010,Australia & New Zealand Banking Group
2011,2010-02-01,6.38,02-28-2010,Australia & New Zealand Banking Group
2011,2010-02-11,6.24,02-28-2010,Australia & New Zealand Banking Group
2012,2009-05-05,6.21,02-28-2010,Australia & New Zealand Banking Group
2012,2009-06-12,6.21,02-28-2010,Australia & New Zealand Banking Group
2012,2009-06-26,6.73,02-28-2010,Australia & New Zealand Banking Group
2012,2009-08-17,6.8,02-28-2010,Australia & New Zealand Banking Group
2012,2009-09-18,6.53,02-28-2010,Australia & New Zealand Banking Group
2012,2009-10-23,6.27,02-28-2010,Australia & New Zealand Banking Group
2012,2009-11-18,6.38,02-28-2010,Australia & New Zealand Banking Group
2012,2009-11-20,6.13,02-28-2010,Australia & New Zealand Banking Group
2012,2009-12-21,6.13,02-28-2010,Australia & New Zealand Banking Group
2012,2010-02-01,6.13,02-28-2010,Australia & New Zealand Banking Group
2013,2009-06-26,6.47,02-28-2010,Australia & New Zealand Banking Group
2013,2009-08-17,6.53,02-28-2010,Australia & New Zealand Banking Group
2013,2009-09-18,6.27,02-28-2010,Australia & New Zealand Banking Group
2013,2009-11-18,6.13,02-28-2010,Australia & New Zealand Banking Group
2014,2009-06-26,6.21,02-28-2010,Australia & New Zealand Banking Group
2014,2009-08-17,6.27,02-28-2010,Australia & New Zealand Banking Group
Q4-17,2015-12-11,6.8,11-30-2017,Australia & New Zealand Banking Group
Q4-17,2016-01-21,6.8,11-30-2017,Australia & New Zealand Banking Group
Q4-17,2016-02-26,6.8,11-30-2017,Australia & New Zealand Banking Group
Q4-17,2016-03-29,6.75,11-30-2017,Australia & New Zealand Banking Group
Q4-17,2016-04-29,6.75,11-30-2017,Australia & New Zealand Banking Group
Q4-17,2016-05-27,6.75,11-30-2017,Australia & New Zealand Banking Group
Q4-17,2016-06-30,6.85,11-30-2017,Australia & New Zealand Banking Group
Q4-17,2016-08-09,6.85,11-30-2017,Australia & New Zealand Banking Group
Q4-17,2016-10-03,6.85,11-30-2017,Australia & New Zealand Banking Group
Q4-17,2016-11-09,6.85,11-30-2017,Australia & New Zealand Banking Group
Q4-17,2016-11-15,7.1,11-30-2017,Australia & New Zealand Banking Group
Q4-17,2016-11-30,7.1,11-30-2017,Australia & New Zealand Banking Group
Q4-17,2016-12-06,7.1,11-30-2017,Australia & New Zealand Banking Group
Q4-17,2016-12-09,7.1,11-30-2017,Australia & New Zealand Banking Group
Q4-17,2017-01-16,7.1,11-30-2017,Australia & New Zealand Banking Group
Q4-17,2017-02-02,7.1,11-30-2017,Australia & New Zealand Banking Group
Q4-17,2017-03-03,7.1,11-30-2017,Australia & New Zealand Banking Group
Q4-17,2017-03-16,7.1,11-30-2017,Australia & New Zealand Banking Group
Q4-17,2017-04-27,7.1,11-30-2017,Australia & New Zealand Banking Group
Q4-17,2017-05-31,6.95,11-30-2017,Australia & New Zealand Banking Group
Q4-17,2017-06-30,6.95,11-30-2017,Australia & New Zealand Banking Group
Q4-17,2017-07-03,6.95,11-30-2017,Australia & New Zealand Banking Group
Q4-17,2017-07-31,6.85,11-30-2017,Australia & New Zealand Banking Group
Q4-17,2017-08-31,6.85,11-30-2017,Australia & New Zealand Banking Group
Q4-17,2017-09-05,6.85,11-30-2017,Australia & New Zealand Banking Group
Q4-17,2017-09-20,6.85,11-30-2017,Australia & New Zealand Banking Group
Q4-17,2017-09-26,6.65,11-30-2017,Australia & New Zealand Banking Group
Q4-17,2017-11-06,6.65,11-30-2017,Australia & New Zealand Banking Group
Q4-17,2017-11-09,6.65,11-30-2017,Australia & New Zealand Banking Group
Q4-17,2017-11-13,6.65,11-30-2017,Australia & New Zealand Banking Group
Q1-18,2016-11-30,7.12,11-30-2017,Australia & New Zealand Banking Group
Q1-18,2017-03-03,7.12,11-30-2017,Australia & New Zealand Banking Group
Q1-18,2017-03-16,7.12,11-30-2017,Australia & New Zealand Banking Group
Q1-18,2017-04-27,7.12,11-30-2017,Australia & New Zealand Banking Group
Q1-18,2017-05-31,6.97,11-30-2017,Australia & New Zealand Banking Group
Q1-18,2017-06-30,6.97,11-30-2017,Australia & New Zealand Banking Group
Q1-18,2017-07-03,6.97,11-30-2017,Australia & New Zealand Banking Group
Q1-18,2017-07-31,6.87,11-30-2017,Australia & New Zealand Banking Group
Q1-18,2017-08-31,6.87,11-30-2017,Australia & New Zealand Banking Group
Q1-18,2017-09-05,6.87,11-30-2017,Australia & New Zealand Banking Group
Q1-18,2017-09-20,6.87,11-30-2017,Australia & New Zealand Banking Group
Q1-18,2017-09-26,6.67,11-30-2017,Australia & New Zealand Banking Group
Q1-18,2017-11-06,6.67,11-30-2017,Australia & New Zealand Banking Group
Q1-18,2017-11-09,6.67,11-30-2017,Australia & New Zealand Banking Group
Q1-18,2017-11-13,6.67,11-30-2017,Australia & New Zealand Banking Group
Q2-18,2016-11-30,7.15,11-30-2017,Australia & New Zealand Banking Group
Q2-18,2017-06-30,7.0,11-30-2017,Australia & New Zealand Banking Group
Q2-18,2017-07-03,7.0,11-30-2017,Australia & New Zealand Banking Group
Q2-18,2017-07-31,6.9,11-30-2017,Australia & New Zealand Banking Group
Q2-18,2017-08-31,6.9,11-30-2017,Australia & New Zealand Banking Group
Q2-18,2017-09-05,6.9,11-30-2017,Australia & New Zealand Banking Group
Q2-18,2017-09-20,6.9,11-30-2017,Australia & New Zealand Banking Group
Q2-18,2017-09-26,6.7,11-30-2017,Australia & New Zealand Banking Group
Q2-18,2017-11-06,6.7,11-30-2017,Australia & New Zealand Banking Group
Q2-18,2017-11-09,6.7,11-30-2017,Australia & New Zealand Banking Group
Q2-18,2017-11-13,6.7,11-30-2017,Australia & New Zealand Banking Group
Q3-18,2016-11-30,7.18,11-30-2017,Australia & New Zealand Banking Group
Q3-18,2017-09-05,6.92,11-30-2017,Australia & New Zealand Banking Group
Q3-18,2017-09-20,6.92,11-30-2017,Australia & New Zealand Banking Group
Q3-18,2017-09-26,6.72,11-30-2017,Australia & New Zealand Banking Group
Q3-18,2017-11-06,6.72,11-30-2017,Australia & New Zealand Banking Group
Q3-18,2017-11-09,6.72,11-30-2017,Australia & New Zealand Banking Group
Q3-18,2017-11-13,6.72,11-30-2017,Australia & New Zealand Banking Group
2018,2016-10-03,6.9,11-30-2017,Australia & New Zealand Banking Group
2018,2016-11-30,7.2,11-30-2017,Australia & New Zealand Banking Group
2018,2016-12-06,7.2,11-30-2017,Australia & New Zealand Banking Group
2018,2016-12-09,7.2,11-30-2017,Australia & New Zealand Banking Group
2018,2017-01-16,7.2,11-30-2017,Australia & New Zealand Banking Group
2018,2017-02-02,7.2,11-30-2017,Australia & New Zealand Banking Group
2018,2017-03-03,7.2,11-30-2017,Australia & New Zealand Banking Group
2018,2017-03-16,7.2,11-30-2017,Australia & New Zealand Banking Group
2018,2017-04-27,7.2,11-30-2017,Australia & New Zealand Banking Group
2018,2017-05-31,7.02,11-30-2017,Australia & New Zealand Banking Group
2018,2017-06-30,7.02,11-30-2017,Australia & New Zealand Banking Group
2018,2017-07-03,7.02,11-30-2017,Australia & New Zealand Banking Group
2018,2017-07-31,6.95,11-30-2017,Australia & New Zealand Banking Group
2018,2017-08-31,6.95,11-30-2017,Australia & New Zealand Banking Group
2018,2017-09-05,6.95,11-30-2017,Australia & New Zealand Banking Group
2018,2017-09-20,6.95,11-30-2017,Australia & New Zealand Banking Group
2018,2017-09-26,6.75,11-30-2017,Australia & New Zealand Banking Group
2018,2017-11-06,6.75,11-30-2017,Australia & New Zealand Banking Group
2018,2017-11-09,6.75,11-30-2017,Australia & New Zealand Banking Group
2018,2017-11-13,6.75,11-30-2017,Australia & New Zealand Banking Group
2019,2017-07-31,6.9,11-30-2017,Australia & New Zealand Banking Group
2019,2017-08-31,6.9,11-30-2017,Australia & New Zealand Banking Group
2019,2017-09-05,6.9,11-30-2017,Australia & New Zealand Banking Group
2019,2017-09-20,6.9,11-30-2017,Australia & New Zealand Banking Group
2019,2017-09-26,6.75,11-30-2017,Australia & New Zealand Banking Group
2019,2017-11-06,6.75,11-30-2017,Australia & New Zealand Banking Group
2019,2017-11-09,6.75,11-30-2017,Australia & New Zealand Banking Group
2019,2017-11-13,6.75,11-30-2017,Australia & New Zealand Banking Group
Q3-21,2020-09-02,6.73,08-31-2021,Australia & New Zealand Banking Group
Q3-21,2020-09-22,6.62,08-31-2021,Australia & New Zealand Banking Group
Q3-21,2020-10-29,6.62,08-31-2021,Australia & New Zealand Banking Group
Q3-21,2020-11-17,6.62,08-31-2021,Australia & New Zealand Banking Group
Q3-21,2020-12-02,6.35,08-31-2021,Australia & New Zealand Banking Group
Q3-21,2020-12-14,6.35,08-31-2021,Australia & New Zealand Banking Group
Q3-21,2021-02-01,6.35,08-31-2021,Australia & New Zealand Banking Group
Q3-21,2021-03-01,6.35,08-31-2021,Australia & New Zealand Banking Group
Q3-21,2021-03-02,6.35,08-31-2021,Australia & New Zealand Banking Group
Q3-21,2021-03-23,6.36,08-31-2021,Australia & New Zealand Banking Group
Q3-21,2021-05-03,6.36,08-31-2021,Australia & New Zealand Banking Group
Q3-21,2021-05-31,6.36,08-31-2021,Australia & New Zealand Banking Group
Q3-21,2021-06-22,6.36,08-31-2021,Australia & New Zealand Banking Group
Q3-21,2021-07-30,6.5,08-31-2021,Australia & New Zealand Banking Group
Q3-21,2021-08-31,6.5,08-31-2021,Australia & New Zealand Banking Group
Q4-21,2019-09-04,7.35,08-31-2021,Australia & New Zealand Banking Group
Q4-21,2019-09-24,7.35,08-31-2021,Australia & New Zealand Banking Group
Q4-21,2019-11-04,7.35,08-31-2021,Australia & New Zealand Banking Group
Q4-21,2019-12-02,7.2,08-31-2021,Australia & New Zealand Banking Group
Q4-21,2019-12-03,7.2,08-31-2021,Australia & New Zealand Banking Group
Q4-21,2019-12-12,7.2,08-31-2021,Australia & New Zealand Banking Group
Q4-21,2020-01-14,7.2,08-31-2021,Australia & New Zealand Banking Group
Q4-21,2020-02-17,7.2,08-31-2021,Australia & New Zealand Banking Group
Q4-21,2020-02-27,7.2,08-31-2021,Australia & New Zealand Banking Group
Q4-21,2020-03-05,7.2,08-31-2021,Australia & New Zealand Banking Group
Q4-21,2020-05-01,7.1,08-31-2021,Australia & New Zealand Banking Group
Q4-21,2020-05-25,7.1,08-31-2021,Australia & New Zealand Banking Group
Q4-21,2020-05-28,7.1,08-31-2021,Australia & New Zealand Banking Group
Q4-21,2020-06-08,7.1,08-31-2021,Australia & New Zealand Banking Group
Q4-21,2020-06-16,6.8,08-31-2021,Australia & New Zealand Banking Group
Q4-21,2020-06-18,6.8,08-31-2021,Australia & New Zealand Banking Group
Q4-21,2020-07-30,6.8,08-31-2021,Australia & New Zealand Banking Group
Q4-21,2020-08-31,6.7,08-31-2021,Australia & New Zealand Banking Group
Q4-21,2020-09-02,6.7,08-31-2021,Australia & New Zealand Banking Group
Q4-21,2020-09-22,6.6,08-31-2021,Australia & New Zealand Banking Group
Q4-21,2020-10-29,6.6,08-31-2021,Australia & New Zealand Banking Group
Q4-21,2020-11-17,6.6,08-31-2021,Australia & New Zealand Banking Group
Q4-21,2020-12-02,6.3,08-31-2021,Australia & New Zealand Banking Group
Q4-21,2020-12-14,6.3,08-31-2021,Australia & New Zealand Banking Group
Q4-21,2021-02-01,6.3,08-31-2021,Australia & New Zealand Banking Group
Q4-21,2021-03-01,6.3,08-31-2021,Australia & New Zealand Banking Group
Q4-21,2021-03-02,6.3,08-31-2021,Australia & New Zealand Banking Group
Q4-21,2021-03-23,6.3,08-31-2021,Australia & New Zealand Banking Group
Q4-21,2021-05-03,6.3,08-31-2021,Australia & New Zealand Banking Group
Q4-21,2021-05-31,6.3,08-31-2021,Australia & New Zealand Banking Group
Q4-21,2021-06-22,6.3,08-31-2021,Australia & New Zealand Banking Group
Q4-21,2021-07-30,6.4,08-31-2021,Australia & New Zealand Banking Group
Q4-21,2021-08-31,6.4,08-31-2021,Australia & New Zealand Banking Group
Q1-22,2021-03-02,6.25,08-31-2021,Australia & New Zealand Banking Group
Q1-22,2021-03-23,6.25,08-31-2021,Australia & New Zealand Banking Group
Q1-22,2021-05-03,6.25,08-31-2021,Australia & New Zealand Banking Group
Q1-22,2021-05-31,6.25,08-31-2021,Australia & New Zealand Banking Group
Q1-22,2021-06-22,6.25,08-31-2021,Australia & New Zealand Banking Group
Q1-22,2021-07-30,6.35,08-31-2021,Australia & New Zealand Banking Group
Q1-22,2021-08-31,6.35,08-31-2021,Australia & New Zealand Banking Group
Q2-22,2021-05-31,6.2,08-31-2021,Australia & New Zealand Banking Group
Q2-22,2021-06-22,6.2,08-31-2021,Australia & New Zealand Banking Group
Q2-22,2021-07-30,6.3,08-31-2021,Australia & New Zealand Banking Group
Q2-22,2021-08-31,6.3,08-31-2021,Australia & New Zealand Banking Group
2022,2020-12-14,6.15,08-31-2021,Australia & New Zealand Banking Group
2022,2021-02-01,6.15,08-31-2021,Australia & New Zealand Banking Group
2022,2021-03-01,6.15,08-31-2021,Australia & New Zealand Banking Group
2022,2021-03-02,6.15,08-31-2021,Australia & New Zealand Banking Group
2022,2021-03-23,6.15,08-31-2021,Australia & New Zealand Banking Group
2022,2021-05-03,6.15,08-31-2021,Australia & New Zealand Banking Group
2022,2021-05-31,6.15,08-31-2021,Australia & New Zealand Banking Group
2022,2021-06-22,6.15,08-31-2021,Australia & New Zealand Banking Group
2022,2021-07-30,6.25,08-31-2021,Australia & New Zealand Banking Group
2022,2021-08-31,6.25,08-31-2021,Australia & New Zealand Banking Group
2023,2021-06-22,6.1,08-31-2021,Australia & New Zealand Banking Group
2023,2021-07-30,6.15,08-31-2021,Australia & New Zealand Banking Group
2023,2021-08-31,6.15,08-31-2021,Australia & New Zealand Banking Group
Q2-10,2009-03-30,6.68,05-31-2010,Australia & New Zealand Banking Group
Q2-10,2009-05-05,6.82,05-31-2010,Australia & New Zealand Banking Group
Q2-10,2009-06-12,6.82,05-31-2010,Australia & New Zealand Banking Group
Q2-10,2009-06-26,6.82,05-31-2010,Australia & New Zealand Banking Group
Q2-10,2009-08-17,6.83,05-31-2010,Australia & New Zealand Banking Group
Q2-10,2009-09-18,6.83,05-31-2010,Australia & New Zealand Banking Group
Q2-10,2009-10-23,6.83,05-31-2010,Australia & New Zealand Banking Group
Q2-10,2009-11-18,6.83,05-31-2010,Australia & New Zealand Banking Group
Q2-10,2009-11-20,6.83,05-31-2010,Australia & New Zealand Banking Group
Q2-10,2009-12-21,6.83,05-31-2010,Australia & New Zealand Banking Group
Q2-10,2010-02-01,6.83,05-31-2010,Australia & New Zealand Banking Group
Q2-10,2010-02-11,6.74,05-31-2010,Australia & New Zealand Banking Group
Q2-10,2010-03-05,6.74,05-31-2010,Australia & New Zealand Banking Group
Q2-10,2010-03-31,6.74,05-31-2010,Australia & New Zealand Banking Group
Q2-10,2010-05-26,6.74,05-31-2010,Australia & New Zealand Banking Group
Q2-10,2010-05-27,6.74,05-31-2010,Australia & New Zealand Banking Group
Q3-10,2009-03-30,6.42,05-31-2010,Australia & New Zealand Banking Group
Q3-10,2009-06-12,6.8,05-31-2010,Australia & New Zealand Banking Group
Q3-10,2009-09-18,6.82,05-31-2010,Australia & New Zealand Banking Group
Q3-10,2009-10-23,6.82,05-31-2010,Australia & New Zealand Banking Group
Q3-10,2009-11-18,6.74,05-31-2010,Australia & New Zealand Banking Group
Q3-10,2009-11-20,6.74,05-31-2010,Australia & New Zealand Banking Group
Q3-10,2009-12-21,6.74,05-31-2010,Australia & New Zealand Banking Group
Q3-10,2010-02-01,6.74,05-31-2010,Australia & New Zealand Banking Group
Q3-10,2010-02-11,6.65,05-31-2010,Australia & New Zealand Banking Group
Q3-10,2010-03-05,6.65,05-31-2010,Australia & New Zealand Banking Group
Q3-10,2010-03-31,6.65,05-31-2010,Australia & New Zealand Banking Group
Q3-10,2010-05-26,6.66,05-31-2010,Australia & New Zealand Banking Group
Q3-10,2010-05-27,6.66,05-31-2010,Australia & New Zealand Banking Group
Q4-10,2008-06-19,7.19,05-31-2010,Australia & New Zealand Banking Group
Q4-10,2008-07-03,7.19,05-31-2010,Australia & New Zealand Banking Group
Q4-10,2008-11-20,6.68,05-31-2010,Australia & New Zealand Banking Group
Q4-10,2008-12-12,6.64,05-31-2010,Australia & New Zealand Banking Group
Q4-10,2009-01-20,6.64,05-31-2010,Australia & New Zealand Banking Group
Q4-10,2009-01-30,6.64,05-31-2010,Australia & New Zealand Banking Group
Q4-10,2009-02-06,6.7,05-31-2010,Australia & New Zealand Banking Group
Q4-10,2009-03-03,6.7,05-31-2010,Australia & New Zealand Banking Group
Q4-10,2009-03-05,6.7,05-31-2010,Australia & New Zealand Banking Group
Q4-10,2009-05-05,6.73,05-31-2010,Australia & New Zealand Banking Group
Q4-10,2009-06-12,6.73,05-31-2010,Australia & New Zealand Banking Group
Q4-10,2009-06-26,6.8,05-31-2010,Australia & New Zealand Banking Group
Q4-10,2009-08-17,6.82,05-31-2010,Australia & New Zealand Banking Group
Q4-10,2009-09-18,6.8,05-31-2010,Australia & New Zealand Banking Group
Q4-10,2009-10-23,6.8,05-31-2010,Australia & New Zealand Banking Group
Q4-10,2009-11-18,6.66,05-31-2010,Australia & New Zealand Banking Group
Q4-10,2009-11-20,6.66,05-31-2010,Australia & New Zealand Banking Group
Q4-10,2009-12-21,6.66,05-31-2010,Australia & New Zealand Banking Group
Q4-10,2010-02-01,6.66,05-31-2010,Australia & New Zealand Banking Group
Q4-10,2010-02-11,6.56,05-31-2010,Australia & New Zealand Banking Group
Q4-10,2010-03-05,6.56,05-31-2010,Australia & New Zealand Banking Group
Q4-10,2010-03-31,6.56,05-31-2010,Australia & New Zealand Banking Group
Q4-10,2010-05-26,6.57,05-31-2010,Australia & New Zealand Banking Group
Q4-10,2010-05-27,6.57,05-31-2010,Australia & New Zealand Banking Group
Q1-11,2010-03-05,6.47,05-31-2010,Australia & New Zealand Banking Group
Q1-11,2010-03-31,6.47,05-31-2010,Australia & New Zealand Banking Group
Q1-11,2010-05-26,6.49,05-31-2010,Australia & New Zealand Banking Group
Q1-11,2010-05-27,6.49,05-31-2010,Australia & New Zealand Banking Group
2011,2008-06-19,7.2,05-31-2010,Australia & New Zealand Banking Group
2011,2008-07-03,7.2,05-31-2010,Australia & New Zealand Banking Group
2011,2008-11-20,6.42,05-31-2010,Australia & New Zealand Banking Group
2011,2008-12-12,6.38,05-31-2010,Australia & New Zealand Banking Group
2011,2009-01-20,6.38,05-31-2010,Australia & New Zealand Banking Group
2011,2009-01-30,6.38,05-31-2010,Australia & New Zealand Banking Group
2011,2009-02-06,6.44,05-31-2010,Australia & New Zealand Banking Group
2011,2009-03-03,6.44,05-31-2010,Australia & New Zealand Banking Group
2011,2009-03-05,6.44,05-31-2010,Australia & New Zealand Banking Group
2011,2009-05-05,6.47,05-31-2010,Australia & New Zealand Banking Group
2011,2009-06-12,6.47,05-31-2010,Australia & New Zealand Banking Group
2011,2009-06-26,6.73,05-31-2010,Australia & New Zealand Banking Group
2011,2009-08-17,6.8,05-31-2010,Australia & New Zealand Banking Group
2011,2009-09-18,6.8,05-31-2010,Australia & New Zealand Banking Group
2011,2009-10-23,6.53,05-31-2010,Australia & New Zealand Banking Group
2011,2009-11-18,6.66,05-31-2010,Australia & New Zealand Banking Group
2011,2009-11-20,6.38,05-31-2010,Australia & New Zealand Banking Group
2011,2009-12-21,6.38,05-31-2010,Australia & New Zealand Banking Group
2011,2010-02-01,6.38,05-31-2010,Australia & New Zealand Banking Group
2011,2010-02-11,6.24,05-31-2010,Australia & New Zealand Banking Group
2011,2010-03-05,6.24,05-31-2010,Australia & New Zealand Banking Group
2011,2010-03-31,6.24,05-31-2010,Australia & New Zealand Banking Group
2011,2010-05-27,6.34,05-31-2010,Australia & New Zealand Banking Group
2012,2009-05-05,6.21,05-31-2010,Australia & New Zealand Banking Group
2012,2009-06-12,6.21,05-31-2010,Australia & New Zealand Banking Group
2012,2009-06-26,6.73,05-31-2010,Australia & New Zealand Banking Group
2012,2009-08-17,6.8,05-31-2010,Australia & New Zealand Banking Group
2012,2009-09-18,6.53,05-31-2010,Australia & New Zealand Banking Group
2012,2009-10-23,6.27,05-31-2010,Australia & New Zealand Banking Group
2012,2009-11-18,6.38,05-31-2010,Australia & New Zealand Banking Group
2012,2009-11-20,6.13,05-31-2010,Australia & New Zealand Banking Group
2012,2009-12-21,6.13,05-31-2010,Australia & New Zealand Banking Group
2012,2010-02-01,6.13,05-31-2010,Australia & New Zealand Banking Group
2012,2010-03-05,6.0,05-31-2010,Australia & New Zealand Banking Group
2012,2010-03-31,6.0,05-31-2010,Australia & New Zealand Banking Group
2012,2010-05-27,6.09,05-31-2010,Australia & New Zealand Banking Group
2013,2009-06-26,6.47,05-31-2010,Australia & New Zealand Banking Group
2013,2009-08-17,6.53,05-31-2010,Australia & New Zealand Banking Group
2013,2009-09-18,6.27,05-31-2010,Australia & New Zealand Banking Group
2013,2009-11-18,6.13,05-31-2010,Australia & New Zealand Banking Group
2013,2010-05-27,5.85,05-31-2010,Australia & New Zealand Banking Group
2014,2009-06-26,6.21,05-31-2010,Australia & New Zealand Banking Group
2014,2009-08-17,6.27,05-31-2010,Australia & New Zealand Banking Group
Q1-17,2016-03-29,6.67,02-28-2017,Australia & New Zealand Banking Group
Q1-17,2016-04-29,6.67,02-28-2017,Australia & New Zealand Banking Group
Q1-17,2016-05-27,6.67,02-28-2017,Australia & New Zealand Banking Group
Q1-17,2016-06-30,6.77,02-28-2017,Australia & New Zealand Banking Group
Q1-17,2016-08-09,6.77,02-28-2017,Australia & New Zealand Banking Group
Q1-17,2016-10-03,6.77,02-28-2017,Australia & New Zealand Banking Group
Q1-17,2016-11-09,6.77,02-28-2017,Australia & New Zealand Banking Group
Q1-17,2016-11-15,6.95,02-28-2017,Australia & New Zealand Banking Group
Q1-17,2016-11-30,6.95,02-28-2017,Australia & New Zealand Banking Group
Q1-17,2016-12-06,6.95,02-28-2017,Australia & New Zealand Banking Group
Q1-17,2016-12-09,6.95,02-28-2017,Australia & New Zealand Banking Group
Q1-17,2017-01-16,6.95,02-28-2017,Australia & New Zealand Banking Group
Q1-17,2017-02-02,6.95,02-28-2017,Australia & New Zealand Banking Group
Q2-17,2016-05-27,6.7,02-28-2017,Australia & New Zealand Banking Group
Q2-17,2016-06-30,6.8,02-28-2017,Australia & New Zealand Banking Group
Q2-17,2016-08-09,6.8,02-28-2017,Australia & New Zealand Banking Group
Q2-17,2016-10-03,6.8,02-28-2017,Australia & New Zealand Banking Group
Q2-17,2016-11-09,6.8,02-28-2017,Australia & New Zealand Banking Group
Q2-17,2016-11-15,7.0,02-28-2017,Australia & New Zealand Banking Group
Q2-17,2016-11-30,7.0,02-28-2017,Australia & New Zealand Banking Group
Q2-17,2016-12-06,7.0,02-28-2017,Australia & New Zealand Banking Group
Q2-17,2016-12-09,7.0,02-28-2017,Australia & New Zealand Banking Group
Q2-17,2017-01-16,7.0,02-28-2017,Australia & New Zealand Banking Group
Q2-17,2017-02-02,7.0,02-28-2017,Australia & New Zealand Banking Group
Q3-17,2016-10-03,6.83,02-28-2017,Australia & New Zealand Banking Group
Q3-17,2016-11-09,6.83,02-28-2017,Australia & New Zealand Banking Group
Q3-17,2016-11-15,7.05,02-28-2017,Australia & New Zealand Banking Group
Q3-17,2016-11-30,7.05,02-28-2017,Australia & New Zealand Banking Group
Q3-17,2016-12-06,7.05,02-28-2017,Australia & New Zealand Banking Group
Q3-17,2016-12-09,7.05,02-28-2017,Australia & New Zealand Banking Group
Q3-17,2017-01-16,7.05,02-28-2017,Australia & New Zealand Banking Group
Q3-17,2017-02-02,7.05,02-28-2017,Australia & New Zealand Banking Group
Q4-17,2015-08-21,6.85,02-28-2017,Australia & New Zealand Banking Group
Q4-17,2015-09-29,6.85,02-28-2017,Australia & New Zealand Banking Group
Q4-17,2015-10-28,6.8,02-28-2017,Australia & New Zealand Banking Group
Q4-17,2015-12-11,6.8,02-28-2017,Australia & New Zealand Banking Group
Q4-17,2016-01-21,6.8,02-28-2017,Australia & New Zealand Banking Group
Q4-17,2016-02-26,6.8,02-28-2017,Australia & New Zealand Banking Group
Q4-17,2016-03-29,6.75,02-28-2017,Australia & New Zealand Banking Group
Q4-17,2016-04-29,6.75,02-28-2017,Australia & New Zealand Banking Group
Q4-17,2016-05-27,6.75,02-28-2017,Australia & New Zealand Banking Group
Q4-17,2016-06-30,6.85,02-28-2017,Australia & New Zealand Banking Group
Q4-17,2016-08-09,6.85,02-28-2017,Australia & New Zealand Banking Group
Q4-17,2016-10-03,6.85,02-28-2017,Australia & New Zealand Banking Group
Q4-17,2016-11-09,6.85,02-28-2017,Australia & New Zealand Banking Group
Q4-17,2016-11-15,7.1,02-28-2017,Australia & New Zealand Banking Group
Q4-17,2016-11-30,7.1,02-28-2017,Australia & New Zealand Banking Group
Q4-17,2016-12-06,7.1,02-28-2017,Australia & New Zealand Banking Group
Q4-17,2016-12-09,7.1,02-28-2017,Australia & New Zealand Banking Group
Q4-17,2017-01-16,7.1,02-28-2017,Australia & New Zealand Banking Group
Q4-17,2017-02-02,7.1,02-28-2017,Australia & New Zealand Banking Group
2018,2016-10-03,6.9,02-28-2017,Australia & New Zealand Banking Group
2018,2016-11-30,7.2,02-28-2017,Australia & New Zealand Banking Group
2018,2016-12-06,7.2,02-28-2017,Australia & New Zealand Banking Group
2018,2016-12-09,7.2,02-28-2017,Australia & New Zealand Banking Group
2018,2017-01-16,7.2,02-28-2017,Australia & New Zealand Banking Group
2018,2017-02-02,7.2,02-28-2017,Australia & New Zealand Banking Group
Q3-10,2009-03-30,6.42,08-31-2010,Australia & New Zealand Banking Group
Q3-10,2009-06-12,6.8,08-31-2010,Australia & New Zealand Banking Group
Q3-10,2009-09-18,6.82,08-31-2010,Australia & New Zealand Banking Group
Q3-10,2009-10-23,6.82,08-31-2010,Australia & New Zealand Banking Group
Q3-10,2009-11-18,6.74,08-31-2010,Australia & New Zealand Banking Group
Q3-10,2009-11-20,6.74,08-31-2010,Australia & New Zealand Banking Group
Q3-10,2009-12-21,6.74,08-31-2010,Australia & New Zealand Banking Group
Q3-10,2010-02-01,6.74,08-31-2010,Australia & New Zealand Banking Group
Q3-10,2010-02-11,6.65,08-31-2010,Australia & New Zealand Banking Group
Q3-10,2010-03-05,6.65,08-31-2010,Australia & New Zealand Banking Group
Q3-10,2010-03-31,6.65,08-31-2010,Australia & New Zealand Banking Group
Q3-10,2010-05-26,6.66,08-31-2010,Australia & New Zealand Banking Group
Q3-10,2010-05-27,6.66,08-31-2010,Australia & New Zealand Banking Group
Q3-10,2010-08-02,6.73,08-31-2010,Australia & New Zealand Banking Group
Q4-10,2008-11-20,6.68,08-31-2010,Australia & New Zealand Banking Group
Q4-10,2008-12-12,6.64,08-31-2010,Australia & New Zealand Banking Group
Q4-10,2009-01-20,6.64,08-31-2010,Australia & New Zealand Banking Group
Q4-10,2009-01-30,6.64,08-31-2010,Australia & New Zealand Banking Group
Q4-10,2009-02-06,6.7,08-31-2010,Australia & New Zealand Banking Group
Q4-10,2009-03-03,6.7,08-31-2010,Australia & New Zealand Banking Group
Q4-10,2009-03-05,6.7,08-31-2010,Australia & New Zealand Banking Group
Q4-10,2009-05-05,6.73,08-31-2010,Australia & New Zealand Banking Group
Q4-10,2009-06-12,6.73,08-31-2010,Australia & New Zealand Banking Group
Q4-10,2009-06-26,6.8,08-31-2010,Australia & New Zealand Banking Group
Q4-10,2009-08-17,6.82,08-31-2010,Australia & New Zealand Banking Group
Q4-10,2009-09-18,6.8,08-31-2010,Australia & New Zealand Banking Group
Q4-10,2009-10-23,6.8,08-31-2010,Australia & New Zealand Banking Group
Q4-10,2009-11-18,6.66,08-31-2010,Australia & New Zealand Banking Group
Q4-10,2009-11-20,6.66,08-31-2010,Australia & New Zealand Banking Group
Q4-10,2009-12-21,6.66,08-31-2010,Australia & New Zealand Banking Group
Q4-10,2010-02-01,6.66,08-31-2010,Australia & New Zealand Banking Group
Q4-10,2010-02-11,6.56,08-31-2010,Australia & New Zealand Banking Group
Q4-10,2010-03-05,6.56,08-31-2010,Australia & New Zealand Banking Group
Q4-10,2010-03-31,6.56,08-31-2010,Australia & New Zealand Banking Group
Q4-10,2010-05-26,6.57,08-31-2010,Australia & New Zealand Banking Group
Q4-10,2010-05-27,6.57,08-31-2010,Australia & New Zealand Banking Group
Q4-10,2010-08-02,6.62,08-31-2010,Australia & New Zealand Banking Group
Q1-11,2010-03-05,6.47,08-31-2010,Australia & New Zealand Banking Group
Q1-11,2010-03-31,6.47,08-31-2010,Australia & New Zealand Banking Group
Q1-11,2010-05-26,6.49,08-31-2010,Australia & New Zealand Banking Group
Q1-11,2010-05-27,6.49,08-31-2010,Australia & New Zealand Banking Group
Q1-11,2010-08-02,6.52,08-31-2010,Australia & New Zealand Banking Group
Q2-11,2010-08-02,6.42,08-31-2010,Australia & New Zealand Banking Group
2011,2008-11-20,6.42,08-31-2010,Australia & New Zealand Banking Group
2011,2008-12-12,6.38,08-31-2010,Australia & New Zealand Banking Group
2011,2009-01-20,6.38,08-31-2010,Australia & New Zealand Banking Group
2011,2009-01-30,6.38,08-31-2010,Australia & New Zealand Banking Group
2011,2009-02-06,6.44,08-31-2010,Australia & New Zealand Banking Group
2011,2009-03-03,6.44,08-31-2010,Australia & New Zealand Banking Group
2011,2009-03-05,6.44,08-31-2010,Australia & New Zealand Banking Group
2011,2009-05-05,6.47,08-31-2010,Australia & New Zealand Banking Group
2011,2009-06-12,6.47,08-31-2010,Australia & New Zealand Banking Group
2011,2009-06-26,6.73,08-31-2010,Australia & New Zealand Banking Group
2011,2009-08-17,6.8,08-31-2010,Australia & New Zealand Banking Group
2011,2009-09-18,6.8,08-31-2010,Australia & New Zealand Banking Group
2011,2009-10-23,6.53,08-31-2010,Australia & New Zealand Banking Group
2011,2009-11-18,6.66,08-31-2010,Australia & New Zealand Banking Group
2011,2009-11-20,6.38,08-31-2010,Australia & New Zealand Banking Group
2011,2009-12-21,6.38,08-31-2010,Australia & New Zealand Banking Group
2011,2010-02-01,6.38,08-31-2010,Australia & New Zealand Banking Group
2011,2010-02-11,6.24,08-31-2010,Australia & New Zealand Banking Group
2011,2010-03-05,6.24,08-31-2010,Australia & New Zealand Banking Group
2011,2010-03-31,6.24,08-31-2010,Australia & New Zealand Banking Group
2011,2010-05-27,6.34,08-31-2010,Australia & New Zealand Banking Group
2011,2010-08-02,6.21,08-31-2010,Australia & New Zealand Banking Group
2012,2009-05-05,6.21,08-31-2010,Australia & New Zealand Banking Group
2012,2009-06-12,6.21,08-31-2010,Australia & New Zealand Banking Group
2012,2009-06-26,6.73,08-31-2010,Australia & New Zealand Banking Group
2012,2009-08-17,6.8,08-31-2010,Australia & New Zealand Banking Group
2012,2009-09-18,6.53,08-31-2010,Australia & New Zealand Banking Group
2012,2009-10-23,6.27,08-31-2010,Australia & New Zealand Banking Group
2012,2009-11-18,6.38,08-31-2010,Australia & New Zealand Banking Group
2012,2009-11-20,6.13,08-31-2010,Australia & New Zealand Banking Group
2012,2009-12-21,6.13,08-31-2010,Australia & New Zealand Banking Group
2012,2010-02-01,6.13,08-31-2010,Australia & New Zealand Banking Group
2012,2010-03-05,6.0,08-31-2010,Australia & New Zealand Banking Group
2012,2010-03-31,6.0,08-31-2010,Australia & New Zealand Banking Group
2012,2010-05-27,6.09,08-31-2010,Australia & New Zealand Banking Group
2013,2009-06-26,6.47,08-31-2010,Australia & New Zealand Banking Group
2013,2009-08-17,6.53,08-31-2010,Australia & New Zealand Banking Group
2013,2009-09-18,6.27,08-31-2010,Australia & New Zealand Banking Group
2013,2009-11-18,6.13,08-31-2010,Australia & New Zealand Banking Group
2013,2010-05-27,5.85,08-31-2010,Australia & New Zealand Banking Group
2014,2009-06-26,6.21,08-31-2010,Australia & New Zealand Banking Group
2014,2009-08-17,6.27,08-31-2010,Australia & New Zealand Banking Group
Q2-21,2020-06-08,7.12,05-31-2021,Australia & New Zealand Banking Group
Q2-21,2020-06-16,6.9,05-31-2021,Australia & New Zealand Banking Group
Q2-21,2020-06-18,6.9,05-31-2021,Australia & New Zealand Banking Group
Q2-21,2020-07-30,6.9,05-31-2021,Australia & New Zealand Banking Group
Q2-21,2020-08-31,6.78,05-31-2021,Australia & New Zealand Banking Group
Q2-21,2020-09-02,6.78,05-31-2021,Australia & New Zealand Banking Group
Q2-21,2020-09-22,6.65,05-31-2021,Australia & New Zealand Banking Group
Q2-21,2020-10-29,6.65,05-31-2021,Australia & New Zealand Banking Group
Q2-21,2020-11-17,6.65,05-31-2021,Australia & New Zealand Banking Group
Q2-21,2020-12-02,6.4,05-31-2021,Australia & New Zealand Banking Group
Q2-21,2020-12-14,6.4,05-31-2021,Australia & New Zealand Banking Group
Q2-21,2021-02-01,6.4,05-31-2021,Australia & New Zealand Banking Group
Q2-21,2021-03-01,6.4,05-31-2021,Australia & New Zealand Banking Group
Q2-21,2021-03-02,6.4,05-31-2021,Australia & New Zealand Banking Group
Q2-21,2021-03-23,6.43,05-31-2021,Australia & New Zealand Banking Group
Q2-21,2021-05-03,6.43,05-31-2021,Australia & New Zealand Banking Group
Q3-21,2020-09-02,6.73,05-31-2021,Australia & New Zealand Banking Group
Q3-21,2020-09-22,6.62,05-31-2021,Australia & New Zealand Banking Group
Q3-21,2020-10-29,6.62,05-31-2021,Australia & New Zealand Banking Group
Q3-21,2020-11-17,6.62,05-31-2021,Australia & New Zealand Banking Group
Q3-21,2020-12-02,6.35,05-31-2021,Australia & New Zealand Banking Group
Q3-21,2020-12-14,6.35,05-31-2021,Australia & New Zealand Banking Group
Q3-21,2021-02-01,6.35,05-31-2021,Australia & New Zealand Banking Group
Q3-21,2021-03-01,6.35,05-31-2021,Australia & New Zealand Banking Group
Q3-21,2021-03-02,6.35,05-31-2021,Australia & New Zealand Banking Group
Q3-21,2021-03-23,6.36,05-31-2021,Australia & New Zealand Banking Group
Q3-21,2021-05-03,6.36,05-31-2021,Australia & New Zealand Banking Group
Q3-21,2021-05-31,6.36,05-31-2021,Australia & New Zealand Banking Group
Q4-21,2019-07-01,6.75,05-31-2021,Australia & New Zealand Banking Group
Q4-21,2019-07-31,6.75,05-31-2021,Australia & New Zealand Banking Group
Q4-21,2019-08-26,7.35,05-31-2021,Australia & New Zealand Banking Group
Q4-21,2019-08-30,7.35,05-31-2021,Australia & New Zealand Banking Group
Q4-21,2019-09-04,7.35,05-31-2021,Australia & New Zealand Banking Group
Q4-21,2019-09-24,7.35,05-31-2021,Australia & New Zealand Banking Group
Q4-21,2019-11-04,7.35,05-31-2021,Australia & New Zealand Banking Group
Q4-21,2019-12-02,7.2,05-31-2021,Australia & New Zealand Banking Group
Q4-21,2019-12-03,7.2,05-31-2021,Australia & New Zealand Banking Group
Q4-21,2019-12-12,7.2,05-31-2021,Australia & New Zealand Banking Group
Q4-21,2020-01-14,7.2,05-31-2021,Australia & New Zealand Banking Group
Q4-21,2020-02-17,7.2,05-31-2021,Australia & New Zealand Banking Group
Q4-21,2020-02-27,7.2,05-31-2021,Australia & New Zealand Banking Group
Q4-21,2020-03-05,7.2,05-31-2021,Australia & New Zealand Banking Group
Q4-21,2020-05-01,7.1,05-31-2021,Australia & New Zealand Banking Group
Q4-21,2020-05-25,7.1,05-31-2021,Australia & New Zealand Banking Group
Q4-21,2020-05-28,7.1,05-31-2021,Australia & New Zealand Banking Group
Q4-21,2020-06-08,7.1,05-31-2021,Australia & New Zealand Banking Group
Q4-21,2020-06-16,6.8,05-31-2021,Australia & New Zealand Banking Group
Q4-21,2020-06-18,6.8,05-31-2021,Australia & New Zealand Banking Group
Q4-21,2020-07-30,6.8,05-31-2021,Australia & New Zealand Banking Group
Q4-21,2020-08-31,6.7,05-31-2021,Australia & New Zealand Banking Group
Q4-21,2020-09-02,6.7,05-31-2021,Australia & New Zealand Banking Group
Q4-21,2020-09-22,6.6,05-31-2021,Australia & New Zealand Banking Group
Q4-21,2020-10-29,6.6,05-31-2021,Australia & New Zealand Banking Group
Q4-21,2020-11-17,6.6,05-31-2021,Australia & New Zealand Banking Group
Q4-21,2020-12-02,6.3,05-31-2021,Australia & New Zealand Banking Group
Q4-21,2020-12-14,6.3,05-31-2021,Australia & New Zealand Banking Group
Q4-21,2021-02-01,6.3,05-31-2021,Australia & New Zealand Banking Group
Q4-21,2021-03-01,6.3,05-31-2021,Australia & New Zealand Banking Group
Q4-21,2021-03-02,6.3,05-31-2021,Australia & New Zealand Banking Group
Q4-21,2021-03-23,6.3,05-31-2021,Australia & New Zealand Banking Group
Q4-21,2021-05-03,6.3,05-31-2021,Australia & New Zealand Banking Group
Q4-21,2021-05-31,6.3,05-31-2021,Australia & New Zealand Banking Group
Q1-22,2021-03-02,6.25,05-31-2021,Australia & New Zealand Banking Group
Q1-22,2021-03-23,6.25,05-31-2021,Australia & New Zealand Banking Group
Q1-22,2021-05-03,6.25,05-31-2021,Australia & New Zealand Banking Group
Q1-22,2021-05-31,6.25,05-31-2021,Australia & New Zealand Banking Group
2022,2020-12-14,6.15,05-31-2021,Australia & New Zealand Banking Group
2022,2021-02-01,6.15,05-31-2021,Australia & New Zealand Banking Group
2022,2021-03-01,6.15,05-31-2021,Australia & New Zealand Banking Group
2022,2021-03-02,6.15,05-31-2021,Australia & New Zealand Banking Group
2022,2021-03-23,6.15,05-31-2021,Australia & New Zealand Banking Group
2022,2021-05-03,6.15,05-31-2021,Australia & New Zealand Banking Group
2022,2021-05-31,6.15,05-31-2021,Australia & New Zealand Banking Group
Q2-17,2016-05-27,6.7,05-31-2017,Australia & New Zealand Banking Group
Q2-17,2016-06-30,6.8,05-31-2017,Australia & New Zealand Banking Group
Q2-17,2016-08-09,6.8,05-31-2017,Australia & New Zealand Banking Group
Q2-17,2016-10-03,6.8,05-31-2017,Australia & New Zealand Banking Group
Q2-17,2016-11-09,6.8,05-31-2017,Australia & New Zealand Banking Group
Q2-17,2016-11-15,7.0,05-31-2017,Australia & New Zealand Banking Group
Q2-17,2016-11-30,7.0,05-31-2017,Australia & New Zealand Banking Group
Q2-17,2016-12-06,7.0,05-31-2017,Australia & New Zealand Banking Group
Q2-17,2016-12-09,7.0,05-31-2017,Australia & New Zealand Banking Group
Q2-17,2017-01-16,7.0,05-31-2017,Australia & New Zealand Banking Group
Q2-17,2017-02-02,7.0,05-31-2017,Australia & New Zealand Banking Group
Q2-17,2017-03-03,7.0,05-31-2017,Australia & New Zealand Banking Group
Q2-17,2017-03-16,7.0,05-31-2017,Australia & New Zealand Banking Group
Q2-17,2017-04-27,7.0,05-31-2017,Australia & New Zealand Banking Group
Q2-17,2017-05-31,6.88,05-31-2017,Australia & New Zealand Banking Group
Q3-17,2016-10-03,6.83,05-31-2017,Australia & New Zealand Banking Group
Q3-17,2016-11-09,6.83,05-31-2017,Australia & New Zealand Banking Group
Q3-17,2016-11-15,7.05,05-31-2017,Australia & New Zealand Banking Group
Q3-17,2016-11-30,7.05,05-31-2017,Australia & New Zealand Banking Group
Q3-17,2016-12-06,7.05,05-31-2017,Australia & New Zealand Banking Group
Q3-17,2016-12-09,7.05,05-31-2017,Australia & New Zealand Banking Group
Q3-17,2017-01-16,7.05,05-31-2017,Australia & New Zealand Banking Group
Q3-17,2017-02-02,7.05,05-31-2017,Australia & New Zealand Banking Group
Q3-17,2017-03-03,7.05,05-31-2017,Australia & New Zealand Banking Group
Q3-17,2017-03-16,7.05,05-31-2017,Australia & New Zealand Banking Group
Q3-17,2017-04-27,7.05,05-31-2017,Australia & New Zealand Banking Group
Q3-17,2017-05-31,6.9,05-31-2017,Australia & New Zealand Banking Group
Q4-17,2015-08-21,6.85,05-31-2017,Australia & New Zealand Banking Group
Q4-17,2015-09-29,6.85,05-31-2017,Australia & New Zealand Banking Group
Q4-17,2015-10-28,6.8,05-31-2017,Australia & New Zealand Banking Group
Q4-17,2015-12-11,6.8,05-31-2017,Australia & New Zealand Banking Group
Q4-17,2016-01-21,6.8,05-31-2017,Australia & New Zealand Banking Group
Q4-17,2016-02-26,6.8,05-31-2017,Australia & New Zealand Banking Group
Q4-17,2016-03-29,6.75,05-31-2017,Australia & New Zealand Banking Group
Q4-17,2016-04-29,6.75,05-31-2017,Australia & New Zealand Banking Group
Q4-17,2016-05-27,6.75,05-31-2017,Australia & New Zealand Banking Group
Q4-17,2016-06-30,6.85,05-31-2017,Australia & New Zealand Banking Group
Q4-17,2016-08-09,6.85,05-31-2017,Australia & New Zealand Banking Group
Q4-17,2016-10-03,6.85,05-31-2017,Australia & New Zealand Banking Group
Q4-17,2016-11-09,6.85,05-31-2017,Australia & New Zealand Banking Group
Q4-17,2016-11-15,7.1,05-31-2017,Australia & New Zealand Banking Group
Q4-17,2016-11-30,7.1,05-31-2017,Australia & New Zealand Banking Group
Q4-17,2016-12-06,7.1,05-31-2017,Australia & New Zealand Banking Group
Q4-17,2016-12-09,7.1,05-31-2017,Australia & New Zealand Banking Group
Q4-17,2017-01-16,7.1,05-31-2017,Australia & New Zealand Banking Group
Q4-17,2017-02-02,7.1,05-31-2017,Australia & New Zealand Banking Group
Q4-17,2017-03-03,7.1,05-31-2017,Australia & New Zealand Banking Group
Q4-17,2017-03-16,7.1,05-31-2017,Australia & New Zealand Banking Group
Q4-17,2017-04-27,7.1,05-31-2017,Australia & New Zealand Banking Group
Q4-17,2017-05-31,6.95,05-31-2017,Australia & New Zealand Banking Group
Q1-18,2016-11-30,7.12,05-31-2017,Australia & New Zealand Banking Group
Q1-18,2017-03-03,7.12,05-31-2017,Australia & New Zealand Banking Group
Q1-18,2017-03-16,7.12,05-31-2017,Australia & New Zealand Banking Group
Q1-18,2017-04-27,7.12,05-31-2017,Australia & New Zealand Banking Group
Q1-18,2017-05-31,6.97,05-31-2017,Australia & New Zealand Banking Group
2018,2016-10-03,6.9,05-31-2017,Australia & New Zealand Banking Group
2018,2016-11-30,7.2,05-31-2017,Australia & New Zealand Banking Group
2018,2016-12-06,7.2,05-31-2017,Australia & New Zealand Banking Group
2018,2016-12-09,7.2,05-31-2017,Australia & New Zealand Banking Group
2018,2017-01-16,7.2,05-31-2017,Australia & New Zealand Banking Group
2018,2017-02-02,7.2,05-31-2017,Australia & New Zealand Banking Group
2018,2017-03-03,7.2,05-31-2017,Australia & New Zealand Banking Group
2018,2017-03-16,7.2,05-31-2017,Australia & New Zealand Banking Group
2018,2017-04-27,7.2,05-31-2017,Australia & New Zealand Banking Group
2018,2017-05-31,7.02,05-31-2017,Australia & New Zealand Banking Group
Q4-06,2006-09-11,7.79,11-30-2006,Australia & New Zealand Banking Group
Q4-06,2006-10-17,7.79,11-30-2006,Australia & New Zealand Banking Group
Q4-06,2006-11-21,7.79,11-30-2006,Australia & New Zealand Banking Group
Q1-07,2006-09-11,7.73,11-30-2006,Australia & New Zealand Banking Group
Q1-07,2006-10-17,7.73,11-30-2006,Australia & New Zealand Banking Group
Q1-07,2006-11-21,7.73,11-30-2006,Australia & New Zealand Banking Group
Q2-07,2006-09-11,7.73,11-30-2006,Australia & New Zealand Banking Group
Q2-07,2006-10-17,7.67,11-30-2006,Australia & New Zealand Banking Group
Q2-07,2006-11-21,7.67,11-30-2006,Australia & New Zealand Banking Group
Q3-07,2006-09-11,7.61,11-30-2006,Australia & New Zealand Banking Group
Q3-07,2006-10-17,7.61,11-30-2006,Australia & New Zealand Banking Group
Q3-07,2006-11-21,7.61,11-30-2006,Australia & New Zealand Banking Group
2007,2006-09-11,7.55,11-30-2006,Australia & New Zealand Banking Group
2007,2006-10-17,7.55,11-30-2006,Australia & New Zealand Banking Group
2007,2006-11-21,7.55,11-30-2006,Australia & New Zealand Banking Group
2008,2006-09-11,7.35,11-30-2006,Australia & New Zealand Banking Group
2008,2006-10-17,7.35,11-30-2006,Australia & New Zealand Banking Group
2008,2006-11-21,7.35,11-30-2006,Australia & New Zealand Banking Group
Q1-21,2020-03-05,7.16,02-28-2021,Australia & New Zealand Banking Group
Q1-21,2020-05-01,7.13,02-28-2021,Australia & New Zealand Banking Group
Q1-21,2020-05-25,7.13,02-28-2021,Australia & New Zealand Banking Group
Q1-21,2020-05-28,7.13,02-28-2021,Australia & New Zealand Banking Group
Q1-21,2020-06-08,7.13,02-28-2021,Australia & New Zealand Banking Group
Q1-21,2020-06-16,6.95,02-28-2021,Australia & New Zealand Banking Group
Q1-21,2020-06-18,6.95,02-28-2021,Australia & New Zealand Banking Group
Q1-21,2020-07-30,6.95,02-28-2021,Australia & New Zealand Banking Group
Q1-21,2020-08-31,6.82,02-28-2021,Australia & New Zealand Banking Group
Q1-21,2020-09-02,6.82,02-28-2021,Australia & New Zealand Banking Group
Q1-21,2020-09-22,6.68,02-28-2021,Australia & New Zealand Banking Group
Q1-21,2020-10-29,6.68,02-28-2021,Australia & New Zealand Banking Group
Q1-21,2020-11-17,6.68,02-28-2021,Australia & New Zealand Banking Group
Q1-21,2020-12-02,6.45,02-28-2021,Australia & New Zealand Banking Group
Q1-21,2020-12-14,6.45,02-28-2021,Australia & New Zealand Banking Group
Q1-21,2021-02-01,6.45,02-28-2021,Australia & New Zealand Banking Group
Q2-21,2020-06-08,7.12,02-28-2021,Australia & New Zealand Banking Group
Q2-21,2020-06-16,6.9,02-28-2021,Australia & New Zealand Banking Group
Q2-21,2020-06-18,6.9,02-28-2021,Australia & New Zealand Banking Group
Q2-21,2020-07-30,6.9,02-28-2021,Australia & New Zealand Banking Group
Q2-21,2020-08-31,6.78,02-28-2021,Australia & New Zealand Banking Group
Q2-21,2020-09-02,6.78,02-28-2021,Australia & New Zealand Banking Group
Q2-21,2020-09-22,6.65,02-28-2021,Australia & New Zealand Banking Group
Q2-21,2020-10-29,6.65,02-28-2021,Australia & New Zealand Banking Group
Q2-21,2020-11-17,6.65,02-28-2021,Australia & New Zealand Banking Group
Q2-21,2020-12-02,6.4,02-28-2021,Australia & New Zealand Banking Group
Q2-21,2020-12-14,6.4,02-28-2021,Australia & New Zealand Banking Group
Q2-21,2021-02-01,6.4,02-28-2021,Australia & New Zealand Banking Group
Q3-21,2020-09-02,6.73,02-28-2021,Australia & New Zealand Banking Group
Q3-21,2020-09-22,6.62,02-28-2021,Australia & New Zealand Banking Group
Q3-21,2020-10-29,6.62,02-28-2021,Australia & New Zealand Banking Group
Q3-21,2020-11-17,6.62,02-28-2021,Australia & New Zealand Banking Group
Q3-21,2020-12-02,6.35,02-28-2021,Australia & New Zealand Banking Group
Q3-21,2020-12-14,6.35,02-28-2021,Australia & New Zealand Banking Group
Q3-21,2021-02-01,6.35,02-28-2021,Australia & New Zealand Banking Group
Q4-21,2019-07-01,6.75,02-28-2021,Australia & New Zealand Banking Group
Q4-21,2019-07-31,6.75,02-28-2021,Australia & New Zealand Banking Group
Q4-21,2019-08-26,7.35,02-28-2021,Australia & New Zealand Banking Group
Q4-21,2019-08-30,7.35,02-28-2021,Australia & New Zealand Banking Group
Q4-21,2019-09-04,7.35,02-28-2021,Australia & New Zealand Banking Group
Q4-21,2019-09-24,7.35,02-28-2021,Australia & New Zealand Banking Group
Q4-21,2019-11-04,7.35,02-28-2021,Australia & New Zealand Banking Group
Q4-21,2019-12-02,7.2,02-28-2021,Australia & New Zealand Banking Group
Q4-21,2019-12-03,7.2,02-28-2021,Australia & New Zealand Banking Group
Q4-21,2019-12-12,7.2,02-28-2021,Australia & New Zealand Banking Group
Q4-21,2020-01-14,7.2,02-28-2021,Australia & New Zealand Banking Group
Q4-21,2020-02-17,7.2,02-28-2021,Australia & New Zealand Banking Group
Q4-21,2020-02-27,7.2,02-28-2021,Australia & New Zealand Banking Group
Q4-21,2020-03-05,7.2,02-28-2021,Australia & New Zealand Banking Group
Q4-21,2020-05-01,7.1,02-28-2021,Australia & New Zealand Banking Group
Q4-21,2020-05-25,7.1,02-28-2021,Australia & New Zealand Banking Group
Q4-21,2020-05-28,7.1,02-28-2021,Australia & New Zealand Banking Group
Q4-21,2020-06-08,7.1,02-28-2021,Australia & New Zealand Banking Group
Q4-21,2020-06-16,6.8,02-28-2021,Australia & New Zealand Banking Group
Q4-21,2020-06-18,6.8,02-28-2021,Australia & New Zealand Banking Group
Q4-21,2020-07-30,6.8,02-28-2021,Australia & New Zealand Banking Group
Q4-21,2020-08-31,6.7,02-28-2021,Australia & New Zealand Banking Group
Q4-21,2020-09-02,6.7,02-28-2021,Australia & New Zealand Banking Group
Q4-21,2020-09-22,6.6,02-28-2021,Australia & New Zealand Banking Group
Q4-21,2020-10-29,6.6,02-28-2021,Australia & New Zealand Banking Group
Q4-21,2020-11-17,6.6,02-28-2021,Australia & New Zealand Banking Group
Q4-21,2020-12-02,6.3,02-28-2021,Australia & New Zealand Banking Group
Q4-21,2020-12-14,6.3,02-28-2021,Australia & New Zealand Banking Group
Q4-21,2021-02-01,6.3,02-28-2021,Australia & New Zealand Banking Group
2022,2019-07-01,6.75,02-28-2021,Australia & New Zealand Banking Group
2022,2019-07-31,6.75,02-28-2021,Australia & New Zealand Banking Group
2022,2019-08-26,7.35,02-28-2021,Australia & New Zealand Banking Group
2022,2019-08-30,7.35,02-28-2021,Australia & New Zealand Banking Group
2022,2019-09-04,7.35,02-28-2021,Australia & New Zealand Banking Group
2022,2019-09-24,7.35,02-28-2021,Australia & New Zealand Banking Group
2022,2019-11-04,7.35,02-28-2021,Australia & New Zealand Banking Group
2022,2019-12-02,7.2,02-28-2021,Australia & New Zealand Banking Group
2022,2019-12-03,7.2,02-28-2021,Australia & New Zealand Banking Group
2022,2019-12-12,7.2,02-28-2021,Australia & New Zealand Banking Group
2022,2020-01-14,7.2,02-28-2021,Australia & New Zealand Banking Group
2022,2020-02-17,7.2,02-28-2021,Australia & New Zealand Banking Group
2022,2020-02-27,7.2,02-28-2021,Australia & New Zealand Banking Group
2022,2020-03-05,7.2,02-28-2021,Australia & New Zealand Banking Group
2022,2020-05-01,7.1,02-28-2021,Australia & New Zealand Banking Group
2022,2020-05-25,7.1,02-28-2021,Australia & New Zealand Banking Group
2022,2020-05-28,7.1,02-28-2021,Australia & New Zealand Banking Group
2022,2020-06-08,7.1,02-28-2021,Australia & New Zealand Banking Group
2022,2020-06-16,6.8,02-28-2021,Australia & New Zealand Banking Group
2022,2020-06-18,6.8,02-28-2021,Australia & New Zealand Banking Group
2022,2020-07-30,6.8,02-28-2021,Australia & New Zealand Banking Group
2022,2020-08-31,6.7,02-28-2021,Australia & New Zealand Banking Group
2022,2020-09-02,6.7,02-28-2021,Australia & New Zealand Banking Group
2022,2020-09-22,6.6,02-28-2021,Australia & New Zealand Banking Group
2022,2020-10-29,6.6,02-28-2021,Australia & New Zealand Banking Group
2022,2020-11-17,6.6,02-28-2021,Australia & New Zealand Banking Group
2022,2020-12-02,6.3,02-28-2021,Australia & New Zealand Banking Group
2022,2020-12-14,6.3,02-28-2021,Australia & New Zealand Banking Group
2022,2021-02-01,6.3,02-28-2021,Australia & New Zealand Banking Group
Q4-10,2008-12-12,6.64,11-30-2010,Australia & New Zealand Banking Group
Q4-10,2009-01-20,6.64,11-30-2010,Australia & New Zealand Banking Group
Q4-10,2009-01-30,6.64,11-30-2010,Australia & New Zealand Banking Group
Q4-10,2009-02-06,6.7,11-30-2010,Australia & New Zealand Banking Group
Q4-10,2009-03-03,6.7,11-30-2010,Australia & New Zealand Banking Group
Q4-10,2009-03-05,6.7,11-30-2010,Australia & New Zealand Banking Group
Q4-10,2009-05-05,6.73,11-30-2010,Australia & New Zealand Banking Group
Q4-10,2009-06-12,6.73,11-30-2010,Australia & New Zealand Banking Group
Q4-10,2009-06-26,6.8,11-30-2010,Australia & New Zealand Banking Group
Q4-10,2009-08-17,6.82,11-30-2010,Australia & New Zealand Banking Group
Q4-10,2009-09-18,6.8,11-30-2010,Australia & New Zealand Banking Group
Q4-10,2009-10-23,6.8,11-30-2010,Australia & New Zealand Banking Group
Q4-10,2009-11-18,6.66,11-30-2010,Australia & New Zealand Banking Group
Q4-10,2009-11-20,6.66,11-30-2010,Australia & New Zealand Banking Group
Q4-10,2009-12-21,6.66,11-30-2010,Australia & New Zealand Banking Group
Q4-10,2010-02-01,6.66,11-30-2010,Australia & New Zealand Banking Group
Q4-10,2010-02-11,6.56,11-30-2010,Australia & New Zealand Banking Group
Q4-10,2010-03-05,6.56,11-30-2010,Australia & New Zealand Banking Group
Q4-10,2010-03-31,6.56,11-30-2010,Australia & New Zealand Banking Group
Q4-10,2010-05-26,6.57,11-30-2010,Australia & New Zealand Banking Group
Q4-10,2010-05-27,6.57,11-30-2010,Australia & New Zealand Banking Group
Q4-10,2010-08-02,6.62,11-30-2010,Australia & New Zealand Banking Group
Q4-10,2010-09-02,6.62,11-30-2010,Australia & New Zealand Banking Group
Q4-10,2010-10-12,6.62,11-30-2010,Australia & New Zealand Banking Group
Q4-10,2010-11-01,6.5,11-30-2010,Australia & New Zealand Banking Group
Q1-11,2010-03-05,6.47,11-30-2010,Australia & New Zealand Banking Group
Q1-11,2010-03-31,6.47,11-30-2010,Australia & New Zealand Banking Group
Q1-11,2010-05-26,6.49,11-30-2010,Australia & New Zealand Banking Group
Q1-11,2010-05-27,6.49,11-30-2010,Australia & New Zealand Banking Group
Q1-11,2010-08-02,6.52,11-30-2010,Australia & New Zealand Banking Group
Q1-11,2010-09-02,6.52,11-30-2010,Australia & New Zealand Banking Group
Q1-11,2010-10-12,6.52,11-30-2010,Australia & New Zealand Banking Group
Q1-11,2010-11-01,6.39,11-30-2010,Australia & New Zealand Banking Group
Q2-11,2010-08-02,6.42,11-30-2010,Australia & New Zealand Banking Group
Q2-11,2010-09-02,6.42,11-30-2010,Australia & New Zealand Banking Group
Q2-11,2010-10-12,6.42,11-30-2010,Australia & New Zealand Banking Group
Q2-11,2010-11-01,6.29,11-30-2010,Australia & New Zealand Banking Group
Q3-11,2010-09-02,6.32,11-30-2010,Australia & New Zealand Banking Group
Q3-11,2010-10-12,6.32,11-30-2010,Australia & New Zealand Banking Group
Q3-11,2010-11-01,6.2,11-30-2010,Australia & New Zealand Banking Group
2011,2008-12-12,6.38,11-30-2010,Australia & New Zealand Banking Group
2011,2009-01-20,6.38,11-30-2010,Australia & New Zealand Banking Group
2011,2009-01-30,6.38,11-30-2010,Australia & New Zealand Banking Group
2011,2009-02-06,6.44,11-30-2010,Australia & New Zealand Banking Group
2011,2009-03-03,6.44,11-30-2010,Australia & New Zealand Banking Group
2011,2009-03-05,6.44,11-30-2010,Australia & New Zealand Banking Group
2011,2009-05-05,6.47,11-30-2010,Australia & New Zealand Banking Group
2011,2009-06-12,6.47,11-30-2010,Australia & New Zealand Banking Group
2011,2009-06-26,6.73,11-30-2010,Australia & New Zealand Banking Group
2011,2009-08-17,6.8,11-30-2010,Australia & New Zealand Banking Group
2011,2009-09-18,6.8,11-30-2010,Australia & New Zealand Banking Group
2011,2009-10-23,6.53,11-30-2010,Australia & New Zealand Banking Group
2011,2009-11-18,6.66,11-30-2010,Australia & New Zealand Banking Group
2011,2009-11-20,6.38,11-30-2010,Australia & New Zealand Banking Group
2011,2009-12-21,6.38,11-30-2010,Australia & New Zealand Banking Group
2011,2010-02-01,6.38,11-30-2010,Australia & New Zealand Banking Group
2011,2010-02-11,6.24,11-30-2010,Australia & New Zealand Banking Group
2011,2010-03-05,6.24,11-30-2010,Australia & New Zealand Banking Group
2011,2010-03-31,6.24,11-30-2010,Australia & New Zealand Banking Group
2011,2010-05-27,6.34,11-30-2010,Australia & New Zealand Banking Group
2011,2010-08-02,6.21,11-30-2010,Australia & New Zealand Banking Group
2011,2010-09-02,6.21,11-30-2010,Australia & New Zealand Banking Group
2011,2010-10-12,6.21,11-30-2010,Australia & New Zealand Banking Group
2011,2010-11-01,6.09,11-30-2010,Australia & New Zealand Banking Group
2012,2009-05-05,6.21,11-30-2010,Australia & New Zealand Banking Group
2012,2009-06-12,6.21,11-30-2010,Australia & New Zealand Banking Group
2012,2009-06-26,6.73,11-30-2010,Australia & New Zealand Banking Group
2012,2009-08-17,6.8,11-30-2010,Australia & New Zealand Banking Group
2012,2009-09-18,6.53,11-30-2010,Australia & New Zealand Banking Group
2012,2009-10-23,6.27,11-30-2010,Australia & New Zealand Banking Group
2012,2009-11-18,6.38,11-30-2010,Australia & New Zealand Banking Group
2012,2009-11-20,6.13,11-30-2010,Australia & New Zealand Banking Group
2012,2009-12-21,6.13,11-30-2010,Australia & New Zealand Banking Group
2012,2010-02-01,6.13,11-30-2010,Australia & New Zealand Banking Group
2012,2010-03-05,6.0,11-30-2010,Australia & New Zealand Banking Group
2012,2010-03-31,6.0,11-30-2010,Australia & New Zealand Banking Group
2012,2010-05-27,6.09,11-30-2010,Australia & New Zealand Banking Group
2012,2010-10-12,5.97,11-30-2010,Australia & New Zealand Banking Group
2013,2009-06-26,6.47,11-30-2010,Australia & New Zealand Banking Group
2013,2009-08-17,6.53,11-30-2010,Australia & New Zealand Banking Group
2013,2009-09-18,6.27,11-30-2010,Australia & New Zealand Banking Group
2013,2009-11-18,6.13,11-30-2010,Australia & New Zealand Banking Group
2013,2010-05-27,5.85,11-30-2010,Australia & New Zealand Banking Group
2013,2010-10-12,5.73,11-30-2010,Australia & New Zealand Banking Group
2014,2009-06-26,6.21,11-30-2010,Australia & New Zealand Banking Group
2014,2009-08-17,6.27,11-30-2010,Australia & New Zealand Banking Group
Q4-11,2009-12-21,6.38,11-30-2011,Australia & New Zealand Banking Group
Q4-11,2010-02-01,6.38,11-30-2011,Australia & New Zealand Banking Group
Q4-11,2010-02-11,6.24,11-30-2011,Australia & New Zealand Banking Group
Q4-11,2010-03-05,6.24,11-30-2011,Australia & New Zealand Banking Group
Q4-11,2010-03-31,6.24,11-30-2011,Australia & New Zealand Banking Group
Q4-11,2010-05-27,6.34,11-30-2011,Australia & New Zealand Banking Group
Q4-11,2010-08-02,6.21,11-30-2011,Australia & New Zealand Banking Group
Q4-11,2010-09-02,6.21,11-30-2011,Australia & New Zealand Banking Group
Q4-11,2010-10-12,6.21,11-30-2011,Australia & New Zealand Banking Group
Q4-11,2010-11-01,6.09,11-30-2011,Australia & New Zealand Banking Group
Q4-11,2010-12-02,6.09,11-30-2011,Australia & New Zealand Banking Group
Q4-11,2011-02-01,6.28,11-30-2011,Australia & New Zealand Banking Group
Q4-11,2011-03-03,6.28,11-30-2011,Australia & New Zealand Banking Group
Q4-11,2011-04-01,6.28,11-30-2011,Australia & New Zealand Banking Group
Q4-11,2011-05-03,6.23,11-30-2011,Australia & New Zealand Banking Group
Q4-11,2011-05-11,6.23,11-30-2011,Australia & New Zealand Banking Group
Q4-11,2011-05-12,6.23,11-30-2011,Australia & New Zealand Banking Group
Q4-11,2011-06-01,6.23,11-30-2011,Australia & New Zealand Banking Group
Q4-11,2011-06-03,6.23,11-30-2011,Australia & New Zealand Banking Group
Q4-11,2011-06-06,6.23,11-30-2011,Australia & New Zealand Banking Group
Q4-11,2011-06-29,6.23,11-30-2011,Australia & New Zealand Banking Group
Q4-11,2011-07-01,6.23,11-30-2011,Australia & New Zealand Banking Group
Q4-11,2011-07-26,6.3,11-30-2011,Australia & New Zealand Banking Group
Q4-11,2011-08-30,6.3,11-30-2011,Australia & New Zealand Banking Group
Q1-12,2010-11-01,6.03,11-30-2011,Australia & New Zealand Banking Group
Q1-12,2010-12-02,6.03,11-30-2011,Australia & New Zealand Banking Group
Q1-12,2011-02-01,6.22,11-30-2011,Australia & New Zealand Banking Group
Q1-12,2011-03-03,6.22,11-30-2011,Australia & New Zealand Banking Group
Q1-12,2011-04-01,6.22,11-30-2011,Australia & New Zealand Banking Group
Q1-12,2011-05-03,6.16,11-30-2011,Australia & New Zealand Banking Group
Q1-12,2011-05-11,6.16,11-30-2011,Australia & New Zealand Banking Group
Q1-12,2011-05-12,6.16,11-30-2011,Australia & New Zealand Banking Group
Q1-12,2011-06-01,6.16,11-30-2011,Australia & New Zealand Banking Group
Q1-12,2011-06-03,6.16,11-30-2011,Australia & New Zealand Banking Group
Q1-12,2011-06-06,6.16,11-30-2011,Australia & New Zealand Banking Group
Q1-12,2011-06-29,6.16,11-30-2011,Australia & New Zealand Banking Group
Q1-12,2011-07-01,6.16,11-30-2011,Australia & New Zealand Banking Group
Q1-12,2011-07-26,6.16,11-30-2011,Australia & New Zealand Banking Group
Q1-12,2011-08-30,6.16,11-30-2011,Australia & New Zealand Banking Group
Q2-12,2011-02-01,6.15,11-30-2011,Australia & New Zealand Banking Group
Q2-12,2011-03-03,6.15,11-30-2011,Australia & New Zealand Banking Group
Q2-12,2011-04-01,6.15,11-30-2011,Australia & New Zealand Banking Group
Q2-12,2011-05-03,6.1,11-30-2011,Australia & New Zealand Banking Group
Q2-12,2011-06-01,6.1,11-30-2011,Australia & New Zealand Banking Group
Q2-12,2011-06-03,6.1,11-30-2011,Australia & New Zealand Banking Group
Q2-12,2011-06-06,6.1,11-30-2011,Australia & New Zealand Banking Group
Q2-12,2011-06-29,6.1,11-30-2011,Australia & New Zealand Banking Group
Q2-12,2011-07-01,6.1,11-30-2011,Australia & New Zealand Banking Group
Q2-12,2011-07-26,6.1,11-30-2011,Australia & New Zealand Banking Group
Q2-12,2011-08-30,6.1,11-30-2011,Australia & New Zealand Banking Group
Q3-12,2011-04-01,5.91,11-30-2011,Australia & New Zealand Banking Group
Q3-12,2011-05-03,6.04,11-30-2011,Australia & New Zealand Banking Group
Q3-12,2011-06-01,6.04,11-30-2011,Australia & New Zealand Banking Group
2012,2009-12-21,6.13,11-30-2011,Australia & New Zealand Banking Group
2012,2010-02-01,6.13,11-30-2011,Australia & New Zealand Banking Group
2012,2010-03-05,6.0,11-30-2011,Australia & New Zealand Banking Group
2012,2010-03-31,6.0,11-30-2011,Australia & New Zealand Banking Group
2012,2010-05-27,6.09,11-30-2011,Australia & New Zealand Banking Group
2012,2010-10-12,5.97,11-30-2011,Australia & New Zealand Banking Group
2012,2011-04-01,5.85,11-30-2011,Australia & New Zealand Banking Group
2012,2011-05-11,5.98,11-30-2011,Australia & New Zealand Banking Group
2012,2011-05-12,5.98,11-30-2011,Australia & New Zealand Banking Group
2012,2011-06-29,5.98,11-30-2011,Australia & New Zealand Banking Group
2012,2011-07-01,5.98,11-30-2011,Australia & New Zealand Banking Group
2012,2011-07-26,5.99,11-30-2011,Australia & New Zealand Banking Group
2012,2011-08-30,5.99,11-30-2011,Australia & New Zealand Banking Group
2013,2010-05-27,5.85,11-30-2011,Australia & New Zealand Banking Group
2013,2010-10-12,5.73,11-30-2011,Australia & New Zealand Banking Group
2013,2011-05-11,5.62,11-30-2011,Australia & New Zealand Banking Group
2013,2011-05-12,5.62,11-30-2011,Australia & New Zealand Banking Group
2013,2011-06-29,5.62,11-30-2011,Australia & New Zealand Banking Group
2013,2011-07-01,5.62,11-30-2011,Australia & New Zealand Banking Group
Q1-20,2019-03-26,6.62,02-28-2020,Australia & New Zealand Banking Group
Q1-20,2019-05-06,6.62,02-28-2020,Australia & New Zealand Banking Group
Q1-20,2019-05-30,6.9,02-28-2020,Australia & New Zealand Banking Group
Q1-20,2019-07-01,6.9,02-28-2020,Australia & New Zealand Banking Group
Q1-20,2019-07-31,6.9,02-28-2020,Australia & New Zealand Banking Group
Q1-20,2019-08-26,7.24,02-28-2020,Australia & New Zealand Banking Group
Q1-20,2019-08-30,7.24,02-28-2020,Australia & New Zealand Banking Group
Q1-20,2019-09-04,7.24,02-28-2020,Australia & New Zealand Banking Group
Q1-20,2019-09-24,7.24,02-28-2020,Australia & New Zealand Banking Group
Q1-20,2019-11-04,7.24,02-28-2020,Australia & New Zealand Banking Group
Q1-20,2019-12-02,7.07,02-28-2020,Australia & New Zealand Banking Group
Q1-20,2019-12-03,7.07,02-28-2020,Australia & New Zealand Banking Group
Q1-20,2019-12-12,7.07,02-28-2020,Australia & New Zealand Banking Group
Q1-20,2020-01-14,7.07,02-28-2020,Australia & New Zealand Banking Group
Q1-20,2020-02-17,7.07,02-28-2020,Australia & New Zealand Banking Group
Q1-20,2020-02-27,7.07,02-28-2020,Australia & New Zealand Banking Group
Q2-20,2019-07-31,6.85,02-28-2020,Australia & New Zealand Banking Group
Q2-20,2019-08-26,7.28,02-28-2020,Australia & New Zealand Banking Group
Q2-20,2019-08-30,7.28,02-28-2020,Australia & New Zealand Banking Group
Q2-20,2019-09-04,7.28,02-28-2020,Australia & New Zealand Banking Group
Q2-20,2019-09-24,7.28,02-28-2020,Australia & New Zealand Banking Group
Q2-20,2019-11-04,7.28,02-28-2020,Australia & New Zealand Banking Group
Q2-20,2019-12-02,7.1,02-28-2020,Australia & New Zealand Banking Group
Q2-20,2019-12-03,7.1,02-28-2020,Australia & New Zealand Banking Group
Q2-20,2019-12-12,7.1,02-28-2020,Australia & New Zealand Banking Group
Q2-20,2020-01-14,7.1,02-28-2020,Australia & New Zealand Banking Group
Q2-20,2020-02-17,7.1,02-28-2020,Australia & New Zealand Banking Group
Q2-20,2020-02-27,7.1,02-28-2020,Australia & New Zealand Banking Group
Q3-20,2019-09-04,7.32,02-28-2020,Australia & New Zealand Banking Group
Q3-20,2019-09-24,7.32,02-28-2020,Australia & New Zealand Banking Group
Q3-20,2019-11-04,7.32,02-28-2020,Australia & New Zealand Banking Group
Q3-20,2019-12-02,7.12,02-28-2020,Australia & New Zealand Banking Group
Q3-20,2019-12-03,7.12,02-28-2020,Australia & New Zealand Banking Group
Q3-20,2019-12-12,7.12,02-28-2020,Australia & New Zealand Banking Group
Q3-20,2020-01-14,7.12,02-28-2020,Australia & New Zealand Banking Group
Q3-20,2020-02-17,7.12,02-28-2020,Australia & New Zealand Banking Group
Q3-20,2020-02-27,7.12,02-28-2020,Australia & New Zealand Banking Group
Q4-20,2018-03-01,6.2,02-28-2020,Australia & New Zealand Banking Group
Q4-20,2018-03-27,6.2,02-28-2020,Australia & New Zealand Banking Group
Q4-20,2018-04-25,6.2,02-28-2020,Australia & New Zealand Banking Group
Q4-20,2018-06-01,6.2,02-28-2020,Australia & New Zealand Banking Group
Q4-20,2018-07-03,6.4,02-28-2020,Australia & New Zealand Banking Group
Q4-20,2018-07-31,6.4,02-28-2020,Australia & New Zealand Banking Group
Q4-20,2018-08-31,6.45,02-28-2020,Australia & New Zealand Banking Group
Q4-20,2018-09-06,6.45,02-28-2020,Australia & New Zealand Banking Group
Q4-20,2018-09-25,6.55,02-28-2020,Australia & New Zealand Banking Group
Q4-20,2018-09-27,6.55,02-28-2020,Australia & New Zealand Banking Group
Q4-20,2018-10-11,6.55,02-28-2020,Australia & New Zealand Banking Group
Q4-20,2018-11-02,6.55,02-28-2020,Australia & New Zealand Banking Group
Q4-20,2018-12-07,6.55,02-28-2020,Australia & New Zealand Banking Group
Q4-20,2019-01-18,6.55,02-28-2020,Australia & New Zealand Banking Group
Q4-20,2019-03-26,6.55,02-28-2020,Australia & New Zealand Banking Group
Q4-20,2019-05-06,6.55,02-28-2020,Australia & New Zealand Banking Group
Q4-20,2019-05-30,6.75,02-28-2020,Australia & New Zealand Banking Group
Q4-20,2019-07-01,6.75,02-28-2020,Australia & New Zealand Banking Group
Q4-20,2019-07-31,6.75,02-28-2020,Australia & New Zealand Banking Group
Q4-20,2019-08-26,7.35,02-28-2020,Australia & New Zealand Banking Group
Q4-20,2019-08-30,7.35,02-28-2020,Australia & New Zealand Banking Group
Q4-20,2019-09-04,7.35,02-28-2020,Australia & New Zealand Banking Group
Q4-20,2019-09-24,7.35,02-28-2020,Australia & New Zealand Banking Group
Q4-20,2019-11-04,7.35,02-28-2020,Australia & New Zealand Banking Group
Q4-20,2019-12-02,7.15,02-28-2020,Australia & New Zealand Banking Group
Q4-20,2019-12-03,7.15,02-28-2020,Australia & New Zealand Banking Group
Q4-20,2019-12-12,7.15,02-28-2020,Australia & New Zealand Banking Group
Q4-20,2020-01-14,7.15,02-28-2020,Australia & New Zealand Banking Group
Q4-20,2020-02-17,7.15,02-28-2020,Australia & New Zealand Banking Group
Q4-20,2020-02-27,7.15,02-28-2020,Australia & New Zealand Banking Group
2021,2019-07-01,6.75,02-28-2020,Australia & New Zealand Banking Group
2021,2019-07-31,6.75,02-28-2020,Australia & New Zealand Banking Group
2021,2019-08-26,7.35,02-28-2020,Australia & New Zealand Banking Group
2021,2019-08-30,7.35,02-28-2020,Australia & New Zealand Banking Group
2021,2019-09-04,7.35,02-28-2020,Australia & New Zealand Banking Group
2021,2019-09-24,7.35,02-28-2020,Australia & New Zealand Banking Group
2021,2019-11-04,7.35,02-28-2020,Australia & New Zealand Banking Group
2021,2019-12-02,7.2,02-28-2020,Australia & New Zealand Banking Group
2021,2019-12-03,7.2,02-28-2020,Australia & New Zealand Banking Group
2021,2019-12-12,7.2,02-28-2020,Australia & New Zealand Banking Group
2021,2020-01-14,7.2,02-28-2020,Australia & New Zealand Banking Group
2021,2020-02-17,7.2,02-28-2020,Australia & New Zealand Banking Group
2021,2020-02-27,7.2,02-28-2020,Australia & New Zealand Banking Group
Q4-07,2006-09-11,7.55,11-30-2007,Australia & New Zealand Banking Group
Q4-07,2006-10-17,7.55,11-30-2007,Australia & New Zealand Banking Group
Q4-07,2006-11-21,7.55,11-30-2007,Australia & New Zealand Banking Group
Q4-07,2007-01-18,7.61,11-30-2007,Australia & New Zealand Banking Group
Q4-07,2007-02-22,7.45,11-30-2007,Australia & New Zealand Banking Group
Q4-07,2007-04-03,7.45,11-30-2007,Australia & New Zealand Banking Group
Q4-07,2007-05-08,7.45,11-30-2007,Australia & New Zealand Banking Group
Q4-07,2007-06-13,7.45,11-30-2007,Australia & New Zealand Banking Group
Q4-07,2007-07-19,7.45,11-30-2007,Australia & New Zealand Banking Group
Q4-07,2007-09-06,7.4,11-30-2007,Australia & New Zealand Banking Group
Q4-07,2007-10-17,7.4,11-30-2007,Australia & New Zealand Banking Group
Q1-08,2007-04-03,7.43,11-30-2007,Australia & New Zealand Banking Group
Q1-08,2007-05-08,7.43,11-30-2007,Australia & New Zealand Banking Group
Q1-08,2007-06-13,7.43,11-30-2007,Australia & New Zealand Banking Group
Q1-08,2007-07-19,7.43,11-30-2007,Australia & New Zealand Banking Group
Q1-08,2007-09-06,7.31,11-30-2007,Australia & New Zealand Banking Group
Q1-08,2007-10-17,7.31,11-30-2007,Australia & New Zealand Banking Group
Q2-08,2007-06-13,7.4,11-30-2007,Australia & New Zealand Banking Group
Q2-08,2007-07-19,7.4,11-30-2007,Australia & New Zealand Banking Group
Q2-08,2007-09-06,7.22,11-30-2007,Australia & New Zealand Banking Group
Q2-08,2007-10-17,7.22,11-30-2007,Australia & New Zealand Banking Group
Q3-08,2007-10-17,7.13,11-30-2007,Australia & New Zealand Banking Group
2008,2006-09-11,7.35,11-30-2007,Australia & New Zealand Banking Group
2008,2006-10-17,7.35,11-30-2007,Australia & New Zealand Banking Group
2008,2006-11-21,7.35,11-30-2007,Australia & New Zealand Banking Group
2008,2007-01-18,7.55,11-30-2007,Australia & New Zealand Banking Group
2008,2007-02-22,7.35,11-30-2007,Australia & New Zealand Banking Group
2008,2007-04-03,7.35,11-30-2007,Australia & New Zealand Banking Group
2008,2007-05-08,7.35,11-30-2007,Australia & New Zealand Banking Group
2008,2007-06-13,7.35,11-30-2007,Australia & New Zealand Banking Group
2008,2007-07-19,7.35,11-30-2007,Australia & New Zealand Banking Group
2008,2007-09-06,7.04,11-30-2007,Australia & New Zealand Banking Group
2008,2007-10-17,7.04,11-30-2007,Australia & New Zealand Banking Group
2009,2007-01-18,7.35,11-30-2007,Australia & New Zealand Banking Group
2009,2007-04-03,7.73,11-30-2007,Australia & New Zealand Banking Group
2009,2007-05-08,7.73,11-30-2007,Australia & New Zealand Banking Group
2009,2007-06-13,7.73,11-30-2007,Australia & New Zealand Banking Group
2009,2007-07-19,7.15,11-30-2007,Australia & New Zealand Banking Group
2009,2007-09-06,7.09,11-30-2007,Australia & New Zealand Banking Group
2009,2007-10-17,7.09,11-30-2007,Australia & New Zealand Banking Group
2010,2007-04-03,7.72,11-30-2007,Australia & New Zealand Banking Group
2010,2007-05-08,7.72,11-30-2007,Australia & New Zealand Banking Group
2010,2007-06-13,7.72,11-30-2007,Australia & New Zealand Banking Group
2010,2007-09-06,7.17,11-30-2007,Australia & New Zealand Banking Group
2010,2007-10-17,7.17,11-30-2007,Australia & New Zealand Banking Group
2011,2007-04-03,7.72,11-30-2007,Australia & New Zealand Banking Group
2011,2007-05-08,7.72,11-30-2007,Australia & New Zealand Banking Group
2011,2007-06-13,7.72,11-30-2007,Australia & New Zealand Banking Group
Q2-16,2015-04-29,6.19,05-31-2016,Australia & New Zealand Banking Group
Q2-16,2015-06-02,6.19,05-31-2016,Australia & New Zealand Banking Group
Q2-16,2015-06-17,6.19,05-31-2016,Australia & New Zealand Banking Group
Q2-16,2015-07-27,6.19,05-31-2016,Australia & New Zealand Banking Group
Q2-16,2015-08-21,6.65,05-31-2016,Australia & New Zealand Banking Group
Q2-16,2015-09-29,6.65,05-31-2016,Australia & New Zealand Banking Group
Q2-16,2015-10-28,6.55,05-31-2016,Australia & New Zealand Banking Group
Q2-16,2015-12-11,6.55,05-31-2016,Australia & New Zealand Banking Group
Q2-16,2016-01-21,6.6,05-31-2016,Australia & New Zealand Banking Group
Q2-16,2016-02-26,6.6,05-31-2016,Australia & New Zealand Banking Group
Q2-16,2016-03-29,6.55,05-31-2016,Australia & New Zealand Banking Group
Q2-16,2016-04-29,6.55,05-31-2016,Australia & New Zealand Banking Group
Q3-16,2015-04-29,6.18,05-31-2016,Australia & New Zealand Banking Group
Q3-16,2015-06-02,6.18,05-31-2016,Australia & New Zealand Banking Group
Q3-16,2015-06-17,6.18,05-31-2016,Australia & New Zealand Banking Group
Q3-16,2015-07-27,6.18,05-31-2016,Australia & New Zealand Banking Group
Q3-16,2015-09-29,6.7,05-31-2016,Australia & New Zealand Banking Group
Q3-16,2015-10-28,6.6,05-31-2016,Australia & New Zealand Banking Group
Q3-16,2015-12-11,6.6,05-31-2016,Australia & New Zealand Banking Group
Q3-16,2016-01-21,6.65,05-31-2016,Australia & New Zealand Banking Group
Q3-16,2016-02-26,6.65,05-31-2016,Australia & New Zealand Banking Group
Q3-16,2016-03-29,6.6,05-31-2016,Australia & New Zealand Banking Group
Q3-16,2016-04-29,6.6,05-31-2016,Australia & New Zealand Banking Group
Q3-16,2016-05-27,6.6,05-31-2016,Australia & New Zealand Banking Group
Q4-16,2014-11-06,5.92,05-31-2016,Australia & New Zealand Banking Group
Q4-16,2014-11-24,5.92,05-31-2016,Australia & New Zealand Banking Group
Q4-16,2014-12-18,6.05,05-31-2016,Australia & New Zealand Banking Group
Q4-16,2015-01-15,6.05,05-31-2016,Australia & New Zealand Banking Group
Q4-16,2015-01-21,6.12,05-31-2016,Australia & New Zealand Banking Group
Q4-16,2015-03-13,6.18,05-31-2016,Australia & New Zealand Banking Group
Q4-16,2015-04-29,6.18,05-31-2016,Australia & New Zealand Banking Group
Q4-16,2015-06-02,6.18,05-31-2016,Australia & New Zealand Banking Group
Q4-16,2015-06-17,6.24,05-31-2016,Australia & New Zealand Banking Group
Q4-16,2015-07-27,6.18,05-31-2016,Australia & New Zealand Banking Group
Q4-16,2015-08-21,6.75,05-31-2016,Australia & New Zealand Banking Group
Q4-16,2015-09-29,6.75,05-31-2016,Australia & New Zealand Banking Group
Q4-16,2015-10-28,6.65,05-31-2016,Australia & New Zealand Banking Group
Q4-16,2015-12-11,6.65,05-31-2016,Australia & New Zealand Banking Group
Q4-16,2016-01-21,6.7,05-31-2016,Australia & New Zealand Banking Group
Q4-16,2016-02-26,6.7,05-31-2016,Australia & New Zealand Banking Group
Q4-16,2016-03-29,6.65,05-31-2016,Australia & New Zealand Banking Group
Q4-16,2016-04-29,6.65,05-31-2016,Australia & New Zealand Banking Group
Q4-16,2016-05-27,6.65,05-31-2016,Australia & New Zealand Banking Group
Q1-17,2016-03-29,6.67,05-31-2016,Australia & New Zealand Banking Group
Q1-17,2016-04-29,6.67,05-31-2016,Australia & New Zealand Banking Group
Q1-17,2016-05-27,6.67,05-31-2016,Australia & New Zealand Banking Group
2017,2015-08-21,6.85,05-31-2016,Australia & New Zealand Banking Group
2017,2015-09-29,6.85,05-31-2016,Australia & New Zealand Banking Group
2017,2015-10-28,6.8,05-31-2016,Australia & New Zealand Banking Group
2017,2015-12-11,6.8,05-31-2016,Australia & New Zealand Banking Group
2017,2016-01-21,6.8,05-31-2016,Australia & New Zealand Banking Group
2017,2016-02-26,6.8,05-31-2016,Australia & New Zealand Banking Group
2017,2016-03-29,6.75,05-31-2016,Australia & New Zealand Banking Group
2017,2016-04-29,6.75,05-31-2016,Australia & New Zealand Banking Group
2017,2016-05-27,6.75,05-31-2016,Australia & New Zealand Banking Group
Q2-20,2019-07-31,6.85,05-31-2020,Australia & New Zealand Banking Group
Q2-20,2019-08-26,7.28,05-31-2020,Australia & New Zealand Banking Group
Q2-20,2019-08-30,7.28,05-31-2020,Australia & New Zealand Banking Group
Q2-20,2019-09-04,7.28,05-31-2020,Australia & New Zealand Banking Group
Q2-20,2019-09-24,7.28,05-31-2020,Australia & New Zealand Banking Group
Q2-20,2019-11-04,7.28,05-31-2020,Australia & New Zealand Banking Group
Q2-20,2019-12-02,7.1,05-31-2020,Australia & New Zealand Banking Group
Q2-20,2019-12-03,7.1,05-31-2020,Australia & New Zealand Banking Group
Q2-20,2019-12-12,7.1,05-31-2020,Australia & New Zealand Banking Group
Q2-20,2020-01-14,7.1,05-31-2020,Australia & New Zealand Banking Group
Q2-20,2020-02-17,7.1,05-31-2020,Australia & New Zealand Banking Group
Q2-20,2020-02-27,7.1,05-31-2020,Australia & New Zealand Banking Group
Q2-20,2020-03-05,7.1,05-31-2020,Australia & New Zealand Banking Group
Q2-20,2020-05-01,7.15,05-31-2020,Australia & New Zealand Banking Group
Q2-20,2020-05-25,7.15,05-31-2020,Australia & New Zealand Banking Group
Q2-20,2020-05-28,7.15,05-31-2020,Australia & New Zealand Banking Group
Q3-20,2019-09-04,7.32,05-31-2020,Australia & New Zealand Banking Group
Q3-20,2019-09-24,7.32,05-31-2020,Australia & New Zealand Banking Group
Q3-20,2019-11-04,7.32,05-31-2020,Australia & New Zealand Banking Group
Q3-20,2019-12-02,7.12,05-31-2020,Australia & New Zealand Banking Group
Q3-20,2019-12-03,7.12,05-31-2020,Australia & New Zealand Banking Group
Q3-20,2019-12-12,7.12,05-31-2020,Australia & New Zealand Banking Group
Q3-20,2020-01-14,7.12,05-31-2020,Australia & New Zealand Banking Group
Q3-20,2020-02-17,7.12,05-31-2020,Australia & New Zealand Banking Group
Q3-20,2020-02-27,7.12,05-31-2020,Australia & New Zealand Banking Group
Q3-20,2020-03-05,7.12,05-31-2020,Australia & New Zealand Banking Group
Q3-20,2020-05-01,7.2,05-31-2020,Australia & New Zealand Banking Group
Q3-20,2020-05-25,7.2,05-31-2020,Australia & New Zealand Banking Group
Q3-20,2020-05-28,7.2,05-31-2020,Australia & New Zealand Banking Group
Q4-20,2018-06-01,6.2,05-31-2020,Australia & New Zealand Banking Group
Q4-20,2018-07-03,6.4,05-31-2020,Australia & New Zealand Banking Group
Q4-20,2018-07-31,6.4,05-31-2020,Australia & New Zealand Banking Group
Q4-20,2018-08-31,6.45,05-31-2020,Australia & New Zealand Banking Group
Q4-20,2018-09-06,6.45,05-31-2020,Australia & New Zealand Banking Group
Q4-20,2018-09-25,6.55,05-31-2020,Australia & New Zealand Banking Group
Q4-20,2018-09-27,6.55,05-31-2020,Australia & New Zealand Banking Group
Q4-20,2018-10-11,6.55,05-31-2020,Australia & New Zealand Banking Group
Q4-20,2018-11-02,6.55,05-31-2020,Australia & New Zealand Banking Group
Q4-20,2018-12-07,6.55,05-31-2020,Australia & New Zealand Banking Group
Q4-20,2019-01-18,6.55,05-31-2020,Australia & New Zealand Banking Group
Q4-20,2019-03-26,6.55,05-31-2020,Australia & New Zealand Banking Group
Q4-20,2019-05-06,6.55,05-31-2020,Australia & New Zealand Banking Group
Q4-20,2019-05-30,6.75,05-31-2020,Australia & New Zealand Banking Group
Q4-20,2019-07-01,6.75,05-31-2020,Australia & New Zealand Banking Group
Q4-20,2019-07-31,6.75,05-31-2020,Australia & New Zealand Banking Group
Q4-20,2019-08-26,7.35,05-31-2020,Australia & New Zealand Banking Group
Q4-20,2019-08-30,7.35,05-31-2020,Australia & New Zealand Banking Group
Q4-20,2019-09-04,7.35,05-31-2020,Australia & New Zealand Banking Group
Q4-20,2019-09-24,7.35,05-31-2020,Australia & New Zealand Banking Group
Q4-20,2019-11-04,7.35,05-31-2020,Australia & New Zealand Banking Group
Q4-20,2019-12-02,7.15,05-31-2020,Australia & New Zealand Banking Group
Q4-20,2019-12-03,7.15,05-31-2020,Australia & New Zealand Banking Group
Q4-20,2019-12-12,7.15,05-31-2020,Australia & New Zealand Banking Group
Q4-20,2020-01-14,7.15,05-31-2020,Australia & New Zealand Banking Group
Q4-20,2020-02-17,7.15,05-31-2020,Australia & New Zealand Banking Group
Q4-20,2020-02-27,7.15,05-31-2020,Australia & New Zealand Banking Group
Q4-20,2020-03-05,7.15,05-31-2020,Australia & New Zealand Banking Group
Q4-20,2020-05-01,7.15,05-31-2020,Australia & New Zealand Banking Group
Q4-20,2020-05-25,7.15,05-31-2020,Australia & New Zealand Banking Group
Q4-20,2020-05-28,7.15,05-31-2020,Australia & New Zealand Banking Group
Q1-21,2020-03-05,7.16,05-31-2020,Australia & New Zealand Banking Group
Q1-21,2020-05-01,7.13,05-31-2020,Australia & New Zealand Banking Group
Q1-21,2020-05-25,7.13,05-31-2020,Australia & New Zealand Banking Group
Q1-21,2020-05-28,7.13,05-31-2020,Australia & New Zealand Banking Group
2021,2019-07-01,6.75,05-31-2020,Australia & New Zealand Banking Group
2021,2019-07-31,6.75,05-31-2020,Australia & New Zealand Banking Group
2021,2019-08-26,7.35,05-31-2020,Australia & New Zealand Banking Group
2021,2019-08-30,7.35,05-31-2020,Australia & New Zealand Banking Group
2021,2019-09-04,7.35,05-31-2020,Australia & New Zealand Banking Group
2021,2019-09-24,7.35,05-31-2020,Australia & New Zealand Banking Group
2021,2019-11-04,7.35,05-31-2020,Australia & New Zealand Banking Group
2021,2019-12-02,7.2,05-31-2020,Australia & New Zealand Banking Group
2021,2019-12-03,7.2,05-31-2020,Australia & New Zealand Banking Group
2021,2019-12-12,7.2,05-31-2020,Australia & New Zealand Banking Group
2021,2020-01-14,7.2,05-31-2020,Australia & New Zealand Banking Group
2021,2020-02-17,7.2,05-31-2020,Australia & New Zealand Banking Group
2021,2020-02-27,7.2,05-31-2020,Australia & New Zealand Banking Group
2021,2020-03-05,7.2,05-31-2020,Australia & New Zealand Banking Group
2021,2020-05-01,7.1,05-31-2020,Australia & New Zealand Banking Group
2021,2020-05-25,7.1,05-31-2020,Australia & New Zealand Banking Group
2021,2020-05-28,7.1,05-31-2020,Australia & New Zealand Banking Group
Q3-07,2006-09-11,7.61,08-31-2007,Australia & New Zealand Banking Group
Q3-07,2006-10-17,7.61,08-31-2007,Australia & New Zealand Banking Group
Q3-07,2006-11-21,7.61,08-31-2007,Australia & New Zealand Banking Group
Q3-07,2007-01-18,7.67,08-31-2007,Australia & New Zealand Banking Group
Q3-07,2007-02-22,7.53,08-31-2007,Australia & New Zealand Banking Group
Q3-07,2007-04-03,7.55,08-31-2007,Australia & New Zealand Banking Group
Q3-07,2007-05-08,7.56,08-31-2007,Australia & New Zealand Banking Group
Q3-07,2007-06-13,7.55,08-31-2007,Australia & New Zealand Banking Group
Q3-07,2007-07-19,7.52,08-31-2007,Australia & New Zealand Banking Group
Q4-07,2006-09-11,7.55,08-31-2007,Australia & New Zealand Banking Group
Q4-07,2006-10-17,7.55,08-31-2007,Australia & New Zealand Banking Group
Q4-07,2006-11-21,7.55,08-31-2007,Australia & New Zealand Banking Group
Q4-07,2007-01-18,7.61,08-31-2007,Australia & New Zealand Banking Group
Q4-07,2007-02-22,7.45,08-31-2007,Australia & New Zealand Banking Group
Q4-07,2007-04-03,7.45,08-31-2007,Australia & New Zealand Banking Group
Q4-07,2007-05-08,7.45,08-31-2007,Australia & New Zealand Banking Group
Q4-07,2007-06-13,7.45,08-31-2007,Australia & New Zealand Banking Group
Q4-07,2007-07-19,7.45,08-31-2007,Australia & New Zealand Banking Group
Q1-08,2007-04-03,7.43,08-31-2007,Australia & New Zealand Banking Group
Q1-08,2007-05-08,7.43,08-31-2007,Australia & New Zealand Banking Group
Q1-08,2007-06-13,7.43,08-31-2007,Australia & New Zealand Banking Group
Q1-08,2007-07-19,7.43,08-31-2007,Australia & New Zealand Banking Group
Q2-08,2007-06-13,7.4,08-31-2007,Australia & New Zealand Banking Group
Q2-08,2007-07-19,7.4,08-31-2007,Australia & New Zealand Banking Group
2008,2006-09-11,7.35,08-31-2007,Australia & New Zealand Banking Group
2008,2006-10-17,7.35,08-31-2007,Australia & New Zealand Banking Group
2008,2006-11-21,7.35,08-31-2007,Australia & New Zealand Banking Group
2008,2007-01-18,7.55,08-31-2007,Australia & New Zealand Banking Group
2008,2007-02-22,7.35,08-31-2007,Australia & New Zealand Banking Group
2008,2007-04-03,7.35,08-31-2007,Australia & New Zealand Banking Group
2008,2007-05-08,7.35,08-31-2007,Australia & New Zealand Banking Group
2008,2007-06-13,7.35,08-31-2007,Australia & New Zealand Banking Group
2008,2007-07-19,7.35,08-31-2007,Australia & New Zealand Banking Group
2009,2007-01-18,7.35,08-31-2007,Australia & New Zealand Banking Group
2009,2007-04-03,7.73,08-31-2007,Australia & New Zealand Banking Group
2009,2007-05-08,7.73,08-31-2007,Australia & New Zealand Banking Group
2009,2007-06-13,7.73,08-31-2007,Australia & New Zealand Banking Group
2009,2007-07-19,7.15,08-31-2007,Australia & New Zealand Banking Group
2010,2007-04-03,7.72,08-31-2007,Australia & New Zealand Banking Group
2010,2007-05-08,7.72,08-31-2007,Australia & New Zealand Banking Group
2010,2007-06-13,7.72,08-31-2007,Australia & New Zealand Banking Group
2011,2007-04-03,7.72,08-31-2007,Australia & New Zealand Banking Group
2011,2007-05-08,7.72,08-31-2007,Australia & New Zealand Banking Group
2011,2007-06-13,7.72,08-31-2007,Australia & New Zealand Banking Group
Q3-11,2010-09-02,6.32,08-31-2011,Australia & New Zealand Banking Group
Q3-11,2010-10-12,6.32,08-31-2011,Australia & New Zealand Banking Group
Q3-11,2010-11-01,6.2,08-31-2011,Australia & New Zealand Banking Group
Q3-11,2010-12-02,6.2,08-31-2011,Australia & New Zealand Banking Group
Q3-11,2011-02-01,6.36,08-31-2011,Australia & New Zealand Banking Group
Q3-11,2011-03-03,6.36,08-31-2011,Australia & New Zealand Banking Group
Q3-11,2011-04-01,6.36,08-31-2011,Australia & New Zealand Banking Group
Q3-11,2011-05-03,6.33,08-31-2011,Australia & New Zealand Banking Group
Q3-11,2011-05-11,6.33,08-31-2011,Australia & New Zealand Banking Group
Q3-11,2011-05-12,6.33,08-31-2011,Australia & New Zealand Banking Group
Q3-11,2011-06-01,6.33,08-31-2011,Australia & New Zealand Banking Group
Q3-11,2011-06-03,6.33,08-31-2011,Australia & New Zealand Banking Group
Q3-11,2011-06-06,6.33,08-31-2011,Australia & New Zealand Banking Group
Q3-11,2011-06-29,6.33,08-31-2011,Australia & New Zealand Banking Group
Q3-11,2011-07-01,6.33,08-31-2011,Australia & New Zealand Banking Group
Q3-11,2011-07-26,6.38,08-31-2011,Australia & New Zealand Banking Group
Q3-11,2011-08-30,6.38,08-31-2011,Australia & New Zealand Banking Group
Q4-11,2009-09-18,6.8,08-31-2011,Australia & New Zealand Banking Group
Q4-11,2009-10-23,6.53,08-31-2011,Australia & New Zealand Banking Group
Q4-11,2009-11-18,6.66,08-31-2011,Australia & New Zealand Banking Group
Q4-11,2009-11-20,6.38,08-31-2011,Australia & New Zealand Banking Group
Q4-11,2009-12-21,6.38,08-31-2011,Australia & New Zealand Banking Group
Q4-11,2010-02-01,6.38,08-31-2011,Australia & New Zealand Banking Group
Q4-11,2010-02-11,6.24,08-31-2011,Australia & New Zealand Banking Group
Q4-11,2010-03-05,6.24,08-31-2011,Australia & New Zealand Banking Group
Q4-11,2010-03-31,6.24,08-31-2011,Australia & New Zealand Banking Group
Q4-11,2010-05-27,6.34,08-31-2011,Australia & New Zealand Banking Group
Q4-11,2010-08-02,6.21,08-31-2011,Australia & New Zealand Banking Group
Q4-11,2010-09-02,6.21,08-31-2011,Australia & New Zealand Banking Group
Q4-11,2010-10-12,6.21,08-31-2011,Australia & New Zealand Banking Group
Q4-11,2010-11-01,6.09,08-31-2011,Australia & New Zealand Banking Group
Q4-11,2010-12-02,6.09,08-31-2011,Australia & New Zealand Banking Group
Q4-11,2011-02-01,6.28,08-31-2011,Australia & New Zealand Banking Group
Q4-11,2011-03-03,6.28,08-31-2011,Australia & New Zealand Banking Group
Q4-11,2011-04-01,6.28,08-31-2011,Australia & New Zealand Banking Group
Q4-11,2011-05-03,6.23,08-31-2011,Australia & New Zealand Banking Group
Q4-11,2011-05-11,6.23,08-31-2011,Australia & New Zealand Banking Group
Q4-11,2011-05-12,6.23,08-31-2011,Australia & New Zealand Banking Group
Q4-11,2011-06-01,6.23,08-31-2011,Australia & New Zealand Banking Group
Q4-11,2011-06-03,6.23,08-31-2011,Australia & New Zealand Banking Group
Q4-11,2011-06-06,6.23,08-31-2011,Australia & New Zealand Banking Group
Q4-11,2011-06-29,6.23,08-31-2011,Australia & New Zealand Banking Group
Q4-11,2011-07-01,6.23,08-31-2011,Australia & New Zealand Banking Group
Q4-11,2011-07-26,6.3,08-31-2011,Australia & New Zealand Banking Group
Q4-11,2011-08-30,6.3,08-31-2011,Australia & New Zealand Banking Group
Q1-12,2010-11-01,6.03,08-31-2011,Australia & New Zealand Banking Group
Q1-12,2010-12-02,6.03,08-31-2011,Australia & New Zealand Banking Group
Q1-12,2011-02-01,6.22,08-31-2011,Australia & New Zealand Banking Group
Q1-12,2011-03-03,6.22,08-31-2011,Australia & New Zealand Banking Group
Q1-12,2011-04-01,6.22,08-31-2011,Australia & New Zealand Banking Group
Q1-12,2011-05-03,6.16,08-31-2011,Australia & New Zealand Banking Group
Q1-12,2011-05-11,6.16,08-31-2011,Australia & New Zealand Banking Group
Q1-12,2011-05-12,6.16,08-31-2011,Australia & New Zealand Banking Group
Q1-12,2011-06-01,6.16,08-31-2011,Australia & New Zealand Banking Group
Q1-12,2011-06-03,6.16,08-31-2011,Australia & New Zealand Banking Group
Q1-12,2011-06-06,6.16,08-31-2011,Australia & New Zealand Banking Group
Q1-12,2011-06-29,6.16,08-31-2011,Australia & New Zealand Banking Group
Q1-12,2011-07-01,6.16,08-31-2011,Australia & New Zealand Banking Group
Q1-12,2011-07-26,6.16,08-31-2011,Australia & New Zealand Banking Group
Q1-12,2011-08-30,6.16,08-31-2011,Australia & New Zealand Banking Group
Q2-12,2011-02-01,6.15,08-31-2011,Australia & New Zealand Banking Group
Q2-12,2011-03-03,6.15,08-31-2011,Australia & New Zealand Banking Group
Q2-12,2011-04-01,6.15,08-31-2011,Australia & New Zealand Banking Group
Q2-12,2011-05-03,6.1,08-31-2011,Australia & New Zealand Banking Group
Q2-12,2011-06-01,6.1,08-31-2011,Australia & New Zealand Banking Group
Q2-12,2011-06-03,6.1,08-31-2011,Australia & New Zealand Banking Group
Q2-12,2011-06-06,6.1,08-31-2011,Australia & New Zealand Banking Group
Q2-12,2011-06-29,6.1,08-31-2011,Australia & New Zealand Banking Group
Q2-12,2011-07-01,6.1,08-31-2011,Australia & New Zealand Banking Group
Q2-12,2011-07-26,6.1,08-31-2011,Australia & New Zealand Banking Group
Q2-12,2011-08-30,6.1,08-31-2011,Australia & New Zealand Banking Group
2012,2009-09-18,6.53,08-31-2011,Australia & New Zealand Banking Group
2012,2009-10-23,6.27,08-31-2011,Australia & New Zealand Banking Group
2012,2009-11-18,6.38,08-31-2011,Australia & New Zealand Banking Group
2012,2009-11-20,6.13,08-31-2011,Australia & New Zealand Banking Group
2012,2009-12-21,6.13,08-31-2011,Australia & New Zealand Banking Group
2012,2010-02-01,6.13,08-31-2011,Australia & New Zealand Banking Group
2012,2010-03-05,6.0,08-31-2011,Australia & New Zealand Banking Group
2012,2010-03-31,6.0,08-31-2011,Australia & New Zealand Banking Group
2012,2010-05-27,6.09,08-31-2011,Australia & New Zealand Banking Group
2012,2010-10-12,5.97,08-31-2011,Australia & New Zealand Banking Group
2012,2011-04-01,5.85,08-31-2011,Australia & New Zealand Banking Group
2012,2011-05-11,5.98,08-31-2011,Australia & New Zealand Banking Group
2012,2011-05-12,5.98,08-31-2011,Australia & New Zealand Banking Group
2012,2011-06-29,5.98,08-31-2011,Australia & New Zealand Banking Group
2012,2011-07-01,5.98,08-31-2011,Australia & New Zealand Banking Group
2012,2011-07-26,5.99,08-31-2011,Australia & New Zealand Banking Group
2012,2011-08-30,5.99,08-31-2011,Australia & New Zealand Banking Group
2013,2009-09-18,6.27,08-31-2011,Australia & New Zealand Banking Group
2013,2009-11-18,6.13,08-31-2011,Australia & New Zealand Banking Group
2013,2010-05-27,5.85,08-31-2011,Australia & New Zealand Banking Group
2013,2010-10-12,5.73,08-31-2011,Australia & New Zealand Banking Group
2013,2011-05-11,5.62,08-31-2011,Australia & New Zealand Banking Group
2013,2011-05-12,5.62,08-31-2011,Australia & New Zealand Banking Group
2013,2011-06-29,5.62,08-31-2011,Australia & New Zealand Banking Group
2013,2011-07-01,5.62,08-31-2011,Australia & New Zealand Banking Group
Q1-16,2015-04-29,6.2,02-28-2016,Australia & New Zealand Banking Group
Q1-16,2015-06-02,6.2,02-28-2016,Australia & New Zealand Banking Group
Q1-16,2015-06-17,6.2,02-28-2016,Australia & New Zealand Banking Group
Q1-16,2015-07-27,6.2,02-28-2016,Australia & New Zealand Banking Group
Q1-16,2015-08-21,6.6,02-28-2016,Australia & New Zealand Banking Group
Q1-16,2015-09-29,6.6,02-28-2016,Australia & New Zealand Banking Group
Q1-16,2015-10-28,6.5,02-28-2016,Australia & New Zealand Banking Group
Q1-16,2015-12-11,6.5,02-28-2016,Australia & New Zealand Banking Group
Q1-16,2016-01-21,6.55,02-28-2016,Australia & New Zealand Banking Group
Q1-16,2016-02-26,6.55,02-28-2016,Australia & New Zealand Banking Group
Q2-16,2015-04-29,6.19,02-28-2016,Australia & New Zealand Banking Group
Q2-16,2015-06-02,6.19,02-28-2016,Australia & New Zealand Banking Group
Q2-16,2015-06-17,6.19,02-28-2016,Australia & New Zealand Banking Group
Q2-16,2015-07-27,6.19,02-28-2016,Australia & New Zealand Banking Group
Q2-16,2015-08-21,6.65,02-28-2016,Australia & New Zealand Banking Group
Q2-16,2015-09-29,6.65,02-28-2016,Australia & New Zealand Banking Group
Q2-16,2015-10-28,6.55,02-28-2016,Australia & New Zealand Banking Group
Q2-16,2015-12-11,6.55,02-28-2016,Australia & New Zealand Banking Group
Q2-16,2016-01-21,6.6,02-28-2016,Australia & New Zealand Banking Group
Q2-16,2016-02-26,6.6,02-28-2016,Australia & New Zealand Banking Group
Q3-16,2015-04-29,6.18,02-28-2016,Australia & New Zealand Banking Group
Q3-16,2015-06-02,6.18,02-28-2016,Australia & New Zealand Banking Group
Q3-16,2015-06-17,6.18,02-28-2016,Australia & New Zealand Banking Group
Q3-16,2015-07-27,6.18,02-28-2016,Australia & New Zealand Banking Group
Q3-16,2015-09-29,6.7,02-28-2016,Australia & New Zealand Banking Group
Q3-16,2015-10-28,6.6,02-28-2016,Australia & New Zealand Banking Group
Q3-16,2015-12-11,6.6,02-28-2016,Australia & New Zealand Banking Group
Q3-16,2016-01-21,6.65,02-28-2016,Australia & New Zealand Banking Group
Q3-16,2016-02-26,6.65,02-28-2016,Australia & New Zealand Banking Group
Q4-16,2014-11-06,5.92,02-28-2016,Australia & New Zealand Banking Group
Q4-16,2014-11-24,5.92,02-28-2016,Australia & New Zealand Banking Group
Q4-16,2014-12-18,6.05,02-28-2016,Australia & New Zealand Banking Group
Q4-16,2015-01-15,6.05,02-28-2016,Australia & New Zealand Banking Group
Q4-16,2015-01-21,6.12,02-28-2016,Australia & New Zealand Banking Group
Q4-16,2015-03-13,6.18,02-28-2016,Australia & New Zealand Banking Group
Q4-16,2015-04-29,6.18,02-28-2016,Australia & New Zealand Banking Group
Q4-16,2015-06-02,6.18,02-28-2016,Australia & New Zealand Banking Group
Q4-16,2015-06-17,6.24,02-28-2016,Australia & New Zealand Banking Group
Q4-16,2015-07-27,6.18,02-28-2016,Australia & New Zealand Banking Group
Q4-16,2015-08-21,6.75,02-28-2016,Australia & New Zealand Banking Group
Q4-16,2015-09-29,6.75,02-28-2016,Australia & New Zealand Banking Group
Q4-16,2015-10-28,6.65,02-28-2016,Australia & New Zealand Banking Group
Q4-16,2015-12-11,6.65,02-28-2016,Australia & New Zealand Banking Group
Q4-16,2016-01-21,6.7,02-28-2016,Australia & New Zealand Banking Group
Q4-16,2016-02-26,6.7,02-28-2016,Australia & New Zealand Banking Group
2017,2015-08-21,6.85,02-28-2016,Australia & New Zealand Banking Group
2017,2015-09-29,6.85,02-28-2016,Australia & New Zealand Banking Group
2017,2015-10-28,6.8,02-28-2016,Australia & New Zealand Banking Group
2017,2015-12-11,6.8,02-28-2016,Australia & New Zealand Banking Group
2017,2016-01-21,6.8,02-28-2016,Australia & New Zealand Banking Group
2017,2016-02-26,6.8,02-28-2016,Australia & New Zealand Banking Group
Q4-08,2007-01-18,7.55,11-30-2008,Australia & New Zealand Banking Group
Q4-08,2007-02-22,7.35,11-30-2008,Australia & New Zealand Banking Group
Q4-08,2007-04-03,7.35,11-30-2008,Australia & New Zealand Banking Group
Q4-08,2007-05-08,7.35,11-30-2008,Australia & New Zealand Banking Group
Q4-08,2007-06-13,7.35,11-30-2008,Australia & New Zealand Banking Group
Q4-08,2007-07-19,7.35,11-30-2008,Australia & New Zealand Banking Group
Q4-08,2007-09-06,7.04,11-30-2008,Australia & New Zealand Banking Group
Q4-08,2007-10-17,7.04,11-30-2008,Australia & New Zealand Banking Group
Q4-08,2007-12-17,7.04,11-30-2008,Australia & New Zealand Banking Group
Q4-08,2008-01-30,6.67,11-30-2008,Australia & New Zealand Banking Group
Q4-08,2008-02-21,6.67,11-30-2008,Australia & New Zealand Banking Group
Q4-08,2008-06-19,6.85,11-30-2008,Australia & New Zealand Banking Group
Q4-08,2008-07-03,6.85,11-30-2008,Australia & New Zealand Banking Group
Q4-08,2008-11-20,6.84,11-30-2008,Australia & New Zealand Banking Group
Q1-09,2008-06-19,6.89,11-30-2008,Australia & New Zealand Banking Group
Q1-09,2008-07-03,6.89,11-30-2008,Australia & New Zealand Banking Group
Q1-09,2008-11-20,6.86,11-30-2008,Australia & New Zealand Banking Group
Q2-09,2008-11-20,6.89,11-30-2008,Australia & New Zealand Banking Group
Q3-09,2008-11-20,6.89,11-30-2008,Australia & New Zealand Banking Group
2009,2007-01-18,7.35,11-30-2008,Australia & New Zealand Banking Group
2009,2007-04-03,7.73,11-30-2008,Australia & New Zealand Banking Group
2009,2007-05-08,7.73,11-30-2008,Australia & New Zealand Banking Group
2009,2007-06-13,7.73,11-30-2008,Australia & New Zealand Banking Group
2009,2007-07-19,7.15,11-30-2008,Australia & New Zealand Banking Group
2009,2007-09-06,7.09,11-30-2008,Australia & New Zealand Banking Group
2009,2007-10-17,7.09,11-30-2008,Australia & New Zealand Banking Group
2009,2007-12-17,7.09,11-30-2008,Australia & New Zealand Banking Group
2009,2008-01-30,6.83,11-30-2008,Australia & New Zealand Banking Group
2009,2008-02-21,6.83,11-30-2008,Australia & New Zealand Banking Group
2009,2008-06-19,7.02,11-30-2008,Australia & New Zealand Banking Group
2009,2008-07-03,7.02,11-30-2008,Australia & New Zealand Banking Group
2009,2008-11-20,6.89,11-30-2008,Australia & New Zealand Banking Group
2010,2007-04-03,7.72,11-30-2008,Australia & New Zealand Banking Group
2010,2007-05-08,7.72,11-30-2008,Australia & New Zealand Banking Group
2010,2007-06-13,7.72,11-30-2008,Australia & New Zealand Banking Group
2010,2007-09-06,7.17,11-30-2008,Australia & New Zealand Banking Group
2010,2007-10-17,7.17,11-30-2008,Australia & New Zealand Banking Group
2010,2007-12-17,7.17,11-30-2008,Australia & New Zealand Banking Group
2010,2008-01-30,6.99,11-30-2008,Australia & New Zealand Banking Group
2010,2008-02-21,6.99,11-30-2008,Australia & New Zealand Banking Group
2010,2008-06-19,7.19,11-30-2008,Australia & New Zealand Banking Group
2010,2008-07-03,7.19,11-30-2008,Australia & New Zealand Banking Group
2010,2008-11-20,6.68,11-30-2008,Australia & New Zealand Banking Group
2011,2007-04-03,7.72,11-30-2008,Australia & New Zealand Banking Group
2011,2007-05-08,7.72,11-30-2008,Australia & New Zealand Banking Group
2011,2007-06-13,7.72,11-30-2008,Australia & New Zealand Banking Group
2011,2008-01-30,7.2,11-30-2008,Australia & New Zealand Banking Group
2011,2008-02-21,7.2,11-30-2008,Australia & New Zealand Banking Group
2011,2008-06-19,7.2,11-30-2008,Australia & New Zealand Banking Group
2011,2008-07-03,7.2,11-30-2008,Australia & New Zealand Banking Group
2011,2008-11-20,6.42,11-30-2008,Australia & New Zealand Banking Group
2012,2008-01-30,7.2,11-30-2008,Australia & New Zealand Banking Group
2012,2008-02-21,7.2,11-30-2008,Australia & New Zealand Banking Group
Q2-19,2018-06-01,6.3,05-31-2019,Australia & New Zealand Banking Group
Q2-19,2018-07-03,6.5,05-31-2019,Australia & New Zealand Banking Group
Q2-19,2018-07-31,6.5,05-31-2019,Australia & New Zealand Banking Group
Q2-19,2018-08-31,6.6,05-31-2019,Australia & New Zealand Banking Group
Q2-19,2018-09-06,6.6,05-31-2019,Australia & New Zealand Banking Group
Q2-19,2018-09-25,6.85,05-31-2019,Australia & New Zealand Banking Group
Q2-19,2018-09-27,6.85,05-31-2019,Australia & New Zealand Banking Group
Q2-19,2018-10-11,6.85,05-31-2019,Australia & New Zealand Banking Group
Q2-19,2018-11-02,6.85,05-31-2019,Australia & New Zealand Banking Group
Q2-19,2018-12-07,6.85,05-31-2019,Australia & New Zealand Banking Group
Q2-19,2019-01-18,6.85,05-31-2019,Australia & New Zealand Banking Group
Q2-19,2019-03-26,6.69,05-31-2019,Australia & New Zealand Banking Group
Q2-19,2019-05-06,6.69,05-31-2019,Australia & New Zealand Banking Group
Q2-19,2019-05-30,6.93,05-31-2019,Australia & New Zealand Banking Group
Q3-19,2018-09-06,6.58,05-31-2019,Australia & New Zealand Banking Group
Q3-19,2018-09-25,6.8,05-31-2019,Australia & New Zealand Banking Group
Q3-19,2018-09-27,6.8,05-31-2019,Australia & New Zealand Banking Group
Q3-19,2018-10-11,6.8,05-31-2019,Australia & New Zealand Banking Group
Q3-19,2018-11-02,6.8,05-31-2019,Australia & New Zealand Banking Group
Q3-19,2018-12-07,6.8,05-31-2019,Australia & New Zealand Banking Group
Q3-19,2019-01-18,6.8,05-31-2019,Australia & New Zealand Banking Group
Q3-19,2019-03-26,6.67,05-31-2019,Australia & New Zealand Banking Group
Q3-19,2019-05-06,6.67,05-31-2019,Australia & New Zealand Banking Group
Q3-19,2019-05-30,6.93,05-31-2019,Australia & New Zealand Banking Group
Q4-19,2017-07-31,6.9,05-31-2019,Australia & New Zealand Banking Group
Q4-19,2017-08-31,6.9,05-31-2019,Australia & New Zealand Banking Group
Q4-19,2017-09-05,6.9,05-31-2019,Australia & New Zealand Banking Group
Q4-19,2017-09-20,6.9,05-31-2019,Australia & New Zealand Banking Group
Q4-19,2017-09-26,6.75,05-31-2019,Australia & New Zealand Banking Group
Q4-19,2017-11-06,6.75,05-31-2019,Australia & New Zealand Banking Group
Q4-19,2017-11-09,6.75,05-31-2019,Australia & New Zealand Banking Group
Q4-19,2017-11-13,6.75,05-31-2019,Australia & New Zealand Banking Group
Q4-19,2017-12-02,6.45,05-31-2019,Australia & New Zealand Banking Group
Q4-19,2018-01-23,6.45,05-31-2019,Australia & New Zealand Banking Group
Q4-19,2018-01-31,6.2,05-31-2019,Australia & New Zealand Banking Group
Q4-19,2018-02-14,6.2,05-31-2019,Australia & New Zealand Banking Group
Q4-19,2018-02-28,6.2,05-31-2019,Australia & New Zealand Banking Group
Q4-19,2018-03-01,6.2,05-31-2019,Australia & New Zealand Banking Group
Q4-19,2018-03-27,6.2,05-31-2019,Australia & New Zealand Banking Group
Q4-19,2018-04-25,6.2,05-31-2019,Australia & New Zealand Banking Group
Q4-19,2018-06-01,6.25,05-31-2019,Australia & New Zealand Banking Group
Q4-19,2018-07-03,6.45,05-31-2019,Australia & New Zealand Banking Group
Q4-19,2018-07-31,6.45,05-31-2019,Australia & New Zealand Banking Group
Q4-19,2018-08-31,6.55,05-31-2019,Australia & New Zealand Banking Group
Q4-19,2018-09-06,6.55,05-31-2019,Australia & New Zealand Banking Group
Q4-19,2018-09-25,6.75,05-31-2019,Australia & New Zealand Banking Group
Q4-19,2018-09-27,6.75,05-31-2019,Australia & New Zealand Banking Group
Q4-19,2018-10-11,6.75,05-31-2019,Australia & New Zealand Banking Group
Q4-19,2018-11-02,6.75,05-31-2019,Australia & New Zealand Banking Group
Q4-19,2018-12-07,6.75,05-31-2019,Australia & New Zealand Banking Group
Q4-19,2019-01-18,6.75,05-31-2019,Australia & New Zealand Banking Group
Q4-19,2019-03-26,6.65,05-31-2019,Australia & New Zealand Banking Group
Q4-19,2019-05-06,6.65,05-31-2019,Australia & New Zealand Banking Group
Q4-19,2019-05-30,6.92,05-31-2019,Australia & New Zealand Banking Group
Q1-20,2019-03-26,6.62,05-31-2019,Australia & New Zealand Banking Group
Q1-20,2019-05-06,6.62,05-31-2019,Australia & New Zealand Banking Group
Q1-20,2019-05-30,6.9,05-31-2019,Australia & New Zealand Banking Group
2020,2017-12-02,6.45,05-31-2019,Australia & New Zealand Banking Group
2020,2018-01-23,6.45,05-31-2019,Australia & New Zealand Banking Group
2020,2018-01-31,6.2,05-31-2019,Australia & New Zealand Banking Group
2020,2018-02-14,6.2,05-31-2019,Australia & New Zealand Banking Group
2020,2018-02-28,6.2,05-31-2019,Australia & New Zealand Banking Group
2020,2018-03-01,6.2,05-31-2019,Australia & New Zealand Banking Group
2020,2018-03-27,6.2,05-31-2019,Australia & New Zealand Banking Group
2020,2018-04-25,6.2,05-31-2019,Australia & New Zealand Banking Group
2020,2018-06-01,6.2,05-31-2019,Australia & New Zealand Banking Group
2020,2018-07-03,6.4,05-31-2019,Australia & New Zealand Banking Group
2020,2018-07-31,6.4,05-31-2019,Australia & New Zealand Banking Group
2020,2018-08-31,6.45,05-31-2019,Australia & New Zealand Banking Group
2020,2018-09-06,6.45,05-31-2019,Australia & New Zealand Banking Group
2020,2018-09-25,6.55,05-31-2019,Australia & New Zealand Banking Group
2020,2018-09-27,6.55,05-31-2019,Australia & New Zealand Banking Group
2020,2018-10-11,6.55,05-31-2019,Australia & New Zealand Banking Group
2020,2018-11-02,6.55,05-31-2019,Australia & New Zealand Banking Group
2020,2018-12-07,6.55,05-31-2019,Australia & New Zealand Banking Group
2020,2019-01-18,6.55,05-31-2019,Australia & New Zealand Banking Group
2020,2019-03-26,6.55,05-31-2019,Australia & New Zealand Banking Group
2020,2019-05-06,6.55,05-31-2019,Australia & New Zealand Banking Group
2020,2019-05-30,6.75,05-31-2019,Australia & New Zealand Banking Group
Q3-12,2011-04-01,5.91,08-31-2012,Australia & New Zealand Banking Group
Q3-12,2011-05-03,6.04,08-31-2012,Australia & New Zealand Banking Group
Q3-12,2011-06-01,6.04,08-31-2012,Australia & New Zealand Banking Group
Q3-12,2011-12-06,6.23,08-31-2012,Australia & New Zealand Banking Group
Q3-12,2012-02-08,6.23,08-31-2012,Australia & New Zealand Banking Group
Q3-12,2012-02-22,6.23,08-31-2012,Australia & New Zealand Banking Group
Q3-12,2012-03-30,6.23,08-31-2012,Australia & New Zealand Banking Group
Q3-12,2012-05-04,6.23,08-31-2012,Australia & New Zealand Banking Group
Q3-12,2012-06-07,6.28,08-31-2012,Australia & New Zealand Banking Group
Q3-12,2012-07-20,6.28,08-31-2012,Australia & New Zealand Banking Group
Q3-12,2012-08-29,6.35,08-31-2012,Australia & New Zealand Banking Group
Q4-12,2010-10-12,5.97,08-31-2012,Australia & New Zealand Banking Group
Q4-12,2011-04-01,5.85,08-31-2012,Australia & New Zealand Banking Group
Q4-12,2011-05-11,5.98,08-31-2012,Australia & New Zealand Banking Group
Q4-12,2011-05-12,5.98,08-31-2012,Australia & New Zealand Banking Group
Q4-12,2011-06-29,5.98,08-31-2012,Australia & New Zealand Banking Group
Q4-12,2011-07-01,5.98,08-31-2012,Australia & New Zealand Banking Group
Q4-12,2011-07-26,5.99,08-31-2012,Australia & New Zealand Banking Group
Q4-12,2011-08-30,5.99,08-31-2012,Australia & New Zealand Banking Group
Q4-12,2011-12-06,6.17,08-31-2012,Australia & New Zealand Banking Group
Q4-12,2012-02-08,6.17,08-31-2012,Australia & New Zealand Banking Group
Q4-12,2012-02-22,6.14,08-31-2012,Australia & New Zealand Banking Group
Q4-12,2012-03-30,6.14,08-31-2012,Australia & New Zealand Banking Group
Q4-12,2012-05-04,6.14,08-31-2012,Australia & New Zealand Banking Group
Q4-12,2012-06-07,6.2,08-31-2012,Australia & New Zealand Banking Group
Q4-12,2012-07-20,6.2,08-31-2012,Australia & New Zealand Banking Group
Q4-12,2012-08-29,6.3,08-31-2012,Australia & New Zealand Banking Group
Q1-13,2012-02-08,6.12,08-31-2012,Australia & New Zealand Banking Group
Q1-13,2012-03-30,6.1,08-31-2012,Australia & New Zealand Banking Group
Q1-13,2012-05-04,6.1,08-31-2012,Australia & New Zealand Banking Group
Q1-13,2012-06-07,6.15,08-31-2012,Australia & New Zealand Banking Group
Q1-13,2012-07-20,6.15,08-31-2012,Australia & New Zealand Banking Group
Q1-13,2012-08-29,6.25,08-31-2012,Australia & New Zealand Banking Group
Q2-13,2012-02-08,6.08,08-31-2012,Australia & New Zealand Banking Group
Q2-13,2012-06-07,6.1,08-31-2012,Australia & New Zealand Banking Group
Q2-13,2012-07-20,6.1,08-31-2012,Australia & New Zealand Banking Group
Q2-13,2012-08-29,6.2,08-31-2012,Australia & New Zealand Banking Group
2013,2010-10-12,5.73,08-31-2012,Australia & New Zealand Banking Group
2013,2011-05-11,5.62,08-31-2012,Australia & New Zealand Banking Group
2013,2011-05-12,5.62,08-31-2012,Australia & New Zealand Banking Group
2013,2011-06-29,5.62,08-31-2012,Australia & New Zealand Banking Group
2013,2011-07-01,5.62,08-31-2012,Australia & New Zealand Banking Group
2013,2012-02-22,6.0,08-31-2012,Australia & New Zealand Banking Group
2014,2012-02-22,5.88,08-31-2012,Australia & New Zealand Banking Group
2015,2011-05-11,5.8,08-31-2012,Australia & New Zealand Banking Group
2015,2012-02-22,5.8,08-31-2012,Australia & New Zealand Banking Group
Q1-15,2014-02-21,5.96,02-28-2015,Australia & New Zealand Banking Group
Q1-15,2014-03-18,6.05,02-28-2015,Australia & New Zealand Banking Group
Q1-15,2014-04-30,6.1,02-28-2015,Australia & New Zealand Banking Group
Q1-15,2014-07-09,6.1,02-28-2015,Australia & New Zealand Banking Group
Q1-15,2014-07-30,6.1,02-28-2015,Australia & New Zealand Banking Group
Q1-15,2014-08-01,6.1,02-28-2015,Australia & New Zealand Banking Group
Q1-15,2014-09-01,6.1,02-28-2015,Australia & New Zealand Banking Group
Q1-15,2014-10-07,6.1,02-28-2015,Australia & New Zealand Banking Group
Q1-15,2014-11-06,6.1,02-28-2015,Australia & New Zealand Banking Group
Q1-15,2014-11-24,6.1,02-28-2015,Australia & New Zealand Banking Group
Q1-15,2014-12-18,6.16,02-28-2015,Australia & New Zealand Banking Group
Q1-15,2015-01-15,6.16,02-28-2015,Australia & New Zealand Banking Group
Q1-15,2015-01-21,6.2,02-28-2015,Australia & New Zealand Banking Group
Q2-15,2014-03-18,6.02,02-28-2015,Australia & New Zealand Banking Group
Q2-15,2014-04-30,6.05,02-28-2015,Australia & New Zealand Banking Group
Q2-15,2014-07-09,6.05,02-28-2015,Australia & New Zealand Banking Group
Q2-15,2014-07-30,6.05,02-28-2015,Australia & New Zealand Banking Group
Q2-15,2014-08-01,6.05,02-28-2015,Australia & New Zealand Banking Group
Q2-15,2014-09-01,6.05,02-28-2015,Australia & New Zealand Banking Group
Q2-15,2014-10-07,6.05,02-28-2015,Australia & New Zealand Banking Group
Q2-15,2014-11-06,6.05,02-28-2015,Australia & New Zealand Banking Group
Q2-15,2014-11-24,6.05,02-28-2015,Australia & New Zealand Banking Group
Q2-15,2014-12-18,6.14,02-28-2015,Australia & New Zealand Banking Group
Q2-15,2015-01-15,6.14,02-28-2015,Australia & New Zealand Banking Group
Q2-15,2015-01-21,6.18,02-28-2015,Australia & New Zealand Banking Group
Q3-15,2014-10-07,6.03,02-28-2015,Australia & New Zealand Banking Group
Q3-15,2014-11-06,6.03,02-28-2015,Australia & New Zealand Banking Group
Q3-15,2014-11-24,6.03,02-28-2015,Australia & New Zealand Banking Group
Q3-15,2014-12-18,6.12,02-28-2015,Australia & New Zealand Banking Group
Q3-15,2015-01-15,6.12,02-28-2015,Australia & New Zealand Banking Group
Q3-15,2015-01-21,6.16,02-28-2015,Australia & New Zealand Banking Group
Q4-15,2013-04-02,5.8,02-28-2015,Australia & New Zealand Banking Group
Q4-15,2013-05-13,6.06,02-28-2015,Australia & New Zealand Banking Group
Q4-15,2013-06-03,6.06,02-28-2015,Australia & New Zealand Banking Group
Q4-15,2013-07-01,6.25,02-28-2015,Australia & New Zealand Banking Group
Q4-15,2013-08-12,6.25,02-28-2015,Australia & New Zealand Banking Group
Q4-15,2013-08-27,6.25,02-28-2015,Australia & New Zealand Banking Group
Q4-15,2013-10-07,6.25,02-28-2015,Australia & New Zealand Banking Group
Q4-15,2013-12-30,5.96,02-28-2015,Australia & New Zealand Banking Group
Q4-15,2014-01-29,5.95,02-28-2015,Australia & New Zealand Banking Group
Q4-15,2014-07-09,6.05,02-28-2015,Australia & New Zealand Banking Group
Q4-15,2014-07-30,6.05,02-28-2015,Australia & New Zealand Banking Group
Q4-15,2014-08-01,6.05,02-28-2015,Australia & New Zealand Banking Group
Q4-15,2014-09-01,6.05,02-28-2015,Australia & New Zealand Banking Group
Q4-15,2014-10-07,6.0,02-28-2015,Australia & New Zealand Banking Group
Q4-15,2014-11-06,6.0,02-28-2015,Australia & New Zealand Banking Group
Q4-15,2014-11-24,6.0,02-28-2015,Australia & New Zealand Banking Group
Q4-15,2014-12-18,6.1,02-28-2015,Australia & New Zealand Banking Group
Q4-15,2015-01-15,6.1,02-28-2015,Australia & New Zealand Banking Group
Q4-15,2015-01-21,6.15,02-28-2015,Australia & New Zealand Banking Group
2016,2014-11-06,5.92,02-28-2015,Australia & New Zealand Banking Group
2016,2014-11-24,5.92,02-28-2015,Australia & New Zealand Banking Group
2016,2014-12-18,6.05,02-28-2015,Australia & New Zealand Banking Group
2016,2015-01-15,6.05,02-28-2015,Australia & New Zealand Banking Group
2016,2015-01-21,6.12,02-28-2015,Australia & New Zealand Banking Group
Q4-12,2011-04-01,5.85,11-30-2012,Australia & New Zealand Banking Group
Q4-12,2011-05-11,5.98,11-30-2012,Australia & New Zealand Banking Group
Q4-12,2011-05-12,5.98,11-30-2012,Australia & New Zealand Banking Group
Q4-12,2011-06-29,5.98,11-30-2012,Australia & New Zealand Banking Group
Q4-12,2011-07-01,5.98,11-30-2012,Australia & New Zealand Banking Group
Q4-12,2011-07-26,5.99,11-30-2012,Australia & New Zealand Banking Group
Q4-12,2011-08-30,5.99,11-30-2012,Australia & New Zealand Banking Group
Q4-12,2011-12-06,6.17,11-30-2012,Australia & New Zealand Banking Group
Q4-12,2012-02-08,6.17,11-30-2012,Australia & New Zealand Banking Group
Q4-12,2012-02-22,6.14,11-30-2012,Australia & New Zealand Banking Group
Q4-12,2012-03-30,6.14,11-30-2012,Australia & New Zealand Banking Group
Q4-12,2012-05-04,6.14,11-30-2012,Australia & New Zealand Banking Group
Q4-12,2012-06-07,6.2,11-30-2012,Australia & New Zealand Banking Group
Q4-12,2012-07-20,6.2,11-30-2012,Australia & New Zealand Banking Group
Q4-12,2012-08-29,6.3,11-30-2012,Australia & New Zealand Banking Group
Q4-12,2012-10-01,6.3,11-30-2012,Australia & New Zealand Banking Group
Q4-12,2012-11-08,6.3,11-30-2012,Australia & New Zealand Banking Group
Q1-13,2012-02-08,6.12,11-30-2012,Australia & New Zealand Banking Group
Q1-13,2012-03-30,6.1,11-30-2012,Australia & New Zealand Banking Group
Q1-13,2012-05-04,6.1,11-30-2012,Australia & New Zealand Banking Group
Q1-13,2012-06-07,6.15,11-30-2012,Australia & New Zealand Banking Group
Q1-13,2012-07-20,6.15,11-30-2012,Australia & New Zealand Banking Group
Q1-13,2012-08-29,6.25,11-30-2012,Australia & New Zealand Banking Group
Q1-13,2012-10-01,6.25,11-30-2012,Australia & New Zealand Banking Group
Q1-13,2012-11-08,6.25,11-30-2012,Australia & New Zealand Banking Group
Q2-13,2012-02-08,6.08,11-30-2012,Australia & New Zealand Banking Group
Q2-13,2012-06-07,6.1,11-30-2012,Australia & New Zealand Banking Group
Q2-13,2012-07-20,6.1,11-30-2012,Australia & New Zealand Banking Group
Q2-13,2012-08-29,6.2,11-30-2012,Australia & New Zealand Banking Group
Q2-13,2012-10-01,6.2,11-30-2012,Australia & New Zealand Banking Group
Q2-13,2012-11-08,6.2,11-30-2012,Australia & New Zealand Banking Group
Q3-13,2012-02-08,6.05,11-30-2012,Australia & New Zealand Banking Group
Q3-13,2012-08-29,6.15,11-30-2012,Australia & New Zealand Banking Group
Q3-13,2012-10-01,6.2,11-30-2012,Australia & New Zealand Banking Group
Q3-13,2012-11-08,6.15,11-30-2012,Australia & New Zealand Banking Group
2013,2011-05-11,5.62,11-30-2012,Australia & New Zealand Banking Group
2013,2011-05-12,5.62,11-30-2012,Australia & New Zealand Banking Group
2013,2011-06-29,5.62,11-30-2012,Australia & New Zealand Banking Group
2013,2011-07-01,5.62,11-30-2012,Australia & New Zealand Banking Group
2013,2012-02-22,6.0,11-30-2012,Australia & New Zealand Banking Group
2013,2012-10-01,6.15,11-30-2012,Australia & New Zealand Banking Group
2013,2012-11-08,6.1,11-30-2012,Australia & New Zealand Banking Group
2014,2012-02-22,5.88,11-30-2012,Australia & New Zealand Banking Group
2015,2011-05-11,5.8,11-30-2012,Australia & New Zealand Banking Group
2015,2012-02-22,5.8,11-30-2012,Australia & New Zealand Banking Group
Q2-15,2014-03-18,6.02,05-31-2015,Australia & New Zealand Banking Group
Q2-15,2014-04-30,6.05,05-31-2015,Australia & New Zealand Banking Group
Q2-15,2014-07-09,6.05,05-31-2015,Australia & New Zealand Banking Group
Q2-15,2014-07-30,6.05,05-31-2015,Australia & New Zealand Banking Group
Q2-15,2014-08-01,6.05,05-31-2015,Australia & New Zealand Banking Group
Q2-15,2014-09-01,6.05,05-31-2015,Australia & New Zealand Banking Group
Q2-15,2014-10-07,6.05,05-31-2015,Australia & New Zealand Banking Group
Q2-15,2014-11-06,6.05,05-31-2015,Australia & New Zealand Banking Group
Q2-15,2014-11-24,6.05,05-31-2015,Australia & New Zealand Banking Group
Q2-15,2014-12-18,6.14,05-31-2015,Australia & New Zealand Banking Group
Q2-15,2015-01-15,6.14,05-31-2015,Australia & New Zealand Banking Group
Q2-15,2015-01-21,6.18,05-31-2015,Australia & New Zealand Banking Group
Q2-15,2015-03-13,6.26,05-31-2015,Australia & New Zealand Banking Group
Q2-15,2015-04-29,6.22,05-31-2015,Australia & New Zealand Banking Group
Q3-15,2014-10-07,6.03,05-31-2015,Australia & New Zealand Banking Group
Q3-15,2014-11-06,6.03,05-31-2015,Australia & New Zealand Banking Group
Q3-15,2014-11-24,6.03,05-31-2015,Australia & New Zealand Banking Group
Q3-15,2014-12-18,6.12,05-31-2015,Australia & New Zealand Banking Group
Q3-15,2015-01-15,6.12,05-31-2015,Australia & New Zealand Banking Group
Q3-15,2015-01-21,6.16,05-31-2015,Australia & New Zealand Banking Group
Q3-15,2015-03-13,6.24,05-31-2015,Australia & New Zealand Banking Group
Q3-15,2015-04-29,6.21,05-31-2015,Australia & New Zealand Banking Group
Q4-15,2013-06-03,6.06,05-31-2015,Australia & New Zealand Banking Group
Q4-15,2013-07-01,6.25,05-31-2015,Australia & New Zealand Banking Group
Q4-15,2013-08-12,6.25,05-31-2015,Australia & New Zealand Banking Group
Q4-15,2013-08-27,6.25,05-31-2015,Australia & New Zealand Banking Group
Q4-15,2013-10-07,6.25,05-31-2015,Australia & New Zealand Banking Group
Q4-15,2013-12-30,5.96,05-31-2015,Australia & New Zealand Banking Group
Q4-15,2014-01-29,5.95,05-31-2015,Australia & New Zealand Banking Group
Q4-15,2014-07-09,6.05,05-31-2015,Australia & New Zealand Banking Group
Q4-15,2014-07-30,6.05,05-31-2015,Australia & New Zealand Banking Group
Q4-15,2014-08-01,6.05,05-31-2015,Australia & New Zealand Banking Group
Q4-15,2014-09-01,6.05,05-31-2015,Australia & New Zealand Banking Group
Q4-15,2014-10-07,6.0,05-31-2015,Australia & New Zealand Banking Group
Q4-15,2014-11-06,6.0,05-31-2015,Australia & New Zealand Banking Group
Q4-15,2014-11-24,6.0,05-31-2015,Australia & New Zealand Banking Group
Q4-15,2014-12-18,6.1,05-31-2015,Australia & New Zealand Banking Group
Q4-15,2015-01-15,6.1,05-31-2015,Australia & New Zealand Banking Group
Q4-15,2015-01-21,6.15,05-31-2015,Australia & New Zealand Banking Group
Q4-15,2015-03-13,6.2,05-31-2015,Australia & New Zealand Banking Group
Q4-15,2015-04-29,6.2,05-31-2015,Australia & New Zealand Banking Group
Q1-16,2015-04-29,6.2,05-31-2015,Australia & New Zealand Banking Group
2016,2014-11-06,5.92,05-31-2015,Australia & New Zealand Banking Group
2016,2014-11-24,5.92,05-31-2015,Australia & New Zealand Banking Group
2016,2014-12-18,6.05,05-31-2015,Australia & New Zealand Banking Group
2016,2015-01-15,6.05,05-31-2015,Australia & New Zealand Banking Group
2016,2015-01-21,6.12,05-31-2015,Australia & New Zealand Banking Group
2016,2015-03-13,6.18,05-31-2015,Australia & New Zealand Banking Group
2016,2015-04-29,6.18,05-31-2015,Australia & New Zealand Banking Group
Q3-08,2007-10-17,7.13,08-31-2008,Australia & New Zealand Banking Group
Q3-08,2007-12-17,7.13,08-31-2008,Australia & New Zealand Banking Group
Q3-08,2008-01-30,6.65,08-31-2008,Australia & New Zealand Banking Group
Q3-08,2008-02-21,6.65,08-31-2008,Australia & New Zealand Banking Group
Q3-08,2008-06-19,6.83,08-31-2008,Australia & New Zealand Banking Group
Q3-08,2008-07-03,6.83,08-31-2008,Australia & New Zealand Banking Group
Q4-08,2006-09-11,7.35,08-31-2008,Australia & New Zealand Banking Group
Q4-08,2006-10-17,7.35,08-31-2008,Australia & New Zealand Banking Group
Q4-08,2006-11-21,7.35,08-31-2008,Australia & New Zealand Banking Group
Q4-08,2007-01-18,7.55,08-31-2008,Australia & New Zealand Banking Group
Q4-08,2007-02-22,7.35,08-31-2008,Australia & New Zealand Banking Group
Q4-08,2007-04-03,7.35,08-31-2008,Australia & New Zealand Banking Group
Q4-08,2007-05-08,7.35,08-31-2008,Australia & New Zealand Banking Group
Q4-08,2007-06-13,7.35,08-31-2008,Australia & New Zealand Banking Group
Q4-08,2007-07-19,7.35,08-31-2008,Australia & New Zealand Banking Group
Q4-08,2007-09-06,7.04,08-31-2008,Australia & New Zealand Banking Group
Q4-08,2007-10-17,7.04,08-31-2008,Australia & New Zealand Banking Group
Q4-08,2007-12-17,7.04,08-31-2008,Australia & New Zealand Banking Group
Q4-08,2008-01-30,6.67,08-31-2008,Australia & New Zealand Banking Group
Q4-08,2008-02-21,6.67,08-31-2008,Australia & New Zealand Banking Group
Q4-08,2008-06-19,6.85,08-31-2008,Australia & New Zealand Banking Group
Q4-08,2008-07-03,6.85,08-31-2008,Australia & New Zealand Banking Group
Q1-09,2008-06-19,6.89,08-31-2008,Australia & New Zealand Banking Group
Q1-09,2008-07-03,6.89,08-31-2008,Australia & New Zealand Banking Group
2009,2007-01-18,7.35,08-31-2008,Australia & New Zealand Banking Group
2009,2007-04-03,7.73,08-31-2008,Australia & New Zealand Banking Group
2009,2007-05-08,7.73,08-31-2008,Australia & New Zealand Banking Group
2009,2007-06-13,7.73,08-31-2008,Australia & New Zealand Banking Group
2009,2007-07-19,7.15,08-31-2008,Australia & New Zealand Banking Group
2009,2007-09-06,7.09,08-31-2008,Australia & New Zealand Banking Group
2009,2007-10-17,7.09,08-31-2008,Australia & New Zealand Banking Group
2009,2007-12-17,7.09,08-31-2008,Australia & New Zealand Banking Group
2009,2008-01-30,6.83,08-31-2008,Australia & New Zealand Banking Group
2009,2008-02-21,6.83,08-31-2008,Australia & New Zealand Banking Group
2009,2008-06-19,7.02,08-31-2008,Australia & New Zealand Banking Group
2009,2008-07-03,7.02,08-31-2008,Australia & New Zealand Banking Group
2010,2007-04-03,7.72,08-31-2008,Australia & New Zealand Banking Group
2010,2007-05-08,7.72,08-31-2008,Australia & New Zealand Banking Group
2010,2007-06-13,7.72,08-31-2008,Australia & New Zealand Banking Group
2010,2007-09-06,7.17,08-31-2008,Australia & New Zealand Banking Group
2010,2007-10-17,7.17,08-31-2008,Australia & New Zealand Banking Group
2010,2007-12-17,7.17,08-31-2008,Australia & New Zealand Banking Group
2010,2008-01-30,6.99,08-31-2008,Australia & New Zealand Banking Group
2010,2008-02-21,6.99,08-31-2008,Australia & New Zealand Banking Group
2010,2008-06-19,7.19,08-31-2008,Australia & New Zealand Banking Group
2010,2008-07-03,7.19,08-31-2008,Australia & New Zealand Banking Group
2011,2007-04-03,7.72,08-31-2008,Australia & New Zealand Banking Group
2011,2007-05-08,7.72,08-31-2008,Australia & New Zealand Banking Group
2011,2007-06-13,7.72,08-31-2008,Australia & New Zealand Banking Group
2011,2008-01-30,7.2,08-31-2008,Australia & New Zealand Banking Group
2011,2008-02-21,7.2,08-31-2008,Australia & New Zealand Banking Group
2011,2008-06-19,7.2,08-31-2008,Australia & New Zealand Banking Group
2011,2008-07-03,7.2,08-31-2008,Australia & New Zealand Banking Group
2012,2008-01-30,7.2,08-31-2008,Australia & New Zealand Banking Group
2012,2008-02-21,7.2,08-31-2008,Australia & New Zealand Banking Group
Q1-19,2018-03-01,6.24,02-28-2019,Australia & New Zealand Banking Group
Q1-19,2018-03-27,6.24,02-28-2019,Australia & New Zealand Banking Group
Q1-19,2018-04-25,6.24,02-28-2019,Australia & New Zealand Banking Group
Q1-19,2018-06-01,6.32,02-28-2019,Australia & New Zealand Banking Group
Q1-19,2018-07-03,6.52,02-28-2019,Australia & New Zealand Banking Group
Q1-19,2018-07-31,6.52,02-28-2019,Australia & New Zealand Banking Group
Q1-19,2018-08-31,6.65,02-28-2019,Australia & New Zealand Banking Group
Q1-19,2018-09-06,6.65,02-28-2019,Australia & New Zealand Banking Group
Q1-19,2018-09-25,6.85,02-28-2019,Australia & New Zealand Banking Group
Q1-19,2018-09-27,6.85,02-28-2019,Australia & New Zealand Banking Group
Q1-19,2018-10-11,6.85,02-28-2019,Australia & New Zealand Banking Group
Q1-19,2018-11-02,6.85,02-28-2019,Australia & New Zealand Banking Group
Q1-19,2018-12-07,6.85,02-28-2019,Australia & New Zealand Banking Group
Q1-19,2019-01-18,6.85,02-28-2019,Australia & New Zealand Banking Group
Q2-19,2018-06-01,6.3,02-28-2019,Australia & New Zealand Banking Group
Q2-19,2018-07-03,6.5,02-28-2019,Australia & New Zealand Banking Group
Q2-19,2018-07-31,6.5,02-28-2019,Australia & New Zealand Banking Group
Q2-19,2018-08-31,6.6,02-28-2019,Australia & New Zealand Banking Group
Q2-19,2018-09-06,6.6,02-28-2019,Australia & New Zealand Banking Group
Q2-19,2018-09-25,6.85,02-28-2019,Australia & New Zealand Banking Group
Q2-19,2018-09-27,6.85,02-28-2019,Australia & New Zealand Banking Group
Q2-19,2018-10-11,6.85,02-28-2019,Australia & New Zealand Banking Group
Q2-19,2018-11-02,6.85,02-28-2019,Australia & New Zealand Banking Group
Q2-19,2018-12-07,6.85,02-28-2019,Australia & New Zealand Banking Group
Q2-19,2019-01-18,6.85,02-28-2019,Australia & New Zealand Banking Group
Q3-19,2018-09-06,6.58,02-28-2019,Australia & New Zealand Banking Group
Q3-19,2018-09-25,6.8,02-28-2019,Australia & New Zealand Banking Group
Q3-19,2018-09-27,6.8,02-28-2019,Australia & New Zealand Banking Group
Q3-19,2018-10-11,6.8,02-28-2019,Australia & New Zealand Banking Group
Q3-19,2018-11-02,6.8,02-28-2019,Australia & New Zealand Banking Group
Q3-19,2018-12-07,6.8,02-28-2019,Australia & New Zealand Banking Group
Q3-19,2019-01-18,6.8,02-28-2019,Australia & New Zealand Banking Group
Q4-19,2017-07-31,6.9,02-28-2019,Australia & New Zealand Banking Group
Q4-19,2017-08-31,6.9,02-28-2019,Australia & New Zealand Banking Group
Q4-19,2017-09-05,6.9,02-28-2019,Australia & New Zealand Banking Group
Q4-19,2017-09-20,6.9,02-28-2019,Australia & New Zealand Banking Group
Q4-19,2017-09-26,6.75,02-28-2019,Australia & New Zealand Banking Group
Q4-19,2017-11-06,6.75,02-28-2019,Australia & New Zealand Banking Group
Q4-19,2017-11-09,6.75,02-28-2019,Australia & New Zealand Banking Group
Q4-19,2017-11-13,6.75,02-28-2019,Australia & New Zealand Banking Group
Q4-19,2017-12-02,6.45,02-28-2019,Australia & New Zealand Banking Group
Q4-19,2018-01-23,6.45,02-28-2019,Australia & New Zealand Banking Group
Q4-19,2018-01-31,6.2,02-28-2019,Australia & New Zealand Banking Group
Q4-19,2018-02-14,6.2,02-28-2019,Australia & New Zealand Banking Group
Q4-19,2018-02-28,6.2,02-28-2019,Australia & New Zealand Banking Group
Q4-19,2018-03-01,6.2,02-28-2019,Australia & New Zealand Banking Group
Q4-19,2018-03-27,6.2,02-28-2019,Australia & New Zealand Banking Group
Q4-19,2018-04-25,6.2,02-28-2019,Australia & New Zealand Banking Group
Q4-19,2018-06-01,6.25,02-28-2019,Australia & New Zealand Banking Group
Q4-19,2018-07-03,6.45,02-28-2019,Australia & New Zealand Banking Group
Q4-19,2018-07-31,6.45,02-28-2019,Australia & New Zealand Banking Group
Q4-19,2018-08-31,6.55,02-28-2019,Australia & New Zealand Banking Group
Q4-19,2018-09-06,6.55,02-28-2019,Australia & New Zealand Banking Group
Q4-19,2018-09-25,6.75,02-28-2019,Australia & New Zealand Banking Group
Q4-19,2018-09-27,6.75,02-28-2019,Australia & New Zealand Banking Group
Q4-19,2018-10-11,6.75,02-28-2019,Australia & New Zealand Banking Group
Q4-19,2018-11-02,6.75,02-28-2019,Australia & New Zealand Banking Group
Q4-19,2018-12-07,6.75,02-28-2019,Australia & New Zealand Banking Group
Q4-19,2019-01-18,6.75,02-28-2019,Australia & New Zealand Banking Group
2020,2017-12-02,6.45,02-28-2019,Australia & New Zealand Banking Group
2020,2018-01-23,6.45,02-28-2019,Australia & New Zealand Banking Group
2020,2018-01-31,6.2,02-28-2019,Australia & New Zealand Banking Group
2020,2018-02-14,6.2,02-28-2019,Australia & New Zealand Banking Group
2020,2018-02-28,6.2,02-28-2019,Australia & New Zealand Banking Group
2020,2018-03-01,6.2,02-28-2019,Australia & New Zealand Banking Group
2020,2018-03-27,6.2,02-28-2019,Australia & New Zealand Banking Group
2020,2018-04-25,6.2,02-28-2019,Australia & New Zealand Banking Group
2020,2018-06-01,6.2,02-28-2019,Australia & New Zealand Banking Group
2020,2018-07-03,6.4,02-28-2019,Australia & New Zealand Banking Group
2020,2018-07-31,6.4,02-28-2019,Australia & New Zealand Banking Group
2020,2018-08-31,6.45,02-28-2019,Australia & New Zealand Banking Group
2020,2018-09-06,6.45,02-28-2019,Australia & New Zealand Banking Group
2020,2018-09-25,6.55,02-28-2019,Australia & New Zealand Banking Group
2020,2018-09-27,6.55,02-28-2019,Australia & New Zealand Banking Group
2020,2018-10-11,6.55,02-28-2019,Australia & New Zealand Banking Group
2020,2018-11-02,6.55,02-28-2019,Australia & New Zealand Banking Group
2020,2018-12-07,6.55,02-28-2019,Australia & New Zealand Banking Group
2020,2019-01-18,6.55,02-28-2019,Australia & New Zealand Banking Group
Q1-18,2016-11-30,7.12,02-28-2018,Australia & New Zealand Banking Group
Q1-18,2017-03-03,7.12,02-28-2018,Australia & New Zealand Banking Group
Q1-18,2017-03-16,7.12,02-28-2018,Australia & New Zealand Banking Group
Q1-18,2017-04-27,7.12,02-28-2018,Australia & New Zealand Banking Group
Q1-18,2017-05-31,6.97,02-28-2018,Australia & New Zealand Banking Group
Q1-18,2017-06-30,6.97,02-28-2018,Australia & New Zealand Banking Group
Q1-18,2017-07-03,6.97,02-28-2018,Australia & New Zealand Banking Group
Q1-18,2017-07-31,6.87,02-28-2018,Australia & New Zealand Banking Group
Q1-18,2017-08-31,6.87,02-28-2018,Australia & New Zealand Banking Group
Q1-18,2017-09-05,6.87,02-28-2018,Australia & New Zealand Banking Group
Q1-18,2017-09-20,6.87,02-28-2018,Australia & New Zealand Banking Group
Q1-18,2017-09-26,6.67,02-28-2018,Australia & New Zealand Banking Group
Q1-18,2017-11-06,6.67,02-28-2018,Australia & New Zealand Banking Group
Q1-18,2017-11-09,6.67,02-28-2018,Australia & New Zealand Banking Group
Q1-18,2017-11-13,6.67,02-28-2018,Australia & New Zealand Banking Group
Q1-18,2017-12-02,6.63,02-28-2018,Australia & New Zealand Banking Group
Q1-18,2018-01-23,6.63,02-28-2018,Australia & New Zealand Banking Group
Q1-18,2018-01-31,6.31,02-28-2018,Australia & New Zealand Banking Group
Q1-18,2018-02-14,6.31,02-28-2018,Australia & New Zealand Banking Group
Q1-18,2018-02-28,6.31,02-28-2018,Australia & New Zealand Banking Group
Q2-18,2016-11-30,7.15,02-28-2018,Australia & New Zealand Banking Group
Q2-18,2017-06-30,7.0,02-28-2018,Australia & New Zealand Banking Group
Q2-18,2017-07-03,7.0,02-28-2018,Australia & New Zealand Banking Group
Q2-18,2017-07-31,6.9,02-28-2018,Australia & New Zealand Banking Group
Q2-18,2017-08-31,6.9,02-28-2018,Australia & New Zealand Banking Group
Q2-18,2017-09-05,6.9,02-28-2018,Australia & New Zealand Banking Group
Q2-18,2017-09-20,6.9,02-28-2018,Australia & New Zealand Banking Group
Q2-18,2017-09-26,6.7,02-28-2018,Australia & New Zealand Banking Group
Q2-18,2017-11-06,6.7,02-28-2018,Australia & New Zealand Banking Group
Q2-18,2017-11-09,6.7,02-28-2018,Australia & New Zealand Banking Group
Q2-18,2017-11-13,6.7,02-28-2018,Australia & New Zealand Banking Group
Q2-18,2017-12-02,6.6,02-28-2018,Australia & New Zealand Banking Group
Q2-18,2018-01-23,6.6,02-28-2018,Australia & New Zealand Banking Group
Q2-18,2018-01-31,6.29,02-28-2018,Australia & New Zealand Banking Group
Q2-18,2018-02-14,6.29,02-28-2018,Australia & New Zealand Banking Group
Q2-18,2018-02-28,6.29,02-28-2018,Australia & New Zealand Banking Group
Q3-18,2016-11-30,7.18,02-28-2018,Australia & New Zealand Banking Group
Q3-18,2017-09-05,6.92,02-28-2018,Australia & New Zealand Banking Group
Q3-18,2017-09-20,6.92,02-28-2018,Australia & New Zealand Banking Group
Q3-18,2017-09-26,6.72,02-28-2018,Australia & New Zealand Banking Group
Q3-18,2017-11-06,6.72,02-28-2018,Australia & New Zealand Banking Group
Q3-18,2017-11-09,6.72,02-28-2018,Australia & New Zealand Banking Group
Q3-18,2017-11-13,6.72,02-28-2018,Australia & New Zealand Banking Group
Q3-18,2017-12-02,6.58,02-28-2018,Australia & New Zealand Banking Group
Q3-18,2018-01-23,6.58,02-28-2018,Australia & New Zealand Banking Group
Q3-18,2018-01-31,6.27,02-28-2018,Australia & New Zealand Banking Group
Q3-18,2018-02-14,6.27,02-28-2018,Australia & New Zealand Banking Group
Q3-18,2018-02-28,6.27,02-28-2018,Australia & New Zealand Banking Group
Q4-18,2016-10-03,6.9,02-28-2018,Australia & New Zealand Banking Group
Q4-18,2016-11-30,7.2,02-28-2018,Australia & New Zealand Banking Group
Q4-18,2016-12-06,7.2,02-28-2018,Australia & New Zealand Banking Group
Q4-18,2016-12-09,7.2,02-28-2018,Australia & New Zealand Banking Group
Q4-18,2017-01-16,7.2,02-28-2018,Australia & New Zealand Banking Group
Q4-18,2017-02-02,7.2,02-28-2018,Australia & New Zealand Banking Group
Q4-18,2017-03-03,7.2,02-28-2018,Australia & New Zealand Banking Group
Q4-18,2017-03-16,7.2,02-28-2018,Australia & New Zealand Banking Group
Q4-18,2017-04-27,7.2,02-28-2018,Australia & New Zealand Banking Group
Q4-18,2017-05-31,7.02,02-28-2018,Australia & New Zealand Banking Group
Q4-18,2017-06-30,7.02,02-28-2018,Australia & New Zealand Banking Group
Q4-18,2017-07-03,7.02,02-28-2018,Australia & New Zealand Banking Group
Q4-18,2017-07-31,6.95,02-28-2018,Australia & New Zealand Banking Group
Q4-18,2017-08-31,6.95,02-28-2018,Australia & New Zealand Banking Group
Q4-18,2017-09-05,6.95,02-28-2018,Australia & New Zealand Banking Group
Q4-18,2017-09-20,6.95,02-28-2018,Australia & New Zealand Banking Group
Q4-18,2017-09-26,6.75,02-28-2018,Australia & New Zealand Banking Group
Q4-18,2017-11-06,6.75,02-28-2018,Australia & New Zealand Banking Group
Q4-18,2017-11-09,6.75,02-28-2018,Australia & New Zealand Banking Group
Q4-18,2017-11-13,6.75,02-28-2018,Australia & New Zealand Banking Group
Q4-18,2017-12-02,6.55,02-28-2018,Australia & New Zealand Banking Group
Q4-18,2018-01-23,6.55,02-28-2018,Australia & New Zealand Banking Group
Q4-18,2018-01-31,6.25,02-28-2018,Australia & New Zealand Banking Group
Q4-18,2018-02-14,6.25,02-28-2018,Australia & New Zealand Banking Group
Q4-18,2018-02-28,6.25,02-28-2018,Australia & New Zealand Banking Group
2019,2017-07-31,6.9,02-28-2018,Australia & New Zealand Banking Group
2019,2017-08-31,6.9,02-28-2018,Australia & New Zealand Banking Group
2019,2017-09-05,6.9,02-28-2018,Australia & New Zealand Banking Group
2019,2017-09-20,6.9,02-28-2018,Australia & New Zealand Banking Group
2019,2017-09-26,6.75,02-28-2018,Australia & New Zealand Banking Group
2019,2017-11-06,6.75,02-28-2018,Australia & New Zealand Banking Group
2019,2017-11-09,6.75,02-28-2018,Australia & New Zealand Banking Group
2019,2017-11-13,6.75,02-28-2018,Australia & New Zealand Banking Group
2019,2017-12-02,6.45,02-28-2018,Australia & New Zealand Banking Group
2019,2018-01-23,6.45,02-28-2018,Australia & New Zealand Banking Group
2019,2018-01-31,6.2,02-28-2018,Australia & New Zealand Banking Group
2019,2018-02-14,6.2,02-28-2018,Australia & New Zealand Banking Group
2019,2018-02-28,6.2,02-28-2018,Australia & New Zealand Banking Group
2020,2017-12-02,6.45,02-28-2018,Australia & New Zealand Banking Group
2020,2018-01-23,6.45,02-28-2018,Australia & New Zealand Banking Group
2020,2018-01-31,6.2,02-28-2018,Australia & New Zealand Banking Group
2020,2018-02-14,6.2,02-28-2018,Australia & New Zealand Banking Group
2020,2018-02-28,6.2,02-28-2018,Australia & New Zealand Banking Group
Q3-09,2008-11-20,6.89,08-31-2009,Australia & New Zealand Banking Group
Q3-09,2008-12-12,6.86,08-31-2009,Australia & New Zealand Banking Group
Q3-09,2009-01-20,6.86,08-31-2009,Australia & New Zealand Banking Group
Q3-09,2009-01-30,6.86,08-31-2009,Australia & New Zealand Banking Group
Q3-09,2009-02-06,6.84,08-31-2009,Australia & New Zealand Banking Group
Q3-09,2009-03-03,6.84,08-31-2009,Australia & New Zealand Banking Group
Q3-09,2009-03-05,6.84,08-31-2009,Australia & New Zealand Banking Group
Q3-09,2009-03-30,6.84,08-31-2009,Australia & New Zealand Banking Group
Q3-09,2009-05-05,6.83,08-31-2009,Australia & New Zealand Banking Group
Q3-09,2009-06-12,6.83,08-31-2009,Australia & New Zealand Banking Group
Q3-09,2009-06-26,6.83,08-31-2009,Australia & New Zealand Banking Group
Q3-09,2009-08-17,6.83,08-31-2009,Australia & New Zealand Banking Group
Q4-09,2007-09-06,7.09,08-31-2009,Australia & New Zealand Banking Group
Q4-09,2007-10-17,7.09,08-31-2009,Australia & New Zealand Banking Group
Q4-09,2007-12-17,7.09,08-31-2009,Australia & New Zealand Banking Group
Q4-09,2008-01-30,6.83,08-31-2009,Australia & New Zealand Banking Group
Q4-09,2008-02-21,6.83,08-31-2009,Australia & New Zealand Banking Group
Q4-09,2008-06-19,7.02,08-31-2009,Australia & New Zealand Banking Group
Q4-09,2008-07-03,7.02,08-31-2009,Australia & New Zealand Banking Group
Q4-09,2008-11-20,6.89,08-31-2009,Australia & New Zealand Banking Group
Q4-09,2008-12-12,6.84,08-31-2009,Australia & New Zealand Banking Group
Q4-09,2009-01-20,6.84,08-31-2009,Australia & New Zealand Banking Group
Q4-09,2009-01-30,6.84,08-31-2009,Australia & New Zealand Banking Group
Q4-09,2009-02-06,6.84,08-31-2009,Australia & New Zealand Banking Group
Q4-09,2009-03-03,6.84,08-31-2009,Australia & New Zealand Banking Group
Q4-09,2009-03-05,6.84,08-31-2009,Australia & New Zealand Banking Group
Q4-09,2009-03-30,6.84,08-31-2009,Australia & New Zealand Banking Group
Q4-09,2009-05-05,6.83,08-31-2009,Australia & New Zealand Banking Group
Q4-09,2009-06-12,6.83,08-31-2009,Australia & New Zealand Banking Group
Q4-09,2009-06-26,6.83,08-31-2009,Australia & New Zealand Banking Group
Q4-09,2009-08-17,6.83,08-31-2009,Australia & New Zealand Banking Group
Q1-10,2009-03-05,6.84,08-31-2009,Australia & New Zealand Banking Group
Q1-10,2009-03-30,6.84,08-31-2009,Australia & New Zealand Banking Group
Q1-10,2009-05-05,6.82,08-31-2009,Australia & New Zealand Banking Group
Q1-10,2009-06-12,6.82,08-31-2009,Australia & New Zealand Banking Group
Q1-10,2009-06-26,6.82,08-31-2009,Australia & New Zealand Banking Group
Q1-10,2009-08-17,6.83,08-31-2009,Australia & New Zealand Banking Group
Q2-10,2009-03-30,6.68,08-31-2009,Australia & New Zealand Banking Group
Q2-10,2009-05-05,6.82,08-31-2009,Australia & New Zealand Banking Group
Q2-10,2009-06-12,6.82,08-31-2009,Australia & New Zealand Banking Group
Q2-10,2009-06-26,6.82,08-31-2009,Australia & New Zealand Banking Group
Q2-10,2009-08-17,6.83,08-31-2009,Australia & New Zealand Banking Group
2010,2007-09-06,7.17,08-31-2009,Australia & New Zealand Banking Group
2010,2007-10-17,7.17,08-31-2009,Australia & New Zealand Banking Group
2010,2007-12-17,7.17,08-31-2009,Australia & New Zealand Banking Group
2010,2008-01-30,6.99,08-31-2009,Australia & New Zealand Banking Group
2010,2008-02-21,6.99,08-31-2009,Australia & New Zealand Banking Group
2010,2008-06-19,7.19,08-31-2009,Australia & New Zealand Banking Group
2010,2008-07-03,7.19,08-31-2009,Australia & New Zealand Banking Group
2010,2008-11-20,6.68,08-31-2009,Australia & New Zealand Banking Group
2010,2008-12-12,6.64,08-31-2009,Australia & New Zealand Banking Group
2010,2009-01-20,6.64,08-31-2009,Australia & New Zealand Banking Group
2010,2009-01-30,6.64,08-31-2009,Australia & New Zealand Banking Group
2010,2009-02-06,6.7,08-31-2009,Australia & New Zealand Banking Group
2010,2009-03-03,6.7,08-31-2009,Australia & New Zealand Banking Group
2010,2009-03-05,6.7,08-31-2009,Australia & New Zealand Banking Group
2010,2009-05-05,6.73,08-31-2009,Australia & New Zealand Banking Group
2010,2009-06-12,6.73,08-31-2009,Australia & New Zealand Banking Group
2010,2009-06-26,6.8,08-31-2009,Australia & New Zealand Banking Group
2010,2009-08-17,6.82,08-31-2009,Australia & New Zealand Banking Group
2011,2008-01-30,7.2,08-31-2009,Australia & New Zealand Banking Group
2011,2008-02-21,7.2,08-31-2009,Australia & New Zealand Banking Group
2011,2008-06-19,7.2,08-31-2009,Australia & New Zealand Banking Group
2011,2008-07-03,7.2,08-31-2009,Australia & New Zealand Banking Group
2011,2008-11-20,6.42,08-31-2009,Australia & New Zealand Banking Group
2011,2008-12-12,6.38,08-31-2009,Australia & New Zealand Banking Group
2011,2009-01-20,6.38,08-31-2009,Australia & New Zealand Banking Group
2011,2009-01-30,6.38,08-31-2009,Australia & New Zealand Banking Group
2011,2009-02-06,6.44,08-31-2009,Australia & New Zealand Banking Group
2011,2009-03-03,6.44,08-31-2009,Australia & New Zealand Banking Group
2011,2009-03-05,6.44,08-31-2009,Australia & New Zealand Banking Group
2011,2009-05-05,6.47,08-31-2009,Australia & New Zealand Banking Group
2011,2009-06-12,6.47,08-31-2009,Australia & New Zealand Banking Group
2011,2009-06-26,6.73,08-31-2009,Australia & New Zealand Banking Group
2011,2009-08-17,6.8,08-31-2009,Australia & New Zealand Banking Group
2012,2008-01-30,7.2,08-31-2009,Australia & New Zealand Banking Group
2012,2008-02-21,7.2,08-31-2009,Australia & New Zealand Banking Group
2012,2009-05-05,6.21,08-31-2009,Australia & New Zealand Banking Group
2012,2009-06-12,6.21,08-31-2009,Australia & New Zealand Banking Group
2012,2009-06-26,6.73,08-31-2009,Australia & New Zealand Banking Group
2012,2009-08-17,6.8,08-31-2009,Australia & New Zealand Banking Group
2013,2008-01-30,7.2,08-31-2009,Australia & New Zealand Banking Group
2013,2008-02-21,7.2,08-31-2009,Australia & New Zealand Banking Group
2013,2009-06-26,6.47,08-31-2009,Australia & New Zealand Banking Group
2013,2009-08-17,6.53,08-31-2009,Australia & New Zealand Banking Group
Q2-14,2013-07-01,6.25,05-31-2014,Australia & New Zealand Banking Group
Q2-14,2013-08-12,6.25,05-31-2014,Australia & New Zealand Banking Group
Q2-14,2013-08-27,6.25,05-31-2014,Australia & New Zealand Banking Group
Q2-14,2013-10-07,6.25,05-31-2014,Australia & New Zealand Banking Group
Q2-14,2013-12-30,6.03,05-31-2014,Australia & New Zealand Banking Group
Q2-14,2014-01-29,6.03,05-31-2014,Australia & New Zealand Banking Group
Q2-14,2014-02-21,6.03,05-31-2014,Australia & New Zealand Banking Group
Q2-14,2014-03-18,6.15,05-31-2014,Australia & New Zealand Banking Group
Q2-14,2014-04-30,6.25,05-31-2014,Australia & New Zealand Banking Group
Q3-14,2013-10-07,6.25,05-31-2014,Australia & New Zealand Banking Group
Q3-14,2013-12-30,6.0,05-31-2014,Australia & New Zealand Banking Group
Q3-14,2014-01-29,6.0,05-31-2014,Australia & New Zealand Banking Group
Q3-14,2014-02-21,6.0,05-31-2014,Australia & New Zealand Banking Group
Q3-14,2014-03-18,6.12,05-31-2014,Australia & New Zealand Banking Group
Q3-14,2014-04-30,6.2,05-31-2014,Australia & New Zealand Banking Group
Q4-14,2012-12-14,5.9,05-31-2014,Australia & New Zealand Banking Group
Q4-14,2013-01-10,5.9,05-31-2014,Australia & New Zealand Banking Group
Q4-14,2013-03-04,5.92,05-31-2014,Australia & New Zealand Banking Group
Q4-14,2013-04-02,5.92,05-31-2014,Australia & New Zealand Banking Group
Q4-14,2013-05-13,6.1,05-31-2014,Australia & New Zealand Banking Group
Q4-14,2013-06-03,6.1,05-31-2014,Australia & New Zealand Banking Group
Q4-14,2013-07-01,6.25,05-31-2014,Australia & New Zealand Banking Group
Q4-14,2013-08-12,6.25,05-31-2014,Australia & New Zealand Banking Group
Q4-14,2013-08-27,6.25,05-31-2014,Australia & New Zealand Banking Group
Q4-14,2013-10-07,6.25,05-31-2014,Australia & New Zealand Banking Group
Q4-14,2013-12-30,5.98,05-31-2014,Australia & New Zealand Banking Group
Q4-14,2014-01-29,5.98,05-31-2014,Australia & New Zealand Banking Group
Q4-14,2014-02-21,5.98,05-31-2014,Australia & New Zealand Banking Group
Q4-14,2014-03-18,6.08,05-31-2014,Australia & New Zealand Banking Group
Q4-14,2014-04-30,6.15,05-31-2014,Australia & New Zealand Banking Group
Q1-15,2014-02-21,5.96,05-31-2014,Australia & New Zealand Banking Group
Q1-15,2014-03-18,6.05,05-31-2014,Australia & New Zealand Banking Group
Q1-15,2014-04-30,6.1,05-31-2014,Australia & New Zealand Banking Group
2015,2013-04-02,5.8,05-31-2014,Australia & New Zealand Banking Group
2015,2013-05-13,6.06,05-31-2014,Australia & New Zealand Banking Group
2015,2013-06-03,6.06,05-31-2014,Australia & New Zealand Banking Group
2015,2013-07-01,6.25,05-31-2014,Australia & New Zealand Banking Group
2015,2013-08-12,6.25,05-31-2014,Australia & New Zealand Banking Group
2015,2013-08-27,6.25,05-31-2014,Australia & New Zealand Banking Group
2015,2013-10-07,6.25,05-31-2014,Australia & New Zealand Banking Group
2015,2013-12-30,5.96,05-31-2014,Australia & New Zealand Banking Group
2015,2014-01-29,5.95,05-31-2014,Australia & New Zealand Banking Group
Q1-22,2021-03-02,6.25,02-28-2022,Australia & New Zealand Banking Group
Q1-22,2021-03-23,6.25,02-28-2022,Australia & New Zealand Banking Group
Q1-22,2021-05-03,6.25,02-28-2022,Australia & New Zealand Banking Group
Q1-22,2021-05-31,6.25,02-28-2022,Australia & New Zealand Banking Group
Q1-22,2021-06-22,6.25,02-28-2022,Australia & New Zealand Banking Group
Q1-22,2021-07-30,6.35,02-28-2022,Australia & New Zealand Banking Group
Q1-22,2021-08-31,6.35,02-28-2022,Australia & New Zealand Banking Group
Q1-22,2021-09-30,6.35,02-28-2022,Australia & New Zealand Banking Group
Q1-22,2021-10-21,6.35,02-28-2022,Australia & New Zealand Banking Group
Q1-22,2021-11-08,6.35,02-28-2022,Australia & New Zealand Banking Group
Q1-22,2021-11-18,6.37,02-28-2022,Australia & New Zealand Banking Group
Q1-22,2021-12-01,6.37,02-28-2022,Australia & New Zealand Banking Group
Q1-22,2022-01-05,6.37,02-28-2022,Australia & New Zealand Banking Group
Q1-22,2022-01-31,6.37,02-28-2022,Australia & New Zealand Banking Group
Q2-22,2021-05-31,6.2,02-28-2022,Australia & New Zealand Banking Group
Q2-22,2021-06-22,6.2,02-28-2022,Australia & New Zealand Banking Group
Q2-22,2021-07-30,6.3,02-28-2022,Australia & New Zealand Banking Group
Q2-22,2021-08-31,6.3,02-28-2022,Australia & New Zealand Banking Group
Q2-22,2021-09-30,6.3,02-28-2022,Australia & New Zealand Banking Group
Q2-22,2021-10-21,6.3,02-28-2022,Australia & New Zealand Banking Group
Q2-22,2021-11-08,6.3,02-28-2022,Australia & New Zealand Banking Group
Q2-22,2021-11-18,6.35,02-28-2022,Australia & New Zealand Banking Group
Q2-22,2021-12-01,6.35,02-28-2022,Australia & New Zealand Banking Group
Q2-22,2022-01-05,6.35,02-28-2022,Australia & New Zealand Banking Group
Q2-22,2022-01-31,6.35,02-28-2022,Australia & New Zealand Banking Group
Q3-22,2021-08-31,6.27,02-28-2022,Australia & New Zealand Banking Group
Q3-22,2021-09-30,6.27,02-28-2022,Australia & New Zealand Banking Group
Q3-22,2021-10-21,6.27,02-28-2022,Australia & New Zealand Banking Group
Q3-22,2021-11-08,6.27,02-28-2022,Australia & New Zealand Banking Group
Q3-22,2021-11-18,6.32,02-28-2022,Australia & New Zealand Banking Group
Q3-22,2021-12-01,6.32,02-28-2022,Australia & New Zealand Banking Group
Q3-22,2022-01-05,6.32,02-28-2022,Australia & New Zealand Banking Group
Q3-22,2022-01-31,6.32,02-28-2022,Australia & New Zealand Banking Group
Q4-22,2020-12-14,6.15,02-28-2022,Australia & New Zealand Banking Group
Q4-22,2021-02-01,6.15,02-28-2022,Australia & New Zealand Banking Group
Q4-22,2021-03-01,6.15,02-28-2022,Australia & New Zealand Banking Group
Q4-22,2021-03-02,6.15,02-28-2022,Australia & New Zealand Banking Group
Q4-22,2021-03-23,6.15,02-28-2022,Australia & New Zealand Banking Group
Q4-22,2021-05-03,6.15,02-28-2022,Australia & New Zealand Banking Group
Q4-22,2021-05-31,6.15,02-28-2022,Australia & New Zealand Banking Group
Q4-22,2021-06-22,6.15,02-28-2022,Australia & New Zealand Banking Group
Q4-22,2021-07-30,6.25,02-28-2022,Australia & New Zealand Banking Group
Q4-22,2021-08-31,6.25,02-28-2022,Australia & New Zealand Banking Group
Q4-22,2021-09-30,6.25,02-28-2022,Australia & New Zealand Banking Group
Q4-22,2021-10-21,6.25,02-28-2022,Australia & New Zealand Banking Group
Q4-22,2021-11-08,6.25,02-28-2022,Australia & New Zealand Banking Group
Q4-22,2021-11-18,6.3,02-28-2022,Australia & New Zealand Banking Group
Q4-22,2021-12-01,6.3,02-28-2022,Australia & New Zealand Banking Group
Q4-22,2022-01-05,6.3,02-28-2022,Australia & New Zealand Banking Group
Q4-22,2022-01-31,6.3,02-28-2022,Australia & New Zealand Banking Group
2023,2021-06-22,6.1,02-28-2022,Australia & New Zealand Banking Group
2023,2021-07-30,6.15,02-28-2022,Australia & New Zealand Banking Group
2023,2021-08-31,6.15,02-28-2022,Australia & New Zealand Banking Group
2023,2021-09-30,6.15,02-28-2022,Australia & New Zealand Banking Group
2023,2021-10-21,6.15,02-28-2022,Australia & New Zealand Banking Group
2023,2021-11-08,6.15,02-28-2022,Australia & New Zealand Banking Group
2023,2021-11-18,6.2,02-28-2022,Australia & New Zealand Banking Group
2023,2021-12-01,6.2,02-28-2022,Australia & New Zealand Banking Group
2023,2022-01-05,6.2,02-28-2022,Australia & New Zealand Banking Group
2023,2022-01-31,6.2,02-28-2022,Australia & New Zealand Banking Group
Q4-13,2012-02-22,6.0,11-30-2013,Australia & New Zealand Banking Group
Q4-13,2012-10-01,6.15,11-30-2013,Australia & New Zealand Banking Group
Q4-13,2012-11-08,6.1,11-30-2013,Australia & New Zealand Banking Group
Q4-13,2012-12-14,6.1,11-30-2013,Australia & New Zealand Banking Group
Q4-13,2013-01-10,6.1,11-30-2013,Australia & New Zealand Banking Group
Q4-13,2013-03-04,6.1,11-30-2013,Australia & New Zealand Banking Group
Q4-13,2013-04-02,6.1,11-30-2013,Australia & New Zealand Banking Group
Q4-13,2013-05-13,6.15,11-30-2013,Australia & New Zealand Banking Group
Q4-13,2013-06-03,6.15,11-30-2013,Australia & New Zealand Banking Group
Q4-13,2013-07-01,6.2,11-30-2013,Australia & New Zealand Banking Group
Q4-13,2013-08-12,6.2,11-30-2013,Australia & New Zealand Banking Group
Q4-13,2013-08-27,6.23,11-30-2013,Australia & New Zealand Banking Group
Q4-13,2013-10-07,6.2,11-30-2013,Australia & New Zealand Banking Group
Q1-14,2013-04-02,6.05,11-30-2013,Australia & New Zealand Banking Group
Q1-14,2013-05-13,6.13,11-30-2013,Australia & New Zealand Banking Group
Q1-14,2013-06-03,6.13,11-30-2013,Australia & New Zealand Banking Group
Q1-14,2013-07-01,6.23,11-30-2013,Australia & New Zealand Banking Group
Q1-14,2013-08-12,6.23,11-30-2013,Australia & New Zealand Banking Group
Q1-14,2013-08-27,6.25,11-30-2013,Australia & New Zealand Banking Group
Q1-14,2013-10-07,6.23,11-30-2013,Australia & New Zealand Banking Group
Q2-14,2013-07-01,6.25,11-30-2013,Australia & New Zealand Banking Group
Q2-14,2013-08-12,6.25,11-30-2013,Australia & New Zealand Banking Group
Q2-14,2013-08-27,6.25,11-30-2013,Australia & New Zealand Banking Group
Q2-14,2013-10-07,6.25,11-30-2013,Australia & New Zealand Banking Group
Q3-14,2013-10-07,6.25,11-30-2013,Australia & New Zealand Banking Group
2014,2012-02-22,5.88,11-30-2013,Australia & New Zealand Banking Group
2014,2012-12-14,5.9,11-30-2013,Australia & New Zealand Banking Group
2014,2013-01-10,5.9,11-30-2013,Australia & New Zealand Banking Group
2014,2013-03-04,5.92,11-30-2013,Australia & New Zealand Banking Group
2014,2013-04-02,5.92,11-30-2013,Australia & New Zealand Banking Group
2014,2013-05-13,6.1,11-30-2013,Australia & New Zealand Banking Group
2014,2013-06-03,6.1,11-30-2013,Australia & New Zealand Banking Group
2014,2013-07-01,6.25,11-30-2013,Australia & New Zealand Banking Group
2014,2013-08-12,6.25,11-30-2013,Australia & New Zealand Banking Group
2014,2013-08-27,6.25,11-30-2013,Australia & New Zealand Banking Group
2014,2013-10-07,6.25,11-30-2013,Australia & New Zealand Banking Group
2015,2012-02-22,5.8,11-30-2013,Australia & New Zealand Banking Group
2015,2013-04-02,5.8,11-30-2013,Australia & New Zealand Banking Group
2015,2013-05-13,6.06,11-30-2013,Australia & New Zealand Banking Group
2015,2013-06-03,6.06,11-30-2013,Australia & New Zealand Banking Group
2015,2013-07-01,6.25,11-30-2013,Australia & New Zealand Banking Group
2015,2013-08-12,6.25,11-30-2013,Australia & New Zealand Banking Group
2015,2013-08-27,6.25,11-30-2013,Australia & New Zealand Banking Group
2015,2013-10-07,6.25,11-30-2013,Australia & New Zealand Banking Group
Q1-14,2013-04-02,6.05,02-28-2014,Australia & New Zealand Banking Group
Q1-14,2013-05-13,6.13,02-28-2014,Australia & New Zealand Banking Group
Q1-14,2013-06-03,6.13,02-28-2014,Australia & New Zealand Banking Group
Q1-14,2013-07-01,6.23,02-28-2014,Australia & New Zealand Banking Group
Q1-14,2013-08-12,6.23,02-28-2014,Australia & New Zealand Banking Group
Q1-14,2013-08-27,6.25,02-28-2014,Australia & New Zealand Banking Group
Q1-14,2013-10-07,6.23,02-28-2014,Australia & New Zealand Banking Group
Q1-14,2013-12-30,6.05,02-28-2014,Australia & New Zealand Banking Group
Q1-14,2014-01-29,6.05,02-28-2014,Australia & New Zealand Banking Group
Q1-14,2014-02-21,6.05,02-28-2014,Australia & New Zealand Banking Group
Q2-14,2013-07-01,6.25,02-28-2014,Australia & New Zealand Banking Group
Q2-14,2013-08-12,6.25,02-28-2014,Australia & New Zealand Banking Group
Q2-14,2013-08-27,6.25,02-28-2014,Australia & New Zealand Banking Group
Q2-14,2013-10-07,6.25,02-28-2014,Australia & New Zealand Banking Group
Q2-14,2013-12-30,6.03,02-28-2014,Australia & New Zealand Banking Group
Q2-14,2014-01-29,6.03,02-28-2014,Australia & New Zealand Banking Group
Q2-14,2014-02-21,6.03,02-28-2014,Australia & New Zealand Banking Group
Q3-14,2013-10-07,6.25,02-28-2014,Australia & New Zealand Banking Group
Q3-14,2013-12-30,6.0,02-28-2014,Australia & New Zealand Banking Group
Q3-14,2014-01-29,6.0,02-28-2014,Australia & New Zealand Banking Group
Q3-14,2014-02-21,6.0,02-28-2014,Australia & New Zealand Banking Group
Q4-14,2012-12-14,5.9,02-28-2014,Australia & New Zealand Banking Group
Q4-14,2013-01-10,5.9,02-28-2014,Australia & New Zealand Banking Group
Q4-14,2013-03-04,5.92,02-28-2014,Australia & New Zealand Banking Group
Q4-14,2013-04-02,5.92,02-28-2014,Australia & New Zealand Banking Group
Q4-14,2013-05-13,6.1,02-28-2014,Australia & New Zealand Banking Group
Q4-14,2013-06-03,6.1,02-28-2014,Australia & New Zealand Banking Group
Q4-14,2013-07-01,6.25,02-28-2014,Australia & New Zealand Banking Group
Q4-14,2013-08-12,6.25,02-28-2014,Australia & New Zealand Banking Group
Q4-14,2013-08-27,6.25,02-28-2014,Australia & New Zealand Banking Group
Q4-14,2013-10-07,6.25,02-28-2014,Australia & New Zealand Banking Group
Q4-14,2013-12-30,5.98,02-28-2014,Australia & New Zealand Banking Group
Q4-14,2014-01-29,5.98,02-28-2014,Australia & New Zealand Banking Group
Q4-14,2014-02-21,5.98,02-28-2014,Australia & New Zealand Banking Group
2015,2013-04-02,5.8,02-28-2014,Australia & New Zealand Banking Group
2015,2013-05-13,6.06,02-28-2014,Australia & New Zealand Banking Group
2015,2013-06-03,6.06,02-28-2014,Australia & New Zealand Banking Group
2015,2013-07-01,6.25,02-28-2014,Australia & New Zealand Banking Group
2015,2013-08-12,6.25,02-28-2014,Australia & New Zealand Banking Group
2015,2013-08-27,6.25,02-28-2014,Australia & New Zealand Banking Group
2015,2013-10-07,6.25,02-28-2014,Australia & New Zealand Banking Group
2015,2013-12-30,5.96,02-28-2014,Australia & New Zealand Banking Group
2015,2014-01-29,5.95,02-28-2014,Australia & New Zealand Banking Group
Q3-13,2012-02-08,6.05,08-31-2013,Australia & New Zealand Banking Group
Q3-13,2012-08-29,6.15,08-31-2013,Australia & New Zealand Banking Group
Q3-13,2012-10-01,6.2,08-31-2013,Australia & New Zealand Banking Group
Q3-13,2012-11-08,6.15,08-31-2013,Australia & New Zealand Banking Group
Q3-13,2012-12-14,6.15,08-31-2013,Australia & New Zealand Banking Group
Q3-13,2013-01-10,6.15,08-31-2013,Australia & New Zealand Banking Group
Q3-13,2013-03-04,6.15,08-31-2013,Australia & New Zealand Banking Group
Q3-13,2013-04-02,6.15,08-31-2013,Australia & New Zealand Banking Group
Q3-13,2013-05-13,6.17,08-31-2013,Australia & New Zealand Banking Group
Q3-13,2013-06-03,6.14,08-31-2013,Australia & New Zealand Banking Group
Q3-13,2013-07-01,6.17,08-31-2013,Australia & New Zealand Banking Group
Q3-13,2013-08-12,6.17,08-31-2013,Australia & New Zealand Banking Group
Q3-13,2013-08-27,6.2,08-31-2013,Australia & New Zealand Banking Group
Q4-13,2012-02-22,6.0,08-31-2013,Australia & New Zealand Banking Group
Q4-13,2012-10-01,6.15,08-31-2013,Australia & New Zealand Banking Group
Q4-13,2012-11-08,6.1,08-31-2013,Australia & New Zealand Banking Group
Q4-13,2012-12-14,6.1,08-31-2013,Australia & New Zealand Banking Group
Q4-13,2013-01-10,6.1,08-31-2013,Australia & New Zealand Banking Group
Q4-13,2013-03-04,6.1,08-31-2013,Australia & New Zealand Banking Group
Q4-13,2013-04-02,6.1,08-31-2013,Australia & New Zealand Banking Group
Q4-13,2013-05-13,6.15,08-31-2013,Australia & New Zealand Banking Group
Q4-13,2013-06-03,6.15,08-31-2013,Australia & New Zealand Banking Group
Q4-13,2013-07-01,6.2,08-31-2013,Australia & New Zealand Banking Group
Q4-13,2013-08-12,6.2,08-31-2013,Australia & New Zealand Banking Group
Q4-13,2013-08-27,6.23,08-31-2013,Australia & New Zealand Banking Group
Q1-14,2013-04-02,6.05,08-31-2013,Australia & New Zealand Banking Group
Q1-14,2013-05-13,6.13,08-31-2013,Australia & New Zealand Banking Group
Q1-14,2013-06-03,6.13,08-31-2013,Australia & New Zealand Banking Group
Q1-14,2013-07-01,6.23,08-31-2013,Australia & New Zealand Banking Group
Q1-14,2013-08-12,6.23,08-31-2013,Australia & New Zealand Banking Group
Q1-14,2013-08-27,6.25,08-31-2013,Australia & New Zealand Banking Group
Q2-14,2013-07-01,6.25,08-31-2013,Australia & New Zealand Banking Group
Q2-14,2013-08-12,6.25,08-31-2013,Australia & New Zealand Banking Group
Q2-14,2013-08-27,6.25,08-31-2013,Australia & New Zealand Banking Group
2014,2012-02-22,5.88,08-31-2013,Australia & New Zealand Banking Group
2014,2012-12-14,5.9,08-31-2013,Australia & New Zealand Banking Group
2014,2013-01-10,5.9,08-31-2013,Australia & New Zealand Banking Group
2014,2013-03-04,5.92,08-31-2013,Australia & New Zealand Banking Group
2014,2013-04-02,5.92,08-31-2013,Australia & New Zealand Banking Group
2014,2013-05-13,6.1,08-31-2013,Australia & New Zealand Banking Group
2014,2013-06-03,6.1,08-31-2013,Australia & New Zealand Banking Group
2014,2013-07-01,6.25,08-31-2013,Australia & New Zealand Banking Group
2014,2013-08-12,6.25,08-31-2013,Australia & New Zealand Banking Group
2014,2013-08-27,6.25,08-31-2013,Australia & New Zealand Banking Group
2015,2012-02-22,5.8,08-31-2013,Australia & New Zealand Banking Group
2015,2013-04-02,5.8,08-31-2013,Australia & New Zealand Banking Group
2015,2013-05-13,6.06,08-31-2013,Australia & New Zealand Banking Group
2015,2013-06-03,6.06,08-31-2013,Australia & New Zealand Banking Group
2015,2013-07-01,6.25,08-31-2013,Australia & New Zealand Banking Group
2015,2013-08-12,6.25,08-31-2013,Australia & New Zealand Banking Group
2015,2013-08-27,6.25,08-31-2013,Australia & New Zealand Banking Group
Q2-18,2016-11-30,7.15,05-31-2018,Australia & New Zealand Banking Group
Q2-18,2017-06-30,7.0,05-31-2018,Australia & New Zealand Banking Group
Q2-18,2017-07-03,7.0,05-31-2018,Australia & New Zealand Banking Group
Q2-18,2017-07-31,6.9,05-31-2018,Australia & New Zealand Banking Group
Q2-18,2017-08-31,6.9,05-31-2018,Australia & New Zealand Banking Group
Q2-18,2017-09-05,6.9,05-31-2018,Australia & New Zealand Banking Group
Q2-18,2017-09-20,6.9,05-31-2018,Australia & New Zealand Banking Group
Q2-18,2017-09-26,6.7,05-31-2018,Australia & New Zealand Banking Group
Q2-18,2017-11-06,6.7,05-31-2018,Australia & New Zealand Banking Group
Q2-18,2017-11-09,6.7,05-31-2018,Australia & New Zealand Banking Group
Q2-18,2017-11-13,6.7,05-31-2018,Australia & New Zealand Banking Group
Q2-18,2017-12-02,6.6,05-31-2018,Australia & New Zealand Banking Group
Q2-18,2018-01-23,6.6,05-31-2018,Australia & New Zealand Banking Group
Q2-18,2018-01-31,6.29,05-31-2018,Australia & New Zealand Banking Group
Q2-18,2018-02-14,6.29,05-31-2018,Australia & New Zealand Banking Group
Q2-18,2018-02-28,6.29,05-31-2018,Australia & New Zealand Banking Group
Q2-18,2018-03-01,6.29,05-31-2018,Australia & New Zealand Banking Group
Q2-18,2018-03-27,6.29,05-31-2018,Australia & New Zealand Banking Group
Q2-18,2018-04-25,6.29,05-31-2018,Australia & New Zealand Banking Group
Q3-18,2016-11-30,7.18,05-31-2018,Australia & New Zealand Banking Group
Q3-18,2017-09-05,6.92,05-31-2018,Australia & New Zealand Banking Group
Q3-18,2017-09-20,6.92,05-31-2018,Australia & New Zealand Banking Group
Q3-18,2017-09-26,6.72,05-31-2018,Australia & New Zealand Banking Group
Q3-18,2017-11-06,6.72,05-31-2018,Australia & New Zealand Banking Group
Q3-18,2017-11-09,6.72,05-31-2018,Australia & New Zealand Banking Group
Q3-18,2017-11-13,6.72,05-31-2018,Australia & New Zealand Banking Group
Q3-18,2017-12-02,6.58,05-31-2018,Australia & New Zealand Banking Group
Q3-18,2018-01-23,6.58,05-31-2018,Australia & New Zealand Banking Group
Q3-18,2018-01-31,6.27,05-31-2018,Australia & New Zealand Banking Group
Q3-18,2018-02-14,6.27,05-31-2018,Australia & New Zealand Banking Group
Q3-18,2018-02-28,6.27,05-31-2018,Australia & New Zealand Banking Group
Q3-18,2018-03-01,6.27,05-31-2018,Australia & New Zealand Banking Group
Q3-18,2018-03-27,6.27,05-31-2018,Australia & New Zealand Banking Group
Q3-18,2018-04-25,6.27,05-31-2018,Australia & New Zealand Banking Group
Q4-18,2016-10-03,6.9,05-31-2018,Australia & New Zealand Banking Group
Q4-18,2016-11-30,7.2,05-31-2018,Australia & New Zealand Banking Group
Q4-18,2016-12-06,7.2,05-31-2018,Australia & New Zealand Banking Group
Q4-18,2016-12-09,7.2,05-31-2018,Australia & New Zealand Banking Group
Q4-18,2017-01-16,7.2,05-31-2018,Australia & New Zealand Banking Group
Q4-18,2017-02-02,7.2,05-31-2018,Australia & New Zealand Banking Group
Q4-18,2017-03-03,7.2,05-31-2018,Australia & New Zealand Banking Group
Q4-18,2017-03-16,7.2,05-31-2018,Australia & New Zealand Banking Group
Q4-18,2017-04-27,7.2,05-31-2018,Australia & New Zealand Banking Group
Q4-18,2017-05-31,7.02,05-31-2018,Australia & New Zealand Banking Group
Q4-18,2017-06-30,7.02,05-31-2018,Australia & New Zealand Banking Group
Q4-18,2017-07-03,7.02,05-31-2018,Australia & New Zealand Banking Group
Q4-18,2017-07-31,6.95,05-31-2018,Australia & New Zealand Banking Group
Q4-18,2017-08-31,6.95,05-31-2018,Australia & New Zealand Banking Group
Q4-18,2017-09-05,6.95,05-31-2018,Australia & New Zealand Banking Group
Q4-18,2017-09-20,6.95,05-31-2018,Australia & New Zealand Banking Group
Q4-18,2017-09-26,6.75,05-31-2018,Australia & New Zealand Banking Group
Q4-18,2017-11-06,6.75,05-31-2018,Australia & New Zealand Banking Group
Q4-18,2017-11-09,6.75,05-31-2018,Australia & New Zealand Banking Group
Q4-18,2017-11-13,6.75,05-31-2018,Australia & New Zealand Banking Group
Q4-18,2017-12-02,6.55,05-31-2018,Australia & New Zealand Banking Group
Q4-18,2018-01-23,6.55,05-31-2018,Australia & New Zealand Banking Group
Q4-18,2018-01-31,6.25,05-31-2018,Australia & New Zealand Banking Group
Q4-18,2018-02-14,6.25,05-31-2018,Australia & New Zealand Banking Group
Q4-18,2018-02-28,6.25,05-31-2018,Australia & New Zealand Banking Group
Q4-18,2018-03-01,6.25,05-31-2018,Australia & New Zealand Banking Group
Q4-18,2018-03-27,6.25,05-31-2018,Australia & New Zealand Banking Group
Q4-18,2018-04-25,6.25,05-31-2018,Australia & New Zealand Banking Group
Q1-19,2018-03-01,6.24,05-31-2018,Australia & New Zealand Banking Group
Q1-19,2018-03-27,6.24,05-31-2018,Australia & New Zealand Banking Group
Q1-19,2018-04-25,6.24,05-31-2018,Australia & New Zealand Banking Group
2019,2017-07-31,6.9,05-31-2018,Australia & New Zealand Banking Group
2019,2017-08-31,6.9,05-31-2018,Australia & New Zealand Banking Group
2019,2017-09-05,6.9,05-31-2018,Australia & New Zealand Banking Group
2019,2017-09-20,6.9,05-31-2018,Australia & New Zealand Banking Group
2019,2017-09-26,6.75,05-31-2018,Australia & New Zealand Banking Group
2019,2017-11-06,6.75,05-31-2018,Australia & New Zealand Banking Group
2019,2017-11-09,6.75,05-31-2018,Australia & New Zealand Banking Group
2019,2017-11-13,6.75,05-31-2018,Australia & New Zealand Banking Group
2019,2017-12-02,6.45,05-31-2018,Australia & New Zealand Banking Group
2019,2018-01-23,6.45,05-31-2018,Australia & New Zealand Banking Group
2019,2018-01-31,6.2,05-31-2018,Australia & New Zealand Banking Group
2019,2018-02-14,6.2,05-31-2018,Australia & New Zealand Banking Group
2019,2018-02-28,6.2,05-31-2018,Australia & New Zealand Banking Group
2019,2018-03-01,6.2,05-31-2018,Australia & New Zealand Banking Group
2019,2018-03-27,6.2,05-31-2018,Australia & New Zealand Banking Group
2019,2018-04-25,6.2,05-31-2018,Australia & New Zealand Banking Group
2020,2017-12-02,6.45,05-31-2018,Australia & New Zealand Banking Group
2020,2018-01-23,6.45,05-31-2018,Australia & New Zealand Banking Group
2020,2018-01-31,6.2,05-31-2018,Australia & New Zealand Banking Group
2020,2018-02-14,6.2,05-31-2018,Australia & New Zealand Banking Group
2020,2018-02-28,6.2,05-31-2018,Australia & New Zealand Banking Group
2020,2018-03-01,6.2,05-31-2018,Australia & New Zealand Banking Group
2020,2018-03-27,6.2,05-31-2018,Australia & New Zealand Banking Group
2020,2018-04-25,6.2,05-31-2018,Australia & New Zealand Banking Group
Q4-09,2007-12-17,7.09,11-30-2009,Australia & New Zealand Banking Group
Q4-09,2008-01-30,6.83,11-30-2009,Australia & New Zealand Banking Group
Q4-09,2008-02-21,6.83,11-30-2009,Australia & New Zealand Banking Group
Q4-09,2008-06-19,7.02,11-30-2009,Australia & New Zealand Banking Group
Q4-09,2008-07-03,7.02,11-30-2009,Australia & New Zealand Banking Group
Q4-09,2008-11-20,6.89,11-30-2009,Australia & New Zealand Banking Group
Q4-09,2008-12-12,6.84,11-30-2009,Australia & New Zealand Banking Group
Q4-09,2009-01-20,6.84,11-30-2009,Australia & New Zealand Banking Group
Q4-09,2009-01-30,6.84,11-30-2009,Australia & New Zealand Banking Group
Q4-09,2009-02-06,6.84,11-30-2009,Australia & New Zealand Banking Group
Q4-09,2009-03-03,6.84,11-30-2009,Australia & New Zealand Banking Group
Q4-09,2009-03-05,6.84,11-30-2009,Australia & New Zealand Banking Group
Q4-09,2009-03-30,6.84,11-30-2009,Australia & New Zealand Banking Group
Q4-09,2009-05-05,6.83,11-30-2009,Australia & New Zealand Banking Group
Q4-09,2009-06-12,6.83,11-30-2009,Australia & New Zealand Banking Group
Q4-09,2009-06-26,6.83,11-30-2009,Australia & New Zealand Banking Group
Q4-09,2009-08-17,6.83,11-30-2009,Australia & New Zealand Banking Group
Q4-09,2009-09-18,6.83,11-30-2009,Australia & New Zealand Banking Group
Q4-09,2009-10-23,6.83,11-30-2009,Australia & New Zealand Banking Group
Q4-09,2009-11-18,6.83,11-30-2009,Australia & New Zealand Banking Group
Q4-09,2009-11-20,6.83,11-30-2009,Australia & New Zealand Banking Group
Q1-10,2009-03-05,6.84,11-30-2009,Australia & New Zealand Banking Group
Q1-10,2009-03-30,6.84,11-30-2009,Australia & New Zealand Banking Group
Q1-10,2009-05-05,6.82,11-30-2009,Australia & New Zealand Banking Group
Q1-10,2009-06-12,6.82,11-30-2009,Australia & New Zealand Banking Group
Q1-10,2009-06-26,6.82,11-30-2009,Australia & New Zealand Banking Group
Q1-10,2009-08-17,6.83,11-30-2009,Australia & New Zealand Banking Group
Q1-10,2009-09-18,6.83,11-30-2009,Australia & New Zealand Banking Group
Q1-10,2009-10-23,6.83,11-30-2009,Australia & New Zealand Banking Group
Q1-10,2009-11-18,6.83,11-30-2009,Australia & New Zealand Banking Group
Q1-10,2009-11-20,6.83,11-30-2009,Australia & New Zealand Banking Group
Q2-10,2009-03-30,6.68,11-30-2009,Australia & New Zealand Banking Group
Q2-10,2009-05-05,6.82,11-30-2009,Australia & New Zealand Banking Group
Q2-10,2009-06-12,6.82,11-30-2009,Australia & New Zealand Banking Group
Q2-10,2009-06-26,6.82,11-30-2009,Australia & New Zealand Banking Group
Q2-10,2009-08-17,6.83,11-30-2009,Australia & New Zealand Banking Group
Q2-10,2009-09-18,6.83,11-30-2009,Australia & New Zealand Banking Group
Q2-10,2009-10-23,6.83,11-30-2009,Australia & New Zealand Banking Group
Q2-10,2009-11-18,6.83,11-30-2009,Australia & New Zealand Banking Group
Q2-10,2009-11-20,6.83,11-30-2009,Australia & New Zealand Banking Group
Q3-10,2009-03-30,6.42,11-30-2009,Australia & New Zealand Banking Group
Q3-10,2009-06-12,6.8,11-30-2009,Australia & New Zealand Banking Group
Q3-10,2009-09-18,6.82,11-30-2009,Australia & New Zealand Banking Group
Q3-10,2009-10-23,6.82,11-30-2009,Australia & New Zealand Banking Group
Q3-10,2009-11-18,6.74,11-30-2009,Australia & New Zealand Banking Group
Q3-10,2009-11-20,6.74,11-30-2009,Australia & New Zealand Banking Group
2010,2007-12-17,7.17,11-30-2009,Australia & New Zealand Banking Group
2010,2008-01-30,6.99,11-30-2009,Australia & New Zealand Banking Group
2010,2008-02-21,6.99,11-30-2009,Australia & New Zealand Banking Group
2010,2008-06-19,7.19,11-30-2009,Australia & New Zealand Banking Group
2010,2008-07-03,7.19,11-30-2009,Australia & New Zealand Banking Group
2010,2008-11-20,6.68,11-30-2009,Australia & New Zealand Banking Group
2010,2008-12-12,6.64,11-30-2009,Australia & New Zealand Banking Group
2010,2009-01-20,6.64,11-30-2009,Australia & New Zealand Banking Group
2010,2009-01-30,6.64,11-30-2009,Australia & New Zealand Banking Group
2010,2009-02-06,6.7,11-30-2009,Australia & New Zealand Banking Group
2010,2009-03-03,6.7,11-30-2009,Australia & New Zealand Banking Group
2010,2009-03-05,6.7,11-30-2009,Australia & New Zealand Banking Group
2010,2009-05-05,6.73,11-30-2009,Australia & New Zealand Banking Group
2010,2009-06-12,6.73,11-30-2009,Australia & New Zealand Banking Group
2010,2009-06-26,6.8,11-30-2009,Australia & New Zealand Banking Group
2010,2009-08-17,6.82,11-30-2009,Australia & New Zealand Banking Group
2010,2009-09-18,6.8,11-30-2009,Australia & New Zealand Banking Group
2010,2009-10-23,6.8,11-30-2009,Australia & New Zealand Banking Group
2010,2009-11-18,6.66,11-30-2009,Australia & New Zealand Banking Group
2010,2009-11-20,6.66,11-30-2009,Australia & New Zealand Banking Group
2011,2008-01-30,7.2,11-30-2009,Australia & New Zealand Banking Group
2011,2008-02-21,7.2,11-30-2009,Australia & New Zealand Banking Group
2011,2008-06-19,7.2,11-30-2009,Australia & New Zealand Banking Group
2011,2008-07-03,7.2,11-30-2009,Australia & New Zealand Banking Group
2011,2008-11-20,6.42,11-30-2009,Australia & New Zealand Banking Group
2011,2008-12-12,6.38,11-30-2009,Australia & New Zealand Banking Group
2011,2009-01-20,6.38,11-30-2009,Australia & New Zealand Banking Group
2011,2009-01-30,6.38,11-30-2009,Australia & New Zealand Banking Group
2011,2009-02-06,6.44,11-30-2009,Australia & New Zealand Banking Group
2011,2009-03-03,6.44,11-30-2009,Australia & New Zealand Banking Group
2011,2009-03-05,6.44,11-30-2009,Australia & New Zealand Banking Group
2011,2009-05-05,6.47,11-30-2009,Australia & New Zealand Banking Group
2011,2009-06-12,6.47,11-30-2009,Australia & New Zealand Banking Group
2011,2009-06-26,6.73,11-30-2009,Australia & New Zealand Banking Group
2011,2009-08-17,6.8,11-30-2009,Australia & New Zealand Banking Group
2011,2009-09-18,6.8,11-30-2009,Australia & New Zealand Banking Group
2011,2009-10-23,6.53,11-30-2009,Australia & New Zealand Banking Group
2011,2009-11-18,6.66,11-30-2009,Australia & New Zealand Banking Group
2011,2009-11-20,6.38,11-30-2009,Australia & New Zealand Banking Group
2012,2008-01-30,7.2,11-30-2009,Australia & New Zealand Banking Group
2012,2008-02-21,7.2,11-30-2009,Australia & New Zealand Banking Group
2012,2009-05-05,6.21,11-30-2009,Australia & New Zealand Banking Group
2012,2009-06-12,6.21,11-30-2009,Australia & New Zealand Banking Group
2012,2009-06-26,6.73,11-30-2009,Australia & New Zealand Banking Group
2012,2009-08-17,6.8,11-30-2009,Australia & New Zealand Banking Group
2012,2009-09-18,6.53,11-30-2009,Australia & New Zealand Banking Group
2012,2009-10-23,6.27,11-30-2009,Australia & New Zealand Banking Group
2012,2009-11-18,6.38,11-30-2009,Australia & New Zealand Banking Group
2012,2009-11-20,6.13,11-30-2009,Australia & New Zealand Banking Group
2013,2008-01-30,7.2,11-30-2009,Australia & New Zealand Banking Group
2013,2008-02-21,7.2,11-30-2009,Australia & New Zealand Banking Group
2013,2009-06-26,6.47,11-30-2009,Australia & New Zealand Banking Group
2013,2009-08-17,6.53,11-30-2009,Australia & New Zealand Banking Group
2013,2009-09-18,6.27,11-30-2009,Australia & New Zealand Banking Group
2013,2009-11-18,6.13,11-30-2009,Australia & New Zealand Banking Group
Q4-14,2012-12-14,5.9,11-30-2014,Australia & New Zealand Banking Group
Q4-14,2013-01-10,5.9,11-30-2014,Australia & New Zealand Banking Group
Q4-14,2013-03-04,5.92,11-30-2014,Australia & New Zealand Banking Group
Q4-14,2013-04-02,5.92,11-30-2014,Australia & New Zealand Banking Group
Q4-14,2013-05-13,6.1,11-30-2014,Australia & New Zealand Banking Group
Q4-14,2013-06-03,6.1,11-30-2014,Australia & New Zealand Banking Group
Q4-14,2013-07-01,6.25,11-30-2014,Australia & New Zealand Banking Group
Q4-14,2013-08-12,6.25,11-30-2014,Australia & New Zealand Banking Group
Q4-14,2013-08-27,6.25,11-30-2014,Australia & New Zealand Banking Group
Q4-14,2013-10-07,6.25,11-30-2014,Australia & New Zealand Banking Group
Q4-14,2013-12-30,5.98,11-30-2014,Australia & New Zealand Banking Group
Q4-14,2014-01-29,5.98,11-30-2014,Australia & New Zealand Banking Group
Q4-14,2014-02-21,5.98,11-30-2014,Australia & New Zealand Banking Group
Q4-14,2014-03-18,6.08,11-30-2014,Australia & New Zealand Banking Group
Q4-14,2014-04-30,6.15,11-30-2014,Australia & New Zealand Banking Group
Q4-14,2014-07-09,6.15,11-30-2014,Australia & New Zealand Banking Group
Q4-14,2014-07-30,6.15,11-30-2014,Australia & New Zealand Banking Group
Q4-14,2014-08-01,6.15,11-30-2014,Australia & New Zealand Banking Group
Q4-14,2014-09-01,6.15,11-30-2014,Australia & New Zealand Banking Group
Q4-14,2014-10-07,6.15,11-30-2014,Australia & New Zealand Banking Group
Q4-14,2014-11-06,6.12,11-30-2014,Australia & New Zealand Banking Group
Q1-15,2014-02-21,5.96,11-30-2014,Australia & New Zealand Banking Group
Q1-15,2014-03-18,6.05,11-30-2014,Australia & New Zealand Banking Group
Q1-15,2014-04-30,6.1,11-30-2014,Australia & New Zealand Banking Group
Q1-15,2014-07-09,6.1,11-30-2014,Australia & New Zealand Banking Group
Q1-15,2014-07-30,6.1,11-30-2014,Australia & New Zealand Banking Group
Q1-15,2014-08-01,6.1,11-30-2014,Australia & New Zealand Banking Group
Q1-15,2014-09-01,6.1,11-30-2014,Australia & New Zealand Banking Group
Q1-15,2014-10-07,6.1,11-30-2014,Australia & New Zealand Banking Group
Q1-15,2014-11-06,6.1,11-30-2014,Australia & New Zealand Banking Group
Q1-15,2014-11-24,6.1,11-30-2014,Australia & New Zealand Banking Group
Q2-15,2014-03-18,6.02,11-30-2014,Australia & New Zealand Banking Group
Q2-15,2014-04-30,6.05,11-30-2014,Australia & New Zealand Banking Group
Q2-15,2014-07-09,6.05,11-30-2014,Australia & New Zealand Banking Group
Q2-15,2014-07-30,6.05,11-30-2014,Australia & New Zealand Banking Group
Q2-15,2014-08-01,6.05,11-30-2014,Australia & New Zealand Banking Group
Q2-15,2014-09-01,6.05,11-30-2014,Australia & New Zealand Banking Group
Q2-15,2014-10-07,6.05,11-30-2014,Australia & New Zealand Banking Group
Q2-15,2014-11-06,6.05,11-30-2014,Australia & New Zealand Banking Group
Q2-15,2014-11-24,6.05,11-30-2014,Australia & New Zealand Banking Group
Q3-15,2014-10-07,6.03,11-30-2014,Australia & New Zealand Banking Group
Q3-15,2014-11-06,6.03,11-30-2014,Australia & New Zealand Banking Group
Q3-15,2014-11-24,6.03,11-30-2014,Australia & New Zealand Banking Group
2015,2013-04-02,5.8,11-30-2014,Australia & New Zealand Banking Group
2015,2013-05-13,6.06,11-30-2014,Australia & New Zealand Banking Group
2015,2013-06-03,6.06,11-30-2014,Australia & New Zealand Banking Group
2015,2013-07-01,6.25,11-30-2014,Australia & New Zealand Banking Group
2015,2013-08-12,6.25,11-30-2014,Australia & New Zealand Banking Group
2015,2013-08-27,6.25,11-30-2014,Australia & New Zealand Banking Group
2015,2013-10-07,6.25,11-30-2014,Australia & New Zealand Banking Group
2015,2013-12-30,5.96,11-30-2014,Australia & New Zealand Banking Group
2015,2014-01-29,5.95,11-30-2014,Australia & New Zealand Banking Group
2015,2014-07-09,6.05,11-30-2014,Australia & New Zealand Banking Group
2015,2014-07-30,6.05,11-30-2014,Australia & New Zealand Banking Group
2015,2014-08-01,6.05,11-30-2014,Australia & New Zealand Banking Group
2015,2014-09-01,6.05,11-30-2014,Australia & New Zealand Banking Group
2015,2014-10-07,6.0,11-30-2014,Australia & New Zealand Banking Group
2015,2014-11-06,6.0,11-30-2014,Australia & New Zealand Banking Group
2015,2014-11-24,6.0,11-30-2014,Australia & New Zealand Banking Group
2016,2014-11-06,5.92,11-30-2014,Australia & New Zealand Banking Group
2016,2014-11-24,5.92,11-30-2014,Australia & New Zealand Banking Group
Q1-09,2008-06-19,6.89,02-28-2009,Australia & New Zealand Banking Group
Q1-09,2008-07-03,6.89,02-28-2009,Australia & New Zealand Banking Group
Q1-09,2008-11-20,6.86,02-28-2009,Australia & New Zealand Banking Group
Q1-09,2008-12-12,6.84,02-28-2009,Australia & New Zealand Banking Group
Q1-09,2009-01-20,6.84,02-28-2009,Australia & New Zealand Banking Group
Q1-09,2009-01-30,6.84,02-28-2009,Australia & New Zealand Banking Group
Q1-09,2009-02-06,6.84,02-28-2009,Australia & New Zealand Banking Group
Q2-09,2008-11-20,6.89,02-28-2009,Australia & New Zealand Banking Group
Q2-09,2008-12-12,6.86,02-28-2009,Australia & New Zealand Banking Group
Q2-09,2009-01-20,6.86,02-28-2009,Australia & New Zealand Banking Group
Q2-09,2009-01-30,6.86,02-28-2009,Australia & New Zealand Banking Group
Q2-09,2009-02-06,6.84,02-28-2009,Australia & New Zealand Banking Group
Q3-09,2008-11-20,6.89,02-28-2009,Australia & New Zealand Banking Group
Q3-09,2008-12-12,6.86,02-28-2009,Australia & New Zealand Banking Group
Q3-09,2009-01-20,6.86,02-28-2009,Australia & New Zealand Banking Group
Q3-09,2009-01-30,6.86,02-28-2009,Australia & New Zealand Banking Group
Q3-09,2009-02-06,6.84,02-28-2009,Australia & New Zealand Banking Group
Q4-09,2007-04-03,7.73,02-28-2009,Australia & New Zealand Banking Group
Q4-09,2007-05-08,7.73,02-28-2009,Australia & New Zealand Banking Group
Q4-09,2007-06-13,7.73,02-28-2009,Australia & New Zealand Banking Group
Q4-09,2007-07-19,7.15,02-28-2009,Australia & New Zealand Banking Group
Q4-09,2007-09-06,7.09,02-28-2009,Australia & New Zealand Banking Group
Q4-09,2007-10-17,7.09,02-28-2009,Australia & New Zealand Banking Group
Q4-09,2007-12-17,7.09,02-28-2009,Australia & New Zealand Banking Group
Q4-09,2008-01-30,6.83,02-28-2009,Australia & New Zealand Banking Group
Q4-09,2008-02-21,6.83,02-28-2009,Australia & New Zealand Banking Group
Q4-09,2008-06-19,7.02,02-28-2009,Australia & New Zealand Banking Group
Q4-09,2008-07-03,7.02,02-28-2009,Australia & New Zealand Banking Group
Q4-09,2008-11-20,6.89,02-28-2009,Australia & New Zealand Banking Group
Q4-09,2008-12-12,6.84,02-28-2009,Australia & New Zealand Banking Group
Q4-09,2009-01-20,6.84,02-28-2009,Australia & New Zealand Banking Group
Q4-09,2009-01-30,6.84,02-28-2009,Australia & New Zealand Banking Group
Q4-09,2009-02-06,6.84,02-28-2009,Australia & New Zealand Banking Group
2010,2007-04-03,7.72,02-28-2009,Australia & New Zealand Banking Group
2010,2007-05-08,7.72,02-28-2009,Australia & New Zealand Banking Group
2010,2007-06-13,7.72,02-28-2009,Australia & New Zealand Banking Group
2010,2007-09-06,7.17,02-28-2009,Australia & New Zealand Banking Group
2010,2007-10-17,7.17,02-28-2009,Australia & New Zealand Banking Group
2010,2007-12-17,7.17,02-28-2009,Australia & New Zealand Banking Group
2010,2008-01-30,6.99,02-28-2009,Australia & New Zealand Banking Group
2010,2008-02-21,6.99,02-28-2009,Australia & New Zealand Banking Group
2010,2008-06-19,7.19,02-28-2009,Australia & New Zealand Banking Group
2010,2008-07-03,7.19,02-28-2009,Australia & New Zealand Banking Group
2010,2008-11-20,6.68,02-28-2009,Australia & New Zealand Banking Group
2010,2008-12-12,6.64,02-28-2009,Australia & New Zealand Banking Group
2010,2009-01-20,6.64,02-28-2009,Australia & New Zealand Banking Group
2010,2009-01-30,6.64,02-28-2009,Australia & New Zealand Banking Group
2010,2009-02-06,6.7,02-28-2009,Australia & New Zealand Banking Group
2011,2007-04-03,7.72,02-28-2009,Australia & New Zealand Banking Group
2011,2007-05-08,7.72,02-28-2009,Australia & New Zealand Banking Group
2011,2007-06-13,7.72,02-28-2009,Australia & New Zealand Banking Group
2011,2008-01-30,7.2,02-28-2009,Australia & New Zealand Banking Group
2011,2008-02-21,7.2,02-28-2009,Australia & New Zealand Banking Group
2011,2008-06-19,7.2,02-28-2009,Australia & New Zealand Banking Group
2011,2008-07-03,7.2,02-28-2009,Australia & New Zealand Banking Group
2011,2008-11-20,6.42,02-28-2009,Australia & New Zealand Banking Group
2011,2008-12-12,6.38,02-28-2009,Australia & New Zealand Banking Group
2011,2009-01-20,6.38,02-28-2009,Australia & New Zealand Banking Group
2011,2009-01-30,6.38,02-28-2009,Australia & New Zealand Banking Group
2011,2009-02-06,6.44,02-28-2009,Australia & New Zealand Banking Group
2012,2008-01-30,7.2,02-28-2009,Australia & New Zealand Banking Group
2012,2008-02-21,7.2,02-28-2009,Australia & New Zealand Banking Group
2013,2008-01-30,7.2,02-28-2009,Australia & New Zealand Banking Group
2013,2008-02-21,7.2,02-28-2009,Australia & New Zealand Banking Group
Q2-13,2012-02-08,6.08,05-31-2013,Australia & New Zealand Banking Group
Q2-13,2012-06-07,6.1,05-31-2013,Australia & New Zealand Banking Group
Q2-13,2012-07-20,6.1,05-31-2013,Australia & New Zealand Banking Group
Q2-13,2012-08-29,6.2,05-31-2013,Australia & New Zealand Banking Group
Q2-13,2012-10-01,6.2,05-31-2013,Australia & New Zealand Banking Group
Q2-13,2012-11-08,6.2,05-31-2013,Australia & New Zealand Banking Group
Q2-13,2012-12-14,6.2,05-31-2013,Australia & New Zealand Banking Group
Q2-13,2013-01-10,6.2,05-31-2013,Australia & New Zealand Banking Group
Q2-13,2013-03-04,6.2,05-31-2013,Australia & New Zealand Banking Group
Q2-13,2013-04-02,6.2,05-31-2013,Australia & New Zealand Banking Group
Q2-13,2013-05-13,6.2,05-31-2013,Australia & New Zealand Banking Group
Q3-13,2012-02-08,6.05,05-31-2013,Australia & New Zealand Banking Group
Q3-13,2012-08-29,6.15,05-31-2013,Australia & New Zealand Banking Group
Q3-13,2012-10-01,6.2,05-31-2013,Australia & New Zealand Banking Group
Q3-13,2012-11-08,6.15,05-31-2013,Australia & New Zealand Banking Group
Q3-13,2012-12-14,6.15,05-31-2013,Australia & New Zealand Banking Group
Q3-13,2013-01-10,6.15,05-31-2013,Australia & New Zealand Banking Group
Q3-13,2013-03-04,6.15,05-31-2013,Australia & New Zealand Banking Group
Q3-13,2013-04-02,6.15,05-31-2013,Australia & New Zealand Banking Group
Q3-13,2013-05-13,6.17,05-31-2013,Australia & New Zealand Banking Group
Q4-13,2011-06-29,5.62,05-31-2013,Australia & New Zealand Banking Group
Q4-13,2011-07-01,5.62,05-31-2013,Australia & New Zealand Banking Group
Q4-13,2012-02-22,6.0,05-31-2013,Australia & New Zealand Banking Group
Q4-13,2012-10-01,6.15,05-31-2013,Australia & New Zealand Banking Group
Q4-13,2012-11-08,6.1,05-31-2013,Australia & New Zealand Banking Group
Q4-13,2012-12-14,6.1,05-31-2013,Australia & New Zealand Banking Group
Q4-13,2013-01-10,6.1,05-31-2013,Australia & New Zealand Banking Group
Q4-13,2013-03-04,6.1,05-31-2013,Australia & New Zealand Banking Group
Q4-13,2013-04-02,6.1,05-31-2013,Australia & New Zealand Banking Group
Q4-13,2013-05-13,6.15,05-31-2013,Australia & New Zealand Banking Group
Q1-14,2013-04-02,6.05,05-31-2013,Australia & New Zealand Banking Group
Q1-14,2013-05-13,6.13,05-31-2013,Australia & New Zealand Banking Group
2014,2012-02-22,5.88,05-31-2013,Australia & New Zealand Banking Group
2014,2012-12-14,5.9,05-31-2013,Australia & New Zealand Banking Group
2014,2013-01-10,5.9,05-31-2013,Australia & New Zealand Banking Group
2014,2013-03-04,5.92,05-31-2013,Australia & New Zealand Banking Group
2014,2013-04-02,5.92,05-31-2013,Australia & New Zealand Banking Group
2014,2013-05-13,6.1,05-31-2013,Australia & New Zealand Banking Group
2015,2012-02-22,5.8,05-31-2013,Australia & New Zealand Banking Group
2015,2013-04-02,5.8,05-31-2013,Australia & New Zealand Banking Group
2015,2013-05-13,6.06,05-31-2013,Australia & New Zealand Banking Group
Q3-18,2016-11-30,7.18,08-31-2018,Australia & New Zealand Banking Group
Q3-18,2017-09-05,6.92,08-31-2018,Australia & New Zealand Banking Group
Q3-18,2017-09-20,6.92,08-31-2018,Australia & New Zealand Banking Group
Q3-18,2017-09-26,6.72,08-31-2018,Australia & New Zealand Banking Group
Q3-18,2017-11-06,6.72,08-31-2018,Australia & New Zealand Banking Group
Q3-18,2017-11-09,6.72,08-31-2018,Australia & New Zealand Banking Group
Q3-18,2017-11-13,6.72,08-31-2018,Australia & New Zealand Banking Group
Q3-18,2017-12-02,6.58,08-31-2018,Australia & New Zealand Banking Group
Q3-18,2018-01-23,6.58,08-31-2018,Australia & New Zealand Banking Group
Q3-18,2018-01-31,6.27,08-31-2018,Australia & New Zealand Banking Group
Q3-18,2018-02-14,6.27,08-31-2018,Australia & New Zealand Banking Group
Q3-18,2018-02-28,6.27,08-31-2018,Australia & New Zealand Banking Group
Q3-18,2018-03-01,6.27,08-31-2018,Australia & New Zealand Banking Group
Q3-18,2018-03-27,6.27,08-31-2018,Australia & New Zealand Banking Group
Q3-18,2018-04-25,6.27,08-31-2018,Australia & New Zealand Banking Group
Q3-18,2018-06-01,6.37,08-31-2018,Australia & New Zealand Banking Group
Q3-18,2018-07-03,6.6,08-31-2018,Australia & New Zealand Banking Group
Q3-18,2018-07-31,6.6,08-31-2018,Australia & New Zealand Banking Group
Q3-18,2018-08-31,6.8,08-31-2018,Australia & New Zealand Banking Group
Q4-18,2016-10-03,6.9,08-31-2018,Australia & New Zealand Banking Group
Q4-18,2016-11-30,7.2,08-31-2018,Australia & New Zealand Banking Group
Q4-18,2016-12-06,7.2,08-31-2018,Australia & New Zealand Banking Group
Q4-18,2016-12-09,7.2,08-31-2018,Australia & New Zealand Banking Group
Q4-18,2017-01-16,7.2,08-31-2018,Australia & New Zealand Banking Group
Q4-18,2017-02-02,7.2,08-31-2018,Australia & New Zealand Banking Group
Q4-18,2017-03-03,7.2,08-31-2018,Australia & New Zealand Banking Group
Q4-18,2017-03-16,7.2,08-31-2018,Australia & New Zealand Banking Group
Q4-18,2017-04-27,7.2,08-31-2018,Australia & New Zealand Banking Group
Q4-18,2017-05-31,7.02,08-31-2018,Australia & New Zealand Banking Group
Q4-18,2017-06-30,7.02,08-31-2018,Australia & New Zealand Banking Group
Q4-18,2017-07-03,7.02,08-31-2018,Australia & New Zealand Banking Group
Q4-18,2017-07-31,6.95,08-31-2018,Australia & New Zealand Banking Group
Q4-18,2017-08-31,6.95,08-31-2018,Australia & New Zealand Banking Group
Q4-18,2017-09-05,6.95,08-31-2018,Australia & New Zealand Banking Group
Q4-18,2017-09-20,6.95,08-31-2018,Australia & New Zealand Banking Group
Q4-18,2017-09-26,6.75,08-31-2018,Australia & New Zealand Banking Group
Q4-18,2017-11-06,6.75,08-31-2018,Australia & New Zealand Banking Group
Q4-18,2017-11-09,6.75,08-31-2018,Australia & New Zealand Banking Group
Q4-18,2017-11-13,6.75,08-31-2018,Australia & New Zealand Banking Group
Q4-18,2017-12-02,6.55,08-31-2018,Australia & New Zealand Banking Group
Q4-18,2018-01-23,6.55,08-31-2018,Australia & New Zealand Banking Group
Q4-18,2018-01-31,6.25,08-31-2018,Australia & New Zealand Banking Group
Q4-18,2018-02-14,6.25,08-31-2018,Australia & New Zealand Banking Group
Q4-18,2018-02-28,6.25,08-31-2018,Australia & New Zealand Banking Group
Q4-18,2018-03-01,6.25,08-31-2018,Australia & New Zealand Banking Group
Q4-18,2018-03-27,6.25,08-31-2018,Australia & New Zealand Banking Group
Q4-18,2018-04-25,6.25,08-31-2018,Australia & New Zealand Banking Group
Q4-18,2018-06-01,6.35,08-31-2018,Australia & New Zealand Banking Group
Q4-18,2018-07-03,6.55,08-31-2018,Australia & New Zealand Banking Group
Q4-18,2018-07-31,6.55,08-31-2018,Australia & New Zealand Banking Group
Q4-18,2018-08-31,6.7,08-31-2018,Australia & New Zealand Banking Group
Q1-19,2018-03-01,6.24,08-31-2018,Australia & New Zealand Banking Group
Q1-19,2018-03-27,6.24,08-31-2018,Australia & New Zealand Banking Group
Q1-19,2018-04-25,6.24,08-31-2018,Australia & New Zealand Banking Group
Q1-19,2018-06-01,6.32,08-31-2018,Australia & New Zealand Banking Group
Q1-19,2018-07-03,6.52,08-31-2018,Australia & New Zealand Banking Group
Q1-19,2018-07-31,6.52,08-31-2018,Australia & New Zealand Banking Group
Q1-19,2018-08-31,6.65,08-31-2018,Australia & New Zealand Banking Group
Q2-19,2018-06-01,6.3,08-31-2018,Australia & New Zealand Banking Group
Q2-19,2018-07-03,6.5,08-31-2018,Australia & New Zealand Banking Group
Q2-19,2018-07-31,6.5,08-31-2018,Australia & New Zealand Banking Group
Q2-19,2018-08-31,6.6,08-31-2018,Australia & New Zealand Banking Group
2019,2017-07-31,6.9,08-31-2018,Australia & New Zealand Banking Group
2019,2017-08-31,6.9,08-31-2018,Australia & New Zealand Banking Group
2019,2017-09-05,6.9,08-31-2018,Australia & New Zealand Banking Group
2019,2017-09-20,6.9,08-31-2018,Australia & New Zealand Banking Group
2019,2017-09-26,6.75,08-31-2018,Australia & New Zealand Banking Group
2019,2017-11-06,6.75,08-31-2018,Australia & New Zealand Banking Group
2019,2017-11-09,6.75,08-31-2018,Australia & New Zealand Banking Group
2019,2017-11-13,6.75,08-31-2018,Australia & New Zealand Banking Group
2019,2017-12-02,6.45,08-31-2018,Australia & New Zealand Banking Group
2019,2018-01-23,6.45,08-31-2018,Australia & New Zealand Banking Group
2019,2018-01-31,6.2,08-31-2018,Australia & New Zealand Banking Group
2019,2018-02-14,6.2,08-31-2018,Australia & New Zealand Banking Group
2019,2018-02-28,6.2,08-31-2018,Australia & New Zealand Banking Group
2019,2018-03-01,6.2,08-31-2018,Australia & New Zealand Banking Group
2019,2018-03-27,6.2,08-31-2018,Australia & New Zealand Banking Group
2019,2018-04-25,6.2,08-31-2018,Australia & New Zealand Banking Group
2019,2018-06-01,6.25,08-31-2018,Australia & New Zealand Banking Group
2019,2018-07-03,6.45,08-31-2018,Australia & New Zealand Banking Group
2019,2018-07-31,6.45,08-31-2018,Australia & New Zealand Banking Group
2019,2018-08-31,6.55,08-31-2018,Australia & New Zealand Banking Group
2020,2017-12-02,6.45,08-31-2018,Australia & New Zealand Banking Group
2020,2018-01-23,6.45,08-31-2018,Australia & New Zealand Banking Group
2020,2018-01-31,6.2,08-31-2018,Australia & New Zealand Banking Group
2020,2018-02-14,6.2,08-31-2018,Australia & New Zealand Banking Group
2020,2018-02-28,6.2,08-31-2018,Australia & New Zealand Banking Group
2020,2018-03-01,6.2,08-31-2018,Australia & New Zealand Banking Group
2020,2018-03-27,6.2,08-31-2018,Australia & New Zealand Banking Group
2020,2018-04-25,6.2,08-31-2018,Australia & New Zealand Banking Group
2020,2018-06-01,6.2,08-31-2018,Australia & New Zealand Banking Group
2020,2018-07-03,6.4,08-31-2018,Australia & New Zealand Banking Group
2020,2018-07-31,6.4,08-31-2018,Australia & New Zealand Banking Group
2020,2018-08-31,6.45,08-31-2018,Australia & New Zealand Banking Group
Q4-18,2016-11-30,7.2,11-30-2018,Australia & New Zealand Banking Group
Q4-18,2016-12-06,7.2,11-30-2018,Australia & New Zealand Banking Group
Q4-18,2016-12-09,7.2,11-30-2018,Australia & New Zealand Banking Group
Q4-18,2017-01-16,7.2,11-30-2018,Australia & New Zealand Banking Group
Q4-18,2017-02-02,7.2,11-30-2018,Australia & New Zealand Banking Group
Q4-18,2017-03-03,7.2,11-30-2018,Australia & New Zealand Banking Group
Q4-18,2017-03-16,7.2,11-30-2018,Australia & New Zealand Banking Group
Q4-18,2017-04-27,7.2,11-30-2018,Australia & New Zealand Banking Group
Q4-18,2017-05-31,7.02,11-30-2018,Australia & New Zealand Banking Group
Q4-18,2017-06-30,7.02,11-30-2018,Australia & New Zealand Banking Group
Q4-18,2017-07-03,7.02,11-30-2018,Australia & New Zealand Banking Group
Q4-18,2017-07-31,6.95,11-30-2018,Australia & New Zealand Banking Group
Q4-18,2017-08-31,6.95,11-30-2018,Australia & New Zealand Banking Group
Q4-18,2017-09-05,6.95,11-30-2018,Australia & New Zealand Banking Group
Q4-18,2017-09-20,6.95,11-30-2018,Australia & New Zealand Banking Group
Q4-18,2017-09-26,6.75,11-30-2018,Australia & New Zealand Banking Group
Q4-18,2017-11-06,6.75,11-30-2018,Australia & New Zealand Banking Group
Q4-18,2017-11-09,6.75,11-30-2018,Australia & New Zealand Banking Group
Q4-18,2017-11-13,6.75,11-30-2018,Australia & New Zealand Banking Group
Q4-18,2017-12-02,6.55,11-30-2018,Australia & New Zealand Banking Group
Q4-18,2018-01-23,6.55,11-30-2018,Australia & New Zealand Banking Group
Q4-18,2018-01-31,6.25,11-30-2018,Australia & New Zealand Banking Group
Q4-18,2018-02-14,6.25,11-30-2018,Australia & New Zealand Banking Group
Q4-18,2018-02-28,6.25,11-30-2018,Australia & New Zealand Banking Group
Q4-18,2018-03-01,6.25,11-30-2018,Australia & New Zealand Banking Group
Q4-18,2018-03-27,6.25,11-30-2018,Australia & New Zealand Banking Group
Q4-18,2018-04-25,6.25,11-30-2018,Australia & New Zealand Banking Group
Q4-18,2018-06-01,6.35,11-30-2018,Australia & New Zealand Banking Group
Q4-18,2018-07-03,6.55,11-30-2018,Australia & New Zealand Banking Group
Q4-18,2018-07-31,6.55,11-30-2018,Australia & New Zealand Banking Group
Q4-18,2018-08-31,6.7,11-30-2018,Australia & New Zealand Banking Group
Q4-18,2018-09-06,6.7,11-30-2018,Australia & New Zealand Banking Group
Q4-18,2018-09-25,6.9,11-30-2018,Australia & New Zealand Banking Group
Q4-18,2018-09-27,6.9,11-30-2018,Australia & New Zealand Banking Group
Q4-18,2018-10-11,6.9,11-30-2018,Australia & New Zealand Banking Group
Q4-18,2018-11-02,6.9,11-30-2018,Australia & New Zealand Banking Group
Q1-19,2018-03-01,6.24,11-30-2018,Australia & New Zealand Banking Group
Q1-19,2018-03-27,6.24,11-30-2018,Australia & New Zealand Banking Group
Q1-19,2018-04-25,6.24,11-30-2018,Australia & New Zealand Banking Group
Q1-19,2018-06-01,6.32,11-30-2018,Australia & New Zealand Banking Group
Q1-19,2018-07-03,6.52,11-30-2018,Australia & New Zealand Banking Group
Q1-19,2018-07-31,6.52,11-30-2018,Australia & New Zealand Banking Group
Q1-19,2018-08-31,6.65,11-30-2018,Australia & New Zealand Banking Group
Q1-19,2018-09-06,6.65,11-30-2018,Australia & New Zealand Banking Group
Q1-19,2018-09-25,6.85,11-30-2018,Australia & New Zealand Banking Group
Q1-19,2018-09-27,6.85,11-30-2018,Australia & New Zealand Banking Group
Q1-19,2018-10-11,6.85,11-30-2018,Australia & New Zealand Banking Group
Q1-19,2018-11-02,6.85,11-30-2018,Australia & New Zealand Banking Group
Q2-19,2018-06-01,6.3,11-30-2018,Australia & New Zealand Banking Group
Q2-19,2018-07-03,6.5,11-30-2018,Australia & New Zealand Banking Group
Q2-19,2018-07-31,6.5,11-30-2018,Australia & New Zealand Banking Group
Q2-19,2018-08-31,6.6,11-30-2018,Australia & New Zealand Banking Group
Q2-19,2018-09-06,6.6,11-30-2018,Australia & New Zealand Banking Group
Q2-19,2018-09-25,6.85,11-30-2018,Australia & New Zealand Banking Group
Q2-19,2018-09-27,6.85,11-30-2018,Australia & New Zealand Banking Group
Q2-19,2018-10-11,6.85,11-30-2018,Australia & New Zealand Banking Group
Q2-19,2018-11-02,6.85,11-30-2018,Australia & New Zealand Banking Group
Q3-19,2018-09-06,6.58,11-30-2018,Australia & New Zealand Banking Group
Q3-19,2018-09-25,6.8,11-30-2018,Australia & New Zealand Banking Group
Q3-19,2018-09-27,6.8,11-30-2018,Australia & New Zealand Banking Group
Q3-19,2018-10-11,6.8,11-30-2018,Australia & New Zealand Banking Group
Q3-19,2018-11-02,6.8,11-30-2018,Australia & New Zealand Banking Group
2019,2017-07-31,6.9,11-30-2018,Australia & New Zealand Banking Group
2019,2017-08-31,6.9,11-30-2018,Australia & New Zealand Banking Group
2019,2017-09-05,6.9,11-30-2018,Australia & New Zealand Banking Group
2019,2017-09-20,6.9,11-30-2018,Australia & New Zealand Banking Group
2019,2017-09-26,6.75,11-30-2018,Australia & New Zealand Banking Group
2019,2017-11-06,6.75,11-30-2018,Australia & New Zealand Banking Group
2019,2017-11-09,6.75,11-30-2018,Australia & New Zealand Banking Group
2019,2017-11-13,6.75,11-30-2018,Australia & New Zealand Banking Group
2019,2017-12-02,6.45,11-30-2018,Australia & New Zealand Banking Group
2019,2018-01-23,6.45,11-30-2018,Australia & New Zealand Banking Group
2019,2018-01-31,6.2,11-30-2018,Australia & New Zealand Banking Group
2019,2018-02-14,6.2,11-30-2018,Australia & New Zealand Banking Group
2019,2018-02-28,6.2,11-30-2018,Australia & New Zealand Banking Group
2019,2018-03-01,6.2,11-30-2018,Australia & New Zealand Banking Group
2019,2018-03-27,6.2,11-30-2018,Australia & New Zealand Banking Group
2019,2018-04-25,6.2,11-30-2018,Australia & New Zealand Banking Group
2019,2018-06-01,6.25,11-30-2018,Australia & New Zealand Banking Group
2019,2018-07-03,6.45,11-30-2018,Australia & New Zealand Banking Group
2019,2018-07-31,6.45,11-30-2018,Australia & New Zealand Banking Group
2019,2018-08-31,6.55,11-30-2018,Australia & New Zealand Banking Group
2019,2018-09-06,6.55,11-30-2018,Australia & New Zealand Banking Group
2019,2018-09-25,6.75,11-30-2018,Australia & New Zealand Banking Group
2019,2018-09-27,6.75,11-30-2018,Australia & New Zealand Banking Group
2019,2018-10-11,6.75,11-30-2018,Australia & New Zealand Banking Group
2019,2018-11-02,6.75,11-30-2018,Australia & New Zealand Banking Group
2020,2017-12-02,6.45,11-30-2018,Australia & New Zealand Banking Group
2020,2018-01-23,6.45,11-30-2018,Australia & New Zealand Banking Group
2020,2018-01-31,6.2,11-30-2018,Australia & New Zealand Banking Group
2020,2018-02-14,6.2,11-30-2018,Australia & New Zealand Banking Group
2020,2018-02-28,6.2,11-30-2018,Australia & New Zealand Banking Group
2020,2018-03-01,6.2,11-30-2018,Australia & New Zealand Banking Group
2020,2018-03-27,6.2,11-30-2018,Australia & New Zealand Banking Group
2020,2018-04-25,6.2,11-30-2018,Australia & New Zealand Banking Group
2020,2018-06-01,6.2,11-30-2018,Australia & New Zealand Banking Group
2020,2018-07-03,6.4,11-30-2018,Australia & New Zealand Banking Group
2020,2018-07-31,6.4,11-30-2018,Australia & New Zealand Banking Group
2020,2018-08-31,6.45,11-30-2018,Australia & New Zealand Banking Group
2020,2018-09-06,6.45,11-30-2018,Australia & New Zealand Banking Group
2020,2018-09-25,6.55,11-30-2018,Australia & New Zealand Banking Group
2020,2018-09-27,6.55,11-30-2018,Australia & New Zealand Banking Group
2020,2018-10-11,6.55,11-30-2018,Australia & New Zealand Banking Group
2020,2018-11-02,6.55,11-30-2018,Australia & New Zealand Banking Group
Q3-14,2013-10-07,6.25,08-31-2014,Australia & New Zealand Banking Group
Q3-14,2013-12-30,6.0,08-31-2014,Australia & New Zealand Banking Group
Q3-14,2014-01-29,6.0,08-31-2014,Australia & New Zealand Banking Group
Q3-14,2014-02-21,6.0,08-31-2014,Australia & New Zealand Banking Group
Q3-14,2014-03-18,6.12,08-31-2014,Australia & New Zealand Banking Group
Q3-14,2014-04-30,6.2,08-31-2014,Australia & New Zealand Banking Group
Q3-14,2014-07-09,6.2,08-31-2014,Australia & New Zealand Banking Group
Q3-14,2014-07-30,6.2,08-31-2014,Australia & New Zealand Banking Group
Q3-14,2014-08-01,6.2,08-31-2014,Australia & New Zealand Banking Group
Q4-14,2012-12-14,5.9,08-31-2014,Australia & New Zealand Banking Group
Q4-14,2013-01-10,5.9,08-31-2014,Australia & New Zealand Banking Group
Q4-14,2013-03-04,5.92,08-31-2014,Australia & New Zealand Banking Group
Q4-14,2013-04-02,5.92,08-31-2014,Australia & New Zealand Banking Group
Q4-14,2013-05-13,6.1,08-31-2014,Australia & New Zealand Banking Group
Q4-14,2013-06-03,6.1,08-31-2014,Australia & New Zealand Banking Group
Q4-14,2013-07-01,6.25,08-31-2014,Australia & New Zealand Banking Group
Q4-14,2013-08-12,6.25,08-31-2014,Australia & New Zealand Banking Group
Q4-14,2013-08-27,6.25,08-31-2014,Australia & New Zealand Banking Group
Q4-14,2013-10-07,6.25,08-31-2014,Australia & New Zealand Banking Group
Q4-14,2013-12-30,5.98,08-31-2014,Australia & New Zealand Banking Group
Q4-14,2014-01-29,5.98,08-31-2014,Australia & New Zealand Banking Group
Q4-14,2014-02-21,5.98,08-31-2014,Australia & New Zealand Banking Group
Q4-14,2014-03-18,6.08,08-31-2014,Australia & New Zealand Banking Group
Q4-14,2014-04-30,6.15,08-31-2014,Australia & New Zealand Banking Group
Q4-14,2014-07-09,6.15,08-31-2014,Australia & New Zealand Banking Group
Q4-14,2014-07-30,6.15,08-31-2014,Australia & New Zealand Banking Group
Q4-14,2014-08-01,6.15,08-31-2014,Australia & New Zealand Banking Group
Q1-15,2014-02-21,5.96,08-31-2014,Australia & New Zealand Banking Group
Q1-15,2014-03-18,6.05,08-31-2014,Australia & New Zealand Banking Group
Q1-15,2014-04-30,6.1,08-31-2014,Australia & New Zealand Banking Group
Q1-15,2014-07-09,6.1,08-31-2014,Australia & New Zealand Banking Group
Q1-15,2014-07-30,6.1,08-31-2014,Australia & New Zealand Banking Group
Q1-15,2014-08-01,6.1,08-31-2014,Australia & New Zealand Banking Group
Q2-15,2014-03-18,6.02,08-31-2014,Australia & New Zealand Banking Group
Q2-15,2014-04-30,6.05,08-31-2014,Australia & New Zealand Banking Group
Q2-15,2014-07-09,6.05,08-31-2014,Australia & New Zealand Banking Group
Q2-15,2014-07-30,6.05,08-31-2014,Australia & New Zealand Banking Group
Q2-15,2014-08-01,6.05,08-31-2014,Australia & New Zealand Banking Group
2015,2013-04-02,5.8,08-31-2014,Australia & New Zealand Banking Group
2015,2013-05-13,6.06,08-31-2014,Australia & New Zealand Banking Group
2015,2013-06-03,6.06,08-31-2014,Australia & New Zealand Banking Group
2015,2013-07-01,6.25,08-31-2014,Australia & New Zealand Banking Group
2015,2013-08-12,6.25,08-31-2014,Australia & New Zealand Banking Group
2015,2013-08-27,6.25,08-31-2014,Australia & New Zealand Banking Group
2015,2013-10-07,6.25,08-31-2014,Australia & New Zealand Banking Group
2015,2013-12-30,5.96,08-31-2014,Australia & New Zealand Banking Group
2015,2014-01-29,5.95,08-31-2014,Australia & New Zealand Banking Group
2015,2014-07-09,6.05,08-31-2014,Australia & New Zealand Banking Group
2015,2014-07-30,6.05,08-31-2014,Australia & New Zealand Banking Group
2015,2014-08-01,6.05,08-31-2014,Australia & New Zealand Banking Group
Q2-09,2008-11-20,6.89,05-31-2009,Australia & New Zealand Banking Group
Q2-09,2008-12-12,6.86,05-31-2009,Australia & New Zealand Banking Group
Q2-09,2009-01-20,6.86,05-31-2009,Australia & New Zealand Banking Group
Q2-09,2009-01-30,6.86,05-31-2009,Australia & New Zealand Banking Group
Q2-09,2009-02-06,6.84,05-31-2009,Australia & New Zealand Banking Group
Q2-09,2009-03-03,6.84,05-31-2009,Australia & New Zealand Banking Group
Q2-09,2009-03-05,6.84,05-31-2009,Australia & New Zealand Banking Group
Q2-09,2009-03-30,6.84,05-31-2009,Australia & New Zealand Banking Group
Q2-09,2009-05-05,6.83,05-31-2009,Australia & New Zealand Banking Group
Q3-09,2008-11-20,6.89,05-31-2009,Australia & New Zealand Banking Group
Q3-09,2008-12-12,6.86,05-31-2009,Australia & New Zealand Banking Group
Q3-09,2009-01-20,6.86,05-31-2009,Australia & New Zealand Banking Group
Q3-09,2009-01-30,6.86,05-31-2009,Australia & New Zealand Banking Group
Q3-09,2009-02-06,6.84,05-31-2009,Australia & New Zealand Banking Group
Q3-09,2009-03-03,6.84,05-31-2009,Australia & New Zealand Banking Group
Q3-09,2009-03-05,6.84,05-31-2009,Australia & New Zealand Banking Group
Q3-09,2009-03-30,6.84,05-31-2009,Australia & New Zealand Banking Group
Q3-09,2009-05-05,6.83,05-31-2009,Australia & New Zealand Banking Group
Q4-09,2007-06-13,7.73,05-31-2009,Australia & New Zealand Banking Group
Q4-09,2007-07-19,7.15,05-31-2009,Australia & New Zealand Banking Group
Q4-09,2007-09-06,7.09,05-31-2009,Australia & New Zealand Banking Group
Q4-09,2007-10-17,7.09,05-31-2009,Australia & New Zealand Banking Group
Q4-09,2007-12-17,7.09,05-31-2009,Australia & New Zealand Banking Group
Q4-09,2008-01-30,6.83,05-31-2009,Australia & New Zealand Banking Group
Q4-09,2008-02-21,6.83,05-31-2009,Australia & New Zealand Banking Group
Q4-09,2008-06-19,7.02,05-31-2009,Australia & New Zealand Banking Group
Q4-09,2008-07-03,7.02,05-31-2009,Australia & New Zealand Banking Group
Q4-09,2008-11-20,6.89,05-31-2009,Australia & New Zealand Banking Group
Q4-09,2008-12-12,6.84,05-31-2009,Australia & New Zealand Banking Group
Q4-09,2009-01-20,6.84,05-31-2009,Australia & New Zealand Banking Group
Q4-09,2009-01-30,6.84,05-31-2009,Australia & New Zealand Banking Group
Q4-09,2009-02-06,6.84,05-31-2009,Australia & New Zealand Banking Group
Q4-09,2009-03-03,6.84,05-31-2009,Australia & New Zealand Banking Group
Q4-09,2009-03-05,6.84,05-31-2009,Australia & New Zealand Banking Group
Q4-09,2009-03-30,6.84,05-31-2009,Australia & New Zealand Banking Group
Q4-09,2009-05-05,6.83,05-31-2009,Australia & New Zealand Banking Group
Q1-10,2009-03-05,6.84,05-31-2009,Australia & New Zealand Banking Group
Q1-10,2009-03-30,6.84,05-31-2009,Australia & New Zealand Banking Group
Q1-10,2009-05-05,6.82,05-31-2009,Australia & New Zealand Banking Group
2010,2007-06-13,7.72,05-31-2009,Australia & New Zealand Banking Group
2010,2007-09-06,7.17,05-31-2009,Australia & New Zealand Banking Group
2010,2007-10-17,7.17,05-31-2009,Australia & New Zealand Banking Group
2010,2007-12-17,7.17,05-31-2009,Australia & New Zealand Banking Group
2010,2008-01-30,6.99,05-31-2009,Australia & New Zealand Banking Group
2010,2008-02-21,6.99,05-31-2009,Australia & New Zealand Banking Group
2010,2008-06-19,7.19,05-31-2009,Australia & New Zealand Banking Group
2010,2008-07-03,7.19,05-31-2009,Australia & New Zealand Banking Group
2010,2008-11-20,6.68,05-31-2009,Australia & New Zealand Banking Group
2010,2008-12-12,6.64,05-31-2009,Australia & New Zealand Banking Group
2010,2009-01-20,6.64,05-31-2009,Australia & New Zealand Banking Group
2010,2009-01-30,6.64,05-31-2009,Australia & New Zealand Banking Group
2010,2009-02-06,6.7,05-31-2009,Australia & New Zealand Banking Group
2010,2009-03-03,6.7,05-31-2009,Australia & New Zealand Banking Group
2010,2009-03-05,6.7,05-31-2009,Australia & New Zealand Banking Group
2010,2009-05-05,6.73,05-31-2009,Australia & New Zealand Banking Group
2011,2007-06-13,7.72,05-31-2009,Australia & New Zealand Banking Group
2011,2008-01-30,7.2,05-31-2009,Australia & New Zealand Banking Group
2011,2008-02-21,7.2,05-31-2009,Australia & New Zealand Banking Group
2011,2008-06-19,7.2,05-31-2009,Australia & New Zealand Banking Group
2011,2008-07-03,7.2,05-31-2009,Australia & New Zealand Banking Group
2011,2008-11-20,6.42,05-31-2009,Australia & New Zealand Banking Group
2011,2008-12-12,6.38,05-31-2009,Australia & New Zealand Banking Group
2011,2009-01-20,6.38,05-31-2009,Australia & New Zealand Banking Group
2011,2009-01-30,6.38,05-31-2009,Australia & New Zealand Banking Group
2011,2009-02-06,6.44,05-31-2009,Australia & New Zealand Banking Group
2011,2009-03-03,6.44,05-31-2009,Australia & New Zealand Banking Group
2011,2009-03-05,6.44,05-31-2009,Australia & New Zealand Banking Group
2011,2009-05-05,6.47,05-31-2009,Australia & New Zealand Banking Group
2012,2008-01-30,7.2,05-31-2009,Australia & New Zealand Banking Group
2012,2008-02-21,7.2,05-31-2009,Australia & New Zealand Banking Group
2012,2009-05-05,6.21,05-31-2009,Australia & New Zealand Banking Group
2013,2008-01-30,7.2,05-31-2009,Australia & New Zealand Banking Group
2013,2008-02-21,7.2,05-31-2009,Australia & New Zealand Banking Group
Q1-13,2012-02-08,6.12,02-28-2013,Australia & New Zealand Banking Group
Q1-13,2012-03-30,6.1,02-28-2013,Australia & New Zealand Banking Group
Q1-13,2012-05-04,6.1,02-28-2013,Australia & New Zealand Banking Group
Q1-13,2012-06-07,6.15,02-28-2013,Australia & New Zealand Banking Group
Q1-13,2012-07-20,6.15,02-28-2013,Australia & New Zealand Banking Group
Q1-13,2012-08-29,6.25,02-28-2013,Australia & New Zealand Banking Group
Q1-13,2012-10-01,6.25,02-28-2013,Australia & New Zealand Banking Group
Q1-13,2012-11-08,6.25,02-28-2013,Australia & New Zealand Banking Group
Q1-13,2012-12-14,6.25,02-28-2013,Australia & New Zealand Banking Group
Q1-13,2013-01-10,6.22,02-28-2013,Australia & New Zealand Banking Group
Q2-13,2012-02-08,6.08,02-28-2013,Australia & New Zealand Banking Group
Q2-13,2012-06-07,6.1,02-28-2013,Australia & New Zealand Banking Group
Q2-13,2012-07-20,6.1,02-28-2013,Australia & New Zealand Banking Group
Q2-13,2012-08-29,6.2,02-28-2013,Australia & New Zealand Banking Group
Q2-13,2012-10-01,6.2,02-28-2013,Australia & New Zealand Banking Group
Q2-13,2012-11-08,6.2,02-28-2013,Australia & New Zealand Banking Group
Q2-13,2012-12-14,6.2,02-28-2013,Australia & New Zealand Banking Group
Q2-13,2013-01-10,6.2,02-28-2013,Australia & New Zealand Banking Group
Q3-13,2012-02-08,6.05,02-28-2013,Australia & New Zealand Banking Group
Q3-13,2012-08-29,6.15,02-28-2013,Australia & New Zealand Banking Group
Q3-13,2012-10-01,6.2,02-28-2013,Australia & New Zealand Banking Group
Q3-13,2012-11-08,6.15,02-28-2013,Australia & New Zealand Banking Group
Q3-13,2012-12-14,6.15,02-28-2013,Australia & New Zealand Banking Group
Q3-13,2013-01-10,6.15,02-28-2013,Australia & New Zealand Banking Group
Q4-13,2011-05-11,5.62,02-28-2013,Australia & New Zealand Banking Group
Q4-13,2011-05-12,5.62,02-28-2013,Australia & New Zealand Banking Group
Q4-13,2011-06-29,5.62,02-28-2013,Australia & New Zealand Banking Group
Q4-13,2011-07-01,5.62,02-28-2013,Australia & New Zealand Banking Group
Q4-13,2012-02-22,6.0,02-28-2013,Australia & New Zealand Banking Group
Q4-13,2012-10-01,6.15,02-28-2013,Australia & New Zealand Banking Group
Q4-13,2012-11-08,6.1,02-28-2013,Australia & New Zealand Banking Group
Q4-13,2012-12-14,6.1,02-28-2013,Australia & New Zealand Banking Group
Q4-13,2013-01-10,6.1,02-28-2013,Australia & New Zealand Banking Group
2014,2012-02-22,5.88,02-28-2013,Australia & New Zealand Banking Group
2014,2012-12-14,5.9,02-28-2013,Australia & New Zealand Banking Group
2014,2013-01-10,5.9,02-28-2013,Australia & New Zealand Banking Group
2015,2011-05-11,5.8,02-28-2013,Australia & New Zealand Banking Group
2015,2012-02-22,5.8,02-28-2013,Australia & New Zealand Banking Group
Q1-12,2010-11-01,6.03,02-28-2012,Australia & New Zealand Banking Group
Q1-12,2010-12-02,6.03,02-28-2012,Australia & New Zealand Banking Group
Q1-12,2011-02-01,6.22,02-28-2012,Australia & New Zealand Banking Group
Q1-12,2011-03-03,6.22,02-28-2012,Australia & New Zealand Banking Group
Q1-12,2011-04-01,6.22,02-28-2012,Australia & New Zealand Banking Group
Q1-12,2011-05-03,6.16,02-28-2012,Australia & New Zealand Banking Group
Q1-12,2011-05-11,6.16,02-28-2012,Australia & New Zealand Banking Group
Q1-12,2011-05-12,6.16,02-28-2012,Australia & New Zealand Banking Group
Q1-12,2011-06-01,6.16,02-28-2012,Australia & New Zealand Banking Group
Q1-12,2011-06-03,6.16,02-28-2012,Australia & New Zealand Banking Group
Q1-12,2011-06-06,6.16,02-28-2012,Australia & New Zealand Banking Group
Q1-12,2011-06-29,6.16,02-28-2012,Australia & New Zealand Banking Group
Q1-12,2011-07-01,6.16,02-28-2012,Australia & New Zealand Banking Group
Q1-12,2011-07-26,6.16,02-28-2012,Australia & New Zealand Banking Group
Q1-12,2011-08-30,6.16,02-28-2012,Australia & New Zealand Banking Group
Q1-12,2011-12-06,6.35,02-28-2012,Australia & New Zealand Banking Group
Q1-12,2012-02-08,6.35,02-28-2012,Australia & New Zealand Banking Group
Q1-12,2012-02-22,6.3,02-28-2012,Australia & New Zealand Banking Group
Q2-12,2011-02-01,6.15,02-28-2012,Australia & New Zealand Banking Group
Q2-12,2011-03-03,6.15,02-28-2012,Australia & New Zealand Banking Group
Q2-12,2011-04-01,6.15,02-28-2012,Australia & New Zealand Banking Group
Q2-12,2011-05-03,6.1,02-28-2012,Australia & New Zealand Banking Group
Q2-12,2011-06-01,6.1,02-28-2012,Australia & New Zealand Banking Group
Q2-12,2011-06-03,6.1,02-28-2012,Australia & New Zealand Banking Group
Q2-12,2011-06-06,6.1,02-28-2012,Australia & New Zealand Banking Group
Q2-12,2011-06-29,6.1,02-28-2012,Australia & New Zealand Banking Group
Q2-12,2011-07-01,6.1,02-28-2012,Australia & New Zealand Banking Group
Q2-12,2011-07-26,6.1,02-28-2012,Australia & New Zealand Banking Group
Q2-12,2011-08-30,6.1,02-28-2012,Australia & New Zealand Banking Group
Q2-12,2011-12-06,6.29,02-28-2012,Australia & New Zealand Banking Group
Q2-12,2012-02-08,6.29,02-28-2012,Australia & New Zealand Banking Group
Q2-12,2012-02-22,6.27,02-28-2012,Australia & New Zealand Banking Group
Q3-12,2011-04-01,5.91,02-28-2012,Australia & New Zealand Banking Group
Q3-12,2011-05-03,6.04,02-28-2012,Australia & New Zealand Banking Group
Q3-12,2011-06-01,6.04,02-28-2012,Australia & New Zealand Banking Group
Q3-12,2011-12-06,6.23,02-28-2012,Australia & New Zealand Banking Group
Q3-12,2012-02-08,6.23,02-28-2012,Australia & New Zealand Banking Group
Q3-12,2012-02-22,6.23,02-28-2012,Australia & New Zealand Banking Group
Q4-12,2010-03-05,6.0,02-28-2012,Australia & New Zealand Banking Group
Q4-12,2010-03-31,6.0,02-28-2012,Australia & New Zealand Banking Group
Q4-12,2010-05-27,6.09,02-28-2012,Australia & New Zealand Banking Group
Q4-12,2010-10-12,5.97,02-28-2012,Australia & New Zealand Banking Group
Q4-12,2011-04-01,5.85,02-28-2012,Australia & New Zealand Banking Group
Q4-12,2011-05-11,5.98,02-28-2012,Australia & New Zealand Banking Group
Q4-12,2011-05-12,5.98,02-28-2012,Australia & New Zealand Banking Group
Q4-12,2011-06-29,5.98,02-28-2012,Australia & New Zealand Banking Group
Q4-12,2011-07-01,5.98,02-28-2012,Australia & New Zealand Banking Group
Q4-12,2011-07-26,5.99,02-28-2012,Australia & New Zealand Banking Group
Q4-12,2011-08-30,5.99,02-28-2012,Australia & New Zealand Banking Group
Q4-12,2011-12-06,6.17,02-28-2012,Australia & New Zealand Banking Group
Q4-12,2012-02-08,6.17,02-28-2012,Australia & New Zealand Banking Group
Q4-12,2012-02-22,6.14,02-28-2012,Australia & New Zealand Banking Group
2013,2010-05-27,5.85,02-28-2012,Australia & New Zealand Banking Group
2013,2010-10-12,5.73,02-28-2012,Australia & New Zealand Banking Group
2013,2011-05-11,5.62,02-28-2012,Australia & New Zealand Banking Group
2013,2011-05-12,5.62,02-28-2012,Australia & New Zealand Banking Group
2013,2011-06-29,5.62,02-28-2012,Australia & New Zealand Banking Group
2013,2011-07-01,5.62,02-28-2012,Australia & New Zealand Banking Group
2013,2012-02-22,6.0,02-28-2012,Australia & New Zealand Banking Group
2014,2012-02-22,5.88,02-28-2012,Australia & New Zealand Banking Group
2015,2011-05-11,5.8,02-28-2012,Australia & New Zealand Banking Group
2015,2012-02-22,5.8,02-28-2012,Australia & New Zealand Banking Group
Q2-08,2007-06-13,7.4,05-31-2008,Australia & New Zealand Banking Group
Q2-08,2007-07-19,7.4,05-31-2008,Australia & New Zealand Banking Group
Q2-08,2007-09-06,7.22,05-31-2008,Australia & New Zealand Banking Group
Q2-08,2007-10-17,7.22,05-31-2008,Australia & New Zealand Banking Group
Q2-08,2007-12-17,7.22,05-31-2008,Australia & New Zealand Banking Group
Q2-08,2008-01-30,6.73,05-31-2008,Australia & New Zealand Banking Group
Q2-08,2008-02-21,6.73,05-31-2008,Australia & New Zealand Banking Group
Q3-08,2007-10-17,7.13,05-31-2008,Australia & New Zealand Banking Group
Q3-08,2007-12-17,7.13,05-31-2008,Australia & New Zealand Banking Group
Q3-08,2008-01-30,6.65,05-31-2008,Australia & New Zealand Banking Group
Q3-08,2008-02-21,6.65,05-31-2008,Australia & New Zealand Banking Group
Q4-08,2006-09-11,7.35,05-31-2008,Australia & New Zealand Banking Group
Q4-08,2006-10-17,7.35,05-31-2008,Australia & New Zealand Banking Group
Q4-08,2006-11-21,7.35,05-31-2008,Australia & New Zealand Banking Group
Q4-08,2007-01-18,7.55,05-31-2008,Australia & New Zealand Banking Group
Q4-08,2007-02-22,7.35,05-31-2008,Australia & New Zealand Banking Group
Q4-08,2007-04-03,7.35,05-31-2008,Australia & New Zealand Banking Group
Q4-08,2007-05-08,7.35,05-31-2008,Australia & New Zealand Banking Group
Q4-08,2007-06-13,7.35,05-31-2008,Australia & New Zealand Banking Group
Q4-08,2007-07-19,7.35,05-31-2008,Australia & New Zealand Banking Group
Q4-08,2007-09-06,7.04,05-31-2008,Australia & New Zealand Banking Group
Q4-08,2007-10-17,7.04,05-31-2008,Australia & New Zealand Banking Group
Q4-08,2007-12-17,7.04,05-31-2008,Australia & New Zealand Banking Group
Q4-08,2008-01-30,6.67,05-31-2008,Australia & New Zealand Banking Group
Q4-08,2008-02-21,6.67,05-31-2008,Australia & New Zealand Banking Group
2009,2007-01-18,7.35,05-31-2008,Australia & New Zealand Banking Group
2009,2007-04-03,7.73,05-31-2008,Australia & New Zealand Banking Group
2009,2007-05-08,7.73,05-31-2008,Australia & New Zealand Banking Group
2009,2007-06-13,7.73,05-31-2008,Australia & New Zealand Banking Group
2009,2007-07-19,7.15,05-31-2008,Australia & New Zealand Banking Group
2009,2007-09-06,7.09,05-31-2008,Australia & New Zealand Banking Group
2009,2007-10-17,7.09,05-31-2008,Australia & New Zealand Banking Group
2009,2007-12-17,7.09,05-31-2008,Australia & New Zealand Banking Group
2009,2008-01-30,6.83,05-31-2008,Australia & New Zealand Banking Group
2009,2008-02-21,6.83,05-31-2008,Australia & New Zealand Banking Group
2010,2007-04-03,7.72,05-31-2008,Australia & New Zealand Banking Group
2010,2007-05-08,7.72,05-31-2008,Australia & New Zealand Banking Group
2010,2007-06-13,7.72,05-31-2008,Australia & New Zealand Banking Group
2010,2007-09-06,7.17,05-31-2008,Australia & New Zealand Banking Group
2010,2007-10-17,7.17,05-31-2008,Australia & New Zealand Banking Group
2010,2007-12-17,7.17,05-31-2008,Australia & New Zealand Banking Group
2010,2008-01-30,6.99,05-31-2008,Australia & New Zealand Banking Group
2010,2008-02-21,6.99,05-31-2008,Australia & New Zealand Banking Group
2011,2007-04-03,7.72,05-31-2008,Australia & New Zealand Banking Group
2011,2007-05-08,7.72,05-31-2008,Australia & New Zealand Banking Group
2011,2007-06-13,7.72,05-31-2008,Australia & New Zealand Banking Group
2011,2008-01-30,7.2,05-31-2008,Australia & New Zealand Banking Group
2011,2008-02-21,7.2,05-31-2008,Australia & New Zealand Banking Group
2012,2008-01-30,7.2,05-31-2008,Australia & New Zealand Banking Group
2012,2008-02-21,7.2,05-31-2008,Australia & New Zealand Banking Group
Q3-15,2014-10-07,6.03,08-31-2015,Australia & New Zealand Banking Group
Q3-15,2014-11-06,6.03,08-31-2015,Australia & New Zealand Banking Group
Q3-15,2014-11-24,6.03,08-31-2015,Australia & New Zealand Banking Group
Q3-15,2014-12-18,6.12,08-31-2015,Australia & New Zealand Banking Group
Q3-15,2015-01-15,6.12,08-31-2015,Australia & New Zealand Banking Group
Q3-15,2015-01-21,6.16,08-31-2015,Australia & New Zealand Banking Group
Q3-15,2015-03-13,6.24,08-31-2015,Australia & New Zealand Banking Group
Q3-15,2015-04-29,6.21,08-31-2015,Australia & New Zealand Banking Group
Q3-15,2015-06-02,6.21,08-31-2015,Australia & New Zealand Banking Group
Q3-15,2015-06-17,6.21,08-31-2015,Australia & New Zealand Banking Group
Q3-15,2015-07-27,6.21,08-31-2015,Australia & New Zealand Banking Group
Q3-15,2015-08-21,6.44,08-31-2015,Australia & New Zealand Banking Group
Q4-15,2013-10-07,6.25,08-31-2015,Australia & New Zealand Banking Group
Q4-15,2013-12-30,5.96,08-31-2015,Australia & New Zealand Banking Group
Q4-15,2014-01-29,5.95,08-31-2015,Australia & New Zealand Banking Group
Q4-15,2014-07-09,6.05,08-31-2015,Australia & New Zealand Banking Group
Q4-15,2014-07-30,6.05,08-31-2015,Australia & New Zealand Banking Group
Q4-15,2014-08-01,6.05,08-31-2015,Australia & New Zealand Banking Group
Q4-15,2014-09-01,6.05,08-31-2015,Australia & New Zealand Banking Group
Q4-15,2014-10-07,6.0,08-31-2015,Australia & New Zealand Banking Group
Q4-15,2014-11-06,6.0,08-31-2015,Australia & New Zealand Banking Group
Q4-15,2014-11-24,6.0,08-31-2015,Australia & New Zealand Banking Group
Q4-15,2014-12-18,6.1,08-31-2015,Australia & New Zealand Banking Group
Q4-15,2015-01-15,6.1,08-31-2015,Australia & New Zealand Banking Group
Q4-15,2015-01-21,6.15,08-31-2015,Australia & New Zealand Banking Group
Q4-15,2015-03-13,6.2,08-31-2015,Australia & New Zealand Banking Group
Q4-15,2015-04-29,6.2,08-31-2015,Australia & New Zealand Banking Group
Q4-15,2015-06-02,6.2,08-31-2015,Australia & New Zealand Banking Group
Q4-15,2015-06-17,6.2,08-31-2015,Australia & New Zealand Banking Group
Q4-15,2015-07-27,6.2,08-31-2015,Australia & New Zealand Banking Group
Q4-15,2015-08-21,6.55,08-31-2015,Australia & New Zealand Banking Group
Q1-16,2015-04-29,6.2,08-31-2015,Australia & New Zealand Banking Group
Q1-16,2015-06-02,6.2,08-31-2015,Australia & New Zealand Banking Group
Q1-16,2015-06-17,6.2,08-31-2015,Australia & New Zealand Banking Group
Q1-16,2015-07-27,6.2,08-31-2015,Australia & New Zealand Banking Group
Q1-16,2015-08-21,6.6,08-31-2015,Australia & New Zealand Banking Group
Q2-16,2015-04-29,6.19,08-31-2015,Australia & New Zealand Banking Group
Q2-16,2015-06-02,6.19,08-31-2015,Australia & New Zealand Banking Group
Q2-16,2015-06-17,6.19,08-31-2015,Australia & New Zealand Banking Group
Q2-16,2015-07-27,6.19,08-31-2015,Australia & New Zealand Banking Group
Q2-16,2015-08-21,6.65,08-31-2015,Australia & New Zealand Banking Group
2016,2014-11-06,5.92,08-31-2015,Australia & New Zealand Banking Group
2016,2014-11-24,5.92,08-31-2015,Australia & New Zealand Banking Group
2016,2014-12-18,6.05,08-31-2015,Australia & New Zealand Banking Group
2016,2015-01-15,6.05,08-31-2015,Australia & New Zealand Banking Group
2016,2015-01-21,6.12,08-31-2015,Australia & New Zealand Banking Group
2016,2015-03-13,6.18,08-31-2015,Australia & New Zealand Banking Group
2016,2015-04-29,6.18,08-31-2015,Australia & New Zealand Banking Group
2016,2015-06-02,6.18,08-31-2015,Australia & New Zealand Banking Group
2016,2015-06-17,6.24,08-31-2015,Australia & New Zealand Banking Group
2016,2015-07-27,6.18,08-31-2015,Australia & New Zealand Banking Group
2016,2015-08-21,6.75,08-31-2015,Australia & New Zealand Banking Group
2017,2015-08-21,6.85,08-31-2015,Australia & New Zealand Banking Group
2021,2019-07-01,6.75,11-30-2019,Australia & New Zealand Banking Group
2021,2019-07-31,6.75,11-30-2019,Australia & New Zealand Banking Group
2021,2019-08-26,7.35,11-30-2019,Australia & New Zealand Banking Group
2021,2019-08-30,7.35,11-30-2019,Australia & New Zealand Banking Group
2021,2019-09-04,7.35,11-30-2019,Australia & New Zealand Banking Group
2021,2019-09-24,7.35,11-30-2019,Australia & New Zealand Banking Group
2021,2019-11-04,7.35,11-30-2019,Australia & New Zealand Banking Group
2020,2017-12-02,6.45,11-30-2019,Australia & New Zealand Banking Group
2020,2018-01-23,6.45,11-30-2019,Australia & New Zealand Banking Group
2020,2018-01-31,6.2,11-30-2019,Australia & New Zealand Banking Group
2020,2018-02-14,6.2,11-30-2019,Australia & New Zealand Banking Group
2020,2018-02-28,6.2,11-30-2019,Australia & New Zealand Banking Group
2020,2018-03-01,6.2,11-30-2019,Australia & New Zealand Banking Group
2020,2018-03-27,6.2,11-30-2019,Australia & New Zealand Banking Group
2020,2018-04-25,6.2,11-30-2019,Australia & New Zealand Banking Group
2020,2018-06-01,6.2,11-30-2019,Australia & New Zealand Banking Group
2020,2018-07-03,6.4,11-30-2019,Australia & New Zealand Banking Group
2020,2018-07-31,6.4,11-30-2019,Australia & New Zealand Banking Group
2020,2018-08-31,6.45,11-30-2019,Australia & New Zealand Banking Group
2020,2018-09-06,6.45,11-30-2019,Australia & New Zealand Banking Group
2020,2018-09-25,6.55,11-30-2019,Australia & New Zealand Banking Group
2020,2018-09-27,6.55,11-30-2019,Australia & New Zealand Banking Group
2020,2018-10-11,6.55,11-30-2019,Australia & New Zealand Banking Group
2020,2018-11-02,6.55,11-30-2019,Australia & New Zealand Banking Group
2020,2018-12-07,6.55,11-30-2019,Australia & New Zealand Banking Group
2020,2019-01-18,6.55,11-30-2019,Australia & New Zealand Banking Group
2020,2019-03-26,6.55,11-30-2019,Australia & New Zealand Banking Group
2020,2019-05-06,6.55,11-30-2019,Australia & New Zealand Banking Group
2020,2019-05-30,6.75,11-30-2019,Australia & New Zealand Banking Group
2020,2019-07-01,6.75,11-30-2019,Australia & New Zealand Banking Group
2020,2019-07-31,6.75,11-30-2019,Australia & New Zealand Banking Group
2020,2019-08-26,7.35,11-30-2019,Australia & New Zealand Banking Group
2020,2019-08-30,7.35,11-30-2019,Australia & New Zealand Banking Group
2020,2019-09-04,7.35,11-30-2019,Australia & New Zealand Banking Group
2020,2019-09-24,7.35,11-30-2019,Australia & New Zealand Banking Group
2020,2019-11-04,7.35,11-30-2019,Australia & New Zealand Banking Group
Q4-19,2017-12-02,6.45,11-30-2019,Australia & New Zealand Banking Group
Q4-19,2018-01-23,6.45,11-30-2019,Australia & New Zealand Banking Group
Q4-19,2018-01-31,6.2,11-30-2019,Australia & New Zealand Banking Group
Q4-19,2018-02-14,6.2,11-30-2019,Australia & New Zealand Banking Group
Q4-19,2018-02-28,6.2,11-30-2019,Australia & New Zealand Banking Group
Q4-19,2018-03-01,6.2,11-30-2019,Australia & New Zealand Banking Group
Q4-19,2018-03-27,6.2,11-30-2019,Australia & New Zealand Banking Group
Q4-19,2018-04-25,6.2,11-30-2019,Australia & New Zealand Banking Group
Q4-19,2018-06-01,6.25,11-30-2019,Australia & New Zealand Banking Group
Q4-19,2018-07-03,6.45,11-30-2019,Australia & New Zealand Banking Group
Q4-19,2018-07-31,6.45,11-30-2019,Australia & New Zealand Banking Group
Q4-19,2018-08-31,6.55,11-30-2019,Australia & New Zealand Banking Group
Q4-19,2018-09-06,6.55,11-30-2019,Australia & New Zealand Banking Group
Q4-19,2018-09-25,6.75,11-30-2019,Australia & New Zealand Banking Group
Q4-19,2018-09-27,6.75,11-30-2019,Australia & New Zealand Banking Group
Q4-19,2018-10-11,6.75,11-30-2019,Australia & New Zealand Banking Group
Q4-19,2018-11-02,6.75,11-30-2019,Australia & New Zealand Banking Group
Q4-19,2018-12-07,6.75,11-30-2019,Australia & New Zealand Banking Group
Q4-19,2019-01-18,6.75,11-30-2019,Australia & New Zealand Banking Group
Q4-19,2019-03-26,6.65,11-30-2019,Australia & New Zealand Banking Group
Q4-19,2019-05-06,6.65,11-30-2019,Australia & New Zealand Banking Group
Q4-19,2019-05-30,6.92,11-30-2019,Australia & New Zealand Banking Group
Q4-19,2019-07-01,6.92,11-30-2019,Australia & New Zealand Banking Group
Q4-19,2019-07-31,6.92,11-30-2019,Australia & New Zealand Banking Group
Q4-19,2019-08-26,7.2,11-30-2019,Australia & New Zealand Banking Group
Q4-19,2019-08-30,7.2,11-30-2019,Australia & New Zealand Banking Group
Q4-19,2019-09-04,7.2,11-30-2019,Australia & New Zealand Banking Group
Q4-19,2019-09-24,7.2,11-30-2019,Australia & New Zealand Banking Group
Q4-19,2019-11-04,7.2,11-30-2019,Australia & New Zealand Banking Group
Q3-20,2019-09-04,7.32,11-30-2019,Australia & New Zealand Banking Group
Q3-20,2019-09-24,7.32,11-30-2019,Australia & New Zealand Banking Group
Q3-20,2019-11-04,7.32,11-30-2019,Australia & New Zealand Banking Group
Q2-20,2019-07-31,6.85,11-30-2019,Australia & New Zealand Banking Group
Q2-20,2019-08-26,7.28,11-30-2019,Australia & New Zealand Banking Group
Q2-20,2019-08-30,7.28,11-30-2019,Australia & New Zealand Banking Group
Q2-20,2019-09-04,7.28,11-30-2019,Australia & New Zealand Banking Group
Q2-20,2019-09-24,7.28,11-30-2019,Australia & New Zealand Banking Group
Q2-20,2019-11-04,7.28,11-30-2019,Australia & New Zealand Banking Group
Q1-20,2019-03-26,6.62,11-30-2019,Australia & New Zealand Banking Group
Q1-20,2019-05-06,6.62,11-30-2019,Australia & New Zealand Banking Group
Q1-20,2019-05-30,6.9,11-30-2019,Australia & New Zealand Banking Group
Q1-20,2019-07-01,6.9,11-30-2019,Australia & New Zealand Banking Group
Q1-20,2019-07-31,6.9,11-30-2019,Australia & New Zealand Banking Group
Q1-20,2019-08-26,7.24,11-30-2019,Australia & New Zealand Banking Group
Q1-20,2019-08-30,7.24,11-30-2019,Australia & New Zealand Banking Group
Q1-20,2019-09-04,7.24,11-30-2019,Australia & New Zealand Banking Group
Q1-20,2019-09-24,7.24,11-30-2019,Australia & New Zealand Banking Group
Q1-20,2019-11-04,7.24,11-30-2019,Australia & New Zealand Banking Group
Q3-19,2018-09-06,6.58,08-31-2019,Australia & New Zealand Banking Group
Q3-19,2018-09-25,6.8,08-31-2019,Australia & New Zealand Banking Group
Q3-19,2018-09-27,6.8,08-31-2019,Australia & New Zealand Banking Group
Q3-19,2018-10-11,6.8,08-31-2019,Australia & New Zealand Banking Group
Q3-19,2018-11-02,6.8,08-31-2019,Australia & New Zealand Banking Group
Q3-19,2018-12-07,6.8,08-31-2019,Australia & New Zealand Banking Group
Q3-19,2019-01-18,6.8,08-31-2019,Australia & New Zealand Banking Group
Q3-19,2019-03-26,6.67,08-31-2019,Australia & New Zealand Banking Group
Q3-19,2019-05-06,6.67,08-31-2019,Australia & New Zealand Banking Group
Q3-19,2019-05-30,6.93,08-31-2019,Australia & New Zealand Banking Group
Q3-19,2019-07-01,6.93,08-31-2019,Australia & New Zealand Banking Group
Q3-19,2019-07-31,6.93,08-31-2019,Australia & New Zealand Banking Group
Q3-19,2019-08-26,7.15,08-31-2019,Australia & New Zealand Banking Group
Q3-19,2019-08-30,7.15,08-31-2019,Australia & New Zealand Banking Group
Q4-19,2017-08-31,6.9,08-31-2019,Australia & New Zealand Banking Group
Q4-19,2017-09-05,6.9,08-31-2019,Australia & New Zealand Banking Group
Q4-19,2017-09-20,6.9,08-31-2019,Australia & New Zealand Banking Group
Q4-19,2017-09-26,6.75,08-31-2019,Australia & New Zealand Banking Group
Q4-19,2017-11-06,6.75,08-31-2019,Australia & New Zealand Banking Group
Q4-19,2017-11-09,6.75,08-31-2019,Australia & New Zealand Banking Group
Q4-19,2017-11-13,6.75,08-31-2019,Australia & New Zealand Banking Group
Q4-19,2017-12-02,6.45,08-31-2019,Australia & New Zealand Banking Group
Q4-19,2018-01-23,6.45,08-31-2019,Australia & New Zealand Banking Group
Q4-19,2018-01-31,6.2,08-31-2019,Australia & New Zealand Banking Group
Q4-19,2018-02-14,6.2,08-31-2019,Australia & New Zealand Banking Group
Q4-19,2018-02-28,6.2,08-31-2019,Australia & New Zealand Banking Group
Q4-19,2018-03-01,6.2,08-31-2019,Australia & New Zealand Banking Group
Q4-19,2018-03-27,6.2,08-31-2019,Australia & New Zealand Banking Group
Q4-19,2018-04-25,6.2,08-31-2019,Australia & New Zealand Banking Group
Q4-19,2018-06-01,6.25,08-31-2019,Australia & New Zealand Banking Group
Q4-19,2018-07-03,6.45,08-31-2019,Australia & New Zealand Banking Group
Q4-19,2018-07-31,6.45,08-31-2019,Australia & New Zealand Banking Group
Q4-19,2018-08-31,6.55,08-31-2019,Australia & New Zealand Banking Group
Q4-19,2018-09-06,6.55,08-31-2019,Australia & New Zealand Banking Group
Q4-19,2018-09-25,6.75,08-31-2019,Australia & New Zealand Banking Group
Q4-19,2018-09-27,6.75,08-31-2019,Australia & New Zealand Banking Group
Q4-19,2018-10-11,6.75,08-31-2019,Australia & New Zealand Banking Group
Q4-19,2018-11-02,6.75,08-31-2019,Australia & New Zealand Banking Group
Q4-19,2018-12-07,6.75,08-31-2019,Australia & New Zealand Banking Group
Q4-19,2019-01-18,6.75,08-31-2019,Australia & New Zealand Banking Group
Q4-19,2019-03-26,6.65,08-31-2019,Australia & New Zealand Banking Group
Q4-19,2019-05-06,6.65,08-31-2019,Australia & New Zealand Banking Group
Q4-19,2019-05-30,6.92,08-31-2019,Australia & New Zealand Banking Group
Q4-19,2019-07-01,6.92,08-31-2019,Australia & New Zealand Banking Group
Q4-19,2019-07-31,6.92,08-31-2019,Australia & New Zealand Banking Group
Q4-19,2019-08-26,7.2,08-31-2019,Australia & New Zealand Banking Group
Q4-19,2019-08-30,7.2,08-31-2019,Australia & New Zealand Banking Group
Q1-20,2019-03-26,6.62,08-31-2019,Australia & New Zealand Banking Group
Q1-20,2019-05-06,6.62,08-31-2019,Australia & New Zealand Banking Group
Q1-20,2019-05-30,6.9,08-31-2019,Australia & New Zealand Banking Group
Q1-20,2019-07-01,6.9,08-31-2019,Australia & New Zealand Banking Group
Q1-20,2019-07-31,6.9,08-31-2019,Australia & New Zealand Banking Group
Q1-20,2019-08-26,7.24,08-31-2019,Australia & New Zealand Banking Group
Q1-20,2019-08-30,7.24,08-31-2019,Australia & New Zealand Banking Group
Q2-20,2019-07-31,6.85,08-31-2019,Australia & New Zealand Banking Group
Q2-20,2019-08-26,7.28,08-31-2019,Australia & New Zealand Banking Group
Q2-20,2019-08-30,7.28,08-31-2019,Australia & New Zealand Banking Group
2020,2017-12-02,6.45,08-31-2019,Australia & New Zealand Banking Group
2020,2018-01-23,6.45,08-31-2019,Australia & New Zealand Banking Group
2020,2018-01-31,6.2,08-31-2019,Australia & New Zealand Banking Group
2020,2018-02-14,6.2,08-31-2019,Australia & New Zealand Banking Group
2020,2018-02-28,6.2,08-31-2019,Australia & New Zealand Banking Group
2020,2018-03-01,6.2,08-31-2019,Australia & New Zealand Banking Group
2020,2018-03-27,6.2,08-31-2019,Australia & New Zealand Banking Group
2020,2018-04-25,6.2,08-31-2019,Australia & New Zealand Banking Group
2020,2018-06-01,6.2,08-31-2019,Australia & New Zealand Banking Group
2020,2018-07-03,6.4,08-31-2019,Australia & New Zealand Banking Group
2020,2018-07-31,6.4,08-31-2019,Australia & New Zealand Banking Group
2020,2018-08-31,6.45,08-31-2019,Australia & New Zealand Banking Group
2020,2018-09-06,6.45,08-31-2019,Australia & New Zealand Banking Group
2020,2018-09-25,6.55,08-31-2019,Australia & New Zealand Banking Group
2020,2018-09-27,6.55,08-31-2019,Australia & New Zealand Banking Group
2020,2018-10-11,6.55,08-31-2019,Australia & New Zealand Banking Group
2020,2018-11-02,6.55,08-31-2019,Australia & New Zealand Banking Group
2020,2018-12-07,6.55,08-31-2019,Australia & New Zealand Banking Group
2020,2019-01-18,6.55,08-31-2019,Australia & New Zealand Banking Group
2020,2019-03-26,6.55,08-31-2019,Australia & New Zealand Banking Group
2020,2019-05-06,6.55,08-31-2019,Australia & New Zealand Banking Group
2020,2019-05-30,6.75,08-31-2019,Australia & New Zealand Banking Group
2020,2019-07-01,6.75,08-31-2019,Australia & New Zealand Banking Group
2020,2019-07-31,6.75,08-31-2019,Australia & New Zealand Banking Group
2020,2019-08-26,7.35,08-31-2019,Australia & New Zealand Banking Group
2020,2019-08-30,7.35,08-31-2019,Australia & New Zealand Banking Group
2021,2019-07-01,6.75,08-31-2019,Australia & New Zealand Banking Group
2021,2019-07-31,6.75,08-31-2019,Australia & New Zealand Banking Group
2021,2019-08-26,7.35,08-31-2019,Australia & New Zealand Banking Group
2021,2019-08-30,7.35,08-31-2019,Australia & New Zealand Banking Group
Q2-12,2011-02-01,6.15,05-31-2012,Australia & New Zealand Banking Group
Q2-12,2011-03-03,6.15,05-31-2012,Australia & New Zealand Banking Group
Q2-12,2011-04-01,6.15,05-31-2012,Australia & New Zealand Banking Group
Q2-12,2011-05-03,6.1,05-31-2012,Australia & New Zealand Banking Group
Q2-12,2011-06-01,6.1,05-31-2012,Australia & New Zealand Banking Group
Q2-12,2011-06-03,6.1,05-31-2012,Australia & New Zealand Banking Group
Q2-12,2011-06-06,6.1,05-31-2012,Australia & New Zealand Banking Group
Q2-12,2011-06-29,6.1,05-31-2012,Australia & New Zealand Banking Group
Q2-12,2011-07-01,6.1,05-31-2012,Australia & New Zealand Banking Group
Q2-12,2011-07-26,6.1,05-31-2012,Australia & New Zealand Banking Group
Q2-12,2011-08-30,6.1,05-31-2012,Australia & New Zealand Banking Group
Q2-12,2011-12-06,6.29,05-31-2012,Australia & New Zealand Banking Group
Q2-12,2012-02-08,6.29,05-31-2012,Australia & New Zealand Banking Group
Q2-12,2012-02-22,6.27,05-31-2012,Australia & New Zealand Banking Group
Q2-12,2012-03-30,6.27,05-31-2012,Australia & New Zealand Banking Group
Q2-12,2012-05-04,6.27,05-31-2012,Australia & New Zealand Banking Group
Q3-12,2011-04-01,5.91,05-31-2012,Australia & New Zealand Banking Group
Q3-12,2011-05-03,6.04,05-31-2012,Australia & New Zealand Banking Group
Q3-12,2011-06-01,6.04,05-31-2012,Australia & New Zealand Banking Group
Q3-12,2011-12-06,6.23,05-31-2012,Australia & New Zealand Banking Group
Q3-12,2012-02-08,6.23,05-31-2012,Australia & New Zealand Banking Group
Q3-12,2012-02-22,6.23,05-31-2012,Australia & New Zealand Banking Group
Q3-12,2012-03-30,6.23,05-31-2012,Australia & New Zealand Banking Group
Q3-12,2012-05-04,6.23,05-31-2012,Australia & New Zealand Banking Group
Q4-12,2010-10-12,5.97,05-31-2012,Australia & New Zealand Banking Group
Q4-12,2011-04-01,5.85,05-31-2012,Australia & New Zealand Banking Group
Q4-12,2011-05-11,5.98,05-31-2012,Australia & New Zealand Banking Group
Q4-12,2011-05-12,5.98,05-31-2012,Australia & New Zealand Banking Group
Q4-12,2011-06-29,5.98,05-31-2012,Australia & New Zealand Banking Group
Q4-12,2011-07-01,5.98,05-31-2012,Australia & New Zealand Banking Group
Q4-12,2011-07-26,5.99,05-31-2012,Australia & New Zealand Banking Group
Q4-12,2011-08-30,5.99,05-31-2012,Australia & New Zealand Banking Group
Q4-12,2011-12-06,6.17,05-31-2012,Australia & New Zealand Banking Group
Q4-12,2012-02-08,6.17,05-31-2012,Australia & New Zealand Banking Group
Q4-12,2012-02-22,6.14,05-31-2012,Australia & New Zealand Banking Group
Q4-12,2012-03-30,6.14,05-31-2012,Australia & New Zealand Banking Group
Q4-12,2012-05-04,6.14,05-31-2012,Australia & New Zealand Banking Group
Q1-13,2012-02-08,6.12,05-31-2012,Australia & New Zealand Banking Group
Q1-13,2012-03-30,6.1,05-31-2012,Australia & New Zealand Banking Group
Q1-13,2012-05-04,6.1,05-31-2012,Australia & New Zealand Banking Group
2013,2010-10-12,5.73,05-31-2012,Australia & New Zealand Banking Group
2013,2011-05-11,5.62,05-31-2012,Australia & New Zealand Banking Group
2013,2011-05-12,5.62,05-31-2012,Australia & New Zealand Banking Group
2013,2011-06-29,5.62,05-31-2012,Australia & New Zealand Banking Group
2013,2011-07-01,5.62,05-31-2012,Australia & New Zealand Banking Group
2013,2012-02-22,6.0,05-31-2012,Australia & New Zealand Banking Group
2014,2012-02-22,5.88,05-31-2012,Australia & New Zealand Banking Group
2015,2011-05-11,5.8,05-31-2012,Australia & New Zealand Banking Group
2015,2012-02-22,5.8,05-31-2012,Australia & New Zealand Banking Group
Q1-08,2007-04-03,7.43,02-28-2008,Australia & New Zealand Banking Group
Q1-08,2007-05-08,7.43,02-28-2008,Australia & New Zealand Banking Group
Q1-08,2007-06-13,7.43,02-28-2008,Australia & New Zealand Banking Group
Q1-08,2007-07-19,7.43,02-28-2008,Australia & New Zealand Banking Group
Q1-08,2007-09-06,7.31,02-28-2008,Australia & New Zealand Banking Group
Q1-08,2007-10-17,7.31,02-28-2008,Australia & New Zealand Banking Group
Q1-08,2007-12-17,7.31,02-28-2008,Australia & New Zealand Banking Group
Q1-08,2008-01-30,6.99,02-28-2008,Australia & New Zealand Banking Group
Q1-08,2008-02-21,6.99,02-28-2008,Australia & New Zealand Banking Group
Q2-08,2007-06-13,7.4,02-28-2008,Australia & New Zealand Banking Group
Q2-08,2007-07-19,7.4,02-28-2008,Australia & New Zealand Banking Group
Q2-08,2007-09-06,7.22,02-28-2008,Australia & New Zealand Banking Group
Q2-08,2007-10-17,7.22,02-28-2008,Australia & New Zealand Banking Group
Q2-08,2007-12-17,7.22,02-28-2008,Australia & New Zealand Banking Group
Q2-08,2008-01-30,6.73,02-28-2008,Australia & New Zealand Banking Group
Q2-08,2008-02-21,6.73,02-28-2008,Australia & New Zealand Banking Group
Q3-08,2007-10-17,7.13,02-28-2008,Australia & New Zealand Banking Group
Q3-08,2007-12-17,7.13,02-28-2008,Australia & New Zealand Banking Group
Q3-08,2008-01-30,6.65,02-28-2008,Australia & New Zealand Banking Group
Q3-08,2008-02-21,6.65,02-28-2008,Australia & New Zealand Banking Group
Q4-08,2006-09-11,7.35,02-28-2008,Australia & New Zealand Banking Group
Q4-08,2006-10-17,7.35,02-28-2008,Australia & New Zealand Banking Group
Q4-08,2006-11-21,7.35,02-28-2008,Australia & New Zealand Banking Group
Q4-08,2007-01-18,7.55,02-28-2008,Australia & New Zealand Banking Group
Q4-08,2007-02-22,7.35,02-28-2008,Australia & New Zealand Banking Group
Q4-08,2007-04-03,7.35,02-28-2008,Australia & New Zealand Banking Group
Q4-08,2007-05-08,7.35,02-28-2008,Australia & New Zealand Banking Group
Q4-08,2007-06-13,7.35,02-28-2008,Australia & New Zealand Banking Group
Q4-08,2007-07-19,7.35,02-28-2008,Australia & New Zealand Banking Group
Q4-08,2007-09-06,7.04,02-28-2008,Australia & New Zealand Banking Group
Q4-08,2007-10-17,7.04,02-28-2008,Australia & New Zealand Banking Group
Q4-08,2007-12-17,7.04,02-28-2008,Australia & New Zealand Banking Group
Q4-08,2008-01-30,6.67,02-28-2008,Australia & New Zealand Banking Group
Q4-08,2008-02-21,6.67,02-28-2008,Australia & New Zealand Banking Group
2009,2007-01-18,7.35,02-28-2008,Australia & New Zealand Banking Group
2009,2007-04-03,7.73,02-28-2008,Australia & New Zealand Banking Group
2009,2007-05-08,7.73,02-28-2008,Australia & New Zealand Banking Group
2009,2007-06-13,7.73,02-28-2008,Australia & New Zealand Banking Group
2009,2007-07-19,7.15,02-28-2008,Australia & New Zealand Banking Group
2009,2007-09-06,7.09,02-28-2008,Australia & New Zealand Banking Group
2009,2007-10-17,7.09,02-28-2008,Australia & New Zealand Banking Group
2009,2007-12-17,7.09,02-28-2008,Australia & New Zealand Banking Group
2009,2008-01-30,6.83,02-28-2008,Australia & New Zealand Banking Group
2009,2008-02-21,6.83,02-28-2008,Australia & New Zealand Banking Group
2010,2007-04-03,7.72,02-28-2008,Australia & New Zealand Banking Group
2010,2007-05-08,7.72,02-28-2008,Australia & New Zealand Banking Group
2010,2007-06-13,7.72,02-28-2008,Australia & New Zealand Banking Group
2010,2007-09-06,7.17,02-28-2008,Australia & New Zealand Banking Group
2010,2007-10-17,7.17,02-28-2008,Australia & New Zealand Banking Group
2010,2007-12-17,7.17,02-28-2008,Australia & New Zealand Banking Group
2010,2008-01-30,6.99,02-28-2008,Australia & New Zealand Banking Group
2010,2008-02-21,6.99,02-28-2008,Australia & New Zealand Banking Group
2011,2007-04-03,7.72,02-28-2008,Australia & New Zealand Banking Group
2011,2007-05-08,7.72,02-28-2008,Australia & New Zealand Banking Group
2011,2007-06-13,7.72,02-28-2008,Australia & New Zealand Banking Group
2011,2008-01-30,7.2,02-28-2008,Australia & New Zealand Banking Group
2011,2008-02-21,7.2,02-28-2008,Australia & New Zealand Banking Group
2012,2008-01-30,7.2,02-28-2008,Australia & New Zealand Banking Group
2012,2008-02-21,7.2,02-28-2008,Australia & New Zealand Banking Group
Q4-15,2013-12-30,5.96,11-30-2015,Australia & New Zealand Banking Group
Q4-15,2014-01-29,5.95,11-30-2015,Australia & New Zealand Banking Group
Q4-15,2014-07-09,6.05,11-30-2015,Australia & New Zealand Banking Group
Q4-15,2014-07-30,6.05,11-30-2015,Australia & New Zealand Banking Group
Q4-15,2014-08-01,6.05,11-30-2015,Australia & New Zealand Banking Group
Q4-15,2014-09-01,6.05,11-30-2015,Australia & New Zealand Banking Group
Q4-15,2014-10-07,6.0,11-30-2015,Australia & New Zealand Banking Group
Q4-15,2014-11-06,6.0,11-30-2015,Australia & New Zealand Banking Group
Q4-15,2014-11-24,6.0,11-30-2015,Australia & New Zealand Banking Group
Q4-15,2014-12-18,6.1,11-30-2015,Australia & New Zealand Banking Group
Q4-15,2015-01-15,6.1,11-30-2015,Australia & New Zealand Banking Group
Q4-15,2015-01-21,6.15,11-30-2015,Australia & New Zealand Banking Group
Q4-15,2015-03-13,6.2,11-30-2015,Australia & New Zealand Banking Group
Q4-15,2015-04-29,6.2,11-30-2015,Australia & New Zealand Banking Group
Q4-15,2015-06-02,6.2,11-30-2015,Australia & New Zealand Banking Group
Q4-15,2015-06-17,6.2,11-30-2015,Australia & New Zealand Banking Group
Q4-15,2015-07-27,6.2,11-30-2015,Australia & New Zealand Banking Group
Q4-15,2015-08-21,6.55,11-30-2015,Australia & New Zealand Banking Group
Q4-15,2015-09-29,6.55,11-30-2015,Australia & New Zealand Banking Group
Q4-15,2015-10-28,6.45,11-30-2015,Australia & New Zealand Banking Group
Q1-16,2015-04-29,6.2,11-30-2015,Australia & New Zealand Banking Group
Q1-16,2015-06-02,6.2,11-30-2015,Australia & New Zealand Banking Group
Q1-16,2015-06-17,6.2,11-30-2015,Australia & New Zealand Banking Group
Q1-16,2015-07-27,6.2,11-30-2015,Australia & New Zealand Banking Group
Q1-16,2015-08-21,6.6,11-30-2015,Australia & New Zealand Banking Group
Q1-16,2015-09-29,6.6,11-30-2015,Australia & New Zealand Banking Group
Q1-16,2015-10-28,6.5,11-30-2015,Australia & New Zealand Banking Group
Q2-16,2015-04-29,6.19,11-30-2015,Australia & New Zealand Banking Group
Q2-16,2015-06-02,6.19,11-30-2015,Australia & New Zealand Banking Group
Q2-16,2015-06-17,6.19,11-30-2015,Australia & New Zealand Banking Group
Q2-16,2015-07-27,6.19,11-30-2015,Australia & New Zealand Banking Group
Q2-16,2015-08-21,6.65,11-30-2015,Australia & New Zealand Banking Group
Q2-16,2015-09-29,6.65,11-30-2015,Australia & New Zealand Banking Group
Q2-16,2015-10-28,6.55,11-30-2015,Australia & New Zealand Banking Group
Q3-16,2015-04-29,6.18,11-30-2015,Australia & New Zealand Banking Group
Q3-16,2015-06-02,6.18,11-30-2015,Australia & New Zealand Banking Group
Q3-16,2015-06-17,6.18,11-30-2015,Australia & New Zealand Banking Group
Q3-16,2015-07-27,6.18,11-30-2015,Australia & New Zealand Banking Group
Q3-16,2015-09-29,6.7,11-30-2015,Australia & New Zealand Banking Group
Q3-16,2015-10-28,6.6,11-30-2015,Australia & New Zealand Banking Group
2016,2014-11-06,5.92,11-30-2015,Australia & New Zealand Banking Group
2016,2014-11-24,5.92,11-30-2015,Australia & New Zealand Banking Group
2016,2014-12-18,6.05,11-30-2015,Australia & New Zealand Banking Group
2016,2015-01-15,6.05,11-30-2015,Australia & New Zealand Banking Group
2016,2015-01-21,6.12,11-30-2015,Australia & New Zealand Banking Group
2016,2015-03-13,6.18,11-30-2015,Australia & New Zealand Banking Group
2016,2015-04-29,6.18,11-30-2015,Australia & New Zealand Banking Group
2016,2015-06-02,6.18,11-30-2015,Australia & New Zealand Banking Group
2016,2015-06-17,6.24,11-30-2015,Australia & New Zealand Banking Group
2016,2015-07-27,6.18,11-30-2015,Australia & New Zealand Banking Group
2016,2015-08-21,6.75,11-30-2015,Australia & New Zealand Banking Group
2016,2015-09-29,6.75,11-30-2015,Australia & New Zealand Banking Group
2016,2015-10-28,6.65,11-30-2015,Australia & New Zealand Banking Group
2017,2015-08-21,6.85,11-30-2015,Australia & New Zealand Banking Group
2017,2015-09-29,6.85,11-30-2015,Australia & New Zealand Banking Group
2017,2015-10-28,6.8,11-30-2015,Australia & New Zealand Banking Group
