period,change_date,change,file,company
Q2-07,2006-03-16,7.55,05-31-2007,Bank of America Merrill Lynch
Q2-07,2006-07-05,7.55,05-31-2007,Bank of America Merrill Lynch
Q2-07,2006-07-11,7.55,05-31-2007,Bank of America Merrill Lynch
Q2-07,2006-07-18,7.55,05-31-2007,Bank of America Merrill Lynch
Q2-07,2006-07-20,7.55,05-31-2007,Bank of America Merrill Lynch
Q2-07,2006-07-26,7.55,05-31-2007,Bank of America Merrill Lynch
Q2-07,2006-08-01,7.55,05-31-2007,Bank of America Merrill Lynch
Q2-07,2006-08-22,7.62,05-31-2007,Bank of America Merrill Lynch
Q2-07,2006-08-30,7.62,05-31-2007,Bank of America Merrill Lynch
Q2-07,2006-09-06,7.62,05-31-2007,Bank of America Merrill Lynch
Q2-07,2006-09-12,7.62,05-31-2007,Bank of America Merrill Lynch
Q2-07,2006-09-20,7.62,05-31-2007,Bank of America Merrill Lynch
Q2-07,2006-09-22,7.62,05-31-2007,Bank of America Merrill Lynch
Q2-07,2006-10-03,7.62,05-31-2007,Bank of America Merrill Lynch
Q2-07,2006-10-17,7.62,05-31-2007,Bank of America Merrill Lynch
Q2-07,2006-10-18,7.62,05-31-2007,Bank of America Merrill Lynch
Q2-07,2006-10-19,7.62,05-31-2007,Bank of America Merrill Lynch
Q2-07,2006-10-24,7.62,05-31-2007,Bank of America Merrill Lynch
Q2-07,2006-10-31,7.62,05-31-2007,Bank of America Merrill Lynch
Q2-07,2006-11-07,7.62,05-31-2007,Bank of America Merrill Lynch
Q2-07,2006-11-14,7.62,05-31-2007,Bank of America Merrill Lynch
Q2-07,2006-12-14,7.62,05-31-2007,Bank of America Merrill Lynch
Q2-07,2006-12-20,7.6,05-31-2007,Bank of America Merrill Lynch
Q2-07,2007-01-03,7.7,05-31-2007,Bank of America Merrill Lynch
Q2-07,2007-01-10,7.6,05-31-2007,Bank of America Merrill Lynch
Q2-07,2007-01-12,7.6,05-31-2007,Bank of America Merrill Lynch
Q2-07,2007-01-16,7.6,05-31-2007,Bank of America Merrill Lynch
Q2-07,2007-01-18,7.6,05-31-2007,Bank of America Merrill Lynch
Q2-07,2007-01-31,7.6,05-31-2007,Bank of America Merrill Lynch
Q2-07,2007-02-07,7.6,05-31-2007,Bank of America Merrill Lynch
Q2-07,2007-02-13,7.6,05-31-2007,Bank of America Merrill Lynch
Q2-07,2007-02-21,7.6,05-31-2007,Bank of America Merrill Lynch
Q2-07,2007-02-22,7.6,05-31-2007,Bank of America Merrill Lynch
Q2-07,2007-03-01,7.6,05-31-2007,Bank of America Merrill Lynch
Q2-07,2007-03-07,7.6,05-31-2007,Bank of America Merrill Lynch
Q3-07,2006-03-16,7.52,05-31-2007,Bank of America Merrill Lynch
Q3-07,2006-09-22,7.55,05-31-2007,Bank of America Merrill Lynch
Q3-07,2006-10-03,7.55,05-31-2007,Bank of America Merrill Lynch
Q3-07,2006-10-17,7.55,05-31-2007,Bank of America Merrill Lynch
Q3-07,2006-10-18,7.55,05-31-2007,Bank of America Merrill Lynch
Q3-07,2006-10-19,7.55,05-31-2007,Bank of America Merrill Lynch
Q3-07,2006-10-24,7.55,05-31-2007,Bank of America Merrill Lynch
Q3-07,2006-10-31,7.55,05-31-2007,Bank of America Merrill Lynch
Q3-07,2006-11-07,7.55,05-31-2007,Bank of America Merrill Lynch
Q3-07,2006-11-14,7.55,05-31-2007,Bank of America Merrill Lynch
Q3-07,2006-12-14,7.55,05-31-2007,Bank of America Merrill Lynch
Q3-07,2006-12-20,7.5,05-31-2007,Bank of America Merrill Lynch
Q3-07,2007-01-03,7.5,05-31-2007,Bank of America Merrill Lynch
Q3-07,2007-01-10,7.5,05-31-2007,Bank of America Merrill Lynch
Q3-07,2007-01-12,7.5,05-31-2007,Bank of America Merrill Lynch
Q3-07,2007-01-16,7.5,05-31-2007,Bank of America Merrill Lynch
Q3-07,2007-01-18,7.5,05-31-2007,Bank of America Merrill Lynch
Q3-07,2007-01-31,7.5,05-31-2007,Bank of America Merrill Lynch
Q3-07,2007-02-07,7.5,05-31-2007,Bank of America Merrill Lynch
Q3-07,2007-02-13,7.5,05-31-2007,Bank of America Merrill Lynch
Q3-07,2007-02-21,7.5,05-31-2007,Bank of America Merrill Lynch
Q3-07,2007-02-22,7.5,05-31-2007,Bank of America Merrill Lynch
Q3-07,2007-03-01,7.5,05-31-2007,Bank of America Merrill Lynch
Q3-07,2007-03-07,7.5,05-31-2007,Bank of America Merrill Lynch
Q3-07,2007-05-31,7.5,05-31-2007,Bank of America Merrill Lynch
Q4-07,2006-03-16,7.48,05-31-2007,Bank of America Merrill Lynch
Q4-07,2006-07-20,7.52,05-31-2007,Bank of America Merrill Lynch
Q4-07,2006-09-22,7.48,05-31-2007,Bank of America Merrill Lynch
Q4-07,2006-10-19,7.48,05-31-2007,Bank of America Merrill Lynch
Q4-07,2007-01-03,7.4,05-31-2007,Bank of America Merrill Lynch
Q4-07,2007-01-10,7.4,05-31-2007,Bank of America Merrill Lynch
Q4-07,2007-01-12,7.4,05-31-2007,Bank of America Merrill Lynch
Q4-07,2007-01-16,7.4,05-31-2007,Bank of America Merrill Lynch
Q4-07,2007-01-18,7.4,05-31-2007,Bank of America Merrill Lynch
Q4-07,2007-01-31,7.4,05-31-2007,Bank of America Merrill Lynch
Q4-07,2007-02-07,7.4,05-31-2007,Bank of America Merrill Lynch
Q4-07,2007-02-13,7.4,05-31-2007,Bank of America Merrill Lynch
Q4-07,2007-02-21,7.4,05-31-2007,Bank of America Merrill Lynch
Q4-07,2007-02-22,7.4,05-31-2007,Bank of America Merrill Lynch
Q4-07,2007-03-01,7.4,05-31-2007,Bank of America Merrill Lynch
Q4-07,2007-03-07,7.4,05-31-2007,Bank of America Merrill Lynch
Q4-07,2007-05-31,7.4,05-31-2007,Bank of America Merrill Lynch
Q1-08,2007-03-01,7.32,05-31-2007,Bank of America Merrill Lynch
Q1-08,2007-03-07,7.32,05-31-2007,Bank of America Merrill Lynch
Q1-08,2007-05-31,7.34,05-31-2007,Bank of America Merrill Lynch
2008,2006-03-16,7.48,05-31-2007,Bank of America Merrill Lynch
2008,2006-07-20,7.48,05-31-2007,Bank of America Merrill Lynch
2008,2007-01-12,7.03,05-31-2007,Bank of America Merrill Lynch
2008,2007-01-16,7.03,05-31-2007,Bank of America Merrill Lynch
2008,2007-01-18,7.03,05-31-2007,Bank of America Merrill Lynch
2008,2007-01-31,7.03,05-31-2007,Bank of America Merrill Lynch
2008,2007-02-07,7.03,05-31-2007,Bank of America Merrill Lynch
2008,2007-02-13,7.03,05-31-2007,Bank of America Merrill Lynch
2008,2007-02-21,7.22,05-31-2007,Bank of America Merrill Lynch
2008,2007-02-22,7.22,05-31-2007,Bank of America Merrill Lynch
2008,2007-03-01,7.22,05-31-2007,Bank of America Merrill Lynch
2008,2007-03-07,7.22,05-31-2007,Bank of America Merrill Lynch
2008,2007-05-31,7.22,05-31-2007,Bank of America Merrill Lynch
2009,2007-01-16,7.03,05-31-2007,Bank of America Merrill Lynch
2009,2007-01-18,7.03,05-31-2007,Bank of America Merrill Lynch
2009,2007-01-31,7.03,05-31-2007,Bank of America Merrill Lynch
2009,2007-02-07,7.03,05-31-2007,Bank of America Merrill Lynch
2009,2007-02-13,7.03,05-31-2007,Bank of America Merrill Lynch
2009,2007-02-21,7.03,05-31-2007,Bank of America Merrill Lynch
2009,2007-02-22,7.03,05-31-2007,Bank of America Merrill Lynch
2009,2007-03-01,7.03,05-31-2007,Bank of America Merrill Lynch
2009,2007-03-07,7.03,05-31-2007,Bank of America Merrill Lynch
2009,2007-05-31,7.03,05-31-2007,Bank of America Merrill Lynch
Q2-11,2010-09-13,6.5,05-31-2011,Bank of America Merrill Lynch
Q2-11,2010-11-15,6.5,05-31-2011,Bank of America Merrill Lynch
Q2-11,2010-12-09,6.5,05-31-2011,Bank of America Merrill Lynch
Q2-11,2011-01-13,6.5,05-31-2011,Bank of America Merrill Lynch
Q2-11,2011-02-22,6.5,05-31-2011,Bank of America Merrill Lynch
Q2-11,2011-03-02,6.5,05-31-2011,Bank of America Merrill Lynch
Q2-11,2011-03-31,6.45,05-31-2011,Bank of America Merrill Lynch
Q2-11,2011-04-06,6.45,05-31-2011,Bank of America Merrill Lynch
Q2-11,2011-05-11,6.45,05-31-2011,Bank of America Merrill Lynch
Q3-11,2010-09-13,6.45,05-31-2011,Bank of America Merrill Lynch
Q3-11,2010-11-15,6.45,05-31-2011,Bank of America Merrill Lynch
Q3-11,2010-12-09,6.45,05-31-2011,Bank of America Merrill Lynch
Q3-11,2011-01-13,6.45,05-31-2011,Bank of America Merrill Lynch
Q3-11,2011-02-22,6.45,05-31-2011,Bank of America Merrill Lynch
Q3-11,2011-03-02,6.45,05-31-2011,Bank of America Merrill Lynch
Q3-11,2011-03-31,6.4,05-31-2011,Bank of America Merrill Lynch
Q3-11,2011-04-06,6.4,05-31-2011,Bank of America Merrill Lynch
Q3-11,2011-05-11,6.4,05-31-2011,Bank of America Merrill Lynch
Q4-11,2010-01-11,6.4,05-31-2011,Bank of America Merrill Lynch
Q4-11,2010-02-23,6.4,05-31-2011,Bank of America Merrill Lynch
Q4-11,2010-04-19,6.4,05-31-2011,Bank of America Merrill Lynch
Q4-11,2010-04-30,6.4,05-31-2011,Bank of America Merrill Lynch
Q4-11,2010-06-01,6.5,05-31-2011,Bank of America Merrill Lynch
Q4-11,2010-06-02,6.5,05-31-2011,Bank of America Merrill Lynch
Q4-11,2010-06-29,6.5,05-31-2011,Bank of America Merrill Lynch
Q4-11,2010-07-05,6.5,05-31-2011,Bank of America Merrill Lynch
Q4-11,2010-07-08,6.5,05-31-2011,Bank of America Merrill Lynch
Q4-11,2010-07-14,6.5,05-31-2011,Bank of America Merrill Lynch
Q4-11,2010-08-10,6.5,05-31-2011,Bank of America Merrill Lynch
Q4-11,2010-09-01,6.4,05-31-2011,Bank of America Merrill Lynch
Q4-11,2010-09-13,6.4,05-31-2011,Bank of America Merrill Lynch
Q4-11,2010-10-08,6.5,05-31-2011,Bank of America Merrill Lynch
Q4-11,2010-11-04,6.5,05-31-2011,Bank of America Merrill Lynch
Q4-11,2010-11-10,6.5,05-31-2011,Bank of America Merrill Lynch
Q4-11,2010-11-15,6.4,05-31-2011,Bank of America Merrill Lynch
Q4-11,2010-12-09,6.4,05-31-2011,Bank of America Merrill Lynch
Q4-11,2011-01-11,6.4,05-31-2011,Bank of America Merrill Lynch
Q4-11,2011-01-13,6.4,05-31-2011,Bank of America Merrill Lynch
Q4-11,2011-02-22,6.4,05-31-2011,Bank of America Merrill Lynch
Q4-11,2011-03-02,6.4,05-31-2011,Bank of America Merrill Lynch
Q4-11,2011-03-31,6.3,05-31-2011,Bank of America Merrill Lynch
Q4-11,2011-04-06,6.3,05-31-2011,Bank of America Merrill Lynch
Q4-11,2011-05-11,6.3,05-31-2011,Bank of America Merrill Lynch
Q1-12,2010-12-09,6.4,05-31-2011,Bank of America Merrill Lynch
Q1-12,2011-01-13,6.4,05-31-2011,Bank of America Merrill Lynch
Q1-12,2011-03-02,6.4,05-31-2011,Bank of America Merrill Lynch
Q1-12,2011-03-31,6.3,05-31-2011,Bank of America Merrill Lynch
Q1-12,2011-05-11,6.3,05-31-2011,Bank of America Merrill Lynch
2012,2010-09-13,6.45,05-31-2011,Bank of America Merrill Lynch
2012,2010-10-08,6.45,05-31-2011,Bank of America Merrill Lynch
2012,2010-11-04,6.45,05-31-2011,Bank of America Merrill Lynch
2012,2010-11-10,6.45,05-31-2011,Bank of America Merrill Lynch
2012,2010-11-15,6.55,05-31-2011,Bank of America Merrill Lynch
2012,2010-12-09,6.55,05-31-2011,Bank of America Merrill Lynch
2012,2011-01-11,6.55,05-31-2011,Bank of America Merrill Lynch
2012,2011-01-13,6.55,05-31-2011,Bank of America Merrill Lynch
2012,2011-02-22,6.55,05-31-2011,Bank of America Merrill Lynch
2012,2011-03-02,6.55,05-31-2011,Bank of America Merrill Lynch
2012,2011-03-31,6.2,05-31-2011,Bank of America Merrill Lynch
2012,2011-04-06,6.3,05-31-2011,Bank of America Merrill Lynch
2012,2011-05-11,6.2,05-31-2011,Bank of America Merrill Lynch
2013,2010-09-13,6.4,05-31-2011,Bank of America Merrill Lynch
2013,2010-10-08,6.4,05-31-2011,Bank of America Merrill Lynch
2013,2010-11-04,6.4,05-31-2011,Bank of America Merrill Lynch
2013,2010-11-10,6.4,05-31-2011,Bank of America Merrill Lynch
2013,2010-11-15,6.2,05-31-2011,Bank of America Merrill Lynch
2013,2010-12-09,6.2,05-31-2011,Bank of America Merrill Lynch
2013,2011-01-11,6.2,05-31-2011,Bank of America Merrill Lynch
2013,2011-04-06,6.2,05-31-2011,Bank of America Merrill Lynch
2014,2010-09-13,6.4,05-31-2011,Bank of America Merrill Lynch
2014,2010-10-08,6.4,05-31-2011,Bank of America Merrill Lynch
2014,2010-11-04,6.4,05-31-2011,Bank of America Merrill Lynch
2014,2010-11-10,6.4,05-31-2011,Bank of America Merrill Lynch
2014,2010-11-15,6.4,05-31-2011,Bank of America Merrill Lynch
2014,2010-12-09,6.4,05-31-2011,Bank of America Merrill Lynch
2014,2011-01-11,6.4,05-31-2011,Bank of America Merrill Lynch
Q4-16,2015-08-12,6.9,11-30-2016,Bank of America Merrill Lynch
Q1-11,2010-04-19,6.5,02-28-2011,Bank of America Merrill Lynch
Q1-11,2010-04-30,6.5,02-28-2011,Bank of America Merrill Lynch
Q1-11,2010-06-01,6.75,02-28-2011,Bank of America Merrill Lynch
Q1-11,2010-06-02,6.75,02-28-2011,Bank of America Merrill Lynch
Q1-11,2010-06-29,6.75,02-28-2011,Bank of America Merrill Lynch
Q1-11,2010-07-05,6.75,02-28-2011,Bank of America Merrill Lynch
Q1-11,2010-07-08,6.75,02-28-2011,Bank of America Merrill Lynch
Q1-11,2010-07-14,6.75,02-28-2011,Bank of America Merrill Lynch
Q1-11,2010-08-10,6.75,02-28-2011,Bank of America Merrill Lynch
Q1-11,2010-09-01,6.55,02-28-2011,Bank of America Merrill Lynch
Q1-11,2010-09-13,6.55,02-28-2011,Bank of America Merrill Lynch
Q1-11,2010-10-08,6.55,02-28-2011,Bank of America Merrill Lynch
Q1-11,2010-11-04,6.55,02-28-2011,Bank of America Merrill Lynch
Q1-11,2010-11-10,6.55,02-28-2011,Bank of America Merrill Lynch
Q1-11,2010-11-15,6.55,02-28-2011,Bank of America Merrill Lynch
Q1-11,2010-12-09,6.55,02-28-2011,Bank of America Merrill Lynch
Q1-11,2011-01-11,6.55,02-28-2011,Bank of America Merrill Lynch
Q1-11,2011-01-13,6.55,02-28-2011,Bank of America Merrill Lynch
Q1-11,2011-02-22,6.55,02-28-2011,Bank of America Merrill Lynch
Q2-11,2010-09-13,6.5,02-28-2011,Bank of America Merrill Lynch
Q2-11,2010-11-15,6.5,02-28-2011,Bank of America Merrill Lynch
Q2-11,2010-12-09,6.5,02-28-2011,Bank of America Merrill Lynch
Q2-11,2011-01-13,6.5,02-28-2011,Bank of America Merrill Lynch
Q2-11,2011-02-22,6.5,02-28-2011,Bank of America Merrill Lynch
Q3-11,2010-09-13,6.45,02-28-2011,Bank of America Merrill Lynch
Q3-11,2010-11-15,6.45,02-28-2011,Bank of America Merrill Lynch
Q3-11,2010-12-09,6.45,02-28-2011,Bank of America Merrill Lynch
Q3-11,2011-01-13,6.45,02-28-2011,Bank of America Merrill Lynch
Q3-11,2011-02-22,6.45,02-28-2011,Bank of America Merrill Lynch
Q4-11,2010-01-11,6.4,02-28-2011,Bank of America Merrill Lynch
Q4-11,2010-02-23,6.4,02-28-2011,Bank of America Merrill Lynch
Q4-11,2010-04-19,6.4,02-28-2011,Bank of America Merrill Lynch
Q4-11,2010-04-30,6.4,02-28-2011,Bank of America Merrill Lynch
Q4-11,2010-06-01,6.5,02-28-2011,Bank of America Merrill Lynch
Q4-11,2010-06-02,6.5,02-28-2011,Bank of America Merrill Lynch
Q4-11,2010-06-29,6.5,02-28-2011,Bank of America Merrill Lynch
Q4-11,2010-07-05,6.5,02-28-2011,Bank of America Merrill Lynch
Q4-11,2010-07-08,6.5,02-28-2011,Bank of America Merrill Lynch
Q4-11,2010-07-14,6.5,02-28-2011,Bank of America Merrill Lynch
Q4-11,2010-08-10,6.5,02-28-2011,Bank of America Merrill Lynch
Q4-11,2010-09-01,6.4,02-28-2011,Bank of America Merrill Lynch
Q4-11,2010-09-13,6.4,02-28-2011,Bank of America Merrill Lynch
Q4-11,2010-10-08,6.5,02-28-2011,Bank of America Merrill Lynch
Q4-11,2010-11-04,6.5,02-28-2011,Bank of America Merrill Lynch
Q4-11,2010-11-10,6.5,02-28-2011,Bank of America Merrill Lynch
Q4-11,2010-11-15,6.4,02-28-2011,Bank of America Merrill Lynch
Q4-11,2010-12-09,6.4,02-28-2011,Bank of America Merrill Lynch
Q4-11,2011-01-11,6.4,02-28-2011,Bank of America Merrill Lynch
Q4-11,2011-01-13,6.4,02-28-2011,Bank of America Merrill Lynch
Q4-11,2011-02-22,6.4,02-28-2011,Bank of America Merrill Lynch
2012,2010-09-13,6.45,02-28-2011,Bank of America Merrill Lynch
2012,2010-10-08,6.45,02-28-2011,Bank of America Merrill Lynch
2012,2010-11-04,6.45,02-28-2011,Bank of America Merrill Lynch
2012,2010-11-10,6.45,02-28-2011,Bank of America Merrill Lynch
2012,2010-11-15,6.55,02-28-2011,Bank of America Merrill Lynch
2012,2010-12-09,6.55,02-28-2011,Bank of America Merrill Lynch
2012,2011-01-11,6.55,02-28-2011,Bank of America Merrill Lynch
2012,2011-01-13,6.55,02-28-2011,Bank of America Merrill Lynch
2012,2011-02-22,6.55,02-28-2011,Bank of America Merrill Lynch
2013,2010-09-13,6.4,02-28-2011,Bank of America Merrill Lynch
2013,2010-10-08,6.4,02-28-2011,Bank of America Merrill Lynch
2013,2010-11-04,6.4,02-28-2011,Bank of America Merrill Lynch
2013,2010-11-10,6.4,02-28-2011,Bank of America Merrill Lynch
2013,2010-11-15,6.4,02-28-2011,Bank of America Merrill Lynch
2013,2010-12-09,6.4,02-28-2011,Bank of America Merrill Lynch
2013,2011-01-11,6.4,02-28-2011,Bank of America Merrill Lynch
2014,2010-09-13,6.4,02-28-2011,Bank of America Merrill Lynch
2014,2010-10-08,6.4,02-28-2011,Bank of America Merrill Lynch
2014,2010-11-04,6.4,02-28-2011,Bank of America Merrill Lynch
2014,2010-11-10,6.4,02-28-2011,Bank of America Merrill Lynch
2014,2010-11-15,6.4,02-28-2011,Bank of America Merrill Lynch
2014,2010-12-09,6.4,02-28-2011,Bank of America Merrill Lynch
2014,2011-01-11,6.4,02-28-2011,Bank of America Merrill Lynch
Q4-16,2015-08-12,6.9,08-31-2016,Bank of America Merrill Lynch
Q1-07,2006-03-14,7.63,02-28-2007,Bank of America Merrill Lynch
Q1-07,2006-03-16,7.59,02-28-2007,Bank of America Merrill Lynch
Q1-07,2006-04-04,7.59,02-28-2007,Bank of America Merrill Lynch
Q1-07,2006-04-11,7.59,02-28-2007,Bank of America Merrill Lynch
Q1-07,2006-04-18,7.59,02-28-2007,Bank of America Merrill Lynch
Q1-07,2006-04-25,7.59,02-28-2007,Bank of America Merrill Lynch
Q1-07,2006-05-03,7.59,02-28-2007,Bank of America Merrill Lynch
Q1-07,2006-05-09,7.59,02-28-2007,Bank of America Merrill Lynch
Q1-07,2006-05-16,7.59,02-28-2007,Bank of America Merrill Lynch
Q1-07,2006-05-23,7.59,02-28-2007,Bank of America Merrill Lynch
Q1-07,2006-06-06,7.59,02-28-2007,Bank of America Merrill Lynch
Q1-07,2006-06-13,7.59,02-28-2007,Bank of America Merrill Lynch
Q1-07,2006-06-20,7.59,02-28-2007,Bank of America Merrill Lynch
Q1-07,2006-06-27,7.59,02-28-2007,Bank of America Merrill Lynch
Q1-07,2006-07-05,7.59,02-28-2007,Bank of America Merrill Lynch
Q1-07,2006-07-11,7.59,02-28-2007,Bank of America Merrill Lynch
Q1-07,2006-07-18,7.59,02-28-2007,Bank of America Merrill Lynch
Q1-07,2006-07-20,7.59,02-28-2007,Bank of America Merrill Lynch
Q1-07,2006-07-26,7.59,02-28-2007,Bank of America Merrill Lynch
Q1-07,2006-08-01,7.59,02-28-2007,Bank of America Merrill Lynch
Q1-07,2006-08-22,7.68,02-28-2007,Bank of America Merrill Lynch
Q1-07,2006-08-30,7.68,02-28-2007,Bank of America Merrill Lynch
Q1-07,2006-09-06,7.68,02-28-2007,Bank of America Merrill Lynch
Q1-07,2006-09-12,7.68,02-28-2007,Bank of America Merrill Lynch
Q1-07,2006-09-20,7.68,02-28-2007,Bank of America Merrill Lynch
Q1-07,2006-09-22,7.68,02-28-2007,Bank of America Merrill Lynch
Q1-07,2006-10-03,7.68,02-28-2007,Bank of America Merrill Lynch
Q1-07,2006-10-17,7.68,02-28-2007,Bank of America Merrill Lynch
Q1-07,2006-10-18,7.68,02-28-2007,Bank of America Merrill Lynch
Q1-07,2006-10-19,7.68,02-28-2007,Bank of America Merrill Lynch
Q1-07,2006-10-24,7.68,02-28-2007,Bank of America Merrill Lynch
Q1-07,2006-10-31,7.68,02-28-2007,Bank of America Merrill Lynch
Q1-07,2006-11-07,7.68,02-28-2007,Bank of America Merrill Lynch
Q1-07,2006-11-14,7.68,02-28-2007,Bank of America Merrill Lynch
Q1-07,2006-12-14,7.68,02-28-2007,Bank of America Merrill Lynch
Q1-07,2006-12-20,7.7,02-28-2007,Bank of America Merrill Lynch
Q1-07,2007-01-03,7.7,02-28-2007,Bank of America Merrill Lynch
Q1-07,2007-01-10,7.7,02-28-2007,Bank of America Merrill Lynch
Q1-07,2007-01-12,7.7,02-28-2007,Bank of America Merrill Lynch
Q1-07,2007-01-16,7.7,02-28-2007,Bank of America Merrill Lynch
Q1-07,2007-01-18,7.7,02-28-2007,Bank of America Merrill Lynch
Q1-07,2007-01-31,7.7,02-28-2007,Bank of America Merrill Lynch
Q1-07,2007-02-07,7.7,02-28-2007,Bank of America Merrill Lynch
Q1-07,2007-02-13,7.7,02-28-2007,Bank of America Merrill Lynch
Q1-07,2007-02-21,7.7,02-28-2007,Bank of America Merrill Lynch
Q1-07,2007-02-22,7.7,02-28-2007,Bank of America Merrill Lynch
Q2-07,2006-03-16,7.55,02-28-2007,Bank of America Merrill Lynch
Q2-07,2006-07-05,7.55,02-28-2007,Bank of America Merrill Lynch
Q2-07,2006-07-11,7.55,02-28-2007,Bank of America Merrill Lynch
Q2-07,2006-07-18,7.55,02-28-2007,Bank of America Merrill Lynch
Q2-07,2006-07-20,7.55,02-28-2007,Bank of America Merrill Lynch
Q2-07,2006-07-26,7.55,02-28-2007,Bank of America Merrill Lynch
Q2-07,2006-08-01,7.55,02-28-2007,Bank of America Merrill Lynch
Q2-07,2006-08-22,7.62,02-28-2007,Bank of America Merrill Lynch
Q2-07,2006-08-30,7.62,02-28-2007,Bank of America Merrill Lynch
Q2-07,2006-09-06,7.62,02-28-2007,Bank of America Merrill Lynch
Q2-07,2006-09-12,7.62,02-28-2007,Bank of America Merrill Lynch
Q2-07,2006-09-20,7.62,02-28-2007,Bank of America Merrill Lynch
Q2-07,2006-09-22,7.62,02-28-2007,Bank of America Merrill Lynch
Q2-07,2006-10-03,7.62,02-28-2007,Bank of America Merrill Lynch
Q2-07,2006-10-17,7.62,02-28-2007,Bank of America Merrill Lynch
Q2-07,2006-10-18,7.62,02-28-2007,Bank of America Merrill Lynch
Q2-07,2006-10-19,7.62,02-28-2007,Bank of America Merrill Lynch
Q2-07,2006-10-24,7.62,02-28-2007,Bank of America Merrill Lynch
Q2-07,2006-10-31,7.62,02-28-2007,Bank of America Merrill Lynch
Q2-07,2006-11-07,7.62,02-28-2007,Bank of America Merrill Lynch
Q2-07,2006-11-14,7.62,02-28-2007,Bank of America Merrill Lynch
Q2-07,2006-12-14,7.62,02-28-2007,Bank of America Merrill Lynch
Q2-07,2006-12-20,7.6,02-28-2007,Bank of America Merrill Lynch
Q2-07,2007-01-03,7.7,02-28-2007,Bank of America Merrill Lynch
Q2-07,2007-01-10,7.6,02-28-2007,Bank of America Merrill Lynch
Q2-07,2007-01-12,7.6,02-28-2007,Bank of America Merrill Lynch
Q2-07,2007-01-16,7.6,02-28-2007,Bank of America Merrill Lynch
Q2-07,2007-01-18,7.6,02-28-2007,Bank of America Merrill Lynch
Q2-07,2007-01-31,7.6,02-28-2007,Bank of America Merrill Lynch
Q2-07,2007-02-07,7.6,02-28-2007,Bank of America Merrill Lynch
Q2-07,2007-02-13,7.6,02-28-2007,Bank of America Merrill Lynch
Q2-07,2007-02-21,7.6,02-28-2007,Bank of America Merrill Lynch
Q2-07,2007-02-22,7.6,02-28-2007,Bank of America Merrill Lynch
Q3-07,2006-03-16,7.52,02-28-2007,Bank of America Merrill Lynch
Q3-07,2006-09-22,7.55,02-28-2007,Bank of America Merrill Lynch
Q3-07,2006-10-03,7.55,02-28-2007,Bank of America Merrill Lynch
Q3-07,2006-10-17,7.55,02-28-2007,Bank of America Merrill Lynch
Q3-07,2006-10-18,7.55,02-28-2007,Bank of America Merrill Lynch
Q3-07,2006-10-19,7.55,02-28-2007,Bank of America Merrill Lynch
Q3-07,2006-10-24,7.55,02-28-2007,Bank of America Merrill Lynch
Q3-07,2006-10-31,7.55,02-28-2007,Bank of America Merrill Lynch
Q3-07,2006-11-07,7.55,02-28-2007,Bank of America Merrill Lynch
Q3-07,2006-11-14,7.55,02-28-2007,Bank of America Merrill Lynch
Q3-07,2006-12-14,7.55,02-28-2007,Bank of America Merrill Lynch
Q3-07,2006-12-20,7.5,02-28-2007,Bank of America Merrill Lynch
Q3-07,2007-01-03,7.5,02-28-2007,Bank of America Merrill Lynch
Q3-07,2007-01-10,7.5,02-28-2007,Bank of America Merrill Lynch
Q3-07,2007-01-12,7.5,02-28-2007,Bank of America Merrill Lynch
Q3-07,2007-01-16,7.5,02-28-2007,Bank of America Merrill Lynch
Q3-07,2007-01-18,7.5,02-28-2007,Bank of America Merrill Lynch
Q3-07,2007-01-31,7.5,02-28-2007,Bank of America Merrill Lynch
Q3-07,2007-02-07,7.5,02-28-2007,Bank of America Merrill Lynch
Q3-07,2007-02-13,7.5,02-28-2007,Bank of America Merrill Lynch
Q3-07,2007-02-21,7.5,02-28-2007,Bank of America Merrill Lynch
Q3-07,2007-02-22,7.5,02-28-2007,Bank of America Merrill Lynch
Q4-07,2006-03-16,7.48,02-28-2007,Bank of America Merrill Lynch
Q4-07,2006-07-20,7.52,02-28-2007,Bank of America Merrill Lynch
Q4-07,2006-09-22,7.48,02-28-2007,Bank of America Merrill Lynch
Q4-07,2006-10-19,7.48,02-28-2007,Bank of America Merrill Lynch
Q4-07,2007-01-03,7.4,02-28-2007,Bank of America Merrill Lynch
Q4-07,2007-01-10,7.4,02-28-2007,Bank of America Merrill Lynch
Q4-07,2007-01-12,7.4,02-28-2007,Bank of America Merrill Lynch
Q4-07,2007-01-16,7.4,02-28-2007,Bank of America Merrill Lynch
Q4-07,2007-01-18,7.4,02-28-2007,Bank of America Merrill Lynch
Q4-07,2007-01-31,7.4,02-28-2007,Bank of America Merrill Lynch
Q4-07,2007-02-07,7.4,02-28-2007,Bank of America Merrill Lynch
Q4-07,2007-02-13,7.4,02-28-2007,Bank of America Merrill Lynch
Q4-07,2007-02-21,7.4,02-28-2007,Bank of America Merrill Lynch
Q4-07,2007-02-22,7.4,02-28-2007,Bank of America Merrill Lynch
2008,2006-03-16,7.48,02-28-2007,Bank of America Merrill Lynch
2008,2006-07-20,7.48,02-28-2007,Bank of America Merrill Lynch
2008,2007-01-12,7.03,02-28-2007,Bank of America Merrill Lynch
2008,2007-01-16,7.03,02-28-2007,Bank of America Merrill Lynch
2008,2007-01-18,7.03,02-28-2007,Bank of America Merrill Lynch
2008,2007-01-31,7.03,02-28-2007,Bank of America Merrill Lynch
2008,2007-02-07,7.03,02-28-2007,Bank of America Merrill Lynch
2008,2007-02-13,7.03,02-28-2007,Bank of America Merrill Lynch
2008,2007-02-21,7.22,02-28-2007,Bank of America Merrill Lynch
2008,2007-02-22,7.22,02-28-2007,Bank of America Merrill Lynch
2009,2007-01-16,7.03,02-28-2007,Bank of America Merrill Lynch
2009,2007-01-18,7.03,02-28-2007,Bank of America Merrill Lynch
2009,2007-01-31,7.03,02-28-2007,Bank of America Merrill Lynch
2009,2007-02-07,7.03,02-28-2007,Bank of America Merrill Lynch
2009,2007-02-13,7.03,02-28-2007,Bank of America Merrill Lynch
2009,2007-02-21,7.03,02-28-2007,Bank of America Merrill Lynch
2009,2007-02-22,7.03,02-28-2007,Bank of America Merrill Lynch
Q1-10,2009-02-18,6.5,02-28-2010,Bank of America Merrill Lynch
Q1-10,2009-03-03,6.5,02-28-2010,Bank of America Merrill Lynch
Q1-10,2009-03-06,6.5,02-28-2010,Bank of America Merrill Lynch
Q1-10,2009-03-13,6.5,02-28-2010,Bank of America Merrill Lynch
Q1-10,2009-03-19,6.5,02-28-2010,Bank of America Merrill Lynch
Q1-10,2009-03-30,6.55,02-28-2010,Bank of America Merrill Lynch
Q1-10,2009-04-06,6.55,02-28-2010,Bank of America Merrill Lynch
Q1-10,2009-04-09,6.55,02-28-2010,Bank of America Merrill Lynch
Q1-10,2009-04-20,6.55,02-28-2010,Bank of America Merrill Lynch
Q1-10,2009-04-30,6.6,02-28-2010,Bank of America Merrill Lynch
Q1-10,2009-05-27,6.6,02-28-2010,Bank of America Merrill Lynch
Q1-10,2009-06-05,6.6,02-28-2010,Bank of America Merrill Lynch
Q1-10,2009-07-06,6.65,02-28-2010,Bank of America Merrill Lynch
Q1-10,2009-07-15,6.65,02-28-2010,Bank of America Merrill Lynch
Q1-10,2009-07-28,6.65,02-28-2010,Bank of America Merrill Lynch
Q1-10,2009-08-10,6.65,02-28-2010,Bank of America Merrill Lynch
Q1-10,2009-08-14,6.65,02-28-2010,Bank of America Merrill Lynch
Q1-10,2009-09-04,6.65,02-28-2010,Bank of America Merrill Lynch
Q1-10,2009-09-25,6.65,02-28-2010,Bank of America Merrill Lynch
Q1-10,2009-09-30,6.65,02-28-2010,Bank of America Merrill Lynch
Q1-10,2009-10-30,6.65,02-28-2010,Bank of America Merrill Lynch
Q1-10,2009-11-13,6.65,02-28-2010,Bank of America Merrill Lynch
Q1-10,2010-01-11,6.7,02-28-2010,Bank of America Merrill Lynch
Q1-10,2010-01-26,6.7,02-28-2010,Bank of America Merrill Lynch
Q1-10,2010-02-23,6.7,02-28-2010,Bank of America Merrill Lynch
Q2-10,2009-02-18,6.45,02-28-2010,Bank of America Merrill Lynch
Q2-10,2009-03-30,6.5,02-28-2010,Bank of America Merrill Lynch
Q2-10,2009-04-06,6.5,02-28-2010,Bank of America Merrill Lynch
Q2-10,2009-04-09,6.5,02-28-2010,Bank of America Merrill Lynch
Q2-10,2009-04-30,6.55,02-28-2010,Bank of America Merrill Lynch
Q2-10,2009-05-27,6.55,02-28-2010,Bank of America Merrill Lynch
Q2-10,2009-06-05,6.55,02-28-2010,Bank of America Merrill Lynch
Q2-10,2009-07-06,6.6,02-28-2010,Bank of America Merrill Lynch
Q2-10,2009-07-15,6.6,02-28-2010,Bank of America Merrill Lynch
Q2-10,2009-07-28,6.6,02-28-2010,Bank of America Merrill Lynch
Q2-10,2009-08-10,6.6,02-28-2010,Bank of America Merrill Lynch
Q2-10,2009-08-14,6.6,02-28-2010,Bank of America Merrill Lynch
Q2-10,2009-09-04,6.6,02-28-2010,Bank of America Merrill Lynch
Q2-10,2009-09-25,6.6,02-28-2010,Bank of America Merrill Lynch
Q2-10,2009-09-30,6.6,02-28-2010,Bank of America Merrill Lynch
Q2-10,2009-10-30,6.6,02-28-2010,Bank of America Merrill Lynch
Q2-10,2009-11-13,6.6,02-28-2010,Bank of America Merrill Lynch
Q2-10,2010-01-11,6.6,02-28-2010,Bank of America Merrill Lynch
Q2-10,2010-01-26,6.6,02-28-2010,Bank of America Merrill Lynch
Q2-10,2010-02-23,6.6,02-28-2010,Bank of America Merrill Lynch
Q3-10,2009-02-18,6.35,02-28-2010,Bank of America Merrill Lynch
Q3-10,2009-03-30,6.45,02-28-2010,Bank of America Merrill Lynch
Q3-10,2009-04-06,6.45,02-28-2010,Bank of America Merrill Lynch
Q3-10,2009-04-09,6.45,02-28-2010,Bank of America Merrill Lynch
Q3-10,2009-04-30,6.5,02-28-2010,Bank of America Merrill Lynch
Q3-10,2009-05-27,6.5,02-28-2010,Bank of America Merrill Lynch
Q3-10,2009-06-05,6.5,02-28-2010,Bank of America Merrill Lynch
Q3-10,2009-07-06,6.55,02-28-2010,Bank of America Merrill Lynch
Q3-10,2009-07-15,6.55,02-28-2010,Bank of America Merrill Lynch
Q3-10,2009-08-10,6.55,02-28-2010,Bank of America Merrill Lynch
Q3-10,2009-08-14,6.55,02-28-2010,Bank of America Merrill Lynch
Q3-10,2009-09-04,6.55,02-28-2010,Bank of America Merrill Lynch
Q3-10,2009-09-25,6.55,02-28-2010,Bank of America Merrill Lynch
Q3-10,2009-09-30,6.55,02-28-2010,Bank of America Merrill Lynch
Q3-10,2009-10-30,6.55,02-28-2010,Bank of America Merrill Lynch
Q3-10,2009-11-13,6.55,02-28-2010,Bank of America Merrill Lynch
Q3-10,2010-01-11,6.55,02-28-2010,Bank of America Merrill Lynch
Q3-10,2010-01-26,6.55,02-28-2010,Bank of America Merrill Lynch
Q3-10,2010-02-23,6.55,02-28-2010,Bank of America Merrill Lynch
Q4-10,2008-03-04,6.3,02-28-2010,Bank of America Merrill Lynch
Q4-10,2008-03-13,6.3,02-28-2010,Bank of America Merrill Lynch
Q4-10,2008-03-20,6.3,02-28-2010,Bank of America Merrill Lynch
Q4-10,2008-03-26,6.3,02-28-2010,Bank of America Merrill Lynch
Q4-10,2008-04-04,6.3,02-28-2010,Bank of America Merrill Lynch
Q4-10,2008-04-10,6.3,02-28-2010,Bank of America Merrill Lynch
Q4-10,2008-04-17,6.3,02-28-2010,Bank of America Merrill Lynch
Q4-10,2008-04-24,6.3,02-28-2010,Bank of America Merrill Lynch
Q4-10,2008-05-01,6.3,02-28-2010,Bank of America Merrill Lynch
Q4-10,2008-05-07,6.3,02-28-2010,Bank of America Merrill Lynch
Q4-10,2008-05-19,6.3,02-28-2010,Bank of America Merrill Lynch
Q4-10,2008-05-21,6.3,02-28-2010,Bank of America Merrill Lynch
Q4-10,2008-05-29,6.3,02-28-2010,Bank of America Merrill Lynch
Q4-10,2008-12-18,6.3,02-28-2010,Bank of America Merrill Lynch
Q4-10,2009-02-18,6.3,02-28-2010,Bank of America Merrill Lynch
Q4-10,2009-02-19,6.3,02-28-2010,Bank of America Merrill Lynch
Q4-10,2009-02-26,6.3,02-28-2010,Bank of America Merrill Lynch
Q4-10,2009-03-03,6.3,02-28-2010,Bank of America Merrill Lynch
Q4-10,2009-03-06,6.3,02-28-2010,Bank of America Merrill Lynch
Q4-10,2009-03-19,6.3,02-28-2010,Bank of America Merrill Lynch
Q4-10,2009-03-30,6.4,02-28-2010,Bank of America Merrill Lynch
Q4-10,2009-04-06,6.4,02-28-2010,Bank of America Merrill Lynch
Q4-10,2009-04-09,6.4,02-28-2010,Bank of America Merrill Lynch
Q4-10,2009-04-20,6.4,02-28-2010,Bank of America Merrill Lynch
Q4-10,2009-04-30,6.45,02-28-2010,Bank of America Merrill Lynch
Q4-10,2009-05-27,6.45,02-28-2010,Bank of America Merrill Lynch
Q4-10,2009-06-05,6.45,02-28-2010,Bank of America Merrill Lynch
Q4-10,2009-07-06,6.5,02-28-2010,Bank of America Merrill Lynch
Q4-10,2009-07-15,6.5,02-28-2010,Bank of America Merrill Lynch
Q4-10,2009-07-28,6.5,02-28-2010,Bank of America Merrill Lynch
Q4-10,2009-08-10,6.5,02-28-2010,Bank of America Merrill Lynch
Q4-10,2009-08-14,6.5,02-28-2010,Bank of America Merrill Lynch
Q4-10,2009-09-04,6.5,02-28-2010,Bank of America Merrill Lynch
Q4-10,2009-09-25,6.5,02-28-2010,Bank of America Merrill Lynch
Q4-10,2009-09-30,6.5,02-28-2010,Bank of America Merrill Lynch
Q4-10,2009-10-30,6.5,02-28-2010,Bank of America Merrill Lynch
Q4-10,2009-11-13,6.5,02-28-2010,Bank of America Merrill Lynch
Q4-10,2010-01-11,6.5,02-28-2010,Bank of America Merrill Lynch
Q4-10,2010-01-26,6.5,02-28-2010,Bank of America Merrill Lynch
Q4-10,2010-02-23,6.5,02-28-2010,Bank of America Merrill Lynch
2011,2010-01-11,6.4,02-28-2010,Bank of America Merrill Lynch
2011,2010-02-23,6.4,02-28-2010,Bank of America Merrill Lynch
Q2-10,2009-02-18,6.45,05-31-2010,Bank of America Merrill Lynch
Q2-10,2009-03-30,6.5,05-31-2010,Bank of America Merrill Lynch
Q2-10,2009-04-06,6.5,05-31-2010,Bank of America Merrill Lynch
Q2-10,2009-04-09,6.5,05-31-2010,Bank of America Merrill Lynch
Q2-10,2009-04-30,6.55,05-31-2010,Bank of America Merrill Lynch
Q2-10,2009-05-27,6.55,05-31-2010,Bank of America Merrill Lynch
Q2-10,2009-06-05,6.55,05-31-2010,Bank of America Merrill Lynch
Q2-10,2009-07-06,6.6,05-31-2010,Bank of America Merrill Lynch
Q2-10,2009-07-15,6.6,05-31-2010,Bank of America Merrill Lynch
Q2-10,2009-07-28,6.6,05-31-2010,Bank of America Merrill Lynch
Q2-10,2009-08-10,6.6,05-31-2010,Bank of America Merrill Lynch
Q2-10,2009-08-14,6.6,05-31-2010,Bank of America Merrill Lynch
Q2-10,2009-09-04,6.6,05-31-2010,Bank of America Merrill Lynch
Q2-10,2009-09-25,6.6,05-31-2010,Bank of America Merrill Lynch
Q2-10,2009-09-30,6.6,05-31-2010,Bank of America Merrill Lynch
Q2-10,2009-10-30,6.6,05-31-2010,Bank of America Merrill Lynch
Q2-10,2009-11-13,6.6,05-31-2010,Bank of America Merrill Lynch
Q2-10,2010-01-11,6.6,05-31-2010,Bank of America Merrill Lynch
Q2-10,2010-01-26,6.6,05-31-2010,Bank of America Merrill Lynch
Q2-10,2010-02-23,6.6,05-31-2010,Bank of America Merrill Lynch
Q2-10,2010-04-19,6.7,05-31-2010,Bank of America Merrill Lynch
Q2-10,2010-04-30,6.7,05-31-2010,Bank of America Merrill Lynch
Q3-10,2009-02-18,6.35,05-31-2010,Bank of America Merrill Lynch
Q3-10,2009-03-30,6.45,05-31-2010,Bank of America Merrill Lynch
Q3-10,2009-04-06,6.45,05-31-2010,Bank of America Merrill Lynch
Q3-10,2009-04-09,6.45,05-31-2010,Bank of America Merrill Lynch
Q3-10,2009-04-30,6.5,05-31-2010,Bank of America Merrill Lynch
Q3-10,2009-05-27,6.5,05-31-2010,Bank of America Merrill Lynch
Q3-10,2009-06-05,6.5,05-31-2010,Bank of America Merrill Lynch
Q3-10,2009-07-06,6.55,05-31-2010,Bank of America Merrill Lynch
Q3-10,2009-07-15,6.55,05-31-2010,Bank of America Merrill Lynch
Q3-10,2009-08-10,6.55,05-31-2010,Bank of America Merrill Lynch
Q3-10,2009-08-14,6.55,05-31-2010,Bank of America Merrill Lynch
Q3-10,2009-09-04,6.55,05-31-2010,Bank of America Merrill Lynch
Q3-10,2009-09-25,6.55,05-31-2010,Bank of America Merrill Lynch
Q3-10,2009-09-30,6.55,05-31-2010,Bank of America Merrill Lynch
Q3-10,2009-10-30,6.55,05-31-2010,Bank of America Merrill Lynch
Q3-10,2009-11-13,6.55,05-31-2010,Bank of America Merrill Lynch
Q3-10,2010-01-11,6.55,05-31-2010,Bank of America Merrill Lynch
Q3-10,2010-01-26,6.55,05-31-2010,Bank of America Merrill Lynch
Q3-10,2010-02-23,6.55,05-31-2010,Bank of America Merrill Lynch
Q3-10,2010-04-19,6.6,05-31-2010,Bank of America Merrill Lynch
Q3-10,2010-04-30,6.6,05-31-2010,Bank of America Merrill Lynch
Q4-10,2008-12-18,6.3,05-31-2010,Bank of America Merrill Lynch
Q4-10,2009-02-18,6.3,05-31-2010,Bank of America Merrill Lynch
Q4-10,2009-02-19,6.3,05-31-2010,Bank of America Merrill Lynch
Q4-10,2009-02-26,6.3,05-31-2010,Bank of America Merrill Lynch
Q4-10,2009-03-03,6.3,05-31-2010,Bank of America Merrill Lynch
Q4-10,2009-03-06,6.3,05-31-2010,Bank of America Merrill Lynch
Q4-10,2009-03-19,6.3,05-31-2010,Bank of America Merrill Lynch
Q4-10,2009-03-30,6.4,05-31-2010,Bank of America Merrill Lynch
Q4-10,2009-04-06,6.4,05-31-2010,Bank of America Merrill Lynch
Q4-10,2009-04-09,6.4,05-31-2010,Bank of America Merrill Lynch
Q4-10,2009-04-20,6.4,05-31-2010,Bank of America Merrill Lynch
Q4-10,2009-04-30,6.45,05-31-2010,Bank of America Merrill Lynch
Q4-10,2009-05-27,6.45,05-31-2010,Bank of America Merrill Lynch
Q4-10,2009-06-05,6.45,05-31-2010,Bank of America Merrill Lynch
Q4-10,2009-07-06,6.5,05-31-2010,Bank of America Merrill Lynch
Q4-10,2009-07-15,6.5,05-31-2010,Bank of America Merrill Lynch
Q4-10,2009-07-28,6.5,05-31-2010,Bank of America Merrill Lynch
Q4-10,2009-08-10,6.5,05-31-2010,Bank of America Merrill Lynch
Q4-10,2009-08-14,6.5,05-31-2010,Bank of America Merrill Lynch
Q4-10,2009-09-04,6.5,05-31-2010,Bank of America Merrill Lynch
Q4-10,2009-09-25,6.5,05-31-2010,Bank of America Merrill Lynch
Q4-10,2009-09-30,6.5,05-31-2010,Bank of America Merrill Lynch
Q4-10,2009-10-30,6.5,05-31-2010,Bank of America Merrill Lynch
Q4-10,2009-11-13,6.5,05-31-2010,Bank of America Merrill Lynch
Q4-10,2010-01-11,6.5,05-31-2010,Bank of America Merrill Lynch
Q4-10,2010-01-26,6.5,05-31-2010,Bank of America Merrill Lynch
Q4-10,2010-02-23,6.5,05-31-2010,Bank of America Merrill Lynch
Q4-10,2010-04-19,6.5,05-31-2010,Bank of America Merrill Lynch
Q4-10,2010-04-30,6.5,05-31-2010,Bank of America Merrill Lynch
Q1-11,2010-04-19,6.5,05-31-2010,Bank of America Merrill Lynch
Q1-11,2010-04-30,6.5,05-31-2010,Bank of America Merrill Lynch
2011,2010-01-11,6.4,05-31-2010,Bank of America Merrill Lynch
2011,2010-02-23,6.4,05-31-2010,Bank of America Merrill Lynch
2011,2010-04-19,6.4,05-31-2010,Bank of America Merrill Lynch
2011,2010-04-30,6.4,05-31-2010,Bank of America Merrill Lynch
Q3-10,2009-02-18,6.35,08-31-2010,Bank of America Merrill Lynch
Q3-10,2009-03-30,6.45,08-31-2010,Bank of America Merrill Lynch
Q3-10,2009-04-06,6.45,08-31-2010,Bank of America Merrill Lynch
Q3-10,2009-04-09,6.45,08-31-2010,Bank of America Merrill Lynch
Q3-10,2009-04-30,6.5,08-31-2010,Bank of America Merrill Lynch
Q3-10,2009-05-27,6.5,08-31-2010,Bank of America Merrill Lynch
Q3-10,2009-06-05,6.5,08-31-2010,Bank of America Merrill Lynch
Q3-10,2009-07-06,6.55,08-31-2010,Bank of America Merrill Lynch
Q3-10,2009-07-15,6.55,08-31-2010,Bank of America Merrill Lynch
Q3-10,2009-08-10,6.55,08-31-2010,Bank of America Merrill Lynch
Q3-10,2009-08-14,6.55,08-31-2010,Bank of America Merrill Lynch
Q3-10,2009-09-04,6.55,08-31-2010,Bank of America Merrill Lynch
Q3-10,2009-09-25,6.55,08-31-2010,Bank of America Merrill Lynch
Q3-10,2009-09-30,6.55,08-31-2010,Bank of America Merrill Lynch
Q3-10,2009-10-30,6.55,08-31-2010,Bank of America Merrill Lynch
Q3-10,2009-11-13,6.55,08-31-2010,Bank of America Merrill Lynch
Q3-10,2010-01-11,6.55,08-31-2010,Bank of America Merrill Lynch
Q3-10,2010-01-26,6.55,08-31-2010,Bank of America Merrill Lynch
Q3-10,2010-02-23,6.55,08-31-2010,Bank of America Merrill Lynch
Q3-10,2010-04-19,6.6,08-31-2010,Bank of America Merrill Lynch
Q3-10,2010-04-30,6.6,08-31-2010,Bank of America Merrill Lynch
Q3-10,2010-06-01,6.83,08-31-2010,Bank of America Merrill Lynch
Q3-10,2010-06-02,6.83,08-31-2010,Bank of America Merrill Lynch
Q3-10,2010-06-29,6.83,08-31-2010,Bank of America Merrill Lynch
Q3-10,2010-07-05,6.83,08-31-2010,Bank of America Merrill Lynch
Q3-10,2010-07-08,6.83,08-31-2010,Bank of America Merrill Lynch
Q3-10,2010-07-14,6.83,08-31-2010,Bank of America Merrill Lynch
Q3-10,2010-08-10,6.83,08-31-2010,Bank of America Merrill Lynch
Q4-10,2008-12-18,6.3,08-31-2010,Bank of America Merrill Lynch
Q4-10,2009-02-18,6.3,08-31-2010,Bank of America Merrill Lynch
Q4-10,2009-02-19,6.3,08-31-2010,Bank of America Merrill Lynch
Q4-10,2009-02-26,6.3,08-31-2010,Bank of America Merrill Lynch
Q4-10,2009-03-03,6.3,08-31-2010,Bank of America Merrill Lynch
Q4-10,2009-03-06,6.3,08-31-2010,Bank of America Merrill Lynch
Q4-10,2009-03-19,6.3,08-31-2010,Bank of America Merrill Lynch
Q4-10,2009-03-30,6.4,08-31-2010,Bank of America Merrill Lynch
Q4-10,2009-04-06,6.4,08-31-2010,Bank of America Merrill Lynch
Q4-10,2009-04-09,6.4,08-31-2010,Bank of America Merrill Lynch
Q4-10,2009-04-20,6.4,08-31-2010,Bank of America Merrill Lynch
Q4-10,2009-04-30,6.45,08-31-2010,Bank of America Merrill Lynch
Q4-10,2009-05-27,6.45,08-31-2010,Bank of America Merrill Lynch
Q4-10,2009-06-05,6.45,08-31-2010,Bank of America Merrill Lynch
Q4-10,2009-07-06,6.5,08-31-2010,Bank of America Merrill Lynch
Q4-10,2009-07-15,6.5,08-31-2010,Bank of America Merrill Lynch
Q4-10,2009-07-28,6.5,08-31-2010,Bank of America Merrill Lynch
Q4-10,2009-08-10,6.5,08-31-2010,Bank of America Merrill Lynch
Q4-10,2009-08-14,6.5,08-31-2010,Bank of America Merrill Lynch
Q4-10,2009-09-04,6.5,08-31-2010,Bank of America Merrill Lynch
Q4-10,2009-09-25,6.5,08-31-2010,Bank of America Merrill Lynch
Q4-10,2009-09-30,6.5,08-31-2010,Bank of America Merrill Lynch
Q4-10,2009-10-30,6.5,08-31-2010,Bank of America Merrill Lynch
Q4-10,2009-11-13,6.5,08-31-2010,Bank of America Merrill Lynch
Q4-10,2010-01-11,6.5,08-31-2010,Bank of America Merrill Lynch
Q4-10,2010-01-26,6.5,08-31-2010,Bank of America Merrill Lynch
Q4-10,2010-02-23,6.5,08-31-2010,Bank of America Merrill Lynch
Q4-10,2010-04-19,6.5,08-31-2010,Bank of America Merrill Lynch
Q4-10,2010-04-30,6.5,08-31-2010,Bank of America Merrill Lynch
Q4-10,2010-06-01,6.8,08-31-2010,Bank of America Merrill Lynch
Q4-10,2010-06-02,6.8,08-31-2010,Bank of America Merrill Lynch
Q4-10,2010-06-29,6.8,08-31-2010,Bank of America Merrill Lynch
Q4-10,2010-07-05,6.8,08-31-2010,Bank of America Merrill Lynch
Q4-10,2010-07-08,6.8,08-31-2010,Bank of America Merrill Lynch
Q4-10,2010-07-14,6.8,08-31-2010,Bank of America Merrill Lynch
Q4-10,2010-08-10,6.8,08-31-2010,Bank of America Merrill Lynch
Q1-11,2010-04-19,6.5,08-31-2010,Bank of America Merrill Lynch
Q1-11,2010-04-30,6.5,08-31-2010,Bank of America Merrill Lynch
Q1-11,2010-06-01,6.75,08-31-2010,Bank of America Merrill Lynch
Q1-11,2010-06-02,6.75,08-31-2010,Bank of America Merrill Lynch
Q1-11,2010-06-29,6.75,08-31-2010,Bank of America Merrill Lynch
Q1-11,2010-07-05,6.75,08-31-2010,Bank of America Merrill Lynch
Q1-11,2010-07-08,6.75,08-31-2010,Bank of America Merrill Lynch
Q1-11,2010-07-14,6.75,08-31-2010,Bank of America Merrill Lynch
Q1-11,2010-08-10,6.75,08-31-2010,Bank of America Merrill Lynch
2011,2010-01-11,6.4,08-31-2010,Bank of America Merrill Lynch
2011,2010-02-23,6.4,08-31-2010,Bank of America Merrill Lynch
2011,2010-04-19,6.4,08-31-2010,Bank of America Merrill Lynch
2011,2010-04-30,6.4,08-31-2010,Bank of America Merrill Lynch
2011,2010-06-01,6.5,08-31-2010,Bank of America Merrill Lynch
2011,2010-06-02,6.5,08-31-2010,Bank of America Merrill Lynch
2011,2010-06-29,6.5,08-31-2010,Bank of America Merrill Lynch
2011,2010-07-05,6.5,08-31-2010,Bank of America Merrill Lynch
2011,2010-07-08,6.5,08-31-2010,Bank of America Merrill Lynch
2011,2010-07-14,6.5,08-31-2010,Bank of America Merrill Lynch
2011,2010-08-10,6.5,08-31-2010,Bank of America Merrill Lynch
Q3-06,2006-03-14,7.76,08-31-2006,Bank of America Merrill Lynch
Q3-06,2006-03-16,7.76,08-31-2006,Bank of America Merrill Lynch
Q3-06,2006-03-28,7.76,08-31-2006,Bank of America Merrill Lynch
Q3-06,2006-04-04,7.76,08-31-2006,Bank of America Merrill Lynch
Q3-06,2006-04-11,7.76,08-31-2006,Bank of America Merrill Lynch
Q3-06,2006-04-18,7.76,08-31-2006,Bank of America Merrill Lynch
Q3-06,2006-04-25,7.76,08-31-2006,Bank of America Merrill Lynch
Q3-06,2006-05-03,7.76,08-31-2006,Bank of America Merrill Lynch
Q3-06,2006-05-09,7.76,08-31-2006,Bank of America Merrill Lynch
Q3-06,2006-05-16,7.76,08-31-2006,Bank of America Merrill Lynch
Q3-06,2006-05-23,7.76,08-31-2006,Bank of America Merrill Lynch
Q3-06,2006-06-06,7.76,08-31-2006,Bank of America Merrill Lynch
Q3-06,2006-06-13,7.76,08-31-2006,Bank of America Merrill Lynch
Q3-06,2006-06-20,7.76,08-31-2006,Bank of America Merrill Lynch
Q3-06,2006-06-27,7.76,08-31-2006,Bank of America Merrill Lynch
Q3-06,2006-07-05,7.76,08-31-2006,Bank of America Merrill Lynch
Q3-06,2006-07-11,7.76,08-31-2006,Bank of America Merrill Lynch
Q3-06,2006-07-18,7.76,08-31-2006,Bank of America Merrill Lynch
Q3-06,2006-07-20,7.76,08-31-2006,Bank of America Merrill Lynch
Q3-06,2006-07-26,7.76,08-31-2006,Bank of America Merrill Lynch
Q3-06,2006-08-01,7.85,08-31-2006,Bank of America Merrill Lynch
Q3-06,2006-08-22,7.85,08-31-2006,Bank of America Merrill Lynch
Q3-06,2006-08-30,7.85,08-31-2006,Bank of America Merrill Lynch
Q4-06,2006-03-14,7.63,08-31-2006,Bank of America Merrill Lynch
Q4-06,2006-03-16,7.63,08-31-2006,Bank of America Merrill Lynch
Q4-06,2006-03-28,7.63,08-31-2006,Bank of America Merrill Lynch
Q4-06,2006-04-04,7.63,08-31-2006,Bank of America Merrill Lynch
Q4-06,2006-04-11,7.63,08-31-2006,Bank of America Merrill Lynch
Q4-06,2006-04-18,7.63,08-31-2006,Bank of America Merrill Lynch
Q4-06,2006-04-25,7.63,08-31-2006,Bank of America Merrill Lynch
Q4-06,2006-05-03,7.63,08-31-2006,Bank of America Merrill Lynch
Q4-06,2006-05-09,7.63,08-31-2006,Bank of America Merrill Lynch
Q4-06,2006-05-16,7.63,08-31-2006,Bank of America Merrill Lynch
Q4-06,2006-05-23,7.63,08-31-2006,Bank of America Merrill Lynch
Q4-06,2006-06-06,7.63,08-31-2006,Bank of America Merrill Lynch
Q4-06,2006-06-13,7.63,08-31-2006,Bank of America Merrill Lynch
Q4-06,2006-06-20,7.63,08-31-2006,Bank of America Merrill Lynch
Q4-06,2006-06-27,7.63,08-31-2006,Bank of America Merrill Lynch
Q4-06,2006-07-05,7.63,08-31-2006,Bank of America Merrill Lynch
Q4-06,2006-07-11,7.63,08-31-2006,Bank of America Merrill Lynch
Q4-06,2006-07-18,7.63,08-31-2006,Bank of America Merrill Lynch
Q4-06,2006-07-20,7.63,08-31-2006,Bank of America Merrill Lynch
Q4-06,2006-07-26,7.63,08-31-2006,Bank of America Merrill Lynch
Q4-06,2006-08-01,7.63,08-31-2006,Bank of America Merrill Lynch
Q4-06,2006-08-22,7.75,08-31-2006,Bank of America Merrill Lynch
Q4-06,2006-08-30,7.75,08-31-2006,Bank of America Merrill Lynch
Q1-07,2006-03-14,7.63,08-31-2006,Bank of America Merrill Lynch
Q1-07,2006-03-16,7.59,08-31-2006,Bank of America Merrill Lynch
Q1-07,2006-04-04,7.59,08-31-2006,Bank of America Merrill Lynch
Q1-07,2006-04-11,7.59,08-31-2006,Bank of America Merrill Lynch
Q1-07,2006-04-18,7.59,08-31-2006,Bank of America Merrill Lynch
Q1-07,2006-04-25,7.59,08-31-2006,Bank of America Merrill Lynch
Q1-07,2006-05-03,7.59,08-31-2006,Bank of America Merrill Lynch
Q1-07,2006-05-09,7.59,08-31-2006,Bank of America Merrill Lynch
Q1-07,2006-05-16,7.59,08-31-2006,Bank of America Merrill Lynch
Q1-07,2006-05-23,7.59,08-31-2006,Bank of America Merrill Lynch
Q1-07,2006-06-06,7.59,08-31-2006,Bank of America Merrill Lynch
Q1-07,2006-06-13,7.59,08-31-2006,Bank of America Merrill Lynch
Q1-07,2006-06-20,7.59,08-31-2006,Bank of America Merrill Lynch
Q1-07,2006-06-27,7.59,08-31-2006,Bank of America Merrill Lynch
Q1-07,2006-07-05,7.59,08-31-2006,Bank of America Merrill Lynch
Q1-07,2006-07-11,7.59,08-31-2006,Bank of America Merrill Lynch
Q1-07,2006-07-18,7.59,08-31-2006,Bank of America Merrill Lynch
Q1-07,2006-07-20,7.59,08-31-2006,Bank of America Merrill Lynch
Q1-07,2006-07-26,7.59,08-31-2006,Bank of America Merrill Lynch
Q1-07,2006-08-01,7.59,08-31-2006,Bank of America Merrill Lynch
Q1-07,2006-08-22,7.68,08-31-2006,Bank of America Merrill Lynch
Q1-07,2006-08-30,7.68,08-31-2006,Bank of America Merrill Lynch
Q2-07,2006-03-16,7.55,08-31-2006,Bank of America Merrill Lynch
Q2-07,2006-07-05,7.55,08-31-2006,Bank of America Merrill Lynch
Q2-07,2006-07-11,7.55,08-31-2006,Bank of America Merrill Lynch
Q2-07,2006-07-18,7.55,08-31-2006,Bank of America Merrill Lynch
Q2-07,2006-07-20,7.55,08-31-2006,Bank of America Merrill Lynch
Q2-07,2006-07-26,7.55,08-31-2006,Bank of America Merrill Lynch
Q2-07,2006-08-01,7.55,08-31-2006,Bank of America Merrill Lynch
Q2-07,2006-08-22,7.62,08-31-2006,Bank of America Merrill Lynch
Q2-07,2006-08-30,7.62,08-31-2006,Bank of America Merrill Lynch
2007,2006-03-16,7.48,08-31-2006,Bank of America Merrill Lynch
2007,2006-07-20,7.52,08-31-2006,Bank of America Merrill Lynch
2008,2006-03-16,7.48,08-31-2006,Bank of America Merrill Lynch
2008,2006-07-20,7.48,08-31-2006,Bank of America Merrill Lynch
Q4-06,2006-03-14,7.63,11-30-2006,Bank of America Merrill Lynch
Q4-06,2006-03-16,7.63,11-30-2006,Bank of America Merrill Lynch
Q4-06,2006-03-28,7.63,11-30-2006,Bank of America Merrill Lynch
Q4-06,2006-04-04,7.63,11-30-2006,Bank of America Merrill Lynch
Q4-06,2006-04-11,7.63,11-30-2006,Bank of America Merrill Lynch
Q4-06,2006-04-18,7.63,11-30-2006,Bank of America Merrill Lynch
Q4-06,2006-04-25,7.63,11-30-2006,Bank of America Merrill Lynch
Q4-06,2006-05-03,7.63,11-30-2006,Bank of America Merrill Lynch
Q4-06,2006-05-09,7.63,11-30-2006,Bank of America Merrill Lynch
Q4-06,2006-05-16,7.63,11-30-2006,Bank of America Merrill Lynch
Q4-06,2006-05-23,7.63,11-30-2006,Bank of America Merrill Lynch
Q4-06,2006-06-06,7.63,11-30-2006,Bank of America Merrill Lynch
Q4-06,2006-06-13,7.63,11-30-2006,Bank of America Merrill Lynch
Q4-06,2006-06-20,7.63,11-30-2006,Bank of America Merrill Lynch
Q4-06,2006-06-27,7.63,11-30-2006,Bank of America Merrill Lynch
Q4-06,2006-07-05,7.63,11-30-2006,Bank of America Merrill Lynch
Q4-06,2006-07-11,7.63,11-30-2006,Bank of America Merrill Lynch
Q4-06,2006-07-18,7.63,11-30-2006,Bank of America Merrill Lynch
Q4-06,2006-07-20,7.63,11-30-2006,Bank of America Merrill Lynch
Q4-06,2006-07-26,7.63,11-30-2006,Bank of America Merrill Lynch
Q4-06,2006-08-01,7.63,11-30-2006,Bank of America Merrill Lynch
Q4-06,2006-08-22,7.75,11-30-2006,Bank of America Merrill Lynch
Q4-06,2006-08-30,7.75,11-30-2006,Bank of America Merrill Lynch
Q4-06,2006-09-06,7.75,11-30-2006,Bank of America Merrill Lynch
Q4-06,2006-09-12,7.75,11-30-2006,Bank of America Merrill Lynch
Q4-06,2006-09-20,7.75,11-30-2006,Bank of America Merrill Lynch
Q4-06,2006-10-03,7.75,11-30-2006,Bank of America Merrill Lynch
Q4-06,2006-10-17,7.75,11-30-2006,Bank of America Merrill Lynch
Q4-06,2006-10-18,7.75,11-30-2006,Bank of America Merrill Lynch
Q4-06,2006-10-24,7.75,11-30-2006,Bank of America Merrill Lynch
Q4-06,2006-10-31,7.75,11-30-2006,Bank of America Merrill Lynch
Q4-06,2006-11-07,7.75,11-30-2006,Bank of America Merrill Lynch
Q4-06,2006-11-14,7.75,11-30-2006,Bank of America Merrill Lynch
Q1-07,2006-03-14,7.63,11-30-2006,Bank of America Merrill Lynch
Q1-07,2006-03-16,7.59,11-30-2006,Bank of America Merrill Lynch
Q1-07,2006-04-04,7.59,11-30-2006,Bank of America Merrill Lynch
Q1-07,2006-04-11,7.59,11-30-2006,Bank of America Merrill Lynch
Q1-07,2006-04-18,7.59,11-30-2006,Bank of America Merrill Lynch
Q1-07,2006-04-25,7.59,11-30-2006,Bank of America Merrill Lynch
Q1-07,2006-05-03,7.59,11-30-2006,Bank of America Merrill Lynch
Q1-07,2006-05-09,7.59,11-30-2006,Bank of America Merrill Lynch
Q1-07,2006-05-16,7.59,11-30-2006,Bank of America Merrill Lynch
Q1-07,2006-05-23,7.59,11-30-2006,Bank of America Merrill Lynch
Q1-07,2006-06-06,7.59,11-30-2006,Bank of America Merrill Lynch
Q1-07,2006-06-13,7.59,11-30-2006,Bank of America Merrill Lynch
Q1-07,2006-06-20,7.59,11-30-2006,Bank of America Merrill Lynch
Q1-07,2006-06-27,7.59,11-30-2006,Bank of America Merrill Lynch
Q1-07,2006-07-05,7.59,11-30-2006,Bank of America Merrill Lynch
Q1-07,2006-07-11,7.59,11-30-2006,Bank of America Merrill Lynch
Q1-07,2006-07-18,7.59,11-30-2006,Bank of America Merrill Lynch
Q1-07,2006-07-20,7.59,11-30-2006,Bank of America Merrill Lynch
Q1-07,2006-07-26,7.59,11-30-2006,Bank of America Merrill Lynch
Q1-07,2006-08-01,7.59,11-30-2006,Bank of America Merrill Lynch
Q1-07,2006-08-22,7.68,11-30-2006,Bank of America Merrill Lynch
Q1-07,2006-08-30,7.68,11-30-2006,Bank of America Merrill Lynch
Q1-07,2006-09-06,7.68,11-30-2006,Bank of America Merrill Lynch
Q1-07,2006-09-12,7.68,11-30-2006,Bank of America Merrill Lynch
Q1-07,2006-09-20,7.68,11-30-2006,Bank of America Merrill Lynch
Q1-07,2006-09-22,7.68,11-30-2006,Bank of America Merrill Lynch
Q1-07,2006-10-03,7.68,11-30-2006,Bank of America Merrill Lynch
Q1-07,2006-10-17,7.68,11-30-2006,Bank of America Merrill Lynch
Q1-07,2006-10-18,7.68,11-30-2006,Bank of America Merrill Lynch
Q1-07,2006-10-19,7.68,11-30-2006,Bank of America Merrill Lynch
Q1-07,2006-10-24,7.68,11-30-2006,Bank of America Merrill Lynch
Q1-07,2006-10-31,7.68,11-30-2006,Bank of America Merrill Lynch
Q1-07,2006-11-07,7.68,11-30-2006,Bank of America Merrill Lynch
Q1-07,2006-11-14,7.68,11-30-2006,Bank of America Merrill Lynch
Q2-07,2006-03-16,7.55,11-30-2006,Bank of America Merrill Lynch
Q2-07,2006-07-05,7.55,11-30-2006,Bank of America Merrill Lynch
Q2-07,2006-07-11,7.55,11-30-2006,Bank of America Merrill Lynch
Q2-07,2006-07-18,7.55,11-30-2006,Bank of America Merrill Lynch
Q2-07,2006-07-20,7.55,11-30-2006,Bank of America Merrill Lynch
Q2-07,2006-07-26,7.55,11-30-2006,Bank of America Merrill Lynch
Q2-07,2006-08-01,7.55,11-30-2006,Bank of America Merrill Lynch
Q2-07,2006-08-22,7.62,11-30-2006,Bank of America Merrill Lynch
Q2-07,2006-08-30,7.62,11-30-2006,Bank of America Merrill Lynch
Q2-07,2006-09-06,7.62,11-30-2006,Bank of America Merrill Lynch
Q2-07,2006-09-12,7.62,11-30-2006,Bank of America Merrill Lynch
Q2-07,2006-09-20,7.62,11-30-2006,Bank of America Merrill Lynch
Q2-07,2006-09-22,7.62,11-30-2006,Bank of America Merrill Lynch
Q2-07,2006-10-03,7.62,11-30-2006,Bank of America Merrill Lynch
Q2-07,2006-10-17,7.62,11-30-2006,Bank of America Merrill Lynch
Q2-07,2006-10-18,7.62,11-30-2006,Bank of America Merrill Lynch
Q2-07,2006-10-19,7.62,11-30-2006,Bank of America Merrill Lynch
Q2-07,2006-10-24,7.62,11-30-2006,Bank of America Merrill Lynch
Q2-07,2006-10-31,7.62,11-30-2006,Bank of America Merrill Lynch
Q2-07,2006-11-07,7.62,11-30-2006,Bank of America Merrill Lynch
Q2-07,2006-11-14,7.62,11-30-2006,Bank of America Merrill Lynch
Q3-07,2006-03-16,7.52,11-30-2006,Bank of America Merrill Lynch
Q3-07,2006-09-22,7.55,11-30-2006,Bank of America Merrill Lynch
Q3-07,2006-10-03,7.55,11-30-2006,Bank of America Merrill Lynch
Q3-07,2006-10-17,7.55,11-30-2006,Bank of America Merrill Lynch
Q3-07,2006-10-18,7.55,11-30-2006,Bank of America Merrill Lynch
Q3-07,2006-10-19,7.55,11-30-2006,Bank of America Merrill Lynch
Q3-07,2006-10-24,7.55,11-30-2006,Bank of America Merrill Lynch
Q3-07,2006-10-31,7.55,11-30-2006,Bank of America Merrill Lynch
Q3-07,2006-11-07,7.55,11-30-2006,Bank of America Merrill Lynch
Q3-07,2006-11-14,7.55,11-30-2006,Bank of America Merrill Lynch
2007,2006-03-16,7.48,11-30-2006,Bank of America Merrill Lynch
2007,2006-07-20,7.52,11-30-2006,Bank of America Merrill Lynch
2007,2006-09-22,7.48,11-30-2006,Bank of America Merrill Lynch
2007,2006-10-19,7.48,11-30-2006,Bank of America Merrill Lynch
2008,2006-03-16,7.48,11-30-2006,Bank of America Merrill Lynch
2008,2006-07-20,7.48,11-30-2006,Bank of America Merrill Lynch
Q4-10,2008-12-18,6.3,11-30-2010,Bank of America Merrill Lynch
Q4-10,2009-02-18,6.3,11-30-2010,Bank of America Merrill Lynch
Q4-10,2009-02-19,6.3,11-30-2010,Bank of America Merrill Lynch
Q4-10,2009-02-26,6.3,11-30-2010,Bank of America Merrill Lynch
Q4-10,2009-03-03,6.3,11-30-2010,Bank of America Merrill Lynch
Q4-10,2009-03-06,6.3,11-30-2010,Bank of America Merrill Lynch
Q4-10,2009-03-19,6.3,11-30-2010,Bank of America Merrill Lynch
Q4-10,2009-03-30,6.4,11-30-2010,Bank of America Merrill Lynch
Q4-10,2009-04-06,6.4,11-30-2010,Bank of America Merrill Lynch
Q4-10,2009-04-09,6.4,11-30-2010,Bank of America Merrill Lynch
Q4-10,2009-04-20,6.4,11-30-2010,Bank of America Merrill Lynch
Q4-10,2009-04-30,6.45,11-30-2010,Bank of America Merrill Lynch
Q4-10,2009-05-27,6.45,11-30-2010,Bank of America Merrill Lynch
Q4-10,2009-06-05,6.45,11-30-2010,Bank of America Merrill Lynch
Q4-10,2009-07-06,6.5,11-30-2010,Bank of America Merrill Lynch
Q4-10,2009-07-15,6.5,11-30-2010,Bank of America Merrill Lynch
Q4-10,2009-07-28,6.5,11-30-2010,Bank of America Merrill Lynch
Q4-10,2009-08-10,6.5,11-30-2010,Bank of America Merrill Lynch
Q4-10,2009-08-14,6.5,11-30-2010,Bank of America Merrill Lynch
Q4-10,2009-09-04,6.5,11-30-2010,Bank of America Merrill Lynch
Q4-10,2009-09-25,6.5,11-30-2010,Bank of America Merrill Lynch
Q4-10,2009-09-30,6.5,11-30-2010,Bank of America Merrill Lynch
Q4-10,2009-10-30,6.5,11-30-2010,Bank of America Merrill Lynch
Q4-10,2009-11-13,6.5,11-30-2010,Bank of America Merrill Lynch
Q4-10,2010-01-11,6.5,11-30-2010,Bank of America Merrill Lynch
Q4-10,2010-01-26,6.5,11-30-2010,Bank of America Merrill Lynch
Q4-10,2010-02-23,6.5,11-30-2010,Bank of America Merrill Lynch
Q4-10,2010-04-19,6.5,11-30-2010,Bank of America Merrill Lynch
Q4-10,2010-04-30,6.5,11-30-2010,Bank of America Merrill Lynch
Q4-10,2010-06-01,6.8,11-30-2010,Bank of America Merrill Lynch
Q4-10,2010-06-02,6.8,11-30-2010,Bank of America Merrill Lynch
Q4-10,2010-06-29,6.8,11-30-2010,Bank of America Merrill Lynch
Q4-10,2010-07-05,6.8,11-30-2010,Bank of America Merrill Lynch
Q4-10,2010-07-08,6.8,11-30-2010,Bank of America Merrill Lynch
Q4-10,2010-07-14,6.8,11-30-2010,Bank of America Merrill Lynch
Q4-10,2010-08-10,6.8,11-30-2010,Bank of America Merrill Lynch
Q4-10,2010-09-01,6.6,11-30-2010,Bank of America Merrill Lynch
Q4-10,2010-09-13,6.6,11-30-2010,Bank of America Merrill Lynch
Q4-10,2010-10-08,6.6,11-30-2010,Bank of America Merrill Lynch
Q4-10,2010-11-04,6.6,11-30-2010,Bank of America Merrill Lynch
Q4-10,2010-11-10,6.6,11-30-2010,Bank of America Merrill Lynch
Q4-10,2010-11-15,6.6,11-30-2010,Bank of America Merrill Lynch
Q1-11,2010-04-19,6.5,11-30-2010,Bank of America Merrill Lynch
Q1-11,2010-04-30,6.5,11-30-2010,Bank of America Merrill Lynch
Q1-11,2010-06-01,6.75,11-30-2010,Bank of America Merrill Lynch
Q1-11,2010-06-02,6.75,11-30-2010,Bank of America Merrill Lynch
Q1-11,2010-06-29,6.75,11-30-2010,Bank of America Merrill Lynch
Q1-11,2010-07-05,6.75,11-30-2010,Bank of America Merrill Lynch
Q1-11,2010-07-08,6.75,11-30-2010,Bank of America Merrill Lynch
Q1-11,2010-07-14,6.75,11-30-2010,Bank of America Merrill Lynch
Q1-11,2010-08-10,6.75,11-30-2010,Bank of America Merrill Lynch
Q1-11,2010-09-01,6.55,11-30-2010,Bank of America Merrill Lynch
Q1-11,2010-09-13,6.55,11-30-2010,Bank of America Merrill Lynch
Q1-11,2010-10-08,6.55,11-30-2010,Bank of America Merrill Lynch
Q1-11,2010-11-04,6.55,11-30-2010,Bank of America Merrill Lynch
Q1-11,2010-11-10,6.55,11-30-2010,Bank of America Merrill Lynch
Q1-11,2010-11-15,6.55,11-30-2010,Bank of America Merrill Lynch
Q2-11,2010-09-13,6.5,11-30-2010,Bank of America Merrill Lynch
Q2-11,2010-11-15,6.5,11-30-2010,Bank of America Merrill Lynch
Q3-11,2010-09-13,6.45,11-30-2010,Bank of America Merrill Lynch
Q3-11,2010-11-15,6.45,11-30-2010,Bank of America Merrill Lynch
2011,2010-01-11,6.4,11-30-2010,Bank of America Merrill Lynch
2011,2010-02-23,6.4,11-30-2010,Bank of America Merrill Lynch
2011,2010-04-19,6.4,11-30-2010,Bank of America Merrill Lynch
2011,2010-04-30,6.4,11-30-2010,Bank of America Merrill Lynch
2011,2010-06-01,6.5,11-30-2010,Bank of America Merrill Lynch
2011,2010-06-02,6.5,11-30-2010,Bank of America Merrill Lynch
2011,2010-06-29,6.5,11-30-2010,Bank of America Merrill Lynch
2011,2010-07-05,6.5,11-30-2010,Bank of America Merrill Lynch
2011,2010-07-08,6.5,11-30-2010,Bank of America Merrill Lynch
2011,2010-07-14,6.5,11-30-2010,Bank of America Merrill Lynch
2011,2010-08-10,6.5,11-30-2010,Bank of America Merrill Lynch
2011,2010-09-01,6.4,11-30-2010,Bank of America Merrill Lynch
2011,2010-09-13,6.4,11-30-2010,Bank of America Merrill Lynch
2011,2010-10-08,6.5,11-30-2010,Bank of America Merrill Lynch
2011,2010-11-04,6.5,11-30-2010,Bank of America Merrill Lynch
2011,2010-11-10,6.5,11-30-2010,Bank of America Merrill Lynch
2011,2010-11-15,6.4,11-30-2010,Bank of America Merrill Lynch
2012,2010-09-13,6.45,11-30-2010,Bank of America Merrill Lynch
2012,2010-10-08,6.45,11-30-2010,Bank of America Merrill Lynch
2012,2010-11-04,6.45,11-30-2010,Bank of America Merrill Lynch
2012,2010-11-10,6.45,11-30-2010,Bank of America Merrill Lynch
2012,2010-11-15,6.45,11-30-2010,Bank of America Merrill Lynch
2013,2010-09-13,6.4,11-30-2010,Bank of America Merrill Lynch
2013,2010-10-08,6.4,11-30-2010,Bank of America Merrill Lynch
2013,2010-11-04,6.4,11-30-2010,Bank of America Merrill Lynch
2013,2010-11-10,6.4,11-30-2010,Bank of America Merrill Lynch
2013,2010-11-15,6.4,11-30-2010,Bank of America Merrill Lynch
2014,2010-09-13,6.4,11-30-2010,Bank of America Merrill Lynch
2014,2010-10-08,6.4,11-30-2010,Bank of America Merrill Lynch
2014,2010-11-04,6.4,11-30-2010,Bank of America Merrill Lynch
2014,2010-11-10,6.4,11-30-2010,Bank of America Merrill Lynch
2014,2010-11-15,6.4,11-30-2010,Bank of America Merrill Lynch
Q4-11,2010-01-11,6.4,11-30-2011,Bank of America Merrill Lynch
Q4-11,2010-02-23,6.4,11-30-2011,Bank of America Merrill Lynch
Q4-11,2010-04-19,6.4,11-30-2011,Bank of America Merrill Lynch
Q4-11,2010-04-30,6.4,11-30-2011,Bank of America Merrill Lynch
Q4-11,2010-06-01,6.5,11-30-2011,Bank of America Merrill Lynch
Q4-11,2010-06-02,6.5,11-30-2011,Bank of America Merrill Lynch
Q4-11,2010-06-29,6.5,11-30-2011,Bank of America Merrill Lynch
Q4-11,2010-07-05,6.5,11-30-2011,Bank of America Merrill Lynch
Q4-11,2010-07-08,6.5,11-30-2011,Bank of America Merrill Lynch
Q4-11,2010-07-14,6.5,11-30-2011,Bank of America Merrill Lynch
Q4-11,2010-08-10,6.5,11-30-2011,Bank of America Merrill Lynch
Q4-11,2010-09-01,6.4,11-30-2011,Bank of America Merrill Lynch
Q4-11,2010-09-13,6.4,11-30-2011,Bank of America Merrill Lynch
Q4-11,2010-10-08,6.5,11-30-2011,Bank of America Merrill Lynch
Q4-11,2010-11-04,6.5,11-30-2011,Bank of America Merrill Lynch
Q4-11,2010-11-10,6.5,11-30-2011,Bank of America Merrill Lynch
Q4-11,2010-11-15,6.4,11-30-2011,Bank of America Merrill Lynch
Q4-11,2010-12-09,6.4,11-30-2011,Bank of America Merrill Lynch
Q4-11,2011-01-11,6.4,11-30-2011,Bank of America Merrill Lynch
Q4-11,2011-01-13,6.4,11-30-2011,Bank of America Merrill Lynch
Q4-11,2011-02-22,6.4,11-30-2011,Bank of America Merrill Lynch
Q4-11,2011-03-02,6.4,11-30-2011,Bank of America Merrill Lynch
Q4-11,2011-03-31,6.3,11-30-2011,Bank of America Merrill Lynch
Q4-11,2011-04-06,6.3,11-30-2011,Bank of America Merrill Lynch
Q4-11,2011-05-11,6.3,11-30-2011,Bank of America Merrill Lynch
Q4-11,2011-06-01,6.3,11-30-2011,Bank of America Merrill Lynch
Q4-11,2011-06-07,6.4,11-30-2011,Bank of America Merrill Lynch
Q4-11,2011-07-07,6.4,11-30-2011,Bank of America Merrill Lynch
Q4-11,2011-08-02,6.3,11-30-2011,Bank of America Merrill Lynch
Q4-11,2011-08-03,6.3,11-30-2011,Bank of America Merrill Lynch
Q4-11,2011-08-31,6.3,11-30-2011,Bank of America Merrill Lynch
Q4-11,2011-09-28,6.3,11-30-2011,Bank of America Merrill Lynch
Q4-11,2011-11-01,6.3,11-30-2011,Bank of America Merrill Lynch
Q1-12,2010-12-09,6.4,11-30-2011,Bank of America Merrill Lynch
Q1-12,2011-01-13,6.4,11-30-2011,Bank of America Merrill Lynch
Q1-12,2011-03-02,6.4,11-30-2011,Bank of America Merrill Lynch
Q1-12,2011-03-31,6.3,11-30-2011,Bank of America Merrill Lynch
Q1-12,2011-05-11,6.3,11-30-2011,Bank of America Merrill Lynch
Q1-12,2011-06-01,6.3,11-30-2011,Bank of America Merrill Lynch
Q1-12,2011-06-07,6.3,11-30-2011,Bank of America Merrill Lynch
Q1-12,2011-07-07,6.3,11-30-2011,Bank of America Merrill Lynch
Q1-12,2011-08-02,6.3,11-30-2011,Bank of America Merrill Lynch
Q1-12,2011-08-03,6.3,11-30-2011,Bank of America Merrill Lynch
Q1-12,2011-08-31,6.3,11-30-2011,Bank of America Merrill Lynch
Q1-12,2011-09-28,6.3,11-30-2011,Bank of America Merrill Lynch
Q1-12,2011-11-01,6.3,11-30-2011,Bank of America Merrill Lynch
Q2-12,2010-12-09,6.45,11-30-2011,Bank of America Merrill Lynch
Q2-12,2011-01-13,6.45,11-30-2011,Bank of America Merrill Lynch
Q2-12,2011-06-07,6.3,11-30-2011,Bank of America Merrill Lynch
Q2-12,2011-07-07,6.3,11-30-2011,Bank of America Merrill Lynch
Q2-12,2011-08-02,6.25,11-30-2011,Bank of America Merrill Lynch
Q2-12,2011-08-03,6.25,11-30-2011,Bank of America Merrill Lynch
Q2-12,2011-08-31,6.25,11-30-2011,Bank of America Merrill Lynch
Q2-12,2011-09-28,6.25,11-30-2011,Bank of America Merrill Lynch
Q2-12,2011-11-01,6.25,11-30-2011,Bank of America Merrill Lynch
Q3-12,2010-12-09,6.5,11-30-2011,Bank of America Merrill Lynch
Q3-12,2011-01-13,6.5,11-30-2011,Bank of America Merrill Lynch
Q3-12,2011-11-01,6.2,11-30-2011,Bank of America Merrill Lynch
2012,2010-09-13,6.45,11-30-2011,Bank of America Merrill Lynch
2012,2010-10-08,6.45,11-30-2011,Bank of America Merrill Lynch
2012,2010-11-04,6.45,11-30-2011,Bank of America Merrill Lynch
2012,2010-11-10,6.45,11-30-2011,Bank of America Merrill Lynch
2012,2010-11-15,6.55,11-30-2011,Bank of America Merrill Lynch
2012,2010-12-09,6.55,11-30-2011,Bank of America Merrill Lynch
2012,2011-01-11,6.55,11-30-2011,Bank of America Merrill Lynch
2012,2011-01-13,6.55,11-30-2011,Bank of America Merrill Lynch
2012,2011-02-22,6.55,11-30-2011,Bank of America Merrill Lynch
2012,2011-03-02,6.55,11-30-2011,Bank of America Merrill Lynch
2012,2011-03-31,6.2,11-30-2011,Bank of America Merrill Lynch
2012,2011-04-06,6.3,11-30-2011,Bank of America Merrill Lynch
2012,2011-05-11,6.2,11-30-2011,Bank of America Merrill Lynch
2012,2011-06-01,6.2,11-30-2011,Bank of America Merrill Lynch
2012,2011-06-07,6.2,11-30-2011,Bank of America Merrill Lynch
2012,2011-07-07,6.2,11-30-2011,Bank of America Merrill Lynch
2012,2011-08-02,6.2,11-30-2011,Bank of America Merrill Lynch
2012,2011-08-03,6.2,11-30-2011,Bank of America Merrill Lynch
2012,2011-08-31,6.2,11-30-2011,Bank of America Merrill Lynch
2012,2011-09-28,6.2,11-30-2011,Bank of America Merrill Lynch
2013,2010-09-13,6.4,11-30-2011,Bank of America Merrill Lynch
2013,2010-10-08,6.4,11-30-2011,Bank of America Merrill Lynch
2013,2010-11-04,6.4,11-30-2011,Bank of America Merrill Lynch
2013,2010-11-10,6.4,11-30-2011,Bank of America Merrill Lynch
2013,2010-11-15,6.2,11-30-2011,Bank of America Merrill Lynch
2013,2010-12-09,6.2,11-30-2011,Bank of America Merrill Lynch
2013,2011-01-11,6.2,11-30-2011,Bank of America Merrill Lynch
2013,2011-04-06,6.2,11-30-2011,Bank of America Merrill Lynch
2014,2010-09-13,6.4,11-30-2011,Bank of America Merrill Lynch
2014,2010-10-08,6.4,11-30-2011,Bank of America Merrill Lynch
2014,2010-11-04,6.4,11-30-2011,Bank of America Merrill Lynch
2014,2010-11-10,6.4,11-30-2011,Bank of America Merrill Lynch
2014,2010-11-15,6.4,11-30-2011,Bank of America Merrill Lynch
2014,2010-12-09,6.4,11-30-2011,Bank of America Merrill Lynch
2014,2011-01-11,6.4,11-30-2011,Bank of America Merrill Lynch
Q4-07,2006-03-16,7.48,11-30-2007,Bank of America Merrill Lynch
Q4-07,2006-07-20,7.52,11-30-2007,Bank of America Merrill Lynch
Q4-07,2006-09-22,7.48,11-30-2007,Bank of America Merrill Lynch
Q4-07,2006-10-19,7.48,11-30-2007,Bank of America Merrill Lynch
Q4-07,2007-01-03,7.4,11-30-2007,Bank of America Merrill Lynch
Q4-07,2007-01-10,7.4,11-30-2007,Bank of America Merrill Lynch
Q4-07,2007-01-12,7.4,11-30-2007,Bank of America Merrill Lynch
Q4-07,2007-01-16,7.4,11-30-2007,Bank of America Merrill Lynch
Q4-07,2007-01-18,7.4,11-30-2007,Bank of America Merrill Lynch
Q4-07,2007-01-31,7.4,11-30-2007,Bank of America Merrill Lynch
Q4-07,2007-02-07,7.4,11-30-2007,Bank of America Merrill Lynch
Q4-07,2007-02-13,7.4,11-30-2007,Bank of America Merrill Lynch
Q4-07,2007-02-21,7.4,11-30-2007,Bank of America Merrill Lynch
Q4-07,2007-02-22,7.4,11-30-2007,Bank of America Merrill Lynch
Q4-07,2007-03-01,7.4,11-30-2007,Bank of America Merrill Lynch
Q4-07,2007-03-07,7.4,11-30-2007,Bank of America Merrill Lynch
Q4-07,2007-05-31,7.4,11-30-2007,Bank of America Merrill Lynch
Q4-07,2007-06-06,7.4,11-30-2007,Bank of America Merrill Lynch
Q4-07,2007-06-13,7.4,11-30-2007,Bank of America Merrill Lynch
Q4-07,2007-06-20,7.4,11-30-2007,Bank of America Merrill Lynch
Q4-07,2007-06-27,7.4,11-30-2007,Bank of America Merrill Lynch
Q4-07,2007-07-04,7.4,11-30-2007,Bank of America Merrill Lynch
Q4-07,2007-07-12,7.4,11-30-2007,Bank of America Merrill Lynch
Q4-07,2007-07-18,7.4,11-30-2007,Bank of America Merrill Lynch
Q4-07,2007-07-25,7.4,11-30-2007,Bank of America Merrill Lynch
Q4-07,2007-08-01,7.4,11-30-2007,Bank of America Merrill Lynch
Q4-07,2007-08-08,7.4,11-30-2007,Bank of America Merrill Lynch
Q4-07,2007-08-15,7.4,11-30-2007,Bank of America Merrill Lynch
Q4-07,2007-08-22,7.4,11-30-2007,Bank of America Merrill Lynch
Q4-07,2007-08-24,7.4,11-30-2007,Bank of America Merrill Lynch
Q4-07,2007-08-29,7.4,11-30-2007,Bank of America Merrill Lynch
Q4-07,2007-09-05,7.4,11-30-2007,Bank of America Merrill Lynch
Q4-07,2007-09-12,7.4,11-30-2007,Bank of America Merrill Lynch
Q4-07,2007-09-19,7.4,11-30-2007,Bank of America Merrill Lynch
Q4-07,2007-09-21,7.4,11-30-2007,Bank of America Merrill Lynch
Q4-07,2007-09-26,7.4,11-30-2007,Bank of America Merrill Lynch
Q4-07,2007-10-03,7.4,11-30-2007,Bank of America Merrill Lynch
Q4-07,2007-10-10,7.4,11-30-2007,Bank of America Merrill Lynch
Q4-07,2007-10-17,7.3,11-30-2007,Bank of America Merrill Lynch
Q4-07,2007-10-22,7.3,11-30-2007,Bank of America Merrill Lynch
Q4-07,2007-10-25,7.3,11-30-2007,Bank of America Merrill Lynch
Q4-07,2007-10-31,7.3,11-30-2007,Bank of America Merrill Lynch
Q4-07,2007-11-07,7.3,11-30-2007,Bank of America Merrill Lynch
Q4-07,2007-11-14,7.3,11-30-2007,Bank of America Merrill Lynch
Q4-07,2007-11-16,7.3,11-30-2007,Bank of America Merrill Lynch
Q4-07,2007-11-21,7.3,11-30-2007,Bank of America Merrill Lynch
Q4-07,2007-11-29,7.3,11-30-2007,Bank of America Merrill Lynch
Q1-08,2007-03-01,7.32,11-30-2007,Bank of America Merrill Lynch
Q1-08,2007-03-07,7.32,11-30-2007,Bank of America Merrill Lynch
Q1-08,2007-05-31,7.34,11-30-2007,Bank of America Merrill Lynch
Q1-08,2007-06-06,7.34,11-30-2007,Bank of America Merrill Lynch
Q1-08,2007-06-13,7.34,11-30-2007,Bank of America Merrill Lynch
Q1-08,2007-06-20,7.34,11-30-2007,Bank of America Merrill Lynch
Q1-08,2007-06-27,7.34,11-30-2007,Bank of America Merrill Lynch
Q1-08,2007-07-04,7.34,11-30-2007,Bank of America Merrill Lynch
Q1-08,2007-07-12,7.34,11-30-2007,Bank of America Merrill Lynch
Q1-08,2007-07-18,7.34,11-30-2007,Bank of America Merrill Lynch
Q1-08,2007-07-25,7.34,11-30-2007,Bank of America Merrill Lynch
Q1-08,2007-08-01,7.34,11-30-2007,Bank of America Merrill Lynch
Q1-08,2007-08-08,7.34,11-30-2007,Bank of America Merrill Lynch
Q1-08,2007-08-15,7.34,11-30-2007,Bank of America Merrill Lynch
Q1-08,2007-08-22,7.34,11-30-2007,Bank of America Merrill Lynch
Q1-08,2007-08-24,7.34,11-30-2007,Bank of America Merrill Lynch
Q1-08,2007-08-29,7.34,11-30-2007,Bank of America Merrill Lynch
Q1-08,2007-09-05,7.34,11-30-2007,Bank of America Merrill Lynch
Q1-08,2007-09-12,7.34,11-30-2007,Bank of America Merrill Lynch
Q1-08,2007-09-19,7.34,11-30-2007,Bank of America Merrill Lynch
Q1-08,2007-09-21,7.34,11-30-2007,Bank of America Merrill Lynch
Q1-08,2007-09-26,7.26,11-30-2007,Bank of America Merrill Lynch
Q1-08,2007-10-03,7.26,11-30-2007,Bank of America Merrill Lynch
Q1-08,2007-10-10,7.26,11-30-2007,Bank of America Merrill Lynch
Q1-08,2007-10-17,7.2,11-30-2007,Bank of America Merrill Lynch
Q1-08,2007-10-22,7.2,11-30-2007,Bank of America Merrill Lynch
Q1-08,2007-10-25,7.2,11-30-2007,Bank of America Merrill Lynch
Q1-08,2007-10-31,7.2,11-30-2007,Bank of America Merrill Lynch
Q1-08,2007-11-07,7.2,11-30-2007,Bank of America Merrill Lynch
Q1-08,2007-11-14,7.2,11-30-2007,Bank of America Merrill Lynch
Q1-08,2007-11-16,7.2,11-30-2007,Bank of America Merrill Lynch
Q1-08,2007-11-21,7.2,11-30-2007,Bank of America Merrill Lynch
Q1-08,2007-11-29,7.2,11-30-2007,Bank of America Merrill Lynch
Q2-08,2007-06-27,7.22,11-30-2007,Bank of America Merrill Lynch
Q2-08,2007-07-04,7.23,11-30-2007,Bank of America Merrill Lynch
Q2-08,2007-07-12,7.23,11-30-2007,Bank of America Merrill Lynch
Q2-08,2007-07-18,7.23,11-30-2007,Bank of America Merrill Lynch
Q2-08,2007-07-25,7.23,11-30-2007,Bank of America Merrill Lynch
Q2-08,2007-08-01,7.23,11-30-2007,Bank of America Merrill Lynch
Q2-08,2007-08-08,7.23,11-30-2007,Bank of America Merrill Lynch
Q2-08,2007-08-15,7.23,11-30-2007,Bank of America Merrill Lynch
Q2-08,2007-08-22,7.23,11-30-2007,Bank of America Merrill Lynch
Q2-08,2007-08-24,7.23,11-30-2007,Bank of America Merrill Lynch
Q2-08,2007-08-29,7.23,11-30-2007,Bank of America Merrill Lynch
Q2-08,2007-09-05,7.23,11-30-2007,Bank of America Merrill Lynch
Q2-08,2007-09-12,7.23,11-30-2007,Bank of America Merrill Lynch
Q2-08,2007-09-19,7.23,11-30-2007,Bank of America Merrill Lynch
Q2-08,2007-09-21,7.23,11-30-2007,Bank of America Merrill Lynch
Q2-08,2007-09-26,7.16,11-30-2007,Bank of America Merrill Lynch
Q2-08,2007-10-03,7.16,11-30-2007,Bank of America Merrill Lynch
Q2-08,2007-10-10,7.16,11-30-2007,Bank of America Merrill Lynch
Q2-08,2007-10-17,7.1,11-30-2007,Bank of America Merrill Lynch
Q2-08,2007-10-22,7.1,11-30-2007,Bank of America Merrill Lynch
Q2-08,2007-10-25,7.1,11-30-2007,Bank of America Merrill Lynch
Q2-08,2007-10-31,7.1,11-30-2007,Bank of America Merrill Lynch
Q2-08,2007-11-07,7.1,11-30-2007,Bank of America Merrill Lynch
Q2-08,2007-11-14,7.1,11-30-2007,Bank of America Merrill Lynch
Q2-08,2007-11-16,7.1,11-30-2007,Bank of America Merrill Lynch
Q2-08,2007-11-21,7.1,11-30-2007,Bank of America Merrill Lynch
Q2-08,2007-11-29,7.1,11-30-2007,Bank of America Merrill Lynch
Q3-08,2007-10-03,7.1,11-30-2007,Bank of America Merrill Lynch
Q3-08,2007-10-10,7.1,11-30-2007,Bank of America Merrill Lynch
Q3-08,2007-10-17,7.0,11-30-2007,Bank of America Merrill Lynch
Q3-08,2007-10-22,7.0,11-30-2007,Bank of America Merrill Lynch
Q3-08,2007-10-25,7.0,11-30-2007,Bank of America Merrill Lynch
Q3-08,2007-10-31,7.0,11-30-2007,Bank of America Merrill Lynch
Q3-08,2007-11-07,7.0,11-30-2007,Bank of America Merrill Lynch
Q3-08,2007-11-14,7.0,11-30-2007,Bank of America Merrill Lynch
Q3-08,2007-11-16,7.0,11-30-2007,Bank of America Merrill Lynch
Q3-08,2007-11-21,7.0,11-30-2007,Bank of America Merrill Lynch
Q3-08,2007-11-29,7.0,11-30-2007,Bank of America Merrill Lynch
2008,2006-03-16,7.48,11-30-2007,Bank of America Merrill Lynch
2008,2006-07-20,7.48,11-30-2007,Bank of America Merrill Lynch
2008,2007-01-12,7.03,11-30-2007,Bank of America Merrill Lynch
2008,2007-01-16,7.03,11-30-2007,Bank of America Merrill Lynch
2008,2007-01-18,7.03,11-30-2007,Bank of America Merrill Lynch
2008,2007-01-31,7.03,11-30-2007,Bank of America Merrill Lynch
2008,2007-02-07,7.03,11-30-2007,Bank of America Merrill Lynch
2008,2007-02-13,7.03,11-30-2007,Bank of America Merrill Lynch
2008,2007-02-21,7.22,11-30-2007,Bank of America Merrill Lynch
2008,2007-02-22,7.22,11-30-2007,Bank of America Merrill Lynch
2008,2007-03-01,7.22,11-30-2007,Bank of America Merrill Lynch
2008,2007-03-07,7.22,11-30-2007,Bank of America Merrill Lynch
2008,2007-05-31,7.22,11-30-2007,Bank of America Merrill Lynch
2008,2007-06-06,7.22,11-30-2007,Bank of America Merrill Lynch
2008,2007-06-13,7.22,11-30-2007,Bank of America Merrill Lynch
2008,2007-06-20,7.22,11-30-2007,Bank of America Merrill Lynch
2008,2007-06-27,7.22,11-30-2007,Bank of America Merrill Lynch
2008,2007-07-04,7.22,11-30-2007,Bank of America Merrill Lynch
2008,2007-07-12,7.22,11-30-2007,Bank of America Merrill Lynch
2008,2007-07-18,7.22,11-30-2007,Bank of America Merrill Lynch
2008,2007-07-25,7.22,11-30-2007,Bank of America Merrill Lynch
2008,2007-08-01,7.22,11-30-2007,Bank of America Merrill Lynch
2008,2007-08-08,7.22,11-30-2007,Bank of America Merrill Lynch
2008,2007-08-15,7.22,11-30-2007,Bank of America Merrill Lynch
2008,2007-08-22,7.22,11-30-2007,Bank of America Merrill Lynch
2008,2007-08-24,7.23,11-30-2007,Bank of America Merrill Lynch
2008,2007-08-29,7.23,11-30-2007,Bank of America Merrill Lynch
2008,2007-09-05,7.23,11-30-2007,Bank of America Merrill Lynch
2008,2007-09-12,7.23,11-30-2007,Bank of America Merrill Lynch
2008,2007-09-19,7.23,11-30-2007,Bank of America Merrill Lynch
2008,2007-09-21,7.23,11-30-2007,Bank of America Merrill Lynch
2008,2007-09-26,7.23,11-30-2007,Bank of America Merrill Lynch
2008,2007-10-03,7.23,11-30-2007,Bank of America Merrill Lynch
2008,2007-10-10,7.23,11-30-2007,Bank of America Merrill Lynch
2008,2007-10-17,7.23,11-30-2007,Bank of America Merrill Lynch
2008,2007-10-22,7.09,11-30-2007,Bank of America Merrill Lynch
2008,2007-10-25,7.09,11-30-2007,Bank of America Merrill Lynch
2008,2007-10-31,7.09,11-30-2007,Bank of America Merrill Lynch
2008,2007-11-07,7.09,11-30-2007,Bank of America Merrill Lynch
2008,2007-11-14,7.09,11-30-2007,Bank of America Merrill Lynch
2008,2007-11-16,6.8,11-30-2007,Bank of America Merrill Lynch
2008,2007-11-21,6.8,11-30-2007,Bank of America Merrill Lynch
2008,2007-11-29,6.8,11-30-2007,Bank of America Merrill Lynch
2009,2007-01-16,7.03,11-30-2007,Bank of America Merrill Lynch
2009,2007-01-18,7.03,11-30-2007,Bank of America Merrill Lynch
2009,2007-01-31,7.03,11-30-2007,Bank of America Merrill Lynch
2009,2007-02-07,7.03,11-30-2007,Bank of America Merrill Lynch
2009,2007-02-13,7.03,11-30-2007,Bank of America Merrill Lynch
2009,2007-02-21,7.03,11-30-2007,Bank of America Merrill Lynch
2009,2007-02-22,7.03,11-30-2007,Bank of America Merrill Lynch
2009,2007-03-01,7.03,11-30-2007,Bank of America Merrill Lynch
2009,2007-03-07,7.03,11-30-2007,Bank of America Merrill Lynch
2009,2007-05-31,7.03,11-30-2007,Bank of America Merrill Lynch
2009,2007-06-06,7.03,11-30-2007,Bank of America Merrill Lynch
2009,2007-06-13,7.03,11-30-2007,Bank of America Merrill Lynch
2009,2007-06-20,7.03,11-30-2007,Bank of America Merrill Lynch
2009,2007-06-27,7.03,11-30-2007,Bank of America Merrill Lynch
2009,2007-07-04,7.03,11-30-2007,Bank of America Merrill Lynch
2009,2007-07-12,7.03,11-30-2007,Bank of America Merrill Lynch
2009,2007-07-18,7.03,11-30-2007,Bank of America Merrill Lynch
2009,2007-07-25,7.03,11-30-2007,Bank of America Merrill Lynch
2009,2007-08-01,7.03,11-30-2007,Bank of America Merrill Lynch
2009,2007-08-08,7.03,11-30-2007,Bank of America Merrill Lynch
2009,2007-08-15,7.03,11-30-2007,Bank of America Merrill Lynch
2009,2007-08-22,7.03,11-30-2007,Bank of America Merrill Lynch
2009,2007-08-24,6.77,11-30-2007,Bank of America Merrill Lynch
2009,2007-08-29,6.77,11-30-2007,Bank of America Merrill Lynch
2009,2007-09-05,6.77,11-30-2007,Bank of America Merrill Lynch
2009,2007-09-12,6.77,11-30-2007,Bank of America Merrill Lynch
2009,2007-09-19,6.77,11-30-2007,Bank of America Merrill Lynch
2009,2007-09-21,6.77,11-30-2007,Bank of America Merrill Lynch
2009,2007-09-26,6.77,11-30-2007,Bank of America Merrill Lynch
2009,2007-10-03,6.77,11-30-2007,Bank of America Merrill Lynch
2009,2007-10-10,6.77,11-30-2007,Bank of America Merrill Lynch
2009,2007-10-17,6.77,11-30-2007,Bank of America Merrill Lynch
2009,2007-10-22,6.77,11-30-2007,Bank of America Merrill Lynch
2009,2007-10-25,6.77,11-30-2007,Bank of America Merrill Lynch
2009,2007-10-31,6.77,11-30-2007,Bank of America Merrill Lynch
2009,2007-11-07,6.77,11-30-2007,Bank of America Merrill Lynch
2009,2007-11-14,6.77,11-30-2007,Bank of America Merrill Lynch
2009,2007-11-16,6.77,11-30-2007,Bank of America Merrill Lynch
2009,2007-11-21,6.77,11-30-2007,Bank of America Merrill Lynch
2009,2007-11-29,6.77,11-30-2007,Bank of America Merrill Lynch
Q2-16,2015-08-12,6.7,05-31-2016,Bank of America Merrill Lynch
Q4-16,2015-08-12,6.9,05-31-2016,Bank of America Merrill Lynch
Q3-07,2006-03-16,7.52,08-31-2007,Bank of America Merrill Lynch
Q3-07,2006-09-22,7.55,08-31-2007,Bank of America Merrill Lynch
Q3-07,2006-10-03,7.55,08-31-2007,Bank of America Merrill Lynch
Q3-07,2006-10-17,7.55,08-31-2007,Bank of America Merrill Lynch
Q3-07,2006-10-18,7.55,08-31-2007,Bank of America Merrill Lynch
Q3-07,2006-10-19,7.55,08-31-2007,Bank of America Merrill Lynch
Q3-07,2006-10-24,7.55,08-31-2007,Bank of America Merrill Lynch
Q3-07,2006-10-31,7.55,08-31-2007,Bank of America Merrill Lynch
Q3-07,2006-11-07,7.55,08-31-2007,Bank of America Merrill Lynch
Q3-07,2006-11-14,7.55,08-31-2007,Bank of America Merrill Lynch
Q3-07,2006-12-14,7.55,08-31-2007,Bank of America Merrill Lynch
Q3-07,2006-12-20,7.5,08-31-2007,Bank of America Merrill Lynch
Q3-07,2007-01-03,7.5,08-31-2007,Bank of America Merrill Lynch
Q3-07,2007-01-10,7.5,08-31-2007,Bank of America Merrill Lynch
Q3-07,2007-01-12,7.5,08-31-2007,Bank of America Merrill Lynch
Q3-07,2007-01-16,7.5,08-31-2007,Bank of America Merrill Lynch
Q3-07,2007-01-18,7.5,08-31-2007,Bank of America Merrill Lynch
Q3-07,2007-01-31,7.5,08-31-2007,Bank of America Merrill Lynch
Q3-07,2007-02-07,7.5,08-31-2007,Bank of America Merrill Lynch
Q3-07,2007-02-13,7.5,08-31-2007,Bank of America Merrill Lynch
Q3-07,2007-02-21,7.5,08-31-2007,Bank of America Merrill Lynch
Q3-07,2007-02-22,7.5,08-31-2007,Bank of America Merrill Lynch
Q3-07,2007-03-01,7.5,08-31-2007,Bank of America Merrill Lynch
Q3-07,2007-03-07,7.5,08-31-2007,Bank of America Merrill Lynch
Q3-07,2007-05-31,7.5,08-31-2007,Bank of America Merrill Lynch
Q3-07,2007-06-06,7.5,08-31-2007,Bank of America Merrill Lynch
Q3-07,2007-06-13,7.5,08-31-2007,Bank of America Merrill Lynch
Q3-07,2007-06-20,7.5,08-31-2007,Bank of America Merrill Lynch
Q3-07,2007-06-27,7.5,08-31-2007,Bank of America Merrill Lynch
Q3-07,2007-07-04,7.5,08-31-2007,Bank of America Merrill Lynch
Q3-07,2007-07-12,7.5,08-31-2007,Bank of America Merrill Lynch
Q3-07,2007-07-18,7.5,08-31-2007,Bank of America Merrill Lynch
Q3-07,2007-07-25,7.5,08-31-2007,Bank of America Merrill Lynch
Q3-07,2007-08-01,7.5,08-31-2007,Bank of America Merrill Lynch
Q3-07,2007-08-08,7.5,08-31-2007,Bank of America Merrill Lynch
Q3-07,2007-08-15,7.5,08-31-2007,Bank of America Merrill Lynch
Q3-07,2007-08-22,7.5,08-31-2007,Bank of America Merrill Lynch
Q3-07,2007-08-24,7.5,08-31-2007,Bank of America Merrill Lynch
Q3-07,2007-08-29,7.5,08-31-2007,Bank of America Merrill Lynch
Q4-07,2006-03-16,7.48,08-31-2007,Bank of America Merrill Lynch
Q4-07,2006-07-20,7.52,08-31-2007,Bank of America Merrill Lynch
Q4-07,2006-09-22,7.48,08-31-2007,Bank of America Merrill Lynch
Q4-07,2006-10-19,7.48,08-31-2007,Bank of America Merrill Lynch
Q4-07,2007-01-03,7.4,08-31-2007,Bank of America Merrill Lynch
Q4-07,2007-01-10,7.4,08-31-2007,Bank of America Merrill Lynch
Q4-07,2007-01-12,7.4,08-31-2007,Bank of America Merrill Lynch
Q4-07,2007-01-16,7.4,08-31-2007,Bank of America Merrill Lynch
Q4-07,2007-01-18,7.4,08-31-2007,Bank of America Merrill Lynch
Q4-07,2007-01-31,7.4,08-31-2007,Bank of America Merrill Lynch
Q4-07,2007-02-07,7.4,08-31-2007,Bank of America Merrill Lynch
Q4-07,2007-02-13,7.4,08-31-2007,Bank of America Merrill Lynch
Q4-07,2007-02-21,7.4,08-31-2007,Bank of America Merrill Lynch
Q4-07,2007-02-22,7.4,08-31-2007,Bank of America Merrill Lynch
Q4-07,2007-03-01,7.4,08-31-2007,Bank of America Merrill Lynch
Q4-07,2007-03-07,7.4,08-31-2007,Bank of America Merrill Lynch
Q4-07,2007-05-31,7.4,08-31-2007,Bank of America Merrill Lynch
Q4-07,2007-06-06,7.4,08-31-2007,Bank of America Merrill Lynch
Q4-07,2007-06-13,7.4,08-31-2007,Bank of America Merrill Lynch
Q4-07,2007-06-20,7.4,08-31-2007,Bank of America Merrill Lynch
Q4-07,2007-06-27,7.4,08-31-2007,Bank of America Merrill Lynch
Q4-07,2007-07-04,7.4,08-31-2007,Bank of America Merrill Lynch
Q4-07,2007-07-12,7.4,08-31-2007,Bank of America Merrill Lynch
Q4-07,2007-07-18,7.4,08-31-2007,Bank of America Merrill Lynch
Q4-07,2007-07-25,7.4,08-31-2007,Bank of America Merrill Lynch
Q4-07,2007-08-01,7.4,08-31-2007,Bank of America Merrill Lynch
Q4-07,2007-08-08,7.4,08-31-2007,Bank of America Merrill Lynch
Q4-07,2007-08-15,7.4,08-31-2007,Bank of America Merrill Lynch
Q4-07,2007-08-22,7.4,08-31-2007,Bank of America Merrill Lynch
Q4-07,2007-08-24,7.4,08-31-2007,Bank of America Merrill Lynch
Q4-07,2007-08-29,7.4,08-31-2007,Bank of America Merrill Lynch
Q1-08,2007-03-01,7.32,08-31-2007,Bank of America Merrill Lynch
Q1-08,2007-03-07,7.32,08-31-2007,Bank of America Merrill Lynch
Q1-08,2007-05-31,7.34,08-31-2007,Bank of America Merrill Lynch
Q1-08,2007-06-06,7.34,08-31-2007,Bank of America Merrill Lynch
Q1-08,2007-06-13,7.34,08-31-2007,Bank of America Merrill Lynch
Q1-08,2007-06-20,7.34,08-31-2007,Bank of America Merrill Lynch
Q1-08,2007-06-27,7.34,08-31-2007,Bank of America Merrill Lynch
Q1-08,2007-07-04,7.34,08-31-2007,Bank of America Merrill Lynch
Q1-08,2007-07-12,7.34,08-31-2007,Bank of America Merrill Lynch
Q1-08,2007-07-18,7.34,08-31-2007,Bank of America Merrill Lynch
Q1-08,2007-07-25,7.34,08-31-2007,Bank of America Merrill Lynch
Q1-08,2007-08-01,7.34,08-31-2007,Bank of America Merrill Lynch
Q1-08,2007-08-08,7.34,08-31-2007,Bank of America Merrill Lynch
Q1-08,2007-08-15,7.34,08-31-2007,Bank of America Merrill Lynch
Q1-08,2007-08-22,7.34,08-31-2007,Bank of America Merrill Lynch
Q1-08,2007-08-24,7.34,08-31-2007,Bank of America Merrill Lynch
Q1-08,2007-08-29,7.34,08-31-2007,Bank of America Merrill Lynch
Q2-08,2007-06-27,7.22,08-31-2007,Bank of America Merrill Lynch
Q2-08,2007-07-04,7.23,08-31-2007,Bank of America Merrill Lynch
Q2-08,2007-07-12,7.23,08-31-2007,Bank of America Merrill Lynch
Q2-08,2007-07-18,7.23,08-31-2007,Bank of America Merrill Lynch
Q2-08,2007-07-25,7.23,08-31-2007,Bank of America Merrill Lynch
Q2-08,2007-08-01,7.23,08-31-2007,Bank of America Merrill Lynch
Q2-08,2007-08-08,7.23,08-31-2007,Bank of America Merrill Lynch
Q2-08,2007-08-15,7.23,08-31-2007,Bank of America Merrill Lynch
Q2-08,2007-08-22,7.23,08-31-2007,Bank of America Merrill Lynch
Q2-08,2007-08-24,7.23,08-31-2007,Bank of America Merrill Lynch
Q2-08,2007-08-29,7.23,08-31-2007,Bank of America Merrill Lynch
2008,2006-03-16,7.48,08-31-2007,Bank of America Merrill Lynch
2008,2006-07-20,7.48,08-31-2007,Bank of America Merrill Lynch
2008,2007-01-12,7.03,08-31-2007,Bank of America Merrill Lynch
2008,2007-01-16,7.03,08-31-2007,Bank of America Merrill Lynch
2008,2007-01-18,7.03,08-31-2007,Bank of America Merrill Lynch
2008,2007-01-31,7.03,08-31-2007,Bank of America Merrill Lynch
2008,2007-02-07,7.03,08-31-2007,Bank of America Merrill Lynch
2008,2007-02-13,7.03,08-31-2007,Bank of America Merrill Lynch
2008,2007-02-21,7.22,08-31-2007,Bank of America Merrill Lynch
2008,2007-02-22,7.22,08-31-2007,Bank of America Merrill Lynch
2008,2007-03-01,7.22,08-31-2007,Bank of America Merrill Lynch
2008,2007-03-07,7.22,08-31-2007,Bank of America Merrill Lynch
2008,2007-05-31,7.22,08-31-2007,Bank of America Merrill Lynch
2008,2007-06-06,7.22,08-31-2007,Bank of America Merrill Lynch
2008,2007-06-13,7.22,08-31-2007,Bank of America Merrill Lynch
2008,2007-06-20,7.22,08-31-2007,Bank of America Merrill Lynch
2008,2007-06-27,7.22,08-31-2007,Bank of America Merrill Lynch
2008,2007-07-04,7.22,08-31-2007,Bank of America Merrill Lynch
2008,2007-07-12,7.22,08-31-2007,Bank of America Merrill Lynch
2008,2007-07-18,7.22,08-31-2007,Bank of America Merrill Lynch
2008,2007-07-25,7.22,08-31-2007,Bank of America Merrill Lynch
2008,2007-08-01,7.22,08-31-2007,Bank of America Merrill Lynch
2008,2007-08-08,7.22,08-31-2007,Bank of America Merrill Lynch
2008,2007-08-15,7.22,08-31-2007,Bank of America Merrill Lynch
2008,2007-08-22,7.22,08-31-2007,Bank of America Merrill Lynch
2008,2007-08-24,7.23,08-31-2007,Bank of America Merrill Lynch
2008,2007-08-29,7.23,08-31-2007,Bank of America Merrill Lynch
2009,2007-01-16,7.03,08-31-2007,Bank of America Merrill Lynch
2009,2007-01-18,7.03,08-31-2007,Bank of America Merrill Lynch
2009,2007-01-31,7.03,08-31-2007,Bank of America Merrill Lynch
2009,2007-02-07,7.03,08-31-2007,Bank of America Merrill Lynch
2009,2007-02-13,7.03,08-31-2007,Bank of America Merrill Lynch
2009,2007-02-21,7.03,08-31-2007,Bank of America Merrill Lynch
2009,2007-02-22,7.03,08-31-2007,Bank of America Merrill Lynch
2009,2007-03-01,7.03,08-31-2007,Bank of America Merrill Lynch
2009,2007-03-07,7.03,08-31-2007,Bank of America Merrill Lynch
2009,2007-05-31,7.03,08-31-2007,Bank of America Merrill Lynch
2009,2007-06-06,7.03,08-31-2007,Bank of America Merrill Lynch
2009,2007-06-13,7.03,08-31-2007,Bank of America Merrill Lynch
2009,2007-06-20,7.03,08-31-2007,Bank of America Merrill Lynch
2009,2007-06-27,7.03,08-31-2007,Bank of America Merrill Lynch
2009,2007-07-04,7.03,08-31-2007,Bank of America Merrill Lynch
2009,2007-07-12,7.03,08-31-2007,Bank of America Merrill Lynch
2009,2007-07-18,7.03,08-31-2007,Bank of America Merrill Lynch
2009,2007-07-25,7.03,08-31-2007,Bank of America Merrill Lynch
2009,2007-08-01,7.03,08-31-2007,Bank of America Merrill Lynch
2009,2007-08-08,7.03,08-31-2007,Bank of America Merrill Lynch
2009,2007-08-15,7.03,08-31-2007,Bank of America Merrill Lynch
2009,2007-08-22,7.03,08-31-2007,Bank of America Merrill Lynch
2009,2007-08-24,6.77,08-31-2007,Bank of America Merrill Lynch
2009,2007-08-29,6.77,08-31-2007,Bank of America Merrill Lynch
Q3-11,2010-09-13,6.45,08-31-2011,Bank of America Merrill Lynch
Q3-11,2010-11-15,6.45,08-31-2011,Bank of America Merrill Lynch
Q3-11,2010-12-09,6.45,08-31-2011,Bank of America Merrill Lynch
Q3-11,2011-01-13,6.45,08-31-2011,Bank of America Merrill Lynch
Q3-11,2011-02-22,6.45,08-31-2011,Bank of America Merrill Lynch
Q3-11,2011-03-02,6.45,08-31-2011,Bank of America Merrill Lynch
Q3-11,2011-03-31,6.4,08-31-2011,Bank of America Merrill Lynch
Q3-11,2011-04-06,6.4,08-31-2011,Bank of America Merrill Lynch
Q3-11,2011-05-11,6.4,08-31-2011,Bank of America Merrill Lynch
Q3-11,2011-06-01,6.4,08-31-2011,Bank of America Merrill Lynch
Q3-11,2011-06-07,6.45,08-31-2011,Bank of America Merrill Lynch
Q3-11,2011-07-07,6.45,08-31-2011,Bank of America Merrill Lynch
Q3-11,2011-08-02,6.4,08-31-2011,Bank of America Merrill Lynch
Q3-11,2011-08-03,6.4,08-31-2011,Bank of America Merrill Lynch
Q3-11,2011-08-31,6.4,08-31-2011,Bank of America Merrill Lynch
Q4-11,2010-01-11,6.4,08-31-2011,Bank of America Merrill Lynch
Q4-11,2010-02-23,6.4,08-31-2011,Bank of America Merrill Lynch
Q4-11,2010-04-19,6.4,08-31-2011,Bank of America Merrill Lynch
Q4-11,2010-04-30,6.4,08-31-2011,Bank of America Merrill Lynch
Q4-11,2010-06-01,6.5,08-31-2011,Bank of America Merrill Lynch
Q4-11,2010-06-02,6.5,08-31-2011,Bank of America Merrill Lynch
Q4-11,2010-06-29,6.5,08-31-2011,Bank of America Merrill Lynch
Q4-11,2010-07-05,6.5,08-31-2011,Bank of America Merrill Lynch
Q4-11,2010-07-08,6.5,08-31-2011,Bank of America Merrill Lynch
Q4-11,2010-07-14,6.5,08-31-2011,Bank of America Merrill Lynch
Q4-11,2010-08-10,6.5,08-31-2011,Bank of America Merrill Lynch
Q4-11,2010-09-01,6.4,08-31-2011,Bank of America Merrill Lynch
Q4-11,2010-09-13,6.4,08-31-2011,Bank of America Merrill Lynch
Q4-11,2010-10-08,6.5,08-31-2011,Bank of America Merrill Lynch
Q4-11,2010-11-04,6.5,08-31-2011,Bank of America Merrill Lynch
Q4-11,2010-11-10,6.5,08-31-2011,Bank of America Merrill Lynch
Q4-11,2010-11-15,6.4,08-31-2011,Bank of America Merrill Lynch
Q4-11,2010-12-09,6.4,08-31-2011,Bank of America Merrill Lynch
Q4-11,2011-01-11,6.4,08-31-2011,Bank of America Merrill Lynch
Q4-11,2011-01-13,6.4,08-31-2011,Bank of America Merrill Lynch
Q4-11,2011-02-22,6.4,08-31-2011,Bank of America Merrill Lynch
Q4-11,2011-03-02,6.4,08-31-2011,Bank of America Merrill Lynch
Q4-11,2011-03-31,6.3,08-31-2011,Bank of America Merrill Lynch
Q4-11,2011-04-06,6.3,08-31-2011,Bank of America Merrill Lynch
Q4-11,2011-05-11,6.3,08-31-2011,Bank of America Merrill Lynch
Q4-11,2011-06-01,6.3,08-31-2011,Bank of America Merrill Lynch
Q4-11,2011-06-07,6.4,08-31-2011,Bank of America Merrill Lynch
Q4-11,2011-07-07,6.4,08-31-2011,Bank of America Merrill Lynch
Q4-11,2011-08-02,6.3,08-31-2011,Bank of America Merrill Lynch
Q4-11,2011-08-03,6.3,08-31-2011,Bank of America Merrill Lynch
Q4-11,2011-08-31,6.3,08-31-2011,Bank of America Merrill Lynch
Q1-12,2010-12-09,6.4,08-31-2011,Bank of America Merrill Lynch
Q1-12,2011-01-13,6.4,08-31-2011,Bank of America Merrill Lynch
Q1-12,2011-03-02,6.4,08-31-2011,Bank of America Merrill Lynch
Q1-12,2011-03-31,6.3,08-31-2011,Bank of America Merrill Lynch
Q1-12,2011-05-11,6.3,08-31-2011,Bank of America Merrill Lynch
Q1-12,2011-06-01,6.3,08-31-2011,Bank of America Merrill Lynch
Q1-12,2011-06-07,6.3,08-31-2011,Bank of America Merrill Lynch
Q1-12,2011-07-07,6.3,08-31-2011,Bank of America Merrill Lynch
Q1-12,2011-08-02,6.3,08-31-2011,Bank of America Merrill Lynch
Q1-12,2011-08-03,6.3,08-31-2011,Bank of America Merrill Lynch
Q1-12,2011-08-31,6.3,08-31-2011,Bank of America Merrill Lynch
Q2-12,2010-12-09,6.45,08-31-2011,Bank of America Merrill Lynch
Q2-12,2011-01-13,6.45,08-31-2011,Bank of America Merrill Lynch
Q2-12,2011-06-07,6.3,08-31-2011,Bank of America Merrill Lynch
Q2-12,2011-07-07,6.3,08-31-2011,Bank of America Merrill Lynch
Q2-12,2011-08-02,6.25,08-31-2011,Bank of America Merrill Lynch
Q2-12,2011-08-03,6.25,08-31-2011,Bank of America Merrill Lynch
Q2-12,2011-08-31,6.25,08-31-2011,Bank of America Merrill Lynch
2012,2010-09-13,6.45,08-31-2011,Bank of America Merrill Lynch
2012,2010-10-08,6.45,08-31-2011,Bank of America Merrill Lynch
2012,2010-11-04,6.45,08-31-2011,Bank of America Merrill Lynch
2012,2010-11-10,6.45,08-31-2011,Bank of America Merrill Lynch
2012,2010-11-15,6.55,08-31-2011,Bank of America Merrill Lynch
2012,2010-12-09,6.55,08-31-2011,Bank of America Merrill Lynch
2012,2011-01-11,6.55,08-31-2011,Bank of America Merrill Lynch
2012,2011-01-13,6.55,08-31-2011,Bank of America Merrill Lynch
2012,2011-02-22,6.55,08-31-2011,Bank of America Merrill Lynch
2012,2011-03-02,6.55,08-31-2011,Bank of America Merrill Lynch
2012,2011-03-31,6.2,08-31-2011,Bank of America Merrill Lynch
2012,2011-04-06,6.3,08-31-2011,Bank of America Merrill Lynch
2012,2011-05-11,6.2,08-31-2011,Bank of America Merrill Lynch
2012,2011-06-01,6.2,08-31-2011,Bank of America Merrill Lynch
2012,2011-06-07,6.2,08-31-2011,Bank of America Merrill Lynch
2012,2011-07-07,6.2,08-31-2011,Bank of America Merrill Lynch
2012,2011-08-02,6.2,08-31-2011,Bank of America Merrill Lynch
2012,2011-08-03,6.2,08-31-2011,Bank of America Merrill Lynch
2012,2011-08-31,6.2,08-31-2011,Bank of America Merrill Lynch
2013,2010-09-13,6.4,08-31-2011,Bank of America Merrill Lynch
2013,2010-10-08,6.4,08-31-2011,Bank of America Merrill Lynch
2013,2010-11-04,6.4,08-31-2011,Bank of America Merrill Lynch
2013,2010-11-10,6.4,08-31-2011,Bank of America Merrill Lynch
2013,2010-11-15,6.2,08-31-2011,Bank of America Merrill Lynch
2013,2010-12-09,6.2,08-31-2011,Bank of America Merrill Lynch
2013,2011-01-11,6.2,08-31-2011,Bank of America Merrill Lynch
2013,2011-04-06,6.2,08-31-2011,Bank of America Merrill Lynch
2014,2010-09-13,6.4,08-31-2011,Bank of America Merrill Lynch
2014,2010-10-08,6.4,08-31-2011,Bank of America Merrill Lynch
2014,2010-11-04,6.4,08-31-2011,Bank of America Merrill Lynch
2014,2010-11-10,6.4,08-31-2011,Bank of America Merrill Lynch
2014,2010-11-15,6.4,08-31-2011,Bank of America Merrill Lynch
2014,2010-12-09,6.4,08-31-2011,Bank of America Merrill Lynch
2014,2011-01-11,6.4,08-31-2011,Bank of America Merrill Lynch
Q1-16,2015-08-12,6.6,02-28-2016,Bank of America Merrill Lynch
Q2-16,2015-08-12,6.7,02-28-2016,Bank of America Merrill Lynch
Q4-16,2015-08-12,6.9,02-28-2016,Bank of America Merrill Lynch
Q4-08,2007-01-12,7.03,11-30-2008,Bank of America Merrill Lynch
Q4-08,2007-01-16,7.03,11-30-2008,Bank of America Merrill Lynch
Q4-08,2007-01-18,7.03,11-30-2008,Bank of America Merrill Lynch
Q4-08,2007-01-31,7.03,11-30-2008,Bank of America Merrill Lynch
Q4-08,2007-02-07,7.03,11-30-2008,Bank of America Merrill Lynch
Q4-08,2007-02-13,7.03,11-30-2008,Bank of America Merrill Lynch
Q4-08,2007-02-21,7.22,11-30-2008,Bank of America Merrill Lynch
Q4-08,2007-02-22,7.22,11-30-2008,Bank of America Merrill Lynch
Q4-08,2007-03-01,7.22,11-30-2008,Bank of America Merrill Lynch
Q4-08,2007-03-07,7.22,11-30-2008,Bank of America Merrill Lynch
Q4-08,2007-05-31,7.22,11-30-2008,Bank of America Merrill Lynch
Q4-08,2007-06-06,7.22,11-30-2008,Bank of America Merrill Lynch
Q4-08,2007-06-13,7.22,11-30-2008,Bank of America Merrill Lynch
Q4-08,2007-06-20,7.22,11-30-2008,Bank of America Merrill Lynch
Q4-08,2007-06-27,7.22,11-30-2008,Bank of America Merrill Lynch
Q4-08,2007-07-04,7.22,11-30-2008,Bank of America Merrill Lynch
Q4-08,2007-07-12,7.22,11-30-2008,Bank of America Merrill Lynch
Q4-08,2007-07-18,7.22,11-30-2008,Bank of America Merrill Lynch
Q4-08,2007-07-25,7.22,11-30-2008,Bank of America Merrill Lynch
Q4-08,2007-08-01,7.22,11-30-2008,Bank of America Merrill Lynch
Q4-08,2007-08-08,7.22,11-30-2008,Bank of America Merrill Lynch
Q4-08,2007-08-15,7.22,11-30-2008,Bank of America Merrill Lynch
Q4-08,2007-08-22,7.22,11-30-2008,Bank of America Merrill Lynch
Q4-08,2007-08-24,7.23,11-30-2008,Bank of America Merrill Lynch
Q4-08,2007-08-29,7.23,11-30-2008,Bank of America Merrill Lynch
Q4-08,2007-09-05,7.23,11-30-2008,Bank of America Merrill Lynch
Q4-08,2007-09-12,7.23,11-30-2008,Bank of America Merrill Lynch
Q4-08,2007-09-19,7.23,11-30-2008,Bank of America Merrill Lynch
Q4-08,2007-09-21,7.23,11-30-2008,Bank of America Merrill Lynch
Q4-08,2007-09-26,7.23,11-30-2008,Bank of America Merrill Lynch
Q4-08,2007-10-03,7.23,11-30-2008,Bank of America Merrill Lynch
Q4-08,2007-10-10,7.23,11-30-2008,Bank of America Merrill Lynch
Q4-08,2007-10-17,7.23,11-30-2008,Bank of America Merrill Lynch
Q4-08,2007-10-22,7.09,11-30-2008,Bank of America Merrill Lynch
Q4-08,2007-10-25,7.09,11-30-2008,Bank of America Merrill Lynch
Q4-08,2007-10-31,7.09,11-30-2008,Bank of America Merrill Lynch
Q4-08,2007-11-07,7.09,11-30-2008,Bank of America Merrill Lynch
Q4-08,2007-11-14,7.09,11-30-2008,Bank of America Merrill Lynch
Q4-08,2007-11-16,6.8,11-30-2008,Bank of America Merrill Lynch
Q4-08,2007-11-21,6.8,11-30-2008,Bank of America Merrill Lynch
Q4-08,2007-11-29,6.8,11-30-2008,Bank of America Merrill Lynch
Q4-08,2007-12-12,6.8,11-30-2008,Bank of America Merrill Lynch
Q4-08,2007-12-19,6.8,11-30-2008,Bank of America Merrill Lynch
Q4-08,2007-12-26,6.8,11-30-2008,Bank of America Merrill Lynch
Q4-08,2008-01-03,6.7,11-30-2008,Bank of America Merrill Lynch
Q4-08,2008-01-09,6.7,11-30-2008,Bank of America Merrill Lynch
Q4-08,2008-01-16,6.7,11-30-2008,Bank of America Merrill Lynch
Q4-08,2008-01-21,6.92,11-30-2008,Bank of America Merrill Lynch
Q4-08,2008-01-23,6.7,11-30-2008,Bank of America Merrill Lynch
Q4-08,2008-01-31,6.7,11-30-2008,Bank of America Merrill Lynch
Q4-08,2008-02-07,6.7,11-30-2008,Bank of America Merrill Lynch
Q4-08,2008-02-14,6.7,11-30-2008,Bank of America Merrill Lynch
Q4-08,2008-02-21,6.7,11-30-2008,Bank of America Merrill Lynch
Q4-08,2008-02-27,6.7,11-30-2008,Bank of America Merrill Lynch
Q4-08,2008-03-04,6.65,11-30-2008,Bank of America Merrill Lynch
Q4-08,2008-03-13,6.65,11-30-2008,Bank of America Merrill Lynch
Q4-08,2008-03-20,6.65,11-30-2008,Bank of America Merrill Lynch
Q4-08,2008-03-26,6.65,11-30-2008,Bank of America Merrill Lynch
Q4-08,2008-04-04,6.65,11-30-2008,Bank of America Merrill Lynch
Q4-08,2008-04-10,6.65,11-30-2008,Bank of America Merrill Lynch
Q4-08,2008-04-17,6.65,11-30-2008,Bank of America Merrill Lynch
Q4-08,2008-04-24,6.65,11-30-2008,Bank of America Merrill Lynch
Q4-08,2008-05-01,6.65,11-30-2008,Bank of America Merrill Lynch
Q4-08,2008-05-07,6.65,11-30-2008,Bank of America Merrill Lynch
Q4-08,2008-05-19,6.65,11-30-2008,Bank of America Merrill Lynch
Q4-08,2008-05-21,6.65,11-30-2008,Bank of America Merrill Lynch
Q4-08,2008-05-29,6.65,11-30-2008,Bank of America Merrill Lynch
Q4-08,2008-06-10,6.65,11-30-2008,Bank of America Merrill Lynch
Q4-08,2008-06-16,6.65,11-30-2008,Bank of America Merrill Lynch
Q4-08,2008-07-02,6.7,11-30-2008,Bank of America Merrill Lynch
Q4-08,2008-07-10,6.45,11-30-2008,Bank of America Merrill Lynch
Q4-08,2008-07-16,6.45,11-30-2008,Bank of America Merrill Lynch
Q4-08,2008-11-18,6.73,11-30-2008,Bank of America Merrill Lynch
Q4-08,2008-11-25,6.73,11-30-2008,Bank of America Merrill Lynch
Q1-09,2008-04-04,6.6,11-30-2008,Bank of America Merrill Lynch
Q1-09,2008-04-10,6.6,11-30-2008,Bank of America Merrill Lynch
Q1-09,2008-04-17,6.6,11-30-2008,Bank of America Merrill Lynch
Q1-09,2008-04-24,6.6,11-30-2008,Bank of America Merrill Lynch
Q1-09,2008-05-01,6.6,11-30-2008,Bank of America Merrill Lynch
Q1-09,2008-05-07,6.6,11-30-2008,Bank of America Merrill Lynch
Q1-09,2008-05-19,6.6,11-30-2008,Bank of America Merrill Lynch
Q1-09,2008-05-21,6.6,11-30-2008,Bank of America Merrill Lynch
Q1-09,2008-05-29,6.6,11-30-2008,Bank of America Merrill Lynch
Q1-09,2008-06-10,6.6,11-30-2008,Bank of America Merrill Lynch
Q1-09,2008-06-16,6.6,11-30-2008,Bank of America Merrill Lynch
Q1-09,2008-07-02,6.45,11-30-2008,Bank of America Merrill Lynch
Q1-09,2008-07-10,6.39,11-30-2008,Bank of America Merrill Lynch
Q1-09,2008-07-16,6.27,11-30-2008,Bank of America Merrill Lynch
Q1-09,2008-11-18,6.67,11-30-2008,Bank of America Merrill Lynch
Q1-09,2008-11-25,6.67,11-30-2008,Bank of America Merrill Lynch
Q2-09,2008-07-02,6.27,11-30-2008,Bank of America Merrill Lynch
Q2-09,2008-07-10,6.23,11-30-2008,Bank of America Merrill Lynch
Q2-09,2008-07-16,6.14,11-30-2008,Bank of America Merrill Lynch
Q2-09,2008-11-18,6.6,11-30-2008,Bank of America Merrill Lynch
Q2-09,2008-11-25,6.6,11-30-2008,Bank of America Merrill Lynch
Q3-09,2008-11-18,6.5,11-30-2008,Bank of America Merrill Lynch
Q3-09,2008-11-25,6.5,11-30-2008,Bank of America Merrill Lynch
2009,2007-01-16,7.03,11-30-2008,Bank of America Merrill Lynch
2009,2007-01-18,7.03,11-30-2008,Bank of America Merrill Lynch
2009,2007-01-31,7.03,11-30-2008,Bank of America Merrill Lynch
2009,2007-02-07,7.03,11-30-2008,Bank of America Merrill Lynch
2009,2007-02-13,7.03,11-30-2008,Bank of America Merrill Lynch
2009,2007-02-21,7.03,11-30-2008,Bank of America Merrill Lynch
2009,2007-02-22,7.03,11-30-2008,Bank of America Merrill Lynch
2009,2007-03-01,7.03,11-30-2008,Bank of America Merrill Lynch
2009,2007-03-07,7.03,11-30-2008,Bank of America Merrill Lynch
2009,2007-05-31,7.03,11-30-2008,Bank of America Merrill Lynch
2009,2007-06-06,7.03,11-30-2008,Bank of America Merrill Lynch
2009,2007-06-13,7.03,11-30-2008,Bank of America Merrill Lynch
2009,2007-06-20,7.03,11-30-2008,Bank of America Merrill Lynch
2009,2007-06-27,7.03,11-30-2008,Bank of America Merrill Lynch
2009,2007-07-04,7.03,11-30-2008,Bank of America Merrill Lynch
2009,2007-07-12,7.03,11-30-2008,Bank of America Merrill Lynch
2009,2007-07-18,7.03,11-30-2008,Bank of America Merrill Lynch
2009,2007-07-25,7.03,11-30-2008,Bank of America Merrill Lynch
2009,2007-08-01,7.03,11-30-2008,Bank of America Merrill Lynch
2009,2007-08-08,7.03,11-30-2008,Bank of America Merrill Lynch
2009,2007-08-15,7.03,11-30-2008,Bank of America Merrill Lynch
2009,2007-08-22,7.03,11-30-2008,Bank of America Merrill Lynch
2009,2007-08-24,6.77,11-30-2008,Bank of America Merrill Lynch
2009,2007-08-29,6.77,11-30-2008,Bank of America Merrill Lynch
2009,2007-09-05,6.77,11-30-2008,Bank of America Merrill Lynch
2009,2007-09-12,6.77,11-30-2008,Bank of America Merrill Lynch
2009,2007-09-19,6.77,11-30-2008,Bank of America Merrill Lynch
2009,2007-09-21,6.77,11-30-2008,Bank of America Merrill Lynch
2009,2007-09-26,6.77,11-30-2008,Bank of America Merrill Lynch
2009,2007-10-03,6.77,11-30-2008,Bank of America Merrill Lynch
2009,2007-10-10,6.77,11-30-2008,Bank of America Merrill Lynch
2009,2007-10-17,6.77,11-30-2008,Bank of America Merrill Lynch
2009,2007-10-22,6.77,11-30-2008,Bank of America Merrill Lynch
2009,2007-10-25,6.77,11-30-2008,Bank of America Merrill Lynch
2009,2007-10-31,6.77,11-30-2008,Bank of America Merrill Lynch
2009,2007-11-07,6.77,11-30-2008,Bank of America Merrill Lynch
2009,2007-11-14,6.77,11-30-2008,Bank of America Merrill Lynch
2009,2007-11-16,6.77,11-30-2008,Bank of America Merrill Lynch
2009,2007-11-21,6.77,11-30-2008,Bank of America Merrill Lynch
2009,2007-11-29,6.77,11-30-2008,Bank of America Merrill Lynch
2009,2007-12-12,6.77,11-30-2008,Bank of America Merrill Lynch
2009,2007-12-19,6.77,11-30-2008,Bank of America Merrill Lynch
2009,2007-12-26,6.4,11-30-2008,Bank of America Merrill Lynch
2009,2008-01-03,6.4,11-30-2008,Bank of America Merrill Lynch
2009,2008-01-09,6.4,11-30-2008,Bank of America Merrill Lynch
2009,2008-01-16,6.4,11-30-2008,Bank of America Merrill Lynch
2009,2008-01-21,6.51,11-30-2008,Bank of America Merrill Lynch
2009,2008-01-23,6.51,11-30-2008,Bank of America Merrill Lynch
2009,2008-01-31,6.51,11-30-2008,Bank of America Merrill Lynch
2009,2008-02-07,6.51,11-30-2008,Bank of America Merrill Lynch
2009,2008-02-14,6.51,11-30-2008,Bank of America Merrill Lynch
2009,2008-02-21,6.51,11-30-2008,Bank of America Merrill Lynch
2009,2008-02-27,6.51,11-30-2008,Bank of America Merrill Lynch
2009,2008-03-04,6.3,11-30-2008,Bank of America Merrill Lynch
2009,2008-03-13,6.3,11-30-2008,Bank of America Merrill Lynch
2009,2008-03-20,6.3,11-30-2008,Bank of America Merrill Lynch
2009,2008-03-26,6.3,11-30-2008,Bank of America Merrill Lynch
2009,2008-04-04,6.51,11-30-2008,Bank of America Merrill Lynch
2009,2008-04-10,6.51,11-30-2008,Bank of America Merrill Lynch
2009,2008-04-17,6.51,11-30-2008,Bank of America Merrill Lynch
2009,2008-04-24,6.51,11-30-2008,Bank of America Merrill Lynch
2009,2008-05-01,6.51,11-30-2008,Bank of America Merrill Lynch
2009,2008-05-07,6.51,11-30-2008,Bank of America Merrill Lynch
2009,2008-05-19,6.51,11-30-2008,Bank of America Merrill Lynch
2009,2008-05-21,6.51,11-30-2008,Bank of America Merrill Lynch
2009,2008-05-29,6.51,11-30-2008,Bank of America Merrill Lynch
2010,2008-01-21,6.3,11-30-2008,Bank of America Merrill Lynch
2010,2008-01-23,6.3,11-30-2008,Bank of America Merrill Lynch
2010,2008-01-31,6.3,11-30-2008,Bank of America Merrill Lynch
2010,2008-02-07,6.3,11-30-2008,Bank of America Merrill Lynch
2010,2008-02-14,6.3,11-30-2008,Bank of America Merrill Lynch
2010,2008-02-21,6.3,11-30-2008,Bank of America Merrill Lynch
2010,2008-02-27,6.3,11-30-2008,Bank of America Merrill Lynch
2010,2008-03-04,6.3,11-30-2008,Bank of America Merrill Lynch
2010,2008-03-13,6.3,11-30-2008,Bank of America Merrill Lynch
2010,2008-03-20,6.3,11-30-2008,Bank of America Merrill Lynch
2010,2008-03-26,6.3,11-30-2008,Bank of America Merrill Lynch
2010,2008-04-04,6.3,11-30-2008,Bank of America Merrill Lynch
2010,2008-04-10,6.3,11-30-2008,Bank of America Merrill Lynch
2010,2008-04-17,6.3,11-30-2008,Bank of America Merrill Lynch
2010,2008-04-24,6.3,11-30-2008,Bank of America Merrill Lynch
2010,2008-05-01,6.3,11-30-2008,Bank of America Merrill Lynch
2010,2008-05-07,6.3,11-30-2008,Bank of America Merrill Lynch
2010,2008-05-19,6.3,11-30-2008,Bank of America Merrill Lynch
2010,2008-05-21,6.3,11-30-2008,Bank of America Merrill Lynch
2010,2008-05-29,6.3,11-30-2008,Bank of America Merrill Lynch
Q3-12,2010-12-09,6.5,08-31-2012,Bank of America Merrill Lynch
Q3-12,2011-01-13,6.5,08-31-2012,Bank of America Merrill Lynch
Q3-12,2011-11-01,6.2,08-31-2012,Bank of America Merrill Lynch
Q3-12,2011-12-08,6.3,08-31-2012,Bank of America Merrill Lynch
Q3-12,2012-01-25,6.24,08-31-2012,Bank of America Merrill Lynch
Q3-12,2012-07-09,6.3,08-31-2012,Bank of America Merrill Lynch
Q3-12,2012-08-01,6.45,08-31-2012,Bank of America Merrill Lynch
Q4-12,2010-09-13,6.45,08-31-2012,Bank of America Merrill Lynch
Q4-12,2010-10-08,6.45,08-31-2012,Bank of America Merrill Lynch
Q4-12,2010-11-04,6.45,08-31-2012,Bank of America Merrill Lynch
Q4-12,2010-11-10,6.45,08-31-2012,Bank of America Merrill Lynch
Q4-12,2010-11-15,6.55,08-31-2012,Bank of America Merrill Lynch
Q4-12,2010-12-09,6.55,08-31-2012,Bank of America Merrill Lynch
Q4-12,2011-01-11,6.55,08-31-2012,Bank of America Merrill Lynch
Q4-12,2011-01-13,6.55,08-31-2012,Bank of America Merrill Lynch
Q4-12,2011-02-22,6.55,08-31-2012,Bank of America Merrill Lynch
Q4-12,2011-03-02,6.55,08-31-2012,Bank of America Merrill Lynch
Q4-12,2011-03-31,6.2,08-31-2012,Bank of America Merrill Lynch
Q4-12,2011-04-06,6.3,08-31-2012,Bank of America Merrill Lynch
Q4-12,2011-05-11,6.2,08-31-2012,Bank of America Merrill Lynch
Q4-12,2011-06-01,6.2,08-31-2012,Bank of America Merrill Lynch
Q4-12,2011-06-07,6.2,08-31-2012,Bank of America Merrill Lynch
Q4-12,2011-07-07,6.2,08-31-2012,Bank of America Merrill Lynch
Q4-12,2011-08-02,6.2,08-31-2012,Bank of America Merrill Lynch
Q4-12,2011-08-03,6.2,08-31-2012,Bank of America Merrill Lynch
Q4-12,2011-08-31,6.2,08-31-2012,Bank of America Merrill Lynch
Q4-12,2011-09-28,6.2,08-31-2012,Bank of America Merrill Lynch
Q4-12,2011-12-08,6.2,08-31-2012,Bank of America Merrill Lynch
Q4-12,2012-01-25,6.2,08-31-2012,Bank of America Merrill Lynch
Q4-12,2012-07-09,6.25,08-31-2012,Bank of America Merrill Lynch
Q4-12,2012-08-01,6.4,08-31-2012,Bank of America Merrill Lynch
Q1-13,2012-07-09,6.2,08-31-2012,Bank of America Merrill Lynch
Q1-13,2012-08-01,6.35,08-31-2012,Bank of America Merrill Lynch
Q2-13,2012-07-09,6.2,08-31-2012,Bank of America Merrill Lynch
Q2-13,2012-08-01,6.3,08-31-2012,Bank of America Merrill Lynch
2013,2010-09-13,6.4,08-31-2012,Bank of America Merrill Lynch
2013,2010-10-08,6.4,08-31-2012,Bank of America Merrill Lynch
2013,2010-11-04,6.4,08-31-2012,Bank of America Merrill Lynch
2013,2010-11-10,6.4,08-31-2012,Bank of America Merrill Lynch
2013,2010-11-15,6.2,08-31-2012,Bank of America Merrill Lynch
2013,2010-12-09,6.2,08-31-2012,Bank of America Merrill Lynch
2013,2011-01-11,6.2,08-31-2012,Bank of America Merrill Lynch
2013,2011-04-06,6.2,08-31-2012,Bank of America Merrill Lynch
2013,2012-01-25,6.1,08-31-2012,Bank of America Merrill Lynch
2013,2012-07-09,6.1,08-31-2012,Bank of America Merrill Lynch
2013,2012-08-01,6.25,08-31-2012,Bank of America Merrill Lynch
2014,2010-09-13,6.4,08-31-2012,Bank of America Merrill Lynch
2014,2010-10-08,6.4,08-31-2012,Bank of America Merrill Lynch
2014,2010-11-04,6.4,08-31-2012,Bank of America Merrill Lynch
2014,2010-11-10,6.4,08-31-2012,Bank of America Merrill Lynch
2014,2010-11-15,6.4,08-31-2012,Bank of America Merrill Lynch
2014,2010-12-09,6.4,08-31-2012,Bank of America Merrill Lynch
2014,2011-01-11,6.4,08-31-2012,Bank of America Merrill Lynch
Q4-15,2013-11-25,6.05,02-28-2015,Bank of America Merrill Lynch
Q4-15,2014-02-05,5.8,02-28-2015,Bank of America Merrill Lynch
Q4-15,2014-03-07,5.8,02-28-2015,Bank of America Merrill Lynch
Q4-12,2010-12-09,6.55,11-30-2012,Bank of America Merrill Lynch
Q4-12,2011-01-11,6.55,11-30-2012,Bank of America Merrill Lynch
Q4-12,2011-01-13,6.55,11-30-2012,Bank of America Merrill Lynch
Q4-12,2011-02-22,6.55,11-30-2012,Bank of America Merrill Lynch
Q4-12,2011-03-02,6.55,11-30-2012,Bank of America Merrill Lynch
Q4-12,2011-03-31,6.2,11-30-2012,Bank of America Merrill Lynch
Q4-12,2011-04-06,6.3,11-30-2012,Bank of America Merrill Lynch
Q4-12,2011-05-11,6.2,11-30-2012,Bank of America Merrill Lynch
Q4-12,2011-06-01,6.2,11-30-2012,Bank of America Merrill Lynch
Q4-12,2011-06-07,6.2,11-30-2012,Bank of America Merrill Lynch
Q4-12,2011-07-07,6.2,11-30-2012,Bank of America Merrill Lynch
Q4-12,2011-08-02,6.2,11-30-2012,Bank of America Merrill Lynch
Q4-12,2011-08-03,6.2,11-30-2012,Bank of America Merrill Lynch
Q4-12,2011-08-31,6.2,11-30-2012,Bank of America Merrill Lynch
Q4-12,2011-09-28,6.2,11-30-2012,Bank of America Merrill Lynch
Q4-12,2011-12-08,6.2,11-30-2012,Bank of America Merrill Lynch
Q4-12,2012-01-25,6.2,11-30-2012,Bank of America Merrill Lynch
Q4-12,2012-07-09,6.25,11-30-2012,Bank of America Merrill Lynch
Q4-12,2012-08-01,6.4,11-30-2012,Bank of America Merrill Lynch
Q4-12,2012-10-29,6.25,11-30-2012,Bank of America Merrill Lynch
Q1-13,2012-07-09,6.2,11-30-2012,Bank of America Merrill Lynch
Q1-13,2012-08-01,6.35,11-30-2012,Bank of America Merrill Lynch
Q1-13,2012-10-29,6.2,11-30-2012,Bank of America Merrill Lynch
Q2-13,2012-07-09,6.2,11-30-2012,Bank of America Merrill Lynch
Q2-13,2012-08-01,6.3,11-30-2012,Bank of America Merrill Lynch
Q2-13,2012-10-29,6.2,11-30-2012,Bank of America Merrill Lynch
Q3-13,2012-08-01,6.3,11-30-2012,Bank of America Merrill Lynch
Q3-13,2012-10-29,6.1,11-30-2012,Bank of America Merrill Lynch
2013,2010-12-09,6.2,11-30-2012,Bank of America Merrill Lynch
2013,2011-01-11,6.2,11-30-2012,Bank of America Merrill Lynch
2013,2011-04-06,6.2,11-30-2012,Bank of America Merrill Lynch
2013,2012-01-25,6.1,11-30-2012,Bank of America Merrill Lynch
2013,2012-07-09,6.1,11-30-2012,Bank of America Merrill Lynch
2013,2012-08-01,6.25,11-30-2012,Bank of America Merrill Lynch
Q4-15,2013-11-25,6.05,05-31-2015,Bank of America Merrill Lynch
Q4-15,2014-02-05,5.8,05-31-2015,Bank of America Merrill Lynch
Q4-15,2014-03-07,5.8,05-31-2015,Bank of America Merrill Lynch
Q3-08,2007-10-03,7.1,08-31-2008,Bank of America Merrill Lynch
Q3-08,2007-10-10,7.1,08-31-2008,Bank of America Merrill Lynch
Q3-08,2007-10-17,7.0,08-31-2008,Bank of America Merrill Lynch
Q3-08,2007-10-22,7.0,08-31-2008,Bank of America Merrill Lynch
Q3-08,2007-10-25,7.0,08-31-2008,Bank of America Merrill Lynch
Q3-08,2007-10-31,7.0,08-31-2008,Bank of America Merrill Lynch
Q3-08,2007-11-07,7.0,08-31-2008,Bank of America Merrill Lynch
Q3-08,2007-11-14,7.0,08-31-2008,Bank of America Merrill Lynch
Q3-08,2007-11-16,7.0,08-31-2008,Bank of America Merrill Lynch
Q3-08,2007-11-21,7.0,08-31-2008,Bank of America Merrill Lynch
Q3-08,2007-11-29,7.0,08-31-2008,Bank of America Merrill Lynch
Q3-08,2007-12-12,7.0,08-31-2008,Bank of America Merrill Lynch
Q3-08,2007-12-19,7.0,08-31-2008,Bank of America Merrill Lynch
Q3-08,2007-12-26,7.0,08-31-2008,Bank of America Merrill Lynch
Q3-08,2008-01-03,6.8,08-31-2008,Bank of America Merrill Lynch
Q3-08,2008-01-09,6.8,08-31-2008,Bank of America Merrill Lynch
Q3-08,2008-01-16,6.8,08-31-2008,Bank of America Merrill Lynch
Q3-08,2008-01-21,6.8,08-31-2008,Bank of America Merrill Lynch
Q3-08,2008-01-23,6.8,08-31-2008,Bank of America Merrill Lynch
Q3-08,2008-01-31,6.8,08-31-2008,Bank of America Merrill Lynch
Q3-08,2008-02-07,6.8,08-31-2008,Bank of America Merrill Lynch
Q3-08,2008-02-14,6.8,08-31-2008,Bank of America Merrill Lynch
Q3-08,2008-02-21,6.8,08-31-2008,Bank of America Merrill Lynch
Q3-08,2008-02-27,6.8,08-31-2008,Bank of America Merrill Lynch
Q3-08,2008-03-04,6.73,08-31-2008,Bank of America Merrill Lynch
Q3-08,2008-03-13,6.73,08-31-2008,Bank of America Merrill Lynch
Q3-08,2008-03-20,6.73,08-31-2008,Bank of America Merrill Lynch
Q3-08,2008-03-26,6.73,08-31-2008,Bank of America Merrill Lynch
Q3-08,2008-04-04,6.73,08-31-2008,Bank of America Merrill Lynch
Q3-08,2008-04-10,6.7,08-31-2008,Bank of America Merrill Lynch
Q3-08,2008-04-17,6.7,08-31-2008,Bank of America Merrill Lynch
Q3-08,2008-04-24,6.7,08-31-2008,Bank of America Merrill Lynch
Q3-08,2008-05-01,6.7,08-31-2008,Bank of America Merrill Lynch
Q3-08,2008-05-07,6.7,08-31-2008,Bank of America Merrill Lynch
Q3-08,2008-05-19,6.7,08-31-2008,Bank of America Merrill Lynch
Q3-08,2008-05-21,6.7,08-31-2008,Bank of America Merrill Lynch
Q3-08,2008-05-29,6.7,08-31-2008,Bank of America Merrill Lynch
Q3-08,2008-06-10,6.7,08-31-2008,Bank of America Merrill Lynch
Q3-08,2008-06-16,6.75,08-31-2008,Bank of America Merrill Lynch
Q3-08,2008-07-02,6.85,08-31-2008,Bank of America Merrill Lynch
Q3-08,2008-07-10,6.7,08-31-2008,Bank of America Merrill Lynch
Q3-08,2008-07-16,6.7,08-31-2008,Bank of America Merrill Lynch
Q4-08,2007-01-12,7.03,08-31-2008,Bank of America Merrill Lynch
Q4-08,2007-01-16,7.03,08-31-2008,Bank of America Merrill Lynch
Q4-08,2007-01-18,7.03,08-31-2008,Bank of America Merrill Lynch
Q4-08,2007-01-31,7.03,08-31-2008,Bank of America Merrill Lynch
Q4-08,2007-02-07,7.03,08-31-2008,Bank of America Merrill Lynch
Q4-08,2007-02-13,7.03,08-31-2008,Bank of America Merrill Lynch
Q4-08,2007-02-21,7.22,08-31-2008,Bank of America Merrill Lynch
Q4-08,2007-02-22,7.22,08-31-2008,Bank of America Merrill Lynch
Q4-08,2007-03-01,7.22,08-31-2008,Bank of America Merrill Lynch
Q4-08,2007-03-07,7.22,08-31-2008,Bank of America Merrill Lynch
Q4-08,2007-05-31,7.22,08-31-2008,Bank of America Merrill Lynch
Q4-08,2007-06-06,7.22,08-31-2008,Bank of America Merrill Lynch
Q4-08,2007-06-13,7.22,08-31-2008,Bank of America Merrill Lynch
Q4-08,2007-06-20,7.22,08-31-2008,Bank of America Merrill Lynch
Q4-08,2007-06-27,7.22,08-31-2008,Bank of America Merrill Lynch
Q4-08,2007-07-04,7.22,08-31-2008,Bank of America Merrill Lynch
Q4-08,2007-07-12,7.22,08-31-2008,Bank of America Merrill Lynch
Q4-08,2007-07-18,7.22,08-31-2008,Bank of America Merrill Lynch
Q4-08,2007-07-25,7.22,08-31-2008,Bank of America Merrill Lynch
Q4-08,2007-08-01,7.22,08-31-2008,Bank of America Merrill Lynch
Q4-08,2007-08-08,7.22,08-31-2008,Bank of America Merrill Lynch
Q4-08,2007-08-15,7.22,08-31-2008,Bank of America Merrill Lynch
Q4-08,2007-08-22,7.22,08-31-2008,Bank of America Merrill Lynch
Q4-08,2007-08-24,7.23,08-31-2008,Bank of America Merrill Lynch
Q4-08,2007-08-29,7.23,08-31-2008,Bank of America Merrill Lynch
Q4-08,2007-09-05,7.23,08-31-2008,Bank of America Merrill Lynch
Q4-08,2007-09-12,7.23,08-31-2008,Bank of America Merrill Lynch
Q4-08,2007-09-19,7.23,08-31-2008,Bank of America Merrill Lynch
Q4-08,2007-09-21,7.23,08-31-2008,Bank of America Merrill Lynch
Q4-08,2007-09-26,7.23,08-31-2008,Bank of America Merrill Lynch
Q4-08,2007-10-03,7.23,08-31-2008,Bank of America Merrill Lynch
Q4-08,2007-10-10,7.23,08-31-2008,Bank of America Merrill Lynch
Q4-08,2007-10-17,7.23,08-31-2008,Bank of America Merrill Lynch
Q4-08,2007-10-22,7.09,08-31-2008,Bank of America Merrill Lynch
Q4-08,2007-10-25,7.09,08-31-2008,Bank of America Merrill Lynch
Q4-08,2007-10-31,7.09,08-31-2008,Bank of America Merrill Lynch
Q4-08,2007-11-07,7.09,08-31-2008,Bank of America Merrill Lynch
Q4-08,2007-11-14,7.09,08-31-2008,Bank of America Merrill Lynch
Q4-08,2007-11-16,6.8,08-31-2008,Bank of America Merrill Lynch
Q4-08,2007-11-21,6.8,08-31-2008,Bank of America Merrill Lynch
Q4-08,2007-11-29,6.8,08-31-2008,Bank of America Merrill Lynch
Q4-08,2007-12-12,6.8,08-31-2008,Bank of America Merrill Lynch
Q4-08,2007-12-19,6.8,08-31-2008,Bank of America Merrill Lynch
Q4-08,2007-12-26,6.8,08-31-2008,Bank of America Merrill Lynch
Q4-08,2008-01-03,6.7,08-31-2008,Bank of America Merrill Lynch
Q4-08,2008-01-09,6.7,08-31-2008,Bank of America Merrill Lynch
Q4-08,2008-01-16,6.7,08-31-2008,Bank of America Merrill Lynch
Q4-08,2008-01-21,6.92,08-31-2008,Bank of America Merrill Lynch
Q4-08,2008-01-23,6.7,08-31-2008,Bank of America Merrill Lynch
Q4-08,2008-01-31,6.7,08-31-2008,Bank of America Merrill Lynch
Q4-08,2008-02-07,6.7,08-31-2008,Bank of America Merrill Lynch
Q4-08,2008-02-14,6.7,08-31-2008,Bank of America Merrill Lynch
Q4-08,2008-02-21,6.7,08-31-2008,Bank of America Merrill Lynch
Q4-08,2008-02-27,6.7,08-31-2008,Bank of America Merrill Lynch
Q4-08,2008-03-04,6.65,08-31-2008,Bank of America Merrill Lynch
Q4-08,2008-03-13,6.65,08-31-2008,Bank of America Merrill Lynch
Q4-08,2008-03-20,6.65,08-31-2008,Bank of America Merrill Lynch
Q4-08,2008-03-26,6.65,08-31-2008,Bank of America Merrill Lynch
Q4-08,2008-04-04,6.65,08-31-2008,Bank of America Merrill Lynch
Q4-08,2008-04-10,6.65,08-31-2008,Bank of America Merrill Lynch
Q4-08,2008-04-17,6.65,08-31-2008,Bank of America Merrill Lynch
Q4-08,2008-04-24,6.65,08-31-2008,Bank of America Merrill Lynch
Q4-08,2008-05-01,6.65,08-31-2008,Bank of America Merrill Lynch
Q4-08,2008-05-07,6.65,08-31-2008,Bank of America Merrill Lynch
Q4-08,2008-05-19,6.65,08-31-2008,Bank of America Merrill Lynch
Q4-08,2008-05-21,6.65,08-31-2008,Bank of America Merrill Lynch
Q4-08,2008-05-29,6.65,08-31-2008,Bank of America Merrill Lynch
Q4-08,2008-06-10,6.65,08-31-2008,Bank of America Merrill Lynch
Q4-08,2008-06-16,6.65,08-31-2008,Bank of America Merrill Lynch
Q4-08,2008-07-02,6.7,08-31-2008,Bank of America Merrill Lynch
Q4-08,2008-07-10,6.45,08-31-2008,Bank of America Merrill Lynch
Q4-08,2008-07-16,6.45,08-31-2008,Bank of America Merrill Lynch
Q1-09,2008-04-04,6.6,08-31-2008,Bank of America Merrill Lynch
Q1-09,2008-04-10,6.6,08-31-2008,Bank of America Merrill Lynch
Q1-09,2008-04-17,6.6,08-31-2008,Bank of America Merrill Lynch
Q1-09,2008-04-24,6.6,08-31-2008,Bank of America Merrill Lynch
Q1-09,2008-05-01,6.6,08-31-2008,Bank of America Merrill Lynch
Q1-09,2008-05-07,6.6,08-31-2008,Bank of America Merrill Lynch
Q1-09,2008-05-19,6.6,08-31-2008,Bank of America Merrill Lynch
Q1-09,2008-05-21,6.6,08-31-2008,Bank of America Merrill Lynch
Q1-09,2008-05-29,6.6,08-31-2008,Bank of America Merrill Lynch
Q1-09,2008-06-10,6.6,08-31-2008,Bank of America Merrill Lynch
Q1-09,2008-06-16,6.6,08-31-2008,Bank of America Merrill Lynch
Q1-09,2008-07-02,6.45,08-31-2008,Bank of America Merrill Lynch
Q1-09,2008-07-10,6.39,08-31-2008,Bank of America Merrill Lynch
Q1-09,2008-07-16,6.27,08-31-2008,Bank of America Merrill Lynch
Q2-09,2008-07-02,6.27,08-31-2008,Bank of America Merrill Lynch
Q2-09,2008-07-10,6.23,08-31-2008,Bank of America Merrill Lynch
Q2-09,2008-07-16,6.14,08-31-2008,Bank of America Merrill Lynch
2009,2007-01-16,7.03,08-31-2008,Bank of America Merrill Lynch
2009,2007-01-18,7.03,08-31-2008,Bank of America Merrill Lynch
2009,2007-01-31,7.03,08-31-2008,Bank of America Merrill Lynch
2009,2007-02-07,7.03,08-31-2008,Bank of America Merrill Lynch
2009,2007-02-13,7.03,08-31-2008,Bank of America Merrill Lynch
2009,2007-02-21,7.03,08-31-2008,Bank of America Merrill Lynch
2009,2007-02-22,7.03,08-31-2008,Bank of America Merrill Lynch
2009,2007-03-01,7.03,08-31-2008,Bank of America Merrill Lynch
2009,2007-03-07,7.03,08-31-2008,Bank of America Merrill Lynch
2009,2007-05-31,7.03,08-31-2008,Bank of America Merrill Lynch
2009,2007-06-06,7.03,08-31-2008,Bank of America Merrill Lynch
2009,2007-06-13,7.03,08-31-2008,Bank of America Merrill Lynch
2009,2007-06-20,7.03,08-31-2008,Bank of America Merrill Lynch
2009,2007-06-27,7.03,08-31-2008,Bank of America Merrill Lynch
2009,2007-07-04,7.03,08-31-2008,Bank of America Merrill Lynch
2009,2007-07-12,7.03,08-31-2008,Bank of America Merrill Lynch
2009,2007-07-18,7.03,08-31-2008,Bank of America Merrill Lynch
2009,2007-07-25,7.03,08-31-2008,Bank of America Merrill Lynch
2009,2007-08-01,7.03,08-31-2008,Bank of America Merrill Lynch
2009,2007-08-08,7.03,08-31-2008,Bank of America Merrill Lynch
2009,2007-08-15,7.03,08-31-2008,Bank of America Merrill Lynch
2009,2007-08-22,7.03,08-31-2008,Bank of America Merrill Lynch
2009,2007-08-24,6.77,08-31-2008,Bank of America Merrill Lynch
2009,2007-08-29,6.77,08-31-2008,Bank of America Merrill Lynch
2009,2007-09-05,6.77,08-31-2008,Bank of America Merrill Lynch
2009,2007-09-12,6.77,08-31-2008,Bank of America Merrill Lynch
2009,2007-09-19,6.77,08-31-2008,Bank of America Merrill Lynch
2009,2007-09-21,6.77,08-31-2008,Bank of America Merrill Lynch
2009,2007-09-26,6.77,08-31-2008,Bank of America Merrill Lynch
2009,2007-10-03,6.77,08-31-2008,Bank of America Merrill Lynch
2009,2007-10-10,6.77,08-31-2008,Bank of America Merrill Lynch
2009,2007-10-17,6.77,08-31-2008,Bank of America Merrill Lynch
2009,2007-10-22,6.77,08-31-2008,Bank of America Merrill Lynch
2009,2007-10-25,6.77,08-31-2008,Bank of America Merrill Lynch
2009,2007-10-31,6.77,08-31-2008,Bank of America Merrill Lynch
2009,2007-11-07,6.77,08-31-2008,Bank of America Merrill Lynch
2009,2007-11-14,6.77,08-31-2008,Bank of America Merrill Lynch
2009,2007-11-16,6.77,08-31-2008,Bank of America Merrill Lynch
2009,2007-11-21,6.77,08-31-2008,Bank of America Merrill Lynch
2009,2007-11-29,6.77,08-31-2008,Bank of America Merrill Lynch
2009,2007-12-12,6.77,08-31-2008,Bank of America Merrill Lynch
2009,2007-12-19,6.77,08-31-2008,Bank of America Merrill Lynch
2009,2007-12-26,6.4,08-31-2008,Bank of America Merrill Lynch
2009,2008-01-03,6.4,08-31-2008,Bank of America Merrill Lynch
2009,2008-01-09,6.4,08-31-2008,Bank of America Merrill Lynch
2009,2008-01-16,6.4,08-31-2008,Bank of America Merrill Lynch
2009,2008-01-21,6.51,08-31-2008,Bank of America Merrill Lynch
2009,2008-01-23,6.51,08-31-2008,Bank of America Merrill Lynch
2009,2008-01-31,6.51,08-31-2008,Bank of America Merrill Lynch
2009,2008-02-07,6.51,08-31-2008,Bank of America Merrill Lynch
2009,2008-02-14,6.51,08-31-2008,Bank of America Merrill Lynch
2009,2008-02-21,6.51,08-31-2008,Bank of America Merrill Lynch
2009,2008-02-27,6.51,08-31-2008,Bank of America Merrill Lynch
2009,2008-03-04,6.3,08-31-2008,Bank of America Merrill Lynch
2009,2008-03-13,6.3,08-31-2008,Bank of America Merrill Lynch
2009,2008-03-20,6.3,08-31-2008,Bank of America Merrill Lynch
2009,2008-03-26,6.3,08-31-2008,Bank of America Merrill Lynch
2009,2008-04-04,6.51,08-31-2008,Bank of America Merrill Lynch
2009,2008-04-10,6.51,08-31-2008,Bank of America Merrill Lynch
2009,2008-04-17,6.51,08-31-2008,Bank of America Merrill Lynch
2009,2008-04-24,6.51,08-31-2008,Bank of America Merrill Lynch
2009,2008-05-01,6.51,08-31-2008,Bank of America Merrill Lynch
2009,2008-05-07,6.51,08-31-2008,Bank of America Merrill Lynch
2009,2008-05-19,6.51,08-31-2008,Bank of America Merrill Lynch
2009,2008-05-21,6.51,08-31-2008,Bank of America Merrill Lynch
2009,2008-05-29,6.51,08-31-2008,Bank of America Merrill Lynch
2010,2008-01-21,6.3,08-31-2008,Bank of America Merrill Lynch
2010,2008-01-23,6.3,08-31-2008,Bank of America Merrill Lynch
2010,2008-01-31,6.3,08-31-2008,Bank of America Merrill Lynch
2010,2008-02-07,6.3,08-31-2008,Bank of America Merrill Lynch
2010,2008-02-14,6.3,08-31-2008,Bank of America Merrill Lynch
2010,2008-02-21,6.3,08-31-2008,Bank of America Merrill Lynch
2010,2008-02-27,6.3,08-31-2008,Bank of America Merrill Lynch
2010,2008-03-04,6.3,08-31-2008,Bank of America Merrill Lynch
2010,2008-03-13,6.3,08-31-2008,Bank of America Merrill Lynch
2010,2008-03-20,6.3,08-31-2008,Bank of America Merrill Lynch
2010,2008-03-26,6.3,08-31-2008,Bank of America Merrill Lynch
2010,2008-04-04,6.3,08-31-2008,Bank of America Merrill Lynch
2010,2008-04-10,6.3,08-31-2008,Bank of America Merrill Lynch
2010,2008-04-17,6.3,08-31-2008,Bank of America Merrill Lynch
2010,2008-04-24,6.3,08-31-2008,Bank of America Merrill Lynch
2010,2008-05-01,6.3,08-31-2008,Bank of America Merrill Lynch
2010,2008-05-07,6.3,08-31-2008,Bank of America Merrill Lynch
2010,2008-05-19,6.3,08-31-2008,Bank of America Merrill Lynch
2010,2008-05-21,6.3,08-31-2008,Bank of America Merrill Lynch
2010,2008-05-29,6.3,08-31-2008,Bank of America Merrill Lynch
Q3-09,2008-11-18,6.5,08-31-2009,Bank of America Merrill Lynch
Q3-09,2008-11-25,6.5,08-31-2009,Bank of America Merrill Lynch
Q3-09,2008-12-04,6.75,08-31-2009,Bank of America Merrill Lynch
Q3-09,2008-12-09,6.65,08-31-2009,Bank of America Merrill Lynch
Q3-09,2008-12-11,6.65,08-31-2009,Bank of America Merrill Lynch
Q3-09,2008-12-18,6.65,08-31-2009,Bank of America Merrill Lynch
Q3-09,2009-02-18,6.65,08-31-2009,Bank of America Merrill Lynch
Q3-09,2009-02-19,6.65,08-31-2009,Bank of America Merrill Lynch
Q3-09,2009-02-26,6.65,08-31-2009,Bank of America Merrill Lynch
Q3-09,2009-03-03,6.65,08-31-2009,Bank of America Merrill Lynch
Q3-09,2009-03-06,6.65,08-31-2009,Bank of America Merrill Lynch
Q3-09,2009-03-13,6.65,08-31-2009,Bank of America Merrill Lynch
Q3-09,2009-03-19,6.65,08-31-2009,Bank of America Merrill Lynch
Q3-09,2009-03-30,6.65,08-31-2009,Bank of America Merrill Lynch
Q3-09,2009-04-06,6.65,08-31-2009,Bank of America Merrill Lynch
Q3-09,2009-04-09,6.65,08-31-2009,Bank of America Merrill Lynch
Q3-09,2009-04-20,6.65,08-31-2009,Bank of America Merrill Lynch
Q3-09,2009-04-30,6.75,08-31-2009,Bank of America Merrill Lynch
Q3-09,2009-05-27,6.75,08-31-2009,Bank of America Merrill Lynch
Q3-09,2009-06-05,6.75,08-31-2009,Bank of America Merrill Lynch
Q3-09,2009-07-06,6.75,08-31-2009,Bank of America Merrill Lynch
Q3-09,2009-07-15,6.75,08-31-2009,Bank of America Merrill Lynch
Q3-09,2009-07-28,6.75,08-31-2009,Bank of America Merrill Lynch
Q3-09,2009-08-10,6.75,08-31-2009,Bank of America Merrill Lynch
Q3-09,2009-08-14,6.75,08-31-2009,Bank of America Merrill Lynch
Q4-09,2007-09-05,6.77,08-31-2009,Bank of America Merrill Lynch
Q4-09,2007-09-12,6.77,08-31-2009,Bank of America Merrill Lynch
Q4-09,2007-09-19,6.77,08-31-2009,Bank of America Merrill Lynch
Q4-09,2007-09-21,6.77,08-31-2009,Bank of America Merrill Lynch
Q4-09,2007-09-26,6.77,08-31-2009,Bank of America Merrill Lynch
Q4-09,2007-10-03,6.77,08-31-2009,Bank of America Merrill Lynch
Q4-09,2007-10-10,6.77,08-31-2009,Bank of America Merrill Lynch
Q4-09,2007-10-17,6.77,08-31-2009,Bank of America Merrill Lynch
Q4-09,2007-10-22,6.77,08-31-2009,Bank of America Merrill Lynch
Q4-09,2007-10-25,6.77,08-31-2009,Bank of America Merrill Lynch
Q4-09,2007-10-31,6.77,08-31-2009,Bank of America Merrill Lynch
Q4-09,2007-11-07,6.77,08-31-2009,Bank of America Merrill Lynch
Q4-09,2007-11-14,6.77,08-31-2009,Bank of America Merrill Lynch
Q4-09,2007-11-16,6.77,08-31-2009,Bank of America Merrill Lynch
Q4-09,2007-11-21,6.77,08-31-2009,Bank of America Merrill Lynch
Q4-09,2007-11-29,6.77,08-31-2009,Bank of America Merrill Lynch
Q4-09,2007-12-12,6.77,08-31-2009,Bank of America Merrill Lynch
Q4-09,2007-12-19,6.77,08-31-2009,Bank of America Merrill Lynch
Q4-09,2007-12-26,6.4,08-31-2009,Bank of America Merrill Lynch
Q4-09,2008-01-03,6.4,08-31-2009,Bank of America Merrill Lynch
Q4-09,2008-01-09,6.4,08-31-2009,Bank of America Merrill Lynch
Q4-09,2008-01-16,6.4,08-31-2009,Bank of America Merrill Lynch
Q4-09,2008-01-21,6.51,08-31-2009,Bank of America Merrill Lynch
Q4-09,2008-01-23,6.51,08-31-2009,Bank of America Merrill Lynch
Q4-09,2008-01-31,6.51,08-31-2009,Bank of America Merrill Lynch
Q4-09,2008-02-07,6.51,08-31-2009,Bank of America Merrill Lynch
Q4-09,2008-02-14,6.51,08-31-2009,Bank of America Merrill Lynch
Q4-09,2008-02-21,6.51,08-31-2009,Bank of America Merrill Lynch
Q4-09,2008-02-27,6.51,08-31-2009,Bank of America Merrill Lynch
Q4-09,2008-03-04,6.3,08-31-2009,Bank of America Merrill Lynch
Q4-09,2008-03-13,6.3,08-31-2009,Bank of America Merrill Lynch
Q4-09,2008-03-20,6.3,08-31-2009,Bank of America Merrill Lynch
Q4-09,2008-03-26,6.3,08-31-2009,Bank of America Merrill Lynch
Q4-09,2008-04-04,6.51,08-31-2009,Bank of America Merrill Lynch
Q4-09,2008-04-10,6.51,08-31-2009,Bank of America Merrill Lynch
Q4-09,2008-04-17,6.51,08-31-2009,Bank of America Merrill Lynch
Q4-09,2008-04-24,6.51,08-31-2009,Bank of America Merrill Lynch
Q4-09,2008-05-01,6.51,08-31-2009,Bank of America Merrill Lynch
Q4-09,2008-05-07,6.51,08-31-2009,Bank of America Merrill Lynch
Q4-09,2008-05-19,6.51,08-31-2009,Bank of America Merrill Lynch
Q4-09,2008-05-21,6.51,08-31-2009,Bank of America Merrill Lynch
Q4-09,2008-05-29,6.51,08-31-2009,Bank of America Merrill Lynch
Q4-09,2008-12-11,6.55,08-31-2009,Bank of America Merrill Lynch
Q4-09,2008-12-18,6.55,08-31-2009,Bank of America Merrill Lynch
Q4-09,2009-02-18,6.55,08-31-2009,Bank of America Merrill Lynch
Q4-09,2009-02-19,6.55,08-31-2009,Bank of America Merrill Lynch
Q4-09,2009-02-26,6.55,08-31-2009,Bank of America Merrill Lynch
Q4-09,2009-03-03,6.55,08-31-2009,Bank of America Merrill Lynch
Q4-09,2009-03-06,6.55,08-31-2009,Bank of America Merrill Lynch
Q4-09,2009-03-13,6.55,08-31-2009,Bank of America Merrill Lynch
Q4-09,2009-03-19,6.55,08-31-2009,Bank of America Merrill Lynch
Q4-09,2009-03-30,6.6,08-31-2009,Bank of America Merrill Lynch
Q4-09,2009-04-06,6.6,08-31-2009,Bank of America Merrill Lynch
Q4-09,2009-04-09,6.6,08-31-2009,Bank of America Merrill Lynch
Q4-09,2009-04-20,6.6,08-31-2009,Bank of America Merrill Lynch
Q4-09,2009-04-30,6.65,08-31-2009,Bank of America Merrill Lynch
Q4-09,2009-05-27,6.65,08-31-2009,Bank of America Merrill Lynch
Q4-09,2009-06-05,6.65,08-31-2009,Bank of America Merrill Lynch
Q4-09,2009-07-06,6.7,08-31-2009,Bank of America Merrill Lynch
Q4-09,2009-07-15,6.7,08-31-2009,Bank of America Merrill Lynch
Q4-09,2009-07-28,6.7,08-31-2009,Bank of America Merrill Lynch
Q4-09,2009-08-10,6.7,08-31-2009,Bank of America Merrill Lynch
Q4-09,2009-08-14,6.7,08-31-2009,Bank of America Merrill Lynch
Q1-10,2009-02-18,6.5,08-31-2009,Bank of America Merrill Lynch
Q1-10,2009-03-03,6.5,08-31-2009,Bank of America Merrill Lynch
Q1-10,2009-03-06,6.5,08-31-2009,Bank of America Merrill Lynch
Q1-10,2009-03-13,6.5,08-31-2009,Bank of America Merrill Lynch
Q1-10,2009-03-19,6.5,08-31-2009,Bank of America Merrill Lynch
Q1-10,2009-03-30,6.55,08-31-2009,Bank of America Merrill Lynch
Q1-10,2009-04-06,6.55,08-31-2009,Bank of America Merrill Lynch
Q1-10,2009-04-09,6.55,08-31-2009,Bank of America Merrill Lynch
Q1-10,2009-04-20,6.55,08-31-2009,Bank of America Merrill Lynch
Q1-10,2009-04-30,6.6,08-31-2009,Bank of America Merrill Lynch
Q1-10,2009-05-27,6.6,08-31-2009,Bank of America Merrill Lynch
Q1-10,2009-06-05,6.6,08-31-2009,Bank of America Merrill Lynch
Q1-10,2009-07-06,6.65,08-31-2009,Bank of America Merrill Lynch
Q1-10,2009-07-15,6.65,08-31-2009,Bank of America Merrill Lynch
Q1-10,2009-07-28,6.65,08-31-2009,Bank of America Merrill Lynch
Q1-10,2009-08-10,6.65,08-31-2009,Bank of America Merrill Lynch
Q1-10,2009-08-14,6.65,08-31-2009,Bank of America Merrill Lynch
Q2-10,2009-02-18,6.45,08-31-2009,Bank of America Merrill Lynch
Q2-10,2009-03-30,6.5,08-31-2009,Bank of America Merrill Lynch
Q2-10,2009-04-06,6.5,08-31-2009,Bank of America Merrill Lynch
Q2-10,2009-04-09,6.5,08-31-2009,Bank of America Merrill Lynch
Q2-10,2009-04-30,6.55,08-31-2009,Bank of America Merrill Lynch
Q2-10,2009-05-27,6.55,08-31-2009,Bank of America Merrill Lynch
Q2-10,2009-06-05,6.55,08-31-2009,Bank of America Merrill Lynch
Q2-10,2009-07-06,6.6,08-31-2009,Bank of America Merrill Lynch
Q2-10,2009-07-15,6.6,08-31-2009,Bank of America Merrill Lynch
Q2-10,2009-07-28,6.6,08-31-2009,Bank of America Merrill Lynch
Q2-10,2009-08-10,6.6,08-31-2009,Bank of America Merrill Lynch
Q2-10,2009-08-14,6.6,08-31-2009,Bank of America Merrill Lynch
2010,2008-01-21,6.3,08-31-2009,Bank of America Merrill Lynch
2010,2008-01-23,6.3,08-31-2009,Bank of America Merrill Lynch
2010,2008-01-31,6.3,08-31-2009,Bank of America Merrill Lynch
2010,2008-02-07,6.3,08-31-2009,Bank of America Merrill Lynch
2010,2008-02-14,6.3,08-31-2009,Bank of America Merrill Lynch
2010,2008-02-21,6.3,08-31-2009,Bank of America Merrill Lynch
2010,2008-02-27,6.3,08-31-2009,Bank of America Merrill Lynch
2010,2008-03-04,6.3,08-31-2009,Bank of America Merrill Lynch
2010,2008-03-13,6.3,08-31-2009,Bank of America Merrill Lynch
2010,2008-03-20,6.3,08-31-2009,Bank of America Merrill Lynch
2010,2008-03-26,6.3,08-31-2009,Bank of America Merrill Lynch
2010,2008-04-04,6.3,08-31-2009,Bank of America Merrill Lynch
2010,2008-04-10,6.3,08-31-2009,Bank of America Merrill Lynch
2010,2008-04-17,6.3,08-31-2009,Bank of America Merrill Lynch
2010,2008-04-24,6.3,08-31-2009,Bank of America Merrill Lynch
2010,2008-05-01,6.3,08-31-2009,Bank of America Merrill Lynch
2010,2008-05-07,6.3,08-31-2009,Bank of America Merrill Lynch
2010,2008-05-19,6.3,08-31-2009,Bank of America Merrill Lynch
2010,2008-05-21,6.3,08-31-2009,Bank of America Merrill Lynch
2010,2008-05-29,6.3,08-31-2009,Bank of America Merrill Lynch
2010,2008-12-18,6.3,08-31-2009,Bank of America Merrill Lynch
2010,2009-02-18,6.3,08-31-2009,Bank of America Merrill Lynch
2010,2009-02-19,6.3,08-31-2009,Bank of America Merrill Lynch
2010,2009-02-26,6.3,08-31-2009,Bank of America Merrill Lynch
2010,2009-03-03,6.3,08-31-2009,Bank of America Merrill Lynch
2010,2009-03-06,6.3,08-31-2009,Bank of America Merrill Lynch
2010,2009-03-19,6.3,08-31-2009,Bank of America Merrill Lynch
2010,2009-03-30,6.4,08-31-2009,Bank of America Merrill Lynch
2010,2009-04-06,6.4,08-31-2009,Bank of America Merrill Lynch
2010,2009-04-09,6.4,08-31-2009,Bank of America Merrill Lynch
2010,2009-04-20,6.4,08-31-2009,Bank of America Merrill Lynch
2010,2009-04-30,6.45,08-31-2009,Bank of America Merrill Lynch
2010,2009-05-27,6.45,08-31-2009,Bank of America Merrill Lynch
2010,2009-06-05,6.45,08-31-2009,Bank of America Merrill Lynch
2010,2009-07-06,6.5,08-31-2009,Bank of America Merrill Lynch
2010,2009-07-15,6.5,08-31-2009,Bank of America Merrill Lynch
2010,2009-07-28,6.5,08-31-2009,Bank of America Merrill Lynch
2010,2009-08-10,6.5,08-31-2009,Bank of America Merrill Lynch
2010,2009-08-14,6.5,08-31-2009,Bank of America Merrill Lynch
Q2-14,2013-08-01,6.08,05-31-2014,Bank of America Merrill Lynch
Q2-14,2013-08-29,6.1,05-31-2014,Bank of America Merrill Lynch
Q2-14,2013-10-11,6.1,05-31-2014,Bank of America Merrill Lynch
Q2-14,2013-11-25,6.03,05-31-2014,Bank of America Merrill Lynch
Q2-14,2014-02-05,6.03,05-31-2014,Bank of America Merrill Lynch
Q2-14,2014-03-07,6.03,05-31-2014,Bank of America Merrill Lynch
Q3-14,2013-10-11,6.08,05-31-2014,Bank of America Merrill Lynch
Q3-14,2013-11-25,6.02,05-31-2014,Bank of America Merrill Lynch
Q3-14,2014-02-05,6.02,05-31-2014,Bank of America Merrill Lynch
Q3-14,2014-03-07,6.02,05-31-2014,Bank of America Merrill Lynch
Q4-14,2013-08-01,6.08,05-31-2014,Bank of America Merrill Lynch
Q4-14,2013-08-29,6.05,05-31-2014,Bank of America Merrill Lynch
Q4-14,2013-10-11,6.05,05-31-2014,Bank of America Merrill Lynch
Q4-14,2013-11-25,6.0,05-31-2014,Bank of America Merrill Lynch
Q4-14,2014-02-05,6.0,05-31-2014,Bank of America Merrill Lynch
Q4-14,2014-03-07,6.0,05-31-2014,Bank of America Merrill Lynch
2015,2013-11-25,6.05,05-31-2014,Bank of America Merrill Lynch
2015,2014-02-05,5.8,05-31-2014,Bank of America Merrill Lynch
2015,2014-03-07,5.8,05-31-2014,Bank of America Merrill Lynch
Q4-13,2012-01-25,6.1,11-30-2013,Bank of America Merrill Lynch
Q4-13,2012-07-09,6.1,11-30-2013,Bank of America Merrill Lynch
Q4-13,2012-08-01,6.25,11-30-2013,Bank of America Merrill Lynch
Q4-13,2013-08-01,6.12,11-30-2013,Bank of America Merrill Lynch
Q4-13,2013-08-29,6.12,11-30-2013,Bank of America Merrill Lynch
Q4-13,2013-10-11,6.12,11-30-2013,Bank of America Merrill Lynch
Q4-13,2013-11-25,6.08,11-30-2013,Bank of America Merrill Lynch
Q1-14,2013-08-01,6.1,11-30-2013,Bank of America Merrill Lynch
Q1-14,2013-08-29,6.1,11-30-2013,Bank of America Merrill Lynch
Q1-14,2013-10-11,6.1,11-30-2013,Bank of America Merrill Lynch
Q1-14,2013-11-25,6.05,11-30-2013,Bank of America Merrill Lynch
Q2-14,2013-08-01,6.08,11-30-2013,Bank of America Merrill Lynch
Q2-14,2013-08-29,6.1,11-30-2013,Bank of America Merrill Lynch
Q2-14,2013-10-11,6.1,11-30-2013,Bank of America Merrill Lynch
Q2-14,2013-11-25,6.03,11-30-2013,Bank of America Merrill Lynch
Q3-14,2013-10-11,6.08,11-30-2013,Bank of America Merrill Lynch
Q3-14,2013-11-25,6.02,11-30-2013,Bank of America Merrill Lynch
2014,2013-08-01,6.08,11-30-2013,Bank of America Merrill Lynch
2014,2013-08-29,6.05,11-30-2013,Bank of America Merrill Lynch
2014,2013-10-11,6.05,11-30-2013,Bank of America Merrill Lynch
2014,2013-11-25,6.0,11-30-2013,Bank of America Merrill Lynch
2015,2013-11-25,6.05,11-30-2013,Bank of America Merrill Lynch
Q1-14,2013-08-01,6.1,02-28-2014,Bank of America Merrill Lynch
Q1-14,2013-08-29,6.1,02-28-2014,Bank of America Merrill Lynch
Q1-14,2013-10-11,6.1,02-28-2014,Bank of America Merrill Lynch
Q1-14,2013-11-25,6.05,02-28-2014,Bank of America Merrill Lynch
Q1-14,2014-02-05,6.05,02-28-2014,Bank of America Merrill Lynch
Q2-14,2013-08-01,6.08,02-28-2014,Bank of America Merrill Lynch
Q2-14,2013-08-29,6.1,02-28-2014,Bank of America Merrill Lynch
Q2-14,2013-10-11,6.1,02-28-2014,Bank of America Merrill Lynch
Q2-14,2013-11-25,6.03,02-28-2014,Bank of America Merrill Lynch
Q2-14,2014-02-05,6.03,02-28-2014,Bank of America Merrill Lynch
Q3-14,2013-10-11,6.08,02-28-2014,Bank of America Merrill Lynch
Q3-14,2013-11-25,6.02,02-28-2014,Bank of America Merrill Lynch
Q3-14,2014-02-05,6.02,02-28-2014,Bank of America Merrill Lynch
Q4-14,2013-08-01,6.08,02-28-2014,Bank of America Merrill Lynch
Q4-14,2013-08-29,6.05,02-28-2014,Bank of America Merrill Lynch
Q4-14,2013-10-11,6.05,02-28-2014,Bank of America Merrill Lynch
Q4-14,2013-11-25,6.0,02-28-2014,Bank of America Merrill Lynch
Q4-14,2014-02-05,6.0,02-28-2014,Bank of America Merrill Lynch
2015,2013-11-25,6.05,02-28-2014,Bank of America Merrill Lynch
2015,2014-02-05,5.8,02-28-2014,Bank of America Merrill Lynch
Q3-13,2012-08-01,6.3,08-31-2013,Bank of America Merrill Lynch
Q3-13,2012-10-29,6.1,08-31-2013,Bank of America Merrill Lynch
Q3-13,2013-08-01,6.18,08-31-2013,Bank of America Merrill Lynch
Q3-13,2013-08-29,6.15,08-31-2013,Bank of America Merrill Lynch
Q4-13,2012-01-25,6.1,08-31-2013,Bank of America Merrill Lynch
Q4-13,2012-07-09,6.1,08-31-2013,Bank of America Merrill Lynch
Q4-13,2012-08-01,6.25,08-31-2013,Bank of America Merrill Lynch
Q4-13,2013-08-01,6.12,08-31-2013,Bank of America Merrill Lynch
Q4-13,2013-08-29,6.12,08-31-2013,Bank of America Merrill Lynch
Q1-14,2013-08-01,6.1,08-31-2013,Bank of America Merrill Lynch
Q1-14,2013-08-29,6.1,08-31-2013,Bank of America Merrill Lynch
Q2-14,2013-08-01,6.08,08-31-2013,Bank of America Merrill Lynch
Q2-14,2013-08-29,6.1,08-31-2013,Bank of America Merrill Lynch
2014,2013-08-01,6.08,08-31-2013,Bank of America Merrill Lynch
2014,2013-08-29,6.05,08-31-2013,Bank of America Merrill Lynch
Q4-09,2007-12-12,6.77,11-30-2009,Bank of America Merrill Lynch
Q4-09,2007-12-19,6.77,11-30-2009,Bank of America Merrill Lynch
Q4-09,2007-12-26,6.4,11-30-2009,Bank of America Merrill Lynch
Q4-09,2008-01-03,6.4,11-30-2009,Bank of America Merrill Lynch
Q4-09,2008-01-09,6.4,11-30-2009,Bank of America Merrill Lynch
Q4-09,2008-01-16,6.4,11-30-2009,Bank of America Merrill Lynch
Q4-09,2008-01-21,6.51,11-30-2009,Bank of America Merrill Lynch
Q4-09,2008-01-23,6.51,11-30-2009,Bank of America Merrill Lynch
Q4-09,2008-01-31,6.51,11-30-2009,Bank of America Merrill Lynch
Q4-09,2008-02-07,6.51,11-30-2009,Bank of America Merrill Lynch
Q4-09,2008-02-14,6.51,11-30-2009,Bank of America Merrill Lynch
Q4-09,2008-02-21,6.51,11-30-2009,Bank of America Merrill Lynch
Q4-09,2008-02-27,6.51,11-30-2009,Bank of America Merrill Lynch
Q4-09,2008-03-04,6.3,11-30-2009,Bank of America Merrill Lynch
Q4-09,2008-03-13,6.3,11-30-2009,Bank of America Merrill Lynch
Q4-09,2008-03-20,6.3,11-30-2009,Bank of America Merrill Lynch
Q4-09,2008-03-26,6.3,11-30-2009,Bank of America Merrill Lynch
Q4-09,2008-04-04,6.51,11-30-2009,Bank of America Merrill Lynch
Q4-09,2008-04-10,6.51,11-30-2009,Bank of America Merrill Lynch
Q4-09,2008-04-17,6.51,11-30-2009,Bank of America Merrill Lynch
Q4-09,2008-04-24,6.51,11-30-2009,Bank of America Merrill Lynch
Q4-09,2008-05-01,6.51,11-30-2009,Bank of America Merrill Lynch
Q4-09,2008-05-07,6.51,11-30-2009,Bank of America Merrill Lynch
Q4-09,2008-05-19,6.51,11-30-2009,Bank of America Merrill Lynch
Q4-09,2008-05-21,6.51,11-30-2009,Bank of America Merrill Lynch
Q4-09,2008-05-29,6.51,11-30-2009,Bank of America Merrill Lynch
Q4-09,2008-12-11,6.55,11-30-2009,Bank of America Merrill Lynch
Q4-09,2008-12-18,6.55,11-30-2009,Bank of America Merrill Lynch
Q4-09,2009-02-18,6.55,11-30-2009,Bank of America Merrill Lynch
Q4-09,2009-02-19,6.55,11-30-2009,Bank of America Merrill Lynch
Q4-09,2009-02-26,6.55,11-30-2009,Bank of America Merrill Lynch
Q4-09,2009-03-03,6.55,11-30-2009,Bank of America Merrill Lynch
Q4-09,2009-03-06,6.55,11-30-2009,Bank of America Merrill Lynch
Q4-09,2009-03-13,6.55,11-30-2009,Bank of America Merrill Lynch
Q4-09,2009-03-19,6.55,11-30-2009,Bank of America Merrill Lynch
Q4-09,2009-03-30,6.6,11-30-2009,Bank of America Merrill Lynch
Q4-09,2009-04-06,6.6,11-30-2009,Bank of America Merrill Lynch
Q4-09,2009-04-09,6.6,11-30-2009,Bank of America Merrill Lynch
Q4-09,2009-04-20,6.6,11-30-2009,Bank of America Merrill Lynch
Q4-09,2009-04-30,6.65,11-30-2009,Bank of America Merrill Lynch
Q4-09,2009-05-27,6.65,11-30-2009,Bank of America Merrill Lynch
Q4-09,2009-06-05,6.65,11-30-2009,Bank of America Merrill Lynch
Q4-09,2009-07-06,6.7,11-30-2009,Bank of America Merrill Lynch
Q4-09,2009-07-15,6.7,11-30-2009,Bank of America Merrill Lynch
Q4-09,2009-07-28,6.7,11-30-2009,Bank of America Merrill Lynch
Q4-09,2009-08-10,6.7,11-30-2009,Bank of America Merrill Lynch
Q4-09,2009-08-14,6.7,11-30-2009,Bank of America Merrill Lynch
Q4-09,2009-09-04,6.7,11-30-2009,Bank of America Merrill Lynch
Q4-09,2009-09-25,6.7,11-30-2009,Bank of America Merrill Lynch
Q4-09,2009-09-30,6.7,11-30-2009,Bank of America Merrill Lynch
Q4-09,2009-10-30,6.7,11-30-2009,Bank of America Merrill Lynch
Q4-09,2009-11-13,6.7,11-30-2009,Bank of America Merrill Lynch
Q1-10,2009-02-18,6.5,11-30-2009,Bank of America Merrill Lynch
Q1-10,2009-03-03,6.5,11-30-2009,Bank of America Merrill Lynch
Q1-10,2009-03-06,6.5,11-30-2009,Bank of America Merrill Lynch
Q1-10,2009-03-13,6.5,11-30-2009,Bank of America Merrill Lynch
Q1-10,2009-03-19,6.5,11-30-2009,Bank of America Merrill Lynch
Q1-10,2009-03-30,6.55,11-30-2009,Bank of America Merrill Lynch
Q1-10,2009-04-06,6.55,11-30-2009,Bank of America Merrill Lynch
Q1-10,2009-04-09,6.55,11-30-2009,Bank of America Merrill Lynch
Q1-10,2009-04-20,6.55,11-30-2009,Bank of America Merrill Lynch
Q1-10,2009-04-30,6.6,11-30-2009,Bank of America Merrill Lynch
Q1-10,2009-05-27,6.6,11-30-2009,Bank of America Merrill Lynch
Q1-10,2009-06-05,6.6,11-30-2009,Bank of America Merrill Lynch
Q1-10,2009-07-06,6.65,11-30-2009,Bank of America Merrill Lynch
Q1-10,2009-07-15,6.65,11-30-2009,Bank of America Merrill Lynch
Q1-10,2009-07-28,6.65,11-30-2009,Bank of America Merrill Lynch
Q1-10,2009-08-10,6.65,11-30-2009,Bank of America Merrill Lynch
Q1-10,2009-08-14,6.65,11-30-2009,Bank of America Merrill Lynch
Q1-10,2009-09-04,6.65,11-30-2009,Bank of America Merrill Lynch
Q1-10,2009-09-25,6.65,11-30-2009,Bank of America Merrill Lynch
Q1-10,2009-09-30,6.65,11-30-2009,Bank of America Merrill Lynch
Q1-10,2009-10-30,6.65,11-30-2009,Bank of America Merrill Lynch
Q1-10,2009-11-13,6.65,11-30-2009,Bank of America Merrill Lynch
Q2-10,2009-02-18,6.45,11-30-2009,Bank of America Merrill Lynch
Q2-10,2009-03-30,6.5,11-30-2009,Bank of America Merrill Lynch
Q2-10,2009-04-06,6.5,11-30-2009,Bank of America Merrill Lynch
Q2-10,2009-04-09,6.5,11-30-2009,Bank of America Merrill Lynch
Q2-10,2009-04-30,6.55,11-30-2009,Bank of America Merrill Lynch
Q2-10,2009-05-27,6.55,11-30-2009,Bank of America Merrill Lynch
Q2-10,2009-06-05,6.55,11-30-2009,Bank of America Merrill Lynch
Q2-10,2009-07-06,6.6,11-30-2009,Bank of America Merrill Lynch
Q2-10,2009-07-15,6.6,11-30-2009,Bank of America Merrill Lynch
Q2-10,2009-07-28,6.6,11-30-2009,Bank of America Merrill Lynch
Q2-10,2009-08-10,6.6,11-30-2009,Bank of America Merrill Lynch
Q2-10,2009-08-14,6.6,11-30-2009,Bank of America Merrill Lynch
Q2-10,2009-09-04,6.6,11-30-2009,Bank of America Merrill Lynch
Q2-10,2009-09-25,6.6,11-30-2009,Bank of America Merrill Lynch
Q2-10,2009-09-30,6.6,11-30-2009,Bank of America Merrill Lynch
Q2-10,2009-10-30,6.6,11-30-2009,Bank of America Merrill Lynch
Q2-10,2009-11-13,6.6,11-30-2009,Bank of America Merrill Lynch
Q3-10,2009-02-18,6.35,11-30-2009,Bank of America Merrill Lynch
Q3-10,2009-03-30,6.45,11-30-2009,Bank of America Merrill Lynch
Q3-10,2009-04-06,6.45,11-30-2009,Bank of America Merrill Lynch
Q3-10,2009-04-09,6.45,11-30-2009,Bank of America Merrill Lynch
Q3-10,2009-04-30,6.5,11-30-2009,Bank of America Merrill Lynch
Q3-10,2009-05-27,6.5,11-30-2009,Bank of America Merrill Lynch
Q3-10,2009-06-05,6.5,11-30-2009,Bank of America Merrill Lynch
Q3-10,2009-07-06,6.55,11-30-2009,Bank of America Merrill Lynch
Q3-10,2009-07-15,6.55,11-30-2009,Bank of America Merrill Lynch
Q3-10,2009-08-10,6.55,11-30-2009,Bank of America Merrill Lynch
Q3-10,2009-08-14,6.55,11-30-2009,Bank of America Merrill Lynch
Q3-10,2009-09-04,6.55,11-30-2009,Bank of America Merrill Lynch
Q3-10,2009-09-25,6.55,11-30-2009,Bank of America Merrill Lynch
Q3-10,2009-09-30,6.55,11-30-2009,Bank of America Merrill Lynch
Q3-10,2009-10-30,6.55,11-30-2009,Bank of America Merrill Lynch
Q3-10,2009-11-13,6.55,11-30-2009,Bank of America Merrill Lynch
2010,2008-01-21,6.3,11-30-2009,Bank of America Merrill Lynch
2010,2008-01-23,6.3,11-30-2009,Bank of America Merrill Lynch
2010,2008-01-31,6.3,11-30-2009,Bank of America Merrill Lynch
2010,2008-02-07,6.3,11-30-2009,Bank of America Merrill Lynch
2010,2008-02-14,6.3,11-30-2009,Bank of America Merrill Lynch
2010,2008-02-21,6.3,11-30-2009,Bank of America Merrill Lynch
2010,2008-02-27,6.3,11-30-2009,Bank of America Merrill Lynch
2010,2008-03-04,6.3,11-30-2009,Bank of America Merrill Lynch
2010,2008-03-13,6.3,11-30-2009,Bank of America Merrill Lynch
2010,2008-03-20,6.3,11-30-2009,Bank of America Merrill Lynch
2010,2008-03-26,6.3,11-30-2009,Bank of America Merrill Lynch
2010,2008-04-04,6.3,11-30-2009,Bank of America Merrill Lynch
2010,2008-04-10,6.3,11-30-2009,Bank of America Merrill Lynch
2010,2008-04-17,6.3,11-30-2009,Bank of America Merrill Lynch
2010,2008-04-24,6.3,11-30-2009,Bank of America Merrill Lynch
2010,2008-05-01,6.3,11-30-2009,Bank of America Merrill Lynch
2010,2008-05-07,6.3,11-30-2009,Bank of America Merrill Lynch
2010,2008-05-19,6.3,11-30-2009,Bank of America Merrill Lynch
2010,2008-05-21,6.3,11-30-2009,Bank of America Merrill Lynch
2010,2008-05-29,6.3,11-30-2009,Bank of America Merrill Lynch
2010,2008-12-18,6.3,11-30-2009,Bank of America Merrill Lynch
2010,2009-02-18,6.3,11-30-2009,Bank of America Merrill Lynch
2010,2009-02-19,6.3,11-30-2009,Bank of America Merrill Lynch
2010,2009-02-26,6.3,11-30-2009,Bank of America Merrill Lynch
2010,2009-03-03,6.3,11-30-2009,Bank of America Merrill Lynch
2010,2009-03-06,6.3,11-30-2009,Bank of America Merrill Lynch
2010,2009-03-19,6.3,11-30-2009,Bank of America Merrill Lynch
2010,2009-03-30,6.4,11-30-2009,Bank of America Merrill Lynch
2010,2009-04-06,6.4,11-30-2009,Bank of America Merrill Lynch
2010,2009-04-09,6.4,11-30-2009,Bank of America Merrill Lynch
2010,2009-04-20,6.4,11-30-2009,Bank of America Merrill Lynch
2010,2009-04-30,6.45,11-30-2009,Bank of America Merrill Lynch
2010,2009-05-27,6.45,11-30-2009,Bank of America Merrill Lynch
2010,2009-06-05,6.45,11-30-2009,Bank of America Merrill Lynch
2010,2009-07-06,6.5,11-30-2009,Bank of America Merrill Lynch
2010,2009-07-15,6.5,11-30-2009,Bank of America Merrill Lynch
2010,2009-07-28,6.5,11-30-2009,Bank of America Merrill Lynch
2010,2009-08-10,6.5,11-30-2009,Bank of America Merrill Lynch
2010,2009-08-14,6.5,11-30-2009,Bank of America Merrill Lynch
2010,2009-09-04,6.5,11-30-2009,Bank of America Merrill Lynch
2010,2009-09-25,6.5,11-30-2009,Bank of America Merrill Lynch
2010,2009-09-30,6.5,11-30-2009,Bank of America Merrill Lynch
2010,2009-10-30,6.5,11-30-2009,Bank of America Merrill Lynch
2010,2009-11-13,6.5,11-30-2009,Bank of America Merrill Lynch
Q4-14,2013-08-01,6.08,11-30-2014,Bank of America Merrill Lynch
Q4-14,2013-08-29,6.05,11-30-2014,Bank of America Merrill Lynch
Q4-14,2013-10-11,6.05,11-30-2014,Bank of America Merrill Lynch
Q4-14,2013-11-25,6.0,11-30-2014,Bank of America Merrill Lynch
Q4-14,2014-02-05,6.0,11-30-2014,Bank of America Merrill Lynch
Q4-14,2014-03-07,6.0,11-30-2014,Bank of America Merrill Lynch
2015,2013-11-25,6.05,11-30-2014,Bank of America Merrill Lynch
2015,2014-02-05,5.8,11-30-2014,Bank of America Merrill Lynch
2015,2014-03-07,5.8,11-30-2014,Bank of America Merrill Lynch
Q1-09,2008-04-04,6.6,02-28-2009,Bank of America Merrill Lynch
Q1-09,2008-04-10,6.6,02-28-2009,Bank of America Merrill Lynch
Q1-09,2008-04-17,6.6,02-28-2009,Bank of America Merrill Lynch
Q1-09,2008-04-24,6.6,02-28-2009,Bank of America Merrill Lynch
Q1-09,2008-05-01,6.6,02-28-2009,Bank of America Merrill Lynch
Q1-09,2008-05-07,6.6,02-28-2009,Bank of America Merrill Lynch
Q1-09,2008-05-19,6.6,02-28-2009,Bank of America Merrill Lynch
Q1-09,2008-05-21,6.6,02-28-2009,Bank of America Merrill Lynch
Q1-09,2008-05-29,6.6,02-28-2009,Bank of America Merrill Lynch
Q1-09,2008-06-10,6.6,02-28-2009,Bank of America Merrill Lynch
Q1-09,2008-06-16,6.6,02-28-2009,Bank of America Merrill Lynch
Q1-09,2008-07-02,6.45,02-28-2009,Bank of America Merrill Lynch
Q1-09,2008-07-10,6.39,02-28-2009,Bank of America Merrill Lynch
Q1-09,2008-07-16,6.27,02-28-2009,Bank of America Merrill Lynch
Q1-09,2008-11-18,6.67,02-28-2009,Bank of America Merrill Lynch
Q1-09,2008-11-25,6.67,02-28-2009,Bank of America Merrill Lynch
Q1-09,2008-12-04,6.83,02-28-2009,Bank of America Merrill Lynch
Q1-09,2008-12-09,6.8,02-28-2009,Bank of America Merrill Lynch
Q1-09,2008-12-11,6.8,02-28-2009,Bank of America Merrill Lynch
Q1-09,2008-12-18,6.8,02-28-2009,Bank of America Merrill Lynch
Q1-09,2009-02-18,6.8,02-28-2009,Bank of America Merrill Lynch
Q1-09,2009-02-19,6.8,02-28-2009,Bank of America Merrill Lynch
Q1-09,2009-02-26,6.8,02-28-2009,Bank of America Merrill Lynch
Q2-09,2008-07-02,6.27,02-28-2009,Bank of America Merrill Lynch
Q2-09,2008-07-10,6.23,02-28-2009,Bank of America Merrill Lynch
Q2-09,2008-07-16,6.14,02-28-2009,Bank of America Merrill Lynch
Q2-09,2008-11-18,6.6,02-28-2009,Bank of America Merrill Lynch
Q2-09,2008-11-25,6.6,02-28-2009,Bank of America Merrill Lynch
Q2-09,2008-12-04,6.8,02-28-2009,Bank of America Merrill Lynch
Q2-09,2008-12-09,6.75,02-28-2009,Bank of America Merrill Lynch
Q2-09,2008-12-11,6.75,02-28-2009,Bank of America Merrill Lynch
Q2-09,2008-12-18,6.75,02-28-2009,Bank of America Merrill Lynch
Q2-09,2009-02-18,6.75,02-28-2009,Bank of America Merrill Lynch
Q2-09,2009-02-19,6.75,02-28-2009,Bank of America Merrill Lynch
Q2-09,2009-02-26,6.75,02-28-2009,Bank of America Merrill Lynch
Q3-09,2008-11-18,6.5,02-28-2009,Bank of America Merrill Lynch
Q3-09,2008-11-25,6.5,02-28-2009,Bank of America Merrill Lynch
Q3-09,2008-12-04,6.75,02-28-2009,Bank of America Merrill Lynch
Q3-09,2008-12-09,6.65,02-28-2009,Bank of America Merrill Lynch
Q3-09,2008-12-11,6.65,02-28-2009,Bank of America Merrill Lynch
Q3-09,2008-12-18,6.65,02-28-2009,Bank of America Merrill Lynch
Q3-09,2009-02-18,6.65,02-28-2009,Bank of America Merrill Lynch
Q3-09,2009-02-19,6.65,02-28-2009,Bank of America Merrill Lynch
Q3-09,2009-02-26,6.65,02-28-2009,Bank of America Merrill Lynch
Q4-09,2007-03-01,7.03,02-28-2009,Bank of America Merrill Lynch
Q4-09,2007-03-07,7.03,02-28-2009,Bank of America Merrill Lynch
Q4-09,2007-05-31,7.03,02-28-2009,Bank of America Merrill Lynch
Q4-09,2007-06-06,7.03,02-28-2009,Bank of America Merrill Lynch
Q4-09,2007-06-13,7.03,02-28-2009,Bank of America Merrill Lynch
Q4-09,2007-06-20,7.03,02-28-2009,Bank of America Merrill Lynch
Q4-09,2007-06-27,7.03,02-28-2009,Bank of America Merrill Lynch
Q4-09,2007-07-04,7.03,02-28-2009,Bank of America Merrill Lynch
Q4-09,2007-07-12,7.03,02-28-2009,Bank of America Merrill Lynch
Q4-09,2007-07-18,7.03,02-28-2009,Bank of America Merrill Lynch
Q4-09,2007-07-25,7.03,02-28-2009,Bank of America Merrill Lynch
Q4-09,2007-08-01,7.03,02-28-2009,Bank of America Merrill Lynch
Q4-09,2007-08-08,7.03,02-28-2009,Bank of America Merrill Lynch
Q4-09,2007-08-15,7.03,02-28-2009,Bank of America Merrill Lynch
Q4-09,2007-08-22,7.03,02-28-2009,Bank of America Merrill Lynch
Q4-09,2007-08-24,6.77,02-28-2009,Bank of America Merrill Lynch
Q4-09,2007-08-29,6.77,02-28-2009,Bank of America Merrill Lynch
Q4-09,2007-09-05,6.77,02-28-2009,Bank of America Merrill Lynch
Q4-09,2007-09-12,6.77,02-28-2009,Bank of America Merrill Lynch
Q4-09,2007-09-19,6.77,02-28-2009,Bank of America Merrill Lynch
Q4-09,2007-09-21,6.77,02-28-2009,Bank of America Merrill Lynch
Q4-09,2007-09-26,6.77,02-28-2009,Bank of America Merrill Lynch
Q4-09,2007-10-03,6.77,02-28-2009,Bank of America Merrill Lynch
Q4-09,2007-10-10,6.77,02-28-2009,Bank of America Merrill Lynch
Q4-09,2007-10-17,6.77,02-28-2009,Bank of America Merrill Lynch
Q4-09,2007-10-22,6.77,02-28-2009,Bank of America Merrill Lynch
Q4-09,2007-10-25,6.77,02-28-2009,Bank of America Merrill Lynch
Q4-09,2007-10-31,6.77,02-28-2009,Bank of America Merrill Lynch
Q4-09,2007-11-07,6.77,02-28-2009,Bank of America Merrill Lynch
Q4-09,2007-11-14,6.77,02-28-2009,Bank of America Merrill Lynch
Q4-09,2007-11-16,6.77,02-28-2009,Bank of America Merrill Lynch
Q4-09,2007-11-21,6.77,02-28-2009,Bank of America Merrill Lynch
Q4-09,2007-11-29,6.77,02-28-2009,Bank of America Merrill Lynch
Q4-09,2007-12-12,6.77,02-28-2009,Bank of America Merrill Lynch
Q4-09,2007-12-19,6.77,02-28-2009,Bank of America Merrill Lynch
Q4-09,2007-12-26,6.4,02-28-2009,Bank of America Merrill Lynch
Q4-09,2008-01-03,6.4,02-28-2009,Bank of America Merrill Lynch
Q4-09,2008-01-09,6.4,02-28-2009,Bank of America Merrill Lynch
Q4-09,2008-01-16,6.4,02-28-2009,Bank of America Merrill Lynch
Q4-09,2008-01-21,6.51,02-28-2009,Bank of America Merrill Lynch
Q4-09,2008-01-23,6.51,02-28-2009,Bank of America Merrill Lynch
Q4-09,2008-01-31,6.51,02-28-2009,Bank of America Merrill Lynch
Q4-09,2008-02-07,6.51,02-28-2009,Bank of America Merrill Lynch
Q4-09,2008-02-14,6.51,02-28-2009,Bank of America Merrill Lynch
Q4-09,2008-02-21,6.51,02-28-2009,Bank of America Merrill Lynch
Q4-09,2008-02-27,6.51,02-28-2009,Bank of America Merrill Lynch
Q4-09,2008-03-04,6.3,02-28-2009,Bank of America Merrill Lynch
Q4-09,2008-03-13,6.3,02-28-2009,Bank of America Merrill Lynch
Q4-09,2008-03-20,6.3,02-28-2009,Bank of America Merrill Lynch
Q4-09,2008-03-26,6.3,02-28-2009,Bank of America Merrill Lynch
Q4-09,2008-04-04,6.51,02-28-2009,Bank of America Merrill Lynch
Q4-09,2008-04-10,6.51,02-28-2009,Bank of America Merrill Lynch
Q4-09,2008-04-17,6.51,02-28-2009,Bank of America Merrill Lynch
Q4-09,2008-04-24,6.51,02-28-2009,Bank of America Merrill Lynch
Q4-09,2008-05-01,6.51,02-28-2009,Bank of America Merrill Lynch
Q4-09,2008-05-07,6.51,02-28-2009,Bank of America Merrill Lynch
Q4-09,2008-05-19,6.51,02-28-2009,Bank of America Merrill Lynch
Q4-09,2008-05-21,6.51,02-28-2009,Bank of America Merrill Lynch
Q4-09,2008-05-29,6.51,02-28-2009,Bank of America Merrill Lynch
Q4-09,2008-12-11,6.55,02-28-2009,Bank of America Merrill Lynch
Q4-09,2008-12-18,6.55,02-28-2009,Bank of America Merrill Lynch
Q4-09,2009-02-18,6.55,02-28-2009,Bank of America Merrill Lynch
Q4-09,2009-02-19,6.55,02-28-2009,Bank of America Merrill Lynch
Q4-09,2009-02-26,6.55,02-28-2009,Bank of America Merrill Lynch
2010,2008-01-21,6.3,02-28-2009,Bank of America Merrill Lynch
2010,2008-01-23,6.3,02-28-2009,Bank of America Merrill Lynch
2010,2008-01-31,6.3,02-28-2009,Bank of America Merrill Lynch
2010,2008-02-07,6.3,02-28-2009,Bank of America Merrill Lynch
2010,2008-02-14,6.3,02-28-2009,Bank of America Merrill Lynch
2010,2008-02-21,6.3,02-28-2009,Bank of America Merrill Lynch
2010,2008-02-27,6.3,02-28-2009,Bank of America Merrill Lynch
2010,2008-03-04,6.3,02-28-2009,Bank of America Merrill Lynch
2010,2008-03-13,6.3,02-28-2009,Bank of America Merrill Lynch
2010,2008-03-20,6.3,02-28-2009,Bank of America Merrill Lynch
2010,2008-03-26,6.3,02-28-2009,Bank of America Merrill Lynch
2010,2008-04-04,6.3,02-28-2009,Bank of America Merrill Lynch
2010,2008-04-10,6.3,02-28-2009,Bank of America Merrill Lynch
2010,2008-04-17,6.3,02-28-2009,Bank of America Merrill Lynch
2010,2008-04-24,6.3,02-28-2009,Bank of America Merrill Lynch
2010,2008-05-01,6.3,02-28-2009,Bank of America Merrill Lynch
2010,2008-05-07,6.3,02-28-2009,Bank of America Merrill Lynch
2010,2008-05-19,6.3,02-28-2009,Bank of America Merrill Lynch
2010,2008-05-21,6.3,02-28-2009,Bank of America Merrill Lynch
2010,2008-05-29,6.3,02-28-2009,Bank of America Merrill Lynch
2010,2008-12-18,6.3,02-28-2009,Bank of America Merrill Lynch
2010,2009-02-18,6.3,02-28-2009,Bank of America Merrill Lynch
2010,2009-02-19,6.3,02-28-2009,Bank of America Merrill Lynch
2010,2009-02-26,6.3,02-28-2009,Bank of America Merrill Lynch
Q2-13,2012-07-09,6.2,05-31-2013,Bank of America Merrill Lynch
Q2-13,2012-08-01,6.3,05-31-2013,Bank of America Merrill Lynch
Q2-13,2012-10-29,6.2,05-31-2013,Bank of America Merrill Lynch
Q3-13,2012-08-01,6.3,05-31-2013,Bank of America Merrill Lynch
Q3-13,2012-10-29,6.1,05-31-2013,Bank of America Merrill Lynch
Q4-13,2012-01-25,6.1,05-31-2013,Bank of America Merrill Lynch
Q4-13,2012-07-09,6.1,05-31-2013,Bank of America Merrill Lynch
Q4-13,2012-08-01,6.25,05-31-2013,Bank of America Merrill Lynch
Q4-14,2013-08-01,6.08,08-31-2014,Bank of America Merrill Lynch
Q4-14,2013-08-29,6.05,08-31-2014,Bank of America Merrill Lynch
Q4-14,2013-10-11,6.05,08-31-2014,Bank of America Merrill Lynch
Q4-14,2013-11-25,6.0,08-31-2014,Bank of America Merrill Lynch
Q4-14,2014-02-05,6.0,08-31-2014,Bank of America Merrill Lynch
Q4-14,2014-03-07,6.0,08-31-2014,Bank of America Merrill Lynch
2015,2013-11-25,6.05,08-31-2014,Bank of America Merrill Lynch
2015,2014-02-05,5.8,08-31-2014,Bank of America Merrill Lynch
2015,2014-03-07,5.8,08-31-2014,Bank of America Merrill Lynch
Q2-09,2008-07-02,6.27,05-31-2009,Bank of America Merrill Lynch
Q2-09,2008-07-10,6.23,05-31-2009,Bank of America Merrill Lynch
Q2-09,2008-07-16,6.14,05-31-2009,Bank of America Merrill Lynch
Q2-09,2008-11-18,6.6,05-31-2009,Bank of America Merrill Lynch
Q2-09,2008-11-25,6.6,05-31-2009,Bank of America Merrill Lynch
Q2-09,2008-12-04,6.8,05-31-2009,Bank of America Merrill Lynch
Q2-09,2008-12-09,6.75,05-31-2009,Bank of America Merrill Lynch
Q2-09,2008-12-11,6.75,05-31-2009,Bank of America Merrill Lynch
Q2-09,2008-12-18,6.75,05-31-2009,Bank of America Merrill Lynch
Q2-09,2009-02-18,6.75,05-31-2009,Bank of America Merrill Lynch
Q2-09,2009-02-19,6.75,05-31-2009,Bank of America Merrill Lynch
Q2-09,2009-02-26,6.75,05-31-2009,Bank of America Merrill Lynch
Q2-09,2009-03-03,6.75,05-31-2009,Bank of America Merrill Lynch
Q2-09,2009-03-06,6.75,05-31-2009,Bank of America Merrill Lynch
Q2-09,2009-03-13,6.75,05-31-2009,Bank of America Merrill Lynch
Q2-09,2009-03-19,6.75,05-31-2009,Bank of America Merrill Lynch
Q2-09,2009-03-30,6.75,05-31-2009,Bank of America Merrill Lynch
Q2-09,2009-04-06,6.75,05-31-2009,Bank of America Merrill Lynch
Q2-09,2009-04-09,6.75,05-31-2009,Bank of America Merrill Lynch
Q2-09,2009-04-20,6.75,05-31-2009,Bank of America Merrill Lynch
Q2-09,2009-04-30,6.8,05-31-2009,Bank of America Merrill Lynch
Q2-09,2009-05-27,6.8,05-31-2009,Bank of America Merrill Lynch
Q3-09,2008-11-18,6.5,05-31-2009,Bank of America Merrill Lynch
Q3-09,2008-11-25,6.5,05-31-2009,Bank of America Merrill Lynch
Q3-09,2008-12-04,6.75,05-31-2009,Bank of America Merrill Lynch
Q3-09,2008-12-09,6.65,05-31-2009,Bank of America Merrill Lynch
Q3-09,2008-12-11,6.65,05-31-2009,Bank of America Merrill Lynch
Q3-09,2008-12-18,6.65,05-31-2009,Bank of America Merrill Lynch
Q3-09,2009-02-18,6.65,05-31-2009,Bank of America Merrill Lynch
Q3-09,2009-02-19,6.65,05-31-2009,Bank of America Merrill Lynch
Q3-09,2009-02-26,6.65,05-31-2009,Bank of America Merrill Lynch
Q3-09,2009-03-03,6.65,05-31-2009,Bank of America Merrill Lynch
Q3-09,2009-03-06,6.65,05-31-2009,Bank of America Merrill Lynch
Q3-09,2009-03-13,6.65,05-31-2009,Bank of America Merrill Lynch
Q3-09,2009-03-19,6.65,05-31-2009,Bank of America Merrill Lynch
Q3-09,2009-03-30,6.65,05-31-2009,Bank of America Merrill Lynch
Q3-09,2009-04-06,6.65,05-31-2009,Bank of America Merrill Lynch
Q3-09,2009-04-09,6.65,05-31-2009,Bank of America Merrill Lynch
Q3-09,2009-04-20,6.65,05-31-2009,Bank of America Merrill Lynch
Q3-09,2009-04-30,6.75,05-31-2009,Bank of America Merrill Lynch
Q3-09,2009-05-27,6.75,05-31-2009,Bank of America Merrill Lynch
Q4-09,2007-05-31,7.03,05-31-2009,Bank of America Merrill Lynch
Q4-09,2007-06-06,7.03,05-31-2009,Bank of America Merrill Lynch
Q4-09,2007-06-13,7.03,05-31-2009,Bank of America Merrill Lynch
Q4-09,2007-06-20,7.03,05-31-2009,Bank of America Merrill Lynch
Q4-09,2007-06-27,7.03,05-31-2009,Bank of America Merrill Lynch
Q4-09,2007-07-04,7.03,05-31-2009,Bank of America Merrill Lynch
Q4-09,2007-07-12,7.03,05-31-2009,Bank of America Merrill Lynch
Q4-09,2007-07-18,7.03,05-31-2009,Bank of America Merrill Lynch
Q4-09,2007-07-25,7.03,05-31-2009,Bank of America Merrill Lynch
Q4-09,2007-08-01,7.03,05-31-2009,Bank of America Merrill Lynch
Q4-09,2007-08-08,7.03,05-31-2009,Bank of America Merrill Lynch
Q4-09,2007-08-15,7.03,05-31-2009,Bank of America Merrill Lynch
Q4-09,2007-08-22,7.03,05-31-2009,Bank of America Merrill Lynch
Q4-09,2007-08-24,6.77,05-31-2009,Bank of America Merrill Lynch
Q4-09,2007-08-29,6.77,05-31-2009,Bank of America Merrill Lynch
Q4-09,2007-09-05,6.77,05-31-2009,Bank of America Merrill Lynch
Q4-09,2007-09-12,6.77,05-31-2009,Bank of America Merrill Lynch
Q4-09,2007-09-19,6.77,05-31-2009,Bank of America Merrill Lynch
Q4-09,2007-09-21,6.77,05-31-2009,Bank of America Merrill Lynch
Q4-09,2007-09-26,6.77,05-31-2009,Bank of America Merrill Lynch
Q4-09,2007-10-03,6.77,05-31-2009,Bank of America Merrill Lynch
Q4-09,2007-10-10,6.77,05-31-2009,Bank of America Merrill Lynch
Q4-09,2007-10-17,6.77,05-31-2009,Bank of America Merrill Lynch
Q4-09,2007-10-22,6.77,05-31-2009,Bank of America Merrill Lynch
Q4-09,2007-10-25,6.77,05-31-2009,Bank of America Merrill Lynch
Q4-09,2007-10-31,6.77,05-31-2009,Bank of America Merrill Lynch
Q4-09,2007-11-07,6.77,05-31-2009,Bank of America Merrill Lynch
Q4-09,2007-11-14,6.77,05-31-2009,Bank of America Merrill Lynch
Q4-09,2007-11-16,6.77,05-31-2009,Bank of America Merrill Lynch
Q4-09,2007-11-21,6.77,05-31-2009,Bank of America Merrill Lynch
Q4-09,2007-11-29,6.77,05-31-2009,Bank of America Merrill Lynch
Q4-09,2007-12-12,6.77,05-31-2009,Bank of America Merrill Lynch
Q4-09,2007-12-19,6.77,05-31-2009,Bank of America Merrill Lynch
Q4-09,2007-12-26,6.4,05-31-2009,Bank of America Merrill Lynch
Q4-09,2008-01-03,6.4,05-31-2009,Bank of America Merrill Lynch
Q4-09,2008-01-09,6.4,05-31-2009,Bank of America Merrill Lynch
Q4-09,2008-01-16,6.4,05-31-2009,Bank of America Merrill Lynch
Q4-09,2008-01-21,6.51,05-31-2009,Bank of America Merrill Lynch
Q4-09,2008-01-23,6.51,05-31-2009,Bank of America Merrill Lynch
Q4-09,2008-01-31,6.51,05-31-2009,Bank of America Merrill Lynch
Q4-09,2008-02-07,6.51,05-31-2009,Bank of America Merrill Lynch
Q4-09,2008-02-14,6.51,05-31-2009,Bank of America Merrill Lynch
Q4-09,2008-02-21,6.51,05-31-2009,Bank of America Merrill Lynch
Q4-09,2008-02-27,6.51,05-31-2009,Bank of America Merrill Lynch
Q4-09,2008-03-04,6.3,05-31-2009,Bank of America Merrill Lynch
Q4-09,2008-03-13,6.3,05-31-2009,Bank of America Merrill Lynch
Q4-09,2008-03-20,6.3,05-31-2009,Bank of America Merrill Lynch
Q4-09,2008-03-26,6.3,05-31-2009,Bank of America Merrill Lynch
Q4-09,2008-04-04,6.51,05-31-2009,Bank of America Merrill Lynch
Q4-09,2008-04-10,6.51,05-31-2009,Bank of America Merrill Lynch
Q4-09,2008-04-17,6.51,05-31-2009,Bank of America Merrill Lynch
Q4-09,2008-04-24,6.51,05-31-2009,Bank of America Merrill Lynch
Q4-09,2008-05-01,6.51,05-31-2009,Bank of America Merrill Lynch
Q4-09,2008-05-07,6.51,05-31-2009,Bank of America Merrill Lynch
Q4-09,2008-05-19,6.51,05-31-2009,Bank of America Merrill Lynch
Q4-09,2008-05-21,6.51,05-31-2009,Bank of America Merrill Lynch
Q4-09,2008-05-29,6.51,05-31-2009,Bank of America Merrill Lynch
Q4-09,2008-12-11,6.55,05-31-2009,Bank of America Merrill Lynch
Q4-09,2008-12-18,6.55,05-31-2009,Bank of America Merrill Lynch
Q4-09,2009-02-18,6.55,05-31-2009,Bank of America Merrill Lynch
Q4-09,2009-02-19,6.55,05-31-2009,Bank of America Merrill Lynch
Q4-09,2009-02-26,6.55,05-31-2009,Bank of America Merrill Lynch
Q4-09,2009-03-03,6.55,05-31-2009,Bank of America Merrill Lynch
Q4-09,2009-03-06,6.55,05-31-2009,Bank of America Merrill Lynch
Q4-09,2009-03-13,6.55,05-31-2009,Bank of America Merrill Lynch
Q4-09,2009-03-19,6.55,05-31-2009,Bank of America Merrill Lynch
Q4-09,2009-03-30,6.6,05-31-2009,Bank of America Merrill Lynch
Q4-09,2009-04-06,6.6,05-31-2009,Bank of America Merrill Lynch
Q4-09,2009-04-09,6.6,05-31-2009,Bank of America Merrill Lynch
Q4-09,2009-04-20,6.6,05-31-2009,Bank of America Merrill Lynch
Q4-09,2009-04-30,6.65,05-31-2009,Bank of America Merrill Lynch
Q4-09,2009-05-27,6.65,05-31-2009,Bank of America Merrill Lynch
Q1-10,2009-02-18,6.5,05-31-2009,Bank of America Merrill Lynch
Q1-10,2009-03-03,6.5,05-31-2009,Bank of America Merrill Lynch
Q1-10,2009-03-06,6.5,05-31-2009,Bank of America Merrill Lynch
Q1-10,2009-03-13,6.5,05-31-2009,Bank of America Merrill Lynch
Q1-10,2009-03-19,6.5,05-31-2009,Bank of America Merrill Lynch
Q1-10,2009-03-30,6.55,05-31-2009,Bank of America Merrill Lynch
Q1-10,2009-04-06,6.55,05-31-2009,Bank of America Merrill Lynch
Q1-10,2009-04-09,6.55,05-31-2009,Bank of America Merrill Lynch
Q1-10,2009-04-20,6.55,05-31-2009,Bank of America Merrill Lynch
Q1-10,2009-04-30,6.6,05-31-2009,Bank of America Merrill Lynch
Q1-10,2009-05-27,6.6,05-31-2009,Bank of America Merrill Lynch
2010,2008-01-21,6.3,05-31-2009,Bank of America Merrill Lynch
2010,2008-01-23,6.3,05-31-2009,Bank of America Merrill Lynch
2010,2008-01-31,6.3,05-31-2009,Bank of America Merrill Lynch
2010,2008-02-07,6.3,05-31-2009,Bank of America Merrill Lynch
2010,2008-02-14,6.3,05-31-2009,Bank of America Merrill Lynch
2010,2008-02-21,6.3,05-31-2009,Bank of America Merrill Lynch
2010,2008-02-27,6.3,05-31-2009,Bank of America Merrill Lynch
2010,2008-03-04,6.3,05-31-2009,Bank of America Merrill Lynch
2010,2008-03-13,6.3,05-31-2009,Bank of America Merrill Lynch
2010,2008-03-20,6.3,05-31-2009,Bank of America Merrill Lynch
2010,2008-03-26,6.3,05-31-2009,Bank of America Merrill Lynch
2010,2008-04-04,6.3,05-31-2009,Bank of America Merrill Lynch
2010,2008-04-10,6.3,05-31-2009,Bank of America Merrill Lynch
2010,2008-04-17,6.3,05-31-2009,Bank of America Merrill Lynch
2010,2008-04-24,6.3,05-31-2009,Bank of America Merrill Lynch
2010,2008-05-01,6.3,05-31-2009,Bank of America Merrill Lynch
2010,2008-05-07,6.3,05-31-2009,Bank of America Merrill Lynch
2010,2008-05-19,6.3,05-31-2009,Bank of America Merrill Lynch
2010,2008-05-21,6.3,05-31-2009,Bank of America Merrill Lynch
2010,2008-05-29,6.3,05-31-2009,Bank of America Merrill Lynch
2010,2008-12-18,6.3,05-31-2009,Bank of America Merrill Lynch
2010,2009-02-18,6.3,05-31-2009,Bank of America Merrill Lynch
2010,2009-02-19,6.3,05-31-2009,Bank of America Merrill Lynch
2010,2009-02-26,6.3,05-31-2009,Bank of America Merrill Lynch
2010,2009-03-03,6.3,05-31-2009,Bank of America Merrill Lynch
2010,2009-03-06,6.3,05-31-2009,Bank of America Merrill Lynch
2010,2009-03-19,6.3,05-31-2009,Bank of America Merrill Lynch
2010,2009-03-30,6.4,05-31-2009,Bank of America Merrill Lynch
2010,2009-04-06,6.4,05-31-2009,Bank of America Merrill Lynch
2010,2009-04-09,6.4,05-31-2009,Bank of America Merrill Lynch
2010,2009-04-20,6.4,05-31-2009,Bank of America Merrill Lynch
2010,2009-04-30,6.45,05-31-2009,Bank of America Merrill Lynch
2010,2009-05-27,6.45,05-31-2009,Bank of America Merrill Lynch
Q1-13,2012-07-09,6.2,02-28-2013,Bank of America Merrill Lynch
Q1-13,2012-08-01,6.35,02-28-2013,Bank of America Merrill Lynch
Q1-13,2012-10-29,6.2,02-28-2013,Bank of America Merrill Lynch
Q2-13,2012-07-09,6.2,02-28-2013,Bank of America Merrill Lynch
Q2-13,2012-08-01,6.3,02-28-2013,Bank of America Merrill Lynch
Q2-13,2012-10-29,6.2,02-28-2013,Bank of America Merrill Lynch
Q3-13,2012-08-01,6.3,02-28-2013,Bank of America Merrill Lynch
Q3-13,2012-10-29,6.1,02-28-2013,Bank of America Merrill Lynch
Q4-13,2011-04-06,6.2,02-28-2013,Bank of America Merrill Lynch
Q4-13,2012-01-25,6.1,02-28-2013,Bank of America Merrill Lynch
Q4-13,2012-07-09,6.1,02-28-2013,Bank of America Merrill Lynch
Q4-13,2012-08-01,6.25,02-28-2013,Bank of America Merrill Lynch
Q1-12,2010-12-09,6.4,02-28-2012,Bank of America Merrill Lynch
Q1-12,2011-01-13,6.4,02-28-2012,Bank of America Merrill Lynch
Q1-12,2011-03-02,6.4,02-28-2012,Bank of America Merrill Lynch
Q1-12,2011-03-31,6.3,02-28-2012,Bank of America Merrill Lynch
Q1-12,2011-05-11,6.3,02-28-2012,Bank of America Merrill Lynch
Q1-12,2011-06-01,6.3,02-28-2012,Bank of America Merrill Lynch
Q1-12,2011-06-07,6.3,02-28-2012,Bank of America Merrill Lynch
Q1-12,2011-07-07,6.3,02-28-2012,Bank of America Merrill Lynch
Q1-12,2011-08-02,6.3,02-28-2012,Bank of America Merrill Lynch
Q1-12,2011-08-03,6.3,02-28-2012,Bank of America Merrill Lynch
Q1-12,2011-08-31,6.3,02-28-2012,Bank of America Merrill Lynch
Q1-12,2011-09-28,6.3,02-28-2012,Bank of America Merrill Lynch
Q1-12,2011-11-01,6.3,02-28-2012,Bank of America Merrill Lynch
Q1-12,2011-12-08,6.4,02-28-2012,Bank of America Merrill Lynch
Q1-12,2012-01-25,6.32,02-28-2012,Bank of America Merrill Lynch
Q2-12,2010-12-09,6.45,02-28-2012,Bank of America Merrill Lynch
Q2-12,2011-01-13,6.45,02-28-2012,Bank of America Merrill Lynch
Q2-12,2011-06-07,6.3,02-28-2012,Bank of America Merrill Lynch
Q2-12,2011-07-07,6.3,02-28-2012,Bank of America Merrill Lynch
Q2-12,2011-08-02,6.25,02-28-2012,Bank of America Merrill Lynch
Q2-12,2011-08-03,6.25,02-28-2012,Bank of America Merrill Lynch
Q2-12,2011-08-31,6.25,02-28-2012,Bank of America Merrill Lynch
Q2-12,2011-09-28,6.25,02-28-2012,Bank of America Merrill Lynch
Q2-12,2011-11-01,6.25,02-28-2012,Bank of America Merrill Lynch
Q2-12,2011-12-08,6.35,02-28-2012,Bank of America Merrill Lynch
Q2-12,2012-01-25,6.28,02-28-2012,Bank of America Merrill Lynch
Q3-12,2010-12-09,6.5,02-28-2012,Bank of America Merrill Lynch
Q3-12,2011-01-13,6.5,02-28-2012,Bank of America Merrill Lynch
Q3-12,2011-11-01,6.2,02-28-2012,Bank of America Merrill Lynch
Q3-12,2011-12-08,6.3,02-28-2012,Bank of America Merrill Lynch
Q3-12,2012-01-25,6.24,02-28-2012,Bank of America Merrill Lynch
Q4-12,2010-09-13,6.45,02-28-2012,Bank of America Merrill Lynch
Q4-12,2010-10-08,6.45,02-28-2012,Bank of America Merrill Lynch
Q4-12,2010-11-04,6.45,02-28-2012,Bank of America Merrill Lynch
Q4-12,2010-11-10,6.45,02-28-2012,Bank of America Merrill Lynch
Q4-12,2010-11-15,6.55,02-28-2012,Bank of America Merrill Lynch
Q4-12,2010-12-09,6.55,02-28-2012,Bank of America Merrill Lynch
Q4-12,2011-01-11,6.55,02-28-2012,Bank of America Merrill Lynch
Q4-12,2011-01-13,6.55,02-28-2012,Bank of America Merrill Lynch
Q4-12,2011-02-22,6.55,02-28-2012,Bank of America Merrill Lynch
Q4-12,2011-03-02,6.55,02-28-2012,Bank of America Merrill Lynch
Q4-12,2011-03-31,6.2,02-28-2012,Bank of America Merrill Lynch
Q4-12,2011-04-06,6.3,02-28-2012,Bank of America Merrill Lynch
Q4-12,2011-05-11,6.2,02-28-2012,Bank of America Merrill Lynch
Q4-12,2011-06-01,6.2,02-28-2012,Bank of America Merrill Lynch
Q4-12,2011-06-07,6.2,02-28-2012,Bank of America Merrill Lynch
Q4-12,2011-07-07,6.2,02-28-2012,Bank of America Merrill Lynch
Q4-12,2011-08-02,6.2,02-28-2012,Bank of America Merrill Lynch
Q4-12,2011-08-03,6.2,02-28-2012,Bank of America Merrill Lynch
Q4-12,2011-08-31,6.2,02-28-2012,Bank of America Merrill Lynch
Q4-12,2011-09-28,6.2,02-28-2012,Bank of America Merrill Lynch
Q4-12,2011-12-08,6.2,02-28-2012,Bank of America Merrill Lynch
Q4-12,2012-01-25,6.2,02-28-2012,Bank of America Merrill Lynch
2013,2010-09-13,6.4,02-28-2012,Bank of America Merrill Lynch
2013,2010-10-08,6.4,02-28-2012,Bank of America Merrill Lynch
2013,2010-11-04,6.4,02-28-2012,Bank of America Merrill Lynch
2013,2010-11-10,6.4,02-28-2012,Bank of America Merrill Lynch
2013,2010-11-15,6.2,02-28-2012,Bank of America Merrill Lynch
2013,2010-12-09,6.2,02-28-2012,Bank of America Merrill Lynch
2013,2011-01-11,6.2,02-28-2012,Bank of America Merrill Lynch
2013,2011-04-06,6.2,02-28-2012,Bank of America Merrill Lynch
2013,2012-01-25,6.1,02-28-2012,Bank of America Merrill Lynch
2014,2010-09-13,6.4,02-28-2012,Bank of America Merrill Lynch
2014,2010-10-08,6.4,02-28-2012,Bank of America Merrill Lynch
2014,2010-11-04,6.4,02-28-2012,Bank of America Merrill Lynch
2014,2010-11-10,6.4,02-28-2012,Bank of America Merrill Lynch
2014,2010-11-15,6.4,02-28-2012,Bank of America Merrill Lynch
2014,2010-12-09,6.4,02-28-2012,Bank of America Merrill Lynch
2014,2011-01-11,6.4,02-28-2012,Bank of America Merrill Lynch
Q2-08,2007-06-27,7.22,05-31-2008,Bank of America Merrill Lynch
Q2-08,2007-07-04,7.23,05-31-2008,Bank of America Merrill Lynch
Q2-08,2007-07-12,7.23,05-31-2008,Bank of America Merrill Lynch
Q2-08,2007-07-18,7.23,05-31-2008,Bank of America Merrill Lynch
Q2-08,2007-07-25,7.23,05-31-2008,Bank of America Merrill Lynch
Q2-08,2007-08-01,7.23,05-31-2008,Bank of America Merrill Lynch
Q2-08,2007-08-08,7.23,05-31-2008,Bank of America Merrill Lynch
Q2-08,2007-08-15,7.23,05-31-2008,Bank of America Merrill Lynch
Q2-08,2007-08-22,7.23,05-31-2008,Bank of America Merrill Lynch
Q2-08,2007-08-24,7.23,05-31-2008,Bank of America Merrill Lynch
Q2-08,2007-08-29,7.23,05-31-2008,Bank of America Merrill Lynch
Q2-08,2007-09-05,7.23,05-31-2008,Bank of America Merrill Lynch
Q2-08,2007-09-12,7.23,05-31-2008,Bank of America Merrill Lynch
Q2-08,2007-09-19,7.23,05-31-2008,Bank of America Merrill Lynch
Q2-08,2007-09-21,7.23,05-31-2008,Bank of America Merrill Lynch
Q2-08,2007-09-26,7.16,05-31-2008,Bank of America Merrill Lynch
Q2-08,2007-10-03,7.16,05-31-2008,Bank of America Merrill Lynch
Q2-08,2007-10-10,7.16,05-31-2008,Bank of America Merrill Lynch
Q2-08,2007-10-17,7.1,05-31-2008,Bank of America Merrill Lynch
Q2-08,2007-10-22,7.1,05-31-2008,Bank of America Merrill Lynch
Q2-08,2007-10-25,7.1,05-31-2008,Bank of America Merrill Lynch
Q2-08,2007-10-31,7.1,05-31-2008,Bank of America Merrill Lynch
Q2-08,2007-11-07,7.1,05-31-2008,Bank of America Merrill Lynch
Q2-08,2007-11-14,7.1,05-31-2008,Bank of America Merrill Lynch
Q2-08,2007-11-16,7.1,05-31-2008,Bank of America Merrill Lynch
Q2-08,2007-11-21,7.1,05-31-2008,Bank of America Merrill Lynch
Q2-08,2007-11-29,7.1,05-31-2008,Bank of America Merrill Lynch
Q2-08,2007-12-12,7.1,05-31-2008,Bank of America Merrill Lynch
Q2-08,2007-12-19,7.1,05-31-2008,Bank of America Merrill Lynch
Q2-08,2007-12-26,7.1,05-31-2008,Bank of America Merrill Lynch
Q2-08,2008-01-03,6.9,05-31-2008,Bank of America Merrill Lynch
Q2-08,2008-01-09,6.9,05-31-2008,Bank of America Merrill Lynch
Q2-08,2008-01-16,6.9,05-31-2008,Bank of America Merrill Lynch
Q2-08,2008-01-21,6.9,05-31-2008,Bank of America Merrill Lynch
Q2-08,2008-01-23,6.9,05-31-2008,Bank of America Merrill Lynch
Q2-08,2008-01-31,6.9,05-31-2008,Bank of America Merrill Lynch
Q2-08,2008-02-07,6.9,05-31-2008,Bank of America Merrill Lynch
Q2-08,2008-02-14,6.9,05-31-2008,Bank of America Merrill Lynch
Q2-08,2008-02-21,6.9,05-31-2008,Bank of America Merrill Lynch
Q2-08,2008-02-27,6.9,05-31-2008,Bank of America Merrill Lynch
Q2-08,2008-03-04,6.8,05-31-2008,Bank of America Merrill Lynch
Q2-08,2008-03-13,6.8,05-31-2008,Bank of America Merrill Lynch
Q2-08,2008-03-20,6.8,05-31-2008,Bank of America Merrill Lynch
Q2-08,2008-03-26,6.8,05-31-2008,Bank of America Merrill Lynch
Q2-08,2008-04-04,6.8,05-31-2008,Bank of America Merrill Lynch
Q2-08,2008-04-10,6.8,05-31-2008,Bank of America Merrill Lynch
Q2-08,2008-04-17,6.8,05-31-2008,Bank of America Merrill Lynch
Q2-08,2008-04-24,6.8,05-31-2008,Bank of America Merrill Lynch
Q2-08,2008-05-01,6.8,05-31-2008,Bank of America Merrill Lynch
Q2-08,2008-05-07,6.8,05-31-2008,Bank of America Merrill Lynch
Q2-08,2008-05-19,6.8,05-31-2008,Bank of America Merrill Lynch
Q2-08,2008-05-21,6.8,05-31-2008,Bank of America Merrill Lynch
Q2-08,2008-05-29,6.8,05-31-2008,Bank of America Merrill Lynch
Q3-08,2007-10-03,7.1,05-31-2008,Bank of America Merrill Lynch
Q3-08,2007-10-10,7.1,05-31-2008,Bank of America Merrill Lynch
Q3-08,2007-10-17,7.0,05-31-2008,Bank of America Merrill Lynch
Q3-08,2007-10-22,7.0,05-31-2008,Bank of America Merrill Lynch
Q3-08,2007-10-25,7.0,05-31-2008,Bank of America Merrill Lynch
Q3-08,2007-10-31,7.0,05-31-2008,Bank of America Merrill Lynch
Q3-08,2007-11-07,7.0,05-31-2008,Bank of America Merrill Lynch
Q3-08,2007-11-14,7.0,05-31-2008,Bank of America Merrill Lynch
Q3-08,2007-11-16,7.0,05-31-2008,Bank of America Merrill Lynch
Q3-08,2007-11-21,7.0,05-31-2008,Bank of America Merrill Lynch
Q3-08,2007-11-29,7.0,05-31-2008,Bank of America Merrill Lynch
Q3-08,2007-12-12,7.0,05-31-2008,Bank of America Merrill Lynch
Q3-08,2007-12-19,7.0,05-31-2008,Bank of America Merrill Lynch
Q3-08,2007-12-26,7.0,05-31-2008,Bank of America Merrill Lynch
Q3-08,2008-01-03,6.8,05-31-2008,Bank of America Merrill Lynch
Q3-08,2008-01-09,6.8,05-31-2008,Bank of America Merrill Lynch
Q3-08,2008-01-16,6.8,05-31-2008,Bank of America Merrill Lynch
Q3-08,2008-01-21,6.8,05-31-2008,Bank of America Merrill Lynch
Q3-08,2008-01-23,6.8,05-31-2008,Bank of America Merrill Lynch
Q3-08,2008-01-31,6.8,05-31-2008,Bank of America Merrill Lynch
Q3-08,2008-02-07,6.8,05-31-2008,Bank of America Merrill Lynch
Q3-08,2008-02-14,6.8,05-31-2008,Bank of America Merrill Lynch
Q3-08,2008-02-21,6.8,05-31-2008,Bank of America Merrill Lynch
Q3-08,2008-02-27,6.8,05-31-2008,Bank of America Merrill Lynch
Q3-08,2008-03-04,6.73,05-31-2008,Bank of America Merrill Lynch
Q3-08,2008-03-13,6.73,05-31-2008,Bank of America Merrill Lynch
Q3-08,2008-03-20,6.73,05-31-2008,Bank of America Merrill Lynch
Q3-08,2008-03-26,6.73,05-31-2008,Bank of America Merrill Lynch
Q3-08,2008-04-04,6.73,05-31-2008,Bank of America Merrill Lynch
Q3-08,2008-04-10,6.7,05-31-2008,Bank of America Merrill Lynch
Q3-08,2008-04-17,6.7,05-31-2008,Bank of America Merrill Lynch
Q3-08,2008-04-24,6.7,05-31-2008,Bank of America Merrill Lynch
Q3-08,2008-05-01,6.7,05-31-2008,Bank of America Merrill Lynch
Q3-08,2008-05-07,6.7,05-31-2008,Bank of America Merrill Lynch
Q3-08,2008-05-19,6.7,05-31-2008,Bank of America Merrill Lynch
Q3-08,2008-05-21,6.7,05-31-2008,Bank of America Merrill Lynch
Q3-08,2008-05-29,6.7,05-31-2008,Bank of America Merrill Lynch
Q4-08,2006-07-20,7.48,05-31-2008,Bank of America Merrill Lynch
Q4-08,2007-01-12,7.03,05-31-2008,Bank of America Merrill Lynch
Q4-08,2007-01-16,7.03,05-31-2008,Bank of America Merrill Lynch
Q4-08,2007-01-18,7.03,05-31-2008,Bank of America Merrill Lynch
Q4-08,2007-01-31,7.03,05-31-2008,Bank of America Merrill Lynch
Q4-08,2007-02-07,7.03,05-31-2008,Bank of America Merrill Lynch
Q4-08,2007-02-13,7.03,05-31-2008,Bank of America Merrill Lynch
Q4-08,2007-02-21,7.22,05-31-2008,Bank of America Merrill Lynch
Q4-08,2007-02-22,7.22,05-31-2008,Bank of America Merrill Lynch
Q4-08,2007-03-01,7.22,05-31-2008,Bank of America Merrill Lynch
Q4-08,2007-03-07,7.22,05-31-2008,Bank of America Merrill Lynch
Q4-08,2007-05-31,7.22,05-31-2008,Bank of America Merrill Lynch
Q4-08,2007-06-06,7.22,05-31-2008,Bank of America Merrill Lynch
Q4-08,2007-06-13,7.22,05-31-2008,Bank of America Merrill Lynch
Q4-08,2007-06-20,7.22,05-31-2008,Bank of America Merrill Lynch
Q4-08,2007-06-27,7.22,05-31-2008,Bank of America Merrill Lynch
Q4-08,2007-07-04,7.22,05-31-2008,Bank of America Merrill Lynch
Q4-08,2007-07-12,7.22,05-31-2008,Bank of America Merrill Lynch
Q4-08,2007-07-18,7.22,05-31-2008,Bank of America Merrill Lynch
Q4-08,2007-07-25,7.22,05-31-2008,Bank of America Merrill Lynch
Q4-08,2007-08-01,7.22,05-31-2008,Bank of America Merrill Lynch
Q4-08,2007-08-08,7.22,05-31-2008,Bank of America Merrill Lynch
Q4-08,2007-08-15,7.22,05-31-2008,Bank of America Merrill Lynch
Q4-08,2007-08-22,7.22,05-31-2008,Bank of America Merrill Lynch
Q4-08,2007-08-24,7.23,05-31-2008,Bank of America Merrill Lynch
Q4-08,2007-08-29,7.23,05-31-2008,Bank of America Merrill Lynch
Q4-08,2007-09-05,7.23,05-31-2008,Bank of America Merrill Lynch
Q4-08,2007-09-12,7.23,05-31-2008,Bank of America Merrill Lynch
Q4-08,2007-09-19,7.23,05-31-2008,Bank of America Merrill Lynch
Q4-08,2007-09-21,7.23,05-31-2008,Bank of America Merrill Lynch
Q4-08,2007-09-26,7.23,05-31-2008,Bank of America Merrill Lynch
Q4-08,2007-10-03,7.23,05-31-2008,Bank of America Merrill Lynch
Q4-08,2007-10-10,7.23,05-31-2008,Bank of America Merrill Lynch
Q4-08,2007-10-17,7.23,05-31-2008,Bank of America Merrill Lynch
Q4-08,2007-10-22,7.09,05-31-2008,Bank of America Merrill Lynch
Q4-08,2007-10-25,7.09,05-31-2008,Bank of America Merrill Lynch
Q4-08,2007-10-31,7.09,05-31-2008,Bank of America Merrill Lynch
Q4-08,2007-11-07,7.09,05-31-2008,Bank of America Merrill Lynch
Q4-08,2007-11-14,7.09,05-31-2008,Bank of America Merrill Lynch
Q4-08,2007-11-16,6.8,05-31-2008,Bank of America Merrill Lynch
Q4-08,2007-11-21,6.8,05-31-2008,Bank of America Merrill Lynch
Q4-08,2007-11-29,6.8,05-31-2008,Bank of America Merrill Lynch
Q4-08,2007-12-12,6.8,05-31-2008,Bank of America Merrill Lynch
Q4-08,2007-12-19,6.8,05-31-2008,Bank of America Merrill Lynch
Q4-08,2007-12-26,6.8,05-31-2008,Bank of America Merrill Lynch
Q4-08,2008-01-03,6.7,05-31-2008,Bank of America Merrill Lynch
Q4-08,2008-01-09,6.7,05-31-2008,Bank of America Merrill Lynch
Q4-08,2008-01-16,6.7,05-31-2008,Bank of America Merrill Lynch
Q4-08,2008-01-21,6.92,05-31-2008,Bank of America Merrill Lynch
Q4-08,2008-01-23,6.7,05-31-2008,Bank of America Merrill Lynch
Q4-08,2008-01-31,6.7,05-31-2008,Bank of America Merrill Lynch
Q4-08,2008-02-07,6.7,05-31-2008,Bank of America Merrill Lynch
Q4-08,2008-02-14,6.7,05-31-2008,Bank of America Merrill Lynch
Q4-08,2008-02-21,6.7,05-31-2008,Bank of America Merrill Lynch
Q4-08,2008-02-27,6.7,05-31-2008,Bank of America Merrill Lynch
Q4-08,2008-03-04,6.65,05-31-2008,Bank of America Merrill Lynch
Q4-08,2008-03-13,6.65,05-31-2008,Bank of America Merrill Lynch
Q4-08,2008-03-20,6.65,05-31-2008,Bank of America Merrill Lynch
Q4-08,2008-03-26,6.65,05-31-2008,Bank of America Merrill Lynch
Q4-08,2008-04-04,6.65,05-31-2008,Bank of America Merrill Lynch
Q4-08,2008-04-10,6.65,05-31-2008,Bank of America Merrill Lynch
Q4-08,2008-04-17,6.65,05-31-2008,Bank of America Merrill Lynch
Q4-08,2008-04-24,6.65,05-31-2008,Bank of America Merrill Lynch
Q4-08,2008-05-01,6.65,05-31-2008,Bank of America Merrill Lynch
Q4-08,2008-05-07,6.65,05-31-2008,Bank of America Merrill Lynch
Q4-08,2008-05-19,6.65,05-31-2008,Bank of America Merrill Lynch
Q4-08,2008-05-21,6.65,05-31-2008,Bank of America Merrill Lynch
Q4-08,2008-05-29,6.65,05-31-2008,Bank of America Merrill Lynch
Q1-09,2008-04-04,6.6,05-31-2008,Bank of America Merrill Lynch
Q1-09,2008-04-10,6.6,05-31-2008,Bank of America Merrill Lynch
Q1-09,2008-04-17,6.6,05-31-2008,Bank of America Merrill Lynch
Q1-09,2008-04-24,6.6,05-31-2008,Bank of America Merrill Lynch
Q1-09,2008-05-01,6.6,05-31-2008,Bank of America Merrill Lynch
Q1-09,2008-05-07,6.6,05-31-2008,Bank of America Merrill Lynch
Q1-09,2008-05-19,6.6,05-31-2008,Bank of America Merrill Lynch
Q1-09,2008-05-21,6.6,05-31-2008,Bank of America Merrill Lynch
Q1-09,2008-05-29,6.6,05-31-2008,Bank of America Merrill Lynch
2009,2007-01-16,7.03,05-31-2008,Bank of America Merrill Lynch
2009,2007-01-18,7.03,05-31-2008,Bank of America Merrill Lynch
2009,2007-01-31,7.03,05-31-2008,Bank of America Merrill Lynch
2009,2007-02-07,7.03,05-31-2008,Bank of America Merrill Lynch
2009,2007-02-13,7.03,05-31-2008,Bank of America Merrill Lynch
2009,2007-02-21,7.03,05-31-2008,Bank of America Merrill Lynch
2009,2007-02-22,7.03,05-31-2008,Bank of America Merrill Lynch
2009,2007-03-01,7.03,05-31-2008,Bank of America Merrill Lynch
2009,2007-03-07,7.03,05-31-2008,Bank of America Merrill Lynch
2009,2007-05-31,7.03,05-31-2008,Bank of America Merrill Lynch
2009,2007-06-06,7.03,05-31-2008,Bank of America Merrill Lynch
2009,2007-06-13,7.03,05-31-2008,Bank of America Merrill Lynch
2009,2007-06-20,7.03,05-31-2008,Bank of America Merrill Lynch
2009,2007-06-27,7.03,05-31-2008,Bank of America Merrill Lynch
2009,2007-07-04,7.03,05-31-2008,Bank of America Merrill Lynch
2009,2007-07-12,7.03,05-31-2008,Bank of America Merrill Lynch
2009,2007-07-18,7.03,05-31-2008,Bank of America Merrill Lynch
2009,2007-07-25,7.03,05-31-2008,Bank of America Merrill Lynch
2009,2007-08-01,7.03,05-31-2008,Bank of America Merrill Lynch
2009,2007-08-08,7.03,05-31-2008,Bank of America Merrill Lynch
2009,2007-08-15,7.03,05-31-2008,Bank of America Merrill Lynch
2009,2007-08-22,7.03,05-31-2008,Bank of America Merrill Lynch
2009,2007-08-24,6.77,05-31-2008,Bank of America Merrill Lynch
2009,2007-08-29,6.77,05-31-2008,Bank of America Merrill Lynch
2009,2007-09-05,6.77,05-31-2008,Bank of America Merrill Lynch
2009,2007-09-12,6.77,05-31-2008,Bank of America Merrill Lynch
2009,2007-09-19,6.77,05-31-2008,Bank of America Merrill Lynch
2009,2007-09-21,6.77,05-31-2008,Bank of America Merrill Lynch
2009,2007-09-26,6.77,05-31-2008,Bank of America Merrill Lynch
2009,2007-10-03,6.77,05-31-2008,Bank of America Merrill Lynch
2009,2007-10-10,6.77,05-31-2008,Bank of America Merrill Lynch
2009,2007-10-17,6.77,05-31-2008,Bank of America Merrill Lynch
2009,2007-10-22,6.77,05-31-2008,Bank of America Merrill Lynch
2009,2007-10-25,6.77,05-31-2008,Bank of America Merrill Lynch
2009,2007-10-31,6.77,05-31-2008,Bank of America Merrill Lynch
2009,2007-11-07,6.77,05-31-2008,Bank of America Merrill Lynch
2009,2007-11-14,6.77,05-31-2008,Bank of America Merrill Lynch
2009,2007-11-16,6.77,05-31-2008,Bank of America Merrill Lynch
2009,2007-11-21,6.77,05-31-2008,Bank of America Merrill Lynch
2009,2007-11-29,6.77,05-31-2008,Bank of America Merrill Lynch
2009,2007-12-12,6.77,05-31-2008,Bank of America Merrill Lynch
2009,2007-12-19,6.77,05-31-2008,Bank of America Merrill Lynch
2009,2007-12-26,6.4,05-31-2008,Bank of America Merrill Lynch
2009,2008-01-03,6.4,05-31-2008,Bank of America Merrill Lynch
2009,2008-01-09,6.4,05-31-2008,Bank of America Merrill Lynch
2009,2008-01-16,6.4,05-31-2008,Bank of America Merrill Lynch
2009,2008-01-21,6.51,05-31-2008,Bank of America Merrill Lynch
2009,2008-01-23,6.51,05-31-2008,Bank of America Merrill Lynch
2009,2008-01-31,6.51,05-31-2008,Bank of America Merrill Lynch
2009,2008-02-07,6.51,05-31-2008,Bank of America Merrill Lynch
2009,2008-02-14,6.51,05-31-2008,Bank of America Merrill Lynch
2009,2008-02-21,6.51,05-31-2008,Bank of America Merrill Lynch
2009,2008-02-27,6.51,05-31-2008,Bank of America Merrill Lynch
2009,2008-03-04,6.3,05-31-2008,Bank of America Merrill Lynch
2009,2008-03-13,6.3,05-31-2008,Bank of America Merrill Lynch
2009,2008-03-20,6.3,05-31-2008,Bank of America Merrill Lynch
2009,2008-03-26,6.3,05-31-2008,Bank of America Merrill Lynch
2009,2008-04-04,6.51,05-31-2008,Bank of America Merrill Lynch
2009,2008-04-10,6.51,05-31-2008,Bank of America Merrill Lynch
2009,2008-04-17,6.51,05-31-2008,Bank of America Merrill Lynch
2009,2008-04-24,6.51,05-31-2008,Bank of America Merrill Lynch
2009,2008-05-01,6.51,05-31-2008,Bank of America Merrill Lynch
2009,2008-05-07,6.51,05-31-2008,Bank of America Merrill Lynch
2009,2008-05-19,6.51,05-31-2008,Bank of America Merrill Lynch
2009,2008-05-21,6.51,05-31-2008,Bank of America Merrill Lynch
2009,2008-05-29,6.51,05-31-2008,Bank of America Merrill Lynch
2010,2008-01-21,6.3,05-31-2008,Bank of America Merrill Lynch
2010,2008-01-23,6.3,05-31-2008,Bank of America Merrill Lynch
2010,2008-01-31,6.3,05-31-2008,Bank of America Merrill Lynch
2010,2008-02-07,6.3,05-31-2008,Bank of America Merrill Lynch
2010,2008-02-14,6.3,05-31-2008,Bank of America Merrill Lynch
2010,2008-02-21,6.3,05-31-2008,Bank of America Merrill Lynch
2010,2008-02-27,6.3,05-31-2008,Bank of America Merrill Lynch
2010,2008-03-04,6.3,05-31-2008,Bank of America Merrill Lynch
2010,2008-03-13,6.3,05-31-2008,Bank of America Merrill Lynch
2010,2008-03-20,6.3,05-31-2008,Bank of America Merrill Lynch
2010,2008-03-26,6.3,05-31-2008,Bank of America Merrill Lynch
2010,2008-04-04,6.3,05-31-2008,Bank of America Merrill Lynch
2010,2008-04-10,6.3,05-31-2008,Bank of America Merrill Lynch
2010,2008-04-17,6.3,05-31-2008,Bank of America Merrill Lynch
2010,2008-04-24,6.3,05-31-2008,Bank of America Merrill Lynch
2010,2008-05-01,6.3,05-31-2008,Bank of America Merrill Lynch
2010,2008-05-07,6.3,05-31-2008,Bank of America Merrill Lynch
2010,2008-05-19,6.3,05-31-2008,Bank of America Merrill Lynch
2010,2008-05-21,6.3,05-31-2008,Bank of America Merrill Lynch
2010,2008-05-29,6.3,05-31-2008,Bank of America Merrill Lynch
Q3-15,2015-08-12,6.4,08-31-2015,Bank of America Merrill Lynch
Q4-15,2013-11-25,6.05,08-31-2015,Bank of America Merrill Lynch
Q4-15,2014-02-05,5.8,08-31-2015,Bank of America Merrill Lynch
Q4-15,2014-03-07,5.8,08-31-2015,Bank of America Merrill Lynch
Q4-15,2015-08-12,6.5,08-31-2015,Bank of America Merrill Lynch
Q1-16,2015-08-12,6.6,08-31-2015,Bank of America Merrill Lynch
Q2-16,2015-08-12,6.7,08-31-2015,Bank of America Merrill Lynch
2016,2015-08-12,6.9,08-31-2015,Bank of America Merrill Lynch
Q2-12,2010-12-09,6.45,05-31-2012,Bank of America Merrill Lynch
Q2-12,2011-01-13,6.45,05-31-2012,Bank of America Merrill Lynch
Q2-12,2011-06-07,6.3,05-31-2012,Bank of America Merrill Lynch
Q2-12,2011-07-07,6.3,05-31-2012,Bank of America Merrill Lynch
Q2-12,2011-08-02,6.25,05-31-2012,Bank of America Merrill Lynch
Q2-12,2011-08-03,6.25,05-31-2012,Bank of America Merrill Lynch
Q2-12,2011-08-31,6.25,05-31-2012,Bank of America Merrill Lynch
Q2-12,2011-09-28,6.25,05-31-2012,Bank of America Merrill Lynch
Q2-12,2011-11-01,6.25,05-31-2012,Bank of America Merrill Lynch
Q2-12,2011-12-08,6.35,05-31-2012,Bank of America Merrill Lynch
Q2-12,2012-01-25,6.28,05-31-2012,Bank of America Merrill Lynch
Q3-12,2010-12-09,6.5,05-31-2012,Bank of America Merrill Lynch
Q3-12,2011-01-13,6.5,05-31-2012,Bank of America Merrill Lynch
Q3-12,2011-11-01,6.2,05-31-2012,Bank of America Merrill Lynch
Q3-12,2011-12-08,6.3,05-31-2012,Bank of America Merrill Lynch
Q3-12,2012-01-25,6.24,05-31-2012,Bank of America Merrill Lynch
Q4-12,2010-09-13,6.45,05-31-2012,Bank of America Merrill Lynch
Q4-12,2010-10-08,6.45,05-31-2012,Bank of America Merrill Lynch
Q4-12,2010-11-04,6.45,05-31-2012,Bank of America Merrill Lynch
Q4-12,2010-11-10,6.45,05-31-2012,Bank of America Merrill Lynch
Q4-12,2010-11-15,6.55,05-31-2012,Bank of America Merrill Lynch
Q4-12,2010-12-09,6.55,05-31-2012,Bank of America Merrill Lynch
Q4-12,2011-01-11,6.55,05-31-2012,Bank of America Merrill Lynch
Q4-12,2011-01-13,6.55,05-31-2012,Bank of America Merrill Lynch
Q4-12,2011-02-22,6.55,05-31-2012,Bank of America Merrill Lynch
Q4-12,2011-03-02,6.55,05-31-2012,Bank of America Merrill Lynch
Q4-12,2011-03-31,6.2,05-31-2012,Bank of America Merrill Lynch
Q4-12,2011-04-06,6.3,05-31-2012,Bank of America Merrill Lynch
Q4-12,2011-05-11,6.2,05-31-2012,Bank of America Merrill Lynch
Q4-12,2011-06-01,6.2,05-31-2012,Bank of America Merrill Lynch
Q4-12,2011-06-07,6.2,05-31-2012,Bank of America Merrill Lynch
Q4-12,2011-07-07,6.2,05-31-2012,Bank of America Merrill Lynch
Q4-12,2011-08-02,6.2,05-31-2012,Bank of America Merrill Lynch
Q4-12,2011-08-03,6.2,05-31-2012,Bank of America Merrill Lynch
Q4-12,2011-08-31,6.2,05-31-2012,Bank of America Merrill Lynch
Q4-12,2011-09-28,6.2,05-31-2012,Bank of America Merrill Lynch
Q4-12,2011-12-08,6.2,05-31-2012,Bank of America Merrill Lynch
Q4-12,2012-01-25,6.2,05-31-2012,Bank of America Merrill Lynch
2013,2010-09-13,6.4,05-31-2012,Bank of America Merrill Lynch
2013,2010-10-08,6.4,05-31-2012,Bank of America Merrill Lynch
2013,2010-11-04,6.4,05-31-2012,Bank of America Merrill Lynch
2013,2010-11-10,6.4,05-31-2012,Bank of America Merrill Lynch
2013,2010-11-15,6.2,05-31-2012,Bank of America Merrill Lynch
2013,2010-12-09,6.2,05-31-2012,Bank of America Merrill Lynch
2013,2011-01-11,6.2,05-31-2012,Bank of America Merrill Lynch
2013,2011-04-06,6.2,05-31-2012,Bank of America Merrill Lynch
2013,2012-01-25,6.1,05-31-2012,Bank of America Merrill Lynch
2014,2010-09-13,6.4,05-31-2012,Bank of America Merrill Lynch
2014,2010-10-08,6.4,05-31-2012,Bank of America Merrill Lynch
2014,2010-11-04,6.4,05-31-2012,Bank of America Merrill Lynch
2014,2010-11-10,6.4,05-31-2012,Bank of America Merrill Lynch
2014,2010-11-15,6.4,05-31-2012,Bank of America Merrill Lynch
2014,2010-12-09,6.4,05-31-2012,Bank of America Merrill Lynch
2014,2011-01-11,6.4,05-31-2012,Bank of America Merrill Lynch
Q1-08,2007-03-01,7.32,02-28-2008,Bank of America Merrill Lynch
Q1-08,2007-03-07,7.32,02-28-2008,Bank of America Merrill Lynch
Q1-08,2007-05-31,7.34,02-28-2008,Bank of America Merrill Lynch
Q1-08,2007-06-06,7.34,02-28-2008,Bank of America Merrill Lynch
Q1-08,2007-06-13,7.34,02-28-2008,Bank of America Merrill Lynch
Q1-08,2007-06-20,7.34,02-28-2008,Bank of America Merrill Lynch
Q1-08,2007-06-27,7.34,02-28-2008,Bank of America Merrill Lynch
Q1-08,2007-07-04,7.34,02-28-2008,Bank of America Merrill Lynch
Q1-08,2007-07-12,7.34,02-28-2008,Bank of America Merrill Lynch
Q1-08,2007-07-18,7.34,02-28-2008,Bank of America Merrill Lynch
Q1-08,2007-07-25,7.34,02-28-2008,Bank of America Merrill Lynch
Q1-08,2007-08-01,7.34,02-28-2008,Bank of America Merrill Lynch
Q1-08,2007-08-08,7.34,02-28-2008,Bank of America Merrill Lynch
Q1-08,2007-08-15,7.34,02-28-2008,Bank of America Merrill Lynch
Q1-08,2007-08-22,7.34,02-28-2008,Bank of America Merrill Lynch
Q1-08,2007-08-24,7.34,02-28-2008,Bank of America Merrill Lynch
Q1-08,2007-08-29,7.34,02-28-2008,Bank of America Merrill Lynch
Q1-08,2007-09-05,7.34,02-28-2008,Bank of America Merrill Lynch
Q1-08,2007-09-12,7.34,02-28-2008,Bank of America Merrill Lynch
Q1-08,2007-09-19,7.34,02-28-2008,Bank of America Merrill Lynch
Q1-08,2007-09-21,7.34,02-28-2008,Bank of America Merrill Lynch
Q1-08,2007-09-26,7.26,02-28-2008,Bank of America Merrill Lynch
Q1-08,2007-10-03,7.26,02-28-2008,Bank of America Merrill Lynch
Q1-08,2007-10-10,7.26,02-28-2008,Bank of America Merrill Lynch
Q1-08,2007-10-17,7.2,02-28-2008,Bank of America Merrill Lynch
Q1-08,2007-10-22,7.2,02-28-2008,Bank of America Merrill Lynch
Q1-08,2007-10-25,7.2,02-28-2008,Bank of America Merrill Lynch
Q1-08,2007-10-31,7.2,02-28-2008,Bank of America Merrill Lynch
Q1-08,2007-11-07,7.2,02-28-2008,Bank of America Merrill Lynch
Q1-08,2007-11-14,7.2,02-28-2008,Bank of America Merrill Lynch
Q1-08,2007-11-16,7.2,02-28-2008,Bank of America Merrill Lynch
Q1-08,2007-11-21,7.2,02-28-2008,Bank of America Merrill Lynch
Q1-08,2007-11-29,7.2,02-28-2008,Bank of America Merrill Lynch
Q1-08,2007-12-12,7.2,02-28-2008,Bank of America Merrill Lynch
Q1-08,2007-12-19,7.2,02-28-2008,Bank of America Merrill Lynch
Q1-08,2007-12-26,7.2,02-28-2008,Bank of America Merrill Lynch
Q1-08,2008-01-03,7.1,02-28-2008,Bank of America Merrill Lynch
Q1-08,2008-01-09,7.05,02-28-2008,Bank of America Merrill Lynch
Q1-08,2008-01-16,7.0,02-28-2008,Bank of America Merrill Lynch
Q1-08,2008-01-21,7.0,02-28-2008,Bank of America Merrill Lynch
Q1-08,2008-01-23,7.0,02-28-2008,Bank of America Merrill Lynch
Q1-08,2008-01-31,7.0,02-28-2008,Bank of America Merrill Lynch
Q1-08,2008-02-07,7.0,02-28-2008,Bank of America Merrill Lynch
Q1-08,2008-02-14,7.0,02-28-2008,Bank of America Merrill Lynch
Q1-08,2008-02-21,7.0,02-28-2008,Bank of America Merrill Lynch
Q1-08,2008-02-27,7.0,02-28-2008,Bank of America Merrill Lynch
Q2-08,2007-06-27,7.22,02-28-2008,Bank of America Merrill Lynch
Q2-08,2007-07-04,7.23,02-28-2008,Bank of America Merrill Lynch
Q2-08,2007-07-12,7.23,02-28-2008,Bank of America Merrill Lynch
Q2-08,2007-07-18,7.23,02-28-2008,Bank of America Merrill Lynch
Q2-08,2007-07-25,7.23,02-28-2008,Bank of America Merrill Lynch
Q2-08,2007-08-01,7.23,02-28-2008,Bank of America Merrill Lynch
Q2-08,2007-08-08,7.23,02-28-2008,Bank of America Merrill Lynch
Q2-08,2007-08-15,7.23,02-28-2008,Bank of America Merrill Lynch
Q2-08,2007-08-22,7.23,02-28-2008,Bank of America Merrill Lynch
Q2-08,2007-08-24,7.23,02-28-2008,Bank of America Merrill Lynch
Q2-08,2007-08-29,7.23,02-28-2008,Bank of America Merrill Lynch
Q2-08,2007-09-05,7.23,02-28-2008,Bank of America Merrill Lynch
Q2-08,2007-09-12,7.23,02-28-2008,Bank of America Merrill Lynch
Q2-08,2007-09-19,7.23,02-28-2008,Bank of America Merrill Lynch
Q2-08,2007-09-21,7.23,02-28-2008,Bank of America Merrill Lynch
Q2-08,2007-09-26,7.16,02-28-2008,Bank of America Merrill Lynch
Q2-08,2007-10-03,7.16,02-28-2008,Bank of America Merrill Lynch
Q2-08,2007-10-10,7.16,02-28-2008,Bank of America Merrill Lynch
Q2-08,2007-10-17,7.1,02-28-2008,Bank of America Merrill Lynch
Q2-08,2007-10-22,7.1,02-28-2008,Bank of America Merrill Lynch
Q2-08,2007-10-25,7.1,02-28-2008,Bank of America Merrill Lynch
Q2-08,2007-10-31,7.1,02-28-2008,Bank of America Merrill Lynch
Q2-08,2007-11-07,7.1,02-28-2008,Bank of America Merrill Lynch
Q2-08,2007-11-14,7.1,02-28-2008,Bank of America Merrill Lynch
Q2-08,2007-11-16,7.1,02-28-2008,Bank of America Merrill Lynch
Q2-08,2007-11-21,7.1,02-28-2008,Bank of America Merrill Lynch
Q2-08,2007-11-29,7.1,02-28-2008,Bank of America Merrill Lynch
Q2-08,2007-12-12,7.1,02-28-2008,Bank of America Merrill Lynch
Q2-08,2007-12-19,7.1,02-28-2008,Bank of America Merrill Lynch
Q2-08,2007-12-26,7.1,02-28-2008,Bank of America Merrill Lynch
Q2-08,2008-01-03,6.9,02-28-2008,Bank of America Merrill Lynch
Q2-08,2008-01-09,6.9,02-28-2008,Bank of America Merrill Lynch
Q2-08,2008-01-16,6.9,02-28-2008,Bank of America Merrill Lynch
Q2-08,2008-01-21,6.9,02-28-2008,Bank of America Merrill Lynch
Q2-08,2008-01-23,6.9,02-28-2008,Bank of America Merrill Lynch
Q2-08,2008-01-31,6.9,02-28-2008,Bank of America Merrill Lynch
Q2-08,2008-02-07,6.9,02-28-2008,Bank of America Merrill Lynch
Q2-08,2008-02-14,6.9,02-28-2008,Bank of America Merrill Lynch
Q2-08,2008-02-21,6.9,02-28-2008,Bank of America Merrill Lynch
Q2-08,2008-02-27,6.9,02-28-2008,Bank of America Merrill Lynch
Q3-08,2007-10-03,7.1,02-28-2008,Bank of America Merrill Lynch
Q3-08,2007-10-10,7.1,02-28-2008,Bank of America Merrill Lynch
Q3-08,2007-10-17,7.0,02-28-2008,Bank of America Merrill Lynch
Q3-08,2007-10-22,7.0,02-28-2008,Bank of America Merrill Lynch
Q3-08,2007-10-25,7.0,02-28-2008,Bank of America Merrill Lynch
Q3-08,2007-10-31,7.0,02-28-2008,Bank of America Merrill Lynch
Q3-08,2007-11-07,7.0,02-28-2008,Bank of America Merrill Lynch
Q3-08,2007-11-14,7.0,02-28-2008,Bank of America Merrill Lynch
Q3-08,2007-11-16,7.0,02-28-2008,Bank of America Merrill Lynch
Q3-08,2007-11-21,7.0,02-28-2008,Bank of America Merrill Lynch
Q3-08,2007-11-29,7.0,02-28-2008,Bank of America Merrill Lynch
Q3-08,2007-12-12,7.0,02-28-2008,Bank of America Merrill Lynch
Q3-08,2007-12-19,7.0,02-28-2008,Bank of America Merrill Lynch
Q3-08,2007-12-26,7.0,02-28-2008,Bank of America Merrill Lynch
Q3-08,2008-01-03,6.8,02-28-2008,Bank of America Merrill Lynch
Q3-08,2008-01-09,6.8,02-28-2008,Bank of America Merrill Lynch
Q3-08,2008-01-16,6.8,02-28-2008,Bank of America Merrill Lynch
Q3-08,2008-01-21,6.8,02-28-2008,Bank of America Merrill Lynch
Q3-08,2008-01-23,6.8,02-28-2008,Bank of America Merrill Lynch
Q3-08,2008-01-31,6.8,02-28-2008,Bank of America Merrill Lynch
Q3-08,2008-02-07,6.8,02-28-2008,Bank of America Merrill Lynch
Q3-08,2008-02-14,6.8,02-28-2008,Bank of America Merrill Lynch
Q3-08,2008-02-21,6.8,02-28-2008,Bank of America Merrill Lynch
Q3-08,2008-02-27,6.8,02-28-2008,Bank of America Merrill Lynch
Q4-08,2006-03-16,7.48,02-28-2008,Bank of America Merrill Lynch
Q4-08,2006-07-20,7.48,02-28-2008,Bank of America Merrill Lynch
Q4-08,2007-01-12,7.03,02-28-2008,Bank of America Merrill Lynch
Q4-08,2007-01-16,7.03,02-28-2008,Bank of America Merrill Lynch
Q4-08,2007-01-18,7.03,02-28-2008,Bank of America Merrill Lynch
Q4-08,2007-01-31,7.03,02-28-2008,Bank of America Merrill Lynch
Q4-08,2007-02-07,7.03,02-28-2008,Bank of America Merrill Lynch
Q4-08,2007-02-13,7.03,02-28-2008,Bank of America Merrill Lynch
Q4-08,2007-02-21,7.22,02-28-2008,Bank of America Merrill Lynch
Q4-08,2007-02-22,7.22,02-28-2008,Bank of America Merrill Lynch
Q4-08,2007-03-01,7.22,02-28-2008,Bank of America Merrill Lynch
Q4-08,2007-03-07,7.22,02-28-2008,Bank of America Merrill Lynch
Q4-08,2007-05-31,7.22,02-28-2008,Bank of America Merrill Lynch
Q4-08,2007-06-06,7.22,02-28-2008,Bank of America Merrill Lynch
Q4-08,2007-06-13,7.22,02-28-2008,Bank of America Merrill Lynch
Q4-08,2007-06-20,7.22,02-28-2008,Bank of America Merrill Lynch
Q4-08,2007-06-27,7.22,02-28-2008,Bank of America Merrill Lynch
Q4-08,2007-07-04,7.22,02-28-2008,Bank of America Merrill Lynch
Q4-08,2007-07-12,7.22,02-28-2008,Bank of America Merrill Lynch
Q4-08,2007-07-18,7.22,02-28-2008,Bank of America Merrill Lynch
Q4-08,2007-07-25,7.22,02-28-2008,Bank of America Merrill Lynch
Q4-08,2007-08-01,7.22,02-28-2008,Bank of America Merrill Lynch
Q4-08,2007-08-08,7.22,02-28-2008,Bank of America Merrill Lynch
Q4-08,2007-08-15,7.22,02-28-2008,Bank of America Merrill Lynch
Q4-08,2007-08-22,7.22,02-28-2008,Bank of America Merrill Lynch
Q4-08,2007-08-24,7.23,02-28-2008,Bank of America Merrill Lynch
Q4-08,2007-08-29,7.23,02-28-2008,Bank of America Merrill Lynch
Q4-08,2007-09-05,7.23,02-28-2008,Bank of America Merrill Lynch
Q4-08,2007-09-12,7.23,02-28-2008,Bank of America Merrill Lynch
Q4-08,2007-09-19,7.23,02-28-2008,Bank of America Merrill Lynch
Q4-08,2007-09-21,7.23,02-28-2008,Bank of America Merrill Lynch
Q4-08,2007-09-26,7.23,02-28-2008,Bank of America Merrill Lynch
Q4-08,2007-10-03,7.23,02-28-2008,Bank of America Merrill Lynch
Q4-08,2007-10-10,7.23,02-28-2008,Bank of America Merrill Lynch
Q4-08,2007-10-17,7.23,02-28-2008,Bank of America Merrill Lynch
Q4-08,2007-10-22,7.09,02-28-2008,Bank of America Merrill Lynch
Q4-08,2007-10-25,7.09,02-28-2008,Bank of America Merrill Lynch
Q4-08,2007-10-31,7.09,02-28-2008,Bank of America Merrill Lynch
Q4-08,2007-11-07,7.09,02-28-2008,Bank of America Merrill Lynch
Q4-08,2007-11-14,7.09,02-28-2008,Bank of America Merrill Lynch
Q4-08,2007-11-16,6.8,02-28-2008,Bank of America Merrill Lynch
Q4-08,2007-11-21,6.8,02-28-2008,Bank of America Merrill Lynch
Q4-08,2007-11-29,6.8,02-28-2008,Bank of America Merrill Lynch
Q4-08,2007-12-12,6.8,02-28-2008,Bank of America Merrill Lynch
Q4-08,2007-12-19,6.8,02-28-2008,Bank of America Merrill Lynch
Q4-08,2007-12-26,6.8,02-28-2008,Bank of America Merrill Lynch
Q4-08,2008-01-03,6.7,02-28-2008,Bank of America Merrill Lynch
Q4-08,2008-01-09,6.7,02-28-2008,Bank of America Merrill Lynch
Q4-08,2008-01-16,6.7,02-28-2008,Bank of America Merrill Lynch
Q4-08,2008-01-21,6.92,02-28-2008,Bank of America Merrill Lynch
Q4-08,2008-01-23,6.7,02-28-2008,Bank of America Merrill Lynch
Q4-08,2008-01-31,6.7,02-28-2008,Bank of America Merrill Lynch
Q4-08,2008-02-07,6.7,02-28-2008,Bank of America Merrill Lynch
Q4-08,2008-02-14,6.7,02-28-2008,Bank of America Merrill Lynch
Q4-08,2008-02-21,6.7,02-28-2008,Bank of America Merrill Lynch
Q4-08,2008-02-27,6.7,02-28-2008,Bank of America Merrill Lynch
2009,2007-01-16,7.03,02-28-2008,Bank of America Merrill Lynch
2009,2007-01-18,7.03,02-28-2008,Bank of America Merrill Lynch
2009,2007-01-31,7.03,02-28-2008,Bank of America Merrill Lynch
2009,2007-02-07,7.03,02-28-2008,Bank of America Merrill Lynch
2009,2007-02-13,7.03,02-28-2008,Bank of America Merrill Lynch
2009,2007-02-21,7.03,02-28-2008,Bank of America Merrill Lynch
2009,2007-02-22,7.03,02-28-2008,Bank of America Merrill Lynch
2009,2007-03-01,7.03,02-28-2008,Bank of America Merrill Lynch
2009,2007-03-07,7.03,02-28-2008,Bank of America Merrill Lynch
2009,2007-05-31,7.03,02-28-2008,Bank of America Merrill Lynch
2009,2007-06-06,7.03,02-28-2008,Bank of America Merrill Lynch
2009,2007-06-13,7.03,02-28-2008,Bank of America Merrill Lynch
2009,2007-06-20,7.03,02-28-2008,Bank of America Merrill Lynch
2009,2007-06-27,7.03,02-28-2008,Bank of America Merrill Lynch
2009,2007-07-04,7.03,02-28-2008,Bank of America Merrill Lynch
2009,2007-07-12,7.03,02-28-2008,Bank of America Merrill Lynch
2009,2007-07-18,7.03,02-28-2008,Bank of America Merrill Lynch
2009,2007-07-25,7.03,02-28-2008,Bank of America Merrill Lynch
2009,2007-08-01,7.03,02-28-2008,Bank of America Merrill Lynch
2009,2007-08-08,7.03,02-28-2008,Bank of America Merrill Lynch
2009,2007-08-15,7.03,02-28-2008,Bank of America Merrill Lynch
2009,2007-08-22,7.03,02-28-2008,Bank of America Merrill Lynch
2009,2007-08-24,6.77,02-28-2008,Bank of America Merrill Lynch
2009,2007-08-29,6.77,02-28-2008,Bank of America Merrill Lynch
2009,2007-09-05,6.77,02-28-2008,Bank of America Merrill Lynch
2009,2007-09-12,6.77,02-28-2008,Bank of America Merrill Lynch
2009,2007-09-19,6.77,02-28-2008,Bank of America Merrill Lynch
2009,2007-09-21,6.77,02-28-2008,Bank of America Merrill Lynch
2009,2007-09-26,6.77,02-28-2008,Bank of America Merrill Lynch
2009,2007-10-03,6.77,02-28-2008,Bank of America Merrill Lynch
2009,2007-10-10,6.77,02-28-2008,Bank of America Merrill Lynch
2009,2007-10-17,6.77,02-28-2008,Bank of America Merrill Lynch
2009,2007-10-22,6.77,02-28-2008,Bank of America Merrill Lynch
2009,2007-10-25,6.77,02-28-2008,Bank of America Merrill Lynch
2009,2007-10-31,6.77,02-28-2008,Bank of America Merrill Lynch
2009,2007-11-07,6.77,02-28-2008,Bank of America Merrill Lynch
2009,2007-11-14,6.77,02-28-2008,Bank of America Merrill Lynch
2009,2007-11-16,6.77,02-28-2008,Bank of America Merrill Lynch
2009,2007-11-21,6.77,02-28-2008,Bank of America Merrill Lynch
2009,2007-11-29,6.77,02-28-2008,Bank of America Merrill Lynch
2009,2007-12-12,6.77,02-28-2008,Bank of America Merrill Lynch
2009,2007-12-19,6.77,02-28-2008,Bank of America Merrill Lynch
2009,2007-12-26,6.4,02-28-2008,Bank of America Merrill Lynch
2009,2008-01-03,6.4,02-28-2008,Bank of America Merrill Lynch
2009,2008-01-09,6.4,02-28-2008,Bank of America Merrill Lynch
2009,2008-01-16,6.4,02-28-2008,Bank of America Merrill Lynch
2009,2008-01-21,6.51,02-28-2008,Bank of America Merrill Lynch
2009,2008-01-23,6.51,02-28-2008,Bank of America Merrill Lynch
2009,2008-01-31,6.51,02-28-2008,Bank of America Merrill Lynch
2009,2008-02-07,6.51,02-28-2008,Bank of America Merrill Lynch
2009,2008-02-14,6.51,02-28-2008,Bank of America Merrill Lynch
2009,2008-02-21,6.51,02-28-2008,Bank of America Merrill Lynch
2009,2008-02-27,6.51,02-28-2008,Bank of America Merrill Lynch
2010,2008-01-21,6.3,02-28-2008,Bank of America Merrill Lynch
2010,2008-01-23,6.3,02-28-2008,Bank of America Merrill Lynch
2010,2008-01-31,6.3,02-28-2008,Bank of America Merrill Lynch
2010,2008-02-07,6.3,02-28-2008,Bank of America Merrill Lynch
2010,2008-02-14,6.3,02-28-2008,Bank of America Merrill Lynch
2010,2008-02-21,6.3,02-28-2008,Bank of America Merrill Lynch
2010,2008-02-27,6.3,02-28-2008,Bank of America Merrill Lynch
Q4-15,2014-02-05,5.8,11-30-2015,Bank of America Merrill Lynch
Q4-15,2014-03-07,5.8,11-30-2015,Bank of America Merrill Lynch
Q4-15,2015-08-12,6.5,11-30-2015,Bank of America Merrill Lynch
Q1-16,2015-08-12,6.6,11-30-2015,Bank of America Merrill Lynch
Q2-16,2015-08-12,6.7,11-30-2015,Bank of America Merrill Lynch
2016,2015-08-12,6.9,11-30-2015,Bank of America Merrill Lynch
