period,change_date,change,file,company
Q2-07,2006-03-09,7.4,05-31-2007,BNP Paribas
Q2-07,2006-07-03,7.4,05-31-2007,BNP Paribas
Q2-07,2006-08-08,7.4,05-31-2007,BNP Paribas
Q2-07,2006-09-20,7.6,05-31-2007,BNP Paribas
Q2-07,2006-11-07,7.6,05-31-2007,BNP Paribas
Q2-07,2006-12-12,7.6,05-31-2007,BNP Paribas
Q2-07,2007-01-16,7.6,05-31-2007,BNP Paribas
Q2-07,2007-02-21,7.6,05-31-2007,BNP Paribas
Q2-07,2007-03-08,7.6,05-31-2007,BNP Paribas
Q2-07,2007-03-22,7.6,05-31-2007,BNP Paribas
Q2-07,2007-03-27,7.6,05-31-2007,BNP Paribas
Q2-07,2007-04-03,7.6,05-31-2007,BNP Paribas
Q2-07,2007-05-24,7.6,05-31-2007,BNP Paribas
Q2-07,2007-05-31,7.6,05-31-2007,BNP Paribas
Q3-07,2006-03-09,7.3,05-31-2007,BNP Paribas
Q3-07,2006-09-20,7.5,05-31-2007,BNP Paribas
Q3-07,2006-11-07,7.5,05-31-2007,BNP Paribas
Q3-07,2006-12-12,7.5,05-31-2007,BNP Paribas
Q3-07,2007-01-16,7.5,05-31-2007,BNP Paribas
Q3-07,2007-02-21,7.5,05-31-2007,BNP Paribas
Q3-07,2007-03-08,7.5,05-31-2007,BNP Paribas
Q3-07,2007-03-22,7.5,05-31-2007,BNP Paribas
Q3-07,2007-03-27,7.5,05-31-2007,BNP Paribas
Q3-07,2007-04-03,7.5,05-31-2007,BNP Paribas
Q3-07,2007-05-24,7.5,05-31-2007,BNP Paribas
Q3-07,2007-05-31,7.5,05-31-2007,BNP Paribas
Q4-07,2006-03-09,7.3,05-31-2007,BNP Paribas
Q4-07,2006-05-18,7.2,05-31-2007,BNP Paribas
Q4-07,2006-07-03,7.2,05-31-2007,BNP Paribas
Q4-07,2006-08-08,7.2,05-31-2007,BNP Paribas
Q4-07,2006-09-20,7.4,05-31-2007,BNP Paribas
Q4-07,2006-11-07,7.4,05-31-2007,BNP Paribas
Q4-07,2006-12-12,7.4,05-31-2007,BNP Paribas
Q4-07,2007-01-16,7.4,05-31-2007,BNP Paribas
Q4-07,2007-02-21,7.4,05-31-2007,BNP Paribas
Q4-07,2007-03-08,7.4,05-31-2007,BNP Paribas
Q4-07,2007-03-22,7.4,05-31-2007,BNP Paribas
Q4-07,2007-03-27,7.4,05-31-2007,BNP Paribas
Q4-07,2007-04-03,7.4,05-31-2007,BNP Paribas
Q4-07,2007-05-24,7.4,05-31-2007,BNP Paribas
Q4-07,2007-05-31,7.4,05-31-2007,BNP Paribas
Q1-08,2007-03-22,7.3,05-31-2007,BNP Paribas
Q1-08,2007-03-27,7.3,05-31-2007,BNP Paribas
Q1-08,2007-04-03,7.3,05-31-2007,BNP Paribas
Q1-08,2007-05-24,7.3,05-31-2007,BNP Paribas
Q1-08,2007-05-31,7.3,05-31-2007,BNP Paribas
2008,2006-05-18,7.3,05-31-2007,BNP Paribas
2008,2006-07-03,6.8,05-31-2007,BNP Paribas
2008,2006-08-08,6.8,05-31-2007,BNP Paribas
2008,2006-09-20,7.0,05-31-2007,BNP Paribas
2008,2006-11-07,7.0,05-31-2007,BNP Paribas
2008,2006-12-12,7.0,05-31-2007,BNP Paribas
2008,2007-01-16,7.0,05-31-2007,BNP Paribas
2008,2007-02-21,7.0,05-31-2007,BNP Paribas
2008,2007-03-08,7.0,05-31-2007,BNP Paribas
2008,2007-03-22,7.0,05-31-2007,BNP Paribas
2008,2007-03-27,7.0,05-31-2007,BNP Paribas
2008,2007-04-03,7.0,05-31-2007,BNP Paribas
2008,2007-05-24,7.0,05-31-2007,BNP Paribas
2008,2007-05-31,7.0,05-31-2007,BNP Paribas
2009,2006-05-18,7.2,05-31-2007,BNP Paribas
2009,2006-07-03,7.2,05-31-2007,BNP Paribas
2009,2006-08-08,7.2,05-31-2007,BNP Paribas
2009,2006-09-20,7.2,05-31-2007,BNP Paribas
2009,2006-11-07,7.2,05-31-2007,BNP Paribas
2009,2006-12-12,7.2,05-31-2007,BNP Paribas
2009,2007-01-16,7.2,05-31-2007,BNP Paribas
2009,2007-02-21,7.2,05-31-2007,BNP Paribas
2009,2007-03-08,7.2,05-31-2007,BNP Paribas
2009,2007-03-22,7.2,05-31-2007,BNP Paribas
2009,2007-03-27,7.2,05-31-2007,BNP Paribas
2009,2007-04-03,7.2,05-31-2007,BNP Paribas
2009,2007-05-24,6.6,05-31-2007,BNP Paribas
2009,2007-05-31,6.6,05-31-2007,BNP Paribas
2010,2006-05-18,7.0,05-31-2007,BNP Paribas
2010,2006-07-03,7.0,05-31-2007,BNP Paribas
2010,2006-08-08,7.0,05-31-2007,BNP Paribas
2010,2006-09-20,7.0,05-31-2007,BNP Paribas
2010,2006-11-07,7.0,05-31-2007,BNP Paribas
2010,2006-12-12,7.0,05-31-2007,BNP Paribas
2010,2007-01-16,7.0,05-31-2007,BNP Paribas
2010,2007-02-21,7.0,05-31-2007,BNP Paribas
2010,2007-03-08,7.0,05-31-2007,BNP Paribas
2010,2007-03-22,7.0,05-31-2007,BNP Paribas
2010,2007-03-27,7.0,05-31-2007,BNP Paribas
2010,2007-04-03,7.0,05-31-2007,BNP Paribas
2010,2007-05-24,6.2,05-31-2007,BNP Paribas
2010,2007-05-31,6.2,05-31-2007,BNP Paribas
2011,2006-07-03,6.8,05-31-2007,BNP Paribas
2011,2006-08-08,6.8,05-31-2007,BNP Paribas
2011,2006-09-20,6.8,05-31-2007,BNP Paribas
2011,2006-11-07,6.8,05-31-2007,BNP Paribas
2011,2006-12-12,6.8,05-31-2007,BNP Paribas
2011,2007-01-16,6.8,05-31-2007,BNP Paribas
2011,2007-02-21,6.8,05-31-2007,BNP Paribas
2011,2007-03-08,6.8,05-31-2007,BNP Paribas
2011,2007-03-22,6.8,05-31-2007,BNP Paribas
2011,2007-03-27,6.8,05-31-2007,BNP Paribas
2011,2007-04-03,6.8,05-31-2007,BNP Paribas
2011,2007-05-24,6.0,05-31-2007,BNP Paribas
2011,2007-05-31,6.0,05-31-2007,BNP Paribas
Q2-11,2010-06-02,6.52,05-31-2011,BNP Paribas
Q2-11,2010-06-18,6.73,05-31-2011,BNP Paribas
Q2-11,2010-06-21,6.7,05-31-2011,BNP Paribas
Q2-11,2010-07-29,6.7,05-31-2011,BNP Paribas
Q2-11,2010-08-24,6.7,05-31-2011,BNP Paribas
Q2-11,2010-09-21,6.7,05-31-2011,BNP Paribas
Q2-11,2010-09-22,6.55,05-31-2011,BNP Paribas
Q2-11,2010-09-24,6.55,05-31-2011,BNP Paribas
Q2-11,2010-11-02,6.55,05-31-2011,BNP Paribas
Q2-11,2010-11-23,6.52,05-31-2011,BNP Paribas
Q2-11,2011-01-06,6.52,05-31-2011,BNP Paribas
Q2-11,2011-02-09,6.52,05-31-2011,BNP Paribas
Q2-11,2011-05-10,6.5,05-31-2011,BNP Paribas
Q3-11,2010-09-21,6.64,05-31-2011,BNP Paribas
Q3-11,2010-09-22,6.5,05-31-2011,BNP Paribas
Q3-11,2010-09-24,6.5,05-31-2011,BNP Paribas
Q3-11,2010-11-02,6.5,05-31-2011,BNP Paribas
Q3-11,2010-11-23,6.49,05-31-2011,BNP Paribas
Q3-11,2011-01-06,6.49,05-31-2011,BNP Paribas
Q3-11,2011-02-09,6.49,05-31-2011,BNP Paribas
Q3-11,2011-05-10,6.47,05-31-2011,BNP Paribas
Q4-11,2009-06-17,6.76,05-31-2011,BNP Paribas
Q4-11,2009-07-08,6.76,05-31-2011,BNP Paribas
Q4-11,2009-08-11,6.76,05-31-2011,BNP Paribas
Q4-11,2009-09-08,6.76,05-31-2011,BNP Paribas
Q4-11,2009-09-16,6.76,05-31-2011,BNP Paribas
Q4-11,2009-09-18,6.76,05-31-2011,BNP Paribas
Q4-11,2009-09-21,6.81,05-31-2011,BNP Paribas
Q4-11,2009-09-22,6.76,05-31-2011,BNP Paribas
Q4-11,2009-09-24,6.76,05-31-2011,BNP Paribas
Q4-11,2009-10-19,6.76,05-31-2011,BNP Paribas
Q4-11,2009-11-30,6.42,05-31-2011,BNP Paribas
Q4-11,2009-12-07,6.42,05-31-2011,BNP Paribas
Q4-11,2010-01-06,6.42,05-31-2011,BNP Paribas
Q4-11,2010-01-25,6.42,05-31-2011,BNP Paribas
Q4-11,2010-02-05,6.42,05-31-2011,BNP Paribas
Q4-11,2010-03-15,6.42,05-31-2011,BNP Paribas
Q4-11,2010-03-16,6.42,05-31-2011,BNP Paribas
Q4-11,2010-03-18,6.42,05-31-2011,BNP Paribas
Q4-11,2010-03-30,6.42,05-31-2011,BNP Paribas
Q4-11,2010-05-07,6.42,05-31-2011,BNP Paribas
Q4-11,2010-06-01,6.42,05-31-2011,BNP Paribas
Q4-11,2010-06-02,6.42,05-31-2011,BNP Paribas
Q4-11,2010-06-18,6.69,05-31-2011,BNP Paribas
Q4-11,2010-06-21,6.6,05-31-2011,BNP Paribas
Q4-11,2010-07-29,6.6,05-31-2011,BNP Paribas
Q4-11,2010-08-24,6.6,05-31-2011,BNP Paribas
Q4-11,2010-09-21,6.6,05-31-2011,BNP Paribas
Q4-11,2010-09-22,6.45,05-31-2011,BNP Paribas
Q4-11,2010-09-24,6.45,05-31-2011,BNP Paribas
Q4-11,2010-11-02,6.45,05-31-2011,BNP Paribas
Q4-11,2010-11-23,6.45,05-31-2011,BNP Paribas
Q4-11,2011-01-06,6.45,05-31-2011,BNP Paribas
Q4-11,2011-02-09,6.45,05-31-2011,BNP Paribas
Q4-11,2011-05-10,6.45,05-31-2011,BNP Paribas
Q1-12,2011-05-10,6.4,05-31-2011,BNP Paribas
2012,2009-06-17,6.72,05-31-2011,BNP Paribas
2012,2009-07-08,6.72,05-31-2011,BNP Paribas
2012,2009-08-11,6.72,05-31-2011,BNP Paribas
2012,2009-09-08,6.72,05-31-2011,BNP Paribas
2012,2009-09-16,6.72,05-31-2011,BNP Paribas
2012,2009-09-18,6.72,05-31-2011,BNP Paribas
2012,2009-09-21,6.76,05-31-2011,BNP Paribas
2012,2009-09-22,6.72,05-31-2011,BNP Paribas
2012,2009-09-24,6.72,05-31-2011,BNP Paribas
2012,2009-10-19,6.72,05-31-2011,BNP Paribas
2012,2009-11-30,6.22,05-31-2011,BNP Paribas
2012,2009-12-07,6.22,05-31-2011,BNP Paribas
2012,2010-01-06,6.22,05-31-2011,BNP Paribas
2012,2010-01-25,6.22,05-31-2011,BNP Paribas
2012,2010-02-05,6.22,05-31-2011,BNP Paribas
2012,2010-03-15,6.22,05-31-2011,BNP Paribas
2012,2010-03-16,6.22,05-31-2011,BNP Paribas
2012,2010-03-18,6.22,05-31-2011,BNP Paribas
2012,2010-03-30,6.22,05-31-2011,BNP Paribas
2012,2010-05-07,6.22,05-31-2011,BNP Paribas
2012,2010-06-01,6.22,05-31-2011,BNP Paribas
2012,2010-06-02,6.22,05-31-2011,BNP Paribas
2012,2010-06-18,6.5,05-31-2011,BNP Paribas
2012,2010-06-21,6.41,05-31-2011,BNP Paribas
2012,2010-07-29,6.41,05-31-2011,BNP Paribas
2012,2010-08-24,6.41,05-31-2011,BNP Paribas
2012,2010-09-21,6.41,05-31-2011,BNP Paribas
2012,2010-09-22,6.26,05-31-2011,BNP Paribas
2012,2010-09-24,6.26,05-31-2011,BNP Paribas
2012,2010-11-02,6.26,05-31-2011,BNP Paribas
2012,2010-11-23,6.26,05-31-2011,BNP Paribas
2012,2011-01-06,6.26,05-31-2011,BNP Paribas
2012,2011-02-09,6.26,05-31-2011,BNP Paribas
2012,2011-05-10,6.26,05-31-2011,BNP Paribas
2013,2009-09-21,6.72,05-31-2011,BNP Paribas
2013,2010-01-06,6.15,05-31-2011,BNP Paribas
2013,2010-09-22,6.15,05-31-2011,BNP Paribas
2013,2010-09-24,6.15,05-31-2011,BNP Paribas
2013,2010-11-02,6.15,05-31-2011,BNP Paribas
2013,2010-11-23,6.15,05-31-2011,BNP Paribas
2013,2011-01-06,6.15,05-31-2011,BNP Paribas
2013,2011-02-09,6.15,05-31-2011,BNP Paribas
Q3-20,2019-09-03,7.25,08-31-2020,BNP Paribas
Q3-20,2019-09-05,7.25,08-31-2020,BNP Paribas
Q3-20,2019-12-04,6.9,08-31-2020,BNP Paribas
Q3-20,2020-02-12,6.9,08-31-2020,BNP Paribas
Q3-20,2020-02-20,6.9,08-31-2020,BNP Paribas
Q3-20,2020-03-04,6.9,08-31-2020,BNP Paribas
Q3-20,2020-03-20,6.92,08-31-2020,BNP Paribas
Q3-20,2020-04-08,6.9,08-31-2020,BNP Paribas
Q3-20,2020-05-11,6.9,08-31-2020,BNP Paribas
Q3-20,2020-05-26,6.92,08-31-2020,BNP Paribas
Q3-20,2020-07-29,6.92,08-31-2020,BNP Paribas
Q4-20,2019-09-03,7.2,08-31-2020,BNP Paribas
Q4-20,2019-09-05,7.2,08-31-2020,BNP Paribas
Q4-20,2019-12-04,6.85,08-31-2020,BNP Paribas
Q4-20,2020-02-12,6.85,08-31-2020,BNP Paribas
Q4-20,2020-02-20,6.85,08-31-2020,BNP Paribas
Q4-20,2020-03-04,6.85,08-31-2020,BNP Paribas
Q4-20,2020-03-20,6.9,08-31-2020,BNP Paribas
Q4-20,2020-04-08,6.86,08-31-2020,BNP Paribas
Q4-20,2020-05-11,6.86,08-31-2020,BNP Paribas
Q4-20,2020-05-26,6.9,08-31-2020,BNP Paribas
Q4-20,2020-07-29,6.9,08-31-2020,BNP Paribas
Q1-21,2020-03-04,6.81,08-31-2020,BNP Paribas
Q1-21,2020-03-20,6.86,08-31-2020,BNP Paribas
Q1-21,2020-04-08,6.83,08-31-2020,BNP Paribas
Q1-21,2020-05-11,6.83,08-31-2020,BNP Paribas
Q1-21,2020-05-26,6.86,08-31-2020,BNP Paribas
Q1-21,2020-07-29,6.86,08-31-2020,BNP Paribas
Q2-21,2020-07-29,6.83,08-31-2020,BNP Paribas
2021,2019-12-04,6.7,08-31-2020,BNP Paribas
2021,2020-02-12,6.7,08-31-2020,BNP Paribas
2021,2020-02-20,6.7,08-31-2020,BNP Paribas
2021,2020-03-04,6.7,08-31-2020,BNP Paribas
2021,2020-03-20,6.75,08-31-2020,BNP Paribas
2021,2020-05-26,6.75,08-31-2020,BNP Paribas
2021,2020-07-29,6.75,08-31-2020,BNP Paribas
Q4-16,2016-07-13,6.6,11-30-2016,BNP Paribas
Q1-17,2016-07-13,6.64,11-30-2016,BNP Paribas
Q2-17,2016-07-13,6.68,11-30-2016,BNP Paribas
2017,2016-07-13,6.74,11-30-2016,BNP Paribas
2018,2016-07-13,6.32,11-30-2016,BNP Paribas
2019,2016-07-13,6.13,11-30-2016,BNP Paribas
2020,2016-07-13,6.07,11-30-2016,BNP Paribas
Q1-11,2010-03-16,6.57,02-28-2011,BNP Paribas
Q1-11,2010-03-18,6.57,02-28-2011,BNP Paribas
Q1-11,2010-03-30,6.62,02-28-2011,BNP Paribas
Q1-11,2010-05-07,6.62,02-28-2011,BNP Paribas
Q1-11,2010-06-01,6.62,02-28-2011,BNP Paribas
Q1-11,2010-06-02,6.62,02-28-2011,BNP Paribas
Q1-11,2010-06-18,6.75,02-28-2011,BNP Paribas
Q1-11,2010-06-21,6.75,02-28-2011,BNP Paribas
Q1-11,2010-07-29,6.75,02-28-2011,BNP Paribas
Q1-11,2010-08-24,6.75,02-28-2011,BNP Paribas
Q1-11,2010-09-21,6.75,02-28-2011,BNP Paribas
Q1-11,2010-09-22,6.6,02-28-2011,BNP Paribas
Q1-11,2010-09-24,6.6,02-28-2011,BNP Paribas
Q1-11,2010-11-02,6.6,02-28-2011,BNP Paribas
Q1-11,2010-11-23,6.58,02-28-2011,BNP Paribas
Q1-11,2011-01-06,6.58,02-28-2011,BNP Paribas
Q1-11,2011-02-09,6.58,02-28-2011,BNP Paribas
Q2-11,2010-06-02,6.52,02-28-2011,BNP Paribas
Q2-11,2010-06-18,6.73,02-28-2011,BNP Paribas
Q2-11,2010-06-21,6.7,02-28-2011,BNP Paribas
Q2-11,2010-07-29,6.7,02-28-2011,BNP Paribas
Q2-11,2010-08-24,6.7,02-28-2011,BNP Paribas
Q2-11,2010-09-21,6.7,02-28-2011,BNP Paribas
Q2-11,2010-09-22,6.55,02-28-2011,BNP Paribas
Q2-11,2010-09-24,6.55,02-28-2011,BNP Paribas
Q2-11,2010-11-02,6.55,02-28-2011,BNP Paribas
Q2-11,2010-11-23,6.52,02-28-2011,BNP Paribas
Q2-11,2011-01-06,6.52,02-28-2011,BNP Paribas
Q2-11,2011-02-09,6.52,02-28-2011,BNP Paribas
Q3-11,2010-09-21,6.64,02-28-2011,BNP Paribas
Q3-11,2010-09-22,6.5,02-28-2011,BNP Paribas
Q3-11,2010-09-24,6.5,02-28-2011,BNP Paribas
Q3-11,2010-11-02,6.5,02-28-2011,BNP Paribas
Q3-11,2010-11-23,6.49,02-28-2011,BNP Paribas
Q3-11,2011-01-06,6.49,02-28-2011,BNP Paribas
Q3-11,2011-02-09,6.49,02-28-2011,BNP Paribas
Q4-11,2009-03-17,6.64,02-28-2011,BNP Paribas
Q4-11,2009-03-19,6.64,02-28-2011,BNP Paribas
Q4-11,2009-04-23,6.64,02-28-2011,BNP Paribas
Q4-11,2009-05-08,6.64,02-28-2011,BNP Paribas
Q4-11,2009-05-19,6.64,02-28-2011,BNP Paribas
Q4-11,2009-05-21,6.76,02-28-2011,BNP Paribas
Q4-11,2009-06-17,6.76,02-28-2011,BNP Paribas
Q4-11,2009-07-08,6.76,02-28-2011,BNP Paribas
Q4-11,2009-08-11,6.76,02-28-2011,BNP Paribas
Q4-11,2009-09-08,6.76,02-28-2011,BNP Paribas
Q4-11,2009-09-16,6.76,02-28-2011,BNP Paribas
Q4-11,2009-09-18,6.76,02-28-2011,BNP Paribas
Q4-11,2009-09-21,6.81,02-28-2011,BNP Paribas
Q4-11,2009-09-22,6.76,02-28-2011,BNP Paribas
Q4-11,2009-09-24,6.76,02-28-2011,BNP Paribas
Q4-11,2009-10-19,6.76,02-28-2011,BNP Paribas
Q4-11,2009-11-30,6.42,02-28-2011,BNP Paribas
Q4-11,2009-12-07,6.42,02-28-2011,BNP Paribas
Q4-11,2010-01-06,6.42,02-28-2011,BNP Paribas
Q4-11,2010-01-25,6.42,02-28-2011,BNP Paribas
Q4-11,2010-02-05,6.42,02-28-2011,BNP Paribas
Q4-11,2010-03-15,6.42,02-28-2011,BNP Paribas
Q4-11,2010-03-16,6.42,02-28-2011,BNP Paribas
Q4-11,2010-03-18,6.42,02-28-2011,BNP Paribas
Q4-11,2010-03-30,6.42,02-28-2011,BNP Paribas
Q4-11,2010-05-07,6.42,02-28-2011,BNP Paribas
Q4-11,2010-06-01,6.42,02-28-2011,BNP Paribas
Q4-11,2010-06-02,6.42,02-28-2011,BNP Paribas
Q4-11,2010-06-18,6.69,02-28-2011,BNP Paribas
Q4-11,2010-06-21,6.6,02-28-2011,BNP Paribas
Q4-11,2010-07-29,6.6,02-28-2011,BNP Paribas
Q4-11,2010-08-24,6.6,02-28-2011,BNP Paribas
Q4-11,2010-09-21,6.6,02-28-2011,BNP Paribas
Q4-11,2010-09-22,6.45,02-28-2011,BNP Paribas
Q4-11,2010-09-24,6.45,02-28-2011,BNP Paribas
Q4-11,2010-11-02,6.45,02-28-2011,BNP Paribas
Q4-11,2010-11-23,6.45,02-28-2011,BNP Paribas
Q4-11,2011-01-06,6.45,02-28-2011,BNP Paribas
Q4-11,2011-02-09,6.45,02-28-2011,BNP Paribas
2012,2009-03-17,6.5,02-28-2011,BNP Paribas
2012,2009-03-19,6.5,02-28-2011,BNP Paribas
2012,2009-04-23,6.5,02-28-2011,BNP Paribas
2012,2009-05-08,6.5,02-28-2011,BNP Paribas
2012,2009-05-19,6.5,02-28-2011,BNP Paribas
2012,2009-05-21,6.72,02-28-2011,BNP Paribas
2012,2009-06-17,6.72,02-28-2011,BNP Paribas
2012,2009-07-08,6.72,02-28-2011,BNP Paribas
2012,2009-08-11,6.72,02-28-2011,BNP Paribas
2012,2009-09-08,6.72,02-28-2011,BNP Paribas
2012,2009-09-16,6.72,02-28-2011,BNP Paribas
2012,2009-09-18,6.72,02-28-2011,BNP Paribas
2012,2009-09-21,6.76,02-28-2011,BNP Paribas
2012,2009-09-22,6.72,02-28-2011,BNP Paribas
2012,2009-09-24,6.72,02-28-2011,BNP Paribas
2012,2009-10-19,6.72,02-28-2011,BNP Paribas
2012,2009-11-30,6.22,02-28-2011,BNP Paribas
2012,2009-12-07,6.22,02-28-2011,BNP Paribas
2012,2010-01-06,6.22,02-28-2011,BNP Paribas
2012,2010-01-25,6.22,02-28-2011,BNP Paribas
2012,2010-02-05,6.22,02-28-2011,BNP Paribas
2012,2010-03-15,6.22,02-28-2011,BNP Paribas
2012,2010-03-16,6.22,02-28-2011,BNP Paribas
2012,2010-03-18,6.22,02-28-2011,BNP Paribas
2012,2010-03-30,6.22,02-28-2011,BNP Paribas
2012,2010-05-07,6.22,02-28-2011,BNP Paribas
2012,2010-06-01,6.22,02-28-2011,BNP Paribas
2012,2010-06-02,6.22,02-28-2011,BNP Paribas
2012,2010-06-18,6.5,02-28-2011,BNP Paribas
2012,2010-06-21,6.41,02-28-2011,BNP Paribas
2012,2010-07-29,6.41,02-28-2011,BNP Paribas
2012,2010-08-24,6.41,02-28-2011,BNP Paribas
2012,2010-09-21,6.41,02-28-2011,BNP Paribas
2012,2010-09-22,6.26,02-28-2011,BNP Paribas
2012,2010-09-24,6.26,02-28-2011,BNP Paribas
2012,2010-11-02,6.26,02-28-2011,BNP Paribas
2012,2010-11-23,6.26,02-28-2011,BNP Paribas
2012,2011-01-06,6.26,02-28-2011,BNP Paribas
2012,2011-02-09,6.26,02-28-2011,BNP Paribas
2013,2009-09-21,6.72,02-28-2011,BNP Paribas
2013,2010-01-06,6.15,02-28-2011,BNP Paribas
2013,2010-09-22,6.15,02-28-2011,BNP Paribas
2013,2010-09-24,6.15,02-28-2011,BNP Paribas
2013,2010-11-02,6.15,02-28-2011,BNP Paribas
2013,2010-11-23,6.15,02-28-2011,BNP Paribas
2013,2011-01-06,6.15,02-28-2011,BNP Paribas
2013,2011-02-09,6.15,02-28-2011,BNP Paribas
Q3-16,2016-07-13,6.52,08-31-2016,BNP Paribas
Q4-16,2016-07-13,6.6,08-31-2016,BNP Paribas
Q1-17,2016-07-13,6.64,08-31-2016,BNP Paribas
Q2-17,2016-07-13,6.68,08-31-2016,BNP Paribas
2017,2016-07-13,6.74,08-31-2016,BNP Paribas
2018,2016-07-13,6.32,08-31-2016,BNP Paribas
2019,2016-07-13,6.13,08-31-2016,BNP Paribas
2020,2016-07-13,6.07,08-31-2016,BNP Paribas
Q4-20,2019-09-03,7.2,11-30-2020,BNP Paribas
Q4-20,2019-09-05,7.2,11-30-2020,BNP Paribas
Q4-20,2019-12-04,6.85,11-30-2020,BNP Paribas
Q4-20,2020-02-12,6.85,11-30-2020,BNP Paribas
Q4-20,2020-02-20,6.85,11-30-2020,BNP Paribas
Q4-20,2020-03-04,6.85,11-30-2020,BNP Paribas
Q4-20,2020-03-20,6.9,11-30-2020,BNP Paribas
Q4-20,2020-04-08,6.86,11-30-2020,BNP Paribas
Q4-20,2020-05-11,6.86,11-30-2020,BNP Paribas
Q4-20,2020-05-26,6.9,11-30-2020,BNP Paribas
Q4-20,2020-07-29,6.9,11-30-2020,BNP Paribas
Q4-20,2020-09-09,6.9,11-30-2020,BNP Paribas
Q4-20,2020-09-14,6.8,11-30-2020,BNP Paribas
Q4-20,2020-11-24,6.6,11-30-2020,BNP Paribas
Q1-21,2020-03-04,6.81,11-30-2020,BNP Paribas
Q1-21,2020-03-20,6.86,11-30-2020,BNP Paribas
Q1-21,2020-04-08,6.83,11-30-2020,BNP Paribas
Q1-21,2020-05-11,6.83,11-30-2020,BNP Paribas
Q1-21,2020-05-26,6.86,11-30-2020,BNP Paribas
Q1-21,2020-07-29,6.86,11-30-2020,BNP Paribas
Q1-21,2020-09-09,6.86,11-30-2020,BNP Paribas
Q1-21,2020-09-14,6.75,11-30-2020,BNP Paribas
Q1-21,2020-11-24,6.45,11-30-2020,BNP Paribas
Q2-21,2020-07-29,6.83,11-30-2020,BNP Paribas
Q2-21,2020-09-09,6.83,11-30-2020,BNP Paribas
Q2-21,2020-09-14,6.72,11-30-2020,BNP Paribas
Q2-21,2020-11-24,6.4,11-30-2020,BNP Paribas
Q3-21,2020-11-24,6.35,11-30-2020,BNP Paribas
2021,2019-12-04,6.7,11-30-2020,BNP Paribas
2021,2020-02-12,6.7,11-30-2020,BNP Paribas
2021,2020-02-20,6.7,11-30-2020,BNP Paribas
2021,2020-03-04,6.7,11-30-2020,BNP Paribas
2021,2020-03-20,6.75,11-30-2020,BNP Paribas
2021,2020-05-26,6.75,11-30-2020,BNP Paribas
2021,2020-07-29,6.75,11-30-2020,BNP Paribas
2021,2020-09-09,6.75,11-30-2020,BNP Paribas
2021,2020-09-14,6.62,11-30-2020,BNP Paribas
2021,2020-11-24,6.3,11-30-2020,BNP Paribas
2022,2020-11-24,6.5,11-30-2020,BNP Paribas
Q1-07,2006-03-09,7.5,02-28-2007,BNP Paribas
Q1-07,2006-04-21,7.5,02-28-2007,BNP Paribas
Q1-07,2006-05-18,7.5,02-28-2007,BNP Paribas
Q1-07,2006-07-03,7.5,02-28-2007,BNP Paribas
Q1-07,2006-08-08,7.5,02-28-2007,BNP Paribas
Q1-07,2006-09-20,7.7,02-28-2007,BNP Paribas
Q1-07,2006-11-07,7.7,02-28-2007,BNP Paribas
Q1-07,2006-12-12,7.7,02-28-2007,BNP Paribas
Q1-07,2007-01-16,7.7,02-28-2007,BNP Paribas
Q1-07,2007-02-21,7.7,02-28-2007,BNP Paribas
Q2-07,2006-03-09,7.4,02-28-2007,BNP Paribas
Q2-07,2006-07-03,7.4,02-28-2007,BNP Paribas
Q2-07,2006-08-08,7.4,02-28-2007,BNP Paribas
Q2-07,2006-09-20,7.6,02-28-2007,BNP Paribas
Q2-07,2006-11-07,7.6,02-28-2007,BNP Paribas
Q2-07,2006-12-12,7.6,02-28-2007,BNP Paribas
Q2-07,2007-01-16,7.6,02-28-2007,BNP Paribas
Q2-07,2007-02-21,7.6,02-28-2007,BNP Paribas
Q3-07,2006-03-09,7.3,02-28-2007,BNP Paribas
Q3-07,2006-09-20,7.5,02-28-2007,BNP Paribas
Q3-07,2006-11-07,7.5,02-28-2007,BNP Paribas
Q3-07,2006-12-12,7.5,02-28-2007,BNP Paribas
Q3-07,2007-01-16,7.5,02-28-2007,BNP Paribas
Q3-07,2007-02-21,7.5,02-28-2007,BNP Paribas
Q4-07,2006-03-09,7.3,02-28-2007,BNP Paribas
Q4-07,2006-05-18,7.2,02-28-2007,BNP Paribas
Q4-07,2006-07-03,7.2,02-28-2007,BNP Paribas
Q4-07,2006-08-08,7.2,02-28-2007,BNP Paribas
Q4-07,2006-09-20,7.4,02-28-2007,BNP Paribas
Q4-07,2006-11-07,7.4,02-28-2007,BNP Paribas
Q4-07,2006-12-12,7.4,02-28-2007,BNP Paribas
Q4-07,2007-01-16,7.4,02-28-2007,BNP Paribas
Q4-07,2007-02-21,7.4,02-28-2007,BNP Paribas
2008,2006-05-18,7.3,02-28-2007,BNP Paribas
2008,2006-07-03,6.8,02-28-2007,BNP Paribas
2008,2006-08-08,6.8,02-28-2007,BNP Paribas
2008,2006-09-20,7.0,02-28-2007,BNP Paribas
2008,2006-11-07,7.0,02-28-2007,BNP Paribas
2008,2006-12-12,7.0,02-28-2007,BNP Paribas
2008,2007-01-16,7.0,02-28-2007,BNP Paribas
2008,2007-02-21,7.0,02-28-2007,BNP Paribas
2009,2006-05-18,7.2,02-28-2007,BNP Paribas
2009,2006-07-03,7.2,02-28-2007,BNP Paribas
2009,2006-08-08,7.2,02-28-2007,BNP Paribas
2009,2006-09-20,7.2,02-28-2007,BNP Paribas
2009,2006-11-07,7.2,02-28-2007,BNP Paribas
2009,2006-12-12,7.2,02-28-2007,BNP Paribas
2009,2007-01-16,7.2,02-28-2007,BNP Paribas
2009,2007-02-21,7.2,02-28-2007,BNP Paribas
2010,2006-05-18,7.0,02-28-2007,BNP Paribas
2010,2006-07-03,7.0,02-28-2007,BNP Paribas
2010,2006-08-08,7.0,02-28-2007,BNP Paribas
2010,2006-09-20,7.0,02-28-2007,BNP Paribas
2010,2006-11-07,7.0,02-28-2007,BNP Paribas
2010,2006-12-12,7.0,02-28-2007,BNP Paribas
2010,2007-01-16,7.0,02-28-2007,BNP Paribas
2010,2007-02-21,7.0,02-28-2007,BNP Paribas
2011,2006-07-03,6.8,02-28-2007,BNP Paribas
2011,2006-08-08,6.8,02-28-2007,BNP Paribas
2011,2006-09-20,6.8,02-28-2007,BNP Paribas
2011,2006-11-07,6.8,02-28-2007,BNP Paribas
2011,2006-12-12,6.8,02-28-2007,BNP Paribas
2011,2007-01-16,6.8,02-28-2007,BNP Paribas
2011,2007-02-21,6.8,02-28-2007,BNP Paribas
Q4-21,2019-12-04,6.7,11-30-2021,BNP Paribas
Q4-21,2020-02-12,6.7,11-30-2021,BNP Paribas
Q4-21,2020-02-20,6.7,11-30-2021,BNP Paribas
Q4-21,2020-03-04,6.7,11-30-2021,BNP Paribas
Q4-21,2020-03-20,6.75,11-30-2021,BNP Paribas
Q4-21,2020-05-26,6.75,11-30-2021,BNP Paribas
Q4-21,2020-07-29,6.75,11-30-2021,BNP Paribas
Q4-21,2020-09-09,6.75,11-30-2021,BNP Paribas
Q4-21,2020-09-14,6.62,11-30-2021,BNP Paribas
Q4-21,2020-11-24,6.3,11-30-2021,BNP Paribas
Q4-21,2021-03-30,6.55,11-30-2021,BNP Paribas
Q4-21,2021-05-26,6.55,11-30-2021,BNP Paribas
Q4-21,2021-06-24,6.5,11-30-2021,BNP Paribas
Q4-21,2021-10-01,6.55,11-30-2021,BNP Paribas
Q1-22,2021-03-30,6.59,11-30-2021,BNP Paribas
Q1-22,2021-05-26,6.59,11-30-2021,BNP Paribas
Q1-22,2021-06-24,6.5,11-30-2021,BNP Paribas
Q1-22,2021-10-01,6.6,11-30-2021,BNP Paribas
Q1-22,2021-11-22,6.6,11-30-2021,BNP Paribas
Q2-22,2021-06-24,6.5,11-30-2021,BNP Paribas
Q2-22,2021-10-01,6.5,11-30-2021,BNP Paribas
Q2-22,2021-11-22,6.5,11-30-2021,BNP Paribas
Q3-22,2021-10-01,6.55,11-30-2021,BNP Paribas
Q3-22,2021-11-22,6.55,11-30-2021,BNP Paribas
2022,2020-11-24,6.5,11-30-2021,BNP Paribas
2022,2021-03-30,6.7,11-30-2021,BNP Paribas
2022,2021-05-26,6.7,11-30-2021,BNP Paribas
2022,2021-06-24,6.6,11-30-2021,BNP Paribas
2022,2021-10-01,6.65,11-30-2021,BNP Paribas
2022,2021-11-22,6.65,11-30-2021,BNP Paribas
2023,2021-10-01,6.5,11-30-2021,BNP Paribas
2023,2021-11-22,6.57,11-30-2021,BNP Paribas
2024,2021-11-22,6.57,11-30-2021,BNP Paribas
2025,2021-11-22,6.5,11-30-2021,BNP Paribas
Q4-17,2016-07-13,6.74,08-31-2017,BNP Paribas
2018,2016-07-13,6.32,08-31-2017,BNP Paribas
2019,2016-07-13,6.13,08-31-2017,BNP Paribas
2020,2016-07-13,6.07,08-31-2017,BNP Paribas
2021,2016-07-13,6.0,08-31-2017,BNP Paribas
Q1-10,2009-04-23,6.85,02-28-2010,BNP Paribas
Q1-10,2009-05-08,6.85,02-28-2010,BNP Paribas
Q1-10,2009-05-19,6.85,02-28-2010,BNP Paribas
Q1-10,2009-05-21,6.83,02-28-2010,BNP Paribas
Q1-10,2009-06-17,6.83,02-28-2010,BNP Paribas
Q1-10,2009-07-08,6.83,02-28-2010,BNP Paribas
Q1-10,2009-08-11,6.83,02-28-2010,BNP Paribas
Q1-10,2009-09-08,6.83,02-28-2010,BNP Paribas
Q1-10,2009-09-16,6.83,02-28-2010,BNP Paribas
Q1-10,2009-09-18,6.83,02-28-2010,BNP Paribas
Q1-10,2009-09-21,6.83,02-28-2010,BNP Paribas
Q1-10,2009-09-22,6.83,02-28-2010,BNP Paribas
Q1-10,2009-09-24,6.83,02-28-2010,BNP Paribas
Q1-10,2009-10-19,6.83,02-28-2010,BNP Paribas
Q1-10,2009-11-30,6.83,02-28-2010,BNP Paribas
Q1-10,2009-12-07,6.83,02-28-2010,BNP Paribas
Q1-10,2010-01-06,6.83,02-28-2010,BNP Paribas
Q1-10,2010-01-25,6.83,02-28-2010,BNP Paribas
Q1-10,2010-02-05,6.83,02-28-2010,BNP Paribas
Q2-10,2009-08-11,6.83,02-28-2010,BNP Paribas
Q2-10,2009-09-08,6.83,02-28-2010,BNP Paribas
Q2-10,2009-09-16,6.83,02-28-2010,BNP Paribas
Q2-10,2009-09-18,6.83,02-28-2010,BNP Paribas
Q2-10,2009-09-21,6.83,02-28-2010,BNP Paribas
Q2-10,2009-09-22,6.83,02-28-2010,BNP Paribas
Q2-10,2009-09-24,6.83,02-28-2010,BNP Paribas
Q2-10,2009-10-19,6.83,02-28-2010,BNP Paribas
Q2-10,2009-11-30,6.83,02-28-2010,BNP Paribas
Q2-10,2009-12-07,6.83,02-28-2010,BNP Paribas
Q2-10,2010-01-06,6.83,02-28-2010,BNP Paribas
Q2-10,2010-01-25,6.83,02-28-2010,BNP Paribas
Q2-10,2010-02-05,6.83,02-28-2010,BNP Paribas
Q3-10,2009-09-24,6.82,02-28-2010,BNP Paribas
Q3-10,2009-10-19,6.82,02-28-2010,BNP Paribas
Q3-10,2009-11-30,6.72,02-28-2010,BNP Paribas
Q3-10,2009-12-07,6.72,02-28-2010,BNP Paribas
Q3-10,2010-01-06,6.72,02-28-2010,BNP Paribas
Q3-10,2010-01-25,6.72,02-28-2010,BNP Paribas
Q3-10,2010-02-05,6.72,02-28-2010,BNP Paribas
Q4-10,2008-03-20,6.2,02-28-2010,BNP Paribas
Q4-10,2008-04-17,6.0,02-28-2010,BNP Paribas
Q4-10,2008-05-15,6.0,02-28-2010,BNP Paribas
Q4-10,2008-05-23,6.0,02-28-2010,BNP Paribas
Q4-10,2008-06-11,6.0,02-28-2010,BNP Paribas
Q4-10,2008-07-01,6.0,02-28-2010,BNP Paribas
Q4-10,2008-08-20,6.0,02-28-2010,BNP Paribas
Q4-10,2008-09-02,6.0,02-28-2010,BNP Paribas
Q4-10,2008-09-04,6.28,02-28-2010,BNP Paribas
Q4-10,2008-09-18,6.75,02-28-2010,BNP Paribas
Q4-10,2008-10-06,6.75,02-28-2010,BNP Paribas
Q4-10,2008-10-07,6.75,02-28-2010,BNP Paribas
Q4-10,2008-10-27,6.88,02-28-2010,BNP Paribas
Q4-10,2008-12-04,6.88,02-28-2010,BNP Paribas
Q4-10,2009-01-06,6.72,02-28-2010,BNP Paribas
Q4-10,2009-01-13,6.72,02-28-2010,BNP Paribas
Q4-10,2009-02-06,6.72,02-28-2010,BNP Paribas
Q4-10,2009-03-17,6.85,02-28-2010,BNP Paribas
Q4-10,2009-03-19,6.85,02-28-2010,BNP Paribas
Q4-10,2009-04-23,6.85,02-28-2010,BNP Paribas
Q4-10,2009-05-08,6.85,02-28-2010,BNP Paribas
Q4-10,2009-05-19,6.85,02-28-2010,BNP Paribas
Q4-10,2009-05-21,6.81,02-28-2010,BNP Paribas
Q4-10,2009-06-17,6.81,02-28-2010,BNP Paribas
Q4-10,2009-07-08,6.81,02-28-2010,BNP Paribas
Q4-10,2009-08-11,6.81,02-28-2010,BNP Paribas
Q4-10,2009-09-08,6.81,02-28-2010,BNP Paribas
Q4-10,2009-09-16,6.81,02-28-2010,BNP Paribas
Q4-10,2009-09-18,6.81,02-28-2010,BNP Paribas
Q4-10,2009-09-21,6.82,02-28-2010,BNP Paribas
Q4-10,2009-09-22,6.81,02-28-2010,BNP Paribas
Q4-10,2009-09-24,6.81,02-28-2010,BNP Paribas
Q4-10,2009-10-19,6.81,02-28-2010,BNP Paribas
Q4-10,2009-11-30,6.62,02-28-2010,BNP Paribas
Q4-10,2009-12-07,6.62,02-28-2010,BNP Paribas
Q4-10,2010-01-06,6.62,02-28-2010,BNP Paribas
Q4-10,2010-01-25,6.62,02-28-2010,BNP Paribas
Q4-10,2010-02-05,6.62,02-28-2010,BNP Paribas
2011,2008-03-20,6.0,02-28-2010,BNP Paribas
2011,2008-04-17,6.0,02-28-2010,BNP Paribas
2011,2008-05-15,6.0,02-28-2010,BNP Paribas
2011,2008-05-23,6.0,02-28-2010,BNP Paribas
2011,2008-06-11,6.0,02-28-2010,BNP Paribas
2011,2008-07-01,6.0,02-28-2010,BNP Paribas
2011,2008-08-20,6.0,02-28-2010,BNP Paribas
2011,2008-09-02,6.0,02-28-2010,BNP Paribas
2011,2008-09-04,6.15,02-28-2010,BNP Paribas
2011,2008-09-18,6.15,02-28-2010,BNP Paribas
2011,2008-10-06,6.15,02-28-2010,BNP Paribas
2011,2008-10-07,6.15,02-28-2010,BNP Paribas
2011,2008-10-27,6.88,02-28-2010,BNP Paribas
2011,2008-12-04,6.88,02-28-2010,BNP Paribas
2011,2009-01-06,6.64,02-28-2010,BNP Paribas
2011,2009-01-13,6.64,02-28-2010,BNP Paribas
2011,2009-02-06,6.64,02-28-2010,BNP Paribas
2011,2009-03-17,6.64,02-28-2010,BNP Paribas
2011,2009-03-19,6.64,02-28-2010,BNP Paribas
2011,2009-04-23,6.64,02-28-2010,BNP Paribas
2011,2009-05-08,6.64,02-28-2010,BNP Paribas
2011,2009-05-19,6.64,02-28-2010,BNP Paribas
2011,2009-05-21,6.76,02-28-2010,BNP Paribas
2011,2009-06-17,6.76,02-28-2010,BNP Paribas
2011,2009-07-08,6.76,02-28-2010,BNP Paribas
2011,2009-08-11,6.76,02-28-2010,BNP Paribas
2011,2009-09-08,6.76,02-28-2010,BNP Paribas
2011,2009-09-16,6.76,02-28-2010,BNP Paribas
2011,2009-09-18,6.76,02-28-2010,BNP Paribas
2011,2009-09-21,6.81,02-28-2010,BNP Paribas
2011,2009-09-22,6.76,02-28-2010,BNP Paribas
2011,2009-09-24,6.76,02-28-2010,BNP Paribas
2011,2009-10-19,6.76,02-28-2010,BNP Paribas
2011,2009-11-30,6.42,02-28-2010,BNP Paribas
2011,2009-12-07,6.42,02-28-2010,BNP Paribas
2011,2010-01-06,6.42,02-28-2010,BNP Paribas
2011,2010-01-25,6.42,02-28-2010,BNP Paribas
2011,2010-02-05,6.42,02-28-2010,BNP Paribas
2012,2008-03-20,6.5,02-28-2010,BNP Paribas
2012,2008-04-17,6.5,02-28-2010,BNP Paribas
2012,2008-05-15,6.5,02-28-2010,BNP Paribas
2012,2008-05-23,6.5,02-28-2010,BNP Paribas
2012,2008-06-11,6.5,02-28-2010,BNP Paribas
2012,2008-07-01,6.5,02-28-2010,BNP Paribas
2012,2008-08-20,6.5,02-28-2010,BNP Paribas
2012,2008-09-02,6.5,02-28-2010,BNP Paribas
2012,2008-09-04,6.5,02-28-2010,BNP Paribas
2012,2008-09-18,6.5,02-28-2010,BNP Paribas
2012,2008-10-06,6.5,02-28-2010,BNP Paribas
2012,2008-10-07,6.5,02-28-2010,BNP Paribas
2012,2008-10-27,6.5,02-28-2010,BNP Paribas
2012,2008-12-04,6.5,02-28-2010,BNP Paribas
2012,2009-01-06,6.5,02-28-2010,BNP Paribas
2012,2009-01-13,6.5,02-28-2010,BNP Paribas
2012,2009-02-06,6.5,02-28-2010,BNP Paribas
2012,2009-03-17,6.5,02-28-2010,BNP Paribas
2012,2009-03-19,6.5,02-28-2010,BNP Paribas
2012,2009-04-23,6.5,02-28-2010,BNP Paribas
2012,2009-05-08,6.5,02-28-2010,BNP Paribas
2012,2009-05-19,6.5,02-28-2010,BNP Paribas
2012,2009-05-21,6.72,02-28-2010,BNP Paribas
2012,2009-06-17,6.72,02-28-2010,BNP Paribas
2012,2009-07-08,6.72,02-28-2010,BNP Paribas
2012,2009-08-11,6.72,02-28-2010,BNP Paribas
2012,2009-09-08,6.72,02-28-2010,BNP Paribas
2012,2009-09-16,6.72,02-28-2010,BNP Paribas
2012,2009-09-18,6.72,02-28-2010,BNP Paribas
2012,2009-09-21,6.76,02-28-2010,BNP Paribas
2012,2009-09-22,6.72,02-28-2010,BNP Paribas
2012,2009-09-24,6.72,02-28-2010,BNP Paribas
2012,2009-10-19,6.72,02-28-2010,BNP Paribas
2012,2009-11-30,6.22,02-28-2010,BNP Paribas
2012,2009-12-07,6.22,02-28-2010,BNP Paribas
2012,2010-01-06,6.22,02-28-2010,BNP Paribas
2012,2010-01-25,6.22,02-28-2010,BNP Paribas
2012,2010-02-05,6.22,02-28-2010,BNP Paribas
2013,2009-09-21,6.72,02-28-2010,BNP Paribas
2013,2010-01-06,6.72,02-28-2010,BNP Paribas
Q4-17,2016-07-13,6.74,11-30-2017,BNP Paribas
2018,2016-07-13,6.32,11-30-2017,BNP Paribas
2019,2016-07-13,6.13,11-30-2017,BNP Paribas
2020,2016-07-13,6.07,11-30-2017,BNP Paribas
2021,2016-07-13,6.0,11-30-2017,BNP Paribas
Q3-21,2020-11-24,6.35,08-31-2021,BNP Paribas
Q3-21,2021-03-30,6.6,08-31-2021,BNP Paribas
Q3-21,2021-05-26,6.6,08-31-2021,BNP Paribas
Q3-21,2021-06-24,6.45,08-31-2021,BNP Paribas
Q4-21,2019-12-04,6.7,08-31-2021,BNP Paribas
Q4-21,2020-02-12,6.7,08-31-2021,BNP Paribas
Q4-21,2020-02-20,6.7,08-31-2021,BNP Paribas
Q4-21,2020-03-04,6.7,08-31-2021,BNP Paribas
Q4-21,2020-03-20,6.75,08-31-2021,BNP Paribas
Q4-21,2020-05-26,6.75,08-31-2021,BNP Paribas
Q4-21,2020-07-29,6.75,08-31-2021,BNP Paribas
Q4-21,2020-09-09,6.75,08-31-2021,BNP Paribas
Q4-21,2020-09-14,6.62,08-31-2021,BNP Paribas
Q4-21,2020-11-24,6.3,08-31-2021,BNP Paribas
Q4-21,2021-03-30,6.55,08-31-2021,BNP Paribas
Q4-21,2021-05-26,6.55,08-31-2021,BNP Paribas
Q4-21,2021-06-24,6.5,08-31-2021,BNP Paribas
Q1-22,2021-03-30,6.59,08-31-2021,BNP Paribas
Q1-22,2021-05-26,6.59,08-31-2021,BNP Paribas
Q1-22,2021-06-24,6.5,08-31-2021,BNP Paribas
Q2-22,2021-06-24,6.5,08-31-2021,BNP Paribas
2022,2020-11-24,6.5,08-31-2021,BNP Paribas
2022,2021-03-30,6.7,08-31-2021,BNP Paribas
2022,2021-05-26,6.7,08-31-2021,BNP Paribas
2022,2021-06-24,6.6,08-31-2021,BNP Paribas
Q2-10,2009-08-11,6.83,05-31-2010,BNP Paribas
Q2-10,2009-09-08,6.83,05-31-2010,BNP Paribas
Q2-10,2009-09-16,6.83,05-31-2010,BNP Paribas
Q2-10,2009-09-18,6.83,05-31-2010,BNP Paribas
Q2-10,2009-09-21,6.83,05-31-2010,BNP Paribas
Q2-10,2009-09-22,6.83,05-31-2010,BNP Paribas
Q2-10,2009-09-24,6.83,05-31-2010,BNP Paribas
Q2-10,2009-10-19,6.83,05-31-2010,BNP Paribas
Q2-10,2009-11-30,6.83,05-31-2010,BNP Paribas
Q2-10,2009-12-07,6.83,05-31-2010,BNP Paribas
Q2-10,2010-01-06,6.83,05-31-2010,BNP Paribas
Q2-10,2010-01-25,6.83,05-31-2010,BNP Paribas
Q2-10,2010-02-05,6.83,05-31-2010,BNP Paribas
Q2-10,2010-03-15,6.83,05-31-2010,BNP Paribas
Q2-10,2010-03-16,6.83,05-31-2010,BNP Paribas
Q2-10,2010-03-18,6.83,05-31-2010,BNP Paribas
Q2-10,2010-03-30,6.83,05-31-2010,BNP Paribas
Q2-10,2010-05-07,6.83,05-31-2010,BNP Paribas
Q3-10,2009-09-24,6.82,05-31-2010,BNP Paribas
Q3-10,2009-10-19,6.82,05-31-2010,BNP Paribas
Q3-10,2009-11-30,6.72,05-31-2010,BNP Paribas
Q3-10,2009-12-07,6.72,05-31-2010,BNP Paribas
Q3-10,2010-01-06,6.72,05-31-2010,BNP Paribas
Q3-10,2010-01-25,6.72,05-31-2010,BNP Paribas
Q3-10,2010-02-05,6.72,05-31-2010,BNP Paribas
Q3-10,2010-03-15,6.72,05-31-2010,BNP Paribas
Q3-10,2010-03-16,6.72,05-31-2010,BNP Paribas
Q3-10,2010-03-18,6.72,05-31-2010,BNP Paribas
Q3-10,2010-03-30,6.72,05-31-2010,BNP Paribas
Q3-10,2010-05-07,6.72,05-31-2010,BNP Paribas
Q4-10,2008-06-11,6.0,05-31-2010,BNP Paribas
Q4-10,2008-07-01,6.0,05-31-2010,BNP Paribas
Q4-10,2008-08-20,6.0,05-31-2010,BNP Paribas
Q4-10,2008-09-02,6.0,05-31-2010,BNP Paribas
Q4-10,2008-09-04,6.28,05-31-2010,BNP Paribas
Q4-10,2008-09-18,6.75,05-31-2010,BNP Paribas
Q4-10,2008-10-06,6.75,05-31-2010,BNP Paribas
Q4-10,2008-10-07,6.75,05-31-2010,BNP Paribas
Q4-10,2008-10-27,6.88,05-31-2010,BNP Paribas
Q4-10,2008-12-04,6.88,05-31-2010,BNP Paribas
Q4-10,2009-01-06,6.72,05-31-2010,BNP Paribas
Q4-10,2009-01-13,6.72,05-31-2010,BNP Paribas
Q4-10,2009-02-06,6.72,05-31-2010,BNP Paribas
Q4-10,2009-03-17,6.85,05-31-2010,BNP Paribas
Q4-10,2009-03-19,6.85,05-31-2010,BNP Paribas
Q4-10,2009-04-23,6.85,05-31-2010,BNP Paribas
Q4-10,2009-05-08,6.85,05-31-2010,BNP Paribas
Q4-10,2009-05-19,6.85,05-31-2010,BNP Paribas
Q4-10,2009-05-21,6.81,05-31-2010,BNP Paribas
Q4-10,2009-06-17,6.81,05-31-2010,BNP Paribas
Q4-10,2009-07-08,6.81,05-31-2010,BNP Paribas
Q4-10,2009-08-11,6.81,05-31-2010,BNP Paribas
Q4-10,2009-09-08,6.81,05-31-2010,BNP Paribas
Q4-10,2009-09-16,6.81,05-31-2010,BNP Paribas
Q4-10,2009-09-18,6.81,05-31-2010,BNP Paribas
Q4-10,2009-09-21,6.82,05-31-2010,BNP Paribas
Q4-10,2009-09-22,6.81,05-31-2010,BNP Paribas
Q4-10,2009-09-24,6.81,05-31-2010,BNP Paribas
Q4-10,2009-10-19,6.81,05-31-2010,BNP Paribas
Q4-10,2009-11-30,6.62,05-31-2010,BNP Paribas
Q4-10,2009-12-07,6.62,05-31-2010,BNP Paribas
Q4-10,2010-01-06,6.62,05-31-2010,BNP Paribas
Q4-10,2010-01-25,6.62,05-31-2010,BNP Paribas
Q4-10,2010-02-05,6.62,05-31-2010,BNP Paribas
Q4-10,2010-03-15,6.62,05-31-2010,BNP Paribas
Q4-10,2010-03-16,6.62,05-31-2010,BNP Paribas
Q4-10,2010-03-18,6.62,05-31-2010,BNP Paribas
Q4-10,2010-03-30,6.62,05-31-2010,BNP Paribas
Q4-10,2010-05-07,6.62,05-31-2010,BNP Paribas
Q1-11,2010-03-16,6.57,05-31-2010,BNP Paribas
Q1-11,2010-03-18,6.57,05-31-2010,BNP Paribas
Q1-11,2010-03-30,6.62,05-31-2010,BNP Paribas
Q1-11,2010-05-07,6.62,05-31-2010,BNP Paribas
2011,2008-06-11,6.0,05-31-2010,BNP Paribas
2011,2008-07-01,6.0,05-31-2010,BNP Paribas
2011,2008-08-20,6.0,05-31-2010,BNP Paribas
2011,2008-09-02,6.0,05-31-2010,BNP Paribas
2011,2008-09-04,6.15,05-31-2010,BNP Paribas
2011,2008-09-18,6.15,05-31-2010,BNP Paribas
2011,2008-10-06,6.15,05-31-2010,BNP Paribas
2011,2008-10-07,6.15,05-31-2010,BNP Paribas
2011,2008-10-27,6.88,05-31-2010,BNP Paribas
2011,2008-12-04,6.88,05-31-2010,BNP Paribas
2011,2009-01-06,6.64,05-31-2010,BNP Paribas
2011,2009-01-13,6.64,05-31-2010,BNP Paribas
2011,2009-02-06,6.64,05-31-2010,BNP Paribas
2011,2009-03-17,6.64,05-31-2010,BNP Paribas
2011,2009-03-19,6.64,05-31-2010,BNP Paribas
2011,2009-04-23,6.64,05-31-2010,BNP Paribas
2011,2009-05-08,6.64,05-31-2010,BNP Paribas
2011,2009-05-19,6.64,05-31-2010,BNP Paribas
2011,2009-05-21,6.76,05-31-2010,BNP Paribas
2011,2009-06-17,6.76,05-31-2010,BNP Paribas
2011,2009-07-08,6.76,05-31-2010,BNP Paribas
2011,2009-08-11,6.76,05-31-2010,BNP Paribas
2011,2009-09-08,6.76,05-31-2010,BNP Paribas
2011,2009-09-16,6.76,05-31-2010,BNP Paribas
2011,2009-09-18,6.76,05-31-2010,BNP Paribas
2011,2009-09-21,6.81,05-31-2010,BNP Paribas
2011,2009-09-22,6.76,05-31-2010,BNP Paribas
2011,2009-09-24,6.76,05-31-2010,BNP Paribas
2011,2009-10-19,6.76,05-31-2010,BNP Paribas
2011,2009-11-30,6.42,05-31-2010,BNP Paribas
2011,2009-12-07,6.42,05-31-2010,BNP Paribas
2011,2010-01-06,6.42,05-31-2010,BNP Paribas
2011,2010-01-25,6.42,05-31-2010,BNP Paribas
2011,2010-02-05,6.42,05-31-2010,BNP Paribas
2011,2010-03-15,6.42,05-31-2010,BNP Paribas
2011,2010-03-16,6.42,05-31-2010,BNP Paribas
2011,2010-03-18,6.42,05-31-2010,BNP Paribas
2011,2010-03-30,6.42,05-31-2010,BNP Paribas
2011,2010-05-07,6.42,05-31-2010,BNP Paribas
2012,2008-06-11,6.5,05-31-2010,BNP Paribas
2012,2008-07-01,6.5,05-31-2010,BNP Paribas
2012,2008-08-20,6.5,05-31-2010,BNP Paribas
2012,2008-09-02,6.5,05-31-2010,BNP Paribas
2012,2008-09-04,6.5,05-31-2010,BNP Paribas
2012,2008-09-18,6.5,05-31-2010,BNP Paribas
2012,2008-10-06,6.5,05-31-2010,BNP Paribas
2012,2008-10-07,6.5,05-31-2010,BNP Paribas
2012,2008-10-27,6.5,05-31-2010,BNP Paribas
2012,2008-12-04,6.5,05-31-2010,BNP Paribas
2012,2009-01-06,6.5,05-31-2010,BNP Paribas
2012,2009-01-13,6.5,05-31-2010,BNP Paribas
2012,2009-02-06,6.5,05-31-2010,BNP Paribas
2012,2009-03-17,6.5,05-31-2010,BNP Paribas
2012,2009-03-19,6.5,05-31-2010,BNP Paribas
2012,2009-04-23,6.5,05-31-2010,BNP Paribas
2012,2009-05-08,6.5,05-31-2010,BNP Paribas
2012,2009-05-19,6.5,05-31-2010,BNP Paribas
2012,2009-05-21,6.72,05-31-2010,BNP Paribas
2012,2009-06-17,6.72,05-31-2010,BNP Paribas
2012,2009-07-08,6.72,05-31-2010,BNP Paribas
2012,2009-08-11,6.72,05-31-2010,BNP Paribas
2012,2009-09-08,6.72,05-31-2010,BNP Paribas
2012,2009-09-16,6.72,05-31-2010,BNP Paribas
2012,2009-09-18,6.72,05-31-2010,BNP Paribas
2012,2009-09-21,6.76,05-31-2010,BNP Paribas
2012,2009-09-22,6.72,05-31-2010,BNP Paribas
2012,2009-09-24,6.72,05-31-2010,BNP Paribas
2012,2009-10-19,6.72,05-31-2010,BNP Paribas
2012,2009-11-30,6.22,05-31-2010,BNP Paribas
2012,2009-12-07,6.22,05-31-2010,BNP Paribas
2012,2010-01-06,6.22,05-31-2010,BNP Paribas
2012,2010-01-25,6.22,05-31-2010,BNP Paribas
2012,2010-02-05,6.22,05-31-2010,BNP Paribas
2012,2010-03-15,6.22,05-31-2010,BNP Paribas
2012,2010-03-16,6.22,05-31-2010,BNP Paribas
2012,2010-03-18,6.22,05-31-2010,BNP Paribas
2012,2010-03-30,6.22,05-31-2010,BNP Paribas
2012,2010-05-07,6.22,05-31-2010,BNP Paribas
2013,2009-09-21,6.72,05-31-2010,BNP Paribas
2013,2010-01-06,6.72,05-31-2010,BNP Paribas
Q1-17,2016-07-13,6.64,02-28-2017,BNP Paribas
Q2-17,2016-07-13,6.68,02-28-2017,BNP Paribas
Q4-17,2016-07-13,6.74,02-28-2017,BNP Paribas
2018,2016-07-13,6.32,02-28-2017,BNP Paribas
2019,2016-07-13,6.13,02-28-2017,BNP Paribas
2020,2016-07-13,6.07,02-28-2017,BNP Paribas
2021,2016-07-13,6.0,02-28-2017,BNP Paribas
Q3-10,2009-09-24,6.82,08-31-2010,BNP Paribas
Q3-10,2009-10-19,6.82,08-31-2010,BNP Paribas
Q3-10,2009-11-30,6.72,08-31-2010,BNP Paribas
Q3-10,2009-12-07,6.72,08-31-2010,BNP Paribas
Q3-10,2010-01-06,6.72,08-31-2010,BNP Paribas
Q3-10,2010-01-25,6.72,08-31-2010,BNP Paribas
Q3-10,2010-02-05,6.72,08-31-2010,BNP Paribas
Q3-10,2010-03-15,6.72,08-31-2010,BNP Paribas
Q3-10,2010-03-16,6.72,08-31-2010,BNP Paribas
Q3-10,2010-03-18,6.72,08-31-2010,BNP Paribas
Q3-10,2010-03-30,6.72,08-31-2010,BNP Paribas
Q3-10,2010-05-07,6.72,08-31-2010,BNP Paribas
Q3-10,2010-06-01,6.72,08-31-2010,BNP Paribas
Q3-10,2010-06-02,6.72,08-31-2010,BNP Paribas
Q3-10,2010-06-18,6.83,08-31-2010,BNP Paribas
Q3-10,2010-06-21,6.7,08-31-2010,BNP Paribas
Q3-10,2010-07-29,6.7,08-31-2010,BNP Paribas
Q3-10,2010-08-24,6.7,08-31-2010,BNP Paribas
Q4-10,2008-09-02,6.0,08-31-2010,BNP Paribas
Q4-10,2008-09-04,6.28,08-31-2010,BNP Paribas
Q4-10,2008-09-18,6.75,08-31-2010,BNP Paribas
Q4-10,2008-10-06,6.75,08-31-2010,BNP Paribas
Q4-10,2008-10-07,6.75,08-31-2010,BNP Paribas
Q4-10,2008-10-27,6.88,08-31-2010,BNP Paribas
Q4-10,2008-12-04,6.88,08-31-2010,BNP Paribas
Q4-10,2009-01-06,6.72,08-31-2010,BNP Paribas
Q4-10,2009-01-13,6.72,08-31-2010,BNP Paribas
Q4-10,2009-02-06,6.72,08-31-2010,BNP Paribas
Q4-10,2009-03-17,6.85,08-31-2010,BNP Paribas
Q4-10,2009-03-19,6.85,08-31-2010,BNP Paribas
Q4-10,2009-04-23,6.85,08-31-2010,BNP Paribas
Q4-10,2009-05-08,6.85,08-31-2010,BNP Paribas
Q4-10,2009-05-19,6.85,08-31-2010,BNP Paribas
Q4-10,2009-05-21,6.81,08-31-2010,BNP Paribas
Q4-10,2009-06-17,6.81,08-31-2010,BNP Paribas
Q4-10,2009-07-08,6.81,08-31-2010,BNP Paribas
Q4-10,2009-08-11,6.81,08-31-2010,BNP Paribas
Q4-10,2009-09-08,6.81,08-31-2010,BNP Paribas
Q4-10,2009-09-16,6.81,08-31-2010,BNP Paribas
Q4-10,2009-09-18,6.81,08-31-2010,BNP Paribas
Q4-10,2009-09-21,6.82,08-31-2010,BNP Paribas
Q4-10,2009-09-22,6.81,08-31-2010,BNP Paribas
Q4-10,2009-09-24,6.81,08-31-2010,BNP Paribas
Q4-10,2009-10-19,6.81,08-31-2010,BNP Paribas
Q4-10,2009-11-30,6.62,08-31-2010,BNP Paribas
Q4-10,2009-12-07,6.62,08-31-2010,BNP Paribas
Q4-10,2010-01-06,6.62,08-31-2010,BNP Paribas
Q4-10,2010-01-25,6.62,08-31-2010,BNP Paribas
Q4-10,2010-02-05,6.62,08-31-2010,BNP Paribas
Q4-10,2010-03-15,6.62,08-31-2010,BNP Paribas
Q4-10,2010-03-16,6.62,08-31-2010,BNP Paribas
Q4-10,2010-03-18,6.62,08-31-2010,BNP Paribas
Q4-10,2010-03-30,6.62,08-31-2010,BNP Paribas
Q4-10,2010-05-07,6.62,08-31-2010,BNP Paribas
Q4-10,2010-06-01,6.62,08-31-2010,BNP Paribas
Q4-10,2010-06-02,6.62,08-31-2010,BNP Paribas
Q4-10,2010-06-18,6.83,08-31-2010,BNP Paribas
Q4-10,2010-06-21,6.8,08-31-2010,BNP Paribas
Q4-10,2010-07-29,6.8,08-31-2010,BNP Paribas
Q4-10,2010-08-24,6.8,08-31-2010,BNP Paribas
Q1-11,2010-03-16,6.57,08-31-2010,BNP Paribas
Q1-11,2010-03-18,6.57,08-31-2010,BNP Paribas
Q1-11,2010-03-30,6.62,08-31-2010,BNP Paribas
Q1-11,2010-05-07,6.62,08-31-2010,BNP Paribas
Q1-11,2010-06-01,6.62,08-31-2010,BNP Paribas
Q1-11,2010-06-02,6.62,08-31-2010,BNP Paribas
Q1-11,2010-06-18,6.75,08-31-2010,BNP Paribas
Q1-11,2010-06-21,6.75,08-31-2010,BNP Paribas
Q1-11,2010-07-29,6.75,08-31-2010,BNP Paribas
Q1-11,2010-08-24,6.75,08-31-2010,BNP Paribas
Q2-11,2010-06-02,6.52,08-31-2010,BNP Paribas
Q2-11,2010-06-18,6.73,08-31-2010,BNP Paribas
Q2-11,2010-06-21,6.7,08-31-2010,BNP Paribas
Q2-11,2010-07-29,6.7,08-31-2010,BNP Paribas
Q2-11,2010-08-24,6.7,08-31-2010,BNP Paribas
2011,2008-09-02,6.0,08-31-2010,BNP Paribas
2011,2008-09-04,6.15,08-31-2010,BNP Paribas
2011,2008-09-18,6.15,08-31-2010,BNP Paribas
2011,2008-10-06,6.15,08-31-2010,BNP Paribas
2011,2008-10-07,6.15,08-31-2010,BNP Paribas
2011,2008-10-27,6.88,08-31-2010,BNP Paribas
2011,2008-12-04,6.88,08-31-2010,BNP Paribas
2011,2009-01-06,6.64,08-31-2010,BNP Paribas
2011,2009-01-13,6.64,08-31-2010,BNP Paribas
2011,2009-02-06,6.64,08-31-2010,BNP Paribas
2011,2009-03-17,6.64,08-31-2010,BNP Paribas
2011,2009-03-19,6.64,08-31-2010,BNP Paribas
2011,2009-04-23,6.64,08-31-2010,BNP Paribas
2011,2009-05-08,6.64,08-31-2010,BNP Paribas
2011,2009-05-19,6.64,08-31-2010,BNP Paribas
2011,2009-05-21,6.76,08-31-2010,BNP Paribas
2011,2009-06-17,6.76,08-31-2010,BNP Paribas
2011,2009-07-08,6.76,08-31-2010,BNP Paribas
2011,2009-08-11,6.76,08-31-2010,BNP Paribas
2011,2009-09-08,6.76,08-31-2010,BNP Paribas
2011,2009-09-16,6.76,08-31-2010,BNP Paribas
2011,2009-09-18,6.76,08-31-2010,BNP Paribas
2011,2009-09-21,6.81,08-31-2010,BNP Paribas
2011,2009-09-22,6.76,08-31-2010,BNP Paribas
2011,2009-09-24,6.76,08-31-2010,BNP Paribas
2011,2009-10-19,6.76,08-31-2010,BNP Paribas
2011,2009-11-30,6.42,08-31-2010,BNP Paribas
2011,2009-12-07,6.42,08-31-2010,BNP Paribas
2011,2010-01-06,6.42,08-31-2010,BNP Paribas
2011,2010-01-25,6.42,08-31-2010,BNP Paribas
2011,2010-02-05,6.42,08-31-2010,BNP Paribas
2011,2010-03-15,6.42,08-31-2010,BNP Paribas
2011,2010-03-16,6.42,08-31-2010,BNP Paribas
2011,2010-03-18,6.42,08-31-2010,BNP Paribas
2011,2010-03-30,6.42,08-31-2010,BNP Paribas
2011,2010-05-07,6.42,08-31-2010,BNP Paribas
2011,2010-06-01,6.42,08-31-2010,BNP Paribas
2011,2010-06-02,6.42,08-31-2010,BNP Paribas
2011,2010-06-18,6.69,08-31-2010,BNP Paribas
2011,2010-06-21,6.6,08-31-2010,BNP Paribas
2011,2010-07-29,6.6,08-31-2010,BNP Paribas
2011,2010-08-24,6.6,08-31-2010,BNP Paribas
2012,2008-09-02,6.5,08-31-2010,BNP Paribas
2012,2008-09-04,6.5,08-31-2010,BNP Paribas
2012,2008-09-18,6.5,08-31-2010,BNP Paribas
2012,2008-10-06,6.5,08-31-2010,BNP Paribas
2012,2008-10-07,6.5,08-31-2010,BNP Paribas
2012,2008-10-27,6.5,08-31-2010,BNP Paribas
2012,2008-12-04,6.5,08-31-2010,BNP Paribas
2012,2009-01-06,6.5,08-31-2010,BNP Paribas
2012,2009-01-13,6.5,08-31-2010,BNP Paribas
2012,2009-02-06,6.5,08-31-2010,BNP Paribas
2012,2009-03-17,6.5,08-31-2010,BNP Paribas
2012,2009-03-19,6.5,08-31-2010,BNP Paribas
2012,2009-04-23,6.5,08-31-2010,BNP Paribas
2012,2009-05-08,6.5,08-31-2010,BNP Paribas
2012,2009-05-19,6.5,08-31-2010,BNP Paribas
2012,2009-05-21,6.72,08-31-2010,BNP Paribas
2012,2009-06-17,6.72,08-31-2010,BNP Paribas
2012,2009-07-08,6.72,08-31-2010,BNP Paribas
2012,2009-08-11,6.72,08-31-2010,BNP Paribas
2012,2009-09-08,6.72,08-31-2010,BNP Paribas
2012,2009-09-16,6.72,08-31-2010,BNP Paribas
2012,2009-09-18,6.72,08-31-2010,BNP Paribas
2012,2009-09-21,6.76,08-31-2010,BNP Paribas
2012,2009-09-22,6.72,08-31-2010,BNP Paribas
2012,2009-09-24,6.72,08-31-2010,BNP Paribas
2012,2009-10-19,6.72,08-31-2010,BNP Paribas
2012,2009-11-30,6.22,08-31-2010,BNP Paribas
2012,2009-12-07,6.22,08-31-2010,BNP Paribas
2012,2010-01-06,6.22,08-31-2010,BNP Paribas
2012,2010-01-25,6.22,08-31-2010,BNP Paribas
2012,2010-02-05,6.22,08-31-2010,BNP Paribas
2012,2010-03-15,6.22,08-31-2010,BNP Paribas
2012,2010-03-16,6.22,08-31-2010,BNP Paribas
2012,2010-03-18,6.22,08-31-2010,BNP Paribas
2012,2010-03-30,6.22,08-31-2010,BNP Paribas
2012,2010-05-07,6.22,08-31-2010,BNP Paribas
2012,2010-06-01,6.22,08-31-2010,BNP Paribas
2012,2010-06-02,6.22,08-31-2010,BNP Paribas
2012,2010-06-18,6.5,08-31-2010,BNP Paribas
2012,2010-06-21,6.41,08-31-2010,BNP Paribas
2012,2010-07-29,6.41,08-31-2010,BNP Paribas
2012,2010-08-24,6.41,08-31-2010,BNP Paribas
2013,2009-09-21,6.72,08-31-2010,BNP Paribas
2013,2010-01-06,6.72,08-31-2010,BNP Paribas
Q3-06,2006-03-09,7.7,08-31-2006,BNP Paribas
Q3-06,2006-04-21,7.7,08-31-2006,BNP Paribas
Q3-06,2006-05-18,7.7,08-31-2006,BNP Paribas
Q3-06,2006-07-03,7.7,08-31-2006,BNP Paribas
Q3-06,2006-08-08,7.7,08-31-2006,BNP Paribas
Q4-06,2006-03-09,7.6,08-31-2006,BNP Paribas
Q4-06,2006-04-21,7.6,08-31-2006,BNP Paribas
Q4-06,2006-05-18,7.6,08-31-2006,BNP Paribas
Q4-06,2006-07-03,7.6,08-31-2006,BNP Paribas
Q4-06,2006-08-08,7.6,08-31-2006,BNP Paribas
Q1-07,2006-03-09,7.5,08-31-2006,BNP Paribas
Q1-07,2006-04-21,7.5,08-31-2006,BNP Paribas
Q1-07,2006-05-18,7.5,08-31-2006,BNP Paribas
Q1-07,2006-07-03,7.5,08-31-2006,BNP Paribas
Q1-07,2006-08-08,7.5,08-31-2006,BNP Paribas
Q2-07,2006-03-09,7.4,08-31-2006,BNP Paribas
Q2-07,2006-07-03,7.4,08-31-2006,BNP Paribas
Q2-07,2006-08-08,7.4,08-31-2006,BNP Paribas
2007,2006-03-09,7.3,08-31-2006,BNP Paribas
2007,2006-05-18,7.2,08-31-2006,BNP Paribas
2007,2006-07-03,7.2,08-31-2006,BNP Paribas
2007,2006-08-08,7.2,08-31-2006,BNP Paribas
2008,2006-05-18,7.3,08-31-2006,BNP Paribas
2008,2006-07-03,6.8,08-31-2006,BNP Paribas
2008,2006-08-08,6.8,08-31-2006,BNP Paribas
2009,2006-05-18,7.2,08-31-2006,BNP Paribas
2009,2006-07-03,7.2,08-31-2006,BNP Paribas
2009,2006-08-08,7.2,08-31-2006,BNP Paribas
2010,2006-05-18,7.0,08-31-2006,BNP Paribas
2010,2006-07-03,7.0,08-31-2006,BNP Paribas
2010,2006-08-08,7.0,08-31-2006,BNP Paribas
Q2-21,2020-07-29,6.83,05-31-2021,BNP Paribas
Q2-21,2020-09-09,6.83,05-31-2021,BNP Paribas
Q2-21,2020-09-14,6.72,05-31-2021,BNP Paribas
Q2-21,2020-11-24,6.4,05-31-2021,BNP Paribas
Q2-21,2021-03-30,6.65,05-31-2021,BNP Paribas
Q2-21,2021-05-26,6.65,05-31-2021,BNP Paribas
Q3-21,2020-11-24,6.35,05-31-2021,BNP Paribas
Q3-21,2021-03-30,6.6,05-31-2021,BNP Paribas
Q3-21,2021-05-26,6.6,05-31-2021,BNP Paribas
Q4-21,2019-12-04,6.7,05-31-2021,BNP Paribas
Q4-21,2020-02-12,6.7,05-31-2021,BNP Paribas
Q4-21,2020-02-20,6.7,05-31-2021,BNP Paribas
Q4-21,2020-03-04,6.7,05-31-2021,BNP Paribas
Q4-21,2020-03-20,6.75,05-31-2021,BNP Paribas
Q4-21,2020-05-26,6.75,05-31-2021,BNP Paribas
Q4-21,2020-07-29,6.75,05-31-2021,BNP Paribas
Q4-21,2020-09-09,6.75,05-31-2021,BNP Paribas
Q4-21,2020-09-14,6.62,05-31-2021,BNP Paribas
Q4-21,2020-11-24,6.3,05-31-2021,BNP Paribas
Q4-21,2021-03-30,6.55,05-31-2021,BNP Paribas
Q4-21,2021-05-26,6.55,05-31-2021,BNP Paribas
Q1-22,2021-03-30,6.59,05-31-2021,BNP Paribas
Q1-22,2021-05-26,6.59,05-31-2021,BNP Paribas
2022,2020-11-24,6.5,05-31-2021,BNP Paribas
2022,2021-03-30,6.7,05-31-2021,BNP Paribas
2022,2021-05-26,6.7,05-31-2021,BNP Paribas
Q2-17,2016-07-13,6.68,05-31-2017,BNP Paribas
Q4-17,2016-07-13,6.74,05-31-2017,BNP Paribas
2018,2016-07-13,6.32,05-31-2017,BNP Paribas
2019,2016-07-13,6.13,05-31-2017,BNP Paribas
2020,2016-07-13,6.07,05-31-2017,BNP Paribas
2021,2016-07-13,6.0,05-31-2017,BNP Paribas
Q4-06,2006-03-09,7.6,11-30-2006,BNP Paribas
Q4-06,2006-04-21,7.6,11-30-2006,BNP Paribas
Q4-06,2006-05-18,7.6,11-30-2006,BNP Paribas
Q4-06,2006-07-03,7.6,11-30-2006,BNP Paribas
Q4-06,2006-08-08,7.6,11-30-2006,BNP Paribas
Q4-06,2006-09-20,7.8,11-30-2006,BNP Paribas
Q4-06,2006-11-07,7.8,11-30-2006,BNP Paribas
Q1-07,2006-03-09,7.5,11-30-2006,BNP Paribas
Q1-07,2006-04-21,7.5,11-30-2006,BNP Paribas
Q1-07,2006-05-18,7.5,11-30-2006,BNP Paribas
Q1-07,2006-07-03,7.5,11-30-2006,BNP Paribas
Q1-07,2006-08-08,7.5,11-30-2006,BNP Paribas
Q1-07,2006-09-20,7.7,11-30-2006,BNP Paribas
Q1-07,2006-11-07,7.7,11-30-2006,BNP Paribas
Q2-07,2006-03-09,7.4,11-30-2006,BNP Paribas
Q2-07,2006-07-03,7.4,11-30-2006,BNP Paribas
Q2-07,2006-08-08,7.4,11-30-2006,BNP Paribas
Q2-07,2006-09-20,7.6,11-30-2006,BNP Paribas
Q2-07,2006-11-07,7.6,11-30-2006,BNP Paribas
Q3-07,2006-03-09,7.3,11-30-2006,BNP Paribas
Q3-07,2006-09-20,7.5,11-30-2006,BNP Paribas
Q3-07,2006-11-07,7.5,11-30-2006,BNP Paribas
2007,2006-03-09,7.3,11-30-2006,BNP Paribas
2007,2006-05-18,7.2,11-30-2006,BNP Paribas
2007,2006-07-03,7.2,11-30-2006,BNP Paribas
2007,2006-08-08,7.2,11-30-2006,BNP Paribas
2007,2006-09-20,7.4,11-30-2006,BNP Paribas
2007,2006-11-07,7.4,11-30-2006,BNP Paribas
2008,2006-05-18,7.3,11-30-2006,BNP Paribas
2008,2006-07-03,6.8,11-30-2006,BNP Paribas
2008,2006-08-08,6.8,11-30-2006,BNP Paribas
2008,2006-09-20,7.0,11-30-2006,BNP Paribas
2008,2006-11-07,7.0,11-30-2006,BNP Paribas
2009,2006-05-18,7.2,11-30-2006,BNP Paribas
2009,2006-07-03,7.2,11-30-2006,BNP Paribas
2009,2006-08-08,7.2,11-30-2006,BNP Paribas
2009,2006-09-20,7.2,11-30-2006,BNP Paribas
2009,2006-11-07,7.2,11-30-2006,BNP Paribas
2010,2006-05-18,7.0,11-30-2006,BNP Paribas
2010,2006-07-03,7.0,11-30-2006,BNP Paribas
2010,2006-08-08,7.0,11-30-2006,BNP Paribas
2010,2006-09-20,7.0,11-30-2006,BNP Paribas
2010,2006-11-07,7.0,11-30-2006,BNP Paribas
Q1-21,2020-03-04,6.81,02-28-2021,BNP Paribas
Q1-21,2020-03-20,6.86,02-28-2021,BNP Paribas
Q1-21,2020-04-08,6.83,02-28-2021,BNP Paribas
Q1-21,2020-05-11,6.83,02-28-2021,BNP Paribas
Q1-21,2020-05-26,6.86,02-28-2021,BNP Paribas
Q1-21,2020-07-29,6.86,02-28-2021,BNP Paribas
Q1-21,2020-09-09,6.86,02-28-2021,BNP Paribas
Q1-21,2020-09-14,6.75,02-28-2021,BNP Paribas
Q1-21,2020-11-24,6.45,02-28-2021,BNP Paribas
Q2-21,2020-07-29,6.83,02-28-2021,BNP Paribas
Q2-21,2020-09-09,6.83,02-28-2021,BNP Paribas
Q2-21,2020-09-14,6.72,02-28-2021,BNP Paribas
Q2-21,2020-11-24,6.4,02-28-2021,BNP Paribas
Q3-21,2020-11-24,6.35,02-28-2021,BNP Paribas
Q4-21,2019-12-04,6.7,02-28-2021,BNP Paribas
Q4-21,2020-02-12,6.7,02-28-2021,BNP Paribas
Q4-21,2020-02-20,6.7,02-28-2021,BNP Paribas
Q4-21,2020-03-04,6.7,02-28-2021,BNP Paribas
Q4-21,2020-03-20,6.75,02-28-2021,BNP Paribas
Q4-21,2020-05-26,6.75,02-28-2021,BNP Paribas
Q4-21,2020-07-29,6.75,02-28-2021,BNP Paribas
Q4-21,2020-09-09,6.75,02-28-2021,BNP Paribas
Q4-21,2020-09-14,6.62,02-28-2021,BNP Paribas
Q4-21,2020-11-24,6.3,02-28-2021,BNP Paribas
2022,2019-12-04,6.7,02-28-2021,BNP Paribas
2022,2020-02-12,6.7,02-28-2021,BNP Paribas
2022,2020-02-20,6.7,02-28-2021,BNP Paribas
2022,2020-03-04,6.7,02-28-2021,BNP Paribas
2022,2020-03-20,6.75,02-28-2021,BNP Paribas
2022,2020-05-26,6.75,02-28-2021,BNP Paribas
2022,2020-07-29,6.75,02-28-2021,BNP Paribas
2022,2020-09-09,6.75,02-28-2021,BNP Paribas
2022,2020-09-14,6.62,02-28-2021,BNP Paribas
2022,2020-11-24,6.3,02-28-2021,BNP Paribas
Q4-10,2008-12-04,6.88,11-30-2010,BNP Paribas
Q4-10,2009-01-06,6.72,11-30-2010,BNP Paribas
Q4-10,2009-01-13,6.72,11-30-2010,BNP Paribas
Q4-10,2009-02-06,6.72,11-30-2010,BNP Paribas
Q4-10,2009-03-17,6.85,11-30-2010,BNP Paribas
Q4-10,2009-03-19,6.85,11-30-2010,BNP Paribas
Q4-10,2009-04-23,6.85,11-30-2010,BNP Paribas
Q4-10,2009-05-08,6.85,11-30-2010,BNP Paribas
Q4-10,2009-05-19,6.85,11-30-2010,BNP Paribas
Q4-10,2009-05-21,6.81,11-30-2010,BNP Paribas
Q4-10,2009-06-17,6.81,11-30-2010,BNP Paribas
Q4-10,2009-07-08,6.81,11-30-2010,BNP Paribas
Q4-10,2009-08-11,6.81,11-30-2010,BNP Paribas
Q4-10,2009-09-08,6.81,11-30-2010,BNP Paribas
Q4-10,2009-09-16,6.81,11-30-2010,BNP Paribas
Q4-10,2009-09-18,6.81,11-30-2010,BNP Paribas
Q4-10,2009-09-21,6.82,11-30-2010,BNP Paribas
Q4-10,2009-09-22,6.81,11-30-2010,BNP Paribas
Q4-10,2009-09-24,6.81,11-30-2010,BNP Paribas
Q4-10,2009-10-19,6.81,11-30-2010,BNP Paribas
Q4-10,2009-11-30,6.62,11-30-2010,BNP Paribas
Q4-10,2009-12-07,6.62,11-30-2010,BNP Paribas
Q4-10,2010-01-06,6.62,11-30-2010,BNP Paribas
Q4-10,2010-01-25,6.62,11-30-2010,BNP Paribas
Q4-10,2010-02-05,6.62,11-30-2010,BNP Paribas
Q4-10,2010-03-15,6.62,11-30-2010,BNP Paribas
Q4-10,2010-03-16,6.62,11-30-2010,BNP Paribas
Q4-10,2010-03-18,6.62,11-30-2010,BNP Paribas
Q4-10,2010-03-30,6.62,11-30-2010,BNP Paribas
Q4-10,2010-05-07,6.62,11-30-2010,BNP Paribas
Q4-10,2010-06-01,6.62,11-30-2010,BNP Paribas
Q4-10,2010-06-02,6.62,11-30-2010,BNP Paribas
Q4-10,2010-06-18,6.83,11-30-2010,BNP Paribas
Q4-10,2010-06-21,6.8,11-30-2010,BNP Paribas
Q4-10,2010-07-29,6.8,11-30-2010,BNP Paribas
Q4-10,2010-08-24,6.8,11-30-2010,BNP Paribas
Q4-10,2010-09-21,6.8,11-30-2010,BNP Paribas
Q4-10,2010-09-22,6.65,11-30-2010,BNP Paribas
Q4-10,2010-09-24,6.65,11-30-2010,BNP Paribas
Q4-10,2010-11-02,6.65,11-30-2010,BNP Paribas
Q4-10,2010-11-23,6.65,11-30-2010,BNP Paribas
Q1-11,2010-03-16,6.57,11-30-2010,BNP Paribas
Q1-11,2010-03-18,6.57,11-30-2010,BNP Paribas
Q1-11,2010-03-30,6.62,11-30-2010,BNP Paribas
Q1-11,2010-05-07,6.62,11-30-2010,BNP Paribas
Q1-11,2010-06-01,6.62,11-30-2010,BNP Paribas
Q1-11,2010-06-02,6.62,11-30-2010,BNP Paribas
Q1-11,2010-06-18,6.75,11-30-2010,BNP Paribas
Q1-11,2010-06-21,6.75,11-30-2010,BNP Paribas
Q1-11,2010-07-29,6.75,11-30-2010,BNP Paribas
Q1-11,2010-08-24,6.75,11-30-2010,BNP Paribas
Q1-11,2010-09-21,6.75,11-30-2010,BNP Paribas
Q1-11,2010-09-22,6.6,11-30-2010,BNP Paribas
Q1-11,2010-09-24,6.6,11-30-2010,BNP Paribas
Q1-11,2010-11-02,6.6,11-30-2010,BNP Paribas
Q1-11,2010-11-23,6.58,11-30-2010,BNP Paribas
Q2-11,2010-06-02,6.52,11-30-2010,BNP Paribas
Q2-11,2010-06-18,6.73,11-30-2010,BNP Paribas
Q2-11,2010-06-21,6.7,11-30-2010,BNP Paribas
Q2-11,2010-07-29,6.7,11-30-2010,BNP Paribas
Q2-11,2010-08-24,6.7,11-30-2010,BNP Paribas
Q2-11,2010-09-21,6.7,11-30-2010,BNP Paribas
Q2-11,2010-09-22,6.55,11-30-2010,BNP Paribas
Q2-11,2010-09-24,6.55,11-30-2010,BNP Paribas
Q2-11,2010-11-02,6.55,11-30-2010,BNP Paribas
Q2-11,2010-11-23,6.52,11-30-2010,BNP Paribas
Q3-11,2010-09-21,6.64,11-30-2010,BNP Paribas
Q3-11,2010-09-22,6.5,11-30-2010,BNP Paribas
Q3-11,2010-09-24,6.5,11-30-2010,BNP Paribas
Q3-11,2010-11-02,6.5,11-30-2010,BNP Paribas
Q3-11,2010-11-23,6.49,11-30-2010,BNP Paribas
2011,2008-12-04,6.88,11-30-2010,BNP Paribas
2011,2009-01-06,6.64,11-30-2010,BNP Paribas
2011,2009-01-13,6.64,11-30-2010,BNP Paribas
2011,2009-02-06,6.64,11-30-2010,BNP Paribas
2011,2009-03-17,6.64,11-30-2010,BNP Paribas
2011,2009-03-19,6.64,11-30-2010,BNP Paribas
2011,2009-04-23,6.64,11-30-2010,BNP Paribas
2011,2009-05-08,6.64,11-30-2010,BNP Paribas
2011,2009-05-19,6.64,11-30-2010,BNP Paribas
2011,2009-05-21,6.76,11-30-2010,BNP Paribas
2011,2009-06-17,6.76,11-30-2010,BNP Paribas
2011,2009-07-08,6.76,11-30-2010,BNP Paribas
2011,2009-08-11,6.76,11-30-2010,BNP Paribas
2011,2009-09-08,6.76,11-30-2010,BNP Paribas
2011,2009-09-16,6.76,11-30-2010,BNP Paribas
2011,2009-09-18,6.76,11-30-2010,BNP Paribas
2011,2009-09-21,6.81,11-30-2010,BNP Paribas
2011,2009-09-22,6.76,11-30-2010,BNP Paribas
2011,2009-09-24,6.76,11-30-2010,BNP Paribas
2011,2009-10-19,6.76,11-30-2010,BNP Paribas
2011,2009-11-30,6.42,11-30-2010,BNP Paribas
2011,2009-12-07,6.42,11-30-2010,BNP Paribas
2011,2010-01-06,6.42,11-30-2010,BNP Paribas
2011,2010-01-25,6.42,11-30-2010,BNP Paribas
2011,2010-02-05,6.42,11-30-2010,BNP Paribas
2011,2010-03-15,6.42,11-30-2010,BNP Paribas
2011,2010-03-16,6.42,11-30-2010,BNP Paribas
2011,2010-03-18,6.42,11-30-2010,BNP Paribas
2011,2010-03-30,6.42,11-30-2010,BNP Paribas
2011,2010-05-07,6.42,11-30-2010,BNP Paribas
2011,2010-06-01,6.42,11-30-2010,BNP Paribas
2011,2010-06-02,6.42,11-30-2010,BNP Paribas
2011,2010-06-18,6.69,11-30-2010,BNP Paribas
2011,2010-06-21,6.6,11-30-2010,BNP Paribas
2011,2010-07-29,6.6,11-30-2010,BNP Paribas
2011,2010-08-24,6.6,11-30-2010,BNP Paribas
2011,2010-09-21,6.6,11-30-2010,BNP Paribas
2011,2010-09-22,6.45,11-30-2010,BNP Paribas
2011,2010-09-24,6.45,11-30-2010,BNP Paribas
2011,2010-11-02,6.45,11-30-2010,BNP Paribas
2011,2010-11-23,6.45,11-30-2010,BNP Paribas
2012,2008-12-04,6.5,11-30-2010,BNP Paribas
2012,2009-01-06,6.5,11-30-2010,BNP Paribas
2012,2009-01-13,6.5,11-30-2010,BNP Paribas
2012,2009-02-06,6.5,11-30-2010,BNP Paribas
2012,2009-03-17,6.5,11-30-2010,BNP Paribas
2012,2009-03-19,6.5,11-30-2010,BNP Paribas
2012,2009-04-23,6.5,11-30-2010,BNP Paribas
2012,2009-05-08,6.5,11-30-2010,BNP Paribas
2012,2009-05-19,6.5,11-30-2010,BNP Paribas
2012,2009-05-21,6.72,11-30-2010,BNP Paribas
2012,2009-06-17,6.72,11-30-2010,BNP Paribas
2012,2009-07-08,6.72,11-30-2010,BNP Paribas
2012,2009-08-11,6.72,11-30-2010,BNP Paribas
2012,2009-09-08,6.72,11-30-2010,BNP Paribas
2012,2009-09-16,6.72,11-30-2010,BNP Paribas
2012,2009-09-18,6.72,11-30-2010,BNP Paribas
2012,2009-09-21,6.76,11-30-2010,BNP Paribas
2012,2009-09-22,6.72,11-30-2010,BNP Paribas
2012,2009-09-24,6.72,11-30-2010,BNP Paribas
2012,2009-10-19,6.72,11-30-2010,BNP Paribas
2012,2009-11-30,6.22,11-30-2010,BNP Paribas
2012,2009-12-07,6.22,11-30-2010,BNP Paribas
2012,2010-01-06,6.22,11-30-2010,BNP Paribas
2012,2010-01-25,6.22,11-30-2010,BNP Paribas
2012,2010-02-05,6.22,11-30-2010,BNP Paribas
2012,2010-03-15,6.22,11-30-2010,BNP Paribas
2012,2010-03-16,6.22,11-30-2010,BNP Paribas
2012,2010-03-18,6.22,11-30-2010,BNP Paribas
2012,2010-03-30,6.22,11-30-2010,BNP Paribas
2012,2010-05-07,6.22,11-30-2010,BNP Paribas
2012,2010-06-01,6.22,11-30-2010,BNP Paribas
2012,2010-06-02,6.22,11-30-2010,BNP Paribas
2012,2010-06-18,6.5,11-30-2010,BNP Paribas
2012,2010-06-21,6.41,11-30-2010,BNP Paribas
2012,2010-07-29,6.41,11-30-2010,BNP Paribas
2012,2010-08-24,6.41,11-30-2010,BNP Paribas
2012,2010-09-21,6.41,11-30-2010,BNP Paribas
2012,2010-09-22,6.26,11-30-2010,BNP Paribas
2012,2010-09-24,6.26,11-30-2010,BNP Paribas
2012,2010-11-02,6.26,11-30-2010,BNP Paribas
2012,2010-11-23,6.26,11-30-2010,BNP Paribas
2013,2009-09-21,6.72,11-30-2010,BNP Paribas
2013,2010-01-06,6.15,11-30-2010,BNP Paribas
2013,2010-09-22,6.15,11-30-2010,BNP Paribas
2013,2010-09-24,6.15,11-30-2010,BNP Paribas
2013,2010-11-02,6.15,11-30-2010,BNP Paribas
2013,2010-11-23,6.15,11-30-2010,BNP Paribas
Q4-11,2009-11-30,6.42,11-30-2011,BNP Paribas
Q4-11,2009-12-07,6.42,11-30-2011,BNP Paribas
Q4-11,2010-01-06,6.42,11-30-2011,BNP Paribas
Q4-11,2010-01-25,6.42,11-30-2011,BNP Paribas
Q4-11,2010-02-05,6.42,11-30-2011,BNP Paribas
Q4-11,2010-03-15,6.42,11-30-2011,BNP Paribas
Q4-11,2010-03-16,6.42,11-30-2011,BNP Paribas
Q4-11,2010-03-18,6.42,11-30-2011,BNP Paribas
Q4-11,2010-03-30,6.42,11-30-2011,BNP Paribas
Q4-11,2010-05-07,6.42,11-30-2011,BNP Paribas
Q4-11,2010-06-01,6.42,11-30-2011,BNP Paribas
Q4-11,2010-06-02,6.42,11-30-2011,BNP Paribas
Q4-11,2010-06-18,6.69,11-30-2011,BNP Paribas
Q4-11,2010-06-21,6.6,11-30-2011,BNP Paribas
Q4-11,2010-07-29,6.6,11-30-2011,BNP Paribas
Q4-11,2010-08-24,6.6,11-30-2011,BNP Paribas
Q4-11,2010-09-21,6.6,11-30-2011,BNP Paribas
Q4-11,2010-09-22,6.45,11-30-2011,BNP Paribas
Q4-11,2010-09-24,6.45,11-30-2011,BNP Paribas
Q4-11,2010-11-02,6.45,11-30-2011,BNP Paribas
Q4-11,2010-11-23,6.45,11-30-2011,BNP Paribas
Q4-11,2011-01-06,6.45,11-30-2011,BNP Paribas
Q4-11,2011-02-09,6.45,11-30-2011,BNP Paribas
Q4-11,2011-05-10,6.45,11-30-2011,BNP Paribas
Q4-11,2011-06-16,6.31,11-30-2011,BNP Paribas
Q4-11,2011-07-26,6.31,11-30-2011,BNP Paribas
Q4-11,2011-11-08,6.31,11-30-2011,BNP Paribas
Q4-11,2011-11-28,6.31,11-30-2011,BNP Paribas
Q1-12,2011-05-10,6.4,11-30-2011,BNP Paribas
Q1-12,2011-06-16,6.25,11-30-2011,BNP Paribas
Q1-12,2011-07-26,6.25,11-30-2011,BNP Paribas
Q1-12,2011-09-19,6.31,11-30-2011,BNP Paribas
Q1-12,2011-11-08,6.28,11-30-2011,BNP Paribas
Q1-12,2011-11-21,6.31,11-30-2011,BNP Paribas
Q1-12,2011-11-28,6.28,11-30-2011,BNP Paribas
Q2-12,2011-05-10,6.35,11-30-2011,BNP Paribas
Q2-12,2011-06-16,6.21,11-30-2011,BNP Paribas
Q2-12,2011-07-26,6.21,11-30-2011,BNP Paribas
Q2-12,2011-09-19,6.28,11-30-2011,BNP Paribas
Q2-12,2011-11-08,6.24,11-30-2011,BNP Paribas
Q2-12,2011-11-21,6.28,11-30-2011,BNP Paribas
Q2-12,2011-11-28,6.24,11-30-2011,BNP Paribas
Q3-12,2011-05-10,6.3,11-30-2011,BNP Paribas
Q3-12,2011-09-19,6.24,11-30-2011,BNP Paribas
Q3-12,2011-11-08,6.18,11-30-2011,BNP Paribas
Q3-12,2011-11-21,6.24,11-30-2011,BNP Paribas
Q3-12,2011-11-28,6.18,11-30-2011,BNP Paribas
2012,2009-11-30,6.22,11-30-2011,BNP Paribas
2012,2009-12-07,6.22,11-30-2011,BNP Paribas
2012,2010-01-06,6.22,11-30-2011,BNP Paribas
2012,2010-01-25,6.22,11-30-2011,BNP Paribas
2012,2010-02-05,6.22,11-30-2011,BNP Paribas
2012,2010-03-15,6.22,11-30-2011,BNP Paribas
2012,2010-03-16,6.22,11-30-2011,BNP Paribas
2012,2010-03-18,6.22,11-30-2011,BNP Paribas
2012,2010-03-30,6.22,11-30-2011,BNP Paribas
2012,2010-05-07,6.22,11-30-2011,BNP Paribas
2012,2010-06-01,6.22,11-30-2011,BNP Paribas
2012,2010-06-02,6.22,11-30-2011,BNP Paribas
2012,2010-06-18,6.5,11-30-2011,BNP Paribas
2012,2010-06-21,6.41,11-30-2011,BNP Paribas
2012,2010-07-29,6.41,11-30-2011,BNP Paribas
2012,2010-08-24,6.41,11-30-2011,BNP Paribas
2012,2010-09-21,6.41,11-30-2011,BNP Paribas
2012,2010-09-22,6.26,11-30-2011,BNP Paribas
2012,2010-09-24,6.26,11-30-2011,BNP Paribas
2012,2010-11-02,6.26,11-30-2011,BNP Paribas
2012,2010-11-23,6.26,11-30-2011,BNP Paribas
2012,2011-01-06,6.26,11-30-2011,BNP Paribas
2012,2011-02-09,6.26,11-30-2011,BNP Paribas
2012,2011-05-10,6.26,11-30-2011,BNP Paribas
2012,2011-07-26,6.13,11-30-2011,BNP Paribas
2012,2011-09-19,6.18,11-30-2011,BNP Paribas
2012,2011-11-08,6.12,11-30-2011,BNP Paribas
2012,2011-11-21,6.18,11-30-2011,BNP Paribas
2012,2011-11-28,6.12,11-30-2011,BNP Paribas
2013,2010-01-06,6.15,11-30-2011,BNP Paribas
2013,2010-09-22,6.15,11-30-2011,BNP Paribas
2013,2010-09-24,6.15,11-30-2011,BNP Paribas
2013,2010-11-02,6.15,11-30-2011,BNP Paribas
2013,2010-11-23,6.15,11-30-2011,BNP Paribas
2013,2011-01-06,6.15,11-30-2011,BNP Paribas
2013,2011-02-09,6.15,11-30-2011,BNP Paribas
2013,2011-07-26,6.15,11-30-2011,BNP Paribas
2013,2011-09-19,6.17,11-30-2011,BNP Paribas
2013,2011-11-08,5.89,11-30-2011,BNP Paribas
2013,2011-11-21,5.93,11-30-2011,BNP Paribas
2013,2011-11-28,5.89,11-30-2011,BNP Paribas
Q1-20,2019-09-03,7.35,02-28-2020,BNP Paribas
Q1-20,2019-09-05,7.35,02-28-2020,BNP Paribas
Q1-20,2019-12-04,6.8,02-28-2020,BNP Paribas
Q1-20,2020-02-12,6.8,02-28-2020,BNP Paribas
Q1-20,2020-02-20,6.8,02-28-2020,BNP Paribas
Q2-20,2019-09-03,7.3,02-28-2020,BNP Paribas
Q2-20,2019-09-05,7.3,02-28-2020,BNP Paribas
Q2-20,2019-12-04,7.0,02-28-2020,BNP Paribas
Q2-20,2020-02-12,7.0,02-28-2020,BNP Paribas
Q2-20,2020-02-20,7.0,02-28-2020,BNP Paribas
Q3-20,2019-09-03,7.25,02-28-2020,BNP Paribas
Q3-20,2019-09-05,7.25,02-28-2020,BNP Paribas
Q3-20,2019-12-04,6.9,02-28-2020,BNP Paribas
Q3-20,2020-02-12,6.9,02-28-2020,BNP Paribas
Q3-20,2020-02-20,6.9,02-28-2020,BNP Paribas
Q4-20,2019-09-03,7.2,02-28-2020,BNP Paribas
Q4-20,2019-09-05,7.2,02-28-2020,BNP Paribas
Q4-20,2019-12-04,6.85,02-28-2020,BNP Paribas
Q4-20,2020-02-12,6.85,02-28-2020,BNP Paribas
Q4-20,2020-02-20,6.85,02-28-2020,BNP Paribas
2021,2019-12-04,6.7,02-28-2020,BNP Paribas
2021,2020-02-12,6.7,02-28-2020,BNP Paribas
2021,2020-02-20,6.7,02-28-2020,BNP Paribas
Q4-07,2006-03-09,7.3,11-30-2007,BNP Paribas
Q4-07,2006-05-18,7.2,11-30-2007,BNP Paribas
Q4-07,2006-07-03,7.2,11-30-2007,BNP Paribas
Q4-07,2006-08-08,7.2,11-30-2007,BNP Paribas
Q4-07,2006-09-20,7.4,11-30-2007,BNP Paribas
Q4-07,2006-11-07,7.4,11-30-2007,BNP Paribas
Q4-07,2006-12-12,7.4,11-30-2007,BNP Paribas
Q4-07,2007-01-16,7.4,11-30-2007,BNP Paribas
Q4-07,2007-02-21,7.4,11-30-2007,BNP Paribas
Q4-07,2007-03-08,7.4,11-30-2007,BNP Paribas
Q4-07,2007-03-22,7.4,11-30-2007,BNP Paribas
Q4-07,2007-03-27,7.4,11-30-2007,BNP Paribas
Q4-07,2007-04-03,7.4,11-30-2007,BNP Paribas
Q4-07,2007-05-24,7.4,11-30-2007,BNP Paribas
Q4-07,2007-05-31,7.4,11-30-2007,BNP Paribas
Q4-07,2007-06-22,7.4,11-30-2007,BNP Paribas
Q4-07,2007-07-09,7.4,11-30-2007,BNP Paribas
Q4-07,2007-08-06,7.4,11-30-2007,BNP Paribas
Q4-07,2007-08-21,7.4,11-30-2007,BNP Paribas
Q4-07,2007-08-23,7.4,11-30-2007,BNP Paribas
Q4-07,2007-09-24,7.4,11-30-2007,BNP Paribas
Q4-07,2007-10-11,7.4,11-30-2007,BNP Paribas
Q4-07,2007-10-12,7.4,11-30-2007,BNP Paribas
Q4-07,2007-11-19,7.4,11-30-2007,BNP Paribas
Q1-08,2007-03-22,7.3,11-30-2007,BNP Paribas
Q1-08,2007-03-27,7.3,11-30-2007,BNP Paribas
Q1-08,2007-04-03,7.3,11-30-2007,BNP Paribas
Q1-08,2007-05-24,7.3,11-30-2007,BNP Paribas
Q1-08,2007-05-31,7.3,11-30-2007,BNP Paribas
Q1-08,2007-06-22,7.3,11-30-2007,BNP Paribas
Q1-08,2007-07-09,7.3,11-30-2007,BNP Paribas
Q1-08,2007-08-06,7.3,11-30-2007,BNP Paribas
Q1-08,2007-08-21,7.3,11-30-2007,BNP Paribas
Q1-08,2007-08-23,7.3,11-30-2007,BNP Paribas
Q1-08,2007-09-24,7.3,11-30-2007,BNP Paribas
Q1-08,2007-10-11,7.3,11-30-2007,BNP Paribas
Q1-08,2007-10-12,7.3,11-30-2007,BNP Paribas
Q1-08,2007-11-19,7.3,11-30-2007,BNP Paribas
Q2-08,2007-06-22,7.2,11-30-2007,BNP Paribas
Q2-08,2007-07-09,7.2,11-30-2007,BNP Paribas
Q2-08,2007-08-06,7.2,11-30-2007,BNP Paribas
Q2-08,2007-08-21,7.2,11-30-2007,BNP Paribas
Q2-08,2007-08-23,7.2,11-30-2007,BNP Paribas
Q2-08,2007-09-24,7.2,11-30-2007,BNP Paribas
Q2-08,2007-10-11,7.2,11-30-2007,BNP Paribas
Q2-08,2007-10-12,7.2,11-30-2007,BNP Paribas
Q2-08,2007-11-19,7.2,11-30-2007,BNP Paribas
Q3-08,2007-09-24,7.1,11-30-2007,BNP Paribas
Q3-08,2007-10-11,7.1,11-30-2007,BNP Paribas
Q3-08,2007-10-12,7.1,11-30-2007,BNP Paribas
Q3-08,2007-11-19,7.1,11-30-2007,BNP Paribas
2008,2006-05-18,7.3,11-30-2007,BNP Paribas
2008,2006-07-03,6.8,11-30-2007,BNP Paribas
2008,2006-08-08,6.8,11-30-2007,BNP Paribas
2008,2006-09-20,7.0,11-30-2007,BNP Paribas
2008,2006-11-07,7.0,11-30-2007,BNP Paribas
2008,2006-12-12,7.0,11-30-2007,BNP Paribas
2008,2007-01-16,7.0,11-30-2007,BNP Paribas
2008,2007-02-21,7.0,11-30-2007,BNP Paribas
2008,2007-03-08,7.0,11-30-2007,BNP Paribas
2008,2007-03-22,7.0,11-30-2007,BNP Paribas
2008,2007-03-27,7.0,11-30-2007,BNP Paribas
2008,2007-04-03,7.0,11-30-2007,BNP Paribas
2008,2007-05-24,7.0,11-30-2007,BNP Paribas
2008,2007-05-31,7.0,11-30-2007,BNP Paribas
2008,2007-06-22,7.0,11-30-2007,BNP Paribas
2008,2007-07-09,7.0,11-30-2007,BNP Paribas
2008,2007-08-06,7.0,11-30-2007,BNP Paribas
2008,2007-08-21,7.0,11-30-2007,BNP Paribas
2008,2007-08-23,7.0,11-30-2007,BNP Paribas
2008,2007-09-24,7.0,11-30-2007,BNP Paribas
2008,2007-10-11,7.0,11-30-2007,BNP Paribas
2008,2007-10-12,7.0,11-30-2007,BNP Paribas
2008,2007-11-19,7.0,11-30-2007,BNP Paribas
2009,2006-05-18,7.2,11-30-2007,BNP Paribas
2009,2006-07-03,7.2,11-30-2007,BNP Paribas
2009,2006-08-08,7.2,11-30-2007,BNP Paribas
2009,2006-09-20,7.2,11-30-2007,BNP Paribas
2009,2006-11-07,7.2,11-30-2007,BNP Paribas
2009,2006-12-12,7.2,11-30-2007,BNP Paribas
2009,2007-01-16,7.2,11-30-2007,BNP Paribas
2009,2007-02-21,7.2,11-30-2007,BNP Paribas
2009,2007-03-08,7.2,11-30-2007,BNP Paribas
2009,2007-03-22,7.2,11-30-2007,BNP Paribas
2009,2007-03-27,7.2,11-30-2007,BNP Paribas
2009,2007-04-03,7.2,11-30-2007,BNP Paribas
2009,2007-05-24,6.6,11-30-2007,BNP Paribas
2009,2007-05-31,6.6,11-30-2007,BNP Paribas
2009,2007-06-22,6.6,11-30-2007,BNP Paribas
2009,2007-07-09,6.6,11-30-2007,BNP Paribas
2009,2007-08-06,6.6,11-30-2007,BNP Paribas
2009,2007-08-21,6.6,11-30-2007,BNP Paribas
2009,2007-08-23,6.6,11-30-2007,BNP Paribas
2009,2007-09-24,6.6,11-30-2007,BNP Paribas
2009,2007-10-11,6.6,11-30-2007,BNP Paribas
2009,2007-10-12,6.6,11-30-2007,BNP Paribas
2009,2007-11-19,6.6,11-30-2007,BNP Paribas
2010,2006-05-18,7.0,11-30-2007,BNP Paribas
2010,2006-07-03,7.0,11-30-2007,BNP Paribas
2010,2006-08-08,7.0,11-30-2007,BNP Paribas
2010,2006-09-20,7.0,11-30-2007,BNP Paribas
2010,2006-11-07,7.0,11-30-2007,BNP Paribas
2010,2006-12-12,7.0,11-30-2007,BNP Paribas
2010,2007-01-16,7.0,11-30-2007,BNP Paribas
2010,2007-02-21,7.0,11-30-2007,BNP Paribas
2010,2007-03-08,7.0,11-30-2007,BNP Paribas
2010,2007-03-22,7.0,11-30-2007,BNP Paribas
2010,2007-03-27,7.0,11-30-2007,BNP Paribas
2010,2007-04-03,7.0,11-30-2007,BNP Paribas
2010,2007-05-24,6.2,11-30-2007,BNP Paribas
2010,2007-05-31,6.2,11-30-2007,BNP Paribas
2010,2007-06-22,6.2,11-30-2007,BNP Paribas
2010,2007-07-09,6.2,11-30-2007,BNP Paribas
2010,2007-08-06,6.2,11-30-2007,BNP Paribas
2010,2007-08-21,6.2,11-30-2007,BNP Paribas
2010,2007-08-23,6.2,11-30-2007,BNP Paribas
2010,2007-09-24,6.2,11-30-2007,BNP Paribas
2010,2007-10-11,6.2,11-30-2007,BNP Paribas
2010,2007-10-12,6.2,11-30-2007,BNP Paribas
2010,2007-11-19,6.2,11-30-2007,BNP Paribas
2011,2006-07-03,6.8,11-30-2007,BNP Paribas
2011,2006-08-08,6.8,11-30-2007,BNP Paribas
2011,2006-09-20,6.8,11-30-2007,BNP Paribas
2011,2006-11-07,6.8,11-30-2007,BNP Paribas
2011,2006-12-12,6.8,11-30-2007,BNP Paribas
2011,2007-01-16,6.8,11-30-2007,BNP Paribas
2011,2007-02-21,6.8,11-30-2007,BNP Paribas
2011,2007-03-08,6.8,11-30-2007,BNP Paribas
2011,2007-03-22,6.8,11-30-2007,BNP Paribas
2011,2007-03-27,6.8,11-30-2007,BNP Paribas
2011,2007-04-03,6.8,11-30-2007,BNP Paribas
2011,2007-05-24,6.0,11-30-2007,BNP Paribas
2011,2007-05-31,6.0,11-30-2007,BNP Paribas
2011,2007-06-22,6.0,11-30-2007,BNP Paribas
2011,2007-07-09,6.0,11-30-2007,BNP Paribas
2011,2007-08-06,6.0,11-30-2007,BNP Paribas
2011,2007-08-21,6.0,11-30-2007,BNP Paribas
2011,2007-08-23,6.0,11-30-2007,BNP Paribas
2011,2007-09-24,6.0,11-30-2007,BNP Paribas
2011,2007-10-11,6.0,11-30-2007,BNP Paribas
2011,2007-10-12,6.0,11-30-2007,BNP Paribas
2011,2007-11-19,6.0,11-30-2007,BNP Paribas
Q2-20,2019-09-03,7.3,05-31-2020,BNP Paribas
Q2-20,2019-09-05,7.3,05-31-2020,BNP Paribas
Q2-20,2019-12-04,7.0,05-31-2020,BNP Paribas
Q2-20,2020-02-12,7.0,05-31-2020,BNP Paribas
Q2-20,2020-02-20,7.0,05-31-2020,BNP Paribas
Q2-20,2020-03-04,7.0,05-31-2020,BNP Paribas
Q2-20,2020-03-20,6.85,05-31-2020,BNP Paribas
Q2-20,2020-04-08,6.92,05-31-2020,BNP Paribas
Q2-20,2020-05-11,6.92,05-31-2020,BNP Paribas
Q2-20,2020-05-26,7.05,05-31-2020,BNP Paribas
Q3-20,2019-09-03,7.25,05-31-2020,BNP Paribas
Q3-20,2019-09-05,7.25,05-31-2020,BNP Paribas
Q3-20,2019-12-04,6.9,05-31-2020,BNP Paribas
Q3-20,2020-02-12,6.9,05-31-2020,BNP Paribas
Q3-20,2020-02-20,6.9,05-31-2020,BNP Paribas
Q3-20,2020-03-04,6.9,05-31-2020,BNP Paribas
Q3-20,2020-03-20,6.92,05-31-2020,BNP Paribas
Q3-20,2020-04-08,6.9,05-31-2020,BNP Paribas
Q3-20,2020-05-11,6.9,05-31-2020,BNP Paribas
Q3-20,2020-05-26,6.92,05-31-2020,BNP Paribas
Q4-20,2019-09-03,7.2,05-31-2020,BNP Paribas
Q4-20,2019-09-05,7.2,05-31-2020,BNP Paribas
Q4-20,2019-12-04,6.85,05-31-2020,BNP Paribas
Q4-20,2020-02-12,6.85,05-31-2020,BNP Paribas
Q4-20,2020-02-20,6.85,05-31-2020,BNP Paribas
Q4-20,2020-03-04,6.85,05-31-2020,BNP Paribas
Q4-20,2020-03-20,6.9,05-31-2020,BNP Paribas
Q4-20,2020-04-08,6.86,05-31-2020,BNP Paribas
Q4-20,2020-05-11,6.86,05-31-2020,BNP Paribas
Q4-20,2020-05-26,6.9,05-31-2020,BNP Paribas
Q1-21,2020-03-04,6.81,05-31-2020,BNP Paribas
Q1-21,2020-03-20,6.86,05-31-2020,BNP Paribas
Q1-21,2020-04-08,6.83,05-31-2020,BNP Paribas
Q1-21,2020-05-11,6.83,05-31-2020,BNP Paribas
Q1-21,2020-05-26,6.86,05-31-2020,BNP Paribas
2021,2019-12-04,6.7,05-31-2020,BNP Paribas
2021,2020-02-12,6.7,05-31-2020,BNP Paribas
2021,2020-02-20,6.7,05-31-2020,BNP Paribas
2021,2020-03-04,6.7,05-31-2020,BNP Paribas
2021,2020-03-20,6.75,05-31-2020,BNP Paribas
2021,2020-05-26,6.75,05-31-2020,BNP Paribas
Q3-07,2006-03-09,7.3,08-31-2007,BNP Paribas
Q3-07,2006-09-20,7.5,08-31-2007,BNP Paribas
Q3-07,2006-11-07,7.5,08-31-2007,BNP Paribas
Q3-07,2006-12-12,7.5,08-31-2007,BNP Paribas
Q3-07,2007-01-16,7.5,08-31-2007,BNP Paribas
Q3-07,2007-02-21,7.5,08-31-2007,BNP Paribas
Q3-07,2007-03-08,7.5,08-31-2007,BNP Paribas
Q3-07,2007-03-22,7.5,08-31-2007,BNP Paribas
Q3-07,2007-03-27,7.5,08-31-2007,BNP Paribas
Q3-07,2007-04-03,7.5,08-31-2007,BNP Paribas
Q3-07,2007-05-24,7.5,08-31-2007,BNP Paribas
Q3-07,2007-05-31,7.5,08-31-2007,BNP Paribas
Q3-07,2007-06-22,7.5,08-31-2007,BNP Paribas
Q3-07,2007-07-09,7.5,08-31-2007,BNP Paribas
Q3-07,2007-08-06,7.5,08-31-2007,BNP Paribas
Q3-07,2007-08-21,7.5,08-31-2007,BNP Paribas
Q3-07,2007-08-23,7.5,08-31-2007,BNP Paribas
Q4-07,2006-03-09,7.3,08-31-2007,BNP Paribas
Q4-07,2006-05-18,7.2,08-31-2007,BNP Paribas
Q4-07,2006-07-03,7.2,08-31-2007,BNP Paribas
Q4-07,2006-08-08,7.2,08-31-2007,BNP Paribas
Q4-07,2006-09-20,7.4,08-31-2007,BNP Paribas
Q4-07,2006-11-07,7.4,08-31-2007,BNP Paribas
Q4-07,2006-12-12,7.4,08-31-2007,BNP Paribas
Q4-07,2007-01-16,7.4,08-31-2007,BNP Paribas
Q4-07,2007-02-21,7.4,08-31-2007,BNP Paribas
Q4-07,2007-03-08,7.4,08-31-2007,BNP Paribas
Q4-07,2007-03-22,7.4,08-31-2007,BNP Paribas
Q4-07,2007-03-27,7.4,08-31-2007,BNP Paribas
Q4-07,2007-04-03,7.4,08-31-2007,BNP Paribas
Q4-07,2007-05-24,7.4,08-31-2007,BNP Paribas
Q4-07,2007-05-31,7.4,08-31-2007,BNP Paribas
Q4-07,2007-06-22,7.4,08-31-2007,BNP Paribas
Q4-07,2007-07-09,7.4,08-31-2007,BNP Paribas
Q4-07,2007-08-06,7.4,08-31-2007,BNP Paribas
Q4-07,2007-08-21,7.4,08-31-2007,BNP Paribas
Q4-07,2007-08-23,7.4,08-31-2007,BNP Paribas
Q1-08,2007-03-22,7.3,08-31-2007,BNP Paribas
Q1-08,2007-03-27,7.3,08-31-2007,BNP Paribas
Q1-08,2007-04-03,7.3,08-31-2007,BNP Paribas
Q1-08,2007-05-24,7.3,08-31-2007,BNP Paribas
Q1-08,2007-05-31,7.3,08-31-2007,BNP Paribas
Q1-08,2007-06-22,7.3,08-31-2007,BNP Paribas
Q1-08,2007-07-09,7.3,08-31-2007,BNP Paribas
Q1-08,2007-08-06,7.3,08-31-2007,BNP Paribas
Q1-08,2007-08-21,7.3,08-31-2007,BNP Paribas
Q1-08,2007-08-23,7.3,08-31-2007,BNP Paribas
Q2-08,2007-06-22,7.2,08-31-2007,BNP Paribas
Q2-08,2007-07-09,7.2,08-31-2007,BNP Paribas
Q2-08,2007-08-06,7.2,08-31-2007,BNP Paribas
Q2-08,2007-08-21,7.2,08-31-2007,BNP Paribas
Q2-08,2007-08-23,7.2,08-31-2007,BNP Paribas
2008,2006-05-18,7.3,08-31-2007,BNP Paribas
2008,2006-07-03,6.8,08-31-2007,BNP Paribas
2008,2006-08-08,6.8,08-31-2007,BNP Paribas
2008,2006-09-20,7.0,08-31-2007,BNP Paribas
2008,2006-11-07,7.0,08-31-2007,BNP Paribas
2008,2006-12-12,7.0,08-31-2007,BNP Paribas
2008,2007-01-16,7.0,08-31-2007,BNP Paribas
2008,2007-02-21,7.0,08-31-2007,BNP Paribas
2008,2007-03-08,7.0,08-31-2007,BNP Paribas
2008,2007-03-22,7.0,08-31-2007,BNP Paribas
2008,2007-03-27,7.0,08-31-2007,BNP Paribas
2008,2007-04-03,7.0,08-31-2007,BNP Paribas
2008,2007-05-24,7.0,08-31-2007,BNP Paribas
2008,2007-05-31,7.0,08-31-2007,BNP Paribas
2008,2007-06-22,7.0,08-31-2007,BNP Paribas
2008,2007-07-09,7.0,08-31-2007,BNP Paribas
2008,2007-08-06,7.0,08-31-2007,BNP Paribas
2008,2007-08-21,7.0,08-31-2007,BNP Paribas
2008,2007-08-23,7.0,08-31-2007,BNP Paribas
2009,2006-05-18,7.2,08-31-2007,BNP Paribas
2009,2006-07-03,7.2,08-31-2007,BNP Paribas
2009,2006-08-08,7.2,08-31-2007,BNP Paribas
2009,2006-09-20,7.2,08-31-2007,BNP Paribas
2009,2006-11-07,7.2,08-31-2007,BNP Paribas
2009,2006-12-12,7.2,08-31-2007,BNP Paribas
2009,2007-01-16,7.2,08-31-2007,BNP Paribas
2009,2007-02-21,7.2,08-31-2007,BNP Paribas
2009,2007-03-08,7.2,08-31-2007,BNP Paribas
2009,2007-03-22,7.2,08-31-2007,BNP Paribas
2009,2007-03-27,7.2,08-31-2007,BNP Paribas
2009,2007-04-03,7.2,08-31-2007,BNP Paribas
2009,2007-05-24,6.6,08-31-2007,BNP Paribas
2009,2007-05-31,6.6,08-31-2007,BNP Paribas
2009,2007-06-22,6.6,08-31-2007,BNP Paribas
2009,2007-07-09,6.6,08-31-2007,BNP Paribas
2009,2007-08-06,6.6,08-31-2007,BNP Paribas
2009,2007-08-21,6.6,08-31-2007,BNP Paribas
2009,2007-08-23,6.6,08-31-2007,BNP Paribas
2010,2006-05-18,7.0,08-31-2007,BNP Paribas
2010,2006-07-03,7.0,08-31-2007,BNP Paribas
2010,2006-08-08,7.0,08-31-2007,BNP Paribas
2010,2006-09-20,7.0,08-31-2007,BNP Paribas
2010,2006-11-07,7.0,08-31-2007,BNP Paribas
2010,2006-12-12,7.0,08-31-2007,BNP Paribas
2010,2007-01-16,7.0,08-31-2007,BNP Paribas
2010,2007-02-21,7.0,08-31-2007,BNP Paribas
2010,2007-03-08,7.0,08-31-2007,BNP Paribas
2010,2007-03-22,7.0,08-31-2007,BNP Paribas
2010,2007-03-27,7.0,08-31-2007,BNP Paribas
2010,2007-04-03,7.0,08-31-2007,BNP Paribas
2010,2007-05-24,6.2,08-31-2007,BNP Paribas
2010,2007-05-31,6.2,08-31-2007,BNP Paribas
2010,2007-06-22,6.2,08-31-2007,BNP Paribas
2010,2007-07-09,6.2,08-31-2007,BNP Paribas
2010,2007-08-06,6.2,08-31-2007,BNP Paribas
2010,2007-08-21,6.2,08-31-2007,BNP Paribas
2010,2007-08-23,6.2,08-31-2007,BNP Paribas
2011,2006-07-03,6.8,08-31-2007,BNP Paribas
2011,2006-08-08,6.8,08-31-2007,BNP Paribas
2011,2006-09-20,6.8,08-31-2007,BNP Paribas
2011,2006-11-07,6.8,08-31-2007,BNP Paribas
2011,2006-12-12,6.8,08-31-2007,BNP Paribas
2011,2007-01-16,6.8,08-31-2007,BNP Paribas
2011,2007-02-21,6.8,08-31-2007,BNP Paribas
2011,2007-03-08,6.8,08-31-2007,BNP Paribas
2011,2007-03-22,6.8,08-31-2007,BNP Paribas
2011,2007-03-27,6.8,08-31-2007,BNP Paribas
2011,2007-04-03,6.8,08-31-2007,BNP Paribas
2011,2007-05-24,6.0,08-31-2007,BNP Paribas
2011,2007-05-31,6.0,08-31-2007,BNP Paribas
2011,2007-06-22,6.0,08-31-2007,BNP Paribas
2011,2007-07-09,6.0,08-31-2007,BNP Paribas
2011,2007-08-06,6.0,08-31-2007,BNP Paribas
2011,2007-08-21,6.0,08-31-2007,BNP Paribas
2011,2007-08-23,6.0,08-31-2007,BNP Paribas
Q3-11,2010-09-21,6.64,08-31-2011,BNP Paribas
Q3-11,2010-09-22,6.5,08-31-2011,BNP Paribas
Q3-11,2010-09-24,6.5,08-31-2011,BNP Paribas
Q3-11,2010-11-02,6.5,08-31-2011,BNP Paribas
Q3-11,2010-11-23,6.49,08-31-2011,BNP Paribas
Q3-11,2011-01-06,6.49,08-31-2011,BNP Paribas
Q3-11,2011-02-09,6.49,08-31-2011,BNP Paribas
Q3-11,2011-05-10,6.47,08-31-2011,BNP Paribas
Q3-11,2011-06-16,6.4,08-31-2011,BNP Paribas
Q3-11,2011-07-26,6.4,08-31-2011,BNP Paribas
Q4-11,2009-09-08,6.76,08-31-2011,BNP Paribas
Q4-11,2009-09-16,6.76,08-31-2011,BNP Paribas
Q4-11,2009-09-18,6.76,08-31-2011,BNP Paribas
Q4-11,2009-09-21,6.81,08-31-2011,BNP Paribas
Q4-11,2009-09-22,6.76,08-31-2011,BNP Paribas
Q4-11,2009-09-24,6.76,08-31-2011,BNP Paribas
Q4-11,2009-10-19,6.76,08-31-2011,BNP Paribas
Q4-11,2009-11-30,6.42,08-31-2011,BNP Paribas
Q4-11,2009-12-07,6.42,08-31-2011,BNP Paribas
Q4-11,2010-01-06,6.42,08-31-2011,BNP Paribas
Q4-11,2010-01-25,6.42,08-31-2011,BNP Paribas
Q4-11,2010-02-05,6.42,08-31-2011,BNP Paribas
Q4-11,2010-03-15,6.42,08-31-2011,BNP Paribas
Q4-11,2010-03-16,6.42,08-31-2011,BNP Paribas
Q4-11,2010-03-18,6.42,08-31-2011,BNP Paribas
Q4-11,2010-03-30,6.42,08-31-2011,BNP Paribas
Q4-11,2010-05-07,6.42,08-31-2011,BNP Paribas
Q4-11,2010-06-01,6.42,08-31-2011,BNP Paribas
Q4-11,2010-06-02,6.42,08-31-2011,BNP Paribas
Q4-11,2010-06-18,6.69,08-31-2011,BNP Paribas
Q4-11,2010-06-21,6.6,08-31-2011,BNP Paribas
Q4-11,2010-07-29,6.6,08-31-2011,BNP Paribas
Q4-11,2010-08-24,6.6,08-31-2011,BNP Paribas
Q4-11,2010-09-21,6.6,08-31-2011,BNP Paribas
Q4-11,2010-09-22,6.45,08-31-2011,BNP Paribas
Q4-11,2010-09-24,6.45,08-31-2011,BNP Paribas
Q4-11,2010-11-02,6.45,08-31-2011,BNP Paribas
Q4-11,2010-11-23,6.45,08-31-2011,BNP Paribas
Q4-11,2011-01-06,6.45,08-31-2011,BNP Paribas
Q4-11,2011-02-09,6.45,08-31-2011,BNP Paribas
Q4-11,2011-05-10,6.45,08-31-2011,BNP Paribas
Q4-11,2011-06-16,6.31,08-31-2011,BNP Paribas
Q4-11,2011-07-26,6.31,08-31-2011,BNP Paribas
Q1-12,2011-05-10,6.4,08-31-2011,BNP Paribas
Q1-12,2011-06-16,6.25,08-31-2011,BNP Paribas
Q1-12,2011-07-26,6.25,08-31-2011,BNP Paribas
Q2-12,2011-05-10,6.35,08-31-2011,BNP Paribas
Q2-12,2011-06-16,6.21,08-31-2011,BNP Paribas
Q2-12,2011-07-26,6.21,08-31-2011,BNP Paribas
2012,2009-09-08,6.72,08-31-2011,BNP Paribas
2012,2009-09-16,6.72,08-31-2011,BNP Paribas
2012,2009-09-18,6.72,08-31-2011,BNP Paribas
2012,2009-09-21,6.76,08-31-2011,BNP Paribas
2012,2009-09-22,6.72,08-31-2011,BNP Paribas
2012,2009-09-24,6.72,08-31-2011,BNP Paribas
2012,2009-10-19,6.72,08-31-2011,BNP Paribas
2012,2009-11-30,6.22,08-31-2011,BNP Paribas
2012,2009-12-07,6.22,08-31-2011,BNP Paribas
2012,2010-01-06,6.22,08-31-2011,BNP Paribas
2012,2010-01-25,6.22,08-31-2011,BNP Paribas
2012,2010-02-05,6.22,08-31-2011,BNP Paribas
2012,2010-03-15,6.22,08-31-2011,BNP Paribas
2012,2010-03-16,6.22,08-31-2011,BNP Paribas
2012,2010-03-18,6.22,08-31-2011,BNP Paribas
2012,2010-03-30,6.22,08-31-2011,BNP Paribas
2012,2010-05-07,6.22,08-31-2011,BNP Paribas
2012,2010-06-01,6.22,08-31-2011,BNP Paribas
2012,2010-06-02,6.22,08-31-2011,BNP Paribas
2012,2010-06-18,6.5,08-31-2011,BNP Paribas
2012,2010-06-21,6.41,08-31-2011,BNP Paribas
2012,2010-07-29,6.41,08-31-2011,BNP Paribas
2012,2010-08-24,6.41,08-31-2011,BNP Paribas
2012,2010-09-21,6.41,08-31-2011,BNP Paribas
2012,2010-09-22,6.26,08-31-2011,BNP Paribas
2012,2010-09-24,6.26,08-31-2011,BNP Paribas
2012,2010-11-02,6.26,08-31-2011,BNP Paribas
2012,2010-11-23,6.26,08-31-2011,BNP Paribas
2012,2011-01-06,6.26,08-31-2011,BNP Paribas
2012,2011-02-09,6.26,08-31-2011,BNP Paribas
2012,2011-05-10,6.26,08-31-2011,BNP Paribas
2012,2011-07-26,6.13,08-31-2011,BNP Paribas
2013,2009-09-21,6.72,08-31-2011,BNP Paribas
2013,2010-01-06,6.15,08-31-2011,BNP Paribas
2013,2010-09-22,6.15,08-31-2011,BNP Paribas
2013,2010-09-24,6.15,08-31-2011,BNP Paribas
2013,2010-11-02,6.15,08-31-2011,BNP Paribas
2013,2010-11-23,6.15,08-31-2011,BNP Paribas
2013,2011-01-06,6.15,08-31-2011,BNP Paribas
2013,2011-02-09,6.15,08-31-2011,BNP Paribas
2013,2011-07-26,6.15,08-31-2011,BNP Paribas
Q4-08,2006-12-12,7.0,11-30-2008,BNP Paribas
Q4-08,2007-01-16,7.0,11-30-2008,BNP Paribas
Q4-08,2007-02-21,7.0,11-30-2008,BNP Paribas
Q4-08,2007-03-08,7.0,11-30-2008,BNP Paribas
Q4-08,2007-03-22,7.0,11-30-2008,BNP Paribas
Q4-08,2007-03-27,7.0,11-30-2008,BNP Paribas
Q4-08,2007-04-03,7.0,11-30-2008,BNP Paribas
Q4-08,2007-05-24,7.0,11-30-2008,BNP Paribas
Q4-08,2007-05-31,7.0,11-30-2008,BNP Paribas
Q4-08,2007-06-22,7.0,11-30-2008,BNP Paribas
Q4-08,2007-07-09,7.0,11-30-2008,BNP Paribas
Q4-08,2007-08-06,7.0,11-30-2008,BNP Paribas
Q4-08,2007-08-21,7.0,11-30-2008,BNP Paribas
Q4-08,2007-08-23,7.0,11-30-2008,BNP Paribas
Q4-08,2007-09-24,7.0,11-30-2008,BNP Paribas
Q4-08,2007-10-11,7.0,11-30-2008,BNP Paribas
Q4-08,2007-10-12,7.0,11-30-2008,BNP Paribas
Q4-08,2007-11-19,7.0,11-30-2008,BNP Paribas
Q4-08,2008-01-10,6.8,11-30-2008,BNP Paribas
Q4-08,2008-01-23,6.8,11-30-2008,BNP Paribas
Q4-08,2008-03-20,6.4,11-30-2008,BNP Paribas
Q4-08,2008-04-17,6.6,11-30-2008,BNP Paribas
Q4-08,2008-05-15,6.4,11-30-2008,BNP Paribas
Q4-08,2008-05-23,6.4,11-30-2008,BNP Paribas
Q4-08,2008-06-11,6.4,11-30-2008,BNP Paribas
Q4-08,2008-07-01,6.4,11-30-2008,BNP Paribas
Q4-08,2008-07-29,6.55,11-30-2008,BNP Paribas
Q4-08,2008-08-20,6.55,11-30-2008,BNP Paribas
Q4-08,2008-09-02,6.55,11-30-2008,BNP Paribas
Q4-08,2008-09-04,6.65,11-30-2008,BNP Paribas
Q4-08,2008-09-18,6.8,11-30-2008,BNP Paribas
Q4-08,2008-10-06,6.8,11-30-2008,BNP Paribas
Q4-08,2008-10-07,6.8,11-30-2008,BNP Paribas
Q4-08,2008-10-27,6.85,11-30-2008,BNP Paribas
Q1-09,2008-03-20,6.2,11-30-2008,BNP Paribas
Q1-09,2008-04-17,6.4,11-30-2008,BNP Paribas
Q1-09,2008-05-15,6.2,11-30-2008,BNP Paribas
Q1-09,2008-05-23,6.2,11-30-2008,BNP Paribas
Q1-09,2008-06-11,6.2,11-30-2008,BNP Paribas
Q1-09,2008-07-01,6.2,11-30-2008,BNP Paribas
Q1-09,2008-07-29,6.45,11-30-2008,BNP Paribas
Q1-09,2008-08-20,6.45,11-30-2008,BNP Paribas
Q1-09,2008-09-02,6.45,11-30-2008,BNP Paribas
Q1-09,2008-09-04,6.6,11-30-2008,BNP Paribas
Q1-09,2008-09-18,6.78,11-30-2008,BNP Paribas
Q1-09,2008-10-06,6.78,11-30-2008,BNP Paribas
Q1-09,2008-10-07,6.78,11-30-2008,BNP Paribas
Q1-09,2008-10-27,6.9,11-30-2008,BNP Paribas
Q2-09,2008-07-29,6.35,11-30-2008,BNP Paribas
Q2-09,2008-08-20,6.35,11-30-2008,BNP Paribas
Q2-09,2008-09-02,6.35,11-30-2008,BNP Paribas
Q2-09,2008-09-04,6.55,11-30-2008,BNP Paribas
Q2-09,2008-09-18,6.77,11-30-2008,BNP Paribas
Q2-09,2008-10-06,6.77,11-30-2008,BNP Paribas
Q2-09,2008-10-07,6.77,11-30-2008,BNP Paribas
Q2-09,2008-10-27,6.9,11-30-2008,BNP Paribas
Q3-09,2008-10-27,6.88,11-30-2008,BNP Paribas
2009,2006-12-12,7.2,11-30-2008,BNP Paribas
2009,2007-01-16,7.2,11-30-2008,BNP Paribas
2009,2007-02-21,7.2,11-30-2008,BNP Paribas
2009,2007-03-08,7.2,11-30-2008,BNP Paribas
2009,2007-03-22,7.2,11-30-2008,BNP Paribas
2009,2007-03-27,7.2,11-30-2008,BNP Paribas
2009,2007-04-03,7.2,11-30-2008,BNP Paribas
2009,2007-05-24,6.6,11-30-2008,BNP Paribas
2009,2007-05-31,6.6,11-30-2008,BNP Paribas
2009,2007-06-22,6.6,11-30-2008,BNP Paribas
2009,2007-07-09,6.6,11-30-2008,BNP Paribas
2009,2007-08-06,6.6,11-30-2008,BNP Paribas
2009,2007-08-21,6.6,11-30-2008,BNP Paribas
2009,2007-08-23,6.6,11-30-2008,BNP Paribas
2009,2007-09-24,6.6,11-30-2008,BNP Paribas
2009,2007-10-11,6.6,11-30-2008,BNP Paribas
2009,2007-10-12,6.6,11-30-2008,BNP Paribas
2009,2007-11-19,6.6,11-30-2008,BNP Paribas
2009,2008-01-10,6.4,11-30-2008,BNP Paribas
2009,2008-01-23,6.4,11-30-2008,BNP Paribas
2009,2008-03-20,6.0,11-30-2008,BNP Paribas
2009,2008-04-17,6.0,11-30-2008,BNP Paribas
2009,2008-05-15,6.0,11-30-2008,BNP Paribas
2009,2008-05-23,6.0,11-30-2008,BNP Paribas
2009,2008-06-11,6.0,11-30-2008,BNP Paribas
2009,2008-07-01,6.0,11-30-2008,BNP Paribas
2009,2008-07-29,6.15,11-30-2008,BNP Paribas
2009,2008-08-20,6.15,11-30-2008,BNP Paribas
2009,2008-09-02,6.15,11-30-2008,BNP Paribas
2009,2008-09-04,6.45,11-30-2008,BNP Paribas
2009,2008-09-18,6.75,11-30-2008,BNP Paribas
2009,2008-10-06,6.75,11-30-2008,BNP Paribas
2009,2008-10-07,6.75,11-30-2008,BNP Paribas
2009,2008-10-27,6.88,11-30-2008,BNP Paribas
2010,2006-12-12,7.0,11-30-2008,BNP Paribas
2010,2007-01-16,7.0,11-30-2008,BNP Paribas
2010,2007-02-21,7.0,11-30-2008,BNP Paribas
2010,2007-03-08,7.0,11-30-2008,BNP Paribas
2010,2007-03-22,7.0,11-30-2008,BNP Paribas
2010,2007-03-27,7.0,11-30-2008,BNP Paribas
2010,2007-04-03,7.0,11-30-2008,BNP Paribas
2010,2007-05-24,6.2,11-30-2008,BNP Paribas
2010,2007-05-31,6.2,11-30-2008,BNP Paribas
2010,2007-06-22,6.2,11-30-2008,BNP Paribas
2010,2007-07-09,6.2,11-30-2008,BNP Paribas
2010,2007-08-06,6.2,11-30-2008,BNP Paribas
2010,2007-08-21,6.2,11-30-2008,BNP Paribas
2010,2007-08-23,6.2,11-30-2008,BNP Paribas
2010,2007-09-24,6.2,11-30-2008,BNP Paribas
2010,2007-10-11,6.2,11-30-2008,BNP Paribas
2010,2007-10-12,6.2,11-30-2008,BNP Paribas
2010,2007-11-19,6.2,11-30-2008,BNP Paribas
2010,2008-01-10,6.2,11-30-2008,BNP Paribas
2010,2008-01-23,6.2,11-30-2008,BNP Paribas
2010,2008-03-20,6.2,11-30-2008,BNP Paribas
2010,2008-04-17,6.0,11-30-2008,BNP Paribas
2010,2008-05-15,6.0,11-30-2008,BNP Paribas
2010,2008-05-23,6.0,11-30-2008,BNP Paribas
2010,2008-06-11,6.0,11-30-2008,BNP Paribas
2010,2008-07-01,6.0,11-30-2008,BNP Paribas
2010,2008-08-20,6.0,11-30-2008,BNP Paribas
2010,2008-09-02,6.0,11-30-2008,BNP Paribas
2010,2008-09-04,6.28,11-30-2008,BNP Paribas
2010,2008-09-18,6.75,11-30-2008,BNP Paribas
2010,2008-10-06,6.75,11-30-2008,BNP Paribas
2010,2008-10-07,6.75,11-30-2008,BNP Paribas
2010,2008-10-27,6.88,11-30-2008,BNP Paribas
2011,2006-12-12,6.8,11-30-2008,BNP Paribas
2011,2007-01-16,6.8,11-30-2008,BNP Paribas
2011,2007-02-21,6.8,11-30-2008,BNP Paribas
2011,2007-03-08,6.8,11-30-2008,BNP Paribas
2011,2007-03-22,6.8,11-30-2008,BNP Paribas
2011,2007-03-27,6.8,11-30-2008,BNP Paribas
2011,2007-04-03,6.8,11-30-2008,BNP Paribas
2011,2007-05-24,6.0,11-30-2008,BNP Paribas
2011,2007-05-31,6.0,11-30-2008,BNP Paribas
2011,2007-06-22,6.0,11-30-2008,BNP Paribas
2011,2007-07-09,6.0,11-30-2008,BNP Paribas
2011,2007-08-06,6.0,11-30-2008,BNP Paribas
2011,2007-08-21,6.0,11-30-2008,BNP Paribas
2011,2007-08-23,6.0,11-30-2008,BNP Paribas
2011,2007-09-24,6.0,11-30-2008,BNP Paribas
2011,2007-10-11,6.0,11-30-2008,BNP Paribas
2011,2007-10-12,6.0,11-30-2008,BNP Paribas
2011,2007-11-19,6.0,11-30-2008,BNP Paribas
2011,2008-01-10,6.0,11-30-2008,BNP Paribas
2011,2008-01-23,6.0,11-30-2008,BNP Paribas
2011,2008-03-20,6.0,11-30-2008,BNP Paribas
2011,2008-04-17,6.0,11-30-2008,BNP Paribas
2011,2008-05-15,6.0,11-30-2008,BNP Paribas
2011,2008-05-23,6.0,11-30-2008,BNP Paribas
2011,2008-06-11,6.0,11-30-2008,BNP Paribas
2011,2008-07-01,6.0,11-30-2008,BNP Paribas
2011,2008-08-20,6.0,11-30-2008,BNP Paribas
2011,2008-09-02,6.0,11-30-2008,BNP Paribas
2011,2008-09-04,6.15,11-30-2008,BNP Paribas
2011,2008-09-18,6.15,11-30-2008,BNP Paribas
2011,2008-10-06,6.15,11-30-2008,BNP Paribas
2011,2008-10-07,6.15,11-30-2008,BNP Paribas
2011,2008-10-27,6.88,11-30-2008,BNP Paribas
2012,2007-03-22,6.5,11-30-2008,BNP Paribas
2012,2007-03-27,6.5,11-30-2008,BNP Paribas
2012,2007-04-03,6.5,11-30-2008,BNP Paribas
2012,2007-06-22,6.5,11-30-2008,BNP Paribas
2012,2007-07-09,6.5,11-30-2008,BNP Paribas
2012,2007-08-06,6.5,11-30-2008,BNP Paribas
2012,2007-08-21,6.5,11-30-2008,BNP Paribas
2012,2007-08-23,6.5,11-30-2008,BNP Paribas
2012,2007-09-24,6.5,11-30-2008,BNP Paribas
2012,2007-10-11,6.5,11-30-2008,BNP Paribas
2012,2007-10-12,6.5,11-30-2008,BNP Paribas
2012,2007-11-19,6.5,11-30-2008,BNP Paribas
2012,2008-01-10,6.5,11-30-2008,BNP Paribas
2012,2008-01-23,6.5,11-30-2008,BNP Paribas
2012,2008-03-20,6.5,11-30-2008,BNP Paribas
2012,2008-04-17,6.5,11-30-2008,BNP Paribas
2012,2008-05-15,6.5,11-30-2008,BNP Paribas
2012,2008-05-23,6.5,11-30-2008,BNP Paribas
2012,2008-06-11,6.5,11-30-2008,BNP Paribas
2012,2008-07-01,6.5,11-30-2008,BNP Paribas
2012,2008-08-20,6.5,11-30-2008,BNP Paribas
2012,2008-09-02,6.5,11-30-2008,BNP Paribas
2012,2008-09-04,6.5,11-30-2008,BNP Paribas
2012,2008-09-18,6.5,11-30-2008,BNP Paribas
2012,2008-10-06,6.5,11-30-2008,BNP Paribas
2012,2008-10-07,6.5,11-30-2008,BNP Paribas
2012,2008-10-27,6.5,11-30-2008,BNP Paribas
Q3-12,2011-05-10,6.3,08-31-2012,BNP Paribas
Q3-12,2011-09-19,6.24,08-31-2012,BNP Paribas
Q3-12,2011-11-08,6.18,08-31-2012,BNP Paribas
Q3-12,2011-11-21,6.24,08-31-2012,BNP Paribas
Q3-12,2011-11-28,6.18,08-31-2012,BNP Paribas
Q3-12,2012-01-09,6.18,08-31-2012,BNP Paribas
Q3-12,2012-01-27,6.18,08-31-2012,BNP Paribas
Q3-12,2012-03-02,6.18,08-31-2012,BNP Paribas
Q3-12,2012-04-13,6.26,08-31-2012,BNP Paribas
Q3-12,2012-04-24,6.26,08-31-2012,BNP Paribas
Q3-12,2012-06-11,6.26,08-31-2012,BNP Paribas
Q3-12,2012-07-03,6.31,08-31-2012,BNP Paribas
Q3-12,2012-08-03,6.31,08-31-2012,BNP Paribas
Q4-12,2010-09-21,6.41,08-31-2012,BNP Paribas
Q4-12,2010-09-22,6.26,08-31-2012,BNP Paribas
Q4-12,2010-09-24,6.26,08-31-2012,BNP Paribas
Q4-12,2010-11-02,6.26,08-31-2012,BNP Paribas
Q4-12,2010-11-23,6.26,08-31-2012,BNP Paribas
Q4-12,2011-01-06,6.26,08-31-2012,BNP Paribas
Q4-12,2011-02-09,6.26,08-31-2012,BNP Paribas
Q4-12,2011-05-10,6.26,08-31-2012,BNP Paribas
Q4-12,2011-07-26,6.13,08-31-2012,BNP Paribas
Q4-12,2011-09-19,6.18,08-31-2012,BNP Paribas
Q4-12,2011-11-08,6.12,08-31-2012,BNP Paribas
Q4-12,2011-11-21,6.18,08-31-2012,BNP Paribas
Q4-12,2011-11-28,6.12,08-31-2012,BNP Paribas
Q4-12,2012-01-09,6.12,08-31-2012,BNP Paribas
Q4-12,2012-01-27,6.12,08-31-2012,BNP Paribas
Q4-12,2012-03-02,6.12,08-31-2012,BNP Paribas
Q4-12,2012-04-13,6.21,08-31-2012,BNP Paribas
Q4-12,2012-04-24,6.21,08-31-2012,BNP Paribas
Q4-12,2012-06-11,6.21,08-31-2012,BNP Paribas
Q4-12,2012-07-03,6.29,08-31-2012,BNP Paribas
Q4-12,2012-08-03,6.29,08-31-2012,BNP Paribas
Q1-13,2011-05-10,6.23,08-31-2012,BNP Paribas
Q1-13,2011-09-19,6.12,08-31-2012,BNP Paribas
Q1-13,2011-11-08,6.05,08-31-2012,BNP Paribas
Q1-13,2011-11-21,6.12,08-31-2012,BNP Paribas
Q1-13,2011-11-28,6.05,08-31-2012,BNP Paribas
Q1-13,2012-01-09,6.05,08-31-2012,BNP Paribas
Q1-13,2012-01-27,6.05,08-31-2012,BNP Paribas
Q1-13,2012-03-02,5.89,08-31-2012,BNP Paribas
Q1-13,2012-04-24,6.16,08-31-2012,BNP Paribas
Q1-13,2012-06-11,6.16,08-31-2012,BNP Paribas
Q1-13,2012-07-03,6.25,08-31-2012,BNP Paribas
Q1-13,2012-08-03,6.25,08-31-2012,BNP Paribas
Q2-13,2011-09-19,6.05,08-31-2012,BNP Paribas
Q2-13,2011-11-08,5.98,08-31-2012,BNP Paribas
Q2-13,2011-11-21,6.05,08-31-2012,BNP Paribas
Q2-13,2011-11-28,5.98,08-31-2012,BNP Paribas
Q2-13,2012-01-09,5.98,08-31-2012,BNP Paribas
Q2-13,2012-01-27,5.98,08-31-2012,BNP Paribas
Q2-13,2012-06-11,6.14,08-31-2012,BNP Paribas
Q2-13,2012-07-03,6.21,08-31-2012,BNP Paribas
Q2-13,2012-08-03,6.21,08-31-2012,BNP Paribas
2013,2010-09-22,6.15,08-31-2012,BNP Paribas
2013,2010-09-24,6.15,08-31-2012,BNP Paribas
2013,2010-11-02,6.15,08-31-2012,BNP Paribas
2013,2010-11-23,6.15,08-31-2012,BNP Paribas
2013,2011-01-06,6.15,08-31-2012,BNP Paribas
2013,2011-02-09,6.15,08-31-2012,BNP Paribas
2013,2011-07-26,6.15,08-31-2012,BNP Paribas
2013,2011-09-19,6.17,08-31-2012,BNP Paribas
2013,2011-11-08,5.89,08-31-2012,BNP Paribas
2013,2011-11-21,5.93,08-31-2012,BNP Paribas
2013,2011-11-28,5.89,08-31-2012,BNP Paribas
2013,2012-01-09,5.89,08-31-2012,BNP Paribas
2013,2012-01-27,5.89,08-31-2012,BNP Paribas
2013,2012-03-02,5.8,08-31-2012,BNP Paribas
2013,2012-04-13,6.11,08-31-2012,BNP Paribas
2013,2012-04-24,6.11,08-31-2012,BNP Paribas
2013,2012-06-11,6.11,08-31-2012,BNP Paribas
2013,2012-07-03,6.2,08-31-2012,BNP Paribas
2013,2012-08-03,6.2,08-31-2012,BNP Paribas
2014,2012-03-02,5.8,08-31-2012,BNP Paribas
Q1-15,2014-04-04,5.99,02-28-2015,BNP Paribas
Q1-15,2014-06-13,6.17,02-28-2015,BNP Paribas
Q4-15,2013-03-08,6.0,02-28-2015,BNP Paribas
Q4-15,2013-04-12,6.0,02-28-2015,BNP Paribas
Q4-15,2013-06-12,6.15,02-28-2015,BNP Paribas
Q4-15,2013-07-25,6.15,02-28-2015,BNP Paribas
Q4-15,2013-09-26,6.13,02-28-2015,BNP Paribas
Q4-15,2013-12-02,6.1,02-28-2015,BNP Paribas
Q4-15,2014-01-08,5.95,02-28-2015,BNP Paribas
Q4-15,2014-01-30,5.95,02-28-2015,BNP Paribas
Q4-15,2014-02-21,6.0,02-28-2015,BNP Paribas
Q4-15,2014-03-24,6.0,02-28-2015,BNP Paribas
Q4-15,2014-04-04,6.0,02-28-2015,BNP Paribas
Q4-15,2014-06-13,6.15,02-28-2015,BNP Paribas
Q4-12,2011-01-06,6.26,11-30-2012,BNP Paribas
Q4-12,2011-02-09,6.26,11-30-2012,BNP Paribas
Q4-12,2011-05-10,6.26,11-30-2012,BNP Paribas
Q4-12,2011-07-26,6.13,11-30-2012,BNP Paribas
Q4-12,2011-09-19,6.18,11-30-2012,BNP Paribas
Q4-12,2011-11-08,6.12,11-30-2012,BNP Paribas
Q4-12,2011-11-21,6.18,11-30-2012,BNP Paribas
Q4-12,2011-11-28,6.12,11-30-2012,BNP Paribas
Q4-12,2012-01-09,6.12,11-30-2012,BNP Paribas
Q4-12,2012-01-27,6.12,11-30-2012,BNP Paribas
Q4-12,2012-03-02,6.12,11-30-2012,BNP Paribas
Q4-12,2012-04-13,6.21,11-30-2012,BNP Paribas
Q4-12,2012-04-24,6.21,11-30-2012,BNP Paribas
Q4-12,2012-06-11,6.21,11-30-2012,BNP Paribas
Q4-12,2012-07-03,6.29,11-30-2012,BNP Paribas
Q4-12,2012-08-03,6.29,11-30-2012,BNP Paribas
Q4-12,2012-09-05,6.29,11-30-2012,BNP Paribas
Q4-12,2012-09-18,6.3,11-30-2012,BNP Paribas
Q4-12,2012-10-23,6.3,11-30-2012,BNP Paribas
Q4-12,2012-11-20,6.2,11-30-2012,BNP Paribas
Q4-12,2012-11-29,6.2,11-30-2012,BNP Paribas
Q1-13,2011-05-10,6.23,11-30-2012,BNP Paribas
Q1-13,2011-09-19,6.12,11-30-2012,BNP Paribas
Q1-13,2011-11-08,6.05,11-30-2012,BNP Paribas
Q1-13,2011-11-21,6.12,11-30-2012,BNP Paribas
Q1-13,2011-11-28,6.05,11-30-2012,BNP Paribas
Q1-13,2012-01-09,6.05,11-30-2012,BNP Paribas
Q1-13,2012-01-27,6.05,11-30-2012,BNP Paribas
Q1-13,2012-03-02,5.89,11-30-2012,BNP Paribas
Q1-13,2012-04-24,6.16,11-30-2012,BNP Paribas
Q1-13,2012-06-11,6.16,11-30-2012,BNP Paribas
Q1-13,2012-07-03,6.25,11-30-2012,BNP Paribas
Q1-13,2012-08-03,6.25,11-30-2012,BNP Paribas
Q1-13,2012-09-05,6.25,11-30-2012,BNP Paribas
Q1-13,2012-09-18,6.27,11-30-2012,BNP Paribas
Q1-13,2012-10-23,6.27,11-30-2012,BNP Paribas
Q1-13,2012-11-20,6.15,11-30-2012,BNP Paribas
Q1-13,2012-11-29,6.15,11-30-2012,BNP Paribas
Q2-13,2011-09-19,6.05,11-30-2012,BNP Paribas
Q2-13,2011-11-08,5.98,11-30-2012,BNP Paribas
Q2-13,2011-11-21,6.05,11-30-2012,BNP Paribas
Q2-13,2011-11-28,5.98,11-30-2012,BNP Paribas
Q2-13,2012-01-09,5.98,11-30-2012,BNP Paribas
Q2-13,2012-01-27,5.98,11-30-2012,BNP Paribas
Q2-13,2012-06-11,6.14,11-30-2012,BNP Paribas
Q2-13,2012-07-03,6.21,11-30-2012,BNP Paribas
Q2-13,2012-08-03,6.21,11-30-2012,BNP Paribas
Q2-13,2012-09-05,6.21,11-30-2012,BNP Paribas
Q2-13,2012-09-18,6.25,11-30-2012,BNP Paribas
Q2-13,2012-10-23,6.25,11-30-2012,BNP Paribas
Q2-13,2012-11-20,6.1,11-30-2012,BNP Paribas
Q2-13,2012-11-29,6.1,11-30-2012,BNP Paribas
Q3-13,2011-09-19,5.98,11-30-2012,BNP Paribas
Q3-13,2011-11-08,5.93,11-30-2012,BNP Paribas
Q3-13,2011-11-21,5.98,11-30-2012,BNP Paribas
Q3-13,2011-11-28,5.93,11-30-2012,BNP Paribas
Q3-13,2012-01-09,5.93,11-30-2012,BNP Paribas
Q3-13,2012-01-27,5.93,11-30-2012,BNP Paribas
Q3-13,2012-09-05,6.18,11-30-2012,BNP Paribas
Q3-13,2012-09-18,6.3,11-30-2012,BNP Paribas
Q3-13,2012-10-23,6.3,11-30-2012,BNP Paribas
Q3-13,2012-11-20,6.05,11-30-2012,BNP Paribas
Q3-13,2012-11-29,6.05,11-30-2012,BNP Paribas
2013,2011-01-06,6.15,11-30-2012,BNP Paribas
2013,2011-02-09,6.15,11-30-2012,BNP Paribas
2013,2011-07-26,6.15,11-30-2012,BNP Paribas
2013,2011-09-19,6.17,11-30-2012,BNP Paribas
2013,2011-11-08,5.89,11-30-2012,BNP Paribas
2013,2011-11-21,5.93,11-30-2012,BNP Paribas
2013,2011-11-28,5.89,11-30-2012,BNP Paribas
2013,2012-01-09,5.89,11-30-2012,BNP Paribas
2013,2012-01-27,5.89,11-30-2012,BNP Paribas
2013,2012-03-02,5.8,11-30-2012,BNP Paribas
2013,2012-04-13,6.11,11-30-2012,BNP Paribas
2013,2012-04-24,6.11,11-30-2012,BNP Paribas
2013,2012-06-11,6.11,11-30-2012,BNP Paribas
2013,2012-07-03,6.2,11-30-2012,BNP Paribas
2013,2012-08-03,6.2,11-30-2012,BNP Paribas
2013,2012-09-05,6.3,11-30-2012,BNP Paribas
2013,2012-09-18,6.29,11-30-2012,BNP Paribas
2013,2012-10-23,6.29,11-30-2012,BNP Paribas
2013,2012-11-20,6.02,11-30-2012,BNP Paribas
2013,2012-11-29,6.02,11-30-2012,BNP Paribas
2014,2012-03-02,5.8,11-30-2012,BNP Paribas
2014,2012-09-05,5.8,11-30-2012,BNP Paribas
2014,2012-09-18,6.2,11-30-2012,BNP Paribas
2014,2012-10-23,6.2,11-30-2012,BNP Paribas
2014,2012-11-20,6.0,11-30-2012,BNP Paribas
2014,2012-11-29,6.0,11-30-2012,BNP Paribas
2015,2012-09-05,5.8,11-30-2012,BNP Paribas
2015,2012-09-18,6.0,11-30-2012,BNP Paribas
2015,2012-10-23,6.0,11-30-2012,BNP Paribas
2015,2012-11-20,6.0,11-30-2012,BNP Paribas
2015,2012-11-29,6.0,11-30-2012,BNP Paribas
Q4-15,2013-06-12,6.15,05-31-2015,BNP Paribas
Q4-15,2013-07-25,6.15,05-31-2015,BNP Paribas
Q4-15,2013-09-26,6.13,05-31-2015,BNP Paribas
Q4-15,2013-12-02,6.1,05-31-2015,BNP Paribas
Q4-15,2014-01-08,5.95,05-31-2015,BNP Paribas
Q4-15,2014-01-30,5.95,05-31-2015,BNP Paribas
Q4-15,2014-02-21,6.0,05-31-2015,BNP Paribas
Q4-15,2014-03-24,6.0,05-31-2015,BNP Paribas
Q4-15,2014-04-04,6.0,05-31-2015,BNP Paribas
Q4-15,2014-06-13,6.15,05-31-2015,BNP Paribas
Q3-08,2007-09-24,7.1,08-31-2008,BNP Paribas
Q3-08,2007-10-11,7.1,08-31-2008,BNP Paribas
Q3-08,2007-10-12,7.1,08-31-2008,BNP Paribas
Q3-08,2007-11-19,7.1,08-31-2008,BNP Paribas
Q3-08,2008-01-10,6.9,08-31-2008,BNP Paribas
Q3-08,2008-01-23,6.9,08-31-2008,BNP Paribas
Q3-08,2008-03-20,6.6,08-31-2008,BNP Paribas
Q3-08,2008-04-17,6.8,08-31-2008,BNP Paribas
Q3-08,2008-05-15,6.6,08-31-2008,BNP Paribas
Q3-08,2008-05-23,6.6,08-31-2008,BNP Paribas
Q3-08,2008-06-11,6.6,08-31-2008,BNP Paribas
Q3-08,2008-07-01,6.6,08-31-2008,BNP Paribas
Q3-08,2008-07-29,6.7,08-31-2008,BNP Paribas
Q3-08,2008-08-20,6.7,08-31-2008,BNP Paribas
Q4-08,2006-09-20,7.0,08-31-2008,BNP Paribas
Q4-08,2006-11-07,7.0,08-31-2008,BNP Paribas
Q4-08,2006-12-12,7.0,08-31-2008,BNP Paribas
Q4-08,2007-01-16,7.0,08-31-2008,BNP Paribas
Q4-08,2007-02-21,7.0,08-31-2008,BNP Paribas
Q4-08,2007-03-08,7.0,08-31-2008,BNP Paribas
Q4-08,2007-03-22,7.0,08-31-2008,BNP Paribas
Q4-08,2007-03-27,7.0,08-31-2008,BNP Paribas
Q4-08,2007-04-03,7.0,08-31-2008,BNP Paribas
Q4-08,2007-05-24,7.0,08-31-2008,BNP Paribas
Q4-08,2007-05-31,7.0,08-31-2008,BNP Paribas
Q4-08,2007-06-22,7.0,08-31-2008,BNP Paribas
Q4-08,2007-07-09,7.0,08-31-2008,BNP Paribas
Q4-08,2007-08-06,7.0,08-31-2008,BNP Paribas
Q4-08,2007-08-21,7.0,08-31-2008,BNP Paribas
Q4-08,2007-08-23,7.0,08-31-2008,BNP Paribas
Q4-08,2007-09-24,7.0,08-31-2008,BNP Paribas
Q4-08,2007-10-11,7.0,08-31-2008,BNP Paribas
Q4-08,2007-10-12,7.0,08-31-2008,BNP Paribas
Q4-08,2007-11-19,7.0,08-31-2008,BNP Paribas
Q4-08,2008-01-10,6.8,08-31-2008,BNP Paribas
Q4-08,2008-01-23,6.8,08-31-2008,BNP Paribas
Q4-08,2008-03-20,6.4,08-31-2008,BNP Paribas
Q4-08,2008-04-17,6.6,08-31-2008,BNP Paribas
Q4-08,2008-05-15,6.4,08-31-2008,BNP Paribas
Q4-08,2008-05-23,6.4,08-31-2008,BNP Paribas
Q4-08,2008-06-11,6.4,08-31-2008,BNP Paribas
Q4-08,2008-07-01,6.4,08-31-2008,BNP Paribas
Q4-08,2008-07-29,6.55,08-31-2008,BNP Paribas
Q4-08,2008-08-20,6.55,08-31-2008,BNP Paribas
Q1-09,2008-03-20,6.2,08-31-2008,BNP Paribas
Q1-09,2008-04-17,6.4,08-31-2008,BNP Paribas
Q1-09,2008-05-15,6.2,08-31-2008,BNP Paribas
Q1-09,2008-05-23,6.2,08-31-2008,BNP Paribas
Q1-09,2008-06-11,6.2,08-31-2008,BNP Paribas
Q1-09,2008-07-01,6.2,08-31-2008,BNP Paribas
Q1-09,2008-07-29,6.45,08-31-2008,BNP Paribas
Q1-09,2008-08-20,6.45,08-31-2008,BNP Paribas
Q2-09,2008-07-29,6.35,08-31-2008,BNP Paribas
Q2-09,2008-08-20,6.35,08-31-2008,BNP Paribas
2009,2006-09-20,7.2,08-31-2008,BNP Paribas
2009,2006-11-07,7.2,08-31-2008,BNP Paribas
2009,2006-12-12,7.2,08-31-2008,BNP Paribas
2009,2007-01-16,7.2,08-31-2008,BNP Paribas
2009,2007-02-21,7.2,08-31-2008,BNP Paribas
2009,2007-03-08,7.2,08-31-2008,BNP Paribas
2009,2007-03-22,7.2,08-31-2008,BNP Paribas
2009,2007-03-27,7.2,08-31-2008,BNP Paribas
2009,2007-04-03,7.2,08-31-2008,BNP Paribas
2009,2007-05-24,6.6,08-31-2008,BNP Paribas
2009,2007-05-31,6.6,08-31-2008,BNP Paribas
2009,2007-06-22,6.6,08-31-2008,BNP Paribas
2009,2007-07-09,6.6,08-31-2008,BNP Paribas
2009,2007-08-06,6.6,08-31-2008,BNP Paribas
2009,2007-08-21,6.6,08-31-2008,BNP Paribas
2009,2007-08-23,6.6,08-31-2008,BNP Paribas
2009,2007-09-24,6.6,08-31-2008,BNP Paribas
2009,2007-10-11,6.6,08-31-2008,BNP Paribas
2009,2007-10-12,6.6,08-31-2008,BNP Paribas
2009,2007-11-19,6.6,08-31-2008,BNP Paribas
2009,2008-01-10,6.4,08-31-2008,BNP Paribas
2009,2008-01-23,6.4,08-31-2008,BNP Paribas
2009,2008-03-20,6.0,08-31-2008,BNP Paribas
2009,2008-04-17,6.0,08-31-2008,BNP Paribas
2009,2008-05-15,6.0,08-31-2008,BNP Paribas
2009,2008-05-23,6.0,08-31-2008,BNP Paribas
2009,2008-06-11,6.0,08-31-2008,BNP Paribas
2009,2008-07-01,6.0,08-31-2008,BNP Paribas
2009,2008-07-29,6.15,08-31-2008,BNP Paribas
2009,2008-08-20,6.15,08-31-2008,BNP Paribas
2010,2006-09-20,7.0,08-31-2008,BNP Paribas
2010,2006-11-07,7.0,08-31-2008,BNP Paribas
2010,2006-12-12,7.0,08-31-2008,BNP Paribas
2010,2007-01-16,7.0,08-31-2008,BNP Paribas
2010,2007-02-21,7.0,08-31-2008,BNP Paribas
2010,2007-03-08,7.0,08-31-2008,BNP Paribas
2010,2007-03-22,7.0,08-31-2008,BNP Paribas
2010,2007-03-27,7.0,08-31-2008,BNP Paribas
2010,2007-04-03,7.0,08-31-2008,BNP Paribas
2010,2007-05-24,6.2,08-31-2008,BNP Paribas
2010,2007-05-31,6.2,08-31-2008,BNP Paribas
2010,2007-06-22,6.2,08-31-2008,BNP Paribas
2010,2007-07-09,6.2,08-31-2008,BNP Paribas
2010,2007-08-06,6.2,08-31-2008,BNP Paribas
2010,2007-08-21,6.2,08-31-2008,BNP Paribas
2010,2007-08-23,6.2,08-31-2008,BNP Paribas
2010,2007-09-24,6.2,08-31-2008,BNP Paribas
2010,2007-10-11,6.2,08-31-2008,BNP Paribas
2010,2007-10-12,6.2,08-31-2008,BNP Paribas
2010,2007-11-19,6.2,08-31-2008,BNP Paribas
2010,2008-01-10,6.2,08-31-2008,BNP Paribas
2010,2008-01-23,6.2,08-31-2008,BNP Paribas
2010,2008-03-20,6.2,08-31-2008,BNP Paribas
2010,2008-04-17,6.0,08-31-2008,BNP Paribas
2010,2008-05-15,6.0,08-31-2008,BNP Paribas
2010,2008-05-23,6.0,08-31-2008,BNP Paribas
2010,2008-06-11,6.0,08-31-2008,BNP Paribas
2010,2008-07-01,6.0,08-31-2008,BNP Paribas
2010,2008-08-20,6.0,08-31-2008,BNP Paribas
2011,2006-09-20,6.8,08-31-2008,BNP Paribas
2011,2006-11-07,6.8,08-31-2008,BNP Paribas
2011,2006-12-12,6.8,08-31-2008,BNP Paribas
2011,2007-01-16,6.8,08-31-2008,BNP Paribas
2011,2007-02-21,6.8,08-31-2008,BNP Paribas
2011,2007-03-08,6.8,08-31-2008,BNP Paribas
2011,2007-03-22,6.8,08-31-2008,BNP Paribas
2011,2007-03-27,6.8,08-31-2008,BNP Paribas
2011,2007-04-03,6.8,08-31-2008,BNP Paribas
2011,2007-05-24,6.0,08-31-2008,BNP Paribas
2011,2007-05-31,6.0,08-31-2008,BNP Paribas
2011,2007-06-22,6.0,08-31-2008,BNP Paribas
2011,2007-07-09,6.0,08-31-2008,BNP Paribas
2011,2007-08-06,6.0,08-31-2008,BNP Paribas
2011,2007-08-21,6.0,08-31-2008,BNP Paribas
2011,2007-08-23,6.0,08-31-2008,BNP Paribas
2011,2007-09-24,6.0,08-31-2008,BNP Paribas
2011,2007-10-11,6.0,08-31-2008,BNP Paribas
2011,2007-10-12,6.0,08-31-2008,BNP Paribas
2011,2007-11-19,6.0,08-31-2008,BNP Paribas
2011,2008-01-10,6.0,08-31-2008,BNP Paribas
2011,2008-01-23,6.0,08-31-2008,BNP Paribas
2011,2008-03-20,6.0,08-31-2008,BNP Paribas
2011,2008-04-17,6.0,08-31-2008,BNP Paribas
2011,2008-05-15,6.0,08-31-2008,BNP Paribas
2011,2008-05-23,6.0,08-31-2008,BNP Paribas
2011,2008-06-11,6.0,08-31-2008,BNP Paribas
2011,2008-07-01,6.0,08-31-2008,BNP Paribas
2011,2008-08-20,6.0,08-31-2008,BNP Paribas
2012,2007-03-22,6.5,08-31-2008,BNP Paribas
2012,2007-03-27,6.5,08-31-2008,BNP Paribas
2012,2007-04-03,6.5,08-31-2008,BNP Paribas
2012,2007-06-22,6.5,08-31-2008,BNP Paribas
2012,2007-07-09,6.5,08-31-2008,BNP Paribas
2012,2007-08-06,6.5,08-31-2008,BNP Paribas
2012,2007-08-21,6.5,08-31-2008,BNP Paribas
2012,2007-08-23,6.5,08-31-2008,BNP Paribas
2012,2007-09-24,6.5,08-31-2008,BNP Paribas
2012,2007-10-11,6.5,08-31-2008,BNP Paribas
2012,2007-10-12,6.5,08-31-2008,BNP Paribas
2012,2007-11-19,6.5,08-31-2008,BNP Paribas
2012,2008-01-10,6.5,08-31-2008,BNP Paribas
2012,2008-01-23,6.5,08-31-2008,BNP Paribas
2012,2008-03-20,6.5,08-31-2008,BNP Paribas
2012,2008-04-17,6.5,08-31-2008,BNP Paribas
2012,2008-05-15,6.5,08-31-2008,BNP Paribas
2012,2008-05-23,6.5,08-31-2008,BNP Paribas
2012,2008-06-11,6.5,08-31-2008,BNP Paribas
2012,2008-07-01,6.5,08-31-2008,BNP Paribas
2012,2008-08-20,6.5,08-31-2008,BNP Paribas
Q4-18,2016-07-13,6.32,02-28-2018,BNP Paribas
2019,2016-07-13,6.13,02-28-2018,BNP Paribas
2020,2016-07-13,6.07,02-28-2018,BNP Paribas
2021,2016-07-13,6.0,02-28-2018,BNP Paribas
Q3-09,2008-10-27,6.88,08-31-2009,BNP Paribas
Q3-09,2008-12-04,6.88,08-31-2009,BNP Paribas
Q3-09,2009-01-06,6.8,08-31-2009,BNP Paribas
Q3-09,2009-01-13,6.85,08-31-2009,BNP Paribas
Q3-09,2009-02-06,6.85,08-31-2009,BNP Paribas
Q3-09,2009-03-17,6.85,08-31-2009,BNP Paribas
Q3-09,2009-03-19,6.85,08-31-2009,BNP Paribas
Q3-09,2009-04-23,6.85,08-31-2009,BNP Paribas
Q3-09,2009-05-08,6.85,08-31-2009,BNP Paribas
Q3-09,2009-05-19,6.85,08-31-2009,BNP Paribas
Q3-09,2009-05-21,6.83,08-31-2009,BNP Paribas
Q3-09,2009-06-17,6.83,08-31-2009,BNP Paribas
Q3-09,2009-07-08,6.83,08-31-2009,BNP Paribas
Q3-09,2009-08-11,6.83,08-31-2009,BNP Paribas
Q4-09,2007-09-24,6.6,08-31-2009,BNP Paribas
Q4-09,2007-10-11,6.6,08-31-2009,BNP Paribas
Q4-09,2007-10-12,6.6,08-31-2009,BNP Paribas
Q4-09,2007-11-19,6.6,08-31-2009,BNP Paribas
Q4-09,2008-01-10,6.4,08-31-2009,BNP Paribas
Q4-09,2008-01-23,6.4,08-31-2009,BNP Paribas
Q4-09,2008-03-20,6.0,08-31-2009,BNP Paribas
Q4-09,2008-04-17,6.0,08-31-2009,BNP Paribas
Q4-09,2008-05-15,6.0,08-31-2009,BNP Paribas
Q4-09,2008-05-23,6.0,08-31-2009,BNP Paribas
Q4-09,2008-06-11,6.0,08-31-2009,BNP Paribas
Q4-09,2008-07-01,6.0,08-31-2009,BNP Paribas
Q4-09,2008-07-29,6.15,08-31-2009,BNP Paribas
Q4-09,2008-08-20,6.15,08-31-2009,BNP Paribas
Q4-09,2008-09-02,6.15,08-31-2009,BNP Paribas
Q4-09,2008-09-04,6.45,08-31-2009,BNP Paribas
Q4-09,2008-09-18,6.75,08-31-2009,BNP Paribas
Q4-09,2008-10-06,6.75,08-31-2009,BNP Paribas
Q4-09,2008-10-07,6.75,08-31-2009,BNP Paribas
Q4-09,2008-10-27,6.88,08-31-2009,BNP Paribas
Q4-09,2008-12-04,6.88,08-31-2009,BNP Paribas
Q4-09,2009-01-06,6.79,08-31-2009,BNP Paribas
Q4-09,2009-01-13,6.85,08-31-2009,BNP Paribas
Q4-09,2009-02-06,6.85,08-31-2009,BNP Paribas
Q4-09,2009-03-17,6.85,08-31-2009,BNP Paribas
Q4-09,2009-03-19,6.85,08-31-2009,BNP Paribas
Q4-09,2009-04-23,6.85,08-31-2009,BNP Paribas
Q4-09,2009-05-08,6.85,08-31-2009,BNP Paribas
Q4-09,2009-05-19,6.85,08-31-2009,BNP Paribas
Q4-09,2009-05-21,6.83,08-31-2009,BNP Paribas
Q4-09,2009-06-17,6.83,08-31-2009,BNP Paribas
Q4-09,2009-07-08,6.83,08-31-2009,BNP Paribas
Q4-09,2009-08-11,6.83,08-31-2009,BNP Paribas
Q1-10,2009-04-23,6.85,08-31-2009,BNP Paribas
Q1-10,2009-05-08,6.85,08-31-2009,BNP Paribas
Q1-10,2009-05-19,6.85,08-31-2009,BNP Paribas
Q1-10,2009-05-21,6.83,08-31-2009,BNP Paribas
Q1-10,2009-06-17,6.83,08-31-2009,BNP Paribas
Q1-10,2009-07-08,6.83,08-31-2009,BNP Paribas
Q1-10,2009-08-11,6.83,08-31-2009,BNP Paribas
Q2-10,2009-08-11,6.83,08-31-2009,BNP Paribas
2010,2007-09-24,6.2,08-31-2009,BNP Paribas
2010,2007-10-11,6.2,08-31-2009,BNP Paribas
2010,2007-10-12,6.2,08-31-2009,BNP Paribas
2010,2007-11-19,6.2,08-31-2009,BNP Paribas
2010,2008-01-10,6.2,08-31-2009,BNP Paribas
2010,2008-01-23,6.2,08-31-2009,BNP Paribas
2010,2008-03-20,6.2,08-31-2009,BNP Paribas
2010,2008-04-17,6.0,08-31-2009,BNP Paribas
2010,2008-05-15,6.0,08-31-2009,BNP Paribas
2010,2008-05-23,6.0,08-31-2009,BNP Paribas
2010,2008-06-11,6.0,08-31-2009,BNP Paribas
2010,2008-07-01,6.0,08-31-2009,BNP Paribas
2010,2008-08-20,6.0,08-31-2009,BNP Paribas
2010,2008-09-02,6.0,08-31-2009,BNP Paribas
2010,2008-09-04,6.28,08-31-2009,BNP Paribas
2010,2008-09-18,6.75,08-31-2009,BNP Paribas
2010,2008-10-06,6.75,08-31-2009,BNP Paribas
2010,2008-10-07,6.75,08-31-2009,BNP Paribas
2010,2008-10-27,6.88,08-31-2009,BNP Paribas
2010,2008-12-04,6.88,08-31-2009,BNP Paribas
2010,2009-01-06,6.72,08-31-2009,BNP Paribas
2010,2009-01-13,6.72,08-31-2009,BNP Paribas
2010,2009-02-06,6.72,08-31-2009,BNP Paribas
2010,2009-03-17,6.85,08-31-2009,BNP Paribas
2010,2009-03-19,6.85,08-31-2009,BNP Paribas
2010,2009-04-23,6.85,08-31-2009,BNP Paribas
2010,2009-05-08,6.85,08-31-2009,BNP Paribas
2010,2009-05-19,6.85,08-31-2009,BNP Paribas
2010,2009-05-21,6.81,08-31-2009,BNP Paribas
2010,2009-06-17,6.81,08-31-2009,BNP Paribas
2010,2009-07-08,6.81,08-31-2009,BNP Paribas
2010,2009-08-11,6.81,08-31-2009,BNP Paribas
2011,2007-09-24,6.0,08-31-2009,BNP Paribas
2011,2007-10-11,6.0,08-31-2009,BNP Paribas
2011,2007-10-12,6.0,08-31-2009,BNP Paribas
2011,2007-11-19,6.0,08-31-2009,BNP Paribas
2011,2008-01-10,6.0,08-31-2009,BNP Paribas
2011,2008-01-23,6.0,08-31-2009,BNP Paribas
2011,2008-03-20,6.0,08-31-2009,BNP Paribas
2011,2008-04-17,6.0,08-31-2009,BNP Paribas
2011,2008-05-15,6.0,08-31-2009,BNP Paribas
2011,2008-05-23,6.0,08-31-2009,BNP Paribas
2011,2008-06-11,6.0,08-31-2009,BNP Paribas
2011,2008-07-01,6.0,08-31-2009,BNP Paribas
2011,2008-08-20,6.0,08-31-2009,BNP Paribas
2011,2008-09-02,6.0,08-31-2009,BNP Paribas
2011,2008-09-04,6.15,08-31-2009,BNP Paribas
2011,2008-09-18,6.15,08-31-2009,BNP Paribas
2011,2008-10-06,6.15,08-31-2009,BNP Paribas
2011,2008-10-07,6.15,08-31-2009,BNP Paribas
2011,2008-10-27,6.88,08-31-2009,BNP Paribas
2011,2008-12-04,6.88,08-31-2009,BNP Paribas
2011,2009-01-06,6.64,08-31-2009,BNP Paribas
2011,2009-01-13,6.64,08-31-2009,BNP Paribas
2011,2009-02-06,6.64,08-31-2009,BNP Paribas
2011,2009-03-17,6.64,08-31-2009,BNP Paribas
2011,2009-03-19,6.64,08-31-2009,BNP Paribas
2011,2009-04-23,6.64,08-31-2009,BNP Paribas
2011,2009-05-08,6.64,08-31-2009,BNP Paribas
2011,2009-05-19,6.64,08-31-2009,BNP Paribas
2011,2009-05-21,6.76,08-31-2009,BNP Paribas
2011,2009-06-17,6.76,08-31-2009,BNP Paribas
2011,2009-07-08,6.76,08-31-2009,BNP Paribas
2011,2009-08-11,6.76,08-31-2009,BNP Paribas
2012,2007-09-24,6.5,08-31-2009,BNP Paribas
2012,2007-10-11,6.5,08-31-2009,BNP Paribas
2012,2007-10-12,6.5,08-31-2009,BNP Paribas
2012,2007-11-19,6.5,08-31-2009,BNP Paribas
2012,2008-01-10,6.5,08-31-2009,BNP Paribas
2012,2008-01-23,6.5,08-31-2009,BNP Paribas
2012,2008-03-20,6.5,08-31-2009,BNP Paribas
2012,2008-04-17,6.5,08-31-2009,BNP Paribas
2012,2008-05-15,6.5,08-31-2009,BNP Paribas
2012,2008-05-23,6.5,08-31-2009,BNP Paribas
2012,2008-06-11,6.5,08-31-2009,BNP Paribas
2012,2008-07-01,6.5,08-31-2009,BNP Paribas
2012,2008-08-20,6.5,08-31-2009,BNP Paribas
2012,2008-09-02,6.5,08-31-2009,BNP Paribas
2012,2008-09-04,6.5,08-31-2009,BNP Paribas
2012,2008-09-18,6.5,08-31-2009,BNP Paribas
2012,2008-10-06,6.5,08-31-2009,BNP Paribas
2012,2008-10-07,6.5,08-31-2009,BNP Paribas
2012,2008-10-27,6.5,08-31-2009,BNP Paribas
2012,2008-12-04,6.5,08-31-2009,BNP Paribas
2012,2009-01-06,6.5,08-31-2009,BNP Paribas
2012,2009-01-13,6.5,08-31-2009,BNP Paribas
2012,2009-02-06,6.5,08-31-2009,BNP Paribas
2012,2009-03-17,6.5,08-31-2009,BNP Paribas
2012,2009-03-19,6.5,08-31-2009,BNP Paribas
2012,2009-04-23,6.5,08-31-2009,BNP Paribas
2012,2009-05-08,6.5,08-31-2009,BNP Paribas
2012,2009-05-19,6.5,08-31-2009,BNP Paribas
2012,2009-05-21,6.72,08-31-2009,BNP Paribas
2012,2009-06-17,6.72,08-31-2009,BNP Paribas
2012,2009-07-08,6.72,08-31-2009,BNP Paribas
2012,2009-08-11,6.72,08-31-2009,BNP Paribas
Q2-14,2013-07-25,6.05,05-31-2014,BNP Paribas
Q2-14,2013-08-30,6.05,05-31-2014,BNP Paribas
Q2-14,2013-09-26,6.18,05-31-2014,BNP Paribas
Q2-14,2013-12-02,6.1,05-31-2014,BNP Paribas
Q2-14,2014-01-08,5.93,05-31-2014,BNP Paribas
Q2-14,2014-01-30,5.93,05-31-2014,BNP Paribas
Q2-14,2014-02-21,5.98,05-31-2014,BNP Paribas
Q2-14,2014-03-24,5.98,05-31-2014,BNP Paribas
Q2-14,2014-04-04,5.98,05-31-2014,BNP Paribas
Q3-14,2013-09-26,6.15,05-31-2014,BNP Paribas
Q3-14,2013-12-02,6.15,05-31-2014,BNP Paribas
Q3-14,2014-01-08,6.0,05-31-2014,BNP Paribas
Q3-14,2014-01-30,6.0,05-31-2014,BNP Paribas
Q3-14,2014-02-21,6.0,05-31-2014,BNP Paribas
Q3-14,2014-03-24,6.0,05-31-2014,BNP Paribas
Q3-14,2014-04-04,6.0,05-31-2014,BNP Paribas
Q4-14,2012-09-05,5.8,05-31-2014,BNP Paribas
Q4-14,2012-09-18,6.2,05-31-2014,BNP Paribas
Q4-14,2012-10-23,6.2,05-31-2014,BNP Paribas
Q4-14,2012-11-20,6.0,05-31-2014,BNP Paribas
Q4-14,2012-11-29,6.0,05-31-2014,BNP Paribas
Q4-14,2013-01-10,6.0,05-31-2014,BNP Paribas
Q4-14,2013-02-04,6.0,05-31-2014,BNP Paribas
Q4-14,2013-03-08,6.03,05-31-2014,BNP Paribas
Q4-14,2013-04-12,6.03,05-31-2014,BNP Paribas
Q4-14,2013-06-12,6.15,05-31-2014,BNP Paribas
Q4-14,2013-07-25,6.15,05-31-2014,BNP Paribas
Q4-14,2013-08-30,6.15,05-31-2014,BNP Paribas
Q4-14,2013-09-26,6.1,05-31-2014,BNP Paribas
Q4-14,2013-12-02,6.12,05-31-2014,BNP Paribas
Q4-14,2014-01-08,5.89,05-31-2014,BNP Paribas
Q4-14,2014-01-30,5.89,05-31-2014,BNP Paribas
Q4-14,2014-02-21,5.94,05-31-2014,BNP Paribas
Q4-14,2014-03-24,5.94,05-31-2014,BNP Paribas
Q4-14,2014-04-04,5.94,05-31-2014,BNP Paribas
Q1-15,2014-04-04,5.99,05-31-2014,BNP Paribas
2015,2012-09-05,5.8,05-31-2014,BNP Paribas
2015,2012-09-18,6.0,05-31-2014,BNP Paribas
2015,2012-10-23,6.0,05-31-2014,BNP Paribas
2015,2012-11-20,6.0,05-31-2014,BNP Paribas
2015,2012-11-29,6.0,05-31-2014,BNP Paribas
2015,2013-01-10,6.0,05-31-2014,BNP Paribas
2015,2013-02-04,6.0,05-31-2014,BNP Paribas
2015,2013-03-08,6.0,05-31-2014,BNP Paribas
2015,2013-04-12,6.0,05-31-2014,BNP Paribas
2015,2013-06-12,6.15,05-31-2014,BNP Paribas
2015,2013-07-25,6.15,05-31-2014,BNP Paribas
2015,2013-09-26,6.13,05-31-2014,BNP Paribas
2015,2013-12-02,6.1,05-31-2014,BNP Paribas
2015,2014-01-08,5.95,05-31-2014,BNP Paribas
2015,2014-01-30,5.95,05-31-2014,BNP Paribas
2015,2014-02-21,6.0,05-31-2014,BNP Paribas
2015,2014-03-24,6.0,05-31-2014,BNP Paribas
2015,2014-04-04,6.0,05-31-2014,BNP Paribas
Q1-22,2021-03-30,6.59,02-28-2022,BNP Paribas
Q1-22,2021-05-26,6.59,02-28-2022,BNP Paribas
Q1-22,2021-06-24,6.5,02-28-2022,BNP Paribas
Q1-22,2021-10-01,6.6,02-28-2022,BNP Paribas
Q1-22,2021-11-22,6.6,02-28-2022,BNP Paribas
Q1-22,2022-01-04,6.6,02-28-2022,BNP Paribas
Q1-22,2022-01-05,6.45,02-28-2022,BNP Paribas
Q1-22,2022-02-03,6.45,02-28-2022,BNP Paribas
Q2-22,2021-06-24,6.5,02-28-2022,BNP Paribas
Q2-22,2021-10-01,6.5,02-28-2022,BNP Paribas
Q2-22,2021-11-22,6.5,02-28-2022,BNP Paribas
Q2-22,2022-01-04,6.5,02-28-2022,BNP Paribas
Q2-22,2022-01-05,6.5,02-28-2022,BNP Paribas
Q2-22,2022-02-03,6.5,02-28-2022,BNP Paribas
Q3-22,2021-10-01,6.55,02-28-2022,BNP Paribas
Q3-22,2021-11-22,6.55,02-28-2022,BNP Paribas
Q3-22,2022-01-04,6.55,02-28-2022,BNP Paribas
Q3-22,2022-01-05,6.55,02-28-2022,BNP Paribas
Q3-22,2022-02-03,6.55,02-28-2022,BNP Paribas
Q4-22,2020-11-24,6.5,02-28-2022,BNP Paribas
Q4-22,2021-03-30,6.7,02-28-2022,BNP Paribas
Q4-22,2021-05-26,6.7,02-28-2022,BNP Paribas
Q4-22,2021-06-24,6.6,02-28-2022,BNP Paribas
Q4-22,2021-10-01,6.65,02-28-2022,BNP Paribas
Q4-22,2021-11-22,6.65,02-28-2022,BNP Paribas
Q4-22,2022-01-04,6.65,02-28-2022,BNP Paribas
Q4-22,2022-01-05,6.65,02-28-2022,BNP Paribas
Q4-22,2022-02-03,6.65,02-28-2022,BNP Paribas
2023,2021-10-01,6.5,02-28-2022,BNP Paribas
2023,2021-11-22,6.57,02-28-2022,BNP Paribas
2023,2022-01-04,6.5,02-28-2022,BNP Paribas
2023,2022-01-05,6.5,02-28-2022,BNP Paribas
2023,2022-02-03,6.5,02-28-2022,BNP Paribas
2024,2021-11-22,6.57,02-28-2022,BNP Paribas
2025,2021-11-22,6.5,02-28-2022,BNP Paribas
2026,2021-11-22,6.5,02-28-2022,BNP Paribas
Q4-13,2012-01-09,5.89,11-30-2013,BNP Paribas
Q4-13,2012-01-27,5.89,11-30-2013,BNP Paribas
Q4-13,2012-03-02,5.8,11-30-2013,BNP Paribas
Q4-13,2012-04-13,6.11,11-30-2013,BNP Paribas
Q4-13,2012-04-24,6.11,11-30-2013,BNP Paribas
Q4-13,2012-06-11,6.11,11-30-2013,BNP Paribas
Q4-13,2012-07-03,6.2,11-30-2013,BNP Paribas
Q4-13,2012-08-03,6.2,11-30-2013,BNP Paribas
Q4-13,2012-09-05,6.3,11-30-2013,BNP Paribas
Q4-13,2012-09-18,6.29,11-30-2013,BNP Paribas
Q4-13,2012-10-23,6.29,11-30-2013,BNP Paribas
Q4-13,2012-11-20,6.02,11-30-2013,BNP Paribas
Q4-13,2012-11-29,6.02,11-30-2013,BNP Paribas
Q4-13,2013-01-10,6.02,11-30-2013,BNP Paribas
Q4-13,2013-02-04,6.02,11-30-2013,BNP Paribas
Q4-13,2013-03-08,6.05,11-30-2013,BNP Paribas
Q4-13,2013-04-12,6.05,11-30-2013,BNP Paribas
Q4-13,2013-05-28,6.05,11-30-2013,BNP Paribas
Q4-13,2013-06-12,6.12,11-30-2013,BNP Paribas
Q4-13,2013-07-25,6.12,11-30-2013,BNP Paribas
Q4-13,2013-08-30,6.12,11-30-2013,BNP Paribas
Q4-13,2013-09-26,6.12,11-30-2013,BNP Paribas
Q1-14,2012-01-09,5.85,11-30-2013,BNP Paribas
Q1-14,2012-01-27,5.85,11-30-2013,BNP Paribas
Q1-14,2013-03-08,6.02,11-30-2013,BNP Paribas
Q1-14,2013-04-12,6.02,11-30-2013,BNP Paribas
Q1-14,2013-06-12,6.09,11-30-2013,BNP Paribas
Q1-14,2013-07-25,6.09,11-30-2013,BNP Paribas
Q1-14,2013-08-30,6.09,11-30-2013,BNP Paribas
Q1-14,2013-09-26,6.14,11-30-2013,BNP Paribas
Q2-14,2013-07-25,6.05,11-30-2013,BNP Paribas
Q2-14,2013-08-30,6.05,11-30-2013,BNP Paribas
Q2-14,2013-09-26,6.18,11-30-2013,BNP Paribas
Q3-14,2013-09-26,6.15,11-30-2013,BNP Paribas
2014,2012-03-02,5.8,11-30-2013,BNP Paribas
2014,2012-09-05,5.8,11-30-2013,BNP Paribas
2014,2012-09-18,6.2,11-30-2013,BNP Paribas
2014,2012-10-23,6.2,11-30-2013,BNP Paribas
2014,2012-11-20,6.0,11-30-2013,BNP Paribas
2014,2012-11-29,6.0,11-30-2013,BNP Paribas
2014,2013-01-10,6.0,11-30-2013,BNP Paribas
2014,2013-02-04,6.0,11-30-2013,BNP Paribas
2014,2013-03-08,6.03,11-30-2013,BNP Paribas
2014,2013-04-12,6.03,11-30-2013,BNP Paribas
2014,2013-06-12,6.15,11-30-2013,BNP Paribas
2014,2013-07-25,6.15,11-30-2013,BNP Paribas
2014,2013-08-30,6.15,11-30-2013,BNP Paribas
2014,2013-09-26,6.1,11-30-2013,BNP Paribas
2015,2012-09-05,5.8,11-30-2013,BNP Paribas
2015,2012-09-18,6.0,11-30-2013,BNP Paribas
2015,2012-10-23,6.0,11-30-2013,BNP Paribas
2015,2012-11-20,6.0,11-30-2013,BNP Paribas
2015,2012-11-29,6.0,11-30-2013,BNP Paribas
2015,2013-01-10,6.0,11-30-2013,BNP Paribas
2015,2013-02-04,6.0,11-30-2013,BNP Paribas
2015,2013-03-08,6.0,11-30-2013,BNP Paribas
2015,2013-04-12,6.0,11-30-2013,BNP Paribas
2015,2013-06-12,6.15,11-30-2013,BNP Paribas
2015,2013-07-25,6.15,11-30-2013,BNP Paribas
2015,2013-09-26,6.13,11-30-2013,BNP Paribas
Q1-14,2013-03-08,6.02,02-28-2014,BNP Paribas
Q1-14,2013-04-12,6.02,02-28-2014,BNP Paribas
Q1-14,2013-06-12,6.09,02-28-2014,BNP Paribas
Q1-14,2013-07-25,6.09,02-28-2014,BNP Paribas
Q1-14,2013-08-30,6.09,02-28-2014,BNP Paribas
Q1-14,2013-09-26,6.14,02-28-2014,BNP Paribas
Q1-14,2013-12-02,6.15,02-28-2014,BNP Paribas
Q1-14,2014-01-08,6.02,02-28-2014,BNP Paribas
Q1-14,2014-01-30,6.02,02-28-2014,BNP Paribas
Q1-14,2014-02-21,6.02,02-28-2014,BNP Paribas
Q2-14,2013-07-25,6.05,02-28-2014,BNP Paribas
Q2-14,2013-08-30,6.05,02-28-2014,BNP Paribas
Q2-14,2013-09-26,6.18,02-28-2014,BNP Paribas
Q2-14,2013-12-02,6.1,02-28-2014,BNP Paribas
Q2-14,2014-01-08,5.93,02-28-2014,BNP Paribas
Q2-14,2014-01-30,5.93,02-28-2014,BNP Paribas
Q2-14,2014-02-21,5.98,02-28-2014,BNP Paribas
Q3-14,2013-09-26,6.15,02-28-2014,BNP Paribas
Q3-14,2013-12-02,6.15,02-28-2014,BNP Paribas
Q3-14,2014-01-08,6.0,02-28-2014,BNP Paribas
Q3-14,2014-01-30,6.0,02-28-2014,BNP Paribas
Q3-14,2014-02-21,6.0,02-28-2014,BNP Paribas
Q4-14,2012-03-02,5.8,02-28-2014,BNP Paribas
Q4-14,2012-09-05,5.8,02-28-2014,BNP Paribas
Q4-14,2012-09-18,6.2,02-28-2014,BNP Paribas
Q4-14,2012-10-23,6.2,02-28-2014,BNP Paribas
Q4-14,2012-11-20,6.0,02-28-2014,BNP Paribas
Q4-14,2012-11-29,6.0,02-28-2014,BNP Paribas
Q4-14,2013-01-10,6.0,02-28-2014,BNP Paribas
Q4-14,2013-02-04,6.0,02-28-2014,BNP Paribas
Q4-14,2013-03-08,6.03,02-28-2014,BNP Paribas
Q4-14,2013-04-12,6.03,02-28-2014,BNP Paribas
Q4-14,2013-06-12,6.15,02-28-2014,BNP Paribas
Q4-14,2013-07-25,6.15,02-28-2014,BNP Paribas
Q4-14,2013-08-30,6.15,02-28-2014,BNP Paribas
Q4-14,2013-09-26,6.1,02-28-2014,BNP Paribas
Q4-14,2013-12-02,6.12,02-28-2014,BNP Paribas
Q4-14,2014-01-08,5.89,02-28-2014,BNP Paribas
Q4-14,2014-01-30,5.89,02-28-2014,BNP Paribas
Q4-14,2014-02-21,5.94,02-28-2014,BNP Paribas
2015,2012-09-05,5.8,02-28-2014,BNP Paribas
2015,2012-09-18,6.0,02-28-2014,BNP Paribas
2015,2012-10-23,6.0,02-28-2014,BNP Paribas
2015,2012-11-20,6.0,02-28-2014,BNP Paribas
2015,2012-11-29,6.0,02-28-2014,BNP Paribas
2015,2013-01-10,6.0,02-28-2014,BNP Paribas
2015,2013-02-04,6.0,02-28-2014,BNP Paribas
2015,2013-03-08,6.0,02-28-2014,BNP Paribas
2015,2013-04-12,6.0,02-28-2014,BNP Paribas
2015,2013-06-12,6.15,02-28-2014,BNP Paribas
2015,2013-07-25,6.15,02-28-2014,BNP Paribas
2015,2013-09-26,6.13,02-28-2014,BNP Paribas
2015,2013-12-02,6.1,02-28-2014,BNP Paribas
2015,2014-01-08,5.95,02-28-2014,BNP Paribas
2015,2014-01-30,5.95,02-28-2014,BNP Paribas
2015,2014-02-21,6.0,02-28-2014,BNP Paribas
Q3-13,2011-09-19,5.98,08-31-2013,BNP Paribas
Q3-13,2011-11-08,5.93,08-31-2013,BNP Paribas
Q3-13,2011-11-21,5.98,08-31-2013,BNP Paribas
Q3-13,2011-11-28,5.93,08-31-2013,BNP Paribas
Q3-13,2012-01-09,5.93,08-31-2013,BNP Paribas
Q3-13,2012-01-27,5.93,08-31-2013,BNP Paribas
Q3-13,2012-09-05,6.18,08-31-2013,BNP Paribas
Q3-13,2012-09-18,6.3,08-31-2013,BNP Paribas
Q3-13,2012-10-23,6.3,08-31-2013,BNP Paribas
Q3-13,2012-11-20,6.05,08-31-2013,BNP Paribas
Q3-13,2012-11-29,6.05,08-31-2013,BNP Paribas
Q3-13,2013-01-10,6.05,08-31-2013,BNP Paribas
Q3-13,2013-02-04,6.05,08-31-2013,BNP Paribas
Q3-13,2013-03-08,6.06,08-31-2013,BNP Paribas
Q3-13,2013-04-12,6.08,08-31-2013,BNP Paribas
Q3-13,2013-05-28,6.08,08-31-2013,BNP Paribas
Q3-13,2013-06-12,6.19,08-31-2013,BNP Paribas
Q3-13,2013-07-25,6.19,08-31-2013,BNP Paribas
Q3-13,2013-08-30,6.19,08-31-2013,BNP Paribas
Q4-13,2011-09-19,6.17,08-31-2013,BNP Paribas
Q4-13,2011-11-08,5.89,08-31-2013,BNP Paribas
Q4-13,2011-11-21,5.93,08-31-2013,BNP Paribas
Q4-13,2011-11-28,5.89,08-31-2013,BNP Paribas
Q4-13,2012-01-09,5.89,08-31-2013,BNP Paribas
Q4-13,2012-01-27,5.89,08-31-2013,BNP Paribas
Q4-13,2012-03-02,5.8,08-31-2013,BNP Paribas
Q4-13,2012-04-13,6.11,08-31-2013,BNP Paribas
Q4-13,2012-04-24,6.11,08-31-2013,BNP Paribas
Q4-13,2012-06-11,6.11,08-31-2013,BNP Paribas
Q4-13,2012-07-03,6.2,08-31-2013,BNP Paribas
Q4-13,2012-08-03,6.2,08-31-2013,BNP Paribas
Q4-13,2012-09-05,6.3,08-31-2013,BNP Paribas
Q4-13,2012-09-18,6.29,08-31-2013,BNP Paribas
Q4-13,2012-10-23,6.29,08-31-2013,BNP Paribas
Q4-13,2012-11-20,6.02,08-31-2013,BNP Paribas
Q4-13,2012-11-29,6.02,08-31-2013,BNP Paribas
Q4-13,2013-01-10,6.02,08-31-2013,BNP Paribas
Q4-13,2013-02-04,6.02,08-31-2013,BNP Paribas
Q4-13,2013-03-08,6.05,08-31-2013,BNP Paribas
Q4-13,2013-04-12,6.05,08-31-2013,BNP Paribas
Q4-13,2013-05-28,6.05,08-31-2013,BNP Paribas
Q4-13,2013-06-12,6.12,08-31-2013,BNP Paribas
Q4-13,2013-07-25,6.12,08-31-2013,BNP Paribas
Q4-13,2013-08-30,6.12,08-31-2013,BNP Paribas
Q1-14,2012-01-09,5.85,08-31-2013,BNP Paribas
Q1-14,2012-01-27,5.85,08-31-2013,BNP Paribas
Q1-14,2013-03-08,6.02,08-31-2013,BNP Paribas
Q1-14,2013-04-12,6.02,08-31-2013,BNP Paribas
Q1-14,2013-06-12,6.09,08-31-2013,BNP Paribas
Q1-14,2013-07-25,6.09,08-31-2013,BNP Paribas
Q1-14,2013-08-30,6.09,08-31-2013,BNP Paribas
Q2-14,2013-07-25,6.05,08-31-2013,BNP Paribas
Q2-14,2013-08-30,6.05,08-31-2013,BNP Paribas
2014,2012-03-02,5.8,08-31-2013,BNP Paribas
2014,2012-09-05,5.8,08-31-2013,BNP Paribas
2014,2012-09-18,6.2,08-31-2013,BNP Paribas
2014,2012-10-23,6.2,08-31-2013,BNP Paribas
2014,2012-11-20,6.0,08-31-2013,BNP Paribas
2014,2012-11-29,6.0,08-31-2013,BNP Paribas
2014,2013-01-10,6.0,08-31-2013,BNP Paribas
2014,2013-02-04,6.0,08-31-2013,BNP Paribas
2014,2013-03-08,6.03,08-31-2013,BNP Paribas
2014,2013-04-12,6.03,08-31-2013,BNP Paribas
2014,2013-06-12,6.15,08-31-2013,BNP Paribas
2014,2013-07-25,6.15,08-31-2013,BNP Paribas
2014,2013-08-30,6.15,08-31-2013,BNP Paribas
2015,2012-09-05,5.8,08-31-2013,BNP Paribas
2015,2012-09-18,6.0,08-31-2013,BNP Paribas
2015,2012-10-23,6.0,08-31-2013,BNP Paribas
2015,2012-11-20,6.0,08-31-2013,BNP Paribas
2015,2012-11-29,6.0,08-31-2013,BNP Paribas
2015,2013-01-10,6.0,08-31-2013,BNP Paribas
2015,2013-02-04,6.0,08-31-2013,BNP Paribas
2015,2013-03-08,6.0,08-31-2013,BNP Paribas
2015,2013-04-12,6.0,08-31-2013,BNP Paribas
2015,2013-06-12,6.15,08-31-2013,BNP Paribas
2015,2013-07-25,6.15,08-31-2013,BNP Paribas
Q4-18,2016-07-13,6.32,05-31-2018,BNP Paribas
2019,2016-07-13,6.13,05-31-2018,BNP Paribas
2020,2016-07-13,6.07,05-31-2018,BNP Paribas
2021,2016-07-13,6.0,05-31-2018,BNP Paribas
Q4-09,2008-01-10,6.4,11-30-2009,BNP Paribas
Q4-09,2008-01-23,6.4,11-30-2009,BNP Paribas
Q4-09,2008-03-20,6.0,11-30-2009,BNP Paribas
Q4-09,2008-04-17,6.0,11-30-2009,BNP Paribas
Q4-09,2008-05-15,6.0,11-30-2009,BNP Paribas
Q4-09,2008-05-23,6.0,11-30-2009,BNP Paribas
Q4-09,2008-06-11,6.0,11-30-2009,BNP Paribas
Q4-09,2008-07-01,6.0,11-30-2009,BNP Paribas
Q4-09,2008-07-29,6.15,11-30-2009,BNP Paribas
Q4-09,2008-08-20,6.15,11-30-2009,BNP Paribas
Q4-09,2008-09-02,6.15,11-30-2009,BNP Paribas
Q4-09,2008-09-04,6.45,11-30-2009,BNP Paribas
Q4-09,2008-09-18,6.75,11-30-2009,BNP Paribas
Q4-09,2008-10-06,6.75,11-30-2009,BNP Paribas
Q4-09,2008-10-07,6.75,11-30-2009,BNP Paribas
Q4-09,2008-10-27,6.88,11-30-2009,BNP Paribas
Q4-09,2008-12-04,6.88,11-30-2009,BNP Paribas
Q4-09,2009-01-06,6.79,11-30-2009,BNP Paribas
Q4-09,2009-01-13,6.85,11-30-2009,BNP Paribas
Q4-09,2009-02-06,6.85,11-30-2009,BNP Paribas
Q4-09,2009-03-17,6.85,11-30-2009,BNP Paribas
Q4-09,2009-03-19,6.85,11-30-2009,BNP Paribas
Q4-09,2009-04-23,6.85,11-30-2009,BNP Paribas
Q4-09,2009-05-08,6.85,11-30-2009,BNP Paribas
Q4-09,2009-05-19,6.85,11-30-2009,BNP Paribas
Q4-09,2009-05-21,6.83,11-30-2009,BNP Paribas
Q4-09,2009-06-17,6.83,11-30-2009,BNP Paribas
Q4-09,2009-07-08,6.83,11-30-2009,BNP Paribas
Q4-09,2009-08-11,6.83,11-30-2009,BNP Paribas
Q4-09,2009-09-08,6.83,11-30-2009,BNP Paribas
Q4-09,2009-09-16,6.83,11-30-2009,BNP Paribas
Q4-09,2009-09-18,6.83,11-30-2009,BNP Paribas
Q4-09,2009-09-21,6.83,11-30-2009,BNP Paribas
Q4-09,2009-09-22,6.83,11-30-2009,BNP Paribas
Q4-09,2009-09-24,6.83,11-30-2009,BNP Paribas
Q4-09,2009-10-19,6.83,11-30-2009,BNP Paribas
Q4-09,2009-11-30,6.83,11-30-2009,BNP Paribas
Q1-10,2009-04-23,6.85,11-30-2009,BNP Paribas
Q1-10,2009-05-08,6.85,11-30-2009,BNP Paribas
Q1-10,2009-05-19,6.85,11-30-2009,BNP Paribas
Q1-10,2009-05-21,6.83,11-30-2009,BNP Paribas
Q1-10,2009-06-17,6.83,11-30-2009,BNP Paribas
Q1-10,2009-07-08,6.83,11-30-2009,BNP Paribas
Q1-10,2009-08-11,6.83,11-30-2009,BNP Paribas
Q1-10,2009-09-08,6.83,11-30-2009,BNP Paribas
Q1-10,2009-09-16,6.83,11-30-2009,BNP Paribas
Q1-10,2009-09-18,6.83,11-30-2009,BNP Paribas
Q1-10,2009-09-21,6.83,11-30-2009,BNP Paribas
Q1-10,2009-09-22,6.83,11-30-2009,BNP Paribas
Q1-10,2009-09-24,6.83,11-30-2009,BNP Paribas
Q1-10,2009-10-19,6.83,11-30-2009,BNP Paribas
Q1-10,2009-11-30,6.83,11-30-2009,BNP Paribas
Q2-10,2009-08-11,6.83,11-30-2009,BNP Paribas
Q2-10,2009-09-08,6.83,11-30-2009,BNP Paribas
Q2-10,2009-09-16,6.83,11-30-2009,BNP Paribas
Q2-10,2009-09-18,6.83,11-30-2009,BNP Paribas
Q2-10,2009-09-21,6.83,11-30-2009,BNP Paribas
Q2-10,2009-09-22,6.83,11-30-2009,BNP Paribas
Q2-10,2009-09-24,6.83,11-30-2009,BNP Paribas
Q2-10,2009-10-19,6.83,11-30-2009,BNP Paribas
Q2-10,2009-11-30,6.83,11-30-2009,BNP Paribas
Q3-10,2009-09-24,6.82,11-30-2009,BNP Paribas
Q3-10,2009-10-19,6.82,11-30-2009,BNP Paribas
Q3-10,2009-11-30,6.72,11-30-2009,BNP Paribas
2010,2008-01-10,6.2,11-30-2009,BNP Paribas
2010,2008-01-23,6.2,11-30-2009,BNP Paribas
2010,2008-03-20,6.2,11-30-2009,BNP Paribas
2010,2008-04-17,6.0,11-30-2009,BNP Paribas
2010,2008-05-15,6.0,11-30-2009,BNP Paribas
2010,2008-05-23,6.0,11-30-2009,BNP Paribas
2010,2008-06-11,6.0,11-30-2009,BNP Paribas
2010,2008-07-01,6.0,11-30-2009,BNP Paribas
2010,2008-08-20,6.0,11-30-2009,BNP Paribas
2010,2008-09-02,6.0,11-30-2009,BNP Paribas
2010,2008-09-04,6.28,11-30-2009,BNP Paribas
2010,2008-09-18,6.75,11-30-2009,BNP Paribas
2010,2008-10-06,6.75,11-30-2009,BNP Paribas
2010,2008-10-07,6.75,11-30-2009,BNP Paribas
2010,2008-10-27,6.88,11-30-2009,BNP Paribas
2010,2008-12-04,6.88,11-30-2009,BNP Paribas
2010,2009-01-06,6.72,11-30-2009,BNP Paribas
2010,2009-01-13,6.72,11-30-2009,BNP Paribas
2010,2009-02-06,6.72,11-30-2009,BNP Paribas
2010,2009-03-17,6.85,11-30-2009,BNP Paribas
2010,2009-03-19,6.85,11-30-2009,BNP Paribas
2010,2009-04-23,6.85,11-30-2009,BNP Paribas
2010,2009-05-08,6.85,11-30-2009,BNP Paribas
2010,2009-05-19,6.85,11-30-2009,BNP Paribas
2010,2009-05-21,6.81,11-30-2009,BNP Paribas
2010,2009-06-17,6.81,11-30-2009,BNP Paribas
2010,2009-07-08,6.81,11-30-2009,BNP Paribas
2010,2009-08-11,6.81,11-30-2009,BNP Paribas
2010,2009-09-08,6.81,11-30-2009,BNP Paribas
2010,2009-09-16,6.81,11-30-2009,BNP Paribas
2010,2009-09-18,6.81,11-30-2009,BNP Paribas
2010,2009-09-21,6.82,11-30-2009,BNP Paribas
2010,2009-09-22,6.81,11-30-2009,BNP Paribas
2010,2009-09-24,6.81,11-30-2009,BNP Paribas
2010,2009-10-19,6.81,11-30-2009,BNP Paribas
2010,2009-11-30,6.62,11-30-2009,BNP Paribas
2011,2008-01-10,6.0,11-30-2009,BNP Paribas
2011,2008-01-23,6.0,11-30-2009,BNP Paribas
2011,2008-03-20,6.0,11-30-2009,BNP Paribas
2011,2008-04-17,6.0,11-30-2009,BNP Paribas
2011,2008-05-15,6.0,11-30-2009,BNP Paribas
2011,2008-05-23,6.0,11-30-2009,BNP Paribas
2011,2008-06-11,6.0,11-30-2009,BNP Paribas
2011,2008-07-01,6.0,11-30-2009,BNP Paribas
2011,2008-08-20,6.0,11-30-2009,BNP Paribas
2011,2008-09-02,6.0,11-30-2009,BNP Paribas
2011,2008-09-04,6.15,11-30-2009,BNP Paribas
2011,2008-09-18,6.15,11-30-2009,BNP Paribas
2011,2008-10-06,6.15,11-30-2009,BNP Paribas
2011,2008-10-07,6.15,11-30-2009,BNP Paribas
2011,2008-10-27,6.88,11-30-2009,BNP Paribas
2011,2008-12-04,6.88,11-30-2009,BNP Paribas
2011,2009-01-06,6.64,11-30-2009,BNP Paribas
2011,2009-01-13,6.64,11-30-2009,BNP Paribas
2011,2009-02-06,6.64,11-30-2009,BNP Paribas
2011,2009-03-17,6.64,11-30-2009,BNP Paribas
2011,2009-03-19,6.64,11-30-2009,BNP Paribas
2011,2009-04-23,6.64,11-30-2009,BNP Paribas
2011,2009-05-08,6.64,11-30-2009,BNP Paribas
2011,2009-05-19,6.64,11-30-2009,BNP Paribas
2011,2009-05-21,6.76,11-30-2009,BNP Paribas
2011,2009-06-17,6.76,11-30-2009,BNP Paribas
2011,2009-07-08,6.76,11-30-2009,BNP Paribas
2011,2009-08-11,6.76,11-30-2009,BNP Paribas
2011,2009-09-08,6.76,11-30-2009,BNP Paribas
2011,2009-09-16,6.76,11-30-2009,BNP Paribas
2011,2009-09-18,6.76,11-30-2009,BNP Paribas
2011,2009-09-21,6.81,11-30-2009,BNP Paribas
2011,2009-09-22,6.76,11-30-2009,BNP Paribas
2011,2009-09-24,6.76,11-30-2009,BNP Paribas
2011,2009-10-19,6.76,11-30-2009,BNP Paribas
2011,2009-11-30,6.42,11-30-2009,BNP Paribas
2012,2008-01-10,6.5,11-30-2009,BNP Paribas
2012,2008-01-23,6.5,11-30-2009,BNP Paribas
2012,2008-03-20,6.5,11-30-2009,BNP Paribas
2012,2008-04-17,6.5,11-30-2009,BNP Paribas
2012,2008-05-15,6.5,11-30-2009,BNP Paribas
2012,2008-05-23,6.5,11-30-2009,BNP Paribas
2012,2008-06-11,6.5,11-30-2009,BNP Paribas
2012,2008-07-01,6.5,11-30-2009,BNP Paribas
2012,2008-08-20,6.5,11-30-2009,BNP Paribas
2012,2008-09-02,6.5,11-30-2009,BNP Paribas
2012,2008-09-04,6.5,11-30-2009,BNP Paribas
2012,2008-09-18,6.5,11-30-2009,BNP Paribas
2012,2008-10-06,6.5,11-30-2009,BNP Paribas
2012,2008-10-07,6.5,11-30-2009,BNP Paribas
2012,2008-10-27,6.5,11-30-2009,BNP Paribas
2012,2008-12-04,6.5,11-30-2009,BNP Paribas
2012,2009-01-06,6.5,11-30-2009,BNP Paribas
2012,2009-01-13,6.5,11-30-2009,BNP Paribas
2012,2009-02-06,6.5,11-30-2009,BNP Paribas
2012,2009-03-17,6.5,11-30-2009,BNP Paribas
2012,2009-03-19,6.5,11-30-2009,BNP Paribas
2012,2009-04-23,6.5,11-30-2009,BNP Paribas
2012,2009-05-08,6.5,11-30-2009,BNP Paribas
2012,2009-05-19,6.5,11-30-2009,BNP Paribas
2012,2009-05-21,6.72,11-30-2009,BNP Paribas
2012,2009-06-17,6.72,11-30-2009,BNP Paribas
2012,2009-07-08,6.72,11-30-2009,BNP Paribas
2012,2009-08-11,6.72,11-30-2009,BNP Paribas
2012,2009-09-08,6.72,11-30-2009,BNP Paribas
2012,2009-09-16,6.72,11-30-2009,BNP Paribas
2012,2009-09-18,6.72,11-30-2009,BNP Paribas
2012,2009-09-21,6.76,11-30-2009,BNP Paribas
2012,2009-09-22,6.72,11-30-2009,BNP Paribas
2012,2009-09-24,6.72,11-30-2009,BNP Paribas
2012,2009-10-19,6.72,11-30-2009,BNP Paribas
2012,2009-11-30,6.22,11-30-2009,BNP Paribas
2013,2009-09-21,6.72,11-30-2009,BNP Paribas
Q4-14,2012-11-29,6.0,11-30-2014,BNP Paribas
Q4-14,2013-01-10,6.0,11-30-2014,BNP Paribas
Q4-14,2013-02-04,6.0,11-30-2014,BNP Paribas
Q4-14,2013-03-08,6.03,11-30-2014,BNP Paribas
Q4-14,2013-04-12,6.03,11-30-2014,BNP Paribas
Q4-14,2013-06-12,6.15,11-30-2014,BNP Paribas
Q4-14,2013-07-25,6.15,11-30-2014,BNP Paribas
Q4-14,2013-08-30,6.15,11-30-2014,BNP Paribas
Q4-14,2013-09-26,6.1,11-30-2014,BNP Paribas
Q4-14,2013-12-02,6.12,11-30-2014,BNP Paribas
Q4-14,2014-01-08,5.89,11-30-2014,BNP Paribas
Q4-14,2014-01-30,5.89,11-30-2014,BNP Paribas
Q4-14,2014-02-21,5.94,11-30-2014,BNP Paribas
Q4-14,2014-03-24,5.94,11-30-2014,BNP Paribas
Q4-14,2014-04-04,5.94,11-30-2014,BNP Paribas
Q4-14,2014-06-13,6.2,11-30-2014,BNP Paribas
Q1-15,2014-04-04,5.99,11-30-2014,BNP Paribas
Q1-15,2014-06-13,6.17,11-30-2014,BNP Paribas
2015,2012-11-29,6.0,11-30-2014,BNP Paribas
2015,2013-01-10,6.0,11-30-2014,BNP Paribas
2015,2013-02-04,6.0,11-30-2014,BNP Paribas
2015,2013-03-08,6.0,11-30-2014,BNP Paribas
2015,2013-04-12,6.0,11-30-2014,BNP Paribas
2015,2013-06-12,6.15,11-30-2014,BNP Paribas
2015,2013-07-25,6.15,11-30-2014,BNP Paribas
2015,2013-09-26,6.13,11-30-2014,BNP Paribas
2015,2013-12-02,6.1,11-30-2014,BNP Paribas
2015,2014-01-08,5.95,11-30-2014,BNP Paribas
2015,2014-01-30,5.95,11-30-2014,BNP Paribas
2015,2014-02-21,6.0,11-30-2014,BNP Paribas
2015,2014-03-24,6.0,11-30-2014,BNP Paribas
2015,2014-04-04,6.0,11-30-2014,BNP Paribas
2015,2014-06-13,6.15,11-30-2014,BNP Paribas
Q1-09,2008-03-20,6.2,02-28-2009,BNP Paribas
Q1-09,2008-04-17,6.4,02-28-2009,BNP Paribas
Q1-09,2008-05-15,6.2,02-28-2009,BNP Paribas
Q1-09,2008-05-23,6.2,02-28-2009,BNP Paribas
Q1-09,2008-06-11,6.2,02-28-2009,BNP Paribas
Q1-09,2008-07-01,6.2,02-28-2009,BNP Paribas
Q1-09,2008-07-29,6.45,02-28-2009,BNP Paribas
Q1-09,2008-08-20,6.45,02-28-2009,BNP Paribas
Q1-09,2008-09-02,6.45,02-28-2009,BNP Paribas
Q1-09,2008-09-04,6.6,02-28-2009,BNP Paribas
Q1-09,2008-09-18,6.78,02-28-2009,BNP Paribas
Q1-09,2008-10-06,6.78,02-28-2009,BNP Paribas
Q1-09,2008-10-07,6.78,02-28-2009,BNP Paribas
Q1-09,2008-10-27,6.9,02-28-2009,BNP Paribas
Q1-09,2008-12-04,6.9,02-28-2009,BNP Paribas
Q1-09,2009-01-06,6.82,02-28-2009,BNP Paribas
Q1-09,2009-01-13,6.85,02-28-2009,BNP Paribas
Q1-09,2009-02-06,6.85,02-28-2009,BNP Paribas
Q2-09,2008-07-29,6.35,02-28-2009,BNP Paribas
Q2-09,2008-08-20,6.35,02-28-2009,BNP Paribas
Q2-09,2008-09-02,6.35,02-28-2009,BNP Paribas
Q2-09,2008-09-04,6.55,02-28-2009,BNP Paribas
Q2-09,2008-09-18,6.77,02-28-2009,BNP Paribas
Q2-09,2008-10-06,6.77,02-28-2009,BNP Paribas
Q2-09,2008-10-07,6.77,02-28-2009,BNP Paribas
Q2-09,2008-10-27,6.9,02-28-2009,BNP Paribas
Q2-09,2008-12-04,6.9,02-28-2009,BNP Paribas
Q2-09,2009-01-06,6.81,02-28-2009,BNP Paribas
Q2-09,2009-01-13,6.85,02-28-2009,BNP Paribas
Q2-09,2009-02-06,6.85,02-28-2009,BNP Paribas
Q3-09,2008-10-27,6.88,02-28-2009,BNP Paribas
Q3-09,2008-12-04,6.88,02-28-2009,BNP Paribas
Q3-09,2009-01-06,6.8,02-28-2009,BNP Paribas
Q3-09,2009-01-13,6.85,02-28-2009,BNP Paribas
Q3-09,2009-02-06,6.85,02-28-2009,BNP Paribas
Q4-09,2007-03-08,7.2,02-28-2009,BNP Paribas
Q4-09,2007-03-22,7.2,02-28-2009,BNP Paribas
Q4-09,2007-03-27,7.2,02-28-2009,BNP Paribas
Q4-09,2007-04-03,7.2,02-28-2009,BNP Paribas
Q4-09,2007-05-24,6.6,02-28-2009,BNP Paribas
Q4-09,2007-05-31,6.6,02-28-2009,BNP Paribas
Q4-09,2007-06-22,6.6,02-28-2009,BNP Paribas
Q4-09,2007-07-09,6.6,02-28-2009,BNP Paribas
Q4-09,2007-08-06,6.6,02-28-2009,BNP Paribas
Q4-09,2007-08-21,6.6,02-28-2009,BNP Paribas
Q4-09,2007-08-23,6.6,02-28-2009,BNP Paribas
Q4-09,2007-09-24,6.6,02-28-2009,BNP Paribas
Q4-09,2007-10-11,6.6,02-28-2009,BNP Paribas
Q4-09,2007-10-12,6.6,02-28-2009,BNP Paribas
Q4-09,2007-11-19,6.6,02-28-2009,BNP Paribas
Q4-09,2008-01-10,6.4,02-28-2009,BNP Paribas
Q4-09,2008-01-23,6.4,02-28-2009,BNP Paribas
Q4-09,2008-03-20,6.0,02-28-2009,BNP Paribas
Q4-09,2008-04-17,6.0,02-28-2009,BNP Paribas
Q4-09,2008-05-15,6.0,02-28-2009,BNP Paribas
Q4-09,2008-05-23,6.0,02-28-2009,BNP Paribas
Q4-09,2008-06-11,6.0,02-28-2009,BNP Paribas
Q4-09,2008-07-01,6.0,02-28-2009,BNP Paribas
Q4-09,2008-07-29,6.15,02-28-2009,BNP Paribas
Q4-09,2008-08-20,6.15,02-28-2009,BNP Paribas
Q4-09,2008-09-02,6.15,02-28-2009,BNP Paribas
Q4-09,2008-09-04,6.45,02-28-2009,BNP Paribas
Q4-09,2008-09-18,6.75,02-28-2009,BNP Paribas
Q4-09,2008-10-06,6.75,02-28-2009,BNP Paribas
Q4-09,2008-10-07,6.75,02-28-2009,BNP Paribas
Q4-09,2008-10-27,6.88,02-28-2009,BNP Paribas
Q4-09,2008-12-04,6.88,02-28-2009,BNP Paribas
Q4-09,2009-01-06,6.79,02-28-2009,BNP Paribas
Q4-09,2009-01-13,6.85,02-28-2009,BNP Paribas
Q4-09,2009-02-06,6.85,02-28-2009,BNP Paribas
2010,2007-03-08,7.0,02-28-2009,BNP Paribas
2010,2007-03-22,7.0,02-28-2009,BNP Paribas
2010,2007-03-27,7.0,02-28-2009,BNP Paribas
2010,2007-04-03,7.0,02-28-2009,BNP Paribas
2010,2007-05-24,6.2,02-28-2009,BNP Paribas
2010,2007-05-31,6.2,02-28-2009,BNP Paribas
2010,2007-06-22,6.2,02-28-2009,BNP Paribas
2010,2007-07-09,6.2,02-28-2009,BNP Paribas
2010,2007-08-06,6.2,02-28-2009,BNP Paribas
2010,2007-08-21,6.2,02-28-2009,BNP Paribas
2010,2007-08-23,6.2,02-28-2009,BNP Paribas
2010,2007-09-24,6.2,02-28-2009,BNP Paribas
2010,2007-10-11,6.2,02-28-2009,BNP Paribas
2010,2007-10-12,6.2,02-28-2009,BNP Paribas
2010,2007-11-19,6.2,02-28-2009,BNP Paribas
2010,2008-01-10,6.2,02-28-2009,BNP Paribas
2010,2008-01-23,6.2,02-28-2009,BNP Paribas
2010,2008-03-20,6.2,02-28-2009,BNP Paribas
2010,2008-04-17,6.0,02-28-2009,BNP Paribas
2010,2008-05-15,6.0,02-28-2009,BNP Paribas
2010,2008-05-23,6.0,02-28-2009,BNP Paribas
2010,2008-06-11,6.0,02-28-2009,BNP Paribas
2010,2008-07-01,6.0,02-28-2009,BNP Paribas
2010,2008-08-20,6.0,02-28-2009,BNP Paribas
2010,2008-09-02,6.0,02-28-2009,BNP Paribas
2010,2008-09-04,6.28,02-28-2009,BNP Paribas
2010,2008-09-18,6.75,02-28-2009,BNP Paribas
2010,2008-10-06,6.75,02-28-2009,BNP Paribas
2010,2008-10-07,6.75,02-28-2009,BNP Paribas
2010,2008-10-27,6.88,02-28-2009,BNP Paribas
2010,2008-12-04,6.88,02-28-2009,BNP Paribas
2010,2009-01-06,6.72,02-28-2009,BNP Paribas
2010,2009-01-13,6.72,02-28-2009,BNP Paribas
2010,2009-02-06,6.72,02-28-2009,BNP Paribas
2011,2007-03-08,6.8,02-28-2009,BNP Paribas
2011,2007-03-22,6.8,02-28-2009,BNP Paribas
2011,2007-03-27,6.8,02-28-2009,BNP Paribas
2011,2007-04-03,6.8,02-28-2009,BNP Paribas
2011,2007-05-24,6.0,02-28-2009,BNP Paribas
2011,2007-05-31,6.0,02-28-2009,BNP Paribas
2011,2007-06-22,6.0,02-28-2009,BNP Paribas
2011,2007-07-09,6.0,02-28-2009,BNP Paribas
2011,2007-08-06,6.0,02-28-2009,BNP Paribas
2011,2007-08-21,6.0,02-28-2009,BNP Paribas
2011,2007-08-23,6.0,02-28-2009,BNP Paribas
2011,2007-09-24,6.0,02-28-2009,BNP Paribas
2011,2007-10-11,6.0,02-28-2009,BNP Paribas
2011,2007-10-12,6.0,02-28-2009,BNP Paribas
2011,2007-11-19,6.0,02-28-2009,BNP Paribas
2011,2008-01-10,6.0,02-28-2009,BNP Paribas
2011,2008-01-23,6.0,02-28-2009,BNP Paribas
2011,2008-03-20,6.0,02-28-2009,BNP Paribas
2011,2008-04-17,6.0,02-28-2009,BNP Paribas
2011,2008-05-15,6.0,02-28-2009,BNP Paribas
2011,2008-05-23,6.0,02-28-2009,BNP Paribas
2011,2008-06-11,6.0,02-28-2009,BNP Paribas
2011,2008-07-01,6.0,02-28-2009,BNP Paribas
2011,2008-08-20,6.0,02-28-2009,BNP Paribas
2011,2008-09-02,6.0,02-28-2009,BNP Paribas
2011,2008-09-04,6.15,02-28-2009,BNP Paribas
2011,2008-09-18,6.15,02-28-2009,BNP Paribas
2011,2008-10-06,6.15,02-28-2009,BNP Paribas
2011,2008-10-07,6.15,02-28-2009,BNP Paribas
2011,2008-10-27,6.88,02-28-2009,BNP Paribas
2011,2008-12-04,6.88,02-28-2009,BNP Paribas
2011,2009-01-06,6.64,02-28-2009,BNP Paribas
2011,2009-01-13,6.64,02-28-2009,BNP Paribas
2011,2009-02-06,6.64,02-28-2009,BNP Paribas
2012,2007-03-22,6.5,02-28-2009,BNP Paribas
2012,2007-03-27,6.5,02-28-2009,BNP Paribas
2012,2007-04-03,6.5,02-28-2009,BNP Paribas
2012,2007-06-22,6.5,02-28-2009,BNP Paribas
2012,2007-07-09,6.5,02-28-2009,BNP Paribas
2012,2007-08-06,6.5,02-28-2009,BNP Paribas
2012,2007-08-21,6.5,02-28-2009,BNP Paribas
2012,2007-08-23,6.5,02-28-2009,BNP Paribas
2012,2007-09-24,6.5,02-28-2009,BNP Paribas
2012,2007-10-11,6.5,02-28-2009,BNP Paribas
2012,2007-10-12,6.5,02-28-2009,BNP Paribas
2012,2007-11-19,6.5,02-28-2009,BNP Paribas
2012,2008-01-10,6.5,02-28-2009,BNP Paribas
2012,2008-01-23,6.5,02-28-2009,BNP Paribas
2012,2008-03-20,6.5,02-28-2009,BNP Paribas
2012,2008-04-17,6.5,02-28-2009,BNP Paribas
2012,2008-05-15,6.5,02-28-2009,BNP Paribas
2012,2008-05-23,6.5,02-28-2009,BNP Paribas
2012,2008-06-11,6.5,02-28-2009,BNP Paribas
2012,2008-07-01,6.5,02-28-2009,BNP Paribas
2012,2008-08-20,6.5,02-28-2009,BNP Paribas
2012,2008-09-02,6.5,02-28-2009,BNP Paribas
2012,2008-09-04,6.5,02-28-2009,BNP Paribas
2012,2008-09-18,6.5,02-28-2009,BNP Paribas
2012,2008-10-06,6.5,02-28-2009,BNP Paribas
2012,2008-10-07,6.5,02-28-2009,BNP Paribas
2012,2008-10-27,6.5,02-28-2009,BNP Paribas
2012,2008-12-04,6.5,02-28-2009,BNP Paribas
2012,2009-01-06,6.5,02-28-2009,BNP Paribas
2012,2009-01-13,6.5,02-28-2009,BNP Paribas
2012,2009-02-06,6.5,02-28-2009,BNP Paribas
Q2-13,2011-09-19,6.05,05-31-2013,BNP Paribas
Q2-13,2011-11-08,5.98,05-31-2013,BNP Paribas
Q2-13,2011-11-21,6.05,05-31-2013,BNP Paribas
Q2-13,2011-11-28,5.98,05-31-2013,BNP Paribas
Q2-13,2012-01-09,5.98,05-31-2013,BNP Paribas
Q2-13,2012-01-27,5.98,05-31-2013,BNP Paribas
Q2-13,2012-06-11,6.14,05-31-2013,BNP Paribas
Q2-13,2012-07-03,6.21,05-31-2013,BNP Paribas
Q2-13,2012-08-03,6.21,05-31-2013,BNP Paribas
Q2-13,2012-09-05,6.21,05-31-2013,BNP Paribas
Q2-13,2012-09-18,6.25,05-31-2013,BNP Paribas
Q2-13,2012-10-23,6.25,05-31-2013,BNP Paribas
Q2-13,2012-11-20,6.1,05-31-2013,BNP Paribas
Q2-13,2012-11-29,6.1,05-31-2013,BNP Paribas
Q2-13,2013-01-10,6.1,05-31-2013,BNP Paribas
Q2-13,2013-02-04,6.1,05-31-2013,BNP Paribas
Q2-13,2013-03-08,6.11,05-31-2013,BNP Paribas
Q2-13,2013-04-12,6.15,05-31-2013,BNP Paribas
Q2-13,2013-05-28,6.15,05-31-2013,BNP Paribas
Q3-13,2011-09-19,5.98,05-31-2013,BNP Paribas
Q3-13,2011-11-08,5.93,05-31-2013,BNP Paribas
Q3-13,2011-11-21,5.98,05-31-2013,BNP Paribas
Q3-13,2011-11-28,5.93,05-31-2013,BNP Paribas
Q3-13,2012-01-09,5.93,05-31-2013,BNP Paribas
Q3-13,2012-01-27,5.93,05-31-2013,BNP Paribas
Q3-13,2012-09-05,6.18,05-31-2013,BNP Paribas
Q3-13,2012-09-18,6.3,05-31-2013,BNP Paribas
Q3-13,2012-10-23,6.3,05-31-2013,BNP Paribas
Q3-13,2012-11-20,6.05,05-31-2013,BNP Paribas
Q3-13,2012-11-29,6.05,05-31-2013,BNP Paribas
Q3-13,2013-01-10,6.05,05-31-2013,BNP Paribas
Q3-13,2013-02-04,6.05,05-31-2013,BNP Paribas
Q3-13,2013-03-08,6.06,05-31-2013,BNP Paribas
Q3-13,2013-04-12,6.08,05-31-2013,BNP Paribas
Q3-13,2013-05-28,6.08,05-31-2013,BNP Paribas
Q4-13,2011-07-26,6.15,05-31-2013,BNP Paribas
Q4-13,2011-09-19,6.17,05-31-2013,BNP Paribas
Q4-13,2011-11-08,5.89,05-31-2013,BNP Paribas
Q4-13,2011-11-21,5.93,05-31-2013,BNP Paribas
Q4-13,2011-11-28,5.89,05-31-2013,BNP Paribas
Q4-13,2012-01-09,5.89,05-31-2013,BNP Paribas
Q4-13,2012-01-27,5.89,05-31-2013,BNP Paribas
Q4-13,2012-03-02,5.8,05-31-2013,BNP Paribas
Q4-13,2012-04-13,6.11,05-31-2013,BNP Paribas
Q4-13,2012-04-24,6.11,05-31-2013,BNP Paribas
Q4-13,2012-06-11,6.11,05-31-2013,BNP Paribas
Q4-13,2012-07-03,6.2,05-31-2013,BNP Paribas
Q4-13,2012-08-03,6.2,05-31-2013,BNP Paribas
Q4-13,2012-09-05,6.3,05-31-2013,BNP Paribas
Q4-13,2012-09-18,6.29,05-31-2013,BNP Paribas
Q4-13,2012-10-23,6.29,05-31-2013,BNP Paribas
Q4-13,2012-11-20,6.02,05-31-2013,BNP Paribas
Q4-13,2012-11-29,6.02,05-31-2013,BNP Paribas
Q4-13,2013-01-10,6.02,05-31-2013,BNP Paribas
Q4-13,2013-02-04,6.02,05-31-2013,BNP Paribas
Q4-13,2013-03-08,6.05,05-31-2013,BNP Paribas
Q4-13,2013-04-12,6.05,05-31-2013,BNP Paribas
Q4-13,2013-05-28,6.05,05-31-2013,BNP Paribas
Q1-14,2012-01-09,5.85,05-31-2013,BNP Paribas
Q1-14,2012-01-27,5.85,05-31-2013,BNP Paribas
Q1-14,2013-03-08,6.02,05-31-2013,BNP Paribas
Q1-14,2013-04-12,6.02,05-31-2013,BNP Paribas
2014,2012-03-02,5.8,05-31-2013,BNP Paribas
2014,2012-09-05,5.8,05-31-2013,BNP Paribas
2014,2012-09-18,6.2,05-31-2013,BNP Paribas
2014,2012-10-23,6.2,05-31-2013,BNP Paribas
2014,2012-11-20,6.0,05-31-2013,BNP Paribas
2014,2012-11-29,6.0,05-31-2013,BNP Paribas
2014,2013-01-10,6.0,05-31-2013,BNP Paribas
2014,2013-02-04,6.0,05-31-2013,BNP Paribas
2014,2013-03-08,6.03,05-31-2013,BNP Paribas
2014,2013-04-12,6.03,05-31-2013,BNP Paribas
2015,2012-09-05,5.8,05-31-2013,BNP Paribas
2015,2012-09-18,6.0,05-31-2013,BNP Paribas
2015,2012-10-23,6.0,05-31-2013,BNP Paribas
2015,2012-11-20,6.0,05-31-2013,BNP Paribas
2015,2012-11-29,6.0,05-31-2013,BNP Paribas
2015,2013-01-10,6.0,05-31-2013,BNP Paribas
2015,2013-02-04,6.0,05-31-2013,BNP Paribas
2015,2013-03-08,6.0,05-31-2013,BNP Paribas
2015,2013-04-12,6.0,05-31-2013,BNP Paribas
Q4-14,2012-09-05,5.8,08-31-2014,BNP Paribas
Q4-14,2012-09-18,6.2,08-31-2014,BNP Paribas
Q4-14,2012-10-23,6.2,08-31-2014,BNP Paribas
Q4-14,2012-11-20,6.0,08-31-2014,BNP Paribas
Q4-14,2012-11-29,6.0,08-31-2014,BNP Paribas
Q4-14,2013-01-10,6.0,08-31-2014,BNP Paribas
Q4-14,2013-02-04,6.0,08-31-2014,BNP Paribas
Q4-14,2013-03-08,6.03,08-31-2014,BNP Paribas
Q4-14,2013-04-12,6.03,08-31-2014,BNP Paribas
Q4-14,2013-06-12,6.15,08-31-2014,BNP Paribas
Q4-14,2013-07-25,6.15,08-31-2014,BNP Paribas
Q4-14,2013-08-30,6.15,08-31-2014,BNP Paribas
Q4-14,2013-09-26,6.1,08-31-2014,BNP Paribas
Q4-14,2013-12-02,6.12,08-31-2014,BNP Paribas
Q4-14,2014-01-08,5.89,08-31-2014,BNP Paribas
Q4-14,2014-01-30,5.89,08-31-2014,BNP Paribas
Q4-14,2014-02-21,5.94,08-31-2014,BNP Paribas
Q4-14,2014-03-24,5.94,08-31-2014,BNP Paribas
Q4-14,2014-04-04,5.94,08-31-2014,BNP Paribas
Q4-14,2014-06-13,6.2,08-31-2014,BNP Paribas
Q1-15,2014-04-04,5.99,08-31-2014,BNP Paribas
Q1-15,2014-06-13,6.17,08-31-2014,BNP Paribas
2015,2012-09-05,5.8,08-31-2014,BNP Paribas
2015,2012-09-18,6.0,08-31-2014,BNP Paribas
2015,2012-10-23,6.0,08-31-2014,BNP Paribas
2015,2012-11-20,6.0,08-31-2014,BNP Paribas
2015,2012-11-29,6.0,08-31-2014,BNP Paribas
2015,2013-01-10,6.0,08-31-2014,BNP Paribas
2015,2013-02-04,6.0,08-31-2014,BNP Paribas
2015,2013-03-08,6.0,08-31-2014,BNP Paribas
2015,2013-04-12,6.0,08-31-2014,BNP Paribas
2015,2013-06-12,6.15,08-31-2014,BNP Paribas
2015,2013-07-25,6.15,08-31-2014,BNP Paribas
2015,2013-09-26,6.13,08-31-2014,BNP Paribas
2015,2013-12-02,6.1,08-31-2014,BNP Paribas
2015,2014-01-08,5.95,08-31-2014,BNP Paribas
2015,2014-01-30,5.95,08-31-2014,BNP Paribas
2015,2014-02-21,6.0,08-31-2014,BNP Paribas
2015,2014-03-24,6.0,08-31-2014,BNP Paribas
2015,2014-04-04,6.0,08-31-2014,BNP Paribas
2015,2014-06-13,6.15,08-31-2014,BNP Paribas
Q2-09,2008-07-29,6.35,05-31-2009,BNP Paribas
Q2-09,2008-08-20,6.35,05-31-2009,BNP Paribas
Q2-09,2008-09-02,6.35,05-31-2009,BNP Paribas
Q2-09,2008-09-04,6.55,05-31-2009,BNP Paribas
Q2-09,2008-09-18,6.77,05-31-2009,BNP Paribas
Q2-09,2008-10-06,6.77,05-31-2009,BNP Paribas
Q2-09,2008-10-07,6.77,05-31-2009,BNP Paribas
Q2-09,2008-10-27,6.9,05-31-2009,BNP Paribas
Q2-09,2008-12-04,6.9,05-31-2009,BNP Paribas
Q2-09,2009-01-06,6.81,05-31-2009,BNP Paribas
Q2-09,2009-01-13,6.85,05-31-2009,BNP Paribas
Q2-09,2009-02-06,6.85,05-31-2009,BNP Paribas
Q2-09,2009-03-17,6.85,05-31-2009,BNP Paribas
Q2-09,2009-03-19,6.85,05-31-2009,BNP Paribas
Q2-09,2009-04-23,6.85,05-31-2009,BNP Paribas
Q2-09,2009-05-08,6.85,05-31-2009,BNP Paribas
Q2-09,2009-05-19,6.85,05-31-2009,BNP Paribas
Q2-09,2009-05-21,6.83,05-31-2009,BNP Paribas
Q3-09,2008-10-27,6.88,05-31-2009,BNP Paribas
Q3-09,2008-12-04,6.88,05-31-2009,BNP Paribas
Q3-09,2009-01-06,6.8,05-31-2009,BNP Paribas
Q3-09,2009-01-13,6.85,05-31-2009,BNP Paribas
Q3-09,2009-02-06,6.85,05-31-2009,BNP Paribas
Q3-09,2009-03-17,6.85,05-31-2009,BNP Paribas
Q3-09,2009-03-19,6.85,05-31-2009,BNP Paribas
Q3-09,2009-04-23,6.85,05-31-2009,BNP Paribas
Q3-09,2009-05-08,6.85,05-31-2009,BNP Paribas
Q3-09,2009-05-19,6.85,05-31-2009,BNP Paribas
Q3-09,2009-05-21,6.83,05-31-2009,BNP Paribas
Q4-09,2007-05-31,6.6,05-31-2009,BNP Paribas
Q4-09,2007-06-22,6.6,05-31-2009,BNP Paribas
Q4-09,2007-07-09,6.6,05-31-2009,BNP Paribas
Q4-09,2007-08-06,6.6,05-31-2009,BNP Paribas
Q4-09,2007-08-21,6.6,05-31-2009,BNP Paribas
Q4-09,2007-08-23,6.6,05-31-2009,BNP Paribas
Q4-09,2007-09-24,6.6,05-31-2009,BNP Paribas
Q4-09,2007-10-11,6.6,05-31-2009,BNP Paribas
Q4-09,2007-10-12,6.6,05-31-2009,BNP Paribas
Q4-09,2007-11-19,6.6,05-31-2009,BNP Paribas
Q4-09,2008-01-10,6.4,05-31-2009,BNP Paribas
Q4-09,2008-01-23,6.4,05-31-2009,BNP Paribas
Q4-09,2008-03-20,6.0,05-31-2009,BNP Paribas
Q4-09,2008-04-17,6.0,05-31-2009,BNP Paribas
Q4-09,2008-05-15,6.0,05-31-2009,BNP Paribas
Q4-09,2008-05-23,6.0,05-31-2009,BNP Paribas
Q4-09,2008-06-11,6.0,05-31-2009,BNP Paribas
Q4-09,2008-07-01,6.0,05-31-2009,BNP Paribas
Q4-09,2008-07-29,6.15,05-31-2009,BNP Paribas
Q4-09,2008-08-20,6.15,05-31-2009,BNP Paribas
Q4-09,2008-09-02,6.15,05-31-2009,BNP Paribas
Q4-09,2008-09-04,6.45,05-31-2009,BNP Paribas
Q4-09,2008-09-18,6.75,05-31-2009,BNP Paribas
Q4-09,2008-10-06,6.75,05-31-2009,BNP Paribas
Q4-09,2008-10-07,6.75,05-31-2009,BNP Paribas
Q4-09,2008-10-27,6.88,05-31-2009,BNP Paribas
Q4-09,2008-12-04,6.88,05-31-2009,BNP Paribas
Q4-09,2009-01-06,6.79,05-31-2009,BNP Paribas
Q4-09,2009-01-13,6.85,05-31-2009,BNP Paribas
Q4-09,2009-02-06,6.85,05-31-2009,BNP Paribas
Q4-09,2009-03-17,6.85,05-31-2009,BNP Paribas
Q4-09,2009-03-19,6.85,05-31-2009,BNP Paribas
Q4-09,2009-04-23,6.85,05-31-2009,BNP Paribas
Q4-09,2009-05-08,6.85,05-31-2009,BNP Paribas
Q4-09,2009-05-19,6.85,05-31-2009,BNP Paribas
Q4-09,2009-05-21,6.83,05-31-2009,BNP Paribas
Q1-10,2009-04-23,6.85,05-31-2009,BNP Paribas
Q1-10,2009-05-08,6.85,05-31-2009,BNP Paribas
Q1-10,2009-05-19,6.85,05-31-2009,BNP Paribas
Q1-10,2009-05-21,6.83,05-31-2009,BNP Paribas
2010,2007-05-31,6.2,05-31-2009,BNP Paribas
2010,2007-06-22,6.2,05-31-2009,BNP Paribas
2010,2007-07-09,6.2,05-31-2009,BNP Paribas
2010,2007-08-06,6.2,05-31-2009,BNP Paribas
2010,2007-08-21,6.2,05-31-2009,BNP Paribas
2010,2007-08-23,6.2,05-31-2009,BNP Paribas
2010,2007-09-24,6.2,05-31-2009,BNP Paribas
2010,2007-10-11,6.2,05-31-2009,BNP Paribas
2010,2007-10-12,6.2,05-31-2009,BNP Paribas
2010,2007-11-19,6.2,05-31-2009,BNP Paribas
2010,2008-01-10,6.2,05-31-2009,BNP Paribas
2010,2008-01-23,6.2,05-31-2009,BNP Paribas
2010,2008-03-20,6.2,05-31-2009,BNP Paribas
2010,2008-04-17,6.0,05-31-2009,BNP Paribas
2010,2008-05-15,6.0,05-31-2009,BNP Paribas
2010,2008-05-23,6.0,05-31-2009,BNP Paribas
2010,2008-06-11,6.0,05-31-2009,BNP Paribas
2010,2008-07-01,6.0,05-31-2009,BNP Paribas
2010,2008-08-20,6.0,05-31-2009,BNP Paribas
2010,2008-09-02,6.0,05-31-2009,BNP Paribas
2010,2008-09-04,6.28,05-31-2009,BNP Paribas
2010,2008-09-18,6.75,05-31-2009,BNP Paribas
2010,2008-10-06,6.75,05-31-2009,BNP Paribas
2010,2008-10-07,6.75,05-31-2009,BNP Paribas
2010,2008-10-27,6.88,05-31-2009,BNP Paribas
2010,2008-12-04,6.88,05-31-2009,BNP Paribas
2010,2009-01-06,6.72,05-31-2009,BNP Paribas
2010,2009-01-13,6.72,05-31-2009,BNP Paribas
2010,2009-02-06,6.72,05-31-2009,BNP Paribas
2010,2009-03-17,6.85,05-31-2009,BNP Paribas
2010,2009-03-19,6.85,05-31-2009,BNP Paribas
2010,2009-04-23,6.85,05-31-2009,BNP Paribas
2010,2009-05-08,6.85,05-31-2009,BNP Paribas
2010,2009-05-19,6.85,05-31-2009,BNP Paribas
2010,2009-05-21,6.81,05-31-2009,BNP Paribas
2011,2007-05-31,6.0,05-31-2009,BNP Paribas
2011,2007-06-22,6.0,05-31-2009,BNP Paribas
2011,2007-07-09,6.0,05-31-2009,BNP Paribas
2011,2007-08-06,6.0,05-31-2009,BNP Paribas
2011,2007-08-21,6.0,05-31-2009,BNP Paribas
2011,2007-08-23,6.0,05-31-2009,BNP Paribas
2011,2007-09-24,6.0,05-31-2009,BNP Paribas
2011,2007-10-11,6.0,05-31-2009,BNP Paribas
2011,2007-10-12,6.0,05-31-2009,BNP Paribas
2011,2007-11-19,6.0,05-31-2009,BNP Paribas
2011,2008-01-10,6.0,05-31-2009,BNP Paribas
2011,2008-01-23,6.0,05-31-2009,BNP Paribas
2011,2008-03-20,6.0,05-31-2009,BNP Paribas
2011,2008-04-17,6.0,05-31-2009,BNP Paribas
2011,2008-05-15,6.0,05-31-2009,BNP Paribas
2011,2008-05-23,6.0,05-31-2009,BNP Paribas
2011,2008-06-11,6.0,05-31-2009,BNP Paribas
2011,2008-07-01,6.0,05-31-2009,BNP Paribas
2011,2008-08-20,6.0,05-31-2009,BNP Paribas
2011,2008-09-02,6.0,05-31-2009,BNP Paribas
2011,2008-09-04,6.15,05-31-2009,BNP Paribas
2011,2008-09-18,6.15,05-31-2009,BNP Paribas
2011,2008-10-06,6.15,05-31-2009,BNP Paribas
2011,2008-10-07,6.15,05-31-2009,BNP Paribas
2011,2008-10-27,6.88,05-31-2009,BNP Paribas
2011,2008-12-04,6.88,05-31-2009,BNP Paribas
2011,2009-01-06,6.64,05-31-2009,BNP Paribas
2011,2009-01-13,6.64,05-31-2009,BNP Paribas
2011,2009-02-06,6.64,05-31-2009,BNP Paribas
2011,2009-03-17,6.64,05-31-2009,BNP Paribas
2011,2009-03-19,6.64,05-31-2009,BNP Paribas
2011,2009-04-23,6.64,05-31-2009,BNP Paribas
2011,2009-05-08,6.64,05-31-2009,BNP Paribas
2011,2009-05-19,6.64,05-31-2009,BNP Paribas
2011,2009-05-21,6.76,05-31-2009,BNP Paribas
2012,2007-06-22,6.5,05-31-2009,BNP Paribas
2012,2007-07-09,6.5,05-31-2009,BNP Paribas
2012,2007-08-06,6.5,05-31-2009,BNP Paribas
2012,2007-08-21,6.5,05-31-2009,BNP Paribas
2012,2007-08-23,6.5,05-31-2009,BNP Paribas
2012,2007-09-24,6.5,05-31-2009,BNP Paribas
2012,2007-10-11,6.5,05-31-2009,BNP Paribas
2012,2007-10-12,6.5,05-31-2009,BNP Paribas
2012,2007-11-19,6.5,05-31-2009,BNP Paribas
2012,2008-01-10,6.5,05-31-2009,BNP Paribas
2012,2008-01-23,6.5,05-31-2009,BNP Paribas
2012,2008-03-20,6.5,05-31-2009,BNP Paribas
2012,2008-04-17,6.5,05-31-2009,BNP Paribas
2012,2008-05-15,6.5,05-31-2009,BNP Paribas
2012,2008-05-23,6.5,05-31-2009,BNP Paribas
2012,2008-06-11,6.5,05-31-2009,BNP Paribas
2012,2008-07-01,6.5,05-31-2009,BNP Paribas
2012,2008-08-20,6.5,05-31-2009,BNP Paribas
2012,2008-09-02,6.5,05-31-2009,BNP Paribas
2012,2008-09-04,6.5,05-31-2009,BNP Paribas
2012,2008-09-18,6.5,05-31-2009,BNP Paribas
2012,2008-10-06,6.5,05-31-2009,BNP Paribas
2012,2008-10-07,6.5,05-31-2009,BNP Paribas
2012,2008-10-27,6.5,05-31-2009,BNP Paribas
2012,2008-12-04,6.5,05-31-2009,BNP Paribas
2012,2009-01-06,6.5,05-31-2009,BNP Paribas
2012,2009-01-13,6.5,05-31-2009,BNP Paribas
2012,2009-02-06,6.5,05-31-2009,BNP Paribas
2012,2009-03-17,6.5,05-31-2009,BNP Paribas
2012,2009-03-19,6.5,05-31-2009,BNP Paribas
2012,2009-04-23,6.5,05-31-2009,BNP Paribas
2012,2009-05-08,6.5,05-31-2009,BNP Paribas
2012,2009-05-19,6.5,05-31-2009,BNP Paribas
2012,2009-05-21,6.72,05-31-2009,BNP Paribas
Q1-13,2011-05-10,6.23,02-28-2013,BNP Paribas
Q1-13,2011-09-19,6.12,02-28-2013,BNP Paribas
Q1-13,2011-11-08,6.05,02-28-2013,BNP Paribas
Q1-13,2011-11-21,6.12,02-28-2013,BNP Paribas
Q1-13,2011-11-28,6.05,02-28-2013,BNP Paribas
Q1-13,2012-01-09,6.05,02-28-2013,BNP Paribas
Q1-13,2012-01-27,6.05,02-28-2013,BNP Paribas
Q1-13,2012-03-02,5.89,02-28-2013,BNP Paribas
Q1-13,2012-04-24,6.16,02-28-2013,BNP Paribas
Q1-13,2012-06-11,6.16,02-28-2013,BNP Paribas
Q1-13,2012-07-03,6.25,02-28-2013,BNP Paribas
Q1-13,2012-08-03,6.25,02-28-2013,BNP Paribas
Q1-13,2012-09-05,6.25,02-28-2013,BNP Paribas
Q1-13,2012-09-18,6.27,02-28-2013,BNP Paribas
Q1-13,2012-10-23,6.27,02-28-2013,BNP Paribas
Q1-13,2012-11-20,6.15,02-28-2013,BNP Paribas
Q1-13,2012-11-29,6.15,02-28-2013,BNP Paribas
Q1-13,2013-01-10,6.15,02-28-2013,BNP Paribas
Q1-13,2013-02-04,6.15,02-28-2013,BNP Paribas
Q2-13,2011-09-19,6.05,02-28-2013,BNP Paribas
Q2-13,2011-11-08,5.98,02-28-2013,BNP Paribas
Q2-13,2011-11-21,6.05,02-28-2013,BNP Paribas
Q2-13,2011-11-28,5.98,02-28-2013,BNP Paribas
Q2-13,2012-01-09,5.98,02-28-2013,BNP Paribas
Q2-13,2012-01-27,5.98,02-28-2013,BNP Paribas
Q2-13,2012-06-11,6.14,02-28-2013,BNP Paribas
Q2-13,2012-07-03,6.21,02-28-2013,BNP Paribas
Q2-13,2012-08-03,6.21,02-28-2013,BNP Paribas
Q2-13,2012-09-05,6.21,02-28-2013,BNP Paribas
Q2-13,2012-09-18,6.25,02-28-2013,BNP Paribas
Q2-13,2012-10-23,6.25,02-28-2013,BNP Paribas
Q2-13,2012-11-20,6.1,02-28-2013,BNP Paribas
Q2-13,2012-11-29,6.1,02-28-2013,BNP Paribas
Q2-13,2013-01-10,6.1,02-28-2013,BNP Paribas
Q2-13,2013-02-04,6.1,02-28-2013,BNP Paribas
Q3-13,2011-09-19,5.98,02-28-2013,BNP Paribas
Q3-13,2011-11-08,5.93,02-28-2013,BNP Paribas
Q3-13,2011-11-21,5.98,02-28-2013,BNP Paribas
Q3-13,2011-11-28,5.93,02-28-2013,BNP Paribas
Q3-13,2012-01-09,5.93,02-28-2013,BNP Paribas
Q3-13,2012-01-27,5.93,02-28-2013,BNP Paribas
Q3-13,2012-09-05,6.18,02-28-2013,BNP Paribas
Q3-13,2012-09-18,6.3,02-28-2013,BNP Paribas
Q3-13,2012-10-23,6.3,02-28-2013,BNP Paribas
Q3-13,2012-11-20,6.05,02-28-2013,BNP Paribas
Q3-13,2012-11-29,6.05,02-28-2013,BNP Paribas
Q3-13,2013-01-10,6.05,02-28-2013,BNP Paribas
Q3-13,2013-02-04,6.05,02-28-2013,BNP Paribas
Q4-13,2011-07-26,6.15,02-28-2013,BNP Paribas
Q4-13,2011-09-19,6.17,02-28-2013,BNP Paribas
Q4-13,2011-11-08,5.89,02-28-2013,BNP Paribas
Q4-13,2011-11-21,5.93,02-28-2013,BNP Paribas
Q4-13,2011-11-28,5.89,02-28-2013,BNP Paribas
Q4-13,2012-01-09,5.89,02-28-2013,BNP Paribas
Q4-13,2012-01-27,5.89,02-28-2013,BNP Paribas
Q4-13,2012-03-02,5.8,02-28-2013,BNP Paribas
Q4-13,2012-04-13,6.11,02-28-2013,BNP Paribas
Q4-13,2012-04-24,6.11,02-28-2013,BNP Paribas
Q4-13,2012-06-11,6.11,02-28-2013,BNP Paribas
Q4-13,2012-07-03,6.2,02-28-2013,BNP Paribas
Q4-13,2012-08-03,6.2,02-28-2013,BNP Paribas
Q4-13,2012-09-05,6.3,02-28-2013,BNP Paribas
Q4-13,2012-09-18,6.29,02-28-2013,BNP Paribas
Q4-13,2012-10-23,6.29,02-28-2013,BNP Paribas
Q4-13,2012-11-20,6.02,02-28-2013,BNP Paribas
Q4-13,2012-11-29,6.02,02-28-2013,BNP Paribas
Q4-13,2013-01-10,6.02,02-28-2013,BNP Paribas
Q4-13,2013-02-04,6.02,02-28-2013,BNP Paribas
2014,2012-03-02,5.8,02-28-2013,BNP Paribas
2014,2012-09-05,5.8,02-28-2013,BNP Paribas
2014,2012-09-18,6.2,02-28-2013,BNP Paribas
2014,2012-10-23,6.2,02-28-2013,BNP Paribas
2014,2012-11-20,6.0,02-28-2013,BNP Paribas
2014,2012-11-29,6.0,02-28-2013,BNP Paribas
2014,2013-01-10,6.0,02-28-2013,BNP Paribas
2014,2013-02-04,6.0,02-28-2013,BNP Paribas
2015,2012-09-05,5.8,02-28-2013,BNP Paribas
2015,2012-09-18,6.0,02-28-2013,BNP Paribas
2015,2012-10-23,6.0,02-28-2013,BNP Paribas
2015,2012-11-20,6.0,02-28-2013,BNP Paribas
2015,2012-11-29,6.0,02-28-2013,BNP Paribas
2015,2013-01-10,6.0,02-28-2013,BNP Paribas
2015,2013-02-04,6.0,02-28-2013,BNP Paribas
Q1-12,2011-05-10,6.4,02-28-2012,BNP Paribas
Q1-12,2011-06-16,6.25,02-28-2012,BNP Paribas
Q1-12,2011-07-26,6.25,02-28-2012,BNP Paribas
Q1-12,2011-09-19,6.31,02-28-2012,BNP Paribas
Q1-12,2011-11-08,6.28,02-28-2012,BNP Paribas
Q1-12,2011-11-21,6.31,02-28-2012,BNP Paribas
Q1-12,2011-11-28,6.28,02-28-2012,BNP Paribas
Q1-12,2012-01-09,6.28,02-28-2012,BNP Paribas
Q1-12,2012-01-27,6.28,02-28-2012,BNP Paribas
Q2-12,2011-05-10,6.35,02-28-2012,BNP Paribas
Q2-12,2011-06-16,6.21,02-28-2012,BNP Paribas
Q2-12,2011-07-26,6.21,02-28-2012,BNP Paribas
Q2-12,2011-09-19,6.28,02-28-2012,BNP Paribas
Q2-12,2011-11-08,6.24,02-28-2012,BNP Paribas
Q2-12,2011-11-21,6.28,02-28-2012,BNP Paribas
Q2-12,2011-11-28,6.24,02-28-2012,BNP Paribas
Q2-12,2012-01-09,6.24,02-28-2012,BNP Paribas
Q2-12,2012-01-27,6.24,02-28-2012,BNP Paribas
Q3-12,2011-05-10,6.3,02-28-2012,BNP Paribas
Q3-12,2011-09-19,6.24,02-28-2012,BNP Paribas
Q3-12,2011-11-08,6.18,02-28-2012,BNP Paribas
Q3-12,2011-11-21,6.24,02-28-2012,BNP Paribas
Q3-12,2011-11-28,6.18,02-28-2012,BNP Paribas
Q3-12,2012-01-09,6.18,02-28-2012,BNP Paribas
Q3-12,2012-01-27,6.18,02-28-2012,BNP Paribas
Q4-12,2010-03-15,6.22,02-28-2012,BNP Paribas
Q4-12,2010-03-16,6.22,02-28-2012,BNP Paribas
Q4-12,2010-03-18,6.22,02-28-2012,BNP Paribas
Q4-12,2010-03-30,6.22,02-28-2012,BNP Paribas
Q4-12,2010-05-07,6.22,02-28-2012,BNP Paribas
Q4-12,2010-06-01,6.22,02-28-2012,BNP Paribas
Q4-12,2010-06-02,6.22,02-28-2012,BNP Paribas
Q4-12,2010-06-18,6.5,02-28-2012,BNP Paribas
Q4-12,2010-06-21,6.41,02-28-2012,BNP Paribas
Q4-12,2010-07-29,6.41,02-28-2012,BNP Paribas
Q4-12,2010-08-24,6.41,02-28-2012,BNP Paribas
Q4-12,2010-09-21,6.41,02-28-2012,BNP Paribas
Q4-12,2010-09-22,6.26,02-28-2012,BNP Paribas
Q4-12,2010-09-24,6.26,02-28-2012,BNP Paribas
Q4-12,2010-11-02,6.26,02-28-2012,BNP Paribas
Q4-12,2010-11-23,6.26,02-28-2012,BNP Paribas
Q4-12,2011-01-06,6.26,02-28-2012,BNP Paribas
Q4-12,2011-02-09,6.26,02-28-2012,BNP Paribas
Q4-12,2011-05-10,6.26,02-28-2012,BNP Paribas
Q4-12,2011-07-26,6.13,02-28-2012,BNP Paribas
Q4-12,2011-09-19,6.18,02-28-2012,BNP Paribas
Q4-12,2011-11-08,6.12,02-28-2012,BNP Paribas
Q4-12,2011-11-21,6.18,02-28-2012,BNP Paribas
Q4-12,2011-11-28,6.12,02-28-2012,BNP Paribas
Q4-12,2012-01-09,6.12,02-28-2012,BNP Paribas
Q4-12,2012-01-27,6.12,02-28-2012,BNP Paribas
2013,2010-09-22,6.15,02-28-2012,BNP Paribas
2013,2010-09-24,6.15,02-28-2012,BNP Paribas
2013,2010-11-02,6.15,02-28-2012,BNP Paribas
2013,2010-11-23,6.15,02-28-2012,BNP Paribas
2013,2011-01-06,6.15,02-28-2012,BNP Paribas
2013,2011-02-09,6.15,02-28-2012,BNP Paribas
2013,2011-07-26,6.15,02-28-2012,BNP Paribas
2013,2011-09-19,6.17,02-28-2012,BNP Paribas
2013,2011-11-08,5.89,02-28-2012,BNP Paribas
2013,2011-11-21,5.93,02-28-2012,BNP Paribas
2013,2011-11-28,5.89,02-28-2012,BNP Paribas
2013,2012-01-09,5.89,02-28-2012,BNP Paribas
2013,2012-01-27,5.89,02-28-2012,BNP Paribas
Q2-08,2007-06-22,7.2,05-31-2008,BNP Paribas
Q2-08,2007-07-09,7.2,05-31-2008,BNP Paribas
Q2-08,2007-08-06,7.2,05-31-2008,BNP Paribas
Q2-08,2007-08-21,7.2,05-31-2008,BNP Paribas
Q2-08,2007-08-23,7.2,05-31-2008,BNP Paribas
Q2-08,2007-09-24,7.2,05-31-2008,BNP Paribas
Q2-08,2007-10-11,7.2,05-31-2008,BNP Paribas
Q2-08,2007-10-12,7.2,05-31-2008,BNP Paribas
Q2-08,2007-11-19,7.2,05-31-2008,BNP Paribas
Q2-08,2008-01-10,7.05,05-31-2008,BNP Paribas
Q2-08,2008-01-23,7.05,05-31-2008,BNP Paribas
Q2-08,2008-03-20,6.8,05-31-2008,BNP Paribas
Q2-08,2008-04-17,7.0,05-31-2008,BNP Paribas
Q2-08,2008-05-15,6.8,05-31-2008,BNP Paribas
Q2-08,2008-05-23,6.8,05-31-2008,BNP Paribas
Q3-08,2007-09-24,7.1,05-31-2008,BNP Paribas
Q3-08,2007-10-11,7.1,05-31-2008,BNP Paribas
Q3-08,2007-10-12,7.1,05-31-2008,BNP Paribas
Q3-08,2007-11-19,7.1,05-31-2008,BNP Paribas
Q3-08,2008-01-10,6.9,05-31-2008,BNP Paribas
Q3-08,2008-01-23,6.9,05-31-2008,BNP Paribas
Q3-08,2008-03-20,6.6,05-31-2008,BNP Paribas
Q3-08,2008-04-17,6.8,05-31-2008,BNP Paribas
Q3-08,2008-05-15,6.6,05-31-2008,BNP Paribas
Q3-08,2008-05-23,6.6,05-31-2008,BNP Paribas
Q4-08,2006-07-03,6.8,05-31-2008,BNP Paribas
Q4-08,2006-08-08,6.8,05-31-2008,BNP Paribas
Q4-08,2006-09-20,7.0,05-31-2008,BNP Paribas
Q4-08,2006-11-07,7.0,05-31-2008,BNP Paribas
Q4-08,2006-12-12,7.0,05-31-2008,BNP Paribas
Q4-08,2007-01-16,7.0,05-31-2008,BNP Paribas
Q4-08,2007-02-21,7.0,05-31-2008,BNP Paribas
Q4-08,2007-03-08,7.0,05-31-2008,BNP Paribas
Q4-08,2007-03-22,7.0,05-31-2008,BNP Paribas
Q4-08,2007-03-27,7.0,05-31-2008,BNP Paribas
Q4-08,2007-04-03,7.0,05-31-2008,BNP Paribas
Q4-08,2007-05-24,7.0,05-31-2008,BNP Paribas
Q4-08,2007-05-31,7.0,05-31-2008,BNP Paribas
Q4-08,2007-06-22,7.0,05-31-2008,BNP Paribas
Q4-08,2007-07-09,7.0,05-31-2008,BNP Paribas
Q4-08,2007-08-06,7.0,05-31-2008,BNP Paribas
Q4-08,2007-08-21,7.0,05-31-2008,BNP Paribas
Q4-08,2007-08-23,7.0,05-31-2008,BNP Paribas
Q4-08,2007-09-24,7.0,05-31-2008,BNP Paribas
Q4-08,2007-10-11,7.0,05-31-2008,BNP Paribas
Q4-08,2007-10-12,7.0,05-31-2008,BNP Paribas
Q4-08,2007-11-19,7.0,05-31-2008,BNP Paribas
Q4-08,2008-01-10,6.8,05-31-2008,BNP Paribas
Q4-08,2008-01-23,6.8,05-31-2008,BNP Paribas
Q4-08,2008-03-20,6.4,05-31-2008,BNP Paribas
Q4-08,2008-04-17,6.6,05-31-2008,BNP Paribas
Q4-08,2008-05-15,6.4,05-31-2008,BNP Paribas
Q4-08,2008-05-23,6.4,05-31-2008,BNP Paribas
Q1-09,2008-03-20,6.2,05-31-2008,BNP Paribas
Q1-09,2008-04-17,6.4,05-31-2008,BNP Paribas
Q1-09,2008-05-15,6.2,05-31-2008,BNP Paribas
Q1-09,2008-05-23,6.2,05-31-2008,BNP Paribas
2009,2006-07-03,7.2,05-31-2008,BNP Paribas
2009,2006-08-08,7.2,05-31-2008,BNP Paribas
2009,2006-09-20,7.2,05-31-2008,BNP Paribas
2009,2006-11-07,7.2,05-31-2008,BNP Paribas
2009,2006-12-12,7.2,05-31-2008,BNP Paribas
2009,2007-01-16,7.2,05-31-2008,BNP Paribas
2009,2007-02-21,7.2,05-31-2008,BNP Paribas
2009,2007-03-08,7.2,05-31-2008,BNP Paribas
2009,2007-03-22,7.2,05-31-2008,BNP Paribas
2009,2007-03-27,7.2,05-31-2008,BNP Paribas
2009,2007-04-03,7.2,05-31-2008,BNP Paribas
2009,2007-05-24,6.6,05-31-2008,BNP Paribas
2009,2007-05-31,6.6,05-31-2008,BNP Paribas
2009,2007-06-22,6.6,05-31-2008,BNP Paribas
2009,2007-07-09,6.6,05-31-2008,BNP Paribas
2009,2007-08-06,6.6,05-31-2008,BNP Paribas
2009,2007-08-21,6.6,05-31-2008,BNP Paribas
2009,2007-08-23,6.6,05-31-2008,BNP Paribas
2009,2007-09-24,6.6,05-31-2008,BNP Paribas
2009,2007-10-11,6.6,05-31-2008,BNP Paribas
2009,2007-10-12,6.6,05-31-2008,BNP Paribas
2009,2007-11-19,6.6,05-31-2008,BNP Paribas
2009,2008-01-10,6.4,05-31-2008,BNP Paribas
2009,2008-01-23,6.4,05-31-2008,BNP Paribas
2009,2008-03-20,6.0,05-31-2008,BNP Paribas
2009,2008-04-17,6.0,05-31-2008,BNP Paribas
2009,2008-05-15,6.0,05-31-2008,BNP Paribas
2009,2008-05-23,6.0,05-31-2008,BNP Paribas
2010,2006-07-03,7.0,05-31-2008,BNP Paribas
2010,2006-08-08,7.0,05-31-2008,BNP Paribas
2010,2006-09-20,7.0,05-31-2008,BNP Paribas
2010,2006-11-07,7.0,05-31-2008,BNP Paribas
2010,2006-12-12,7.0,05-31-2008,BNP Paribas
2010,2007-01-16,7.0,05-31-2008,BNP Paribas
2010,2007-02-21,7.0,05-31-2008,BNP Paribas
2010,2007-03-08,7.0,05-31-2008,BNP Paribas
2010,2007-03-22,7.0,05-31-2008,BNP Paribas
2010,2007-03-27,7.0,05-31-2008,BNP Paribas
2010,2007-04-03,7.0,05-31-2008,BNP Paribas
2010,2007-05-24,6.2,05-31-2008,BNP Paribas
2010,2007-05-31,6.2,05-31-2008,BNP Paribas
2010,2007-06-22,6.2,05-31-2008,BNP Paribas
2010,2007-07-09,6.2,05-31-2008,BNP Paribas
2010,2007-08-06,6.2,05-31-2008,BNP Paribas
2010,2007-08-21,6.2,05-31-2008,BNP Paribas
2010,2007-08-23,6.2,05-31-2008,BNP Paribas
2010,2007-09-24,6.2,05-31-2008,BNP Paribas
2010,2007-10-11,6.2,05-31-2008,BNP Paribas
2010,2007-10-12,6.2,05-31-2008,BNP Paribas
2010,2007-11-19,6.2,05-31-2008,BNP Paribas
2010,2008-01-10,6.2,05-31-2008,BNP Paribas
2010,2008-01-23,6.2,05-31-2008,BNP Paribas
2010,2008-03-20,6.2,05-31-2008,BNP Paribas
2010,2008-04-17,6.0,05-31-2008,BNP Paribas
2010,2008-05-15,6.0,05-31-2008,BNP Paribas
2010,2008-05-23,6.0,05-31-2008,BNP Paribas
2011,2006-07-03,6.8,05-31-2008,BNP Paribas
2011,2006-08-08,6.8,05-31-2008,BNP Paribas
2011,2006-09-20,6.8,05-31-2008,BNP Paribas
2011,2006-11-07,6.8,05-31-2008,BNP Paribas
2011,2006-12-12,6.8,05-31-2008,BNP Paribas
2011,2007-01-16,6.8,05-31-2008,BNP Paribas
2011,2007-02-21,6.8,05-31-2008,BNP Paribas
2011,2007-03-08,6.8,05-31-2008,BNP Paribas
2011,2007-03-22,6.8,05-31-2008,BNP Paribas
2011,2007-03-27,6.8,05-31-2008,BNP Paribas
2011,2007-04-03,6.8,05-31-2008,BNP Paribas
2011,2007-05-24,6.0,05-31-2008,BNP Paribas
2011,2007-05-31,6.0,05-31-2008,BNP Paribas
2011,2007-06-22,6.0,05-31-2008,BNP Paribas
2011,2007-07-09,6.0,05-31-2008,BNP Paribas
2011,2007-08-06,6.0,05-31-2008,BNP Paribas
2011,2007-08-21,6.0,05-31-2008,BNP Paribas
2011,2007-08-23,6.0,05-31-2008,BNP Paribas
2011,2007-09-24,6.0,05-31-2008,BNP Paribas
2011,2007-10-11,6.0,05-31-2008,BNP Paribas
2011,2007-10-12,6.0,05-31-2008,BNP Paribas
2011,2007-11-19,6.0,05-31-2008,BNP Paribas
2011,2008-01-10,6.0,05-31-2008,BNP Paribas
2011,2008-01-23,6.0,05-31-2008,BNP Paribas
2011,2008-03-20,6.0,05-31-2008,BNP Paribas
2011,2008-04-17,6.0,05-31-2008,BNP Paribas
2011,2008-05-15,6.0,05-31-2008,BNP Paribas
2011,2008-05-23,6.0,05-31-2008,BNP Paribas
2012,2007-03-22,6.5,05-31-2008,BNP Paribas
2012,2007-03-27,6.5,05-31-2008,BNP Paribas
2012,2007-04-03,6.5,05-31-2008,BNP Paribas
2012,2007-06-22,6.5,05-31-2008,BNP Paribas
2012,2007-07-09,6.5,05-31-2008,BNP Paribas
2012,2007-08-06,6.5,05-31-2008,BNP Paribas
2012,2007-08-21,6.5,05-31-2008,BNP Paribas
2012,2007-08-23,6.5,05-31-2008,BNP Paribas
2012,2007-09-24,6.5,05-31-2008,BNP Paribas
2012,2007-10-11,6.5,05-31-2008,BNP Paribas
2012,2007-10-12,6.5,05-31-2008,BNP Paribas
2012,2007-11-19,6.5,05-31-2008,BNP Paribas
2012,2008-01-10,6.5,05-31-2008,BNP Paribas
2012,2008-01-23,6.5,05-31-2008,BNP Paribas
2012,2008-03-20,6.5,05-31-2008,BNP Paribas
2012,2008-04-17,6.5,05-31-2008,BNP Paribas
2012,2008-05-15,6.5,05-31-2008,BNP Paribas
2012,2008-05-23,6.5,05-31-2008,BNP Paribas
Q4-15,2013-09-26,6.13,08-31-2015,BNP Paribas
Q4-15,2013-12-02,6.1,08-31-2015,BNP Paribas
Q4-15,2014-01-08,5.95,08-31-2015,BNP Paribas
Q4-15,2014-01-30,5.95,08-31-2015,BNP Paribas
Q4-15,2014-02-21,6.0,08-31-2015,BNP Paribas
Q4-15,2014-03-24,6.0,08-31-2015,BNP Paribas
Q4-15,2014-04-04,6.0,08-31-2015,BNP Paribas
Q4-15,2014-06-13,6.15,08-31-2015,BNP Paribas
2020,2019-09-03,7.2,11-30-2019,BNP Paribas
2020,2019-09-05,7.2,11-30-2019,BNP Paribas
Q4-19,2019-09-03,7.25,11-30-2019,BNP Paribas
Q4-19,2019-09-05,7.25,11-30-2019,BNP Paribas
Q3-20,2019-09-03,7.25,11-30-2019,BNP Paribas
Q3-20,2019-09-05,7.25,11-30-2019,BNP Paribas
Q2-20,2019-09-03,7.3,11-30-2019,BNP Paribas
Q2-20,2019-09-05,7.3,11-30-2019,BNP Paribas
Q1-20,2019-09-03,7.35,11-30-2019,BNP Paribas
Q1-20,2019-09-05,7.35,11-30-2019,BNP Paribas
Q2-12,2011-05-10,6.35,05-31-2012,BNP Paribas
Q2-12,2011-06-16,6.21,05-31-2012,BNP Paribas
Q2-12,2011-07-26,6.21,05-31-2012,BNP Paribas
Q2-12,2011-09-19,6.28,05-31-2012,BNP Paribas
Q2-12,2011-11-08,6.24,05-31-2012,BNP Paribas
Q2-12,2011-11-21,6.28,05-31-2012,BNP Paribas
Q2-12,2011-11-28,6.24,05-31-2012,BNP Paribas
Q2-12,2012-01-09,6.24,05-31-2012,BNP Paribas
Q2-12,2012-01-27,6.24,05-31-2012,BNP Paribas
Q2-12,2012-03-02,6.24,05-31-2012,BNP Paribas
Q2-12,2012-04-13,6.3,05-31-2012,BNP Paribas
Q2-12,2012-04-24,6.3,05-31-2012,BNP Paribas
Q3-12,2011-05-10,6.3,05-31-2012,BNP Paribas
Q3-12,2011-09-19,6.24,05-31-2012,BNP Paribas
Q3-12,2011-11-08,6.18,05-31-2012,BNP Paribas
Q3-12,2011-11-21,6.24,05-31-2012,BNP Paribas
Q3-12,2011-11-28,6.18,05-31-2012,BNP Paribas
Q3-12,2012-01-09,6.18,05-31-2012,BNP Paribas
Q3-12,2012-01-27,6.18,05-31-2012,BNP Paribas
Q3-12,2012-03-02,6.18,05-31-2012,BNP Paribas
Q3-12,2012-04-13,6.26,05-31-2012,BNP Paribas
Q3-12,2012-04-24,6.26,05-31-2012,BNP Paribas
Q4-12,2010-06-01,6.22,05-31-2012,BNP Paribas
Q4-12,2010-06-02,6.22,05-31-2012,BNP Paribas
Q4-12,2010-06-18,6.5,05-31-2012,BNP Paribas
Q4-12,2010-06-21,6.41,05-31-2012,BNP Paribas
Q4-12,2010-07-29,6.41,05-31-2012,BNP Paribas
Q4-12,2010-08-24,6.41,05-31-2012,BNP Paribas
Q4-12,2010-09-21,6.41,05-31-2012,BNP Paribas
Q4-12,2010-09-22,6.26,05-31-2012,BNP Paribas
Q4-12,2010-09-24,6.26,05-31-2012,BNP Paribas
Q4-12,2010-11-02,6.26,05-31-2012,BNP Paribas
Q4-12,2010-11-23,6.26,05-31-2012,BNP Paribas
Q4-12,2011-01-06,6.26,05-31-2012,BNP Paribas
Q4-12,2011-02-09,6.26,05-31-2012,BNP Paribas
Q4-12,2011-05-10,6.26,05-31-2012,BNP Paribas
Q4-12,2011-07-26,6.13,05-31-2012,BNP Paribas
Q4-12,2011-09-19,6.18,05-31-2012,BNP Paribas
Q4-12,2011-11-08,6.12,05-31-2012,BNP Paribas
Q4-12,2011-11-21,6.18,05-31-2012,BNP Paribas
Q4-12,2011-11-28,6.12,05-31-2012,BNP Paribas
Q4-12,2012-01-09,6.12,05-31-2012,BNP Paribas
Q4-12,2012-01-27,6.12,05-31-2012,BNP Paribas
Q4-12,2012-03-02,6.12,05-31-2012,BNP Paribas
Q4-12,2012-04-13,6.21,05-31-2012,BNP Paribas
Q4-12,2012-04-24,6.21,05-31-2012,BNP Paribas
Q1-13,2011-05-10,6.23,05-31-2012,BNP Paribas
Q1-13,2011-09-19,6.12,05-31-2012,BNP Paribas
Q1-13,2011-11-08,6.05,05-31-2012,BNP Paribas
Q1-13,2011-11-21,6.12,05-31-2012,BNP Paribas
Q1-13,2011-11-28,6.05,05-31-2012,BNP Paribas
Q1-13,2012-01-09,6.05,05-31-2012,BNP Paribas
Q1-13,2012-01-27,6.05,05-31-2012,BNP Paribas
Q1-13,2012-03-02,5.89,05-31-2012,BNP Paribas
Q1-13,2012-04-24,6.16,05-31-2012,BNP Paribas
2013,2010-09-22,6.15,05-31-2012,BNP Paribas
2013,2010-09-24,6.15,05-31-2012,BNP Paribas
2013,2010-11-02,6.15,05-31-2012,BNP Paribas
2013,2010-11-23,6.15,05-31-2012,BNP Paribas
2013,2011-01-06,6.15,05-31-2012,BNP Paribas
2013,2011-02-09,6.15,05-31-2012,BNP Paribas
2013,2011-07-26,6.15,05-31-2012,BNP Paribas
2013,2011-09-19,6.17,05-31-2012,BNP Paribas
2013,2011-11-08,5.89,05-31-2012,BNP Paribas
2013,2011-11-21,5.93,05-31-2012,BNP Paribas
2013,2011-11-28,5.89,05-31-2012,BNP Paribas
2013,2012-01-09,5.89,05-31-2012,BNP Paribas
2013,2012-01-27,5.89,05-31-2012,BNP Paribas
2013,2012-03-02,5.8,05-31-2012,BNP Paribas
2013,2012-04-13,6.11,05-31-2012,BNP Paribas
2013,2012-04-24,6.11,05-31-2012,BNP Paribas
2014,2012-03-02,5.8,05-31-2012,BNP Paribas
Q1-08,2007-03-22,7.3,02-28-2008,BNP Paribas
Q1-08,2007-03-27,7.3,02-28-2008,BNP Paribas
Q1-08,2007-04-03,7.3,02-28-2008,BNP Paribas
Q1-08,2007-05-24,7.3,02-28-2008,BNP Paribas
Q1-08,2007-05-31,7.3,02-28-2008,BNP Paribas
Q1-08,2007-06-22,7.3,02-28-2008,BNP Paribas
Q1-08,2007-07-09,7.3,02-28-2008,BNP Paribas
Q1-08,2007-08-06,7.3,02-28-2008,BNP Paribas
Q1-08,2007-08-21,7.3,02-28-2008,BNP Paribas
Q1-08,2007-08-23,7.3,02-28-2008,BNP Paribas
Q1-08,2007-09-24,7.3,02-28-2008,BNP Paribas
Q1-08,2007-10-11,7.3,02-28-2008,BNP Paribas
Q1-08,2007-10-12,7.3,02-28-2008,BNP Paribas
Q1-08,2007-11-19,7.3,02-28-2008,BNP Paribas
Q1-08,2008-01-10,7.2,02-28-2008,BNP Paribas
Q1-08,2008-01-23,7.2,02-28-2008,BNP Paribas
Q2-08,2007-06-22,7.2,02-28-2008,BNP Paribas
Q2-08,2007-07-09,7.2,02-28-2008,BNP Paribas
Q2-08,2007-08-06,7.2,02-28-2008,BNP Paribas
Q2-08,2007-08-21,7.2,02-28-2008,BNP Paribas
Q2-08,2007-08-23,7.2,02-28-2008,BNP Paribas
Q2-08,2007-09-24,7.2,02-28-2008,BNP Paribas
Q2-08,2007-10-11,7.2,02-28-2008,BNP Paribas
Q2-08,2007-10-12,7.2,02-28-2008,BNP Paribas
Q2-08,2007-11-19,7.2,02-28-2008,BNP Paribas
Q2-08,2008-01-10,7.05,02-28-2008,BNP Paribas
Q2-08,2008-01-23,7.05,02-28-2008,BNP Paribas
Q3-08,2007-09-24,7.1,02-28-2008,BNP Paribas
Q3-08,2007-10-11,7.1,02-28-2008,BNP Paribas
Q3-08,2007-10-12,7.1,02-28-2008,BNP Paribas
Q3-08,2007-11-19,7.1,02-28-2008,BNP Paribas
Q3-08,2008-01-10,6.9,02-28-2008,BNP Paribas
Q3-08,2008-01-23,6.9,02-28-2008,BNP Paribas
Q4-08,2006-05-18,7.3,02-28-2008,BNP Paribas
Q4-08,2006-07-03,6.8,02-28-2008,BNP Paribas
Q4-08,2006-08-08,6.8,02-28-2008,BNP Paribas
Q4-08,2006-09-20,7.0,02-28-2008,BNP Paribas
Q4-08,2006-11-07,7.0,02-28-2008,BNP Paribas
Q4-08,2006-12-12,7.0,02-28-2008,BNP Paribas
Q4-08,2007-01-16,7.0,02-28-2008,BNP Paribas
Q4-08,2007-02-21,7.0,02-28-2008,BNP Paribas
Q4-08,2007-03-08,7.0,02-28-2008,BNP Paribas
Q4-08,2007-03-22,7.0,02-28-2008,BNP Paribas
Q4-08,2007-03-27,7.0,02-28-2008,BNP Paribas
Q4-08,2007-04-03,7.0,02-28-2008,BNP Paribas
Q4-08,2007-05-24,7.0,02-28-2008,BNP Paribas
Q4-08,2007-05-31,7.0,02-28-2008,BNP Paribas
Q4-08,2007-06-22,7.0,02-28-2008,BNP Paribas
Q4-08,2007-07-09,7.0,02-28-2008,BNP Paribas
Q4-08,2007-08-06,7.0,02-28-2008,BNP Paribas
Q4-08,2007-08-21,7.0,02-28-2008,BNP Paribas
Q4-08,2007-08-23,7.0,02-28-2008,BNP Paribas
Q4-08,2007-09-24,7.0,02-28-2008,BNP Paribas
Q4-08,2007-10-11,7.0,02-28-2008,BNP Paribas
Q4-08,2007-10-12,7.0,02-28-2008,BNP Paribas
Q4-08,2007-11-19,7.0,02-28-2008,BNP Paribas
Q4-08,2008-01-10,6.8,02-28-2008,BNP Paribas
Q4-08,2008-01-23,6.8,02-28-2008,BNP Paribas
2009,2006-05-18,7.2,02-28-2008,BNP Paribas
2009,2006-07-03,7.2,02-28-2008,BNP Paribas
2009,2006-08-08,7.2,02-28-2008,BNP Paribas
2009,2006-09-20,7.2,02-28-2008,BNP Paribas
2009,2006-11-07,7.2,02-28-2008,BNP Paribas
2009,2006-12-12,7.2,02-28-2008,BNP Paribas
2009,2007-01-16,7.2,02-28-2008,BNP Paribas
2009,2007-02-21,7.2,02-28-2008,BNP Paribas
2009,2007-03-08,7.2,02-28-2008,BNP Paribas
2009,2007-03-22,7.2,02-28-2008,BNP Paribas
2009,2007-03-27,7.2,02-28-2008,BNP Paribas
2009,2007-04-03,7.2,02-28-2008,BNP Paribas
2009,2007-05-24,6.6,02-28-2008,BNP Paribas
2009,2007-05-31,6.6,02-28-2008,BNP Paribas
2009,2007-06-22,6.6,02-28-2008,BNP Paribas
2009,2007-07-09,6.6,02-28-2008,BNP Paribas
2009,2007-08-06,6.6,02-28-2008,BNP Paribas
2009,2007-08-21,6.6,02-28-2008,BNP Paribas
2009,2007-08-23,6.6,02-28-2008,BNP Paribas
2009,2007-09-24,6.6,02-28-2008,BNP Paribas
2009,2007-10-11,6.6,02-28-2008,BNP Paribas
2009,2007-10-12,6.6,02-28-2008,BNP Paribas
2009,2007-11-19,6.6,02-28-2008,BNP Paribas
2009,2008-01-10,6.4,02-28-2008,BNP Paribas
2009,2008-01-23,6.4,02-28-2008,BNP Paribas
2010,2006-05-18,7.0,02-28-2008,BNP Paribas
2010,2006-07-03,7.0,02-28-2008,BNP Paribas
2010,2006-08-08,7.0,02-28-2008,BNP Paribas
2010,2006-09-20,7.0,02-28-2008,BNP Paribas
2010,2006-11-07,7.0,02-28-2008,BNP Paribas
2010,2006-12-12,7.0,02-28-2008,BNP Paribas
2010,2007-01-16,7.0,02-28-2008,BNP Paribas
2010,2007-02-21,7.0,02-28-2008,BNP Paribas
2010,2007-03-08,7.0,02-28-2008,BNP Paribas
2010,2007-03-22,7.0,02-28-2008,BNP Paribas
2010,2007-03-27,7.0,02-28-2008,BNP Paribas
2010,2007-04-03,7.0,02-28-2008,BNP Paribas
2010,2007-05-24,6.2,02-28-2008,BNP Paribas
2010,2007-05-31,6.2,02-28-2008,BNP Paribas
2010,2007-06-22,6.2,02-28-2008,BNP Paribas
2010,2007-07-09,6.2,02-28-2008,BNP Paribas
2010,2007-08-06,6.2,02-28-2008,BNP Paribas
2010,2007-08-21,6.2,02-28-2008,BNP Paribas
2010,2007-08-23,6.2,02-28-2008,BNP Paribas
2010,2007-09-24,6.2,02-28-2008,BNP Paribas
2010,2007-10-11,6.2,02-28-2008,BNP Paribas
2010,2007-10-12,6.2,02-28-2008,BNP Paribas
2010,2007-11-19,6.2,02-28-2008,BNP Paribas
2010,2008-01-10,6.2,02-28-2008,BNP Paribas
2010,2008-01-23,6.2,02-28-2008,BNP Paribas
2011,2006-07-03,6.8,02-28-2008,BNP Paribas
2011,2006-08-08,6.8,02-28-2008,BNP Paribas
2011,2006-09-20,6.8,02-28-2008,BNP Paribas
2011,2006-11-07,6.8,02-28-2008,BNP Paribas
2011,2006-12-12,6.8,02-28-2008,BNP Paribas
2011,2007-01-16,6.8,02-28-2008,BNP Paribas
2011,2007-02-21,6.8,02-28-2008,BNP Paribas
2011,2007-03-08,6.8,02-28-2008,BNP Paribas
2011,2007-03-22,6.8,02-28-2008,BNP Paribas
2011,2007-03-27,6.8,02-28-2008,BNP Paribas
2011,2007-04-03,6.8,02-28-2008,BNP Paribas
2011,2007-05-24,6.0,02-28-2008,BNP Paribas
2011,2007-05-31,6.0,02-28-2008,BNP Paribas
2011,2007-06-22,6.0,02-28-2008,BNP Paribas
2011,2007-07-09,6.0,02-28-2008,BNP Paribas
2011,2007-08-06,6.0,02-28-2008,BNP Paribas
2011,2007-08-21,6.0,02-28-2008,BNP Paribas
2011,2007-08-23,6.0,02-28-2008,BNP Paribas
2011,2007-09-24,6.0,02-28-2008,BNP Paribas
2011,2007-10-11,6.0,02-28-2008,BNP Paribas
2011,2007-10-12,6.0,02-28-2008,BNP Paribas
2011,2007-11-19,6.0,02-28-2008,BNP Paribas
2011,2008-01-10,6.0,02-28-2008,BNP Paribas
2011,2008-01-23,6.0,02-28-2008,BNP Paribas
2012,2007-03-22,6.5,02-28-2008,BNP Paribas
2012,2007-03-27,6.5,02-28-2008,BNP Paribas
2012,2007-04-03,6.5,02-28-2008,BNP Paribas
2012,2007-06-22,6.5,02-28-2008,BNP Paribas
2012,2007-07-09,6.5,02-28-2008,BNP Paribas
2012,2007-08-06,6.5,02-28-2008,BNP Paribas
2012,2007-08-21,6.5,02-28-2008,BNP Paribas
2012,2007-08-23,6.5,02-28-2008,BNP Paribas
2012,2007-09-24,6.5,02-28-2008,BNP Paribas
2012,2007-10-11,6.5,02-28-2008,BNP Paribas
2012,2007-10-12,6.5,02-28-2008,BNP Paribas
2012,2007-11-19,6.5,02-28-2008,BNP Paribas
2012,2008-01-10,6.5,02-28-2008,BNP Paribas
2012,2008-01-23,6.5,02-28-2008,BNP Paribas
Q4-15,2013-12-02,6.1,11-30-2015,BNP Paribas
Q4-15,2014-01-08,5.95,11-30-2015,BNP Paribas
Q4-15,2014-01-30,5.95,11-30-2015,BNP Paribas
Q4-15,2014-02-21,6.0,11-30-2015,BNP Paribas
Q4-15,2014-03-24,6.0,11-30-2015,BNP Paribas
Q4-15,2014-04-04,6.0,11-30-2015,BNP Paribas
Q4-15,2014-06-13,6.15,11-30-2015,BNP Paribas
