period,change_date,change,file,company
Q2-07,2006-06-21,7.45,05-31-2007,Citigroup
Q2-07,2006-07-20,7.45,05-31-2007,Citigroup
Q2-07,2006-08-23,7.5,05-31-2007,Citigroup
Q2-07,2006-11-08,7.5,05-31-2007,Citigroup
Q2-07,2006-12-08,7.48,05-31-2007,Citigroup
Q2-07,2007-01-11,7.52,05-31-2007,Citigroup
Q2-07,2007-01-19,7.53,05-31-2007,Citigroup
Q2-07,2007-02-01,7.55,05-31-2007,Citigroup
Q2-07,2007-02-08,7.56,05-31-2007,Citigroup
Q2-07,2007-02-15,7.57,05-31-2007,Citigroup
Q2-07,2007-02-22,7.57,05-31-2007,Citigroup
Q2-07,2007-03-01,7.57,05-31-2007,Citigroup
Q2-07,2007-03-09,7.59,05-31-2007,Citigroup
Q2-07,2007-03-15,7.6,05-31-2007,Citigroup
Q2-07,2007-03-23,7.62,05-31-2007,Citigroup
Q2-07,2007-03-29,7.45,05-31-2007,Citigroup
Q2-07,2007-04-05,7.47,05-31-2007,Citigroup
Q2-07,2007-04-12,7.5,05-31-2007,Citigroup
Q2-07,2007-04-19,7.52,05-31-2007,Citigroup
Q2-07,2007-05-03,7.58,05-31-2007,Citigroup
Q2-07,2007-05-10,7.61,05-31-2007,Citigroup
Q3-07,2006-11-08,7.35,05-31-2007,Citigroup
Q3-07,2006-12-08,7.41,05-31-2007,Citigroup
Q3-07,2007-01-11,7.43,05-31-2007,Citigroup
Q3-07,2007-01-19,7.44,05-31-2007,Citigroup
Q3-07,2007-02-01,7.43,05-31-2007,Citigroup
Q3-07,2007-02-08,7.44,05-31-2007,Citigroup
Q3-07,2007-02-15,7.45,05-31-2007,Citigroup
Q3-07,2007-02-22,7.46,05-31-2007,Citigroup
Q3-07,2007-03-01,7.44,05-31-2007,Citigroup
Q3-07,2007-03-09,7.45,05-31-2007,Citigroup
Q3-07,2007-03-15,7.46,05-31-2007,Citigroup
Q3-07,2007-03-23,7.46,05-31-2007,Citigroup
Q3-07,2007-03-29,7.3,05-31-2007,Citigroup
Q3-07,2007-04-05,7.31,05-31-2007,Citigroup
Q3-07,2007-04-12,7.32,05-31-2007,Citigroup
Q3-07,2007-04-19,7.33,05-31-2007,Citigroup
Q3-07,2007-05-03,7.36,05-31-2007,Citigroup
Q3-07,2007-05-10,7.37,05-31-2007,Citigroup
Q3-07,2007-05-31,7.38,05-31-2007,Citigroup
Q4-07,2006-03-22,7.42,05-31-2007,Citigroup
Q4-07,2006-04-26,7.18,05-31-2007,Citigroup
Q4-07,2006-05-25,7.35,05-31-2007,Citigroup
Q4-07,2006-06-21,7.35,05-31-2007,Citigroup
Q4-07,2006-11-08,7.35,05-31-2007,Citigroup
Q4-07,2006-12-08,7.29,05-31-2007,Citigroup
Q4-07,2007-01-11,7.36,05-31-2007,Citigroup
Q4-07,2007-01-19,7.36,05-31-2007,Citigroup
Q4-07,2007-02-01,7.33,05-31-2007,Citigroup
Q4-07,2007-02-08,7.34,05-31-2007,Citigroup
Q4-07,2007-02-15,7.35,05-31-2007,Citigroup
Q4-07,2007-02-22,7.36,05-31-2007,Citigroup
Q4-07,2007-03-01,7.35,05-31-2007,Citigroup
Q4-07,2007-03-09,7.36,05-31-2007,Citigroup
Q4-07,2007-03-15,7.37,05-31-2007,Citigroup
Q4-07,2007-03-23,7.38,05-31-2007,Citigroup
Q4-07,2007-03-29,7.2,05-31-2007,Citigroup
Q4-07,2007-04-05,7.2,05-31-2007,Citigroup
Q4-07,2007-04-12,7.21,05-31-2007,Citigroup
Q4-07,2007-04-19,7.22,05-31-2007,Citigroup
Q4-07,2007-05-03,7.24,05-31-2007,Citigroup
Q4-07,2007-05-10,7.24,05-31-2007,Citigroup
Q4-07,2007-05-31,7.27,05-31-2007,Citigroup
Q1-08,2007-03-01,7.24,05-31-2007,Citigroup
Q1-08,2007-03-09,7.25,05-31-2007,Citigroup
Q1-08,2007-03-15,7.27,05-31-2007,Citigroup
Q1-08,2007-03-23,7.28,05-31-2007,Citigroup
Q1-08,2007-03-29,7.1,05-31-2007,Citigroup
Q1-08,2007-04-05,7.11,05-31-2007,Citigroup
Q1-08,2007-04-12,7.11,05-31-2007,Citigroup
Q1-08,2007-04-19,7.12,05-31-2007,Citigroup
Q1-08,2007-05-03,7.14,05-31-2007,Citigroup
Q1-08,2007-05-10,7.14,05-31-2007,Citigroup
Q1-08,2007-05-31,7.17,05-31-2007,Citigroup
2008,2006-03-22,6.95,05-31-2007,Citigroup
2008,2006-04-26,6.85,05-31-2007,Citigroup
2008,2006-05-25,6.95,05-31-2007,Citigroup
2008,2006-06-21,6.95,05-31-2007,Citigroup
2008,2006-11-08,6.95,05-31-2007,Citigroup
2008,2006-12-08,7.57,05-31-2007,Citigroup
2008,2007-01-11,7.11,05-31-2007,Citigroup
2008,2007-01-19,7.11,05-31-2007,Citigroup
2008,2007-02-22,7.11,05-31-2007,Citigroup
2008,2007-03-01,7.11,05-31-2007,Citigroup
2008,2007-03-09,7.11,05-31-2007,Citigroup
2008,2007-03-15,7.11,05-31-2007,Citigroup
2008,2007-03-23,7.63,05-31-2007,Citigroup
2008,2007-05-10,7.0,05-31-2007,Citigroup
2009,2006-03-22,6.66,05-31-2007,Citigroup
2009,2006-04-26,6.44,05-31-2007,Citigroup
2009,2006-05-25,6.66,05-31-2007,Citigroup
2009,2006-06-21,6.66,05-31-2007,Citigroup
2009,2006-11-08,6.66,05-31-2007,Citigroup
2009,2006-12-08,7.11,05-31-2007,Citigroup
2009,2007-01-11,6.75,05-31-2007,Citigroup
2009,2007-01-19,6.75,05-31-2007,Citigroup
2009,2007-02-22,6.75,05-31-2007,Citigroup
2009,2007-03-01,6.75,05-31-2007,Citigroup
2009,2007-03-09,6.75,05-31-2007,Citigroup
2009,2007-03-15,6.75,05-31-2007,Citigroup
2009,2007-03-23,7.75,05-31-2007,Citigroup
2009,2007-05-10,6.7,05-31-2007,Citigroup
2010,2006-03-22,6.42,05-31-2007,Citigroup
2010,2006-04-26,6.21,05-31-2007,Citigroup
2010,2006-05-25,6.42,05-31-2007,Citigroup
2010,2006-06-21,6.42,05-31-2007,Citigroup
2010,2006-11-08,6.42,05-31-2007,Citigroup
2010,2006-12-08,6.75,05-31-2007,Citigroup
2010,2007-01-11,6.48,05-31-2007,Citigroup
2010,2007-01-19,6.48,05-31-2007,Citigroup
2010,2007-02-22,6.48,05-31-2007,Citigroup
2010,2007-03-01,6.48,05-31-2007,Citigroup
2010,2007-03-09,6.48,05-31-2007,Citigroup
2010,2007-03-15,6.48,05-31-2007,Citigroup
2010,2007-03-23,7.83,05-31-2007,Citigroup
2010,2007-05-10,6.46,05-31-2007,Citigroup
2011,2006-11-08,6.42,05-31-2007,Citigroup
2011,2006-12-08,6.48,05-31-2007,Citigroup
2011,2007-01-11,6.22,05-31-2007,Citigroup
2011,2007-01-19,6.22,05-31-2007,Citigroup
2011,2007-02-22,6.22,05-31-2007,Citigroup
2011,2007-03-01,6.22,05-31-2007,Citigroup
2011,2007-03-09,6.22,05-31-2007,Citigroup
2011,2007-03-15,6.22,05-31-2007,Citigroup
2011,2007-03-23,7.84,05-31-2007,Citigroup
2011,2007-05-10,6.28,05-31-2007,Citigroup
Q2-11,2011-04-22,6.45,05-31-2011,Citigroup
Q2-11,2011-05-24,6.5,05-31-2011,Citigroup
Q3-11,2011-04-22,6.35,05-31-2011,Citigroup
Q3-11,2011-05-24,6.48,05-31-2011,Citigroup
Q4-11,2011-04-22,6.25,05-31-2011,Citigroup
Q4-11,2011-05-24,6.43,05-31-2011,Citigroup
Q1-12,2011-04-22,6.18,05-31-2011,Citigroup
Q1-12,2011-05-24,6.35,05-31-2011,Citigroup
2012,2011-04-22,6.0,05-31-2011,Citigroup
2012,2011-05-24,6.15,05-31-2011,Citigroup
Q3-20,2018-09-17,6.09,08-31-2020,Citigroup
Q3-20,2018-10-19,6.52,08-31-2020,Citigroup
Q3-20,2018-11-20,6.55,08-31-2020,Citigroup
Q3-20,2019-03-21,6.25,08-31-2020,Citigroup
Q3-20,2019-08-21,7.15,08-31-2020,Citigroup
Q3-20,2019-09-23,7.16,08-31-2020,Citigroup
Q3-20,2020-02-06,6.96,08-31-2020,Citigroup
Q3-20,2020-04-17,6.94,08-31-2020,Citigroup
Q3-20,2020-07-10,6.94,08-31-2020,Citigroup
Q4-20,2018-10-19,6.43,08-31-2020,Citigroup
Q4-20,2019-03-21,6.17,08-31-2020,Citigroup
Q4-20,2019-08-21,7.01,08-31-2020,Citigroup
Q4-20,2019-09-23,6.99,08-31-2020,Citigroup
Q4-20,2020-02-06,6.89,08-31-2020,Citigroup
Q4-20,2020-04-17,6.91,08-31-2020,Citigroup
Q4-20,2020-07-10,6.92,08-31-2020,Citigroup
Q1-21,2019-03-21,6.1,08-31-2020,Citigroup
Q1-21,2019-08-21,6.88,08-31-2020,Citigroup
Q1-21,2019-09-23,6.82,08-31-2020,Citigroup
Q1-21,2020-02-06,6.81,08-31-2020,Citigroup
Q1-21,2020-04-17,6.83,08-31-2020,Citigroup
Q1-21,2020-07-10,6.9,08-31-2020,Citigroup
Q2-21,2019-08-21,6.74,08-31-2020,Citigroup
Q2-21,2019-09-23,6.65,08-31-2020,Citigroup
Q2-21,2020-02-06,6.72,08-31-2020,Citigroup
Q2-21,2020-04-17,6.75,08-31-2020,Citigroup
Q2-21,2020-07-10,6.83,08-31-2020,Citigroup
2021,2018-11-20,6.45,08-31-2020,Citigroup
2021,2020-02-06,6.54,08-31-2020,Citigroup
2021,2020-04-17,6.59,08-31-2020,Citigroup
2021,2020-07-10,6.67,08-31-2020,Citigroup
Q4-16,2014-12-31,6.1,11-30-2016,Citigroup
Q4-16,2015-01-19,6.11,11-30-2016,Citigroup
Q4-16,2015-03-24,6.3,11-30-2016,Citigroup
Q4-16,2015-04-27,6.3,11-30-2016,Citigroup
Q4-16,2015-05-15,6.29,11-30-2016,Citigroup
Q4-16,2015-06-05,6.28,11-30-2016,Citigroup
Q4-16,2015-07-13,6.27,11-30-2016,Citigroup
Q4-16,2015-08-14,6.7,11-30-2016,Citigroup
Q4-16,2015-09-21,6.71,11-30-2016,Citigroup
Q4-16,2015-10-16,6.73,11-30-2016,Citigroup
Q4-16,2015-11-27,6.67,11-30-2016,Citigroup
Q4-16,2015-12-22,6.76,11-30-2016,Citigroup
Q4-16,2016-01-15,6.93,11-30-2016,Citigroup
Q4-16,2016-01-18,7.17,11-30-2016,Citigroup
Q4-16,2016-02-19,7.18,11-30-2016,Citigroup
Q4-16,2016-03-18,6.81,11-30-2016,Citigroup
Q4-16,2016-04-22,6.59,11-30-2016,Citigroup
Q4-16,2016-05-20,6.72,11-30-2016,Citigroup
Q4-16,2016-06-27,6.71,11-30-2016,Citigroup
Q4-16,2016-07-22,6.77,11-30-2016,Citigroup
Q4-16,2016-08-19,6.76,11-30-2016,Citigroup
Q4-16,2016-09-23,6.75,11-30-2016,Citigroup
Q4-16,2016-10-21,6.79,11-30-2016,Citigroup
Q4-16,2016-11-18,6.96,11-30-2016,Citigroup
Q1-17,2015-01-19,6.1,11-30-2016,Citigroup
Q1-17,2015-03-24,6.3,11-30-2016,Citigroup
Q1-17,2015-04-27,6.3,11-30-2016,Citigroup
Q1-17,2015-05-15,6.3,11-30-2016,Citigroup
Q1-17,2015-06-05,6.29,11-30-2016,Citigroup
Q1-17,2015-07-13,6.29,11-30-2016,Citigroup
Q1-17,2015-08-14,6.66,11-30-2016,Citigroup
Q1-17,2015-09-21,6.67,11-30-2016,Citigroup
Q1-17,2015-10-16,6.69,11-30-2016,Citigroup
Q1-17,2015-11-27,6.65,11-30-2016,Citigroup
Q1-17,2015-12-22,6.72,11-30-2016,Citigroup
Q1-17,2016-01-15,6.85,11-30-2016,Citigroup
Q1-17,2016-01-18,7.13,11-30-2016,Citigroup
Q1-17,2016-02-19,7.14,11-30-2016,Citigroup
Q1-17,2016-03-18,6.85,11-30-2016,Citigroup
Q1-17,2016-04-22,6.66,11-30-2016,Citigroup
Q1-17,2016-05-20,6.77,11-30-2016,Citigroup
Q1-17,2016-06-27,6.75,11-30-2016,Citigroup
Q1-17,2016-07-22,6.79,11-30-2016,Citigroup
Q1-17,2016-08-19,6.79,11-30-2016,Citigroup
Q1-17,2016-09-23,6.78,11-30-2016,Citigroup
Q1-17,2016-10-21,6.82,11-30-2016,Citigroup
Q1-17,2016-11-18,7.03,11-30-2016,Citigroup
Q2-17,2015-04-27,6.29,11-30-2016,Citigroup
Q2-17,2015-05-15,6.29,11-30-2016,Citigroup
Q2-17,2015-06-05,6.29,11-30-2016,Citigroup
Q2-17,2015-07-13,6.3,11-30-2016,Citigroup
Q2-17,2015-08-14,6.62,11-30-2016,Citigroup
Q2-17,2015-09-21,6.64,11-30-2016,Citigroup
Q2-17,2015-10-16,6.65,11-30-2016,Citigroup
Q2-17,2015-11-27,6.63,11-30-2016,Citigroup
Q2-17,2015-12-22,6.68,11-30-2016,Citigroup
Q2-17,2016-01-15,6.77,11-30-2016,Citigroup
Q2-17,2016-01-18,7.09,11-30-2016,Citigroup
Q2-17,2016-02-19,7.1,11-30-2016,Citigroup
Q2-17,2016-03-18,6.89,11-30-2016,Citigroup
Q2-17,2016-04-22,6.74,11-30-2016,Citigroup
Q2-17,2016-05-20,6.82,11-30-2016,Citigroup
Q2-17,2016-06-27,6.8,11-30-2016,Citigroup
Q2-17,2016-07-22,6.83,11-30-2016,Citigroup
Q2-17,2016-08-19,6.82,11-30-2016,Citigroup
Q2-17,2016-09-23,6.8,11-30-2016,Citigroup
Q2-17,2016-10-21,6.84,11-30-2016,Citigroup
Q2-17,2016-11-18,7.11,11-30-2016,Citigroup
Q3-17,2015-07-13,6.28,11-30-2016,Citigroup
Q3-17,2015-08-14,6.58,11-30-2016,Citigroup
Q3-17,2015-09-21,6.59,11-30-2016,Citigroup
Q3-17,2015-10-16,6.61,11-30-2016,Citigroup
Q3-17,2015-11-27,6.61,11-30-2016,Citigroup
Q3-17,2015-12-22,6.64,11-30-2016,Citigroup
Q3-17,2016-01-15,6.69,11-30-2016,Citigroup
Q3-17,2016-01-18,7.05,11-30-2016,Citigroup
Q3-17,2016-02-19,7.06,11-30-2016,Citigroup
Q3-17,2016-03-18,6.93,11-30-2016,Citigroup
Q3-17,2016-04-22,6.82,11-30-2016,Citigroup
Q3-17,2016-05-20,6.87,11-30-2016,Citigroup
Q3-17,2016-06-27,6.85,11-30-2016,Citigroup
Q3-17,2016-07-22,6.87,11-30-2016,Citigroup
Q3-17,2016-08-19,6.86,11-30-2016,Citigroup
Q3-17,2016-09-23,6.84,11-30-2016,Citigroup
Q3-17,2016-10-21,6.87,11-30-2016,Citigroup
Q3-17,2016-11-18,7.12,11-30-2016,Citigroup
2017,2015-10-16,6.56,11-30-2016,Citigroup
2017,2015-11-27,6.58,11-30-2016,Citigroup
2017,2015-12-22,6.6,11-30-2016,Citigroup
2017,2016-01-15,6.61,11-30-2016,Citigroup
2017,2016-01-18,7.01,11-30-2016,Citigroup
2017,2016-02-19,7.02,11-30-2016,Citigroup
2017,2016-03-18,6.97,11-30-2016,Citigroup
2017,2016-04-22,6.9,11-30-2016,Citigroup
2017,2016-05-20,6.92,11-30-2016,Citigroup
2017,2016-06-27,6.9,11-30-2016,Citigroup
2017,2016-07-22,6.91,11-30-2016,Citigroup
2017,2016-08-19,6.9,11-30-2016,Citigroup
2017,2016-09-23,6.88,11-30-2016,Citigroup
2017,2016-10-21,6.9,11-30-2016,Citigroup
2017,2016-11-18,7.05,11-30-2016,Citigroup
2018,2016-08-19,6.96,11-30-2016,Citigroup
2018,2016-10-21,6.96,11-30-2016,Citigroup
2018,2016-11-18,6.76,11-30-2016,Citigroup
Q4-11,2009-03-06,6.45,02-28-2011,Citigroup
2012,2009-03-06,6.2,02-28-2011,Citigroup
2013,2009-03-06,6.45,02-28-2011,Citigroup
Q3-16,2014-09-19,6.0,08-31-2016,Citigroup
Q3-16,2014-10-28,6.0,08-31-2016,Citigroup
Q3-16,2014-11-21,6.03,08-31-2016,Citigroup
Q3-16,2014-12-31,6.13,08-31-2016,Citigroup
Q3-16,2015-01-19,6.15,08-31-2016,Citigroup
Q3-16,2015-03-24,6.3,08-31-2016,Citigroup
Q3-16,2015-04-27,6.3,08-31-2016,Citigroup
Q3-16,2015-05-15,6.28,08-31-2016,Citigroup
Q3-16,2015-06-05,6.27,08-31-2016,Citigroup
Q3-16,2015-07-13,6.26,08-31-2016,Citigroup
Q3-16,2015-08-14,6.74,08-31-2016,Citigroup
Q3-16,2015-09-21,6.75,08-31-2016,Citigroup
Q3-16,2015-10-16,6.77,08-31-2016,Citigroup
Q3-16,2015-11-27,6.69,08-31-2016,Citigroup
Q3-16,2015-12-22,6.8,08-31-2016,Citigroup
Q3-16,2016-01-15,6.98,08-31-2016,Citigroup
Q3-16,2016-01-18,7.16,08-31-2016,Citigroup
Q3-16,2016-02-19,7.1,08-31-2016,Citigroup
Q3-16,2016-03-18,6.73,08-31-2016,Citigroup
Q3-16,2016-04-22,6.55,08-31-2016,Citigroup
Q3-16,2016-05-20,6.66,08-31-2016,Citigroup
Q3-16,2016-06-27,6.68,08-31-2016,Citigroup
Q3-16,2016-07-22,6.74,08-31-2016,Citigroup
Q3-16,2016-08-19,6.73,08-31-2016,Citigroup
Q4-16,2014-10-28,6.0,08-31-2016,Citigroup
Q4-16,2014-11-21,6.0,08-31-2016,Citigroup
Q4-16,2014-12-31,6.1,08-31-2016,Citigroup
Q4-16,2015-01-19,6.11,08-31-2016,Citigroup
Q4-16,2015-03-24,6.3,08-31-2016,Citigroup
Q4-16,2015-04-27,6.3,08-31-2016,Citigroup
Q4-16,2015-05-15,6.29,08-31-2016,Citigroup
Q4-16,2015-06-05,6.28,08-31-2016,Citigroup
Q4-16,2015-07-13,6.27,08-31-2016,Citigroup
Q4-16,2015-08-14,6.7,08-31-2016,Citigroup
Q4-16,2015-09-21,6.71,08-31-2016,Citigroup
Q4-16,2015-10-16,6.73,08-31-2016,Citigroup
Q4-16,2015-11-27,6.67,08-31-2016,Citigroup
Q4-16,2015-12-22,6.76,08-31-2016,Citigroup
Q4-16,2016-01-15,6.93,08-31-2016,Citigroup
Q4-16,2016-01-18,7.17,08-31-2016,Citigroup
Q4-16,2016-02-19,7.18,08-31-2016,Citigroup
Q4-16,2016-03-18,6.81,08-31-2016,Citigroup
Q4-16,2016-04-22,6.59,08-31-2016,Citigroup
Q4-16,2016-05-20,6.72,08-31-2016,Citigroup
Q4-16,2016-06-27,6.71,08-31-2016,Citigroup
Q4-16,2016-07-22,6.77,08-31-2016,Citigroup
Q4-16,2016-08-19,6.76,08-31-2016,Citigroup
Q1-17,2015-01-19,6.1,08-31-2016,Citigroup
Q1-17,2015-03-24,6.3,08-31-2016,Citigroup
Q1-17,2015-04-27,6.3,08-31-2016,Citigroup
Q1-17,2015-05-15,6.3,08-31-2016,Citigroup
Q1-17,2015-06-05,6.29,08-31-2016,Citigroup
Q1-17,2015-07-13,6.29,08-31-2016,Citigroup
Q1-17,2015-08-14,6.66,08-31-2016,Citigroup
Q1-17,2015-09-21,6.67,08-31-2016,Citigroup
Q1-17,2015-10-16,6.69,08-31-2016,Citigroup
Q1-17,2015-11-27,6.65,08-31-2016,Citigroup
Q1-17,2015-12-22,6.72,08-31-2016,Citigroup
Q1-17,2016-01-15,6.85,08-31-2016,Citigroup
Q1-17,2016-01-18,7.13,08-31-2016,Citigroup
Q1-17,2016-02-19,7.14,08-31-2016,Citigroup
Q1-17,2016-03-18,6.85,08-31-2016,Citigroup
Q1-17,2016-04-22,6.66,08-31-2016,Citigroup
Q1-17,2016-05-20,6.77,08-31-2016,Citigroup
Q1-17,2016-06-27,6.75,08-31-2016,Citigroup
Q1-17,2016-07-22,6.79,08-31-2016,Citigroup
Q1-17,2016-08-19,6.79,08-31-2016,Citigroup
Q2-17,2015-04-27,6.29,08-31-2016,Citigroup
Q2-17,2015-05-15,6.29,08-31-2016,Citigroup
Q2-17,2015-06-05,6.29,08-31-2016,Citigroup
Q2-17,2015-07-13,6.3,08-31-2016,Citigroup
Q2-17,2015-08-14,6.62,08-31-2016,Citigroup
Q2-17,2015-09-21,6.64,08-31-2016,Citigroup
Q2-17,2015-10-16,6.65,08-31-2016,Citigroup
Q2-17,2015-11-27,6.63,08-31-2016,Citigroup
Q2-17,2015-12-22,6.68,08-31-2016,Citigroup
Q2-17,2016-01-15,6.77,08-31-2016,Citigroup
Q2-17,2016-01-18,7.09,08-31-2016,Citigroup
Q2-17,2016-02-19,7.1,08-31-2016,Citigroup
Q2-17,2016-03-18,6.89,08-31-2016,Citigroup
Q2-17,2016-04-22,6.74,08-31-2016,Citigroup
Q2-17,2016-05-20,6.82,08-31-2016,Citigroup
Q2-17,2016-06-27,6.8,08-31-2016,Citigroup
Q2-17,2016-07-22,6.83,08-31-2016,Citigroup
Q2-17,2016-08-19,6.82,08-31-2016,Citigroup
2017,2015-10-16,6.56,08-31-2016,Citigroup
2017,2015-11-27,6.58,08-31-2016,Citigroup
2017,2015-12-22,6.6,08-31-2016,Citigroup
2017,2016-01-15,6.61,08-31-2016,Citigroup
2017,2016-01-18,7.01,08-31-2016,Citigroup
2017,2016-02-19,7.02,08-31-2016,Citigroup
2017,2016-03-18,6.97,08-31-2016,Citigroup
2017,2016-04-22,6.9,08-31-2016,Citigroup
2017,2016-05-20,6.92,08-31-2016,Citigroup
2017,2016-06-27,6.9,08-31-2016,Citigroup
2017,2016-07-22,6.91,08-31-2016,Citigroup
2017,2016-08-19,6.9,08-31-2016,Citigroup
Q4-20,2019-03-21,6.17,11-30-2020,Citigroup
Q4-20,2019-08-21,7.01,11-30-2020,Citigroup
Q4-20,2019-09-23,6.99,11-30-2020,Citigroup
Q4-20,2020-02-06,6.89,11-30-2020,Citigroup
Q4-20,2020-04-17,6.91,11-30-2020,Citigroup
Q4-20,2020-07-10,6.92,11-30-2020,Citigroup
Q4-20,2020-09-11,6.78,11-30-2020,Citigroup
Q1-21,2019-03-21,6.1,11-30-2020,Citigroup
Q1-21,2019-08-21,6.88,11-30-2020,Citigroup
Q1-21,2019-09-23,6.82,11-30-2020,Citigroup
Q1-21,2020-02-06,6.81,11-30-2020,Citigroup
Q1-21,2020-04-17,6.83,11-30-2020,Citigroup
Q1-21,2020-07-10,6.9,11-30-2020,Citigroup
Q1-21,2020-09-11,6.76,11-30-2020,Citigroup
Q2-21,2019-08-21,6.74,11-30-2020,Citigroup
Q2-21,2019-09-23,6.65,11-30-2020,Citigroup
Q2-21,2020-02-06,6.72,11-30-2020,Citigroup
Q2-21,2020-04-17,6.75,11-30-2020,Citigroup
Q2-21,2020-07-10,6.83,11-30-2020,Citigroup
Q2-21,2020-09-11,6.74,11-30-2020,Citigroup
Q3-21,2019-08-21,6.6,11-30-2020,Citigroup
Q3-21,2019-09-23,6.48,11-30-2020,Citigroup
Q3-21,2020-02-06,6.63,11-30-2020,Citigroup
Q3-21,2020-04-17,6.67,11-30-2020,Citigroup
Q3-21,2020-07-10,6.75,11-30-2020,Citigroup
Q3-21,2020-09-11,6.69,11-30-2020,Citigroup
2021,2020-02-06,6.54,11-30-2020,Citigroup
2021,2020-04-17,6.59,11-30-2020,Citigroup
2021,2020-07-10,6.67,11-30-2020,Citigroup
2021,2020-09-11,6.64,11-30-2020,Citigroup
Q1-07,2006-03-22,7.71,02-28-2007,Citigroup
Q1-07,2006-04-26,7.45,02-28-2007,Citigroup
Q1-07,2006-05-25,7.45,02-28-2007,Citigroup
Q1-07,2006-06-21,7.5,02-28-2007,Citigroup
Q1-07,2006-07-20,7.65,02-28-2007,Citigroup
Q1-07,2006-08-23,7.5,02-28-2007,Citigroup
Q1-07,2006-11-08,7.66,02-28-2007,Citigroup
Q1-07,2006-12-08,7.62,02-28-2007,Citigroup
Q1-07,2007-01-11,7.68,02-28-2007,Citigroup
Q1-07,2007-01-19,7.69,02-28-2007,Citigroup
Q1-07,2007-02-01,7.68,02-28-2007,Citigroup
Q1-07,2007-02-08,7.69,02-28-2007,Citigroup
Q1-07,2007-02-15,7.7,02-28-2007,Citigroup
Q1-07,2007-02-22,7.72,02-28-2007,Citigroup
Q2-07,2006-06-21,7.45,02-28-2007,Citigroup
Q2-07,2006-07-20,7.45,02-28-2007,Citigroup
Q2-07,2006-08-23,7.5,02-28-2007,Citigroup
Q2-07,2006-11-08,7.5,02-28-2007,Citigroup
Q2-07,2006-12-08,7.48,02-28-2007,Citigroup
Q2-07,2007-01-11,7.52,02-28-2007,Citigroup
Q2-07,2007-01-19,7.53,02-28-2007,Citigroup
Q2-07,2007-02-01,7.55,02-28-2007,Citigroup
Q2-07,2007-02-08,7.56,02-28-2007,Citigroup
Q2-07,2007-02-15,7.57,02-28-2007,Citigroup
Q2-07,2007-02-22,7.57,02-28-2007,Citigroup
Q3-07,2006-11-08,7.35,02-28-2007,Citigroup
Q3-07,2006-12-08,7.41,02-28-2007,Citigroup
Q3-07,2007-01-11,7.43,02-28-2007,Citigroup
Q3-07,2007-01-19,7.44,02-28-2007,Citigroup
Q3-07,2007-02-01,7.43,02-28-2007,Citigroup
Q3-07,2007-02-08,7.44,02-28-2007,Citigroup
Q3-07,2007-02-15,7.45,02-28-2007,Citigroup
Q3-07,2007-02-22,7.46,02-28-2007,Citigroup
Q4-07,2006-03-22,7.42,02-28-2007,Citigroup
Q4-07,2006-04-26,7.18,02-28-2007,Citigroup
Q4-07,2006-05-25,7.35,02-28-2007,Citigroup
Q4-07,2006-06-21,7.35,02-28-2007,Citigroup
Q4-07,2006-11-08,7.35,02-28-2007,Citigroup
Q4-07,2006-12-08,7.29,02-28-2007,Citigroup
Q4-07,2007-01-11,7.36,02-28-2007,Citigroup
Q4-07,2007-01-19,7.36,02-28-2007,Citigroup
Q4-07,2007-02-01,7.33,02-28-2007,Citigroup
Q4-07,2007-02-08,7.34,02-28-2007,Citigroup
Q4-07,2007-02-15,7.35,02-28-2007,Citigroup
Q4-07,2007-02-22,7.36,02-28-2007,Citigroup
2008,2006-03-22,6.95,02-28-2007,Citigroup
2008,2006-04-26,6.85,02-28-2007,Citigroup
2008,2006-05-25,6.95,02-28-2007,Citigroup
2008,2006-06-21,6.95,02-28-2007,Citigroup
2008,2006-11-08,6.95,02-28-2007,Citigroup
2008,2006-12-08,7.57,02-28-2007,Citigroup
2008,2007-01-11,7.11,02-28-2007,Citigroup
2008,2007-01-19,7.11,02-28-2007,Citigroup
2008,2007-02-22,7.11,02-28-2007,Citigroup
2009,2006-03-22,6.66,02-28-2007,Citigroup
2009,2006-04-26,6.44,02-28-2007,Citigroup
2009,2006-05-25,6.66,02-28-2007,Citigroup
2009,2006-06-21,6.66,02-28-2007,Citigroup
2009,2006-11-08,6.66,02-28-2007,Citigroup
2009,2006-12-08,7.11,02-28-2007,Citigroup
2009,2007-01-11,6.75,02-28-2007,Citigroup
2009,2007-01-19,6.75,02-28-2007,Citigroup
2009,2007-02-22,6.75,02-28-2007,Citigroup
2010,2006-03-22,6.42,02-28-2007,Citigroup
2010,2006-04-26,6.21,02-28-2007,Citigroup
2010,2006-05-25,6.42,02-28-2007,Citigroup
2010,2006-06-21,6.42,02-28-2007,Citigroup
2010,2006-11-08,6.42,02-28-2007,Citigroup
2010,2006-12-08,6.75,02-28-2007,Citigroup
2010,2007-01-11,6.48,02-28-2007,Citigroup
2010,2007-01-19,6.48,02-28-2007,Citigroup
2010,2007-02-22,6.48,02-28-2007,Citigroup
2011,2006-11-08,6.42,02-28-2007,Citigroup
2011,2006-12-08,6.48,02-28-2007,Citigroup
2011,2007-01-11,6.22,02-28-2007,Citigroup
2011,2007-01-19,6.22,02-28-2007,Citigroup
2011,2007-02-22,6.22,02-28-2007,Citigroup
Q4-21,2020-02-06,6.54,11-30-2021,Citigroup
Q4-21,2020-04-17,6.59,11-30-2021,Citigroup
Q4-21,2020-07-10,6.67,11-30-2021,Citigroup
Q4-21,2020-09-11,6.64,11-30-2021,Citigroup
Q4-21,2021-05-07,6.37,11-30-2021,Citigroup
Q4-21,2021-06-10,6.31,11-30-2021,Citigroup
Q4-21,2021-09-13,6.37,11-30-2021,Citigroup
Q1-22,2020-02-06,6.43,11-30-2021,Citigroup
Q1-22,2020-04-17,6.51,11-30-2021,Citigroup
Q1-22,2020-07-10,6.59,11-30-2021,Citigroup
Q1-22,2020-09-11,6.59,11-30-2021,Citigroup
Q1-22,2021-05-07,6.26,11-30-2021,Citigroup
Q1-22,2021-06-10,6.27,11-30-2021,Citigroup
Q1-22,2021-09-13,6.33,11-30-2021,Citigroup
Q2-22,2020-04-17,6.4,11-30-2021,Citigroup
Q2-22,2020-07-10,6.51,11-30-2021,Citigroup
Q2-22,2020-09-11,6.54,11-30-2021,Citigroup
Q2-22,2021-05-07,6.11,11-30-2021,Citigroup
Q2-22,2021-06-10,6.13,11-30-2021,Citigroup
Q2-22,2021-09-13,6.27,11-30-2021,Citigroup
Q3-22,2020-07-10,6.39,11-30-2021,Citigroup
Q3-22,2020-09-11,6.47,11-30-2021,Citigroup
Q3-22,2021-05-07,5.96,11-30-2021,Citigroup
Q3-22,2021-06-10,5.99,11-30-2021,Citigroup
Q3-22,2021-09-13,6.13,11-30-2021,Citigroup
2022,2021-05-07,5.81,11-30-2021,Citigroup
2022,2021-06-10,5.85,11-30-2021,Citigroup
2022,2021-09-13,5.99,11-30-2021,Citigroup
Q3-17,2015-09-21,6.59,08-31-2017,Citigroup
Q3-17,2015-10-16,6.61,08-31-2017,Citigroup
Q3-17,2015-11-27,6.61,08-31-2017,Citigroup
Q3-17,2015-12-22,6.64,08-31-2017,Citigroup
Q3-17,2016-01-15,6.69,08-31-2017,Citigroup
Q3-17,2016-01-18,7.05,08-31-2017,Citigroup
Q3-17,2016-02-19,7.06,08-31-2017,Citigroup
Q3-17,2016-03-18,6.93,08-31-2017,Citigroup
Q3-17,2016-04-22,6.82,08-31-2017,Citigroup
Q3-17,2016-05-20,6.87,08-31-2017,Citigroup
Q3-17,2016-06-27,6.85,08-31-2017,Citigroup
Q3-17,2016-07-22,6.87,08-31-2017,Citigroup
Q3-17,2016-08-19,6.86,08-31-2017,Citigroup
Q3-17,2016-09-23,6.84,08-31-2017,Citigroup
Q3-17,2016-10-21,6.87,08-31-2017,Citigroup
Q3-17,2016-11-18,7.12,08-31-2017,Citigroup
Q3-17,2017-01-23,7.13,08-31-2017,Citigroup
Q3-17,2017-02-21,7.1,08-31-2017,Citigroup
Q3-17,2017-03-21,7.02,08-31-2017,Citigroup
Q3-17,2017-04-21,6.99,08-31-2017,Citigroup
Q3-17,2017-05-19,6.94,08-31-2017,Citigroup
Q3-17,2017-06-16,6.93,08-31-2017,Citigroup
Q3-17,2017-07-17,6.92,08-31-2017,Citigroup
Q3-17,2017-08-18,6.75,08-31-2017,Citigroup
Q4-17,2015-10-16,6.56,08-31-2017,Citigroup
Q4-17,2015-11-27,6.58,08-31-2017,Citigroup
Q4-17,2015-12-22,6.6,08-31-2017,Citigroup
Q4-17,2016-01-15,6.61,08-31-2017,Citigroup
Q4-17,2016-01-18,7.01,08-31-2017,Citigroup
Q4-17,2016-02-19,7.02,08-31-2017,Citigroup
Q4-17,2016-03-18,6.97,08-31-2017,Citigroup
Q4-17,2016-04-22,6.9,08-31-2017,Citigroup
Q4-17,2016-05-20,6.92,08-31-2017,Citigroup
Q4-17,2016-06-27,6.9,08-31-2017,Citigroup
Q4-17,2016-07-22,6.91,08-31-2017,Citigroup
Q4-17,2016-08-19,6.9,08-31-2017,Citigroup
Q4-17,2016-09-23,6.88,08-31-2017,Citigroup
Q4-17,2016-10-21,6.9,08-31-2017,Citigroup
Q4-17,2016-11-18,7.05,08-31-2017,Citigroup
Q4-17,2017-01-23,7.09,08-31-2017,Citigroup
Q4-17,2017-02-21,7.12,08-31-2017,Citigroup
Q4-17,2017-03-21,7.08,08-31-2017,Citigroup
Q4-17,2017-04-21,7.07,08-31-2017,Citigroup
Q4-17,2017-05-19,7.0,08-31-2017,Citigroup
Q4-17,2017-06-16,6.97,08-31-2017,Citigroup
Q4-17,2017-07-17,6.96,08-31-2017,Citigroup
Q4-17,2017-08-18,6.79,08-31-2017,Citigroup
Q1-18,2016-01-15,6.56,08-31-2017,Citigroup
Q1-18,2016-01-18,6.94,08-31-2017,Citigroup
Q1-18,2016-02-19,6.97,08-31-2017,Citigroup
Q1-18,2016-03-18,6.99,08-31-2017,Citigroup
Q1-18,2016-04-22,6.98,08-31-2017,Citigroup
Q1-18,2016-05-20,6.97,08-31-2017,Citigroup
Q1-18,2016-06-27,6.95,08-31-2017,Citigroup
Q1-18,2016-07-22,6.95,08-31-2017,Citigroup
Q1-18,2016-08-19,6.94,08-31-2017,Citigroup
Q1-18,2016-09-23,6.92,08-31-2017,Citigroup
Q1-18,2016-10-21,6.93,08-31-2017,Citigroup
Q1-18,2017-01-23,7.03,08-31-2017,Citigroup
Q1-18,2017-02-21,7.05,08-31-2017,Citigroup
Q1-18,2017-03-21,7.02,08-31-2017,Citigroup
Q1-18,2017-04-21,7.05,08-31-2017,Citigroup
Q1-18,2017-05-19,7.01,08-31-2017,Citigroup
Q1-18,2017-06-16,6.99,08-31-2017,Citigroup
Q1-18,2017-07-17,6.99,08-31-2017,Citigroup
Q1-18,2017-08-18,6.83,08-31-2017,Citigroup
Q2-18,2016-04-22,6.96,08-31-2017,Citigroup
Q2-18,2016-05-20,6.98,08-31-2017,Citigroup
Q2-18,2016-06-27,7.0,08-31-2017,Citigroup
Q2-18,2016-07-22,6.99,08-31-2017,Citigroup
Q2-18,2016-08-19,6.98,08-31-2017,Citigroup
Q2-18,2016-09-23,6.96,08-31-2017,Citigroup
Q2-18,2016-10-21,6.96,08-31-2017,Citigroup
Q2-18,2017-01-23,6.96,08-31-2017,Citigroup
Q2-18,2017-02-21,6.98,08-31-2017,Citigroup
Q2-18,2017-03-21,6.97,08-31-2017,Citigroup
Q2-18,2017-05-19,6.96,08-31-2017,Citigroup
Q2-18,2017-06-16,6.93,08-31-2017,Citigroup
Q2-18,2017-07-17,6.95,08-31-2017,Citigroup
Q2-18,2017-08-18,6.84,08-31-2017,Citigroup
2018,2016-08-19,6.96,08-31-2017,Citigroup
2018,2016-10-21,6.96,08-31-2017,Citigroup
2018,2016-11-18,6.76,08-31-2017,Citigroup
2018,2017-01-23,6.82,08-31-2017,Citigroup
2018,2017-02-21,6.84,08-31-2017,Citigroup
2018,2017-03-21,6.85,08-31-2017,Citigroup
2018,2017-04-21,6.87,08-31-2017,Citigroup
2018,2017-05-19,6.87,08-31-2017,Citigroup
2018,2017-06-16,6.81,08-31-2017,Citigroup
2018,2017-07-17,6.83,08-31-2017,Citigroup
2018,2017-08-18,6.78,08-31-2017,Citigroup
Q1-10,2009-03-06,6.62,02-28-2010,Citigroup
Q4-10,2008-03-06,5.89,02-28-2010,Citigroup
Q4-10,2008-06-06,5.66,02-28-2010,Citigroup
Q4-10,2008-06-24,5.66,02-28-2010,Citigroup
Q4-10,2008-07-18,5.66,02-28-2010,Citigroup
Q4-10,2008-08-01,5.66,02-28-2010,Citigroup
Q4-10,2008-08-25,5.66,02-28-2010,Citigroup
Q4-10,2008-08-29,5.66,02-28-2010,Citigroup
Q4-10,2008-09-05,5.66,02-28-2010,Citigroup
Q4-10,2008-09-12,5.66,02-28-2010,Citigroup
Q4-10,2008-09-19,5.66,02-28-2010,Citigroup
Q4-10,2008-09-26,5.66,02-28-2010,Citigroup
Q4-10,2008-10-03,5.66,02-28-2010,Citigroup
Q4-10,2008-10-10,5.95,02-28-2010,Citigroup
Q4-10,2008-10-17,5.66,02-28-2010,Citigroup
Q4-10,2008-10-24,5.66,02-28-2010,Citigroup
Q4-10,2008-10-31,5.66,02-28-2010,Citigroup
Q4-10,2008-11-05,5.66,02-28-2010,Citigroup
Q4-10,2008-11-21,5.66,02-28-2010,Citigroup
Q4-10,2008-12-01,5.66,02-28-2010,Citigroup
Q4-10,2008-12-12,6.25,02-28-2010,Citigroup
Q4-10,2009-01-16,6.25,02-28-2010,Citigroup
Q4-10,2009-01-30,6.25,02-28-2010,Citigroup
Q4-10,2009-02-06,6.25,02-28-2010,Citigroup
Q4-10,2009-02-27,6.45,02-28-2010,Citigroup
Q4-10,2009-03-06,6.45,02-28-2010,Citigroup
2011,2008-03-06,5.58,02-28-2010,Citigroup
2011,2008-06-06,5.49,02-28-2010,Citigroup
2011,2008-06-24,5.49,02-28-2010,Citigroup
2011,2008-07-18,5.49,02-28-2010,Citigroup
2011,2008-08-01,5.49,02-28-2010,Citigroup
2011,2008-08-25,5.49,02-28-2010,Citigroup
2011,2008-08-29,5.49,02-28-2010,Citigroup
2011,2008-09-05,5.49,02-28-2010,Citigroup
2011,2008-09-12,5.49,02-28-2010,Citigroup
2011,2008-09-19,5.49,02-28-2010,Citigroup
2011,2008-09-26,5.49,02-28-2010,Citigroup
2011,2008-10-03,5.49,02-28-2010,Citigroup
2011,2008-10-10,5.6,02-28-2010,Citigroup
2011,2008-10-17,5.49,02-28-2010,Citigroup
2011,2008-10-24,5.49,02-28-2010,Citigroup
2011,2008-10-31,5.49,02-28-2010,Citigroup
2011,2008-11-05,5.49,02-28-2010,Citigroup
2011,2008-11-21,5.49,02-28-2010,Citigroup
2011,2008-12-01,5.49,02-28-2010,Citigroup
2011,2008-12-12,6.25,02-28-2010,Citigroup
2011,2009-01-16,6.25,02-28-2010,Citigroup
2011,2009-01-30,6.25,02-28-2010,Citigroup
2011,2009-02-06,6.25,02-28-2010,Citigroup
2011,2009-02-27,6.45,02-28-2010,Citigroup
2011,2009-03-06,6.45,02-28-2010,Citigroup
2012,2008-03-06,5.4,02-28-2010,Citigroup
2012,2008-06-06,5.3,02-28-2010,Citigroup
2012,2008-06-24,5.3,02-28-2010,Citigroup
2012,2008-07-18,5.3,02-28-2010,Citigroup
2012,2008-08-01,5.3,02-28-2010,Citigroup
2012,2008-08-25,5.3,02-28-2010,Citigroup
2012,2008-08-29,5.3,02-28-2010,Citigroup
2012,2008-09-05,5.3,02-28-2010,Citigroup
2012,2008-09-12,5.3,02-28-2010,Citigroup
2012,2008-09-19,5.3,02-28-2010,Citigroup
2012,2008-09-26,5.3,02-28-2010,Citigroup
2012,2008-10-03,5.3,02-28-2010,Citigroup
2012,2008-10-10,5.45,02-28-2010,Citigroup
2012,2008-10-17,5.3,02-28-2010,Citigroup
2012,2008-10-24,5.3,02-28-2010,Citigroup
2012,2008-10-31,5.3,02-28-2010,Citigroup
2012,2008-11-05,5.3,02-28-2010,Citigroup
2012,2008-11-21,5.3,02-28-2010,Citigroup
2012,2008-12-01,5.3,02-28-2010,Citigroup
2012,2008-12-12,6.0,02-28-2010,Citigroup
2012,2009-01-16,6.0,02-28-2010,Citigroup
2012,2009-01-30,6.0,02-28-2010,Citigroup
2012,2009-02-06,6.0,02-28-2010,Citigroup
2012,2009-02-27,6.2,02-28-2010,Citigroup
2012,2009-03-06,6.2,02-28-2010,Citigroup
2013,2008-12-12,6.25,02-28-2010,Citigroup
2013,2009-01-16,6.25,02-28-2010,Citigroup
2013,2009-01-30,6.25,02-28-2010,Citigroup
2013,2009-02-06,6.25,02-28-2010,Citigroup
2013,2009-02-27,6.45,02-28-2010,Citigroup
2013,2009-03-06,6.45,02-28-2010,Citigroup
Q4-17,2015-12-22,6.6,11-30-2017,Citigroup
Q4-17,2016-01-15,6.61,11-30-2017,Citigroup
Q4-17,2016-01-18,7.01,11-30-2017,Citigroup
Q4-17,2016-02-19,7.02,11-30-2017,Citigroup
Q4-17,2016-03-18,6.97,11-30-2017,Citigroup
Q4-17,2016-04-22,6.9,11-30-2017,Citigroup
Q4-17,2016-05-20,6.92,11-30-2017,Citigroup
Q4-17,2016-06-27,6.9,11-30-2017,Citigroup
Q4-17,2016-07-22,6.91,11-30-2017,Citigroup
Q4-17,2016-08-19,6.9,11-30-2017,Citigroup
Q4-17,2016-09-23,6.88,11-30-2017,Citigroup
Q4-17,2016-10-21,6.9,11-30-2017,Citigroup
Q4-17,2016-11-18,7.05,11-30-2017,Citigroup
Q4-17,2017-01-23,7.09,11-30-2017,Citigroup
Q4-17,2017-02-21,7.12,11-30-2017,Citigroup
Q4-17,2017-03-21,7.08,11-30-2017,Citigroup
Q4-17,2017-04-21,7.07,11-30-2017,Citigroup
Q4-17,2017-05-19,7.0,11-30-2017,Citigroup
Q4-17,2017-06-16,6.97,11-30-2017,Citigroup
Q4-17,2017-07-17,6.96,11-30-2017,Citigroup
Q4-17,2017-08-18,6.79,11-30-2017,Citigroup
Q4-17,2017-09-18,6.48,11-30-2017,Citigroup
Q4-17,2017-10-13,6.67,11-30-2017,Citigroup
Q4-17,2017-11-17,6.67,11-30-2017,Citigroup
Q1-18,2016-01-15,6.56,11-30-2017,Citigroup
Q1-18,2016-01-18,6.94,11-30-2017,Citigroup
Q1-18,2016-02-19,6.97,11-30-2017,Citigroup
Q1-18,2016-03-18,6.99,11-30-2017,Citigroup
Q1-18,2016-04-22,6.98,11-30-2017,Citigroup
Q1-18,2016-05-20,6.97,11-30-2017,Citigroup
Q1-18,2016-06-27,6.95,11-30-2017,Citigroup
Q1-18,2016-07-22,6.95,11-30-2017,Citigroup
Q1-18,2016-08-19,6.94,11-30-2017,Citigroup
Q1-18,2016-09-23,6.92,11-30-2017,Citigroup
Q1-18,2016-10-21,6.93,11-30-2017,Citigroup
Q1-18,2017-01-23,7.03,11-30-2017,Citigroup
Q1-18,2017-02-21,7.05,11-30-2017,Citigroup
Q1-18,2017-03-21,7.02,11-30-2017,Citigroup
Q1-18,2017-04-21,7.05,11-30-2017,Citigroup
Q1-18,2017-05-19,7.01,11-30-2017,Citigroup
Q1-18,2017-06-16,6.99,11-30-2017,Citigroup
Q1-18,2017-07-17,6.99,11-30-2017,Citigroup
Q1-18,2017-08-18,6.83,11-30-2017,Citigroup
Q1-18,2017-09-18,6.47,11-30-2017,Citigroup
Q1-18,2017-10-13,6.71,11-30-2017,Citigroup
Q1-18,2017-11-17,6.69,11-30-2017,Citigroup
Q2-18,2016-04-22,6.96,11-30-2017,Citigroup
Q2-18,2016-05-20,6.98,11-30-2017,Citigroup
Q2-18,2016-06-27,7.0,11-30-2017,Citigroup
Q2-18,2016-07-22,6.99,11-30-2017,Citigroup
Q2-18,2016-08-19,6.98,11-30-2017,Citigroup
Q2-18,2016-09-23,6.96,11-30-2017,Citigroup
Q2-18,2016-10-21,6.96,11-30-2017,Citigroup
Q2-18,2017-01-23,6.96,11-30-2017,Citigroup
Q2-18,2017-02-21,6.98,11-30-2017,Citigroup
Q2-18,2017-03-21,6.97,11-30-2017,Citigroup
Q2-18,2017-05-19,6.96,11-30-2017,Citigroup
Q2-18,2017-06-16,6.93,11-30-2017,Citigroup
Q2-18,2017-07-17,6.95,11-30-2017,Citigroup
Q2-18,2017-08-18,6.84,11-30-2017,Citigroup
Q2-18,2017-09-18,6.46,11-30-2017,Citigroup
Q2-18,2017-10-13,6.74,11-30-2017,Citigroup
Q2-18,2017-11-17,6.7,11-30-2017,Citigroup
Q3-18,2016-07-22,6.96,11-30-2017,Citigroup
Q3-18,2016-08-19,6.98,11-30-2017,Citigroup
Q3-18,2016-09-23,7.0,11-30-2017,Citigroup
Q3-18,2016-10-21,6.99,11-30-2017,Citigroup
Q3-18,2017-01-23,6.89,11-30-2017,Citigroup
Q3-18,2017-02-21,6.91,11-30-2017,Citigroup
Q3-18,2017-03-21,6.91,11-30-2017,Citigroup
Q3-18,2017-05-19,6.92,11-30-2017,Citigroup
Q3-18,2017-06-16,6.87,11-30-2017,Citigroup
Q3-18,2017-07-17,6.89,11-30-2017,Citigroup
Q3-18,2017-08-18,6.81,11-30-2017,Citigroup
Q3-18,2017-09-18,6.51,11-30-2017,Citigroup
Q3-18,2017-10-13,6.64,11-30-2017,Citigroup
Q3-18,2017-11-17,6.65,11-30-2017,Citigroup
2018,2016-08-19,6.96,11-30-2017,Citigroup
2018,2016-10-21,6.96,11-30-2017,Citigroup
2018,2016-11-18,6.76,11-30-2017,Citigroup
2018,2017-01-23,6.82,11-30-2017,Citigroup
2018,2017-02-21,6.84,11-30-2017,Citigroup
2018,2017-03-21,6.85,11-30-2017,Citigroup
2018,2017-04-21,6.87,11-30-2017,Citigroup
2018,2017-05-19,6.87,11-30-2017,Citigroup
2018,2017-06-16,6.81,11-30-2017,Citigroup
2018,2017-07-17,6.83,11-30-2017,Citigroup
2018,2017-08-18,6.78,11-30-2017,Citigroup
2018,2017-09-18,6.56,11-30-2017,Citigroup
2018,2017-10-13,6.51,11-30-2017,Citigroup
2018,2017-11-17,6.53,11-30-2017,Citigroup
2019,2016-11-18,6.05,11-30-2017,Citigroup
2019,2017-10-13,6.05,11-30-2017,Citigroup
2019,2017-11-17,6.07,11-30-2017,Citigroup
Q3-21,2019-09-23,6.48,08-31-2021,Citigroup
Q3-21,2020-02-06,6.63,08-31-2021,Citigroup
Q3-21,2020-04-17,6.67,08-31-2021,Citigroup
Q3-21,2020-07-10,6.75,08-31-2021,Citigroup
Q3-21,2020-09-11,6.69,08-31-2021,Citigroup
Q3-21,2021-05-07,6.4,08-31-2021,Citigroup
Q3-21,2021-06-10,6.33,08-31-2021,Citigroup
Q4-21,2020-02-06,6.54,08-31-2021,Citigroup
Q4-21,2020-04-17,6.59,08-31-2021,Citigroup
Q4-21,2020-07-10,6.67,08-31-2021,Citigroup
Q4-21,2020-09-11,6.64,08-31-2021,Citigroup
Q4-21,2021-05-07,6.37,08-31-2021,Citigroup
Q4-21,2021-06-10,6.31,08-31-2021,Citigroup
Q1-22,2020-02-06,6.43,08-31-2021,Citigroup
Q1-22,2020-04-17,6.51,08-31-2021,Citigroup
Q1-22,2020-07-10,6.59,08-31-2021,Citigroup
Q1-22,2020-09-11,6.59,08-31-2021,Citigroup
Q1-22,2021-05-07,6.26,08-31-2021,Citigroup
Q1-22,2021-06-10,6.27,08-31-2021,Citigroup
Q2-22,2020-04-17,6.4,08-31-2021,Citigroup
Q2-22,2020-07-10,6.51,08-31-2021,Citigroup
Q2-22,2020-09-11,6.54,08-31-2021,Citigroup
Q2-22,2021-05-07,6.11,08-31-2021,Citigroup
Q2-22,2021-06-10,6.13,08-31-2021,Citigroup
2022,2021-05-07,5.81,08-31-2021,Citigroup
2022,2021-06-10,5.85,08-31-2021,Citigroup
Q4-10,2008-06-06,5.66,05-31-2010,Citigroup
Q4-10,2008-06-24,5.66,05-31-2010,Citigroup
Q4-10,2008-07-18,5.66,05-31-2010,Citigroup
Q4-10,2008-08-01,5.66,05-31-2010,Citigroup
Q4-10,2008-08-25,5.66,05-31-2010,Citigroup
Q4-10,2008-08-29,5.66,05-31-2010,Citigroup
Q4-10,2008-09-05,5.66,05-31-2010,Citigroup
Q4-10,2008-09-12,5.66,05-31-2010,Citigroup
Q4-10,2008-09-19,5.66,05-31-2010,Citigroup
Q4-10,2008-09-26,5.66,05-31-2010,Citigroup
Q4-10,2008-10-03,5.66,05-31-2010,Citigroup
Q4-10,2008-10-10,5.95,05-31-2010,Citigroup
Q4-10,2008-10-17,5.66,05-31-2010,Citigroup
Q4-10,2008-10-24,5.66,05-31-2010,Citigroup
Q4-10,2008-10-31,5.66,05-31-2010,Citigroup
Q4-10,2008-11-05,5.66,05-31-2010,Citigroup
Q4-10,2008-11-21,5.66,05-31-2010,Citigroup
Q4-10,2008-12-01,5.66,05-31-2010,Citigroup
Q4-10,2008-12-12,6.25,05-31-2010,Citigroup
Q4-10,2009-01-16,6.25,05-31-2010,Citigroup
Q4-10,2009-01-30,6.25,05-31-2010,Citigroup
Q4-10,2009-02-06,6.25,05-31-2010,Citigroup
Q4-10,2009-02-27,6.45,05-31-2010,Citigroup
Q4-10,2009-03-06,6.45,05-31-2010,Citigroup
2011,2008-06-06,5.49,05-31-2010,Citigroup
2011,2008-06-24,5.49,05-31-2010,Citigroup
2011,2008-07-18,5.49,05-31-2010,Citigroup
2011,2008-08-01,5.49,05-31-2010,Citigroup
2011,2008-08-25,5.49,05-31-2010,Citigroup
2011,2008-08-29,5.49,05-31-2010,Citigroup
2011,2008-09-05,5.49,05-31-2010,Citigroup
2011,2008-09-12,5.49,05-31-2010,Citigroup
2011,2008-09-19,5.49,05-31-2010,Citigroup
2011,2008-09-26,5.49,05-31-2010,Citigroup
2011,2008-10-03,5.49,05-31-2010,Citigroup
2011,2008-10-10,5.6,05-31-2010,Citigroup
2011,2008-10-17,5.49,05-31-2010,Citigroup
2011,2008-10-24,5.49,05-31-2010,Citigroup
2011,2008-10-31,5.49,05-31-2010,Citigroup
2011,2008-11-05,5.49,05-31-2010,Citigroup
2011,2008-11-21,5.49,05-31-2010,Citigroup
2011,2008-12-01,5.49,05-31-2010,Citigroup
2011,2008-12-12,6.25,05-31-2010,Citigroup
2011,2009-01-16,6.25,05-31-2010,Citigroup
2011,2009-01-30,6.25,05-31-2010,Citigroup
2011,2009-02-06,6.25,05-31-2010,Citigroup
2011,2009-02-27,6.45,05-31-2010,Citigroup
2011,2009-03-06,6.45,05-31-2010,Citigroup
2012,2008-06-06,5.3,05-31-2010,Citigroup
2012,2008-06-24,5.3,05-31-2010,Citigroup
2012,2008-07-18,5.3,05-31-2010,Citigroup
2012,2008-08-01,5.3,05-31-2010,Citigroup
2012,2008-08-25,5.3,05-31-2010,Citigroup
2012,2008-08-29,5.3,05-31-2010,Citigroup
2012,2008-09-05,5.3,05-31-2010,Citigroup
2012,2008-09-12,5.3,05-31-2010,Citigroup
2012,2008-09-19,5.3,05-31-2010,Citigroup
2012,2008-09-26,5.3,05-31-2010,Citigroup
2012,2008-10-03,5.3,05-31-2010,Citigroup
2012,2008-10-10,5.45,05-31-2010,Citigroup
2012,2008-10-17,5.3,05-31-2010,Citigroup
2012,2008-10-24,5.3,05-31-2010,Citigroup
2012,2008-10-31,5.3,05-31-2010,Citigroup
2012,2008-11-05,5.3,05-31-2010,Citigroup
2012,2008-11-21,5.3,05-31-2010,Citigroup
2012,2008-12-01,5.3,05-31-2010,Citigroup
2012,2008-12-12,6.0,05-31-2010,Citigroup
2012,2009-01-16,6.0,05-31-2010,Citigroup
2012,2009-01-30,6.0,05-31-2010,Citigroup
2012,2009-02-06,6.0,05-31-2010,Citigroup
2012,2009-02-27,6.2,05-31-2010,Citigroup
2012,2009-03-06,6.2,05-31-2010,Citigroup
2013,2008-12-12,6.25,05-31-2010,Citigroup
2013,2009-01-16,6.25,05-31-2010,Citigroup
2013,2009-01-30,6.25,05-31-2010,Citigroup
2013,2009-02-06,6.25,05-31-2010,Citigroup
2013,2009-02-27,6.45,05-31-2010,Citigroup
2013,2009-03-06,6.45,05-31-2010,Citigroup
Q1-17,2015-03-24,6.3,02-28-2017,Citigroup
Q1-17,2015-04-27,6.3,02-28-2017,Citigroup
Q1-17,2015-05-15,6.3,02-28-2017,Citigroup
Q1-17,2015-06-05,6.29,02-28-2017,Citigroup
Q1-17,2015-07-13,6.29,02-28-2017,Citigroup
Q1-17,2015-08-14,6.66,02-28-2017,Citigroup
Q1-17,2015-09-21,6.67,02-28-2017,Citigroup
Q1-17,2015-10-16,6.69,02-28-2017,Citigroup
Q1-17,2015-11-27,6.65,02-28-2017,Citigroup
Q1-17,2015-12-22,6.72,02-28-2017,Citigroup
Q1-17,2016-01-15,6.85,02-28-2017,Citigroup
Q1-17,2016-01-18,7.13,02-28-2017,Citigroup
Q1-17,2016-02-19,7.14,02-28-2017,Citigroup
Q1-17,2016-03-18,6.85,02-28-2017,Citigroup
Q1-17,2016-04-22,6.66,02-28-2017,Citigroup
Q1-17,2016-05-20,6.77,02-28-2017,Citigroup
Q1-17,2016-06-27,6.75,02-28-2017,Citigroup
Q1-17,2016-07-22,6.79,02-28-2017,Citigroup
Q1-17,2016-08-19,6.79,02-28-2017,Citigroup
Q1-17,2016-09-23,6.78,02-28-2017,Citigroup
Q1-17,2016-10-21,6.82,02-28-2017,Citigroup
Q1-17,2016-11-18,7.03,02-28-2017,Citigroup
Q1-17,2017-01-23,6.98,02-28-2017,Citigroup
Q1-17,2017-02-21,6.91,02-28-2017,Citigroup
Q2-17,2015-04-27,6.29,02-28-2017,Citigroup
Q2-17,2015-05-15,6.29,02-28-2017,Citigroup
Q2-17,2015-06-05,6.29,02-28-2017,Citigroup
Q2-17,2015-07-13,6.3,02-28-2017,Citigroup
Q2-17,2015-08-14,6.62,02-28-2017,Citigroup
Q2-17,2015-09-21,6.64,02-28-2017,Citigroup
Q2-17,2015-10-16,6.65,02-28-2017,Citigroup
Q2-17,2015-11-27,6.63,02-28-2017,Citigroup
Q2-17,2015-12-22,6.68,02-28-2017,Citigroup
Q2-17,2016-01-15,6.77,02-28-2017,Citigroup
Q2-17,2016-01-18,7.09,02-28-2017,Citigroup
Q2-17,2016-02-19,7.1,02-28-2017,Citigroup
Q2-17,2016-03-18,6.89,02-28-2017,Citigroup
Q2-17,2016-04-22,6.74,02-28-2017,Citigroup
Q2-17,2016-05-20,6.82,02-28-2017,Citigroup
Q2-17,2016-06-27,6.8,02-28-2017,Citigroup
Q2-17,2016-07-22,6.83,02-28-2017,Citigroup
Q2-17,2016-08-19,6.82,02-28-2017,Citigroup
Q2-17,2016-09-23,6.8,02-28-2017,Citigroup
Q2-17,2016-10-21,6.84,02-28-2017,Citigroup
Q2-17,2016-11-18,7.11,02-28-2017,Citigroup
Q2-17,2017-01-23,7.06,02-28-2017,Citigroup
Q2-17,2017-02-21,7.01,02-28-2017,Citigroup
Q3-17,2015-07-13,6.28,02-28-2017,Citigroup
Q3-17,2015-08-14,6.58,02-28-2017,Citigroup
Q3-17,2015-09-21,6.59,02-28-2017,Citigroup
Q3-17,2015-10-16,6.61,02-28-2017,Citigroup
Q3-17,2015-11-27,6.61,02-28-2017,Citigroup
Q3-17,2015-12-22,6.64,02-28-2017,Citigroup
Q3-17,2016-01-15,6.69,02-28-2017,Citigroup
Q3-17,2016-01-18,7.05,02-28-2017,Citigroup
Q3-17,2016-02-19,7.06,02-28-2017,Citigroup
Q3-17,2016-03-18,6.93,02-28-2017,Citigroup
Q3-17,2016-04-22,6.82,02-28-2017,Citigroup
Q3-17,2016-05-20,6.87,02-28-2017,Citigroup
Q3-17,2016-06-27,6.85,02-28-2017,Citigroup
Q3-17,2016-07-22,6.87,02-28-2017,Citigroup
Q3-17,2016-08-19,6.86,02-28-2017,Citigroup
Q3-17,2016-09-23,6.84,02-28-2017,Citigroup
Q3-17,2016-10-21,6.87,02-28-2017,Citigroup
Q3-17,2016-11-18,7.12,02-28-2017,Citigroup
Q3-17,2017-01-23,7.13,02-28-2017,Citigroup
Q3-17,2017-02-21,7.1,02-28-2017,Citigroup
Q4-17,2015-10-16,6.56,02-28-2017,Citigroup
Q4-17,2015-11-27,6.58,02-28-2017,Citigroup
Q4-17,2015-12-22,6.6,02-28-2017,Citigroup
Q4-17,2016-01-15,6.61,02-28-2017,Citigroup
Q4-17,2016-01-18,7.01,02-28-2017,Citigroup
Q4-17,2016-02-19,7.02,02-28-2017,Citigroup
Q4-17,2016-03-18,6.97,02-28-2017,Citigroup
Q4-17,2016-04-22,6.9,02-28-2017,Citigroup
Q4-17,2016-05-20,6.92,02-28-2017,Citigroup
Q4-17,2016-06-27,6.9,02-28-2017,Citigroup
Q4-17,2016-07-22,6.91,02-28-2017,Citigroup
Q4-17,2016-08-19,6.9,02-28-2017,Citigroup
Q4-17,2016-09-23,6.88,02-28-2017,Citigroup
Q4-17,2016-10-21,6.9,02-28-2017,Citigroup
Q4-17,2016-11-18,7.05,02-28-2017,Citigroup
Q4-17,2017-01-23,7.09,02-28-2017,Citigroup
Q4-17,2017-02-21,7.12,02-28-2017,Citigroup
2018,2016-08-19,6.96,02-28-2017,Citigroup
2018,2016-10-21,6.96,02-28-2017,Citigroup
2018,2016-11-18,6.76,02-28-2017,Citigroup
2018,2017-01-23,6.82,02-28-2017,Citigroup
2018,2017-02-21,6.84,02-28-2017,Citigroup
Q4-10,2008-09-05,5.66,08-31-2010,Citigroup
Q4-10,2008-09-12,5.66,08-31-2010,Citigroup
Q4-10,2008-09-19,5.66,08-31-2010,Citigroup
Q4-10,2008-09-26,5.66,08-31-2010,Citigroup
Q4-10,2008-10-03,5.66,08-31-2010,Citigroup
Q4-10,2008-10-10,5.95,08-31-2010,Citigroup
Q4-10,2008-10-17,5.66,08-31-2010,Citigroup
Q4-10,2008-10-24,5.66,08-31-2010,Citigroup
Q4-10,2008-10-31,5.66,08-31-2010,Citigroup
Q4-10,2008-11-05,5.66,08-31-2010,Citigroup
Q4-10,2008-11-21,5.66,08-31-2010,Citigroup
Q4-10,2008-12-01,5.66,08-31-2010,Citigroup
Q4-10,2008-12-12,6.25,08-31-2010,Citigroup
Q4-10,2009-01-16,6.25,08-31-2010,Citigroup
Q4-10,2009-01-30,6.25,08-31-2010,Citigroup
Q4-10,2009-02-06,6.25,08-31-2010,Citigroup
Q4-10,2009-02-27,6.45,08-31-2010,Citigroup
Q4-10,2009-03-06,6.45,08-31-2010,Citigroup
2011,2008-09-05,5.49,08-31-2010,Citigroup
2011,2008-09-12,5.49,08-31-2010,Citigroup
2011,2008-09-19,5.49,08-31-2010,Citigroup
2011,2008-09-26,5.49,08-31-2010,Citigroup
2011,2008-10-03,5.49,08-31-2010,Citigroup
2011,2008-10-10,5.6,08-31-2010,Citigroup
2011,2008-10-17,5.49,08-31-2010,Citigroup
2011,2008-10-24,5.49,08-31-2010,Citigroup
2011,2008-10-31,5.49,08-31-2010,Citigroup
2011,2008-11-05,5.49,08-31-2010,Citigroup
2011,2008-11-21,5.49,08-31-2010,Citigroup
2011,2008-12-01,5.49,08-31-2010,Citigroup
2011,2008-12-12,6.25,08-31-2010,Citigroup
2011,2009-01-16,6.25,08-31-2010,Citigroup
2011,2009-01-30,6.25,08-31-2010,Citigroup
2011,2009-02-06,6.25,08-31-2010,Citigroup
2011,2009-02-27,6.45,08-31-2010,Citigroup
2011,2009-03-06,6.45,08-31-2010,Citigroup
2012,2008-09-05,5.3,08-31-2010,Citigroup
2012,2008-09-12,5.3,08-31-2010,Citigroup
2012,2008-09-19,5.3,08-31-2010,Citigroup
2012,2008-09-26,5.3,08-31-2010,Citigroup
2012,2008-10-03,5.3,08-31-2010,Citigroup
2012,2008-10-10,5.45,08-31-2010,Citigroup
2012,2008-10-17,5.3,08-31-2010,Citigroup
2012,2008-10-24,5.3,08-31-2010,Citigroup
2012,2008-10-31,5.3,08-31-2010,Citigroup
2012,2008-11-05,5.3,08-31-2010,Citigroup
2012,2008-11-21,5.3,08-31-2010,Citigroup
2012,2008-12-01,5.3,08-31-2010,Citigroup
2012,2008-12-12,6.0,08-31-2010,Citigroup
2012,2009-01-16,6.0,08-31-2010,Citigroup
2012,2009-01-30,6.0,08-31-2010,Citigroup
2012,2009-02-06,6.0,08-31-2010,Citigroup
2012,2009-02-27,6.2,08-31-2010,Citigroup
2012,2009-03-06,6.2,08-31-2010,Citigroup
2013,2008-12-12,6.25,08-31-2010,Citigroup
2013,2009-01-16,6.25,08-31-2010,Citigroup
2013,2009-01-30,6.25,08-31-2010,Citigroup
2013,2009-02-06,6.25,08-31-2010,Citigroup
2013,2009-02-27,6.45,08-31-2010,Citigroup
2013,2009-03-06,6.45,08-31-2010,Citigroup
Q3-06,2006-03-22,7.83,08-31-2006,Citigroup
Q3-06,2006-04-26,7.82,08-31-2006,Citigroup
Q3-06,2006-05-25,7.82,08-31-2006,Citigroup
Q3-06,2006-06-21,7.95,08-31-2006,Citigroup
Q3-06,2006-07-20,7.95,08-31-2006,Citigroup
Q3-06,2006-08-23,7.95,08-31-2006,Citigroup
Q4-06,2006-03-22,7.77,08-31-2006,Citigroup
Q4-06,2006-04-26,7.55,08-31-2006,Citigroup
Q4-06,2006-05-25,7.5,08-31-2006,Citigroup
Q4-06,2006-06-21,7.82,08-31-2006,Citigroup
Q4-06,2006-07-20,7.75,08-31-2006,Citigroup
Q4-06,2006-08-23,7.9,08-31-2006,Citigroup
Q1-07,2006-03-22,7.71,08-31-2006,Citigroup
Q1-07,2006-04-26,7.45,08-31-2006,Citigroup
Q1-07,2006-05-25,7.45,08-31-2006,Citigroup
Q1-07,2006-06-21,7.5,08-31-2006,Citigroup
Q1-07,2006-07-20,7.65,08-31-2006,Citigroup
Q1-07,2006-08-23,7.5,08-31-2006,Citigroup
Q2-07,2006-06-21,7.45,08-31-2006,Citigroup
Q2-07,2006-07-20,7.45,08-31-2006,Citigroup
Q2-07,2006-08-23,7.5,08-31-2006,Citigroup
2007,2006-03-22,7.42,08-31-2006,Citigroup
2007,2006-04-26,7.18,08-31-2006,Citigroup
2007,2006-05-25,7.35,08-31-2006,Citigroup
2007,2006-06-21,7.35,08-31-2006,Citigroup
2008,2006-03-22,6.95,08-31-2006,Citigroup
2008,2006-04-26,6.85,08-31-2006,Citigroup
2008,2006-05-25,6.95,08-31-2006,Citigroup
2008,2006-06-21,6.95,08-31-2006,Citigroup
2009,2006-03-22,6.66,08-31-2006,Citigroup
2009,2006-04-26,6.44,08-31-2006,Citigroup
2009,2006-05-25,6.66,08-31-2006,Citigroup
2009,2006-06-21,6.66,08-31-2006,Citigroup
2010,2006-03-22,6.42,08-31-2006,Citigroup
2010,2006-04-26,6.21,08-31-2006,Citigroup
2010,2006-05-25,6.42,08-31-2006,Citigroup
2010,2006-06-21,6.42,08-31-2006,Citigroup
Q2-21,2019-08-21,6.74,05-31-2021,Citigroup
Q2-21,2019-09-23,6.65,05-31-2021,Citigroup
Q2-21,2020-02-06,6.72,05-31-2021,Citigroup
Q2-21,2020-04-17,6.75,05-31-2021,Citigroup
Q2-21,2020-07-10,6.83,05-31-2021,Citigroup
Q2-21,2020-09-11,6.74,05-31-2021,Citigroup
Q2-21,2021-05-07,6.44,05-31-2021,Citigroup
Q3-21,2019-08-21,6.6,05-31-2021,Citigroup
Q3-21,2019-09-23,6.48,05-31-2021,Citigroup
Q3-21,2020-02-06,6.63,05-31-2021,Citigroup
Q3-21,2020-04-17,6.67,05-31-2021,Citigroup
Q3-21,2020-07-10,6.75,05-31-2021,Citigroup
Q3-21,2020-09-11,6.69,05-31-2021,Citigroup
Q3-21,2021-05-07,6.4,05-31-2021,Citigroup
Q4-21,2020-02-06,6.54,05-31-2021,Citigroup
Q4-21,2020-04-17,6.59,05-31-2021,Citigroup
Q4-21,2020-07-10,6.67,05-31-2021,Citigroup
Q4-21,2020-09-11,6.64,05-31-2021,Citigroup
Q4-21,2021-05-07,6.37,05-31-2021,Citigroup
Q1-22,2020-02-06,6.43,05-31-2021,Citigroup
Q1-22,2020-04-17,6.51,05-31-2021,Citigroup
Q1-22,2020-07-10,6.59,05-31-2021,Citigroup
Q1-22,2020-09-11,6.59,05-31-2021,Citigroup
Q1-22,2021-05-07,6.26,05-31-2021,Citigroup
2022,2021-05-07,5.81,05-31-2021,Citigroup
Q2-17,2015-06-05,6.29,05-31-2017,Citigroup
Q2-17,2015-07-13,6.3,05-31-2017,Citigroup
Q2-17,2015-08-14,6.62,05-31-2017,Citigroup
Q2-17,2015-09-21,6.64,05-31-2017,Citigroup
Q2-17,2015-10-16,6.65,05-31-2017,Citigroup
Q2-17,2015-11-27,6.63,05-31-2017,Citigroup
Q2-17,2015-12-22,6.68,05-31-2017,Citigroup
Q2-17,2016-01-15,6.77,05-31-2017,Citigroup
Q2-17,2016-01-18,7.09,05-31-2017,Citigroup
Q2-17,2016-02-19,7.1,05-31-2017,Citigroup
Q2-17,2016-03-18,6.89,05-31-2017,Citigroup
Q2-17,2016-04-22,6.74,05-31-2017,Citigroup
Q2-17,2016-05-20,6.82,05-31-2017,Citigroup
Q2-17,2016-06-27,6.8,05-31-2017,Citigroup
Q2-17,2016-07-22,6.83,05-31-2017,Citigroup
Q2-17,2016-08-19,6.82,05-31-2017,Citigroup
Q2-17,2016-09-23,6.8,05-31-2017,Citigroup
Q2-17,2016-10-21,6.84,05-31-2017,Citigroup
Q2-17,2016-11-18,7.11,05-31-2017,Citigroup
Q2-17,2017-01-23,7.06,05-31-2017,Citigroup
Q2-17,2017-02-21,7.01,05-31-2017,Citigroup
Q2-17,2017-03-21,6.94,05-31-2017,Citigroup
Q2-17,2017-04-21,6.91,05-31-2017,Citigroup
Q2-17,2017-05-19,6.89,05-31-2017,Citigroup
Q3-17,2015-07-13,6.28,05-31-2017,Citigroup
Q3-17,2015-08-14,6.58,05-31-2017,Citigroup
Q3-17,2015-09-21,6.59,05-31-2017,Citigroup
Q3-17,2015-10-16,6.61,05-31-2017,Citigroup
Q3-17,2015-11-27,6.61,05-31-2017,Citigroup
Q3-17,2015-12-22,6.64,05-31-2017,Citigroup
Q3-17,2016-01-15,6.69,05-31-2017,Citigroup
Q3-17,2016-01-18,7.05,05-31-2017,Citigroup
Q3-17,2016-02-19,7.06,05-31-2017,Citigroup
Q3-17,2016-03-18,6.93,05-31-2017,Citigroup
Q3-17,2016-04-22,6.82,05-31-2017,Citigroup
Q3-17,2016-05-20,6.87,05-31-2017,Citigroup
Q3-17,2016-06-27,6.85,05-31-2017,Citigroup
Q3-17,2016-07-22,6.87,05-31-2017,Citigroup
Q3-17,2016-08-19,6.86,05-31-2017,Citigroup
Q3-17,2016-09-23,6.84,05-31-2017,Citigroup
Q3-17,2016-10-21,6.87,05-31-2017,Citigroup
Q3-17,2016-11-18,7.12,05-31-2017,Citigroup
Q3-17,2017-01-23,7.13,05-31-2017,Citigroup
Q3-17,2017-02-21,7.1,05-31-2017,Citigroup
Q3-17,2017-03-21,7.02,05-31-2017,Citigroup
Q3-17,2017-04-21,6.99,05-31-2017,Citigroup
Q3-17,2017-05-19,6.94,05-31-2017,Citigroup
Q4-17,2015-10-16,6.56,05-31-2017,Citigroup
Q4-17,2015-11-27,6.58,05-31-2017,Citigroup
Q4-17,2015-12-22,6.6,05-31-2017,Citigroup
Q4-17,2016-01-15,6.61,05-31-2017,Citigroup
Q4-17,2016-01-18,7.01,05-31-2017,Citigroup
Q4-17,2016-02-19,7.02,05-31-2017,Citigroup
Q4-17,2016-03-18,6.97,05-31-2017,Citigroup
Q4-17,2016-04-22,6.9,05-31-2017,Citigroup
Q4-17,2016-05-20,6.92,05-31-2017,Citigroup
Q4-17,2016-06-27,6.9,05-31-2017,Citigroup
Q4-17,2016-07-22,6.91,05-31-2017,Citigroup
Q4-17,2016-08-19,6.9,05-31-2017,Citigroup
Q4-17,2016-09-23,6.88,05-31-2017,Citigroup
Q4-17,2016-10-21,6.9,05-31-2017,Citigroup
Q4-17,2016-11-18,7.05,05-31-2017,Citigroup
Q4-17,2017-01-23,7.09,05-31-2017,Citigroup
Q4-17,2017-02-21,7.12,05-31-2017,Citigroup
Q4-17,2017-03-21,7.08,05-31-2017,Citigroup
Q4-17,2017-04-21,7.07,05-31-2017,Citigroup
Q4-17,2017-05-19,7.0,05-31-2017,Citigroup
Q1-18,2016-01-15,6.56,05-31-2017,Citigroup
Q1-18,2016-01-18,6.94,05-31-2017,Citigroup
Q1-18,2016-02-19,6.97,05-31-2017,Citigroup
Q1-18,2016-03-18,6.99,05-31-2017,Citigroup
Q1-18,2016-04-22,6.98,05-31-2017,Citigroup
Q1-18,2016-05-20,6.97,05-31-2017,Citigroup
Q1-18,2016-06-27,6.95,05-31-2017,Citigroup
Q1-18,2016-07-22,6.95,05-31-2017,Citigroup
Q1-18,2016-08-19,6.94,05-31-2017,Citigroup
Q1-18,2016-09-23,6.92,05-31-2017,Citigroup
Q1-18,2016-10-21,6.93,05-31-2017,Citigroup
Q1-18,2017-01-23,7.03,05-31-2017,Citigroup
Q1-18,2017-02-21,7.05,05-31-2017,Citigroup
Q1-18,2017-03-21,7.02,05-31-2017,Citigroup
Q1-18,2017-04-21,7.05,05-31-2017,Citigroup
Q1-18,2017-05-19,7.01,05-31-2017,Citigroup
2018,2016-08-19,6.96,05-31-2017,Citigroup
2018,2016-10-21,6.96,05-31-2017,Citigroup
2018,2016-11-18,6.76,05-31-2017,Citigroup
2018,2017-01-23,6.82,05-31-2017,Citigroup
2018,2017-02-21,6.84,05-31-2017,Citigroup
2018,2017-03-21,6.85,05-31-2017,Citigroup
2018,2017-04-21,6.87,05-31-2017,Citigroup
2018,2017-05-19,6.87,05-31-2017,Citigroup
Q4-06,2006-03-22,7.77,11-30-2006,Citigroup
Q4-06,2006-04-26,7.55,11-30-2006,Citigroup
Q4-06,2006-05-25,7.5,11-30-2006,Citigroup
Q4-06,2006-06-21,7.82,11-30-2006,Citigroup
Q4-06,2006-07-20,7.75,11-30-2006,Citigroup
Q4-06,2006-08-23,7.9,11-30-2006,Citigroup
Q4-06,2006-11-08,7.76,11-30-2006,Citigroup
Q1-07,2006-03-22,7.71,11-30-2006,Citigroup
Q1-07,2006-04-26,7.45,11-30-2006,Citigroup
Q1-07,2006-05-25,7.45,11-30-2006,Citigroup
Q1-07,2006-06-21,7.5,11-30-2006,Citigroup
Q1-07,2006-07-20,7.65,11-30-2006,Citigroup
Q1-07,2006-08-23,7.5,11-30-2006,Citigroup
Q1-07,2006-11-08,7.66,11-30-2006,Citigroup
Q2-07,2006-06-21,7.45,11-30-2006,Citigroup
Q2-07,2006-07-20,7.45,11-30-2006,Citigroup
Q2-07,2006-08-23,7.5,11-30-2006,Citigroup
Q2-07,2006-11-08,7.5,11-30-2006,Citigroup
Q3-07,2006-11-08,7.35,11-30-2006,Citigroup
2007,2006-03-22,7.42,11-30-2006,Citigroup
2007,2006-04-26,7.18,11-30-2006,Citigroup
2007,2006-05-25,7.35,11-30-2006,Citigroup
2007,2006-06-21,7.35,11-30-2006,Citigroup
2007,2006-11-08,7.35,11-30-2006,Citigroup
2008,2006-03-22,6.95,11-30-2006,Citigroup
2008,2006-04-26,6.85,11-30-2006,Citigroup
2008,2006-05-25,6.95,11-30-2006,Citigroup
2008,2006-06-21,6.95,11-30-2006,Citigroup
2008,2006-11-08,6.95,11-30-2006,Citigroup
2009,2006-03-22,6.66,11-30-2006,Citigroup
2009,2006-04-26,6.44,11-30-2006,Citigroup
2009,2006-05-25,6.66,11-30-2006,Citigroup
2009,2006-06-21,6.66,11-30-2006,Citigroup
2009,2006-11-08,6.66,11-30-2006,Citigroup
2010,2006-03-22,6.42,11-30-2006,Citigroup
2010,2006-04-26,6.21,11-30-2006,Citigroup
2010,2006-05-25,6.42,11-30-2006,Citigroup
2010,2006-06-21,6.42,11-30-2006,Citigroup
2010,2006-11-08,6.42,11-30-2006,Citigroup
Q1-21,2019-03-21,6.1,02-28-2021,Citigroup
Q1-21,2019-08-21,6.88,02-28-2021,Citigroup
Q1-21,2019-09-23,6.82,02-28-2021,Citigroup
Q1-21,2020-02-06,6.81,02-28-2021,Citigroup
Q1-21,2020-04-17,6.83,02-28-2021,Citigroup
Q1-21,2020-07-10,6.9,02-28-2021,Citigroup
Q1-21,2020-09-11,6.76,02-28-2021,Citigroup
Q2-21,2019-08-21,6.74,02-28-2021,Citigroup
Q2-21,2019-09-23,6.65,02-28-2021,Citigroup
Q2-21,2020-02-06,6.72,02-28-2021,Citigroup
Q2-21,2020-04-17,6.75,02-28-2021,Citigroup
Q2-21,2020-07-10,6.83,02-28-2021,Citigroup
Q2-21,2020-09-11,6.74,02-28-2021,Citigroup
Q3-21,2019-08-21,6.6,02-28-2021,Citigroup
Q3-21,2019-09-23,6.48,02-28-2021,Citigroup
Q3-21,2020-02-06,6.63,02-28-2021,Citigroup
Q3-21,2020-04-17,6.67,02-28-2021,Citigroup
Q3-21,2020-07-10,6.75,02-28-2021,Citigroup
Q3-21,2020-09-11,6.69,02-28-2021,Citigroup
Q4-21,2020-02-06,6.54,02-28-2021,Citigroup
Q4-21,2020-04-17,6.59,02-28-2021,Citigroup
Q4-21,2020-07-10,6.67,02-28-2021,Citigroup
Q4-21,2020-09-11,6.64,02-28-2021,Citigroup
2022,2020-02-06,6.54,02-28-2021,Citigroup
2022,2020-04-17,6.59,02-28-2021,Citigroup
2022,2020-07-10,6.67,02-28-2021,Citigroup
2022,2020-09-11,6.64,02-28-2021,Citigroup
Q4-10,2008-12-01,5.66,11-30-2010,Citigroup
Q4-10,2008-12-12,6.25,11-30-2010,Citigroup
Q4-10,2009-01-16,6.25,11-30-2010,Citigroup
Q4-10,2009-01-30,6.25,11-30-2010,Citigroup
Q4-10,2009-02-06,6.25,11-30-2010,Citigroup
Q4-10,2009-02-27,6.45,11-30-2010,Citigroup
Q4-10,2009-03-06,6.45,11-30-2010,Citigroup
2011,2008-12-01,5.49,11-30-2010,Citigroup
2011,2008-12-12,6.25,11-30-2010,Citigroup
2011,2009-01-16,6.25,11-30-2010,Citigroup
2011,2009-01-30,6.25,11-30-2010,Citigroup
2011,2009-02-06,6.25,11-30-2010,Citigroup
2011,2009-02-27,6.45,11-30-2010,Citigroup
2011,2009-03-06,6.45,11-30-2010,Citigroup
2012,2008-12-01,5.3,11-30-2010,Citigroup
2012,2008-12-12,6.0,11-30-2010,Citigroup
2012,2009-01-16,6.0,11-30-2010,Citigroup
2012,2009-01-30,6.0,11-30-2010,Citigroup
2012,2009-02-06,6.0,11-30-2010,Citigroup
2012,2009-02-27,6.2,11-30-2010,Citigroup
2012,2009-03-06,6.2,11-30-2010,Citigroup
2013,2008-12-12,6.25,11-30-2010,Citigroup
2013,2009-01-16,6.25,11-30-2010,Citigroup
2013,2009-01-30,6.25,11-30-2010,Citigroup
2013,2009-02-06,6.25,11-30-2010,Citigroup
2013,2009-02-27,6.45,11-30-2010,Citigroup
2013,2009-03-06,6.45,11-30-2010,Citigroup
Q4-11,2011-04-22,6.25,11-30-2011,Citigroup
Q4-11,2011-05-24,6.43,11-30-2011,Citigroup
Q4-11,2011-06-17,6.35,11-30-2011,Citigroup
Q4-11,2011-07-15,6.38,11-30-2011,Citigroup
Q4-11,2011-08-19,6.3,11-30-2011,Citigroup
Q4-11,2011-10-06,6.3,11-30-2011,Citigroup
Q1-12,2011-04-22,6.18,11-30-2011,Citigroup
Q1-12,2011-05-24,6.35,11-30-2011,Citigroup
Q1-12,2011-06-17,6.28,11-30-2011,Citigroup
Q1-12,2011-07-15,6.28,11-30-2011,Citigroup
Q1-12,2011-08-19,6.24,11-30-2011,Citigroup
Q1-12,2011-10-06,6.24,11-30-2011,Citigroup
Q2-12,2011-04-22,6.1,11-30-2011,Citigroup
Q2-12,2011-05-24,6.28,11-30-2011,Citigroup
Q2-12,2011-06-17,6.2,11-30-2011,Citigroup
Q2-12,2011-07-15,6.2,11-30-2011,Citigroup
Q2-12,2011-08-19,6.18,11-30-2011,Citigroup
Q2-12,2011-10-06,6.18,11-30-2011,Citigroup
Q3-12,2011-04-22,6.05,11-30-2011,Citigroup
Q3-12,2011-05-24,6.2,11-30-2011,Citigroup
Q3-12,2011-06-17,6.15,11-30-2011,Citigroup
Q3-12,2011-08-19,6.12,11-30-2011,Citigroup
Q3-12,2011-10-06,6.12,11-30-2011,Citigroup
2012,2011-04-22,6.0,11-30-2011,Citigroup
2012,2011-05-24,6.15,11-30-2011,Citigroup
2012,2011-06-17,6.1,11-30-2011,Citigroup
2012,2011-07-15,6.1,11-30-2011,Citigroup
2012,2011-08-19,6.05,11-30-2011,Citigroup
2012,2011-10-06,6.05,11-30-2011,Citigroup
2013,2011-10-06,5.8,11-30-2011,Citigroup
2014,2011-10-06,5.6,11-30-2011,Citigroup
2015,2011-10-06,5.5,11-30-2011,Citigroup
Q1-20,2018-04-20,6.11,02-28-2020,Citigroup
Q1-20,2018-06-15,6.14,02-28-2020,Citigroup
Q1-20,2018-07-13,6.21,02-28-2020,Citigroup
Q1-20,2018-08-17,6.33,02-28-2020,Citigroup
Q1-20,2018-08-22,6.33,02-28-2020,Citigroup
Q1-20,2018-09-17,6.36,02-28-2020,Citigroup
Q1-20,2018-10-19,6.7,02-28-2020,Citigroup
Q1-20,2018-11-20,6.73,02-28-2020,Citigroup
Q1-20,2019-03-21,6.41,02-28-2020,Citigroup
Q1-20,2019-08-21,7.31,02-28-2020,Citigroup
Q1-20,2019-09-23,7.29,02-28-2020,Citigroup
Q1-20,2020-02-06,7.04,02-28-2020,Citigroup
Q2-20,2018-04-20,6.05,02-28-2020,Citigroup
Q2-20,2018-06-15,6.09,02-28-2020,Citigroup
Q2-20,2018-07-13,6.11,02-28-2020,Citigroup
Q2-20,2018-08-17,6.18,02-28-2020,Citigroup
Q2-20,2018-08-22,6.18,02-28-2020,Citigroup
Q2-20,2018-09-17,6.22,02-28-2020,Citigroup
Q2-20,2018-10-19,6.61,02-28-2020,Citigroup
Q2-20,2018-11-20,6.64,02-28-2020,Citigroup
Q2-20,2019-03-21,6.33,02-28-2020,Citigroup
Q2-20,2019-08-21,7.29,02-28-2020,Citigroup
Q2-20,2019-09-23,7.33,02-28-2020,Citigroup
Q2-20,2020-02-06,7.0,02-28-2020,Citigroup
Q3-20,2018-07-13,6.05,02-28-2020,Citigroup
Q3-20,2018-08-17,6.07,02-28-2020,Citigroup
Q3-20,2018-08-22,6.07,02-28-2020,Citigroup
Q3-20,2018-09-17,6.09,02-28-2020,Citigroup
Q3-20,2018-10-19,6.52,02-28-2020,Citigroup
Q3-20,2018-11-20,6.55,02-28-2020,Citigroup
Q3-20,2019-03-21,6.25,02-28-2020,Citigroup
Q3-20,2019-08-21,7.15,02-28-2020,Citigroup
Q3-20,2019-09-23,7.16,02-28-2020,Citigroup
Q3-20,2020-02-06,6.96,02-28-2020,Citigroup
Q4-20,2018-03-16,6.09,02-28-2020,Citigroup
Q4-20,2018-05-18,6.28,02-28-2020,Citigroup
Q4-20,2018-10-19,6.43,02-28-2020,Citigroup
Q4-20,2019-03-21,6.17,02-28-2020,Citigroup
Q4-20,2019-08-21,7.01,02-28-2020,Citigroup
Q4-20,2019-09-23,6.99,02-28-2020,Citigroup
Q4-20,2020-02-06,6.89,02-28-2020,Citigroup
2021,2018-05-18,6.21,02-28-2020,Citigroup
2021,2018-11-20,6.45,02-28-2020,Citigroup
2021,2020-02-06,6.54,02-28-2020,Citigroup
2022,2018-05-18,6.14,02-28-2020,Citigroup
2023,2018-05-18,6.07,02-28-2020,Citigroup
Q4-07,2006-03-22,7.42,11-30-2007,Citigroup
Q4-07,2006-04-26,7.18,11-30-2007,Citigroup
Q4-07,2006-05-25,7.35,11-30-2007,Citigroup
Q4-07,2006-06-21,7.35,11-30-2007,Citigroup
Q4-07,2006-11-08,7.35,11-30-2007,Citigroup
Q4-07,2006-12-08,7.29,11-30-2007,Citigroup
Q4-07,2007-01-11,7.36,11-30-2007,Citigroup
Q4-07,2007-01-19,7.36,11-30-2007,Citigroup
Q4-07,2007-02-01,7.33,11-30-2007,Citigroup
Q4-07,2007-02-08,7.34,11-30-2007,Citigroup
Q4-07,2007-02-15,7.35,11-30-2007,Citigroup
Q4-07,2007-02-22,7.36,11-30-2007,Citigroup
Q4-07,2007-03-01,7.35,11-30-2007,Citigroup
Q4-07,2007-03-09,7.36,11-30-2007,Citigroup
Q4-07,2007-03-15,7.37,11-30-2007,Citigroup
Q4-07,2007-03-23,7.38,11-30-2007,Citigroup
Q4-07,2007-03-29,7.2,11-30-2007,Citigroup
Q4-07,2007-04-05,7.2,11-30-2007,Citigroup
Q4-07,2007-04-12,7.21,11-30-2007,Citigroup
Q4-07,2007-04-19,7.22,11-30-2007,Citigroup
Q4-07,2007-05-03,7.24,11-30-2007,Citigroup
Q4-07,2007-05-10,7.24,11-30-2007,Citigroup
Q4-07,2007-05-31,7.27,11-30-2007,Citigroup
Q4-07,2007-06-28,7.28,11-30-2007,Citigroup
Q4-07,2007-07-09,7.29,11-30-2007,Citigroup
Q4-07,2007-07-27,7.32,11-30-2007,Citigroup
Q4-07,2007-08-02,7.32,11-30-2007,Citigroup
Q4-07,2007-09-03,7.23,11-30-2007,Citigroup
Q4-07,2007-09-07,7.23,11-30-2007,Citigroup
Q4-07,2007-09-14,7.23,11-30-2007,Citigroup
Q4-07,2007-09-21,7.23,11-30-2007,Citigroup
Q4-07,2007-10-11,7.23,11-30-2007,Citigroup
Q4-07,2007-10-12,7.23,11-30-2007,Citigroup
Q4-07,2007-11-02,7.3,11-30-2007,Citigroup
Q4-07,2007-11-09,7.3,11-30-2007,Citigroup
Q4-07,2007-11-16,7.3,11-30-2007,Citigroup
Q4-07,2007-11-26,7.3,11-30-2007,Citigroup
Q4-07,2007-11-30,7.35,11-30-2007,Citigroup
Q1-08,2007-03-01,7.24,11-30-2007,Citigroup
Q1-08,2007-03-09,7.25,11-30-2007,Citigroup
Q1-08,2007-03-15,7.27,11-30-2007,Citigroup
Q1-08,2007-03-23,7.28,11-30-2007,Citigroup
Q1-08,2007-03-29,7.1,11-30-2007,Citigroup
Q1-08,2007-04-05,7.11,11-30-2007,Citigroup
Q1-08,2007-04-12,7.11,11-30-2007,Citigroup
Q1-08,2007-04-19,7.12,11-30-2007,Citigroup
Q1-08,2007-05-03,7.14,11-30-2007,Citigroup
Q1-08,2007-05-10,7.14,11-30-2007,Citigroup
Q1-08,2007-05-31,7.17,11-30-2007,Citigroup
Q1-08,2007-06-28,7.19,11-30-2007,Citigroup
Q1-08,2007-07-09,7.2,11-30-2007,Citigroup
Q1-08,2007-07-27,7.22,11-30-2007,Citigroup
Q1-08,2007-08-02,7.22,11-30-2007,Citigroup
Q1-08,2007-09-03,7.13,11-30-2007,Citigroup
Q1-08,2007-09-07,7.13,11-30-2007,Citigroup
Q1-08,2007-09-14,7.13,11-30-2007,Citigroup
Q1-08,2007-09-21,7.13,11-30-2007,Citigroup
Q1-08,2007-10-11,7.13,11-30-2007,Citigroup
Q1-08,2007-10-12,7.13,11-30-2007,Citigroup
Q1-08,2007-11-02,7.13,11-30-2007,Citigroup
Q1-08,2007-11-09,7.13,11-30-2007,Citigroup
Q1-08,2007-11-16,7.13,11-30-2007,Citigroup
Q1-08,2007-11-26,7.13,11-30-2007,Citigroup
Q1-08,2007-11-30,7.13,11-30-2007,Citigroup
Q2-08,2007-05-31,7.1,11-30-2007,Citigroup
Q2-08,2007-06-28,7.1,11-30-2007,Citigroup
Q2-08,2007-07-09,7.11,11-30-2007,Citigroup
Q2-08,2007-07-27,7.13,11-30-2007,Citigroup
Q2-08,2007-08-02,7.13,11-30-2007,Citigroup
Q2-08,2007-09-03,7.03,11-30-2007,Citigroup
Q2-08,2007-09-07,7.03,11-30-2007,Citigroup
Q2-08,2007-09-14,7.03,11-30-2007,Citigroup
Q2-08,2007-09-21,7.03,11-30-2007,Citigroup
Q2-08,2007-10-11,7.03,11-30-2007,Citigroup
Q2-08,2007-10-12,7.03,11-30-2007,Citigroup
Q2-08,2007-11-02,7.05,11-30-2007,Citigroup
Q2-08,2007-11-09,7.05,11-30-2007,Citigroup
Q2-08,2007-11-16,7.05,11-30-2007,Citigroup
Q2-08,2007-11-26,7.05,11-30-2007,Citigroup
Q2-08,2007-11-30,7.05,11-30-2007,Citigroup
Q3-08,2007-09-07,6.94,11-30-2007,Citigroup
Q3-08,2007-09-14,6.94,11-30-2007,Citigroup
Q3-08,2007-09-21,6.94,11-30-2007,Citigroup
Q3-08,2007-10-11,6.94,11-30-2007,Citigroup
Q3-08,2007-10-12,6.94,11-30-2007,Citigroup
Q3-08,2007-11-02,6.98,11-30-2007,Citigroup
Q3-08,2007-11-09,6.98,11-30-2007,Citigroup
Q3-08,2007-11-16,6.98,11-30-2007,Citigroup
Q3-08,2007-11-26,6.98,11-30-2007,Citigroup
Q3-08,2007-11-30,6.98,11-30-2007,Citigroup
2008,2006-03-22,6.95,11-30-2007,Citigroup
2008,2006-04-26,6.85,11-30-2007,Citigroup
2008,2006-05-25,6.95,11-30-2007,Citigroup
2008,2006-06-21,6.95,11-30-2007,Citigroup
2008,2006-11-08,6.95,11-30-2007,Citigroup
2008,2006-12-08,7.57,11-30-2007,Citigroup
2008,2007-01-11,7.11,11-30-2007,Citigroup
2008,2007-01-19,7.11,11-30-2007,Citigroup
2008,2007-02-22,7.11,11-30-2007,Citigroup
2008,2007-03-01,7.11,11-30-2007,Citigroup
2008,2007-03-09,7.11,11-30-2007,Citigroup
2008,2007-03-15,7.11,11-30-2007,Citigroup
2008,2007-03-23,7.63,11-30-2007,Citigroup
2008,2007-05-10,7.0,11-30-2007,Citigroup
2008,2007-06-28,7.0,11-30-2007,Citigroup
2008,2007-09-07,6.79,11-30-2007,Citigroup
2008,2007-09-14,6.79,11-30-2007,Citigroup
2008,2007-09-21,6.79,11-30-2007,Citigroup
2008,2007-10-11,6.79,11-30-2007,Citigroup
2008,2007-10-12,6.79,11-30-2007,Citigroup
2008,2007-11-02,6.79,11-30-2007,Citigroup
2008,2007-11-09,6.79,11-30-2007,Citigroup
2008,2007-11-16,6.79,11-30-2007,Citigroup
2008,2007-11-26,6.79,11-30-2007,Citigroup
2008,2007-11-30,6.8,11-30-2007,Citigroup
2009,2006-03-22,6.66,11-30-2007,Citigroup
2009,2006-04-26,6.44,11-30-2007,Citigroup
2009,2006-05-25,6.66,11-30-2007,Citigroup
2009,2006-06-21,6.66,11-30-2007,Citigroup
2009,2006-11-08,6.66,11-30-2007,Citigroup
2009,2006-12-08,7.11,11-30-2007,Citigroup
2009,2007-01-11,6.75,11-30-2007,Citigroup
2009,2007-01-19,6.75,11-30-2007,Citigroup
2009,2007-02-22,6.75,11-30-2007,Citigroup
2009,2007-03-01,6.75,11-30-2007,Citigroup
2009,2007-03-09,6.75,11-30-2007,Citigroup
2009,2007-03-15,6.75,11-30-2007,Citigroup
2009,2007-03-23,7.75,11-30-2007,Citigroup
2009,2007-05-10,6.7,11-30-2007,Citigroup
2009,2007-06-28,6.7,11-30-2007,Citigroup
2009,2007-09-07,6.59,11-30-2007,Citigroup
2009,2007-09-14,6.59,11-30-2007,Citigroup
2009,2007-09-21,6.59,11-30-2007,Citigroup
2009,2007-10-11,6.59,11-30-2007,Citigroup
2009,2007-10-12,6.59,11-30-2007,Citigroup
2009,2007-10-26,6.59,11-30-2007,Citigroup
2009,2007-11-02,6.59,11-30-2007,Citigroup
2009,2007-11-09,6.59,11-30-2007,Citigroup
2009,2007-11-16,6.59,11-30-2007,Citigroup
2009,2007-11-26,6.59,11-30-2007,Citigroup
2009,2007-11-30,6.12,11-30-2007,Citigroup
2010,2006-03-22,6.42,11-30-2007,Citigroup
2010,2006-04-26,6.21,11-30-2007,Citigroup
2010,2006-05-25,6.42,11-30-2007,Citigroup
2010,2006-06-21,6.42,11-30-2007,Citigroup
2010,2006-11-08,6.42,11-30-2007,Citigroup
2010,2006-12-08,6.75,11-30-2007,Citigroup
2010,2007-01-11,6.48,11-30-2007,Citigroup
2010,2007-01-19,6.48,11-30-2007,Citigroup
2010,2007-02-22,6.48,11-30-2007,Citigroup
2010,2007-03-01,6.48,11-30-2007,Citigroup
2010,2007-03-09,6.48,11-30-2007,Citigroup
2010,2007-03-15,6.48,11-30-2007,Citigroup
2010,2007-03-23,7.83,11-30-2007,Citigroup
2010,2007-05-10,6.46,11-30-2007,Citigroup
2010,2007-06-28,6.46,11-30-2007,Citigroup
2010,2007-09-07,6.39,11-30-2007,Citigroup
2010,2007-09-14,6.39,11-30-2007,Citigroup
2010,2007-09-21,6.39,11-30-2007,Citigroup
2010,2007-10-11,6.39,11-30-2007,Citigroup
2010,2007-10-12,6.39,11-30-2007,Citigroup
2010,2007-11-02,6.39,11-30-2007,Citigroup
2010,2007-11-09,6.39,11-30-2007,Citigroup
2010,2007-11-16,6.39,11-30-2007,Citigroup
2010,2007-11-26,6.39,11-30-2007,Citigroup
2010,2007-11-30,5.66,11-30-2007,Citigroup
2011,2006-11-08,6.42,11-30-2007,Citigroup
2011,2006-12-08,6.48,11-30-2007,Citigroup
2011,2007-01-11,6.22,11-30-2007,Citigroup
2011,2007-01-19,6.22,11-30-2007,Citigroup
2011,2007-02-22,6.22,11-30-2007,Citigroup
2011,2007-03-01,6.22,11-30-2007,Citigroup
2011,2007-03-09,6.22,11-30-2007,Citigroup
2011,2007-03-15,6.22,11-30-2007,Citigroup
2011,2007-03-23,7.84,11-30-2007,Citigroup
2011,2007-05-10,6.28,11-30-2007,Citigroup
2011,2007-06-28,6.28,11-30-2007,Citigroup
2011,2007-09-07,6.2,11-30-2007,Citigroup
2011,2007-09-14,6.2,11-30-2007,Citigroup
2011,2007-09-21,6.2,11-30-2007,Citigroup
2011,2007-10-11,6.2,11-30-2007,Citigroup
2011,2007-10-12,6.2,11-30-2007,Citigroup
2011,2007-10-26,6.2,11-30-2007,Citigroup
2011,2007-11-02,6.2,11-30-2007,Citigroup
2011,2007-11-09,6.2,11-30-2007,Citigroup
2011,2007-11-16,6.2,11-30-2007,Citigroup
2011,2007-11-26,6.2,11-30-2007,Citigroup
2011,2007-11-30,5.49,11-30-2007,Citigroup
Q2-16,2014-06-24,6.0,05-31-2016,Citigroup
Q2-16,2014-07-28,6.0,05-31-2016,Citigroup
Q2-16,2014-08-18,6.0,05-31-2016,Citigroup
Q2-16,2014-09-19,6.01,05-31-2016,Citigroup
Q2-16,2014-10-28,6.01,05-31-2016,Citigroup
Q2-16,2014-11-21,6.08,05-31-2016,Citigroup
Q2-16,2014-12-31,6.17,05-31-2016,Citigroup
Q2-16,2015-01-19,6.19,05-31-2016,Citigroup
Q2-16,2015-03-24,6.3,05-31-2016,Citigroup
Q2-16,2015-04-27,6.3,05-31-2016,Citigroup
Q2-16,2015-05-15,6.26,05-31-2016,Citigroup
Q2-16,2015-06-05,6.26,05-31-2016,Citigroup
Q2-16,2015-07-13,6.25,05-31-2016,Citigroup
Q2-16,2015-08-14,6.78,05-31-2016,Citigroup
Q2-16,2015-09-21,6.79,05-31-2016,Citigroup
Q2-16,2015-10-16,6.77,05-31-2016,Citigroup
Q2-16,2015-11-27,6.64,05-31-2016,Citigroup
Q2-16,2015-12-22,6.73,05-31-2016,Citigroup
Q2-16,2016-01-15,6.87,05-31-2016,Citigroup
Q2-16,2016-01-18,6.97,05-31-2016,Citigroup
Q2-16,2016-02-19,6.91,05-31-2016,Citigroup
Q2-16,2016-03-18,6.65,05-31-2016,Citigroup
Q2-16,2016-04-22,6.52,05-31-2016,Citigroup
Q2-16,2016-05-20,6.61,05-31-2016,Citigroup
Q3-16,2014-07-28,6.0,05-31-2016,Citigroup
Q3-16,2014-08-18,6.0,05-31-2016,Citigroup
Q3-16,2014-09-19,6.0,05-31-2016,Citigroup
Q3-16,2014-10-28,6.0,05-31-2016,Citigroup
Q3-16,2014-11-21,6.03,05-31-2016,Citigroup
Q3-16,2014-12-31,6.13,05-31-2016,Citigroup
Q3-16,2015-01-19,6.15,05-31-2016,Citigroup
Q3-16,2015-03-24,6.3,05-31-2016,Citigroup
Q3-16,2015-04-27,6.3,05-31-2016,Citigroup
Q3-16,2015-05-15,6.28,05-31-2016,Citigroup
Q3-16,2015-06-05,6.27,05-31-2016,Citigroup
Q3-16,2015-07-13,6.26,05-31-2016,Citigroup
Q3-16,2015-08-14,6.74,05-31-2016,Citigroup
Q3-16,2015-09-21,6.75,05-31-2016,Citigroup
Q3-16,2015-10-16,6.77,05-31-2016,Citigroup
Q3-16,2015-11-27,6.69,05-31-2016,Citigroup
Q3-16,2015-12-22,6.8,05-31-2016,Citigroup
Q3-16,2016-01-15,6.98,05-31-2016,Citigroup
Q3-16,2016-01-18,7.16,05-31-2016,Citigroup
Q3-16,2016-02-19,7.1,05-31-2016,Citigroup
Q3-16,2016-03-18,6.73,05-31-2016,Citigroup
Q3-16,2016-04-22,6.55,05-31-2016,Citigroup
Q3-16,2016-05-20,6.66,05-31-2016,Citigroup
Q4-16,2014-10-28,6.0,05-31-2016,Citigroup
Q4-16,2014-11-21,6.0,05-31-2016,Citigroup
Q4-16,2014-12-31,6.1,05-31-2016,Citigroup
Q4-16,2015-01-19,6.11,05-31-2016,Citigroup
Q4-16,2015-03-24,6.3,05-31-2016,Citigroup
Q4-16,2015-04-27,6.3,05-31-2016,Citigroup
Q4-16,2015-05-15,6.29,05-31-2016,Citigroup
Q4-16,2015-06-05,6.28,05-31-2016,Citigroup
Q4-16,2015-07-13,6.27,05-31-2016,Citigroup
Q4-16,2015-08-14,6.7,05-31-2016,Citigroup
Q4-16,2015-09-21,6.71,05-31-2016,Citigroup
Q4-16,2015-10-16,6.73,05-31-2016,Citigroup
Q4-16,2015-11-27,6.67,05-31-2016,Citigroup
Q4-16,2015-12-22,6.76,05-31-2016,Citigroup
Q4-16,2016-01-15,6.93,05-31-2016,Citigroup
Q4-16,2016-01-18,7.17,05-31-2016,Citigroup
Q4-16,2016-02-19,7.18,05-31-2016,Citigroup
Q4-16,2016-03-18,6.81,05-31-2016,Citigroup
Q4-16,2016-04-22,6.59,05-31-2016,Citigroup
Q4-16,2016-05-20,6.72,05-31-2016,Citigroup
Q1-17,2015-01-19,6.1,05-31-2016,Citigroup
Q1-17,2015-03-24,6.3,05-31-2016,Citigroup
Q1-17,2015-04-27,6.3,05-31-2016,Citigroup
Q1-17,2015-05-15,6.3,05-31-2016,Citigroup
Q1-17,2015-06-05,6.29,05-31-2016,Citigroup
Q1-17,2015-07-13,6.29,05-31-2016,Citigroup
Q1-17,2015-08-14,6.66,05-31-2016,Citigroup
Q1-17,2015-09-21,6.67,05-31-2016,Citigroup
Q1-17,2015-10-16,6.69,05-31-2016,Citigroup
Q1-17,2015-11-27,6.65,05-31-2016,Citigroup
Q1-17,2015-12-22,6.72,05-31-2016,Citigroup
Q1-17,2016-01-15,6.85,05-31-2016,Citigroup
Q1-17,2016-01-18,7.13,05-31-2016,Citigroup
Q1-17,2016-02-19,7.14,05-31-2016,Citigroup
Q1-17,2016-03-18,6.85,05-31-2016,Citigroup
Q1-17,2016-04-22,6.66,05-31-2016,Citigroup
Q1-17,2016-05-20,6.77,05-31-2016,Citigroup
2017,2015-10-16,6.56,05-31-2016,Citigroup
2017,2015-11-27,6.58,05-31-2016,Citigroup
2017,2015-12-22,6.6,05-31-2016,Citigroup
2017,2016-01-15,6.61,05-31-2016,Citigroup
2017,2016-01-18,7.01,05-31-2016,Citigroup
2017,2016-02-19,7.02,05-31-2016,Citigroup
2017,2016-03-18,6.97,05-31-2016,Citigroup
2017,2016-04-22,6.9,05-31-2016,Citigroup
2017,2016-05-20,6.92,05-31-2016,Citigroup
Q2-20,2018-06-15,6.09,05-31-2020,Citigroup
Q2-20,2018-07-13,6.11,05-31-2020,Citigroup
Q2-20,2018-08-17,6.18,05-31-2020,Citigroup
Q2-20,2018-08-22,6.18,05-31-2020,Citigroup
Q2-20,2018-09-17,6.22,05-31-2020,Citigroup
Q2-20,2018-10-19,6.61,05-31-2020,Citigroup
Q2-20,2018-11-20,6.64,05-31-2020,Citigroup
Q2-20,2019-03-21,6.33,05-31-2020,Citigroup
Q2-20,2019-08-21,7.29,05-31-2020,Citigroup
Q2-20,2019-09-23,7.33,05-31-2020,Citigroup
Q2-20,2020-02-06,7.0,05-31-2020,Citigroup
Q2-20,2020-04-17,6.98,05-31-2020,Citigroup
Q3-20,2018-07-13,6.05,05-31-2020,Citigroup
Q3-20,2018-08-17,6.07,05-31-2020,Citigroup
Q3-20,2018-08-22,6.07,05-31-2020,Citigroup
Q3-20,2018-09-17,6.09,05-31-2020,Citigroup
Q3-20,2018-10-19,6.52,05-31-2020,Citigroup
Q3-20,2018-11-20,6.55,05-31-2020,Citigroup
Q3-20,2019-03-21,6.25,05-31-2020,Citigroup
Q3-20,2019-08-21,7.15,05-31-2020,Citigroup
Q3-20,2019-09-23,7.16,05-31-2020,Citigroup
Q3-20,2020-02-06,6.96,05-31-2020,Citigroup
Q3-20,2020-04-17,6.94,05-31-2020,Citigroup
Q4-20,2018-10-19,6.43,05-31-2020,Citigroup
Q4-20,2019-03-21,6.17,05-31-2020,Citigroup
Q4-20,2019-08-21,7.01,05-31-2020,Citigroup
Q4-20,2019-09-23,6.99,05-31-2020,Citigroup
Q4-20,2020-02-06,6.89,05-31-2020,Citigroup
Q4-20,2020-04-17,6.91,05-31-2020,Citigroup
Q1-21,2019-03-21,6.1,05-31-2020,Citigroup
Q1-21,2019-08-21,6.88,05-31-2020,Citigroup
Q1-21,2019-09-23,6.82,05-31-2020,Citigroup
Q1-21,2020-02-06,6.81,05-31-2020,Citigroup
Q1-21,2020-04-17,6.83,05-31-2020,Citigroup
2021,2018-11-20,6.45,05-31-2020,Citigroup
2021,2020-02-06,6.54,05-31-2020,Citigroup
2021,2020-04-17,6.59,05-31-2020,Citigroup
Q3-07,2006-11-08,7.35,08-31-2007,Citigroup
Q3-07,2006-12-08,7.41,08-31-2007,Citigroup
Q3-07,2007-01-11,7.43,08-31-2007,Citigroup
Q3-07,2007-01-19,7.44,08-31-2007,Citigroup
Q3-07,2007-02-01,7.43,08-31-2007,Citigroup
Q3-07,2007-02-08,7.44,08-31-2007,Citigroup
Q3-07,2007-02-15,7.45,08-31-2007,Citigroup
Q3-07,2007-02-22,7.46,08-31-2007,Citigroup
Q3-07,2007-03-01,7.44,08-31-2007,Citigroup
Q3-07,2007-03-09,7.45,08-31-2007,Citigroup
Q3-07,2007-03-15,7.46,08-31-2007,Citigroup
Q3-07,2007-03-23,7.46,08-31-2007,Citigroup
Q3-07,2007-03-29,7.3,08-31-2007,Citigroup
Q3-07,2007-04-05,7.31,08-31-2007,Citigroup
Q3-07,2007-04-12,7.32,08-31-2007,Citigroup
Q3-07,2007-04-19,7.33,08-31-2007,Citigroup
Q3-07,2007-05-03,7.36,08-31-2007,Citigroup
Q3-07,2007-05-10,7.37,08-31-2007,Citigroup
Q3-07,2007-05-31,7.38,08-31-2007,Citigroup
Q3-07,2007-06-28,7.42,08-31-2007,Citigroup
Q3-07,2007-07-09,7.44,08-31-2007,Citigroup
Q3-07,2007-07-27,7.49,08-31-2007,Citigroup
Q3-07,2007-08-02,7.49,08-31-2007,Citigroup
Q4-07,2006-03-22,7.42,08-31-2007,Citigroup
Q4-07,2006-04-26,7.18,08-31-2007,Citigroup
Q4-07,2006-05-25,7.35,08-31-2007,Citigroup
Q4-07,2006-06-21,7.35,08-31-2007,Citigroup
Q4-07,2006-11-08,7.35,08-31-2007,Citigroup
Q4-07,2006-12-08,7.29,08-31-2007,Citigroup
Q4-07,2007-01-11,7.36,08-31-2007,Citigroup
Q4-07,2007-01-19,7.36,08-31-2007,Citigroup
Q4-07,2007-02-01,7.33,08-31-2007,Citigroup
Q4-07,2007-02-08,7.34,08-31-2007,Citigroup
Q4-07,2007-02-15,7.35,08-31-2007,Citigroup
Q4-07,2007-02-22,7.36,08-31-2007,Citigroup
Q4-07,2007-03-01,7.35,08-31-2007,Citigroup
Q4-07,2007-03-09,7.36,08-31-2007,Citigroup
Q4-07,2007-03-15,7.37,08-31-2007,Citigroup
Q4-07,2007-03-23,7.38,08-31-2007,Citigroup
Q4-07,2007-03-29,7.2,08-31-2007,Citigroup
Q4-07,2007-04-05,7.2,08-31-2007,Citigroup
Q4-07,2007-04-12,7.21,08-31-2007,Citigroup
Q4-07,2007-04-19,7.22,08-31-2007,Citigroup
Q4-07,2007-05-03,7.24,08-31-2007,Citigroup
Q4-07,2007-05-10,7.24,08-31-2007,Citigroup
Q4-07,2007-05-31,7.27,08-31-2007,Citigroup
Q4-07,2007-06-28,7.28,08-31-2007,Citigroup
Q4-07,2007-07-09,7.29,08-31-2007,Citigroup
Q4-07,2007-07-27,7.32,08-31-2007,Citigroup
Q4-07,2007-08-02,7.32,08-31-2007,Citigroup
Q1-08,2007-03-01,7.24,08-31-2007,Citigroup
Q1-08,2007-03-09,7.25,08-31-2007,Citigroup
Q1-08,2007-03-15,7.27,08-31-2007,Citigroup
Q1-08,2007-03-23,7.28,08-31-2007,Citigroup
Q1-08,2007-03-29,7.1,08-31-2007,Citigroup
Q1-08,2007-04-05,7.11,08-31-2007,Citigroup
Q1-08,2007-04-12,7.11,08-31-2007,Citigroup
Q1-08,2007-04-19,7.12,08-31-2007,Citigroup
Q1-08,2007-05-03,7.14,08-31-2007,Citigroup
Q1-08,2007-05-10,7.14,08-31-2007,Citigroup
Q1-08,2007-05-31,7.17,08-31-2007,Citigroup
Q1-08,2007-06-28,7.19,08-31-2007,Citigroup
Q1-08,2007-07-09,7.2,08-31-2007,Citigroup
Q1-08,2007-07-27,7.22,08-31-2007,Citigroup
Q1-08,2007-08-02,7.22,08-31-2007,Citigroup
Q2-08,2007-05-31,7.1,08-31-2007,Citigroup
Q2-08,2007-06-28,7.1,08-31-2007,Citigroup
Q2-08,2007-07-09,7.11,08-31-2007,Citigroup
Q2-08,2007-07-27,7.13,08-31-2007,Citigroup
Q2-08,2007-08-02,7.13,08-31-2007,Citigroup
2008,2006-03-22,6.95,08-31-2007,Citigroup
2008,2006-04-26,6.85,08-31-2007,Citigroup
2008,2006-05-25,6.95,08-31-2007,Citigroup
2008,2006-06-21,6.95,08-31-2007,Citigroup
2008,2006-11-08,6.95,08-31-2007,Citigroup
2008,2006-12-08,7.57,08-31-2007,Citigroup
2008,2007-01-11,7.11,08-31-2007,Citigroup
2008,2007-01-19,7.11,08-31-2007,Citigroup
2008,2007-02-22,7.11,08-31-2007,Citigroup
2008,2007-03-01,7.11,08-31-2007,Citigroup
2008,2007-03-09,7.11,08-31-2007,Citigroup
2008,2007-03-15,7.11,08-31-2007,Citigroup
2008,2007-03-23,7.63,08-31-2007,Citigroup
2008,2007-05-10,7.0,08-31-2007,Citigroup
2008,2007-06-28,7.0,08-31-2007,Citigroup
2009,2006-03-22,6.66,08-31-2007,Citigroup
2009,2006-04-26,6.44,08-31-2007,Citigroup
2009,2006-05-25,6.66,08-31-2007,Citigroup
2009,2006-06-21,6.66,08-31-2007,Citigroup
2009,2006-11-08,6.66,08-31-2007,Citigroup
2009,2006-12-08,7.11,08-31-2007,Citigroup
2009,2007-01-11,6.75,08-31-2007,Citigroup
2009,2007-01-19,6.75,08-31-2007,Citigroup
2009,2007-02-22,6.75,08-31-2007,Citigroup
2009,2007-03-01,6.75,08-31-2007,Citigroup
2009,2007-03-09,6.75,08-31-2007,Citigroup
2009,2007-03-15,6.75,08-31-2007,Citigroup
2009,2007-03-23,7.75,08-31-2007,Citigroup
2009,2007-05-10,6.7,08-31-2007,Citigroup
2009,2007-06-28,6.7,08-31-2007,Citigroup
2010,2006-03-22,6.42,08-31-2007,Citigroup
2010,2006-04-26,6.21,08-31-2007,Citigroup
2010,2006-05-25,6.42,08-31-2007,Citigroup
2010,2006-06-21,6.42,08-31-2007,Citigroup
2010,2006-11-08,6.42,08-31-2007,Citigroup
2010,2006-12-08,6.75,08-31-2007,Citigroup
2010,2007-01-11,6.48,08-31-2007,Citigroup
2010,2007-01-19,6.48,08-31-2007,Citigroup
2010,2007-02-22,6.48,08-31-2007,Citigroup
2010,2007-03-01,6.48,08-31-2007,Citigroup
2010,2007-03-09,6.48,08-31-2007,Citigroup
2010,2007-03-15,6.48,08-31-2007,Citigroup
2010,2007-03-23,7.83,08-31-2007,Citigroup
2010,2007-05-10,6.46,08-31-2007,Citigroup
2010,2007-06-28,6.46,08-31-2007,Citigroup
2011,2006-11-08,6.42,08-31-2007,Citigroup
2011,2006-12-08,6.48,08-31-2007,Citigroup
2011,2007-01-11,6.22,08-31-2007,Citigroup
2011,2007-01-19,6.22,08-31-2007,Citigroup
2011,2007-02-22,6.22,08-31-2007,Citigroup
2011,2007-03-01,6.22,08-31-2007,Citigroup
2011,2007-03-09,6.22,08-31-2007,Citigroup
2011,2007-03-15,6.22,08-31-2007,Citigroup
2011,2007-03-23,7.84,08-31-2007,Citigroup
2011,2007-05-10,6.28,08-31-2007,Citigroup
2011,2007-06-28,6.28,08-31-2007,Citigroup
Q3-11,2011-04-22,6.35,08-31-2011,Citigroup
Q3-11,2011-05-24,6.48,08-31-2011,Citigroup
Q3-11,2011-06-17,6.43,08-31-2011,Citigroup
Q3-11,2011-07-15,6.41,08-31-2011,Citigroup
Q3-11,2011-08-19,6.35,08-31-2011,Citigroup
Q4-11,2011-04-22,6.25,08-31-2011,Citigroup
Q4-11,2011-05-24,6.43,08-31-2011,Citigroup
Q4-11,2011-06-17,6.35,08-31-2011,Citigroup
Q4-11,2011-07-15,6.38,08-31-2011,Citigroup
Q4-11,2011-08-19,6.3,08-31-2011,Citigroup
Q1-12,2011-04-22,6.18,08-31-2011,Citigroup
Q1-12,2011-05-24,6.35,08-31-2011,Citigroup
Q1-12,2011-06-17,6.28,08-31-2011,Citigroup
Q1-12,2011-07-15,6.28,08-31-2011,Citigroup
Q1-12,2011-08-19,6.24,08-31-2011,Citigroup
Q2-12,2011-04-22,6.1,08-31-2011,Citigroup
Q2-12,2011-05-24,6.28,08-31-2011,Citigroup
Q2-12,2011-06-17,6.2,08-31-2011,Citigroup
Q2-12,2011-07-15,6.2,08-31-2011,Citigroup
Q2-12,2011-08-19,6.18,08-31-2011,Citigroup
2012,2011-04-22,6.0,08-31-2011,Citigroup
2012,2011-05-24,6.15,08-31-2011,Citigroup
2012,2011-06-17,6.1,08-31-2011,Citigroup
2012,2011-07-15,6.1,08-31-2011,Citigroup
2012,2011-08-19,6.05,08-31-2011,Citigroup
Q1-16,2014-03-21,6.0,02-28-2016,Citigroup
Q1-16,2014-05-02,6.0,02-28-2016,Citigroup
Q1-16,2014-05-16,6.01,02-28-2016,Citigroup
Q1-16,2014-06-24,6.01,02-28-2016,Citigroup
Q1-16,2014-07-28,6.01,02-28-2016,Citigroup
Q1-16,2014-08-18,6.01,02-28-2016,Citigroup
Q1-16,2014-09-19,6.02,02-28-2016,Citigroup
Q1-16,2014-10-28,6.02,02-28-2016,Citigroup
Q1-16,2014-11-21,6.13,02-28-2016,Citigroup
Q1-16,2014-12-31,6.21,02-28-2016,Citigroup
Q1-16,2015-01-19,6.23,02-28-2016,Citigroup
Q1-16,2015-03-24,6.3,02-28-2016,Citigroup
Q1-16,2015-04-27,6.3,02-28-2016,Citigroup
Q1-16,2015-05-15,6.25,02-28-2016,Citigroup
Q1-16,2015-06-05,6.25,02-28-2016,Citigroup
Q1-16,2015-07-13,6.24,02-28-2016,Citigroup
Q1-16,2015-08-14,6.8,02-28-2016,Citigroup
Q1-16,2015-09-21,6.66,02-28-2016,Citigroup
Q1-16,2015-10-16,6.61,02-28-2016,Citigroup
Q1-16,2015-11-27,6.53,02-28-2016,Citigroup
Q1-16,2015-12-22,6.66,02-28-2016,Citigroup
Q1-16,2016-01-15,6.76,02-28-2016,Citigroup
Q1-16,2016-01-18,6.79,02-28-2016,Citigroup
Q1-16,2016-02-19,6.72,02-28-2016,Citigroup
Q2-16,2014-05-02,6.0,02-28-2016,Citigroup
Q2-16,2014-05-16,6.0,02-28-2016,Citigroup
Q2-16,2014-06-24,6.0,02-28-2016,Citigroup
Q2-16,2014-07-28,6.0,02-28-2016,Citigroup
Q2-16,2014-08-18,6.0,02-28-2016,Citigroup
Q2-16,2014-09-19,6.01,02-28-2016,Citigroup
Q2-16,2014-10-28,6.01,02-28-2016,Citigroup
Q2-16,2014-11-21,6.08,02-28-2016,Citigroup
Q2-16,2014-12-31,6.17,02-28-2016,Citigroup
Q2-16,2015-01-19,6.19,02-28-2016,Citigroup
Q2-16,2015-03-24,6.3,02-28-2016,Citigroup
Q2-16,2015-04-27,6.3,02-28-2016,Citigroup
Q2-16,2015-05-15,6.26,02-28-2016,Citigroup
Q2-16,2015-06-05,6.26,02-28-2016,Citigroup
Q2-16,2015-07-13,6.25,02-28-2016,Citigroup
Q2-16,2015-08-14,6.78,02-28-2016,Citigroup
Q2-16,2015-09-21,6.79,02-28-2016,Citigroup
Q2-16,2015-10-16,6.77,02-28-2016,Citigroup
Q2-16,2015-11-27,6.64,02-28-2016,Citigroup
Q2-16,2015-12-22,6.73,02-28-2016,Citigroup
Q2-16,2016-01-15,6.87,02-28-2016,Citigroup
Q2-16,2016-01-18,6.97,02-28-2016,Citigroup
Q2-16,2016-02-19,6.91,02-28-2016,Citigroup
Q3-16,2014-07-28,6.0,02-28-2016,Citigroup
Q3-16,2014-08-18,6.0,02-28-2016,Citigroup
Q3-16,2014-09-19,6.0,02-28-2016,Citigroup
Q3-16,2014-10-28,6.0,02-28-2016,Citigroup
Q3-16,2014-11-21,6.03,02-28-2016,Citigroup
Q3-16,2014-12-31,6.13,02-28-2016,Citigroup
Q3-16,2015-01-19,6.15,02-28-2016,Citigroup
Q3-16,2015-03-24,6.3,02-28-2016,Citigroup
Q3-16,2015-04-27,6.3,02-28-2016,Citigroup
Q3-16,2015-05-15,6.28,02-28-2016,Citigroup
Q3-16,2015-06-05,6.27,02-28-2016,Citigroup
Q3-16,2015-07-13,6.26,02-28-2016,Citigroup
Q3-16,2015-08-14,6.74,02-28-2016,Citigroup
Q3-16,2015-09-21,6.75,02-28-2016,Citigroup
Q3-16,2015-10-16,6.77,02-28-2016,Citigroup
Q3-16,2015-11-27,6.69,02-28-2016,Citigroup
Q3-16,2015-12-22,6.8,02-28-2016,Citigroup
Q3-16,2016-01-15,6.98,02-28-2016,Citigroup
Q3-16,2016-01-18,7.16,02-28-2016,Citigroup
Q3-16,2016-02-19,7.1,02-28-2016,Citigroup
Q4-16,2014-10-28,6.0,02-28-2016,Citigroup
Q4-16,2014-11-21,6.0,02-28-2016,Citigroup
Q4-16,2014-12-31,6.1,02-28-2016,Citigroup
Q4-16,2015-01-19,6.11,02-28-2016,Citigroup
Q4-16,2015-03-24,6.3,02-28-2016,Citigroup
Q4-16,2015-04-27,6.3,02-28-2016,Citigroup
Q4-16,2015-05-15,6.29,02-28-2016,Citigroup
Q4-16,2015-06-05,6.28,02-28-2016,Citigroup
Q4-16,2015-07-13,6.27,02-28-2016,Citigroup
Q4-16,2015-08-14,6.7,02-28-2016,Citigroup
Q4-16,2015-09-21,6.71,02-28-2016,Citigroup
Q4-16,2015-10-16,6.73,02-28-2016,Citigroup
Q4-16,2015-11-27,6.67,02-28-2016,Citigroup
Q4-16,2015-12-22,6.76,02-28-2016,Citigroup
Q4-16,2016-01-15,6.93,02-28-2016,Citigroup
Q4-16,2016-01-18,7.17,02-28-2016,Citigroup
Q4-16,2016-02-19,7.18,02-28-2016,Citigroup
2017,2015-10-16,6.56,02-28-2016,Citigroup
2017,2015-11-27,6.58,02-28-2016,Citigroup
2017,2015-12-22,6.6,02-28-2016,Citigroup
2017,2016-01-15,6.61,02-28-2016,Citigroup
2017,2016-01-18,7.01,02-28-2016,Citigroup
2017,2016-02-19,7.02,02-28-2016,Citigroup
Q4-08,2006-12-08,7.57,11-30-2008,Citigroup
Q4-08,2007-01-11,7.11,11-30-2008,Citigroup
Q4-08,2007-01-19,7.11,11-30-2008,Citigroup
Q4-08,2007-02-22,7.11,11-30-2008,Citigroup
Q4-08,2007-03-01,7.11,11-30-2008,Citigroup
Q4-08,2007-03-09,7.11,11-30-2008,Citigroup
Q4-08,2007-03-15,7.11,11-30-2008,Citigroup
Q4-08,2007-03-23,7.63,11-30-2008,Citigroup
Q4-08,2007-05-10,7.0,11-30-2008,Citigroup
Q4-08,2007-06-28,7.0,11-30-2008,Citigroup
Q4-08,2007-09-07,6.79,11-30-2008,Citigroup
Q4-08,2007-09-14,6.79,11-30-2008,Citigroup
Q4-08,2007-09-21,6.79,11-30-2008,Citigroup
Q4-08,2007-10-11,6.79,11-30-2008,Citigroup
Q4-08,2007-10-12,6.79,11-30-2008,Citigroup
Q4-08,2007-11-02,6.79,11-30-2008,Citigroup
Q4-08,2007-11-09,6.79,11-30-2008,Citigroup
Q4-08,2007-11-16,6.79,11-30-2008,Citigroup
Q4-08,2007-11-26,6.79,11-30-2008,Citigroup
Q4-08,2007-11-30,6.8,11-30-2008,Citigroup
Q4-08,2007-12-07,6.8,11-30-2008,Citigroup
Q4-08,2007-12-14,6.8,11-30-2008,Citigroup
Q4-08,2007-12-26,6.79,11-30-2008,Citigroup
Q4-08,2008-01-07,6.79,11-30-2008,Citigroup
Q4-08,2008-01-18,6.8,11-30-2008,Citigroup
Q4-08,2008-01-28,6.8,11-30-2008,Citigroup
Q4-08,2008-02-07,6.75,11-30-2008,Citigroup
Q4-08,2008-02-25,6.75,11-30-2008,Citigroup
Q4-08,2008-02-28,6.75,11-30-2008,Citigroup
Q4-08,2008-03-06,6.75,11-30-2008,Citigroup
Q4-08,2008-05-19,6.7,11-30-2008,Citigroup
Q4-08,2008-05-23,6.7,11-30-2008,Citigroup
Q4-08,2008-05-29,6.7,11-30-2008,Citigroup
Q4-08,2008-05-30,6.7,11-30-2008,Citigroup
Q4-08,2008-06-06,6.75,11-30-2008,Citigroup
Q4-08,2008-06-24,6.7,11-30-2008,Citigroup
Q4-08,2008-07-18,6.75,11-30-2008,Citigroup
Q4-08,2008-07-25,6.68,11-30-2008,Citigroup
Q4-08,2008-08-01,6.85,11-30-2008,Citigroup
Q4-08,2008-08-25,6.85,11-30-2008,Citigroup
Q4-08,2008-08-29,6.85,11-30-2008,Citigroup
Q4-08,2008-09-05,6.85,11-30-2008,Citigroup
Q4-08,2008-09-12,7.02,11-30-2008,Citigroup
Q4-08,2008-09-19,7.02,11-30-2008,Citigroup
Q4-08,2008-09-26,7.02,11-30-2008,Citigroup
Q4-08,2008-10-03,7.02,11-30-2008,Citigroup
Q4-08,2008-10-10,6.75,11-30-2008,Citigroup
Q4-08,2008-10-17,7.02,11-30-2008,Citigroup
Q4-08,2008-10-24,7.02,11-30-2008,Citigroup
Q4-08,2008-10-31,7.02,11-30-2008,Citigroup
Q4-08,2008-11-05,6.75,11-30-2008,Citigroup
Q4-08,2008-11-21,6.8,11-30-2008,Citigroup
Q1-09,2008-02-28,6.55,11-30-2008,Citigroup
Q1-09,2008-03-06,6.55,11-30-2008,Citigroup
Q1-09,2008-04-23,6.71,11-30-2008,Citigroup
Q1-09,2008-04-28,6.61,11-30-2008,Citigroup
Q1-09,2008-05-19,6.63,11-30-2008,Citigroup
Q1-09,2008-05-23,6.63,11-30-2008,Citigroup
Q1-09,2008-05-29,6.63,11-30-2008,Citigroup
Q1-09,2008-05-30,6.63,11-30-2008,Citigroup
Q1-09,2008-06-06,6.7,11-30-2008,Citigroup
Q1-09,2008-06-24,6.63,11-30-2008,Citigroup
Q1-09,2008-07-18,6.7,11-30-2008,Citigroup
Q1-09,2008-08-01,6.75,11-30-2008,Citigroup
Q1-09,2008-08-25,6.8,11-30-2008,Citigroup
Q1-09,2008-08-29,6.8,11-30-2008,Citigroup
Q1-09,2008-09-05,6.8,11-30-2008,Citigroup
Q1-09,2008-09-12,6.85,11-30-2008,Citigroup
Q1-09,2008-09-19,6.85,11-30-2008,Citigroup
Q1-09,2008-09-26,6.85,11-30-2008,Citigroup
Q1-09,2008-10-03,6.85,11-30-2008,Citigroup
Q1-09,2008-10-10,6.72,11-30-2008,Citigroup
Q1-09,2008-10-17,6.85,11-30-2008,Citigroup
Q1-09,2008-10-24,6.85,11-30-2008,Citigroup
Q1-09,2008-10-31,6.85,11-30-2008,Citigroup
Q1-09,2008-11-05,6.72,11-30-2008,Citigroup
Q1-09,2008-11-21,6.8,11-30-2008,Citigroup
Q2-09,2008-07-18,6.63,11-30-2008,Citigroup
Q2-09,2008-07-25,6.5,11-30-2008,Citigroup
Q2-09,2008-08-01,6.7,11-30-2008,Citigroup
Q2-09,2008-08-25,6.7,11-30-2008,Citigroup
Q2-09,2008-08-29,6.7,11-30-2008,Citigroup
Q2-09,2008-09-05,6.7,11-30-2008,Citigroup
Q2-09,2008-09-12,6.8,11-30-2008,Citigroup
Q2-09,2008-09-19,6.82,11-30-2008,Citigroup
Q2-09,2008-09-26,6.82,11-30-2008,Citigroup
Q2-09,2008-10-03,6.82,11-30-2008,Citigroup
Q2-09,2008-10-10,6.65,11-30-2008,Citigroup
Q2-09,2008-10-17,6.82,11-30-2008,Citigroup
Q2-09,2008-10-24,6.82,11-30-2008,Citigroup
Q2-09,2008-10-31,6.82,11-30-2008,Citigroup
Q2-09,2008-11-05,6.65,11-30-2008,Citigroup
Q2-09,2008-11-21,6.75,11-30-2008,Citigroup
Q3-09,2008-09-12,6.7,11-30-2008,Citigroup
Q3-09,2008-09-19,6.75,11-30-2008,Citigroup
Q3-09,2008-09-26,6.75,11-30-2008,Citigroup
Q3-09,2008-10-03,6.75,11-30-2008,Citigroup
Q3-09,2008-10-10,6.55,11-30-2008,Citigroup
Q3-09,2008-10-17,6.75,11-30-2008,Citigroup
Q3-09,2008-10-24,6.75,11-30-2008,Citigroup
Q3-09,2008-10-31,6.75,11-30-2008,Citigroup
Q3-09,2008-11-05,6.55,11-30-2008,Citigroup
Q3-09,2008-11-21,6.65,11-30-2008,Citigroup
2009,2006-12-08,7.11,11-30-2008,Citigroup
2009,2007-01-11,6.75,11-30-2008,Citigroup
2009,2007-01-19,6.75,11-30-2008,Citigroup
2009,2007-02-22,6.75,11-30-2008,Citigroup
2009,2007-03-01,6.75,11-30-2008,Citigroup
2009,2007-03-09,6.75,11-30-2008,Citigroup
2009,2007-03-15,6.75,11-30-2008,Citigroup
2009,2007-03-23,7.75,11-30-2008,Citigroup
2009,2007-05-10,6.7,11-30-2008,Citigroup
2009,2007-06-28,6.7,11-30-2008,Citigroup
2009,2007-09-07,6.59,11-30-2008,Citigroup
2009,2007-09-14,6.59,11-30-2008,Citigroup
2009,2007-09-21,6.59,11-30-2008,Citigroup
2009,2007-10-11,6.59,11-30-2008,Citigroup
2009,2007-10-12,6.59,11-30-2008,Citigroup
2009,2007-10-26,6.59,11-30-2008,Citigroup
2009,2007-11-02,6.59,11-30-2008,Citigroup
2009,2007-11-09,6.59,11-30-2008,Citigroup
2009,2007-11-16,6.59,11-30-2008,Citigroup
2009,2007-11-26,6.59,11-30-2008,Citigroup
2009,2007-11-30,6.12,11-30-2008,Citigroup
2009,2007-12-07,6.12,11-30-2008,Citigroup
2009,2007-12-14,6.12,11-30-2008,Citigroup
2009,2007-12-26,6.12,11-30-2008,Citigroup
2009,2008-01-07,6.12,11-30-2008,Citigroup
2009,2008-01-18,6.12,11-30-2008,Citigroup
2009,2008-01-28,6.07,11-30-2008,Citigroup
2009,2008-02-07,6.07,11-30-2008,Citigroup
2009,2008-02-25,6.07,11-30-2008,Citigroup
2009,2008-03-06,6.35,11-30-2008,Citigroup
2009,2008-06-06,6.3,11-30-2008,Citigroup
2009,2008-06-24,6.3,11-30-2008,Citigroup
2009,2008-07-18,6.3,11-30-2008,Citigroup
2009,2008-08-01,6.3,11-30-2008,Citigroup
2009,2008-08-25,6.3,11-30-2008,Citigroup
2009,2008-08-29,6.3,11-30-2008,Citigroup
2009,2008-09-05,6.3,11-30-2008,Citigroup
2009,2008-09-12,6.3,11-30-2008,Citigroup
2009,2008-09-19,6.3,11-30-2008,Citigroup
2009,2008-09-26,6.45,11-30-2008,Citigroup
2009,2008-10-03,6.45,11-30-2008,Citigroup
2009,2008-10-10,6.45,11-30-2008,Citigroup
2009,2008-10-17,6.45,11-30-2008,Citigroup
2009,2008-10-24,6.45,11-30-2008,Citigroup
2009,2008-10-31,6.4,11-30-2008,Citigroup
2009,2008-11-05,6.4,11-30-2008,Citigroup
2009,2008-11-21,6.4,11-30-2008,Citigroup
2010,2006-12-08,6.75,11-30-2008,Citigroup
2010,2007-01-11,6.48,11-30-2008,Citigroup
2010,2007-01-19,6.48,11-30-2008,Citigroup
2010,2007-02-22,6.48,11-30-2008,Citigroup
2010,2007-03-01,6.48,11-30-2008,Citigroup
2010,2007-03-09,6.48,11-30-2008,Citigroup
2010,2007-03-15,6.48,11-30-2008,Citigroup
2010,2007-03-23,7.83,11-30-2008,Citigroup
2010,2007-05-10,6.46,11-30-2008,Citigroup
2010,2007-06-28,6.46,11-30-2008,Citigroup
2010,2007-09-07,6.39,11-30-2008,Citigroup
2010,2007-09-14,6.39,11-30-2008,Citigroup
2010,2007-09-21,6.39,11-30-2008,Citigroup
2010,2007-10-11,6.39,11-30-2008,Citigroup
2010,2007-10-12,6.39,11-30-2008,Citigroup
2010,2007-11-02,6.39,11-30-2008,Citigroup
2010,2007-11-09,6.39,11-30-2008,Citigroup
2010,2007-11-16,6.39,11-30-2008,Citigroup
2010,2007-11-26,6.39,11-30-2008,Citigroup
2010,2007-11-30,5.66,11-30-2008,Citigroup
2010,2007-12-07,5.66,11-30-2008,Citigroup
2010,2007-12-14,5.66,11-30-2008,Citigroup
2010,2007-12-26,5.66,11-30-2008,Citigroup
2010,2008-01-07,5.66,11-30-2008,Citigroup
2010,2008-01-18,5.66,11-30-2008,Citigroup
2010,2008-01-28,5.66,11-30-2008,Citigroup
2010,2008-02-07,5.66,11-30-2008,Citigroup
2010,2008-02-25,5.66,11-30-2008,Citigroup
2010,2008-03-06,5.89,11-30-2008,Citigroup
2010,2008-06-06,5.66,11-30-2008,Citigroup
2010,2008-06-24,5.66,11-30-2008,Citigroup
2010,2008-07-18,5.66,11-30-2008,Citigroup
2010,2008-08-01,5.66,11-30-2008,Citigroup
2010,2008-08-25,5.66,11-30-2008,Citigroup
2010,2008-08-29,5.66,11-30-2008,Citigroup
2010,2008-09-05,5.66,11-30-2008,Citigroup
2010,2008-09-12,5.66,11-30-2008,Citigroup
2010,2008-09-19,5.66,11-30-2008,Citigroup
2010,2008-09-26,5.66,11-30-2008,Citigroup
2010,2008-10-03,5.66,11-30-2008,Citigroup
2010,2008-10-10,5.95,11-30-2008,Citigroup
2010,2008-10-17,5.66,11-30-2008,Citigroup
2010,2008-10-24,5.66,11-30-2008,Citigroup
2010,2008-10-31,5.66,11-30-2008,Citigroup
2010,2008-11-05,5.66,11-30-2008,Citigroup
2010,2008-11-21,5.66,11-30-2008,Citigroup
2011,2006-12-08,6.48,11-30-2008,Citigroup
2011,2007-01-11,6.22,11-30-2008,Citigroup
2011,2007-01-19,6.22,11-30-2008,Citigroup
2011,2007-02-22,6.22,11-30-2008,Citigroup
2011,2007-03-01,6.22,11-30-2008,Citigroup
2011,2007-03-09,6.22,11-30-2008,Citigroup
2011,2007-03-15,6.22,11-30-2008,Citigroup
2011,2007-03-23,7.84,11-30-2008,Citigroup
2011,2007-05-10,6.28,11-30-2008,Citigroup
2011,2007-06-28,6.28,11-30-2008,Citigroup
2011,2007-09-07,6.2,11-30-2008,Citigroup
2011,2007-09-14,6.2,11-30-2008,Citigroup
2011,2007-09-21,6.2,11-30-2008,Citigroup
2011,2007-10-11,6.2,11-30-2008,Citigroup
2011,2007-10-12,6.2,11-30-2008,Citigroup
2011,2007-10-26,6.2,11-30-2008,Citigroup
2011,2007-11-02,6.2,11-30-2008,Citigroup
2011,2007-11-09,6.2,11-30-2008,Citigroup
2011,2007-11-16,6.2,11-30-2008,Citigroup
2011,2007-11-26,6.2,11-30-2008,Citigroup
2011,2007-11-30,5.49,11-30-2008,Citigroup
2011,2007-12-07,5.49,11-30-2008,Citigroup
2011,2007-12-14,5.49,11-30-2008,Citigroup
2011,2007-12-26,5.49,11-30-2008,Citigroup
2011,2008-01-07,5.49,11-30-2008,Citigroup
2011,2008-01-18,5.49,11-30-2008,Citigroup
2011,2008-01-28,5.49,11-30-2008,Citigroup
2011,2008-02-07,5.49,11-30-2008,Citigroup
2011,2008-02-25,5.49,11-30-2008,Citigroup
2011,2008-03-06,5.58,11-30-2008,Citigroup
2011,2008-06-06,5.49,11-30-2008,Citigroup
2011,2008-06-24,5.49,11-30-2008,Citigroup
2011,2008-07-18,5.49,11-30-2008,Citigroup
2011,2008-08-01,5.49,11-30-2008,Citigroup
2011,2008-08-25,5.49,11-30-2008,Citigroup
2011,2008-08-29,5.49,11-30-2008,Citigroup
2011,2008-09-05,5.49,11-30-2008,Citigroup
2011,2008-09-12,5.49,11-30-2008,Citigroup
2011,2008-09-19,5.49,11-30-2008,Citigroup
2011,2008-09-26,5.49,11-30-2008,Citigroup
2011,2008-10-03,5.49,11-30-2008,Citigroup
2011,2008-10-10,5.6,11-30-2008,Citigroup
2011,2008-10-17,5.49,11-30-2008,Citigroup
2011,2008-10-24,5.49,11-30-2008,Citigroup
2011,2008-10-31,5.49,11-30-2008,Citigroup
2011,2008-11-05,5.49,11-30-2008,Citigroup
2011,2008-11-21,5.49,11-30-2008,Citigroup
2012,2006-12-08,6.22,11-30-2008,Citigroup
2012,2007-12-07,5.3,11-30-2008,Citigroup
2012,2007-12-14,5.3,11-30-2008,Citigroup
2012,2007-12-26,5.3,11-30-2008,Citigroup
2012,2008-01-07,5.3,11-30-2008,Citigroup
2012,2008-01-18,5.3,11-30-2008,Citigroup
2012,2008-01-28,5.3,11-30-2008,Citigroup
2012,2008-02-07,5.3,11-30-2008,Citigroup
2012,2008-02-25,5.3,11-30-2008,Citigroup
2012,2008-03-06,5.4,11-30-2008,Citigroup
2012,2008-06-06,5.3,11-30-2008,Citigroup
2012,2008-06-24,5.3,11-30-2008,Citigroup
2012,2008-07-18,5.3,11-30-2008,Citigroup
2012,2008-08-01,5.3,11-30-2008,Citigroup
2012,2008-08-25,5.3,11-30-2008,Citigroup
2012,2008-08-29,5.3,11-30-2008,Citigroup
2012,2008-09-05,5.3,11-30-2008,Citigroup
2012,2008-09-12,5.3,11-30-2008,Citigroup
2012,2008-09-19,5.3,11-30-2008,Citigroup
2012,2008-09-26,5.3,11-30-2008,Citigroup
2012,2008-10-03,5.3,11-30-2008,Citigroup
2012,2008-10-10,5.45,11-30-2008,Citigroup
2012,2008-10-17,5.3,11-30-2008,Citigroup
2012,2008-10-24,5.3,11-30-2008,Citigroup
2012,2008-10-31,5.3,11-30-2008,Citigroup
2012,2008-11-05,5.3,11-30-2008,Citigroup
2012,2008-11-21,5.3,11-30-2008,Citigroup
Q2-19,2017-06-16,6.69,05-31-2019,Citigroup
Q2-19,2017-07-17,6.71,05-31-2019,Citigroup
Q2-19,2017-08-18,6.72,05-31-2019,Citigroup
Q2-19,2017-09-18,6.66,05-31-2019,Citigroup
Q2-19,2017-10-13,6.25,05-31-2019,Citigroup
Q2-19,2017-11-17,6.29,05-31-2019,Citigroup
Q2-19,2017-12-22,6.29,05-31-2019,Citigroup
Q2-19,2018-01-19,6.23,05-31-2019,Citigroup
Q2-19,2018-03-16,6.3,05-31-2019,Citigroup
Q2-19,2018-04-20,6.32,05-31-2019,Citigroup
Q2-19,2018-06-15,6.31,05-31-2019,Citigroup
Q2-19,2018-07-13,6.51,05-31-2019,Citigroup
Q2-19,2018-08-17,6.78,05-31-2019,Citigroup
Q2-19,2018-08-22,6.78,05-31-2019,Citigroup
Q2-19,2018-09-17,6.78,05-31-2019,Citigroup
Q2-19,2018-10-19,6.95,05-31-2019,Citigroup
Q2-19,2018-11-20,6.96,05-31-2019,Citigroup
Q2-19,2019-03-21,6.64,05-31-2019,Citigroup
Q3-19,2017-07-17,6.64,05-31-2019,Citigroup
Q3-19,2017-08-18,6.66,05-31-2019,Citigroup
Q3-19,2017-09-18,6.69,05-31-2019,Citigroup
Q3-19,2017-10-13,6.12,05-31-2019,Citigroup
Q3-19,2017-11-17,6.16,05-31-2019,Citigroup
Q3-19,2017-12-22,6.19,05-31-2019,Citigroup
Q3-19,2018-01-19,6.17,05-31-2019,Citigroup
Q3-19,2018-03-16,6.23,05-31-2019,Citigroup
Q3-19,2018-04-20,6.25,05-31-2019,Citigroup
Q3-19,2018-06-15,6.25,05-31-2019,Citigroup
Q3-19,2018-07-13,6.41,05-31-2019,Citigroup
Q3-19,2018-08-17,6.63,05-31-2019,Citigroup
Q3-19,2018-08-22,6.63,05-31-2019,Citigroup
Q3-19,2018-09-17,6.63,05-31-2019,Citigroup
Q3-19,2018-10-19,6.88,05-31-2019,Citigroup
Q3-19,2018-11-20,6.91,05-31-2019,Citigroup
Q3-19,2019-03-21,6.57,05-31-2019,Citigroup
Q4-19,2017-10-13,6.05,05-31-2019,Citigroup
Q4-19,2017-11-17,6.07,05-31-2019,Citigroup
Q4-19,2017-12-22,6.09,05-31-2019,Citigroup
Q4-19,2018-01-19,6.11,05-31-2019,Citigroup
Q4-19,2018-03-16,6.16,05-31-2019,Citigroup
Q4-19,2018-04-20,6.18,05-31-2019,Citigroup
Q4-19,2018-05-18,6.35,05-31-2019,Citigroup
Q4-19,2018-06-15,6.2,05-31-2019,Citigroup
Q4-19,2018-07-13,6.31,05-31-2019,Citigroup
Q4-19,2018-08-17,6.48,05-31-2019,Citigroup
Q4-19,2018-08-22,6.48,05-31-2019,Citigroup
Q4-19,2018-09-17,6.49,05-31-2019,Citigroup
Q4-19,2018-10-19,6.79,05-31-2019,Citigroup
Q4-19,2018-11-20,6.82,05-31-2019,Citigroup
Q4-19,2019-03-21,6.49,05-31-2019,Citigroup
Q1-20,2018-01-19,6.05,05-31-2019,Citigroup
Q1-20,2018-04-20,6.11,05-31-2019,Citigroup
Q1-20,2018-06-15,6.14,05-31-2019,Citigroup
Q1-20,2018-07-13,6.21,05-31-2019,Citigroup
Q1-20,2018-08-17,6.33,05-31-2019,Citigroup
Q1-20,2018-08-22,6.33,05-31-2019,Citigroup
Q1-20,2018-09-17,6.36,05-31-2019,Citigroup
Q1-20,2018-10-19,6.7,05-31-2019,Citigroup
Q1-20,2018-11-20,6.73,05-31-2019,Citigroup
Q1-20,2019-03-21,6.41,05-31-2019,Citigroup
2020,2018-03-16,6.09,05-31-2019,Citigroup
2020,2018-05-18,6.28,05-31-2019,Citigroup
2020,2018-10-19,6.43,05-31-2019,Citigroup
2020,2019-03-21,6.17,05-31-2019,Citigroup
2021,2018-05-18,6.21,05-31-2019,Citigroup
2021,2018-11-20,6.45,05-31-2019,Citigroup
2022,2018-05-18,6.14,05-31-2019,Citigroup
2023,2018-05-18,6.07,05-31-2019,Citigroup
Q3-12,2011-04-22,6.05,08-31-2012,Citigroup
Q3-12,2011-05-24,6.2,08-31-2012,Citigroup
Q3-12,2011-06-17,6.15,08-31-2012,Citigroup
Q3-12,2011-08-19,6.12,08-31-2012,Citigroup
Q3-12,2011-10-06,6.12,08-31-2012,Citigroup
Q3-12,2011-12-16,6.29,08-31-2012,Citigroup
Q3-12,2012-01-13,6.24,08-31-2012,Citigroup
Q3-12,2012-02-20,6.24,08-31-2012,Citigroup
Q3-12,2012-04-13,6.28,08-31-2012,Citigroup
Q3-12,2012-05-18,6.31,08-31-2012,Citigroup
Q3-12,2012-06-25,6.33,08-31-2012,Citigroup
Q3-12,2012-07-20,6.38,08-31-2012,Citigroup
Q4-12,2011-04-22,6.0,08-31-2012,Citigroup
Q4-12,2011-05-24,6.15,08-31-2012,Citigroup
Q4-12,2011-06-17,6.1,08-31-2012,Citigroup
Q4-12,2011-07-15,6.1,08-31-2012,Citigroup
Q4-12,2011-08-19,6.05,08-31-2012,Citigroup
Q4-12,2011-10-06,6.05,08-31-2012,Citigroup
Q4-12,2011-12-16,6.25,08-31-2012,Citigroup
Q4-12,2012-01-13,6.2,08-31-2012,Citigroup
Q4-12,2012-02-20,6.2,08-31-2012,Citigroup
Q4-12,2012-04-13,6.25,08-31-2012,Citigroup
Q4-12,2012-05-18,6.27,08-31-2012,Citigroup
Q4-12,2012-06-25,6.34,08-31-2012,Citigroup
Q4-12,2012-07-20,6.37,08-31-2012,Citigroup
Q1-13,2011-04-22,5.95,08-31-2012,Citigroup
Q1-13,2011-05-24,6.1,08-31-2012,Citigroup
Q1-13,2011-06-17,6.05,08-31-2012,Citigroup
Q1-13,2011-08-19,6.0,08-31-2012,Citigroup
Q1-13,2011-12-16,6.2,08-31-2012,Citigroup
Q1-13,2012-01-13,6.15,08-31-2012,Citigroup
Q1-13,2012-02-20,6.15,08-31-2012,Citigroup
Q1-13,2012-02-26,6.22,08-31-2012,Citigroup
Q1-13,2012-04-13,6.22,08-31-2012,Citigroup
Q1-13,2012-05-18,6.23,08-31-2012,Citigroup
Q1-13,2012-06-25,6.34,08-31-2012,Citigroup
Q1-13,2012-07-20,6.36,08-31-2012,Citigroup
Q2-13,2011-04-22,5.95,08-31-2012,Citigroup
Q2-13,2011-05-24,6.05,08-31-2012,Citigroup
Q2-13,2011-06-17,6.05,08-31-2012,Citigroup
Q2-13,2011-08-19,5.93,08-31-2012,Citigroup
Q2-13,2011-12-16,6.15,08-31-2012,Citigroup
Q2-13,2012-01-13,6.1,08-31-2012,Citigroup
Q2-13,2012-02-20,6.1,08-31-2012,Citigroup
Q2-13,2012-02-26,6.2,08-31-2012,Citigroup
Q2-13,2012-05-18,6.2,08-31-2012,Citigroup
Q2-13,2012-06-25,6.35,08-31-2012,Citigroup
Q2-13,2012-07-20,6.34,08-31-2012,Citigroup
2013,2011-10-06,5.8,08-31-2012,Citigroup
2013,2011-12-16,6.06,08-31-2012,Citigroup
2013,2012-01-13,6.01,08-31-2012,Citigroup
2013,2012-02-20,6.01,08-31-2012,Citigroup
2013,2012-02-26,6.18,08-31-2012,Citigroup
2013,2012-04-13,6.18,08-31-2012,Citigroup
2013,2012-05-18,6.15,08-31-2012,Citigroup
2013,2012-06-25,6.25,08-31-2012,Citigroup
2013,2012-07-20,6.25,08-31-2012,Citigroup
2014,2011-10-06,5.6,08-31-2012,Citigroup
2014,2012-02-20,6.01,08-31-2012,Citigroup
2014,2012-02-26,6.1,08-31-2012,Citigroup
2014,2012-04-13,6.1,08-31-2012,Citigroup
2014,2012-06-25,6.16,08-31-2012,Citigroup
2015,2011-10-06,5.5,08-31-2012,Citigroup
2015,2012-04-13,6.07,08-31-2012,Citigroup
2016,2012-04-13,6.04,08-31-2012,Citigroup
Q1-15,2013-03-15,6.05,02-28-2015,Citigroup
Q1-15,2013-03-18,6.05,02-28-2015,Citigroup
Q1-15,2013-04-12,6.0,02-28-2015,Citigroup
Q1-15,2013-04-16,6.0,02-28-2015,Citigroup
Q1-15,2013-05-17,6.01,02-28-2015,Citigroup
Q1-15,2013-05-21,6.01,02-28-2015,Citigroup
Q1-15,2013-06-14,6.01,02-28-2015,Citigroup
Q1-15,2013-07-12,6.04,02-28-2015,Citigroup
Q1-15,2013-07-16,6.04,02-28-2015,Citigroup
Q1-15,2013-08-16,6.05,02-28-2015,Citigroup
Q1-15,2013-10-18,6.04,02-28-2015,Citigroup
Q1-15,2013-11-21,6.03,02-28-2015,Citigroup
Q1-15,2014-02-24,6.0,02-28-2015,Citigroup
Q1-15,2014-03-21,6.06,02-28-2015,Citigroup
Q1-15,2014-05-02,6.07,02-28-2015,Citigroup
Q1-15,2014-05-16,6.07,02-28-2015,Citigroup
Q1-15,2014-06-24,6.04,02-28-2015,Citigroup
Q1-15,2014-07-28,6.05,02-28-2015,Citigroup
Q1-15,2014-08-18,6.06,02-28-2015,Citigroup
Q1-15,2014-09-19,6.07,02-28-2015,Citigroup
Q1-15,2014-10-28,6.07,02-28-2015,Citigroup
Q1-15,2014-11-21,6.19,02-28-2015,Citigroup
Q1-15,2014-12-31,6.24,02-28-2015,Citigroup
Q1-15,2015-01-19,6.23,02-28-2015,Citigroup
Q2-15,2013-04-12,6.0,02-28-2015,Citigroup
Q2-15,2013-05-17,6.0,02-28-2015,Citigroup
Q2-15,2013-07-12,6.0,02-28-2015,Citigroup
Q2-15,2013-07-16,6.0,02-28-2015,Citigroup
Q2-15,2013-08-16,6.02,02-28-2015,Citigroup
Q2-15,2013-10-18,6.02,02-28-2015,Citigroup
Q2-15,2013-11-21,6.02,02-28-2015,Citigroup
Q2-15,2014-02-24,6.0,02-28-2015,Citigroup
Q2-15,2014-03-21,6.05,02-28-2015,Citigroup
Q2-15,2014-05-02,6.05,02-28-2015,Citigroup
Q2-15,2014-05-16,6.06,02-28-2015,Citigroup
Q2-15,2014-06-24,6.03,02-28-2015,Citigroup
Q2-15,2014-07-28,6.03,02-28-2015,Citigroup
Q2-15,2014-08-18,6.04,02-28-2015,Citigroup
Q2-15,2014-09-19,6.04,02-28-2015,Citigroup
Q2-15,2014-10-28,6.05,02-28-2015,Citigroup
Q2-15,2014-11-21,6.23,02-28-2015,Citigroup
Q2-15,2014-12-31,6.27,02-28-2015,Citigroup
Q2-15,2015-01-19,6.26,02-28-2015,Citigroup
Q3-15,2013-07-12,6.0,02-28-2015,Citigroup
Q3-15,2013-08-16,6.0,02-28-2015,Citigroup
Q3-15,2013-10-18,6.0,02-28-2015,Citigroup
Q3-15,2013-11-21,6.01,02-28-2015,Citigroup
Q3-15,2014-02-24,6.0,02-28-2015,Citigroup
Q3-15,2014-03-21,6.03,02-28-2015,Citigroup
Q3-15,2014-05-02,6.04,02-28-2015,Citigroup
Q3-15,2014-05-16,6.04,02-28-2015,Citigroup
Q3-15,2014-06-24,6.02,02-28-2015,Citigroup
Q3-15,2014-07-28,6.03,02-28-2015,Citigroup
Q3-15,2014-08-18,6.03,02-28-2015,Citigroup
Q3-15,2014-09-19,6.03,02-28-2015,Citigroup
Q3-15,2014-10-28,6.03,02-28-2015,Citigroup
Q3-15,2014-11-21,6.23,02-28-2015,Citigroup
Q3-15,2014-12-31,6.29,02-28-2015,Citigroup
Q3-15,2015-01-19,6.29,02-28-2015,Citigroup
Q4-15,2013-03-16,6.0,02-28-2015,Citigroup
Q4-15,2013-10-18,6.0,02-28-2015,Citigroup
Q4-15,2013-11-21,6.0,02-28-2015,Citigroup
Q4-15,2014-01-21,6.0,02-28-2015,Citigroup
Q4-15,2014-02-24,6.0,02-28-2015,Citigroup
Q4-15,2014-03-21,6.01,02-28-2015,Citigroup
Q4-15,2014-05-02,6.02,02-28-2015,Citigroup
Q4-15,2014-05-16,6.02,02-28-2015,Citigroup
Q4-15,2014-06-24,6.02,02-28-2015,Citigroup
Q4-15,2014-07-28,6.02,02-28-2015,Citigroup
Q4-15,2014-08-18,6.02,02-28-2015,Citigroup
Q4-15,2014-09-19,6.02,02-28-2015,Citigroup
Q4-15,2014-10-28,6.03,02-28-2015,Citigroup
Q4-15,2014-11-21,6.18,02-28-2015,Citigroup
Q4-15,2014-12-31,6.25,02-28-2015,Citigroup
Q4-15,2015-01-19,6.27,02-28-2015,Citigroup
2016,2013-03-16,6.01,02-28-2015,Citigroup
2016,2013-11-22,6.01,02-28-2015,Citigroup
2016,2014-10-28,6.0,02-28-2015,Citigroup
2016,2014-11-21,6.0,02-28-2015,Citigroup
2016,2014-12-31,6.1,02-28-2015,Citigroup
2016,2015-01-19,6.11,02-28-2015,Citigroup
Q4-12,2011-04-22,6.0,11-30-2012,Citigroup
Q4-12,2011-05-24,6.15,11-30-2012,Citigroup
Q4-12,2011-06-17,6.1,11-30-2012,Citigroup
Q4-12,2011-07-15,6.1,11-30-2012,Citigroup
Q4-12,2011-08-19,6.05,11-30-2012,Citigroup
Q4-12,2011-10-06,6.05,11-30-2012,Citigroup
Q4-12,2011-12-16,6.25,11-30-2012,Citigroup
Q4-12,2012-01-13,6.2,11-30-2012,Citigroup
Q4-12,2012-02-20,6.2,11-30-2012,Citigroup
Q4-12,2012-04-13,6.25,11-30-2012,Citigroup
Q4-12,2012-05-18,6.27,11-30-2012,Citigroup
Q4-12,2012-06-25,6.34,11-30-2012,Citigroup
Q4-12,2012-07-20,6.37,11-30-2012,Citigroup
Q4-12,2012-09-20,6.33,11-30-2012,Citigroup
Q4-12,2012-10-19,6.25,11-30-2012,Citigroup
Q4-12,2012-11-01,6.25,11-30-2012,Citigroup
Q4-12,2012-11-20,6.21,11-30-2012,Citigroup
Q1-13,2011-04-22,5.95,11-30-2012,Citigroup
Q1-13,2011-05-24,6.1,11-30-2012,Citigroup
Q1-13,2011-06-17,6.05,11-30-2012,Citigroup
Q1-13,2011-08-19,6.0,11-30-2012,Citigroup
Q1-13,2011-12-16,6.2,11-30-2012,Citigroup
Q1-13,2012-01-13,6.15,11-30-2012,Citigroup
Q1-13,2012-02-20,6.15,11-30-2012,Citigroup
Q1-13,2012-02-26,6.22,11-30-2012,Citigroup
Q1-13,2012-04-13,6.22,11-30-2012,Citigroup
Q1-13,2012-05-18,6.23,11-30-2012,Citigroup
Q1-13,2012-06-25,6.34,11-30-2012,Citigroup
Q1-13,2012-07-20,6.36,11-30-2012,Citigroup
Q1-13,2012-09-20,6.34,11-30-2012,Citigroup
Q1-13,2012-10-19,6.27,11-30-2012,Citigroup
Q1-13,2012-11-01,6.27,11-30-2012,Citigroup
Q1-13,2012-11-20,6.18,11-30-2012,Citigroup
Q2-13,2011-04-22,5.95,11-30-2012,Citigroup
Q2-13,2011-05-24,6.05,11-30-2012,Citigroup
Q2-13,2011-06-17,6.05,11-30-2012,Citigroup
Q2-13,2011-08-19,5.93,11-30-2012,Citigroup
Q2-13,2011-12-16,6.15,11-30-2012,Citigroup
Q2-13,2012-01-13,6.1,11-30-2012,Citigroup
Q2-13,2012-02-20,6.1,11-30-2012,Citigroup
Q2-13,2012-02-26,6.2,11-30-2012,Citigroup
Q2-13,2012-05-18,6.2,11-30-2012,Citigroup
Q2-13,2012-06-25,6.35,11-30-2012,Citigroup
Q2-13,2012-07-20,6.34,11-30-2012,Citigroup
Q2-13,2012-09-20,6.35,11-30-2012,Citigroup
Q2-13,2012-10-19,6.3,11-30-2012,Citigroup
Q2-13,2012-11-01,6.3,11-30-2012,Citigroup
Q2-13,2012-11-20,6.16,11-30-2012,Citigroup
Q3-13,2011-08-19,5.93,11-30-2012,Citigroup
Q3-13,2011-12-16,6.1,11-30-2012,Citigroup
Q3-13,2012-01-13,6.05,11-30-2012,Citigroup
Q3-13,2012-02-20,6.05,11-30-2012,Citigroup
Q3-13,2012-02-26,6.17,11-30-2012,Citigroup
Q3-13,2012-05-18,6.17,11-30-2012,Citigroup
Q3-13,2012-06-25,6.3,11-30-2012,Citigroup
Q3-13,2012-07-20,6.3,11-30-2012,Citigroup
Q3-13,2012-09-20,6.31,11-30-2012,Citigroup
Q3-13,2012-10-19,6.28,11-30-2012,Citigroup
Q3-13,2012-11-01,6.28,11-30-2012,Citigroup
Q3-13,2012-11-20,6.14,11-30-2012,Citigroup
2013,2011-10-06,5.8,11-30-2012,Citigroup
2013,2011-12-16,6.06,11-30-2012,Citigroup
2013,2012-01-13,6.01,11-30-2012,Citigroup
2013,2012-02-20,6.01,11-30-2012,Citigroup
2013,2012-02-26,6.18,11-30-2012,Citigroup
2013,2012-04-13,6.18,11-30-2012,Citigroup
2013,2012-05-18,6.15,11-30-2012,Citigroup
2013,2012-06-25,6.25,11-30-2012,Citigroup
2013,2012-07-20,6.25,11-30-2012,Citigroup
2013,2012-09-20,6.27,11-30-2012,Citigroup
2013,2012-10-19,6.25,11-30-2012,Citigroup
2013,2012-11-01,6.25,11-30-2012,Citigroup
2013,2012-11-20,6.12,11-30-2012,Citigroup
2014,2011-10-06,5.6,11-30-2012,Citigroup
2014,2012-02-20,6.01,11-30-2012,Citigroup
2014,2012-02-26,6.1,11-30-2012,Citigroup
2014,2012-04-13,6.1,11-30-2012,Citigroup
2014,2012-06-25,6.16,11-30-2012,Citigroup
2014,2012-09-20,6.18,11-30-2012,Citigroup
2014,2012-10-19,6.14,11-30-2012,Citigroup
2014,2012-11-01,6.14,11-30-2012,Citigroup
2014,2012-11-20,6.05,11-30-2012,Citigroup
2015,2011-10-06,5.5,11-30-2012,Citigroup
2015,2012-04-13,6.07,11-30-2012,Citigroup
2015,2012-09-20,6.12,11-30-2012,Citigroup
2015,2012-11-20,6.05,11-30-2012,Citigroup
2016,2012-04-13,6.04,11-30-2012,Citigroup
2016,2012-09-20,6.09,11-30-2012,Citigroup
2016,2012-11-20,6.06,11-30-2012,Citigroup
Q2-15,2013-07-12,6.0,05-31-2015,Citigroup
Q2-15,2013-07-16,6.0,05-31-2015,Citigroup
Q2-15,2013-08-16,6.02,05-31-2015,Citigroup
Q2-15,2013-10-18,6.02,05-31-2015,Citigroup
Q2-15,2013-11-21,6.02,05-31-2015,Citigroup
Q2-15,2014-02-24,6.0,05-31-2015,Citigroup
Q2-15,2014-03-21,6.05,05-31-2015,Citigroup
Q2-15,2014-05-02,6.05,05-31-2015,Citigroup
Q2-15,2014-05-16,6.06,05-31-2015,Citigroup
Q2-15,2014-06-24,6.03,05-31-2015,Citigroup
Q2-15,2014-07-28,6.03,05-31-2015,Citigroup
Q2-15,2014-08-18,6.04,05-31-2015,Citigroup
Q2-15,2014-09-19,6.04,05-31-2015,Citigroup
Q2-15,2014-10-28,6.05,05-31-2015,Citigroup
Q2-15,2014-11-21,6.23,05-31-2015,Citigroup
Q2-15,2014-12-31,6.27,05-31-2015,Citigroup
Q2-15,2015-01-19,6.26,05-31-2015,Citigroup
Q2-15,2015-03-24,6.26,05-31-2015,Citigroup
Q2-15,2015-04-27,6.23,05-31-2015,Citigroup
Q3-15,2013-07-12,6.0,05-31-2015,Citigroup
Q3-15,2013-08-16,6.0,05-31-2015,Citigroup
Q3-15,2013-10-18,6.0,05-31-2015,Citigroup
Q3-15,2013-11-21,6.01,05-31-2015,Citigroup
Q3-15,2014-02-24,6.0,05-31-2015,Citigroup
Q3-15,2014-03-21,6.03,05-31-2015,Citigroup
Q3-15,2014-05-02,6.04,05-31-2015,Citigroup
Q3-15,2014-05-16,6.04,05-31-2015,Citigroup
Q3-15,2014-06-24,6.02,05-31-2015,Citigroup
Q3-15,2014-07-28,6.03,05-31-2015,Citigroup
Q3-15,2014-08-18,6.03,05-31-2015,Citigroup
Q3-15,2014-09-19,6.03,05-31-2015,Citigroup
Q3-15,2014-10-28,6.03,05-31-2015,Citigroup
Q3-15,2014-11-21,6.23,05-31-2015,Citigroup
Q3-15,2014-12-31,6.29,05-31-2015,Citigroup
Q3-15,2015-01-19,6.29,05-31-2015,Citigroup
Q3-15,2015-03-24,6.28,05-31-2015,Citigroup
Q3-15,2015-04-27,6.26,05-31-2015,Citigroup
Q3-15,2015-05-15,6.23,05-31-2015,Citigroup
Q4-15,2013-10-18,6.0,05-31-2015,Citigroup
Q4-15,2013-11-21,6.0,05-31-2015,Citigroup
Q4-15,2014-01-21,6.0,05-31-2015,Citigroup
Q4-15,2014-02-24,6.0,05-31-2015,Citigroup
Q4-15,2014-03-21,6.01,05-31-2015,Citigroup
Q4-15,2014-05-02,6.02,05-31-2015,Citigroup
Q4-15,2014-05-16,6.02,05-31-2015,Citigroup
Q4-15,2014-06-24,6.02,05-31-2015,Citigroup
Q4-15,2014-07-28,6.02,05-31-2015,Citigroup
Q4-15,2014-08-18,6.02,05-31-2015,Citigroup
Q4-15,2014-09-19,6.02,05-31-2015,Citigroup
Q4-15,2014-10-28,6.03,05-31-2015,Citigroup
Q4-15,2014-11-21,6.18,05-31-2015,Citigroup
Q4-15,2014-12-31,6.25,05-31-2015,Citigroup
Q4-15,2015-01-19,6.27,05-31-2015,Citigroup
Q4-15,2015-03-24,6.3,05-31-2015,Citigroup
Q4-15,2015-04-27,6.29,05-31-2015,Citigroup
Q4-15,2015-05-15,6.24,05-31-2015,Citigroup
Q1-16,2014-02-24,6.0,05-31-2015,Citigroup
Q1-16,2014-03-21,6.0,05-31-2015,Citigroup
Q1-16,2014-05-02,6.0,05-31-2015,Citigroup
Q1-16,2014-05-16,6.01,05-31-2015,Citigroup
Q1-16,2014-06-24,6.01,05-31-2015,Citigroup
Q1-16,2014-07-28,6.01,05-31-2015,Citigroup
Q1-16,2014-08-18,6.01,05-31-2015,Citigroup
Q1-16,2014-09-19,6.02,05-31-2015,Citigroup
Q1-16,2014-10-28,6.02,05-31-2015,Citigroup
Q1-16,2014-11-21,6.13,05-31-2015,Citigroup
Q1-16,2014-12-31,6.21,05-31-2015,Citigroup
Q1-16,2015-01-19,6.23,05-31-2015,Citigroup
Q1-16,2015-03-24,6.3,05-31-2015,Citigroup
Q1-16,2015-04-27,6.3,05-31-2015,Citigroup
Q1-16,2015-05-15,6.25,05-31-2015,Citigroup
2016,2013-11-22,6.01,05-31-2015,Citigroup
2016,2014-10-28,6.0,05-31-2015,Citigroup
2016,2014-11-21,6.0,05-31-2015,Citigroup
2016,2014-12-31,6.1,05-31-2015,Citigroup
2016,2015-01-19,6.11,05-31-2015,Citigroup
2016,2015-03-24,6.3,05-31-2015,Citigroup
2016,2015-04-27,6.3,05-31-2015,Citigroup
2016,2015-05-15,6.29,05-31-2015,Citigroup
Q3-08,2007-09-07,6.94,08-31-2008,Citigroup
Q3-08,2007-09-14,6.94,08-31-2008,Citigroup
Q3-08,2007-09-21,6.94,08-31-2008,Citigroup
Q3-08,2007-10-11,6.94,08-31-2008,Citigroup
Q3-08,2007-10-12,6.94,08-31-2008,Citigroup
Q3-08,2007-11-02,6.98,08-31-2008,Citigroup
Q3-08,2007-11-09,6.98,08-31-2008,Citigroup
Q3-08,2007-11-16,6.98,08-31-2008,Citigroup
Q3-08,2007-11-26,6.98,08-31-2008,Citigroup
Q3-08,2007-11-30,6.98,08-31-2008,Citigroup
Q3-08,2007-12-07,6.98,08-31-2008,Citigroup
Q3-08,2007-12-14,6.98,08-31-2008,Citigroup
Q3-08,2007-12-26,6.98,08-31-2008,Citigroup
Q3-08,2008-01-07,6.98,08-31-2008,Citigroup
Q3-08,2008-01-18,6.98,08-31-2008,Citigroup
Q3-08,2008-01-28,6.98,08-31-2008,Citigroup
Q3-08,2008-02-07,6.9,08-31-2008,Citigroup
Q3-08,2008-02-25,6.9,08-31-2008,Citigroup
Q3-08,2008-02-28,6.9,08-31-2008,Citigroup
Q3-08,2008-03-06,6.9,08-31-2008,Citigroup
Q3-08,2008-04-23,6.86,08-31-2008,Citigroup
Q3-08,2008-04-28,6.73,08-31-2008,Citigroup
Q3-08,2008-05-19,6.75,08-31-2008,Citigroup
Q3-08,2008-05-23,6.75,08-31-2008,Citigroup
Q3-08,2008-05-29,6.75,08-31-2008,Citigroup
Q3-08,2008-05-30,6.75,08-31-2008,Citigroup
Q3-08,2008-06-06,6.85,08-31-2008,Citigroup
Q3-08,2008-06-24,6.75,08-31-2008,Citigroup
Q3-08,2008-07-18,6.85,08-31-2008,Citigroup
Q3-08,2008-07-25,6.74,08-31-2008,Citigroup
Q3-08,2008-08-01,7.02,08-31-2008,Citigroup
Q3-08,2008-08-25,7.02,08-31-2008,Citigroup
Q3-08,2008-08-29,7.02,08-31-2008,Citigroup
Q4-08,2006-11-08,6.95,08-31-2008,Citigroup
Q4-08,2006-12-08,7.57,08-31-2008,Citigroup
Q4-08,2007-01-11,7.11,08-31-2008,Citigroup
Q4-08,2007-01-19,7.11,08-31-2008,Citigroup
Q4-08,2007-02-22,7.11,08-31-2008,Citigroup
Q4-08,2007-03-01,7.11,08-31-2008,Citigroup
Q4-08,2007-03-09,7.11,08-31-2008,Citigroup
Q4-08,2007-03-15,7.11,08-31-2008,Citigroup
Q4-08,2007-03-23,7.63,08-31-2008,Citigroup
Q4-08,2007-05-10,7.0,08-31-2008,Citigroup
Q4-08,2007-06-28,7.0,08-31-2008,Citigroup
Q4-08,2007-09-07,6.79,08-31-2008,Citigroup
Q4-08,2007-09-14,6.79,08-31-2008,Citigroup
Q4-08,2007-09-21,6.79,08-31-2008,Citigroup
Q4-08,2007-10-11,6.79,08-31-2008,Citigroup
Q4-08,2007-10-12,6.79,08-31-2008,Citigroup
Q4-08,2007-11-02,6.79,08-31-2008,Citigroup
Q4-08,2007-11-09,6.79,08-31-2008,Citigroup
Q4-08,2007-11-16,6.79,08-31-2008,Citigroup
Q4-08,2007-11-26,6.79,08-31-2008,Citigroup
Q4-08,2007-11-30,6.8,08-31-2008,Citigroup
Q4-08,2007-12-07,6.8,08-31-2008,Citigroup
Q4-08,2007-12-14,6.8,08-31-2008,Citigroup
Q4-08,2007-12-26,6.79,08-31-2008,Citigroup
Q4-08,2008-01-07,6.79,08-31-2008,Citigroup
Q4-08,2008-01-18,6.8,08-31-2008,Citigroup
Q4-08,2008-01-28,6.8,08-31-2008,Citigroup
Q4-08,2008-02-07,6.75,08-31-2008,Citigroup
Q4-08,2008-02-25,6.75,08-31-2008,Citigroup
Q4-08,2008-02-28,6.75,08-31-2008,Citigroup
Q4-08,2008-03-06,6.75,08-31-2008,Citigroup
Q4-08,2008-05-19,6.7,08-31-2008,Citigroup
Q4-08,2008-05-23,6.7,08-31-2008,Citigroup
Q4-08,2008-05-29,6.7,08-31-2008,Citigroup
Q4-08,2008-05-30,6.7,08-31-2008,Citigroup
Q4-08,2008-06-06,6.75,08-31-2008,Citigroup
Q4-08,2008-06-24,6.7,08-31-2008,Citigroup
Q4-08,2008-07-18,6.75,08-31-2008,Citigroup
Q4-08,2008-07-25,6.68,08-31-2008,Citigroup
Q4-08,2008-08-01,6.85,08-31-2008,Citigroup
Q4-08,2008-08-25,6.85,08-31-2008,Citigroup
Q4-08,2008-08-29,6.85,08-31-2008,Citigroup
Q1-09,2008-02-28,6.55,08-31-2008,Citigroup
Q1-09,2008-03-06,6.55,08-31-2008,Citigroup
Q1-09,2008-04-23,6.71,08-31-2008,Citigroup
Q1-09,2008-04-28,6.61,08-31-2008,Citigroup
Q1-09,2008-05-19,6.63,08-31-2008,Citigroup
Q1-09,2008-05-23,6.63,08-31-2008,Citigroup
Q1-09,2008-05-29,6.63,08-31-2008,Citigroup
Q1-09,2008-05-30,6.63,08-31-2008,Citigroup
Q1-09,2008-06-06,6.7,08-31-2008,Citigroup
Q1-09,2008-06-24,6.63,08-31-2008,Citigroup
Q1-09,2008-07-18,6.7,08-31-2008,Citigroup
Q1-09,2008-08-01,6.75,08-31-2008,Citigroup
Q1-09,2008-08-25,6.8,08-31-2008,Citigroup
Q1-09,2008-08-29,6.8,08-31-2008,Citigroup
Q2-09,2008-07-18,6.63,08-31-2008,Citigroup
Q2-09,2008-07-25,6.5,08-31-2008,Citigroup
Q2-09,2008-08-01,6.7,08-31-2008,Citigroup
Q2-09,2008-08-25,6.7,08-31-2008,Citigroup
Q2-09,2008-08-29,6.7,08-31-2008,Citigroup
2009,2006-11-08,6.66,08-31-2008,Citigroup
2009,2006-12-08,7.11,08-31-2008,Citigroup
2009,2007-01-11,6.75,08-31-2008,Citigroup
2009,2007-01-19,6.75,08-31-2008,Citigroup
2009,2007-02-22,6.75,08-31-2008,Citigroup
2009,2007-03-01,6.75,08-31-2008,Citigroup
2009,2007-03-09,6.75,08-31-2008,Citigroup
2009,2007-03-15,6.75,08-31-2008,Citigroup
2009,2007-03-23,7.75,08-31-2008,Citigroup
2009,2007-05-10,6.7,08-31-2008,Citigroup
2009,2007-06-28,6.7,08-31-2008,Citigroup
2009,2007-09-07,6.59,08-31-2008,Citigroup
2009,2007-09-14,6.59,08-31-2008,Citigroup
2009,2007-09-21,6.59,08-31-2008,Citigroup
2009,2007-10-11,6.59,08-31-2008,Citigroup
2009,2007-10-12,6.59,08-31-2008,Citigroup
2009,2007-10-26,6.59,08-31-2008,Citigroup
2009,2007-11-02,6.59,08-31-2008,Citigroup
2009,2007-11-09,6.59,08-31-2008,Citigroup
2009,2007-11-16,6.59,08-31-2008,Citigroup
2009,2007-11-26,6.59,08-31-2008,Citigroup
2009,2007-11-30,6.12,08-31-2008,Citigroup
2009,2007-12-07,6.12,08-31-2008,Citigroup
2009,2007-12-14,6.12,08-31-2008,Citigroup
2009,2007-12-26,6.12,08-31-2008,Citigroup
2009,2008-01-07,6.12,08-31-2008,Citigroup
2009,2008-01-18,6.12,08-31-2008,Citigroup
2009,2008-01-28,6.07,08-31-2008,Citigroup
2009,2008-02-07,6.07,08-31-2008,Citigroup
2009,2008-02-25,6.07,08-31-2008,Citigroup
2009,2008-03-06,6.35,08-31-2008,Citigroup
2009,2008-06-06,6.3,08-31-2008,Citigroup
2009,2008-06-24,6.3,08-31-2008,Citigroup
2009,2008-07-18,6.3,08-31-2008,Citigroup
2009,2008-08-01,6.3,08-31-2008,Citigroup
2009,2008-08-25,6.3,08-31-2008,Citigroup
2009,2008-08-29,6.3,08-31-2008,Citigroup
2010,2006-11-08,6.42,08-31-2008,Citigroup
2010,2006-12-08,6.75,08-31-2008,Citigroup
2010,2007-01-11,6.48,08-31-2008,Citigroup
2010,2007-01-19,6.48,08-31-2008,Citigroup
2010,2007-02-22,6.48,08-31-2008,Citigroup
2010,2007-03-01,6.48,08-31-2008,Citigroup
2010,2007-03-09,6.48,08-31-2008,Citigroup
2010,2007-03-15,6.48,08-31-2008,Citigroup
2010,2007-03-23,7.83,08-31-2008,Citigroup
2010,2007-05-10,6.46,08-31-2008,Citigroup
2010,2007-06-28,6.46,08-31-2008,Citigroup
2010,2007-09-07,6.39,08-31-2008,Citigroup
2010,2007-09-14,6.39,08-31-2008,Citigroup
2010,2007-09-21,6.39,08-31-2008,Citigroup
2010,2007-10-11,6.39,08-31-2008,Citigroup
2010,2007-10-12,6.39,08-31-2008,Citigroup
2010,2007-11-02,6.39,08-31-2008,Citigroup
2010,2007-11-09,6.39,08-31-2008,Citigroup
2010,2007-11-16,6.39,08-31-2008,Citigroup
2010,2007-11-26,6.39,08-31-2008,Citigroup
2010,2007-11-30,5.66,08-31-2008,Citigroup
2010,2007-12-07,5.66,08-31-2008,Citigroup
2010,2007-12-14,5.66,08-31-2008,Citigroup
2010,2007-12-26,5.66,08-31-2008,Citigroup
2010,2008-01-07,5.66,08-31-2008,Citigroup
2010,2008-01-18,5.66,08-31-2008,Citigroup
2010,2008-01-28,5.66,08-31-2008,Citigroup
2010,2008-02-07,5.66,08-31-2008,Citigroup
2010,2008-02-25,5.66,08-31-2008,Citigroup
2010,2008-03-06,5.89,08-31-2008,Citigroup
2010,2008-06-06,5.66,08-31-2008,Citigroup
2010,2008-06-24,5.66,08-31-2008,Citigroup
2010,2008-07-18,5.66,08-31-2008,Citigroup
2010,2008-08-01,5.66,08-31-2008,Citigroup
2010,2008-08-25,5.66,08-31-2008,Citigroup
2010,2008-08-29,5.66,08-31-2008,Citigroup
2011,2006-11-08,6.42,08-31-2008,Citigroup
2011,2006-12-08,6.48,08-31-2008,Citigroup
2011,2007-01-11,6.22,08-31-2008,Citigroup
2011,2007-01-19,6.22,08-31-2008,Citigroup
2011,2007-02-22,6.22,08-31-2008,Citigroup
2011,2007-03-01,6.22,08-31-2008,Citigroup
2011,2007-03-09,6.22,08-31-2008,Citigroup
2011,2007-03-15,6.22,08-31-2008,Citigroup
2011,2007-03-23,7.84,08-31-2008,Citigroup
2011,2007-05-10,6.28,08-31-2008,Citigroup
2011,2007-06-28,6.28,08-31-2008,Citigroup
2011,2007-09-07,6.2,08-31-2008,Citigroup
2011,2007-09-14,6.2,08-31-2008,Citigroup
2011,2007-09-21,6.2,08-31-2008,Citigroup
2011,2007-10-11,6.2,08-31-2008,Citigroup
2011,2007-10-12,6.2,08-31-2008,Citigroup
2011,2007-10-26,6.2,08-31-2008,Citigroup
2011,2007-11-02,6.2,08-31-2008,Citigroup
2011,2007-11-09,6.2,08-31-2008,Citigroup
2011,2007-11-16,6.2,08-31-2008,Citigroup
2011,2007-11-26,6.2,08-31-2008,Citigroup
2011,2007-11-30,5.49,08-31-2008,Citigroup
2011,2007-12-07,5.49,08-31-2008,Citigroup
2011,2007-12-14,5.49,08-31-2008,Citigroup
2011,2007-12-26,5.49,08-31-2008,Citigroup
2011,2008-01-07,5.49,08-31-2008,Citigroup
2011,2008-01-18,5.49,08-31-2008,Citigroup
2011,2008-01-28,5.49,08-31-2008,Citigroup
2011,2008-02-07,5.49,08-31-2008,Citigroup
2011,2008-02-25,5.49,08-31-2008,Citigroup
2011,2008-03-06,5.58,08-31-2008,Citigroup
2011,2008-06-06,5.49,08-31-2008,Citigroup
2011,2008-06-24,5.49,08-31-2008,Citigroup
2011,2008-07-18,5.49,08-31-2008,Citigroup
2011,2008-08-01,5.49,08-31-2008,Citigroup
2011,2008-08-25,5.49,08-31-2008,Citigroup
2011,2008-08-29,5.49,08-31-2008,Citigroup
2012,2006-12-08,6.22,08-31-2008,Citigroup
2012,2007-12-07,5.3,08-31-2008,Citigroup
2012,2007-12-14,5.3,08-31-2008,Citigroup
2012,2007-12-26,5.3,08-31-2008,Citigroup
2012,2008-01-07,5.3,08-31-2008,Citigroup
2012,2008-01-18,5.3,08-31-2008,Citigroup
2012,2008-01-28,5.3,08-31-2008,Citigroup
2012,2008-02-07,5.3,08-31-2008,Citigroup
2012,2008-02-25,5.3,08-31-2008,Citigroup
2012,2008-03-06,5.4,08-31-2008,Citigroup
2012,2008-06-06,5.3,08-31-2008,Citigroup
2012,2008-06-24,5.3,08-31-2008,Citigroup
2012,2008-07-18,5.3,08-31-2008,Citigroup
2012,2008-08-01,5.3,08-31-2008,Citigroup
2012,2008-08-25,5.3,08-31-2008,Citigroup
2012,2008-08-29,5.3,08-31-2008,Citigroup
Q1-19,2017-03-21,6.79,02-28-2019,Citigroup
Q1-19,2017-05-19,6.82,02-28-2019,Citigroup
Q1-19,2017-06-16,6.75,02-28-2019,Citigroup
Q1-19,2017-07-17,6.77,02-28-2019,Citigroup
Q1-19,2017-08-18,6.75,02-28-2019,Citigroup
Q1-19,2017-09-18,6.61,02-28-2019,Citigroup
Q1-19,2017-10-13,6.38,02-28-2019,Citigroup
Q1-19,2017-11-17,6.41,02-28-2019,Citigroup
Q1-19,2017-12-22,6.38,02-28-2019,Citigroup
Q1-19,2018-01-19,6.29,02-28-2019,Citigroup
Q1-19,2018-03-16,6.37,02-28-2019,Citigroup
Q1-19,2018-04-20,6.39,02-28-2019,Citigroup
Q1-19,2018-05-18,6.42,02-28-2019,Citigroup
Q1-19,2018-06-15,6.36,02-28-2019,Citigroup
Q1-19,2018-07-13,6.6,02-28-2019,Citigroup
Q1-19,2018-08-17,6.88,02-28-2019,Citigroup
Q1-19,2018-08-22,6.88,02-28-2019,Citigroup
Q1-19,2018-09-17,6.82,02-28-2019,Citigroup
Q1-19,2018-10-19,6.97,02-28-2019,Citigroup
Q1-19,2018-11-20,6.98,02-28-2019,Citigroup
Q2-19,2017-05-19,6.76,02-28-2019,Citigroup
Q2-19,2017-06-16,6.69,02-28-2019,Citigroup
Q2-19,2017-07-17,6.71,02-28-2019,Citigroup
Q2-19,2017-08-18,6.72,02-28-2019,Citigroup
Q2-19,2017-09-18,6.66,02-28-2019,Citigroup
Q2-19,2017-10-13,6.25,02-28-2019,Citigroup
Q2-19,2017-11-17,6.29,02-28-2019,Citigroup
Q2-19,2017-12-22,6.29,02-28-2019,Citigroup
Q2-19,2018-01-19,6.23,02-28-2019,Citigroup
Q2-19,2018-03-16,6.3,02-28-2019,Citigroup
Q2-19,2018-04-20,6.32,02-28-2019,Citigroup
Q2-19,2018-06-15,6.31,02-28-2019,Citigroup
Q2-19,2018-07-13,6.51,02-28-2019,Citigroup
Q2-19,2018-08-17,6.78,02-28-2019,Citigroup
Q2-19,2018-08-22,6.78,02-28-2019,Citigroup
Q2-19,2018-09-17,6.78,02-28-2019,Citigroup
Q2-19,2018-10-19,6.95,02-28-2019,Citigroup
Q2-19,2018-11-20,6.96,02-28-2019,Citigroup
Q3-19,2017-07-17,6.64,02-28-2019,Citigroup
Q3-19,2017-08-18,6.66,02-28-2019,Citigroup
Q3-19,2017-09-18,6.69,02-28-2019,Citigroup
Q3-19,2017-10-13,6.12,02-28-2019,Citigroup
Q3-19,2017-11-17,6.16,02-28-2019,Citigroup
Q3-19,2017-12-22,6.19,02-28-2019,Citigroup
Q3-19,2018-01-19,6.17,02-28-2019,Citigroup
Q3-19,2018-03-16,6.23,02-28-2019,Citigroup
Q3-19,2018-04-20,6.25,02-28-2019,Citigroup
Q3-19,2018-06-15,6.25,02-28-2019,Citigroup
Q3-19,2018-07-13,6.41,02-28-2019,Citigroup
Q3-19,2018-08-17,6.63,02-28-2019,Citigroup
Q3-19,2018-08-22,6.63,02-28-2019,Citigroup
Q3-19,2018-09-17,6.63,02-28-2019,Citigroup
Q3-19,2018-10-19,6.88,02-28-2019,Citigroup
Q3-19,2018-11-20,6.91,02-28-2019,Citigroup
Q4-19,2017-10-13,6.05,02-28-2019,Citigroup
Q4-19,2017-11-17,6.07,02-28-2019,Citigroup
Q4-19,2017-12-22,6.09,02-28-2019,Citigroup
Q4-19,2018-01-19,6.11,02-28-2019,Citigroup
Q4-19,2018-03-16,6.16,02-28-2019,Citigroup
Q4-19,2018-04-20,6.18,02-28-2019,Citigroup
Q4-19,2018-05-18,6.35,02-28-2019,Citigroup
Q4-19,2018-06-15,6.2,02-28-2019,Citigroup
Q4-19,2018-07-13,6.31,02-28-2019,Citigroup
Q4-19,2018-08-17,6.48,02-28-2019,Citigroup
Q4-19,2018-08-22,6.48,02-28-2019,Citigroup
Q4-19,2018-09-17,6.49,02-28-2019,Citigroup
Q4-19,2018-10-19,6.79,02-28-2019,Citigroup
Q4-19,2018-11-20,6.82,02-28-2019,Citigroup
2020,2018-03-16,6.09,02-28-2019,Citigroup
2020,2018-05-18,6.28,02-28-2019,Citigroup
2020,2018-10-19,6.43,02-28-2019,Citigroup
2021,2018-05-18,6.21,02-28-2019,Citigroup
2021,2018-11-20,6.45,02-28-2019,Citigroup
2022,2018-05-18,6.14,02-28-2019,Citigroup
2023,2018-05-18,6.07,02-28-2019,Citigroup
Q1-18,2016-03-18,6.99,02-28-2018,Citigroup
Q1-18,2016-04-22,6.98,02-28-2018,Citigroup
Q1-18,2016-05-20,6.97,02-28-2018,Citigroup
Q1-18,2016-06-27,6.95,02-28-2018,Citigroup
Q1-18,2016-07-22,6.95,02-28-2018,Citigroup
Q1-18,2016-08-19,6.94,02-28-2018,Citigroup
Q1-18,2016-09-23,6.92,02-28-2018,Citigroup
Q1-18,2016-10-21,6.93,02-28-2018,Citigroup
Q1-18,2017-01-23,7.03,02-28-2018,Citigroup
Q1-18,2017-02-21,7.05,02-28-2018,Citigroup
Q1-18,2017-03-21,7.02,02-28-2018,Citigroup
Q1-18,2017-04-21,7.05,02-28-2018,Citigroup
Q1-18,2017-05-19,7.01,02-28-2018,Citigroup
Q1-18,2017-06-16,6.99,02-28-2018,Citigroup
Q1-18,2017-07-17,6.99,02-28-2018,Citigroup
Q1-18,2017-08-18,6.83,02-28-2018,Citigroup
Q1-18,2017-09-18,6.47,02-28-2018,Citigroup
Q1-18,2017-10-13,6.71,02-28-2018,Citigroup
Q1-18,2017-11-17,6.69,02-28-2018,Citigroup
Q1-18,2017-12-22,6.68,02-28-2018,Citigroup
Q1-18,2018-01-19,6.48,02-28-2018,Citigroup
Q1-18,2018-02-16,6.31,02-28-2018,Citigroup
Q2-18,2016-04-22,6.96,02-28-2018,Citigroup
Q2-18,2016-05-20,6.98,02-28-2018,Citigroup
Q2-18,2016-06-27,7.0,02-28-2018,Citigroup
Q2-18,2016-07-22,6.99,02-28-2018,Citigroup
Q2-18,2016-08-19,6.98,02-28-2018,Citigroup
Q2-18,2016-09-23,6.96,02-28-2018,Citigroup
Q2-18,2016-10-21,6.96,02-28-2018,Citigroup
Q2-18,2017-01-23,6.96,02-28-2018,Citigroup
Q2-18,2017-02-21,6.98,02-28-2018,Citigroup
Q2-18,2017-03-21,6.97,02-28-2018,Citigroup
Q2-18,2017-05-19,6.96,02-28-2018,Citigroup
Q2-18,2017-06-16,6.93,02-28-2018,Citigroup
Q2-18,2017-07-17,6.95,02-28-2018,Citigroup
Q2-18,2017-08-18,6.84,02-28-2018,Citigroup
Q2-18,2017-09-18,6.46,02-28-2018,Citigroup
Q2-18,2017-10-13,6.74,02-28-2018,Citigroup
Q2-18,2017-11-17,6.7,02-28-2018,Citigroup
Q2-18,2017-12-22,6.63,02-28-2018,Citigroup
Q2-18,2018-01-19,6.45,02-28-2018,Citigroup
Q2-18,2018-02-16,6.36,02-28-2018,Citigroup
Q3-18,2016-07-22,6.96,02-28-2018,Citigroup
Q3-18,2016-08-19,6.98,02-28-2018,Citigroup
Q3-18,2016-09-23,7.0,02-28-2018,Citigroup
Q3-18,2016-10-21,6.99,02-28-2018,Citigroup
Q3-18,2017-01-23,6.89,02-28-2018,Citigroup
Q3-18,2017-02-21,6.91,02-28-2018,Citigroup
Q3-18,2017-03-21,6.91,02-28-2018,Citigroup
Q3-18,2017-05-19,6.92,02-28-2018,Citigroup
Q3-18,2017-06-16,6.87,02-28-2018,Citigroup
Q3-18,2017-07-17,6.89,02-28-2018,Citigroup
Q3-18,2017-08-18,6.81,02-28-2018,Citigroup
Q3-18,2017-09-18,6.51,02-28-2018,Citigroup
Q3-18,2017-10-13,6.64,02-28-2018,Citigroup
Q3-18,2017-11-17,6.65,02-28-2018,Citigroup
Q3-18,2017-12-22,6.58,02-28-2018,Citigroup
Q3-18,2018-01-19,6.41,02-28-2018,Citigroup
Q3-18,2018-02-16,6.42,02-28-2018,Citigroup
Q4-18,2016-08-19,6.96,02-28-2018,Citigroup
Q4-18,2016-10-21,6.96,02-28-2018,Citigroup
Q4-18,2016-11-18,6.76,02-28-2018,Citigroup
Q4-18,2017-01-23,6.82,02-28-2018,Citigroup
Q4-18,2017-02-21,6.84,02-28-2018,Citigroup
Q4-18,2017-03-21,6.85,02-28-2018,Citigroup
Q4-18,2017-04-21,6.87,02-28-2018,Citigroup
Q4-18,2017-05-19,6.87,02-28-2018,Citigroup
Q4-18,2017-06-16,6.81,02-28-2018,Citigroup
Q4-18,2017-07-17,6.83,02-28-2018,Citigroup
Q4-18,2017-08-18,6.78,02-28-2018,Citigroup
Q4-18,2017-09-18,6.56,02-28-2018,Citigroup
Q4-18,2017-10-13,6.51,02-28-2018,Citigroup
Q4-18,2017-11-17,6.53,02-28-2018,Citigroup
Q4-18,2017-12-22,6.48,02-28-2018,Citigroup
Q4-18,2018-01-19,6.35,02-28-2018,Citigroup
Q4-18,2018-02-16,6.42,02-28-2018,Citigroup
2019,2016-11-18,6.05,02-28-2018,Citigroup
2019,2017-10-13,6.05,02-28-2018,Citigroup
2019,2017-11-17,6.07,02-28-2018,Citigroup
2019,2017-12-22,6.09,02-28-2018,Citigroup
2019,2018-01-19,6.11,02-28-2018,Citigroup
Q3-09,2008-09-12,6.7,08-31-2009,Citigroup
Q3-09,2008-09-19,6.75,08-31-2009,Citigroup
Q3-09,2008-09-26,6.75,08-31-2009,Citigroup
Q3-09,2008-10-03,6.75,08-31-2009,Citigroup
Q3-09,2008-10-10,6.55,08-31-2009,Citigroup
Q3-09,2008-10-17,6.75,08-31-2009,Citigroup
Q3-09,2008-10-24,6.75,08-31-2009,Citigroup
Q3-09,2008-10-31,6.75,08-31-2009,Citigroup
Q3-09,2008-11-05,6.55,08-31-2009,Citigroup
Q3-09,2008-11-21,6.65,08-31-2009,Citigroup
Q3-09,2008-12-01,6.65,08-31-2009,Citigroup
Q3-09,2008-12-12,6.75,08-31-2009,Citigroup
Q3-09,2009-01-16,6.75,08-31-2009,Citigroup
Q3-09,2009-01-22,6.72,08-31-2009,Citigroup
Q3-09,2009-01-30,6.72,08-31-2009,Citigroup
Q3-09,2009-02-06,6.72,08-31-2009,Citigroup
Q3-09,2009-02-27,6.78,08-31-2009,Citigroup
Q3-09,2009-03-06,6.78,08-31-2009,Citigroup
Q4-09,2007-09-07,6.59,08-31-2009,Citigroup
Q4-09,2007-09-14,6.59,08-31-2009,Citigroup
Q4-09,2007-09-21,6.59,08-31-2009,Citigroup
Q4-09,2007-10-11,6.59,08-31-2009,Citigroup
Q4-09,2007-10-12,6.59,08-31-2009,Citigroup
Q4-09,2007-10-26,6.59,08-31-2009,Citigroup
Q4-09,2007-11-02,6.59,08-31-2009,Citigroup
Q4-09,2007-11-09,6.59,08-31-2009,Citigroup
Q4-09,2007-11-16,6.59,08-31-2009,Citigroup
Q4-09,2007-11-26,6.59,08-31-2009,Citigroup
Q4-09,2007-11-30,6.12,08-31-2009,Citigroup
Q4-09,2007-12-07,6.12,08-31-2009,Citigroup
Q4-09,2007-12-14,6.12,08-31-2009,Citigroup
Q4-09,2007-12-26,6.12,08-31-2009,Citigroup
Q4-09,2008-01-07,6.12,08-31-2009,Citigroup
Q4-09,2008-01-18,6.12,08-31-2009,Citigroup
Q4-09,2008-01-28,6.07,08-31-2009,Citigroup
Q4-09,2008-02-07,6.07,08-31-2009,Citigroup
Q4-09,2008-02-25,6.07,08-31-2009,Citigroup
Q4-09,2008-03-06,6.35,08-31-2009,Citigroup
Q4-09,2008-06-06,6.3,08-31-2009,Citigroup
Q4-09,2008-06-24,6.3,08-31-2009,Citigroup
Q4-09,2008-07-18,6.3,08-31-2009,Citigroup
Q4-09,2008-08-01,6.3,08-31-2009,Citigroup
Q4-09,2008-08-25,6.3,08-31-2009,Citigroup
Q4-09,2008-08-29,6.3,08-31-2009,Citigroup
Q4-09,2008-09-05,6.3,08-31-2009,Citigroup
Q4-09,2008-09-12,6.3,08-31-2009,Citigroup
Q4-09,2008-09-19,6.3,08-31-2009,Citigroup
Q4-09,2008-09-26,6.45,08-31-2009,Citigroup
Q4-09,2008-10-03,6.45,08-31-2009,Citigroup
Q4-09,2008-10-10,6.45,08-31-2009,Citigroup
Q4-09,2008-10-17,6.45,08-31-2009,Citigroup
Q4-09,2008-10-24,6.45,08-31-2009,Citigroup
Q4-09,2008-10-31,6.4,08-31-2009,Citigroup
Q4-09,2008-11-05,6.4,08-31-2009,Citigroup
Q4-09,2008-11-21,6.4,08-31-2009,Citigroup
Q4-09,2008-12-01,6.4,08-31-2009,Citigroup
Q4-09,2008-12-12,6.65,08-31-2009,Citigroup
Q4-09,2009-01-16,6.65,08-31-2009,Citigroup
Q4-09,2009-01-22,6.6,08-31-2009,Citigroup
Q4-09,2009-01-30,6.6,08-31-2009,Citigroup
Q4-09,2009-02-06,6.6,08-31-2009,Citigroup
Q4-09,2009-02-27,6.7,08-31-2009,Citigroup
Q4-09,2009-03-06,6.7,08-31-2009,Citigroup
Q1-10,2009-03-06,6.62,08-31-2009,Citigroup
2010,2007-09-07,6.39,08-31-2009,Citigroup
2010,2007-09-14,6.39,08-31-2009,Citigroup
2010,2007-09-21,6.39,08-31-2009,Citigroup
2010,2007-10-11,6.39,08-31-2009,Citigroup
2010,2007-10-12,6.39,08-31-2009,Citigroup
2010,2007-11-02,6.39,08-31-2009,Citigroup
2010,2007-11-09,6.39,08-31-2009,Citigroup
2010,2007-11-16,6.39,08-31-2009,Citigroup
2010,2007-11-26,6.39,08-31-2009,Citigroup
2010,2007-11-30,5.66,08-31-2009,Citigroup
2010,2007-12-07,5.66,08-31-2009,Citigroup
2010,2007-12-14,5.66,08-31-2009,Citigroup
2010,2007-12-26,5.66,08-31-2009,Citigroup
2010,2008-01-07,5.66,08-31-2009,Citigroup
2010,2008-01-18,5.66,08-31-2009,Citigroup
2010,2008-01-28,5.66,08-31-2009,Citigroup
2010,2008-02-07,5.66,08-31-2009,Citigroup
2010,2008-02-25,5.66,08-31-2009,Citigroup
2010,2008-03-06,5.89,08-31-2009,Citigroup
2010,2008-06-06,5.66,08-31-2009,Citigroup
2010,2008-06-24,5.66,08-31-2009,Citigroup
2010,2008-07-18,5.66,08-31-2009,Citigroup
2010,2008-08-01,5.66,08-31-2009,Citigroup
2010,2008-08-25,5.66,08-31-2009,Citigroup
2010,2008-08-29,5.66,08-31-2009,Citigroup
2010,2008-09-05,5.66,08-31-2009,Citigroup
2010,2008-09-12,5.66,08-31-2009,Citigroup
2010,2008-09-19,5.66,08-31-2009,Citigroup
2010,2008-09-26,5.66,08-31-2009,Citigroup
2010,2008-10-03,5.66,08-31-2009,Citigroup
2010,2008-10-10,5.95,08-31-2009,Citigroup
2010,2008-10-17,5.66,08-31-2009,Citigroup
2010,2008-10-24,5.66,08-31-2009,Citigroup
2010,2008-10-31,5.66,08-31-2009,Citigroup
2010,2008-11-05,5.66,08-31-2009,Citigroup
2010,2008-11-21,5.66,08-31-2009,Citigroup
2010,2008-12-01,5.66,08-31-2009,Citigroup
2010,2008-12-12,6.25,08-31-2009,Citigroup
2010,2009-01-16,6.25,08-31-2009,Citigroup
2010,2009-01-30,6.25,08-31-2009,Citigroup
2010,2009-02-06,6.25,08-31-2009,Citigroup
2010,2009-02-27,6.45,08-31-2009,Citigroup
2010,2009-03-06,6.45,08-31-2009,Citigroup
2011,2007-09-07,6.2,08-31-2009,Citigroup
2011,2007-09-14,6.2,08-31-2009,Citigroup
2011,2007-09-21,6.2,08-31-2009,Citigroup
2011,2007-10-11,6.2,08-31-2009,Citigroup
2011,2007-10-12,6.2,08-31-2009,Citigroup
2011,2007-10-26,6.2,08-31-2009,Citigroup
2011,2007-11-02,6.2,08-31-2009,Citigroup
2011,2007-11-09,6.2,08-31-2009,Citigroup
2011,2007-11-16,6.2,08-31-2009,Citigroup
2011,2007-11-26,6.2,08-31-2009,Citigroup
2011,2007-11-30,5.49,08-31-2009,Citigroup
2011,2007-12-07,5.49,08-31-2009,Citigroup
2011,2007-12-14,5.49,08-31-2009,Citigroup
2011,2007-12-26,5.49,08-31-2009,Citigroup
2011,2008-01-07,5.49,08-31-2009,Citigroup
2011,2008-01-18,5.49,08-31-2009,Citigroup
2011,2008-01-28,5.49,08-31-2009,Citigroup
2011,2008-02-07,5.49,08-31-2009,Citigroup
2011,2008-02-25,5.49,08-31-2009,Citigroup
2011,2008-03-06,5.58,08-31-2009,Citigroup
2011,2008-06-06,5.49,08-31-2009,Citigroup
2011,2008-06-24,5.49,08-31-2009,Citigroup
2011,2008-07-18,5.49,08-31-2009,Citigroup
2011,2008-08-01,5.49,08-31-2009,Citigroup
2011,2008-08-25,5.49,08-31-2009,Citigroup
2011,2008-08-29,5.49,08-31-2009,Citigroup
2011,2008-09-05,5.49,08-31-2009,Citigroup
2011,2008-09-12,5.49,08-31-2009,Citigroup
2011,2008-09-19,5.49,08-31-2009,Citigroup
2011,2008-09-26,5.49,08-31-2009,Citigroup
2011,2008-10-03,5.49,08-31-2009,Citigroup
2011,2008-10-10,5.6,08-31-2009,Citigroup
2011,2008-10-17,5.49,08-31-2009,Citigroup
2011,2008-10-24,5.49,08-31-2009,Citigroup
2011,2008-10-31,5.49,08-31-2009,Citigroup
2011,2008-11-05,5.49,08-31-2009,Citigroup
2011,2008-11-21,5.49,08-31-2009,Citigroup
2011,2008-12-01,5.49,08-31-2009,Citigroup
2011,2008-12-12,6.25,08-31-2009,Citigroup
2011,2009-01-16,6.25,08-31-2009,Citigroup
2011,2009-01-30,6.25,08-31-2009,Citigroup
2011,2009-02-06,6.25,08-31-2009,Citigroup
2011,2009-02-27,6.45,08-31-2009,Citigroup
2011,2009-03-06,6.45,08-31-2009,Citigroup
2012,2007-12-07,5.3,08-31-2009,Citigroup
2012,2007-12-14,5.3,08-31-2009,Citigroup
2012,2007-12-26,5.3,08-31-2009,Citigroup
2012,2008-01-07,5.3,08-31-2009,Citigroup
2012,2008-01-18,5.3,08-31-2009,Citigroup
2012,2008-01-28,5.3,08-31-2009,Citigroup
2012,2008-02-07,5.3,08-31-2009,Citigroup
2012,2008-02-25,5.3,08-31-2009,Citigroup
2012,2008-03-06,5.4,08-31-2009,Citigroup
2012,2008-06-06,5.3,08-31-2009,Citigroup
2012,2008-06-24,5.3,08-31-2009,Citigroup
2012,2008-07-18,5.3,08-31-2009,Citigroup
2012,2008-08-01,5.3,08-31-2009,Citigroup
2012,2008-08-25,5.3,08-31-2009,Citigroup
2012,2008-08-29,5.3,08-31-2009,Citigroup
2012,2008-09-05,5.3,08-31-2009,Citigroup
2012,2008-09-12,5.3,08-31-2009,Citigroup
2012,2008-09-19,5.3,08-31-2009,Citigroup
2012,2008-09-26,5.3,08-31-2009,Citigroup
2012,2008-10-03,5.3,08-31-2009,Citigroup
2012,2008-10-10,5.45,08-31-2009,Citigroup
2012,2008-10-17,5.3,08-31-2009,Citigroup
2012,2008-10-24,5.3,08-31-2009,Citigroup
2012,2008-10-31,5.3,08-31-2009,Citigroup
2012,2008-11-05,5.3,08-31-2009,Citigroup
2012,2008-11-21,5.3,08-31-2009,Citigroup
2012,2008-12-01,5.3,08-31-2009,Citigroup
2012,2008-12-12,6.0,08-31-2009,Citigroup
2012,2009-01-16,6.0,08-31-2009,Citigroup
2012,2009-01-30,6.0,08-31-2009,Citigroup
2012,2009-02-06,6.0,08-31-2009,Citigroup
2012,2009-02-27,6.2,08-31-2009,Citigroup
2012,2009-03-06,6.2,08-31-2009,Citigroup
2013,2008-12-12,6.25,08-31-2009,Citigroup
2013,2009-01-16,6.25,08-31-2009,Citigroup
2013,2009-01-30,6.25,08-31-2009,Citigroup
2013,2009-02-06,6.25,08-31-2009,Citigroup
2013,2009-02-27,6.45,08-31-2009,Citigroup
2013,2009-03-06,6.45,08-31-2009,Citigroup
Q2-14,2012-06-25,6.15,05-31-2014,Citigroup
Q2-14,2012-07-20,6.16,05-31-2014,Citigroup
Q2-14,2012-11-01,6.19,05-31-2014,Citigroup
Q2-14,2013-01-21,6.07,05-31-2014,Citigroup
Q2-14,2013-02-22,6.08,05-31-2014,Citigroup
Q2-14,2013-02-26,6.08,05-31-2014,Citigroup
Q2-14,2013-03-15,6.08,05-31-2014,Citigroup
Q2-14,2013-03-18,6.08,05-31-2014,Citigroup
Q2-14,2013-04-12,6.06,05-31-2014,Citigroup
Q2-14,2013-04-16,6.06,05-31-2014,Citigroup
Q2-14,2013-05-17,6.06,05-31-2014,Citigroup
Q2-14,2013-05-21,6.06,05-31-2014,Citigroup
Q2-14,2013-06-14,6.06,05-31-2014,Citigroup
Q2-14,2013-07-12,6.15,05-31-2014,Citigroup
Q2-14,2013-07-16,6.15,05-31-2014,Citigroup
Q2-14,2013-08-16,6.16,05-31-2014,Citigroup
Q2-14,2013-10-18,6.1,05-31-2014,Citigroup
Q2-14,2013-11-21,6.06,05-31-2014,Citigroup
Q2-14,2014-01-21,6.02,05-31-2014,Citigroup
Q2-14,2014-02-24,6.02,05-31-2014,Citigroup
Q2-14,2014-03-21,6.24,05-31-2014,Citigroup
Q2-14,2014-05-02,6.27,05-31-2014,Citigroup
Q2-14,2014-05-16,6.29,05-31-2014,Citigroup
Q3-14,2012-11-01,6.16,05-31-2014,Citigroup
Q3-14,2013-01-21,6.06,05-31-2014,Citigroup
Q3-14,2013-02-22,6.07,05-31-2014,Citigroup
Q3-14,2013-02-26,6.07,05-31-2014,Citigroup
Q3-14,2013-03-15,6.07,05-31-2014,Citigroup
Q3-14,2013-03-18,6.07,05-31-2014,Citigroup
Q3-14,2013-04-12,6.04,05-31-2014,Citigroup
Q3-14,2013-04-16,6.04,05-31-2014,Citigroup
Q3-14,2013-05-17,6.04,05-31-2014,Citigroup
Q3-14,2013-05-21,6.04,05-31-2014,Citigroup
Q3-14,2013-06-14,6.04,05-31-2014,Citigroup
Q3-14,2013-07-12,6.11,05-31-2014,Citigroup
Q3-14,2013-07-16,6.11,05-31-2014,Citigroup
Q3-14,2013-08-16,6.13,05-31-2014,Citigroup
Q3-14,2013-10-18,6.08,05-31-2014,Citigroup
Q3-14,2013-11-21,6.05,05-31-2014,Citigroup
Q3-14,2014-01-21,6.0,05-31-2014,Citigroup
Q3-14,2014-02-24,6.01,05-31-2014,Citigroup
Q3-14,2014-03-21,6.15,05-31-2014,Citigroup
Q3-14,2014-05-02,6.19,05-31-2014,Citigroup
Q3-14,2014-05-16,6.2,05-31-2014,Citigroup
Q4-14,2012-06-25,6.16,05-31-2014,Citigroup
Q4-14,2012-09-20,6.18,05-31-2014,Citigroup
Q4-14,2012-10-19,6.14,05-31-2014,Citigroup
Q4-14,2012-11-01,6.14,05-31-2014,Citigroup
Q4-14,2012-11-20,6.05,05-31-2014,Citigroup
Q4-14,2013-01-18,6.05,05-31-2014,Citigroup
Q4-14,2013-01-21,6.05,05-31-2014,Citigroup
Q4-14,2013-02-22,6.06,05-31-2014,Citigroup
Q4-14,2013-02-26,6.06,05-31-2014,Citigroup
Q4-14,2013-03-15,6.06,05-31-2014,Citigroup
Q4-14,2013-03-18,6.06,05-31-2014,Citigroup
Q4-14,2013-04-12,6.02,05-31-2014,Citigroup
Q4-14,2013-04-16,6.02,05-31-2014,Citigroup
Q4-14,2013-05-17,6.02,05-31-2014,Citigroup
Q4-14,2013-05-21,6.02,05-31-2014,Citigroup
Q4-14,2013-06-14,6.03,05-31-2014,Citigroup
Q4-14,2013-07-12,6.08,05-31-2014,Citigroup
Q4-14,2013-07-16,6.08,05-31-2014,Citigroup
Q4-14,2013-08-16,6.09,05-31-2014,Citigroup
Q4-14,2013-10-18,6.06,05-31-2014,Citigroup
Q4-14,2013-11-21,6.04,05-31-2014,Citigroup
Q4-14,2014-01-21,6.0,05-31-2014,Citigroup
Q4-14,2014-02-24,6.0,05-31-2014,Citigroup
Q4-14,2014-03-21,6.08,05-31-2014,Citigroup
Q4-14,2014-05-02,6.1,05-31-2014,Citigroup
Q4-14,2014-05-16,6.12,05-31-2014,Citigroup
Q1-15,2013-01-21,6.05,05-31-2014,Citigroup
Q1-15,2013-02-22,6.05,05-31-2014,Citigroup
Q1-15,2013-02-26,6.05,05-31-2014,Citigroup
Q1-15,2013-03-15,6.05,05-31-2014,Citigroup
Q1-15,2013-03-18,6.05,05-31-2014,Citigroup
Q1-15,2013-04-12,6.0,05-31-2014,Citigroup
Q1-15,2013-04-16,6.0,05-31-2014,Citigroup
Q1-15,2013-05-17,6.01,05-31-2014,Citigroup
Q1-15,2013-05-21,6.01,05-31-2014,Citigroup
Q1-15,2013-06-14,6.01,05-31-2014,Citigroup
Q1-15,2013-07-12,6.04,05-31-2014,Citigroup
Q1-15,2013-07-16,6.04,05-31-2014,Citigroup
Q1-15,2013-08-16,6.05,05-31-2014,Citigroup
Q1-15,2013-10-18,6.04,05-31-2014,Citigroup
Q1-15,2013-11-21,6.03,05-31-2014,Citigroup
Q1-15,2014-02-24,6.0,05-31-2014,Citigroup
Q1-15,2014-03-21,6.06,05-31-2014,Citigroup
Q1-15,2014-05-02,6.07,05-31-2014,Citigroup
Q1-15,2014-05-16,6.07,05-31-2014,Citigroup
2015,2012-09-20,6.12,05-31-2014,Citigroup
2015,2012-11-20,6.05,05-31-2014,Citigroup
2015,2013-03-16,6.0,05-31-2014,Citigroup
2015,2013-10-18,6.0,05-31-2014,Citigroup
2015,2013-11-21,6.0,05-31-2014,Citigroup
2015,2014-01-21,6.0,05-31-2014,Citigroup
2015,2014-02-24,6.0,05-31-2014,Citigroup
2015,2014-03-21,6.01,05-31-2014,Citigroup
2015,2014-05-02,6.02,05-31-2014,Citigroup
2015,2014-05-16,6.02,05-31-2014,Citigroup
2016,2012-09-20,6.09,05-31-2014,Citigroup
2016,2012-11-20,6.06,05-31-2014,Citigroup
2016,2013-03-16,6.01,05-31-2014,Citigroup
2016,2013-11-22,6.01,05-31-2014,Citigroup
Q1-22,2020-04-17,6.51,02-28-2022,Citigroup
Q1-22,2020-07-10,6.59,02-28-2022,Citigroup
Q1-22,2020-09-11,6.59,02-28-2022,Citigroup
Q1-22,2021-05-07,6.26,02-28-2022,Citigroup
Q1-22,2021-06-10,6.27,02-28-2022,Citigroup
Q1-22,2021-09-13,6.33,02-28-2022,Citigroup
Q2-22,2020-04-17,6.4,02-28-2022,Citigroup
Q2-22,2020-07-10,6.51,02-28-2022,Citigroup
Q2-22,2020-09-11,6.54,02-28-2022,Citigroup
Q2-22,2021-05-07,6.11,02-28-2022,Citigroup
Q2-22,2021-06-10,6.13,02-28-2022,Citigroup
Q2-22,2021-09-13,6.27,02-28-2022,Citigroup
Q3-22,2020-07-10,6.39,02-28-2022,Citigroup
Q3-22,2020-09-11,6.47,02-28-2022,Citigroup
Q3-22,2021-05-07,5.96,02-28-2022,Citigroup
Q3-22,2021-06-10,5.99,02-28-2022,Citigroup
Q3-22,2021-09-13,6.13,02-28-2022,Citigroup
Q4-22,2021-05-07,5.81,02-28-2022,Citigroup
Q4-22,2021-06-10,5.85,02-28-2022,Citigroup
Q4-22,2021-09-13,5.99,02-28-2022,Citigroup
Q4-13,2011-12-16,6.06,11-30-2013,Citigroup
Q4-13,2012-01-13,6.01,11-30-2013,Citigroup
Q4-13,2012-02-20,6.01,11-30-2013,Citigroup
Q4-13,2012-02-26,6.18,11-30-2013,Citigroup
Q4-13,2012-04-13,6.18,11-30-2013,Citigroup
Q4-13,2012-05-18,6.15,11-30-2013,Citigroup
Q4-13,2012-06-25,6.25,11-30-2013,Citigroup
Q4-13,2012-07-20,6.25,11-30-2013,Citigroup
Q4-13,2012-09-20,6.27,11-30-2013,Citigroup
Q4-13,2012-10-19,6.25,11-30-2013,Citigroup
Q4-13,2012-11-01,6.25,11-30-2013,Citigroup
Q4-13,2012-11-20,6.12,11-30-2013,Citigroup
Q4-13,2013-01-18,6.09,11-30-2013,Citigroup
Q4-13,2013-01-21,6.09,11-30-2013,Citigroup
Q4-13,2013-02-22,6.1,11-30-2013,Citigroup
Q4-13,2013-02-26,6.1,11-30-2013,Citigroup
Q4-13,2013-03-15,6.1,11-30-2013,Citigroup
Q4-13,2013-03-18,6.1,11-30-2013,Citigroup
Q4-13,2013-04-12,6.1,11-30-2013,Citigroup
Q4-13,2013-04-16,6.1,11-30-2013,Citigroup
Q4-13,2013-05-17,6.08,11-30-2013,Citigroup
Q4-13,2013-05-21,6.08,11-30-2013,Citigroup
Q4-13,2013-06-14,6.09,11-30-2013,Citigroup
Q4-13,2013-07-12,6.17,11-30-2013,Citigroup
Q4-13,2013-07-16,6.17,11-30-2013,Citigroup
Q4-13,2013-08-16,6.16,11-30-2013,Citigroup
Q4-13,2013-10-18,6.08,11-30-2013,Citigroup
Q4-13,2013-11-21,6.08,11-30-2013,Citigroup
Q1-14,2012-01-13,6.01,11-30-2013,Citigroup
Q1-14,2012-02-26,6.12,11-30-2013,Citigroup
Q1-14,2012-05-18,6.12,11-30-2013,Citigroup
Q1-14,2012-06-25,6.2,11-30-2013,Citigroup
Q1-14,2012-07-20,6.21,11-30-2013,Citigroup
Q1-14,2012-09-20,6.23,11-30-2013,Citigroup
Q1-14,2012-11-01,6.22,11-30-2013,Citigroup
Q1-14,2013-01-21,6.08,11-30-2013,Citigroup
Q1-14,2013-02-22,6.09,11-30-2013,Citigroup
Q1-14,2013-02-26,6.09,11-30-2013,Citigroup
Q1-14,2013-03-15,6.09,11-30-2013,Citigroup
Q1-14,2013-03-18,6.09,11-30-2013,Citigroup
Q1-14,2013-04-12,6.08,11-30-2013,Citigroup
Q1-14,2013-04-16,6.08,11-30-2013,Citigroup
Q1-14,2013-05-17,6.07,11-30-2013,Citigroup
Q1-14,2013-05-21,6.07,11-30-2013,Citigroup
Q1-14,2013-06-14,6.08,11-30-2013,Citigroup
Q1-14,2013-07-12,6.18,11-30-2013,Citigroup
Q1-14,2013-07-16,6.18,11-30-2013,Citigroup
Q1-14,2013-08-16,6.17,11-30-2013,Citigroup
Q1-14,2013-10-18,6.09,11-30-2013,Citigroup
Q1-14,2013-11-21,6.07,11-30-2013,Citigroup
Q2-14,2012-02-26,6.11,11-30-2013,Citigroup
Q2-14,2012-05-18,6.11,11-30-2013,Citigroup
Q2-14,2012-06-25,6.15,11-30-2013,Citigroup
Q2-14,2012-07-20,6.16,11-30-2013,Citigroup
Q2-14,2012-11-01,6.19,11-30-2013,Citigroup
Q2-14,2013-01-21,6.07,11-30-2013,Citigroup
Q2-14,2013-02-22,6.08,11-30-2013,Citigroup
Q2-14,2013-02-26,6.08,11-30-2013,Citigroup
Q2-14,2013-03-15,6.08,11-30-2013,Citigroup
Q2-14,2013-03-18,6.08,11-30-2013,Citigroup
Q2-14,2013-04-12,6.06,11-30-2013,Citigroup
Q2-14,2013-04-16,6.06,11-30-2013,Citigroup
Q2-14,2013-05-17,6.06,11-30-2013,Citigroup
Q2-14,2013-05-21,6.06,11-30-2013,Citigroup
Q2-14,2013-06-14,6.06,11-30-2013,Citigroup
Q2-14,2013-07-12,6.15,11-30-2013,Citigroup
Q2-14,2013-07-16,6.15,11-30-2013,Citigroup
Q2-14,2013-08-16,6.16,11-30-2013,Citigroup
Q2-14,2013-10-18,6.1,11-30-2013,Citigroup
Q2-14,2013-11-21,6.06,11-30-2013,Citigroup
Q3-14,2012-02-26,6.16,11-30-2013,Citigroup
Q3-14,2012-11-01,6.16,11-30-2013,Citigroup
Q3-14,2013-01-21,6.06,11-30-2013,Citigroup
Q3-14,2013-02-22,6.07,11-30-2013,Citigroup
Q3-14,2013-02-26,6.07,11-30-2013,Citigroup
Q3-14,2013-03-15,6.07,11-30-2013,Citigroup
Q3-14,2013-03-18,6.07,11-30-2013,Citigroup
Q3-14,2013-04-12,6.04,11-30-2013,Citigroup
Q3-14,2013-04-16,6.04,11-30-2013,Citigroup
Q3-14,2013-05-17,6.04,11-30-2013,Citigroup
Q3-14,2013-05-21,6.04,11-30-2013,Citigroup
Q3-14,2013-06-14,6.04,11-30-2013,Citigroup
Q3-14,2013-07-12,6.11,11-30-2013,Citigroup
Q3-14,2013-07-16,6.11,11-30-2013,Citigroup
Q3-14,2013-08-16,6.13,11-30-2013,Citigroup
Q3-14,2013-10-18,6.08,11-30-2013,Citigroup
Q3-14,2013-11-21,6.05,11-30-2013,Citigroup
2014,2012-02-20,6.01,11-30-2013,Citigroup
2014,2012-02-26,6.1,11-30-2013,Citigroup
2014,2012-04-13,6.1,11-30-2013,Citigroup
2014,2012-06-25,6.16,11-30-2013,Citigroup
2014,2012-09-20,6.18,11-30-2013,Citigroup
2014,2012-10-19,6.14,11-30-2013,Citigroup
2014,2012-11-01,6.14,11-30-2013,Citigroup
2014,2012-11-20,6.05,11-30-2013,Citigroup
2014,2013-01-18,6.05,11-30-2013,Citigroup
2014,2013-01-21,6.05,11-30-2013,Citigroup
2014,2013-02-22,6.06,11-30-2013,Citigroup
2014,2013-02-26,6.06,11-30-2013,Citigroup
2014,2013-03-15,6.06,11-30-2013,Citigroup
2014,2013-03-18,6.06,11-30-2013,Citigroup
2014,2013-04-12,6.02,11-30-2013,Citigroup
2014,2013-04-16,6.02,11-30-2013,Citigroup
2014,2013-05-17,6.02,11-30-2013,Citigroup
2014,2013-05-21,6.02,11-30-2013,Citigroup
2014,2013-06-14,6.03,11-30-2013,Citigroup
2014,2013-07-12,6.08,11-30-2013,Citigroup
2014,2013-07-16,6.08,11-30-2013,Citigroup
2014,2013-08-16,6.09,11-30-2013,Citigroup
2014,2013-10-18,6.06,11-30-2013,Citigroup
2014,2013-11-21,6.04,11-30-2013,Citigroup
2015,2012-04-13,6.07,11-30-2013,Citigroup
2015,2012-09-20,6.12,11-30-2013,Citigroup
2015,2012-11-20,6.05,11-30-2013,Citigroup
2015,2013-03-16,6.0,11-30-2013,Citigroup
2015,2013-10-18,6.0,11-30-2013,Citigroup
2015,2013-11-21,6.0,11-30-2013,Citigroup
2016,2012-04-13,6.04,11-30-2013,Citigroup
2016,2012-09-20,6.09,11-30-2013,Citigroup
2016,2012-11-20,6.06,11-30-2013,Citigroup
2016,2013-03-16,6.01,11-30-2013,Citigroup
2016,2013-11-22,6.01,11-30-2013,Citigroup
Q1-14,2012-05-18,6.12,02-28-2014,Citigroup
Q1-14,2012-06-25,6.2,02-28-2014,Citigroup
Q1-14,2012-07-20,6.21,02-28-2014,Citigroup
Q1-14,2012-09-20,6.23,02-28-2014,Citigroup
Q1-14,2012-11-01,6.22,02-28-2014,Citigroup
Q1-14,2013-01-21,6.08,02-28-2014,Citigroup
Q1-14,2013-02-22,6.09,02-28-2014,Citigroup
Q1-14,2013-02-26,6.09,02-28-2014,Citigroup
Q1-14,2013-03-15,6.09,02-28-2014,Citigroup
Q1-14,2013-03-18,6.09,02-28-2014,Citigroup
Q1-14,2013-04-12,6.08,02-28-2014,Citigroup
Q1-14,2013-04-16,6.08,02-28-2014,Citigroup
Q1-14,2013-05-17,6.07,02-28-2014,Citigroup
Q1-14,2013-05-21,6.07,02-28-2014,Citigroup
Q1-14,2013-06-14,6.08,02-28-2014,Citigroup
Q1-14,2013-07-12,6.18,02-28-2014,Citigroup
Q1-14,2013-07-16,6.18,02-28-2014,Citigroup
Q1-14,2013-08-16,6.17,02-28-2014,Citigroup
Q1-14,2013-10-18,6.09,02-28-2014,Citigroup
Q1-14,2013-11-21,6.07,02-28-2014,Citigroup
Q1-14,2014-01-21,6.03,02-28-2014,Citigroup
Q1-14,2014-02-24,6.04,02-28-2014,Citigroup
Q2-14,2012-05-18,6.11,02-28-2014,Citigroup
Q2-14,2012-06-25,6.15,02-28-2014,Citigroup
Q2-14,2012-07-20,6.16,02-28-2014,Citigroup
Q2-14,2012-11-01,6.19,02-28-2014,Citigroup
Q2-14,2013-01-21,6.07,02-28-2014,Citigroup
Q2-14,2013-02-22,6.08,02-28-2014,Citigroup
Q2-14,2013-02-26,6.08,02-28-2014,Citigroup
Q2-14,2013-03-15,6.08,02-28-2014,Citigroup
Q2-14,2013-03-18,6.08,02-28-2014,Citigroup
Q2-14,2013-04-12,6.06,02-28-2014,Citigroup
Q2-14,2013-04-16,6.06,02-28-2014,Citigroup
Q2-14,2013-05-17,6.06,02-28-2014,Citigroup
Q2-14,2013-05-21,6.06,02-28-2014,Citigroup
Q2-14,2013-06-14,6.06,02-28-2014,Citigroup
Q2-14,2013-07-12,6.15,02-28-2014,Citigroup
Q2-14,2013-07-16,6.15,02-28-2014,Citigroup
Q2-14,2013-08-16,6.16,02-28-2014,Citigroup
Q2-14,2013-10-18,6.1,02-28-2014,Citigroup
Q2-14,2013-11-21,6.06,02-28-2014,Citigroup
Q2-14,2014-01-21,6.02,02-28-2014,Citigroup
Q2-14,2014-02-24,6.02,02-28-2014,Citigroup
Q3-14,2012-11-01,6.16,02-28-2014,Citigroup
Q3-14,2013-01-21,6.06,02-28-2014,Citigroup
Q3-14,2013-02-22,6.07,02-28-2014,Citigroup
Q3-14,2013-02-26,6.07,02-28-2014,Citigroup
Q3-14,2013-03-15,6.07,02-28-2014,Citigroup
Q3-14,2013-03-18,6.07,02-28-2014,Citigroup
Q3-14,2013-04-12,6.04,02-28-2014,Citigroup
Q3-14,2013-04-16,6.04,02-28-2014,Citigroup
Q3-14,2013-05-17,6.04,02-28-2014,Citigroup
Q3-14,2013-05-21,6.04,02-28-2014,Citigroup
Q3-14,2013-06-14,6.04,02-28-2014,Citigroup
Q3-14,2013-07-12,6.11,02-28-2014,Citigroup
Q3-14,2013-07-16,6.11,02-28-2014,Citigroup
Q3-14,2013-08-16,6.13,02-28-2014,Citigroup
Q3-14,2013-10-18,6.08,02-28-2014,Citigroup
Q3-14,2013-11-21,6.05,02-28-2014,Citigroup
Q3-14,2014-01-21,6.0,02-28-2014,Citigroup
Q3-14,2014-02-24,6.01,02-28-2014,Citigroup
Q4-14,2012-04-13,6.1,02-28-2014,Citigroup
Q4-14,2012-06-25,6.16,02-28-2014,Citigroup
Q4-14,2012-09-20,6.18,02-28-2014,Citigroup
Q4-14,2012-10-19,6.14,02-28-2014,Citigroup
Q4-14,2012-11-01,6.14,02-28-2014,Citigroup
Q4-14,2012-11-20,6.05,02-28-2014,Citigroup
Q4-14,2013-01-18,6.05,02-28-2014,Citigroup
Q4-14,2013-01-21,6.05,02-28-2014,Citigroup
Q4-14,2013-02-22,6.06,02-28-2014,Citigroup
Q4-14,2013-02-26,6.06,02-28-2014,Citigroup
Q4-14,2013-03-15,6.06,02-28-2014,Citigroup
Q4-14,2013-03-18,6.06,02-28-2014,Citigroup
Q4-14,2013-04-12,6.02,02-28-2014,Citigroup
Q4-14,2013-04-16,6.02,02-28-2014,Citigroup
Q4-14,2013-05-17,6.02,02-28-2014,Citigroup
Q4-14,2013-05-21,6.02,02-28-2014,Citigroup
Q4-14,2013-06-14,6.03,02-28-2014,Citigroup
Q4-14,2013-07-12,6.08,02-28-2014,Citigroup
Q4-14,2013-07-16,6.08,02-28-2014,Citigroup
Q4-14,2013-08-16,6.09,02-28-2014,Citigroup
Q4-14,2013-10-18,6.06,02-28-2014,Citigroup
Q4-14,2013-11-21,6.04,02-28-2014,Citigroup
Q4-14,2014-01-21,6.0,02-28-2014,Citigroup
Q4-14,2014-02-24,6.0,02-28-2014,Citigroup
2015,2012-04-13,6.07,02-28-2014,Citigroup
2015,2012-09-20,6.12,02-28-2014,Citigroup
2015,2012-11-20,6.05,02-28-2014,Citigroup
2015,2013-03-16,6.0,02-28-2014,Citigroup
2015,2013-10-18,6.0,02-28-2014,Citigroup
2015,2013-11-21,6.0,02-28-2014,Citigroup
2015,2014-01-21,6.0,02-28-2014,Citigroup
2015,2014-02-24,6.0,02-28-2014,Citigroup
2016,2012-04-13,6.04,02-28-2014,Citigroup
2016,2012-09-20,6.09,02-28-2014,Citigroup
2016,2012-11-20,6.06,02-28-2014,Citigroup
2016,2013-03-16,6.01,02-28-2014,Citigroup
2016,2013-11-22,6.01,02-28-2014,Citigroup
Q3-13,2011-12-16,6.1,08-31-2013,Citigroup
Q3-13,2012-01-13,6.05,08-31-2013,Citigroup
Q3-13,2012-02-20,6.05,08-31-2013,Citigroup
Q3-13,2012-02-26,6.17,08-31-2013,Citigroup
Q3-13,2012-05-18,6.17,08-31-2013,Citigroup
Q3-13,2012-06-25,6.3,08-31-2013,Citigroup
Q3-13,2012-07-20,6.3,08-31-2013,Citigroup
Q3-13,2012-09-20,6.31,08-31-2013,Citigroup
Q3-13,2012-10-19,6.28,08-31-2013,Citigroup
Q3-13,2012-11-01,6.28,08-31-2013,Citigroup
Q3-13,2012-11-20,6.14,08-31-2013,Citigroup
Q3-13,2013-01-18,6.11,08-31-2013,Citigroup
Q3-13,2013-01-21,6.11,08-31-2013,Citigroup
Q3-13,2013-02-22,6.12,08-31-2013,Citigroup
Q3-13,2013-02-26,6.12,08-31-2013,Citigroup
Q3-13,2013-03-15,6.13,08-31-2013,Citigroup
Q3-13,2013-03-18,6.13,08-31-2013,Citigroup
Q3-13,2013-04-12,6.14,08-31-2013,Citigroup
Q3-13,2013-04-16,6.14,08-31-2013,Citigroup
Q3-13,2013-05-17,6.09,08-31-2013,Citigroup
Q3-13,2013-05-21,6.09,08-31-2013,Citigroup
Q3-13,2013-06-14,6.09,08-31-2013,Citigroup
Q3-13,2013-07-12,6.16,08-31-2013,Citigroup
Q3-13,2013-07-16,6.16,08-31-2013,Citigroup
Q3-13,2013-08-16,6.15,08-31-2013,Citigroup
Q4-13,2011-10-06,5.8,08-31-2013,Citigroup
Q4-13,2011-12-16,6.06,08-31-2013,Citigroup
Q4-13,2012-01-13,6.01,08-31-2013,Citigroup
Q4-13,2012-02-20,6.01,08-31-2013,Citigroup
Q4-13,2012-02-26,6.18,08-31-2013,Citigroup
Q4-13,2012-04-13,6.18,08-31-2013,Citigroup
Q4-13,2012-05-18,6.15,08-31-2013,Citigroup
Q4-13,2012-06-25,6.25,08-31-2013,Citigroup
Q4-13,2012-07-20,6.25,08-31-2013,Citigroup
Q4-13,2012-09-20,6.27,08-31-2013,Citigroup
Q4-13,2012-10-19,6.25,08-31-2013,Citigroup
Q4-13,2012-11-01,6.25,08-31-2013,Citigroup
Q4-13,2012-11-20,6.12,08-31-2013,Citigroup
Q4-13,2013-01-18,6.09,08-31-2013,Citigroup
Q4-13,2013-01-21,6.09,08-31-2013,Citigroup
Q4-13,2013-02-22,6.1,08-31-2013,Citigroup
Q4-13,2013-02-26,6.1,08-31-2013,Citigroup
Q4-13,2013-03-15,6.1,08-31-2013,Citigroup
Q4-13,2013-03-18,6.1,08-31-2013,Citigroup
Q4-13,2013-04-12,6.1,08-31-2013,Citigroup
Q4-13,2013-04-16,6.1,08-31-2013,Citigroup
Q4-13,2013-05-17,6.08,08-31-2013,Citigroup
Q4-13,2013-05-21,6.08,08-31-2013,Citigroup
Q4-13,2013-06-14,6.09,08-31-2013,Citigroup
Q4-13,2013-07-12,6.17,08-31-2013,Citigroup
Q4-13,2013-07-16,6.17,08-31-2013,Citigroup
Q4-13,2013-08-16,6.16,08-31-2013,Citigroup
Q1-14,2012-01-13,6.01,08-31-2013,Citigroup
Q1-14,2012-02-26,6.12,08-31-2013,Citigroup
Q1-14,2012-05-18,6.12,08-31-2013,Citigroup
Q1-14,2012-06-25,6.2,08-31-2013,Citigroup
Q1-14,2012-07-20,6.21,08-31-2013,Citigroup
Q1-14,2012-09-20,6.23,08-31-2013,Citigroup
Q1-14,2012-11-01,6.22,08-31-2013,Citigroup
Q1-14,2013-01-21,6.08,08-31-2013,Citigroup
Q1-14,2013-02-22,6.09,08-31-2013,Citigroup
Q1-14,2013-02-26,6.09,08-31-2013,Citigroup
Q1-14,2013-03-15,6.09,08-31-2013,Citigroup
Q1-14,2013-03-18,6.09,08-31-2013,Citigroup
Q1-14,2013-04-12,6.08,08-31-2013,Citigroup
Q1-14,2013-04-16,6.08,08-31-2013,Citigroup
Q1-14,2013-05-17,6.07,08-31-2013,Citigroup
Q1-14,2013-05-21,6.07,08-31-2013,Citigroup
Q1-14,2013-06-14,6.08,08-31-2013,Citigroup
Q1-14,2013-07-12,6.18,08-31-2013,Citigroup
Q1-14,2013-07-16,6.18,08-31-2013,Citigroup
Q1-14,2013-08-16,6.17,08-31-2013,Citigroup
Q2-14,2012-02-26,6.11,08-31-2013,Citigroup
Q2-14,2012-05-18,6.11,08-31-2013,Citigroup
Q2-14,2012-06-25,6.15,08-31-2013,Citigroup
Q2-14,2012-07-20,6.16,08-31-2013,Citigroup
Q2-14,2012-11-01,6.19,08-31-2013,Citigroup
Q2-14,2013-01-21,6.07,08-31-2013,Citigroup
Q2-14,2013-02-22,6.08,08-31-2013,Citigroup
Q2-14,2013-02-26,6.08,08-31-2013,Citigroup
Q2-14,2013-03-15,6.08,08-31-2013,Citigroup
Q2-14,2013-03-18,6.08,08-31-2013,Citigroup
Q2-14,2013-04-12,6.06,08-31-2013,Citigroup
Q2-14,2013-04-16,6.06,08-31-2013,Citigroup
Q2-14,2013-05-17,6.06,08-31-2013,Citigroup
Q2-14,2013-05-21,6.06,08-31-2013,Citigroup
Q2-14,2013-06-14,6.06,08-31-2013,Citigroup
Q2-14,2013-07-12,6.15,08-31-2013,Citigroup
Q2-14,2013-07-16,6.15,08-31-2013,Citigroup
Q2-14,2013-08-16,6.16,08-31-2013,Citigroup
2014,2011-10-06,5.6,08-31-2013,Citigroup
2014,2012-02-20,6.01,08-31-2013,Citigroup
2014,2012-02-26,6.1,08-31-2013,Citigroup
2014,2012-04-13,6.1,08-31-2013,Citigroup
2014,2012-06-25,6.16,08-31-2013,Citigroup
2014,2012-09-20,6.18,08-31-2013,Citigroup
2014,2012-10-19,6.14,08-31-2013,Citigroup
2014,2012-11-01,6.14,08-31-2013,Citigroup
2014,2012-11-20,6.05,08-31-2013,Citigroup
2014,2013-01-18,6.05,08-31-2013,Citigroup
2014,2013-01-21,6.05,08-31-2013,Citigroup
2014,2013-02-22,6.06,08-31-2013,Citigroup
2014,2013-02-26,6.06,08-31-2013,Citigroup
2014,2013-03-15,6.06,08-31-2013,Citigroup
2014,2013-03-18,6.06,08-31-2013,Citigroup
2014,2013-04-12,6.02,08-31-2013,Citigroup
2014,2013-04-16,6.02,08-31-2013,Citigroup
2014,2013-05-17,6.02,08-31-2013,Citigroup
2014,2013-05-21,6.02,08-31-2013,Citigroup
2014,2013-06-14,6.03,08-31-2013,Citigroup
2014,2013-07-12,6.08,08-31-2013,Citigroup
2014,2013-07-16,6.08,08-31-2013,Citigroup
2014,2013-08-16,6.09,08-31-2013,Citigroup
2015,2011-10-06,5.5,08-31-2013,Citigroup
2015,2012-04-13,6.07,08-31-2013,Citigroup
2015,2012-09-20,6.12,08-31-2013,Citigroup
2015,2012-11-20,6.05,08-31-2013,Citigroup
2015,2013-03-16,5.5,08-31-2013,Citigroup
2016,2012-04-13,6.04,08-31-2013,Citigroup
2016,2012-09-20,6.09,08-31-2013,Citigroup
2016,2012-11-20,6.06,08-31-2013,Citigroup
2016,2013-03-16,6.04,08-31-2013,Citigroup
Q2-18,2016-06-27,7.0,05-31-2018,Citigroup
Q2-18,2016-07-22,6.99,05-31-2018,Citigroup
Q2-18,2016-08-19,6.98,05-31-2018,Citigroup
Q2-18,2016-09-23,6.96,05-31-2018,Citigroup
Q2-18,2016-10-21,6.96,05-31-2018,Citigroup
Q2-18,2017-01-23,6.96,05-31-2018,Citigroup
Q2-18,2017-02-21,6.98,05-31-2018,Citigroup
Q2-18,2017-03-21,6.97,05-31-2018,Citigroup
Q2-18,2017-05-19,6.96,05-31-2018,Citigroup
Q2-18,2017-06-16,6.93,05-31-2018,Citigroup
Q2-18,2017-07-17,6.95,05-31-2018,Citigroup
Q2-18,2017-08-18,6.84,05-31-2018,Citigroup
Q2-18,2017-09-18,6.46,05-31-2018,Citigroup
Q2-18,2017-10-13,6.74,05-31-2018,Citigroup
Q2-18,2017-11-17,6.7,05-31-2018,Citigroup
Q2-18,2017-12-22,6.63,05-31-2018,Citigroup
Q2-18,2018-01-19,6.45,05-31-2018,Citigroup
Q2-18,2018-02-16,6.36,05-31-2018,Citigroup
Q2-18,2018-03-16,6.35,05-31-2018,Citigroup
Q2-18,2018-04-20,6.33,05-31-2018,Citigroup
Q2-18,2018-05-18,6.31,05-31-2018,Citigroup
Q3-18,2016-07-22,6.96,05-31-2018,Citigroup
Q3-18,2016-08-19,6.98,05-31-2018,Citigroup
Q3-18,2016-09-23,7.0,05-31-2018,Citigroup
Q3-18,2016-10-21,6.99,05-31-2018,Citigroup
Q3-18,2017-01-23,6.89,05-31-2018,Citigroup
Q3-18,2017-02-21,6.91,05-31-2018,Citigroup
Q3-18,2017-03-21,6.91,05-31-2018,Citigroup
Q3-18,2017-05-19,6.92,05-31-2018,Citigroup
Q3-18,2017-06-16,6.87,05-31-2018,Citigroup
Q3-18,2017-07-17,6.89,05-31-2018,Citigroup
Q3-18,2017-08-18,6.81,05-31-2018,Citigroup
Q3-18,2017-09-18,6.51,05-31-2018,Citigroup
Q3-18,2017-10-13,6.64,05-31-2018,Citigroup
Q3-18,2017-11-17,6.65,05-31-2018,Citigroup
Q3-18,2017-12-22,6.58,05-31-2018,Citigroup
Q3-18,2018-01-19,6.41,05-31-2018,Citigroup
Q3-18,2018-02-16,6.42,05-31-2018,Citigroup
Q3-18,2018-03-16,6.4,05-31-2018,Citigroup
Q3-18,2018-04-20,6.39,05-31-2018,Citigroup
Q3-18,2018-05-18,6.36,05-31-2018,Citigroup
Q4-18,2016-08-19,6.96,05-31-2018,Citigroup
Q4-18,2016-10-21,6.96,05-31-2018,Citigroup
Q4-18,2016-11-18,6.76,05-31-2018,Citigroup
Q4-18,2017-01-23,6.82,05-31-2018,Citigroup
Q4-18,2017-02-21,6.84,05-31-2018,Citigroup
Q4-18,2017-03-21,6.85,05-31-2018,Citigroup
Q4-18,2017-04-21,6.87,05-31-2018,Citigroup
Q4-18,2017-05-19,6.87,05-31-2018,Citigroup
Q4-18,2017-06-16,6.81,05-31-2018,Citigroup
Q4-18,2017-07-17,6.83,05-31-2018,Citigroup
Q4-18,2017-08-18,6.78,05-31-2018,Citigroup
Q4-18,2017-09-18,6.56,05-31-2018,Citigroup
Q4-18,2017-10-13,6.51,05-31-2018,Citigroup
Q4-18,2017-11-17,6.53,05-31-2018,Citigroup
Q4-18,2017-12-22,6.48,05-31-2018,Citigroup
Q4-18,2018-01-19,6.35,05-31-2018,Citigroup
Q4-18,2018-02-16,6.42,05-31-2018,Citigroup
Q4-18,2018-03-16,6.44,05-31-2018,Citigroup
Q4-18,2018-04-20,6.44,05-31-2018,Citigroup
Q4-18,2018-05-18,6.42,05-31-2018,Citigroup
Q1-19,2017-01-23,6.74,05-31-2018,Citigroup
Q1-19,2017-02-21,6.76,05-31-2018,Citigroup
Q1-19,2017-03-21,6.79,05-31-2018,Citigroup
Q1-19,2017-05-19,6.82,05-31-2018,Citigroup
Q1-19,2017-06-16,6.75,05-31-2018,Citigroup
Q1-19,2017-07-17,6.77,05-31-2018,Citigroup
Q1-19,2017-08-18,6.75,05-31-2018,Citigroup
Q1-19,2017-09-18,6.61,05-31-2018,Citigroup
Q1-19,2017-10-13,6.38,05-31-2018,Citigroup
Q1-19,2017-11-17,6.41,05-31-2018,Citigroup
Q1-19,2017-12-22,6.38,05-31-2018,Citigroup
Q1-19,2018-01-19,6.29,05-31-2018,Citigroup
Q1-19,2018-03-16,6.37,05-31-2018,Citigroup
Q1-19,2018-04-20,6.39,05-31-2018,Citigroup
Q1-19,2018-05-18,6.42,05-31-2018,Citigroup
2019,2016-11-18,6.05,05-31-2018,Citigroup
2019,2017-10-13,6.05,05-31-2018,Citigroup
2019,2017-11-17,6.07,05-31-2018,Citigroup
2019,2017-12-22,6.09,05-31-2018,Citigroup
2019,2018-01-19,6.11,05-31-2018,Citigroup
2019,2018-03-16,6.16,05-31-2018,Citigroup
2019,2018-04-20,6.18,05-31-2018,Citigroup
2019,2018-05-18,6.35,05-31-2018,Citigroup
2020,2016-11-18,6.09,05-31-2018,Citigroup
2020,2018-03-16,6.09,05-31-2018,Citigroup
2020,2018-05-18,6.28,05-31-2018,Citigroup
2021,2016-11-18,6.21,05-31-2018,Citigroup
2021,2018-05-18,6.21,05-31-2018,Citigroup
2022,2018-05-18,6.14,05-31-2018,Citigroup
Q4-09,2007-11-30,6.12,11-30-2009,Citigroup
Q4-09,2007-12-07,6.12,11-30-2009,Citigroup
Q4-09,2007-12-14,6.12,11-30-2009,Citigroup
Q4-09,2007-12-26,6.12,11-30-2009,Citigroup
Q4-09,2008-01-07,6.12,11-30-2009,Citigroup
Q4-09,2008-01-18,6.12,11-30-2009,Citigroup
Q4-09,2008-01-28,6.07,11-30-2009,Citigroup
Q4-09,2008-02-07,6.07,11-30-2009,Citigroup
Q4-09,2008-02-25,6.07,11-30-2009,Citigroup
Q4-09,2008-03-06,6.35,11-30-2009,Citigroup
Q4-09,2008-06-06,6.3,11-30-2009,Citigroup
Q4-09,2008-06-24,6.3,11-30-2009,Citigroup
Q4-09,2008-07-18,6.3,11-30-2009,Citigroup
Q4-09,2008-08-01,6.3,11-30-2009,Citigroup
Q4-09,2008-08-25,6.3,11-30-2009,Citigroup
Q4-09,2008-08-29,6.3,11-30-2009,Citigroup
Q4-09,2008-09-05,6.3,11-30-2009,Citigroup
Q4-09,2008-09-12,6.3,11-30-2009,Citigroup
Q4-09,2008-09-19,6.3,11-30-2009,Citigroup
Q4-09,2008-09-26,6.45,11-30-2009,Citigroup
Q4-09,2008-10-03,6.45,11-30-2009,Citigroup
Q4-09,2008-10-10,6.45,11-30-2009,Citigroup
Q4-09,2008-10-17,6.45,11-30-2009,Citigroup
Q4-09,2008-10-24,6.45,11-30-2009,Citigroup
Q4-09,2008-10-31,6.4,11-30-2009,Citigroup
Q4-09,2008-11-05,6.4,11-30-2009,Citigroup
Q4-09,2008-11-21,6.4,11-30-2009,Citigroup
Q4-09,2008-12-01,6.4,11-30-2009,Citigroup
Q4-09,2008-12-12,6.65,11-30-2009,Citigroup
Q4-09,2009-01-16,6.65,11-30-2009,Citigroup
Q4-09,2009-01-22,6.6,11-30-2009,Citigroup
Q4-09,2009-01-30,6.6,11-30-2009,Citigroup
Q4-09,2009-02-06,6.6,11-30-2009,Citigroup
Q4-09,2009-02-27,6.7,11-30-2009,Citigroup
Q4-09,2009-03-06,6.7,11-30-2009,Citigroup
Q1-10,2009-03-06,6.62,11-30-2009,Citigroup
2010,2007-11-30,5.66,11-30-2009,Citigroup
2010,2007-12-07,5.66,11-30-2009,Citigroup
2010,2007-12-14,5.66,11-30-2009,Citigroup
2010,2007-12-26,5.66,11-30-2009,Citigroup
2010,2008-01-07,5.66,11-30-2009,Citigroup
2010,2008-01-18,5.66,11-30-2009,Citigroup
2010,2008-01-28,5.66,11-30-2009,Citigroup
2010,2008-02-07,5.66,11-30-2009,Citigroup
2010,2008-02-25,5.66,11-30-2009,Citigroup
2010,2008-03-06,5.89,11-30-2009,Citigroup
2010,2008-06-06,5.66,11-30-2009,Citigroup
2010,2008-06-24,5.66,11-30-2009,Citigroup
2010,2008-07-18,5.66,11-30-2009,Citigroup
2010,2008-08-01,5.66,11-30-2009,Citigroup
2010,2008-08-25,5.66,11-30-2009,Citigroup
2010,2008-08-29,5.66,11-30-2009,Citigroup
2010,2008-09-05,5.66,11-30-2009,Citigroup
2010,2008-09-12,5.66,11-30-2009,Citigroup
2010,2008-09-19,5.66,11-30-2009,Citigroup
2010,2008-09-26,5.66,11-30-2009,Citigroup
2010,2008-10-03,5.66,11-30-2009,Citigroup
2010,2008-10-10,5.95,11-30-2009,Citigroup
2010,2008-10-17,5.66,11-30-2009,Citigroup
2010,2008-10-24,5.66,11-30-2009,Citigroup
2010,2008-10-31,5.66,11-30-2009,Citigroup
2010,2008-11-05,5.66,11-30-2009,Citigroup
2010,2008-11-21,5.66,11-30-2009,Citigroup
2010,2008-12-01,5.66,11-30-2009,Citigroup
2010,2008-12-12,6.25,11-30-2009,Citigroup
2010,2009-01-16,6.25,11-30-2009,Citigroup
2010,2009-01-30,6.25,11-30-2009,Citigroup
2010,2009-02-06,6.25,11-30-2009,Citigroup
2010,2009-02-27,6.45,11-30-2009,Citigroup
2010,2009-03-06,6.45,11-30-2009,Citigroup
2011,2007-11-30,5.49,11-30-2009,Citigroup
2011,2007-12-07,5.49,11-30-2009,Citigroup
2011,2007-12-14,5.49,11-30-2009,Citigroup
2011,2007-12-26,5.49,11-30-2009,Citigroup
2011,2008-01-07,5.49,11-30-2009,Citigroup
2011,2008-01-18,5.49,11-30-2009,Citigroup
2011,2008-01-28,5.49,11-30-2009,Citigroup
2011,2008-02-07,5.49,11-30-2009,Citigroup
2011,2008-02-25,5.49,11-30-2009,Citigroup
2011,2008-03-06,5.58,11-30-2009,Citigroup
2011,2008-06-06,5.49,11-30-2009,Citigroup
2011,2008-06-24,5.49,11-30-2009,Citigroup
2011,2008-07-18,5.49,11-30-2009,Citigroup
2011,2008-08-01,5.49,11-30-2009,Citigroup
2011,2008-08-25,5.49,11-30-2009,Citigroup
2011,2008-08-29,5.49,11-30-2009,Citigroup
2011,2008-09-05,5.49,11-30-2009,Citigroup
2011,2008-09-12,5.49,11-30-2009,Citigroup
2011,2008-09-19,5.49,11-30-2009,Citigroup
2011,2008-09-26,5.49,11-30-2009,Citigroup
2011,2008-10-03,5.49,11-30-2009,Citigroup
2011,2008-10-10,5.6,11-30-2009,Citigroup
2011,2008-10-17,5.49,11-30-2009,Citigroup
2011,2008-10-24,5.49,11-30-2009,Citigroup
2011,2008-10-31,5.49,11-30-2009,Citigroup
2011,2008-11-05,5.49,11-30-2009,Citigroup
2011,2008-11-21,5.49,11-30-2009,Citigroup
2011,2008-12-01,5.49,11-30-2009,Citigroup
2011,2008-12-12,6.25,11-30-2009,Citigroup
2011,2009-01-16,6.25,11-30-2009,Citigroup
2011,2009-01-30,6.25,11-30-2009,Citigroup
2011,2009-02-06,6.25,11-30-2009,Citigroup
2011,2009-02-27,6.45,11-30-2009,Citigroup
2011,2009-03-06,6.45,11-30-2009,Citigroup
2012,2007-12-07,5.3,11-30-2009,Citigroup
2012,2007-12-14,5.3,11-30-2009,Citigroup
2012,2007-12-26,5.3,11-30-2009,Citigroup
2012,2008-01-07,5.3,11-30-2009,Citigroup
2012,2008-01-18,5.3,11-30-2009,Citigroup
2012,2008-01-28,5.3,11-30-2009,Citigroup
2012,2008-02-07,5.3,11-30-2009,Citigroup
2012,2008-02-25,5.3,11-30-2009,Citigroup
2012,2008-03-06,5.4,11-30-2009,Citigroup
2012,2008-06-06,5.3,11-30-2009,Citigroup
2012,2008-06-24,5.3,11-30-2009,Citigroup
2012,2008-07-18,5.3,11-30-2009,Citigroup
2012,2008-08-01,5.3,11-30-2009,Citigroup
2012,2008-08-25,5.3,11-30-2009,Citigroup
2012,2008-08-29,5.3,11-30-2009,Citigroup
2012,2008-09-05,5.3,11-30-2009,Citigroup
2012,2008-09-12,5.3,11-30-2009,Citigroup
2012,2008-09-19,5.3,11-30-2009,Citigroup
2012,2008-09-26,5.3,11-30-2009,Citigroup
2012,2008-10-03,5.3,11-30-2009,Citigroup
2012,2008-10-10,5.45,11-30-2009,Citigroup
2012,2008-10-17,5.3,11-30-2009,Citigroup
2012,2008-10-24,5.3,11-30-2009,Citigroup
2012,2008-10-31,5.3,11-30-2009,Citigroup
2012,2008-11-05,5.3,11-30-2009,Citigroup
2012,2008-11-21,5.3,11-30-2009,Citigroup
2012,2008-12-01,5.3,11-30-2009,Citigroup
2012,2008-12-12,6.0,11-30-2009,Citigroup
2012,2009-01-16,6.0,11-30-2009,Citigroup
2012,2009-01-30,6.0,11-30-2009,Citigroup
2012,2009-02-06,6.0,11-30-2009,Citigroup
2012,2009-02-27,6.2,11-30-2009,Citigroup
2012,2009-03-06,6.2,11-30-2009,Citigroup
2013,2008-12-12,6.25,11-30-2009,Citigroup
2013,2009-01-16,6.25,11-30-2009,Citigroup
2013,2009-01-30,6.25,11-30-2009,Citigroup
2013,2009-02-06,6.25,11-30-2009,Citigroup
2013,2009-02-27,6.45,11-30-2009,Citigroup
2013,2009-03-06,6.45,11-30-2009,Citigroup
Q4-14,2013-01-18,6.05,11-30-2014,Citigroup
Q4-14,2013-01-21,6.05,11-30-2014,Citigroup
Q4-14,2013-02-22,6.06,11-30-2014,Citigroup
Q4-14,2013-02-26,6.06,11-30-2014,Citigroup
Q4-14,2013-03-15,6.06,11-30-2014,Citigroup
Q4-14,2013-03-18,6.06,11-30-2014,Citigroup
Q4-14,2013-04-12,6.02,11-30-2014,Citigroup
Q4-14,2013-04-16,6.02,11-30-2014,Citigroup
Q4-14,2013-05-17,6.02,11-30-2014,Citigroup
Q4-14,2013-05-21,6.02,11-30-2014,Citigroup
Q4-14,2013-06-14,6.03,11-30-2014,Citigroup
Q4-14,2013-07-12,6.08,11-30-2014,Citigroup
Q4-14,2013-07-16,6.08,11-30-2014,Citigroup
Q4-14,2013-08-16,6.09,11-30-2014,Citigroup
Q4-14,2013-10-18,6.06,11-30-2014,Citigroup
Q4-14,2013-11-21,6.04,11-30-2014,Citigroup
Q4-14,2014-01-21,6.0,11-30-2014,Citigroup
Q4-14,2014-02-24,6.0,11-30-2014,Citigroup
Q4-14,2014-03-21,6.08,11-30-2014,Citigroup
Q4-14,2014-05-02,6.1,11-30-2014,Citigroup
Q4-14,2014-05-16,6.12,11-30-2014,Citigroup
Q4-14,2014-06-24,6.09,11-30-2014,Citigroup
Q4-14,2014-07-28,6.11,11-30-2014,Citigroup
Q4-14,2014-08-18,6.09,11-30-2014,Citigroup
Q4-14,2014-09-19,6.1,11-30-2014,Citigroup
Q4-14,2014-10-28,6.09,11-30-2014,Citigroup
Q4-14,2014-11-21,6.15,11-30-2014,Citigroup
Q1-15,2013-01-21,6.05,11-30-2014,Citigroup
Q1-15,2013-02-22,6.05,11-30-2014,Citigroup
Q1-15,2013-02-26,6.05,11-30-2014,Citigroup
Q1-15,2013-03-15,6.05,11-30-2014,Citigroup
Q1-15,2013-03-18,6.05,11-30-2014,Citigroup
Q1-15,2013-04-12,6.0,11-30-2014,Citigroup
Q1-15,2013-04-16,6.0,11-30-2014,Citigroup
Q1-15,2013-05-17,6.01,11-30-2014,Citigroup
Q1-15,2013-05-21,6.01,11-30-2014,Citigroup
Q1-15,2013-06-14,6.01,11-30-2014,Citigroup
Q1-15,2013-07-12,6.04,11-30-2014,Citigroup
Q1-15,2013-07-16,6.04,11-30-2014,Citigroup
Q1-15,2013-08-16,6.05,11-30-2014,Citigroup
Q1-15,2013-10-18,6.04,11-30-2014,Citigroup
Q1-15,2013-11-21,6.03,11-30-2014,Citigroup
Q1-15,2014-02-24,6.0,11-30-2014,Citigroup
Q1-15,2014-03-21,6.06,11-30-2014,Citigroup
Q1-15,2014-05-02,6.07,11-30-2014,Citigroup
Q1-15,2014-05-16,6.07,11-30-2014,Citigroup
Q1-15,2014-06-24,6.04,11-30-2014,Citigroup
Q1-15,2014-07-28,6.05,11-30-2014,Citigroup
Q1-15,2014-08-18,6.06,11-30-2014,Citigroup
Q1-15,2014-09-19,6.07,11-30-2014,Citigroup
Q1-15,2014-10-28,6.07,11-30-2014,Citigroup
Q1-15,2014-11-21,6.19,11-30-2014,Citigroup
Q2-15,2013-04-12,6.0,11-30-2014,Citigroup
Q2-15,2013-05-17,6.0,11-30-2014,Citigroup
Q2-15,2013-07-12,6.0,11-30-2014,Citigroup
Q2-15,2013-07-16,6.0,11-30-2014,Citigroup
Q2-15,2013-08-16,6.02,11-30-2014,Citigroup
Q2-15,2013-10-18,6.02,11-30-2014,Citigroup
Q2-15,2013-11-21,6.02,11-30-2014,Citigroup
Q2-15,2014-02-24,6.0,11-30-2014,Citigroup
Q2-15,2014-03-21,6.05,11-30-2014,Citigroup
Q2-15,2014-05-02,6.05,11-30-2014,Citigroup
Q2-15,2014-05-16,6.06,11-30-2014,Citigroup
Q2-15,2014-06-24,6.03,11-30-2014,Citigroup
Q2-15,2014-07-28,6.03,11-30-2014,Citigroup
Q2-15,2014-08-18,6.04,11-30-2014,Citigroup
Q2-15,2014-09-19,6.04,11-30-2014,Citigroup
Q2-15,2014-10-28,6.05,11-30-2014,Citigroup
Q2-15,2014-11-21,6.23,11-30-2014,Citigroup
Q3-15,2013-07-12,6.0,11-30-2014,Citigroup
Q3-15,2013-08-16,6.0,11-30-2014,Citigroup
Q3-15,2013-10-18,6.0,11-30-2014,Citigroup
Q3-15,2013-11-21,6.01,11-30-2014,Citigroup
Q3-15,2014-02-24,6.0,11-30-2014,Citigroup
Q3-15,2014-03-21,6.03,11-30-2014,Citigroup
Q3-15,2014-05-02,6.04,11-30-2014,Citigroup
Q3-15,2014-05-16,6.04,11-30-2014,Citigroup
Q3-15,2014-06-24,6.02,11-30-2014,Citigroup
Q3-15,2014-07-28,6.03,11-30-2014,Citigroup
Q3-15,2014-08-18,6.03,11-30-2014,Citigroup
Q3-15,2014-09-19,6.03,11-30-2014,Citigroup
Q3-15,2014-10-28,6.03,11-30-2014,Citigroup
Q3-15,2014-11-21,6.23,11-30-2014,Citigroup
2015,2013-03-16,6.0,11-30-2014,Citigroup
2015,2013-10-18,6.0,11-30-2014,Citigroup
2015,2013-11-21,6.0,11-30-2014,Citigroup
2015,2014-01-21,6.0,11-30-2014,Citigroup
2015,2014-02-24,6.0,11-30-2014,Citigroup
2015,2014-03-21,6.01,11-30-2014,Citigroup
2015,2014-05-02,6.02,11-30-2014,Citigroup
2015,2014-05-16,6.02,11-30-2014,Citigroup
2015,2014-06-24,6.02,11-30-2014,Citigroup
2015,2014-07-28,6.02,11-30-2014,Citigroup
2015,2014-08-18,6.02,11-30-2014,Citigroup
2015,2014-09-19,6.02,11-30-2014,Citigroup
2015,2014-10-28,6.03,11-30-2014,Citigroup
2015,2014-11-21,6.18,11-30-2014,Citigroup
2016,2013-03-16,6.01,11-30-2014,Citigroup
2016,2013-11-22,6.01,11-30-2014,Citigroup
2016,2014-10-28,6.0,11-30-2014,Citigroup
2016,2014-11-21,6.0,11-30-2014,Citigroup
Q1-09,2008-02-28,6.55,02-28-2009,Citigroup
Q1-09,2008-03-06,6.55,02-28-2009,Citigroup
Q1-09,2008-04-23,6.71,02-28-2009,Citigroup
Q1-09,2008-04-28,6.61,02-28-2009,Citigroup
Q1-09,2008-05-19,6.63,02-28-2009,Citigroup
Q1-09,2008-05-23,6.63,02-28-2009,Citigroup
Q1-09,2008-05-29,6.63,02-28-2009,Citigroup
Q1-09,2008-05-30,6.63,02-28-2009,Citigroup
Q1-09,2008-06-06,6.7,02-28-2009,Citigroup
Q1-09,2008-06-24,6.63,02-28-2009,Citigroup
Q1-09,2008-07-18,6.7,02-28-2009,Citigroup
Q1-09,2008-08-01,6.75,02-28-2009,Citigroup
Q1-09,2008-08-25,6.8,02-28-2009,Citigroup
Q1-09,2008-08-29,6.8,02-28-2009,Citigroup
Q1-09,2008-09-05,6.8,02-28-2009,Citigroup
Q1-09,2008-09-12,6.85,02-28-2009,Citigroup
Q1-09,2008-09-19,6.85,02-28-2009,Citigroup
Q1-09,2008-09-26,6.85,02-28-2009,Citigroup
Q1-09,2008-10-03,6.85,02-28-2009,Citigroup
Q1-09,2008-10-10,6.72,02-28-2009,Citigroup
Q1-09,2008-10-17,6.85,02-28-2009,Citigroup
Q1-09,2008-10-24,6.85,02-28-2009,Citigroup
Q1-09,2008-10-31,6.85,02-28-2009,Citigroup
Q1-09,2008-11-05,6.72,02-28-2009,Citigroup
Q1-09,2008-11-21,6.8,02-28-2009,Citigroup
Q1-09,2008-12-01,6.8,02-28-2009,Citigroup
Q1-09,2008-12-12,6.9,02-28-2009,Citigroup
Q1-09,2009-01-16,6.9,02-28-2009,Citigroup
Q1-09,2009-01-22,6.85,02-28-2009,Citigroup
Q1-09,2009-01-30,6.85,02-28-2009,Citigroup
Q1-09,2009-02-06,6.85,02-28-2009,Citigroup
Q1-09,2009-02-27,6.85,02-28-2009,Citigroup
Q2-09,2008-07-18,6.63,02-28-2009,Citigroup
Q2-09,2008-07-25,6.5,02-28-2009,Citigroup
Q2-09,2008-08-01,6.7,02-28-2009,Citigroup
Q2-09,2008-08-25,6.7,02-28-2009,Citigroup
Q2-09,2008-08-29,6.7,02-28-2009,Citigroup
Q2-09,2008-09-05,6.7,02-28-2009,Citigroup
Q2-09,2008-09-12,6.8,02-28-2009,Citigroup
Q2-09,2008-09-19,6.82,02-28-2009,Citigroup
Q2-09,2008-09-26,6.82,02-28-2009,Citigroup
Q2-09,2008-10-03,6.82,02-28-2009,Citigroup
Q2-09,2008-10-10,6.65,02-28-2009,Citigroup
Q2-09,2008-10-17,6.82,02-28-2009,Citigroup
Q2-09,2008-10-24,6.82,02-28-2009,Citigroup
Q2-09,2008-10-31,6.82,02-28-2009,Citigroup
Q2-09,2008-11-05,6.65,02-28-2009,Citigroup
Q2-09,2008-11-21,6.75,02-28-2009,Citigroup
Q2-09,2008-12-01,6.75,02-28-2009,Citigroup
Q2-09,2008-12-12,6.85,02-28-2009,Citigroup
Q2-09,2009-01-16,6.85,02-28-2009,Citigroup
Q2-09,2009-01-22,6.8,02-28-2009,Citigroup
Q2-09,2009-01-30,6.8,02-28-2009,Citigroup
Q2-09,2009-02-06,6.8,02-28-2009,Citigroup
Q2-09,2009-02-27,6.82,02-28-2009,Citigroup
Q3-09,2008-09-12,6.7,02-28-2009,Citigroup
Q3-09,2008-09-19,6.75,02-28-2009,Citigroup
Q3-09,2008-09-26,6.75,02-28-2009,Citigroup
Q3-09,2008-10-03,6.75,02-28-2009,Citigroup
Q3-09,2008-10-10,6.55,02-28-2009,Citigroup
Q3-09,2008-10-17,6.75,02-28-2009,Citigroup
Q3-09,2008-10-24,6.75,02-28-2009,Citigroup
Q3-09,2008-10-31,6.75,02-28-2009,Citigroup
Q3-09,2008-11-05,6.55,02-28-2009,Citigroup
Q3-09,2008-11-21,6.65,02-28-2009,Citigroup
Q3-09,2008-12-01,6.65,02-28-2009,Citigroup
Q3-09,2008-12-12,6.75,02-28-2009,Citigroup
Q3-09,2009-01-16,6.75,02-28-2009,Citigroup
Q3-09,2009-01-22,6.72,02-28-2009,Citigroup
Q3-09,2009-01-30,6.72,02-28-2009,Citigroup
Q3-09,2009-02-06,6.72,02-28-2009,Citigroup
Q3-09,2009-02-27,6.78,02-28-2009,Citigroup
Q4-09,2007-03-01,6.75,02-28-2009,Citigroup
Q4-09,2007-03-09,6.75,02-28-2009,Citigroup
Q4-09,2007-03-15,6.75,02-28-2009,Citigroup
Q4-09,2007-03-23,7.75,02-28-2009,Citigroup
Q4-09,2007-05-10,6.7,02-28-2009,Citigroup
Q4-09,2007-06-28,6.7,02-28-2009,Citigroup
Q4-09,2007-09-07,6.59,02-28-2009,Citigroup
Q4-09,2007-09-14,6.59,02-28-2009,Citigroup
Q4-09,2007-09-21,6.59,02-28-2009,Citigroup
Q4-09,2007-10-11,6.59,02-28-2009,Citigroup
Q4-09,2007-10-12,6.59,02-28-2009,Citigroup
Q4-09,2007-10-26,6.59,02-28-2009,Citigroup
Q4-09,2007-11-02,6.59,02-28-2009,Citigroup
Q4-09,2007-11-09,6.59,02-28-2009,Citigroup
Q4-09,2007-11-16,6.59,02-28-2009,Citigroup
Q4-09,2007-11-26,6.59,02-28-2009,Citigroup
Q4-09,2007-11-30,6.12,02-28-2009,Citigroup
Q4-09,2007-12-07,6.12,02-28-2009,Citigroup
Q4-09,2007-12-14,6.12,02-28-2009,Citigroup
Q4-09,2007-12-26,6.12,02-28-2009,Citigroup
Q4-09,2008-01-07,6.12,02-28-2009,Citigroup
Q4-09,2008-01-18,6.12,02-28-2009,Citigroup
Q4-09,2008-01-28,6.07,02-28-2009,Citigroup
Q4-09,2008-02-07,6.07,02-28-2009,Citigroup
Q4-09,2008-02-25,6.07,02-28-2009,Citigroup
Q4-09,2008-03-06,6.35,02-28-2009,Citigroup
Q4-09,2008-06-06,6.3,02-28-2009,Citigroup
Q4-09,2008-06-24,6.3,02-28-2009,Citigroup
Q4-09,2008-07-18,6.3,02-28-2009,Citigroup
Q4-09,2008-08-01,6.3,02-28-2009,Citigroup
Q4-09,2008-08-25,6.3,02-28-2009,Citigroup
Q4-09,2008-08-29,6.3,02-28-2009,Citigroup
Q4-09,2008-09-05,6.3,02-28-2009,Citigroup
Q4-09,2008-09-12,6.3,02-28-2009,Citigroup
Q4-09,2008-09-19,6.3,02-28-2009,Citigroup
Q4-09,2008-09-26,6.45,02-28-2009,Citigroup
Q4-09,2008-10-03,6.45,02-28-2009,Citigroup
Q4-09,2008-10-10,6.45,02-28-2009,Citigroup
Q4-09,2008-10-17,6.45,02-28-2009,Citigroup
Q4-09,2008-10-24,6.45,02-28-2009,Citigroup
Q4-09,2008-10-31,6.4,02-28-2009,Citigroup
Q4-09,2008-11-05,6.4,02-28-2009,Citigroup
Q4-09,2008-11-21,6.4,02-28-2009,Citigroup
Q4-09,2008-12-01,6.4,02-28-2009,Citigroup
Q4-09,2008-12-12,6.65,02-28-2009,Citigroup
Q4-09,2009-01-16,6.65,02-28-2009,Citigroup
Q4-09,2009-01-22,6.6,02-28-2009,Citigroup
Q4-09,2009-01-30,6.6,02-28-2009,Citigroup
Q4-09,2009-02-06,6.6,02-28-2009,Citigroup
Q4-09,2009-02-27,6.7,02-28-2009,Citigroup
2010,2007-03-01,6.48,02-28-2009,Citigroup
2010,2007-03-09,6.48,02-28-2009,Citigroup
2010,2007-03-15,6.48,02-28-2009,Citigroup
2010,2007-03-23,7.83,02-28-2009,Citigroup
2010,2007-05-10,6.46,02-28-2009,Citigroup
2010,2007-06-28,6.46,02-28-2009,Citigroup
2010,2007-09-07,6.39,02-28-2009,Citigroup
2010,2007-09-14,6.39,02-28-2009,Citigroup
2010,2007-09-21,6.39,02-28-2009,Citigroup
2010,2007-10-11,6.39,02-28-2009,Citigroup
2010,2007-10-12,6.39,02-28-2009,Citigroup
2010,2007-11-02,6.39,02-28-2009,Citigroup
2010,2007-11-09,6.39,02-28-2009,Citigroup
2010,2007-11-16,6.39,02-28-2009,Citigroup
2010,2007-11-26,6.39,02-28-2009,Citigroup
2010,2007-11-30,5.66,02-28-2009,Citigroup
2010,2007-12-07,5.66,02-28-2009,Citigroup
2010,2007-12-14,5.66,02-28-2009,Citigroup
2010,2007-12-26,5.66,02-28-2009,Citigroup
2010,2008-01-07,5.66,02-28-2009,Citigroup
2010,2008-01-18,5.66,02-28-2009,Citigroup
2010,2008-01-28,5.66,02-28-2009,Citigroup
2010,2008-02-07,5.66,02-28-2009,Citigroup
2010,2008-02-25,5.66,02-28-2009,Citigroup
2010,2008-03-06,5.89,02-28-2009,Citigroup
2010,2008-06-06,5.66,02-28-2009,Citigroup
2010,2008-06-24,5.66,02-28-2009,Citigroup
2010,2008-07-18,5.66,02-28-2009,Citigroup
2010,2008-08-01,5.66,02-28-2009,Citigroup
2010,2008-08-25,5.66,02-28-2009,Citigroup
2010,2008-08-29,5.66,02-28-2009,Citigroup
2010,2008-09-05,5.66,02-28-2009,Citigroup
2010,2008-09-12,5.66,02-28-2009,Citigroup
2010,2008-09-19,5.66,02-28-2009,Citigroup
2010,2008-09-26,5.66,02-28-2009,Citigroup
2010,2008-10-03,5.66,02-28-2009,Citigroup
2010,2008-10-10,5.95,02-28-2009,Citigroup
2010,2008-10-17,5.66,02-28-2009,Citigroup
2010,2008-10-24,5.66,02-28-2009,Citigroup
2010,2008-10-31,5.66,02-28-2009,Citigroup
2010,2008-11-05,5.66,02-28-2009,Citigroup
2010,2008-11-21,5.66,02-28-2009,Citigroup
2010,2008-12-01,5.66,02-28-2009,Citigroup
2010,2008-12-12,6.25,02-28-2009,Citigroup
2010,2009-01-16,6.25,02-28-2009,Citigroup
2010,2009-01-30,6.25,02-28-2009,Citigroup
2010,2009-02-06,6.25,02-28-2009,Citigroup
2010,2009-02-27,6.45,02-28-2009,Citigroup
2011,2007-03-01,6.22,02-28-2009,Citigroup
2011,2007-03-09,6.22,02-28-2009,Citigroup
2011,2007-03-15,6.22,02-28-2009,Citigroup
2011,2007-03-23,7.84,02-28-2009,Citigroup
2011,2007-05-10,6.28,02-28-2009,Citigroup
2011,2007-06-28,6.28,02-28-2009,Citigroup
2011,2007-09-07,6.2,02-28-2009,Citigroup
2011,2007-09-14,6.2,02-28-2009,Citigroup
2011,2007-09-21,6.2,02-28-2009,Citigroup
2011,2007-10-11,6.2,02-28-2009,Citigroup
2011,2007-10-12,6.2,02-28-2009,Citigroup
2011,2007-10-26,6.2,02-28-2009,Citigroup
2011,2007-11-02,6.2,02-28-2009,Citigroup
2011,2007-11-09,6.2,02-28-2009,Citigroup
2011,2007-11-16,6.2,02-28-2009,Citigroup
2011,2007-11-26,6.2,02-28-2009,Citigroup
2011,2007-11-30,5.49,02-28-2009,Citigroup
2011,2007-12-07,5.49,02-28-2009,Citigroup
2011,2007-12-14,5.49,02-28-2009,Citigroup
2011,2007-12-26,5.49,02-28-2009,Citigroup
2011,2008-01-07,5.49,02-28-2009,Citigroup
2011,2008-01-18,5.49,02-28-2009,Citigroup
2011,2008-01-28,5.49,02-28-2009,Citigroup
2011,2008-02-07,5.49,02-28-2009,Citigroup
2011,2008-02-25,5.49,02-28-2009,Citigroup
2011,2008-03-06,5.58,02-28-2009,Citigroup
2011,2008-06-06,5.49,02-28-2009,Citigroup
2011,2008-06-24,5.49,02-28-2009,Citigroup
2011,2008-07-18,5.49,02-28-2009,Citigroup
2011,2008-08-01,5.49,02-28-2009,Citigroup
2011,2008-08-25,5.49,02-28-2009,Citigroup
2011,2008-08-29,5.49,02-28-2009,Citigroup
2011,2008-09-05,5.49,02-28-2009,Citigroup
2011,2008-09-12,5.49,02-28-2009,Citigroup
2011,2008-09-19,5.49,02-28-2009,Citigroup
2011,2008-09-26,5.49,02-28-2009,Citigroup
2011,2008-10-03,5.49,02-28-2009,Citigroup
2011,2008-10-10,5.6,02-28-2009,Citigroup
2011,2008-10-17,5.49,02-28-2009,Citigroup
2011,2008-10-24,5.49,02-28-2009,Citigroup
2011,2008-10-31,5.49,02-28-2009,Citigroup
2011,2008-11-05,5.49,02-28-2009,Citigroup
2011,2008-11-21,5.49,02-28-2009,Citigroup
2011,2008-12-01,5.49,02-28-2009,Citigroup
2011,2008-12-12,6.25,02-28-2009,Citigroup
2011,2009-01-16,6.25,02-28-2009,Citigroup
2011,2009-01-30,6.25,02-28-2009,Citigroup
2011,2009-02-06,6.25,02-28-2009,Citigroup
2011,2009-02-27,6.45,02-28-2009,Citigroup
2012,2007-12-07,5.3,02-28-2009,Citigroup
2012,2007-12-14,5.3,02-28-2009,Citigroup
2012,2007-12-26,5.3,02-28-2009,Citigroup
2012,2008-01-07,5.3,02-28-2009,Citigroup
2012,2008-01-18,5.3,02-28-2009,Citigroup
2012,2008-01-28,5.3,02-28-2009,Citigroup
2012,2008-02-07,5.3,02-28-2009,Citigroup
2012,2008-02-25,5.3,02-28-2009,Citigroup
2012,2008-03-06,5.4,02-28-2009,Citigroup
2012,2008-06-06,5.3,02-28-2009,Citigroup
2012,2008-06-24,5.3,02-28-2009,Citigroup
2012,2008-07-18,5.3,02-28-2009,Citigroup
2012,2008-08-01,5.3,02-28-2009,Citigroup
2012,2008-08-25,5.3,02-28-2009,Citigroup
2012,2008-08-29,5.3,02-28-2009,Citigroup
2012,2008-09-05,5.3,02-28-2009,Citigroup
2012,2008-09-12,5.3,02-28-2009,Citigroup
2012,2008-09-19,5.3,02-28-2009,Citigroup
2012,2008-09-26,5.3,02-28-2009,Citigroup
2012,2008-10-03,5.3,02-28-2009,Citigroup
2012,2008-10-10,5.45,02-28-2009,Citigroup
2012,2008-10-17,5.3,02-28-2009,Citigroup
2012,2008-10-24,5.3,02-28-2009,Citigroup
2012,2008-10-31,5.3,02-28-2009,Citigroup
2012,2008-11-05,5.3,02-28-2009,Citigroup
2012,2008-11-21,5.3,02-28-2009,Citigroup
2012,2008-12-01,5.3,02-28-2009,Citigroup
2012,2008-12-12,6.0,02-28-2009,Citigroup
2012,2009-01-16,6.0,02-28-2009,Citigroup
2012,2009-01-30,6.0,02-28-2009,Citigroup
2012,2009-02-06,6.0,02-28-2009,Citigroup
2012,2009-02-27,6.2,02-28-2009,Citigroup
2013,2008-12-12,6.25,02-28-2009,Citigroup
2013,2009-01-16,6.25,02-28-2009,Citigroup
2013,2009-01-30,6.25,02-28-2009,Citigroup
2013,2009-02-06,6.25,02-28-2009,Citigroup
2013,2009-02-27,6.45,02-28-2009,Citigroup
Q2-13,2011-06-17,6.05,05-31-2013,Citigroup
Q2-13,2011-08-19,5.93,05-31-2013,Citigroup
Q2-13,2011-12-16,6.15,05-31-2013,Citigroup
Q2-13,2012-01-13,6.1,05-31-2013,Citigroup
Q2-13,2012-02-20,6.1,05-31-2013,Citigroup
Q2-13,2012-02-26,6.2,05-31-2013,Citigroup
Q2-13,2012-05-18,6.2,05-31-2013,Citigroup
Q2-13,2012-06-25,6.35,05-31-2013,Citigroup
Q2-13,2012-07-20,6.34,05-31-2013,Citigroup
Q2-13,2012-09-20,6.35,05-31-2013,Citigroup
Q2-13,2012-10-19,6.3,05-31-2013,Citigroup
Q2-13,2012-11-01,6.3,05-31-2013,Citigroup
Q2-13,2012-11-20,6.16,05-31-2013,Citigroup
Q2-13,2013-01-18,6.14,05-31-2013,Citigroup
Q2-13,2013-01-21,6.14,05-31-2013,Citigroup
Q2-13,2013-02-22,6.15,05-31-2013,Citigroup
Q2-13,2013-02-26,6.15,05-31-2013,Citigroup
Q2-13,2013-03-15,6.16,05-31-2013,Citigroup
Q2-13,2013-03-18,6.16,05-31-2013,Citigroup
Q2-13,2013-04-12,6.17,05-31-2013,Citigroup
Q2-13,2013-04-16,6.17,05-31-2013,Citigroup
Q2-13,2013-05-17,6.1,05-31-2013,Citigroup
Q2-13,2013-05-21,6.1,05-31-2013,Citigroup
Q3-13,2011-08-19,5.93,05-31-2013,Citigroup
Q3-13,2011-12-16,6.1,05-31-2013,Citigroup
Q3-13,2012-01-13,6.05,05-31-2013,Citigroup
Q3-13,2012-02-20,6.05,05-31-2013,Citigroup
Q3-13,2012-02-26,6.17,05-31-2013,Citigroup
Q3-13,2012-05-18,6.17,05-31-2013,Citigroup
Q3-13,2012-06-25,6.3,05-31-2013,Citigroup
Q3-13,2012-07-20,6.3,05-31-2013,Citigroup
Q3-13,2012-09-20,6.31,05-31-2013,Citigroup
Q3-13,2012-10-19,6.28,05-31-2013,Citigroup
Q3-13,2012-11-01,6.28,05-31-2013,Citigroup
Q3-13,2012-11-20,6.14,05-31-2013,Citigroup
Q3-13,2013-01-18,6.11,05-31-2013,Citigroup
Q3-13,2013-01-21,6.11,05-31-2013,Citigroup
Q3-13,2013-02-22,6.12,05-31-2013,Citigroup
Q3-13,2013-02-26,6.12,05-31-2013,Citigroup
Q3-13,2013-03-15,6.13,05-31-2013,Citigroup
Q3-13,2013-03-18,6.13,05-31-2013,Citigroup
Q3-13,2013-04-12,6.14,05-31-2013,Citigroup
Q3-13,2013-04-16,6.14,05-31-2013,Citigroup
Q3-13,2013-05-17,6.09,05-31-2013,Citigroup
Q3-13,2013-05-21,6.09,05-31-2013,Citigroup
Q4-13,2011-10-06,5.8,05-31-2013,Citigroup
Q4-13,2011-12-16,6.06,05-31-2013,Citigroup
Q4-13,2012-01-13,6.01,05-31-2013,Citigroup
Q4-13,2012-02-20,6.01,05-31-2013,Citigroup
Q4-13,2012-02-26,6.18,05-31-2013,Citigroup
Q4-13,2012-04-13,6.18,05-31-2013,Citigroup
Q4-13,2012-05-18,6.15,05-31-2013,Citigroup
Q4-13,2012-06-25,6.25,05-31-2013,Citigroup
Q4-13,2012-07-20,6.25,05-31-2013,Citigroup
Q4-13,2012-09-20,6.27,05-31-2013,Citigroup
Q4-13,2012-10-19,6.25,05-31-2013,Citigroup
Q4-13,2012-11-01,6.25,05-31-2013,Citigroup
Q4-13,2012-11-20,6.12,05-31-2013,Citigroup
Q4-13,2013-01-18,6.09,05-31-2013,Citigroup
Q4-13,2013-01-21,6.09,05-31-2013,Citigroup
Q4-13,2013-02-22,6.1,05-31-2013,Citigroup
Q4-13,2013-02-26,6.1,05-31-2013,Citigroup
Q4-13,2013-03-15,6.1,05-31-2013,Citigroup
Q4-13,2013-03-18,6.1,05-31-2013,Citigroup
Q4-13,2013-04-12,6.1,05-31-2013,Citigroup
Q4-13,2013-04-16,6.1,05-31-2013,Citigroup
Q4-13,2013-05-17,6.08,05-31-2013,Citigroup
Q4-13,2013-05-21,6.08,05-31-2013,Citigroup
Q1-14,2012-01-13,6.01,05-31-2013,Citigroup
Q1-14,2012-02-26,6.12,05-31-2013,Citigroup
Q1-14,2012-05-18,6.12,05-31-2013,Citigroup
Q1-14,2012-06-25,6.2,05-31-2013,Citigroup
Q1-14,2012-07-20,6.21,05-31-2013,Citigroup
Q1-14,2012-09-20,6.23,05-31-2013,Citigroup
Q1-14,2012-11-01,6.22,05-31-2013,Citigroup
Q1-14,2013-01-21,6.08,05-31-2013,Citigroup
Q1-14,2013-02-22,6.09,05-31-2013,Citigroup
Q1-14,2013-02-26,6.09,05-31-2013,Citigroup
Q1-14,2013-03-15,6.09,05-31-2013,Citigroup
Q1-14,2013-03-18,6.09,05-31-2013,Citigroup
Q1-14,2013-04-12,6.08,05-31-2013,Citigroup
Q1-14,2013-04-16,6.08,05-31-2013,Citigroup
Q1-14,2013-05-17,6.07,05-31-2013,Citigroup
Q1-14,2013-05-21,6.07,05-31-2013,Citigroup
2014,2011-10-06,5.6,05-31-2013,Citigroup
2014,2012-02-20,6.01,05-31-2013,Citigroup
2014,2012-02-26,6.1,05-31-2013,Citigroup
2014,2012-04-13,6.1,05-31-2013,Citigroup
2014,2012-06-25,6.16,05-31-2013,Citigroup
2014,2012-09-20,6.18,05-31-2013,Citigroup
2014,2012-10-19,6.14,05-31-2013,Citigroup
2014,2012-11-01,6.14,05-31-2013,Citigroup
2014,2012-11-20,6.05,05-31-2013,Citigroup
2014,2013-01-18,6.05,05-31-2013,Citigroup
2014,2013-01-21,6.05,05-31-2013,Citigroup
2014,2013-02-22,6.06,05-31-2013,Citigroup
2014,2013-02-26,6.06,05-31-2013,Citigroup
2014,2013-03-15,6.06,05-31-2013,Citigroup
2014,2013-03-18,6.06,05-31-2013,Citigroup
2014,2013-04-12,6.02,05-31-2013,Citigroup
2014,2013-04-16,6.02,05-31-2013,Citigroup
2014,2013-05-17,6.02,05-31-2013,Citigroup
2014,2013-05-21,6.02,05-31-2013,Citigroup
2015,2011-10-06,5.5,05-31-2013,Citigroup
2015,2012-04-13,6.07,05-31-2013,Citigroup
2015,2012-09-20,6.12,05-31-2013,Citigroup
2015,2012-11-20,6.05,05-31-2013,Citigroup
2015,2013-03-16,5.5,05-31-2013,Citigroup
2016,2012-04-13,6.04,05-31-2013,Citigroup
2016,2012-09-20,6.09,05-31-2013,Citigroup
2016,2012-11-20,6.06,05-31-2013,Citigroup
2016,2013-03-16,6.04,05-31-2013,Citigroup
Q3-18,2016-09-23,7.0,08-31-2018,Citigroup
Q3-18,2016-10-21,6.99,08-31-2018,Citigroup
Q3-18,2017-01-23,6.89,08-31-2018,Citigroup
Q3-18,2017-02-21,6.91,08-31-2018,Citigroup
Q3-18,2017-03-21,6.91,08-31-2018,Citigroup
Q3-18,2017-05-19,6.92,08-31-2018,Citigroup
Q3-18,2017-06-16,6.87,08-31-2018,Citigroup
Q3-18,2017-07-17,6.89,08-31-2018,Citigroup
Q3-18,2017-08-18,6.81,08-31-2018,Citigroup
Q3-18,2017-09-18,6.51,08-31-2018,Citigroup
Q3-18,2017-10-13,6.64,08-31-2018,Citigroup
Q3-18,2017-11-17,6.65,08-31-2018,Citigroup
Q3-18,2017-12-22,6.58,08-31-2018,Citigroup
Q3-18,2018-01-19,6.41,08-31-2018,Citigroup
Q3-18,2018-02-16,6.42,08-31-2018,Citigroup
Q3-18,2018-03-16,6.4,08-31-2018,Citigroup
Q3-18,2018-04-20,6.39,08-31-2018,Citigroup
Q3-18,2018-05-18,6.36,08-31-2018,Citigroup
Q3-18,2018-06-15,6.42,08-31-2018,Citigroup
Q3-18,2018-07-13,6.64,08-31-2018,Citigroup
Q3-18,2018-08-17,6.99,08-31-2018,Citigroup
Q3-18,2018-08-22,6.99,08-31-2018,Citigroup
Q4-18,2016-10-21,6.96,08-31-2018,Citigroup
Q4-18,2016-11-18,6.76,08-31-2018,Citigroup
Q4-18,2017-01-23,6.82,08-31-2018,Citigroup
Q4-18,2017-02-21,6.84,08-31-2018,Citigroup
Q4-18,2017-03-21,6.85,08-31-2018,Citigroup
Q4-18,2017-04-21,6.87,08-31-2018,Citigroup
Q4-18,2017-05-19,6.87,08-31-2018,Citigroup
Q4-18,2017-06-16,6.81,08-31-2018,Citigroup
Q4-18,2017-07-17,6.83,08-31-2018,Citigroup
Q4-18,2017-08-18,6.78,08-31-2018,Citigroup
Q4-18,2017-09-18,6.56,08-31-2018,Citigroup
Q4-18,2017-10-13,6.51,08-31-2018,Citigroup
Q4-18,2017-11-17,6.53,08-31-2018,Citigroup
Q4-18,2017-12-22,6.48,08-31-2018,Citigroup
Q4-18,2018-01-19,6.35,08-31-2018,Citigroup
Q4-18,2018-02-16,6.42,08-31-2018,Citigroup
Q4-18,2018-03-16,6.44,08-31-2018,Citigroup
Q4-18,2018-04-20,6.44,08-31-2018,Citigroup
Q4-18,2018-05-18,6.42,08-31-2018,Citigroup
Q4-18,2018-06-15,6.39,08-31-2018,Citigroup
Q4-18,2018-07-13,6.62,08-31-2018,Citigroup
Q4-18,2018-08-17,6.93,08-31-2018,Citigroup
Q4-18,2018-08-22,6.93,08-31-2018,Citigroup
Q1-19,2017-01-23,6.74,08-31-2018,Citigroup
Q1-19,2017-02-21,6.76,08-31-2018,Citigroup
Q1-19,2017-03-21,6.79,08-31-2018,Citigroup
Q1-19,2017-05-19,6.82,08-31-2018,Citigroup
Q1-19,2017-06-16,6.75,08-31-2018,Citigroup
Q1-19,2017-07-17,6.77,08-31-2018,Citigroup
Q1-19,2017-08-18,6.75,08-31-2018,Citigroup
Q1-19,2017-09-18,6.61,08-31-2018,Citigroup
Q1-19,2017-10-13,6.38,08-31-2018,Citigroup
Q1-19,2017-11-17,6.41,08-31-2018,Citigroup
Q1-19,2017-12-22,6.38,08-31-2018,Citigroup
Q1-19,2018-01-19,6.29,08-31-2018,Citigroup
Q1-19,2018-03-16,6.37,08-31-2018,Citigroup
Q1-19,2018-04-20,6.39,08-31-2018,Citigroup
Q1-19,2018-05-18,6.42,08-31-2018,Citigroup
Q1-19,2018-06-15,6.36,08-31-2018,Citigroup
Q1-19,2018-07-13,6.6,08-31-2018,Citigroup
Q1-19,2018-08-17,6.88,08-31-2018,Citigroup
Q1-19,2018-08-22,6.88,08-31-2018,Citigroup
Q2-19,2017-05-19,6.76,08-31-2018,Citigroup
Q2-19,2017-06-16,6.69,08-31-2018,Citigroup
Q2-19,2017-07-17,6.71,08-31-2018,Citigroup
Q2-19,2017-08-18,6.72,08-31-2018,Citigroup
Q2-19,2017-09-18,6.66,08-31-2018,Citigroup
Q2-19,2017-10-13,6.25,08-31-2018,Citigroup
Q2-19,2017-11-17,6.29,08-31-2018,Citigroup
Q2-19,2017-12-22,6.29,08-31-2018,Citigroup
Q2-19,2018-01-19,6.23,08-31-2018,Citigroup
Q2-19,2018-03-16,6.3,08-31-2018,Citigroup
Q2-19,2018-04-20,6.32,08-31-2018,Citigroup
Q2-19,2018-06-15,6.31,08-31-2018,Citigroup
Q2-19,2018-07-13,6.51,08-31-2018,Citigroup
Q2-19,2018-08-17,6.78,08-31-2018,Citigroup
Q2-19,2018-08-22,6.78,08-31-2018,Citigroup
2019,2016-11-18,6.05,08-31-2018,Citigroup
2019,2017-10-13,6.05,08-31-2018,Citigroup
2019,2017-11-17,6.07,08-31-2018,Citigroup
2019,2017-12-22,6.09,08-31-2018,Citigroup
2019,2018-01-19,6.11,08-31-2018,Citigroup
2019,2018-03-16,6.16,08-31-2018,Citigroup
2019,2018-04-20,6.18,08-31-2018,Citigroup
2019,2018-05-18,6.35,08-31-2018,Citigroup
2019,2018-06-15,6.2,08-31-2018,Citigroup
2019,2018-07-13,6.31,08-31-2018,Citigroup
2019,2018-08-17,6.48,08-31-2018,Citigroup
2019,2018-08-22,6.48,08-31-2018,Citigroup
2020,2016-11-18,6.09,08-31-2018,Citigroup
2020,2018-03-16,6.09,08-31-2018,Citigroup
2020,2018-05-18,6.28,08-31-2018,Citigroup
2021,2016-11-18,6.21,08-31-2018,Citigroup
2021,2018-05-18,6.21,08-31-2018,Citigroup
2022,2018-05-18,6.14,08-31-2018,Citigroup
Q4-18,2017-01-23,6.82,11-30-2018,Citigroup
Q4-18,2017-02-21,6.84,11-30-2018,Citigroup
Q4-18,2017-03-21,6.85,11-30-2018,Citigroup
Q4-18,2017-04-21,6.87,11-30-2018,Citigroup
Q4-18,2017-05-19,6.87,11-30-2018,Citigroup
Q4-18,2017-06-16,6.81,11-30-2018,Citigroup
Q4-18,2017-07-17,6.83,11-30-2018,Citigroup
Q4-18,2017-08-18,6.78,11-30-2018,Citigroup
Q4-18,2017-09-18,6.56,11-30-2018,Citigroup
Q4-18,2017-10-13,6.51,11-30-2018,Citigroup
Q4-18,2017-11-17,6.53,11-30-2018,Citigroup
Q4-18,2017-12-22,6.48,11-30-2018,Citigroup
Q4-18,2018-01-19,6.35,11-30-2018,Citigroup
Q4-18,2018-02-16,6.42,11-30-2018,Citigroup
Q4-18,2018-03-16,6.44,11-30-2018,Citigroup
Q4-18,2018-04-20,6.44,11-30-2018,Citigroup
Q4-18,2018-05-18,6.42,11-30-2018,Citigroup
Q4-18,2018-06-15,6.39,11-30-2018,Citigroup
Q4-18,2018-07-13,6.62,11-30-2018,Citigroup
Q4-18,2018-08-17,6.93,11-30-2018,Citigroup
Q4-18,2018-08-22,6.93,11-30-2018,Citigroup
Q4-18,2018-09-17,6.83,11-30-2018,Citigroup
Q4-18,2018-10-19,6.99,11-30-2018,Citigroup
Q4-18,2018-11-20,7.0,11-30-2018,Citigroup
Q1-19,2017-01-23,6.74,11-30-2018,Citigroup
Q1-19,2017-02-21,6.76,11-30-2018,Citigroup
Q1-19,2017-03-21,6.79,11-30-2018,Citigroup
Q1-19,2017-05-19,6.82,11-30-2018,Citigroup
Q1-19,2017-06-16,6.75,11-30-2018,Citigroup
Q1-19,2017-07-17,6.77,11-30-2018,Citigroup
Q1-19,2017-08-18,6.75,11-30-2018,Citigroup
Q1-19,2017-09-18,6.61,11-30-2018,Citigroup
Q1-19,2017-10-13,6.38,11-30-2018,Citigroup
Q1-19,2017-11-17,6.41,11-30-2018,Citigroup
Q1-19,2017-12-22,6.38,11-30-2018,Citigroup
Q1-19,2018-01-19,6.29,11-30-2018,Citigroup
Q1-19,2018-03-16,6.37,11-30-2018,Citigroup
Q1-19,2018-04-20,6.39,11-30-2018,Citigroup
Q1-19,2018-05-18,6.42,11-30-2018,Citigroup
Q1-19,2018-06-15,6.36,11-30-2018,Citigroup
Q1-19,2018-07-13,6.6,11-30-2018,Citigroup
Q1-19,2018-08-17,6.88,11-30-2018,Citigroup
Q1-19,2018-08-22,6.88,11-30-2018,Citigroup
Q1-19,2018-09-17,6.82,11-30-2018,Citigroup
Q1-19,2018-10-19,6.97,11-30-2018,Citigroup
Q1-19,2018-11-20,6.98,11-30-2018,Citigroup
Q2-19,2017-05-19,6.76,11-30-2018,Citigroup
Q2-19,2017-06-16,6.69,11-30-2018,Citigroup
Q2-19,2017-07-17,6.71,11-30-2018,Citigroup
Q2-19,2017-08-18,6.72,11-30-2018,Citigroup
Q2-19,2017-09-18,6.66,11-30-2018,Citigroup
Q2-19,2017-10-13,6.25,11-30-2018,Citigroup
Q2-19,2017-11-17,6.29,11-30-2018,Citigroup
Q2-19,2017-12-22,6.29,11-30-2018,Citigroup
Q2-19,2018-01-19,6.23,11-30-2018,Citigroup
Q2-19,2018-03-16,6.3,11-30-2018,Citigroup
Q2-19,2018-04-20,6.32,11-30-2018,Citigroup
Q2-19,2018-06-15,6.31,11-30-2018,Citigroup
Q2-19,2018-07-13,6.51,11-30-2018,Citigroup
Q2-19,2018-08-17,6.78,11-30-2018,Citigroup
Q2-19,2018-08-22,6.78,11-30-2018,Citigroup
Q2-19,2018-09-17,6.78,11-30-2018,Citigroup
Q2-19,2018-10-19,6.95,11-30-2018,Citigroup
Q2-19,2018-11-20,6.96,11-30-2018,Citigroup
Q3-19,2017-07-17,6.64,11-30-2018,Citigroup
Q3-19,2017-08-18,6.66,11-30-2018,Citigroup
Q3-19,2017-09-18,6.69,11-30-2018,Citigroup
Q3-19,2017-10-13,6.12,11-30-2018,Citigroup
Q3-19,2017-11-17,6.16,11-30-2018,Citigroup
Q3-19,2017-12-22,6.19,11-30-2018,Citigroup
Q3-19,2018-01-19,6.17,11-30-2018,Citigroup
Q3-19,2018-03-16,6.23,11-30-2018,Citigroup
Q3-19,2018-04-20,6.25,11-30-2018,Citigroup
Q3-19,2018-06-15,6.25,11-30-2018,Citigroup
Q3-19,2018-07-13,6.41,11-30-2018,Citigroup
Q3-19,2018-08-17,6.63,11-30-2018,Citigroup
Q3-19,2018-08-22,6.63,11-30-2018,Citigroup
Q3-19,2018-09-17,6.63,11-30-2018,Citigroup
Q3-19,2018-10-19,6.88,11-30-2018,Citigroup
Q3-19,2018-11-20,6.91,11-30-2018,Citigroup
2019,2017-10-13,6.05,11-30-2018,Citigroup
2019,2017-11-17,6.07,11-30-2018,Citigroup
2019,2017-12-22,6.09,11-30-2018,Citigroup
2019,2018-01-19,6.11,11-30-2018,Citigroup
2019,2018-03-16,6.16,11-30-2018,Citigroup
2019,2018-04-20,6.18,11-30-2018,Citigroup
2019,2018-05-18,6.35,11-30-2018,Citigroup
2019,2018-06-15,6.2,11-30-2018,Citigroup
2019,2018-07-13,6.31,11-30-2018,Citigroup
2019,2018-08-17,6.48,11-30-2018,Citigroup
2019,2018-08-22,6.48,11-30-2018,Citigroup
2019,2018-09-17,6.49,11-30-2018,Citigroup
2019,2018-10-19,6.79,11-30-2018,Citigroup
2019,2018-11-20,6.82,11-30-2018,Citigroup
2020,2018-03-16,6.09,11-30-2018,Citigroup
2020,2018-05-18,6.28,11-30-2018,Citigroup
2020,2018-10-19,6.43,11-30-2018,Citigroup
2021,2018-05-18,6.21,11-30-2018,Citigroup
2021,2018-11-20,6.45,11-30-2018,Citigroup
2022,2018-05-18,6.14,11-30-2018,Citigroup
Q3-14,2012-11-01,6.16,08-31-2014,Citigroup
Q3-14,2013-01-21,6.06,08-31-2014,Citigroup
Q3-14,2013-02-22,6.07,08-31-2014,Citigroup
Q3-14,2013-02-26,6.07,08-31-2014,Citigroup
Q3-14,2013-03-15,6.07,08-31-2014,Citigroup
Q3-14,2013-03-18,6.07,08-31-2014,Citigroup
Q3-14,2013-04-12,6.04,08-31-2014,Citigroup
Q3-14,2013-04-16,6.04,08-31-2014,Citigroup
Q3-14,2013-05-17,6.04,08-31-2014,Citigroup
Q3-14,2013-05-21,6.04,08-31-2014,Citigroup
Q3-14,2013-06-14,6.04,08-31-2014,Citigroup
Q3-14,2013-07-12,6.11,08-31-2014,Citigroup
Q3-14,2013-07-16,6.11,08-31-2014,Citigroup
Q3-14,2013-08-16,6.13,08-31-2014,Citigroup
Q3-14,2013-10-18,6.08,08-31-2014,Citigroup
Q3-14,2013-11-21,6.05,08-31-2014,Citigroup
Q3-14,2014-01-21,6.0,08-31-2014,Citigroup
Q3-14,2014-02-24,6.01,08-31-2014,Citigroup
Q3-14,2014-03-21,6.15,08-31-2014,Citigroup
Q3-14,2014-05-02,6.19,08-31-2014,Citigroup
Q3-14,2014-05-16,6.2,08-31-2014,Citigroup
Q3-14,2014-06-24,6.14,08-31-2014,Citigroup
Q3-14,2014-07-28,6.16,08-31-2014,Citigroup
Q3-14,2014-08-18,6.13,08-31-2014,Citigroup
Q4-14,2012-09-20,6.18,08-31-2014,Citigroup
Q4-14,2012-10-19,6.14,08-31-2014,Citigroup
Q4-14,2012-11-01,6.14,08-31-2014,Citigroup
Q4-14,2012-11-20,6.05,08-31-2014,Citigroup
Q4-14,2013-01-18,6.05,08-31-2014,Citigroup
Q4-14,2013-01-21,6.05,08-31-2014,Citigroup
Q4-14,2013-02-22,6.06,08-31-2014,Citigroup
Q4-14,2013-02-26,6.06,08-31-2014,Citigroup
Q4-14,2013-03-15,6.06,08-31-2014,Citigroup
Q4-14,2013-03-18,6.06,08-31-2014,Citigroup
Q4-14,2013-04-12,6.02,08-31-2014,Citigroup
Q4-14,2013-04-16,6.02,08-31-2014,Citigroup
Q4-14,2013-05-17,6.02,08-31-2014,Citigroup
Q4-14,2013-05-21,6.02,08-31-2014,Citigroup
Q4-14,2013-06-14,6.03,08-31-2014,Citigroup
Q4-14,2013-07-12,6.08,08-31-2014,Citigroup
Q4-14,2013-07-16,6.08,08-31-2014,Citigroup
Q4-14,2013-08-16,6.09,08-31-2014,Citigroup
Q4-14,2013-10-18,6.06,08-31-2014,Citigroup
Q4-14,2013-11-21,6.04,08-31-2014,Citigroup
Q4-14,2014-01-21,6.0,08-31-2014,Citigroup
Q4-14,2014-02-24,6.0,08-31-2014,Citigroup
Q4-14,2014-03-21,6.08,08-31-2014,Citigroup
Q4-14,2014-05-02,6.1,08-31-2014,Citigroup
Q4-14,2014-05-16,6.12,08-31-2014,Citigroup
Q4-14,2014-06-24,6.09,08-31-2014,Citigroup
Q4-14,2014-07-28,6.11,08-31-2014,Citigroup
Q4-14,2014-08-18,6.09,08-31-2014,Citigroup
Q1-15,2013-01-21,6.05,08-31-2014,Citigroup
Q1-15,2013-02-22,6.05,08-31-2014,Citigroup
Q1-15,2013-02-26,6.05,08-31-2014,Citigroup
Q1-15,2013-03-15,6.05,08-31-2014,Citigroup
Q1-15,2013-03-18,6.05,08-31-2014,Citigroup
Q1-15,2013-04-12,6.0,08-31-2014,Citigroup
Q1-15,2013-04-16,6.0,08-31-2014,Citigroup
Q1-15,2013-05-17,6.01,08-31-2014,Citigroup
Q1-15,2013-05-21,6.01,08-31-2014,Citigroup
Q1-15,2013-06-14,6.01,08-31-2014,Citigroup
Q1-15,2013-07-12,6.04,08-31-2014,Citigroup
Q1-15,2013-07-16,6.04,08-31-2014,Citigroup
Q1-15,2013-08-16,6.05,08-31-2014,Citigroup
Q1-15,2013-10-18,6.04,08-31-2014,Citigroup
Q1-15,2013-11-21,6.03,08-31-2014,Citigroup
Q1-15,2014-02-24,6.0,08-31-2014,Citigroup
Q1-15,2014-03-21,6.06,08-31-2014,Citigroup
Q1-15,2014-05-02,6.07,08-31-2014,Citigroup
Q1-15,2014-05-16,6.07,08-31-2014,Citigroup
Q1-15,2014-06-24,6.04,08-31-2014,Citigroup
Q1-15,2014-07-28,6.05,08-31-2014,Citigroup
Q1-15,2014-08-18,6.06,08-31-2014,Citigroup
Q2-15,2013-04-12,6.0,08-31-2014,Citigroup
Q2-15,2013-05-17,6.0,08-31-2014,Citigroup
Q2-15,2013-07-12,6.0,08-31-2014,Citigroup
Q2-15,2013-07-16,6.0,08-31-2014,Citigroup
Q2-15,2013-08-16,6.02,08-31-2014,Citigroup
Q2-15,2013-10-18,6.02,08-31-2014,Citigroup
Q2-15,2013-11-21,6.02,08-31-2014,Citigroup
Q2-15,2014-02-24,6.0,08-31-2014,Citigroup
Q2-15,2014-03-21,6.05,08-31-2014,Citigroup
Q2-15,2014-05-02,6.05,08-31-2014,Citigroup
Q2-15,2014-05-16,6.06,08-31-2014,Citigroup
Q2-15,2014-06-24,6.03,08-31-2014,Citigroup
Q2-15,2014-07-28,6.03,08-31-2014,Citigroup
Q2-15,2014-08-18,6.04,08-31-2014,Citigroup
2015,2012-09-20,6.12,08-31-2014,Citigroup
2015,2012-11-20,6.05,08-31-2014,Citigroup
2015,2013-03-16,6.0,08-31-2014,Citigroup
2015,2013-10-18,6.0,08-31-2014,Citigroup
2015,2013-11-21,6.0,08-31-2014,Citigroup
2015,2014-01-21,6.0,08-31-2014,Citigroup
2015,2014-02-24,6.0,08-31-2014,Citigroup
2015,2014-03-21,6.01,08-31-2014,Citigroup
2015,2014-05-02,6.02,08-31-2014,Citigroup
2015,2014-05-16,6.02,08-31-2014,Citigroup
2015,2014-06-24,6.02,08-31-2014,Citigroup
2015,2014-07-28,6.02,08-31-2014,Citigroup
2015,2014-08-18,6.02,08-31-2014,Citigroup
2016,2012-09-20,6.09,08-31-2014,Citigroup
2016,2012-11-20,6.06,08-31-2014,Citigroup
2016,2013-03-16,6.01,08-31-2014,Citigroup
2016,2013-11-22,6.01,08-31-2014,Citigroup
Q2-09,2008-07-18,6.63,05-31-2009,Citigroup
Q2-09,2008-07-25,6.5,05-31-2009,Citigroup
Q2-09,2008-08-01,6.7,05-31-2009,Citigroup
Q2-09,2008-08-25,6.7,05-31-2009,Citigroup
Q2-09,2008-08-29,6.7,05-31-2009,Citigroup
Q2-09,2008-09-05,6.7,05-31-2009,Citigroup
Q2-09,2008-09-12,6.8,05-31-2009,Citigroup
Q2-09,2008-09-19,6.82,05-31-2009,Citigroup
Q2-09,2008-09-26,6.82,05-31-2009,Citigroup
Q2-09,2008-10-03,6.82,05-31-2009,Citigroup
Q2-09,2008-10-10,6.65,05-31-2009,Citigroup
Q2-09,2008-10-17,6.82,05-31-2009,Citigroup
Q2-09,2008-10-24,6.82,05-31-2009,Citigroup
Q2-09,2008-10-31,6.82,05-31-2009,Citigroup
Q2-09,2008-11-05,6.65,05-31-2009,Citigroup
Q2-09,2008-11-21,6.75,05-31-2009,Citigroup
Q2-09,2008-12-01,6.75,05-31-2009,Citigroup
Q2-09,2008-12-12,6.85,05-31-2009,Citigroup
Q2-09,2009-01-16,6.85,05-31-2009,Citigroup
Q2-09,2009-01-22,6.8,05-31-2009,Citigroup
Q2-09,2009-01-30,6.8,05-31-2009,Citigroup
Q2-09,2009-02-06,6.8,05-31-2009,Citigroup
Q2-09,2009-02-27,6.82,05-31-2009,Citigroup
Q2-09,2009-03-06,6.82,05-31-2009,Citigroup
Q3-09,2008-09-12,6.7,05-31-2009,Citigroup
Q3-09,2008-09-19,6.75,05-31-2009,Citigroup
Q3-09,2008-09-26,6.75,05-31-2009,Citigroup
Q3-09,2008-10-03,6.75,05-31-2009,Citigroup
Q3-09,2008-10-10,6.55,05-31-2009,Citigroup
Q3-09,2008-10-17,6.75,05-31-2009,Citigroup
Q3-09,2008-10-24,6.75,05-31-2009,Citigroup
Q3-09,2008-10-31,6.75,05-31-2009,Citigroup
Q3-09,2008-11-05,6.55,05-31-2009,Citigroup
Q3-09,2008-11-21,6.65,05-31-2009,Citigroup
Q3-09,2008-12-01,6.65,05-31-2009,Citigroup
Q3-09,2008-12-12,6.75,05-31-2009,Citigroup
Q3-09,2009-01-16,6.75,05-31-2009,Citigroup
Q3-09,2009-01-22,6.72,05-31-2009,Citigroup
Q3-09,2009-01-30,6.72,05-31-2009,Citigroup
Q3-09,2009-02-06,6.72,05-31-2009,Citigroup
Q3-09,2009-02-27,6.78,05-31-2009,Citigroup
Q3-09,2009-03-06,6.78,05-31-2009,Citigroup
Q4-09,2007-06-28,6.7,05-31-2009,Citigroup
Q4-09,2007-09-07,6.59,05-31-2009,Citigroup
Q4-09,2007-09-14,6.59,05-31-2009,Citigroup
Q4-09,2007-09-21,6.59,05-31-2009,Citigroup
Q4-09,2007-10-11,6.59,05-31-2009,Citigroup
Q4-09,2007-10-12,6.59,05-31-2009,Citigroup
Q4-09,2007-10-26,6.59,05-31-2009,Citigroup
Q4-09,2007-11-02,6.59,05-31-2009,Citigroup
Q4-09,2007-11-09,6.59,05-31-2009,Citigroup
Q4-09,2007-11-16,6.59,05-31-2009,Citigroup
Q4-09,2007-11-26,6.59,05-31-2009,Citigroup
Q4-09,2007-11-30,6.12,05-31-2009,Citigroup
Q4-09,2007-12-07,6.12,05-31-2009,Citigroup
Q4-09,2007-12-14,6.12,05-31-2009,Citigroup
Q4-09,2007-12-26,6.12,05-31-2009,Citigroup
Q4-09,2008-01-07,6.12,05-31-2009,Citigroup
Q4-09,2008-01-18,6.12,05-31-2009,Citigroup
Q4-09,2008-01-28,6.07,05-31-2009,Citigroup
Q4-09,2008-02-07,6.07,05-31-2009,Citigroup
Q4-09,2008-02-25,6.07,05-31-2009,Citigroup
Q4-09,2008-03-06,6.35,05-31-2009,Citigroup
Q4-09,2008-06-06,6.3,05-31-2009,Citigroup
Q4-09,2008-06-24,6.3,05-31-2009,Citigroup
Q4-09,2008-07-18,6.3,05-31-2009,Citigroup
Q4-09,2008-08-01,6.3,05-31-2009,Citigroup
Q4-09,2008-08-25,6.3,05-31-2009,Citigroup
Q4-09,2008-08-29,6.3,05-31-2009,Citigroup
Q4-09,2008-09-05,6.3,05-31-2009,Citigroup
Q4-09,2008-09-12,6.3,05-31-2009,Citigroup
Q4-09,2008-09-19,6.3,05-31-2009,Citigroup
Q4-09,2008-09-26,6.45,05-31-2009,Citigroup
Q4-09,2008-10-03,6.45,05-31-2009,Citigroup
Q4-09,2008-10-10,6.45,05-31-2009,Citigroup
Q4-09,2008-10-17,6.45,05-31-2009,Citigroup
Q4-09,2008-10-24,6.45,05-31-2009,Citigroup
Q4-09,2008-10-31,6.4,05-31-2009,Citigroup
Q4-09,2008-11-05,6.4,05-31-2009,Citigroup
Q4-09,2008-11-21,6.4,05-31-2009,Citigroup
Q4-09,2008-12-01,6.4,05-31-2009,Citigroup
Q4-09,2008-12-12,6.65,05-31-2009,Citigroup
Q4-09,2009-01-16,6.65,05-31-2009,Citigroup
Q4-09,2009-01-22,6.6,05-31-2009,Citigroup
Q4-09,2009-01-30,6.6,05-31-2009,Citigroup
Q4-09,2009-02-06,6.6,05-31-2009,Citigroup
Q4-09,2009-02-27,6.7,05-31-2009,Citigroup
Q4-09,2009-03-06,6.7,05-31-2009,Citigroup
Q1-10,2009-03-06,6.62,05-31-2009,Citigroup
2010,2007-06-28,6.46,05-31-2009,Citigroup
2010,2007-09-07,6.39,05-31-2009,Citigroup
2010,2007-09-14,6.39,05-31-2009,Citigroup
2010,2007-09-21,6.39,05-31-2009,Citigroup
2010,2007-10-11,6.39,05-31-2009,Citigroup
2010,2007-10-12,6.39,05-31-2009,Citigroup
2010,2007-11-02,6.39,05-31-2009,Citigroup
2010,2007-11-09,6.39,05-31-2009,Citigroup
2010,2007-11-16,6.39,05-31-2009,Citigroup
2010,2007-11-26,6.39,05-31-2009,Citigroup
2010,2007-11-30,5.66,05-31-2009,Citigroup
2010,2007-12-07,5.66,05-31-2009,Citigroup
2010,2007-12-14,5.66,05-31-2009,Citigroup
2010,2007-12-26,5.66,05-31-2009,Citigroup
2010,2008-01-07,5.66,05-31-2009,Citigroup
2010,2008-01-18,5.66,05-31-2009,Citigroup
2010,2008-01-28,5.66,05-31-2009,Citigroup
2010,2008-02-07,5.66,05-31-2009,Citigroup
2010,2008-02-25,5.66,05-31-2009,Citigroup
2010,2008-03-06,5.89,05-31-2009,Citigroup
2010,2008-06-06,5.66,05-31-2009,Citigroup
2010,2008-06-24,5.66,05-31-2009,Citigroup
2010,2008-07-18,5.66,05-31-2009,Citigroup
2010,2008-08-01,5.66,05-31-2009,Citigroup
2010,2008-08-25,5.66,05-31-2009,Citigroup
2010,2008-08-29,5.66,05-31-2009,Citigroup
2010,2008-09-05,5.66,05-31-2009,Citigroup
2010,2008-09-12,5.66,05-31-2009,Citigroup
2010,2008-09-19,5.66,05-31-2009,Citigroup
2010,2008-09-26,5.66,05-31-2009,Citigroup
2010,2008-10-03,5.66,05-31-2009,Citigroup
2010,2008-10-10,5.95,05-31-2009,Citigroup
2010,2008-10-17,5.66,05-31-2009,Citigroup
2010,2008-10-24,5.66,05-31-2009,Citigroup
2010,2008-10-31,5.66,05-31-2009,Citigroup
2010,2008-11-05,5.66,05-31-2009,Citigroup
2010,2008-11-21,5.66,05-31-2009,Citigroup
2010,2008-12-01,5.66,05-31-2009,Citigroup
2010,2008-12-12,6.25,05-31-2009,Citigroup
2010,2009-01-16,6.25,05-31-2009,Citigroup
2010,2009-01-30,6.25,05-31-2009,Citigroup
2010,2009-02-06,6.25,05-31-2009,Citigroup
2010,2009-02-27,6.45,05-31-2009,Citigroup
2010,2009-03-06,6.45,05-31-2009,Citigroup
2011,2007-06-28,6.28,05-31-2009,Citigroup
2011,2007-09-07,6.2,05-31-2009,Citigroup
2011,2007-09-14,6.2,05-31-2009,Citigroup
2011,2007-09-21,6.2,05-31-2009,Citigroup
2011,2007-10-11,6.2,05-31-2009,Citigroup
2011,2007-10-12,6.2,05-31-2009,Citigroup
2011,2007-10-26,6.2,05-31-2009,Citigroup
2011,2007-11-02,6.2,05-31-2009,Citigroup
2011,2007-11-09,6.2,05-31-2009,Citigroup
2011,2007-11-16,6.2,05-31-2009,Citigroup
2011,2007-11-26,6.2,05-31-2009,Citigroup
2011,2007-11-30,5.49,05-31-2009,Citigroup
2011,2007-12-07,5.49,05-31-2009,Citigroup
2011,2007-12-14,5.49,05-31-2009,Citigroup
2011,2007-12-26,5.49,05-31-2009,Citigroup
2011,2008-01-07,5.49,05-31-2009,Citigroup
2011,2008-01-18,5.49,05-31-2009,Citigroup
2011,2008-01-28,5.49,05-31-2009,Citigroup
2011,2008-02-07,5.49,05-31-2009,Citigroup
2011,2008-02-25,5.49,05-31-2009,Citigroup
2011,2008-03-06,5.58,05-31-2009,Citigroup
2011,2008-06-06,5.49,05-31-2009,Citigroup
2011,2008-06-24,5.49,05-31-2009,Citigroup
2011,2008-07-18,5.49,05-31-2009,Citigroup
2011,2008-08-01,5.49,05-31-2009,Citigroup
2011,2008-08-25,5.49,05-31-2009,Citigroup
2011,2008-08-29,5.49,05-31-2009,Citigroup
2011,2008-09-05,5.49,05-31-2009,Citigroup
2011,2008-09-12,5.49,05-31-2009,Citigroup
2011,2008-09-19,5.49,05-31-2009,Citigroup
2011,2008-09-26,5.49,05-31-2009,Citigroup
2011,2008-10-03,5.49,05-31-2009,Citigroup
2011,2008-10-10,5.6,05-31-2009,Citigroup
2011,2008-10-17,5.49,05-31-2009,Citigroup
2011,2008-10-24,5.49,05-31-2009,Citigroup
2011,2008-10-31,5.49,05-31-2009,Citigroup
2011,2008-11-05,5.49,05-31-2009,Citigroup
2011,2008-11-21,5.49,05-31-2009,Citigroup
2011,2008-12-01,5.49,05-31-2009,Citigroup
2011,2008-12-12,6.25,05-31-2009,Citigroup
2011,2009-01-16,6.25,05-31-2009,Citigroup
2011,2009-01-30,6.25,05-31-2009,Citigroup
2011,2009-02-06,6.25,05-31-2009,Citigroup
2011,2009-02-27,6.45,05-31-2009,Citigroup
2011,2009-03-06,6.45,05-31-2009,Citigroup
2012,2007-12-07,5.3,05-31-2009,Citigroup
2012,2007-12-14,5.3,05-31-2009,Citigroup
2012,2007-12-26,5.3,05-31-2009,Citigroup
2012,2008-01-07,5.3,05-31-2009,Citigroup
2012,2008-01-18,5.3,05-31-2009,Citigroup
2012,2008-01-28,5.3,05-31-2009,Citigroup
2012,2008-02-07,5.3,05-31-2009,Citigroup
2012,2008-02-25,5.3,05-31-2009,Citigroup
2012,2008-03-06,5.4,05-31-2009,Citigroup
2012,2008-06-06,5.3,05-31-2009,Citigroup
2012,2008-06-24,5.3,05-31-2009,Citigroup
2012,2008-07-18,5.3,05-31-2009,Citigroup
2012,2008-08-01,5.3,05-31-2009,Citigroup
2012,2008-08-25,5.3,05-31-2009,Citigroup
2012,2008-08-29,5.3,05-31-2009,Citigroup
2012,2008-09-05,5.3,05-31-2009,Citigroup
2012,2008-09-12,5.3,05-31-2009,Citigroup
2012,2008-09-19,5.3,05-31-2009,Citigroup
2012,2008-09-26,5.3,05-31-2009,Citigroup
2012,2008-10-03,5.3,05-31-2009,Citigroup
2012,2008-10-10,5.45,05-31-2009,Citigroup
2012,2008-10-17,5.3,05-31-2009,Citigroup
2012,2008-10-24,5.3,05-31-2009,Citigroup
2012,2008-10-31,5.3,05-31-2009,Citigroup
2012,2008-11-05,5.3,05-31-2009,Citigroup
2012,2008-11-21,5.3,05-31-2009,Citigroup
2012,2008-12-01,5.3,05-31-2009,Citigroup
2012,2008-12-12,6.0,05-31-2009,Citigroup
2012,2009-01-16,6.0,05-31-2009,Citigroup
2012,2009-01-30,6.0,05-31-2009,Citigroup
2012,2009-02-06,6.0,05-31-2009,Citigroup
2012,2009-02-27,6.2,05-31-2009,Citigroup
2012,2009-03-06,6.2,05-31-2009,Citigroup
2013,2008-12-12,6.25,05-31-2009,Citigroup
2013,2009-01-16,6.25,05-31-2009,Citigroup
2013,2009-01-30,6.25,05-31-2009,Citigroup
2013,2009-02-06,6.25,05-31-2009,Citigroup
2013,2009-02-27,6.45,05-31-2009,Citigroup
2013,2009-03-06,6.45,05-31-2009,Citigroup
Q1-13,2011-04-22,5.95,02-28-2013,Citigroup
Q1-13,2011-05-24,6.1,02-28-2013,Citigroup
Q1-13,2011-06-17,6.05,02-28-2013,Citigroup
Q1-13,2011-08-19,6.0,02-28-2013,Citigroup
Q1-13,2011-12-16,6.2,02-28-2013,Citigroup
Q1-13,2012-01-13,6.15,02-28-2013,Citigroup
Q1-13,2012-02-20,6.15,02-28-2013,Citigroup
Q1-13,2012-02-26,6.22,02-28-2013,Citigroup
Q1-13,2012-04-13,6.22,02-28-2013,Citigroup
Q1-13,2012-05-18,6.23,02-28-2013,Citigroup
Q1-13,2012-06-25,6.34,02-28-2013,Citigroup
Q1-13,2012-07-20,6.36,02-28-2013,Citigroup
Q1-13,2012-09-20,6.34,02-28-2013,Citigroup
Q1-13,2012-10-19,6.27,02-28-2013,Citigroup
Q1-13,2012-11-01,6.27,02-28-2013,Citigroup
Q1-13,2012-11-20,6.18,02-28-2013,Citigroup
Q1-13,2013-01-18,6.17,02-28-2013,Citigroup
Q1-13,2013-01-21,6.17,02-28-2013,Citigroup
Q1-13,2013-02-22,6.19,02-28-2013,Citigroup
Q1-13,2013-02-26,6.19,02-28-2013,Citigroup
Q2-13,2011-04-22,5.95,02-28-2013,Citigroup
Q2-13,2011-05-24,6.05,02-28-2013,Citigroup
Q2-13,2011-06-17,6.05,02-28-2013,Citigroup
Q2-13,2011-08-19,5.93,02-28-2013,Citigroup
Q2-13,2011-12-16,6.15,02-28-2013,Citigroup
Q2-13,2012-01-13,6.1,02-28-2013,Citigroup
Q2-13,2012-02-20,6.1,02-28-2013,Citigroup
Q2-13,2012-02-26,6.2,02-28-2013,Citigroup
Q2-13,2012-05-18,6.2,02-28-2013,Citigroup
Q2-13,2012-06-25,6.35,02-28-2013,Citigroup
Q2-13,2012-07-20,6.34,02-28-2013,Citigroup
Q2-13,2012-09-20,6.35,02-28-2013,Citigroup
Q2-13,2012-10-19,6.3,02-28-2013,Citigroup
Q2-13,2012-11-01,6.3,02-28-2013,Citigroup
Q2-13,2012-11-20,6.16,02-28-2013,Citigroup
Q2-13,2013-01-18,6.14,02-28-2013,Citigroup
Q2-13,2013-01-21,6.14,02-28-2013,Citigroup
Q2-13,2013-02-22,6.15,02-28-2013,Citigroup
Q2-13,2013-02-26,6.15,02-28-2013,Citigroup
Q3-13,2011-08-19,5.93,02-28-2013,Citigroup
Q3-13,2011-12-16,6.1,02-28-2013,Citigroup
Q3-13,2012-01-13,6.05,02-28-2013,Citigroup
Q3-13,2012-02-20,6.05,02-28-2013,Citigroup
Q3-13,2012-02-26,6.17,02-28-2013,Citigroup
Q3-13,2012-05-18,6.17,02-28-2013,Citigroup
Q3-13,2012-06-25,6.3,02-28-2013,Citigroup
Q3-13,2012-07-20,6.3,02-28-2013,Citigroup
Q3-13,2012-09-20,6.31,02-28-2013,Citigroup
Q3-13,2012-10-19,6.28,02-28-2013,Citigroup
Q3-13,2012-11-01,6.28,02-28-2013,Citigroup
Q3-13,2012-11-20,6.14,02-28-2013,Citigroup
Q3-13,2013-01-18,6.11,02-28-2013,Citigroup
Q3-13,2013-01-21,6.11,02-28-2013,Citigroup
Q3-13,2013-02-22,6.12,02-28-2013,Citigroup
Q3-13,2013-02-26,6.12,02-28-2013,Citigroup
Q4-13,2011-10-06,5.8,02-28-2013,Citigroup
Q4-13,2011-12-16,6.06,02-28-2013,Citigroup
Q4-13,2012-01-13,6.01,02-28-2013,Citigroup
Q4-13,2012-02-20,6.01,02-28-2013,Citigroup
Q4-13,2012-02-26,6.18,02-28-2013,Citigroup
Q4-13,2012-04-13,6.18,02-28-2013,Citigroup
Q4-13,2012-05-18,6.15,02-28-2013,Citigroup
Q4-13,2012-06-25,6.25,02-28-2013,Citigroup
Q4-13,2012-07-20,6.25,02-28-2013,Citigroup
Q4-13,2012-09-20,6.27,02-28-2013,Citigroup
Q4-13,2012-10-19,6.25,02-28-2013,Citigroup
Q4-13,2012-11-01,6.25,02-28-2013,Citigroup
Q4-13,2012-11-20,6.12,02-28-2013,Citigroup
Q4-13,2013-01-18,6.09,02-28-2013,Citigroup
Q4-13,2013-01-21,6.09,02-28-2013,Citigroup
Q4-13,2013-02-22,6.1,02-28-2013,Citigroup
Q4-13,2013-02-26,6.1,02-28-2013,Citigroup
2014,2011-10-06,5.6,02-28-2013,Citigroup
2014,2012-02-20,6.01,02-28-2013,Citigroup
2014,2012-02-26,6.1,02-28-2013,Citigroup
2014,2012-04-13,6.1,02-28-2013,Citigroup
2014,2012-06-25,6.16,02-28-2013,Citigroup
2014,2012-09-20,6.18,02-28-2013,Citigroup
2014,2012-10-19,6.14,02-28-2013,Citigroup
2014,2012-11-01,6.14,02-28-2013,Citigroup
2014,2012-11-20,6.05,02-28-2013,Citigroup
2014,2013-01-18,6.05,02-28-2013,Citigroup
2014,2013-01-21,6.05,02-28-2013,Citigroup
2014,2013-02-22,6.06,02-28-2013,Citigroup
2014,2013-02-26,6.06,02-28-2013,Citigroup
2015,2011-10-06,5.5,02-28-2013,Citigroup
2015,2012-04-13,6.07,02-28-2013,Citigroup
2015,2012-09-20,6.12,02-28-2013,Citigroup
2015,2012-11-20,6.05,02-28-2013,Citigroup
2016,2012-04-13,6.04,02-28-2013,Citigroup
2016,2012-09-20,6.09,02-28-2013,Citigroup
2016,2012-11-20,6.06,02-28-2013,Citigroup
Q1-12,2011-04-22,6.18,02-28-2012,Citigroup
Q1-12,2011-05-24,6.35,02-28-2012,Citigroup
Q1-12,2011-06-17,6.28,02-28-2012,Citigroup
Q1-12,2011-07-15,6.28,02-28-2012,Citigroup
Q1-12,2011-08-19,6.24,02-28-2012,Citigroup
Q1-12,2011-10-06,6.24,02-28-2012,Citigroup
Q1-12,2011-12-16,6.33,02-28-2012,Citigroup
Q1-12,2012-01-13,6.3,02-28-2012,Citigroup
Q1-12,2012-02-20,6.29,02-28-2012,Citigroup
Q2-12,2011-04-22,6.1,02-28-2012,Citigroup
Q2-12,2011-05-24,6.28,02-28-2012,Citigroup
Q2-12,2011-06-17,6.2,02-28-2012,Citigroup
Q2-12,2011-07-15,6.2,02-28-2012,Citigroup
Q2-12,2011-08-19,6.18,02-28-2012,Citigroup
Q2-12,2011-10-06,6.18,02-28-2012,Citigroup
Q2-12,2011-12-16,6.31,02-28-2012,Citigroup
Q2-12,2012-01-13,6.27,02-28-2012,Citigroup
Q2-12,2012-02-20,6.27,02-28-2012,Citigroup
Q3-12,2011-04-22,6.05,02-28-2012,Citigroup
Q3-12,2011-05-24,6.2,02-28-2012,Citigroup
Q3-12,2011-06-17,6.15,02-28-2012,Citigroup
Q3-12,2011-08-19,6.12,02-28-2012,Citigroup
Q3-12,2011-10-06,6.12,02-28-2012,Citigroup
Q3-12,2011-12-16,6.29,02-28-2012,Citigroup
Q3-12,2012-01-13,6.24,02-28-2012,Citigroup
Q3-12,2012-02-20,6.24,02-28-2012,Citigroup
Q4-12,2011-04-22,6.0,02-28-2012,Citigroup
Q4-12,2011-05-24,6.15,02-28-2012,Citigroup
Q4-12,2011-06-17,6.1,02-28-2012,Citigroup
Q4-12,2011-07-15,6.1,02-28-2012,Citigroup
Q4-12,2011-08-19,6.05,02-28-2012,Citigroup
Q4-12,2011-10-06,6.05,02-28-2012,Citigroup
Q4-12,2011-12-16,6.25,02-28-2012,Citigroup
Q4-12,2012-01-13,6.2,02-28-2012,Citigroup
Q4-12,2012-02-20,6.2,02-28-2012,Citigroup
2013,2011-10-06,5.8,02-28-2012,Citigroup
2013,2011-12-16,6.06,02-28-2012,Citigroup
2013,2012-01-13,6.01,02-28-2012,Citigroup
2013,2012-02-20,6.01,02-28-2012,Citigroup
2013,2012-02-26,5.8,02-28-2012,Citigroup
2014,2011-10-06,5.6,02-28-2012,Citigroup
2014,2012-02-20,6.01,02-28-2012,Citigroup
2014,2012-02-26,5.6,02-28-2012,Citigroup
2015,2011-10-06,5.5,02-28-2012,Citigroup
Q2-08,2007-05-31,7.1,05-31-2008,Citigroup
Q2-08,2007-06-28,7.1,05-31-2008,Citigroup
Q2-08,2007-07-09,7.11,05-31-2008,Citigroup
Q2-08,2007-07-27,7.13,05-31-2008,Citigroup
Q2-08,2007-08-02,7.13,05-31-2008,Citigroup
Q2-08,2007-09-03,7.03,05-31-2008,Citigroup
Q2-08,2007-09-07,7.03,05-31-2008,Citigroup
Q2-08,2007-09-14,7.03,05-31-2008,Citigroup
Q2-08,2007-09-21,7.03,05-31-2008,Citigroup
Q2-08,2007-10-11,7.03,05-31-2008,Citigroup
Q2-08,2007-10-12,7.03,05-31-2008,Citigroup
Q2-08,2007-11-02,7.05,05-31-2008,Citigroup
Q2-08,2007-11-09,7.05,05-31-2008,Citigroup
Q2-08,2007-11-16,7.05,05-31-2008,Citigroup
Q2-08,2007-11-26,7.05,05-31-2008,Citigroup
Q2-08,2007-11-30,7.05,05-31-2008,Citigroup
Q2-08,2007-12-07,7.05,05-31-2008,Citigroup
Q2-08,2007-12-14,7.05,05-31-2008,Citigroup
Q2-08,2007-12-26,7.05,05-31-2008,Citigroup
Q2-08,2008-01-07,7.05,05-31-2008,Citigroup
Q2-08,2008-01-18,7.05,05-31-2008,Citigroup
Q2-08,2008-01-28,7.05,05-31-2008,Citigroup
Q2-08,2008-02-07,7.05,05-31-2008,Citigroup
Q2-08,2008-02-25,7.05,05-31-2008,Citigroup
Q2-08,2008-02-28,7.0,05-31-2008,Citigroup
Q2-08,2008-03-06,7.0,05-31-2008,Citigroup
Q2-08,2008-04-23,6.92,05-31-2008,Citigroup
Q2-08,2008-04-28,6.82,05-31-2008,Citigroup
Q2-08,2008-05-19,6.85,05-31-2008,Citigroup
Q2-08,2008-05-23,6.85,05-31-2008,Citigroup
Q2-08,2008-05-29,6.85,05-31-2008,Citigroup
Q2-08,2008-05-30,6.85,05-31-2008,Citigroup
Q3-08,2007-09-07,6.94,05-31-2008,Citigroup
Q3-08,2007-09-14,6.94,05-31-2008,Citigroup
Q3-08,2007-09-21,6.94,05-31-2008,Citigroup
Q3-08,2007-10-11,6.94,05-31-2008,Citigroup
Q3-08,2007-10-12,6.94,05-31-2008,Citigroup
Q3-08,2007-11-02,6.98,05-31-2008,Citigroup
Q3-08,2007-11-09,6.98,05-31-2008,Citigroup
Q3-08,2007-11-16,6.98,05-31-2008,Citigroup
Q3-08,2007-11-26,6.98,05-31-2008,Citigroup
Q3-08,2007-11-30,6.98,05-31-2008,Citigroup
Q3-08,2007-12-07,6.98,05-31-2008,Citigroup
Q3-08,2007-12-14,6.98,05-31-2008,Citigroup
Q3-08,2007-12-26,6.98,05-31-2008,Citigroup
Q3-08,2008-01-07,6.98,05-31-2008,Citigroup
Q3-08,2008-01-18,6.98,05-31-2008,Citigroup
Q3-08,2008-01-28,6.98,05-31-2008,Citigroup
Q3-08,2008-02-07,6.9,05-31-2008,Citigroup
Q3-08,2008-02-25,6.9,05-31-2008,Citigroup
Q3-08,2008-02-28,6.9,05-31-2008,Citigroup
Q3-08,2008-03-06,6.9,05-31-2008,Citigroup
Q3-08,2008-04-23,6.86,05-31-2008,Citigroup
Q3-08,2008-04-28,6.73,05-31-2008,Citigroup
Q3-08,2008-05-19,6.75,05-31-2008,Citigroup
Q3-08,2008-05-23,6.75,05-31-2008,Citigroup
Q3-08,2008-05-29,6.75,05-31-2008,Citigroup
Q3-08,2008-05-30,6.75,05-31-2008,Citigroup
Q4-08,2006-06-21,6.95,05-31-2008,Citigroup
Q4-08,2006-11-08,6.95,05-31-2008,Citigroup
Q4-08,2006-12-08,7.57,05-31-2008,Citigroup
Q4-08,2007-01-11,7.11,05-31-2008,Citigroup
Q4-08,2007-01-19,7.11,05-31-2008,Citigroup
Q4-08,2007-02-22,7.11,05-31-2008,Citigroup
Q4-08,2007-03-01,7.11,05-31-2008,Citigroup
Q4-08,2007-03-09,7.11,05-31-2008,Citigroup
Q4-08,2007-03-15,7.11,05-31-2008,Citigroup
Q4-08,2007-03-23,7.63,05-31-2008,Citigroup
Q4-08,2007-05-10,7.0,05-31-2008,Citigroup
Q4-08,2007-06-28,7.0,05-31-2008,Citigroup
Q4-08,2007-09-07,6.79,05-31-2008,Citigroup
Q4-08,2007-09-14,6.79,05-31-2008,Citigroup
Q4-08,2007-09-21,6.79,05-31-2008,Citigroup
Q4-08,2007-10-11,6.79,05-31-2008,Citigroup
Q4-08,2007-10-12,6.79,05-31-2008,Citigroup
Q4-08,2007-11-02,6.79,05-31-2008,Citigroup
Q4-08,2007-11-09,6.79,05-31-2008,Citigroup
Q4-08,2007-11-16,6.79,05-31-2008,Citigroup
Q4-08,2007-11-26,6.79,05-31-2008,Citigroup
Q4-08,2007-11-30,6.8,05-31-2008,Citigroup
Q4-08,2007-12-07,6.8,05-31-2008,Citigroup
Q4-08,2007-12-14,6.8,05-31-2008,Citigroup
Q4-08,2007-12-26,6.79,05-31-2008,Citigroup
Q4-08,2008-01-07,6.79,05-31-2008,Citigroup
Q4-08,2008-01-18,6.8,05-31-2008,Citigroup
Q4-08,2008-01-28,6.8,05-31-2008,Citigroup
Q4-08,2008-02-07,6.75,05-31-2008,Citigroup
Q4-08,2008-02-25,6.75,05-31-2008,Citigroup
Q4-08,2008-02-28,6.75,05-31-2008,Citigroup
Q4-08,2008-03-06,6.75,05-31-2008,Citigroup
Q4-08,2008-05-19,6.7,05-31-2008,Citigroup
Q4-08,2008-05-23,6.7,05-31-2008,Citigroup
Q4-08,2008-05-29,6.7,05-31-2008,Citigroup
Q4-08,2008-05-30,6.7,05-31-2008,Citigroup
Q1-09,2008-02-28,6.55,05-31-2008,Citigroup
Q1-09,2008-03-06,6.55,05-31-2008,Citigroup
Q1-09,2008-04-23,6.71,05-31-2008,Citigroup
Q1-09,2008-04-28,6.61,05-31-2008,Citigroup
Q1-09,2008-05-19,6.63,05-31-2008,Citigroup
Q1-09,2008-05-23,6.63,05-31-2008,Citigroup
Q1-09,2008-05-29,6.63,05-31-2008,Citigroup
Q1-09,2008-05-30,6.63,05-31-2008,Citigroup
2009,2006-06-21,6.66,05-31-2008,Citigroup
2009,2006-11-08,6.66,05-31-2008,Citigroup
2009,2006-12-08,7.11,05-31-2008,Citigroup
2009,2007-01-11,6.75,05-31-2008,Citigroup
2009,2007-01-19,6.75,05-31-2008,Citigroup
2009,2007-02-22,6.75,05-31-2008,Citigroup
2009,2007-03-01,6.75,05-31-2008,Citigroup
2009,2007-03-09,6.75,05-31-2008,Citigroup
2009,2007-03-15,6.75,05-31-2008,Citigroup
2009,2007-03-23,7.75,05-31-2008,Citigroup
2009,2007-05-10,6.7,05-31-2008,Citigroup
2009,2007-06-28,6.7,05-31-2008,Citigroup
2009,2007-09-07,6.59,05-31-2008,Citigroup
2009,2007-09-14,6.59,05-31-2008,Citigroup
2009,2007-09-21,6.59,05-31-2008,Citigroup
2009,2007-10-11,6.59,05-31-2008,Citigroup
2009,2007-10-12,6.59,05-31-2008,Citigroup
2009,2007-10-26,6.59,05-31-2008,Citigroup
2009,2007-11-02,6.59,05-31-2008,Citigroup
2009,2007-11-09,6.59,05-31-2008,Citigroup
2009,2007-11-16,6.59,05-31-2008,Citigroup
2009,2007-11-26,6.59,05-31-2008,Citigroup
2009,2007-11-30,6.12,05-31-2008,Citigroup
2009,2007-12-07,6.12,05-31-2008,Citigroup
2009,2007-12-14,6.12,05-31-2008,Citigroup
2009,2007-12-26,6.12,05-31-2008,Citigroup
2009,2008-01-07,6.12,05-31-2008,Citigroup
2009,2008-01-18,6.12,05-31-2008,Citigroup
2009,2008-01-28,6.07,05-31-2008,Citigroup
2009,2008-02-07,6.07,05-31-2008,Citigroup
2009,2008-02-25,6.07,05-31-2008,Citigroup
2009,2008-03-06,6.35,05-31-2008,Citigroup
2010,2006-06-21,6.42,05-31-2008,Citigroup
2010,2006-11-08,6.42,05-31-2008,Citigroup
2010,2006-12-08,6.75,05-31-2008,Citigroup
2010,2007-01-11,6.48,05-31-2008,Citigroup
2010,2007-01-19,6.48,05-31-2008,Citigroup
2010,2007-02-22,6.48,05-31-2008,Citigroup
2010,2007-03-01,6.48,05-31-2008,Citigroup
2010,2007-03-09,6.48,05-31-2008,Citigroup
2010,2007-03-15,6.48,05-31-2008,Citigroup
2010,2007-03-23,7.83,05-31-2008,Citigroup
2010,2007-05-10,6.46,05-31-2008,Citigroup
2010,2007-06-28,6.46,05-31-2008,Citigroup
2010,2007-09-07,6.39,05-31-2008,Citigroup
2010,2007-09-14,6.39,05-31-2008,Citigroup
2010,2007-09-21,6.39,05-31-2008,Citigroup
2010,2007-10-11,6.39,05-31-2008,Citigroup
2010,2007-10-12,6.39,05-31-2008,Citigroup
2010,2007-11-02,6.39,05-31-2008,Citigroup
2010,2007-11-09,6.39,05-31-2008,Citigroup
2010,2007-11-16,6.39,05-31-2008,Citigroup
2010,2007-11-26,6.39,05-31-2008,Citigroup
2010,2007-11-30,5.66,05-31-2008,Citigroup
2010,2007-12-07,5.66,05-31-2008,Citigroup
2010,2007-12-14,5.66,05-31-2008,Citigroup
2010,2007-12-26,5.66,05-31-2008,Citigroup
2010,2008-01-07,5.66,05-31-2008,Citigroup
2010,2008-01-18,5.66,05-31-2008,Citigroup
2010,2008-01-28,5.66,05-31-2008,Citigroup
2010,2008-02-07,5.66,05-31-2008,Citigroup
2010,2008-02-25,5.66,05-31-2008,Citigroup
2010,2008-03-06,5.89,05-31-2008,Citigroup
2011,2006-11-08,6.42,05-31-2008,Citigroup
2011,2006-12-08,6.48,05-31-2008,Citigroup
2011,2007-01-11,6.22,05-31-2008,Citigroup
2011,2007-01-19,6.22,05-31-2008,Citigroup
2011,2007-02-22,6.22,05-31-2008,Citigroup
2011,2007-03-01,6.22,05-31-2008,Citigroup
2011,2007-03-09,6.22,05-31-2008,Citigroup
2011,2007-03-15,6.22,05-31-2008,Citigroup
2011,2007-03-23,7.84,05-31-2008,Citigroup
2011,2007-05-10,6.28,05-31-2008,Citigroup
2011,2007-06-28,6.28,05-31-2008,Citigroup
2011,2007-09-07,6.2,05-31-2008,Citigroup
2011,2007-09-14,6.2,05-31-2008,Citigroup
2011,2007-09-21,6.2,05-31-2008,Citigroup
2011,2007-10-11,6.2,05-31-2008,Citigroup
2011,2007-10-12,6.2,05-31-2008,Citigroup
2011,2007-10-26,6.2,05-31-2008,Citigroup
2011,2007-11-02,6.2,05-31-2008,Citigroup
2011,2007-11-09,6.2,05-31-2008,Citigroup
2011,2007-11-16,6.2,05-31-2008,Citigroup
2011,2007-11-26,6.2,05-31-2008,Citigroup
2011,2007-11-30,5.49,05-31-2008,Citigroup
2011,2007-12-07,5.49,05-31-2008,Citigroup
2011,2007-12-14,5.49,05-31-2008,Citigroup
2011,2007-12-26,5.49,05-31-2008,Citigroup
2011,2008-01-07,5.49,05-31-2008,Citigroup
2011,2008-01-18,5.49,05-31-2008,Citigroup
2011,2008-01-28,5.49,05-31-2008,Citigroup
2011,2008-02-07,5.49,05-31-2008,Citigroup
2011,2008-02-25,5.49,05-31-2008,Citigroup
2011,2008-03-06,5.58,05-31-2008,Citigroup
2012,2006-12-08,6.22,05-31-2008,Citigroup
2012,2007-12-07,5.3,05-31-2008,Citigroup
2012,2007-12-14,5.3,05-31-2008,Citigroup
2012,2007-12-26,5.3,05-31-2008,Citigroup
2012,2008-01-07,5.3,05-31-2008,Citigroup
2012,2008-01-18,5.3,05-31-2008,Citigroup
2012,2008-01-28,5.3,05-31-2008,Citigroup
2012,2008-02-07,5.3,05-31-2008,Citigroup
2012,2008-02-25,5.3,05-31-2008,Citigroup
2012,2008-03-06,5.4,05-31-2008,Citigroup
Q3-15,2013-10-18,6.0,08-31-2015,Citigroup
Q3-15,2013-11-21,6.01,08-31-2015,Citigroup
Q3-15,2014-02-24,6.0,08-31-2015,Citigroup
Q3-15,2014-03-21,6.03,08-31-2015,Citigroup
Q3-15,2014-05-02,6.04,08-31-2015,Citigroup
Q3-15,2014-05-16,6.04,08-31-2015,Citigroup
Q3-15,2014-06-24,6.02,08-31-2015,Citigroup
Q3-15,2014-07-28,6.03,08-31-2015,Citigroup
Q3-15,2014-08-18,6.03,08-31-2015,Citigroup
Q3-15,2014-09-19,6.03,08-31-2015,Citigroup
Q3-15,2014-10-28,6.03,08-31-2015,Citigroup
Q3-15,2014-11-21,6.23,08-31-2015,Citigroup
Q3-15,2014-12-31,6.29,08-31-2015,Citigroup
Q3-15,2015-01-19,6.29,08-31-2015,Citigroup
Q3-15,2015-03-24,6.28,08-31-2015,Citigroup
Q3-15,2015-04-27,6.26,08-31-2015,Citigroup
Q3-15,2015-05-15,6.23,08-31-2015,Citigroup
Q3-15,2015-06-05,6.22,08-31-2015,Citigroup
Q3-15,2015-07-13,6.22,08-31-2015,Citigroup
Q3-15,2015-08-14,6.8,08-31-2015,Citigroup
Q4-15,2013-10-18,6.0,08-31-2015,Citigroup
Q4-15,2013-11-21,6.0,08-31-2015,Citigroup
Q4-15,2014-01-21,6.0,08-31-2015,Citigroup
Q4-15,2014-02-24,6.0,08-31-2015,Citigroup
Q4-15,2014-03-21,6.01,08-31-2015,Citigroup
Q4-15,2014-05-02,6.02,08-31-2015,Citigroup
Q4-15,2014-05-16,6.02,08-31-2015,Citigroup
Q4-15,2014-06-24,6.02,08-31-2015,Citigroup
Q4-15,2014-07-28,6.02,08-31-2015,Citigroup
Q4-15,2014-08-18,6.02,08-31-2015,Citigroup
Q4-15,2014-09-19,6.02,08-31-2015,Citigroup
Q4-15,2014-10-28,6.03,08-31-2015,Citigroup
Q4-15,2014-11-21,6.18,08-31-2015,Citigroup
Q4-15,2014-12-31,6.25,08-31-2015,Citigroup
Q4-15,2015-01-19,6.27,08-31-2015,Citigroup
Q4-15,2015-03-24,6.3,08-31-2015,Citigroup
Q4-15,2015-04-27,6.29,08-31-2015,Citigroup
Q4-15,2015-05-15,6.24,08-31-2015,Citigroup
Q4-15,2015-06-05,6.24,08-31-2015,Citigroup
Q4-15,2015-07-13,6.23,08-31-2015,Citigroup
Q4-15,2015-08-14,6.8,08-31-2015,Citigroup
Q1-16,2014-02-24,6.0,08-31-2015,Citigroup
Q1-16,2014-03-21,6.0,08-31-2015,Citigroup
Q1-16,2014-05-02,6.0,08-31-2015,Citigroup
Q1-16,2014-05-16,6.01,08-31-2015,Citigroup
Q1-16,2014-06-24,6.01,08-31-2015,Citigroup
Q1-16,2014-07-28,6.01,08-31-2015,Citigroup
Q1-16,2014-08-18,6.01,08-31-2015,Citigroup
Q1-16,2014-09-19,6.02,08-31-2015,Citigroup
Q1-16,2014-10-28,6.02,08-31-2015,Citigroup
Q1-16,2014-11-21,6.13,08-31-2015,Citigroup
Q1-16,2014-12-31,6.21,08-31-2015,Citigroup
Q1-16,2015-01-19,6.23,08-31-2015,Citigroup
Q1-16,2015-03-24,6.3,08-31-2015,Citigroup
Q1-16,2015-04-27,6.3,08-31-2015,Citigroup
Q1-16,2015-05-15,6.25,08-31-2015,Citigroup
Q1-16,2015-06-05,6.25,08-31-2015,Citigroup
Q1-16,2015-07-13,6.24,08-31-2015,Citigroup
Q1-16,2015-08-14,6.8,08-31-2015,Citigroup
Q2-16,2014-05-02,6.0,08-31-2015,Citigroup
Q2-16,2014-05-16,6.0,08-31-2015,Citigroup
Q2-16,2014-06-24,6.0,08-31-2015,Citigroup
Q2-16,2014-07-28,6.0,08-31-2015,Citigroup
Q2-16,2014-08-18,6.0,08-31-2015,Citigroup
Q2-16,2014-09-19,6.01,08-31-2015,Citigroup
Q2-16,2014-10-28,6.01,08-31-2015,Citigroup
Q2-16,2014-11-21,6.08,08-31-2015,Citigroup
Q2-16,2014-12-31,6.17,08-31-2015,Citigroup
Q2-16,2015-01-19,6.19,08-31-2015,Citigroup
Q2-16,2015-03-24,6.3,08-31-2015,Citigroup
Q2-16,2015-04-27,6.3,08-31-2015,Citigroup
Q2-16,2015-05-15,6.26,08-31-2015,Citigroup
Q2-16,2015-06-05,6.26,08-31-2015,Citigroup
Q2-16,2015-07-13,6.25,08-31-2015,Citigroup
Q2-16,2015-08-14,6.78,08-31-2015,Citigroup
2016,2013-11-22,6.01,08-31-2015,Citigroup
2016,2014-10-28,6.0,08-31-2015,Citigroup
2016,2014-11-21,6.0,08-31-2015,Citigroup
2016,2014-12-31,6.1,08-31-2015,Citigroup
2016,2015-01-19,6.11,08-31-2015,Citigroup
2016,2015-03-24,6.3,08-31-2015,Citigroup
2016,2015-04-27,6.3,08-31-2015,Citigroup
2016,2015-05-15,6.29,08-31-2015,Citigroup
2016,2015-06-05,6.28,08-31-2015,Citigroup
2016,2015-07-13,6.27,08-31-2015,Citigroup
2016,2015-08-14,6.7,08-31-2015,Citigroup
2023,2018-05-18,6.07,11-30-2019,Citigroup
2022,2018-05-18,6.14,11-30-2019,Citigroup
2021,2018-05-18,6.21,11-30-2019,Citigroup
2021,2018-11-20,6.45,11-30-2019,Citigroup
2020,2018-03-16,6.09,11-30-2019,Citigroup
2020,2018-05-18,6.28,11-30-2019,Citigroup
2020,2018-10-19,6.43,11-30-2019,Citigroup
2020,2019-03-21,6.17,11-30-2019,Citigroup
2020,2019-08-21,7.01,11-30-2019,Citigroup
2020,2019-09-23,6.99,11-30-2019,Citigroup
Q4-19,2017-12-22,6.09,11-30-2019,Citigroup
Q4-19,2018-01-19,6.11,11-30-2019,Citigroup
Q4-19,2018-03-16,6.16,11-30-2019,Citigroup
Q4-19,2018-04-20,6.18,11-30-2019,Citigroup
Q4-19,2018-05-18,6.35,11-30-2019,Citigroup
Q4-19,2018-06-15,6.2,11-30-2019,Citigroup
Q4-19,2018-07-13,6.31,11-30-2019,Citigroup
Q4-19,2018-08-17,6.48,11-30-2019,Citigroup
Q4-19,2018-08-22,6.48,11-30-2019,Citigroup
Q4-19,2018-09-17,6.49,11-30-2019,Citigroup
Q4-19,2018-10-19,6.79,11-30-2019,Citigroup
Q4-19,2018-11-20,6.82,11-30-2019,Citigroup
Q4-19,2019-03-21,6.49,11-30-2019,Citigroup
Q4-19,2019-08-21,7.23,11-30-2019,Citigroup
Q4-19,2019-09-23,7.21,11-30-2019,Citigroup
Q3-20,2018-07-13,6.05,11-30-2019,Citigroup
Q3-20,2018-08-17,6.07,11-30-2019,Citigroup
Q3-20,2018-08-22,6.07,11-30-2019,Citigroup
Q3-20,2018-09-17,6.09,11-30-2019,Citigroup
Q3-20,2018-10-19,6.52,11-30-2019,Citigroup
Q3-20,2018-11-20,6.55,11-30-2019,Citigroup
Q3-20,2019-03-21,6.25,11-30-2019,Citigroup
Q3-20,2019-08-21,7.15,11-30-2019,Citigroup
Q3-20,2019-09-23,7.16,11-30-2019,Citigroup
Q2-20,2018-04-20,6.05,11-30-2019,Citigroup
Q2-20,2018-06-15,6.09,11-30-2019,Citigroup
Q2-20,2018-07-13,6.11,11-30-2019,Citigroup
Q2-20,2018-08-17,6.18,11-30-2019,Citigroup
Q2-20,2018-08-22,6.18,11-30-2019,Citigroup
Q2-20,2018-09-17,6.22,11-30-2019,Citigroup
Q2-20,2018-10-19,6.61,11-30-2019,Citigroup
Q2-20,2018-11-20,6.64,11-30-2019,Citigroup
Q2-20,2019-03-21,6.33,11-30-2019,Citigroup
Q2-20,2019-08-21,7.29,11-30-2019,Citigroup
Q2-20,2019-09-23,7.33,11-30-2019,Citigroup
Q1-20,2018-01-19,6.05,11-30-2019,Citigroup
Q1-20,2018-04-20,6.11,11-30-2019,Citigroup
Q1-20,2018-06-15,6.14,11-30-2019,Citigroup
Q1-20,2018-07-13,6.21,11-30-2019,Citigroup
Q1-20,2018-08-17,6.33,11-30-2019,Citigroup
Q1-20,2018-08-22,6.33,11-30-2019,Citigroup
Q1-20,2018-09-17,6.36,11-30-2019,Citigroup
Q1-20,2018-10-19,6.7,11-30-2019,Citigroup
Q1-20,2018-11-20,6.73,11-30-2019,Citigroup
Q1-20,2019-03-21,6.41,11-30-2019,Citigroup
Q1-20,2019-08-21,7.31,11-30-2019,Citigroup
Q1-20,2019-09-23,7.29,11-30-2019,Citigroup
Q3-19,2017-09-18,6.69,08-31-2019,Citigroup
Q3-19,2017-10-13,6.12,08-31-2019,Citigroup
Q3-19,2017-11-17,6.16,08-31-2019,Citigroup
Q3-19,2017-12-22,6.19,08-31-2019,Citigroup
Q3-19,2018-01-19,6.17,08-31-2019,Citigroup
Q3-19,2018-03-16,6.23,08-31-2019,Citigroup
Q3-19,2018-04-20,6.25,08-31-2019,Citigroup
Q3-19,2018-06-15,6.25,08-31-2019,Citigroup
Q3-19,2018-07-13,6.41,08-31-2019,Citigroup
Q3-19,2018-08-17,6.63,08-31-2019,Citigroup
Q3-19,2018-08-22,6.63,08-31-2019,Citigroup
Q3-19,2018-09-17,6.63,08-31-2019,Citigroup
Q3-19,2018-10-19,6.88,08-31-2019,Citigroup
Q3-19,2018-11-20,6.91,08-31-2019,Citigroup
Q3-19,2019-03-21,6.57,08-31-2019,Citigroup
Q3-19,2019-08-21,7.16,08-31-2019,Citigroup
Q4-19,2017-10-13,6.05,08-31-2019,Citigroup
Q4-19,2017-11-17,6.07,08-31-2019,Citigroup
Q4-19,2017-12-22,6.09,08-31-2019,Citigroup
Q4-19,2018-01-19,6.11,08-31-2019,Citigroup
Q4-19,2018-03-16,6.16,08-31-2019,Citigroup
Q4-19,2018-04-20,6.18,08-31-2019,Citigroup
Q4-19,2018-05-18,6.35,08-31-2019,Citigroup
Q4-19,2018-06-15,6.2,08-31-2019,Citigroup
Q4-19,2018-07-13,6.31,08-31-2019,Citigroup
Q4-19,2018-08-17,6.48,08-31-2019,Citigroup
Q4-19,2018-08-22,6.48,08-31-2019,Citigroup
Q4-19,2018-09-17,6.49,08-31-2019,Citigroup
Q4-19,2018-10-19,6.79,08-31-2019,Citigroup
Q4-19,2018-11-20,6.82,08-31-2019,Citigroup
Q4-19,2019-03-21,6.49,08-31-2019,Citigroup
Q4-19,2019-08-21,7.23,08-31-2019,Citigroup
Q1-20,2018-01-19,6.05,08-31-2019,Citigroup
Q1-20,2018-04-20,6.11,08-31-2019,Citigroup
Q1-20,2018-06-15,6.14,08-31-2019,Citigroup
Q1-20,2018-07-13,6.21,08-31-2019,Citigroup
Q1-20,2018-08-17,6.33,08-31-2019,Citigroup
Q1-20,2018-08-22,6.33,08-31-2019,Citigroup
Q1-20,2018-09-17,6.36,08-31-2019,Citigroup
Q1-20,2018-10-19,6.7,08-31-2019,Citigroup
Q1-20,2018-11-20,6.73,08-31-2019,Citigroup
Q1-20,2019-03-21,6.41,08-31-2019,Citigroup
Q1-20,2019-08-21,7.31,08-31-2019,Citigroup
Q2-20,2018-04-20,6.05,08-31-2019,Citigroup
Q2-20,2018-06-15,6.09,08-31-2019,Citigroup
Q2-20,2018-07-13,6.11,08-31-2019,Citigroup
Q2-20,2018-08-17,6.18,08-31-2019,Citigroup
Q2-20,2018-08-22,6.18,08-31-2019,Citigroup
Q2-20,2018-09-17,6.22,08-31-2019,Citigroup
Q2-20,2018-10-19,6.61,08-31-2019,Citigroup
Q2-20,2018-11-20,6.64,08-31-2019,Citigroup
Q2-20,2019-03-21,6.33,08-31-2019,Citigroup
Q2-20,2019-08-21,7.29,08-31-2019,Citigroup
2020,2018-03-16,6.09,08-31-2019,Citigroup
2020,2018-05-18,6.28,08-31-2019,Citigroup
2020,2018-10-19,6.43,08-31-2019,Citigroup
2020,2019-03-21,6.17,08-31-2019,Citigroup
2020,2019-08-21,7.01,08-31-2019,Citigroup
2021,2018-05-18,6.21,08-31-2019,Citigroup
2021,2018-11-20,6.45,08-31-2019,Citigroup
2022,2018-05-18,6.14,08-31-2019,Citigroup
2023,2018-05-18,6.07,08-31-2019,Citigroup
Q2-12,2011-04-22,6.1,05-31-2012,Citigroup
Q2-12,2011-05-24,6.28,05-31-2012,Citigroup
Q2-12,2011-06-17,6.2,05-31-2012,Citigroup
Q2-12,2011-07-15,6.2,05-31-2012,Citigroup
Q2-12,2011-08-19,6.18,05-31-2012,Citigroup
Q2-12,2011-10-06,6.18,05-31-2012,Citigroup
Q2-12,2011-12-16,6.31,05-31-2012,Citigroup
Q2-12,2012-01-13,6.27,05-31-2012,Citigroup
Q2-12,2012-02-20,6.27,05-31-2012,Citigroup
Q2-12,2012-04-13,6.31,05-31-2012,Citigroup
Q2-12,2012-05-18,6.33,05-31-2012,Citigroup
Q3-12,2011-04-22,6.05,05-31-2012,Citigroup
Q3-12,2011-05-24,6.2,05-31-2012,Citigroup
Q3-12,2011-06-17,6.15,05-31-2012,Citigroup
Q3-12,2011-08-19,6.12,05-31-2012,Citigroup
Q3-12,2011-10-06,6.12,05-31-2012,Citigroup
Q3-12,2011-12-16,6.29,05-31-2012,Citigroup
Q3-12,2012-01-13,6.24,05-31-2012,Citigroup
Q3-12,2012-02-20,6.24,05-31-2012,Citigroup
Q3-12,2012-04-13,6.28,05-31-2012,Citigroup
Q3-12,2012-05-18,6.31,05-31-2012,Citigroup
Q4-12,2011-04-22,6.0,05-31-2012,Citigroup
Q4-12,2011-05-24,6.15,05-31-2012,Citigroup
Q4-12,2011-06-17,6.1,05-31-2012,Citigroup
Q4-12,2011-07-15,6.1,05-31-2012,Citigroup
Q4-12,2011-08-19,6.05,05-31-2012,Citigroup
Q4-12,2011-10-06,6.05,05-31-2012,Citigroup
Q4-12,2011-12-16,6.25,05-31-2012,Citigroup
Q4-12,2012-01-13,6.2,05-31-2012,Citigroup
Q4-12,2012-02-20,6.2,05-31-2012,Citigroup
Q4-12,2012-04-13,6.25,05-31-2012,Citigroup
Q4-12,2012-05-18,6.27,05-31-2012,Citigroup
Q1-13,2011-04-22,5.95,05-31-2012,Citigroup
Q1-13,2011-05-24,6.1,05-31-2012,Citigroup
Q1-13,2011-06-17,6.05,05-31-2012,Citigroup
Q1-13,2011-08-19,6.0,05-31-2012,Citigroup
Q1-13,2011-12-16,6.2,05-31-2012,Citigroup
Q1-13,2012-01-13,6.15,05-31-2012,Citigroup
Q1-13,2012-02-20,6.15,05-31-2012,Citigroup
Q1-13,2012-02-26,6.22,05-31-2012,Citigroup
Q1-13,2012-04-13,6.22,05-31-2012,Citigroup
Q1-13,2012-05-18,6.23,05-31-2012,Citigroup
2013,2011-10-06,5.8,05-31-2012,Citigroup
2013,2011-12-16,6.06,05-31-2012,Citigroup
2013,2012-01-13,6.01,05-31-2012,Citigroup
2013,2012-02-20,6.01,05-31-2012,Citigroup
2013,2012-02-26,6.18,05-31-2012,Citigroup
2013,2012-04-13,6.18,05-31-2012,Citigroup
2013,2012-05-18,6.15,05-31-2012,Citigroup
2014,2011-10-06,5.6,05-31-2012,Citigroup
2014,2012-02-20,6.01,05-31-2012,Citigroup
2014,2012-02-26,6.1,05-31-2012,Citigroup
2014,2012-04-13,6.1,05-31-2012,Citigroup
2015,2011-10-06,5.5,05-31-2012,Citigroup
2015,2012-04-13,6.07,05-31-2012,Citigroup
2016,2012-04-13,6.04,05-31-2012,Citigroup
Q1-08,2007-03-01,7.24,02-28-2008,Citigroup
Q1-08,2007-03-09,7.25,02-28-2008,Citigroup
Q1-08,2007-03-15,7.27,02-28-2008,Citigroup
Q1-08,2007-03-23,7.28,02-28-2008,Citigroup
Q1-08,2007-03-29,7.1,02-28-2008,Citigroup
Q1-08,2007-04-05,7.11,02-28-2008,Citigroup
Q1-08,2007-04-12,7.11,02-28-2008,Citigroup
Q1-08,2007-04-19,7.12,02-28-2008,Citigroup
Q1-08,2007-05-03,7.14,02-28-2008,Citigroup
Q1-08,2007-05-10,7.14,02-28-2008,Citigroup
Q1-08,2007-05-31,7.17,02-28-2008,Citigroup
Q1-08,2007-06-28,7.19,02-28-2008,Citigroup
Q1-08,2007-07-09,7.2,02-28-2008,Citigroup
Q1-08,2007-07-27,7.22,02-28-2008,Citigroup
Q1-08,2007-08-02,7.22,02-28-2008,Citigroup
Q1-08,2007-09-03,7.13,02-28-2008,Citigroup
Q1-08,2007-09-07,7.13,02-28-2008,Citigroup
Q1-08,2007-09-14,7.13,02-28-2008,Citigroup
Q1-08,2007-09-21,7.13,02-28-2008,Citigroup
Q1-08,2007-10-11,7.13,02-28-2008,Citigroup
Q1-08,2007-10-12,7.13,02-28-2008,Citigroup
Q1-08,2007-11-02,7.13,02-28-2008,Citigroup
Q1-08,2007-11-09,7.13,02-28-2008,Citigroup
Q1-08,2007-11-16,7.13,02-28-2008,Citigroup
Q1-08,2007-11-26,7.13,02-28-2008,Citigroup
Q1-08,2007-11-30,7.13,02-28-2008,Citigroup
Q1-08,2007-12-07,7.13,02-28-2008,Citigroup
Q1-08,2007-12-14,7.13,02-28-2008,Citigroup
Q1-08,2007-12-26,7.13,02-28-2008,Citigroup
Q1-08,2008-01-07,7.13,02-28-2008,Citigroup
Q1-08,2008-01-18,7.13,02-28-2008,Citigroup
Q1-08,2008-01-28,7.13,02-28-2008,Citigroup
Q1-08,2008-02-07,7.1,02-28-2008,Citigroup
Q1-08,2008-02-25,7.1,02-28-2008,Citigroup
Q2-08,2007-05-31,7.1,02-28-2008,Citigroup
Q2-08,2007-06-28,7.1,02-28-2008,Citigroup
Q2-08,2007-07-09,7.11,02-28-2008,Citigroup
Q2-08,2007-07-27,7.13,02-28-2008,Citigroup
Q2-08,2007-08-02,7.13,02-28-2008,Citigroup
Q2-08,2007-09-03,7.03,02-28-2008,Citigroup
Q2-08,2007-09-07,7.03,02-28-2008,Citigroup
Q2-08,2007-09-14,7.03,02-28-2008,Citigroup
Q2-08,2007-09-21,7.03,02-28-2008,Citigroup
Q2-08,2007-10-11,7.03,02-28-2008,Citigroup
Q2-08,2007-10-12,7.03,02-28-2008,Citigroup
Q2-08,2007-11-02,7.05,02-28-2008,Citigroup
Q2-08,2007-11-09,7.05,02-28-2008,Citigroup
Q2-08,2007-11-16,7.05,02-28-2008,Citigroup
Q2-08,2007-11-26,7.05,02-28-2008,Citigroup
Q2-08,2007-11-30,7.05,02-28-2008,Citigroup
Q2-08,2007-12-07,7.05,02-28-2008,Citigroup
Q2-08,2007-12-14,7.05,02-28-2008,Citigroup
Q2-08,2007-12-26,7.05,02-28-2008,Citigroup
Q2-08,2008-01-07,7.05,02-28-2008,Citigroup
Q2-08,2008-01-18,7.05,02-28-2008,Citigroup
Q2-08,2008-01-28,7.05,02-28-2008,Citigroup
Q2-08,2008-02-07,7.05,02-28-2008,Citigroup
Q2-08,2008-02-25,7.05,02-28-2008,Citigroup
Q2-08,2008-02-28,7.0,02-28-2008,Citigroup
Q3-08,2007-09-07,6.94,02-28-2008,Citigroup
Q3-08,2007-09-14,6.94,02-28-2008,Citigroup
Q3-08,2007-09-21,6.94,02-28-2008,Citigroup
Q3-08,2007-10-11,6.94,02-28-2008,Citigroup
Q3-08,2007-10-12,6.94,02-28-2008,Citigroup
Q3-08,2007-11-02,6.98,02-28-2008,Citigroup
Q3-08,2007-11-09,6.98,02-28-2008,Citigroup
Q3-08,2007-11-16,6.98,02-28-2008,Citigroup
Q3-08,2007-11-26,6.98,02-28-2008,Citigroup
Q3-08,2007-11-30,6.98,02-28-2008,Citigroup
Q3-08,2007-12-07,6.98,02-28-2008,Citigroup
Q3-08,2007-12-14,6.98,02-28-2008,Citigroup
Q3-08,2007-12-26,6.98,02-28-2008,Citigroup
Q3-08,2008-01-07,6.98,02-28-2008,Citigroup
Q3-08,2008-01-18,6.98,02-28-2008,Citigroup
Q3-08,2008-01-28,6.98,02-28-2008,Citigroup
Q3-08,2008-02-07,6.9,02-28-2008,Citigroup
Q3-08,2008-02-25,6.9,02-28-2008,Citigroup
Q3-08,2008-02-28,6.9,02-28-2008,Citigroup
Q4-08,2006-03-22,6.95,02-28-2008,Citigroup
Q4-08,2006-04-26,6.85,02-28-2008,Citigroup
Q4-08,2006-05-25,6.95,02-28-2008,Citigroup
Q4-08,2006-06-21,6.95,02-28-2008,Citigroup
Q4-08,2006-11-08,6.95,02-28-2008,Citigroup
Q4-08,2006-12-08,7.57,02-28-2008,Citigroup
Q4-08,2007-01-11,7.11,02-28-2008,Citigroup
Q4-08,2007-01-19,7.11,02-28-2008,Citigroup
Q4-08,2007-02-22,7.11,02-28-2008,Citigroup
Q4-08,2007-03-01,7.11,02-28-2008,Citigroup
Q4-08,2007-03-09,7.11,02-28-2008,Citigroup
Q4-08,2007-03-15,7.11,02-28-2008,Citigroup
Q4-08,2007-03-23,7.63,02-28-2008,Citigroup
Q4-08,2007-05-10,7.0,02-28-2008,Citigroup
Q4-08,2007-06-28,7.0,02-28-2008,Citigroup
Q4-08,2007-09-07,6.79,02-28-2008,Citigroup
Q4-08,2007-09-14,6.79,02-28-2008,Citigroup
Q4-08,2007-09-21,6.79,02-28-2008,Citigroup
Q4-08,2007-10-11,6.79,02-28-2008,Citigroup
Q4-08,2007-10-12,6.79,02-28-2008,Citigroup
Q4-08,2007-11-02,6.79,02-28-2008,Citigroup
Q4-08,2007-11-09,6.79,02-28-2008,Citigroup
Q4-08,2007-11-16,6.79,02-28-2008,Citigroup
Q4-08,2007-11-26,6.79,02-28-2008,Citigroup
Q4-08,2007-11-30,6.8,02-28-2008,Citigroup
Q4-08,2007-12-07,6.8,02-28-2008,Citigroup
Q4-08,2007-12-14,6.8,02-28-2008,Citigroup
Q4-08,2007-12-26,6.79,02-28-2008,Citigroup
Q4-08,2008-01-07,6.79,02-28-2008,Citigroup
Q4-08,2008-01-18,6.8,02-28-2008,Citigroup
Q4-08,2008-01-28,6.8,02-28-2008,Citigroup
Q4-08,2008-02-07,6.75,02-28-2008,Citigroup
Q4-08,2008-02-25,6.75,02-28-2008,Citigroup
Q4-08,2008-02-28,6.75,02-28-2008,Citigroup
2009,2006-03-22,6.66,02-28-2008,Citigroup
2009,2006-04-26,6.44,02-28-2008,Citigroup
2009,2006-05-25,6.66,02-28-2008,Citigroup
2009,2006-06-21,6.66,02-28-2008,Citigroup
2009,2006-11-08,6.66,02-28-2008,Citigroup
2009,2006-12-08,7.11,02-28-2008,Citigroup
2009,2007-01-11,6.75,02-28-2008,Citigroup
2009,2007-01-19,6.75,02-28-2008,Citigroup
2009,2007-02-22,6.75,02-28-2008,Citigroup
2009,2007-03-01,6.75,02-28-2008,Citigroup
2009,2007-03-09,6.75,02-28-2008,Citigroup
2009,2007-03-15,6.75,02-28-2008,Citigroup
2009,2007-03-23,7.75,02-28-2008,Citigroup
2009,2007-05-10,6.7,02-28-2008,Citigroup
2009,2007-06-28,6.7,02-28-2008,Citigroup
2009,2007-09-07,6.59,02-28-2008,Citigroup
2009,2007-09-14,6.59,02-28-2008,Citigroup
2009,2007-09-21,6.59,02-28-2008,Citigroup
2009,2007-10-11,6.59,02-28-2008,Citigroup
2009,2007-10-12,6.59,02-28-2008,Citigroup
2009,2007-10-26,6.59,02-28-2008,Citigroup
2009,2007-11-02,6.59,02-28-2008,Citigroup
2009,2007-11-09,6.59,02-28-2008,Citigroup
2009,2007-11-16,6.59,02-28-2008,Citigroup
2009,2007-11-26,6.59,02-28-2008,Citigroup
2009,2007-11-30,6.12,02-28-2008,Citigroup
2009,2007-12-07,6.12,02-28-2008,Citigroup
2009,2007-12-14,6.12,02-28-2008,Citigroup
2009,2007-12-26,6.12,02-28-2008,Citigroup
2009,2008-01-07,6.12,02-28-2008,Citigroup
2009,2008-01-18,6.12,02-28-2008,Citigroup
2009,2008-01-28,6.07,02-28-2008,Citigroup
2009,2008-02-07,6.07,02-28-2008,Citigroup
2009,2008-02-25,6.07,02-28-2008,Citigroup
2010,2006-03-22,6.42,02-28-2008,Citigroup
2010,2006-04-26,6.21,02-28-2008,Citigroup
2010,2006-05-25,6.42,02-28-2008,Citigroup
2010,2006-06-21,6.42,02-28-2008,Citigroup
2010,2006-11-08,6.42,02-28-2008,Citigroup
2010,2006-12-08,6.75,02-28-2008,Citigroup
2010,2007-01-11,6.48,02-28-2008,Citigroup
2010,2007-01-19,6.48,02-28-2008,Citigroup
2010,2007-02-22,6.48,02-28-2008,Citigroup
2010,2007-03-01,6.48,02-28-2008,Citigroup
2010,2007-03-09,6.48,02-28-2008,Citigroup
2010,2007-03-15,6.48,02-28-2008,Citigroup
2010,2007-03-23,7.83,02-28-2008,Citigroup
2010,2007-05-10,6.46,02-28-2008,Citigroup
2010,2007-06-28,6.46,02-28-2008,Citigroup
2010,2007-09-07,6.39,02-28-2008,Citigroup
2010,2007-09-14,6.39,02-28-2008,Citigroup
2010,2007-09-21,6.39,02-28-2008,Citigroup
2010,2007-10-11,6.39,02-28-2008,Citigroup
2010,2007-10-12,6.39,02-28-2008,Citigroup
2010,2007-11-02,6.39,02-28-2008,Citigroup
2010,2007-11-09,6.39,02-28-2008,Citigroup
2010,2007-11-16,6.39,02-28-2008,Citigroup
2010,2007-11-26,6.39,02-28-2008,Citigroup
2010,2007-11-30,5.66,02-28-2008,Citigroup
2010,2007-12-07,5.66,02-28-2008,Citigroup
2010,2007-12-14,5.66,02-28-2008,Citigroup
2010,2007-12-26,5.66,02-28-2008,Citigroup
2010,2008-01-07,5.66,02-28-2008,Citigroup
2010,2008-01-18,5.66,02-28-2008,Citigroup
2010,2008-01-28,5.66,02-28-2008,Citigroup
2010,2008-02-07,5.66,02-28-2008,Citigroup
2010,2008-02-25,5.66,02-28-2008,Citigroup
2011,2006-11-08,6.42,02-28-2008,Citigroup
2011,2006-12-08,6.48,02-28-2008,Citigroup
2011,2007-01-11,6.22,02-28-2008,Citigroup
2011,2007-01-19,6.22,02-28-2008,Citigroup
2011,2007-02-22,6.22,02-28-2008,Citigroup
2011,2007-03-01,6.22,02-28-2008,Citigroup
2011,2007-03-09,6.22,02-28-2008,Citigroup
2011,2007-03-15,6.22,02-28-2008,Citigroup
2011,2007-03-23,7.84,02-28-2008,Citigroup
2011,2007-05-10,6.28,02-28-2008,Citigroup
2011,2007-06-28,6.28,02-28-2008,Citigroup
2011,2007-09-07,6.2,02-28-2008,Citigroup
2011,2007-09-14,6.2,02-28-2008,Citigroup
2011,2007-09-21,6.2,02-28-2008,Citigroup
2011,2007-10-11,6.2,02-28-2008,Citigroup
2011,2007-10-12,6.2,02-28-2008,Citigroup
2011,2007-10-26,6.2,02-28-2008,Citigroup
2011,2007-11-02,6.2,02-28-2008,Citigroup
2011,2007-11-09,6.2,02-28-2008,Citigroup
2011,2007-11-16,6.2,02-28-2008,Citigroup
2011,2007-11-26,6.2,02-28-2008,Citigroup
2011,2007-11-30,5.49,02-28-2008,Citigroup
2011,2007-12-07,5.49,02-28-2008,Citigroup
2011,2007-12-14,5.49,02-28-2008,Citigroup
2011,2007-12-26,5.49,02-28-2008,Citigroup
2011,2008-01-07,5.49,02-28-2008,Citigroup
2011,2008-01-18,5.49,02-28-2008,Citigroup
2011,2008-01-28,5.49,02-28-2008,Citigroup
2011,2008-02-07,5.49,02-28-2008,Citigroup
2011,2008-02-25,5.49,02-28-2008,Citigroup
2012,2006-12-08,6.22,02-28-2008,Citigroup
2012,2007-12-07,5.3,02-28-2008,Citigroup
2012,2007-12-14,5.3,02-28-2008,Citigroup
2012,2007-12-26,5.3,02-28-2008,Citigroup
2012,2008-01-07,5.3,02-28-2008,Citigroup
2012,2008-01-18,5.3,02-28-2008,Citigroup
2012,2008-01-28,5.3,02-28-2008,Citigroup
2012,2008-02-07,5.3,02-28-2008,Citigroup
2012,2008-02-25,5.3,02-28-2008,Citigroup
Q4-15,2014-01-21,6.0,11-30-2015,Citigroup
Q4-15,2014-02-24,6.0,11-30-2015,Citigroup
Q4-15,2014-03-21,6.01,11-30-2015,Citigroup
Q4-15,2014-05-02,6.02,11-30-2015,Citigroup
Q4-15,2014-05-16,6.02,11-30-2015,Citigroup
Q4-15,2014-06-24,6.02,11-30-2015,Citigroup
Q4-15,2014-07-28,6.02,11-30-2015,Citigroup
Q4-15,2014-08-18,6.02,11-30-2015,Citigroup
Q4-15,2014-09-19,6.02,11-30-2015,Citigroup
Q4-15,2014-10-28,6.03,11-30-2015,Citigroup
Q4-15,2014-11-21,6.18,11-30-2015,Citigroup
Q4-15,2014-12-31,6.25,11-30-2015,Citigroup
Q4-15,2015-01-19,6.27,11-30-2015,Citigroup
Q4-15,2015-03-24,6.3,11-30-2015,Citigroup
Q4-15,2015-04-27,6.29,11-30-2015,Citigroup
Q4-15,2015-05-15,6.24,11-30-2015,Citigroup
Q4-15,2015-06-05,6.24,11-30-2015,Citigroup
Q4-15,2015-07-13,6.23,11-30-2015,Citigroup
Q4-15,2015-08-14,6.8,11-30-2015,Citigroup
Q4-15,2015-09-21,6.51,11-30-2015,Citigroup
Q4-15,2015-10-16,6.44,11-30-2015,Citigroup
Q4-15,2015-11-27,6.41,11-30-2015,Citigroup
Q1-16,2014-02-24,6.0,11-30-2015,Citigroup
Q1-16,2014-03-21,6.0,11-30-2015,Citigroup
Q1-16,2014-05-02,6.0,11-30-2015,Citigroup
Q1-16,2014-05-16,6.01,11-30-2015,Citigroup
Q1-16,2014-06-24,6.01,11-30-2015,Citigroup
Q1-16,2014-07-28,6.01,11-30-2015,Citigroup
Q1-16,2014-08-18,6.01,11-30-2015,Citigroup
Q1-16,2014-09-19,6.02,11-30-2015,Citigroup
Q1-16,2014-10-28,6.02,11-30-2015,Citigroup
Q1-16,2014-11-21,6.13,11-30-2015,Citigroup
Q1-16,2014-12-31,6.21,11-30-2015,Citigroup
Q1-16,2015-01-19,6.23,11-30-2015,Citigroup
Q1-16,2015-03-24,6.3,11-30-2015,Citigroup
Q1-16,2015-04-27,6.3,11-30-2015,Citigroup
Q1-16,2015-05-15,6.25,11-30-2015,Citigroup
Q1-16,2015-06-05,6.25,11-30-2015,Citigroup
Q1-16,2015-07-13,6.24,11-30-2015,Citigroup
Q1-16,2015-08-14,6.8,11-30-2015,Citigroup
Q1-16,2015-09-21,6.66,11-30-2015,Citigroup
Q1-16,2015-10-16,6.61,11-30-2015,Citigroup
Q1-16,2015-11-27,6.53,11-30-2015,Citigroup
Q2-16,2014-05-02,6.0,11-30-2015,Citigroup
Q2-16,2014-05-16,6.0,11-30-2015,Citigroup
Q2-16,2014-06-24,6.0,11-30-2015,Citigroup
Q2-16,2014-07-28,6.0,11-30-2015,Citigroup
Q2-16,2014-08-18,6.0,11-30-2015,Citigroup
Q2-16,2014-09-19,6.01,11-30-2015,Citigroup
Q2-16,2014-10-28,6.01,11-30-2015,Citigroup
Q2-16,2014-11-21,6.08,11-30-2015,Citigroup
Q2-16,2014-12-31,6.17,11-30-2015,Citigroup
Q2-16,2015-01-19,6.19,11-30-2015,Citigroup
Q2-16,2015-03-24,6.3,11-30-2015,Citigroup
Q2-16,2015-04-27,6.3,11-30-2015,Citigroup
Q2-16,2015-05-15,6.26,11-30-2015,Citigroup
Q2-16,2015-06-05,6.26,11-30-2015,Citigroup
Q2-16,2015-07-13,6.25,11-30-2015,Citigroup
Q2-16,2015-08-14,6.78,11-30-2015,Citigroup
Q2-16,2015-09-21,6.79,11-30-2015,Citigroup
Q2-16,2015-10-16,6.77,11-30-2015,Citigroup
Q2-16,2015-11-27,6.64,11-30-2015,Citigroup
Q3-16,2014-07-28,6.0,11-30-2015,Citigroup
Q3-16,2014-08-18,6.0,11-30-2015,Citigroup
Q3-16,2014-09-19,6.0,11-30-2015,Citigroup
Q3-16,2014-10-28,6.0,11-30-2015,Citigroup
Q3-16,2014-11-21,6.03,11-30-2015,Citigroup
Q3-16,2014-12-31,6.13,11-30-2015,Citigroup
Q3-16,2015-01-19,6.15,11-30-2015,Citigroup
Q3-16,2015-03-24,6.3,11-30-2015,Citigroup
Q3-16,2015-04-27,6.3,11-30-2015,Citigroup
Q3-16,2015-05-15,6.28,11-30-2015,Citigroup
Q3-16,2015-06-05,6.27,11-30-2015,Citigroup
Q3-16,2015-07-13,6.26,11-30-2015,Citigroup
Q3-16,2015-08-14,6.74,11-30-2015,Citigroup
Q3-16,2015-09-21,6.75,11-30-2015,Citigroup
Q3-16,2015-10-16,6.77,11-30-2015,Citigroup
Q3-16,2015-11-27,6.69,11-30-2015,Citigroup
2016,2014-10-28,6.0,11-30-2015,Citigroup
2016,2014-11-21,6.0,11-30-2015,Citigroup
2016,2014-12-31,6.1,11-30-2015,Citigroup
2016,2015-01-19,6.11,11-30-2015,Citigroup
2016,2015-03-24,6.3,11-30-2015,Citigroup
2016,2015-04-27,6.3,11-30-2015,Citigroup
2016,2015-05-15,6.29,11-30-2015,Citigroup
2016,2015-06-05,6.28,11-30-2015,Citigroup
2016,2015-07-13,6.27,11-30-2015,Citigroup
2016,2015-08-14,6.7,11-30-2015,Citigroup
2016,2015-09-21,6.71,11-30-2015,Citigroup
2016,2015-10-16,6.73,11-30-2015,Citigroup
2016,2015-11-27,6.67,11-30-2015,Citigroup
2017,2015-10-16,6.56,11-30-2015,Citigroup
2017,2015-11-27,6.58,11-30-2015,Citigroup
