period,change_date,change,file,company
Q2-07,2006-06-16,7.6333,05-31-2007,Commerzbank
Q2-07,2006-07-20,7.6333,05-31-2007,Commerzbank
Q2-07,2006-08-22,7.63,05-31-2007,Commerzbank
Q2-07,2006-12-19,7.73,05-31-2007,Commerzbank
Q2-07,2007-01-26,7.56,05-31-2007,Commerzbank
Q2-07,2007-02-13,7.64,05-31-2007,Commerzbank
Q3-07,2006-12-19,7.64,05-31-2007,Commerzbank
Q3-07,2007-01-26,7.45,05-31-2007,Commerzbank
Q3-07,2007-02-13,7.56,05-31-2007,Commerzbank
Q4-07,2006-05-05,7.6,05-31-2007,Commerzbank
Q4-07,2006-05-12,7.6,05-31-2007,Commerzbank
Q4-07,2006-05-15,7.6,05-31-2007,Commerzbank
Q4-07,2006-06-16,7.6,05-31-2007,Commerzbank
Q4-07,2006-07-20,7.6,05-31-2007,Commerzbank
Q4-07,2006-08-22,7.6,05-31-2007,Commerzbank
Q4-07,2006-12-19,7.56,05-31-2007,Commerzbank
Q4-07,2007-02-13,7.45,05-31-2007,Commerzbank
2008,2006-05-05,7.3,05-31-2007,Commerzbank
2008,2006-05-12,7.3,05-31-2007,Commerzbank
2008,2006-05-15,7.3,05-31-2007,Commerzbank
2008,2006-06-16,7.3,05-31-2007,Commerzbank
2008,2006-07-20,7.3,05-31-2007,Commerzbank
2008,2006-08-22,7.3,05-31-2007,Commerzbank
2009,2006-05-05,7.0,05-31-2007,Commerzbank
2009,2006-05-12,7.0,05-31-2007,Commerzbank
2009,2006-05-15,7.0,05-31-2007,Commerzbank
2009,2006-06-16,7.0,05-31-2007,Commerzbank
2009,2006-07-20,7.0,05-31-2007,Commerzbank
2009,2006-08-22,7.0,05-31-2007,Commerzbank
2010,2006-05-05,6.8,05-31-2007,Commerzbank
2010,2006-05-12,6.8,05-31-2007,Commerzbank
2010,2006-05-15,6.8,05-31-2007,Commerzbank
2010,2006-06-16,6.8,05-31-2007,Commerzbank
2010,2006-07-20,6.8,05-31-2007,Commerzbank
2010,2006-08-22,6.8,05-31-2007,Commerzbank
2011,2006-05-05,6.7,05-31-2007,Commerzbank
2011,2006-05-12,6.7,05-31-2007,Commerzbank
2011,2006-05-15,6.7,05-31-2007,Commerzbank
2011,2006-06-16,6.7,05-31-2007,Commerzbank
2011,2006-07-20,6.7,05-31-2007,Commerzbank
2011,2006-08-22,6.7,05-31-2007,Commerzbank
Q2-11,2010-03-15,6.83,05-31-2011,Commerzbank
Q2-11,2010-04-14,6.6,05-31-2011,Commerzbank
Q2-11,2010-06-16,6.55,05-31-2011,Commerzbank
Q2-11,2010-07-12,6.6,05-31-2011,Commerzbank
Q2-11,2010-09-13,6.61,05-31-2011,Commerzbank
Q2-11,2010-10-14,6.61,05-31-2011,Commerzbank
Q2-11,2010-11-22,6.55,05-31-2011,Commerzbank
Q2-11,2011-01-17,6.55,05-31-2011,Commerzbank
Q3-11,2010-07-12,6.55,05-31-2011,Commerzbank
Q3-11,2010-09-13,6.6,05-31-2011,Commerzbank
Q3-11,2010-10-14,6.6,05-31-2011,Commerzbank
Q3-11,2010-11-22,6.4,05-31-2011,Commerzbank
Q3-11,2011-01-17,6.4,05-31-2011,Commerzbank
Q4-11,2010-02-15,6.83,05-31-2011,Commerzbank
Q4-11,2010-09-13,6.55,05-31-2011,Commerzbank
Q4-11,2010-10-14,6.53,05-31-2011,Commerzbank
Q4-11,2010-11-22,6.32,05-31-2011,Commerzbank
Q4-11,2011-01-17,6.32,05-31-2011,Commerzbank
Q1-12,2010-11-22,6.26,05-31-2011,Commerzbank
Q1-12,2011-01-17,6.26,05-31-2011,Commerzbank
2012,2010-02-15,6.83,05-31-2011,Commerzbank
Q3-20,2019-09-06,7.3,08-31-2020,Commerzbank
Q3-20,2019-09-09,7.3,08-31-2020,Commerzbank
Q3-20,2019-10-04,7.3,08-31-2020,Commerzbank
Q3-20,2019-11-08,7.2,08-31-2020,Commerzbank
Q3-20,2019-12-03,7.2,08-31-2020,Commerzbank
Q3-20,2020-01-10,7.2,08-31-2020,Commerzbank
Q3-20,2020-02-07,7.2,08-31-2020,Commerzbank
Q3-20,2020-02-24,7.2,08-31-2020,Commerzbank
Q3-20,2020-03-09,7.07,08-31-2020,Commerzbank
Q3-20,2020-03-20,7.07,08-31-2020,Commerzbank
Q3-20,2020-05-08,7.07,08-31-2020,Commerzbank
Q3-20,2020-06-09,7.07,08-31-2020,Commerzbank
Q3-20,2020-07-10,7.07,08-31-2020,Commerzbank
Q3-20,2020-08-07,6.95,08-31-2020,Commerzbank
Q4-20,2018-10-22,7.2,08-31-2020,Commerzbank
Q4-20,2018-11-30,7.2,08-31-2020,Commerzbank
Q4-20,2019-01-22,7.2,08-31-2020,Commerzbank
Q4-20,2019-02-08,7.15,08-31-2020,Commerzbank
Q4-20,2019-03-08,7.15,08-31-2020,Commerzbank
Q4-20,2019-04-05,7.15,08-31-2020,Commerzbank
Q4-20,2019-05-10,7.15,08-31-2020,Commerzbank
Q4-20,2019-06-07,7.15,08-31-2020,Commerzbank
Q4-20,2019-07-05,7.15,08-31-2020,Commerzbank
Q4-20,2019-07-10,7.15,08-31-2020,Commerzbank
Q4-20,2019-08-13,7.35,08-31-2020,Commerzbank
Q4-20,2019-09-06,7.35,08-31-2020,Commerzbank
Q4-20,2019-09-09,7.35,08-31-2020,Commerzbank
Q4-20,2019-10-04,7.35,08-31-2020,Commerzbank
Q4-20,2019-11-08,7.23,08-31-2020,Commerzbank
Q4-20,2019-12-03,7.23,08-31-2020,Commerzbank
Q4-20,2020-01-10,7.23,08-31-2020,Commerzbank
Q4-20,2020-02-07,7.23,08-31-2020,Commerzbank
Q4-20,2020-02-24,7.23,08-31-2020,Commerzbank
Q4-20,2020-03-09,7.1,08-31-2020,Commerzbank
Q4-20,2020-03-20,7.1,08-31-2020,Commerzbank
Q4-20,2020-05-08,7.1,08-31-2020,Commerzbank
Q4-20,2020-06-09,7.1,08-31-2020,Commerzbank
Q4-20,2020-07-10,7.1,08-31-2020,Commerzbank
Q4-20,2020-08-07,7.0,08-31-2020,Commerzbank
Q1-21,2020-03-20,7.12,08-31-2020,Commerzbank
Q1-21,2020-05-08,7.12,08-31-2020,Commerzbank
Q1-21,2020-06-09,7.12,08-31-2020,Commerzbank
Q1-21,2020-07-10,7.12,08-31-2020,Commerzbank
Q1-21,2020-08-07,7.03,08-31-2020,Commerzbank
Q2-21,2020-06-09,7.15,08-31-2020,Commerzbank
Q2-21,2020-07-10,7.15,08-31-2020,Commerzbank
Q2-21,2020-08-07,7.07,08-31-2020,Commerzbank
2021,2019-02-08,7.2,08-31-2020,Commerzbank
2021,2019-09-09,7.2,08-31-2020,Commerzbank
2021,2020-03-20,7.2,08-31-2020,Commerzbank
2021,2020-05-08,7.2,08-31-2020,Commerzbank
2021,2020-06-09,7.2,08-31-2020,Commerzbank
2021,2020-07-10,7.2,08-31-2020,Commerzbank
2021,2020-08-07,7.12,08-31-2020,Commerzbank
Q4-16,2014-12-19,5.85,11-30-2016,Commerzbank
Q4-16,2015-01-09,6.0,11-30-2016,Commerzbank
Q4-16,2015-01-16,6.0,11-30-2016,Commerzbank
Q4-16,2015-01-30,6.12,11-30-2016,Commerzbank
Q4-16,2015-02-17,6.12,11-30-2016,Commerzbank
Q4-16,2015-03-09,6.35,11-30-2016,Commerzbank
Q4-16,2015-04-15,6.35,11-30-2016,Commerzbank
Q4-16,2015-05-21,6.35,11-30-2016,Commerzbank
Q4-16,2015-07-23,6.35,11-30-2016,Commerzbank
Q4-16,2015-08-12,6.35,11-30-2016,Commerzbank
Q4-16,2015-08-19,6.9,11-30-2016,Commerzbank
Q4-16,2015-09-04,6.9,11-30-2016,Commerzbank
Q4-16,2015-10-23,6.9,11-30-2016,Commerzbank
Q4-16,2015-12-07,6.9,11-30-2016,Commerzbank
Q4-16,2016-01-22,6.9,11-30-2016,Commerzbank
Q4-16,2016-02-02,6.9,11-30-2016,Commerzbank
Q4-16,2016-02-05,6.9,11-30-2016,Commerzbank
Q4-16,2016-03-04,6.9,11-30-2016,Commerzbank
Q4-16,2016-03-11,6.9,11-30-2016,Commerzbank
Q4-16,2016-04-08,6.75,11-30-2016,Commerzbank
Q4-16,2016-05-09,6.65,11-30-2016,Commerzbank
Q4-16,2016-05-30,6.65,11-30-2016,Commerzbank
Q4-16,2016-07-01,6.65,11-30-2016,Commerzbank
Q4-16,2016-08-19,6.65,11-30-2016,Commerzbank
Q4-16,2016-09-23,6.65,11-30-2016,Commerzbank
Q4-16,2016-10-28,6.65,11-30-2016,Commerzbank
Q4-16,2016-11-18,6.9,11-30-2016,Commerzbank
Q1-17,2016-03-04,6.9,11-30-2016,Commerzbank
Q1-17,2016-03-11,6.9,11-30-2016,Commerzbank
Q1-17,2016-04-08,6.8,11-30-2016,Commerzbank
Q1-17,2016-05-09,6.7,11-30-2016,Commerzbank
Q1-17,2016-05-30,6.7,11-30-2016,Commerzbank
Q1-17,2016-07-01,6.7,11-30-2016,Commerzbank
Q1-17,2016-08-19,6.7,11-30-2016,Commerzbank
Q1-17,2016-09-23,6.7,11-30-2016,Commerzbank
Q1-17,2016-10-28,6.7,11-30-2016,Commerzbank
Q1-17,2016-11-18,6.95,11-30-2016,Commerzbank
Q2-17,2016-07-01,6.7,11-30-2016,Commerzbank
Q2-17,2016-08-19,6.7,11-30-2016,Commerzbank
Q2-17,2016-09-23,6.7,11-30-2016,Commerzbank
Q2-17,2016-10-28,6.7,11-30-2016,Commerzbank
Q2-17,2016-11-18,7.05,11-30-2016,Commerzbank
Q3-17,2016-09-23,6.7,11-30-2016,Commerzbank
Q3-17,2016-10-28,6.7,11-30-2016,Commerzbank
Q3-17,2016-11-18,7.1,11-30-2016,Commerzbank
2017,2015-12-07,6.8,11-30-2016,Commerzbank
2017,2016-01-22,6.8,11-30-2016,Commerzbank
2017,2016-02-02,6.8,11-30-2016,Commerzbank
2017,2016-02-05,6.8,11-30-2016,Commerzbank
2017,2016-03-04,6.8,11-30-2016,Commerzbank
2017,2016-03-11,6.8,11-30-2016,Commerzbank
2017,2016-04-08,6.8,11-30-2016,Commerzbank
2017,2016-05-09,6.7,11-30-2016,Commerzbank
2017,2016-05-30,6.7,11-30-2016,Commerzbank
2017,2016-07-01,6.7,11-30-2016,Commerzbank
2017,2016-08-19,6.7,11-30-2016,Commerzbank
2017,2016-09-23,6.7,11-30-2016,Commerzbank
2017,2016-10-28,6.7,11-30-2016,Commerzbank
2017,2016-11-18,7.15,11-30-2016,Commerzbank
Q1-11,2010-03-15,6.83,02-28-2011,Commerzbank
Q1-11,2010-04-14,6.65,02-28-2011,Commerzbank
Q1-11,2010-06-16,6.6,02-28-2011,Commerzbank
Q1-11,2010-07-12,6.65,02-28-2011,Commerzbank
Q1-11,2010-09-13,6.66,02-28-2011,Commerzbank
Q1-11,2010-10-14,6.66,02-28-2011,Commerzbank
Q1-11,2010-11-22,6.58,02-28-2011,Commerzbank
Q1-11,2011-01-17,6.58,02-28-2011,Commerzbank
Q2-11,2010-03-15,6.83,02-28-2011,Commerzbank
Q2-11,2010-04-14,6.6,02-28-2011,Commerzbank
Q2-11,2010-06-16,6.55,02-28-2011,Commerzbank
Q2-11,2010-07-12,6.6,02-28-2011,Commerzbank
Q2-11,2010-09-13,6.61,02-28-2011,Commerzbank
Q2-11,2010-10-14,6.61,02-28-2011,Commerzbank
Q2-11,2010-11-22,6.55,02-28-2011,Commerzbank
Q2-11,2011-01-17,6.55,02-28-2011,Commerzbank
Q3-11,2010-07-12,6.55,02-28-2011,Commerzbank
Q3-11,2010-09-13,6.6,02-28-2011,Commerzbank
Q3-11,2010-10-14,6.6,02-28-2011,Commerzbank
Q3-11,2010-11-22,6.4,02-28-2011,Commerzbank
Q3-11,2011-01-17,6.4,02-28-2011,Commerzbank
Q4-11,2010-02-15,6.83,02-28-2011,Commerzbank
Q4-11,2010-09-13,6.55,02-28-2011,Commerzbank
Q4-11,2010-10-14,6.53,02-28-2011,Commerzbank
Q4-11,2010-11-22,6.32,02-28-2011,Commerzbank
Q4-11,2011-01-17,6.32,02-28-2011,Commerzbank
2012,2010-02-15,6.83,02-28-2011,Commerzbank
Q3-16,2015-09-04,6.8,08-31-2016,Commerzbank
Q3-16,2015-10-23,6.8,08-31-2016,Commerzbank
Q3-16,2015-12-07,6.8,08-31-2016,Commerzbank
Q3-16,2016-01-22,6.8,08-31-2016,Commerzbank
Q3-16,2016-02-02,6.8,08-31-2016,Commerzbank
Q3-16,2016-02-05,6.8,08-31-2016,Commerzbank
Q3-16,2016-03-04,6.8,08-31-2016,Commerzbank
Q3-16,2016-03-11,6.8,08-31-2016,Commerzbank
Q3-16,2016-04-08,6.7,08-31-2016,Commerzbank
Q3-16,2016-05-09,6.58,08-31-2016,Commerzbank
Q3-16,2016-05-30,6.58,08-31-2016,Commerzbank
Q3-16,2016-07-01,6.58,08-31-2016,Commerzbank
Q3-16,2016-08-19,6.58,08-31-2016,Commerzbank
Q4-16,2014-11-21,5.85,08-31-2016,Commerzbank
Q4-16,2014-12-19,5.85,08-31-2016,Commerzbank
Q4-16,2015-01-09,6.0,08-31-2016,Commerzbank
Q4-16,2015-01-16,6.0,08-31-2016,Commerzbank
Q4-16,2015-01-30,6.12,08-31-2016,Commerzbank
Q4-16,2015-02-17,6.12,08-31-2016,Commerzbank
Q4-16,2015-03-09,6.35,08-31-2016,Commerzbank
Q4-16,2015-04-15,6.35,08-31-2016,Commerzbank
Q4-16,2015-05-21,6.35,08-31-2016,Commerzbank
Q4-16,2015-07-23,6.35,08-31-2016,Commerzbank
Q4-16,2015-08-12,6.35,08-31-2016,Commerzbank
Q4-16,2015-08-19,6.9,08-31-2016,Commerzbank
Q4-16,2015-09-04,6.9,08-31-2016,Commerzbank
Q4-16,2015-10-23,6.9,08-31-2016,Commerzbank
Q4-16,2015-12-07,6.9,08-31-2016,Commerzbank
Q4-16,2016-01-22,6.9,08-31-2016,Commerzbank
Q4-16,2016-02-02,6.9,08-31-2016,Commerzbank
Q4-16,2016-02-05,6.9,08-31-2016,Commerzbank
Q4-16,2016-03-04,6.9,08-31-2016,Commerzbank
Q4-16,2016-03-11,6.9,08-31-2016,Commerzbank
Q4-16,2016-04-08,6.75,08-31-2016,Commerzbank
Q4-16,2016-05-09,6.65,08-31-2016,Commerzbank
Q4-16,2016-05-30,6.65,08-31-2016,Commerzbank
Q4-16,2016-07-01,6.65,08-31-2016,Commerzbank
Q4-16,2016-08-19,6.65,08-31-2016,Commerzbank
Q1-17,2016-03-04,6.9,08-31-2016,Commerzbank
Q1-17,2016-03-11,6.9,08-31-2016,Commerzbank
Q1-17,2016-04-08,6.8,08-31-2016,Commerzbank
Q1-17,2016-05-09,6.7,08-31-2016,Commerzbank
Q1-17,2016-05-30,6.7,08-31-2016,Commerzbank
Q1-17,2016-07-01,6.7,08-31-2016,Commerzbank
Q1-17,2016-08-19,6.7,08-31-2016,Commerzbank
Q2-17,2016-07-01,6.7,08-31-2016,Commerzbank
Q2-17,2016-08-19,6.7,08-31-2016,Commerzbank
2017,2015-12-07,6.8,08-31-2016,Commerzbank
2017,2016-01-22,6.8,08-31-2016,Commerzbank
2017,2016-02-02,6.8,08-31-2016,Commerzbank
2017,2016-02-05,6.8,08-31-2016,Commerzbank
2017,2016-03-04,6.8,08-31-2016,Commerzbank
2017,2016-03-11,6.8,08-31-2016,Commerzbank
2017,2016-04-08,6.8,08-31-2016,Commerzbank
2017,2016-05-09,6.7,08-31-2016,Commerzbank
2017,2016-05-30,6.7,08-31-2016,Commerzbank
2017,2016-07-01,6.7,08-31-2016,Commerzbank
2017,2016-08-19,6.7,08-31-2016,Commerzbank
Q4-20,2018-11-30,7.2,11-30-2020,Commerzbank
Q4-20,2019-01-22,7.2,11-30-2020,Commerzbank
Q4-20,2019-02-08,7.15,11-30-2020,Commerzbank
Q4-20,2019-03-08,7.15,11-30-2020,Commerzbank
Q4-20,2019-04-05,7.15,11-30-2020,Commerzbank
Q4-20,2019-05-10,7.15,11-30-2020,Commerzbank
Q4-20,2019-06-07,7.15,11-30-2020,Commerzbank
Q4-20,2019-07-05,7.15,11-30-2020,Commerzbank
Q4-20,2019-07-10,7.15,11-30-2020,Commerzbank
Q4-20,2019-08-13,7.35,11-30-2020,Commerzbank
Q4-20,2019-09-06,7.35,11-30-2020,Commerzbank
Q4-20,2019-09-09,7.35,11-30-2020,Commerzbank
Q4-20,2019-10-04,7.35,11-30-2020,Commerzbank
Q4-20,2019-11-08,7.23,11-30-2020,Commerzbank
Q4-20,2019-12-03,7.23,11-30-2020,Commerzbank
Q4-20,2020-01-10,7.23,11-30-2020,Commerzbank
Q4-20,2020-02-07,7.23,11-30-2020,Commerzbank
Q4-20,2020-02-24,7.23,11-30-2020,Commerzbank
Q4-20,2020-03-09,7.1,11-30-2020,Commerzbank
Q4-20,2020-03-20,7.1,11-30-2020,Commerzbank
Q4-20,2020-05-08,7.1,11-30-2020,Commerzbank
Q4-20,2020-06-09,7.1,11-30-2020,Commerzbank
Q4-20,2020-07-10,7.1,11-30-2020,Commerzbank
Q4-20,2020-08-07,7.0,11-30-2020,Commerzbank
Q4-20,2020-09-04,6.93,11-30-2020,Commerzbank
Q4-20,2020-10-09,6.93,11-30-2020,Commerzbank
Q4-20,2020-11-02,6.93,11-30-2020,Commerzbank
Q4-20,2020-11-06,6.7,11-30-2020,Commerzbank
Q4-20,2020-11-09,6.7,11-30-2020,Commerzbank
Q4-20,2020-11-27,6.7,11-30-2020,Commerzbank
Q1-21,2020-03-20,7.12,11-30-2020,Commerzbank
Q1-21,2020-05-08,7.12,11-30-2020,Commerzbank
Q1-21,2020-06-09,7.12,11-30-2020,Commerzbank
Q1-21,2020-07-10,7.12,11-30-2020,Commerzbank
Q1-21,2020-08-07,7.03,11-30-2020,Commerzbank
Q1-21,2020-09-04,6.96,11-30-2020,Commerzbank
Q1-21,2020-10-09,6.96,11-30-2020,Commerzbank
Q1-21,2020-11-02,6.96,11-30-2020,Commerzbank
Q1-21,2020-11-06,6.72,11-30-2020,Commerzbank
Q1-21,2020-11-09,6.72,11-30-2020,Commerzbank
Q1-21,2020-11-27,6.72,11-30-2020,Commerzbank
Q2-21,2020-06-09,7.15,11-30-2020,Commerzbank
Q2-21,2020-07-10,7.15,11-30-2020,Commerzbank
Q2-21,2020-08-07,7.07,11-30-2020,Commerzbank
Q2-21,2020-09-04,7.0,11-30-2020,Commerzbank
Q2-21,2020-10-09,7.0,11-30-2020,Commerzbank
Q2-21,2020-11-02,7.0,11-30-2020,Commerzbank
Q2-21,2020-11-06,6.75,11-30-2020,Commerzbank
Q2-21,2020-11-09,6.75,11-30-2020,Commerzbank
Q2-21,2020-11-27,6.75,11-30-2020,Commerzbank
Q3-21,2020-09-04,7.03,11-30-2020,Commerzbank
Q3-21,2020-10-09,7.03,11-30-2020,Commerzbank
Q3-21,2020-11-02,7.03,11-30-2020,Commerzbank
Q3-21,2020-11-06,6.79,11-30-2020,Commerzbank
Q3-21,2020-11-09,6.79,11-30-2020,Commerzbank
Q3-21,2020-11-27,6.79,11-30-2020,Commerzbank
2021,2019-02-08,7.2,11-30-2020,Commerzbank
2021,2019-09-09,7.2,11-30-2020,Commerzbank
2021,2020-03-20,7.2,11-30-2020,Commerzbank
2021,2020-05-08,7.2,11-30-2020,Commerzbank
2021,2020-06-09,7.2,11-30-2020,Commerzbank
2021,2020-07-10,7.2,11-30-2020,Commerzbank
2021,2020-08-07,7.12,11-30-2020,Commerzbank
2021,2020-09-04,7.05,11-30-2020,Commerzbank
2021,2020-10-09,7.05,11-30-2020,Commerzbank
2021,2020-11-02,7.05,11-30-2020,Commerzbank
2021,2020-11-06,6.83,11-30-2020,Commerzbank
2021,2020-11-09,6.83,11-30-2020,Commerzbank
2021,2020-11-27,6.83,11-30-2020,Commerzbank
Q1-07,2006-05-05,7.5167,02-28-2007,Commerzbank
Q1-07,2006-05-12,7.5167,02-28-2007,Commerzbank
Q1-07,2006-05-15,7.5167,02-28-2007,Commerzbank
Q1-07,2006-06-16,7.7166,02-28-2007,Commerzbank
Q1-07,2006-07-20,7.7166,02-28-2007,Commerzbank
Q1-07,2006-08-22,7.72,02-28-2007,Commerzbank
Q1-07,2006-12-19,7.82,02-28-2007,Commerzbank
Q1-07,2007-01-26,7.64,02-28-2007,Commerzbank
Q1-07,2007-02-13,7.72,02-28-2007,Commerzbank
Q2-07,2006-06-16,7.6333,02-28-2007,Commerzbank
Q2-07,2006-07-20,7.6333,02-28-2007,Commerzbank
Q2-07,2006-08-22,7.63,02-28-2007,Commerzbank
Q2-07,2006-12-19,7.73,02-28-2007,Commerzbank
Q2-07,2007-01-26,7.56,02-28-2007,Commerzbank
Q2-07,2007-02-13,7.64,02-28-2007,Commerzbank
Q3-07,2006-12-19,7.64,02-28-2007,Commerzbank
Q3-07,2007-01-26,7.45,02-28-2007,Commerzbank
Q3-07,2007-02-13,7.56,02-28-2007,Commerzbank
Q4-07,2006-05-05,7.6,02-28-2007,Commerzbank
Q4-07,2006-05-12,7.6,02-28-2007,Commerzbank
Q4-07,2006-05-15,7.6,02-28-2007,Commerzbank
Q4-07,2006-06-16,7.6,02-28-2007,Commerzbank
Q4-07,2006-07-20,7.6,02-28-2007,Commerzbank
Q4-07,2006-08-22,7.6,02-28-2007,Commerzbank
Q4-07,2006-12-19,7.56,02-28-2007,Commerzbank
Q4-07,2007-02-13,7.45,02-28-2007,Commerzbank
2008,2006-05-05,7.3,02-28-2007,Commerzbank
2008,2006-05-12,7.3,02-28-2007,Commerzbank
2008,2006-05-15,7.3,02-28-2007,Commerzbank
2008,2006-06-16,7.3,02-28-2007,Commerzbank
2008,2006-07-20,7.3,02-28-2007,Commerzbank
2008,2006-08-22,7.3,02-28-2007,Commerzbank
2009,2006-05-05,7.0,02-28-2007,Commerzbank
2009,2006-05-12,7.0,02-28-2007,Commerzbank
2009,2006-05-15,7.0,02-28-2007,Commerzbank
2009,2006-06-16,7.0,02-28-2007,Commerzbank
2009,2006-07-20,7.0,02-28-2007,Commerzbank
2009,2006-08-22,7.0,02-28-2007,Commerzbank
2010,2006-05-05,6.8,02-28-2007,Commerzbank
2010,2006-05-12,6.8,02-28-2007,Commerzbank
2010,2006-05-15,6.8,02-28-2007,Commerzbank
2010,2006-06-16,6.8,02-28-2007,Commerzbank
2010,2006-07-20,6.8,02-28-2007,Commerzbank
2010,2006-08-22,6.8,02-28-2007,Commerzbank
2011,2006-05-05,6.7,02-28-2007,Commerzbank
2011,2006-05-12,6.7,02-28-2007,Commerzbank
2011,2006-05-15,6.7,02-28-2007,Commerzbank
2011,2006-06-16,6.7,02-28-2007,Commerzbank
2011,2006-07-20,6.7,02-28-2007,Commerzbank
2011,2006-08-22,6.7,02-28-2007,Commerzbank
Q4-21,2020-03-20,7.2,11-30-2021,Commerzbank
Q4-21,2020-05-08,7.2,11-30-2021,Commerzbank
Q4-21,2020-06-09,7.2,11-30-2021,Commerzbank
Q4-21,2020-07-10,7.2,11-30-2021,Commerzbank
Q4-21,2020-08-07,7.12,11-30-2021,Commerzbank
Q4-21,2020-09-04,7.05,11-30-2021,Commerzbank
Q4-21,2020-10-09,7.05,11-30-2021,Commerzbank
Q4-21,2020-11-02,7.05,11-30-2021,Commerzbank
Q4-21,2020-11-06,6.83,11-30-2021,Commerzbank
Q4-21,2020-11-09,6.83,11-30-2021,Commerzbank
Q4-21,2020-11-27,6.83,11-30-2021,Commerzbank
Q4-21,2021-01-15,6.83,11-30-2021,Commerzbank
Q4-21,2021-02-15,6.83,11-30-2021,Commerzbank
Q4-21,2021-03-05,6.83,11-30-2021,Commerzbank
Q4-21,2021-04-16,6.83,11-30-2021,Commerzbank
Q4-21,2021-05-07,6.83,11-30-2021,Commerzbank
Q4-21,2021-06-04,6.6,11-30-2021,Commerzbank
Q4-21,2021-08-06,6.6,11-30-2021,Commerzbank
Q4-21,2021-09-03,6.6,11-30-2021,Commerzbank
Q4-21,2021-10-08,6.6,11-30-2021,Commerzbank
Q4-21,2021-11-30,6.5,11-30-2021,Commerzbank
Q1-22,2021-03-05,6.85,11-30-2021,Commerzbank
Q1-22,2021-04-16,6.85,11-30-2021,Commerzbank
Q1-22,2021-05-07,6.85,11-30-2021,Commerzbank
Q1-22,2021-06-04,6.62,11-30-2021,Commerzbank
Q1-22,2021-08-06,6.62,11-30-2021,Commerzbank
Q1-22,2021-09-03,6.62,11-30-2021,Commerzbank
Q1-22,2021-10-08,6.62,11-30-2021,Commerzbank
Q1-22,2021-11-30,6.55,11-30-2021,Commerzbank
Q2-22,2021-06-04,6.65,11-30-2021,Commerzbank
Q2-22,2021-08-06,6.65,11-30-2021,Commerzbank
Q2-22,2021-09-03,6.65,11-30-2021,Commerzbank
Q2-22,2021-10-08,6.65,11-30-2021,Commerzbank
Q2-22,2021-11-30,6.6,11-30-2021,Commerzbank
Q3-22,2021-09-03,6.68,11-30-2021,Commerzbank
Q3-22,2021-10-08,6.68,11-30-2021,Commerzbank
Q3-22,2021-11-30,6.65,11-30-2021,Commerzbank
2022,2021-01-15,6.93,11-30-2021,Commerzbank
2022,2021-02-15,6.93,11-30-2021,Commerzbank
2022,2021-03-05,6.93,11-30-2021,Commerzbank
2022,2021-04-16,6.93,11-30-2021,Commerzbank
2022,2021-05-07,6.93,11-30-2021,Commerzbank
2022,2021-06-04,6.7,11-30-2021,Commerzbank
2022,2021-08-06,6.7,11-30-2021,Commerzbank
2022,2021-09-03,6.7,11-30-2021,Commerzbank
2022,2021-10-08,6.7,11-30-2021,Commerzbank
2022,2021-11-30,6.7,11-30-2021,Commerzbank
2023,2021-06-04,6.8,11-30-2021,Commerzbank
2023,2021-11-30,6.8,11-30-2021,Commerzbank
Q3-17,2016-09-23,6.7,08-31-2017,Commerzbank
Q3-17,2016-10-28,6.7,08-31-2017,Commerzbank
Q3-17,2016-11-18,7.1,08-31-2017,Commerzbank
Q3-17,2016-12-22,7.1,08-31-2017,Commerzbank
Q3-17,2017-02-03,7.1,08-31-2017,Commerzbank
Q3-17,2017-03-20,7.1,08-31-2017,Commerzbank
Q3-17,2017-04-07,7.0,08-31-2017,Commerzbank
Q3-17,2017-05-22,7.0,08-31-2017,Commerzbank
Q3-17,2017-06-02,7.0,08-31-2017,Commerzbank
Q3-17,2017-07-07,7.0,08-31-2017,Commerzbank
Q3-17,2017-07-14,7.0,08-31-2017,Commerzbank
Q3-17,2017-08-04,6.68,08-31-2017,Commerzbank
Q4-17,2015-12-07,6.8,08-31-2017,Commerzbank
Q4-17,2016-01-22,6.8,08-31-2017,Commerzbank
Q4-17,2016-02-02,6.8,08-31-2017,Commerzbank
Q4-17,2016-02-05,6.8,08-31-2017,Commerzbank
Q4-17,2016-03-04,6.8,08-31-2017,Commerzbank
Q4-17,2016-03-11,6.8,08-31-2017,Commerzbank
Q4-17,2016-04-08,6.8,08-31-2017,Commerzbank
Q4-17,2016-05-09,6.7,08-31-2017,Commerzbank
Q4-17,2016-05-30,6.7,08-31-2017,Commerzbank
Q4-17,2016-07-01,6.7,08-31-2017,Commerzbank
Q4-17,2016-08-19,6.7,08-31-2017,Commerzbank
Q4-17,2016-09-23,6.7,08-31-2017,Commerzbank
Q4-17,2016-10-28,6.7,08-31-2017,Commerzbank
Q4-17,2016-11-18,7.15,08-31-2017,Commerzbank
Q4-17,2016-12-22,7.15,08-31-2017,Commerzbank
Q4-17,2017-02-03,7.15,08-31-2017,Commerzbank
Q4-17,2017-03-20,7.15,08-31-2017,Commerzbank
Q4-17,2017-04-07,7.1,08-31-2017,Commerzbank
Q4-17,2017-05-22,7.1,08-31-2017,Commerzbank
Q4-17,2017-06-02,7.1,08-31-2017,Commerzbank
Q4-17,2017-07-07,7.0,08-31-2017,Commerzbank
Q4-17,2017-07-14,7.0,08-31-2017,Commerzbank
Q4-17,2017-08-04,6.76,08-31-2017,Commerzbank
Q1-18,2017-03-20,7.2,08-31-2017,Commerzbank
Q1-18,2017-04-07,7.15,08-31-2017,Commerzbank
Q1-18,2017-05-22,7.15,08-31-2017,Commerzbank
Q1-18,2017-06-02,7.15,08-31-2017,Commerzbank
Q1-18,2017-07-07,7.15,08-31-2017,Commerzbank
Q1-18,2017-07-14,7.15,08-31-2017,Commerzbank
Q1-18,2017-08-04,6.83,08-31-2017,Commerzbank
Q2-18,2017-06-02,7.2,08-31-2017,Commerzbank
Q2-18,2017-07-07,7.2,08-31-2017,Commerzbank
Q2-18,2017-07-14,7.2,08-31-2017,Commerzbank
Q2-18,2017-08-04,6.84,08-31-2017,Commerzbank
2018,2016-12-22,7.4,08-31-2017,Commerzbank
2018,2017-02-03,7.4,08-31-2017,Commerzbank
2018,2017-03-20,7.4,08-31-2017,Commerzbank
2018,2017-04-07,7.25,08-31-2017,Commerzbank
2018,2017-05-22,7.25,08-31-2017,Commerzbank
2018,2017-06-02,7.25,08-31-2017,Commerzbank
2018,2017-07-07,7.25,08-31-2017,Commerzbank
2018,2017-07-14,7.25,08-31-2017,Commerzbank
2018,2017-08-04,6.8,08-31-2017,Commerzbank
Q1-10,2009-06-15,6.84,02-28-2010,Commerzbank
Q1-10,2010-02-15,6.83,02-28-2010,Commerzbank
Q2-10,2009-06-15,6.84,02-28-2010,Commerzbank
Q2-10,2010-02-15,6.83,02-28-2010,Commerzbank
Q3-10,2010-02-15,6.83,02-28-2010,Commerzbank
Q4-10,2010-02-15,6.83,02-28-2010,Commerzbank
2011,2010-02-15,6.83,02-28-2010,Commerzbank
2012,2010-02-15,6.83,02-28-2010,Commerzbank
Q4-17,2015-12-07,6.8,11-30-2017,Commerzbank
Q4-17,2016-01-22,6.8,11-30-2017,Commerzbank
Q4-17,2016-02-02,6.8,11-30-2017,Commerzbank
Q4-17,2016-02-05,6.8,11-30-2017,Commerzbank
Q4-17,2016-03-04,6.8,11-30-2017,Commerzbank
Q4-17,2016-03-11,6.8,11-30-2017,Commerzbank
Q4-17,2016-04-08,6.8,11-30-2017,Commerzbank
Q4-17,2016-05-09,6.7,11-30-2017,Commerzbank
Q4-17,2016-05-30,6.7,11-30-2017,Commerzbank
Q4-17,2016-07-01,6.7,11-30-2017,Commerzbank
Q4-17,2016-08-19,6.7,11-30-2017,Commerzbank
Q4-17,2016-09-23,6.7,11-30-2017,Commerzbank
Q4-17,2016-10-28,6.7,11-30-2017,Commerzbank
Q4-17,2016-11-18,7.15,11-30-2017,Commerzbank
Q4-17,2016-12-22,7.15,11-30-2017,Commerzbank
Q4-17,2017-02-03,7.15,11-30-2017,Commerzbank
Q4-17,2017-03-20,7.15,11-30-2017,Commerzbank
Q4-17,2017-04-07,7.1,11-30-2017,Commerzbank
Q4-17,2017-05-22,7.1,11-30-2017,Commerzbank
Q4-17,2017-06-02,7.1,11-30-2017,Commerzbank
Q4-17,2017-07-07,7.0,11-30-2017,Commerzbank
Q4-17,2017-07-14,7.0,11-30-2017,Commerzbank
Q4-17,2017-08-04,6.76,11-30-2017,Commerzbank
Q4-17,2017-09-25,6.76,11-30-2017,Commerzbank
Q4-17,2017-11-03,6.76,11-30-2017,Commerzbank
Q1-18,2017-03-20,7.2,11-30-2017,Commerzbank
Q1-18,2017-04-07,7.15,11-30-2017,Commerzbank
Q1-18,2017-05-22,7.15,11-30-2017,Commerzbank
Q1-18,2017-06-02,7.15,11-30-2017,Commerzbank
Q1-18,2017-07-07,7.15,11-30-2017,Commerzbank
Q1-18,2017-07-14,7.15,11-30-2017,Commerzbank
Q1-18,2017-08-04,6.83,11-30-2017,Commerzbank
Q1-18,2017-09-25,6.83,11-30-2017,Commerzbank
Q1-18,2017-11-03,6.83,11-30-2017,Commerzbank
Q2-18,2017-06-02,7.2,11-30-2017,Commerzbank
Q2-18,2017-07-07,7.2,11-30-2017,Commerzbank
Q2-18,2017-07-14,7.2,11-30-2017,Commerzbank
Q2-18,2017-08-04,6.84,11-30-2017,Commerzbank
Q2-18,2017-09-25,6.84,11-30-2017,Commerzbank
Q2-18,2017-11-03,6.84,11-30-2017,Commerzbank
Q3-18,2017-07-14,7.25,11-30-2017,Commerzbank
Q3-18,2017-09-25,6.83,11-30-2017,Commerzbank
Q3-18,2017-11-03,6.83,11-30-2017,Commerzbank
2018,2016-12-22,7.4,11-30-2017,Commerzbank
2018,2017-02-03,7.4,11-30-2017,Commerzbank
2018,2017-03-20,7.4,11-30-2017,Commerzbank
2018,2017-04-07,7.25,11-30-2017,Commerzbank
2018,2017-05-22,7.25,11-30-2017,Commerzbank
2018,2017-06-02,7.25,11-30-2017,Commerzbank
2018,2017-07-07,7.25,11-30-2017,Commerzbank
2018,2017-07-14,7.25,11-30-2017,Commerzbank
2018,2017-08-04,6.8,11-30-2017,Commerzbank
2018,2017-09-25,6.8,11-30-2017,Commerzbank
2018,2017-11-03,6.8,11-30-2017,Commerzbank
Q3-21,2020-09-04,7.03,08-31-2021,Commerzbank
Q3-21,2020-10-09,7.03,08-31-2021,Commerzbank
Q3-21,2020-11-02,7.03,08-31-2021,Commerzbank
Q3-21,2020-11-06,6.79,08-31-2021,Commerzbank
Q3-21,2020-11-09,6.79,08-31-2021,Commerzbank
Q3-21,2020-11-27,6.79,08-31-2021,Commerzbank
Q3-21,2021-01-15,6.79,08-31-2021,Commerzbank
Q3-21,2021-02-15,6.79,08-31-2021,Commerzbank
Q3-21,2021-03-05,6.79,08-31-2021,Commerzbank
Q3-21,2021-04-16,6.79,08-31-2021,Commerzbank
Q3-21,2021-05-07,6.79,08-31-2021,Commerzbank
Q3-21,2021-06-04,6.5,08-31-2021,Commerzbank
Q3-21,2021-08-06,6.5,08-31-2021,Commerzbank
Q4-21,2019-09-09,7.2,08-31-2021,Commerzbank
Q4-21,2020-03-20,7.2,08-31-2021,Commerzbank
Q4-21,2020-05-08,7.2,08-31-2021,Commerzbank
Q4-21,2020-06-09,7.2,08-31-2021,Commerzbank
Q4-21,2020-07-10,7.2,08-31-2021,Commerzbank
Q4-21,2020-08-07,7.12,08-31-2021,Commerzbank
Q4-21,2020-09-04,7.05,08-31-2021,Commerzbank
Q4-21,2020-10-09,7.05,08-31-2021,Commerzbank
Q4-21,2020-11-02,7.05,08-31-2021,Commerzbank
Q4-21,2020-11-06,6.83,08-31-2021,Commerzbank
Q4-21,2020-11-09,6.83,08-31-2021,Commerzbank
Q4-21,2020-11-27,6.83,08-31-2021,Commerzbank
Q4-21,2021-01-15,6.83,08-31-2021,Commerzbank
Q4-21,2021-02-15,6.83,08-31-2021,Commerzbank
Q4-21,2021-03-05,6.83,08-31-2021,Commerzbank
Q4-21,2021-04-16,6.83,08-31-2021,Commerzbank
Q4-21,2021-05-07,6.83,08-31-2021,Commerzbank
Q4-21,2021-06-04,6.6,08-31-2021,Commerzbank
Q4-21,2021-08-06,6.6,08-31-2021,Commerzbank
Q1-22,2021-03-05,6.85,08-31-2021,Commerzbank
Q1-22,2021-04-16,6.85,08-31-2021,Commerzbank
Q1-22,2021-05-07,6.85,08-31-2021,Commerzbank
Q1-22,2021-06-04,6.62,08-31-2021,Commerzbank
Q1-22,2021-08-06,6.62,08-31-2021,Commerzbank
Q2-22,2021-06-04,6.65,08-31-2021,Commerzbank
Q2-22,2021-08-06,6.65,08-31-2021,Commerzbank
2022,2019-09-09,6.93,08-31-2021,Commerzbank
2022,2021-01-15,6.93,08-31-2021,Commerzbank
2022,2021-02-15,6.93,08-31-2021,Commerzbank
2022,2021-03-05,6.93,08-31-2021,Commerzbank
2022,2021-04-16,6.93,08-31-2021,Commerzbank
2022,2021-05-07,6.93,08-31-2021,Commerzbank
2022,2021-06-04,6.7,08-31-2021,Commerzbank
2022,2021-08-06,6.7,08-31-2021,Commerzbank
Q2-10,2009-06-15,6.84,05-31-2010,Commerzbank
Q2-10,2010-02-15,6.83,05-31-2010,Commerzbank
Q2-10,2010-03-15,6.83,05-31-2010,Commerzbank
Q2-10,2010-04-14,6.8,05-31-2010,Commerzbank
Q3-10,2010-02-15,6.83,05-31-2010,Commerzbank
Q3-10,2010-03-15,6.83,05-31-2010,Commerzbank
Q3-10,2010-04-14,6.75,05-31-2010,Commerzbank
Q4-10,2010-02-15,6.83,05-31-2010,Commerzbank
Q4-10,2010-03-15,6.83,05-31-2010,Commerzbank
Q4-10,2010-04-14,6.7,05-31-2010,Commerzbank
Q1-11,2010-03-15,6.83,05-31-2010,Commerzbank
Q1-11,2010-04-14,6.65,05-31-2010,Commerzbank
2011,2010-02-15,6.83,05-31-2010,Commerzbank
2012,2010-02-15,6.83,05-31-2010,Commerzbank
Q1-17,2016-03-04,6.9,02-28-2017,Commerzbank
Q1-17,2016-03-11,6.9,02-28-2017,Commerzbank
Q1-17,2016-04-08,6.8,02-28-2017,Commerzbank
Q1-17,2016-05-09,6.7,02-28-2017,Commerzbank
Q1-17,2016-05-30,6.7,02-28-2017,Commerzbank
Q1-17,2016-07-01,6.7,02-28-2017,Commerzbank
Q1-17,2016-08-19,6.7,02-28-2017,Commerzbank
Q1-17,2016-09-23,6.7,02-28-2017,Commerzbank
Q1-17,2016-10-28,6.7,02-28-2017,Commerzbank
Q1-17,2016-11-18,6.95,02-28-2017,Commerzbank
Q1-17,2016-12-22,6.95,02-28-2017,Commerzbank
Q1-17,2017-02-03,6.95,02-28-2017,Commerzbank
Q2-17,2016-07-01,6.7,02-28-2017,Commerzbank
Q2-17,2016-08-19,6.7,02-28-2017,Commerzbank
Q2-17,2016-09-23,6.7,02-28-2017,Commerzbank
Q2-17,2016-10-28,6.7,02-28-2017,Commerzbank
Q2-17,2016-11-18,7.05,02-28-2017,Commerzbank
Q2-17,2016-12-22,7.05,02-28-2017,Commerzbank
Q2-17,2017-02-03,7.05,02-28-2017,Commerzbank
Q3-17,2016-09-23,6.7,02-28-2017,Commerzbank
Q3-17,2016-10-28,6.7,02-28-2017,Commerzbank
Q3-17,2016-11-18,7.1,02-28-2017,Commerzbank
Q3-17,2016-12-22,7.1,02-28-2017,Commerzbank
Q3-17,2017-02-03,7.1,02-28-2017,Commerzbank
Q4-17,2015-12-07,6.8,02-28-2017,Commerzbank
Q4-17,2016-01-22,6.8,02-28-2017,Commerzbank
Q4-17,2016-02-02,6.8,02-28-2017,Commerzbank
Q4-17,2016-02-05,6.8,02-28-2017,Commerzbank
Q4-17,2016-03-04,6.8,02-28-2017,Commerzbank
Q4-17,2016-03-11,6.8,02-28-2017,Commerzbank
Q4-17,2016-04-08,6.8,02-28-2017,Commerzbank
Q4-17,2016-05-09,6.7,02-28-2017,Commerzbank
Q4-17,2016-05-30,6.7,02-28-2017,Commerzbank
Q4-17,2016-07-01,6.7,02-28-2017,Commerzbank
Q4-17,2016-08-19,6.7,02-28-2017,Commerzbank
Q4-17,2016-09-23,6.7,02-28-2017,Commerzbank
Q4-17,2016-10-28,6.7,02-28-2017,Commerzbank
Q4-17,2016-11-18,7.15,02-28-2017,Commerzbank
Q4-17,2016-12-22,7.15,02-28-2017,Commerzbank
Q4-17,2017-02-03,7.15,02-28-2017,Commerzbank
2018,2016-12-22,7.4,02-28-2017,Commerzbank
2018,2017-02-03,7.4,02-28-2017,Commerzbank
Q3-10,2010-02-15,6.83,08-31-2010,Commerzbank
Q3-10,2010-03-15,6.83,08-31-2010,Commerzbank
Q3-10,2010-04-14,6.75,08-31-2010,Commerzbank
Q3-10,2010-06-16,6.7,08-31-2010,Commerzbank
Q3-10,2010-07-12,6.75,08-31-2010,Commerzbank
Q4-10,2010-02-15,6.83,08-31-2010,Commerzbank
Q4-10,2010-03-15,6.83,08-31-2010,Commerzbank
Q4-10,2010-04-14,6.7,08-31-2010,Commerzbank
Q4-10,2010-06-16,6.65,08-31-2010,Commerzbank
Q4-10,2010-07-12,6.7,08-31-2010,Commerzbank
Q1-11,2010-03-15,6.83,08-31-2010,Commerzbank
Q1-11,2010-04-14,6.65,08-31-2010,Commerzbank
Q1-11,2010-06-16,6.6,08-31-2010,Commerzbank
Q1-11,2010-07-12,6.65,08-31-2010,Commerzbank
Q2-11,2010-03-15,6.83,08-31-2010,Commerzbank
Q2-11,2010-04-14,6.6,08-31-2010,Commerzbank
Q2-11,2010-06-16,6.55,08-31-2010,Commerzbank
Q2-11,2010-07-12,6.6,08-31-2010,Commerzbank
2011,2010-02-15,6.83,08-31-2010,Commerzbank
2012,2010-02-15,6.83,08-31-2010,Commerzbank
Q3-06,2006-05-05,7.7833,08-31-2006,Commerzbank
Q3-06,2006-05-12,7.7833,08-31-2006,Commerzbank
Q3-06,2006-05-15,7.7833,08-31-2006,Commerzbank
Q3-06,2006-06-16,7.9525,08-31-2006,Commerzbank
Q3-06,2006-07-20,7.9525,08-31-2006,Commerzbank
Q3-06,2006-08-22,7.95,08-31-2006,Commerzbank
Q4-06,2006-05-05,7.6167,08-31-2006,Commerzbank
Q4-06,2006-05-12,7.6167,08-31-2006,Commerzbank
Q4-06,2006-05-15,7.6167,08-31-2006,Commerzbank
Q4-06,2006-06-16,7.8166,08-31-2006,Commerzbank
Q4-06,2006-07-20,7.8166,08-31-2006,Commerzbank
Q4-06,2006-08-22,7.82,08-31-2006,Commerzbank
Q1-07,2006-05-05,7.5167,08-31-2006,Commerzbank
Q1-07,2006-05-12,7.5167,08-31-2006,Commerzbank
Q1-07,2006-05-15,7.5167,08-31-2006,Commerzbank
Q1-07,2006-06-16,7.7166,08-31-2006,Commerzbank
Q1-07,2006-07-20,7.7166,08-31-2006,Commerzbank
Q1-07,2006-08-22,7.72,08-31-2006,Commerzbank
Q2-07,2006-06-16,7.6333,08-31-2006,Commerzbank
Q2-07,2006-07-20,7.6333,08-31-2006,Commerzbank
Q2-07,2006-08-22,7.63,08-31-2006,Commerzbank
2007,2006-05-05,7.6,08-31-2006,Commerzbank
2007,2006-05-12,7.6,08-31-2006,Commerzbank
2007,2006-05-15,7.6,08-31-2006,Commerzbank
2007,2006-06-16,7.6,08-31-2006,Commerzbank
2007,2006-07-20,7.6,08-31-2006,Commerzbank
2007,2006-08-22,7.6,08-31-2006,Commerzbank
2008,2006-05-05,7.3,08-31-2006,Commerzbank
2008,2006-05-12,7.3,08-31-2006,Commerzbank
2008,2006-05-15,7.3,08-31-2006,Commerzbank
2008,2006-06-16,7.3,08-31-2006,Commerzbank
2008,2006-07-20,7.3,08-31-2006,Commerzbank
2008,2006-08-22,7.3,08-31-2006,Commerzbank
2009,2006-05-05,7.0,08-31-2006,Commerzbank
2009,2006-05-12,7.0,08-31-2006,Commerzbank
2009,2006-05-15,7.0,08-31-2006,Commerzbank
2009,2006-06-16,7.0,08-31-2006,Commerzbank
2009,2006-07-20,7.0,08-31-2006,Commerzbank
2009,2006-08-22,7.0,08-31-2006,Commerzbank
2010,2006-05-05,6.8,08-31-2006,Commerzbank
2010,2006-05-12,6.8,08-31-2006,Commerzbank
2010,2006-05-15,6.8,08-31-2006,Commerzbank
2010,2006-06-16,6.8,08-31-2006,Commerzbank
2010,2006-07-20,6.8,08-31-2006,Commerzbank
2010,2006-08-22,6.8,08-31-2006,Commerzbank
Q2-21,2020-06-09,7.15,05-31-2021,Commerzbank
Q2-21,2020-07-10,7.15,05-31-2021,Commerzbank
Q2-21,2020-08-07,7.07,05-31-2021,Commerzbank
Q2-21,2020-09-04,7.0,05-31-2021,Commerzbank
Q2-21,2020-10-09,7.0,05-31-2021,Commerzbank
Q2-21,2020-11-02,7.0,05-31-2021,Commerzbank
Q2-21,2020-11-06,6.75,05-31-2021,Commerzbank
Q2-21,2020-11-09,6.75,05-31-2021,Commerzbank
Q2-21,2020-11-27,6.75,05-31-2021,Commerzbank
Q2-21,2021-01-15,6.6,05-31-2021,Commerzbank
Q2-21,2021-02-15,6.6,05-31-2021,Commerzbank
Q2-21,2021-03-05,6.6,05-31-2021,Commerzbank
Q2-21,2021-04-16,6.6,05-31-2021,Commerzbank
Q2-21,2021-05-07,6.6,05-31-2021,Commerzbank
Q3-21,2020-09-04,7.03,05-31-2021,Commerzbank
Q3-21,2020-10-09,7.03,05-31-2021,Commerzbank
Q3-21,2020-11-02,7.03,05-31-2021,Commerzbank
Q3-21,2020-11-06,6.79,05-31-2021,Commerzbank
Q3-21,2020-11-09,6.79,05-31-2021,Commerzbank
Q3-21,2020-11-27,6.79,05-31-2021,Commerzbank
Q3-21,2021-01-15,6.79,05-31-2021,Commerzbank
Q3-21,2021-02-15,6.79,05-31-2021,Commerzbank
Q3-21,2021-03-05,6.79,05-31-2021,Commerzbank
Q3-21,2021-04-16,6.79,05-31-2021,Commerzbank
Q3-21,2021-05-07,6.79,05-31-2021,Commerzbank
Q4-21,2019-09-09,7.2,05-31-2021,Commerzbank
Q4-21,2020-03-20,7.2,05-31-2021,Commerzbank
Q4-21,2020-05-08,7.2,05-31-2021,Commerzbank
Q4-21,2020-06-09,7.2,05-31-2021,Commerzbank
Q4-21,2020-07-10,7.2,05-31-2021,Commerzbank
Q4-21,2020-08-07,7.12,05-31-2021,Commerzbank
Q4-21,2020-09-04,7.05,05-31-2021,Commerzbank
Q4-21,2020-10-09,7.05,05-31-2021,Commerzbank
Q4-21,2020-11-02,7.05,05-31-2021,Commerzbank
Q4-21,2020-11-06,6.83,05-31-2021,Commerzbank
Q4-21,2020-11-09,6.83,05-31-2021,Commerzbank
Q4-21,2020-11-27,6.83,05-31-2021,Commerzbank
Q4-21,2021-01-15,6.83,05-31-2021,Commerzbank
Q4-21,2021-02-15,6.83,05-31-2021,Commerzbank
Q4-21,2021-03-05,6.83,05-31-2021,Commerzbank
Q4-21,2021-04-16,6.83,05-31-2021,Commerzbank
Q4-21,2021-05-07,6.83,05-31-2021,Commerzbank
Q1-22,2021-03-05,6.85,05-31-2021,Commerzbank
Q1-22,2021-04-16,6.85,05-31-2021,Commerzbank
Q1-22,2021-05-07,6.85,05-31-2021,Commerzbank
2022,2019-09-09,6.93,05-31-2021,Commerzbank
2022,2021-01-15,6.93,05-31-2021,Commerzbank
2022,2021-02-15,6.93,05-31-2021,Commerzbank
2022,2021-03-05,6.93,05-31-2021,Commerzbank
2022,2021-04-16,6.93,05-31-2021,Commerzbank
2022,2021-05-07,6.93,05-31-2021,Commerzbank
Q2-17,2016-07-01,6.7,05-31-2017,Commerzbank
Q2-17,2016-08-19,6.7,05-31-2017,Commerzbank
Q2-17,2016-09-23,6.7,05-31-2017,Commerzbank
Q2-17,2016-10-28,6.7,05-31-2017,Commerzbank
Q2-17,2016-11-18,7.05,05-31-2017,Commerzbank
Q2-17,2016-12-22,7.05,05-31-2017,Commerzbank
Q2-17,2017-02-03,7.05,05-31-2017,Commerzbank
Q2-17,2017-03-20,7.05,05-31-2017,Commerzbank
Q2-17,2017-04-07,6.95,05-31-2017,Commerzbank
Q2-17,2017-05-22,6.95,05-31-2017,Commerzbank
Q3-17,2016-09-23,6.7,05-31-2017,Commerzbank
Q3-17,2016-10-28,6.7,05-31-2017,Commerzbank
Q3-17,2016-11-18,7.1,05-31-2017,Commerzbank
Q3-17,2016-12-22,7.1,05-31-2017,Commerzbank
Q3-17,2017-02-03,7.1,05-31-2017,Commerzbank
Q3-17,2017-03-20,7.1,05-31-2017,Commerzbank
Q3-17,2017-04-07,7.0,05-31-2017,Commerzbank
Q3-17,2017-05-22,7.0,05-31-2017,Commerzbank
Q4-17,2015-12-07,6.8,05-31-2017,Commerzbank
Q4-17,2016-01-22,6.8,05-31-2017,Commerzbank
Q4-17,2016-02-02,6.8,05-31-2017,Commerzbank
Q4-17,2016-02-05,6.8,05-31-2017,Commerzbank
Q4-17,2016-03-04,6.8,05-31-2017,Commerzbank
Q4-17,2016-03-11,6.8,05-31-2017,Commerzbank
Q4-17,2016-04-08,6.8,05-31-2017,Commerzbank
Q4-17,2016-05-09,6.7,05-31-2017,Commerzbank
Q4-17,2016-05-30,6.7,05-31-2017,Commerzbank
Q4-17,2016-07-01,6.7,05-31-2017,Commerzbank
Q4-17,2016-08-19,6.7,05-31-2017,Commerzbank
Q4-17,2016-09-23,6.7,05-31-2017,Commerzbank
Q4-17,2016-10-28,6.7,05-31-2017,Commerzbank
Q4-17,2016-11-18,7.15,05-31-2017,Commerzbank
Q4-17,2016-12-22,7.15,05-31-2017,Commerzbank
Q4-17,2017-02-03,7.15,05-31-2017,Commerzbank
Q4-17,2017-03-20,7.15,05-31-2017,Commerzbank
Q4-17,2017-04-07,7.1,05-31-2017,Commerzbank
Q4-17,2017-05-22,7.1,05-31-2017,Commerzbank
Q1-18,2017-03-20,7.2,05-31-2017,Commerzbank
Q1-18,2017-04-07,7.15,05-31-2017,Commerzbank
Q1-18,2017-05-22,7.15,05-31-2017,Commerzbank
2018,2016-12-22,7.4,05-31-2017,Commerzbank
2018,2017-02-03,7.4,05-31-2017,Commerzbank
2018,2017-03-20,7.4,05-31-2017,Commerzbank
2018,2017-04-07,7.25,05-31-2017,Commerzbank
2018,2017-05-22,7.25,05-31-2017,Commerzbank
Q4-06,2006-05-05,7.6167,11-30-2006,Commerzbank
Q4-06,2006-05-12,7.6167,11-30-2006,Commerzbank
Q4-06,2006-05-15,7.6167,11-30-2006,Commerzbank
Q4-06,2006-06-16,7.8166,11-30-2006,Commerzbank
Q4-06,2006-07-20,7.8166,11-30-2006,Commerzbank
Q4-06,2006-08-22,7.82,11-30-2006,Commerzbank
Q1-07,2006-05-05,7.5167,11-30-2006,Commerzbank
Q1-07,2006-05-12,7.5167,11-30-2006,Commerzbank
Q1-07,2006-05-15,7.5167,11-30-2006,Commerzbank
Q1-07,2006-06-16,7.7166,11-30-2006,Commerzbank
Q1-07,2006-07-20,7.7166,11-30-2006,Commerzbank
Q1-07,2006-08-22,7.72,11-30-2006,Commerzbank
Q2-07,2006-06-16,7.6333,11-30-2006,Commerzbank
Q2-07,2006-07-20,7.6333,11-30-2006,Commerzbank
Q2-07,2006-08-22,7.63,11-30-2006,Commerzbank
2007,2006-05-05,7.6,11-30-2006,Commerzbank
2007,2006-05-12,7.6,11-30-2006,Commerzbank
2007,2006-05-15,7.6,11-30-2006,Commerzbank
2007,2006-06-16,7.6,11-30-2006,Commerzbank
2007,2006-07-20,7.6,11-30-2006,Commerzbank
2007,2006-08-22,7.6,11-30-2006,Commerzbank
2008,2006-05-05,7.3,11-30-2006,Commerzbank
2008,2006-05-12,7.3,11-30-2006,Commerzbank
2008,2006-05-15,7.3,11-30-2006,Commerzbank
2008,2006-06-16,7.3,11-30-2006,Commerzbank
2008,2006-07-20,7.3,11-30-2006,Commerzbank
2008,2006-08-22,7.3,11-30-2006,Commerzbank
2009,2006-05-05,7.0,11-30-2006,Commerzbank
2009,2006-05-12,7.0,11-30-2006,Commerzbank
2009,2006-05-15,7.0,11-30-2006,Commerzbank
2009,2006-06-16,7.0,11-30-2006,Commerzbank
2009,2006-07-20,7.0,11-30-2006,Commerzbank
2009,2006-08-22,7.0,11-30-2006,Commerzbank
2010,2006-05-05,6.8,11-30-2006,Commerzbank
2010,2006-05-12,6.8,11-30-2006,Commerzbank
2010,2006-05-15,6.8,11-30-2006,Commerzbank
2010,2006-06-16,6.8,11-30-2006,Commerzbank
2010,2006-07-20,6.8,11-30-2006,Commerzbank
2010,2006-08-22,6.8,11-30-2006,Commerzbank
Q1-21,2020-03-20,7.12,02-28-2021,Commerzbank
Q1-21,2020-05-08,7.12,02-28-2021,Commerzbank
Q1-21,2020-06-09,7.12,02-28-2021,Commerzbank
Q1-21,2020-07-10,7.12,02-28-2021,Commerzbank
Q1-21,2020-08-07,7.03,02-28-2021,Commerzbank
Q1-21,2020-09-04,6.96,02-28-2021,Commerzbank
Q1-21,2020-10-09,6.96,02-28-2021,Commerzbank
Q1-21,2020-11-02,6.96,02-28-2021,Commerzbank
Q1-21,2020-11-06,6.72,02-28-2021,Commerzbank
Q1-21,2020-11-09,6.72,02-28-2021,Commerzbank
Q1-21,2020-11-27,6.72,02-28-2021,Commerzbank
Q1-21,2021-01-15,6.5,02-28-2021,Commerzbank
Q1-21,2021-02-15,6.5,02-28-2021,Commerzbank
Q2-21,2020-06-09,7.15,02-28-2021,Commerzbank
Q2-21,2020-07-10,7.15,02-28-2021,Commerzbank
Q2-21,2020-08-07,7.07,02-28-2021,Commerzbank
Q2-21,2020-09-04,7.0,02-28-2021,Commerzbank
Q2-21,2020-10-09,7.0,02-28-2021,Commerzbank
Q2-21,2020-11-02,7.0,02-28-2021,Commerzbank
Q2-21,2020-11-06,6.75,02-28-2021,Commerzbank
Q2-21,2020-11-09,6.75,02-28-2021,Commerzbank
Q2-21,2020-11-27,6.75,02-28-2021,Commerzbank
Q2-21,2021-01-15,6.6,02-28-2021,Commerzbank
Q2-21,2021-02-15,6.6,02-28-2021,Commerzbank
Q3-21,2020-09-04,7.03,02-28-2021,Commerzbank
Q3-21,2020-10-09,7.03,02-28-2021,Commerzbank
Q3-21,2020-11-02,7.03,02-28-2021,Commerzbank
Q3-21,2020-11-06,6.79,02-28-2021,Commerzbank
Q3-21,2020-11-09,6.79,02-28-2021,Commerzbank
Q3-21,2020-11-27,6.79,02-28-2021,Commerzbank
Q3-21,2021-01-15,6.79,02-28-2021,Commerzbank
Q3-21,2021-02-15,6.79,02-28-2021,Commerzbank
Q4-21,2019-09-09,7.2,02-28-2021,Commerzbank
Q4-21,2020-03-20,7.2,02-28-2021,Commerzbank
Q4-21,2020-05-08,7.2,02-28-2021,Commerzbank
Q4-21,2020-06-09,7.2,02-28-2021,Commerzbank
Q4-21,2020-07-10,7.2,02-28-2021,Commerzbank
Q4-21,2020-08-07,7.12,02-28-2021,Commerzbank
Q4-21,2020-09-04,7.05,02-28-2021,Commerzbank
Q4-21,2020-10-09,7.05,02-28-2021,Commerzbank
Q4-21,2020-11-02,7.05,02-28-2021,Commerzbank
Q4-21,2020-11-06,6.83,02-28-2021,Commerzbank
Q4-21,2020-11-09,6.83,02-28-2021,Commerzbank
Q4-21,2020-11-27,6.83,02-28-2021,Commerzbank
Q4-21,2021-01-15,6.83,02-28-2021,Commerzbank
Q4-21,2021-02-15,6.83,02-28-2021,Commerzbank
2022,2019-09-09,7.2,02-28-2021,Commerzbank
2022,2020-03-20,7.2,02-28-2021,Commerzbank
2022,2020-05-08,7.2,02-28-2021,Commerzbank
2022,2020-06-09,7.2,02-28-2021,Commerzbank
2022,2020-07-10,7.2,02-28-2021,Commerzbank
2022,2020-08-07,7.12,02-28-2021,Commerzbank
2022,2020-09-04,7.05,02-28-2021,Commerzbank
2022,2020-10-09,7.05,02-28-2021,Commerzbank
2022,2020-11-02,7.05,02-28-2021,Commerzbank
2022,2020-11-06,6.83,02-28-2021,Commerzbank
2022,2020-11-09,6.83,02-28-2021,Commerzbank
2022,2020-11-27,6.83,02-28-2021,Commerzbank
2022,2021-01-15,6.83,02-28-2021,Commerzbank
2022,2021-02-15,6.83,02-28-2021,Commerzbank
Q4-10,2010-02-15,6.83,11-30-2010,Commerzbank
Q4-10,2010-03-15,6.83,11-30-2010,Commerzbank
Q4-10,2010-04-14,6.7,11-30-2010,Commerzbank
Q4-10,2010-06-16,6.65,11-30-2010,Commerzbank
Q4-10,2010-07-12,6.7,11-30-2010,Commerzbank
Q4-10,2010-09-13,6.7,11-30-2010,Commerzbank
Q4-10,2010-10-14,6.7,11-30-2010,Commerzbank
Q1-11,2010-03-15,6.83,11-30-2010,Commerzbank
Q1-11,2010-04-14,6.65,11-30-2010,Commerzbank
Q1-11,2010-06-16,6.6,11-30-2010,Commerzbank
Q1-11,2010-07-12,6.65,11-30-2010,Commerzbank
Q1-11,2010-09-13,6.66,11-30-2010,Commerzbank
Q1-11,2010-10-14,6.66,11-30-2010,Commerzbank
Q1-11,2010-11-22,6.58,11-30-2010,Commerzbank
Q2-11,2010-03-15,6.83,11-30-2010,Commerzbank
Q2-11,2010-04-14,6.6,11-30-2010,Commerzbank
Q2-11,2010-06-16,6.55,11-30-2010,Commerzbank
Q2-11,2010-07-12,6.6,11-30-2010,Commerzbank
Q2-11,2010-09-13,6.61,11-30-2010,Commerzbank
Q2-11,2010-10-14,6.61,11-30-2010,Commerzbank
Q2-11,2010-11-22,6.55,11-30-2010,Commerzbank
Q3-11,2010-07-12,6.55,11-30-2010,Commerzbank
Q3-11,2010-09-13,6.6,11-30-2010,Commerzbank
Q3-11,2010-10-14,6.6,11-30-2010,Commerzbank
Q3-11,2010-11-22,6.4,11-30-2010,Commerzbank
2011,2010-02-15,6.83,11-30-2010,Commerzbank
2011,2010-09-13,6.55,11-30-2010,Commerzbank
2011,2010-10-14,6.53,11-30-2010,Commerzbank
2011,2010-11-22,6.32,11-30-2010,Commerzbank
2012,2010-02-15,6.83,11-30-2010,Commerzbank
Q4-11,2010-02-15,6.83,11-30-2011,Commerzbank
Q4-11,2010-09-13,6.55,11-30-2011,Commerzbank
Q4-11,2010-10-14,6.53,11-30-2011,Commerzbank
Q4-11,2010-11-22,6.32,11-30-2011,Commerzbank
Q4-11,2011-01-17,6.32,11-30-2011,Commerzbank
Q4-11,2011-07-20,6.32,11-30-2011,Commerzbank
Q4-11,2011-08-24,6.32,11-30-2011,Commerzbank
Q1-12,2010-11-22,6.26,11-30-2011,Commerzbank
Q1-12,2011-01-17,6.26,11-30-2011,Commerzbank
Q1-12,2011-07-20,6.28,11-30-2011,Commerzbank
Q1-12,2011-08-24,6.28,11-30-2011,Commerzbank
Q2-12,2011-07-20,6.22,11-30-2011,Commerzbank
Q2-12,2011-08-24,6.22,11-30-2011,Commerzbank
Q3-12,2011-07-20,6.13,11-30-2011,Commerzbank
2012,2010-02-15,6.83,11-30-2011,Commerzbank
2012,2011-08-24,6.13,11-30-2011,Commerzbank
Q1-20,2019-03-08,6.9,02-28-2020,Commerzbank
Q1-20,2019-04-05,6.9,02-28-2020,Commerzbank
Q1-20,2019-05-10,6.9,02-28-2020,Commerzbank
Q1-20,2019-06-07,6.9,02-28-2020,Commerzbank
Q1-20,2019-07-05,6.9,02-28-2020,Commerzbank
Q1-20,2019-07-10,6.9,02-28-2020,Commerzbank
Q1-20,2019-08-13,7.2,02-28-2020,Commerzbank
Q1-20,2019-09-06,7.2,02-28-2020,Commerzbank
Q1-20,2019-09-09,7.2,02-28-2020,Commerzbank
Q1-20,2019-10-04,7.2,02-28-2020,Commerzbank
Q1-20,2019-11-08,7.12,02-28-2020,Commerzbank
Q1-20,2019-12-03,7.12,02-28-2020,Commerzbank
Q1-20,2020-01-10,7.12,02-28-2020,Commerzbank
Q1-20,2020-02-07,7.12,02-28-2020,Commerzbank
Q1-20,2020-02-24,7.12,02-28-2020,Commerzbank
Q2-20,2019-06-07,6.95,02-28-2020,Commerzbank
Q2-20,2019-07-05,6.95,02-28-2020,Commerzbank
Q2-20,2019-07-10,6.95,02-28-2020,Commerzbank
Q2-20,2019-08-13,7.25,02-28-2020,Commerzbank
Q2-20,2019-09-06,7.25,02-28-2020,Commerzbank
Q2-20,2019-09-09,7.25,02-28-2020,Commerzbank
Q2-20,2019-10-04,7.25,02-28-2020,Commerzbank
Q2-20,2019-11-08,7.17,02-28-2020,Commerzbank
Q2-20,2019-12-03,7.17,02-28-2020,Commerzbank
Q2-20,2020-01-10,7.17,02-28-2020,Commerzbank
Q2-20,2020-02-07,7.17,02-28-2020,Commerzbank
Q2-20,2020-02-24,7.17,02-28-2020,Commerzbank
Q3-20,2019-09-06,7.3,02-28-2020,Commerzbank
Q3-20,2019-09-09,7.3,02-28-2020,Commerzbank
Q3-20,2019-10-04,7.3,02-28-2020,Commerzbank
Q3-20,2019-11-08,7.2,02-28-2020,Commerzbank
Q3-20,2019-12-03,7.2,02-28-2020,Commerzbank
Q3-20,2020-01-10,7.2,02-28-2020,Commerzbank
Q3-20,2020-02-07,7.2,02-28-2020,Commerzbank
Q3-20,2020-02-24,7.2,02-28-2020,Commerzbank
Q4-20,2018-10-22,7.2,02-28-2020,Commerzbank
Q4-20,2018-11-30,7.2,02-28-2020,Commerzbank
Q4-20,2019-01-22,7.2,02-28-2020,Commerzbank
Q4-20,2019-02-08,7.15,02-28-2020,Commerzbank
Q4-20,2019-03-08,7.15,02-28-2020,Commerzbank
Q4-20,2019-04-05,7.15,02-28-2020,Commerzbank
Q4-20,2019-05-10,7.15,02-28-2020,Commerzbank
Q4-20,2019-06-07,7.15,02-28-2020,Commerzbank
Q4-20,2019-07-05,7.15,02-28-2020,Commerzbank
Q4-20,2019-07-10,7.15,02-28-2020,Commerzbank
Q4-20,2019-08-13,7.35,02-28-2020,Commerzbank
Q4-20,2019-09-06,7.35,02-28-2020,Commerzbank
Q4-20,2019-09-09,7.35,02-28-2020,Commerzbank
Q4-20,2019-10-04,7.35,02-28-2020,Commerzbank
Q4-20,2019-11-08,7.23,02-28-2020,Commerzbank
Q4-20,2019-12-03,7.23,02-28-2020,Commerzbank
Q4-20,2020-01-10,7.23,02-28-2020,Commerzbank
Q4-20,2020-02-07,7.23,02-28-2020,Commerzbank
Q4-20,2020-02-24,7.23,02-28-2020,Commerzbank
Q4-07,2006-05-05,7.6,11-30-2007,Commerzbank
Q4-07,2006-05-12,7.6,11-30-2007,Commerzbank
Q4-07,2006-05-15,7.6,11-30-2007,Commerzbank
Q4-07,2006-06-16,7.6,11-30-2007,Commerzbank
Q4-07,2006-07-20,7.6,11-30-2007,Commerzbank
Q4-07,2006-08-22,7.6,11-30-2007,Commerzbank
Q4-07,2006-12-19,7.56,11-30-2007,Commerzbank
Q4-07,2007-02-13,7.45,11-30-2007,Commerzbank
Q4-07,2007-06-22,7.41,11-30-2007,Commerzbank
Q4-07,2007-07-09,7.41,11-30-2007,Commerzbank
Q4-07,2007-08-24,7.41,11-30-2007,Commerzbank
Q4-07,2007-09-27,7.3,11-30-2007,Commerzbank
Q4-07,2007-10-26,7.4,11-30-2007,Commerzbank
Q4-07,2007-11-26,7.2,11-30-2007,Commerzbank
Q1-08,2007-06-22,7.32,11-30-2007,Commerzbank
Q1-08,2007-07-09,7.32,11-30-2007,Commerzbank
Q1-08,2007-08-24,7.32,11-30-2007,Commerzbank
Q1-08,2007-09-27,7.2,11-30-2007,Commerzbank
Q1-08,2007-10-26,7.3,11-30-2007,Commerzbank
Q1-08,2007-11-26,7.1,11-30-2007,Commerzbank
Q2-08,2007-06-22,7.25,11-30-2007,Commerzbank
Q2-08,2007-07-09,7.25,11-30-2007,Commerzbank
Q2-08,2007-08-24,7.25,11-30-2007,Commerzbank
Q2-08,2007-09-27,7.1,11-30-2007,Commerzbank
Q2-08,2007-10-26,7.2,11-30-2007,Commerzbank
Q2-08,2007-11-26,7.0,11-30-2007,Commerzbank
Q3-08,2007-10-26,7.1,11-30-2007,Commerzbank
2008,2006-05-05,7.3,11-30-2007,Commerzbank
2008,2006-05-12,7.3,11-30-2007,Commerzbank
2008,2006-05-15,7.3,11-30-2007,Commerzbank
2008,2006-06-16,7.3,11-30-2007,Commerzbank
2008,2006-07-20,7.3,11-30-2007,Commerzbank
2008,2006-08-22,7.3,11-30-2007,Commerzbank
2008,2007-06-22,7.12,11-30-2007,Commerzbank
2008,2007-07-09,7.12,11-30-2007,Commerzbank
2008,2007-08-24,7.12,11-30-2007,Commerzbank
2008,2007-09-27,7.05,11-30-2007,Commerzbank
2008,2007-10-26,7.05,11-30-2007,Commerzbank
2008,2007-11-26,6.9,11-30-2007,Commerzbank
2009,2006-05-05,7.0,11-30-2007,Commerzbank
2009,2006-05-12,7.0,11-30-2007,Commerzbank
2009,2006-05-15,7.0,11-30-2007,Commerzbank
2009,2006-06-16,7.0,11-30-2007,Commerzbank
2009,2006-07-20,7.0,11-30-2007,Commerzbank
2009,2006-08-22,7.0,11-30-2007,Commerzbank
2009,2007-06-22,6.78,11-30-2007,Commerzbank
2009,2007-07-09,6.78,11-30-2007,Commerzbank
2009,2007-08-24,6.78,11-30-2007,Commerzbank
2009,2007-09-27,6.78,11-30-2007,Commerzbank
2009,2007-10-26,6.78,11-30-2007,Commerzbank
2009,2007-11-26,6.78,11-30-2007,Commerzbank
2010,2006-05-05,6.8,11-30-2007,Commerzbank
2010,2006-05-12,6.8,11-30-2007,Commerzbank
2010,2006-05-15,6.8,11-30-2007,Commerzbank
2010,2006-06-16,6.8,11-30-2007,Commerzbank
2010,2006-07-20,6.8,11-30-2007,Commerzbank
2010,2006-08-22,6.8,11-30-2007,Commerzbank
2010,2007-06-22,6.17,11-30-2007,Commerzbank
2010,2007-07-09,6.17,11-30-2007,Commerzbank
2010,2007-08-24,6.17,11-30-2007,Commerzbank
2010,2007-09-27,6.17,11-30-2007,Commerzbank
2010,2007-10-26,6.17,11-30-2007,Commerzbank
2010,2007-11-26,6.17,11-30-2007,Commerzbank
2011,2006-05-05,6.7,11-30-2007,Commerzbank
2011,2006-05-12,6.7,11-30-2007,Commerzbank
2011,2006-05-15,6.7,11-30-2007,Commerzbank
2011,2006-06-16,6.7,11-30-2007,Commerzbank
2011,2006-07-20,6.7,11-30-2007,Commerzbank
2011,2006-08-22,6.7,11-30-2007,Commerzbank
2011,2007-06-22,5.93,11-30-2007,Commerzbank
2011,2007-07-09,5.93,11-30-2007,Commerzbank
2011,2007-08-24,5.93,11-30-2007,Commerzbank
2011,2007-09-27,5.93,11-30-2007,Commerzbank
2011,2007-10-26,5.93,11-30-2007,Commerzbank
2011,2007-11-26,5.93,11-30-2007,Commerzbank
Q2-16,2015-07-23,6.35,05-31-2016,Commerzbank
Q2-16,2015-08-12,6.35,05-31-2016,Commerzbank
Q2-16,2015-08-19,6.7,05-31-2016,Commerzbank
Q2-16,2015-09-04,6.7,05-31-2016,Commerzbank
Q2-16,2015-10-23,6.7,05-31-2016,Commerzbank
Q2-16,2015-12-07,6.7,05-31-2016,Commerzbank
Q2-16,2016-01-22,6.7,05-31-2016,Commerzbank
Q2-16,2016-02-02,6.7,05-31-2016,Commerzbank
Q2-16,2016-02-05,6.7,05-31-2016,Commerzbank
Q2-16,2016-03-04,6.7,05-31-2016,Commerzbank
Q2-16,2016-03-11,6.7,05-31-2016,Commerzbank
Q2-16,2016-04-08,6.65,05-31-2016,Commerzbank
Q2-16,2016-05-09,6.5,05-31-2016,Commerzbank
Q2-16,2016-05-30,6.5,05-31-2016,Commerzbank
Q3-16,2015-09-04,6.8,05-31-2016,Commerzbank
Q3-16,2015-10-23,6.8,05-31-2016,Commerzbank
Q3-16,2015-12-07,6.8,05-31-2016,Commerzbank
Q3-16,2016-01-22,6.8,05-31-2016,Commerzbank
Q3-16,2016-02-02,6.8,05-31-2016,Commerzbank
Q3-16,2016-02-05,6.8,05-31-2016,Commerzbank
Q3-16,2016-03-04,6.8,05-31-2016,Commerzbank
Q3-16,2016-03-11,6.8,05-31-2016,Commerzbank
Q3-16,2016-04-08,6.7,05-31-2016,Commerzbank
Q3-16,2016-05-09,6.58,05-31-2016,Commerzbank
Q3-16,2016-05-30,6.58,05-31-2016,Commerzbank
Q4-16,2014-11-21,5.85,05-31-2016,Commerzbank
Q4-16,2014-12-19,5.85,05-31-2016,Commerzbank
Q4-16,2015-01-09,6.0,05-31-2016,Commerzbank
Q4-16,2015-01-16,6.0,05-31-2016,Commerzbank
Q4-16,2015-01-30,6.12,05-31-2016,Commerzbank
Q4-16,2015-02-17,6.12,05-31-2016,Commerzbank
Q4-16,2015-03-09,6.35,05-31-2016,Commerzbank
Q4-16,2015-04-15,6.35,05-31-2016,Commerzbank
Q4-16,2015-05-21,6.35,05-31-2016,Commerzbank
Q4-16,2015-07-23,6.35,05-31-2016,Commerzbank
Q4-16,2015-08-12,6.35,05-31-2016,Commerzbank
Q4-16,2015-08-19,6.9,05-31-2016,Commerzbank
Q4-16,2015-09-04,6.9,05-31-2016,Commerzbank
Q4-16,2015-10-23,6.9,05-31-2016,Commerzbank
Q4-16,2015-12-07,6.9,05-31-2016,Commerzbank
Q4-16,2016-01-22,6.9,05-31-2016,Commerzbank
Q4-16,2016-02-02,6.9,05-31-2016,Commerzbank
Q4-16,2016-02-05,6.9,05-31-2016,Commerzbank
Q4-16,2016-03-04,6.9,05-31-2016,Commerzbank
Q4-16,2016-03-11,6.9,05-31-2016,Commerzbank
Q4-16,2016-04-08,6.75,05-31-2016,Commerzbank
Q4-16,2016-05-09,6.65,05-31-2016,Commerzbank
Q4-16,2016-05-30,6.65,05-31-2016,Commerzbank
Q1-17,2016-03-04,6.9,05-31-2016,Commerzbank
Q1-17,2016-03-11,6.9,05-31-2016,Commerzbank
Q1-17,2016-04-08,6.8,05-31-2016,Commerzbank
Q1-17,2016-05-09,6.7,05-31-2016,Commerzbank
Q1-17,2016-05-30,6.7,05-31-2016,Commerzbank
2017,2015-12-07,6.8,05-31-2016,Commerzbank
2017,2016-01-22,6.8,05-31-2016,Commerzbank
2017,2016-02-02,6.8,05-31-2016,Commerzbank
2017,2016-02-05,6.8,05-31-2016,Commerzbank
2017,2016-03-04,6.8,05-31-2016,Commerzbank
2017,2016-03-11,6.8,05-31-2016,Commerzbank
2017,2016-04-08,6.8,05-31-2016,Commerzbank
2017,2016-05-09,6.7,05-31-2016,Commerzbank
2017,2016-05-30,6.7,05-31-2016,Commerzbank
Q2-20,2019-06-07,6.95,05-31-2020,Commerzbank
Q2-20,2019-07-05,6.95,05-31-2020,Commerzbank
Q2-20,2019-07-10,6.95,05-31-2020,Commerzbank
Q2-20,2019-08-13,7.25,05-31-2020,Commerzbank
Q2-20,2019-09-06,7.25,05-31-2020,Commerzbank
Q2-20,2019-09-09,7.25,05-31-2020,Commerzbank
Q2-20,2019-10-04,7.25,05-31-2020,Commerzbank
Q2-20,2019-11-08,7.17,05-31-2020,Commerzbank
Q2-20,2019-12-03,7.17,05-31-2020,Commerzbank
Q2-20,2020-01-10,7.17,05-31-2020,Commerzbank
Q2-20,2020-02-07,7.17,05-31-2020,Commerzbank
Q2-20,2020-02-24,7.17,05-31-2020,Commerzbank
Q2-20,2020-03-09,7.04,05-31-2020,Commerzbank
Q2-20,2020-03-20,7.04,05-31-2020,Commerzbank
Q2-20,2020-05-08,7.04,05-31-2020,Commerzbank
Q3-20,2019-09-06,7.3,05-31-2020,Commerzbank
Q3-20,2019-09-09,7.3,05-31-2020,Commerzbank
Q3-20,2019-10-04,7.3,05-31-2020,Commerzbank
Q3-20,2019-11-08,7.2,05-31-2020,Commerzbank
Q3-20,2019-12-03,7.2,05-31-2020,Commerzbank
Q3-20,2020-01-10,7.2,05-31-2020,Commerzbank
Q3-20,2020-02-07,7.2,05-31-2020,Commerzbank
Q3-20,2020-02-24,7.2,05-31-2020,Commerzbank
Q3-20,2020-03-09,7.07,05-31-2020,Commerzbank
Q3-20,2020-03-20,7.07,05-31-2020,Commerzbank
Q3-20,2020-05-08,7.07,05-31-2020,Commerzbank
Q4-20,2018-10-22,7.2,05-31-2020,Commerzbank
Q4-20,2018-11-30,7.2,05-31-2020,Commerzbank
Q4-20,2019-01-22,7.2,05-31-2020,Commerzbank
Q4-20,2019-02-08,7.15,05-31-2020,Commerzbank
Q4-20,2019-03-08,7.15,05-31-2020,Commerzbank
Q4-20,2019-04-05,7.15,05-31-2020,Commerzbank
Q4-20,2019-05-10,7.15,05-31-2020,Commerzbank
Q4-20,2019-06-07,7.15,05-31-2020,Commerzbank
Q4-20,2019-07-05,7.15,05-31-2020,Commerzbank
Q4-20,2019-07-10,7.15,05-31-2020,Commerzbank
Q4-20,2019-08-13,7.35,05-31-2020,Commerzbank
Q4-20,2019-09-06,7.35,05-31-2020,Commerzbank
Q4-20,2019-09-09,7.35,05-31-2020,Commerzbank
Q4-20,2019-10-04,7.35,05-31-2020,Commerzbank
Q4-20,2019-11-08,7.23,05-31-2020,Commerzbank
Q4-20,2019-12-03,7.23,05-31-2020,Commerzbank
Q4-20,2020-01-10,7.23,05-31-2020,Commerzbank
Q4-20,2020-02-07,7.23,05-31-2020,Commerzbank
Q4-20,2020-02-24,7.23,05-31-2020,Commerzbank
Q4-20,2020-03-09,7.1,05-31-2020,Commerzbank
Q4-20,2020-03-20,7.1,05-31-2020,Commerzbank
Q4-20,2020-05-08,7.1,05-31-2020,Commerzbank
Q1-21,2020-03-20,7.12,05-31-2020,Commerzbank
Q1-21,2020-05-08,7.12,05-31-2020,Commerzbank
2021,2019-02-08,7.2,05-31-2020,Commerzbank
2021,2019-09-09,7.2,05-31-2020,Commerzbank
2021,2020-03-20,7.2,05-31-2020,Commerzbank
2021,2020-05-08,7.2,05-31-2020,Commerzbank
Q3-07,2006-12-19,7.64,08-31-2007,Commerzbank
Q3-07,2007-01-26,7.45,08-31-2007,Commerzbank
Q3-07,2007-02-13,7.56,08-31-2007,Commerzbank
Q3-07,2007-06-22,7.52,08-31-2007,Commerzbank
Q3-07,2007-07-09,7.52,08-31-2007,Commerzbank
Q3-07,2007-08-24,7.52,08-31-2007,Commerzbank
Q4-07,2006-05-05,7.6,08-31-2007,Commerzbank
Q4-07,2006-05-12,7.6,08-31-2007,Commerzbank
Q4-07,2006-05-15,7.6,08-31-2007,Commerzbank
Q4-07,2006-06-16,7.6,08-31-2007,Commerzbank
Q4-07,2006-07-20,7.6,08-31-2007,Commerzbank
Q4-07,2006-08-22,7.6,08-31-2007,Commerzbank
Q4-07,2006-12-19,7.56,08-31-2007,Commerzbank
Q4-07,2007-02-13,7.45,08-31-2007,Commerzbank
Q4-07,2007-06-22,7.41,08-31-2007,Commerzbank
Q4-07,2007-07-09,7.41,08-31-2007,Commerzbank
Q4-07,2007-08-24,7.41,08-31-2007,Commerzbank
Q1-08,2007-06-22,7.32,08-31-2007,Commerzbank
Q1-08,2007-07-09,7.32,08-31-2007,Commerzbank
Q1-08,2007-08-24,7.32,08-31-2007,Commerzbank
Q2-08,2007-06-22,7.25,08-31-2007,Commerzbank
Q2-08,2007-07-09,7.25,08-31-2007,Commerzbank
Q2-08,2007-08-24,7.25,08-31-2007,Commerzbank
2008,2006-05-05,7.3,08-31-2007,Commerzbank
2008,2006-05-12,7.3,08-31-2007,Commerzbank
2008,2006-05-15,7.3,08-31-2007,Commerzbank
2008,2006-06-16,7.3,08-31-2007,Commerzbank
2008,2006-07-20,7.3,08-31-2007,Commerzbank
2008,2006-08-22,7.3,08-31-2007,Commerzbank
2008,2007-06-22,7.12,08-31-2007,Commerzbank
2008,2007-07-09,7.12,08-31-2007,Commerzbank
2008,2007-08-24,7.12,08-31-2007,Commerzbank
2009,2006-05-05,7.0,08-31-2007,Commerzbank
2009,2006-05-12,7.0,08-31-2007,Commerzbank
2009,2006-05-15,7.0,08-31-2007,Commerzbank
2009,2006-06-16,7.0,08-31-2007,Commerzbank
2009,2006-07-20,7.0,08-31-2007,Commerzbank
2009,2006-08-22,7.0,08-31-2007,Commerzbank
2009,2007-06-22,6.78,08-31-2007,Commerzbank
2009,2007-07-09,6.78,08-31-2007,Commerzbank
2009,2007-08-24,6.78,08-31-2007,Commerzbank
2010,2006-05-05,6.8,08-31-2007,Commerzbank
2010,2006-05-12,6.8,08-31-2007,Commerzbank
2010,2006-05-15,6.8,08-31-2007,Commerzbank
2010,2006-06-16,6.8,08-31-2007,Commerzbank
2010,2006-07-20,6.8,08-31-2007,Commerzbank
2010,2006-08-22,6.8,08-31-2007,Commerzbank
2010,2007-06-22,6.17,08-31-2007,Commerzbank
2010,2007-07-09,6.17,08-31-2007,Commerzbank
2010,2007-08-24,6.17,08-31-2007,Commerzbank
2011,2006-05-05,6.7,08-31-2007,Commerzbank
2011,2006-05-12,6.7,08-31-2007,Commerzbank
2011,2006-05-15,6.7,08-31-2007,Commerzbank
2011,2006-06-16,6.7,08-31-2007,Commerzbank
2011,2006-07-20,6.7,08-31-2007,Commerzbank
2011,2006-08-22,6.7,08-31-2007,Commerzbank
2011,2007-06-22,5.93,08-31-2007,Commerzbank
2011,2007-07-09,5.93,08-31-2007,Commerzbank
2011,2007-08-24,5.93,08-31-2007,Commerzbank
Q3-11,2010-07-12,6.55,08-31-2011,Commerzbank
Q3-11,2010-09-13,6.6,08-31-2011,Commerzbank
Q3-11,2010-10-14,6.6,08-31-2011,Commerzbank
Q3-11,2010-11-22,6.4,08-31-2011,Commerzbank
Q3-11,2011-01-17,6.4,08-31-2011,Commerzbank
Q3-11,2011-07-20,6.41,08-31-2011,Commerzbank
Q3-11,2011-08-24,6.41,08-31-2011,Commerzbank
Q4-11,2010-02-15,6.83,08-31-2011,Commerzbank
Q4-11,2010-09-13,6.55,08-31-2011,Commerzbank
Q4-11,2010-10-14,6.53,08-31-2011,Commerzbank
Q4-11,2010-11-22,6.32,08-31-2011,Commerzbank
Q4-11,2011-01-17,6.32,08-31-2011,Commerzbank
Q4-11,2011-07-20,6.32,08-31-2011,Commerzbank
Q4-11,2011-08-24,6.32,08-31-2011,Commerzbank
Q1-12,2010-11-22,6.26,08-31-2011,Commerzbank
Q1-12,2011-01-17,6.26,08-31-2011,Commerzbank
Q1-12,2011-07-20,6.28,08-31-2011,Commerzbank
Q1-12,2011-08-24,6.28,08-31-2011,Commerzbank
Q2-12,2011-07-20,6.22,08-31-2011,Commerzbank
Q2-12,2011-08-24,6.22,08-31-2011,Commerzbank
2012,2010-02-15,6.83,08-31-2011,Commerzbank
2012,2011-08-24,6.13,08-31-2011,Commerzbank
Q1-16,2015-03-09,6.35,02-28-2016,Commerzbank
Q1-16,2015-04-15,6.35,02-28-2016,Commerzbank
Q1-16,2015-05-21,6.35,02-28-2016,Commerzbank
Q1-16,2015-07-23,6.35,02-28-2016,Commerzbank
Q1-16,2015-08-12,6.35,02-28-2016,Commerzbank
Q1-16,2015-08-19,6.6,02-28-2016,Commerzbank
Q1-16,2015-09-04,6.6,02-28-2016,Commerzbank
Q1-16,2015-10-23,6.6,02-28-2016,Commerzbank
Q1-16,2015-12-07,6.6,02-28-2016,Commerzbank
Q1-16,2016-01-22,6.6,02-28-2016,Commerzbank
Q1-16,2016-02-02,6.6,02-28-2016,Commerzbank
Q1-16,2016-02-05,6.6,02-28-2016,Commerzbank
Q2-16,2015-07-23,6.35,02-28-2016,Commerzbank
Q2-16,2015-08-12,6.35,02-28-2016,Commerzbank
Q2-16,2015-08-19,6.7,02-28-2016,Commerzbank
Q2-16,2015-09-04,6.7,02-28-2016,Commerzbank
Q2-16,2015-10-23,6.7,02-28-2016,Commerzbank
Q2-16,2015-12-07,6.7,02-28-2016,Commerzbank
Q2-16,2016-01-22,6.7,02-28-2016,Commerzbank
Q2-16,2016-02-02,6.7,02-28-2016,Commerzbank
Q2-16,2016-02-05,6.7,02-28-2016,Commerzbank
Q3-16,2015-09-04,6.8,02-28-2016,Commerzbank
Q3-16,2015-10-23,6.8,02-28-2016,Commerzbank
Q3-16,2015-12-07,6.8,02-28-2016,Commerzbank
Q3-16,2016-01-22,6.8,02-28-2016,Commerzbank
Q3-16,2016-02-02,6.8,02-28-2016,Commerzbank
Q3-16,2016-02-05,6.8,02-28-2016,Commerzbank
Q4-16,2014-11-21,5.85,02-28-2016,Commerzbank
Q4-16,2014-12-19,5.85,02-28-2016,Commerzbank
Q4-16,2015-01-09,6.0,02-28-2016,Commerzbank
Q4-16,2015-01-16,6.0,02-28-2016,Commerzbank
Q4-16,2015-01-30,6.12,02-28-2016,Commerzbank
Q4-16,2015-02-17,6.12,02-28-2016,Commerzbank
Q4-16,2015-03-09,6.35,02-28-2016,Commerzbank
Q4-16,2015-04-15,6.35,02-28-2016,Commerzbank
Q4-16,2015-05-21,6.35,02-28-2016,Commerzbank
Q4-16,2015-07-23,6.35,02-28-2016,Commerzbank
Q4-16,2015-08-12,6.35,02-28-2016,Commerzbank
Q4-16,2015-08-19,6.9,02-28-2016,Commerzbank
Q4-16,2015-09-04,6.9,02-28-2016,Commerzbank
Q4-16,2015-10-23,6.9,02-28-2016,Commerzbank
Q4-16,2015-12-07,6.9,02-28-2016,Commerzbank
Q4-16,2016-01-22,6.9,02-28-2016,Commerzbank
Q4-16,2016-02-02,6.9,02-28-2016,Commerzbank
Q4-16,2016-02-05,6.9,02-28-2016,Commerzbank
2017,2015-12-07,6.8,02-28-2016,Commerzbank
2017,2016-01-22,6.8,02-28-2016,Commerzbank
2017,2016-02-02,6.8,02-28-2016,Commerzbank
2017,2016-02-05,6.8,02-28-2016,Commerzbank
Q4-08,2007-06-22,7.12,11-30-2008,Commerzbank
Q4-08,2007-07-09,7.12,11-30-2008,Commerzbank
Q4-08,2007-08-24,7.12,11-30-2008,Commerzbank
Q4-08,2007-09-27,7.05,11-30-2008,Commerzbank
Q4-08,2007-10-26,7.05,11-30-2008,Commerzbank
Q4-08,2007-11-26,6.9,11-30-2008,Commerzbank
Q4-08,2007-12-18,6.9,11-30-2008,Commerzbank
Q4-08,2008-01-16,6.9,11-30-2008,Commerzbank
Q4-08,2008-01-28,6.9,11-30-2008,Commerzbank
Q4-08,2008-02-11,6.9,11-30-2008,Commerzbank
Q4-08,2008-02-22,6.7,11-30-2008,Commerzbank
Q4-08,2008-03-06,6.7,11-30-2008,Commerzbank
Q4-08,2008-03-28,6.7,11-30-2008,Commerzbank
Q4-08,2008-04-04,6.7,11-30-2008,Commerzbank
Q4-08,2008-04-22,6.7,11-30-2008,Commerzbank
Q4-08,2008-05-12,6.6,11-30-2008,Commerzbank
Q4-08,2008-05-23,6.51,11-30-2008,Commerzbank
Q4-08,2008-06-06,6.51,11-30-2008,Commerzbank
Q4-08,2008-06-27,6.77,11-30-2008,Commerzbank
Q4-08,2008-07-14,6.49,11-30-2008,Commerzbank
Q4-08,2008-08-25,6.7,11-30-2008,Commerzbank
Q4-08,2008-10-27,6.84,11-30-2008,Commerzbank
Q1-09,2008-03-06,6.6,11-30-2008,Commerzbank
Q1-09,2008-03-28,6.5,11-30-2008,Commerzbank
Q1-09,2008-04-04,6.5,11-30-2008,Commerzbank
Q1-09,2008-04-22,6.5,11-30-2008,Commerzbank
Q1-09,2008-05-12,6.5,11-30-2008,Commerzbank
Q1-09,2008-05-23,6.31,11-30-2008,Commerzbank
Q1-09,2008-06-06,6.31,11-30-2008,Commerzbank
Q1-09,2008-06-27,6.66,11-30-2008,Commerzbank
Q1-09,2008-07-14,6.29,11-30-2008,Commerzbank
Q1-09,2008-08-25,6.35,11-30-2008,Commerzbank
Q1-09,2008-10-27,6.84,11-30-2008,Commerzbank
Q2-09,2008-06-27,6.55,11-30-2008,Commerzbank
Q2-09,2008-07-14,6.09,11-30-2008,Commerzbank
Q2-09,2008-08-25,6.14,11-30-2008,Commerzbank
Q2-09,2008-10-27,6.84,11-30-2008,Commerzbank
Q3-09,2008-10-27,6.84,11-30-2008,Commerzbank
2009,2007-06-22,6.78,11-30-2008,Commerzbank
2009,2007-07-09,6.78,11-30-2008,Commerzbank
2009,2007-08-24,6.78,11-30-2008,Commerzbank
2009,2007-09-27,6.78,11-30-2008,Commerzbank
2009,2007-10-26,6.78,11-30-2008,Commerzbank
2009,2007-11-26,6.78,11-30-2008,Commerzbank
2009,2007-12-18,6.78,11-30-2008,Commerzbank
2009,2008-06-27,6.33,11-30-2008,Commerzbank
2009,2008-07-14,5.89,11-30-2008,Commerzbank
2009,2008-08-25,5.7,11-30-2008,Commerzbank
2010,2007-06-22,6.17,11-30-2008,Commerzbank
2010,2007-07-09,6.17,11-30-2008,Commerzbank
2010,2007-08-24,6.17,11-30-2008,Commerzbank
2010,2007-09-27,6.17,11-30-2008,Commerzbank
2010,2007-10-26,6.17,11-30-2008,Commerzbank
2010,2007-11-26,6.17,11-30-2008,Commerzbank
2010,2007-12-18,6.17,11-30-2008,Commerzbank
2011,2007-06-22,5.93,11-30-2008,Commerzbank
2011,2007-07-09,5.93,11-30-2008,Commerzbank
2011,2007-08-24,5.93,11-30-2008,Commerzbank
2011,2007-09-27,5.93,11-30-2008,Commerzbank
2011,2007-10-26,5.93,11-30-2008,Commerzbank
2011,2007-11-26,5.93,11-30-2008,Commerzbank
2011,2007-12-18,5.93,11-30-2008,Commerzbank
2012,2007-06-22,5.73,11-30-2008,Commerzbank
2012,2007-07-09,5.73,11-30-2008,Commerzbank
2012,2007-08-24,5.73,11-30-2008,Commerzbank
2012,2007-09-27,5.73,11-30-2008,Commerzbank
2012,2007-10-26,5.73,11-30-2008,Commerzbank
2012,2007-11-26,5.73,11-30-2008,Commerzbank
2012,2007-12-18,5.73,11-30-2008,Commerzbank
Q2-19,2018-06-08,6.66,05-31-2019,Commerzbank
Q2-19,2018-06-29,6.9,05-31-2019,Commerzbank
Q2-19,2018-08-03,6.9,05-31-2019,Commerzbank
Q2-19,2018-08-13,6.9,05-31-2019,Commerzbank
Q2-19,2018-09-07,6.9,05-31-2019,Commerzbank
Q2-19,2018-10-22,6.9,05-31-2019,Commerzbank
Q2-19,2018-11-30,6.9,05-31-2019,Commerzbank
Q2-19,2019-01-22,6.9,05-31-2019,Commerzbank
Q2-19,2019-02-08,6.85,05-31-2019,Commerzbank
Q2-19,2019-03-08,6.85,05-31-2019,Commerzbank
Q2-19,2019-04-05,6.85,05-31-2019,Commerzbank
Q2-19,2019-05-10,6.85,05-31-2019,Commerzbank
Q3-19,2018-09-07,6.93,05-31-2019,Commerzbank
Q3-19,2018-10-22,6.93,05-31-2019,Commerzbank
Q3-19,2018-11-30,6.93,05-31-2019,Commerzbank
Q3-19,2019-01-22,6.93,05-31-2019,Commerzbank
Q3-19,2019-02-08,6.88,05-31-2019,Commerzbank
Q3-19,2019-03-08,6.88,05-31-2019,Commerzbank
Q3-19,2019-04-05,6.88,05-31-2019,Commerzbank
Q3-19,2019-05-10,6.88,05-31-2019,Commerzbank
Q4-19,2017-12-11,6.68,05-31-2019,Commerzbank
Q4-19,2018-01-12,6.68,05-31-2019,Commerzbank
Q4-19,2018-02-02,6.35,05-31-2019,Commerzbank
Q4-19,2018-03-13,6.35,05-31-2019,Commerzbank
Q4-19,2018-04-13,6.35,05-31-2019,Commerzbank
Q4-19,2018-05-04,6.35,05-31-2019,Commerzbank
Q4-19,2018-06-08,6.7,05-31-2019,Commerzbank
Q4-19,2018-06-29,6.95,05-31-2019,Commerzbank
Q4-19,2018-08-03,6.95,05-31-2019,Commerzbank
Q4-19,2018-08-13,6.95,05-31-2019,Commerzbank
Q4-19,2018-09-07,6.95,05-31-2019,Commerzbank
Q4-19,2018-10-22,6.95,05-31-2019,Commerzbank
Q4-19,2018-11-30,6.95,05-31-2019,Commerzbank
Q4-19,2019-01-22,6.95,05-31-2019,Commerzbank
Q4-19,2019-02-08,6.9,05-31-2019,Commerzbank
Q4-19,2019-03-08,6.9,05-31-2019,Commerzbank
Q4-19,2019-04-05,6.9,05-31-2019,Commerzbank
Q4-19,2019-05-10,6.9,05-31-2019,Commerzbank
Q1-20,2019-03-08,6.9,05-31-2019,Commerzbank
Q1-20,2019-04-05,6.9,05-31-2019,Commerzbank
Q1-20,2019-05-10,6.9,05-31-2019,Commerzbank
2020,2018-10-22,7.2,05-31-2019,Commerzbank
2020,2018-11-30,7.2,05-31-2019,Commerzbank
2020,2019-01-22,7.2,05-31-2019,Commerzbank
2020,2019-02-08,7.15,05-31-2019,Commerzbank
2020,2019-03-08,7.15,05-31-2019,Commerzbank
2020,2019-04-05,7.15,05-31-2019,Commerzbank
2020,2019-05-10,7.15,05-31-2019,Commerzbank
Q3-12,2011-07-20,6.13,08-31-2012,Commerzbank
Q3-12,2011-12-20,6.11,08-31-2012,Commerzbank
Q3-12,2012-01-24,6.11,08-31-2012,Commerzbank
Q3-12,2012-01-26,6.11,08-31-2012,Commerzbank
Q3-12,2012-03-01,6.11,08-31-2012,Commerzbank
Q3-12,2012-04-26,6.11,08-31-2012,Commerzbank
Q3-12,2012-06-04,6.3,08-31-2012,Commerzbank
Q3-12,2012-07-06,6.3,08-31-2012,Commerzbank
Q3-12,2012-08-17,6.3,08-31-2012,Commerzbank
Q4-12,2011-08-24,6.13,08-31-2012,Commerzbank
Q4-12,2011-12-20,6.05,08-31-2012,Commerzbank
Q4-12,2012-01-24,6.05,08-31-2012,Commerzbank
Q4-12,2012-01-26,6.05,08-31-2012,Commerzbank
Q4-12,2012-03-01,6.05,08-31-2012,Commerzbank
Q4-12,2012-04-26,6.05,08-31-2012,Commerzbank
Q4-12,2012-06-04,6.25,08-31-2012,Commerzbank
Q4-12,2012-07-06,6.25,08-31-2012,Commerzbank
Q4-12,2012-08-17,6.25,08-31-2012,Commerzbank
Q1-13,2011-12-20,6.0,08-31-2012,Commerzbank
Q1-13,2012-03-01,5.85,08-31-2012,Commerzbank
Q1-13,2012-04-26,6.0,08-31-2012,Commerzbank
Q1-13,2012-06-04,6.2,08-31-2012,Commerzbank
Q1-13,2012-07-06,6.2,08-31-2012,Commerzbank
Q1-13,2012-08-17,6.2,08-31-2012,Commerzbank
Q2-13,2011-12-20,5.95,08-31-2012,Commerzbank
Q2-13,2012-04-26,5.95,08-31-2012,Commerzbank
Q2-13,2012-07-06,6.15,08-31-2012,Commerzbank
Q2-13,2012-08-17,6.15,08-31-2012,Commerzbank
2013,2011-12-20,5.85,08-31-2012,Commerzbank
2013,2012-01-24,5.94,08-31-2012,Commerzbank
2013,2012-01-26,5.94,08-31-2012,Commerzbank
2013,2012-04-26,5.85,08-31-2012,Commerzbank
2013,2012-06-04,6.05,08-31-2012,Commerzbank
2013,2012-07-06,6.3,08-31-2012,Commerzbank
2013,2012-08-17,6.3,08-31-2012,Commerzbank
Q1-15,2014-04-25,5.95,02-28-2015,Commerzbank
Q1-15,2014-05-19,5.95,02-28-2015,Commerzbank
Q1-15,2014-06-30,5.95,02-28-2015,Commerzbank
Q1-15,2014-08-04,5.95,02-28-2015,Commerzbank
Q1-15,2014-08-29,6.05,02-28-2015,Commerzbank
Q1-15,2014-10-13,6.05,02-28-2015,Commerzbank
Q1-15,2014-11-21,6.05,02-28-2015,Commerzbank
Q1-15,2014-12-19,6.05,02-28-2015,Commerzbank
Q1-15,2015-01-09,6.22,02-28-2015,Commerzbank
Q1-15,2015-01-16,6.22,02-28-2015,Commerzbank
Q1-15,2015-01-30,6.25,02-28-2015,Commerzbank
Q1-15,2015-02-17,6.25,02-28-2015,Commerzbank
Q2-15,2014-06-30,5.9,02-28-2015,Commerzbank
Q2-15,2014-08-04,5.9,02-28-2015,Commerzbank
Q2-15,2014-08-29,6.0,02-28-2015,Commerzbank
Q2-15,2014-10-13,6.0,02-28-2015,Commerzbank
Q2-15,2014-11-21,6.0,02-28-2015,Commerzbank
Q2-15,2014-12-19,6.0,02-28-2015,Commerzbank
Q2-15,2015-01-09,6.22,02-28-2015,Commerzbank
Q2-15,2015-01-16,6.22,02-28-2015,Commerzbank
Q2-15,2015-01-30,6.25,02-28-2015,Commerzbank
Q2-15,2015-02-17,6.25,02-28-2015,Commerzbank
Q3-15,2014-10-13,5.95,02-28-2015,Commerzbank
Q3-15,2014-11-21,5.95,02-28-2015,Commerzbank
Q3-15,2014-12-19,5.95,02-28-2015,Commerzbank
Q3-15,2015-01-09,6.17,02-28-2015,Commerzbank
Q3-15,2015-01-16,6.17,02-28-2015,Commerzbank
Q3-15,2015-01-30,6.25,02-28-2015,Commerzbank
Q3-15,2015-02-17,6.25,02-28-2015,Commerzbank
Q4-15,2013-12-12,5.7,02-28-2015,Commerzbank
Q4-15,2014-02-07,5.7,02-28-2015,Commerzbank
Q4-15,2014-03-20,5.8,02-28-2015,Commerzbank
Q4-15,2014-04-25,5.8,02-28-2015,Commerzbank
Q4-15,2014-05-19,5.85,02-28-2015,Commerzbank
Q4-15,2014-06-30,5.85,02-28-2015,Commerzbank
Q4-15,2014-08-04,5.85,02-28-2015,Commerzbank
Q4-15,2014-08-29,5.95,02-28-2015,Commerzbank
Q4-15,2014-10-13,5.95,02-28-2015,Commerzbank
Q4-15,2014-11-21,5.95,02-28-2015,Commerzbank
Q4-15,2014-12-19,5.95,02-28-2015,Commerzbank
Q4-15,2015-01-09,6.13,02-28-2015,Commerzbank
Q4-15,2015-01-16,6.13,02-28-2015,Commerzbank
Q4-15,2015-01-30,6.22,02-28-2015,Commerzbank
Q4-15,2015-02-17,6.22,02-28-2015,Commerzbank
2016,2014-11-21,5.85,02-28-2015,Commerzbank
2016,2014-12-19,5.85,02-28-2015,Commerzbank
2016,2015-01-09,6.0,02-28-2015,Commerzbank
2016,2015-01-16,6.0,02-28-2015,Commerzbank
2016,2015-01-30,6.12,02-28-2015,Commerzbank
2016,2015-02-17,6.12,02-28-2015,Commerzbank
Q4-12,2011-08-24,6.13,11-30-2012,Commerzbank
Q4-12,2011-12-20,6.05,11-30-2012,Commerzbank
Q4-12,2012-01-24,6.05,11-30-2012,Commerzbank
Q4-12,2012-01-26,6.05,11-30-2012,Commerzbank
Q4-12,2012-03-01,6.05,11-30-2012,Commerzbank
Q4-12,2012-04-26,6.05,11-30-2012,Commerzbank
Q4-12,2012-06-04,6.25,11-30-2012,Commerzbank
Q4-12,2012-07-06,6.25,11-30-2012,Commerzbank
Q4-12,2012-08-17,6.25,11-30-2012,Commerzbank
Q4-12,2012-10-01,6.25,11-30-2012,Commerzbank
Q4-12,2012-11-02,6.2,11-30-2012,Commerzbank
Q1-13,2011-12-20,6.0,11-30-2012,Commerzbank
Q1-13,2012-03-01,5.85,11-30-2012,Commerzbank
Q1-13,2012-04-26,6.0,11-30-2012,Commerzbank
Q1-13,2012-06-04,6.2,11-30-2012,Commerzbank
Q1-13,2012-07-06,6.2,11-30-2012,Commerzbank
Q1-13,2012-08-17,6.2,11-30-2012,Commerzbank
Q1-13,2012-10-01,6.2,11-30-2012,Commerzbank
Q1-13,2012-11-02,6.14,11-30-2012,Commerzbank
Q2-13,2011-12-20,5.95,11-30-2012,Commerzbank
Q2-13,2012-04-26,5.95,11-30-2012,Commerzbank
Q2-13,2012-07-06,6.15,11-30-2012,Commerzbank
Q2-13,2012-08-17,6.15,11-30-2012,Commerzbank
Q2-13,2012-10-01,6.15,11-30-2012,Commerzbank
Q2-13,2012-11-02,6.08,11-30-2012,Commerzbank
Q3-13,2011-12-20,5.9,11-30-2012,Commerzbank
Q3-13,2012-04-26,5.9,11-30-2012,Commerzbank
Q3-13,2012-10-01,6.1,11-30-2012,Commerzbank
Q3-13,2012-11-02,6.01,11-30-2012,Commerzbank
2013,2011-12-20,5.85,11-30-2012,Commerzbank
2013,2012-01-24,5.94,11-30-2012,Commerzbank
2013,2012-01-26,5.94,11-30-2012,Commerzbank
2013,2012-04-26,5.85,11-30-2012,Commerzbank
2013,2012-06-04,6.05,11-30-2012,Commerzbank
2013,2012-07-06,6.3,11-30-2012,Commerzbank
2013,2012-08-17,6.3,11-30-2012,Commerzbank
2013,2012-10-01,6.14,11-30-2012,Commerzbank
2013,2012-11-02,6.14,11-30-2012,Commerzbank
Q2-15,2014-06-30,5.9,05-31-2015,Commerzbank
Q2-15,2014-08-04,5.9,05-31-2015,Commerzbank
Q2-15,2014-08-29,6.0,05-31-2015,Commerzbank
Q2-15,2014-10-13,6.0,05-31-2015,Commerzbank
Q2-15,2014-11-21,6.0,05-31-2015,Commerzbank
Q2-15,2014-12-19,6.0,05-31-2015,Commerzbank
Q2-15,2015-01-09,6.22,05-31-2015,Commerzbank
Q2-15,2015-01-16,6.22,05-31-2015,Commerzbank
Q2-15,2015-01-30,6.25,05-31-2015,Commerzbank
Q2-15,2015-02-17,6.25,05-31-2015,Commerzbank
Q2-15,2015-03-09,6.33,05-31-2015,Commerzbank
Q2-15,2015-04-15,6.33,05-31-2015,Commerzbank
Q2-15,2015-05-21,6.33,05-31-2015,Commerzbank
Q3-15,2014-10-13,5.95,05-31-2015,Commerzbank
Q3-15,2014-11-21,5.95,05-31-2015,Commerzbank
Q3-15,2014-12-19,5.95,05-31-2015,Commerzbank
Q3-15,2015-01-09,6.17,05-31-2015,Commerzbank
Q3-15,2015-01-16,6.17,05-31-2015,Commerzbank
Q3-15,2015-01-30,6.25,05-31-2015,Commerzbank
Q3-15,2015-02-17,6.25,05-31-2015,Commerzbank
Q3-15,2015-03-09,6.35,05-31-2015,Commerzbank
Q3-15,2015-04-15,6.35,05-31-2015,Commerzbank
Q3-15,2015-05-21,6.35,05-31-2015,Commerzbank
Q4-15,2013-12-12,5.7,05-31-2015,Commerzbank
Q4-15,2014-02-07,5.7,05-31-2015,Commerzbank
Q4-15,2014-03-20,5.8,05-31-2015,Commerzbank
Q4-15,2014-04-25,5.8,05-31-2015,Commerzbank
Q4-15,2014-05-19,5.85,05-31-2015,Commerzbank
Q4-15,2014-06-30,5.85,05-31-2015,Commerzbank
Q4-15,2014-08-04,5.85,05-31-2015,Commerzbank
Q4-15,2014-08-29,5.95,05-31-2015,Commerzbank
Q4-15,2014-10-13,5.95,05-31-2015,Commerzbank
Q4-15,2014-11-21,5.95,05-31-2015,Commerzbank
Q4-15,2014-12-19,5.95,05-31-2015,Commerzbank
Q4-15,2015-01-09,6.13,05-31-2015,Commerzbank
Q4-15,2015-01-16,6.13,05-31-2015,Commerzbank
Q4-15,2015-01-30,6.22,05-31-2015,Commerzbank
Q4-15,2015-02-17,6.22,05-31-2015,Commerzbank
Q4-15,2015-03-09,6.35,05-31-2015,Commerzbank
Q4-15,2015-04-15,6.35,05-31-2015,Commerzbank
Q4-15,2015-05-21,6.35,05-31-2015,Commerzbank
Q1-16,2015-03-09,6.35,05-31-2015,Commerzbank
Q1-16,2015-04-15,6.35,05-31-2015,Commerzbank
Q1-16,2015-05-21,6.35,05-31-2015,Commerzbank
2016,2014-11-21,5.85,05-31-2015,Commerzbank
2016,2014-12-19,5.85,05-31-2015,Commerzbank
2016,2015-01-09,6.0,05-31-2015,Commerzbank
2016,2015-01-16,6.0,05-31-2015,Commerzbank
2016,2015-01-30,6.12,05-31-2015,Commerzbank
2016,2015-02-17,6.12,05-31-2015,Commerzbank
2016,2015-03-09,6.35,05-31-2015,Commerzbank
2016,2015-04-15,6.35,05-31-2015,Commerzbank
2016,2015-05-21,6.35,05-31-2015,Commerzbank
Q3-08,2007-10-26,7.1,08-31-2008,Commerzbank
Q3-08,2007-12-18,7.0,08-31-2008,Commerzbank
Q3-08,2008-01-16,7.0,08-31-2008,Commerzbank
Q3-08,2008-01-28,7.0,08-31-2008,Commerzbank
Q3-08,2008-02-11,7.0,08-31-2008,Commerzbank
Q3-08,2008-02-22,6.85,08-31-2008,Commerzbank
Q3-08,2008-03-06,6.85,08-31-2008,Commerzbank
Q3-08,2008-03-28,6.8,08-31-2008,Commerzbank
Q3-08,2008-04-04,6.8,08-31-2008,Commerzbank
Q3-08,2008-04-22,6.8,08-31-2008,Commerzbank
Q3-08,2008-05-12,6.75,08-31-2008,Commerzbank
Q3-08,2008-05-23,6.7,08-31-2008,Commerzbank
Q3-08,2008-06-06,6.7,08-31-2008,Commerzbank
Q3-08,2008-06-27,6.8,08-31-2008,Commerzbank
Q3-08,2008-07-14,6.71,08-31-2008,Commerzbank
Q3-08,2008-08-25,6.7,08-31-2008,Commerzbank
Q4-08,2007-06-22,7.12,08-31-2008,Commerzbank
Q4-08,2007-07-09,7.12,08-31-2008,Commerzbank
Q4-08,2007-08-24,7.12,08-31-2008,Commerzbank
Q4-08,2007-09-27,7.05,08-31-2008,Commerzbank
Q4-08,2007-10-26,7.05,08-31-2008,Commerzbank
Q4-08,2007-11-26,6.9,08-31-2008,Commerzbank
Q4-08,2007-12-18,6.9,08-31-2008,Commerzbank
Q4-08,2008-01-16,6.9,08-31-2008,Commerzbank
Q4-08,2008-01-28,6.9,08-31-2008,Commerzbank
Q4-08,2008-02-11,6.9,08-31-2008,Commerzbank
Q4-08,2008-02-22,6.7,08-31-2008,Commerzbank
Q4-08,2008-03-06,6.7,08-31-2008,Commerzbank
Q4-08,2008-03-28,6.7,08-31-2008,Commerzbank
Q4-08,2008-04-04,6.7,08-31-2008,Commerzbank
Q4-08,2008-04-22,6.7,08-31-2008,Commerzbank
Q4-08,2008-05-12,6.6,08-31-2008,Commerzbank
Q4-08,2008-05-23,6.51,08-31-2008,Commerzbank
Q4-08,2008-06-06,6.51,08-31-2008,Commerzbank
Q4-08,2008-06-27,6.77,08-31-2008,Commerzbank
Q4-08,2008-07-14,6.49,08-31-2008,Commerzbank
Q4-08,2008-08-25,6.7,08-31-2008,Commerzbank
Q1-09,2008-03-06,6.6,08-31-2008,Commerzbank
Q1-09,2008-03-28,6.5,08-31-2008,Commerzbank
Q1-09,2008-04-04,6.5,08-31-2008,Commerzbank
Q1-09,2008-04-22,6.5,08-31-2008,Commerzbank
Q1-09,2008-05-12,6.5,08-31-2008,Commerzbank
Q1-09,2008-05-23,6.31,08-31-2008,Commerzbank
Q1-09,2008-06-06,6.31,08-31-2008,Commerzbank
Q1-09,2008-06-27,6.66,08-31-2008,Commerzbank
Q1-09,2008-07-14,6.29,08-31-2008,Commerzbank
Q1-09,2008-08-25,6.35,08-31-2008,Commerzbank
Q2-09,2008-06-27,6.55,08-31-2008,Commerzbank
Q2-09,2008-07-14,6.09,08-31-2008,Commerzbank
Q2-09,2008-08-25,6.14,08-31-2008,Commerzbank
2009,2007-06-22,6.78,08-31-2008,Commerzbank
2009,2007-07-09,6.78,08-31-2008,Commerzbank
2009,2007-08-24,6.78,08-31-2008,Commerzbank
2009,2007-09-27,6.78,08-31-2008,Commerzbank
2009,2007-10-26,6.78,08-31-2008,Commerzbank
2009,2007-11-26,6.78,08-31-2008,Commerzbank
2009,2007-12-18,6.78,08-31-2008,Commerzbank
2009,2008-06-27,6.33,08-31-2008,Commerzbank
2009,2008-07-14,5.89,08-31-2008,Commerzbank
2009,2008-08-25,5.7,08-31-2008,Commerzbank
2010,2007-06-22,6.17,08-31-2008,Commerzbank
2010,2007-07-09,6.17,08-31-2008,Commerzbank
2010,2007-08-24,6.17,08-31-2008,Commerzbank
2010,2007-09-27,6.17,08-31-2008,Commerzbank
2010,2007-10-26,6.17,08-31-2008,Commerzbank
2010,2007-11-26,6.17,08-31-2008,Commerzbank
2010,2007-12-18,6.17,08-31-2008,Commerzbank
2011,2007-06-22,5.93,08-31-2008,Commerzbank
2011,2007-07-09,5.93,08-31-2008,Commerzbank
2011,2007-08-24,5.93,08-31-2008,Commerzbank
2011,2007-09-27,5.93,08-31-2008,Commerzbank
2011,2007-10-26,5.93,08-31-2008,Commerzbank
2011,2007-11-26,5.93,08-31-2008,Commerzbank
2011,2007-12-18,5.93,08-31-2008,Commerzbank
2012,2007-06-22,5.73,08-31-2008,Commerzbank
2012,2007-07-09,5.73,08-31-2008,Commerzbank
2012,2007-08-24,5.73,08-31-2008,Commerzbank
2012,2007-09-27,5.73,08-31-2008,Commerzbank
2012,2007-10-26,5.73,08-31-2008,Commerzbank
2012,2007-11-26,5.73,08-31-2008,Commerzbank
2012,2007-12-18,5.73,08-31-2008,Commerzbank
Q1-19,2018-03-13,6.55,02-28-2019,Commerzbank
Q1-19,2018-04-13,6.55,02-28-2019,Commerzbank
Q1-19,2018-05-04,6.55,02-28-2019,Commerzbank
Q1-19,2018-06-08,6.64,02-28-2019,Commerzbank
Q1-19,2018-06-29,6.85,02-28-2019,Commerzbank
Q1-19,2018-08-03,6.85,02-28-2019,Commerzbank
Q1-19,2018-08-13,6.85,02-28-2019,Commerzbank
Q1-19,2018-09-07,6.85,02-28-2019,Commerzbank
Q1-19,2018-10-22,6.85,02-28-2019,Commerzbank
Q1-19,2018-11-30,6.85,02-28-2019,Commerzbank
Q1-19,2019-01-22,6.85,02-28-2019,Commerzbank
Q1-19,2019-02-08,6.8,02-28-2019,Commerzbank
Q2-19,2018-06-08,6.66,02-28-2019,Commerzbank
Q2-19,2018-06-29,6.9,02-28-2019,Commerzbank
Q2-19,2018-08-03,6.9,02-28-2019,Commerzbank
Q2-19,2018-08-13,6.9,02-28-2019,Commerzbank
Q2-19,2018-09-07,6.9,02-28-2019,Commerzbank
Q2-19,2018-10-22,6.9,02-28-2019,Commerzbank
Q2-19,2018-11-30,6.9,02-28-2019,Commerzbank
Q2-19,2019-01-22,6.9,02-28-2019,Commerzbank
Q2-19,2019-02-08,6.85,02-28-2019,Commerzbank
Q3-19,2018-09-07,6.93,02-28-2019,Commerzbank
Q3-19,2018-10-22,6.93,02-28-2019,Commerzbank
Q3-19,2018-11-30,6.93,02-28-2019,Commerzbank
Q3-19,2019-01-22,6.93,02-28-2019,Commerzbank
Q3-19,2019-02-08,6.88,02-28-2019,Commerzbank
Q4-19,2017-12-11,6.68,02-28-2019,Commerzbank
Q4-19,2018-01-12,6.68,02-28-2019,Commerzbank
Q4-19,2018-02-02,6.35,02-28-2019,Commerzbank
Q4-19,2018-03-13,6.35,02-28-2019,Commerzbank
Q4-19,2018-04-13,6.35,02-28-2019,Commerzbank
Q4-19,2018-05-04,6.35,02-28-2019,Commerzbank
Q4-19,2018-06-08,6.7,02-28-2019,Commerzbank
Q4-19,2018-06-29,6.95,02-28-2019,Commerzbank
Q4-19,2018-08-03,6.95,02-28-2019,Commerzbank
Q4-19,2018-08-13,6.95,02-28-2019,Commerzbank
Q4-19,2018-09-07,6.95,02-28-2019,Commerzbank
Q4-19,2018-10-22,6.95,02-28-2019,Commerzbank
Q4-19,2018-11-30,6.95,02-28-2019,Commerzbank
Q4-19,2019-01-22,6.95,02-28-2019,Commerzbank
Q4-19,2019-02-08,6.9,02-28-2019,Commerzbank
2020,2018-10-22,7.2,02-28-2019,Commerzbank
2020,2018-11-30,7.2,02-28-2019,Commerzbank
2020,2019-01-22,7.2,02-28-2019,Commerzbank
2020,2019-02-08,7.15,02-28-2019,Commerzbank
Q1-18,2017-03-20,7.2,02-28-2018,Commerzbank
Q1-18,2017-04-07,7.15,02-28-2018,Commerzbank
Q1-18,2017-05-22,7.15,02-28-2018,Commerzbank
Q1-18,2017-06-02,7.15,02-28-2018,Commerzbank
Q1-18,2017-07-07,7.15,02-28-2018,Commerzbank
Q1-18,2017-07-14,7.15,02-28-2018,Commerzbank
Q1-18,2017-08-04,6.83,02-28-2018,Commerzbank
Q1-18,2017-09-25,6.83,02-28-2018,Commerzbank
Q1-18,2017-11-03,6.83,02-28-2018,Commerzbank
Q1-18,2017-12-11,6.7,02-28-2018,Commerzbank
Q1-18,2018-01-12,6.7,02-28-2018,Commerzbank
Q1-18,2018-02-02,6.4,02-28-2018,Commerzbank
Q2-18,2017-06-02,7.2,02-28-2018,Commerzbank
Q2-18,2017-07-07,7.2,02-28-2018,Commerzbank
Q2-18,2017-07-14,7.2,02-28-2018,Commerzbank
Q2-18,2017-08-04,6.84,02-28-2018,Commerzbank
Q2-18,2017-09-25,6.84,02-28-2018,Commerzbank
Q2-18,2017-11-03,6.84,02-28-2018,Commerzbank
Q2-18,2017-12-11,6.75,02-28-2018,Commerzbank
Q2-18,2018-01-12,6.75,02-28-2018,Commerzbank
Q2-18,2018-02-02,6.45,02-28-2018,Commerzbank
Q3-18,2017-07-14,7.25,02-28-2018,Commerzbank
Q3-18,2017-09-25,6.83,02-28-2018,Commerzbank
Q3-18,2017-11-03,6.83,02-28-2018,Commerzbank
Q3-18,2017-12-11,6.78,02-28-2018,Commerzbank
Q3-18,2018-01-12,6.78,02-28-2018,Commerzbank
Q3-18,2018-02-02,6.53,02-28-2018,Commerzbank
Q4-18,2016-12-22,7.4,02-28-2018,Commerzbank
Q4-18,2017-02-03,7.4,02-28-2018,Commerzbank
Q4-18,2017-03-20,7.4,02-28-2018,Commerzbank
Q4-18,2017-04-07,7.25,02-28-2018,Commerzbank
Q4-18,2017-05-22,7.25,02-28-2018,Commerzbank
Q4-18,2017-06-02,7.25,02-28-2018,Commerzbank
Q4-18,2017-07-07,7.25,02-28-2018,Commerzbank
Q4-18,2017-07-14,7.25,02-28-2018,Commerzbank
Q4-18,2017-08-04,6.8,02-28-2018,Commerzbank
Q4-18,2017-09-25,6.8,02-28-2018,Commerzbank
Q4-18,2017-11-03,6.8,02-28-2018,Commerzbank
Q4-18,2017-12-11,6.8,02-28-2018,Commerzbank
Q4-18,2018-01-12,6.8,02-28-2018,Commerzbank
Q4-18,2018-02-02,6.6,02-28-2018,Commerzbank
2019,2017-12-11,6.68,02-28-2018,Commerzbank
2019,2018-01-12,6.68,02-28-2018,Commerzbank
2019,2018-02-02,6.35,02-28-2018,Commerzbank
Q3-09,2008-10-27,6.84,08-31-2009,Commerzbank
Q3-09,2008-12-09,6.84,08-31-2009,Commerzbank
Q3-09,2009-06-15,6.84,08-31-2009,Commerzbank
Q4-09,2007-09-27,6.78,08-31-2009,Commerzbank
Q4-09,2007-10-26,6.78,08-31-2009,Commerzbank
Q4-09,2007-11-26,6.78,08-31-2009,Commerzbank
Q4-09,2007-12-18,6.78,08-31-2009,Commerzbank
Q4-09,2008-06-27,6.33,08-31-2009,Commerzbank
Q4-09,2008-07-14,5.89,08-31-2009,Commerzbank
Q4-09,2008-08-25,5.7,08-31-2009,Commerzbank
Q4-09,2008-12-09,6.84,08-31-2009,Commerzbank
Q4-09,2009-06-15,6.84,08-31-2009,Commerzbank
Q1-10,2009-06-15,6.84,08-31-2009,Commerzbank
Q2-10,2009-06-15,6.84,08-31-2009,Commerzbank
2010,2007-09-27,6.17,08-31-2009,Commerzbank
2010,2007-10-26,6.17,08-31-2009,Commerzbank
2010,2007-11-26,6.17,08-31-2009,Commerzbank
2010,2007-12-18,6.17,08-31-2009,Commerzbank
2011,2007-09-27,5.93,08-31-2009,Commerzbank
2011,2007-10-26,5.93,08-31-2009,Commerzbank
2011,2007-11-26,5.93,08-31-2009,Commerzbank
2011,2007-12-18,5.93,08-31-2009,Commerzbank
2012,2007-09-27,5.73,08-31-2009,Commerzbank
2012,2007-10-26,5.73,08-31-2009,Commerzbank
2012,2007-11-26,5.73,08-31-2009,Commerzbank
2012,2007-12-18,5.73,08-31-2009,Commerzbank
Q2-14,2013-07-04,5.77,05-31-2014,Commerzbank
Q2-14,2013-08-12,5.77,05-31-2014,Commerzbank
Q2-14,2013-09-06,5.77,05-31-2014,Commerzbank
Q2-14,2013-09-30,5.87,05-31-2014,Commerzbank
Q2-14,2013-11-08,5.9,05-31-2014,Commerzbank
Q2-14,2013-12-12,5.9,05-31-2014,Commerzbank
Q2-14,2014-02-07,5.9,05-31-2014,Commerzbank
Q2-14,2014-03-20,6.15,05-31-2014,Commerzbank
Q2-14,2014-04-25,6.15,05-31-2014,Commerzbank
Q2-14,2014-05-19,6.25,05-31-2014,Commerzbank
Q3-14,2013-09-30,5.75,05-31-2014,Commerzbank
Q3-14,2013-11-08,5.8,05-31-2014,Commerzbank
Q3-14,2013-12-12,5.8,05-31-2014,Commerzbank
Q3-14,2014-02-07,5.8,05-31-2014,Commerzbank
Q3-14,2014-03-20,6.1,05-31-2014,Commerzbank
Q3-14,2014-04-25,6.1,05-31-2014,Commerzbank
Q3-14,2014-05-19,6.1,05-31-2014,Commerzbank
Q4-14,2013-01-10,5.76,05-31-2014,Commerzbank
Q4-14,2013-01-11,5.59,05-31-2014,Commerzbank
Q4-14,2013-02-01,5.59,05-31-2014,Commerzbank
Q4-14,2013-03-26,5.59,05-31-2014,Commerzbank
Q4-14,2013-04-29,5.59,05-31-2014,Commerzbank
Q4-14,2013-05-07,5.59,05-31-2014,Commerzbank
Q4-14,2013-05-30,5.59,05-31-2014,Commerzbank
Q4-14,2013-07-04,5.59,05-31-2014,Commerzbank
Q4-14,2013-08-12,5.59,05-31-2014,Commerzbank
Q4-14,2013-09-06,5.59,05-31-2014,Commerzbank
Q4-14,2013-09-30,5.7,05-31-2014,Commerzbank
Q4-14,2013-11-08,5.7,05-31-2014,Commerzbank
Q4-14,2013-12-12,5.7,05-31-2014,Commerzbank
Q4-14,2014-02-07,5.7,05-31-2014,Commerzbank
Q4-14,2014-03-20,6.0,05-31-2014,Commerzbank
Q4-14,2014-04-25,6.0,05-31-2014,Commerzbank
Q4-14,2014-05-19,6.05,05-31-2014,Commerzbank
Q1-15,2014-04-25,5.95,05-31-2014,Commerzbank
Q1-15,2014-05-19,5.95,05-31-2014,Commerzbank
2015,2013-12-12,5.7,05-31-2014,Commerzbank
2015,2014-02-07,5.7,05-31-2014,Commerzbank
2015,2014-03-20,5.8,05-31-2014,Commerzbank
2015,2014-04-25,5.8,05-31-2014,Commerzbank
2015,2014-05-19,5.85,05-31-2014,Commerzbank
Q1-22,2021-03-05,6.85,02-28-2022,Commerzbank
Q1-22,2021-04-16,6.85,02-28-2022,Commerzbank
Q1-22,2021-05-07,6.85,02-28-2022,Commerzbank
Q1-22,2021-06-04,6.62,02-28-2022,Commerzbank
Q1-22,2021-08-06,6.62,02-28-2022,Commerzbank
Q1-22,2021-09-03,6.62,02-28-2022,Commerzbank
Q1-22,2021-10-08,6.62,02-28-2022,Commerzbank
Q1-22,2021-11-30,6.55,02-28-2022,Commerzbank
Q1-22,2021-12-03,6.55,02-28-2022,Commerzbank
Q1-22,2022-01-14,6.55,02-28-2022,Commerzbank
Q1-22,2022-02-04,6.55,02-28-2022,Commerzbank
Q2-22,2021-06-04,6.65,02-28-2022,Commerzbank
Q2-22,2021-08-06,6.65,02-28-2022,Commerzbank
Q2-22,2021-09-03,6.65,02-28-2022,Commerzbank
Q2-22,2021-10-08,6.65,02-28-2022,Commerzbank
Q2-22,2021-11-30,6.6,02-28-2022,Commerzbank
Q2-22,2021-12-03,6.6,02-28-2022,Commerzbank
Q2-22,2022-01-14,6.6,02-28-2022,Commerzbank
Q2-22,2022-02-04,6.6,02-28-2022,Commerzbank
Q3-22,2021-09-03,6.68,02-28-2022,Commerzbank
Q3-22,2021-10-08,6.68,02-28-2022,Commerzbank
Q3-22,2021-11-30,6.65,02-28-2022,Commerzbank
Q3-22,2021-12-03,6.65,02-28-2022,Commerzbank
Q3-22,2022-01-14,6.65,02-28-2022,Commerzbank
Q3-22,2022-02-04,6.65,02-28-2022,Commerzbank
Q4-22,2021-01-15,6.93,02-28-2022,Commerzbank
Q4-22,2021-02-15,6.93,02-28-2022,Commerzbank
Q4-22,2021-03-05,6.93,02-28-2022,Commerzbank
Q4-22,2021-04-16,6.93,02-28-2022,Commerzbank
Q4-22,2021-05-07,6.93,02-28-2022,Commerzbank
Q4-22,2021-06-04,6.7,02-28-2022,Commerzbank
Q4-22,2021-08-06,6.7,02-28-2022,Commerzbank
Q4-22,2021-09-03,6.7,02-28-2022,Commerzbank
Q4-22,2021-10-08,6.7,02-28-2022,Commerzbank
Q4-22,2021-11-30,6.7,02-28-2022,Commerzbank
Q4-22,2021-12-03,6.7,02-28-2022,Commerzbank
Q4-22,2022-01-14,6.7,02-28-2022,Commerzbank
Q4-22,2022-02-04,6.7,02-28-2022,Commerzbank
2023,2021-06-04,6.8,02-28-2022,Commerzbank
2023,2021-11-30,6.8,02-28-2022,Commerzbank
2023,2021-12-03,6.8,02-28-2022,Commerzbank
2023,2022-01-14,6.8,02-28-2022,Commerzbank
2023,2022-02-04,6.8,02-28-2022,Commerzbank
Q4-13,2011-12-20,5.85,11-30-2013,Commerzbank
Q4-13,2012-01-24,5.94,11-30-2013,Commerzbank
Q4-13,2012-01-26,5.94,11-30-2013,Commerzbank
Q4-13,2012-04-26,5.85,11-30-2013,Commerzbank
Q4-13,2012-06-04,6.05,11-30-2013,Commerzbank
Q4-13,2012-07-06,6.3,11-30-2013,Commerzbank
Q4-13,2012-08-17,6.3,11-30-2013,Commerzbank
Q4-13,2012-10-01,6.14,11-30-2013,Commerzbank
Q4-13,2012-11-02,6.14,11-30-2013,Commerzbank
Q4-13,2012-12-04,6.14,11-30-2013,Commerzbank
Q4-13,2013-01-10,6.07,11-30-2013,Commerzbank
Q4-13,2013-01-11,5.95,11-30-2013,Commerzbank
Q4-13,2013-02-01,5.95,11-30-2013,Commerzbank
Q4-13,2013-03-26,5.95,11-30-2013,Commerzbank
Q4-13,2013-04-29,5.95,11-30-2013,Commerzbank
Q4-13,2013-05-07,5.95,11-30-2013,Commerzbank
Q4-13,2013-05-30,5.95,11-30-2013,Commerzbank
Q4-13,2013-07-04,5.95,11-30-2013,Commerzbank
Q4-13,2013-08-12,5.95,11-30-2013,Commerzbank
Q4-13,2013-09-06,5.95,11-30-2013,Commerzbank
Q4-13,2013-09-30,6.05,11-30-2013,Commerzbank
Q4-13,2013-11-08,6.1,11-30-2013,Commerzbank
Q1-14,2013-04-29,5.86,11-30-2013,Commerzbank
Q1-14,2013-05-07,5.86,11-30-2013,Commerzbank
Q1-14,2013-05-30,5.86,11-30-2013,Commerzbank
Q1-14,2013-07-04,5.86,11-30-2013,Commerzbank
Q1-14,2013-08-12,5.86,11-30-2013,Commerzbank
Q1-14,2013-09-06,5.86,11-30-2013,Commerzbank
Q1-14,2013-09-30,5.96,11-30-2013,Commerzbank
Q1-14,2013-11-08,6.0,11-30-2013,Commerzbank
Q2-14,2013-07-04,5.77,11-30-2013,Commerzbank
Q2-14,2013-08-12,5.77,11-30-2013,Commerzbank
Q2-14,2013-09-06,5.77,11-30-2013,Commerzbank
Q2-14,2013-09-30,5.87,11-30-2013,Commerzbank
Q2-14,2013-11-08,5.9,11-30-2013,Commerzbank
Q3-14,2013-09-30,5.75,11-30-2013,Commerzbank
Q3-14,2013-11-08,5.8,11-30-2013,Commerzbank
2014,2011-12-20,5.76,11-30-2013,Commerzbank
2014,2013-01-10,5.76,11-30-2013,Commerzbank
2014,2013-01-11,5.59,11-30-2013,Commerzbank
2014,2013-02-01,5.59,11-30-2013,Commerzbank
2014,2013-03-26,5.59,11-30-2013,Commerzbank
2014,2013-04-29,5.59,11-30-2013,Commerzbank
2014,2013-05-07,5.59,11-30-2013,Commerzbank
2014,2013-05-30,5.59,11-30-2013,Commerzbank
2014,2013-07-04,5.59,11-30-2013,Commerzbank
2014,2013-08-12,5.59,11-30-2013,Commerzbank
2014,2013-09-06,5.59,11-30-2013,Commerzbank
2014,2013-09-30,5.7,11-30-2013,Commerzbank
2014,2013-11-08,5.7,11-30-2013,Commerzbank
Q1-14,2013-04-29,5.86,02-28-2014,Commerzbank
Q1-14,2013-05-07,5.86,02-28-2014,Commerzbank
Q1-14,2013-05-30,5.86,02-28-2014,Commerzbank
Q1-14,2013-07-04,5.86,02-28-2014,Commerzbank
Q1-14,2013-08-12,5.86,02-28-2014,Commerzbank
Q1-14,2013-09-06,5.86,02-28-2014,Commerzbank
Q1-14,2013-09-30,5.96,02-28-2014,Commerzbank
Q1-14,2013-11-08,6.0,02-28-2014,Commerzbank
Q1-14,2013-12-12,6.0,02-28-2014,Commerzbank
Q1-14,2014-02-07,6.0,02-28-2014,Commerzbank
Q2-14,2013-07-04,5.77,02-28-2014,Commerzbank
Q2-14,2013-08-12,5.77,02-28-2014,Commerzbank
Q2-14,2013-09-06,5.77,02-28-2014,Commerzbank
Q2-14,2013-09-30,5.87,02-28-2014,Commerzbank
Q2-14,2013-11-08,5.9,02-28-2014,Commerzbank
Q2-14,2013-12-12,5.9,02-28-2014,Commerzbank
Q2-14,2014-02-07,5.9,02-28-2014,Commerzbank
Q3-14,2013-09-30,5.75,02-28-2014,Commerzbank
Q3-14,2013-11-08,5.8,02-28-2014,Commerzbank
Q3-14,2013-12-12,5.8,02-28-2014,Commerzbank
Q3-14,2014-02-07,5.8,02-28-2014,Commerzbank
Q4-14,2013-01-10,5.76,02-28-2014,Commerzbank
Q4-14,2013-01-11,5.59,02-28-2014,Commerzbank
Q4-14,2013-02-01,5.59,02-28-2014,Commerzbank
Q4-14,2013-03-26,5.59,02-28-2014,Commerzbank
Q4-14,2013-04-29,5.59,02-28-2014,Commerzbank
Q4-14,2013-05-07,5.59,02-28-2014,Commerzbank
Q4-14,2013-05-30,5.59,02-28-2014,Commerzbank
Q4-14,2013-07-04,5.59,02-28-2014,Commerzbank
Q4-14,2013-08-12,5.59,02-28-2014,Commerzbank
Q4-14,2013-09-06,5.59,02-28-2014,Commerzbank
Q4-14,2013-09-30,5.7,02-28-2014,Commerzbank
Q4-14,2013-11-08,5.7,02-28-2014,Commerzbank
Q4-14,2013-12-12,5.7,02-28-2014,Commerzbank
Q4-14,2014-02-07,5.7,02-28-2014,Commerzbank
2015,2013-12-12,5.7,02-28-2014,Commerzbank
2015,2014-02-07,5.7,02-28-2014,Commerzbank
Q3-13,2011-12-20,5.9,08-31-2013,Commerzbank
Q3-13,2012-04-26,5.9,08-31-2013,Commerzbank
Q3-13,2012-10-01,6.1,08-31-2013,Commerzbank
Q3-13,2012-11-02,6.01,08-31-2013,Commerzbank
Q3-13,2012-12-04,6.01,08-31-2013,Commerzbank
Q3-13,2013-01-10,6.01,08-31-2013,Commerzbank
Q3-13,2013-01-11,6.01,08-31-2013,Commerzbank
Q3-13,2013-02-01,6.01,08-31-2013,Commerzbank
Q3-13,2013-03-26,6.01,08-31-2013,Commerzbank
Q3-13,2013-04-29,6.01,08-31-2013,Commerzbank
Q3-13,2013-05-07,6.01,08-31-2013,Commerzbank
Q3-13,2013-05-30,6.01,08-31-2013,Commerzbank
Q3-13,2013-07-04,6.01,08-31-2013,Commerzbank
Q3-13,2013-08-12,6.05,08-31-2013,Commerzbank
Q4-13,2011-12-20,5.85,08-31-2013,Commerzbank
Q4-13,2012-01-24,5.94,08-31-2013,Commerzbank
Q4-13,2012-01-26,5.94,08-31-2013,Commerzbank
Q4-13,2012-04-26,5.85,08-31-2013,Commerzbank
Q4-13,2012-06-04,6.05,08-31-2013,Commerzbank
Q4-13,2012-07-06,6.3,08-31-2013,Commerzbank
Q4-13,2012-08-17,6.3,08-31-2013,Commerzbank
Q4-13,2012-10-01,6.14,08-31-2013,Commerzbank
Q4-13,2012-11-02,6.14,08-31-2013,Commerzbank
Q4-13,2012-12-04,6.14,08-31-2013,Commerzbank
Q4-13,2013-01-10,6.07,08-31-2013,Commerzbank
Q4-13,2013-01-11,5.95,08-31-2013,Commerzbank
Q4-13,2013-02-01,5.95,08-31-2013,Commerzbank
Q4-13,2013-03-26,5.95,08-31-2013,Commerzbank
Q4-13,2013-04-29,5.95,08-31-2013,Commerzbank
Q4-13,2013-05-07,5.95,08-31-2013,Commerzbank
Q4-13,2013-05-30,5.95,08-31-2013,Commerzbank
Q4-13,2013-07-04,5.95,08-31-2013,Commerzbank
Q4-13,2013-08-12,5.95,08-31-2013,Commerzbank
Q1-14,2013-04-29,5.86,08-31-2013,Commerzbank
Q1-14,2013-05-07,5.86,08-31-2013,Commerzbank
Q1-14,2013-05-30,5.86,08-31-2013,Commerzbank
Q1-14,2013-07-04,5.86,08-31-2013,Commerzbank
Q1-14,2013-08-12,5.86,08-31-2013,Commerzbank
Q2-14,2013-07-04,5.77,08-31-2013,Commerzbank
Q2-14,2013-08-12,5.77,08-31-2013,Commerzbank
2014,2011-12-20,5.76,08-31-2013,Commerzbank
2014,2013-01-10,5.76,08-31-2013,Commerzbank
2014,2013-01-11,5.59,08-31-2013,Commerzbank
2014,2013-02-01,5.59,08-31-2013,Commerzbank
2014,2013-03-26,5.59,08-31-2013,Commerzbank
2014,2013-04-29,5.59,08-31-2013,Commerzbank
2014,2013-05-07,5.59,08-31-2013,Commerzbank
2014,2013-05-30,5.59,08-31-2013,Commerzbank
2014,2013-07-04,5.59,08-31-2013,Commerzbank
2014,2013-08-12,5.59,08-31-2013,Commerzbank
Q2-18,2017-06-02,7.2,05-31-2018,Commerzbank
Q2-18,2017-07-07,7.2,05-31-2018,Commerzbank
Q2-18,2017-07-14,7.2,05-31-2018,Commerzbank
Q2-18,2017-08-04,6.84,05-31-2018,Commerzbank
Q2-18,2017-09-25,6.84,05-31-2018,Commerzbank
Q2-18,2017-11-03,6.84,05-31-2018,Commerzbank
Q2-18,2017-12-11,6.75,05-31-2018,Commerzbank
Q2-18,2018-01-12,6.75,05-31-2018,Commerzbank
Q2-18,2018-02-02,6.45,05-31-2018,Commerzbank
Q2-18,2018-03-13,6.45,05-31-2018,Commerzbank
Q2-18,2018-04-13,6.45,05-31-2018,Commerzbank
Q2-18,2018-05-04,6.45,05-31-2018,Commerzbank
Q3-18,2017-07-14,7.25,05-31-2018,Commerzbank
Q3-18,2017-09-25,6.83,05-31-2018,Commerzbank
Q3-18,2017-11-03,6.83,05-31-2018,Commerzbank
Q3-18,2017-12-11,6.78,05-31-2018,Commerzbank
Q3-18,2018-01-12,6.78,05-31-2018,Commerzbank
Q3-18,2018-02-02,6.53,05-31-2018,Commerzbank
Q3-18,2018-03-13,6.53,05-31-2018,Commerzbank
Q3-18,2018-04-13,6.53,05-31-2018,Commerzbank
Q3-18,2018-05-04,6.53,05-31-2018,Commerzbank
Q4-18,2016-12-22,7.4,05-31-2018,Commerzbank
Q4-18,2017-02-03,7.4,05-31-2018,Commerzbank
Q4-18,2017-03-20,7.4,05-31-2018,Commerzbank
Q4-18,2017-04-07,7.25,05-31-2018,Commerzbank
Q4-18,2017-05-22,7.25,05-31-2018,Commerzbank
Q4-18,2017-06-02,7.25,05-31-2018,Commerzbank
Q4-18,2017-07-07,7.25,05-31-2018,Commerzbank
Q4-18,2017-07-14,7.25,05-31-2018,Commerzbank
Q4-18,2017-08-04,6.8,05-31-2018,Commerzbank
Q4-18,2017-09-25,6.8,05-31-2018,Commerzbank
Q4-18,2017-11-03,6.8,05-31-2018,Commerzbank
Q4-18,2017-12-11,6.8,05-31-2018,Commerzbank
Q4-18,2018-01-12,6.8,05-31-2018,Commerzbank
Q4-18,2018-02-02,6.6,05-31-2018,Commerzbank
Q4-18,2018-03-13,6.6,05-31-2018,Commerzbank
Q4-18,2018-04-13,6.6,05-31-2018,Commerzbank
Q4-18,2018-05-04,6.6,05-31-2018,Commerzbank
Q1-19,2018-03-13,6.55,05-31-2018,Commerzbank
Q1-19,2018-04-13,6.55,05-31-2018,Commerzbank
Q1-19,2018-05-04,6.55,05-31-2018,Commerzbank
2019,2017-12-11,6.68,05-31-2018,Commerzbank
2019,2018-01-12,6.68,05-31-2018,Commerzbank
2019,2018-02-02,6.35,05-31-2018,Commerzbank
2019,2018-03-13,6.35,05-31-2018,Commerzbank
2019,2018-04-13,6.35,05-31-2018,Commerzbank
2019,2018-05-04,6.35,05-31-2018,Commerzbank
Q4-09,2007-12-18,6.78,11-30-2009,Commerzbank
Q4-09,2008-06-27,6.33,11-30-2009,Commerzbank
Q4-09,2008-07-14,5.89,11-30-2009,Commerzbank
Q4-09,2008-08-25,5.7,11-30-2009,Commerzbank
Q4-09,2008-12-09,6.84,11-30-2009,Commerzbank
Q4-09,2009-06-15,6.84,11-30-2009,Commerzbank
Q1-10,2009-06-15,6.84,11-30-2009,Commerzbank
Q2-10,2009-06-15,6.84,11-30-2009,Commerzbank
2010,2007-12-18,6.17,11-30-2009,Commerzbank
2011,2007-12-18,5.93,11-30-2009,Commerzbank
2012,2007-12-18,5.73,11-30-2009,Commerzbank
Q4-14,2013-01-10,5.76,11-30-2014,Commerzbank
Q4-14,2013-01-11,5.59,11-30-2014,Commerzbank
Q4-14,2013-02-01,5.59,11-30-2014,Commerzbank
Q4-14,2013-03-26,5.59,11-30-2014,Commerzbank
Q4-14,2013-04-29,5.59,11-30-2014,Commerzbank
Q4-14,2013-05-07,5.59,11-30-2014,Commerzbank
Q4-14,2013-05-30,5.59,11-30-2014,Commerzbank
Q4-14,2013-07-04,5.59,11-30-2014,Commerzbank
Q4-14,2013-08-12,5.59,11-30-2014,Commerzbank
Q4-14,2013-09-06,5.59,11-30-2014,Commerzbank
Q4-14,2013-09-30,5.7,11-30-2014,Commerzbank
Q4-14,2013-11-08,5.7,11-30-2014,Commerzbank
Q4-14,2013-12-12,5.7,11-30-2014,Commerzbank
Q4-14,2014-02-07,5.7,11-30-2014,Commerzbank
Q4-14,2014-03-20,6.0,11-30-2014,Commerzbank
Q4-14,2014-04-25,6.0,11-30-2014,Commerzbank
Q4-14,2014-05-19,6.05,11-30-2014,Commerzbank
Q4-14,2014-06-30,6.05,11-30-2014,Commerzbank
Q4-14,2014-08-04,6.05,11-30-2014,Commerzbank
Q4-14,2014-08-29,6.1,11-30-2014,Commerzbank
Q4-14,2014-10-13,6.1,11-30-2014,Commerzbank
Q4-14,2014-11-21,6.1,11-30-2014,Commerzbank
Q1-15,2014-04-25,5.95,11-30-2014,Commerzbank
Q1-15,2014-05-19,5.95,11-30-2014,Commerzbank
Q1-15,2014-06-30,5.95,11-30-2014,Commerzbank
Q1-15,2014-08-04,5.95,11-30-2014,Commerzbank
Q1-15,2014-08-29,6.05,11-30-2014,Commerzbank
Q1-15,2014-10-13,6.05,11-30-2014,Commerzbank
Q1-15,2014-11-21,6.05,11-30-2014,Commerzbank
Q2-15,2014-06-30,5.9,11-30-2014,Commerzbank
Q2-15,2014-08-04,5.9,11-30-2014,Commerzbank
Q2-15,2014-08-29,6.0,11-30-2014,Commerzbank
Q2-15,2014-10-13,6.0,11-30-2014,Commerzbank
Q2-15,2014-11-21,6.0,11-30-2014,Commerzbank
Q3-15,2014-10-13,5.95,11-30-2014,Commerzbank
Q3-15,2014-11-21,5.95,11-30-2014,Commerzbank
2015,2013-12-12,5.7,11-30-2014,Commerzbank
2015,2014-02-07,5.7,11-30-2014,Commerzbank
2015,2014-03-20,5.8,11-30-2014,Commerzbank
2015,2014-04-25,5.8,11-30-2014,Commerzbank
2015,2014-05-19,5.85,11-30-2014,Commerzbank
2015,2014-06-30,5.85,11-30-2014,Commerzbank
2015,2014-08-04,5.85,11-30-2014,Commerzbank
2015,2014-08-29,5.95,11-30-2014,Commerzbank
2015,2014-10-13,5.95,11-30-2014,Commerzbank
2015,2014-11-21,5.95,11-30-2014,Commerzbank
2016,2014-11-21,5.85,11-30-2014,Commerzbank
Q1-09,2008-03-06,6.6,02-28-2009,Commerzbank
Q1-09,2008-03-28,6.5,02-28-2009,Commerzbank
Q1-09,2008-04-04,6.5,02-28-2009,Commerzbank
Q1-09,2008-04-22,6.5,02-28-2009,Commerzbank
Q1-09,2008-05-12,6.5,02-28-2009,Commerzbank
Q1-09,2008-05-23,6.31,02-28-2009,Commerzbank
Q1-09,2008-06-06,6.31,02-28-2009,Commerzbank
Q1-09,2008-06-27,6.66,02-28-2009,Commerzbank
Q1-09,2008-07-14,6.29,02-28-2009,Commerzbank
Q1-09,2008-08-25,6.35,02-28-2009,Commerzbank
Q1-09,2008-10-27,6.84,02-28-2009,Commerzbank
Q1-09,2008-12-09,6.84,02-28-2009,Commerzbank
Q2-09,2008-06-27,6.55,02-28-2009,Commerzbank
Q2-09,2008-07-14,6.09,02-28-2009,Commerzbank
Q2-09,2008-08-25,6.14,02-28-2009,Commerzbank
Q2-09,2008-10-27,6.84,02-28-2009,Commerzbank
Q2-09,2008-12-09,6.84,02-28-2009,Commerzbank
Q3-09,2008-10-27,6.84,02-28-2009,Commerzbank
Q3-09,2008-12-09,6.84,02-28-2009,Commerzbank
Q4-09,2007-06-22,6.78,02-28-2009,Commerzbank
Q4-09,2007-07-09,6.78,02-28-2009,Commerzbank
Q4-09,2007-08-24,6.78,02-28-2009,Commerzbank
Q4-09,2007-09-27,6.78,02-28-2009,Commerzbank
Q4-09,2007-10-26,6.78,02-28-2009,Commerzbank
Q4-09,2007-11-26,6.78,02-28-2009,Commerzbank
Q4-09,2007-12-18,6.78,02-28-2009,Commerzbank
Q4-09,2008-06-27,6.33,02-28-2009,Commerzbank
Q4-09,2008-07-14,5.89,02-28-2009,Commerzbank
Q4-09,2008-08-25,5.7,02-28-2009,Commerzbank
Q4-09,2008-12-09,6.84,02-28-2009,Commerzbank
2010,2007-06-22,6.17,02-28-2009,Commerzbank
2010,2007-07-09,6.17,02-28-2009,Commerzbank
2010,2007-08-24,6.17,02-28-2009,Commerzbank
2010,2007-09-27,6.17,02-28-2009,Commerzbank
2010,2007-10-26,6.17,02-28-2009,Commerzbank
2010,2007-11-26,6.17,02-28-2009,Commerzbank
2010,2007-12-18,6.17,02-28-2009,Commerzbank
2011,2007-06-22,5.93,02-28-2009,Commerzbank
2011,2007-07-09,5.93,02-28-2009,Commerzbank
2011,2007-08-24,5.93,02-28-2009,Commerzbank
2011,2007-09-27,5.93,02-28-2009,Commerzbank
2011,2007-10-26,5.93,02-28-2009,Commerzbank
2011,2007-11-26,5.93,02-28-2009,Commerzbank
2011,2007-12-18,5.93,02-28-2009,Commerzbank
2012,2007-06-22,5.73,02-28-2009,Commerzbank
2012,2007-07-09,5.73,02-28-2009,Commerzbank
2012,2007-08-24,5.73,02-28-2009,Commerzbank
2012,2007-09-27,5.73,02-28-2009,Commerzbank
2012,2007-10-26,5.73,02-28-2009,Commerzbank
2012,2007-11-26,5.73,02-28-2009,Commerzbank
2012,2007-12-18,5.73,02-28-2009,Commerzbank
Q2-13,2011-12-20,5.95,05-31-2013,Commerzbank
Q2-13,2012-04-26,5.95,05-31-2013,Commerzbank
Q2-13,2012-07-06,6.15,05-31-2013,Commerzbank
Q2-13,2012-08-17,6.15,05-31-2013,Commerzbank
Q2-13,2012-10-01,6.15,05-31-2013,Commerzbank
Q2-13,2012-11-02,6.08,05-31-2013,Commerzbank
Q2-13,2012-12-04,6.08,05-31-2013,Commerzbank
Q2-13,2013-01-10,6.08,05-31-2013,Commerzbank
Q2-13,2013-01-11,6.08,05-31-2013,Commerzbank
Q2-13,2013-02-01,6.08,05-31-2013,Commerzbank
Q2-13,2013-03-26,6.08,05-31-2013,Commerzbank
Q2-13,2013-04-29,6.08,05-31-2013,Commerzbank
Q2-13,2013-05-07,6.08,05-31-2013,Commerzbank
Q2-13,2013-05-30,6.08,05-31-2013,Commerzbank
Q3-13,2011-12-20,5.9,05-31-2013,Commerzbank
Q3-13,2012-04-26,5.9,05-31-2013,Commerzbank
Q3-13,2012-10-01,6.1,05-31-2013,Commerzbank
Q3-13,2012-11-02,6.01,05-31-2013,Commerzbank
Q3-13,2012-12-04,6.01,05-31-2013,Commerzbank
Q3-13,2013-01-10,6.01,05-31-2013,Commerzbank
Q3-13,2013-01-11,6.01,05-31-2013,Commerzbank
Q3-13,2013-02-01,6.01,05-31-2013,Commerzbank
Q3-13,2013-03-26,6.01,05-31-2013,Commerzbank
Q3-13,2013-04-29,6.01,05-31-2013,Commerzbank
Q3-13,2013-05-07,6.01,05-31-2013,Commerzbank
Q3-13,2013-05-30,6.01,05-31-2013,Commerzbank
Q4-13,2011-12-20,5.85,05-31-2013,Commerzbank
Q4-13,2012-01-24,5.94,05-31-2013,Commerzbank
Q4-13,2012-01-26,5.94,05-31-2013,Commerzbank
Q4-13,2012-04-26,5.85,05-31-2013,Commerzbank
Q4-13,2012-06-04,6.05,05-31-2013,Commerzbank
Q4-13,2012-07-06,6.3,05-31-2013,Commerzbank
Q4-13,2012-08-17,6.3,05-31-2013,Commerzbank
Q4-13,2012-10-01,6.14,05-31-2013,Commerzbank
Q4-13,2012-11-02,6.14,05-31-2013,Commerzbank
Q4-13,2012-12-04,6.14,05-31-2013,Commerzbank
Q4-13,2013-01-10,6.07,05-31-2013,Commerzbank
Q4-13,2013-01-11,5.95,05-31-2013,Commerzbank
Q4-13,2013-02-01,5.95,05-31-2013,Commerzbank
Q4-13,2013-03-26,5.95,05-31-2013,Commerzbank
Q4-13,2013-04-29,5.95,05-31-2013,Commerzbank
Q4-13,2013-05-07,5.95,05-31-2013,Commerzbank
Q4-13,2013-05-30,5.95,05-31-2013,Commerzbank
Q1-14,2013-04-29,5.86,05-31-2013,Commerzbank
Q1-14,2013-05-07,5.86,05-31-2013,Commerzbank
Q1-14,2013-05-30,5.86,05-31-2013,Commerzbank
2014,2011-12-20,5.76,05-31-2013,Commerzbank
2014,2013-01-10,5.76,05-31-2013,Commerzbank
2014,2013-01-11,5.59,05-31-2013,Commerzbank
2014,2013-02-01,5.59,05-31-2013,Commerzbank
2014,2013-03-26,5.59,05-31-2013,Commerzbank
2014,2013-04-29,5.59,05-31-2013,Commerzbank
2014,2013-05-07,5.59,05-31-2013,Commerzbank
2014,2013-05-30,5.59,05-31-2013,Commerzbank
Q3-18,2017-07-14,7.25,08-31-2018,Commerzbank
Q3-18,2017-09-25,6.83,08-31-2018,Commerzbank
Q3-18,2017-11-03,6.83,08-31-2018,Commerzbank
Q3-18,2017-12-11,6.78,08-31-2018,Commerzbank
Q3-18,2018-01-12,6.78,08-31-2018,Commerzbank
Q3-18,2018-02-02,6.53,08-31-2018,Commerzbank
Q3-18,2018-03-13,6.53,08-31-2018,Commerzbank
Q3-18,2018-04-13,6.53,08-31-2018,Commerzbank
Q3-18,2018-05-04,6.53,08-31-2018,Commerzbank
Q3-18,2018-06-08,6.53,08-31-2018,Commerzbank
Q3-18,2018-06-29,6.7,08-31-2018,Commerzbank
Q3-18,2018-08-03,6.8,08-31-2018,Commerzbank
Q3-18,2018-08-13,6.8,08-31-2018,Commerzbank
Q4-18,2016-12-22,7.4,08-31-2018,Commerzbank
Q4-18,2017-02-03,7.4,08-31-2018,Commerzbank
Q4-18,2017-03-20,7.4,08-31-2018,Commerzbank
Q4-18,2017-04-07,7.25,08-31-2018,Commerzbank
Q4-18,2017-05-22,7.25,08-31-2018,Commerzbank
Q4-18,2017-06-02,7.25,08-31-2018,Commerzbank
Q4-18,2017-07-07,7.25,08-31-2018,Commerzbank
Q4-18,2017-07-14,7.25,08-31-2018,Commerzbank
Q4-18,2017-08-04,6.8,08-31-2018,Commerzbank
Q4-18,2017-09-25,6.8,08-31-2018,Commerzbank
Q4-18,2017-11-03,6.8,08-31-2018,Commerzbank
Q4-18,2017-12-11,6.8,08-31-2018,Commerzbank
Q4-18,2018-01-12,6.8,08-31-2018,Commerzbank
Q4-18,2018-02-02,6.6,08-31-2018,Commerzbank
Q4-18,2018-03-13,6.6,08-31-2018,Commerzbank
Q4-18,2018-04-13,6.6,08-31-2018,Commerzbank
Q4-18,2018-05-04,6.6,08-31-2018,Commerzbank
Q4-18,2018-06-08,6.6,08-31-2018,Commerzbank
Q4-18,2018-06-29,6.8,08-31-2018,Commerzbank
Q4-18,2018-08-03,6.8,08-31-2018,Commerzbank
Q4-18,2018-08-13,6.8,08-31-2018,Commerzbank
Q1-19,2018-03-13,6.55,08-31-2018,Commerzbank
Q1-19,2018-04-13,6.55,08-31-2018,Commerzbank
Q1-19,2018-05-04,6.55,08-31-2018,Commerzbank
Q1-19,2018-06-08,6.64,08-31-2018,Commerzbank
Q1-19,2018-06-29,6.85,08-31-2018,Commerzbank
Q1-19,2018-08-03,6.85,08-31-2018,Commerzbank
Q1-19,2018-08-13,6.85,08-31-2018,Commerzbank
Q2-19,2018-06-08,6.66,08-31-2018,Commerzbank
Q2-19,2018-06-29,6.9,08-31-2018,Commerzbank
Q2-19,2018-08-03,6.9,08-31-2018,Commerzbank
Q2-19,2018-08-13,6.9,08-31-2018,Commerzbank
2019,2017-12-11,6.68,08-31-2018,Commerzbank
2019,2018-01-12,6.68,08-31-2018,Commerzbank
2019,2018-02-02,6.35,08-31-2018,Commerzbank
2019,2018-03-13,6.35,08-31-2018,Commerzbank
2019,2018-04-13,6.35,08-31-2018,Commerzbank
2019,2018-05-04,6.35,08-31-2018,Commerzbank
2019,2018-06-08,6.7,08-31-2018,Commerzbank
2019,2018-06-29,6.95,08-31-2018,Commerzbank
2019,2018-08-03,6.95,08-31-2018,Commerzbank
2019,2018-08-13,6.95,08-31-2018,Commerzbank
Q4-18,2016-12-22,7.4,11-30-2018,Commerzbank
Q4-18,2017-02-03,7.4,11-30-2018,Commerzbank
Q4-18,2017-03-20,7.4,11-30-2018,Commerzbank
Q4-18,2017-04-07,7.25,11-30-2018,Commerzbank
Q4-18,2017-05-22,7.25,11-30-2018,Commerzbank
Q4-18,2017-06-02,7.25,11-30-2018,Commerzbank
Q4-18,2017-07-07,7.25,11-30-2018,Commerzbank
Q4-18,2017-07-14,7.25,11-30-2018,Commerzbank
Q4-18,2017-08-04,6.8,11-30-2018,Commerzbank
Q4-18,2017-09-25,6.8,11-30-2018,Commerzbank
Q4-18,2017-11-03,6.8,11-30-2018,Commerzbank
Q4-18,2017-12-11,6.8,11-30-2018,Commerzbank
Q4-18,2018-01-12,6.8,11-30-2018,Commerzbank
Q4-18,2018-02-02,6.6,11-30-2018,Commerzbank
Q4-18,2018-03-13,6.6,11-30-2018,Commerzbank
Q4-18,2018-04-13,6.6,11-30-2018,Commerzbank
Q4-18,2018-05-04,6.6,11-30-2018,Commerzbank
Q4-18,2018-06-08,6.6,11-30-2018,Commerzbank
Q4-18,2018-06-29,6.8,11-30-2018,Commerzbank
Q4-18,2018-08-03,6.8,11-30-2018,Commerzbank
Q4-18,2018-08-13,6.8,11-30-2018,Commerzbank
Q4-18,2018-09-07,6.8,11-30-2018,Commerzbank
Q4-18,2018-10-22,6.8,11-30-2018,Commerzbank
Q4-18,2018-11-30,6.8,11-30-2018,Commerzbank
Q1-19,2018-03-13,6.55,11-30-2018,Commerzbank
Q1-19,2018-04-13,6.55,11-30-2018,Commerzbank
Q1-19,2018-05-04,6.55,11-30-2018,Commerzbank
Q1-19,2018-06-08,6.64,11-30-2018,Commerzbank
Q1-19,2018-06-29,6.85,11-30-2018,Commerzbank
Q1-19,2018-08-03,6.85,11-30-2018,Commerzbank
Q1-19,2018-08-13,6.85,11-30-2018,Commerzbank
Q1-19,2018-09-07,6.85,11-30-2018,Commerzbank
Q1-19,2018-10-22,6.85,11-30-2018,Commerzbank
Q1-19,2018-11-30,6.85,11-30-2018,Commerzbank
Q2-19,2018-06-08,6.66,11-30-2018,Commerzbank
Q2-19,2018-06-29,6.9,11-30-2018,Commerzbank
Q2-19,2018-08-03,6.9,11-30-2018,Commerzbank
Q2-19,2018-08-13,6.9,11-30-2018,Commerzbank
Q2-19,2018-09-07,6.9,11-30-2018,Commerzbank
Q2-19,2018-10-22,6.9,11-30-2018,Commerzbank
Q2-19,2018-11-30,6.9,11-30-2018,Commerzbank
Q3-19,2018-09-07,6.93,11-30-2018,Commerzbank
Q3-19,2018-10-22,6.93,11-30-2018,Commerzbank
Q3-19,2018-11-30,6.93,11-30-2018,Commerzbank
2019,2017-12-11,6.68,11-30-2018,Commerzbank
2019,2018-01-12,6.68,11-30-2018,Commerzbank
2019,2018-02-02,6.35,11-30-2018,Commerzbank
2019,2018-03-13,6.35,11-30-2018,Commerzbank
2019,2018-04-13,6.35,11-30-2018,Commerzbank
2019,2018-05-04,6.35,11-30-2018,Commerzbank
2019,2018-06-08,6.7,11-30-2018,Commerzbank
2019,2018-06-29,6.95,11-30-2018,Commerzbank
2019,2018-08-03,6.95,11-30-2018,Commerzbank
2019,2018-08-13,6.95,11-30-2018,Commerzbank
2019,2018-09-07,6.95,11-30-2018,Commerzbank
2019,2018-10-22,6.95,11-30-2018,Commerzbank
2019,2018-11-30,6.95,11-30-2018,Commerzbank
2020,2018-10-22,7.2,11-30-2018,Commerzbank
2020,2018-11-30,7.2,11-30-2018,Commerzbank
Q3-14,2013-09-30,5.75,08-31-2014,Commerzbank
Q3-14,2013-11-08,5.8,08-31-2014,Commerzbank
Q3-14,2013-12-12,5.8,08-31-2014,Commerzbank
Q3-14,2014-02-07,5.8,08-31-2014,Commerzbank
Q3-14,2014-03-20,6.1,08-31-2014,Commerzbank
Q3-14,2014-04-25,6.1,08-31-2014,Commerzbank
Q3-14,2014-05-19,6.1,08-31-2014,Commerzbank
Q3-14,2014-06-30,6.1,08-31-2014,Commerzbank
Q3-14,2014-08-04,6.1,08-31-2014,Commerzbank
Q3-14,2014-08-29,6.15,08-31-2014,Commerzbank
Q4-14,2013-01-10,5.76,08-31-2014,Commerzbank
Q4-14,2013-01-11,5.59,08-31-2014,Commerzbank
Q4-14,2013-02-01,5.59,08-31-2014,Commerzbank
Q4-14,2013-03-26,5.59,08-31-2014,Commerzbank
Q4-14,2013-04-29,5.59,08-31-2014,Commerzbank
Q4-14,2013-05-07,5.59,08-31-2014,Commerzbank
Q4-14,2013-05-30,5.59,08-31-2014,Commerzbank
Q4-14,2013-07-04,5.59,08-31-2014,Commerzbank
Q4-14,2013-08-12,5.59,08-31-2014,Commerzbank
Q4-14,2013-09-06,5.59,08-31-2014,Commerzbank
Q4-14,2013-09-30,5.7,08-31-2014,Commerzbank
Q4-14,2013-11-08,5.7,08-31-2014,Commerzbank
Q4-14,2013-12-12,5.7,08-31-2014,Commerzbank
Q4-14,2014-02-07,5.7,08-31-2014,Commerzbank
Q4-14,2014-03-20,6.0,08-31-2014,Commerzbank
Q4-14,2014-04-25,6.0,08-31-2014,Commerzbank
Q4-14,2014-05-19,6.05,08-31-2014,Commerzbank
Q4-14,2014-06-30,6.05,08-31-2014,Commerzbank
Q4-14,2014-08-04,6.05,08-31-2014,Commerzbank
Q4-14,2014-08-29,6.1,08-31-2014,Commerzbank
Q1-15,2014-04-25,5.95,08-31-2014,Commerzbank
Q1-15,2014-05-19,5.95,08-31-2014,Commerzbank
Q1-15,2014-06-30,5.95,08-31-2014,Commerzbank
Q1-15,2014-08-04,5.95,08-31-2014,Commerzbank
Q1-15,2014-08-29,6.05,08-31-2014,Commerzbank
Q2-15,2014-06-30,5.9,08-31-2014,Commerzbank
Q2-15,2014-08-04,5.9,08-31-2014,Commerzbank
Q2-15,2014-08-29,6.0,08-31-2014,Commerzbank
2015,2013-12-12,5.7,08-31-2014,Commerzbank
2015,2014-02-07,5.7,08-31-2014,Commerzbank
2015,2014-03-20,5.8,08-31-2014,Commerzbank
2015,2014-04-25,5.8,08-31-2014,Commerzbank
2015,2014-05-19,5.85,08-31-2014,Commerzbank
2015,2014-06-30,5.85,08-31-2014,Commerzbank
2015,2014-08-04,5.85,08-31-2014,Commerzbank
2015,2014-08-29,5.95,08-31-2014,Commerzbank
Q2-09,2008-06-27,6.55,05-31-2009,Commerzbank
Q2-09,2008-07-14,6.09,05-31-2009,Commerzbank
Q2-09,2008-08-25,6.14,05-31-2009,Commerzbank
Q2-09,2008-10-27,6.84,05-31-2009,Commerzbank
Q2-09,2008-12-09,6.84,05-31-2009,Commerzbank
Q3-09,2008-10-27,6.84,05-31-2009,Commerzbank
Q3-09,2008-12-09,6.84,05-31-2009,Commerzbank
Q4-09,2007-06-22,6.78,05-31-2009,Commerzbank
Q4-09,2007-07-09,6.78,05-31-2009,Commerzbank
Q4-09,2007-08-24,6.78,05-31-2009,Commerzbank
Q4-09,2007-09-27,6.78,05-31-2009,Commerzbank
Q4-09,2007-10-26,6.78,05-31-2009,Commerzbank
Q4-09,2007-11-26,6.78,05-31-2009,Commerzbank
Q4-09,2007-12-18,6.78,05-31-2009,Commerzbank
Q4-09,2008-06-27,6.33,05-31-2009,Commerzbank
Q4-09,2008-07-14,5.89,05-31-2009,Commerzbank
Q4-09,2008-08-25,5.7,05-31-2009,Commerzbank
Q4-09,2008-12-09,6.84,05-31-2009,Commerzbank
2010,2007-06-22,6.17,05-31-2009,Commerzbank
2010,2007-07-09,6.17,05-31-2009,Commerzbank
2010,2007-08-24,6.17,05-31-2009,Commerzbank
2010,2007-09-27,6.17,05-31-2009,Commerzbank
2010,2007-10-26,6.17,05-31-2009,Commerzbank
2010,2007-11-26,6.17,05-31-2009,Commerzbank
2010,2007-12-18,6.17,05-31-2009,Commerzbank
2011,2007-06-22,5.93,05-31-2009,Commerzbank
2011,2007-07-09,5.93,05-31-2009,Commerzbank
2011,2007-08-24,5.93,05-31-2009,Commerzbank
2011,2007-09-27,5.93,05-31-2009,Commerzbank
2011,2007-10-26,5.93,05-31-2009,Commerzbank
2011,2007-11-26,5.93,05-31-2009,Commerzbank
2011,2007-12-18,5.93,05-31-2009,Commerzbank
2012,2007-06-22,5.73,05-31-2009,Commerzbank
2012,2007-07-09,5.73,05-31-2009,Commerzbank
2012,2007-08-24,5.73,05-31-2009,Commerzbank
2012,2007-09-27,5.73,05-31-2009,Commerzbank
2012,2007-10-26,5.73,05-31-2009,Commerzbank
2012,2007-11-26,5.73,05-31-2009,Commerzbank
2012,2007-12-18,5.73,05-31-2009,Commerzbank
Q1-13,2011-12-20,6.0,02-28-2013,Commerzbank
Q1-13,2012-03-01,5.85,02-28-2013,Commerzbank
Q1-13,2012-04-26,6.0,02-28-2013,Commerzbank
Q1-13,2012-06-04,6.2,02-28-2013,Commerzbank
Q1-13,2012-07-06,6.2,02-28-2013,Commerzbank
Q1-13,2012-08-17,6.2,02-28-2013,Commerzbank
Q1-13,2012-10-01,6.2,02-28-2013,Commerzbank
Q1-13,2012-11-02,6.14,02-28-2013,Commerzbank
Q1-13,2012-12-04,6.14,02-28-2013,Commerzbank
Q1-13,2013-01-10,6.14,02-28-2013,Commerzbank
Q1-13,2013-01-11,6.14,02-28-2013,Commerzbank
Q1-13,2013-02-01,6.14,02-28-2013,Commerzbank
Q2-13,2011-12-20,5.95,02-28-2013,Commerzbank
Q2-13,2012-04-26,5.95,02-28-2013,Commerzbank
Q2-13,2012-07-06,6.15,02-28-2013,Commerzbank
Q2-13,2012-08-17,6.15,02-28-2013,Commerzbank
Q2-13,2012-10-01,6.15,02-28-2013,Commerzbank
Q2-13,2012-11-02,6.08,02-28-2013,Commerzbank
Q2-13,2012-12-04,6.08,02-28-2013,Commerzbank
Q2-13,2013-01-10,6.08,02-28-2013,Commerzbank
Q2-13,2013-01-11,6.08,02-28-2013,Commerzbank
Q2-13,2013-02-01,6.08,02-28-2013,Commerzbank
Q3-13,2011-12-20,5.9,02-28-2013,Commerzbank
Q3-13,2012-04-26,5.9,02-28-2013,Commerzbank
Q3-13,2012-10-01,6.1,02-28-2013,Commerzbank
Q3-13,2012-11-02,6.01,02-28-2013,Commerzbank
Q3-13,2012-12-04,6.01,02-28-2013,Commerzbank
Q3-13,2013-01-10,6.01,02-28-2013,Commerzbank
Q3-13,2013-01-11,6.01,02-28-2013,Commerzbank
Q3-13,2013-02-01,6.01,02-28-2013,Commerzbank
Q4-13,2011-12-20,5.85,02-28-2013,Commerzbank
Q4-13,2012-01-24,5.94,02-28-2013,Commerzbank
Q4-13,2012-01-26,5.94,02-28-2013,Commerzbank
Q4-13,2012-04-26,5.85,02-28-2013,Commerzbank
Q4-13,2012-06-04,6.05,02-28-2013,Commerzbank
Q4-13,2012-07-06,6.3,02-28-2013,Commerzbank
Q4-13,2012-08-17,6.3,02-28-2013,Commerzbank
Q4-13,2012-10-01,6.14,02-28-2013,Commerzbank
Q4-13,2012-11-02,6.14,02-28-2013,Commerzbank
Q4-13,2012-12-04,6.14,02-28-2013,Commerzbank
Q4-13,2013-01-10,6.07,02-28-2013,Commerzbank
Q4-13,2013-01-11,5.95,02-28-2013,Commerzbank
Q4-13,2013-02-01,5.95,02-28-2013,Commerzbank
2014,2011-12-20,5.76,02-28-2013,Commerzbank
2014,2013-01-10,5.76,02-28-2013,Commerzbank
2014,2013-01-11,5.59,02-28-2013,Commerzbank
2014,2013-02-01,5.59,02-28-2013,Commerzbank
Q1-12,2010-11-22,6.26,02-28-2012,Commerzbank
Q1-12,2011-01-17,6.26,02-28-2012,Commerzbank
Q1-12,2011-07-20,6.28,02-28-2012,Commerzbank
Q1-12,2011-08-24,6.28,02-28-2012,Commerzbank
Q1-12,2011-12-20,6.24,02-28-2012,Commerzbank
Q1-12,2012-01-24,6.24,02-28-2012,Commerzbank
Q1-12,2012-01-26,6.24,02-28-2012,Commerzbank
Q2-12,2011-07-20,6.22,02-28-2012,Commerzbank
Q2-12,2011-08-24,6.22,02-28-2012,Commerzbank
Q2-12,2011-12-20,6.18,02-28-2012,Commerzbank
Q2-12,2012-01-24,6.18,02-28-2012,Commerzbank
Q2-12,2012-01-26,6.18,02-28-2012,Commerzbank
Q3-12,2011-07-20,6.13,02-28-2012,Commerzbank
Q3-12,2011-12-20,6.11,02-28-2012,Commerzbank
Q3-12,2012-01-24,6.11,02-28-2012,Commerzbank
Q3-12,2012-01-26,6.11,02-28-2012,Commerzbank
Q4-12,2011-08-24,6.13,02-28-2012,Commerzbank
Q4-12,2011-12-20,6.05,02-28-2012,Commerzbank
Q4-12,2012-01-24,6.05,02-28-2012,Commerzbank
Q4-12,2012-01-26,6.05,02-28-2012,Commerzbank
2013,2011-12-20,5.85,02-28-2012,Commerzbank
2013,2012-01-24,5.94,02-28-2012,Commerzbank
2013,2012-01-26,5.94,02-28-2012,Commerzbank
Q2-08,2007-06-22,7.25,05-31-2008,Commerzbank
Q2-08,2007-07-09,7.25,05-31-2008,Commerzbank
Q2-08,2007-08-24,7.25,05-31-2008,Commerzbank
Q2-08,2007-09-27,7.1,05-31-2008,Commerzbank
Q2-08,2007-10-26,7.2,05-31-2008,Commerzbank
Q2-08,2007-11-26,7.0,05-31-2008,Commerzbank
Q2-08,2007-12-18,7.1,05-31-2008,Commerzbank
Q2-08,2008-01-16,7.1,05-31-2008,Commerzbank
Q2-08,2008-01-28,7.1,05-31-2008,Commerzbank
Q2-08,2008-02-11,7.1,05-31-2008,Commerzbank
Q2-08,2008-02-22,7.0,05-31-2008,Commerzbank
Q2-08,2008-03-06,7.0,05-31-2008,Commerzbank
Q2-08,2008-03-28,6.9,05-31-2008,Commerzbank
Q2-08,2008-04-04,6.9,05-31-2008,Commerzbank
Q2-08,2008-04-22,6.9,05-31-2008,Commerzbank
Q2-08,2008-05-12,6.9,05-31-2008,Commerzbank
Q2-08,2008-05-23,6.9,05-31-2008,Commerzbank
Q3-08,2007-10-26,7.1,05-31-2008,Commerzbank
Q3-08,2007-12-18,7.0,05-31-2008,Commerzbank
Q3-08,2008-01-16,7.0,05-31-2008,Commerzbank
Q3-08,2008-01-28,7.0,05-31-2008,Commerzbank
Q3-08,2008-02-11,7.0,05-31-2008,Commerzbank
Q3-08,2008-02-22,6.85,05-31-2008,Commerzbank
Q3-08,2008-03-06,6.85,05-31-2008,Commerzbank
Q3-08,2008-03-28,6.8,05-31-2008,Commerzbank
Q3-08,2008-04-04,6.8,05-31-2008,Commerzbank
Q3-08,2008-04-22,6.8,05-31-2008,Commerzbank
Q3-08,2008-05-12,6.75,05-31-2008,Commerzbank
Q3-08,2008-05-23,6.7,05-31-2008,Commerzbank
Q4-08,2006-06-16,7.3,05-31-2008,Commerzbank
Q4-08,2006-07-20,7.3,05-31-2008,Commerzbank
Q4-08,2006-08-22,7.3,05-31-2008,Commerzbank
Q4-08,2007-06-22,7.12,05-31-2008,Commerzbank
Q4-08,2007-07-09,7.12,05-31-2008,Commerzbank
Q4-08,2007-08-24,7.12,05-31-2008,Commerzbank
Q4-08,2007-09-27,7.05,05-31-2008,Commerzbank
Q4-08,2007-10-26,7.05,05-31-2008,Commerzbank
Q4-08,2007-11-26,6.9,05-31-2008,Commerzbank
Q4-08,2007-12-18,6.9,05-31-2008,Commerzbank
Q4-08,2008-01-16,6.9,05-31-2008,Commerzbank
Q4-08,2008-01-28,6.9,05-31-2008,Commerzbank
Q4-08,2008-02-11,6.9,05-31-2008,Commerzbank
Q4-08,2008-02-22,6.7,05-31-2008,Commerzbank
Q4-08,2008-03-06,6.7,05-31-2008,Commerzbank
Q4-08,2008-03-28,6.7,05-31-2008,Commerzbank
Q4-08,2008-04-04,6.7,05-31-2008,Commerzbank
Q4-08,2008-04-22,6.7,05-31-2008,Commerzbank
Q4-08,2008-05-12,6.6,05-31-2008,Commerzbank
Q4-08,2008-05-23,6.51,05-31-2008,Commerzbank
Q1-09,2008-03-06,6.6,05-31-2008,Commerzbank
Q1-09,2008-03-28,6.5,05-31-2008,Commerzbank
Q1-09,2008-04-04,6.5,05-31-2008,Commerzbank
Q1-09,2008-04-22,6.5,05-31-2008,Commerzbank
Q1-09,2008-05-12,6.5,05-31-2008,Commerzbank
Q1-09,2008-05-23,6.31,05-31-2008,Commerzbank
2009,2006-06-16,7.0,05-31-2008,Commerzbank
2009,2006-07-20,7.0,05-31-2008,Commerzbank
2009,2006-08-22,7.0,05-31-2008,Commerzbank
2009,2007-06-22,6.78,05-31-2008,Commerzbank
2009,2007-07-09,6.78,05-31-2008,Commerzbank
2009,2007-08-24,6.78,05-31-2008,Commerzbank
2009,2007-09-27,6.78,05-31-2008,Commerzbank
2009,2007-10-26,6.78,05-31-2008,Commerzbank
2009,2007-11-26,6.78,05-31-2008,Commerzbank
2009,2007-12-18,6.78,05-31-2008,Commerzbank
2010,2006-06-16,6.8,05-31-2008,Commerzbank
2010,2006-07-20,6.8,05-31-2008,Commerzbank
2010,2006-08-22,6.8,05-31-2008,Commerzbank
2010,2007-06-22,6.17,05-31-2008,Commerzbank
2010,2007-07-09,6.17,05-31-2008,Commerzbank
2010,2007-08-24,6.17,05-31-2008,Commerzbank
2010,2007-09-27,6.17,05-31-2008,Commerzbank
2010,2007-10-26,6.17,05-31-2008,Commerzbank
2010,2007-11-26,6.17,05-31-2008,Commerzbank
2010,2007-12-18,6.17,05-31-2008,Commerzbank
2011,2006-06-16,6.7,05-31-2008,Commerzbank
2011,2006-07-20,6.7,05-31-2008,Commerzbank
2011,2006-08-22,6.7,05-31-2008,Commerzbank
2011,2007-06-22,5.93,05-31-2008,Commerzbank
2011,2007-07-09,5.93,05-31-2008,Commerzbank
2011,2007-08-24,5.93,05-31-2008,Commerzbank
2011,2007-09-27,5.93,05-31-2008,Commerzbank
2011,2007-10-26,5.93,05-31-2008,Commerzbank
2011,2007-11-26,5.93,05-31-2008,Commerzbank
2011,2007-12-18,5.93,05-31-2008,Commerzbank
2012,2007-06-22,5.73,05-31-2008,Commerzbank
2012,2007-07-09,5.73,05-31-2008,Commerzbank
2012,2007-08-24,5.73,05-31-2008,Commerzbank
2012,2007-09-27,5.73,05-31-2008,Commerzbank
2012,2007-10-26,5.73,05-31-2008,Commerzbank
2012,2007-11-26,5.73,05-31-2008,Commerzbank
2012,2007-12-18,5.73,05-31-2008,Commerzbank
Q3-15,2014-10-13,5.95,08-31-2015,Commerzbank
Q3-15,2014-11-21,5.95,08-31-2015,Commerzbank
Q3-15,2014-12-19,5.95,08-31-2015,Commerzbank
Q3-15,2015-01-09,6.17,08-31-2015,Commerzbank
Q3-15,2015-01-16,6.17,08-31-2015,Commerzbank
Q3-15,2015-01-30,6.25,08-31-2015,Commerzbank
Q3-15,2015-02-17,6.25,08-31-2015,Commerzbank
Q3-15,2015-03-09,6.35,08-31-2015,Commerzbank
Q3-15,2015-04-15,6.35,08-31-2015,Commerzbank
Q3-15,2015-05-21,6.35,08-31-2015,Commerzbank
Q3-15,2015-07-23,6.35,08-31-2015,Commerzbank
Q3-15,2015-08-12,6.35,08-31-2015,Commerzbank
Q3-15,2015-08-19,6.4,08-31-2015,Commerzbank
Q4-15,2013-12-12,5.7,08-31-2015,Commerzbank
Q4-15,2014-02-07,5.7,08-31-2015,Commerzbank
Q4-15,2014-03-20,5.8,08-31-2015,Commerzbank
Q4-15,2014-04-25,5.8,08-31-2015,Commerzbank
Q4-15,2014-05-19,5.85,08-31-2015,Commerzbank
Q4-15,2014-06-30,5.85,08-31-2015,Commerzbank
Q4-15,2014-08-04,5.85,08-31-2015,Commerzbank
Q4-15,2014-08-29,5.95,08-31-2015,Commerzbank
Q4-15,2014-10-13,5.95,08-31-2015,Commerzbank
Q4-15,2014-11-21,5.95,08-31-2015,Commerzbank
Q4-15,2014-12-19,5.95,08-31-2015,Commerzbank
Q4-15,2015-01-09,6.13,08-31-2015,Commerzbank
Q4-15,2015-01-16,6.13,08-31-2015,Commerzbank
Q4-15,2015-01-30,6.22,08-31-2015,Commerzbank
Q4-15,2015-02-17,6.22,08-31-2015,Commerzbank
Q4-15,2015-03-09,6.35,08-31-2015,Commerzbank
Q4-15,2015-04-15,6.35,08-31-2015,Commerzbank
Q4-15,2015-05-21,6.35,08-31-2015,Commerzbank
Q4-15,2015-07-23,6.35,08-31-2015,Commerzbank
Q4-15,2015-08-12,6.35,08-31-2015,Commerzbank
Q4-15,2015-08-19,6.55,08-31-2015,Commerzbank
Q1-16,2015-03-09,6.35,08-31-2015,Commerzbank
Q1-16,2015-04-15,6.35,08-31-2015,Commerzbank
Q1-16,2015-05-21,6.35,08-31-2015,Commerzbank
Q1-16,2015-07-23,6.35,08-31-2015,Commerzbank
Q1-16,2015-08-12,6.35,08-31-2015,Commerzbank
Q1-16,2015-08-19,6.6,08-31-2015,Commerzbank
Q2-16,2015-07-23,6.35,08-31-2015,Commerzbank
Q2-16,2015-08-12,6.35,08-31-2015,Commerzbank
Q2-16,2015-08-19,6.7,08-31-2015,Commerzbank
2016,2014-11-21,5.85,08-31-2015,Commerzbank
2016,2014-12-19,5.85,08-31-2015,Commerzbank
2016,2015-01-09,6.0,08-31-2015,Commerzbank
2016,2015-01-16,6.0,08-31-2015,Commerzbank
2016,2015-01-30,6.12,08-31-2015,Commerzbank
2016,2015-02-17,6.12,08-31-2015,Commerzbank
2016,2015-03-09,6.35,08-31-2015,Commerzbank
2016,2015-04-15,6.35,08-31-2015,Commerzbank
2016,2015-05-21,6.35,08-31-2015,Commerzbank
2016,2015-07-23,6.35,08-31-2015,Commerzbank
2016,2015-08-12,6.35,08-31-2015,Commerzbank
2016,2015-08-19,6.9,08-31-2015,Commerzbank
2020,2018-10-22,7.2,11-30-2019,Commerzbank
2020,2018-11-30,7.2,11-30-2019,Commerzbank
2020,2019-01-22,7.2,11-30-2019,Commerzbank
2020,2019-02-08,7.15,11-30-2019,Commerzbank
2020,2019-03-08,7.15,11-30-2019,Commerzbank
2020,2019-04-05,7.15,11-30-2019,Commerzbank
2020,2019-05-10,7.15,11-30-2019,Commerzbank
2020,2019-06-07,7.15,11-30-2019,Commerzbank
2020,2019-07-05,7.15,11-30-2019,Commerzbank
2020,2019-07-10,7.15,11-30-2019,Commerzbank
2020,2019-08-13,7.35,11-30-2019,Commerzbank
2020,2019-09-06,7.35,11-30-2019,Commerzbank
2020,2019-09-09,7.35,11-30-2019,Commerzbank
2020,2019-10-04,7.35,11-30-2019,Commerzbank
2020,2019-11-08,7.23,11-30-2019,Commerzbank
Q4-19,2017-12-11,6.68,11-30-2019,Commerzbank
Q4-19,2018-01-12,6.68,11-30-2019,Commerzbank
Q4-19,2018-02-02,6.35,11-30-2019,Commerzbank
Q4-19,2018-03-13,6.35,11-30-2019,Commerzbank
Q4-19,2018-04-13,6.35,11-30-2019,Commerzbank
Q4-19,2018-05-04,6.35,11-30-2019,Commerzbank
Q4-19,2018-06-08,6.7,11-30-2019,Commerzbank
Q4-19,2018-06-29,6.95,11-30-2019,Commerzbank
Q4-19,2018-08-03,6.95,11-30-2019,Commerzbank
Q4-19,2018-08-13,6.95,11-30-2019,Commerzbank
Q4-19,2018-09-07,6.95,11-30-2019,Commerzbank
Q4-19,2018-10-22,6.95,11-30-2019,Commerzbank
Q4-19,2018-11-30,6.95,11-30-2019,Commerzbank
Q4-19,2019-01-22,6.95,11-30-2019,Commerzbank
Q4-19,2019-02-08,6.9,11-30-2019,Commerzbank
Q4-19,2019-03-08,6.9,11-30-2019,Commerzbank
Q4-19,2019-04-05,6.9,11-30-2019,Commerzbank
Q4-19,2019-05-10,6.9,11-30-2019,Commerzbank
Q4-19,2019-06-07,6.9,11-30-2019,Commerzbank
Q4-19,2019-07-05,6.9,11-30-2019,Commerzbank
Q4-19,2019-07-10,6.9,11-30-2019,Commerzbank
Q4-19,2019-08-13,7.15,11-30-2019,Commerzbank
Q4-19,2019-09-06,7.15,11-30-2019,Commerzbank
Q4-19,2019-09-09,7.15,11-30-2019,Commerzbank
Q4-19,2019-10-04,7.15,11-30-2019,Commerzbank
Q4-19,2019-11-08,7.07,11-30-2019,Commerzbank
Q3-20,2019-09-06,7.3,11-30-2019,Commerzbank
Q3-20,2019-09-09,7.3,11-30-2019,Commerzbank
Q3-20,2019-10-04,7.3,11-30-2019,Commerzbank
Q3-20,2019-11-08,7.2,11-30-2019,Commerzbank
Q2-20,2019-06-07,6.95,11-30-2019,Commerzbank
Q2-20,2019-07-05,6.95,11-30-2019,Commerzbank
Q2-20,2019-07-10,6.95,11-30-2019,Commerzbank
Q2-20,2019-08-13,7.25,11-30-2019,Commerzbank
Q2-20,2019-09-06,7.25,11-30-2019,Commerzbank
Q2-20,2019-09-09,7.25,11-30-2019,Commerzbank
Q2-20,2019-10-04,7.25,11-30-2019,Commerzbank
Q2-20,2019-11-08,7.17,11-30-2019,Commerzbank
Q1-20,2019-03-08,6.9,11-30-2019,Commerzbank
Q1-20,2019-04-05,6.9,11-30-2019,Commerzbank
Q1-20,2019-05-10,6.9,11-30-2019,Commerzbank
Q1-20,2019-06-07,6.9,11-30-2019,Commerzbank
Q1-20,2019-07-05,6.9,11-30-2019,Commerzbank
Q1-20,2019-07-10,6.9,11-30-2019,Commerzbank
Q1-20,2019-08-13,7.2,11-30-2019,Commerzbank
Q1-20,2019-09-06,7.2,11-30-2019,Commerzbank
Q1-20,2019-09-09,7.2,11-30-2019,Commerzbank
Q1-20,2019-10-04,7.2,11-30-2019,Commerzbank
Q1-20,2019-11-08,7.12,11-30-2019,Commerzbank
Q3-19,2018-09-07,6.93,08-31-2019,Commerzbank
Q3-19,2018-10-22,6.93,08-31-2019,Commerzbank
Q3-19,2018-11-30,6.93,08-31-2019,Commerzbank
Q3-19,2019-01-22,6.93,08-31-2019,Commerzbank
Q3-19,2019-02-08,6.88,08-31-2019,Commerzbank
Q3-19,2019-03-08,6.88,08-31-2019,Commerzbank
Q3-19,2019-04-05,6.88,08-31-2019,Commerzbank
Q3-19,2019-05-10,6.88,08-31-2019,Commerzbank
Q3-19,2019-06-07,6.88,08-31-2019,Commerzbank
Q3-19,2019-07-05,6.88,08-31-2019,Commerzbank
Q3-19,2019-07-10,6.88,08-31-2019,Commerzbank
Q3-19,2019-08-13,7.1,08-31-2019,Commerzbank
Q4-19,2017-12-11,6.68,08-31-2019,Commerzbank
Q4-19,2018-01-12,6.68,08-31-2019,Commerzbank
Q4-19,2018-02-02,6.35,08-31-2019,Commerzbank
Q4-19,2018-03-13,6.35,08-31-2019,Commerzbank
Q4-19,2018-04-13,6.35,08-31-2019,Commerzbank
Q4-19,2018-05-04,6.35,08-31-2019,Commerzbank
Q4-19,2018-06-08,6.7,08-31-2019,Commerzbank
Q4-19,2018-06-29,6.95,08-31-2019,Commerzbank
Q4-19,2018-08-03,6.95,08-31-2019,Commerzbank
Q4-19,2018-08-13,6.95,08-31-2019,Commerzbank
Q4-19,2018-09-07,6.95,08-31-2019,Commerzbank
Q4-19,2018-10-22,6.95,08-31-2019,Commerzbank
Q4-19,2018-11-30,6.95,08-31-2019,Commerzbank
Q4-19,2019-01-22,6.95,08-31-2019,Commerzbank
Q4-19,2019-02-08,6.9,08-31-2019,Commerzbank
Q4-19,2019-03-08,6.9,08-31-2019,Commerzbank
Q4-19,2019-04-05,6.9,08-31-2019,Commerzbank
Q4-19,2019-05-10,6.9,08-31-2019,Commerzbank
Q4-19,2019-06-07,6.9,08-31-2019,Commerzbank
Q4-19,2019-07-05,6.9,08-31-2019,Commerzbank
Q4-19,2019-07-10,6.9,08-31-2019,Commerzbank
Q4-19,2019-08-13,7.15,08-31-2019,Commerzbank
Q1-20,2019-03-08,6.9,08-31-2019,Commerzbank
Q1-20,2019-04-05,6.9,08-31-2019,Commerzbank
Q1-20,2019-05-10,6.9,08-31-2019,Commerzbank
Q1-20,2019-06-07,6.9,08-31-2019,Commerzbank
Q1-20,2019-07-05,6.9,08-31-2019,Commerzbank
Q1-20,2019-07-10,6.9,08-31-2019,Commerzbank
Q1-20,2019-08-13,7.2,08-31-2019,Commerzbank
Q2-20,2019-06-07,6.95,08-31-2019,Commerzbank
Q2-20,2019-07-05,6.95,08-31-2019,Commerzbank
Q2-20,2019-07-10,6.95,08-31-2019,Commerzbank
Q2-20,2019-08-13,7.25,08-31-2019,Commerzbank
2020,2018-10-22,7.2,08-31-2019,Commerzbank
2020,2018-11-30,7.2,08-31-2019,Commerzbank
2020,2019-01-22,7.2,08-31-2019,Commerzbank
2020,2019-02-08,7.15,08-31-2019,Commerzbank
2020,2019-03-08,7.15,08-31-2019,Commerzbank
2020,2019-04-05,7.15,08-31-2019,Commerzbank
2020,2019-05-10,7.15,08-31-2019,Commerzbank
2020,2019-06-07,7.15,08-31-2019,Commerzbank
2020,2019-07-05,7.15,08-31-2019,Commerzbank
2020,2019-07-10,7.15,08-31-2019,Commerzbank
2020,2019-08-13,7.35,08-31-2019,Commerzbank
Q2-12,2011-07-20,6.22,05-31-2012,Commerzbank
Q2-12,2011-08-24,6.22,05-31-2012,Commerzbank
Q2-12,2011-12-20,6.18,05-31-2012,Commerzbank
Q2-12,2012-01-24,6.18,05-31-2012,Commerzbank
Q2-12,2012-01-26,6.18,05-31-2012,Commerzbank
Q2-12,2012-03-01,6.18,05-31-2012,Commerzbank
Q2-12,2012-04-26,6.18,05-31-2012,Commerzbank
Q3-12,2011-07-20,6.13,05-31-2012,Commerzbank
Q3-12,2011-12-20,6.11,05-31-2012,Commerzbank
Q3-12,2012-01-24,6.11,05-31-2012,Commerzbank
Q3-12,2012-01-26,6.11,05-31-2012,Commerzbank
Q3-12,2012-03-01,6.11,05-31-2012,Commerzbank
Q3-12,2012-04-26,6.11,05-31-2012,Commerzbank
Q4-12,2011-08-24,6.13,05-31-2012,Commerzbank
Q4-12,2011-12-20,6.05,05-31-2012,Commerzbank
Q4-12,2012-01-24,6.05,05-31-2012,Commerzbank
Q4-12,2012-01-26,6.05,05-31-2012,Commerzbank
Q4-12,2012-03-01,6.05,05-31-2012,Commerzbank
Q4-12,2012-04-26,6.05,05-31-2012,Commerzbank
Q1-13,2011-12-20,6.0,05-31-2012,Commerzbank
Q1-13,2012-03-01,5.85,05-31-2012,Commerzbank
Q1-13,2012-04-26,6.0,05-31-2012,Commerzbank
2013,2011-12-20,5.85,05-31-2012,Commerzbank
2013,2012-01-24,5.94,05-31-2012,Commerzbank
2013,2012-01-26,5.94,05-31-2012,Commerzbank
2013,2012-04-26,5.85,05-31-2012,Commerzbank
Q1-08,2007-06-22,7.32,02-28-2008,Commerzbank
Q1-08,2007-07-09,7.32,02-28-2008,Commerzbank
Q1-08,2007-08-24,7.32,02-28-2008,Commerzbank
Q1-08,2007-09-27,7.2,02-28-2008,Commerzbank
Q1-08,2007-10-26,7.3,02-28-2008,Commerzbank
Q1-08,2007-11-26,7.1,02-28-2008,Commerzbank
Q1-08,2007-12-18,7.2,02-28-2008,Commerzbank
Q1-08,2008-01-16,7.2,02-28-2008,Commerzbank
Q1-08,2008-01-28,7.2,02-28-2008,Commerzbank
Q1-08,2008-02-11,7.2,02-28-2008,Commerzbank
Q1-08,2008-02-22,7.15,02-28-2008,Commerzbank
Q2-08,2007-06-22,7.25,02-28-2008,Commerzbank
Q2-08,2007-07-09,7.25,02-28-2008,Commerzbank
Q2-08,2007-08-24,7.25,02-28-2008,Commerzbank
Q2-08,2007-09-27,7.1,02-28-2008,Commerzbank
Q2-08,2007-10-26,7.2,02-28-2008,Commerzbank
Q2-08,2007-11-26,7.0,02-28-2008,Commerzbank
Q2-08,2007-12-18,7.1,02-28-2008,Commerzbank
Q2-08,2008-01-16,7.1,02-28-2008,Commerzbank
Q2-08,2008-01-28,7.1,02-28-2008,Commerzbank
Q2-08,2008-02-11,7.1,02-28-2008,Commerzbank
Q2-08,2008-02-22,7.0,02-28-2008,Commerzbank
Q3-08,2007-10-26,7.1,02-28-2008,Commerzbank
Q3-08,2007-12-18,7.0,02-28-2008,Commerzbank
Q3-08,2008-01-16,7.0,02-28-2008,Commerzbank
Q3-08,2008-01-28,7.0,02-28-2008,Commerzbank
Q3-08,2008-02-11,7.0,02-28-2008,Commerzbank
Q3-08,2008-02-22,6.85,02-28-2008,Commerzbank
Q4-08,2006-05-05,7.3,02-28-2008,Commerzbank
Q4-08,2006-05-12,7.3,02-28-2008,Commerzbank
Q4-08,2006-05-15,7.3,02-28-2008,Commerzbank
Q4-08,2006-06-16,7.3,02-28-2008,Commerzbank
Q4-08,2006-07-20,7.3,02-28-2008,Commerzbank
Q4-08,2006-08-22,7.3,02-28-2008,Commerzbank
Q4-08,2007-06-22,7.12,02-28-2008,Commerzbank
Q4-08,2007-07-09,7.12,02-28-2008,Commerzbank
Q4-08,2007-08-24,7.12,02-28-2008,Commerzbank
Q4-08,2007-09-27,7.05,02-28-2008,Commerzbank
Q4-08,2007-10-26,7.05,02-28-2008,Commerzbank
Q4-08,2007-11-26,6.9,02-28-2008,Commerzbank
Q4-08,2007-12-18,6.9,02-28-2008,Commerzbank
Q4-08,2008-01-16,6.9,02-28-2008,Commerzbank
Q4-08,2008-01-28,6.9,02-28-2008,Commerzbank
Q4-08,2008-02-11,6.9,02-28-2008,Commerzbank
Q4-08,2008-02-22,6.7,02-28-2008,Commerzbank
2009,2006-05-05,7.0,02-28-2008,Commerzbank
2009,2006-05-12,7.0,02-28-2008,Commerzbank
2009,2006-05-15,7.0,02-28-2008,Commerzbank
2009,2006-06-16,7.0,02-28-2008,Commerzbank
2009,2006-07-20,7.0,02-28-2008,Commerzbank
2009,2006-08-22,7.0,02-28-2008,Commerzbank
2009,2007-06-22,6.78,02-28-2008,Commerzbank
2009,2007-07-09,6.78,02-28-2008,Commerzbank
2009,2007-08-24,6.78,02-28-2008,Commerzbank
2009,2007-09-27,6.78,02-28-2008,Commerzbank
2009,2007-10-26,6.78,02-28-2008,Commerzbank
2009,2007-11-26,6.78,02-28-2008,Commerzbank
2009,2007-12-18,6.78,02-28-2008,Commerzbank
2010,2006-05-05,6.8,02-28-2008,Commerzbank
2010,2006-05-12,6.8,02-28-2008,Commerzbank
2010,2006-05-15,6.8,02-28-2008,Commerzbank
2010,2006-06-16,6.8,02-28-2008,Commerzbank
2010,2006-07-20,6.8,02-28-2008,Commerzbank
2010,2006-08-22,6.8,02-28-2008,Commerzbank
2010,2007-06-22,6.17,02-28-2008,Commerzbank
2010,2007-07-09,6.17,02-28-2008,Commerzbank
2010,2007-08-24,6.17,02-28-2008,Commerzbank
2010,2007-09-27,6.17,02-28-2008,Commerzbank
2010,2007-10-26,6.17,02-28-2008,Commerzbank
2010,2007-11-26,6.17,02-28-2008,Commerzbank
2010,2007-12-18,6.17,02-28-2008,Commerzbank
2011,2006-05-05,6.7,02-28-2008,Commerzbank
2011,2006-05-12,6.7,02-28-2008,Commerzbank
2011,2006-05-15,6.7,02-28-2008,Commerzbank
2011,2006-06-16,6.7,02-28-2008,Commerzbank
2011,2006-07-20,6.7,02-28-2008,Commerzbank
2011,2006-08-22,6.7,02-28-2008,Commerzbank
2011,2007-06-22,5.93,02-28-2008,Commerzbank
2011,2007-07-09,5.93,02-28-2008,Commerzbank
2011,2007-08-24,5.93,02-28-2008,Commerzbank
2011,2007-09-27,5.93,02-28-2008,Commerzbank
2011,2007-10-26,5.93,02-28-2008,Commerzbank
2011,2007-11-26,5.93,02-28-2008,Commerzbank
2011,2007-12-18,5.93,02-28-2008,Commerzbank
2012,2007-06-22,5.73,02-28-2008,Commerzbank
2012,2007-07-09,5.73,02-28-2008,Commerzbank
2012,2007-08-24,5.73,02-28-2008,Commerzbank
2012,2007-09-27,5.73,02-28-2008,Commerzbank
2012,2007-10-26,5.73,02-28-2008,Commerzbank
2012,2007-11-26,5.73,02-28-2008,Commerzbank
2012,2007-12-18,5.73,02-28-2008,Commerzbank
Q4-15,2013-12-12,5.7,11-30-2015,Commerzbank
Q4-15,2014-02-07,5.7,11-30-2015,Commerzbank
Q4-15,2014-03-20,5.8,11-30-2015,Commerzbank
Q4-15,2014-04-25,5.8,11-30-2015,Commerzbank
Q4-15,2014-05-19,5.85,11-30-2015,Commerzbank
Q4-15,2014-06-30,5.85,11-30-2015,Commerzbank
Q4-15,2014-08-04,5.85,11-30-2015,Commerzbank
Q4-15,2014-08-29,5.95,11-30-2015,Commerzbank
Q4-15,2014-10-13,5.95,11-30-2015,Commerzbank
Q4-15,2014-11-21,5.95,11-30-2015,Commerzbank
Q4-15,2014-12-19,5.95,11-30-2015,Commerzbank
Q4-15,2015-01-09,6.13,11-30-2015,Commerzbank
Q4-15,2015-01-16,6.13,11-30-2015,Commerzbank
Q4-15,2015-01-30,6.22,11-30-2015,Commerzbank
Q4-15,2015-02-17,6.22,11-30-2015,Commerzbank
Q4-15,2015-03-09,6.35,11-30-2015,Commerzbank
Q4-15,2015-04-15,6.35,11-30-2015,Commerzbank
Q4-15,2015-05-21,6.35,11-30-2015,Commerzbank
Q4-15,2015-07-23,6.35,11-30-2015,Commerzbank
Q4-15,2015-08-12,6.35,11-30-2015,Commerzbank
Q4-15,2015-08-19,6.55,11-30-2015,Commerzbank
Q4-15,2015-09-04,6.55,11-30-2015,Commerzbank
Q4-15,2015-10-23,6.55,11-30-2015,Commerzbank
Q1-16,2015-03-09,6.35,11-30-2015,Commerzbank
Q1-16,2015-04-15,6.35,11-30-2015,Commerzbank
Q1-16,2015-05-21,6.35,11-30-2015,Commerzbank
Q1-16,2015-07-23,6.35,11-30-2015,Commerzbank
Q1-16,2015-08-12,6.35,11-30-2015,Commerzbank
Q1-16,2015-08-19,6.6,11-30-2015,Commerzbank
Q1-16,2015-09-04,6.6,11-30-2015,Commerzbank
Q1-16,2015-10-23,6.6,11-30-2015,Commerzbank
Q2-16,2015-07-23,6.35,11-30-2015,Commerzbank
Q2-16,2015-08-12,6.35,11-30-2015,Commerzbank
Q2-16,2015-08-19,6.7,11-30-2015,Commerzbank
Q2-16,2015-09-04,6.7,11-30-2015,Commerzbank
Q2-16,2015-10-23,6.7,11-30-2015,Commerzbank
Q3-16,2015-09-04,6.8,11-30-2015,Commerzbank
Q3-16,2015-10-23,6.8,11-30-2015,Commerzbank
2016,2014-11-21,5.85,11-30-2015,Commerzbank
2016,2014-12-19,5.85,11-30-2015,Commerzbank
2016,2015-01-09,6.0,11-30-2015,Commerzbank
2016,2015-01-16,6.0,11-30-2015,Commerzbank
2016,2015-01-30,6.12,11-30-2015,Commerzbank
2016,2015-02-17,6.12,11-30-2015,Commerzbank
2016,2015-03-09,6.35,11-30-2015,Commerzbank
2016,2015-04-15,6.35,11-30-2015,Commerzbank
2016,2015-05-21,6.35,11-30-2015,Commerzbank
2016,2015-07-23,6.35,11-30-2015,Commerzbank
2016,2015-08-12,6.35,11-30-2015,Commerzbank
2016,2015-08-19,6.9,11-30-2015,Commerzbank
2016,2015-09-04,6.9,11-30-2015,Commerzbank
2016,2015-10-23,6.9,11-30-2015,Commerzbank
