period,change_date,change,file,company
Q2-07,2006-04-19,7.5468,05-31-2007,Commonwealth Bank of Australia
Q2-07,2006-05-03,7.5468,05-31-2007,Commonwealth Bank of Australia
Q2-07,2006-05-26,7.5468,05-31-2007,Commonwealth Bank of Australia
Q2-07,2006-06-09,7.55,05-31-2007,Commonwealth Bank of Australia
Q2-07,2006-08-08,7.5468,05-31-2007,Commonwealth Bank of Australia
Q2-07,2006-08-25,7.5468,05-31-2007,Commonwealth Bank of Australia
Q4-07,2006-04-19,7.4713,05-31-2007,Commonwealth Bank of Australia
Q4-07,2006-08-08,7.4713,05-31-2007,Commonwealth Bank of Australia
Q4-07,2006-08-25,7.4713,05-31-2007,Commonwealth Bank of Australia
2008,2006-04-19,7.8,05-31-2007,Commonwealth Bank of Australia
2009,2006-04-19,7.7,05-31-2007,Commonwealth Bank of Australia
2010,2006-04-19,7.6,05-31-2007,Commonwealth Bank of Australia
Q2-11,2010-10-26,6.47,05-31-2011,Commonwealth Bank of Australia
Q2-11,2010-11-26,6.47,05-31-2011,Commonwealth Bank of Australia
Q2-11,2011-01-07,6.47,05-31-2011,Commonwealth Bank of Australia
Q2-11,2011-01-31,6.47,05-31-2011,Commonwealth Bank of Australia
Q2-11,2011-03-04,6.47,05-31-2011,Commonwealth Bank of Australia
Q2-11,2011-04-08,6.37,05-31-2011,Commonwealth Bank of Australia
Q2-11,2011-04-13,6.47,05-31-2011,Commonwealth Bank of Australia
Q2-11,2011-04-27,6.47,05-31-2011,Commonwealth Bank of Australia
Q2-11,2011-05-03,6.47,05-31-2011,Commonwealth Bank of Australia
Q3-11,2010-10-26,6.37,05-31-2011,Commonwealth Bank of Australia
Q3-11,2010-11-26,6.37,05-31-2011,Commonwealth Bank of Australia
Q3-11,2011-01-07,6.37,05-31-2011,Commonwealth Bank of Australia
Q3-11,2011-01-31,6.37,05-31-2011,Commonwealth Bank of Australia
Q3-11,2011-03-04,6.37,05-31-2011,Commonwealth Bank of Australia
Q3-11,2011-04-08,6.28,05-31-2011,Commonwealth Bank of Australia
Q3-11,2011-04-13,6.37,05-31-2011,Commonwealth Bank of Australia
Q3-11,2011-04-27,6.37,05-31-2011,Commonwealth Bank of Australia
Q3-11,2011-05-03,6.37,05-31-2011,Commonwealth Bank of Australia
Q4-11,2010-03-08,6.42,05-31-2011,Commonwealth Bank of Australia
Q4-11,2010-04-16,6.42,05-31-2011,Commonwealth Bank of Australia
Q4-11,2010-05-27,6.42,05-31-2011,Commonwealth Bank of Australia
Q4-11,2010-10-26,6.28,05-31-2011,Commonwealth Bank of Australia
Q4-11,2010-11-26,6.28,05-31-2011,Commonwealth Bank of Australia
Q4-11,2011-01-07,6.03,05-31-2011,Commonwealth Bank of Australia
Q4-11,2011-01-31,6.28,05-31-2011,Commonwealth Bank of Australia
Q4-11,2011-03-04,6.28,05-31-2011,Commonwealth Bank of Australia
Q4-11,2011-04-08,6.21,05-31-2011,Commonwealth Bank of Australia
Q4-11,2011-04-13,6.28,05-31-2011,Commonwealth Bank of Australia
Q4-11,2011-04-27,6.28,05-31-2011,Commonwealth Bank of Australia
Q4-11,2011-05-03,6.28,05-31-2011,Commonwealth Bank of Australia
Q1-12,2011-04-13,6.21,05-31-2011,Commonwealth Bank of Australia
Q1-12,2011-04-27,6.21,05-31-2011,Commonwealth Bank of Australia
Q1-12,2011-05-03,6.21,05-31-2011,Commonwealth Bank of Australia
2012,2010-03-08,6.1,05-31-2011,Commonwealth Bank of Australia
2012,2010-04-16,6.1,05-31-2011,Commonwealth Bank of Australia
2012,2010-05-27,6.04,05-31-2011,Commonwealth Bank of Australia
2012,2010-10-26,6.03,05-31-2011,Commonwealth Bank of Australia
2012,2010-11-26,6.03,05-31-2011,Commonwealth Bank of Australia
2012,2011-01-07,5.79,05-31-2011,Commonwealth Bank of Australia
2012,2011-01-31,6.03,05-31-2011,Commonwealth Bank of Australia
2012,2011-03-04,6.03,05-31-2011,Commonwealth Bank of Australia
2012,2011-04-08,6.03,05-31-2011,Commonwealth Bank of Australia
2012,2011-04-13,6.03,05-31-2011,Commonwealth Bank of Australia
2012,2011-04-27,6.03,05-31-2011,Commonwealth Bank of Australia
2012,2011-05-03,6.03,05-31-2011,Commonwealth Bank of Australia
2013,2010-10-26,5.79,05-31-2011,Commonwealth Bank of Australia
2013,2010-11-26,5.79,05-31-2011,Commonwealth Bank of Australia
2013,2011-03-04,5.79,05-31-2011,Commonwealth Bank of Australia
2013,2011-04-08,5.79,05-31-2011,Commonwealth Bank of Australia
2013,2011-04-13,5.79,05-31-2011,Commonwealth Bank of Australia
2013,2011-04-27,5.79,05-31-2011,Commonwealth Bank of Australia
2013,2011-05-03,5.79,05-31-2011,Commonwealth Bank of Australia
Q4-16,2015-01-19,5.8,11-30-2016,Commonwealth Bank of Australia
Q4-16,2015-06-04,6.1,11-30-2016,Commonwealth Bank of Australia
Q4-16,2015-07-23,6.1,11-30-2016,Commonwealth Bank of Australia
Q4-16,2015-09-11,6.3,11-30-2016,Commonwealth Bank of Australia
Q4-16,2015-11-09,6.3,11-30-2016,Commonwealth Bank of Australia
2017,2015-09-11,5.9,11-30-2016,Commonwealth Bank of Australia
2017,2015-11-09,5.8,11-30-2016,Commonwealth Bank of Australia
2018,2015-09-11,5.9,11-30-2016,Commonwealth Bank of Australia
2019,2015-09-11,5.9,11-30-2016,Commonwealth Bank of Australia
2020,2015-09-11,5.9,11-30-2016,Commonwealth Bank of Australia
Q1-11,2010-03-08,6.67,02-28-2011,Commonwealth Bank of Australia
Q1-11,2010-04-15,6.67,02-28-2011,Commonwealth Bank of Australia
Q1-11,2010-04-16,6.67,02-28-2011,Commonwealth Bank of Australia
Q1-11,2010-05-27,6.67,02-28-2011,Commonwealth Bank of Australia
Q1-11,2010-10-26,6.57,02-28-2011,Commonwealth Bank of Australia
Q1-11,2010-11-26,6.57,02-28-2011,Commonwealth Bank of Australia
Q1-11,2011-01-07,6.57,02-28-2011,Commonwealth Bank of Australia
Q1-11,2011-01-31,6.57,02-28-2011,Commonwealth Bank of Australia
Q2-11,2010-10-26,6.47,02-28-2011,Commonwealth Bank of Australia
Q2-11,2010-11-26,6.47,02-28-2011,Commonwealth Bank of Australia
Q2-11,2011-01-07,6.47,02-28-2011,Commonwealth Bank of Australia
Q2-11,2011-01-31,6.47,02-28-2011,Commonwealth Bank of Australia
Q3-11,2010-10-26,6.37,02-28-2011,Commonwealth Bank of Australia
Q3-11,2010-11-26,6.37,02-28-2011,Commonwealth Bank of Australia
Q3-11,2011-01-07,6.37,02-28-2011,Commonwealth Bank of Australia
Q3-11,2011-01-31,6.37,02-28-2011,Commonwealth Bank of Australia
Q4-11,2010-03-08,6.42,02-28-2011,Commonwealth Bank of Australia
Q4-11,2010-04-16,6.42,02-28-2011,Commonwealth Bank of Australia
Q4-11,2010-05-27,6.42,02-28-2011,Commonwealth Bank of Australia
Q4-11,2010-10-26,6.28,02-28-2011,Commonwealth Bank of Australia
Q4-11,2010-11-26,6.28,02-28-2011,Commonwealth Bank of Australia
Q4-11,2011-01-07,6.03,02-28-2011,Commonwealth Bank of Australia
Q4-11,2011-01-31,6.28,02-28-2011,Commonwealth Bank of Australia
2012,2010-03-08,6.1,02-28-2011,Commonwealth Bank of Australia
2012,2010-04-16,6.1,02-28-2011,Commonwealth Bank of Australia
2012,2010-05-27,6.04,02-28-2011,Commonwealth Bank of Australia
2012,2010-10-26,6.03,02-28-2011,Commonwealth Bank of Australia
2012,2010-11-26,6.03,02-28-2011,Commonwealth Bank of Australia
2012,2011-01-07,5.79,02-28-2011,Commonwealth Bank of Australia
2012,2011-01-31,6.03,02-28-2011,Commonwealth Bank of Australia
2013,2010-10-26,5.79,02-28-2011,Commonwealth Bank of Australia
2013,2010-11-26,5.79,02-28-2011,Commonwealth Bank of Australia
Q3-16,2015-09-11,6.4,08-31-2016,Commonwealth Bank of Australia
Q3-16,2015-11-09,6.4,08-31-2016,Commonwealth Bank of Australia
Q4-16,2014-09-12,5.75,08-31-2016,Commonwealth Bank of Australia
Q4-16,2014-10-14,5.5,08-31-2016,Commonwealth Bank of Australia
Q4-16,2015-01-19,5.8,08-31-2016,Commonwealth Bank of Australia
Q4-16,2015-06-04,6.1,08-31-2016,Commonwealth Bank of Australia
Q4-16,2015-07-23,6.1,08-31-2016,Commonwealth Bank of Australia
Q4-16,2015-09-11,6.3,08-31-2016,Commonwealth Bank of Australia
Q4-16,2015-11-09,6.3,08-31-2016,Commonwealth Bank of Australia
2017,2015-09-11,5.9,08-31-2016,Commonwealth Bank of Australia
2017,2015-11-09,5.8,08-31-2016,Commonwealth Bank of Australia
2018,2015-09-11,5.9,08-31-2016,Commonwealth Bank of Australia
2019,2015-09-11,5.9,08-31-2016,Commonwealth Bank of Australia
2020,2015-09-11,5.9,08-31-2016,Commonwealth Bank of Australia
Q1-07,2006-04-19,7.623,02-28-2007,Commonwealth Bank of Australia
Q1-07,2006-05-03,7.623,02-28-2007,Commonwealth Bank of Australia
Q1-07,2006-05-26,7.623,02-28-2007,Commonwealth Bank of Australia
Q1-07,2006-06-09,7.62,02-28-2007,Commonwealth Bank of Australia
Q1-07,2006-08-08,7.623,02-28-2007,Commonwealth Bank of Australia
Q1-07,2006-08-25,7.623,02-28-2007,Commonwealth Bank of Australia
Q2-07,2006-04-19,7.5468,02-28-2007,Commonwealth Bank of Australia
Q2-07,2006-05-03,7.5468,02-28-2007,Commonwealth Bank of Australia
Q2-07,2006-05-26,7.5468,02-28-2007,Commonwealth Bank of Australia
Q2-07,2006-06-09,7.55,02-28-2007,Commonwealth Bank of Australia
Q2-07,2006-08-08,7.5468,02-28-2007,Commonwealth Bank of Australia
Q2-07,2006-08-25,7.5468,02-28-2007,Commonwealth Bank of Australia
Q4-07,2006-04-19,7.4713,02-28-2007,Commonwealth Bank of Australia
Q4-07,2006-08-08,7.4713,02-28-2007,Commonwealth Bank of Australia
Q4-07,2006-08-25,7.4713,02-28-2007,Commonwealth Bank of Australia
2008,2006-04-19,7.8,02-28-2007,Commonwealth Bank of Australia
2009,2006-04-19,7.7,02-28-2007,Commonwealth Bank of Australia
2010,2006-04-19,7.6,02-28-2007,Commonwealth Bank of Australia
Q4-21,2020-11-20,6.35,11-30-2021,Commonwealth Bank of Australia
Q4-21,2021-03-09,6.35,11-30-2021,Commonwealth Bank of Australia
Q4-21,2021-07-07,6.55,11-30-2021,Commonwealth Bank of Australia
Q4-21,2021-11-19,6.45,11-30-2021,Commonwealth Bank of Australia
Q1-22,2021-03-09,6.3,11-30-2021,Commonwealth Bank of Australia
Q1-22,2021-07-07,6.5,11-30-2021,Commonwealth Bank of Australia
Q1-22,2021-11-19,6.4,11-30-2021,Commonwealth Bank of Australia
Q2-22,2021-07-07,6.42,11-30-2021,Commonwealth Bank of Australia
Q2-22,2021-11-19,6.32,11-30-2021,Commonwealth Bank of Australia
Q3-22,2021-11-19,6.25,11-30-2021,Commonwealth Bank of Australia
2022,2020-11-20,6.2,11-30-2021,Commonwealth Bank of Australia
2022,2021-03-09,6.2,11-30-2021,Commonwealth Bank of Australia
2022,2021-07-07,6.25,11-30-2021,Commonwealth Bank of Australia
2022,2021-11-19,6.2,11-30-2021,Commonwealth Bank of Australia
2023,2021-03-09,6.2,11-30-2021,Commonwealth Bank of Australia
2023,2021-07-07,6.2,11-30-2021,Commonwealth Bank of Australia
2023,2021-11-19,6.2,11-30-2021,Commonwealth Bank of Australia
Q3-17,2017-03-27,7.14,08-31-2017,Commonwealth Bank of Australia
Q3-17,2017-05-15,6.85,08-31-2017,Commonwealth Bank of Australia
Q3-17,2017-05-16,6.85,08-31-2017,Commonwealth Bank of Australia
Q3-17,2017-06-01,6.85,08-31-2017,Commonwealth Bank of Australia
Q3-17,2017-07-10,6.85,08-31-2017,Commonwealth Bank of Australia
Q4-17,2015-09-11,5.9,08-31-2017,Commonwealth Bank of Australia
Q4-17,2015-11-09,5.8,08-31-2017,Commonwealth Bank of Australia
Q4-17,2017-03-27,7.2,08-31-2017,Commonwealth Bank of Australia
Q4-17,2017-05-15,6.8,08-31-2017,Commonwealth Bank of Australia
Q4-17,2017-05-16,6.8,08-31-2017,Commonwealth Bank of Australia
Q4-17,2017-06-01,6.8,08-31-2017,Commonwealth Bank of Australia
Q4-17,2017-07-10,6.8,08-31-2017,Commonwealth Bank of Australia
Q1-18,2017-03-27,7.3,08-31-2017,Commonwealth Bank of Australia
Q1-18,2017-05-15,6.75,08-31-2017,Commonwealth Bank of Australia
Q1-18,2017-05-16,6.75,08-31-2017,Commonwealth Bank of Australia
Q1-18,2017-06-01,6.75,08-31-2017,Commonwealth Bank of Australia
Q1-18,2017-07-10,6.75,08-31-2017,Commonwealth Bank of Australia
Q2-18,2017-06-01,6.7,08-31-2017,Commonwealth Bank of Australia
Q2-18,2017-07-10,6.7,08-31-2017,Commonwealth Bank of Australia
2018,2015-09-11,5.9,08-31-2017,Commonwealth Bank of Australia
2018,2017-03-27,7.1,08-31-2017,Commonwealth Bank of Australia
2019,2015-09-11,5.9,08-31-2017,Commonwealth Bank of Australia
2019,2017-03-27,6.4,08-31-2017,Commonwealth Bank of Australia
2020,2015-09-11,5.9,08-31-2017,Commonwealth Bank of Australia
2020,2017-03-27,5.9,08-31-2017,Commonwealth Bank of Australia
2021,2017-03-27,5.9,08-31-2017,Commonwealth Bank of Australia
Q1-10,2009-03-05,6.75,02-28-2010,Commonwealth Bank of Australia
Q1-10,2009-03-09,6.75,02-28-2010,Commonwealth Bank of Australia
Q1-10,2009-03-13,6.75,02-28-2010,Commonwealth Bank of Australia
Q1-10,2009-03-20,6.75,02-28-2010,Commonwealth Bank of Australia
Q1-10,2009-04-17,6.75,02-28-2010,Commonwealth Bank of Australia
Q1-10,2009-05-04,6.75,02-28-2010,Commonwealth Bank of Australia
Q1-10,2009-05-28,6.7,02-28-2010,Commonwealth Bank of Australia
Q1-10,2009-07-01,6.7,02-28-2010,Commonwealth Bank of Australia
Q1-10,2009-07-23,6.78,02-28-2010,Commonwealth Bank of Australia
Q1-10,2009-08-06,6.78,02-28-2010,Commonwealth Bank of Australia
Q1-10,2009-09-03,6.81,02-28-2010,Commonwealth Bank of Australia
Q1-10,2009-10-06,6.81,02-28-2010,Commonwealth Bank of Australia
Q1-10,2009-10-12,6.81,02-28-2010,Commonwealth Bank of Australia
Q1-10,2009-11-04,6.81,02-28-2010,Commonwealth Bank of Australia
Q1-10,2009-12-07,6.83,02-28-2010,Commonwealth Bank of Australia
Q1-10,2009-12-08,6.83,02-28-2010,Commonwealth Bank of Australia
Q1-10,2009-12-18,6.83,02-28-2010,Commonwealth Bank of Australia
Q1-10,2010-01-12,6.83,02-28-2010,Commonwealth Bank of Australia
Q1-10,2010-01-25,6.83,02-28-2010,Commonwealth Bank of Australia
Q2-10,2009-09-03,6.78,02-28-2010,Commonwealth Bank of Australia
Q2-10,2009-10-06,6.78,02-28-2010,Commonwealth Bank of Australia
Q2-10,2009-10-12,6.78,02-28-2010,Commonwealth Bank of Australia
Q2-10,2009-11-04,6.78,02-28-2010,Commonwealth Bank of Australia
Q2-10,2009-12-07,6.81,02-28-2010,Commonwealth Bank of Australia
Q2-10,2009-12-08,6.81,02-28-2010,Commonwealth Bank of Australia
Q2-10,2009-12-18,6.81,02-28-2010,Commonwealth Bank of Australia
Q2-10,2010-01-12,6.81,02-28-2010,Commonwealth Bank of Australia
Q2-10,2010-01-25,6.81,02-28-2010,Commonwealth Bank of Australia
Q3-10,2009-10-12,6.75,02-28-2010,Commonwealth Bank of Australia
Q3-10,2009-11-04,6.75,02-28-2010,Commonwealth Bank of Australia
Q3-10,2009-12-07,6.78,02-28-2010,Commonwealth Bank of Australia
Q3-10,2009-12-08,6.78,02-28-2010,Commonwealth Bank of Australia
Q3-10,2009-12-18,6.78,02-28-2010,Commonwealth Bank of Australia
Q3-10,2010-01-12,6.78,02-28-2010,Commonwealth Bank of Australia
Q3-10,2010-01-25,6.78,02-28-2010,Commonwealth Bank of Australia
Q4-10,2009-12-07,6.75,02-28-2010,Commonwealth Bank of Australia
Q4-10,2009-12-18,6.75,02-28-2010,Commonwealth Bank of Australia
Q4-10,2010-01-12,6.75,02-28-2010,Commonwealth Bank of Australia
Q4-10,2010-01-25,6.75,02-28-2010,Commonwealth Bank of Australia
Q4-17,2017-03-27,7.2,11-30-2017,Commonwealth Bank of Australia
Q4-17,2017-05-15,6.8,11-30-2017,Commonwealth Bank of Australia
Q4-17,2017-05-16,6.8,11-30-2017,Commonwealth Bank of Australia
Q4-17,2017-06-01,6.8,11-30-2017,Commonwealth Bank of Australia
Q4-17,2017-07-10,6.8,11-30-2017,Commonwealth Bank of Australia
Q4-17,2017-11-29,6.65,11-30-2017,Commonwealth Bank of Australia
Q1-18,2017-03-27,7.3,11-30-2017,Commonwealth Bank of Australia
Q1-18,2017-05-15,6.75,11-30-2017,Commonwealth Bank of Australia
Q1-18,2017-05-16,6.75,11-30-2017,Commonwealth Bank of Australia
Q1-18,2017-06-01,6.75,11-30-2017,Commonwealth Bank of Australia
Q1-18,2017-07-10,6.75,11-30-2017,Commonwealth Bank of Australia
Q1-18,2017-11-29,6.55,11-30-2017,Commonwealth Bank of Australia
Q2-18,2017-06-01,6.7,11-30-2017,Commonwealth Bank of Australia
Q2-18,2017-07-10,6.7,11-30-2017,Commonwealth Bank of Australia
Q2-18,2017-11-29,6.45,11-30-2017,Commonwealth Bank of Australia
Q3-18,2017-11-29,6.4,11-30-2017,Commonwealth Bank of Australia
2018,2017-03-27,7.1,11-30-2017,Commonwealth Bank of Australia
2018,2017-11-29,6.35,11-30-2017,Commonwealth Bank of Australia
2019,2017-03-27,6.4,11-30-2017,Commonwealth Bank of Australia
2020,2017-03-27,5.9,11-30-2017,Commonwealth Bank of Australia
2021,2017-03-27,5.9,11-30-2017,Commonwealth Bank of Australia
Q3-21,2020-11-20,6.4,08-31-2021,Commonwealth Bank of Australia
Q3-21,2021-03-09,6.4,08-31-2021,Commonwealth Bank of Australia
Q3-21,2021-07-07,6.5,08-31-2021,Commonwealth Bank of Australia
Q4-21,2020-11-20,6.35,08-31-2021,Commonwealth Bank of Australia
Q4-21,2021-03-09,6.35,08-31-2021,Commonwealth Bank of Australia
Q4-21,2021-07-07,6.55,08-31-2021,Commonwealth Bank of Australia
Q1-22,2021-03-09,6.3,08-31-2021,Commonwealth Bank of Australia
Q1-22,2021-07-07,6.5,08-31-2021,Commonwealth Bank of Australia
Q2-22,2021-07-07,6.42,08-31-2021,Commonwealth Bank of Australia
2022,2020-11-20,6.2,08-31-2021,Commonwealth Bank of Australia
2022,2021-03-09,6.2,08-31-2021,Commonwealth Bank of Australia
2022,2021-07-07,6.25,08-31-2021,Commonwealth Bank of Australia
2023,2021-03-09,6.2,08-31-2021,Commonwealth Bank of Australia
2023,2021-07-07,6.2,08-31-2021,Commonwealth Bank of Australia
Q2-10,2009-09-03,6.78,05-31-2010,Commonwealth Bank of Australia
Q2-10,2009-10-06,6.78,05-31-2010,Commonwealth Bank of Australia
Q2-10,2009-10-12,6.78,05-31-2010,Commonwealth Bank of Australia
Q2-10,2009-11-04,6.78,05-31-2010,Commonwealth Bank of Australia
Q2-10,2009-12-07,6.81,05-31-2010,Commonwealth Bank of Australia
Q2-10,2009-12-08,6.81,05-31-2010,Commonwealth Bank of Australia
Q2-10,2009-12-18,6.81,05-31-2010,Commonwealth Bank of Australia
Q2-10,2010-01-12,6.81,05-31-2010,Commonwealth Bank of Australia
Q2-10,2010-01-25,6.81,05-31-2010,Commonwealth Bank of Australia
Q2-10,2010-03-08,6.81,05-31-2010,Commonwealth Bank of Australia
Q2-10,2010-04-15,6.81,05-31-2010,Commonwealth Bank of Australia
Q2-10,2010-04-16,6.81,05-31-2010,Commonwealth Bank of Australia
Q2-10,2010-05-27,6.81,05-31-2010,Commonwealth Bank of Australia
Q3-10,2009-10-12,6.75,05-31-2010,Commonwealth Bank of Australia
Q3-10,2009-11-04,6.75,05-31-2010,Commonwealth Bank of Australia
Q3-10,2009-12-07,6.78,05-31-2010,Commonwealth Bank of Australia
Q3-10,2009-12-08,6.78,05-31-2010,Commonwealth Bank of Australia
Q3-10,2009-12-18,6.78,05-31-2010,Commonwealth Bank of Australia
Q3-10,2010-01-12,6.78,05-31-2010,Commonwealth Bank of Australia
Q3-10,2010-01-25,6.78,05-31-2010,Commonwealth Bank of Australia
Q3-10,2010-03-08,6.78,05-31-2010,Commonwealth Bank of Australia
Q3-10,2010-04-15,6.78,05-31-2010,Commonwealth Bank of Australia
Q3-10,2010-04-16,6.78,05-31-2010,Commonwealth Bank of Australia
Q3-10,2010-05-27,6.78,05-31-2010,Commonwealth Bank of Australia
Q4-10,2009-12-07,6.75,05-31-2010,Commonwealth Bank of Australia
Q4-10,2009-12-18,6.75,05-31-2010,Commonwealth Bank of Australia
Q4-10,2010-01-12,6.75,05-31-2010,Commonwealth Bank of Australia
Q4-10,2010-01-25,6.75,05-31-2010,Commonwealth Bank of Australia
Q4-10,2010-03-08,6.75,05-31-2010,Commonwealth Bank of Australia
Q4-10,2010-04-15,6.75,05-31-2010,Commonwealth Bank of Australia
Q4-10,2010-04-16,6.75,05-31-2010,Commonwealth Bank of Australia
Q4-10,2010-05-27,6.75,05-31-2010,Commonwealth Bank of Australia
Q1-11,2010-03-08,6.67,05-31-2010,Commonwealth Bank of Australia
Q1-11,2010-04-15,6.67,05-31-2010,Commonwealth Bank of Australia
Q1-11,2010-04-16,6.67,05-31-2010,Commonwealth Bank of Australia
Q1-11,2010-05-27,6.67,05-31-2010,Commonwealth Bank of Australia
2011,2010-03-08,6.42,05-31-2010,Commonwealth Bank of Australia
2011,2010-04-16,6.42,05-31-2010,Commonwealth Bank of Australia
2011,2010-05-27,6.42,05-31-2010,Commonwealth Bank of Australia
2012,2010-03-08,6.1,05-31-2010,Commonwealth Bank of Australia
2012,2010-04-16,6.1,05-31-2010,Commonwealth Bank of Australia
2012,2010-05-27,6.04,05-31-2010,Commonwealth Bank of Australia
Q4-17,2015-09-11,5.9,02-28-2017,Commonwealth Bank of Australia
Q4-17,2015-11-09,5.8,02-28-2017,Commonwealth Bank of Australia
2018,2015-09-11,5.9,02-28-2017,Commonwealth Bank of Australia
2019,2015-09-11,5.9,02-28-2017,Commonwealth Bank of Australia
2020,2015-09-11,5.9,02-28-2017,Commonwealth Bank of Australia
Q3-10,2009-10-12,6.75,08-31-2010,Commonwealth Bank of Australia
Q3-10,2009-11-04,6.75,08-31-2010,Commonwealth Bank of Australia
Q3-10,2009-12-07,6.78,08-31-2010,Commonwealth Bank of Australia
Q3-10,2009-12-08,6.78,08-31-2010,Commonwealth Bank of Australia
Q3-10,2009-12-18,6.78,08-31-2010,Commonwealth Bank of Australia
Q3-10,2010-01-12,6.78,08-31-2010,Commonwealth Bank of Australia
Q3-10,2010-01-25,6.78,08-31-2010,Commonwealth Bank of Australia
Q3-10,2010-03-08,6.78,08-31-2010,Commonwealth Bank of Australia
Q3-10,2010-04-15,6.78,08-31-2010,Commonwealth Bank of Australia
Q3-10,2010-04-16,6.78,08-31-2010,Commonwealth Bank of Australia
Q3-10,2010-05-27,6.78,08-31-2010,Commonwealth Bank of Australia
Q4-10,2009-12-07,6.75,08-31-2010,Commonwealth Bank of Australia
Q4-10,2009-12-18,6.75,08-31-2010,Commonwealth Bank of Australia
Q4-10,2010-01-12,6.75,08-31-2010,Commonwealth Bank of Australia
Q4-10,2010-01-25,6.75,08-31-2010,Commonwealth Bank of Australia
Q4-10,2010-03-08,6.75,08-31-2010,Commonwealth Bank of Australia
Q4-10,2010-04-15,6.75,08-31-2010,Commonwealth Bank of Australia
Q4-10,2010-04-16,6.75,08-31-2010,Commonwealth Bank of Australia
Q4-10,2010-05-27,6.75,08-31-2010,Commonwealth Bank of Australia
Q1-11,2010-03-08,6.67,08-31-2010,Commonwealth Bank of Australia
Q1-11,2010-04-15,6.67,08-31-2010,Commonwealth Bank of Australia
Q1-11,2010-04-16,6.67,08-31-2010,Commonwealth Bank of Australia
Q1-11,2010-05-27,6.67,08-31-2010,Commonwealth Bank of Australia
2011,2010-03-08,6.42,08-31-2010,Commonwealth Bank of Australia
2011,2010-04-16,6.42,08-31-2010,Commonwealth Bank of Australia
2011,2010-05-27,6.42,08-31-2010,Commonwealth Bank of Australia
2012,2010-03-08,6.1,08-31-2010,Commonwealth Bank of Australia
2012,2010-04-16,6.1,08-31-2010,Commonwealth Bank of Australia
2012,2010-05-27,6.04,08-31-2010,Commonwealth Bank of Australia
Q3-06,2006-04-19,7.85,08-31-2006,Commonwealth Bank of Australia
Q3-06,2006-05-03,7.85,08-31-2006,Commonwealth Bank of Australia
Q3-06,2006-05-26,7.85,08-31-2006,Commonwealth Bank of Australia
Q3-06,2006-06-09,7.85,08-31-2006,Commonwealth Bank of Australia
Q3-06,2006-08-08,7.85,08-31-2006,Commonwealth Bank of Australia
Q3-06,2006-08-25,7.85,08-31-2006,Commonwealth Bank of Australia
Q4-06,2006-04-19,7.7,08-31-2006,Commonwealth Bank of Australia
Q4-06,2006-05-03,7.7,08-31-2006,Commonwealth Bank of Australia
Q4-06,2006-05-26,7.7,08-31-2006,Commonwealth Bank of Australia
Q4-06,2006-06-09,7.7,08-31-2006,Commonwealth Bank of Australia
Q4-06,2006-08-08,7.7,08-31-2006,Commonwealth Bank of Australia
Q4-06,2006-08-25,7.7,08-31-2006,Commonwealth Bank of Australia
Q1-07,2006-04-19,7.623,08-31-2006,Commonwealth Bank of Australia
Q1-07,2006-05-03,7.623,08-31-2006,Commonwealth Bank of Australia
Q1-07,2006-05-26,7.623,08-31-2006,Commonwealth Bank of Australia
Q1-07,2006-06-09,7.62,08-31-2006,Commonwealth Bank of Australia
Q1-07,2006-08-08,7.623,08-31-2006,Commonwealth Bank of Australia
Q1-07,2006-08-25,7.623,08-31-2006,Commonwealth Bank of Australia
Q2-07,2006-04-19,7.5468,08-31-2006,Commonwealth Bank of Australia
Q2-07,2006-05-03,7.5468,08-31-2006,Commonwealth Bank of Australia
Q2-07,2006-05-26,7.5468,08-31-2006,Commonwealth Bank of Australia
Q2-07,2006-06-09,7.55,08-31-2006,Commonwealth Bank of Australia
Q2-07,2006-08-08,7.5468,08-31-2006,Commonwealth Bank of Australia
Q2-07,2006-08-25,7.5468,08-31-2006,Commonwealth Bank of Australia
2007,2006-04-19,7.4713,08-31-2006,Commonwealth Bank of Australia
2007,2006-08-08,7.4713,08-31-2006,Commonwealth Bank of Australia
2007,2006-08-25,7.4713,08-31-2006,Commonwealth Bank of Australia
2008,2006-04-19,7.8,08-31-2006,Commonwealth Bank of Australia
2009,2006-04-19,7.7,08-31-2006,Commonwealth Bank of Australia
2010,2006-04-19,7.6,08-31-2006,Commonwealth Bank of Australia
Q2-21,2020-11-20,6.45,05-31-2021,Commonwealth Bank of Australia
Q2-21,2021-03-09,6.45,05-31-2021,Commonwealth Bank of Australia
Q3-21,2020-11-20,6.4,05-31-2021,Commonwealth Bank of Australia
Q3-21,2021-03-09,6.4,05-31-2021,Commonwealth Bank of Australia
Q4-21,2020-11-20,6.35,05-31-2021,Commonwealth Bank of Australia
Q4-21,2021-03-09,6.35,05-31-2021,Commonwealth Bank of Australia
Q1-22,2021-03-09,6.3,05-31-2021,Commonwealth Bank of Australia
2022,2020-11-20,6.2,05-31-2021,Commonwealth Bank of Australia
2022,2021-03-09,6.2,05-31-2021,Commonwealth Bank of Australia
2023,2021-03-09,6.2,05-31-2021,Commonwealth Bank of Australia
Q2-17,2017-03-27,7.1,05-31-2017,Commonwealth Bank of Australia
Q2-17,2017-05-15,6.89,05-31-2017,Commonwealth Bank of Australia
Q2-17,2017-05-16,6.89,05-31-2017,Commonwealth Bank of Australia
Q3-17,2017-03-27,7.14,05-31-2017,Commonwealth Bank of Australia
Q3-17,2017-05-15,6.85,05-31-2017,Commonwealth Bank of Australia
Q3-17,2017-05-16,6.85,05-31-2017,Commonwealth Bank of Australia
Q4-17,2015-09-11,5.9,05-31-2017,Commonwealth Bank of Australia
Q4-17,2015-11-09,5.8,05-31-2017,Commonwealth Bank of Australia
Q4-17,2017-03-27,7.2,05-31-2017,Commonwealth Bank of Australia
Q4-17,2017-05-15,6.8,05-31-2017,Commonwealth Bank of Australia
Q4-17,2017-05-16,6.8,05-31-2017,Commonwealth Bank of Australia
Q1-18,2017-03-27,7.3,05-31-2017,Commonwealth Bank of Australia
Q1-18,2017-05-15,6.75,05-31-2017,Commonwealth Bank of Australia
Q1-18,2017-05-16,6.75,05-31-2017,Commonwealth Bank of Australia
2018,2015-09-11,5.9,05-31-2017,Commonwealth Bank of Australia
2018,2017-03-27,7.1,05-31-2017,Commonwealth Bank of Australia
2019,2015-09-11,5.9,05-31-2017,Commonwealth Bank of Australia
2019,2017-03-27,6.4,05-31-2017,Commonwealth Bank of Australia
2020,2015-09-11,5.9,05-31-2017,Commonwealth Bank of Australia
2020,2017-03-27,5.9,05-31-2017,Commonwealth Bank of Australia
2021,2017-03-27,5.9,05-31-2017,Commonwealth Bank of Australia
Q4-06,2006-04-19,7.7,11-30-2006,Commonwealth Bank of Australia
Q4-06,2006-05-03,7.7,11-30-2006,Commonwealth Bank of Australia
Q4-06,2006-05-26,7.7,11-30-2006,Commonwealth Bank of Australia
Q4-06,2006-06-09,7.7,11-30-2006,Commonwealth Bank of Australia
Q4-06,2006-08-08,7.7,11-30-2006,Commonwealth Bank of Australia
Q4-06,2006-08-25,7.7,11-30-2006,Commonwealth Bank of Australia
Q1-07,2006-04-19,7.623,11-30-2006,Commonwealth Bank of Australia
Q1-07,2006-05-03,7.623,11-30-2006,Commonwealth Bank of Australia
Q1-07,2006-05-26,7.623,11-30-2006,Commonwealth Bank of Australia
Q1-07,2006-06-09,7.62,11-30-2006,Commonwealth Bank of Australia
Q1-07,2006-08-08,7.623,11-30-2006,Commonwealth Bank of Australia
Q1-07,2006-08-25,7.623,11-30-2006,Commonwealth Bank of Australia
Q2-07,2006-04-19,7.5468,11-30-2006,Commonwealth Bank of Australia
Q2-07,2006-05-03,7.5468,11-30-2006,Commonwealth Bank of Australia
Q2-07,2006-05-26,7.5468,11-30-2006,Commonwealth Bank of Australia
Q2-07,2006-06-09,7.55,11-30-2006,Commonwealth Bank of Australia
Q2-07,2006-08-08,7.5468,11-30-2006,Commonwealth Bank of Australia
Q2-07,2006-08-25,7.5468,11-30-2006,Commonwealth Bank of Australia
2007,2006-04-19,7.4713,11-30-2006,Commonwealth Bank of Australia
2007,2006-08-08,7.4713,11-30-2006,Commonwealth Bank of Australia
2007,2006-08-25,7.4713,11-30-2006,Commonwealth Bank of Australia
2008,2006-04-19,7.8,11-30-2006,Commonwealth Bank of Australia
2009,2006-04-19,7.7,11-30-2006,Commonwealth Bank of Australia
2010,2006-04-19,7.6,11-30-2006,Commonwealth Bank of Australia
Q4-10,2009-12-07,6.75,11-30-2010,Commonwealth Bank of Australia
Q4-10,2009-12-18,6.75,11-30-2010,Commonwealth Bank of Australia
Q4-10,2010-01-12,6.75,11-30-2010,Commonwealth Bank of Australia
Q4-10,2010-01-25,6.75,11-30-2010,Commonwealth Bank of Australia
Q4-10,2010-03-08,6.75,11-30-2010,Commonwealth Bank of Australia
Q4-10,2010-04-15,6.75,11-30-2010,Commonwealth Bank of Australia
Q4-10,2010-04-16,6.75,11-30-2010,Commonwealth Bank of Australia
Q4-10,2010-05-27,6.75,11-30-2010,Commonwealth Bank of Australia
Q4-10,2010-10-26,6.63,11-30-2010,Commonwealth Bank of Australia
Q4-10,2010-11-26,6.63,11-30-2010,Commonwealth Bank of Australia
Q1-11,2010-03-08,6.67,11-30-2010,Commonwealth Bank of Australia
Q1-11,2010-04-15,6.67,11-30-2010,Commonwealth Bank of Australia
Q1-11,2010-04-16,6.67,11-30-2010,Commonwealth Bank of Australia
Q1-11,2010-05-27,6.67,11-30-2010,Commonwealth Bank of Australia
Q1-11,2010-10-26,6.57,11-30-2010,Commonwealth Bank of Australia
Q1-11,2010-11-26,6.57,11-30-2010,Commonwealth Bank of Australia
Q2-11,2010-10-26,6.47,11-30-2010,Commonwealth Bank of Australia
Q2-11,2010-11-26,6.47,11-30-2010,Commonwealth Bank of Australia
Q3-11,2010-10-26,6.37,11-30-2010,Commonwealth Bank of Australia
Q3-11,2010-11-26,6.37,11-30-2010,Commonwealth Bank of Australia
2011,2010-03-08,6.42,11-30-2010,Commonwealth Bank of Australia
2011,2010-04-16,6.42,11-30-2010,Commonwealth Bank of Australia
2011,2010-05-27,6.42,11-30-2010,Commonwealth Bank of Australia
2011,2010-10-26,6.28,11-30-2010,Commonwealth Bank of Australia
2011,2010-11-26,6.28,11-30-2010,Commonwealth Bank of Australia
2012,2010-03-08,6.1,11-30-2010,Commonwealth Bank of Australia
2012,2010-04-16,6.1,11-30-2010,Commonwealth Bank of Australia
2012,2010-05-27,6.04,11-30-2010,Commonwealth Bank of Australia
2012,2010-10-26,6.03,11-30-2010,Commonwealth Bank of Australia
2012,2010-11-26,6.03,11-30-2010,Commonwealth Bank of Australia
2013,2010-10-26,5.79,11-30-2010,Commonwealth Bank of Australia
2013,2010-11-26,5.79,11-30-2010,Commonwealth Bank of Australia
Q4-11,2010-03-08,6.42,11-30-2011,Commonwealth Bank of Australia
Q4-11,2010-04-16,6.42,11-30-2011,Commonwealth Bank of Australia
Q4-11,2010-05-27,6.42,11-30-2011,Commonwealth Bank of Australia
Q4-11,2010-10-26,6.28,11-30-2011,Commonwealth Bank of Australia
Q4-11,2010-11-26,6.28,11-30-2011,Commonwealth Bank of Australia
Q4-11,2011-01-07,6.03,11-30-2011,Commonwealth Bank of Australia
Q4-11,2011-01-31,6.28,11-30-2011,Commonwealth Bank of Australia
Q4-11,2011-03-04,6.28,11-30-2011,Commonwealth Bank of Australia
Q4-11,2011-04-08,6.21,11-30-2011,Commonwealth Bank of Australia
Q4-11,2011-04-13,6.28,11-30-2011,Commonwealth Bank of Australia
Q4-11,2011-04-27,6.28,11-30-2011,Commonwealth Bank of Australia
Q4-11,2011-05-03,6.28,11-30-2011,Commonwealth Bank of Australia
Q4-11,2011-06-03,6.28,11-30-2011,Commonwealth Bank of Australia
Q4-11,2011-07-05,6.28,11-30-2011,Commonwealth Bank of Australia
Q4-11,2011-08-12,6.28,11-30-2011,Commonwealth Bank of Australia
Q4-11,2011-09-14,6.28,11-30-2011,Commonwealth Bank of Australia
Q4-11,2011-10-28,6.28,11-30-2011,Commonwealth Bank of Australia
Q1-12,2011-04-13,6.21,11-30-2011,Commonwealth Bank of Australia
Q1-12,2011-04-27,6.21,11-30-2011,Commonwealth Bank of Australia
Q1-12,2011-05-03,6.21,11-30-2011,Commonwealth Bank of Australia
Q1-12,2011-06-03,6.21,11-30-2011,Commonwealth Bank of Australia
Q1-12,2011-07-05,6.21,11-30-2011,Commonwealth Bank of Australia
Q1-12,2011-08-12,6.21,11-30-2011,Commonwealth Bank of Australia
Q1-12,2011-09-14,6.21,11-30-2011,Commonwealth Bank of Australia
Q1-12,2011-10-28,6.21,11-30-2011,Commonwealth Bank of Australia
Q2-12,2011-08-12,6.15,11-30-2011,Commonwealth Bank of Australia
Q2-12,2011-09-14,6.15,11-30-2011,Commonwealth Bank of Australia
Q2-12,2011-10-28,6.15,11-30-2011,Commonwealth Bank of Australia
Q3-12,2011-09-14,6.09,11-30-2011,Commonwealth Bank of Australia
Q3-12,2011-10-28,6.09,11-30-2011,Commonwealth Bank of Australia
2012,2010-03-08,6.1,11-30-2011,Commonwealth Bank of Australia
2012,2010-04-16,6.1,11-30-2011,Commonwealth Bank of Australia
2012,2010-05-27,6.04,11-30-2011,Commonwealth Bank of Australia
2012,2010-10-26,6.03,11-30-2011,Commonwealth Bank of Australia
2012,2010-11-26,6.03,11-30-2011,Commonwealth Bank of Australia
2012,2011-01-07,5.79,11-30-2011,Commonwealth Bank of Australia
2012,2011-01-31,6.03,11-30-2011,Commonwealth Bank of Australia
2012,2011-03-04,6.03,11-30-2011,Commonwealth Bank of Australia
2012,2011-04-08,6.03,11-30-2011,Commonwealth Bank of Australia
2012,2011-04-13,6.03,11-30-2011,Commonwealth Bank of Australia
2012,2011-04-27,6.03,11-30-2011,Commonwealth Bank of Australia
2012,2011-05-03,6.03,11-30-2011,Commonwealth Bank of Australia
2012,2011-06-03,6.03,11-30-2011,Commonwealth Bank of Australia
2012,2011-07-05,6.03,11-30-2011,Commonwealth Bank of Australia
2012,2011-08-12,6.03,11-30-2011,Commonwealth Bank of Australia
2012,2011-09-14,6.03,11-30-2011,Commonwealth Bank of Australia
2012,2011-10-28,6.03,11-30-2011,Commonwealth Bank of Australia
2013,2010-10-26,5.79,11-30-2011,Commonwealth Bank of Australia
2013,2010-11-26,5.79,11-30-2011,Commonwealth Bank of Australia
2013,2011-03-04,5.79,11-30-2011,Commonwealth Bank of Australia
2013,2011-04-08,5.79,11-30-2011,Commonwealth Bank of Australia
2013,2011-04-13,5.79,11-30-2011,Commonwealth Bank of Australia
2013,2011-04-27,5.79,11-30-2011,Commonwealth Bank of Australia
2013,2011-05-03,5.79,11-30-2011,Commonwealth Bank of Australia
2013,2011-06-03,5.79,11-30-2011,Commonwealth Bank of Australia
2013,2011-07-05,5.79,11-30-2011,Commonwealth Bank of Australia
2013,2011-08-12,5.79,11-30-2011,Commonwealth Bank of Australia
2013,2011-09-14,5.79,11-30-2011,Commonwealth Bank of Australia
2013,2011-10-28,5.79,11-30-2011,Commonwealth Bank of Australia
Q4-20,2018-03-02,6.1,02-28-2020,Commonwealth Bank of Australia
Q4-07,2006-04-19,7.4713,11-30-2007,Commonwealth Bank of Australia
Q4-07,2006-08-08,7.4713,11-30-2007,Commonwealth Bank of Australia
Q4-07,2006-08-25,7.4713,11-30-2007,Commonwealth Bank of Australia
2008,2006-04-19,7.8,11-30-2007,Commonwealth Bank of Australia
2009,2006-04-19,7.7,11-30-2007,Commonwealth Bank of Australia
2010,2006-04-19,7.6,11-30-2007,Commonwealth Bank of Australia
Q2-16,2015-06-04,6.3,05-31-2016,Commonwealth Bank of Australia
Q2-16,2015-07-23,6.3,05-31-2016,Commonwealth Bank of Australia
Q2-16,2015-09-11,6.5,05-31-2016,Commonwealth Bank of Australia
Q2-16,2015-11-09,6.5,05-31-2016,Commonwealth Bank of Australia
Q3-16,2015-09-11,6.4,05-31-2016,Commonwealth Bank of Australia
Q3-16,2015-11-09,6.4,05-31-2016,Commonwealth Bank of Australia
Q4-16,2014-06-27,5.5,05-31-2016,Commonwealth Bank of Australia
Q4-16,2014-07-21,5.5,05-31-2016,Commonwealth Bank of Australia
Q4-16,2014-08-25,5.5,05-31-2016,Commonwealth Bank of Australia
Q4-16,2014-09-12,5.75,05-31-2016,Commonwealth Bank of Australia
Q4-16,2014-10-14,5.5,05-31-2016,Commonwealth Bank of Australia
Q4-16,2015-01-19,5.8,05-31-2016,Commonwealth Bank of Australia
Q4-16,2015-06-04,6.1,05-31-2016,Commonwealth Bank of Australia
Q4-16,2015-07-23,6.1,05-31-2016,Commonwealth Bank of Australia
Q4-16,2015-09-11,6.3,05-31-2016,Commonwealth Bank of Australia
Q4-16,2015-11-09,6.3,05-31-2016,Commonwealth Bank of Australia
2017,2015-09-11,5.9,05-31-2016,Commonwealth Bank of Australia
2017,2015-11-09,5.8,05-31-2016,Commonwealth Bank of Australia
2018,2015-09-11,5.9,05-31-2016,Commonwealth Bank of Australia
2019,2015-09-11,5.9,05-31-2016,Commonwealth Bank of Australia
2020,2015-09-11,5.9,05-31-2016,Commonwealth Bank of Australia
Q4-07,2006-04-19,7.4713,08-31-2007,Commonwealth Bank of Australia
Q4-07,2006-08-08,7.4713,08-31-2007,Commonwealth Bank of Australia
Q4-07,2006-08-25,7.4713,08-31-2007,Commonwealth Bank of Australia
2008,2006-04-19,7.8,08-31-2007,Commonwealth Bank of Australia
2009,2006-04-19,7.7,08-31-2007,Commonwealth Bank of Australia
2010,2006-04-19,7.6,08-31-2007,Commonwealth Bank of Australia
Q3-11,2010-10-26,6.37,08-31-2011,Commonwealth Bank of Australia
Q3-11,2010-11-26,6.37,08-31-2011,Commonwealth Bank of Australia
Q3-11,2011-01-07,6.37,08-31-2011,Commonwealth Bank of Australia
Q3-11,2011-01-31,6.37,08-31-2011,Commonwealth Bank of Australia
Q3-11,2011-03-04,6.37,08-31-2011,Commonwealth Bank of Australia
Q3-11,2011-04-08,6.28,08-31-2011,Commonwealth Bank of Australia
Q3-11,2011-04-13,6.37,08-31-2011,Commonwealth Bank of Australia
Q3-11,2011-04-27,6.37,08-31-2011,Commonwealth Bank of Australia
Q3-11,2011-05-03,6.37,08-31-2011,Commonwealth Bank of Australia
Q3-11,2011-06-03,6.37,08-31-2011,Commonwealth Bank of Australia
Q3-11,2011-07-05,6.37,08-31-2011,Commonwealth Bank of Australia
Q3-11,2011-08-12,6.37,08-31-2011,Commonwealth Bank of Australia
Q4-11,2010-03-08,6.42,08-31-2011,Commonwealth Bank of Australia
Q4-11,2010-04-16,6.42,08-31-2011,Commonwealth Bank of Australia
Q4-11,2010-05-27,6.42,08-31-2011,Commonwealth Bank of Australia
Q4-11,2010-10-26,6.28,08-31-2011,Commonwealth Bank of Australia
Q4-11,2010-11-26,6.28,08-31-2011,Commonwealth Bank of Australia
Q4-11,2011-01-07,6.03,08-31-2011,Commonwealth Bank of Australia
Q4-11,2011-01-31,6.28,08-31-2011,Commonwealth Bank of Australia
Q4-11,2011-03-04,6.28,08-31-2011,Commonwealth Bank of Australia
Q4-11,2011-04-08,6.21,08-31-2011,Commonwealth Bank of Australia
Q4-11,2011-04-13,6.28,08-31-2011,Commonwealth Bank of Australia
Q4-11,2011-04-27,6.28,08-31-2011,Commonwealth Bank of Australia
Q4-11,2011-05-03,6.28,08-31-2011,Commonwealth Bank of Australia
Q4-11,2011-06-03,6.28,08-31-2011,Commonwealth Bank of Australia
Q4-11,2011-07-05,6.28,08-31-2011,Commonwealth Bank of Australia
Q4-11,2011-08-12,6.28,08-31-2011,Commonwealth Bank of Australia
Q1-12,2011-04-13,6.21,08-31-2011,Commonwealth Bank of Australia
Q1-12,2011-04-27,6.21,08-31-2011,Commonwealth Bank of Australia
Q1-12,2011-05-03,6.21,08-31-2011,Commonwealth Bank of Australia
Q1-12,2011-06-03,6.21,08-31-2011,Commonwealth Bank of Australia
Q1-12,2011-07-05,6.21,08-31-2011,Commonwealth Bank of Australia
Q1-12,2011-08-12,6.21,08-31-2011,Commonwealth Bank of Australia
Q2-12,2011-08-12,6.15,08-31-2011,Commonwealth Bank of Australia
2012,2010-03-08,6.1,08-31-2011,Commonwealth Bank of Australia
2012,2010-04-16,6.1,08-31-2011,Commonwealth Bank of Australia
2012,2010-05-27,6.04,08-31-2011,Commonwealth Bank of Australia
2012,2010-10-26,6.03,08-31-2011,Commonwealth Bank of Australia
2012,2010-11-26,6.03,08-31-2011,Commonwealth Bank of Australia
2012,2011-01-07,5.79,08-31-2011,Commonwealth Bank of Australia
2012,2011-01-31,6.03,08-31-2011,Commonwealth Bank of Australia
2012,2011-03-04,6.03,08-31-2011,Commonwealth Bank of Australia
2012,2011-04-08,6.03,08-31-2011,Commonwealth Bank of Australia
2012,2011-04-13,6.03,08-31-2011,Commonwealth Bank of Australia
2012,2011-04-27,6.03,08-31-2011,Commonwealth Bank of Australia
2012,2011-05-03,6.03,08-31-2011,Commonwealth Bank of Australia
2012,2011-06-03,6.03,08-31-2011,Commonwealth Bank of Australia
2012,2011-07-05,6.03,08-31-2011,Commonwealth Bank of Australia
2012,2011-08-12,6.03,08-31-2011,Commonwealth Bank of Australia
2013,2010-10-26,5.79,08-31-2011,Commonwealth Bank of Australia
2013,2010-11-26,5.79,08-31-2011,Commonwealth Bank of Australia
2013,2011-03-04,5.79,08-31-2011,Commonwealth Bank of Australia
2013,2011-04-08,5.79,08-31-2011,Commonwealth Bank of Australia
2013,2011-04-13,5.79,08-31-2011,Commonwealth Bank of Australia
2013,2011-04-27,5.79,08-31-2011,Commonwealth Bank of Australia
2013,2011-05-03,5.79,08-31-2011,Commonwealth Bank of Australia
2013,2011-06-03,5.79,08-31-2011,Commonwealth Bank of Australia
2013,2011-07-05,5.79,08-31-2011,Commonwealth Bank of Australia
2013,2011-08-12,5.79,08-31-2011,Commonwealth Bank of Australia
Q1-16,2015-04-07,6.1,02-28-2016,Commonwealth Bank of Australia
Q1-16,2015-06-04,6.4,02-28-2016,Commonwealth Bank of Australia
Q1-16,2015-07-23,6.4,02-28-2016,Commonwealth Bank of Australia
Q1-16,2015-09-11,6.55,02-28-2016,Commonwealth Bank of Australia
Q1-16,2015-11-09,6.55,02-28-2016,Commonwealth Bank of Australia
Q2-16,2015-06-04,6.3,02-28-2016,Commonwealth Bank of Australia
Q2-16,2015-07-23,6.3,02-28-2016,Commonwealth Bank of Australia
Q2-16,2015-09-11,6.5,02-28-2016,Commonwealth Bank of Australia
Q2-16,2015-11-09,6.5,02-28-2016,Commonwealth Bank of Australia
Q3-16,2015-09-11,6.4,02-28-2016,Commonwealth Bank of Australia
Q3-16,2015-11-09,6.4,02-28-2016,Commonwealth Bank of Australia
Q4-16,2014-03-05,5.45,02-28-2016,Commonwealth Bank of Australia
Q4-16,2014-06-27,5.5,02-28-2016,Commonwealth Bank of Australia
Q4-16,2014-07-21,5.5,02-28-2016,Commonwealth Bank of Australia
Q4-16,2014-08-25,5.5,02-28-2016,Commonwealth Bank of Australia
Q4-16,2014-09-12,5.75,02-28-2016,Commonwealth Bank of Australia
Q4-16,2014-10-14,5.5,02-28-2016,Commonwealth Bank of Australia
Q4-16,2015-01-19,5.8,02-28-2016,Commonwealth Bank of Australia
Q4-16,2015-06-04,6.1,02-28-2016,Commonwealth Bank of Australia
Q4-16,2015-07-23,6.1,02-28-2016,Commonwealth Bank of Australia
Q4-16,2015-09-11,6.3,02-28-2016,Commonwealth Bank of Australia
Q4-16,2015-11-09,6.3,02-28-2016,Commonwealth Bank of Australia
2017,2015-09-11,5.9,02-28-2016,Commonwealth Bank of Australia
2017,2015-11-09,5.8,02-28-2016,Commonwealth Bank of Australia
2018,2015-09-11,5.9,02-28-2016,Commonwealth Bank of Australia
2019,2015-09-11,5.9,02-28-2016,Commonwealth Bank of Australia
2020,2015-09-11,5.9,02-28-2016,Commonwealth Bank of Australia
Q2-19,2018-06-06,6.15,05-31-2019,Commonwealth Bank of Australia
Q2-19,2018-09-24,7.1,05-31-2019,Commonwealth Bank of Australia
Q3-19,2018-09-24,7.2,05-31-2019,Commonwealth Bank of Australia
Q4-19,2018-03-02,6.1,05-31-2019,Commonwealth Bank of Australia
Q4-19,2018-09-24,7.3,05-31-2019,Commonwealth Bank of Australia
2020,2018-03-02,6.1,05-31-2019,Commonwealth Bank of Australia
Q3-12,2011-09-14,6.09,08-31-2012,Commonwealth Bank of Australia
Q3-12,2011-10-28,6.09,08-31-2012,Commonwealth Bank of Australia
Q3-12,2011-12-14,6.2,08-31-2012,Commonwealth Bank of Australia
Q3-12,2012-01-24,6.2,08-31-2012,Commonwealth Bank of Australia
Q3-12,2012-02-21,6.15,08-31-2012,Commonwealth Bank of Australia
Q3-12,2012-02-29,6.15,08-31-2012,Commonwealth Bank of Australia
Q3-12,2012-04-12,6.15,08-31-2012,Commonwealth Bank of Australia
Q3-12,2012-05-11,6.18,08-31-2012,Commonwealth Bank of Australia
Q3-12,2012-06-20,6.18,08-31-2012,Commonwealth Bank of Australia
Q3-12,2012-07-13,6.34,08-31-2012,Commonwealth Bank of Australia
Q3-12,2012-08-20,6.34,08-31-2012,Commonwealth Bank of Australia
Q4-12,2010-10-26,6.03,08-31-2012,Commonwealth Bank of Australia
Q4-12,2010-11-26,6.03,08-31-2012,Commonwealth Bank of Australia
Q4-12,2011-01-07,5.79,08-31-2012,Commonwealth Bank of Australia
Q4-12,2011-01-31,6.03,08-31-2012,Commonwealth Bank of Australia
Q4-12,2011-03-04,6.03,08-31-2012,Commonwealth Bank of Australia
Q4-12,2011-04-08,6.03,08-31-2012,Commonwealth Bank of Australia
Q4-12,2011-04-13,6.03,08-31-2012,Commonwealth Bank of Australia
Q4-12,2011-04-27,6.03,08-31-2012,Commonwealth Bank of Australia
Q4-12,2011-05-03,6.03,08-31-2012,Commonwealth Bank of Australia
Q4-12,2011-06-03,6.03,08-31-2012,Commonwealth Bank of Australia
Q4-12,2011-07-05,6.03,08-31-2012,Commonwealth Bank of Australia
Q4-12,2011-08-12,6.03,08-31-2012,Commonwealth Bank of Australia
Q4-12,2011-09-14,6.03,08-31-2012,Commonwealth Bank of Australia
Q4-12,2011-10-28,6.03,08-31-2012,Commonwealth Bank of Australia
Q4-12,2011-12-14,6.15,08-31-2012,Commonwealth Bank of Australia
Q4-12,2012-01-24,6.15,08-31-2012,Commonwealth Bank of Australia
Q4-12,2012-02-21,6.07,08-31-2012,Commonwealth Bank of Australia
Q4-12,2012-02-29,6.07,08-31-2012,Commonwealth Bank of Australia
Q4-12,2012-04-12,6.07,08-31-2012,Commonwealth Bank of Australia
Q4-12,2012-05-11,6.07,08-31-2012,Commonwealth Bank of Australia
Q4-12,2012-06-20,6.07,08-31-2012,Commonwealth Bank of Australia
Q4-12,2012-07-13,6.3,08-31-2012,Commonwealth Bank of Australia
Q4-12,2012-08-20,6.3,08-31-2012,Commonwealth Bank of Australia
Q1-13,2012-04-12,5.79,08-31-2012,Commonwealth Bank of Australia
Q1-13,2012-05-11,6.0,08-31-2012,Commonwealth Bank of Australia
Q1-13,2012-06-20,6.0,08-31-2012,Commonwealth Bank of Australia
Q1-13,2012-07-13,6.25,08-31-2012,Commonwealth Bank of Australia
Q1-13,2012-08-20,6.25,08-31-2012,Commonwealth Bank of Australia
Q2-13,2012-06-20,5.91,08-31-2012,Commonwealth Bank of Australia
Q2-13,2012-07-13,6.21,08-31-2012,Commonwealth Bank of Australia
Q2-13,2012-08-20,6.21,08-31-2012,Commonwealth Bank of Australia
2013,2010-10-26,5.79,08-31-2012,Commonwealth Bank of Australia
2013,2010-11-26,5.79,08-31-2012,Commonwealth Bank of Australia
2013,2011-03-04,5.79,08-31-2012,Commonwealth Bank of Australia
2013,2011-04-08,5.79,08-31-2012,Commonwealth Bank of Australia
2013,2011-04-13,5.79,08-31-2012,Commonwealth Bank of Australia
2013,2011-04-27,5.79,08-31-2012,Commonwealth Bank of Australia
2013,2011-05-03,5.79,08-31-2012,Commonwealth Bank of Australia
2013,2011-06-03,5.79,08-31-2012,Commonwealth Bank of Australia
2013,2011-07-05,5.79,08-31-2012,Commonwealth Bank of Australia
2013,2011-08-12,5.79,08-31-2012,Commonwealth Bank of Australia
2013,2011-09-14,5.79,08-31-2012,Commonwealth Bank of Australia
2013,2011-10-28,5.79,08-31-2012,Commonwealth Bank of Australia
2013,2011-12-14,5.79,08-31-2012,Commonwealth Bank of Australia
2013,2012-01-24,5.79,08-31-2012,Commonwealth Bank of Australia
2013,2012-02-21,5.79,08-31-2012,Commonwealth Bank of Australia
2013,2012-02-29,5.79,08-31-2012,Commonwealth Bank of Australia
2013,2012-05-11,5.79,08-31-2012,Commonwealth Bank of Australia
2013,2012-06-20,5.79,08-31-2012,Commonwealth Bank of Australia
2013,2012-07-13,6.12,08-31-2012,Commonwealth Bank of Australia
2013,2012-08-20,6.12,08-31-2012,Commonwealth Bank of Australia
2014,2011-12-14,5.56,08-31-2012,Commonwealth Bank of Australia
2014,2012-05-11,5.56,08-31-2012,Commonwealth Bank of Australia
2014,2012-06-20,5.56,08-31-2012,Commonwealth Bank of Australia
2014,2012-07-13,5.56,08-31-2012,Commonwealth Bank of Australia
2014,2012-08-20,5.56,08-31-2012,Commonwealth Bank of Australia
Q1-15,2014-03-05,5.65,02-28-2015,Commonwealth Bank of Australia
Q1-15,2014-04-22,5.65,02-28-2015,Commonwealth Bank of Australia
Q1-15,2014-06-27,6.05,02-28-2015,Commonwealth Bank of Australia
Q1-15,2014-07-21,6.05,02-28-2015,Commonwealth Bank of Australia
Q1-15,2014-08-25,6.05,02-28-2015,Commonwealth Bank of Australia
Q1-15,2014-09-12,6.2,02-28-2015,Commonwealth Bank of Australia
Q1-15,2014-10-14,6.05,02-28-2015,Commonwealth Bank of Australia
Q1-15,2014-12-22,6.23,02-28-2015,Commonwealth Bank of Australia
Q1-15,2015-01-19,6.23,02-28-2015,Commonwealth Bank of Australia
Q2-15,2014-06-27,6.0,02-28-2015,Commonwealth Bank of Australia
Q2-15,2014-07-21,6.0,02-28-2015,Commonwealth Bank of Australia
Q2-15,2014-08-25,6.0,02-28-2015,Commonwealth Bank of Australia
Q2-15,2014-09-12,6.05,02-28-2015,Commonwealth Bank of Australia
Q2-15,2014-10-14,6.0,02-28-2015,Commonwealth Bank of Australia
Q2-15,2014-12-22,6.25,02-28-2015,Commonwealth Bank of Australia
Q2-15,2015-01-19,6.25,02-28-2015,Commonwealth Bank of Australia
Q3-15,2014-10-14,5.95,02-28-2015,Commonwealth Bank of Australia
Q3-15,2014-12-22,6.2,02-28-2015,Commonwealth Bank of Australia
Q3-15,2015-01-19,6.2,02-28-2015,Commonwealth Bank of Australia
Q4-15,2013-07-04,5.55,02-28-2015,Commonwealth Bank of Australia
Q4-15,2013-07-11,5.55,02-28-2015,Commonwealth Bank of Australia
Q4-15,2013-08-20,5.55,02-28-2015,Commonwealth Bank of Australia
Q4-15,2013-10-04,5.55,02-28-2015,Commonwealth Bank of Australia
Q4-15,2013-11-15,5.55,02-28-2015,Commonwealth Bank of Australia
Q4-15,2014-01-13,5.55,02-28-2015,Commonwealth Bank of Australia
Q4-15,2014-01-31,5.55,02-28-2015,Commonwealth Bank of Australia
Q4-15,2014-03-05,5.55,02-28-2015,Commonwealth Bank of Australia
Q4-15,2014-04-22,5.55,02-28-2015,Commonwealth Bank of Australia
Q4-15,2014-06-27,5.75,02-28-2015,Commonwealth Bank of Australia
Q4-15,2014-07-21,5.75,02-28-2015,Commonwealth Bank of Australia
Q4-15,2014-08-25,5.75,02-28-2015,Commonwealth Bank of Australia
Q4-15,2014-09-12,6.0,02-28-2015,Commonwealth Bank of Australia
Q4-15,2014-10-14,5.75,02-28-2015,Commonwealth Bank of Australia
Q4-15,2014-12-22,6.15,02-28-2015,Commonwealth Bank of Australia
Q4-15,2015-01-19,6.15,02-28-2015,Commonwealth Bank of Australia
2016,2014-03-05,5.45,02-28-2015,Commonwealth Bank of Australia
2016,2014-06-27,5.5,02-28-2015,Commonwealth Bank of Australia
2016,2014-07-21,5.5,02-28-2015,Commonwealth Bank of Australia
2016,2014-08-25,5.5,02-28-2015,Commonwealth Bank of Australia
2016,2014-09-12,5.75,02-28-2015,Commonwealth Bank of Australia
2016,2014-10-14,5.5,02-28-2015,Commonwealth Bank of Australia
2016,2015-01-19,5.8,02-28-2015,Commonwealth Bank of Australia
Q4-12,2011-01-07,5.79,11-30-2012,Commonwealth Bank of Australia
Q4-12,2011-01-31,6.03,11-30-2012,Commonwealth Bank of Australia
Q4-12,2011-03-04,6.03,11-30-2012,Commonwealth Bank of Australia
Q4-12,2011-04-08,6.03,11-30-2012,Commonwealth Bank of Australia
Q4-12,2011-04-13,6.03,11-30-2012,Commonwealth Bank of Australia
Q4-12,2011-04-27,6.03,11-30-2012,Commonwealth Bank of Australia
Q4-12,2011-05-03,6.03,11-30-2012,Commonwealth Bank of Australia
Q4-12,2011-06-03,6.03,11-30-2012,Commonwealth Bank of Australia
Q4-12,2011-07-05,6.03,11-30-2012,Commonwealth Bank of Australia
Q4-12,2011-08-12,6.03,11-30-2012,Commonwealth Bank of Australia
Q4-12,2011-09-14,6.03,11-30-2012,Commonwealth Bank of Australia
Q4-12,2011-10-28,6.03,11-30-2012,Commonwealth Bank of Australia
Q4-12,2011-12-14,6.15,11-30-2012,Commonwealth Bank of Australia
Q4-12,2012-01-24,6.15,11-30-2012,Commonwealth Bank of Australia
Q4-12,2012-02-21,6.07,11-30-2012,Commonwealth Bank of Australia
Q4-12,2012-02-29,6.07,11-30-2012,Commonwealth Bank of Australia
Q4-12,2012-04-12,6.07,11-30-2012,Commonwealth Bank of Australia
Q4-12,2012-05-11,6.07,11-30-2012,Commonwealth Bank of Australia
Q4-12,2012-06-20,6.07,11-30-2012,Commonwealth Bank of Australia
Q4-12,2012-07-13,6.3,11-30-2012,Commonwealth Bank of Australia
Q4-12,2012-08-20,6.3,11-30-2012,Commonwealth Bank of Australia
Q4-12,2012-09-24,6.3,11-30-2012,Commonwealth Bank of Australia
Q4-12,2012-11-01,6.3,11-30-2012,Commonwealth Bank of Australia
Q1-13,2012-04-12,5.79,11-30-2012,Commonwealth Bank of Australia
Q1-13,2012-05-11,6.0,11-30-2012,Commonwealth Bank of Australia
Q1-13,2012-06-20,6.0,11-30-2012,Commonwealth Bank of Australia
Q1-13,2012-07-13,6.25,11-30-2012,Commonwealth Bank of Australia
Q1-13,2012-08-20,6.25,11-30-2012,Commonwealth Bank of Australia
Q1-13,2012-09-24,6.25,11-30-2012,Commonwealth Bank of Australia
Q1-13,2012-11-01,6.25,11-30-2012,Commonwealth Bank of Australia
Q2-13,2012-06-20,5.91,11-30-2012,Commonwealth Bank of Australia
Q2-13,2012-07-13,6.21,11-30-2012,Commonwealth Bank of Australia
Q2-13,2012-08-20,6.21,11-30-2012,Commonwealth Bank of Australia
Q2-13,2012-09-24,6.21,11-30-2012,Commonwealth Bank of Australia
Q2-13,2012-11-01,6.21,11-30-2012,Commonwealth Bank of Australia
Q3-13,2012-09-24,6.16,11-30-2012,Commonwealth Bank of Australia
Q3-13,2012-11-01,6.16,11-30-2012,Commonwealth Bank of Australia
2013,2011-03-04,5.79,11-30-2012,Commonwealth Bank of Australia
2013,2011-04-08,5.79,11-30-2012,Commonwealth Bank of Australia
2013,2011-04-13,5.79,11-30-2012,Commonwealth Bank of Australia
2013,2011-04-27,5.79,11-30-2012,Commonwealth Bank of Australia
2013,2011-05-03,5.79,11-30-2012,Commonwealth Bank of Australia
2013,2011-06-03,5.79,11-30-2012,Commonwealth Bank of Australia
2013,2011-07-05,5.79,11-30-2012,Commonwealth Bank of Australia
2013,2011-08-12,5.79,11-30-2012,Commonwealth Bank of Australia
2013,2011-09-14,5.79,11-30-2012,Commonwealth Bank of Australia
2013,2011-10-28,5.79,11-30-2012,Commonwealth Bank of Australia
2013,2011-12-14,5.79,11-30-2012,Commonwealth Bank of Australia
2013,2012-01-24,5.79,11-30-2012,Commonwealth Bank of Australia
2013,2012-02-21,5.79,11-30-2012,Commonwealth Bank of Australia
2013,2012-02-29,5.79,11-30-2012,Commonwealth Bank of Australia
2013,2012-05-11,5.79,11-30-2012,Commonwealth Bank of Australia
2013,2012-06-20,5.79,11-30-2012,Commonwealth Bank of Australia
2013,2012-07-13,6.12,11-30-2012,Commonwealth Bank of Australia
2013,2012-08-20,6.12,11-30-2012,Commonwealth Bank of Australia
2013,2012-09-24,6.12,11-30-2012,Commonwealth Bank of Australia
2013,2012-11-01,6.12,11-30-2012,Commonwealth Bank of Australia
2014,2011-12-14,5.56,11-30-2012,Commonwealth Bank of Australia
2014,2012-05-11,5.56,11-30-2012,Commonwealth Bank of Australia
2014,2012-06-20,5.56,11-30-2012,Commonwealth Bank of Australia
2014,2012-07-13,5.56,11-30-2012,Commonwealth Bank of Australia
2014,2012-08-20,5.56,11-30-2012,Commonwealth Bank of Australia
2014,2012-09-24,5.56,11-30-2012,Commonwealth Bank of Australia
2014,2012-11-01,5.56,11-30-2012,Commonwealth Bank of Australia
Q2-15,2014-06-27,6.0,05-31-2015,Commonwealth Bank of Australia
Q2-15,2014-07-21,6.0,05-31-2015,Commonwealth Bank of Australia
Q2-15,2014-08-25,6.0,05-31-2015,Commonwealth Bank of Australia
Q2-15,2014-09-12,6.05,05-31-2015,Commonwealth Bank of Australia
Q2-15,2014-10-14,6.0,05-31-2015,Commonwealth Bank of Australia
Q2-15,2014-12-22,6.25,05-31-2015,Commonwealth Bank of Australia
Q2-15,2015-01-19,6.25,05-31-2015,Commonwealth Bank of Australia
Q2-15,2015-04-07,6.25,05-31-2015,Commonwealth Bank of Australia
Q3-15,2014-10-14,5.95,05-31-2015,Commonwealth Bank of Australia
Q3-15,2014-12-22,6.2,05-31-2015,Commonwealth Bank of Australia
Q3-15,2015-01-19,6.2,05-31-2015,Commonwealth Bank of Australia
Q3-15,2015-04-07,6.2,05-31-2015,Commonwealth Bank of Australia
Q4-15,2013-07-04,5.55,05-31-2015,Commonwealth Bank of Australia
Q4-15,2013-07-11,5.55,05-31-2015,Commonwealth Bank of Australia
Q4-15,2013-08-20,5.55,05-31-2015,Commonwealth Bank of Australia
Q4-15,2013-10-04,5.55,05-31-2015,Commonwealth Bank of Australia
Q4-15,2013-11-15,5.55,05-31-2015,Commonwealth Bank of Australia
Q4-15,2014-01-13,5.55,05-31-2015,Commonwealth Bank of Australia
Q4-15,2014-01-31,5.55,05-31-2015,Commonwealth Bank of Australia
Q4-15,2014-03-05,5.55,05-31-2015,Commonwealth Bank of Australia
Q4-15,2014-04-22,5.55,05-31-2015,Commonwealth Bank of Australia
Q4-15,2014-06-27,5.75,05-31-2015,Commonwealth Bank of Australia
Q4-15,2014-07-21,5.75,05-31-2015,Commonwealth Bank of Australia
Q4-15,2014-08-25,5.75,05-31-2015,Commonwealth Bank of Australia
Q4-15,2014-09-12,6.0,05-31-2015,Commonwealth Bank of Australia
Q4-15,2014-10-14,5.75,05-31-2015,Commonwealth Bank of Australia
Q4-15,2014-12-22,6.15,05-31-2015,Commonwealth Bank of Australia
Q4-15,2015-01-19,6.15,05-31-2015,Commonwealth Bank of Australia
Q4-15,2015-04-07,6.15,05-31-2015,Commonwealth Bank of Australia
Q1-16,2015-04-07,6.1,05-31-2015,Commonwealth Bank of Australia
2016,2014-03-05,5.45,05-31-2015,Commonwealth Bank of Australia
2016,2014-06-27,5.5,05-31-2015,Commonwealth Bank of Australia
2016,2014-07-21,5.5,05-31-2015,Commonwealth Bank of Australia
2016,2014-08-25,5.5,05-31-2015,Commonwealth Bank of Australia
2016,2014-09-12,5.75,05-31-2015,Commonwealth Bank of Australia
2016,2014-10-14,5.5,05-31-2015,Commonwealth Bank of Australia
2016,2015-01-19,5.8,05-31-2015,Commonwealth Bank of Australia
Q1-19,2018-03-02,6.2,02-28-2019,Commonwealth Bank of Australia
Q1-19,2018-06-06,6.2,02-28-2019,Commonwealth Bank of Australia
Q1-19,2018-09-24,7.0,02-28-2019,Commonwealth Bank of Australia
Q2-19,2018-06-06,6.15,02-28-2019,Commonwealth Bank of Australia
Q2-19,2018-09-24,7.1,02-28-2019,Commonwealth Bank of Australia
Q3-19,2018-09-24,7.2,02-28-2019,Commonwealth Bank of Australia
Q4-19,2017-03-27,6.4,02-28-2019,Commonwealth Bank of Australia
Q4-19,2018-03-02,6.1,02-28-2019,Commonwealth Bank of Australia
Q4-19,2018-09-24,7.3,02-28-2019,Commonwealth Bank of Australia
2020,2017-03-27,5.9,02-28-2019,Commonwealth Bank of Australia
2020,2018-03-02,6.1,02-28-2019,Commonwealth Bank of Australia
2021,2017-03-27,5.9,02-28-2019,Commonwealth Bank of Australia
Q1-18,2017-03-27,7.3,02-28-2018,Commonwealth Bank of Australia
Q1-18,2017-05-15,6.75,02-28-2018,Commonwealth Bank of Australia
Q1-18,2017-05-16,6.75,02-28-2018,Commonwealth Bank of Australia
Q1-18,2017-06-01,6.75,02-28-2018,Commonwealth Bank of Australia
Q1-18,2017-07-10,6.75,02-28-2018,Commonwealth Bank of Australia
Q1-18,2017-11-29,6.55,02-28-2018,Commonwealth Bank of Australia
Q2-18,2017-06-01,6.7,02-28-2018,Commonwealth Bank of Australia
Q2-18,2017-07-10,6.7,02-28-2018,Commonwealth Bank of Australia
Q2-18,2017-11-29,6.45,02-28-2018,Commonwealth Bank of Australia
Q3-18,2017-11-29,6.4,02-28-2018,Commonwealth Bank of Australia
Q4-18,2017-03-27,7.1,02-28-2018,Commonwealth Bank of Australia
Q4-18,2017-11-29,6.35,02-28-2018,Commonwealth Bank of Australia
2019,2017-03-27,6.4,02-28-2018,Commonwealth Bank of Australia
2020,2017-03-27,5.9,02-28-2018,Commonwealth Bank of Australia
2021,2017-03-27,5.9,02-28-2018,Commonwealth Bank of Australia
Q3-09,2008-12-05,6.75,08-31-2009,Commonwealth Bank of Australia
Q3-09,2008-12-19,6.75,08-31-2009,Commonwealth Bank of Australia
Q3-09,2009-01-12,6.75,08-31-2009,Commonwealth Bank of Australia
Q3-09,2009-02-06,6.75,08-31-2009,Commonwealth Bank of Australia
Q3-09,2009-02-18,6.75,08-31-2009,Commonwealth Bank of Australia
Q3-09,2009-02-20,6.75,08-31-2009,Commonwealth Bank of Australia
Q3-09,2009-02-27,6.75,08-31-2009,Commonwealth Bank of Australia
Q3-09,2009-03-05,6.81,08-31-2009,Commonwealth Bank of Australia
Q3-09,2009-03-09,6.81,08-31-2009,Commonwealth Bank of Australia
Q3-09,2009-03-13,6.81,08-31-2009,Commonwealth Bank of Australia
Q3-09,2009-03-20,6.81,08-31-2009,Commonwealth Bank of Australia
Q3-09,2009-04-17,6.81,08-31-2009,Commonwealth Bank of Australia
Q3-09,2009-05-04,6.81,08-31-2009,Commonwealth Bank of Australia
Q3-09,2009-05-28,6.78,08-31-2009,Commonwealth Bank of Australia
Q3-09,2009-07-01,6.78,08-31-2009,Commonwealth Bank of Australia
Q3-09,2009-07-23,6.82,08-31-2009,Commonwealth Bank of Australia
Q3-09,2009-08-06,6.82,08-31-2009,Commonwealth Bank of Australia
Q4-09,2008-12-05,6.7,08-31-2009,Commonwealth Bank of Australia
Q4-09,2008-12-19,6.7,08-31-2009,Commonwealth Bank of Australia
Q4-09,2009-01-12,6.7,08-31-2009,Commonwealth Bank of Australia
Q4-09,2009-02-06,6.7,08-31-2009,Commonwealth Bank of Australia
Q4-09,2009-02-18,6.7,08-31-2009,Commonwealth Bank of Australia
Q4-09,2009-02-20,6.7,08-31-2009,Commonwealth Bank of Australia
Q4-09,2009-02-27,6.7,08-31-2009,Commonwealth Bank of Australia
Q4-09,2009-03-05,6.79,08-31-2009,Commonwealth Bank of Australia
Q4-09,2009-03-09,6.79,08-31-2009,Commonwealth Bank of Australia
Q4-09,2009-03-13,6.79,08-31-2009,Commonwealth Bank of Australia
Q4-09,2009-03-20,6.79,08-31-2009,Commonwealth Bank of Australia
Q4-09,2009-04-17,6.79,08-31-2009,Commonwealth Bank of Australia
Q4-09,2009-05-04,6.79,08-31-2009,Commonwealth Bank of Australia
Q4-09,2009-05-28,6.75,08-31-2009,Commonwealth Bank of Australia
Q4-09,2009-07-01,6.75,08-31-2009,Commonwealth Bank of Australia
Q4-09,2009-07-23,6.81,08-31-2009,Commonwealth Bank of Australia
Q4-09,2009-08-06,6.81,08-31-2009,Commonwealth Bank of Australia
Q1-10,2009-03-05,6.75,08-31-2009,Commonwealth Bank of Australia
Q1-10,2009-03-09,6.75,08-31-2009,Commonwealth Bank of Australia
Q1-10,2009-03-13,6.75,08-31-2009,Commonwealth Bank of Australia
Q1-10,2009-03-20,6.75,08-31-2009,Commonwealth Bank of Australia
Q1-10,2009-04-17,6.75,08-31-2009,Commonwealth Bank of Australia
Q1-10,2009-05-04,6.75,08-31-2009,Commonwealth Bank of Australia
Q1-10,2009-05-28,6.7,08-31-2009,Commonwealth Bank of Australia
Q1-10,2009-07-01,6.7,08-31-2009,Commonwealth Bank of Australia
Q1-10,2009-07-23,6.78,08-31-2009,Commonwealth Bank of Australia
Q1-10,2009-08-06,6.78,08-31-2009,Commonwealth Bank of Australia
Q2-14,2013-07-04,5.85,05-31-2014,Commonwealth Bank of Australia
Q2-14,2013-07-11,5.85,05-31-2014,Commonwealth Bank of Australia
Q2-14,2013-08-20,5.85,05-31-2014,Commonwealth Bank of Australia
Q2-14,2013-10-04,5.85,05-31-2014,Commonwealth Bank of Australia
Q2-14,2013-11-15,5.85,05-31-2014,Commonwealth Bank of Australia
Q2-14,2014-01-13,5.85,05-31-2014,Commonwealth Bank of Australia
Q2-14,2014-01-31,5.97,05-31-2014,Commonwealth Bank of Australia
Q2-14,2014-03-05,5.97,05-31-2014,Commonwealth Bank of Australia
Q2-14,2014-04-22,5.97,05-31-2014,Commonwealth Bank of Australia
Q3-14,2013-10-04,5.75,05-31-2014,Commonwealth Bank of Australia
Q3-14,2013-11-15,5.75,05-31-2014,Commonwealth Bank of Australia
Q3-14,2014-01-13,5.75,05-31-2014,Commonwealth Bank of Australia
Q3-14,2014-01-31,5.9,05-31-2014,Commonwealth Bank of Australia
Q3-14,2014-03-05,5.9,05-31-2014,Commonwealth Bank of Australia
Q3-14,2014-04-22,5.9,05-31-2014,Commonwealth Bank of Australia
Q4-14,2012-06-20,5.56,05-31-2014,Commonwealth Bank of Australia
Q4-14,2012-07-13,5.56,05-31-2014,Commonwealth Bank of Australia
Q4-14,2012-08-20,5.56,05-31-2014,Commonwealth Bank of Australia
Q4-14,2012-09-24,5.56,05-31-2014,Commonwealth Bank of Australia
Q4-14,2012-11-01,5.56,05-31-2014,Commonwealth Bank of Australia
Q4-14,2013-01-16,5.7,05-31-2014,Commonwealth Bank of Australia
Q4-14,2013-02-28,5.7,05-31-2014,Commonwealth Bank of Australia
Q4-14,2013-04-10,5.7,05-31-2014,Commonwealth Bank of Australia
Q4-14,2013-05-24,5.7,05-31-2014,Commonwealth Bank of Australia
Q4-14,2013-05-31,5.7,05-31-2014,Commonwealth Bank of Australia
Q4-14,2013-07-04,5.7,05-31-2014,Commonwealth Bank of Australia
Q4-14,2013-07-11,5.7,05-31-2014,Commonwealth Bank of Australia
Q4-14,2013-08-20,5.7,05-31-2014,Commonwealth Bank of Australia
Q4-14,2013-10-04,5.7,05-31-2014,Commonwealth Bank of Australia
Q4-14,2013-11-15,5.7,05-31-2014,Commonwealth Bank of Australia
Q4-14,2014-01-13,5.7,05-31-2014,Commonwealth Bank of Australia
Q4-14,2014-01-31,5.85,05-31-2014,Commonwealth Bank of Australia
Q4-14,2014-03-05,5.85,05-31-2014,Commonwealth Bank of Australia
Q4-14,2014-04-22,5.85,05-31-2014,Commonwealth Bank of Australia
Q1-15,2014-03-05,5.65,05-31-2014,Commonwealth Bank of Australia
Q1-15,2014-04-22,5.65,05-31-2014,Commonwealth Bank of Australia
2015,2013-07-04,5.55,05-31-2014,Commonwealth Bank of Australia
2015,2013-07-11,5.55,05-31-2014,Commonwealth Bank of Australia
2015,2013-08-20,5.55,05-31-2014,Commonwealth Bank of Australia
2015,2013-10-04,5.55,05-31-2014,Commonwealth Bank of Australia
2015,2013-11-15,5.55,05-31-2014,Commonwealth Bank of Australia
2015,2014-01-13,5.55,05-31-2014,Commonwealth Bank of Australia
2015,2014-01-31,5.55,05-31-2014,Commonwealth Bank of Australia
2015,2014-03-05,5.55,05-31-2014,Commonwealth Bank of Australia
2015,2014-04-22,5.55,05-31-2014,Commonwealth Bank of Australia
2016,2014-03-05,5.45,05-31-2014,Commonwealth Bank of Australia
Q1-22,2021-03-09,6.3,02-28-2022,Commonwealth Bank of Australia
Q1-22,2021-07-07,6.5,02-28-2022,Commonwealth Bank of Australia
Q1-22,2021-11-19,6.4,02-28-2022,Commonwealth Bank of Australia
Q1-22,2021-12-13,6.4,02-28-2022,Commonwealth Bank of Australia
Q1-22,2022-01-17,6.4,02-28-2022,Commonwealth Bank of Australia
Q2-22,2021-07-07,6.42,02-28-2022,Commonwealth Bank of Australia
Q2-22,2021-11-19,6.32,02-28-2022,Commonwealth Bank of Australia
Q2-22,2021-12-13,6.32,02-28-2022,Commonwealth Bank of Australia
Q2-22,2022-01-17,6.32,02-28-2022,Commonwealth Bank of Australia
Q3-22,2021-11-19,6.25,02-28-2022,Commonwealth Bank of Australia
Q3-22,2021-12-13,6.25,02-28-2022,Commonwealth Bank of Australia
Q3-22,2022-01-17,6.25,02-28-2022,Commonwealth Bank of Australia
Q4-22,2020-11-20,6.2,02-28-2022,Commonwealth Bank of Australia
Q4-22,2021-03-09,6.2,02-28-2022,Commonwealth Bank of Australia
Q4-22,2021-07-07,6.25,02-28-2022,Commonwealth Bank of Australia
Q4-22,2021-11-19,6.2,02-28-2022,Commonwealth Bank of Australia
Q4-22,2021-12-13,6.2,02-28-2022,Commonwealth Bank of Australia
Q4-22,2022-01-17,6.2,02-28-2022,Commonwealth Bank of Australia
2023,2021-03-09,6.2,02-28-2022,Commonwealth Bank of Australia
2023,2021-07-07,6.2,02-28-2022,Commonwealth Bank of Australia
2023,2021-11-19,6.2,02-28-2022,Commonwealth Bank of Australia
2023,2021-12-13,6.2,02-28-2022,Commonwealth Bank of Australia
2023,2022-01-17,6.2,02-28-2022,Commonwealth Bank of Australia
Q4-13,2011-12-14,5.79,11-30-2013,Commonwealth Bank of Australia
Q4-13,2012-01-24,5.79,11-30-2013,Commonwealth Bank of Australia
Q4-13,2012-02-21,5.79,11-30-2013,Commonwealth Bank of Australia
Q4-13,2012-02-29,5.79,11-30-2013,Commonwealth Bank of Australia
Q4-13,2012-05-11,5.79,11-30-2013,Commonwealth Bank of Australia
Q4-13,2012-06-20,5.79,11-30-2013,Commonwealth Bank of Australia
Q4-13,2012-07-13,6.12,11-30-2013,Commonwealth Bank of Australia
Q4-13,2012-08-20,6.12,11-30-2013,Commonwealth Bank of Australia
Q4-13,2012-09-24,6.12,11-30-2013,Commonwealth Bank of Australia
Q4-13,2012-11-01,6.12,11-30-2013,Commonwealth Bank of Australia
Q4-13,2012-12-14,5.75,11-30-2013,Commonwealth Bank of Australia
Q4-13,2012-12-21,5.75,11-30-2013,Commonwealth Bank of Australia
Q4-13,2013-01-16,6.0,11-30-2013,Commonwealth Bank of Australia
Q4-13,2013-02-28,6.0,11-30-2013,Commonwealth Bank of Australia
Q4-13,2013-04-10,6.0,11-30-2013,Commonwealth Bank of Australia
Q4-13,2013-05-20,6.0,11-30-2013,Commonwealth Bank of Australia
Q4-13,2013-05-24,6.0,11-30-2013,Commonwealth Bank of Australia
Q4-13,2013-05-31,6.0,11-30-2013,Commonwealth Bank of Australia
Q4-13,2013-07-04,6.0,11-30-2013,Commonwealth Bank of Australia
Q4-13,2013-07-11,6.0,11-30-2013,Commonwealth Bank of Australia
Q4-13,2013-08-20,6.0,11-30-2013,Commonwealth Bank of Australia
Q4-13,2013-10-04,6.1,11-30-2013,Commonwealth Bank of Australia
Q4-13,2013-11-15,6.1,11-30-2013,Commonwealth Bank of Australia
Q1-14,2013-04-10,5.9,11-30-2013,Commonwealth Bank of Australia
Q1-14,2013-05-20,5.9,11-30-2013,Commonwealth Bank of Australia
Q1-14,2013-05-24,5.9,11-30-2013,Commonwealth Bank of Australia
Q1-14,2013-05-31,5.9,11-30-2013,Commonwealth Bank of Australia
Q1-14,2013-07-04,5.9,11-30-2013,Commonwealth Bank of Australia
Q1-14,2013-07-11,5.9,11-30-2013,Commonwealth Bank of Australia
Q1-14,2013-08-20,5.9,11-30-2013,Commonwealth Bank of Australia
Q1-14,2013-10-04,5.9,11-30-2013,Commonwealth Bank of Australia
Q1-14,2013-11-15,5.9,11-30-2013,Commonwealth Bank of Australia
Q2-14,2013-07-04,5.85,11-30-2013,Commonwealth Bank of Australia
Q2-14,2013-07-11,5.85,11-30-2013,Commonwealth Bank of Australia
Q2-14,2013-08-20,5.85,11-30-2013,Commonwealth Bank of Australia
Q2-14,2013-10-04,5.85,11-30-2013,Commonwealth Bank of Australia
Q2-14,2013-11-15,5.85,11-30-2013,Commonwealth Bank of Australia
Q3-14,2013-10-04,5.75,11-30-2013,Commonwealth Bank of Australia
Q3-14,2013-11-15,5.75,11-30-2013,Commonwealth Bank of Australia
2014,2011-12-14,5.56,11-30-2013,Commonwealth Bank of Australia
2014,2012-05-11,5.56,11-30-2013,Commonwealth Bank of Australia
2014,2012-06-20,5.56,11-30-2013,Commonwealth Bank of Australia
2014,2012-07-13,5.56,11-30-2013,Commonwealth Bank of Australia
2014,2012-08-20,5.56,11-30-2013,Commonwealth Bank of Australia
2014,2012-09-24,5.56,11-30-2013,Commonwealth Bank of Australia
2014,2012-11-01,5.56,11-30-2013,Commonwealth Bank of Australia
2014,2013-01-16,5.7,11-30-2013,Commonwealth Bank of Australia
2014,2013-02-28,5.7,11-30-2013,Commonwealth Bank of Australia
2014,2013-04-10,5.7,11-30-2013,Commonwealth Bank of Australia
2014,2013-05-24,5.7,11-30-2013,Commonwealth Bank of Australia
2014,2013-05-31,5.7,11-30-2013,Commonwealth Bank of Australia
2014,2013-07-04,5.7,11-30-2013,Commonwealth Bank of Australia
2014,2013-07-11,5.7,11-30-2013,Commonwealth Bank of Australia
2014,2013-08-20,5.7,11-30-2013,Commonwealth Bank of Australia
2014,2013-10-04,5.7,11-30-2013,Commonwealth Bank of Australia
2014,2013-11-15,5.7,11-30-2013,Commonwealth Bank of Australia
2015,2013-07-04,5.55,11-30-2013,Commonwealth Bank of Australia
2015,2013-07-11,5.55,11-30-2013,Commonwealth Bank of Australia
2015,2013-08-20,5.55,11-30-2013,Commonwealth Bank of Australia
2015,2013-10-04,5.55,11-30-2013,Commonwealth Bank of Australia
2015,2013-11-15,5.55,11-30-2013,Commonwealth Bank of Australia
Q1-14,2013-04-10,5.9,02-28-2014,Commonwealth Bank of Australia
Q1-14,2013-05-20,5.9,02-28-2014,Commonwealth Bank of Australia
Q1-14,2013-05-24,5.9,02-28-2014,Commonwealth Bank of Australia
Q1-14,2013-05-31,5.9,02-28-2014,Commonwealth Bank of Australia
Q1-14,2013-07-04,5.9,02-28-2014,Commonwealth Bank of Australia
Q1-14,2013-07-11,5.9,02-28-2014,Commonwealth Bank of Australia
Q1-14,2013-08-20,5.9,02-28-2014,Commonwealth Bank of Australia
Q1-14,2013-10-04,5.9,02-28-2014,Commonwealth Bank of Australia
Q1-14,2013-11-15,5.9,02-28-2014,Commonwealth Bank of Australia
Q1-14,2014-01-13,5.9,02-28-2014,Commonwealth Bank of Australia
Q1-14,2014-01-31,5.98,02-28-2014,Commonwealth Bank of Australia
Q2-14,2013-07-04,5.85,02-28-2014,Commonwealth Bank of Australia
Q2-14,2013-07-11,5.85,02-28-2014,Commonwealth Bank of Australia
Q2-14,2013-08-20,5.85,02-28-2014,Commonwealth Bank of Australia
Q2-14,2013-10-04,5.85,02-28-2014,Commonwealth Bank of Australia
Q2-14,2013-11-15,5.85,02-28-2014,Commonwealth Bank of Australia
Q2-14,2014-01-13,5.85,02-28-2014,Commonwealth Bank of Australia
Q2-14,2014-01-31,5.97,02-28-2014,Commonwealth Bank of Australia
Q3-14,2013-10-04,5.75,02-28-2014,Commonwealth Bank of Australia
Q3-14,2013-11-15,5.75,02-28-2014,Commonwealth Bank of Australia
Q3-14,2014-01-13,5.75,02-28-2014,Commonwealth Bank of Australia
Q3-14,2014-01-31,5.9,02-28-2014,Commonwealth Bank of Australia
Q4-14,2012-05-11,5.56,02-28-2014,Commonwealth Bank of Australia
Q4-14,2012-06-20,5.56,02-28-2014,Commonwealth Bank of Australia
Q4-14,2012-07-13,5.56,02-28-2014,Commonwealth Bank of Australia
Q4-14,2012-08-20,5.56,02-28-2014,Commonwealth Bank of Australia
Q4-14,2012-09-24,5.56,02-28-2014,Commonwealth Bank of Australia
Q4-14,2012-11-01,5.56,02-28-2014,Commonwealth Bank of Australia
Q4-14,2013-01-16,5.7,02-28-2014,Commonwealth Bank of Australia
Q4-14,2013-02-28,5.7,02-28-2014,Commonwealth Bank of Australia
Q4-14,2013-04-10,5.7,02-28-2014,Commonwealth Bank of Australia
Q4-14,2013-05-24,5.7,02-28-2014,Commonwealth Bank of Australia
Q4-14,2013-05-31,5.7,02-28-2014,Commonwealth Bank of Australia
Q4-14,2013-07-04,5.7,02-28-2014,Commonwealth Bank of Australia
Q4-14,2013-07-11,5.7,02-28-2014,Commonwealth Bank of Australia
Q4-14,2013-08-20,5.7,02-28-2014,Commonwealth Bank of Australia
Q4-14,2013-10-04,5.7,02-28-2014,Commonwealth Bank of Australia
Q4-14,2013-11-15,5.7,02-28-2014,Commonwealth Bank of Australia
Q4-14,2014-01-13,5.7,02-28-2014,Commonwealth Bank of Australia
Q4-14,2014-01-31,5.85,02-28-2014,Commonwealth Bank of Australia
2015,2013-07-04,5.55,02-28-2014,Commonwealth Bank of Australia
2015,2013-07-11,5.55,02-28-2014,Commonwealth Bank of Australia
2015,2013-08-20,5.55,02-28-2014,Commonwealth Bank of Australia
2015,2013-10-04,5.55,02-28-2014,Commonwealth Bank of Australia
2015,2013-11-15,5.55,02-28-2014,Commonwealth Bank of Australia
2015,2014-01-13,5.55,02-28-2014,Commonwealth Bank of Australia
2015,2014-01-31,5.55,02-28-2014,Commonwealth Bank of Australia
Q3-13,2012-09-24,6.16,08-31-2013,Commonwealth Bank of Australia
Q3-13,2012-11-01,6.16,08-31-2013,Commonwealth Bank of Australia
Q3-13,2012-12-14,6.0,08-31-2013,Commonwealth Bank of Australia
Q3-13,2012-12-21,6.0,08-31-2013,Commonwealth Bank of Australia
Q3-13,2013-01-16,6.12,08-31-2013,Commonwealth Bank of Australia
Q3-13,2013-02-28,6.12,08-31-2013,Commonwealth Bank of Australia
Q3-13,2013-04-10,6.12,08-31-2013,Commonwealth Bank of Australia
Q3-13,2013-05-20,6.12,08-31-2013,Commonwealth Bank of Australia
Q3-13,2013-05-24,6.12,08-31-2013,Commonwealth Bank of Australia
Q3-13,2013-05-31,6.1,08-31-2013,Commonwealth Bank of Australia
Q3-13,2013-07-04,6.1,08-31-2013,Commonwealth Bank of Australia
Q3-13,2013-07-11,6.1,08-31-2013,Commonwealth Bank of Australia
Q3-13,2013-08-20,6.1,08-31-2013,Commonwealth Bank of Australia
Q4-13,2011-09-14,5.79,08-31-2013,Commonwealth Bank of Australia
Q4-13,2011-10-28,5.79,08-31-2013,Commonwealth Bank of Australia
Q4-13,2011-12-14,5.79,08-31-2013,Commonwealth Bank of Australia
Q4-13,2012-01-24,5.79,08-31-2013,Commonwealth Bank of Australia
Q4-13,2012-02-21,5.79,08-31-2013,Commonwealth Bank of Australia
Q4-13,2012-02-29,5.79,08-31-2013,Commonwealth Bank of Australia
Q4-13,2012-05-11,5.79,08-31-2013,Commonwealth Bank of Australia
Q4-13,2012-06-20,5.79,08-31-2013,Commonwealth Bank of Australia
Q4-13,2012-07-13,6.12,08-31-2013,Commonwealth Bank of Australia
Q4-13,2012-08-20,6.12,08-31-2013,Commonwealth Bank of Australia
Q4-13,2012-09-24,6.12,08-31-2013,Commonwealth Bank of Australia
Q4-13,2012-11-01,6.12,08-31-2013,Commonwealth Bank of Australia
Q4-13,2012-12-14,5.75,08-31-2013,Commonwealth Bank of Australia
Q4-13,2012-12-21,5.75,08-31-2013,Commonwealth Bank of Australia
Q4-13,2013-01-16,6.0,08-31-2013,Commonwealth Bank of Australia
Q4-13,2013-02-28,6.0,08-31-2013,Commonwealth Bank of Australia
Q4-13,2013-04-10,6.0,08-31-2013,Commonwealth Bank of Australia
Q4-13,2013-05-20,6.0,08-31-2013,Commonwealth Bank of Australia
Q4-13,2013-05-24,6.0,08-31-2013,Commonwealth Bank of Australia
Q4-13,2013-05-31,6.0,08-31-2013,Commonwealth Bank of Australia
Q4-13,2013-07-04,6.0,08-31-2013,Commonwealth Bank of Australia
Q4-13,2013-07-11,6.0,08-31-2013,Commonwealth Bank of Australia
Q4-13,2013-08-20,6.0,08-31-2013,Commonwealth Bank of Australia
Q1-14,2013-04-10,5.9,08-31-2013,Commonwealth Bank of Australia
Q1-14,2013-05-20,5.9,08-31-2013,Commonwealth Bank of Australia
Q1-14,2013-05-24,5.9,08-31-2013,Commonwealth Bank of Australia
Q1-14,2013-05-31,5.9,08-31-2013,Commonwealth Bank of Australia
Q1-14,2013-07-04,5.9,08-31-2013,Commonwealth Bank of Australia
Q1-14,2013-07-11,5.9,08-31-2013,Commonwealth Bank of Australia
Q1-14,2013-08-20,5.9,08-31-2013,Commonwealth Bank of Australia
Q2-14,2013-07-04,5.85,08-31-2013,Commonwealth Bank of Australia
Q2-14,2013-07-11,5.85,08-31-2013,Commonwealth Bank of Australia
Q2-14,2013-08-20,5.85,08-31-2013,Commonwealth Bank of Australia
2014,2011-12-14,5.56,08-31-2013,Commonwealth Bank of Australia
2014,2012-05-11,5.56,08-31-2013,Commonwealth Bank of Australia
2014,2012-06-20,5.56,08-31-2013,Commonwealth Bank of Australia
2014,2012-07-13,5.56,08-31-2013,Commonwealth Bank of Australia
2014,2012-08-20,5.56,08-31-2013,Commonwealth Bank of Australia
2014,2012-09-24,5.56,08-31-2013,Commonwealth Bank of Australia
2014,2012-11-01,5.56,08-31-2013,Commonwealth Bank of Australia
2014,2013-01-16,5.7,08-31-2013,Commonwealth Bank of Australia
2014,2013-02-28,5.7,08-31-2013,Commonwealth Bank of Australia
2014,2013-04-10,5.7,08-31-2013,Commonwealth Bank of Australia
2014,2013-05-24,5.7,08-31-2013,Commonwealth Bank of Australia
2014,2013-05-31,5.7,08-31-2013,Commonwealth Bank of Australia
2014,2013-07-04,5.7,08-31-2013,Commonwealth Bank of Australia
2014,2013-07-11,5.7,08-31-2013,Commonwealth Bank of Australia
2014,2013-08-20,5.7,08-31-2013,Commonwealth Bank of Australia
2015,2013-07-04,5.55,08-31-2013,Commonwealth Bank of Australia
2015,2013-07-11,5.55,08-31-2013,Commonwealth Bank of Australia
2015,2013-08-20,5.55,08-31-2013,Commonwealth Bank of Australia
Q2-18,2017-06-01,6.7,05-31-2018,Commonwealth Bank of Australia
Q2-18,2017-07-10,6.7,05-31-2018,Commonwealth Bank of Australia
Q2-18,2017-11-29,6.45,05-31-2018,Commonwealth Bank of Australia
Q2-18,2018-03-02,6.3,05-31-2018,Commonwealth Bank of Australia
Q3-18,2017-11-29,6.4,05-31-2018,Commonwealth Bank of Australia
Q3-18,2018-03-02,6.28,05-31-2018,Commonwealth Bank of Australia
Q4-18,2017-03-27,7.1,05-31-2018,Commonwealth Bank of Australia
Q4-18,2017-11-29,6.35,05-31-2018,Commonwealth Bank of Australia
Q4-18,2018-03-02,6.25,05-31-2018,Commonwealth Bank of Australia
Q1-19,2018-03-02,6.2,05-31-2018,Commonwealth Bank of Australia
2019,2017-03-27,6.4,05-31-2018,Commonwealth Bank of Australia
2019,2018-03-02,6.1,05-31-2018,Commonwealth Bank of Australia
2020,2017-03-27,5.9,05-31-2018,Commonwealth Bank of Australia
2020,2018-03-02,6.1,05-31-2018,Commonwealth Bank of Australia
2021,2017-03-27,5.9,05-31-2018,Commonwealth Bank of Australia
Q4-09,2008-12-05,6.7,11-30-2009,Commonwealth Bank of Australia
Q4-09,2008-12-19,6.7,11-30-2009,Commonwealth Bank of Australia
Q4-09,2009-01-12,6.7,11-30-2009,Commonwealth Bank of Australia
Q4-09,2009-02-06,6.7,11-30-2009,Commonwealth Bank of Australia
Q4-09,2009-02-18,6.7,11-30-2009,Commonwealth Bank of Australia
Q4-09,2009-02-20,6.7,11-30-2009,Commonwealth Bank of Australia
Q4-09,2009-02-27,6.7,11-30-2009,Commonwealth Bank of Australia
Q4-09,2009-03-05,6.79,11-30-2009,Commonwealth Bank of Australia
Q4-09,2009-03-09,6.79,11-30-2009,Commonwealth Bank of Australia
Q4-09,2009-03-13,6.79,11-30-2009,Commonwealth Bank of Australia
Q4-09,2009-03-20,6.79,11-30-2009,Commonwealth Bank of Australia
Q4-09,2009-04-17,6.79,11-30-2009,Commonwealth Bank of Australia
Q4-09,2009-05-04,6.79,11-30-2009,Commonwealth Bank of Australia
Q4-09,2009-05-28,6.75,11-30-2009,Commonwealth Bank of Australia
Q4-09,2009-07-01,6.75,11-30-2009,Commonwealth Bank of Australia
Q4-09,2009-07-23,6.81,11-30-2009,Commonwealth Bank of Australia
Q4-09,2009-08-06,6.81,11-30-2009,Commonwealth Bank of Australia
Q4-09,2009-09-03,6.83,11-30-2009,Commonwealth Bank of Australia
Q4-09,2009-10-06,6.83,11-30-2009,Commonwealth Bank of Australia
Q4-09,2009-10-12,6.83,11-30-2009,Commonwealth Bank of Australia
Q4-09,2009-11-04,6.83,11-30-2009,Commonwealth Bank of Australia
Q1-10,2009-03-05,6.75,11-30-2009,Commonwealth Bank of Australia
Q1-10,2009-03-09,6.75,11-30-2009,Commonwealth Bank of Australia
Q1-10,2009-03-13,6.75,11-30-2009,Commonwealth Bank of Australia
Q1-10,2009-03-20,6.75,11-30-2009,Commonwealth Bank of Australia
Q1-10,2009-04-17,6.75,11-30-2009,Commonwealth Bank of Australia
Q1-10,2009-05-04,6.75,11-30-2009,Commonwealth Bank of Australia
Q1-10,2009-05-28,6.7,11-30-2009,Commonwealth Bank of Australia
Q1-10,2009-07-01,6.7,11-30-2009,Commonwealth Bank of Australia
Q1-10,2009-07-23,6.78,11-30-2009,Commonwealth Bank of Australia
Q1-10,2009-08-06,6.78,11-30-2009,Commonwealth Bank of Australia
Q1-10,2009-09-03,6.81,11-30-2009,Commonwealth Bank of Australia
Q1-10,2009-10-06,6.81,11-30-2009,Commonwealth Bank of Australia
Q1-10,2009-10-12,6.81,11-30-2009,Commonwealth Bank of Australia
Q1-10,2009-11-04,6.81,11-30-2009,Commonwealth Bank of Australia
Q2-10,2009-09-03,6.78,11-30-2009,Commonwealth Bank of Australia
Q2-10,2009-10-06,6.78,11-30-2009,Commonwealth Bank of Australia
Q2-10,2009-10-12,6.78,11-30-2009,Commonwealth Bank of Australia
Q2-10,2009-11-04,6.78,11-30-2009,Commonwealth Bank of Australia
Q3-10,2009-10-12,6.75,11-30-2009,Commonwealth Bank of Australia
Q3-10,2009-11-04,6.75,11-30-2009,Commonwealth Bank of Australia
Q4-14,2013-01-16,5.7,11-30-2014,Commonwealth Bank of Australia
Q4-14,2013-02-28,5.7,11-30-2014,Commonwealth Bank of Australia
Q4-14,2013-04-10,5.7,11-30-2014,Commonwealth Bank of Australia
Q4-14,2013-05-24,5.7,11-30-2014,Commonwealth Bank of Australia
Q4-14,2013-05-31,5.7,11-30-2014,Commonwealth Bank of Australia
Q4-14,2013-07-04,5.7,11-30-2014,Commonwealth Bank of Australia
Q4-14,2013-07-11,5.7,11-30-2014,Commonwealth Bank of Australia
Q4-14,2013-08-20,5.7,11-30-2014,Commonwealth Bank of Australia
Q4-14,2013-10-04,5.7,11-30-2014,Commonwealth Bank of Australia
Q4-14,2013-11-15,5.7,11-30-2014,Commonwealth Bank of Australia
Q4-14,2014-01-13,5.7,11-30-2014,Commonwealth Bank of Australia
Q4-14,2014-01-31,5.85,11-30-2014,Commonwealth Bank of Australia
Q4-14,2014-03-05,5.85,11-30-2014,Commonwealth Bank of Australia
Q4-14,2014-04-22,5.85,11-30-2014,Commonwealth Bank of Australia
Q4-14,2014-06-27,6.1,11-30-2014,Commonwealth Bank of Australia
Q4-14,2014-07-21,6.1,11-30-2014,Commonwealth Bank of Australia
Q4-14,2014-08-25,6.1,11-30-2014,Commonwealth Bank of Australia
Q4-14,2014-09-12,6.1,11-30-2014,Commonwealth Bank of Australia
Q4-14,2014-10-14,6.1,11-30-2014,Commonwealth Bank of Australia
Q1-15,2014-03-05,5.65,11-30-2014,Commonwealth Bank of Australia
Q1-15,2014-04-22,5.65,11-30-2014,Commonwealth Bank of Australia
Q1-15,2014-06-27,6.05,11-30-2014,Commonwealth Bank of Australia
Q1-15,2014-07-21,6.05,11-30-2014,Commonwealth Bank of Australia
Q1-15,2014-08-25,6.05,11-30-2014,Commonwealth Bank of Australia
Q1-15,2014-09-12,6.2,11-30-2014,Commonwealth Bank of Australia
Q1-15,2014-10-14,6.05,11-30-2014,Commonwealth Bank of Australia
Q2-15,2014-06-27,6.0,11-30-2014,Commonwealth Bank of Australia
Q2-15,2014-07-21,6.0,11-30-2014,Commonwealth Bank of Australia
Q2-15,2014-08-25,6.0,11-30-2014,Commonwealth Bank of Australia
Q2-15,2014-09-12,6.05,11-30-2014,Commonwealth Bank of Australia
Q2-15,2014-10-14,6.0,11-30-2014,Commonwealth Bank of Australia
Q3-15,2014-10-14,5.95,11-30-2014,Commonwealth Bank of Australia
2015,2013-07-04,5.55,11-30-2014,Commonwealth Bank of Australia
2015,2013-07-11,5.55,11-30-2014,Commonwealth Bank of Australia
2015,2013-08-20,5.55,11-30-2014,Commonwealth Bank of Australia
2015,2013-10-04,5.55,11-30-2014,Commonwealth Bank of Australia
2015,2013-11-15,5.55,11-30-2014,Commonwealth Bank of Australia
2015,2014-01-13,5.55,11-30-2014,Commonwealth Bank of Australia
2015,2014-01-31,5.55,11-30-2014,Commonwealth Bank of Australia
2015,2014-03-05,5.55,11-30-2014,Commonwealth Bank of Australia
2015,2014-04-22,5.55,11-30-2014,Commonwealth Bank of Australia
2015,2014-06-27,5.75,11-30-2014,Commonwealth Bank of Australia
2015,2014-07-21,5.75,11-30-2014,Commonwealth Bank of Australia
2015,2014-08-25,5.75,11-30-2014,Commonwealth Bank of Australia
2015,2014-09-12,6.0,11-30-2014,Commonwealth Bank of Australia
2015,2014-10-14,5.75,11-30-2014,Commonwealth Bank of Australia
2016,2014-03-05,5.45,11-30-2014,Commonwealth Bank of Australia
2016,2014-06-27,5.5,11-30-2014,Commonwealth Bank of Australia
2016,2014-07-21,5.5,11-30-2014,Commonwealth Bank of Australia
2016,2014-08-25,5.5,11-30-2014,Commonwealth Bank of Australia
2016,2014-09-12,5.75,11-30-2014,Commonwealth Bank of Australia
2016,2014-10-14,5.5,11-30-2014,Commonwealth Bank of Australia
Q1-09,2008-12-05,6.81,02-28-2009,Commonwealth Bank of Australia
Q1-09,2008-12-19,6.81,02-28-2009,Commonwealth Bank of Australia
Q1-09,2009-01-12,6.81,02-28-2009,Commonwealth Bank of Australia
Q1-09,2009-02-06,6.81,02-28-2009,Commonwealth Bank of Australia
Q1-09,2009-02-18,6.81,02-28-2009,Commonwealth Bank of Australia
Q1-09,2009-02-20,6.81,02-28-2009,Commonwealth Bank of Australia
Q1-09,2009-02-27,6.81,02-28-2009,Commonwealth Bank of Australia
Q2-09,2008-12-05,6.79,02-28-2009,Commonwealth Bank of Australia
Q2-09,2008-12-19,6.79,02-28-2009,Commonwealth Bank of Australia
Q2-09,2009-01-12,6.79,02-28-2009,Commonwealth Bank of Australia
Q2-09,2009-02-06,6.79,02-28-2009,Commonwealth Bank of Australia
Q2-09,2009-02-18,6.79,02-28-2009,Commonwealth Bank of Australia
Q2-09,2009-02-20,6.79,02-28-2009,Commonwealth Bank of Australia
Q2-09,2009-02-27,6.79,02-28-2009,Commonwealth Bank of Australia
Q3-09,2008-12-05,6.75,02-28-2009,Commonwealth Bank of Australia
Q3-09,2008-12-19,6.75,02-28-2009,Commonwealth Bank of Australia
Q3-09,2009-01-12,6.75,02-28-2009,Commonwealth Bank of Australia
Q3-09,2009-02-06,6.75,02-28-2009,Commonwealth Bank of Australia
Q3-09,2009-02-18,6.75,02-28-2009,Commonwealth Bank of Australia
Q3-09,2009-02-20,6.75,02-28-2009,Commonwealth Bank of Australia
Q3-09,2009-02-27,6.75,02-28-2009,Commonwealth Bank of Australia
Q4-09,2008-12-05,6.7,02-28-2009,Commonwealth Bank of Australia
Q4-09,2008-12-19,6.7,02-28-2009,Commonwealth Bank of Australia
Q4-09,2009-01-12,6.7,02-28-2009,Commonwealth Bank of Australia
Q4-09,2009-02-06,6.7,02-28-2009,Commonwealth Bank of Australia
Q4-09,2009-02-18,6.7,02-28-2009,Commonwealth Bank of Australia
Q4-09,2009-02-20,6.7,02-28-2009,Commonwealth Bank of Australia
Q4-09,2009-02-27,6.7,02-28-2009,Commonwealth Bank of Australia
Q2-13,2012-06-20,5.91,05-31-2013,Commonwealth Bank of Australia
Q2-13,2012-07-13,6.21,05-31-2013,Commonwealth Bank of Australia
Q2-13,2012-08-20,6.21,05-31-2013,Commonwealth Bank of Australia
Q2-13,2012-09-24,6.21,05-31-2013,Commonwealth Bank of Australia
Q2-13,2012-11-01,6.21,05-31-2013,Commonwealth Bank of Australia
Q2-13,2012-12-14,6.1,05-31-2013,Commonwealth Bank of Australia
Q2-13,2012-12-21,6.1,05-31-2013,Commonwealth Bank of Australia
Q2-13,2013-01-16,6.16,05-31-2013,Commonwealth Bank of Australia
Q2-13,2013-02-28,6.16,05-31-2013,Commonwealth Bank of Australia
Q2-13,2013-04-10,6.16,05-31-2013,Commonwealth Bank of Australia
Q2-13,2013-05-20,6.16,05-31-2013,Commonwealth Bank of Australia
Q2-13,2013-05-24,6.16,05-31-2013,Commonwealth Bank of Australia
Q2-13,2013-05-31,6.12,05-31-2013,Commonwealth Bank of Australia
Q3-13,2012-09-24,6.16,05-31-2013,Commonwealth Bank of Australia
Q3-13,2012-11-01,6.16,05-31-2013,Commonwealth Bank of Australia
Q3-13,2012-12-14,6.0,05-31-2013,Commonwealth Bank of Australia
Q3-13,2012-12-21,6.0,05-31-2013,Commonwealth Bank of Australia
Q3-13,2013-01-16,6.12,05-31-2013,Commonwealth Bank of Australia
Q3-13,2013-02-28,6.12,05-31-2013,Commonwealth Bank of Australia
Q3-13,2013-04-10,6.12,05-31-2013,Commonwealth Bank of Australia
Q3-13,2013-05-20,6.12,05-31-2013,Commonwealth Bank of Australia
Q3-13,2013-05-24,6.12,05-31-2013,Commonwealth Bank of Australia
Q3-13,2013-05-31,6.1,05-31-2013,Commonwealth Bank of Australia
Q4-13,2011-06-03,5.79,05-31-2013,Commonwealth Bank of Australia
Q4-13,2011-07-05,5.79,05-31-2013,Commonwealth Bank of Australia
Q4-13,2011-08-12,5.79,05-31-2013,Commonwealth Bank of Australia
Q4-13,2011-09-14,5.79,05-31-2013,Commonwealth Bank of Australia
Q4-13,2011-10-28,5.79,05-31-2013,Commonwealth Bank of Australia
Q4-13,2011-12-14,5.79,05-31-2013,Commonwealth Bank of Australia
Q4-13,2012-01-24,5.79,05-31-2013,Commonwealth Bank of Australia
Q4-13,2012-02-21,5.79,05-31-2013,Commonwealth Bank of Australia
Q4-13,2012-02-29,5.79,05-31-2013,Commonwealth Bank of Australia
Q4-13,2012-05-11,5.79,05-31-2013,Commonwealth Bank of Australia
Q4-13,2012-06-20,5.79,05-31-2013,Commonwealth Bank of Australia
Q4-13,2012-07-13,6.12,05-31-2013,Commonwealth Bank of Australia
Q4-13,2012-08-20,6.12,05-31-2013,Commonwealth Bank of Australia
Q4-13,2012-09-24,6.12,05-31-2013,Commonwealth Bank of Australia
Q4-13,2012-11-01,6.12,05-31-2013,Commonwealth Bank of Australia
Q4-13,2012-12-14,5.75,05-31-2013,Commonwealth Bank of Australia
Q4-13,2012-12-21,5.75,05-31-2013,Commonwealth Bank of Australia
Q4-13,2013-01-16,6.0,05-31-2013,Commonwealth Bank of Australia
Q4-13,2013-02-28,6.0,05-31-2013,Commonwealth Bank of Australia
Q4-13,2013-04-10,6.0,05-31-2013,Commonwealth Bank of Australia
Q4-13,2013-05-20,6.0,05-31-2013,Commonwealth Bank of Australia
Q4-13,2013-05-24,6.0,05-31-2013,Commonwealth Bank of Australia
Q4-13,2013-05-31,6.0,05-31-2013,Commonwealth Bank of Australia
Q1-14,2013-04-10,5.9,05-31-2013,Commonwealth Bank of Australia
Q1-14,2013-05-20,5.9,05-31-2013,Commonwealth Bank of Australia
Q1-14,2013-05-24,5.9,05-31-2013,Commonwealth Bank of Australia
Q1-14,2013-05-31,5.9,05-31-2013,Commonwealth Bank of Australia
2014,2011-12-14,5.56,05-31-2013,Commonwealth Bank of Australia
2014,2012-05-11,5.56,05-31-2013,Commonwealth Bank of Australia
2014,2012-06-20,5.56,05-31-2013,Commonwealth Bank of Australia
2014,2012-07-13,5.56,05-31-2013,Commonwealth Bank of Australia
2014,2012-08-20,5.56,05-31-2013,Commonwealth Bank of Australia
2014,2012-09-24,5.56,05-31-2013,Commonwealth Bank of Australia
2014,2012-11-01,5.56,05-31-2013,Commonwealth Bank of Australia
2014,2013-01-16,5.7,05-31-2013,Commonwealth Bank of Australia
2014,2013-02-28,5.7,05-31-2013,Commonwealth Bank of Australia
2014,2013-04-10,5.7,05-31-2013,Commonwealth Bank of Australia
2014,2013-05-24,5.7,05-31-2013,Commonwealth Bank of Australia
2014,2013-05-31,5.7,05-31-2013,Commonwealth Bank of Australia
Q3-18,2017-11-29,6.4,08-31-2018,Commonwealth Bank of Australia
Q3-18,2018-03-02,6.28,08-31-2018,Commonwealth Bank of Australia
Q3-18,2018-06-06,6.28,08-31-2018,Commonwealth Bank of Australia
Q4-18,2017-03-27,7.1,08-31-2018,Commonwealth Bank of Australia
Q4-18,2017-11-29,6.35,08-31-2018,Commonwealth Bank of Australia
Q4-18,2018-03-02,6.25,08-31-2018,Commonwealth Bank of Australia
Q4-18,2018-06-06,6.25,08-31-2018,Commonwealth Bank of Australia
Q1-19,2018-03-02,6.2,08-31-2018,Commonwealth Bank of Australia
Q1-19,2018-06-06,6.2,08-31-2018,Commonwealth Bank of Australia
Q2-19,2018-06-06,6.15,08-31-2018,Commonwealth Bank of Australia
2019,2017-03-27,6.4,08-31-2018,Commonwealth Bank of Australia
2019,2018-03-02,6.1,08-31-2018,Commonwealth Bank of Australia
2020,2017-03-27,5.9,08-31-2018,Commonwealth Bank of Australia
2020,2018-03-02,6.1,08-31-2018,Commonwealth Bank of Australia
2021,2017-03-27,5.9,08-31-2018,Commonwealth Bank of Australia
Q4-18,2017-03-27,7.1,11-30-2018,Commonwealth Bank of Australia
Q4-18,2017-11-29,6.35,11-30-2018,Commonwealth Bank of Australia
Q4-18,2018-03-02,6.25,11-30-2018,Commonwealth Bank of Australia
Q4-18,2018-06-06,6.25,11-30-2018,Commonwealth Bank of Australia
Q4-18,2018-09-24,6.95,11-30-2018,Commonwealth Bank of Australia
Q1-19,2018-03-02,6.2,11-30-2018,Commonwealth Bank of Australia
Q1-19,2018-06-06,6.2,11-30-2018,Commonwealth Bank of Australia
Q1-19,2018-09-24,7.0,11-30-2018,Commonwealth Bank of Australia
Q2-19,2018-06-06,6.15,11-30-2018,Commonwealth Bank of Australia
Q2-19,2018-09-24,7.1,11-30-2018,Commonwealth Bank of Australia
Q3-19,2018-09-24,7.2,11-30-2018,Commonwealth Bank of Australia
2019,2017-03-27,6.4,11-30-2018,Commonwealth Bank of Australia
2019,2018-03-02,6.1,11-30-2018,Commonwealth Bank of Australia
2019,2018-09-24,7.3,11-30-2018,Commonwealth Bank of Australia
2020,2017-03-27,5.9,11-30-2018,Commonwealth Bank of Australia
2020,2018-03-02,6.1,11-30-2018,Commonwealth Bank of Australia
2021,2017-03-27,5.9,11-30-2018,Commonwealth Bank of Australia
Q3-14,2013-10-04,5.75,08-31-2014,Commonwealth Bank of Australia
Q3-14,2013-11-15,5.75,08-31-2014,Commonwealth Bank of Australia
Q3-14,2014-01-13,5.75,08-31-2014,Commonwealth Bank of Australia
Q3-14,2014-01-31,5.9,08-31-2014,Commonwealth Bank of Australia
Q3-14,2014-03-05,5.9,08-31-2014,Commonwealth Bank of Australia
Q3-14,2014-04-22,5.9,08-31-2014,Commonwealth Bank of Australia
Q3-14,2014-06-27,6.15,08-31-2014,Commonwealth Bank of Australia
Q3-14,2014-07-21,6.15,08-31-2014,Commonwealth Bank of Australia
Q3-14,2014-08-25,6.15,08-31-2014,Commonwealth Bank of Australia
Q4-14,2012-09-24,5.56,08-31-2014,Commonwealth Bank of Australia
Q4-14,2012-11-01,5.56,08-31-2014,Commonwealth Bank of Australia
Q4-14,2013-01-16,5.7,08-31-2014,Commonwealth Bank of Australia
Q4-14,2013-02-28,5.7,08-31-2014,Commonwealth Bank of Australia
Q4-14,2013-04-10,5.7,08-31-2014,Commonwealth Bank of Australia
Q4-14,2013-05-24,5.7,08-31-2014,Commonwealth Bank of Australia
Q4-14,2013-05-31,5.7,08-31-2014,Commonwealth Bank of Australia
Q4-14,2013-07-04,5.7,08-31-2014,Commonwealth Bank of Australia
Q4-14,2013-07-11,5.7,08-31-2014,Commonwealth Bank of Australia
Q4-14,2013-08-20,5.7,08-31-2014,Commonwealth Bank of Australia
Q4-14,2013-10-04,5.7,08-31-2014,Commonwealth Bank of Australia
Q4-14,2013-11-15,5.7,08-31-2014,Commonwealth Bank of Australia
Q4-14,2014-01-13,5.7,08-31-2014,Commonwealth Bank of Australia
Q4-14,2014-01-31,5.85,08-31-2014,Commonwealth Bank of Australia
Q4-14,2014-03-05,5.85,08-31-2014,Commonwealth Bank of Australia
Q4-14,2014-04-22,5.85,08-31-2014,Commonwealth Bank of Australia
Q4-14,2014-06-27,6.1,08-31-2014,Commonwealth Bank of Australia
Q4-14,2014-07-21,6.1,08-31-2014,Commonwealth Bank of Australia
Q4-14,2014-08-25,6.1,08-31-2014,Commonwealth Bank of Australia
Q1-15,2014-03-05,5.65,08-31-2014,Commonwealth Bank of Australia
Q1-15,2014-04-22,5.65,08-31-2014,Commonwealth Bank of Australia
Q1-15,2014-06-27,6.05,08-31-2014,Commonwealth Bank of Australia
Q1-15,2014-07-21,6.05,08-31-2014,Commonwealth Bank of Australia
Q1-15,2014-08-25,6.05,08-31-2014,Commonwealth Bank of Australia
Q2-15,2014-06-27,6.0,08-31-2014,Commonwealth Bank of Australia
Q2-15,2014-07-21,6.0,08-31-2014,Commonwealth Bank of Australia
Q2-15,2014-08-25,6.0,08-31-2014,Commonwealth Bank of Australia
2015,2013-07-04,5.55,08-31-2014,Commonwealth Bank of Australia
2015,2013-07-11,5.55,08-31-2014,Commonwealth Bank of Australia
2015,2013-08-20,5.55,08-31-2014,Commonwealth Bank of Australia
2015,2013-10-04,5.55,08-31-2014,Commonwealth Bank of Australia
2015,2013-11-15,5.55,08-31-2014,Commonwealth Bank of Australia
2015,2014-01-13,5.55,08-31-2014,Commonwealth Bank of Australia
2015,2014-01-31,5.55,08-31-2014,Commonwealth Bank of Australia
2015,2014-03-05,5.55,08-31-2014,Commonwealth Bank of Australia
2015,2014-04-22,5.55,08-31-2014,Commonwealth Bank of Australia
2015,2014-06-27,5.75,08-31-2014,Commonwealth Bank of Australia
2015,2014-07-21,5.75,08-31-2014,Commonwealth Bank of Australia
2015,2014-08-25,5.75,08-31-2014,Commonwealth Bank of Australia
2016,2014-03-05,5.45,08-31-2014,Commonwealth Bank of Australia
2016,2014-06-27,5.5,08-31-2014,Commonwealth Bank of Australia
2016,2014-07-21,5.5,08-31-2014,Commonwealth Bank of Australia
2016,2014-08-25,5.5,08-31-2014,Commonwealth Bank of Australia
Q2-09,2008-12-05,6.79,05-31-2009,Commonwealth Bank of Australia
Q2-09,2008-12-19,6.79,05-31-2009,Commonwealth Bank of Australia
Q2-09,2009-01-12,6.79,05-31-2009,Commonwealth Bank of Australia
Q2-09,2009-02-06,6.79,05-31-2009,Commonwealth Bank of Australia
Q2-09,2009-02-18,6.79,05-31-2009,Commonwealth Bank of Australia
Q2-09,2009-02-20,6.79,05-31-2009,Commonwealth Bank of Australia
Q2-09,2009-02-27,6.79,05-31-2009,Commonwealth Bank of Australia
Q2-09,2009-03-05,6.85,05-31-2009,Commonwealth Bank of Australia
Q2-09,2009-03-09,6.85,05-31-2009,Commonwealth Bank of Australia
Q2-09,2009-03-13,6.85,05-31-2009,Commonwealth Bank of Australia
Q2-09,2009-03-20,6.85,05-31-2009,Commonwealth Bank of Australia
Q2-09,2009-04-17,6.85,05-31-2009,Commonwealth Bank of Australia
Q2-09,2009-05-04,6.85,05-31-2009,Commonwealth Bank of Australia
Q3-09,2008-12-05,6.75,05-31-2009,Commonwealth Bank of Australia
Q3-09,2008-12-19,6.75,05-31-2009,Commonwealth Bank of Australia
Q3-09,2009-01-12,6.75,05-31-2009,Commonwealth Bank of Australia
Q3-09,2009-02-06,6.75,05-31-2009,Commonwealth Bank of Australia
Q3-09,2009-02-18,6.75,05-31-2009,Commonwealth Bank of Australia
Q3-09,2009-02-20,6.75,05-31-2009,Commonwealth Bank of Australia
Q3-09,2009-02-27,6.75,05-31-2009,Commonwealth Bank of Australia
Q3-09,2009-03-05,6.81,05-31-2009,Commonwealth Bank of Australia
Q3-09,2009-03-09,6.81,05-31-2009,Commonwealth Bank of Australia
Q3-09,2009-03-13,6.81,05-31-2009,Commonwealth Bank of Australia
Q3-09,2009-03-20,6.81,05-31-2009,Commonwealth Bank of Australia
Q3-09,2009-04-17,6.81,05-31-2009,Commonwealth Bank of Australia
Q3-09,2009-05-04,6.81,05-31-2009,Commonwealth Bank of Australia
Q3-09,2009-05-28,6.78,05-31-2009,Commonwealth Bank of Australia
Q4-09,2008-12-05,6.7,05-31-2009,Commonwealth Bank of Australia
Q4-09,2008-12-19,6.7,05-31-2009,Commonwealth Bank of Australia
Q4-09,2009-01-12,6.7,05-31-2009,Commonwealth Bank of Australia
Q4-09,2009-02-06,6.7,05-31-2009,Commonwealth Bank of Australia
Q4-09,2009-02-18,6.7,05-31-2009,Commonwealth Bank of Australia
Q4-09,2009-02-20,6.7,05-31-2009,Commonwealth Bank of Australia
Q4-09,2009-02-27,6.7,05-31-2009,Commonwealth Bank of Australia
Q4-09,2009-03-05,6.79,05-31-2009,Commonwealth Bank of Australia
Q4-09,2009-03-09,6.79,05-31-2009,Commonwealth Bank of Australia
Q4-09,2009-03-13,6.79,05-31-2009,Commonwealth Bank of Australia
Q4-09,2009-03-20,6.79,05-31-2009,Commonwealth Bank of Australia
Q4-09,2009-04-17,6.79,05-31-2009,Commonwealth Bank of Australia
Q4-09,2009-05-04,6.79,05-31-2009,Commonwealth Bank of Australia
Q4-09,2009-05-28,6.75,05-31-2009,Commonwealth Bank of Australia
Q1-10,2009-03-05,6.75,05-31-2009,Commonwealth Bank of Australia
Q1-10,2009-03-09,6.75,05-31-2009,Commonwealth Bank of Australia
Q1-10,2009-03-13,6.75,05-31-2009,Commonwealth Bank of Australia
Q1-10,2009-03-20,6.75,05-31-2009,Commonwealth Bank of Australia
Q1-10,2009-04-17,6.75,05-31-2009,Commonwealth Bank of Australia
Q1-10,2009-05-04,6.75,05-31-2009,Commonwealth Bank of Australia
Q1-10,2009-05-28,6.7,05-31-2009,Commonwealth Bank of Australia
Q1-13,2012-04-12,5.79,02-28-2013,Commonwealth Bank of Australia
Q1-13,2012-05-11,6.0,02-28-2013,Commonwealth Bank of Australia
Q1-13,2012-06-20,6.0,02-28-2013,Commonwealth Bank of Australia
Q1-13,2012-07-13,6.25,02-28-2013,Commonwealth Bank of Australia
Q1-13,2012-08-20,6.25,02-28-2013,Commonwealth Bank of Australia
Q1-13,2012-09-24,6.25,02-28-2013,Commonwealth Bank of Australia
Q1-13,2012-11-01,6.25,02-28-2013,Commonwealth Bank of Australia
Q1-13,2012-12-14,6.17,02-28-2013,Commonwealth Bank of Australia
Q1-13,2012-12-21,6.17,02-28-2013,Commonwealth Bank of Australia
Q1-13,2013-01-16,6.2,02-28-2013,Commonwealth Bank of Australia
Q1-13,2013-02-28,6.2,02-28-2013,Commonwealth Bank of Australia
Q2-13,2012-06-20,5.91,02-28-2013,Commonwealth Bank of Australia
Q2-13,2012-07-13,6.21,02-28-2013,Commonwealth Bank of Australia
Q2-13,2012-08-20,6.21,02-28-2013,Commonwealth Bank of Australia
Q2-13,2012-09-24,6.21,02-28-2013,Commonwealth Bank of Australia
Q2-13,2012-11-01,6.21,02-28-2013,Commonwealth Bank of Australia
Q2-13,2012-12-14,6.1,02-28-2013,Commonwealth Bank of Australia
Q2-13,2012-12-21,6.1,02-28-2013,Commonwealth Bank of Australia
Q2-13,2013-01-16,6.16,02-28-2013,Commonwealth Bank of Australia
Q2-13,2013-02-28,6.16,02-28-2013,Commonwealth Bank of Australia
Q3-13,2012-09-24,6.16,02-28-2013,Commonwealth Bank of Australia
Q3-13,2012-11-01,6.16,02-28-2013,Commonwealth Bank of Australia
Q3-13,2012-12-14,6.0,02-28-2013,Commonwealth Bank of Australia
Q3-13,2012-12-21,6.0,02-28-2013,Commonwealth Bank of Australia
Q3-13,2013-01-16,6.12,02-28-2013,Commonwealth Bank of Australia
Q3-13,2013-02-28,6.12,02-28-2013,Commonwealth Bank of Australia
Q4-13,2011-03-04,5.79,02-28-2013,Commonwealth Bank of Australia
Q4-13,2011-04-08,5.79,02-28-2013,Commonwealth Bank of Australia
Q4-13,2011-04-13,5.79,02-28-2013,Commonwealth Bank of Australia
Q4-13,2011-04-27,5.79,02-28-2013,Commonwealth Bank of Australia
Q4-13,2011-05-03,5.79,02-28-2013,Commonwealth Bank of Australia
Q4-13,2011-06-03,5.79,02-28-2013,Commonwealth Bank of Australia
Q4-13,2011-07-05,5.79,02-28-2013,Commonwealth Bank of Australia
Q4-13,2011-08-12,5.79,02-28-2013,Commonwealth Bank of Australia
Q4-13,2011-09-14,5.79,02-28-2013,Commonwealth Bank of Australia
Q4-13,2011-10-28,5.79,02-28-2013,Commonwealth Bank of Australia
Q4-13,2011-12-14,5.79,02-28-2013,Commonwealth Bank of Australia
Q4-13,2012-01-24,5.79,02-28-2013,Commonwealth Bank of Australia
Q4-13,2012-02-21,5.79,02-28-2013,Commonwealth Bank of Australia
Q4-13,2012-02-29,5.79,02-28-2013,Commonwealth Bank of Australia
Q4-13,2012-05-11,5.79,02-28-2013,Commonwealth Bank of Australia
Q4-13,2012-06-20,5.79,02-28-2013,Commonwealth Bank of Australia
Q4-13,2012-07-13,6.12,02-28-2013,Commonwealth Bank of Australia
Q4-13,2012-08-20,6.12,02-28-2013,Commonwealth Bank of Australia
Q4-13,2012-09-24,6.12,02-28-2013,Commonwealth Bank of Australia
Q4-13,2012-11-01,6.12,02-28-2013,Commonwealth Bank of Australia
Q4-13,2012-12-14,5.75,02-28-2013,Commonwealth Bank of Australia
Q4-13,2012-12-21,5.75,02-28-2013,Commonwealth Bank of Australia
Q4-13,2013-01-16,6.0,02-28-2013,Commonwealth Bank of Australia
Q4-13,2013-02-28,6.0,02-28-2013,Commonwealth Bank of Australia
2014,2011-12-14,5.56,02-28-2013,Commonwealth Bank of Australia
2014,2012-05-11,5.56,02-28-2013,Commonwealth Bank of Australia
2014,2012-06-20,5.56,02-28-2013,Commonwealth Bank of Australia
2014,2012-07-13,5.56,02-28-2013,Commonwealth Bank of Australia
2014,2012-08-20,5.56,02-28-2013,Commonwealth Bank of Australia
2014,2012-09-24,5.56,02-28-2013,Commonwealth Bank of Australia
2014,2012-11-01,5.56,02-28-2013,Commonwealth Bank of Australia
2014,2013-01-16,5.7,02-28-2013,Commonwealth Bank of Australia
2014,2013-02-28,5.7,02-28-2013,Commonwealth Bank of Australia
Q1-12,2011-04-13,6.21,02-28-2012,Commonwealth Bank of Australia
Q1-12,2011-04-27,6.21,02-28-2012,Commonwealth Bank of Australia
Q1-12,2011-05-03,6.21,02-28-2012,Commonwealth Bank of Australia
Q1-12,2011-06-03,6.21,02-28-2012,Commonwealth Bank of Australia
Q1-12,2011-07-05,6.21,02-28-2012,Commonwealth Bank of Australia
Q1-12,2011-08-12,6.21,02-28-2012,Commonwealth Bank of Australia
Q1-12,2011-09-14,6.21,02-28-2012,Commonwealth Bank of Australia
Q1-12,2011-10-28,6.21,02-28-2012,Commonwealth Bank of Australia
Q1-12,2011-12-14,6.3,02-28-2012,Commonwealth Bank of Australia
Q1-12,2012-01-24,6.3,02-28-2012,Commonwealth Bank of Australia
Q1-12,2012-02-21,6.28,02-28-2012,Commonwealth Bank of Australia
Q1-12,2012-02-29,6.28,02-28-2012,Commonwealth Bank of Australia
Q2-12,2011-08-12,6.15,02-28-2012,Commonwealth Bank of Australia
Q2-12,2011-09-14,6.15,02-28-2012,Commonwealth Bank of Australia
Q2-12,2011-10-28,6.15,02-28-2012,Commonwealth Bank of Australia
Q2-12,2011-12-14,6.25,02-28-2012,Commonwealth Bank of Australia
Q2-12,2012-01-24,6.25,02-28-2012,Commonwealth Bank of Australia
Q2-12,2012-02-21,6.23,02-28-2012,Commonwealth Bank of Australia
Q2-12,2012-02-29,6.23,02-28-2012,Commonwealth Bank of Australia
Q3-12,2011-09-14,6.09,02-28-2012,Commonwealth Bank of Australia
Q3-12,2011-10-28,6.09,02-28-2012,Commonwealth Bank of Australia
Q3-12,2011-12-14,6.2,02-28-2012,Commonwealth Bank of Australia
Q3-12,2012-01-24,6.2,02-28-2012,Commonwealth Bank of Australia
Q3-12,2012-02-21,6.15,02-28-2012,Commonwealth Bank of Australia
Q3-12,2012-02-29,6.15,02-28-2012,Commonwealth Bank of Australia
Q4-12,2010-03-08,6.1,02-28-2012,Commonwealth Bank of Australia
Q4-12,2010-04-16,6.1,02-28-2012,Commonwealth Bank of Australia
Q4-12,2010-05-27,6.04,02-28-2012,Commonwealth Bank of Australia
Q4-12,2010-10-26,6.03,02-28-2012,Commonwealth Bank of Australia
Q4-12,2010-11-26,6.03,02-28-2012,Commonwealth Bank of Australia
Q4-12,2011-01-07,5.79,02-28-2012,Commonwealth Bank of Australia
Q4-12,2011-01-31,6.03,02-28-2012,Commonwealth Bank of Australia
Q4-12,2011-03-04,6.03,02-28-2012,Commonwealth Bank of Australia
Q4-12,2011-04-08,6.03,02-28-2012,Commonwealth Bank of Australia
Q4-12,2011-04-13,6.03,02-28-2012,Commonwealth Bank of Australia
Q4-12,2011-04-27,6.03,02-28-2012,Commonwealth Bank of Australia
Q4-12,2011-05-03,6.03,02-28-2012,Commonwealth Bank of Australia
Q4-12,2011-06-03,6.03,02-28-2012,Commonwealth Bank of Australia
Q4-12,2011-07-05,6.03,02-28-2012,Commonwealth Bank of Australia
Q4-12,2011-08-12,6.03,02-28-2012,Commonwealth Bank of Australia
Q4-12,2011-09-14,6.03,02-28-2012,Commonwealth Bank of Australia
Q4-12,2011-10-28,6.03,02-28-2012,Commonwealth Bank of Australia
Q4-12,2011-12-14,6.15,02-28-2012,Commonwealth Bank of Australia
Q4-12,2012-01-24,6.15,02-28-2012,Commonwealth Bank of Australia
Q4-12,2012-02-21,6.07,02-28-2012,Commonwealth Bank of Australia
Q4-12,2012-02-29,6.07,02-28-2012,Commonwealth Bank of Australia
2013,2010-10-26,5.79,02-28-2012,Commonwealth Bank of Australia
2013,2010-11-26,5.79,02-28-2012,Commonwealth Bank of Australia
2013,2011-03-04,5.79,02-28-2012,Commonwealth Bank of Australia
2013,2011-04-08,5.79,02-28-2012,Commonwealth Bank of Australia
2013,2011-04-13,5.79,02-28-2012,Commonwealth Bank of Australia
2013,2011-04-27,5.79,02-28-2012,Commonwealth Bank of Australia
2013,2011-05-03,5.79,02-28-2012,Commonwealth Bank of Australia
2013,2011-06-03,5.79,02-28-2012,Commonwealth Bank of Australia
2013,2011-07-05,5.79,02-28-2012,Commonwealth Bank of Australia
2013,2011-08-12,5.79,02-28-2012,Commonwealth Bank of Australia
2013,2011-09-14,5.79,02-28-2012,Commonwealth Bank of Australia
2013,2011-10-28,5.79,02-28-2012,Commonwealth Bank of Australia
2013,2011-12-14,5.79,02-28-2012,Commonwealth Bank of Australia
2013,2012-01-24,5.79,02-28-2012,Commonwealth Bank of Australia
2013,2012-02-21,5.79,02-28-2012,Commonwealth Bank of Australia
2013,2012-02-29,5.79,02-28-2012,Commonwealth Bank of Australia
2014,2011-12-14,5.56,02-28-2012,Commonwealth Bank of Australia
Q3-15,2014-10-14,5.95,08-31-2015,Commonwealth Bank of Australia
Q3-15,2014-12-22,6.2,08-31-2015,Commonwealth Bank of Australia
Q3-15,2015-01-19,6.2,08-31-2015,Commonwealth Bank of Australia
Q3-15,2015-04-07,6.2,08-31-2015,Commonwealth Bank of Australia
Q3-15,2015-06-04,6.25,08-31-2015,Commonwealth Bank of Australia
Q3-15,2015-07-23,6.25,08-31-2015,Commonwealth Bank of Australia
Q4-15,2013-10-04,5.55,08-31-2015,Commonwealth Bank of Australia
Q4-15,2013-11-15,5.55,08-31-2015,Commonwealth Bank of Australia
Q4-15,2014-01-13,5.55,08-31-2015,Commonwealth Bank of Australia
Q4-15,2014-01-31,5.55,08-31-2015,Commonwealth Bank of Australia
Q4-15,2014-03-05,5.55,08-31-2015,Commonwealth Bank of Australia
Q4-15,2014-04-22,5.55,08-31-2015,Commonwealth Bank of Australia
Q4-15,2014-06-27,5.75,08-31-2015,Commonwealth Bank of Australia
Q4-15,2014-07-21,5.75,08-31-2015,Commonwealth Bank of Australia
Q4-15,2014-08-25,5.75,08-31-2015,Commonwealth Bank of Australia
Q4-15,2014-09-12,6.0,08-31-2015,Commonwealth Bank of Australia
Q4-15,2014-10-14,5.75,08-31-2015,Commonwealth Bank of Australia
Q4-15,2014-12-22,6.15,08-31-2015,Commonwealth Bank of Australia
Q4-15,2015-01-19,6.15,08-31-2015,Commonwealth Bank of Australia
Q4-15,2015-04-07,6.15,08-31-2015,Commonwealth Bank of Australia
Q4-15,2015-06-04,6.3,08-31-2015,Commonwealth Bank of Australia
Q4-15,2015-07-23,6.3,08-31-2015,Commonwealth Bank of Australia
Q1-16,2015-04-07,6.1,08-31-2015,Commonwealth Bank of Australia
Q1-16,2015-06-04,6.4,08-31-2015,Commonwealth Bank of Australia
Q1-16,2015-07-23,6.4,08-31-2015,Commonwealth Bank of Australia
Q2-16,2015-06-04,6.3,08-31-2015,Commonwealth Bank of Australia
Q2-16,2015-07-23,6.3,08-31-2015,Commonwealth Bank of Australia
2016,2014-03-05,5.45,08-31-2015,Commonwealth Bank of Australia
2016,2014-06-27,5.5,08-31-2015,Commonwealth Bank of Australia
2016,2014-07-21,5.5,08-31-2015,Commonwealth Bank of Australia
2016,2014-08-25,5.5,08-31-2015,Commonwealth Bank of Australia
2016,2014-09-12,5.75,08-31-2015,Commonwealth Bank of Australia
2016,2014-10-14,5.5,08-31-2015,Commonwealth Bank of Australia
2016,2015-01-19,5.8,08-31-2015,Commonwealth Bank of Australia
2016,2015-06-04,6.1,08-31-2015,Commonwealth Bank of Australia
2016,2015-07-23,6.1,08-31-2015,Commonwealth Bank of Australia
2020,2018-03-02,6.1,11-30-2019,Commonwealth Bank of Australia
Q4-19,2018-03-02,6.1,11-30-2019,Commonwealth Bank of Australia
Q4-19,2018-09-24,7.3,11-30-2019,Commonwealth Bank of Australia
Q3-19,2018-09-24,7.2,08-31-2019,Commonwealth Bank of Australia
Q4-19,2018-03-02,6.1,08-31-2019,Commonwealth Bank of Australia
Q4-19,2018-09-24,7.3,08-31-2019,Commonwealth Bank of Australia
2020,2018-03-02,6.1,08-31-2019,Commonwealth Bank of Australia
Q2-12,2011-08-12,6.15,05-31-2012,Commonwealth Bank of Australia
Q2-12,2011-09-14,6.15,05-31-2012,Commonwealth Bank of Australia
Q2-12,2011-10-28,6.15,05-31-2012,Commonwealth Bank of Australia
Q2-12,2011-12-14,6.25,05-31-2012,Commonwealth Bank of Australia
Q2-12,2012-01-24,6.25,05-31-2012,Commonwealth Bank of Australia
Q2-12,2012-02-21,6.23,05-31-2012,Commonwealth Bank of Australia
Q2-12,2012-02-29,6.23,05-31-2012,Commonwealth Bank of Australia
Q2-12,2012-04-12,6.23,05-31-2012,Commonwealth Bank of Australia
Q2-12,2012-05-11,6.28,05-31-2012,Commonwealth Bank of Australia
Q3-12,2011-09-14,6.09,05-31-2012,Commonwealth Bank of Australia
Q3-12,2011-10-28,6.09,05-31-2012,Commonwealth Bank of Australia
Q3-12,2011-12-14,6.2,05-31-2012,Commonwealth Bank of Australia
Q3-12,2012-01-24,6.2,05-31-2012,Commonwealth Bank of Australia
Q3-12,2012-02-21,6.15,05-31-2012,Commonwealth Bank of Australia
Q3-12,2012-02-29,6.15,05-31-2012,Commonwealth Bank of Australia
Q3-12,2012-04-12,6.15,05-31-2012,Commonwealth Bank of Australia
Q3-12,2012-05-11,6.18,05-31-2012,Commonwealth Bank of Australia
Q4-12,2010-10-26,6.03,05-31-2012,Commonwealth Bank of Australia
Q4-12,2010-11-26,6.03,05-31-2012,Commonwealth Bank of Australia
Q4-12,2011-01-07,5.79,05-31-2012,Commonwealth Bank of Australia
Q4-12,2011-01-31,6.03,05-31-2012,Commonwealth Bank of Australia
Q4-12,2011-03-04,6.03,05-31-2012,Commonwealth Bank of Australia
Q4-12,2011-04-08,6.03,05-31-2012,Commonwealth Bank of Australia
Q4-12,2011-04-13,6.03,05-31-2012,Commonwealth Bank of Australia
Q4-12,2011-04-27,6.03,05-31-2012,Commonwealth Bank of Australia
Q4-12,2011-05-03,6.03,05-31-2012,Commonwealth Bank of Australia
Q4-12,2011-06-03,6.03,05-31-2012,Commonwealth Bank of Australia
Q4-12,2011-07-05,6.03,05-31-2012,Commonwealth Bank of Australia
Q4-12,2011-08-12,6.03,05-31-2012,Commonwealth Bank of Australia
Q4-12,2011-09-14,6.03,05-31-2012,Commonwealth Bank of Australia
Q4-12,2011-10-28,6.03,05-31-2012,Commonwealth Bank of Australia
Q4-12,2011-12-14,6.15,05-31-2012,Commonwealth Bank of Australia
Q4-12,2012-01-24,6.15,05-31-2012,Commonwealth Bank of Australia
Q4-12,2012-02-21,6.07,05-31-2012,Commonwealth Bank of Australia
Q4-12,2012-02-29,6.07,05-31-2012,Commonwealth Bank of Australia
Q4-12,2012-04-12,6.07,05-31-2012,Commonwealth Bank of Australia
Q4-12,2012-05-11,6.07,05-31-2012,Commonwealth Bank of Australia
Q1-13,2012-04-12,5.79,05-31-2012,Commonwealth Bank of Australia
Q1-13,2012-05-11,6.0,05-31-2012,Commonwealth Bank of Australia
2013,2010-10-26,5.79,05-31-2012,Commonwealth Bank of Australia
2013,2010-11-26,5.79,05-31-2012,Commonwealth Bank of Australia
2013,2011-03-04,5.79,05-31-2012,Commonwealth Bank of Australia
2013,2011-04-08,5.79,05-31-2012,Commonwealth Bank of Australia
2013,2011-04-13,5.79,05-31-2012,Commonwealth Bank of Australia
2013,2011-04-27,5.79,05-31-2012,Commonwealth Bank of Australia
2013,2011-05-03,5.79,05-31-2012,Commonwealth Bank of Australia
2013,2011-06-03,5.79,05-31-2012,Commonwealth Bank of Australia
2013,2011-07-05,5.79,05-31-2012,Commonwealth Bank of Australia
2013,2011-08-12,5.79,05-31-2012,Commonwealth Bank of Australia
2013,2011-09-14,5.79,05-31-2012,Commonwealth Bank of Australia
2013,2011-10-28,5.79,05-31-2012,Commonwealth Bank of Australia
2013,2011-12-14,5.79,05-31-2012,Commonwealth Bank of Australia
2013,2012-01-24,5.79,05-31-2012,Commonwealth Bank of Australia
2013,2012-02-21,5.79,05-31-2012,Commonwealth Bank of Australia
2013,2012-02-29,5.79,05-31-2012,Commonwealth Bank of Australia
2013,2012-05-11,5.79,05-31-2012,Commonwealth Bank of Australia
2014,2011-12-14,5.56,05-31-2012,Commonwealth Bank of Australia
2014,2012-05-11,5.56,05-31-2012,Commonwealth Bank of Australia
Q4-08,2006-04-19,7.8,02-28-2008,Commonwealth Bank of Australia
2009,2006-04-19,7.7,02-28-2008,Commonwealth Bank of Australia
2010,2006-04-19,7.6,02-28-2008,Commonwealth Bank of Australia
Q4-15,2014-01-13,5.55,11-30-2015,Commonwealth Bank of Australia
Q4-15,2014-01-31,5.55,11-30-2015,Commonwealth Bank of Australia
Q4-15,2014-03-05,5.55,11-30-2015,Commonwealth Bank of Australia
Q4-15,2014-04-22,5.55,11-30-2015,Commonwealth Bank of Australia
Q4-15,2014-06-27,5.75,11-30-2015,Commonwealth Bank of Australia
Q4-15,2014-07-21,5.75,11-30-2015,Commonwealth Bank of Australia
Q4-15,2014-08-25,5.75,11-30-2015,Commonwealth Bank of Australia
Q4-15,2014-09-12,6.0,11-30-2015,Commonwealth Bank of Australia
Q4-15,2014-10-14,5.75,11-30-2015,Commonwealth Bank of Australia
Q4-15,2014-12-22,6.15,11-30-2015,Commonwealth Bank of Australia
Q4-15,2015-01-19,6.15,11-30-2015,Commonwealth Bank of Australia
Q4-15,2015-04-07,6.15,11-30-2015,Commonwealth Bank of Australia
Q4-15,2015-06-04,6.3,11-30-2015,Commonwealth Bank of Australia
Q4-15,2015-07-23,6.3,11-30-2015,Commonwealth Bank of Australia
Q4-15,2015-09-11,6.55,11-30-2015,Commonwealth Bank of Australia
Q4-15,2015-11-09,6.55,11-30-2015,Commonwealth Bank of Australia
Q1-16,2015-04-07,6.1,11-30-2015,Commonwealth Bank of Australia
Q1-16,2015-06-04,6.4,11-30-2015,Commonwealth Bank of Australia
Q1-16,2015-07-23,6.4,11-30-2015,Commonwealth Bank of Australia
Q1-16,2015-09-11,6.55,11-30-2015,Commonwealth Bank of Australia
Q1-16,2015-11-09,6.55,11-30-2015,Commonwealth Bank of Australia
Q2-16,2015-06-04,6.3,11-30-2015,Commonwealth Bank of Australia
Q2-16,2015-07-23,6.3,11-30-2015,Commonwealth Bank of Australia
Q2-16,2015-09-11,6.5,11-30-2015,Commonwealth Bank of Australia
Q2-16,2015-11-09,6.5,11-30-2015,Commonwealth Bank of Australia
Q3-16,2015-09-11,6.4,11-30-2015,Commonwealth Bank of Australia
Q3-16,2015-11-09,6.4,11-30-2015,Commonwealth Bank of Australia
2016,2014-03-05,5.45,11-30-2015,Commonwealth Bank of Australia
2016,2014-06-27,5.5,11-30-2015,Commonwealth Bank of Australia
2016,2014-07-21,5.5,11-30-2015,Commonwealth Bank of Australia
2016,2014-08-25,5.5,11-30-2015,Commonwealth Bank of Australia
2016,2014-09-12,5.75,11-30-2015,Commonwealth Bank of Australia
2016,2014-10-14,5.5,11-30-2015,Commonwealth Bank of Australia
2016,2015-01-19,5.8,11-30-2015,Commonwealth Bank of Australia
2016,2015-06-04,6.1,11-30-2015,Commonwealth Bank of Australia
2016,2015-07-23,6.1,11-30-2015,Commonwealth Bank of Australia
2016,2015-09-11,6.3,11-30-2015,Commonwealth Bank of Australia
2016,2015-11-09,6.3,11-30-2015,Commonwealth Bank of Australia
2017,2015-09-11,5.9,11-30-2015,Commonwealth Bank of Australia
2017,2015-11-09,5.8,11-30-2015,Commonwealth Bank of Australia
2018,2015-09-11,5.9,11-30-2015,Commonwealth Bank of Australia
2019,2015-09-11,5.9,11-30-2015,Commonwealth Bank of Australia
