period,change_date,change,file,company
Q2-07,2006-10-11,7.55,05-31-2007,Credit Suisse Group
Q2-07,2006-11-17,7.63,05-31-2007,Credit Suisse Group
Q2-07,2006-12-08,7.63,05-31-2007,Credit Suisse Group
Q2-07,2007-01-12,7.63,05-31-2007,Credit Suisse Group
Q2-07,2007-02-01,7.67,05-31-2007,Credit Suisse Group
Q2-07,2007-03-12,7.67,05-31-2007,Credit Suisse Group
Q2-07,2007-04-05,7.67,05-31-2007,Credit Suisse Group
Q2-07,2007-05-14,7.66,05-31-2007,Credit Suisse Group
Q3-07,2006-10-11,7.47,05-31-2007,Credit Suisse Group
Q3-07,2006-11-17,7.56,05-31-2007,Credit Suisse Group
Q3-07,2006-12-08,7.55,05-31-2007,Credit Suisse Group
Q3-07,2007-01-12,7.55,05-31-2007,Credit Suisse Group
Q3-07,2007-02-01,7.5,05-31-2007,Credit Suisse Group
Q3-07,2007-03-12,7.5,05-31-2007,Credit Suisse Group
Q3-07,2007-04-05,7.5,05-31-2007,Credit Suisse Group
Q3-07,2007-05-14,7.61,05-31-2007,Credit Suisse Group
Q4-07,2006-12-08,7.47,05-31-2007,Credit Suisse Group
Q4-07,2007-01-12,7.47,05-31-2007,Credit Suisse Group
Q4-07,2007-02-01,7.33,05-31-2007,Credit Suisse Group
Q4-07,2007-03-12,7.41,05-31-2007,Credit Suisse Group
Q4-07,2007-04-05,7.41,05-31-2007,Credit Suisse Group
Q4-07,2007-05-14,7.47,05-31-2007,Credit Suisse Group
Q1-08,2007-03-12,7.33,05-31-2007,Credit Suisse Group
Q1-08,2007-04-05,7.33,05-31-2007,Credit Suisse Group
Q1-08,2007-05-14,7.33,05-31-2007,Credit Suisse Group
Q2-11,2010-07-13,6.44,05-31-2011,Credit Suisse Group
Q2-11,2010-07-19,6.44,05-31-2011,Credit Suisse Group
Q2-11,2010-07-27,6.45,05-31-2011,Credit Suisse Group
Q2-11,2010-09-14,6.5,05-31-2011,Credit Suisse Group
Q2-11,2010-10-06,6.44,05-31-2011,Credit Suisse Group
Q2-11,2010-10-28,6.46,05-31-2011,Credit Suisse Group
Q2-11,2010-11-12,6.4,05-31-2011,Credit Suisse Group
Q2-11,2010-12-10,6.42,05-31-2011,Credit Suisse Group
Q2-11,2011-01-19,6.43,05-31-2011,Credit Suisse Group
Q2-11,2011-02-09,6.45,05-31-2011,Credit Suisse Group
Q2-11,2011-03-04,6.48,05-31-2011,Credit Suisse Group
Q2-11,2011-03-09,6.48,05-31-2011,Credit Suisse Group
Q2-11,2011-04-06,6.5,05-31-2011,Credit Suisse Group
Q2-11,2011-05-10,6.45,05-31-2011,Credit Suisse Group
Q3-11,2010-10-06,6.35,05-31-2011,Credit Suisse Group
Q3-11,2010-10-28,6.38,05-31-2011,Credit Suisse Group
Q3-11,2010-11-12,6.33,05-31-2011,Credit Suisse Group
Q3-11,2010-12-10,6.36,05-31-2011,Credit Suisse Group
Q3-11,2011-01-19,6.32,05-31-2011,Credit Suisse Group
Q3-11,2011-02-09,6.37,05-31-2011,Credit Suisse Group
Q3-11,2011-03-04,6.39,05-31-2011,Credit Suisse Group
Q3-11,2011-03-09,6.4,05-31-2011,Credit Suisse Group
Q3-11,2011-04-06,6.42,05-31-2011,Credit Suisse Group
Q3-11,2011-05-10,6.37,05-31-2011,Credit Suisse Group
Q4-11,2010-06-23,6.53,05-31-2011,Credit Suisse Group
Q4-11,2010-10-06,6.27,05-31-2011,Credit Suisse Group
Q4-11,2010-10-28,6.29,05-31-2011,Credit Suisse Group
Q4-11,2010-11-12,6.26,05-31-2011,Credit Suisse Group
Q4-11,2010-12-10,6.28,05-31-2011,Credit Suisse Group
Q4-11,2011-01-19,6.25,05-31-2011,Credit Suisse Group
Q4-11,2011-02-09,6.29,05-31-2011,Credit Suisse Group
Q4-11,2011-03-04,6.31,05-31-2011,Credit Suisse Group
Q4-11,2011-03-09,6.31,05-31-2011,Credit Suisse Group
Q4-11,2011-04-06,6.34,05-31-2011,Credit Suisse Group
Q4-11,2011-05-10,6.44,05-31-2011,Credit Suisse Group
Q1-12,2011-02-09,6.2,05-31-2011,Credit Suisse Group
Q1-12,2011-03-04,6.23,05-31-2011,Credit Suisse Group
Q1-12,2011-03-09,6.23,05-31-2011,Credit Suisse Group
Q1-12,2011-04-06,6.26,05-31-2011,Credit Suisse Group
Q1-12,2011-05-10,6.45,05-31-2011,Credit Suisse Group
Q4-16,2015-12-11,6.58,11-30-2016,Credit Suisse Group
Q4-16,2016-01-05,6.78,11-30-2016,Credit Suisse Group
Q4-16,2016-01-13,6.77,11-30-2016,Credit Suisse Group
Q4-16,2016-01-18,6.77,11-30-2016,Credit Suisse Group
Q4-16,2016-01-27,6.76,11-30-2016,Credit Suisse Group
Q4-16,2016-01-29,6.76,11-30-2016,Credit Suisse Group
Q4-16,2016-02-03,6.76,11-30-2016,Credit Suisse Group
Q4-16,2016-02-10,6.75,11-30-2016,Credit Suisse Group
Q4-16,2016-02-17,6.75,11-30-2016,Credit Suisse Group
Q4-16,2016-02-22,6.75,11-30-2016,Credit Suisse Group
Q4-16,2016-03-09,6.73,11-30-2016,Credit Suisse Group
Q4-16,2016-03-17,6.6,11-30-2016,Credit Suisse Group
Q4-16,2016-04-14,6.57,11-30-2016,Credit Suisse Group
Q4-16,2016-05-12,6.55,11-30-2016,Credit Suisse Group
Q4-16,2016-05-19,6.67,11-30-2016,Credit Suisse Group
Q4-16,2016-05-25,6.66,11-30-2016,Credit Suisse Group
Q4-16,2016-06-01,6.74,11-30-2016,Credit Suisse Group
Q4-16,2016-06-15,6.73,11-30-2016,Credit Suisse Group
Q4-16,2016-06-29,6.79,11-30-2016,Credit Suisse Group
Q4-16,2016-07-13,6.85,11-30-2016,Credit Suisse Group
Q4-16,2016-07-28,6.84,11-30-2016,Credit Suisse Group
Q4-16,2016-08-03,6.83,11-30-2016,Credit Suisse Group
Q4-16,2016-08-24,6.83,11-30-2016,Credit Suisse Group
Q4-16,2016-09-09,6.82,11-30-2016,Credit Suisse Group
Q4-16,2016-09-23,6.81,11-30-2016,Credit Suisse Group
Q4-16,2016-09-26,6.71,11-30-2016,Credit Suisse Group
Q4-16,2016-09-28,6.71,11-30-2016,Credit Suisse Group
Q4-16,2016-10-10,6.71,11-30-2016,Credit Suisse Group
Q4-16,2016-10-12,6.78,11-30-2016,Credit Suisse Group
Q4-16,2016-10-17,6.78,11-30-2016,Credit Suisse Group
Q4-16,2016-10-19,6.78,11-30-2016,Credit Suisse Group
Q4-16,2016-10-24,6.78,11-30-2016,Credit Suisse Group
Q4-16,2016-10-27,6.85,11-30-2016,Credit Suisse Group
Q4-16,2016-11-02,6.85,11-30-2016,Credit Suisse Group
Q4-16,2016-11-16,6.93,11-30-2016,Credit Suisse Group
Q4-16,2016-11-24,6.94,11-30-2016,Credit Suisse Group
Q4-16,2016-11-30,6.93,11-30-2016,Credit Suisse Group
Q1-17,2016-03-09,6.79,11-30-2016,Credit Suisse Group
Q1-17,2016-03-17,6.66,11-30-2016,Credit Suisse Group
Q1-17,2016-04-14,6.64,11-30-2016,Credit Suisse Group
Q1-17,2016-05-12,6.62,11-30-2016,Credit Suisse Group
Q1-17,2016-05-19,6.72,11-30-2016,Credit Suisse Group
Q1-17,2016-05-25,6.72,11-30-2016,Credit Suisse Group
Q1-17,2016-06-01,6.8,11-30-2016,Credit Suisse Group
Q1-17,2016-06-15,6.79,11-30-2016,Credit Suisse Group
Q1-17,2016-06-29,6.87,11-30-2016,Credit Suisse Group
Q1-17,2016-07-13,6.89,11-30-2016,Credit Suisse Group
Q1-17,2016-07-28,6.88,11-30-2016,Credit Suisse Group
Q1-17,2016-08-03,6.88,11-30-2016,Credit Suisse Group
Q1-17,2016-08-24,6.86,11-30-2016,Credit Suisse Group
Q1-17,2016-09-09,6.86,11-30-2016,Credit Suisse Group
Q1-17,2016-09-23,6.85,11-30-2016,Credit Suisse Group
Q1-17,2016-09-26,6.74,11-30-2016,Credit Suisse Group
Q1-17,2016-09-28,6.74,11-30-2016,Credit Suisse Group
Q1-17,2016-10-10,6.74,11-30-2016,Credit Suisse Group
Q1-17,2016-10-12,6.81,11-30-2016,Credit Suisse Group
Q1-17,2016-10-17,6.81,11-30-2016,Credit Suisse Group
Q1-17,2016-10-19,6.81,11-30-2016,Credit Suisse Group
Q1-17,2016-10-24,6.81,11-30-2016,Credit Suisse Group
Q1-17,2016-10-27,6.96,11-30-2016,Credit Suisse Group
Q1-17,2016-11-02,6.95,11-30-2016,Credit Suisse Group
Q1-17,2016-11-16,7.07,11-30-2016,Credit Suisse Group
Q1-17,2016-11-24,7.05,11-30-2016,Credit Suisse Group
Q1-17,2016-11-30,7.05,11-30-2016,Credit Suisse Group
Q2-17,2016-06-01,6.87,11-30-2016,Credit Suisse Group
Q2-17,2016-06-15,6.86,11-30-2016,Credit Suisse Group
Q2-17,2016-06-29,6.95,11-30-2016,Credit Suisse Group
Q2-17,2016-07-13,6.94,11-30-2016,Credit Suisse Group
Q2-17,2016-07-28,6.93,11-30-2016,Credit Suisse Group
Q2-17,2016-08-03,6.93,11-30-2016,Credit Suisse Group
Q2-17,2016-08-24,6.91,11-30-2016,Credit Suisse Group
Q2-17,2016-09-09,6.9,11-30-2016,Credit Suisse Group
Q2-17,2016-09-23,6.9,11-30-2016,Credit Suisse Group
Q2-17,2016-09-26,6.77,11-30-2016,Credit Suisse Group
Q2-17,2016-09-28,6.77,11-30-2016,Credit Suisse Group
Q2-17,2016-10-10,6.77,11-30-2016,Credit Suisse Group
Q2-17,2016-10-12,6.83,11-30-2016,Credit Suisse Group
Q2-17,2016-10-17,6.83,11-30-2016,Credit Suisse Group
Q2-17,2016-10-19,6.83,11-30-2016,Credit Suisse Group
Q2-17,2016-10-24,6.83,11-30-2016,Credit Suisse Group
Q2-17,2016-10-27,7.03,11-30-2016,Credit Suisse Group
Q2-17,2016-11-02,7.03,11-30-2016,Credit Suisse Group
Q2-17,2016-11-16,7.17,11-30-2016,Credit Suisse Group
Q2-17,2016-11-24,7.16,11-30-2016,Credit Suisse Group
Q2-17,2016-11-30,7.15,11-30-2016,Credit Suisse Group
Q3-17,2016-09-09,6.96,11-30-2016,Credit Suisse Group
Q3-17,2016-09-23,6.95,11-30-2016,Credit Suisse Group
Q3-17,2016-09-26,6.8,11-30-2016,Credit Suisse Group
Q3-17,2016-09-28,6.8,11-30-2016,Credit Suisse Group
Q3-17,2016-10-10,6.8,11-30-2016,Credit Suisse Group
Q3-17,2016-10-12,6.86,11-30-2016,Credit Suisse Group
Q3-17,2016-10-17,6.86,11-30-2016,Credit Suisse Group
Q3-17,2016-10-19,6.85,11-30-2016,Credit Suisse Group
Q3-17,2016-10-24,6.85,11-30-2016,Credit Suisse Group
Q3-17,2016-10-27,7.12,11-30-2016,Credit Suisse Group
Q3-17,2016-11-02,7.12,11-30-2016,Credit Suisse Group
Q3-17,2016-11-16,7.27,11-30-2016,Credit Suisse Group
Q3-17,2016-11-24,7.27,11-30-2016,Credit Suisse Group
Q3-17,2016-11-30,7.26,11-30-2016,Credit Suisse Group
Q1-11,2010-04-14,6.44,02-28-2011,Credit Suisse Group
Q1-11,2010-05-05,6.47,02-28-2011,Credit Suisse Group
Q1-11,2010-05-19,6.48,02-28-2011,Credit Suisse Group
Q1-11,2010-06-23,6.66,02-28-2011,Credit Suisse Group
Q1-11,2010-07-13,6.56,02-28-2011,Credit Suisse Group
Q1-11,2010-07-19,6.53,02-28-2011,Credit Suisse Group
Q1-11,2010-07-27,6.54,02-28-2011,Credit Suisse Group
Q1-11,2010-09-14,6.59,02-28-2011,Credit Suisse Group
Q1-11,2010-10-06,6.52,02-28-2011,Credit Suisse Group
Q1-11,2010-10-28,6.54,02-28-2011,Credit Suisse Group
Q1-11,2010-11-12,6.46,02-28-2011,Credit Suisse Group
Q1-11,2010-12-10,6.48,02-28-2011,Credit Suisse Group
Q1-11,2011-01-19,6.5,02-28-2011,Credit Suisse Group
Q1-11,2011-02-09,6.54,02-28-2011,Credit Suisse Group
Q2-11,2010-07-13,6.44,02-28-2011,Credit Suisse Group
Q2-11,2010-07-19,6.44,02-28-2011,Credit Suisse Group
Q2-11,2010-07-27,6.45,02-28-2011,Credit Suisse Group
Q2-11,2010-09-14,6.5,02-28-2011,Credit Suisse Group
Q2-11,2010-10-06,6.44,02-28-2011,Credit Suisse Group
Q2-11,2010-10-28,6.46,02-28-2011,Credit Suisse Group
Q2-11,2010-11-12,6.4,02-28-2011,Credit Suisse Group
Q2-11,2010-12-10,6.42,02-28-2011,Credit Suisse Group
Q2-11,2011-01-19,6.43,02-28-2011,Credit Suisse Group
Q2-11,2011-02-09,6.45,02-28-2011,Credit Suisse Group
Q3-11,2010-10-06,6.35,02-28-2011,Credit Suisse Group
Q3-11,2010-10-28,6.38,02-28-2011,Credit Suisse Group
Q3-11,2010-11-12,6.33,02-28-2011,Credit Suisse Group
Q3-11,2010-12-10,6.36,02-28-2011,Credit Suisse Group
Q3-11,2011-01-19,6.32,02-28-2011,Credit Suisse Group
Q3-11,2011-02-09,6.37,02-28-2011,Credit Suisse Group
Q4-11,2010-06-23,6.53,02-28-2011,Credit Suisse Group
Q4-11,2010-10-06,6.27,02-28-2011,Credit Suisse Group
Q4-11,2010-10-28,6.29,02-28-2011,Credit Suisse Group
Q4-11,2010-11-12,6.26,02-28-2011,Credit Suisse Group
Q4-11,2010-12-10,6.28,02-28-2011,Credit Suisse Group
Q4-11,2011-01-19,6.25,02-28-2011,Credit Suisse Group
Q4-11,2011-02-09,6.29,02-28-2011,Credit Suisse Group
Q3-16,2015-09-21,6.81,08-31-2016,Credit Suisse Group
Q3-16,2015-09-23,6.81,08-31-2016,Credit Suisse Group
Q3-16,2015-09-30,6.8,08-31-2016,Credit Suisse Group
Q3-16,2015-10-07,6.79,08-31-2016,Credit Suisse Group
Q3-16,2015-10-14,6.79,08-31-2016,Credit Suisse Group
Q3-16,2015-10-28,6.77,08-31-2016,Credit Suisse Group
Q3-16,2015-11-02,6.77,08-31-2016,Credit Suisse Group
Q3-16,2015-11-04,6.77,08-31-2016,Credit Suisse Group
Q3-16,2015-11-12,6.55,08-31-2016,Credit Suisse Group
Q3-16,2015-11-16,6.55,08-31-2016,Credit Suisse Group
Q3-16,2015-11-23,6.55,08-31-2016,Credit Suisse Group
Q3-16,2015-11-25,6.55,08-31-2016,Credit Suisse Group
Q3-16,2015-12-11,6.54,08-31-2016,Credit Suisse Group
Q3-16,2016-01-05,6.72,08-31-2016,Credit Suisse Group
Q3-16,2016-01-13,6.72,08-31-2016,Credit Suisse Group
Q3-16,2016-01-18,6.72,08-31-2016,Credit Suisse Group
Q3-16,2016-01-27,6.71,08-31-2016,Credit Suisse Group
Q3-16,2016-01-29,6.71,08-31-2016,Credit Suisse Group
Q3-16,2016-02-03,6.71,08-31-2016,Credit Suisse Group
Q3-16,2016-02-10,6.7,08-31-2016,Credit Suisse Group
Q3-16,2016-02-17,6.69,08-31-2016,Credit Suisse Group
Q3-16,2016-02-22,6.69,08-31-2016,Credit Suisse Group
Q3-16,2016-03-09,6.68,08-31-2016,Credit Suisse Group
Q3-16,2016-03-17,6.52,08-31-2016,Credit Suisse Group
Q3-16,2016-04-14,6.49,08-31-2016,Credit Suisse Group
Q3-16,2016-05-12,6.45,08-31-2016,Credit Suisse Group
Q3-16,2016-05-19,6.62,08-31-2016,Credit Suisse Group
Q3-16,2016-05-25,6.61,08-31-2016,Credit Suisse Group
Q3-16,2016-06-01,6.67,08-31-2016,Credit Suisse Group
Q3-16,2016-06-15,6.66,08-31-2016,Credit Suisse Group
Q3-16,2016-06-29,6.71,08-31-2016,Credit Suisse Group
Q3-16,2016-07-13,6.79,08-31-2016,Credit Suisse Group
Q3-16,2016-07-28,6.77,08-31-2016,Credit Suisse Group
Q3-16,2016-08-03,6.77,08-31-2016,Credit Suisse Group
Q3-16,2016-08-24,6.71,08-31-2016,Credit Suisse Group
Q4-16,2015-12-11,6.58,08-31-2016,Credit Suisse Group
Q4-16,2016-01-05,6.78,08-31-2016,Credit Suisse Group
Q4-16,2016-01-13,6.77,08-31-2016,Credit Suisse Group
Q4-16,2016-01-18,6.77,08-31-2016,Credit Suisse Group
Q4-16,2016-01-27,6.76,08-31-2016,Credit Suisse Group
Q4-16,2016-01-29,6.76,08-31-2016,Credit Suisse Group
Q4-16,2016-02-03,6.76,08-31-2016,Credit Suisse Group
Q4-16,2016-02-10,6.75,08-31-2016,Credit Suisse Group
Q4-16,2016-02-17,6.75,08-31-2016,Credit Suisse Group
Q4-16,2016-02-22,6.75,08-31-2016,Credit Suisse Group
Q4-16,2016-03-09,6.73,08-31-2016,Credit Suisse Group
Q4-16,2016-03-17,6.6,08-31-2016,Credit Suisse Group
Q4-16,2016-04-14,6.57,08-31-2016,Credit Suisse Group
Q4-16,2016-05-12,6.55,08-31-2016,Credit Suisse Group
Q4-16,2016-05-19,6.67,08-31-2016,Credit Suisse Group
Q4-16,2016-05-25,6.66,08-31-2016,Credit Suisse Group
Q4-16,2016-06-01,6.74,08-31-2016,Credit Suisse Group
Q4-16,2016-06-15,6.73,08-31-2016,Credit Suisse Group
Q4-16,2016-06-29,6.79,08-31-2016,Credit Suisse Group
Q4-16,2016-07-13,6.85,08-31-2016,Credit Suisse Group
Q4-16,2016-07-28,6.84,08-31-2016,Credit Suisse Group
Q4-16,2016-08-03,6.83,08-31-2016,Credit Suisse Group
Q4-16,2016-08-24,6.83,08-31-2016,Credit Suisse Group
Q1-17,2016-03-09,6.79,08-31-2016,Credit Suisse Group
Q1-17,2016-03-17,6.66,08-31-2016,Credit Suisse Group
Q1-17,2016-04-14,6.64,08-31-2016,Credit Suisse Group
Q1-17,2016-05-12,6.62,08-31-2016,Credit Suisse Group
Q1-17,2016-05-19,6.72,08-31-2016,Credit Suisse Group
Q1-17,2016-05-25,6.72,08-31-2016,Credit Suisse Group
Q1-17,2016-06-01,6.8,08-31-2016,Credit Suisse Group
Q1-17,2016-06-15,6.79,08-31-2016,Credit Suisse Group
Q1-17,2016-06-29,6.87,08-31-2016,Credit Suisse Group
Q1-17,2016-07-13,6.89,08-31-2016,Credit Suisse Group
Q1-17,2016-07-28,6.88,08-31-2016,Credit Suisse Group
Q1-17,2016-08-03,6.88,08-31-2016,Credit Suisse Group
Q1-17,2016-08-24,6.86,08-31-2016,Credit Suisse Group
Q2-17,2016-06-01,6.87,08-31-2016,Credit Suisse Group
Q2-17,2016-06-15,6.86,08-31-2016,Credit Suisse Group
Q2-17,2016-06-29,6.95,08-31-2016,Credit Suisse Group
Q2-17,2016-07-13,6.94,08-31-2016,Credit Suisse Group
Q2-17,2016-07-28,6.93,08-31-2016,Credit Suisse Group
Q2-17,2016-08-03,6.93,08-31-2016,Credit Suisse Group
Q2-17,2016-08-24,6.91,08-31-2016,Credit Suisse Group
Q1-07,2006-10-11,7.63,02-28-2007,Credit Suisse Group
Q1-07,2006-11-17,7.78,02-28-2007,Credit Suisse Group
Q1-07,2006-12-08,7.78,02-28-2007,Credit Suisse Group
Q1-07,2007-01-12,7.78,02-28-2007,Credit Suisse Group
Q1-07,2007-02-01,7.74,02-28-2007,Credit Suisse Group
Q2-07,2006-10-11,7.55,02-28-2007,Credit Suisse Group
Q2-07,2006-11-17,7.63,02-28-2007,Credit Suisse Group
Q2-07,2006-12-08,7.63,02-28-2007,Credit Suisse Group
Q2-07,2007-01-12,7.63,02-28-2007,Credit Suisse Group
Q2-07,2007-02-01,7.67,02-28-2007,Credit Suisse Group
Q3-07,2006-10-11,7.47,02-28-2007,Credit Suisse Group
Q3-07,2006-11-17,7.56,02-28-2007,Credit Suisse Group
Q3-07,2006-12-08,7.55,02-28-2007,Credit Suisse Group
Q3-07,2007-01-12,7.55,02-28-2007,Credit Suisse Group
Q3-07,2007-02-01,7.5,02-28-2007,Credit Suisse Group
Q4-07,2006-12-08,7.47,02-28-2007,Credit Suisse Group
Q4-07,2007-01-12,7.47,02-28-2007,Credit Suisse Group
Q4-07,2007-02-01,7.33,02-28-2007,Credit Suisse Group
Q3-17,2016-09-09,6.96,08-31-2017,Credit Suisse Group
Q3-17,2016-09-23,6.95,08-31-2017,Credit Suisse Group
Q3-17,2016-09-26,6.8,08-31-2017,Credit Suisse Group
Q3-17,2016-09-28,6.8,08-31-2017,Credit Suisse Group
Q3-17,2016-10-10,6.8,08-31-2017,Credit Suisse Group
Q3-17,2016-10-12,6.86,08-31-2017,Credit Suisse Group
Q3-17,2016-10-17,6.86,08-31-2017,Credit Suisse Group
Q3-17,2016-10-19,6.85,08-31-2017,Credit Suisse Group
Q3-17,2016-10-24,6.85,08-31-2017,Credit Suisse Group
Q3-17,2016-10-27,7.12,08-31-2017,Credit Suisse Group
Q3-17,2016-11-02,7.12,08-31-2017,Credit Suisse Group
Q3-17,2016-11-16,7.27,08-31-2017,Credit Suisse Group
Q3-17,2016-11-24,7.27,08-31-2017,Credit Suisse Group
Q3-17,2016-11-30,7.26,08-31-2017,Credit Suisse Group
Q3-17,2016-12-19,7.25,08-31-2017,Credit Suisse Group
Q3-17,2017-01-11,7.22,08-31-2017,Credit Suisse Group
Q3-17,2017-01-18,7.21,08-31-2017,Credit Suisse Group
Q3-17,2017-02-01,7.2,08-31-2017,Credit Suisse Group
Q3-17,2017-02-08,7.19,08-31-2017,Credit Suisse Group
Q3-17,2017-02-13,7.19,08-31-2017,Credit Suisse Group
Q3-17,2017-02-15,7.19,08-31-2017,Credit Suisse Group
Q3-17,2017-02-17,7.19,08-31-2017,Credit Suisse Group
Q3-17,2017-02-22,7.18,08-31-2017,Credit Suisse Group
Q3-17,2017-03-02,7.17,08-31-2017,Credit Suisse Group
Q3-17,2017-03-08,7.06,08-31-2017,Credit Suisse Group
Q3-17,2017-03-15,7.06,08-31-2017,Credit Suisse Group
Q3-17,2017-03-21,7.05,08-31-2017,Credit Suisse Group
Q3-17,2017-03-22,7.05,08-31-2017,Credit Suisse Group
Q3-17,2017-04-03,7.04,08-31-2017,Credit Suisse Group
Q3-17,2017-04-05,7.04,08-31-2017,Credit Suisse Group
Q3-17,2017-04-12,7.04,08-31-2017,Credit Suisse Group
Q3-17,2017-04-19,7.03,08-31-2017,Credit Suisse Group
Q3-17,2017-04-26,7.03,08-31-2017,Credit Suisse Group
Q3-17,2017-05-04,7.02,08-31-2017,Credit Suisse Group
Q3-17,2017-05-10,7.02,08-31-2017,Credit Suisse Group
Q3-17,2017-05-18,6.9,08-31-2017,Credit Suisse Group
Q3-17,2017-05-24,6.9,08-31-2017,Credit Suisse Group
Q3-17,2017-05-31,6.9,08-31-2017,Credit Suisse Group
Q3-17,2017-06-07,6.75,08-31-2017,Credit Suisse Group
Q3-17,2017-06-14,6.75,08-31-2017,Credit Suisse Group
Q3-17,2017-06-21,6.75,08-31-2017,Credit Suisse Group
Q3-17,2017-07-07,6.75,08-31-2017,Credit Suisse Group
Q3-17,2017-07-11,6.75,08-31-2017,Credit Suisse Group
Q3-17,2017-07-19,6.75,08-31-2017,Credit Suisse Group
Q3-17,2017-07-26,6.72,08-31-2017,Credit Suisse Group
Q3-17,2017-08-02,6.71,08-31-2017,Credit Suisse Group
Q3-17,2017-08-09,6.71,08-31-2017,Credit Suisse Group
Q4-17,2016-12-19,7.32,08-31-2017,Credit Suisse Group
Q4-17,2017-01-11,7.32,08-31-2017,Credit Suisse Group
Q4-17,2017-01-18,7.31,08-31-2017,Credit Suisse Group
Q4-17,2017-02-01,7.3,08-31-2017,Credit Suisse Group
Q4-17,2017-02-08,7.29,08-31-2017,Credit Suisse Group
Q4-17,2017-02-13,7.28,08-31-2017,Credit Suisse Group
Q4-17,2017-02-15,7.28,08-31-2017,Credit Suisse Group
Q4-17,2017-02-17,7.28,08-31-2017,Credit Suisse Group
Q4-17,2017-02-22,7.27,08-31-2017,Credit Suisse Group
Q4-17,2017-03-02,7.26,08-31-2017,Credit Suisse Group
Q4-17,2017-03-08,7.13,08-31-2017,Credit Suisse Group
Q4-17,2017-03-15,7.12,08-31-2017,Credit Suisse Group
Q4-17,2017-03-21,7.12,08-31-2017,Credit Suisse Group
Q4-17,2017-03-22,7.12,08-31-2017,Credit Suisse Group
Q4-17,2017-04-03,7.11,08-31-2017,Credit Suisse Group
Q4-17,2017-04-05,7.11,08-31-2017,Credit Suisse Group
Q4-17,2017-04-12,7.1,08-31-2017,Credit Suisse Group
Q4-17,2017-04-19,7.1,08-31-2017,Credit Suisse Group
Q4-17,2017-04-26,7.09,08-31-2017,Credit Suisse Group
Q4-17,2017-05-04,7.08,08-31-2017,Credit Suisse Group
Q4-17,2017-05-10,7.08,08-31-2017,Credit Suisse Group
Q4-17,2017-05-18,6.97,08-31-2017,Credit Suisse Group
Q4-17,2017-05-24,6.96,08-31-2017,Credit Suisse Group
Q4-17,2017-05-31,6.96,08-31-2017,Credit Suisse Group
Q4-17,2017-06-07,6.83,08-31-2017,Credit Suisse Group
Q4-17,2017-06-14,6.83,08-31-2017,Credit Suisse Group
Q4-17,2017-06-21,6.82,08-31-2017,Credit Suisse Group
Q4-17,2017-07-07,6.8,08-31-2017,Credit Suisse Group
Q4-17,2017-07-11,6.8,08-31-2017,Credit Suisse Group
Q4-17,2017-07-19,6.79,08-31-2017,Credit Suisse Group
Q4-17,2017-07-26,6.71,08-31-2017,Credit Suisse Group
Q4-17,2017-08-02,6.71,08-31-2017,Credit Suisse Group
Q4-17,2017-08-09,6.71,08-31-2017,Credit Suisse Group
Q1-18,2017-03-02,7.36,08-31-2017,Credit Suisse Group
Q1-18,2017-03-08,7.2,08-31-2017,Credit Suisse Group
Q1-18,2017-03-15,7.19,08-31-2017,Credit Suisse Group
Q1-18,2017-03-21,7.19,08-31-2017,Credit Suisse Group
Q1-18,2017-03-22,7.19,08-31-2017,Credit Suisse Group
Q1-18,2017-04-03,7.18,08-31-2017,Credit Suisse Group
Q1-18,2017-04-05,7.18,08-31-2017,Credit Suisse Group
Q1-18,2017-04-12,7.17,08-31-2017,Credit Suisse Group
Q1-18,2017-04-19,7.17,08-31-2017,Credit Suisse Group
Q1-18,2017-04-26,7.16,08-31-2017,Credit Suisse Group
Q1-18,2017-05-04,7.15,08-31-2017,Credit Suisse Group
Q1-18,2017-05-10,7.15,08-31-2017,Credit Suisse Group
Q1-18,2017-05-18,7.02,08-31-2017,Credit Suisse Group
Q1-18,2017-05-24,7.02,08-31-2017,Credit Suisse Group
Q1-18,2017-05-31,7.01,08-31-2017,Credit Suisse Group
Q1-18,2017-06-07,6.89,08-31-2017,Credit Suisse Group
Q1-18,2017-06-14,6.89,08-31-2017,Credit Suisse Group
Q1-18,2017-06-21,6.89,08-31-2017,Credit Suisse Group
Q1-18,2017-07-07,6.87,08-31-2017,Credit Suisse Group
Q1-18,2017-07-11,6.87,08-31-2017,Credit Suisse Group
Q1-18,2017-07-19,6.86,08-31-2017,Credit Suisse Group
Q1-18,2017-07-26,6.73,08-31-2017,Credit Suisse Group
Q1-18,2017-08-02,6.72,08-31-2017,Credit Suisse Group
Q1-18,2017-08-09,6.72,08-31-2017,Credit Suisse Group
Q2-18,2017-06-07,6.94,08-31-2017,Credit Suisse Group
Q2-18,2017-06-14,6.94,08-31-2017,Credit Suisse Group
Q2-18,2017-06-21,6.93,08-31-2017,Credit Suisse Group
Q2-18,2017-07-07,6.93,08-31-2017,Credit Suisse Group
Q2-18,2017-07-11,6.92,08-31-2017,Credit Suisse Group
Q2-18,2017-07-19,6.92,08-31-2017,Credit Suisse Group
Q2-18,2017-07-26,6.73,08-31-2017,Credit Suisse Group
Q2-18,2017-08-02,6.73,08-31-2017,Credit Suisse Group
Q2-18,2017-08-09,6.73,08-31-2017,Credit Suisse Group
Q1-10,2009-04-07,6.8,02-28-2010,Credit Suisse Group
Q1-10,2009-05-11,6.81,02-28-2010,Credit Suisse Group
Q1-10,2009-08-05,6.77,02-28-2010,Credit Suisse Group
Q1-10,2009-08-10,6.82,02-28-2010,Credit Suisse Group
Q1-10,2009-09-07,6.83,02-28-2010,Credit Suisse Group
Q1-10,2009-09-15,6.83,02-28-2010,Credit Suisse Group
Q1-10,2009-10-27,6.78,02-28-2010,Credit Suisse Group
Q1-10,2009-11-19,6.81,02-28-2010,Credit Suisse Group
Q1-10,2009-12-22,6.85,02-28-2010,Credit Suisse Group
Q1-10,2010-02-18,6.84,02-28-2010,Credit Suisse Group
Q2-10,2009-08-05,6.82,02-28-2010,Credit Suisse Group
Q2-10,2009-08-10,6.81,02-28-2010,Credit Suisse Group
Q2-10,2009-09-15,6.81,02-28-2010,Credit Suisse Group
Q2-10,2009-10-27,6.64,02-28-2010,Credit Suisse Group
Q2-10,2009-11-19,6.67,02-28-2010,Credit Suisse Group
Q2-10,2009-12-22,6.72,02-28-2010,Credit Suisse Group
Q2-10,2010-02-18,6.81,02-28-2010,Credit Suisse Group
Q3-10,2009-09-07,6.8,02-28-2010,Credit Suisse Group
Q3-10,2009-10-27,6.53,02-28-2010,Credit Suisse Group
Q3-10,2009-11-19,6.55,02-28-2010,Credit Suisse Group
Q3-10,2009-12-22,6.59,02-28-2010,Credit Suisse Group
Q3-10,2010-02-18,6.67,02-28-2010,Credit Suisse Group
Q4-10,2009-08-05,6.77,02-28-2010,Credit Suisse Group
Q4-10,2010-02-18,6.55,02-28-2010,Credit Suisse Group
Q4-17,2016-12-19,7.32,11-30-2017,Credit Suisse Group
Q4-17,2017-01-11,7.32,11-30-2017,Credit Suisse Group
Q4-17,2017-01-18,7.31,11-30-2017,Credit Suisse Group
Q4-17,2017-02-01,7.3,11-30-2017,Credit Suisse Group
Q4-17,2017-02-08,7.29,11-30-2017,Credit Suisse Group
Q4-17,2017-02-13,7.28,11-30-2017,Credit Suisse Group
Q4-17,2017-02-15,7.28,11-30-2017,Credit Suisse Group
Q4-17,2017-02-17,7.28,11-30-2017,Credit Suisse Group
Q4-17,2017-02-22,7.27,11-30-2017,Credit Suisse Group
Q4-17,2017-03-02,7.26,11-30-2017,Credit Suisse Group
Q4-17,2017-03-08,7.13,11-30-2017,Credit Suisse Group
Q4-17,2017-03-15,7.12,11-30-2017,Credit Suisse Group
Q4-17,2017-03-21,7.12,11-30-2017,Credit Suisse Group
Q4-17,2017-03-22,7.12,11-30-2017,Credit Suisse Group
Q4-17,2017-04-03,7.11,11-30-2017,Credit Suisse Group
Q4-17,2017-04-05,7.11,11-30-2017,Credit Suisse Group
Q4-17,2017-04-12,7.1,11-30-2017,Credit Suisse Group
Q4-17,2017-04-19,7.1,11-30-2017,Credit Suisse Group
Q4-17,2017-04-26,7.09,11-30-2017,Credit Suisse Group
Q4-17,2017-05-04,7.08,11-30-2017,Credit Suisse Group
Q4-17,2017-05-10,7.08,11-30-2017,Credit Suisse Group
Q4-17,2017-05-18,6.97,11-30-2017,Credit Suisse Group
Q4-17,2017-05-24,6.96,11-30-2017,Credit Suisse Group
Q4-17,2017-05-31,6.96,11-30-2017,Credit Suisse Group
Q4-17,2017-06-07,6.83,11-30-2017,Credit Suisse Group
Q4-17,2017-06-14,6.83,11-30-2017,Credit Suisse Group
Q4-17,2017-06-21,6.82,11-30-2017,Credit Suisse Group
Q4-17,2017-07-07,6.8,11-30-2017,Credit Suisse Group
Q4-17,2017-07-11,6.8,11-30-2017,Credit Suisse Group
Q4-17,2017-07-19,6.79,11-30-2017,Credit Suisse Group
Q4-17,2017-07-26,6.71,11-30-2017,Credit Suisse Group
Q4-17,2017-08-02,6.71,11-30-2017,Credit Suisse Group
Q4-17,2017-08-09,6.71,11-30-2017,Credit Suisse Group
Q4-17,2017-09-14,6.44,11-30-2017,Credit Suisse Group
Q4-17,2017-10-02,6.45,11-30-2017,Credit Suisse Group
Q4-17,2017-10-04,6.46,11-30-2017,Credit Suisse Group
Q4-17,2017-10-25,6.5,11-30-2017,Credit Suisse Group
Q4-17,2017-11-02,6.51,11-30-2017,Credit Suisse Group
Q4-17,2017-11-14,6.53,11-30-2017,Credit Suisse Group
Q4-17,2017-11-15,6.54,11-30-2017,Credit Suisse Group
Q4-17,2017-11-28,6.57,11-30-2017,Credit Suisse Group
Q4-17,2017-11-29,6.57,11-30-2017,Credit Suisse Group
Q1-18,2017-03-02,7.36,11-30-2017,Credit Suisse Group
Q1-18,2017-03-08,7.2,11-30-2017,Credit Suisse Group
Q1-18,2017-03-15,7.19,11-30-2017,Credit Suisse Group
Q1-18,2017-03-21,7.19,11-30-2017,Credit Suisse Group
Q1-18,2017-03-22,7.19,11-30-2017,Credit Suisse Group
Q1-18,2017-04-03,7.18,11-30-2017,Credit Suisse Group
Q1-18,2017-04-05,7.18,11-30-2017,Credit Suisse Group
Q1-18,2017-04-12,7.17,11-30-2017,Credit Suisse Group
Q1-18,2017-04-19,7.17,11-30-2017,Credit Suisse Group
Q1-18,2017-04-26,7.16,11-30-2017,Credit Suisse Group
Q1-18,2017-05-04,7.15,11-30-2017,Credit Suisse Group
Q1-18,2017-05-10,7.15,11-30-2017,Credit Suisse Group
Q1-18,2017-05-18,7.02,11-30-2017,Credit Suisse Group
Q1-18,2017-05-24,7.02,11-30-2017,Credit Suisse Group
Q1-18,2017-05-31,7.01,11-30-2017,Credit Suisse Group
Q1-18,2017-06-07,6.89,11-30-2017,Credit Suisse Group
Q1-18,2017-06-14,6.89,11-30-2017,Credit Suisse Group
Q1-18,2017-06-21,6.89,11-30-2017,Credit Suisse Group
Q1-18,2017-07-07,6.87,11-30-2017,Credit Suisse Group
Q1-18,2017-07-11,6.87,11-30-2017,Credit Suisse Group
Q1-18,2017-07-19,6.86,11-30-2017,Credit Suisse Group
Q1-18,2017-07-26,6.73,11-30-2017,Credit Suisse Group
Q1-18,2017-08-02,6.72,11-30-2017,Credit Suisse Group
Q1-18,2017-08-09,6.72,11-30-2017,Credit Suisse Group
Q1-18,2017-09-14,6.47,11-30-2017,Credit Suisse Group
Q1-18,2017-10-02,6.47,11-30-2017,Credit Suisse Group
Q1-18,2017-10-04,6.46,11-30-2017,Credit Suisse Group
Q1-18,2017-10-25,6.45,11-30-2017,Credit Suisse Group
Q1-18,2017-11-02,6.44,11-30-2017,Credit Suisse Group
Q1-18,2017-11-14,6.44,11-30-2017,Credit Suisse Group
Q1-18,2017-11-15,6.44,11-30-2017,Credit Suisse Group
Q1-18,2017-11-28,6.43,11-30-2017,Credit Suisse Group
Q1-18,2017-11-29,6.43,11-30-2017,Credit Suisse Group
Q2-18,2017-06-07,6.94,11-30-2017,Credit Suisse Group
Q2-18,2017-06-14,6.94,11-30-2017,Credit Suisse Group
Q2-18,2017-06-21,6.93,11-30-2017,Credit Suisse Group
Q2-18,2017-07-07,6.93,11-30-2017,Credit Suisse Group
Q2-18,2017-07-11,6.92,11-30-2017,Credit Suisse Group
Q2-18,2017-07-19,6.92,11-30-2017,Credit Suisse Group
Q2-18,2017-07-26,6.73,11-30-2017,Credit Suisse Group
Q2-18,2017-08-02,6.73,11-30-2017,Credit Suisse Group
Q2-18,2017-08-09,6.73,11-30-2017,Credit Suisse Group
Q2-18,2017-09-14,6.5,11-30-2017,Credit Suisse Group
Q2-18,2017-10-02,6.5,11-30-2017,Credit Suisse Group
Q2-18,2017-10-04,6.5,11-30-2017,Credit Suisse Group
Q2-18,2017-10-25,6.5,11-30-2017,Credit Suisse Group
Q2-18,2017-11-02,6.49,11-30-2017,Credit Suisse Group
Q2-18,2017-11-14,6.49,11-30-2017,Credit Suisse Group
Q2-18,2017-11-15,6.49,11-30-2017,Credit Suisse Group
Q2-18,2017-11-28,6.48,11-30-2017,Credit Suisse Group
Q2-18,2017-11-29,6.48,11-30-2017,Credit Suisse Group
Q3-18,2017-09-14,6.5,11-30-2017,Credit Suisse Group
Q3-18,2017-10-02,6.5,11-30-2017,Credit Suisse Group
Q3-18,2017-10-04,6.5,11-30-2017,Credit Suisse Group
Q3-18,2017-10-25,6.5,11-30-2017,Credit Suisse Group
Q3-18,2017-11-02,6.5,11-30-2017,Credit Suisse Group
Q3-18,2017-11-14,6.5,11-30-2017,Credit Suisse Group
Q3-18,2017-11-15,6.5,11-30-2017,Credit Suisse Group
Q3-18,2017-11-28,6.5,11-30-2017,Credit Suisse Group
Q3-18,2017-11-29,6.5,11-30-2017,Credit Suisse Group
Q2-10,2009-08-05,6.82,05-31-2010,Credit Suisse Group
Q2-10,2009-08-10,6.81,05-31-2010,Credit Suisse Group
Q2-10,2009-09-15,6.81,05-31-2010,Credit Suisse Group
Q2-10,2009-10-27,6.64,05-31-2010,Credit Suisse Group
Q2-10,2009-11-19,6.67,05-31-2010,Credit Suisse Group
Q2-10,2009-12-22,6.72,05-31-2010,Credit Suisse Group
Q2-10,2010-02-18,6.81,05-31-2010,Credit Suisse Group
Q2-10,2010-04-14,6.81,05-31-2010,Credit Suisse Group
Q2-10,2010-05-05,6.81,05-31-2010,Credit Suisse Group
Q2-10,2010-05-19,6.82,05-31-2010,Credit Suisse Group
Q3-10,2009-09-07,6.8,05-31-2010,Credit Suisse Group
Q3-10,2009-10-27,6.53,05-31-2010,Credit Suisse Group
Q3-10,2009-11-19,6.55,05-31-2010,Credit Suisse Group
Q3-10,2009-12-22,6.59,05-31-2010,Credit Suisse Group
Q3-10,2010-02-18,6.67,05-31-2010,Credit Suisse Group
Q3-10,2010-04-14,6.7,05-31-2010,Credit Suisse Group
Q3-10,2010-05-05,6.73,05-31-2010,Credit Suisse Group
Q3-10,2010-05-19,6.75,05-31-2010,Credit Suisse Group
Q4-10,2009-08-05,6.77,05-31-2010,Credit Suisse Group
Q4-10,2010-02-18,6.55,05-31-2010,Credit Suisse Group
Q4-10,2010-04-14,6.56,05-31-2010,Credit Suisse Group
Q4-10,2010-05-05,6.59,05-31-2010,Credit Suisse Group
Q4-10,2010-05-19,6.61,05-31-2010,Credit Suisse Group
Q1-11,2010-04-14,6.44,05-31-2010,Credit Suisse Group
Q1-11,2010-05-05,6.47,05-31-2010,Credit Suisse Group
Q1-11,2010-05-19,6.48,05-31-2010,Credit Suisse Group
Q1-17,2016-03-09,6.79,02-28-2017,Credit Suisse Group
Q1-17,2016-03-17,6.66,02-28-2017,Credit Suisse Group
Q1-17,2016-04-14,6.64,02-28-2017,Credit Suisse Group
Q1-17,2016-05-12,6.62,02-28-2017,Credit Suisse Group
Q1-17,2016-05-19,6.72,02-28-2017,Credit Suisse Group
Q1-17,2016-05-25,6.72,02-28-2017,Credit Suisse Group
Q1-17,2016-06-01,6.8,02-28-2017,Credit Suisse Group
Q1-17,2016-06-15,6.79,02-28-2017,Credit Suisse Group
Q1-17,2016-06-29,6.87,02-28-2017,Credit Suisse Group
Q1-17,2016-07-13,6.89,02-28-2017,Credit Suisse Group
Q1-17,2016-07-28,6.88,02-28-2017,Credit Suisse Group
Q1-17,2016-08-03,6.88,02-28-2017,Credit Suisse Group
Q1-17,2016-08-24,6.86,02-28-2017,Credit Suisse Group
Q1-17,2016-09-09,6.86,02-28-2017,Credit Suisse Group
Q1-17,2016-09-23,6.85,02-28-2017,Credit Suisse Group
Q1-17,2016-09-26,6.74,02-28-2017,Credit Suisse Group
Q1-17,2016-09-28,6.74,02-28-2017,Credit Suisse Group
Q1-17,2016-10-10,6.74,02-28-2017,Credit Suisse Group
Q1-17,2016-10-12,6.81,02-28-2017,Credit Suisse Group
Q1-17,2016-10-17,6.81,02-28-2017,Credit Suisse Group
Q1-17,2016-10-19,6.81,02-28-2017,Credit Suisse Group
Q1-17,2016-10-24,6.81,02-28-2017,Credit Suisse Group
Q1-17,2016-10-27,6.96,02-28-2017,Credit Suisse Group
Q1-17,2016-11-02,6.95,02-28-2017,Credit Suisse Group
Q1-17,2016-11-16,7.07,02-28-2017,Credit Suisse Group
Q1-17,2016-11-24,7.05,02-28-2017,Credit Suisse Group
Q1-17,2016-11-30,7.05,02-28-2017,Credit Suisse Group
Q1-17,2016-12-19,7.07,02-28-2017,Credit Suisse Group
Q1-17,2017-01-11,7.04,02-28-2017,Credit Suisse Group
Q1-17,2017-01-18,7.03,02-28-2017,Credit Suisse Group
Q1-17,2017-02-01,7.01,02-28-2017,Credit Suisse Group
Q1-17,2017-02-08,6.98,02-28-2017,Credit Suisse Group
Q1-17,2017-02-13,6.97,02-28-2017,Credit Suisse Group
Q1-17,2017-02-15,6.97,02-28-2017,Credit Suisse Group
Q1-17,2017-02-17,6.97,02-28-2017,Credit Suisse Group
Q1-17,2017-02-22,6.96,02-28-2017,Credit Suisse Group
Q2-17,2016-06-01,6.87,02-28-2017,Credit Suisse Group
Q2-17,2016-06-15,6.86,02-28-2017,Credit Suisse Group
Q2-17,2016-06-29,6.95,02-28-2017,Credit Suisse Group
Q2-17,2016-07-13,6.94,02-28-2017,Credit Suisse Group
Q2-17,2016-07-28,6.93,02-28-2017,Credit Suisse Group
Q2-17,2016-08-03,6.93,02-28-2017,Credit Suisse Group
Q2-17,2016-08-24,6.91,02-28-2017,Credit Suisse Group
Q2-17,2016-09-09,6.9,02-28-2017,Credit Suisse Group
Q2-17,2016-09-23,6.9,02-28-2017,Credit Suisse Group
Q2-17,2016-09-26,6.77,02-28-2017,Credit Suisse Group
Q2-17,2016-09-28,6.77,02-28-2017,Credit Suisse Group
Q2-17,2016-10-10,6.77,02-28-2017,Credit Suisse Group
Q2-17,2016-10-12,6.83,02-28-2017,Credit Suisse Group
Q2-17,2016-10-17,6.83,02-28-2017,Credit Suisse Group
Q2-17,2016-10-19,6.83,02-28-2017,Credit Suisse Group
Q2-17,2016-10-24,6.83,02-28-2017,Credit Suisse Group
Q2-17,2016-10-27,7.03,02-28-2017,Credit Suisse Group
Q2-17,2016-11-02,7.03,02-28-2017,Credit Suisse Group
Q2-17,2016-11-16,7.17,02-28-2017,Credit Suisse Group
Q2-17,2016-11-24,7.16,02-28-2017,Credit Suisse Group
Q2-17,2016-11-30,7.15,02-28-2017,Credit Suisse Group
Q2-17,2016-12-19,7.16,02-28-2017,Credit Suisse Group
Q2-17,2017-01-11,7.14,02-28-2017,Credit Suisse Group
Q2-17,2017-01-18,7.14,02-28-2017,Credit Suisse Group
Q2-17,2017-02-01,7.12,02-28-2017,Credit Suisse Group
Q2-17,2017-02-08,7.12,02-28-2017,Credit Suisse Group
Q2-17,2017-02-13,7.12,02-28-2017,Credit Suisse Group
Q2-17,2017-02-15,7.11,02-28-2017,Credit Suisse Group
Q2-17,2017-02-17,7.11,02-28-2017,Credit Suisse Group
Q2-17,2017-02-22,7.11,02-28-2017,Credit Suisse Group
Q3-17,2016-09-09,6.96,02-28-2017,Credit Suisse Group
Q3-17,2016-09-23,6.95,02-28-2017,Credit Suisse Group
Q3-17,2016-09-26,6.8,02-28-2017,Credit Suisse Group
Q3-17,2016-09-28,6.8,02-28-2017,Credit Suisse Group
Q3-17,2016-10-10,6.8,02-28-2017,Credit Suisse Group
Q3-17,2016-10-12,6.86,02-28-2017,Credit Suisse Group
Q3-17,2016-10-17,6.86,02-28-2017,Credit Suisse Group
Q3-17,2016-10-19,6.85,02-28-2017,Credit Suisse Group
Q3-17,2016-10-24,6.85,02-28-2017,Credit Suisse Group
Q3-17,2016-10-27,7.12,02-28-2017,Credit Suisse Group
Q3-17,2016-11-02,7.12,02-28-2017,Credit Suisse Group
Q3-17,2016-11-16,7.27,02-28-2017,Credit Suisse Group
Q3-17,2016-11-24,7.27,02-28-2017,Credit Suisse Group
Q3-17,2016-11-30,7.26,02-28-2017,Credit Suisse Group
Q3-17,2016-12-19,7.25,02-28-2017,Credit Suisse Group
Q3-17,2017-01-11,7.22,02-28-2017,Credit Suisse Group
Q3-17,2017-01-18,7.21,02-28-2017,Credit Suisse Group
Q3-17,2017-02-01,7.2,02-28-2017,Credit Suisse Group
Q3-17,2017-02-08,7.19,02-28-2017,Credit Suisse Group
Q3-17,2017-02-13,7.19,02-28-2017,Credit Suisse Group
Q3-17,2017-02-15,7.19,02-28-2017,Credit Suisse Group
Q3-17,2017-02-17,7.19,02-28-2017,Credit Suisse Group
Q3-17,2017-02-22,7.18,02-28-2017,Credit Suisse Group
Q4-17,2016-12-19,7.32,02-28-2017,Credit Suisse Group
Q4-17,2017-01-11,7.32,02-28-2017,Credit Suisse Group
Q4-17,2017-01-18,7.31,02-28-2017,Credit Suisse Group
Q4-17,2017-02-01,7.3,02-28-2017,Credit Suisse Group
Q4-17,2017-02-08,7.29,02-28-2017,Credit Suisse Group
Q4-17,2017-02-13,7.28,02-28-2017,Credit Suisse Group
Q4-17,2017-02-15,7.28,02-28-2017,Credit Suisse Group
Q4-17,2017-02-17,7.28,02-28-2017,Credit Suisse Group
Q4-17,2017-02-22,7.27,02-28-2017,Credit Suisse Group
Q3-10,2009-09-07,6.8,08-31-2010,Credit Suisse Group
Q3-10,2009-10-27,6.53,08-31-2010,Credit Suisse Group
Q3-10,2009-11-19,6.55,08-31-2010,Credit Suisse Group
Q3-10,2009-12-22,6.59,08-31-2010,Credit Suisse Group
Q3-10,2010-02-18,6.67,08-31-2010,Credit Suisse Group
Q3-10,2010-04-14,6.7,08-31-2010,Credit Suisse Group
Q3-10,2010-05-05,6.73,08-31-2010,Credit Suisse Group
Q3-10,2010-05-19,6.75,08-31-2010,Credit Suisse Group
Q3-10,2010-06-23,6.81,08-31-2010,Credit Suisse Group
Q3-10,2010-07-13,6.8,08-31-2010,Credit Suisse Group
Q3-10,2010-07-19,6.72,08-31-2010,Credit Suisse Group
Q3-10,2010-07-27,6.72,08-31-2010,Credit Suisse Group
Q4-10,2009-08-05,6.77,08-31-2010,Credit Suisse Group
Q4-10,2010-02-18,6.55,08-31-2010,Credit Suisse Group
Q4-10,2010-04-14,6.56,08-31-2010,Credit Suisse Group
Q4-10,2010-05-05,6.59,08-31-2010,Credit Suisse Group
Q4-10,2010-05-19,6.61,08-31-2010,Credit Suisse Group
Q4-10,2010-06-23,6.8,08-31-2010,Credit Suisse Group
Q4-10,2010-07-13,6.7,08-31-2010,Credit Suisse Group
Q4-10,2010-07-19,6.63,08-31-2010,Credit Suisse Group
Q4-10,2010-07-27,6.63,08-31-2010,Credit Suisse Group
Q1-11,2010-04-14,6.44,08-31-2010,Credit Suisse Group
Q1-11,2010-05-05,6.47,08-31-2010,Credit Suisse Group
Q1-11,2010-05-19,6.48,08-31-2010,Credit Suisse Group
Q1-11,2010-06-23,6.66,08-31-2010,Credit Suisse Group
Q1-11,2010-07-13,6.56,08-31-2010,Credit Suisse Group
Q1-11,2010-07-19,6.53,08-31-2010,Credit Suisse Group
Q1-11,2010-07-27,6.54,08-31-2010,Credit Suisse Group
Q2-11,2010-07-13,6.44,08-31-2010,Credit Suisse Group
Q2-11,2010-07-19,6.44,08-31-2010,Credit Suisse Group
Q2-11,2010-07-27,6.45,08-31-2010,Credit Suisse Group
2011,2010-06-23,6.53,08-31-2010,Credit Suisse Group
Q3-06,2006-03-01,7.94,08-31-2006,Credit Suisse Group
Q3-06,2006-03-15,7.94,08-31-2006,Credit Suisse Group
Q3-06,2006-03-29,7.94,08-31-2006,Credit Suisse Group
Q3-06,2006-04-12,7.94,08-31-2006,Credit Suisse Group
Q3-06,2006-04-26,7.94,08-31-2006,Credit Suisse Group
Q2-17,2016-06-01,6.87,05-31-2017,Credit Suisse Group
Q2-17,2016-06-15,6.86,05-31-2017,Credit Suisse Group
Q2-17,2016-06-29,6.95,05-31-2017,Credit Suisse Group
Q2-17,2016-07-13,6.94,05-31-2017,Credit Suisse Group
Q2-17,2016-07-28,6.93,05-31-2017,Credit Suisse Group
Q2-17,2016-08-03,6.93,05-31-2017,Credit Suisse Group
Q2-17,2016-08-24,6.91,05-31-2017,Credit Suisse Group
Q2-17,2016-09-09,6.9,05-31-2017,Credit Suisse Group
Q2-17,2016-09-23,6.9,05-31-2017,Credit Suisse Group
Q2-17,2016-09-26,6.77,05-31-2017,Credit Suisse Group
Q2-17,2016-09-28,6.77,05-31-2017,Credit Suisse Group
Q2-17,2016-10-10,6.77,05-31-2017,Credit Suisse Group
Q2-17,2016-10-12,6.83,05-31-2017,Credit Suisse Group
Q2-17,2016-10-17,6.83,05-31-2017,Credit Suisse Group
Q2-17,2016-10-19,6.83,05-31-2017,Credit Suisse Group
Q2-17,2016-10-24,6.83,05-31-2017,Credit Suisse Group
Q2-17,2016-10-27,7.03,05-31-2017,Credit Suisse Group
Q2-17,2016-11-02,7.03,05-31-2017,Credit Suisse Group
Q2-17,2016-11-16,7.17,05-31-2017,Credit Suisse Group
Q2-17,2016-11-24,7.16,05-31-2017,Credit Suisse Group
Q2-17,2016-11-30,7.15,05-31-2017,Credit Suisse Group
Q2-17,2016-12-19,7.16,05-31-2017,Credit Suisse Group
Q2-17,2017-01-11,7.14,05-31-2017,Credit Suisse Group
Q2-17,2017-01-18,7.14,05-31-2017,Credit Suisse Group
Q2-17,2017-02-01,7.12,05-31-2017,Credit Suisse Group
Q2-17,2017-02-08,7.12,05-31-2017,Credit Suisse Group
Q2-17,2017-02-13,7.12,05-31-2017,Credit Suisse Group
Q2-17,2017-02-15,7.11,05-31-2017,Credit Suisse Group
Q2-17,2017-02-17,7.11,05-31-2017,Credit Suisse Group
Q2-17,2017-02-22,7.11,05-31-2017,Credit Suisse Group
Q2-17,2017-03-02,7.1,05-31-2017,Credit Suisse Group
Q2-17,2017-03-08,7.0,05-31-2017,Credit Suisse Group
Q2-17,2017-03-15,6.99,05-31-2017,Credit Suisse Group
Q2-17,2017-03-21,6.99,05-31-2017,Credit Suisse Group
Q2-17,2017-03-22,6.99,05-31-2017,Credit Suisse Group
Q2-17,2017-04-03,6.98,05-31-2017,Credit Suisse Group
Q2-17,2017-04-05,6.97,05-31-2017,Credit Suisse Group
Q2-17,2017-04-12,6.97,05-31-2017,Credit Suisse Group
Q2-17,2017-04-19,6.96,05-31-2017,Credit Suisse Group
Q2-17,2017-04-26,6.95,05-31-2017,Credit Suisse Group
Q2-17,2017-05-04,6.95,05-31-2017,Credit Suisse Group
Q2-17,2017-05-10,6.95,05-31-2017,Credit Suisse Group
Q2-17,2017-05-18,6.89,05-31-2017,Credit Suisse Group
Q2-17,2017-05-24,6.89,05-31-2017,Credit Suisse Group
Q2-17,2017-05-31,6.86,05-31-2017,Credit Suisse Group
Q3-17,2016-09-09,6.96,05-31-2017,Credit Suisse Group
Q3-17,2016-09-23,6.95,05-31-2017,Credit Suisse Group
Q3-17,2016-09-26,6.8,05-31-2017,Credit Suisse Group
Q3-17,2016-09-28,6.8,05-31-2017,Credit Suisse Group
Q3-17,2016-10-10,6.8,05-31-2017,Credit Suisse Group
Q3-17,2016-10-12,6.86,05-31-2017,Credit Suisse Group
Q3-17,2016-10-17,6.86,05-31-2017,Credit Suisse Group
Q3-17,2016-10-19,6.85,05-31-2017,Credit Suisse Group
Q3-17,2016-10-24,6.85,05-31-2017,Credit Suisse Group
Q3-17,2016-10-27,7.12,05-31-2017,Credit Suisse Group
Q3-17,2016-11-02,7.12,05-31-2017,Credit Suisse Group
Q3-17,2016-11-16,7.27,05-31-2017,Credit Suisse Group
Q3-17,2016-11-24,7.27,05-31-2017,Credit Suisse Group
Q3-17,2016-11-30,7.26,05-31-2017,Credit Suisse Group
Q3-17,2016-12-19,7.25,05-31-2017,Credit Suisse Group
Q3-17,2017-01-11,7.22,05-31-2017,Credit Suisse Group
Q3-17,2017-01-18,7.21,05-31-2017,Credit Suisse Group
Q3-17,2017-02-01,7.2,05-31-2017,Credit Suisse Group
Q3-17,2017-02-08,7.19,05-31-2017,Credit Suisse Group
Q3-17,2017-02-13,7.19,05-31-2017,Credit Suisse Group
Q3-17,2017-02-15,7.19,05-31-2017,Credit Suisse Group
Q3-17,2017-02-17,7.19,05-31-2017,Credit Suisse Group
Q3-17,2017-02-22,7.18,05-31-2017,Credit Suisse Group
Q3-17,2017-03-02,7.17,05-31-2017,Credit Suisse Group
Q3-17,2017-03-08,7.06,05-31-2017,Credit Suisse Group
Q3-17,2017-03-15,7.06,05-31-2017,Credit Suisse Group
Q3-17,2017-03-21,7.05,05-31-2017,Credit Suisse Group
Q3-17,2017-03-22,7.05,05-31-2017,Credit Suisse Group
Q3-17,2017-04-03,7.04,05-31-2017,Credit Suisse Group
Q3-17,2017-04-05,7.04,05-31-2017,Credit Suisse Group
Q3-17,2017-04-12,7.04,05-31-2017,Credit Suisse Group
Q3-17,2017-04-19,7.03,05-31-2017,Credit Suisse Group
Q3-17,2017-04-26,7.03,05-31-2017,Credit Suisse Group
Q3-17,2017-05-04,7.02,05-31-2017,Credit Suisse Group
Q3-17,2017-05-10,7.02,05-31-2017,Credit Suisse Group
Q3-17,2017-05-18,6.9,05-31-2017,Credit Suisse Group
Q3-17,2017-05-24,6.9,05-31-2017,Credit Suisse Group
Q3-17,2017-05-31,6.9,05-31-2017,Credit Suisse Group
Q4-17,2016-12-19,7.32,05-31-2017,Credit Suisse Group
Q4-17,2017-01-11,7.32,05-31-2017,Credit Suisse Group
Q4-17,2017-01-18,7.31,05-31-2017,Credit Suisse Group
Q4-17,2017-02-01,7.3,05-31-2017,Credit Suisse Group
Q4-17,2017-02-08,7.29,05-31-2017,Credit Suisse Group
Q4-17,2017-02-13,7.28,05-31-2017,Credit Suisse Group
Q4-17,2017-02-15,7.28,05-31-2017,Credit Suisse Group
Q4-17,2017-02-17,7.28,05-31-2017,Credit Suisse Group
Q4-17,2017-02-22,7.27,05-31-2017,Credit Suisse Group
Q4-17,2017-03-02,7.26,05-31-2017,Credit Suisse Group
Q4-17,2017-03-08,7.13,05-31-2017,Credit Suisse Group
Q4-17,2017-03-15,7.12,05-31-2017,Credit Suisse Group
Q4-17,2017-03-21,7.12,05-31-2017,Credit Suisse Group
Q4-17,2017-03-22,7.12,05-31-2017,Credit Suisse Group
Q4-17,2017-04-03,7.11,05-31-2017,Credit Suisse Group
Q4-17,2017-04-05,7.11,05-31-2017,Credit Suisse Group
Q4-17,2017-04-12,7.1,05-31-2017,Credit Suisse Group
Q4-17,2017-04-19,7.1,05-31-2017,Credit Suisse Group
Q4-17,2017-04-26,7.09,05-31-2017,Credit Suisse Group
Q4-17,2017-05-04,7.08,05-31-2017,Credit Suisse Group
Q4-17,2017-05-10,7.08,05-31-2017,Credit Suisse Group
Q4-17,2017-05-18,6.97,05-31-2017,Credit Suisse Group
Q4-17,2017-05-24,6.96,05-31-2017,Credit Suisse Group
Q4-17,2017-05-31,6.96,05-31-2017,Credit Suisse Group
Q1-18,2017-03-02,7.36,05-31-2017,Credit Suisse Group
Q1-18,2017-03-08,7.2,05-31-2017,Credit Suisse Group
Q1-18,2017-03-15,7.19,05-31-2017,Credit Suisse Group
Q1-18,2017-03-21,7.19,05-31-2017,Credit Suisse Group
Q1-18,2017-03-22,7.19,05-31-2017,Credit Suisse Group
Q1-18,2017-04-03,7.18,05-31-2017,Credit Suisse Group
Q1-18,2017-04-05,7.18,05-31-2017,Credit Suisse Group
Q1-18,2017-04-12,7.17,05-31-2017,Credit Suisse Group
Q1-18,2017-04-19,7.17,05-31-2017,Credit Suisse Group
Q1-18,2017-04-26,7.16,05-31-2017,Credit Suisse Group
Q1-18,2017-05-04,7.15,05-31-2017,Credit Suisse Group
Q1-18,2017-05-10,7.15,05-31-2017,Credit Suisse Group
Q1-18,2017-05-18,7.02,05-31-2017,Credit Suisse Group
Q1-18,2017-05-24,7.02,05-31-2017,Credit Suisse Group
Q1-18,2017-05-31,7.01,05-31-2017,Credit Suisse Group
Q4-06,2006-10-11,7.78,11-30-2006,Credit Suisse Group
Q4-06,2006-11-17,7.84,11-30-2006,Credit Suisse Group
Q1-07,2006-10-11,7.63,11-30-2006,Credit Suisse Group
Q1-07,2006-11-17,7.78,11-30-2006,Credit Suisse Group
Q2-07,2006-10-11,7.55,11-30-2006,Credit Suisse Group
Q2-07,2006-11-17,7.63,11-30-2006,Credit Suisse Group
Q3-07,2006-10-11,7.47,11-30-2006,Credit Suisse Group
Q3-07,2006-11-17,7.56,11-30-2006,Credit Suisse Group
Q4-10,2009-08-05,6.77,11-30-2010,Credit Suisse Group
Q4-10,2010-02-18,6.55,11-30-2010,Credit Suisse Group
Q4-10,2010-04-14,6.56,11-30-2010,Credit Suisse Group
Q4-10,2010-05-05,6.59,11-30-2010,Credit Suisse Group
Q4-10,2010-05-19,6.61,11-30-2010,Credit Suisse Group
Q4-10,2010-06-23,6.8,11-30-2010,Credit Suisse Group
Q4-10,2010-07-13,6.7,11-30-2010,Credit Suisse Group
Q4-10,2010-07-19,6.63,11-30-2010,Credit Suisse Group
Q4-10,2010-07-27,6.63,11-30-2010,Credit Suisse Group
Q4-10,2010-09-14,6.68,11-30-2010,Credit Suisse Group
Q4-10,2010-10-06,6.6,11-30-2010,Credit Suisse Group
Q4-10,2010-10-28,6.63,11-30-2010,Credit Suisse Group
Q4-10,2010-11-12,6.56,11-30-2010,Credit Suisse Group
Q1-11,2010-04-14,6.44,11-30-2010,Credit Suisse Group
Q1-11,2010-05-05,6.47,11-30-2010,Credit Suisse Group
Q1-11,2010-05-19,6.48,11-30-2010,Credit Suisse Group
Q1-11,2010-06-23,6.66,11-30-2010,Credit Suisse Group
Q1-11,2010-07-13,6.56,11-30-2010,Credit Suisse Group
Q1-11,2010-07-19,6.53,11-30-2010,Credit Suisse Group
Q1-11,2010-07-27,6.54,11-30-2010,Credit Suisse Group
Q1-11,2010-09-14,6.59,11-30-2010,Credit Suisse Group
Q1-11,2010-10-06,6.52,11-30-2010,Credit Suisse Group
Q1-11,2010-10-28,6.54,11-30-2010,Credit Suisse Group
Q1-11,2010-11-12,6.46,11-30-2010,Credit Suisse Group
Q2-11,2010-07-13,6.44,11-30-2010,Credit Suisse Group
Q2-11,2010-07-19,6.44,11-30-2010,Credit Suisse Group
Q2-11,2010-07-27,6.45,11-30-2010,Credit Suisse Group
Q2-11,2010-09-14,6.5,11-30-2010,Credit Suisse Group
Q2-11,2010-10-06,6.44,11-30-2010,Credit Suisse Group
Q2-11,2010-10-28,6.46,11-30-2010,Credit Suisse Group
Q2-11,2010-11-12,6.4,11-30-2010,Credit Suisse Group
Q3-11,2010-10-06,6.35,11-30-2010,Credit Suisse Group
Q3-11,2010-10-28,6.38,11-30-2010,Credit Suisse Group
Q3-11,2010-11-12,6.33,11-30-2010,Credit Suisse Group
2011,2010-06-23,6.53,11-30-2010,Credit Suisse Group
2011,2010-10-06,6.27,11-30-2010,Credit Suisse Group
2011,2010-10-28,6.29,11-30-2010,Credit Suisse Group
2011,2010-11-12,6.26,11-30-2010,Credit Suisse Group
Q4-11,2010-06-23,6.53,11-30-2011,Credit Suisse Group
Q4-11,2010-10-06,6.27,11-30-2011,Credit Suisse Group
Q4-11,2010-10-28,6.29,11-30-2011,Credit Suisse Group
Q4-11,2010-11-12,6.26,11-30-2011,Credit Suisse Group
Q4-11,2010-12-10,6.28,11-30-2011,Credit Suisse Group
Q4-11,2011-01-19,6.25,11-30-2011,Credit Suisse Group
Q4-11,2011-02-09,6.29,11-30-2011,Credit Suisse Group
Q4-11,2011-03-04,6.31,11-30-2011,Credit Suisse Group
Q4-11,2011-03-09,6.31,11-30-2011,Credit Suisse Group
Q4-11,2011-04-06,6.34,11-30-2011,Credit Suisse Group
Q4-11,2011-05-10,6.44,11-30-2011,Credit Suisse Group
Q4-11,2011-06-13,6.43,11-30-2011,Credit Suisse Group
Q4-11,2011-06-21,6.37,11-30-2011,Credit Suisse Group
Q4-11,2011-07-04,6.36,11-30-2011,Credit Suisse Group
Q4-11,2011-07-12,6.31,11-30-2011,Credit Suisse Group
Q4-11,2011-07-22,6.31,11-30-2011,Credit Suisse Group
Q4-11,2011-08-04,6.38,11-30-2011,Credit Suisse Group
Q4-11,2011-08-30,6.36,11-30-2011,Credit Suisse Group
Q4-11,2011-09-07,6.3,11-30-2011,Credit Suisse Group
Q4-11,2011-09-22,6.31,11-30-2011,Credit Suisse Group
Q4-11,2011-09-23,6.31,11-30-2011,Credit Suisse Group
Q4-11,2011-09-30,6.32,11-30-2011,Credit Suisse Group
Q4-11,2011-10-20,6.32,11-30-2011,Credit Suisse Group
Q4-11,2011-10-24,6.32,11-30-2011,Credit Suisse Group
Q4-11,2011-11-17,6.33,11-30-2011,Credit Suisse Group
Q1-12,2011-02-09,6.2,11-30-2011,Credit Suisse Group
Q1-12,2011-03-04,6.23,11-30-2011,Credit Suisse Group
Q1-12,2011-03-09,6.23,11-30-2011,Credit Suisse Group
Q1-12,2011-04-06,6.26,11-30-2011,Credit Suisse Group
Q1-12,2011-05-10,6.45,11-30-2011,Credit Suisse Group
Q1-12,2011-06-13,6.51,11-30-2011,Credit Suisse Group
Q1-12,2011-06-21,6.49,11-30-2011,Credit Suisse Group
Q1-12,2011-07-04,6.48,11-30-2011,Credit Suisse Group
Q1-12,2011-07-12,6.41,11-30-2011,Credit Suisse Group
Q1-12,2011-07-22,6.4,11-30-2011,Credit Suisse Group
Q1-12,2011-08-30,6.28,11-30-2011,Credit Suisse Group
Q1-12,2011-09-07,6.24,11-30-2011,Credit Suisse Group
Q1-12,2011-09-22,6.25,11-30-2011,Credit Suisse Group
Q1-12,2011-09-23,6.25,11-30-2011,Credit Suisse Group
Q1-12,2011-09-30,6.25,11-30-2011,Credit Suisse Group
Q1-12,2011-10-20,6.24,11-30-2011,Credit Suisse Group
Q1-12,2011-10-24,6.25,11-30-2011,Credit Suisse Group
Q1-12,2011-11-17,6.27,11-30-2011,Credit Suisse Group
Q2-12,2011-07-04,6.28,11-30-2011,Credit Suisse Group
Q2-12,2011-07-12,6.25,11-30-2011,Credit Suisse Group
Q2-12,2011-07-22,6.31,11-30-2011,Credit Suisse Group
Q2-12,2011-08-04,6.36,11-30-2011,Credit Suisse Group
Q2-12,2011-08-30,6.21,11-30-2011,Credit Suisse Group
Q2-12,2011-09-07,6.17,11-30-2011,Credit Suisse Group
Q2-12,2011-09-22,6.18,11-30-2011,Credit Suisse Group
Q2-12,2011-09-23,6.18,11-30-2011,Credit Suisse Group
Q2-12,2011-09-30,6.19,11-30-2011,Credit Suisse Group
Q2-12,2011-10-20,6.17,11-30-2011,Credit Suisse Group
Q2-12,2011-10-24,6.17,11-30-2011,Credit Suisse Group
Q2-12,2011-11-17,6.19,11-30-2011,Credit Suisse Group
Q3-12,2011-10-20,6.1,11-30-2011,Credit Suisse Group
Q3-12,2011-10-24,6.1,11-30-2011,Credit Suisse Group
Q3-12,2011-11-17,6.12,11-30-2011,Credit Suisse Group
Q4-07,2006-12-08,7.47,11-30-2007,Credit Suisse Group
Q4-07,2007-01-12,7.47,11-30-2007,Credit Suisse Group
Q4-07,2007-02-01,7.33,11-30-2007,Credit Suisse Group
Q4-07,2007-03-12,7.41,11-30-2007,Credit Suisse Group
Q4-07,2007-04-05,7.41,11-30-2007,Credit Suisse Group
Q4-07,2007-05-14,7.47,11-30-2007,Credit Suisse Group
Q4-07,2007-06-12,7.38,11-30-2007,Credit Suisse Group
Q4-07,2007-06-29,7.38,11-30-2007,Credit Suisse Group
Q4-07,2007-08-13,7.56,11-30-2007,Credit Suisse Group
Q4-07,2007-09-18,7.43,11-30-2007,Credit Suisse Group
Q4-07,2007-09-27,7.43,11-30-2007,Credit Suisse Group
Q4-07,2007-10-11,7.43,11-30-2007,Credit Suisse Group
Q4-07,2007-10-26,7.43,11-30-2007,Credit Suisse Group
Q4-07,2007-11-08,7.43,11-30-2007,Credit Suisse Group
Q4-07,2007-11-15,7.43,11-30-2007,Credit Suisse Group
Q1-08,2007-03-12,7.33,11-30-2007,Credit Suisse Group
Q1-08,2007-04-05,7.33,11-30-2007,Credit Suisse Group
Q1-08,2007-05-14,7.33,11-30-2007,Credit Suisse Group
Q1-08,2007-06-12,7.29,11-30-2007,Credit Suisse Group
Q1-08,2007-06-29,7.29,11-30-2007,Credit Suisse Group
Q1-08,2007-08-13,7.38,11-30-2007,Credit Suisse Group
Q1-08,2007-09-18,7.25,11-30-2007,Credit Suisse Group
Q1-08,2007-09-27,7.25,11-30-2007,Credit Suisse Group
Q1-08,2007-10-11,7.31,11-30-2007,Credit Suisse Group
Q1-08,2007-10-26,7.31,11-30-2007,Credit Suisse Group
Q1-08,2007-11-08,7.31,11-30-2007,Credit Suisse Group
Q1-08,2007-11-15,7.43,11-30-2007,Credit Suisse Group
Q2-08,2007-06-12,7.2,11-30-2007,Credit Suisse Group
Q2-08,2007-06-29,7.2,11-30-2007,Credit Suisse Group
Q2-08,2007-08-13,7.2,11-30-2007,Credit Suisse Group
Q2-08,2007-09-18,7.15,11-30-2007,Credit Suisse Group
Q2-08,2007-09-27,7.15,11-30-2007,Credit Suisse Group
Q2-08,2007-10-11,7.18,11-30-2007,Credit Suisse Group
Q2-08,2007-10-26,7.18,11-30-2007,Credit Suisse Group
Q2-08,2007-11-08,7.18,11-30-2007,Credit Suisse Group
Q2-08,2007-11-15,7.31,11-30-2007,Credit Suisse Group
Q3-08,2007-09-18,7.06,11-30-2007,Credit Suisse Group
Q3-08,2007-09-27,7.06,11-30-2007,Credit Suisse Group
Q3-08,2007-10-11,7.06,11-30-2007,Credit Suisse Group
Q3-08,2007-10-26,7.06,11-30-2007,Credit Suisse Group
Q3-08,2007-11-08,7.06,11-30-2007,Credit Suisse Group
Q3-08,2007-11-15,7.18,11-30-2007,Credit Suisse Group
2008,2007-11-15,7.06,11-30-2007,Credit Suisse Group
Q2-16,2015-06-03,6.18,05-31-2016,Credit Suisse Group
Q2-16,2015-06-10,6.18,05-31-2016,Credit Suisse Group
Q2-16,2015-06-17,6.18,05-31-2016,Credit Suisse Group
Q2-16,2015-06-24,6.18,05-31-2016,Credit Suisse Group
Q2-16,2015-07-01,6.18,05-31-2016,Credit Suisse Group
Q2-16,2015-08-03,6.17,05-31-2016,Credit Suisse Group
Q2-16,2015-08-05,6.17,05-31-2016,Credit Suisse Group
Q2-16,2015-08-12,6.76,05-31-2016,Credit Suisse Group
Q2-16,2015-08-17,6.75,05-31-2016,Credit Suisse Group
Q2-16,2015-08-19,6.75,05-31-2016,Credit Suisse Group
Q2-16,2015-08-25,6.75,05-31-2016,Credit Suisse Group
Q2-16,2015-09-21,6.73,05-31-2016,Credit Suisse Group
Q2-16,2015-09-23,6.73,05-31-2016,Credit Suisse Group
Q2-16,2015-09-30,6.72,05-31-2016,Credit Suisse Group
Q2-16,2015-10-07,6.71,05-31-2016,Credit Suisse Group
Q2-16,2015-10-14,6.7,05-31-2016,Credit Suisse Group
Q2-16,2015-10-28,6.7,05-31-2016,Credit Suisse Group
Q2-16,2015-11-02,6.69,05-31-2016,Credit Suisse Group
Q2-16,2015-11-04,6.69,05-31-2016,Credit Suisse Group
Q2-16,2015-11-12,6.53,05-31-2016,Credit Suisse Group
Q2-16,2015-11-16,6.53,05-31-2016,Credit Suisse Group
Q2-16,2015-11-23,6.53,05-31-2016,Credit Suisse Group
Q2-16,2015-11-25,6.53,05-31-2016,Credit Suisse Group
Q2-16,2015-12-11,6.52,05-31-2016,Credit Suisse Group
Q2-16,2016-01-05,6.67,05-31-2016,Credit Suisse Group
Q2-16,2016-01-13,6.67,05-31-2016,Credit Suisse Group
Q2-16,2016-01-18,6.66,05-31-2016,Credit Suisse Group
Q2-16,2016-01-27,6.66,05-31-2016,Credit Suisse Group
Q2-16,2016-01-29,6.66,05-31-2016,Credit Suisse Group
Q2-16,2016-02-03,6.65,05-31-2016,Credit Suisse Group
Q2-16,2016-02-10,6.65,05-31-2016,Credit Suisse Group
Q2-16,2016-02-17,6.65,05-31-2016,Credit Suisse Group
Q2-16,2016-02-22,6.65,05-31-2016,Credit Suisse Group
Q2-16,2016-03-09,6.64,05-31-2016,Credit Suisse Group
Q2-16,2016-03-17,6.43,05-31-2016,Credit Suisse Group
Q2-16,2016-04-14,6.43,05-31-2016,Credit Suisse Group
Q2-16,2016-05-12,6.47,05-31-2016,Credit Suisse Group
Q2-16,2016-05-19,6.55,05-31-2016,Credit Suisse Group
Q2-16,2016-05-25,6.56,05-31-2016,Credit Suisse Group
Q3-16,2015-09-21,6.81,05-31-2016,Credit Suisse Group
Q3-16,2015-09-23,6.81,05-31-2016,Credit Suisse Group
Q3-16,2015-09-30,6.8,05-31-2016,Credit Suisse Group
Q3-16,2015-10-07,6.79,05-31-2016,Credit Suisse Group
Q3-16,2015-10-14,6.79,05-31-2016,Credit Suisse Group
Q3-16,2015-10-28,6.77,05-31-2016,Credit Suisse Group
Q3-16,2015-11-02,6.77,05-31-2016,Credit Suisse Group
Q3-16,2015-11-04,6.77,05-31-2016,Credit Suisse Group
Q3-16,2015-11-12,6.55,05-31-2016,Credit Suisse Group
Q3-16,2015-11-16,6.55,05-31-2016,Credit Suisse Group
Q3-16,2015-11-23,6.55,05-31-2016,Credit Suisse Group
Q3-16,2015-11-25,6.55,05-31-2016,Credit Suisse Group
Q3-16,2015-12-11,6.54,05-31-2016,Credit Suisse Group
Q3-16,2016-01-05,6.72,05-31-2016,Credit Suisse Group
Q3-16,2016-01-13,6.72,05-31-2016,Credit Suisse Group
Q3-16,2016-01-18,6.72,05-31-2016,Credit Suisse Group
Q3-16,2016-01-27,6.71,05-31-2016,Credit Suisse Group
Q3-16,2016-01-29,6.71,05-31-2016,Credit Suisse Group
Q3-16,2016-02-03,6.71,05-31-2016,Credit Suisse Group
Q3-16,2016-02-10,6.7,05-31-2016,Credit Suisse Group
Q3-16,2016-02-17,6.69,05-31-2016,Credit Suisse Group
Q3-16,2016-02-22,6.69,05-31-2016,Credit Suisse Group
Q3-16,2016-03-09,6.68,05-31-2016,Credit Suisse Group
Q3-16,2016-03-17,6.52,05-31-2016,Credit Suisse Group
Q3-16,2016-04-14,6.49,05-31-2016,Credit Suisse Group
Q3-16,2016-05-12,6.45,05-31-2016,Credit Suisse Group
Q3-16,2016-05-19,6.62,05-31-2016,Credit Suisse Group
Q3-16,2016-05-25,6.61,05-31-2016,Credit Suisse Group
Q4-16,2015-12-11,6.58,05-31-2016,Credit Suisse Group
Q4-16,2016-01-05,6.78,05-31-2016,Credit Suisse Group
Q4-16,2016-01-13,6.77,05-31-2016,Credit Suisse Group
Q4-16,2016-01-18,6.77,05-31-2016,Credit Suisse Group
Q4-16,2016-01-27,6.76,05-31-2016,Credit Suisse Group
Q4-16,2016-01-29,6.76,05-31-2016,Credit Suisse Group
Q4-16,2016-02-03,6.76,05-31-2016,Credit Suisse Group
Q4-16,2016-02-10,6.75,05-31-2016,Credit Suisse Group
Q4-16,2016-02-17,6.75,05-31-2016,Credit Suisse Group
Q4-16,2016-02-22,6.75,05-31-2016,Credit Suisse Group
Q4-16,2016-03-09,6.73,05-31-2016,Credit Suisse Group
Q4-16,2016-03-17,6.6,05-31-2016,Credit Suisse Group
Q4-16,2016-04-14,6.57,05-31-2016,Credit Suisse Group
Q4-16,2016-05-12,6.55,05-31-2016,Credit Suisse Group
Q4-16,2016-05-19,6.67,05-31-2016,Credit Suisse Group
Q4-16,2016-05-25,6.66,05-31-2016,Credit Suisse Group
Q1-17,2016-03-09,6.79,05-31-2016,Credit Suisse Group
Q1-17,2016-03-17,6.66,05-31-2016,Credit Suisse Group
Q1-17,2016-04-14,6.64,05-31-2016,Credit Suisse Group
Q1-17,2016-05-12,6.62,05-31-2016,Credit Suisse Group
Q1-17,2016-05-19,6.72,05-31-2016,Credit Suisse Group
Q1-17,2016-05-25,6.72,05-31-2016,Credit Suisse Group
Q3-07,2006-10-11,7.47,08-31-2007,Credit Suisse Group
Q3-07,2006-11-17,7.56,08-31-2007,Credit Suisse Group
Q3-07,2006-12-08,7.55,08-31-2007,Credit Suisse Group
Q3-07,2007-01-12,7.55,08-31-2007,Credit Suisse Group
Q3-07,2007-02-01,7.5,08-31-2007,Credit Suisse Group
Q3-07,2007-03-12,7.5,08-31-2007,Credit Suisse Group
Q3-07,2007-04-05,7.5,08-31-2007,Credit Suisse Group
Q3-07,2007-05-14,7.61,08-31-2007,Credit Suisse Group
Q3-07,2007-06-12,7.55,08-31-2007,Credit Suisse Group
Q3-07,2007-06-29,7.56,08-31-2007,Credit Suisse Group
Q3-07,2007-08-13,7.57,08-31-2007,Credit Suisse Group
Q4-07,2006-12-08,7.47,08-31-2007,Credit Suisse Group
Q4-07,2007-01-12,7.47,08-31-2007,Credit Suisse Group
Q4-07,2007-02-01,7.33,08-31-2007,Credit Suisse Group
Q4-07,2007-03-12,7.41,08-31-2007,Credit Suisse Group
Q4-07,2007-04-05,7.41,08-31-2007,Credit Suisse Group
Q4-07,2007-05-14,7.47,08-31-2007,Credit Suisse Group
Q4-07,2007-06-12,7.38,08-31-2007,Credit Suisse Group
Q4-07,2007-06-29,7.38,08-31-2007,Credit Suisse Group
Q4-07,2007-08-13,7.56,08-31-2007,Credit Suisse Group
Q1-08,2007-03-12,7.33,08-31-2007,Credit Suisse Group
Q1-08,2007-04-05,7.33,08-31-2007,Credit Suisse Group
Q1-08,2007-05-14,7.33,08-31-2007,Credit Suisse Group
Q1-08,2007-06-12,7.29,08-31-2007,Credit Suisse Group
Q1-08,2007-06-29,7.29,08-31-2007,Credit Suisse Group
Q1-08,2007-08-13,7.38,08-31-2007,Credit Suisse Group
Q2-08,2007-06-12,7.2,08-31-2007,Credit Suisse Group
Q2-08,2007-06-29,7.2,08-31-2007,Credit Suisse Group
Q2-08,2007-08-13,7.2,08-31-2007,Credit Suisse Group
Q3-11,2010-10-06,6.35,08-31-2011,Credit Suisse Group
Q3-11,2010-10-28,6.38,08-31-2011,Credit Suisse Group
Q3-11,2010-11-12,6.33,08-31-2011,Credit Suisse Group
Q3-11,2010-12-10,6.36,08-31-2011,Credit Suisse Group
Q3-11,2011-01-19,6.32,08-31-2011,Credit Suisse Group
Q3-11,2011-02-09,6.37,08-31-2011,Credit Suisse Group
Q3-11,2011-03-04,6.39,08-31-2011,Credit Suisse Group
Q3-11,2011-03-09,6.4,08-31-2011,Credit Suisse Group
Q3-11,2011-04-06,6.42,08-31-2011,Credit Suisse Group
Q3-11,2011-05-10,6.37,08-31-2011,Credit Suisse Group
Q3-11,2011-06-13,6.48,08-31-2011,Credit Suisse Group
Q3-11,2011-06-21,6.41,08-31-2011,Credit Suisse Group
Q3-11,2011-07-04,6.42,08-31-2011,Credit Suisse Group
Q3-11,2011-07-12,6.39,08-31-2011,Credit Suisse Group
Q3-11,2011-07-22,6.4,08-31-2011,Credit Suisse Group
Q3-11,2011-08-04,6.32,08-31-2011,Credit Suisse Group
Q3-11,2011-08-30,6.38,08-31-2011,Credit Suisse Group
Q4-11,2010-06-23,6.53,08-31-2011,Credit Suisse Group
Q4-11,2010-10-06,6.27,08-31-2011,Credit Suisse Group
Q4-11,2010-10-28,6.29,08-31-2011,Credit Suisse Group
Q4-11,2010-11-12,6.26,08-31-2011,Credit Suisse Group
Q4-11,2010-12-10,6.28,08-31-2011,Credit Suisse Group
Q4-11,2011-01-19,6.25,08-31-2011,Credit Suisse Group
Q4-11,2011-02-09,6.29,08-31-2011,Credit Suisse Group
Q4-11,2011-03-04,6.31,08-31-2011,Credit Suisse Group
Q4-11,2011-03-09,6.31,08-31-2011,Credit Suisse Group
Q4-11,2011-04-06,6.34,08-31-2011,Credit Suisse Group
Q4-11,2011-05-10,6.44,08-31-2011,Credit Suisse Group
Q4-11,2011-06-13,6.43,08-31-2011,Credit Suisse Group
Q4-11,2011-06-21,6.37,08-31-2011,Credit Suisse Group
Q4-11,2011-07-04,6.36,08-31-2011,Credit Suisse Group
Q4-11,2011-07-12,6.31,08-31-2011,Credit Suisse Group
Q4-11,2011-07-22,6.31,08-31-2011,Credit Suisse Group
Q4-11,2011-08-04,6.38,08-31-2011,Credit Suisse Group
Q4-11,2011-08-30,6.36,08-31-2011,Credit Suisse Group
Q1-12,2011-02-09,6.2,08-31-2011,Credit Suisse Group
Q1-12,2011-03-04,6.23,08-31-2011,Credit Suisse Group
Q1-12,2011-03-09,6.23,08-31-2011,Credit Suisse Group
Q1-12,2011-04-06,6.26,08-31-2011,Credit Suisse Group
Q1-12,2011-05-10,6.45,08-31-2011,Credit Suisse Group
Q1-12,2011-06-13,6.51,08-31-2011,Credit Suisse Group
Q1-12,2011-06-21,6.49,08-31-2011,Credit Suisse Group
Q1-12,2011-07-04,6.48,08-31-2011,Credit Suisse Group
Q1-12,2011-07-12,6.41,08-31-2011,Credit Suisse Group
Q1-12,2011-07-22,6.4,08-31-2011,Credit Suisse Group
Q1-12,2011-08-30,6.28,08-31-2011,Credit Suisse Group
Q2-12,2011-07-04,6.28,08-31-2011,Credit Suisse Group
Q2-12,2011-07-12,6.25,08-31-2011,Credit Suisse Group
Q2-12,2011-07-22,6.31,08-31-2011,Credit Suisse Group
Q2-12,2011-08-04,6.36,08-31-2011,Credit Suisse Group
Q2-12,2011-08-30,6.21,08-31-2011,Credit Suisse Group
Q1-16,2015-03-04,6.28,02-28-2016,Credit Suisse Group
Q1-16,2015-03-09,6.27,02-28-2016,Credit Suisse Group
Q1-16,2015-03-11,6.27,02-28-2016,Credit Suisse Group
Q1-16,2015-03-18,6.27,02-28-2016,Credit Suisse Group
Q1-16,2015-04-01,6.27,02-28-2016,Credit Suisse Group
Q1-16,2015-04-14,6.27,02-28-2016,Credit Suisse Group
Q1-16,2015-04-16,6.27,02-28-2016,Credit Suisse Group
Q1-16,2015-04-22,6.27,02-28-2016,Credit Suisse Group
Q1-16,2015-04-27,6.26,02-28-2016,Credit Suisse Group
Q1-16,2015-04-29,6.26,02-28-2016,Credit Suisse Group
Q1-16,2015-05-06,6.17,02-28-2016,Credit Suisse Group
Q1-16,2015-05-20,6.17,02-28-2016,Credit Suisse Group
Q1-16,2015-05-28,6.17,02-28-2016,Credit Suisse Group
Q1-16,2015-06-03,6.17,02-28-2016,Credit Suisse Group
Q1-16,2015-06-10,6.17,02-28-2016,Credit Suisse Group
Q1-16,2015-06-17,6.17,02-28-2016,Credit Suisse Group
Q1-16,2015-06-24,6.17,02-28-2016,Credit Suisse Group
Q1-16,2015-07-01,6.17,02-28-2016,Credit Suisse Group
Q1-16,2015-08-03,6.16,02-28-2016,Credit Suisse Group
Q1-16,2015-08-05,6.16,02-28-2016,Credit Suisse Group
Q1-16,2015-08-12,6.69,02-28-2016,Credit Suisse Group
Q1-16,2015-08-17,6.68,02-28-2016,Credit Suisse Group
Q1-16,2015-08-19,6.69,02-28-2016,Credit Suisse Group
Q1-16,2015-08-25,6.68,02-28-2016,Credit Suisse Group
Q1-16,2015-09-21,6.67,02-28-2016,Credit Suisse Group
Q1-16,2015-09-23,6.67,02-28-2016,Credit Suisse Group
Q1-16,2015-09-30,6.67,02-28-2016,Credit Suisse Group
Q1-16,2015-10-07,6.66,02-28-2016,Credit Suisse Group
Q1-16,2015-10-14,6.66,02-28-2016,Credit Suisse Group
Q1-16,2015-10-28,6.66,02-28-2016,Credit Suisse Group
Q1-16,2015-11-02,6.66,02-28-2016,Credit Suisse Group
Q1-16,2015-11-04,6.66,02-28-2016,Credit Suisse Group
Q1-16,2015-11-12,6.52,02-28-2016,Credit Suisse Group
Q1-16,2015-11-16,6.52,02-28-2016,Credit Suisse Group
Q1-16,2015-11-23,6.52,02-28-2016,Credit Suisse Group
Q1-16,2015-11-25,6.52,02-28-2016,Credit Suisse Group
Q1-16,2015-12-11,6.52,02-28-2016,Credit Suisse Group
Q1-16,2016-01-05,6.62,02-28-2016,Credit Suisse Group
Q1-16,2016-01-13,6.61,02-28-2016,Credit Suisse Group
Q1-16,2016-01-18,6.61,02-28-2016,Credit Suisse Group
Q1-16,2016-01-27,6.6,02-28-2016,Credit Suisse Group
Q1-16,2016-01-29,6.6,02-28-2016,Credit Suisse Group
Q1-16,2016-02-03,6.6,02-28-2016,Credit Suisse Group
Q1-16,2016-02-10,6.58,02-28-2016,Credit Suisse Group
Q1-16,2016-02-17,6.56,02-28-2016,Credit Suisse Group
Q1-16,2016-02-22,6.56,02-28-2016,Credit Suisse Group
Q2-16,2015-06-03,6.18,02-28-2016,Credit Suisse Group
Q2-16,2015-06-10,6.18,02-28-2016,Credit Suisse Group
Q2-16,2015-06-17,6.18,02-28-2016,Credit Suisse Group
Q2-16,2015-06-24,6.18,02-28-2016,Credit Suisse Group
Q2-16,2015-07-01,6.18,02-28-2016,Credit Suisse Group
Q2-16,2015-08-03,6.17,02-28-2016,Credit Suisse Group
Q2-16,2015-08-05,6.17,02-28-2016,Credit Suisse Group
Q2-16,2015-08-12,6.76,02-28-2016,Credit Suisse Group
Q2-16,2015-08-17,6.75,02-28-2016,Credit Suisse Group
Q2-16,2015-08-19,6.75,02-28-2016,Credit Suisse Group
Q2-16,2015-08-25,6.75,02-28-2016,Credit Suisse Group
Q2-16,2015-09-21,6.73,02-28-2016,Credit Suisse Group
Q2-16,2015-09-23,6.73,02-28-2016,Credit Suisse Group
Q2-16,2015-09-30,6.72,02-28-2016,Credit Suisse Group
Q2-16,2015-10-07,6.71,02-28-2016,Credit Suisse Group
Q2-16,2015-10-14,6.7,02-28-2016,Credit Suisse Group
Q2-16,2015-10-28,6.7,02-28-2016,Credit Suisse Group
Q2-16,2015-11-02,6.69,02-28-2016,Credit Suisse Group
Q2-16,2015-11-04,6.69,02-28-2016,Credit Suisse Group
Q2-16,2015-11-12,6.53,02-28-2016,Credit Suisse Group
Q2-16,2015-11-16,6.53,02-28-2016,Credit Suisse Group
Q2-16,2015-11-23,6.53,02-28-2016,Credit Suisse Group
Q2-16,2015-11-25,6.53,02-28-2016,Credit Suisse Group
Q2-16,2015-12-11,6.52,02-28-2016,Credit Suisse Group
Q2-16,2016-01-05,6.67,02-28-2016,Credit Suisse Group
Q2-16,2016-01-13,6.67,02-28-2016,Credit Suisse Group
Q2-16,2016-01-18,6.66,02-28-2016,Credit Suisse Group
Q2-16,2016-01-27,6.66,02-28-2016,Credit Suisse Group
Q2-16,2016-01-29,6.66,02-28-2016,Credit Suisse Group
Q2-16,2016-02-03,6.65,02-28-2016,Credit Suisse Group
Q2-16,2016-02-10,6.65,02-28-2016,Credit Suisse Group
Q2-16,2016-02-17,6.65,02-28-2016,Credit Suisse Group
Q2-16,2016-02-22,6.65,02-28-2016,Credit Suisse Group
Q3-16,2015-09-21,6.81,02-28-2016,Credit Suisse Group
Q3-16,2015-09-23,6.81,02-28-2016,Credit Suisse Group
Q3-16,2015-09-30,6.8,02-28-2016,Credit Suisse Group
Q3-16,2015-10-07,6.79,02-28-2016,Credit Suisse Group
Q3-16,2015-10-14,6.79,02-28-2016,Credit Suisse Group
Q3-16,2015-10-28,6.77,02-28-2016,Credit Suisse Group
Q3-16,2015-11-02,6.77,02-28-2016,Credit Suisse Group
Q3-16,2015-11-04,6.77,02-28-2016,Credit Suisse Group
Q3-16,2015-11-12,6.55,02-28-2016,Credit Suisse Group
Q3-16,2015-11-16,6.55,02-28-2016,Credit Suisse Group
Q3-16,2015-11-23,6.55,02-28-2016,Credit Suisse Group
Q3-16,2015-11-25,6.55,02-28-2016,Credit Suisse Group
Q3-16,2015-12-11,6.54,02-28-2016,Credit Suisse Group
Q3-16,2016-01-05,6.72,02-28-2016,Credit Suisse Group
Q3-16,2016-01-13,6.72,02-28-2016,Credit Suisse Group
Q3-16,2016-01-18,6.72,02-28-2016,Credit Suisse Group
Q3-16,2016-01-27,6.71,02-28-2016,Credit Suisse Group
Q3-16,2016-01-29,6.71,02-28-2016,Credit Suisse Group
Q3-16,2016-02-03,6.71,02-28-2016,Credit Suisse Group
Q3-16,2016-02-10,6.7,02-28-2016,Credit Suisse Group
Q3-16,2016-02-17,6.69,02-28-2016,Credit Suisse Group
Q3-16,2016-02-22,6.69,02-28-2016,Credit Suisse Group
Q4-16,2015-12-11,6.58,02-28-2016,Credit Suisse Group
Q4-16,2016-01-05,6.78,02-28-2016,Credit Suisse Group
Q4-16,2016-01-13,6.77,02-28-2016,Credit Suisse Group
Q4-16,2016-01-18,6.77,02-28-2016,Credit Suisse Group
Q4-16,2016-01-27,6.76,02-28-2016,Credit Suisse Group
Q4-16,2016-01-29,6.76,02-28-2016,Credit Suisse Group
Q4-16,2016-02-03,6.76,02-28-2016,Credit Suisse Group
Q4-16,2016-02-10,6.75,02-28-2016,Credit Suisse Group
Q4-16,2016-02-17,6.75,02-28-2016,Credit Suisse Group
Q4-16,2016-02-22,6.75,02-28-2016,Credit Suisse Group
Q4-08,2007-11-15,7.06,11-30-2008,Credit Suisse Group
Q4-08,2008-01-14,6.85,11-30-2008,Credit Suisse Group
Q4-08,2008-05-27,6.6,11-30-2008,Credit Suisse Group
Q4-08,2008-06-04,6.82,11-30-2008,Credit Suisse Group
Q4-08,2008-06-05,6.82,11-30-2008,Credit Suisse Group
Q4-08,2008-06-13,6.65,11-30-2008,Credit Suisse Group
Q4-08,2008-06-20,6.47,11-30-2008,Credit Suisse Group
Q4-08,2008-07-02,6.49,11-30-2008,Credit Suisse Group
Q4-08,2008-07-03,6.38,11-30-2008,Credit Suisse Group
Q4-08,2008-07-14,6.39,11-30-2008,Credit Suisse Group
Q4-08,2008-07-17,6.4,11-30-2008,Credit Suisse Group
Q4-08,2008-07-28,6.59,11-30-2008,Credit Suisse Group
Q4-08,2008-08-04,6.59,11-30-2008,Credit Suisse Group
Q4-08,2008-08-08,6.69,11-30-2008,Credit Suisse Group
Q4-08,2008-08-18,6.61,11-30-2008,Credit Suisse Group
Q4-08,2008-08-26,6.71,11-30-2008,Credit Suisse Group
Q4-08,2008-09-03,6.71,11-30-2008,Credit Suisse Group
Q4-08,2008-09-04,6.73,11-30-2008,Credit Suisse Group
Q4-08,2008-11-03,6.85,11-30-2008,Credit Suisse Group
Q1-09,2008-05-27,6.42,11-30-2008,Credit Suisse Group
Q1-09,2008-06-04,6.62,11-30-2008,Credit Suisse Group
Q1-09,2008-06-05,6.63,11-30-2008,Credit Suisse Group
Q1-09,2008-06-13,6.46,11-30-2008,Credit Suisse Group
Q1-09,2008-06-20,6.3,11-30-2008,Credit Suisse Group
Q1-09,2008-07-02,6.31,11-30-2008,Credit Suisse Group
Q1-09,2008-07-03,6.21,11-30-2008,Credit Suisse Group
Q1-09,2008-07-14,6.23,11-30-2008,Credit Suisse Group
Q1-09,2008-07-17,6.23,11-30-2008,Credit Suisse Group
Q1-09,2008-07-28,6.42,11-30-2008,Credit Suisse Group
Q1-09,2008-08-04,6.49,11-30-2008,Credit Suisse Group
Q1-09,2008-08-08,6.59,11-30-2008,Credit Suisse Group
Q1-09,2008-08-18,6.5,11-30-2008,Credit Suisse Group
Q1-09,2008-08-26,6.62,11-30-2008,Credit Suisse Group
Q1-09,2008-09-03,6.62,11-30-2008,Credit Suisse Group
Q1-09,2008-09-04,6.69,11-30-2008,Credit Suisse Group
Q1-09,2008-11-03,6.84,11-30-2008,Credit Suisse Group
Q2-09,2008-06-04,6.44,11-30-2008,Credit Suisse Group
Q2-09,2008-06-05,6.44,11-30-2008,Credit Suisse Group
Q2-09,2008-07-28,6.25,11-30-2008,Credit Suisse Group
Q2-09,2008-08-08,6.49,11-30-2008,Credit Suisse Group
Q2-09,2008-08-26,6.52,11-30-2008,Credit Suisse Group
Q2-09,2008-09-03,6.52,11-30-2008,Credit Suisse Group
Q2-09,2008-09-04,6.64,11-30-2008,Credit Suisse Group
Q2-09,2008-11-03,6.82,11-30-2008,Credit Suisse Group
Q3-12,2011-10-20,6.1,08-31-2012,Credit Suisse Group
Q3-12,2011-10-24,6.1,08-31-2012,Credit Suisse Group
Q3-12,2011-11-17,6.12,08-31-2012,Credit Suisse Group
Q3-12,2011-12-01,6.24,08-31-2012,Credit Suisse Group
Q3-12,2012-01-05,6.26,08-31-2012,Credit Suisse Group
Q3-12,2012-01-13,6.26,08-31-2012,Credit Suisse Group
Q3-12,2012-01-20,6.23,08-31-2012,Credit Suisse Group
Q3-12,2012-01-30,6.23,08-31-2012,Credit Suisse Group
Q3-12,2012-02-15,6.23,08-31-2012,Credit Suisse Group
Q3-12,2012-02-24,6.23,08-31-2012,Credit Suisse Group
Q3-12,2012-03-02,6.23,08-31-2012,Credit Suisse Group
Q3-12,2012-03-15,6.34,08-31-2012,Credit Suisse Group
Q3-12,2012-03-29,6.39,08-31-2012,Credit Suisse Group
Q3-12,2012-04-13,6.36,08-31-2012,Credit Suisse Group
Q3-12,2012-04-16,6.36,08-31-2012,Credit Suisse Group
Q3-12,2012-04-20,6.37,08-31-2012,Credit Suisse Group
Q3-12,2012-04-25,6.27,08-31-2012,Credit Suisse Group
Q3-12,2012-04-27,6.27,08-31-2012,Credit Suisse Group
Q3-12,2012-05-02,6.28,08-31-2012,Credit Suisse Group
Q3-12,2012-05-04,6.28,08-31-2012,Credit Suisse Group
Q3-12,2012-05-11,6.28,08-31-2012,Credit Suisse Group
Q3-12,2012-05-30,6.28,08-31-2012,Credit Suisse Group
Q3-12,2012-06-08,6.38,08-31-2012,Credit Suisse Group
Q3-12,2012-06-15,6.39,08-31-2012,Credit Suisse Group
Q3-12,2012-06-29,6.39,08-31-2012,Credit Suisse Group
Q3-12,2012-07-31,6.38,08-31-2012,Credit Suisse Group
Q3-12,2012-08-06,6.39,08-31-2012,Credit Suisse Group
Q3-12,2012-08-16,6.38,08-31-2012,Credit Suisse Group
Q3-12,2012-08-24,6.37,08-31-2012,Credit Suisse Group
Q3-12,2012-08-31,6.36,08-31-2012,Credit Suisse Group
Q4-12,2011-04-06,6.2,08-31-2012,Credit Suisse Group
Q4-12,2012-01-05,6.2,08-31-2012,Credit Suisse Group
Q4-12,2012-01-13,6.21,08-31-2012,Credit Suisse Group
Q4-12,2012-01-20,6.21,08-31-2012,Credit Suisse Group
Q4-12,2012-01-30,6.21,08-31-2012,Credit Suisse Group
Q4-12,2012-02-15,6.21,08-31-2012,Credit Suisse Group
Q4-12,2012-02-24,6.21,08-31-2012,Credit Suisse Group
Q4-12,2012-03-02,6.21,08-31-2012,Credit Suisse Group
Q4-12,2012-03-15,6.3,08-31-2012,Credit Suisse Group
Q4-12,2012-03-29,6.35,08-31-2012,Credit Suisse Group
Q4-12,2012-04-13,6.31,08-31-2012,Credit Suisse Group
Q4-12,2012-04-16,6.31,08-31-2012,Credit Suisse Group
Q4-12,2012-04-20,6.31,08-31-2012,Credit Suisse Group
Q4-12,2012-04-25,6.22,08-31-2012,Credit Suisse Group
Q4-12,2012-04-27,6.22,08-31-2012,Credit Suisse Group
Q4-12,2012-05-02,6.23,08-31-2012,Credit Suisse Group
Q4-12,2012-05-04,6.23,08-31-2012,Credit Suisse Group
Q4-12,2012-05-11,6.23,08-31-2012,Credit Suisse Group
Q4-12,2012-05-30,6.24,08-31-2012,Credit Suisse Group
Q4-12,2012-06-08,6.31,08-31-2012,Credit Suisse Group
Q4-12,2012-06-15,6.31,08-31-2012,Credit Suisse Group
Q4-12,2012-06-29,6.33,08-31-2012,Credit Suisse Group
Q4-12,2012-07-31,6.36,08-31-2012,Credit Suisse Group
Q4-12,2012-08-06,6.36,08-31-2012,Credit Suisse Group
Q4-12,2012-08-16,6.37,08-31-2012,Credit Suisse Group
Q4-12,2012-08-24,6.38,08-31-2012,Credit Suisse Group
Q4-12,2012-08-31,6.38,08-31-2012,Credit Suisse Group
Q1-13,2012-03-29,6.3,08-31-2012,Credit Suisse Group
Q1-13,2012-04-13,6.27,08-31-2012,Credit Suisse Group
Q1-13,2012-04-16,6.27,08-31-2012,Credit Suisse Group
Q1-13,2012-04-20,6.28,08-31-2012,Credit Suisse Group
Q1-13,2012-04-25,6.18,08-31-2012,Credit Suisse Group
Q1-13,2012-04-27,6.18,08-31-2012,Credit Suisse Group
Q1-13,2012-05-02,6.18,08-31-2012,Credit Suisse Group
Q1-13,2012-05-04,6.19,08-31-2012,Credit Suisse Group
Q1-13,2012-05-11,6.19,08-31-2012,Credit Suisse Group
Q1-13,2012-05-30,6.2,08-31-2012,Credit Suisse Group
Q1-13,2012-06-08,6.24,08-31-2012,Credit Suisse Group
Q1-13,2012-06-15,6.25,08-31-2012,Credit Suisse Group
Q1-13,2012-06-29,6.26,08-31-2012,Credit Suisse Group
Q1-13,2012-07-31,6.28,08-31-2012,Credit Suisse Group
Q1-13,2012-08-06,6.28,08-31-2012,Credit Suisse Group
Q1-13,2012-08-16,6.29,08-31-2012,Credit Suisse Group
Q1-13,2012-08-24,6.3,08-31-2012,Credit Suisse Group
Q1-13,2012-08-31,6.3,08-31-2012,Credit Suisse Group
Q2-13,2012-07-31,6.22,08-31-2012,Credit Suisse Group
Q2-13,2012-08-06,6.22,08-31-2012,Credit Suisse Group
Q2-13,2012-08-16,6.23,08-31-2012,Credit Suisse Group
Q2-13,2012-08-24,6.23,08-31-2012,Credit Suisse Group
Q2-13,2012-08-31,6.24,08-31-2012,Credit Suisse Group
Q1-15,2014-03-06,6.07,02-28-2015,Credit Suisse Group
Q1-15,2014-03-11,6.07,02-28-2015,Credit Suisse Group
Q1-15,2014-03-26,6.07,02-28-2015,Credit Suisse Group
Q1-15,2014-04-02,6.07,02-28-2015,Credit Suisse Group
Q1-15,2014-04-10,6.07,02-28-2015,Credit Suisse Group
Q1-15,2014-04-16,6.07,02-28-2015,Credit Suisse Group
Q1-15,2014-04-24,6.08,02-28-2015,Credit Suisse Group
Q1-15,2014-04-30,6.08,02-28-2015,Credit Suisse Group
Q1-15,2014-05-07,6.08,02-28-2015,Credit Suisse Group
Q1-15,2014-05-15,6.08,02-28-2015,Credit Suisse Group
Q1-15,2014-05-21,6.08,02-28-2015,Credit Suisse Group
Q1-15,2014-05-27,6.08,02-28-2015,Credit Suisse Group
Q1-15,2014-05-30,6.08,02-28-2015,Credit Suisse Group
Q1-15,2014-06-10,6.12,02-28-2015,Credit Suisse Group
Q1-15,2014-06-30,6.12,02-28-2015,Credit Suisse Group
Q1-15,2014-07-16,6.12,02-28-2015,Credit Suisse Group
Q1-15,2014-07-23,6.12,02-28-2015,Credit Suisse Group
Q1-15,2014-07-30,6.12,02-28-2015,Credit Suisse Group
Q1-15,2014-08-06,6.12,02-28-2015,Credit Suisse Group
Q1-15,2014-08-18,6.12,02-28-2015,Credit Suisse Group
Q1-15,2014-09-03,6.12,02-28-2015,Credit Suisse Group
Q1-15,2014-09-15,6.13,02-28-2015,Credit Suisse Group
Q1-15,2014-09-25,6.13,02-28-2015,Credit Suisse Group
Q1-15,2014-10-01,6.13,02-28-2015,Credit Suisse Group
Q1-15,2014-10-09,6.13,02-28-2015,Credit Suisse Group
Q1-15,2014-10-13,6.13,02-28-2015,Credit Suisse Group
Q1-15,2014-10-20,6.14,02-28-2015,Credit Suisse Group
Q1-15,2014-10-22,6.14,02-28-2015,Credit Suisse Group
Q1-15,2014-10-27,6.14,02-28-2015,Credit Suisse Group
Q1-15,2014-10-28,6.14,02-28-2015,Credit Suisse Group
Q1-15,2014-11-03,6.14,02-28-2015,Credit Suisse Group
Q1-15,2014-11-05,6.14,02-28-2015,Credit Suisse Group
Q1-15,2014-11-13,6.14,02-28-2015,Credit Suisse Group
Q1-15,2014-11-20,6.14,02-28-2015,Credit Suisse Group
Q1-15,2014-12-03,6.14,02-28-2015,Credit Suisse Group
Q1-15,2014-12-10,6.14,02-28-2015,Credit Suisse Group
Q1-15,2014-12-17,6.14,02-28-2015,Credit Suisse Group
Q1-15,2015-01-07,6.14,02-28-2015,Credit Suisse Group
Q1-15,2015-01-08,6.14,02-28-2015,Credit Suisse Group
Q1-15,2015-01-09,6.15,02-28-2015,Credit Suisse Group
Q1-15,2015-01-14,6.15,02-28-2015,Credit Suisse Group
Q1-15,2015-01-19,6.15,02-28-2015,Credit Suisse Group
Q1-15,2015-01-22,6.16,02-28-2015,Credit Suisse Group
Q1-15,2015-01-26,6.16,02-28-2015,Credit Suisse Group
Q1-15,2015-01-30,6.17,02-28-2015,Credit Suisse Group
Q1-15,2015-02-02,6.17,02-28-2015,Credit Suisse Group
Q1-15,2015-02-03,6.17,02-28-2015,Credit Suisse Group
Q1-15,2015-02-04,6.18,02-28-2015,Credit Suisse Group
Q1-15,2015-02-11,6.18,02-28-2015,Credit Suisse Group
Q1-15,2015-02-25,6.14,02-28-2015,Credit Suisse Group
Q2-15,2014-06-10,6.1,02-28-2015,Credit Suisse Group
Q2-15,2014-06-30,6.1,02-28-2015,Credit Suisse Group
Q2-15,2014-07-16,6.1,02-28-2015,Credit Suisse Group
Q2-15,2014-07-23,6.11,02-28-2015,Credit Suisse Group
Q2-15,2014-07-30,6.1,02-28-2015,Credit Suisse Group
Q2-15,2014-08-06,6.11,02-28-2015,Credit Suisse Group
Q2-15,2014-08-18,6.11,02-28-2015,Credit Suisse Group
Q2-15,2014-09-03,6.11,02-28-2015,Credit Suisse Group
Q2-15,2014-09-15,6.12,02-28-2015,Credit Suisse Group
Q2-15,2014-09-25,6.13,02-28-2015,Credit Suisse Group
Q2-15,2014-10-01,6.13,02-28-2015,Credit Suisse Group
Q2-15,2014-10-09,6.13,02-28-2015,Credit Suisse Group
Q2-15,2014-10-13,6.13,02-28-2015,Credit Suisse Group
Q2-15,2014-10-20,6.13,02-28-2015,Credit Suisse Group
Q2-15,2014-10-22,6.13,02-28-2015,Credit Suisse Group
Q2-15,2014-10-27,6.13,02-28-2015,Credit Suisse Group
Q2-15,2014-10-28,6.13,02-28-2015,Credit Suisse Group
Q2-15,2014-11-03,6.13,02-28-2015,Credit Suisse Group
Q2-15,2014-11-05,6.13,02-28-2015,Credit Suisse Group
Q2-15,2014-11-13,6.13,02-28-2015,Credit Suisse Group
Q2-15,2014-11-20,6.13,02-28-2015,Credit Suisse Group
Q2-15,2014-12-03,6.13,02-28-2015,Credit Suisse Group
Q2-15,2014-12-10,6.13,02-28-2015,Credit Suisse Group
Q2-15,2014-12-17,6.13,02-28-2015,Credit Suisse Group
Q2-15,2015-01-07,6.15,02-28-2015,Credit Suisse Group
Q2-15,2015-01-08,6.15,02-28-2015,Credit Suisse Group
Q2-15,2015-01-09,6.15,02-28-2015,Credit Suisse Group
Q2-15,2015-01-14,6.15,02-28-2015,Credit Suisse Group
Q2-15,2015-01-19,6.14,02-28-2015,Credit Suisse Group
Q2-15,2015-01-22,6.14,02-28-2015,Credit Suisse Group
Q2-15,2015-01-26,6.14,02-28-2015,Credit Suisse Group
Q2-15,2015-01-30,6.14,02-28-2015,Credit Suisse Group
Q2-15,2015-02-02,6.14,02-28-2015,Credit Suisse Group
Q2-15,2015-02-03,6.14,02-28-2015,Credit Suisse Group
Q2-15,2015-02-04,6.13,02-28-2015,Credit Suisse Group
Q2-15,2015-02-11,6.13,02-28-2015,Credit Suisse Group
Q2-15,2015-02-25,6.14,02-28-2015,Credit Suisse Group
Q3-15,2014-09-03,6.1,02-28-2015,Credit Suisse Group
Q3-15,2014-09-15,6.12,02-28-2015,Credit Suisse Group
Q3-15,2014-09-25,6.12,02-28-2015,Credit Suisse Group
Q3-15,2014-10-01,6.12,02-28-2015,Credit Suisse Group
Q3-15,2014-10-09,6.12,02-28-2015,Credit Suisse Group
Q3-15,2014-10-13,6.12,02-28-2015,Credit Suisse Group
Q3-15,2014-10-20,6.12,02-28-2015,Credit Suisse Group
Q3-15,2014-10-22,6.12,02-28-2015,Credit Suisse Group
Q3-15,2014-10-27,6.12,02-28-2015,Credit Suisse Group
Q3-15,2014-10-28,6.12,02-28-2015,Credit Suisse Group
Q3-15,2014-11-03,6.12,02-28-2015,Credit Suisse Group
Q3-15,2014-11-05,6.12,02-28-2015,Credit Suisse Group
Q3-15,2014-11-13,6.12,02-28-2015,Credit Suisse Group
Q3-15,2014-11-20,6.12,02-28-2015,Credit Suisse Group
Q3-15,2014-12-03,6.12,02-28-2015,Credit Suisse Group
Q3-15,2014-12-10,6.12,02-28-2015,Credit Suisse Group
Q3-15,2014-12-17,6.13,02-28-2015,Credit Suisse Group
Q3-15,2015-01-07,6.16,02-28-2015,Credit Suisse Group
Q3-15,2015-01-08,6.17,02-28-2015,Credit Suisse Group
Q3-15,2015-01-09,6.17,02-28-2015,Credit Suisse Group
Q3-15,2015-01-14,6.17,02-28-2015,Credit Suisse Group
Q3-15,2015-01-19,6.16,02-28-2015,Credit Suisse Group
Q3-15,2015-01-22,6.17,02-28-2015,Credit Suisse Group
Q3-15,2015-01-26,6.16,02-28-2015,Credit Suisse Group
Q3-15,2015-01-30,6.17,02-28-2015,Credit Suisse Group
Q3-15,2015-02-02,6.16,02-28-2015,Credit Suisse Group
Q3-15,2015-02-03,6.16,02-28-2015,Credit Suisse Group
Q3-15,2015-02-04,6.17,02-28-2015,Credit Suisse Group
Q3-15,2015-02-11,6.16,02-28-2015,Credit Suisse Group
Q3-15,2015-02-25,6.15,02-28-2015,Credit Suisse Group
Q4-15,2014-12-03,6.12,02-28-2015,Credit Suisse Group
Q4-15,2014-12-10,6.12,02-28-2015,Credit Suisse Group
Q4-15,2014-12-17,6.12,02-28-2015,Credit Suisse Group
Q4-15,2015-01-07,6.17,02-28-2015,Credit Suisse Group
Q4-15,2015-01-08,6.17,02-28-2015,Credit Suisse Group
Q4-15,2015-01-09,6.17,02-28-2015,Credit Suisse Group
Q4-15,2015-01-14,6.17,02-28-2015,Credit Suisse Group
Q4-15,2015-01-19,6.17,02-28-2015,Credit Suisse Group
Q4-15,2015-01-22,6.17,02-28-2015,Credit Suisse Group
Q4-15,2015-01-26,6.17,02-28-2015,Credit Suisse Group
Q4-15,2015-01-30,6.17,02-28-2015,Credit Suisse Group
Q4-15,2015-02-02,6.17,02-28-2015,Credit Suisse Group
Q4-15,2015-02-03,6.17,02-28-2015,Credit Suisse Group
Q4-15,2015-02-04,6.17,02-28-2015,Credit Suisse Group
Q4-15,2015-02-11,6.17,02-28-2015,Credit Suisse Group
Q4-15,2015-02-25,6.16,02-28-2015,Credit Suisse Group
Q4-12,2011-04-06,6.2,11-30-2012,Credit Suisse Group
Q4-12,2012-01-05,6.2,11-30-2012,Credit Suisse Group
Q4-12,2012-01-13,6.21,11-30-2012,Credit Suisse Group
Q4-12,2012-01-20,6.21,11-30-2012,Credit Suisse Group
Q4-12,2012-01-30,6.21,11-30-2012,Credit Suisse Group
Q4-12,2012-02-15,6.21,11-30-2012,Credit Suisse Group
Q4-12,2012-02-24,6.21,11-30-2012,Credit Suisse Group
Q4-12,2012-03-02,6.21,11-30-2012,Credit Suisse Group
Q4-12,2012-03-15,6.3,11-30-2012,Credit Suisse Group
Q4-12,2012-03-29,6.35,11-30-2012,Credit Suisse Group
Q4-12,2012-04-13,6.31,11-30-2012,Credit Suisse Group
Q4-12,2012-04-16,6.31,11-30-2012,Credit Suisse Group
Q4-12,2012-04-20,6.31,11-30-2012,Credit Suisse Group
Q4-12,2012-04-25,6.22,11-30-2012,Credit Suisse Group
Q4-12,2012-04-27,6.22,11-30-2012,Credit Suisse Group
Q4-12,2012-05-02,6.23,11-30-2012,Credit Suisse Group
Q4-12,2012-05-04,6.23,11-30-2012,Credit Suisse Group
Q4-12,2012-05-11,6.23,11-30-2012,Credit Suisse Group
Q4-12,2012-05-30,6.24,11-30-2012,Credit Suisse Group
Q4-12,2012-06-08,6.31,11-30-2012,Credit Suisse Group
Q4-12,2012-06-15,6.31,11-30-2012,Credit Suisse Group
Q4-12,2012-06-29,6.33,11-30-2012,Credit Suisse Group
Q4-12,2012-07-31,6.36,11-30-2012,Credit Suisse Group
Q4-12,2012-08-06,6.36,11-30-2012,Credit Suisse Group
Q4-12,2012-08-16,6.37,11-30-2012,Credit Suisse Group
Q4-12,2012-08-24,6.38,11-30-2012,Credit Suisse Group
Q4-12,2012-08-31,6.38,11-30-2012,Credit Suisse Group
Q4-12,2012-09-03,6.38,11-30-2012,Credit Suisse Group
Q4-12,2012-09-10,6.38,11-30-2012,Credit Suisse Group
Q4-12,2012-09-14,6.39,11-30-2012,Credit Suisse Group
Q4-12,2012-09-18,6.32,11-30-2012,Credit Suisse Group
Q4-12,2012-10-03,6.32,11-30-2012,Credit Suisse Group
Q4-12,2012-10-09,6.32,11-30-2012,Credit Suisse Group
Q4-12,2012-10-12,6.32,11-30-2012,Credit Suisse Group
Q4-12,2012-10-26,6.3,11-30-2012,Credit Suisse Group
Q4-12,2012-11-09,6.29,11-30-2012,Credit Suisse Group
Q4-12,2012-11-16,6.22,11-30-2012,Credit Suisse Group
Q4-12,2012-11-30,6.22,11-30-2012,Credit Suisse Group
Q1-13,2012-03-29,6.3,11-30-2012,Credit Suisse Group
Q1-13,2012-04-13,6.27,11-30-2012,Credit Suisse Group
Q1-13,2012-04-16,6.27,11-30-2012,Credit Suisse Group
Q1-13,2012-04-20,6.28,11-30-2012,Credit Suisse Group
Q1-13,2012-04-25,6.18,11-30-2012,Credit Suisse Group
Q1-13,2012-04-27,6.18,11-30-2012,Credit Suisse Group
Q1-13,2012-05-02,6.18,11-30-2012,Credit Suisse Group
Q1-13,2012-05-04,6.19,11-30-2012,Credit Suisse Group
Q1-13,2012-05-11,6.19,11-30-2012,Credit Suisse Group
Q1-13,2012-05-30,6.2,11-30-2012,Credit Suisse Group
Q1-13,2012-06-08,6.24,11-30-2012,Credit Suisse Group
Q1-13,2012-06-15,6.25,11-30-2012,Credit Suisse Group
Q1-13,2012-06-29,6.26,11-30-2012,Credit Suisse Group
Q1-13,2012-07-31,6.28,11-30-2012,Credit Suisse Group
Q1-13,2012-08-06,6.28,11-30-2012,Credit Suisse Group
Q1-13,2012-08-16,6.29,11-30-2012,Credit Suisse Group
Q1-13,2012-08-24,6.3,11-30-2012,Credit Suisse Group
Q1-13,2012-08-31,6.3,11-30-2012,Credit Suisse Group
Q1-13,2012-09-03,6.3,11-30-2012,Credit Suisse Group
Q1-13,2012-09-10,6.3,11-30-2012,Credit Suisse Group
Q1-13,2012-09-14,6.31,11-30-2012,Credit Suisse Group
Q1-13,2012-09-18,6.27,11-30-2012,Credit Suisse Group
Q1-13,2012-10-03,6.28,11-30-2012,Credit Suisse Group
Q1-13,2012-10-09,6.29,11-30-2012,Credit Suisse Group
Q1-13,2012-10-12,6.29,11-30-2012,Credit Suisse Group
Q1-13,2012-10-26,6.3,11-30-2012,Credit Suisse Group
Q1-13,2012-11-09,6.31,11-30-2012,Credit Suisse Group
Q1-13,2012-11-16,6.17,11-30-2012,Credit Suisse Group
Q1-13,2012-11-30,6.18,11-30-2012,Credit Suisse Group
Q2-13,2012-07-31,6.22,11-30-2012,Credit Suisse Group
Q2-13,2012-08-06,6.22,11-30-2012,Credit Suisse Group
Q2-13,2012-08-16,6.23,11-30-2012,Credit Suisse Group
Q2-13,2012-08-24,6.23,11-30-2012,Credit Suisse Group
Q2-13,2012-08-31,6.24,11-30-2012,Credit Suisse Group
Q2-13,2012-09-03,6.24,11-30-2012,Credit Suisse Group
Q2-13,2012-09-10,6.24,11-30-2012,Credit Suisse Group
Q2-13,2012-09-14,6.24,11-30-2012,Credit Suisse Group
Q2-13,2012-09-18,6.23,11-30-2012,Credit Suisse Group
Q2-13,2012-10-03,6.24,11-30-2012,Credit Suisse Group
Q2-13,2012-10-09,6.24,11-30-2012,Credit Suisse Group
Q2-13,2012-10-12,6.24,11-30-2012,Credit Suisse Group
Q2-13,2012-10-26,6.24,11-30-2012,Credit Suisse Group
Q2-13,2012-11-09,6.25,11-30-2012,Credit Suisse Group
Q2-13,2012-11-16,6.09,11-30-2012,Credit Suisse Group
Q2-13,2012-11-30,6.1,11-30-2012,Credit Suisse Group
Q3-13,2012-09-18,6.2,11-30-2012,Credit Suisse Group
Q3-13,2012-10-03,6.2,11-30-2012,Credit Suisse Group
Q3-13,2012-10-09,6.2,11-30-2012,Credit Suisse Group
Q3-13,2012-10-12,6.2,11-30-2012,Credit Suisse Group
Q3-13,2012-10-26,6.21,11-30-2012,Credit Suisse Group
Q3-13,2012-11-09,6.21,11-30-2012,Credit Suisse Group
Q3-13,2012-11-16,6.02,11-30-2012,Credit Suisse Group
Q3-13,2012-11-30,6.02,11-30-2012,Credit Suisse Group
Q2-15,2014-06-10,6.1,05-31-2015,Credit Suisse Group
Q2-15,2014-06-30,6.1,05-31-2015,Credit Suisse Group
Q2-15,2014-07-16,6.1,05-31-2015,Credit Suisse Group
Q2-15,2014-07-23,6.11,05-31-2015,Credit Suisse Group
Q2-15,2014-07-30,6.1,05-31-2015,Credit Suisse Group
Q2-15,2014-08-06,6.11,05-31-2015,Credit Suisse Group
Q2-15,2014-08-18,6.11,05-31-2015,Credit Suisse Group
Q2-15,2014-09-03,6.11,05-31-2015,Credit Suisse Group
Q2-15,2014-09-15,6.12,05-31-2015,Credit Suisse Group
Q2-15,2014-09-25,6.13,05-31-2015,Credit Suisse Group
Q2-15,2014-10-01,6.13,05-31-2015,Credit Suisse Group
Q2-15,2014-10-09,6.13,05-31-2015,Credit Suisse Group
Q2-15,2014-10-13,6.13,05-31-2015,Credit Suisse Group
Q2-15,2014-10-20,6.13,05-31-2015,Credit Suisse Group
Q2-15,2014-10-22,6.13,05-31-2015,Credit Suisse Group
Q2-15,2014-10-27,6.13,05-31-2015,Credit Suisse Group
Q2-15,2014-10-28,6.13,05-31-2015,Credit Suisse Group
Q2-15,2014-11-03,6.13,05-31-2015,Credit Suisse Group
Q2-15,2014-11-05,6.13,05-31-2015,Credit Suisse Group
Q2-15,2014-11-13,6.13,05-31-2015,Credit Suisse Group
Q2-15,2014-11-20,6.13,05-31-2015,Credit Suisse Group
Q2-15,2014-12-03,6.13,05-31-2015,Credit Suisse Group
Q2-15,2014-12-10,6.13,05-31-2015,Credit Suisse Group
Q2-15,2014-12-17,6.13,05-31-2015,Credit Suisse Group
Q2-15,2015-01-07,6.15,05-31-2015,Credit Suisse Group
Q2-15,2015-01-08,6.15,05-31-2015,Credit Suisse Group
Q2-15,2015-01-09,6.15,05-31-2015,Credit Suisse Group
Q2-15,2015-01-14,6.15,05-31-2015,Credit Suisse Group
Q2-15,2015-01-19,6.14,05-31-2015,Credit Suisse Group
Q2-15,2015-01-22,6.14,05-31-2015,Credit Suisse Group
Q2-15,2015-01-26,6.14,05-31-2015,Credit Suisse Group
Q2-15,2015-01-30,6.14,05-31-2015,Credit Suisse Group
Q2-15,2015-02-02,6.14,05-31-2015,Credit Suisse Group
Q2-15,2015-02-03,6.14,05-31-2015,Credit Suisse Group
Q2-15,2015-02-04,6.13,05-31-2015,Credit Suisse Group
Q2-15,2015-02-11,6.13,05-31-2015,Credit Suisse Group
Q2-15,2015-02-25,6.14,05-31-2015,Credit Suisse Group
Q2-15,2015-03-04,6.28,05-31-2015,Credit Suisse Group
Q2-15,2015-03-09,6.27,05-31-2015,Credit Suisse Group
Q2-15,2015-03-11,6.27,05-31-2015,Credit Suisse Group
Q2-15,2015-03-18,6.27,05-31-2015,Credit Suisse Group
Q2-15,2015-04-01,6.26,05-31-2015,Credit Suisse Group
Q2-15,2015-04-14,6.25,05-31-2015,Credit Suisse Group
Q2-15,2015-04-16,6.24,05-31-2015,Credit Suisse Group
Q2-15,2015-04-22,6.23,05-31-2015,Credit Suisse Group
Q2-15,2015-04-27,6.23,05-31-2015,Credit Suisse Group
Q2-15,2015-04-29,6.22,05-31-2015,Credit Suisse Group
Q2-15,2015-05-06,6.13,05-31-2015,Credit Suisse Group
Q2-15,2015-05-20,6.12,05-31-2015,Credit Suisse Group
Q2-15,2015-05-28,6.13,05-31-2015,Credit Suisse Group
Q3-15,2014-09-03,6.1,05-31-2015,Credit Suisse Group
Q3-15,2014-09-15,6.12,05-31-2015,Credit Suisse Group
Q3-15,2014-09-25,6.12,05-31-2015,Credit Suisse Group
Q3-15,2014-10-01,6.12,05-31-2015,Credit Suisse Group
Q3-15,2014-10-09,6.12,05-31-2015,Credit Suisse Group
Q3-15,2014-10-13,6.12,05-31-2015,Credit Suisse Group
Q3-15,2014-10-20,6.12,05-31-2015,Credit Suisse Group
Q3-15,2014-10-22,6.12,05-31-2015,Credit Suisse Group
Q3-15,2014-10-27,6.12,05-31-2015,Credit Suisse Group
Q3-15,2014-10-28,6.12,05-31-2015,Credit Suisse Group
Q3-15,2014-11-03,6.12,05-31-2015,Credit Suisse Group
Q3-15,2014-11-05,6.12,05-31-2015,Credit Suisse Group
Q3-15,2014-11-13,6.12,05-31-2015,Credit Suisse Group
Q3-15,2014-11-20,6.12,05-31-2015,Credit Suisse Group
Q3-15,2014-12-03,6.12,05-31-2015,Credit Suisse Group
Q3-15,2014-12-10,6.12,05-31-2015,Credit Suisse Group
Q3-15,2014-12-17,6.13,05-31-2015,Credit Suisse Group
Q3-15,2015-01-07,6.16,05-31-2015,Credit Suisse Group
Q3-15,2015-01-08,6.17,05-31-2015,Credit Suisse Group
Q3-15,2015-01-09,6.17,05-31-2015,Credit Suisse Group
Q3-15,2015-01-14,6.17,05-31-2015,Credit Suisse Group
Q3-15,2015-01-19,6.16,05-31-2015,Credit Suisse Group
Q3-15,2015-01-22,6.17,05-31-2015,Credit Suisse Group
Q3-15,2015-01-26,6.16,05-31-2015,Credit Suisse Group
Q3-15,2015-01-30,6.17,05-31-2015,Credit Suisse Group
Q3-15,2015-02-02,6.16,05-31-2015,Credit Suisse Group
Q3-15,2015-02-03,6.16,05-31-2015,Credit Suisse Group
Q3-15,2015-02-04,6.17,05-31-2015,Credit Suisse Group
Q3-15,2015-02-11,6.16,05-31-2015,Credit Suisse Group
Q3-15,2015-02-25,6.15,05-31-2015,Credit Suisse Group
Q3-15,2015-03-04,6.26,05-31-2015,Credit Suisse Group
Q3-15,2015-03-09,6.26,05-31-2015,Credit Suisse Group
Q3-15,2015-03-11,6.26,05-31-2015,Credit Suisse Group
Q3-15,2015-03-18,6.26,05-31-2015,Credit Suisse Group
Q3-15,2015-04-01,6.26,05-31-2015,Credit Suisse Group
Q3-15,2015-04-14,6.27,05-31-2015,Credit Suisse Group
Q3-15,2015-04-16,6.27,05-31-2015,Credit Suisse Group
Q3-15,2015-04-22,6.27,05-31-2015,Credit Suisse Group
Q3-15,2015-04-27,6.27,05-31-2015,Credit Suisse Group
Q3-15,2015-04-29,6.27,05-31-2015,Credit Suisse Group
Q3-15,2015-05-06,6.15,05-31-2015,Credit Suisse Group
Q3-15,2015-05-20,6.15,05-31-2015,Credit Suisse Group
Q3-15,2015-05-28,6.15,05-31-2015,Credit Suisse Group
Q4-15,2014-12-03,6.12,05-31-2015,Credit Suisse Group
Q4-15,2014-12-10,6.12,05-31-2015,Credit Suisse Group
Q4-15,2014-12-17,6.12,05-31-2015,Credit Suisse Group
Q4-15,2015-01-07,6.17,05-31-2015,Credit Suisse Group
Q4-15,2015-01-08,6.17,05-31-2015,Credit Suisse Group
Q4-15,2015-01-09,6.17,05-31-2015,Credit Suisse Group
Q4-15,2015-01-14,6.17,05-31-2015,Credit Suisse Group
Q4-15,2015-01-19,6.17,05-31-2015,Credit Suisse Group
Q4-15,2015-01-22,6.17,05-31-2015,Credit Suisse Group
Q4-15,2015-01-26,6.17,05-31-2015,Credit Suisse Group
Q4-15,2015-01-30,6.17,05-31-2015,Credit Suisse Group
Q4-15,2015-02-02,6.17,05-31-2015,Credit Suisse Group
Q4-15,2015-02-03,6.17,05-31-2015,Credit Suisse Group
Q4-15,2015-02-04,6.17,05-31-2015,Credit Suisse Group
Q4-15,2015-02-11,6.17,05-31-2015,Credit Suisse Group
Q4-15,2015-02-25,6.16,05-31-2015,Credit Suisse Group
Q4-15,2015-03-04,6.26,05-31-2015,Credit Suisse Group
Q4-15,2015-03-09,6.26,05-31-2015,Credit Suisse Group
Q4-15,2015-03-11,6.26,05-31-2015,Credit Suisse Group
Q4-15,2015-03-18,6.26,05-31-2015,Credit Suisse Group
Q4-15,2015-04-01,6.26,05-31-2015,Credit Suisse Group
Q4-15,2015-04-14,6.26,05-31-2015,Credit Suisse Group
Q4-15,2015-04-16,6.26,05-31-2015,Credit Suisse Group
Q4-15,2015-04-22,6.25,05-31-2015,Credit Suisse Group
Q4-15,2015-04-27,6.25,05-31-2015,Credit Suisse Group
Q4-15,2015-04-29,6.25,05-31-2015,Credit Suisse Group
Q4-15,2015-05-06,6.16,05-31-2015,Credit Suisse Group
Q4-15,2015-05-20,6.16,05-31-2015,Credit Suisse Group
Q4-15,2015-05-28,6.16,05-31-2015,Credit Suisse Group
Q1-16,2015-03-04,6.28,05-31-2015,Credit Suisse Group
Q1-16,2015-03-09,6.27,05-31-2015,Credit Suisse Group
Q1-16,2015-03-11,6.27,05-31-2015,Credit Suisse Group
Q1-16,2015-03-18,6.27,05-31-2015,Credit Suisse Group
Q1-16,2015-04-01,6.27,05-31-2015,Credit Suisse Group
Q1-16,2015-04-14,6.27,05-31-2015,Credit Suisse Group
Q1-16,2015-04-16,6.27,05-31-2015,Credit Suisse Group
Q1-16,2015-04-22,6.27,05-31-2015,Credit Suisse Group
Q1-16,2015-04-27,6.26,05-31-2015,Credit Suisse Group
Q1-16,2015-04-29,6.26,05-31-2015,Credit Suisse Group
Q1-16,2015-05-06,6.17,05-31-2015,Credit Suisse Group
Q1-16,2015-05-20,6.17,05-31-2015,Credit Suisse Group
Q1-16,2015-05-28,6.17,05-31-2015,Credit Suisse Group
Q3-08,2007-09-18,7.06,08-31-2008,Credit Suisse Group
Q3-08,2007-09-27,7.06,08-31-2008,Credit Suisse Group
Q3-08,2007-10-11,7.06,08-31-2008,Credit Suisse Group
Q3-08,2007-10-26,7.06,08-31-2008,Credit Suisse Group
Q3-08,2007-11-08,7.06,08-31-2008,Credit Suisse Group
Q3-08,2007-11-15,7.18,08-31-2008,Credit Suisse Group
Q3-08,2007-12-04,6.97,08-31-2008,Credit Suisse Group
Q3-08,2008-01-14,6.97,08-31-2008,Credit Suisse Group
Q3-08,2008-05-27,6.8,08-31-2008,Credit Suisse Group
Q3-08,2008-06-04,6.95,08-31-2008,Credit Suisse Group
Q3-08,2008-06-05,6.95,08-31-2008,Credit Suisse Group
Q3-08,2008-06-13,6.85,08-31-2008,Credit Suisse Group
Q3-08,2008-06-20,6.66,08-31-2008,Credit Suisse Group
Q3-08,2008-07-02,6.69,08-31-2008,Credit Suisse Group
Q3-08,2008-07-03,6.54,08-31-2008,Credit Suisse Group
Q3-08,2008-07-14,6.56,08-31-2008,Credit Suisse Group
Q3-08,2008-07-17,6.57,08-31-2008,Credit Suisse Group
Q3-08,2008-07-28,6.74,08-31-2008,Credit Suisse Group
Q3-08,2008-08-04,6.69,08-31-2008,Credit Suisse Group
Q3-08,2008-08-08,6.79,08-31-2008,Credit Suisse Group
Q3-08,2008-08-18,6.7,08-31-2008,Credit Suisse Group
Q3-08,2008-08-26,6.82,08-31-2008,Credit Suisse Group
Q4-08,2007-11-15,7.06,08-31-2008,Credit Suisse Group
Q4-08,2008-01-14,6.85,08-31-2008,Credit Suisse Group
Q4-08,2008-05-27,6.6,08-31-2008,Credit Suisse Group
Q4-08,2008-06-04,6.82,08-31-2008,Credit Suisse Group
Q4-08,2008-06-05,6.82,08-31-2008,Credit Suisse Group
Q4-08,2008-06-13,6.65,08-31-2008,Credit Suisse Group
Q4-08,2008-06-20,6.47,08-31-2008,Credit Suisse Group
Q4-08,2008-07-02,6.49,08-31-2008,Credit Suisse Group
Q4-08,2008-07-03,6.38,08-31-2008,Credit Suisse Group
Q4-08,2008-07-14,6.39,08-31-2008,Credit Suisse Group
Q4-08,2008-07-17,6.4,08-31-2008,Credit Suisse Group
Q4-08,2008-07-28,6.59,08-31-2008,Credit Suisse Group
Q4-08,2008-08-04,6.59,08-31-2008,Credit Suisse Group
Q4-08,2008-08-08,6.69,08-31-2008,Credit Suisse Group
Q4-08,2008-08-18,6.61,08-31-2008,Credit Suisse Group
Q4-08,2008-08-26,6.71,08-31-2008,Credit Suisse Group
Q1-09,2008-05-27,6.42,08-31-2008,Credit Suisse Group
Q1-09,2008-06-04,6.62,08-31-2008,Credit Suisse Group
Q1-09,2008-06-05,6.63,08-31-2008,Credit Suisse Group
Q1-09,2008-06-13,6.46,08-31-2008,Credit Suisse Group
Q1-09,2008-06-20,6.3,08-31-2008,Credit Suisse Group
Q1-09,2008-07-02,6.31,08-31-2008,Credit Suisse Group
Q1-09,2008-07-03,6.21,08-31-2008,Credit Suisse Group
Q1-09,2008-07-14,6.23,08-31-2008,Credit Suisse Group
Q1-09,2008-07-17,6.23,08-31-2008,Credit Suisse Group
Q1-09,2008-07-28,6.42,08-31-2008,Credit Suisse Group
Q1-09,2008-08-04,6.49,08-31-2008,Credit Suisse Group
Q1-09,2008-08-08,6.59,08-31-2008,Credit Suisse Group
Q1-09,2008-08-18,6.5,08-31-2008,Credit Suisse Group
Q1-09,2008-08-26,6.62,08-31-2008,Credit Suisse Group
Q2-09,2008-06-04,6.44,08-31-2008,Credit Suisse Group
Q2-09,2008-06-05,6.44,08-31-2008,Credit Suisse Group
Q2-09,2008-07-28,6.25,08-31-2008,Credit Suisse Group
Q2-09,2008-08-08,6.49,08-31-2008,Credit Suisse Group
Q2-09,2008-08-26,6.52,08-31-2008,Credit Suisse Group
Q1-18,2017-03-02,7.36,02-28-2018,Credit Suisse Group
Q1-18,2017-03-08,7.2,02-28-2018,Credit Suisse Group
Q1-18,2017-03-15,7.19,02-28-2018,Credit Suisse Group
Q1-18,2017-03-21,7.19,02-28-2018,Credit Suisse Group
Q1-18,2017-03-22,7.19,02-28-2018,Credit Suisse Group
Q1-18,2017-04-03,7.18,02-28-2018,Credit Suisse Group
Q1-18,2017-04-05,7.18,02-28-2018,Credit Suisse Group
Q1-18,2017-04-12,7.17,02-28-2018,Credit Suisse Group
Q1-18,2017-04-19,7.17,02-28-2018,Credit Suisse Group
Q1-18,2017-04-26,7.16,02-28-2018,Credit Suisse Group
Q1-18,2017-05-04,7.15,02-28-2018,Credit Suisse Group
Q1-18,2017-05-10,7.15,02-28-2018,Credit Suisse Group
Q1-18,2017-05-18,7.02,02-28-2018,Credit Suisse Group
Q1-18,2017-05-24,7.02,02-28-2018,Credit Suisse Group
Q1-18,2017-05-31,7.01,02-28-2018,Credit Suisse Group
Q1-18,2017-06-07,6.89,02-28-2018,Credit Suisse Group
Q1-18,2017-06-14,6.89,02-28-2018,Credit Suisse Group
Q1-18,2017-06-21,6.89,02-28-2018,Credit Suisse Group
Q1-18,2017-07-07,6.87,02-28-2018,Credit Suisse Group
Q1-18,2017-07-11,6.87,02-28-2018,Credit Suisse Group
Q1-18,2017-07-19,6.86,02-28-2018,Credit Suisse Group
Q1-18,2017-07-26,6.73,02-28-2018,Credit Suisse Group
Q1-18,2017-08-02,6.72,02-28-2018,Credit Suisse Group
Q1-18,2017-08-09,6.72,02-28-2018,Credit Suisse Group
Q1-18,2017-09-14,6.47,02-28-2018,Credit Suisse Group
Q1-18,2017-10-02,6.47,02-28-2018,Credit Suisse Group
Q1-18,2017-10-04,6.46,02-28-2018,Credit Suisse Group
Q1-18,2017-10-25,6.45,02-28-2018,Credit Suisse Group
Q1-18,2017-11-02,6.44,02-28-2018,Credit Suisse Group
Q1-18,2017-11-14,6.44,02-28-2018,Credit Suisse Group
Q1-18,2017-11-15,6.44,02-28-2018,Credit Suisse Group
Q1-18,2017-11-28,6.43,02-28-2018,Credit Suisse Group
Q1-18,2017-11-29,6.43,02-28-2018,Credit Suisse Group
Q1-18,2017-12-06,6.43,02-28-2018,Credit Suisse Group
Q1-18,2017-12-08,6.44,02-28-2018,Credit Suisse Group
Q1-18,2017-12-11,6.6,02-28-2018,Credit Suisse Group
Q1-18,2017-12-14,6.6,02-28-2018,Credit Suisse Group
Q2-18,2017-06-07,6.94,02-28-2018,Credit Suisse Group
Q2-18,2017-06-14,6.94,02-28-2018,Credit Suisse Group
Q2-18,2017-06-21,6.93,02-28-2018,Credit Suisse Group
Q2-18,2017-07-07,6.93,02-28-2018,Credit Suisse Group
Q2-18,2017-07-11,6.92,02-28-2018,Credit Suisse Group
Q2-18,2017-07-19,6.92,02-28-2018,Credit Suisse Group
Q2-18,2017-07-26,6.73,02-28-2018,Credit Suisse Group
Q2-18,2017-08-02,6.73,02-28-2018,Credit Suisse Group
Q2-18,2017-08-09,6.73,02-28-2018,Credit Suisse Group
Q2-18,2017-09-14,6.5,02-28-2018,Credit Suisse Group
Q2-18,2017-10-02,6.5,02-28-2018,Credit Suisse Group
Q2-18,2017-10-04,6.5,02-28-2018,Credit Suisse Group
Q2-18,2017-10-25,6.5,02-28-2018,Credit Suisse Group
Q2-18,2017-11-02,6.49,02-28-2018,Credit Suisse Group
Q2-18,2017-11-14,6.49,02-28-2018,Credit Suisse Group
Q2-18,2017-11-15,6.49,02-28-2018,Credit Suisse Group
Q2-18,2017-11-28,6.48,02-28-2018,Credit Suisse Group
Q2-18,2017-11-29,6.48,02-28-2018,Credit Suisse Group
Q2-18,2017-12-06,6.48,02-28-2018,Credit Suisse Group
Q2-18,2017-12-08,6.48,02-28-2018,Credit Suisse Group
Q2-18,2017-12-11,6.58,02-28-2018,Credit Suisse Group
Q2-18,2017-12-14,6.58,02-28-2018,Credit Suisse Group
Q3-18,2017-09-14,6.5,02-28-2018,Credit Suisse Group
Q3-18,2017-10-02,6.5,02-28-2018,Credit Suisse Group
Q3-18,2017-10-04,6.5,02-28-2018,Credit Suisse Group
Q3-18,2017-10-25,6.5,02-28-2018,Credit Suisse Group
Q3-18,2017-11-02,6.5,02-28-2018,Credit Suisse Group
Q3-18,2017-11-14,6.5,02-28-2018,Credit Suisse Group
Q3-18,2017-11-15,6.5,02-28-2018,Credit Suisse Group
Q3-18,2017-11-28,6.5,02-28-2018,Credit Suisse Group
Q3-18,2017-11-29,6.5,02-28-2018,Credit Suisse Group
Q3-18,2017-12-06,6.5,02-28-2018,Credit Suisse Group
Q3-18,2017-12-08,6.5,02-28-2018,Credit Suisse Group
Q3-18,2017-12-11,6.56,02-28-2018,Credit Suisse Group
Q3-18,2017-12-14,6.56,02-28-2018,Credit Suisse Group
Q4-18,2017-03-02,6.5,02-28-2018,Credit Suisse Group
Q4-18,2017-12-06,6.5,02-28-2018,Credit Suisse Group
Q4-18,2017-12-08,6.5,02-28-2018,Credit Suisse Group
Q4-18,2017-12-11,6.55,02-28-2018,Credit Suisse Group
Q4-18,2017-12-14,6.55,02-28-2018,Credit Suisse Group
Q3-09,2008-12-12,7.03,08-31-2009,Credit Suisse Group
Q3-09,2009-01-14,7.02,08-31-2009,Credit Suisse Group
Q3-09,2009-02-03,6.82,08-31-2009,Credit Suisse Group
Q3-09,2009-03-05,6.83,08-31-2009,Credit Suisse Group
Q3-09,2009-04-07,6.84,08-31-2009,Credit Suisse Group
Q3-09,2009-05-11,6.85,08-31-2009,Credit Suisse Group
Q3-09,2009-08-05,6.84,08-31-2009,Credit Suisse Group
Q3-09,2009-08-10,6.84,08-31-2009,Credit Suisse Group
Q4-09,2008-12-12,7.06,08-31-2009,Credit Suisse Group
Q4-09,2009-01-14,7.04,08-31-2009,Credit Suisse Group
Q4-09,2009-02-03,6.81,08-31-2009,Credit Suisse Group
Q4-09,2009-03-05,6.81,08-31-2009,Credit Suisse Group
Q4-09,2009-04-07,6.81,08-31-2009,Credit Suisse Group
Q4-09,2009-05-11,6.82,08-31-2009,Credit Suisse Group
Q4-09,2009-08-05,6.84,08-31-2009,Credit Suisse Group
Q4-09,2009-08-10,6.84,08-31-2009,Credit Suisse Group
Q1-10,2009-04-07,6.8,08-31-2009,Credit Suisse Group
Q1-10,2009-05-11,6.81,08-31-2009,Credit Suisse Group
Q1-10,2009-08-05,6.77,08-31-2009,Credit Suisse Group
Q1-10,2009-08-10,6.82,08-31-2009,Credit Suisse Group
Q2-10,2009-08-05,6.82,08-31-2009,Credit Suisse Group
Q2-10,2009-08-10,6.81,08-31-2009,Credit Suisse Group
2010,2009-08-05,6.77,08-31-2009,Credit Suisse Group
Q2-14,2013-06-05,6.04,05-31-2014,Credit Suisse Group
Q2-14,2013-06-12,6.04,05-31-2014,Credit Suisse Group
Q2-14,2013-06-21,6.14,05-31-2014,Credit Suisse Group
Q2-14,2013-07-03,6.14,05-31-2014,Credit Suisse Group
Q2-14,2013-07-10,6.14,05-31-2014,Credit Suisse Group
Q2-14,2013-07-18,6.14,05-31-2014,Credit Suisse Group
Q2-14,2013-07-24,6.14,05-31-2014,Credit Suisse Group
Q2-14,2013-07-31,6.14,05-31-2014,Credit Suisse Group
Q2-14,2013-08-07,6.14,05-31-2014,Credit Suisse Group
Q2-14,2013-08-14,6.14,05-31-2014,Credit Suisse Group
Q2-14,2013-08-21,6.14,05-31-2014,Credit Suisse Group
Q2-14,2013-08-28,6.14,05-31-2014,Credit Suisse Group
Q2-14,2013-09-04,6.14,05-31-2014,Credit Suisse Group
Q2-14,2013-09-11,6.14,05-31-2014,Credit Suisse Group
Q2-14,2013-09-19,6.14,05-31-2014,Credit Suisse Group
Q2-14,2013-09-26,6.14,05-31-2014,Credit Suisse Group
Q2-14,2013-10-02,6.14,05-31-2014,Credit Suisse Group
Q2-14,2013-10-09,6.14,05-31-2014,Credit Suisse Group
Q2-14,2013-10-17,6.08,05-31-2014,Credit Suisse Group
Q2-14,2013-10-23,6.08,05-31-2014,Credit Suisse Group
Q2-14,2013-10-30,6.09,05-31-2014,Credit Suisse Group
Q2-14,2013-11-06,6.09,05-31-2014,Credit Suisse Group
Q2-14,2013-11-13,6.09,05-31-2014,Credit Suisse Group
Q2-14,2013-11-22,6.09,05-31-2014,Credit Suisse Group
Q2-14,2013-11-27,6.09,05-31-2014,Credit Suisse Group
Q2-14,2013-12-04,6.09,05-31-2014,Credit Suisse Group
Q2-14,2013-12-11,6.09,05-31-2014,Credit Suisse Group
Q2-14,2013-12-18,6.09,05-31-2014,Credit Suisse Group
Q2-14,2014-01-08,6.09,05-31-2014,Credit Suisse Group
Q2-14,2014-01-15,6.09,05-31-2014,Credit Suisse Group
Q2-14,2014-01-22,6.1,05-31-2014,Credit Suisse Group
Q2-14,2014-01-29,6.1,05-31-2014,Credit Suisse Group
Q2-14,2014-02-05,6.1,05-31-2014,Credit Suisse Group
Q2-14,2014-02-12,6.1,05-31-2014,Credit Suisse Group
Q2-14,2014-02-26,6.09,05-31-2014,Credit Suisse Group
Q2-14,2014-03-06,6.1,05-31-2014,Credit Suisse Group
Q2-14,2014-03-11,6.1,05-31-2014,Credit Suisse Group
Q2-14,2014-03-26,6.1,05-31-2014,Credit Suisse Group
Q2-14,2014-04-02,6.1,05-31-2014,Credit Suisse Group
Q2-14,2014-04-10,6.11,05-31-2014,Credit Suisse Group
Q2-14,2014-04-16,6.12,05-31-2014,Credit Suisse Group
Q2-14,2014-04-24,6.14,05-31-2014,Credit Suisse Group
Q2-14,2014-04-30,6.15,05-31-2014,Credit Suisse Group
Q2-14,2014-05-07,6.15,05-31-2014,Credit Suisse Group
Q2-14,2014-05-15,6.16,05-31-2014,Credit Suisse Group
Q2-14,2014-05-21,6.17,05-31-2014,Credit Suisse Group
Q2-14,2014-05-27,6.19,05-31-2014,Credit Suisse Group
Q2-14,2014-05-30,6.19,05-31-2014,Credit Suisse Group
Q3-14,2013-09-04,6.14,05-31-2014,Credit Suisse Group
Q3-14,2013-09-11,6.14,05-31-2014,Credit Suisse Group
Q3-14,2013-09-19,6.14,05-31-2014,Credit Suisse Group
Q3-14,2013-09-26,6.14,05-31-2014,Credit Suisse Group
Q3-14,2013-10-02,6.14,05-31-2014,Credit Suisse Group
Q3-14,2013-10-09,6.14,05-31-2014,Credit Suisse Group
Q3-14,2013-10-17,6.07,05-31-2014,Credit Suisse Group
Q3-14,2013-10-23,6.07,05-31-2014,Credit Suisse Group
Q3-14,2013-10-30,6.07,05-31-2014,Credit Suisse Group
Q3-14,2013-11-06,6.07,05-31-2014,Credit Suisse Group
Q3-14,2013-11-13,6.07,05-31-2014,Credit Suisse Group
Q3-14,2013-11-22,6.08,05-31-2014,Credit Suisse Group
Q3-14,2013-11-27,6.08,05-31-2014,Credit Suisse Group
Q3-14,2013-12-04,6.08,05-31-2014,Credit Suisse Group
Q3-14,2013-12-11,6.07,05-31-2014,Credit Suisse Group
Q3-14,2013-12-18,6.08,05-31-2014,Credit Suisse Group
Q3-14,2014-01-08,6.08,05-31-2014,Credit Suisse Group
Q3-14,2014-01-15,6.08,05-31-2014,Credit Suisse Group
Q3-14,2014-01-22,6.08,05-31-2014,Credit Suisse Group
Q3-14,2014-01-29,6.08,05-31-2014,Credit Suisse Group
Q3-14,2014-02-05,6.08,05-31-2014,Credit Suisse Group
Q3-14,2014-02-12,6.08,05-31-2014,Credit Suisse Group
Q3-14,2014-02-26,6.09,05-31-2014,Credit Suisse Group
Q3-14,2014-03-06,6.09,05-31-2014,Credit Suisse Group
Q3-14,2014-03-11,6.09,05-31-2014,Credit Suisse Group
Q3-14,2014-03-26,6.09,05-31-2014,Credit Suisse Group
Q3-14,2014-04-02,6.09,05-31-2014,Credit Suisse Group
Q3-14,2014-04-10,6.09,05-31-2014,Credit Suisse Group
Q3-14,2014-04-16,6.09,05-31-2014,Credit Suisse Group
Q3-14,2014-04-24,6.08,05-31-2014,Credit Suisse Group
Q3-14,2014-04-30,6.08,05-31-2014,Credit Suisse Group
Q3-14,2014-05-07,6.08,05-31-2014,Credit Suisse Group
Q3-14,2014-05-15,6.08,05-31-2014,Credit Suisse Group
Q3-14,2014-05-21,6.08,05-31-2014,Credit Suisse Group
Q3-14,2014-05-27,6.08,05-31-2014,Credit Suisse Group
Q3-14,2014-05-30,6.08,05-31-2014,Credit Suisse Group
Q4-14,2013-12-04,6.07,05-31-2014,Credit Suisse Group
Q4-14,2013-12-11,6.07,05-31-2014,Credit Suisse Group
Q4-14,2013-12-18,6.07,05-31-2014,Credit Suisse Group
Q4-14,2014-01-08,6.07,05-31-2014,Credit Suisse Group
Q4-14,2014-01-15,6.07,05-31-2014,Credit Suisse Group
Q4-14,2014-01-22,6.07,05-31-2014,Credit Suisse Group
Q4-14,2014-01-29,6.07,05-31-2014,Credit Suisse Group
Q4-14,2014-02-05,6.07,05-31-2014,Credit Suisse Group
Q4-14,2014-02-12,6.07,05-31-2014,Credit Suisse Group
Q4-14,2014-02-26,6.08,05-31-2014,Credit Suisse Group
Q4-14,2014-03-06,6.08,05-31-2014,Credit Suisse Group
Q4-14,2014-03-11,6.08,05-31-2014,Credit Suisse Group
Q4-14,2014-03-26,6.09,05-31-2014,Credit Suisse Group
Q4-14,2014-04-02,6.09,05-31-2014,Credit Suisse Group
Q4-14,2014-04-10,6.09,05-31-2014,Credit Suisse Group
Q4-14,2014-04-16,6.09,05-31-2014,Credit Suisse Group
Q4-14,2014-04-24,6.1,05-31-2014,Credit Suisse Group
Q4-14,2014-04-30,6.1,05-31-2014,Credit Suisse Group
Q4-14,2014-05-07,6.09,05-31-2014,Credit Suisse Group
Q4-14,2014-05-15,6.09,05-31-2014,Credit Suisse Group
Q4-14,2014-05-21,6.09,05-31-2014,Credit Suisse Group
Q4-14,2014-05-27,6.09,05-31-2014,Credit Suisse Group
Q4-14,2014-05-30,6.09,05-31-2014,Credit Suisse Group
Q1-15,2014-03-06,6.07,05-31-2014,Credit Suisse Group
Q1-15,2014-03-11,6.07,05-31-2014,Credit Suisse Group
Q1-15,2014-03-26,6.07,05-31-2014,Credit Suisse Group
Q1-15,2014-04-02,6.07,05-31-2014,Credit Suisse Group
Q1-15,2014-04-10,6.07,05-31-2014,Credit Suisse Group
Q1-15,2014-04-16,6.07,05-31-2014,Credit Suisse Group
Q1-15,2014-04-24,6.08,05-31-2014,Credit Suisse Group
Q1-15,2014-04-30,6.08,05-31-2014,Credit Suisse Group
Q1-15,2014-05-07,6.08,05-31-2014,Credit Suisse Group
Q1-15,2014-05-15,6.08,05-31-2014,Credit Suisse Group
Q1-15,2014-05-21,6.08,05-31-2014,Credit Suisse Group
Q1-15,2014-05-27,6.08,05-31-2014,Credit Suisse Group
Q1-15,2014-05-30,6.08,05-31-2014,Credit Suisse Group
Q4-13,2012-12-04,5.96,11-30-2013,Credit Suisse Group
Q4-13,2012-12-07,5.96,11-30-2013,Credit Suisse Group
Q4-13,2013-01-11,5.99,11-30-2013,Credit Suisse Group
Q4-13,2013-01-18,5.99,11-30-2013,Credit Suisse Group
Q4-13,2013-01-23,6.0,11-30-2013,Credit Suisse Group
Q4-13,2013-01-30,6.0,11-30-2013,Credit Suisse Group
Q4-13,2013-02-06,6.01,11-30-2013,Credit Suisse Group
Q4-13,2013-02-20,6.02,11-30-2013,Credit Suisse Group
Q4-13,2013-02-22,6.02,11-30-2013,Credit Suisse Group
Q4-13,2013-02-27,6.02,11-30-2013,Credit Suisse Group
Q4-13,2013-03-06,6.03,11-30-2013,Credit Suisse Group
Q4-13,2013-03-14,6.15,11-30-2013,Credit Suisse Group
Q4-13,2013-03-15,6.15,11-30-2013,Credit Suisse Group
Q4-13,2013-03-20,6.15,11-30-2013,Credit Suisse Group
Q4-13,2013-04-03,6.16,11-30-2013,Credit Suisse Group
Q4-13,2013-04-05,6.16,11-30-2013,Credit Suisse Group
Q4-13,2013-04-09,6.24,11-30-2013,Credit Suisse Group
Q4-13,2013-04-11,6.24,11-30-2013,Credit Suisse Group
Q4-13,2013-04-17,6.12,11-30-2013,Credit Suisse Group
Q4-13,2013-05-02,6.13,11-30-2013,Credit Suisse Group
Q4-13,2013-05-08,6.09,11-30-2013,Credit Suisse Group
Q4-13,2013-05-22,6.09,11-30-2013,Credit Suisse Group
Q4-13,2013-05-29,6.1,11-30-2013,Credit Suisse Group
Q4-13,2013-06-05,6.1,11-30-2013,Credit Suisse Group
Q4-13,2013-06-12,6.1,11-30-2013,Credit Suisse Group
Q4-13,2013-06-21,6.15,11-30-2013,Credit Suisse Group
Q4-13,2013-07-03,6.15,11-30-2013,Credit Suisse Group
Q4-13,2013-07-10,6.15,11-30-2013,Credit Suisse Group
Q4-13,2013-07-18,6.16,11-30-2013,Credit Suisse Group
Q4-13,2013-07-24,6.16,11-30-2013,Credit Suisse Group
Q4-13,2013-07-31,6.16,11-30-2013,Credit Suisse Group
Q4-13,2013-08-07,6.16,11-30-2013,Credit Suisse Group
Q4-13,2013-08-14,6.16,11-30-2013,Credit Suisse Group
Q4-13,2013-08-21,6.16,11-30-2013,Credit Suisse Group
Q4-13,2013-08-28,6.16,11-30-2013,Credit Suisse Group
Q4-13,2013-09-04,6.16,11-30-2013,Credit Suisse Group
Q4-13,2013-09-11,6.16,11-30-2013,Credit Suisse Group
Q4-13,2013-09-19,6.16,11-30-2013,Credit Suisse Group
Q4-13,2013-09-26,6.15,11-30-2013,Credit Suisse Group
Q4-13,2013-10-02,6.15,11-30-2013,Credit Suisse Group
Q4-13,2013-10-09,6.15,11-30-2013,Credit Suisse Group
Q4-13,2013-10-17,6.11,11-30-2013,Credit Suisse Group
Q4-13,2013-10-23,6.11,11-30-2013,Credit Suisse Group
Q4-13,2013-10-30,6.11,11-30-2013,Credit Suisse Group
Q4-13,2013-11-06,6.1,11-30-2013,Credit Suisse Group
Q4-13,2013-11-13,6.1,11-30-2013,Credit Suisse Group
Q4-13,2013-11-22,6.1,11-30-2013,Credit Suisse Group
Q4-13,2013-11-27,6.1,11-30-2013,Credit Suisse Group
Q1-14,2013-03-06,5.96,11-30-2013,Credit Suisse Group
Q1-14,2013-03-14,6.11,11-30-2013,Credit Suisse Group
Q1-14,2013-03-15,6.11,11-30-2013,Credit Suisse Group
Q1-14,2013-03-20,6.12,11-30-2013,Credit Suisse Group
Q1-14,2013-04-03,6.12,11-30-2013,Credit Suisse Group
Q1-14,2013-04-05,6.12,11-30-2013,Credit Suisse Group
Q1-14,2013-04-09,6.23,11-30-2013,Credit Suisse Group
Q1-14,2013-04-11,6.23,11-30-2013,Credit Suisse Group
Q1-14,2013-04-17,6.08,11-30-2013,Credit Suisse Group
Q1-14,2013-05-02,6.08,11-30-2013,Credit Suisse Group
Q1-14,2013-05-08,6.06,11-30-2013,Credit Suisse Group
Q1-14,2013-05-22,6.06,11-30-2013,Credit Suisse Group
Q1-14,2013-05-29,6.07,11-30-2013,Credit Suisse Group
Q1-14,2013-06-05,6.07,11-30-2013,Credit Suisse Group
Q1-14,2013-06-12,6.07,11-30-2013,Credit Suisse Group
Q1-14,2013-06-21,6.14,11-30-2013,Credit Suisse Group
Q1-14,2013-07-03,6.14,11-30-2013,Credit Suisse Group
Q1-14,2013-07-10,6.14,11-30-2013,Credit Suisse Group
Q1-14,2013-07-18,6.15,11-30-2013,Credit Suisse Group
Q1-14,2013-07-24,6.15,11-30-2013,Credit Suisse Group
Q1-14,2013-07-31,6.15,11-30-2013,Credit Suisse Group
Q1-14,2013-08-07,6.15,11-30-2013,Credit Suisse Group
Q1-14,2013-08-14,6.15,11-30-2013,Credit Suisse Group
Q1-14,2013-08-21,6.15,11-30-2013,Credit Suisse Group
Q1-14,2013-08-28,6.15,11-30-2013,Credit Suisse Group
Q1-14,2013-09-04,6.15,11-30-2013,Credit Suisse Group
Q1-14,2013-09-11,6.15,11-30-2013,Credit Suisse Group
Q1-14,2013-09-19,6.15,11-30-2013,Credit Suisse Group
Q1-14,2013-09-26,6.15,11-30-2013,Credit Suisse Group
Q1-14,2013-10-02,6.15,11-30-2013,Credit Suisse Group
Q1-14,2013-10-09,6.15,11-30-2013,Credit Suisse Group
Q1-14,2013-10-17,6.1,11-30-2013,Credit Suisse Group
Q1-14,2013-10-23,6.1,11-30-2013,Credit Suisse Group
Q1-14,2013-10-30,6.1,11-30-2013,Credit Suisse Group
Q1-14,2013-11-06,6.1,11-30-2013,Credit Suisse Group
Q1-14,2013-11-13,6.11,11-30-2013,Credit Suisse Group
Q1-14,2013-11-22,6.11,11-30-2013,Credit Suisse Group
Q1-14,2013-11-27,6.11,11-30-2013,Credit Suisse Group
Q2-14,2013-06-05,6.04,11-30-2013,Credit Suisse Group
Q2-14,2013-06-12,6.04,11-30-2013,Credit Suisse Group
Q2-14,2013-06-21,6.14,11-30-2013,Credit Suisse Group
Q2-14,2013-07-03,6.14,11-30-2013,Credit Suisse Group
Q2-14,2013-07-10,6.14,11-30-2013,Credit Suisse Group
Q2-14,2013-07-18,6.14,11-30-2013,Credit Suisse Group
Q2-14,2013-07-24,6.14,11-30-2013,Credit Suisse Group
Q2-14,2013-07-31,6.14,11-30-2013,Credit Suisse Group
Q2-14,2013-08-07,6.14,11-30-2013,Credit Suisse Group
Q2-14,2013-08-14,6.14,11-30-2013,Credit Suisse Group
Q2-14,2013-08-21,6.14,11-30-2013,Credit Suisse Group
Q2-14,2013-08-28,6.14,11-30-2013,Credit Suisse Group
Q2-14,2013-09-04,6.14,11-30-2013,Credit Suisse Group
Q2-14,2013-09-11,6.14,11-30-2013,Credit Suisse Group
Q2-14,2013-09-19,6.14,11-30-2013,Credit Suisse Group
Q2-14,2013-09-26,6.14,11-30-2013,Credit Suisse Group
Q2-14,2013-10-02,6.14,11-30-2013,Credit Suisse Group
Q2-14,2013-10-09,6.14,11-30-2013,Credit Suisse Group
Q2-14,2013-10-17,6.08,11-30-2013,Credit Suisse Group
Q2-14,2013-10-23,6.08,11-30-2013,Credit Suisse Group
Q2-14,2013-10-30,6.09,11-30-2013,Credit Suisse Group
Q2-14,2013-11-06,6.09,11-30-2013,Credit Suisse Group
Q2-14,2013-11-13,6.09,11-30-2013,Credit Suisse Group
Q2-14,2013-11-22,6.09,11-30-2013,Credit Suisse Group
Q2-14,2013-11-27,6.09,11-30-2013,Credit Suisse Group
Q3-14,2013-09-04,6.14,11-30-2013,Credit Suisse Group
Q3-14,2013-09-11,6.14,11-30-2013,Credit Suisse Group
Q3-14,2013-09-19,6.14,11-30-2013,Credit Suisse Group
Q3-14,2013-09-26,6.14,11-30-2013,Credit Suisse Group
Q3-14,2013-10-02,6.14,11-30-2013,Credit Suisse Group
Q3-14,2013-10-09,6.14,11-30-2013,Credit Suisse Group
Q3-14,2013-10-17,6.07,11-30-2013,Credit Suisse Group
Q3-14,2013-10-23,6.07,11-30-2013,Credit Suisse Group
Q3-14,2013-10-30,6.07,11-30-2013,Credit Suisse Group
Q3-14,2013-11-06,6.07,11-30-2013,Credit Suisse Group
Q3-14,2013-11-13,6.07,11-30-2013,Credit Suisse Group
Q3-14,2013-11-22,6.08,11-30-2013,Credit Suisse Group
Q3-14,2013-11-27,6.08,11-30-2013,Credit Suisse Group
Q1-14,2013-03-06,5.96,02-28-2014,Credit Suisse Group
Q1-14,2013-03-14,6.11,02-28-2014,Credit Suisse Group
Q1-14,2013-03-15,6.11,02-28-2014,Credit Suisse Group
Q1-14,2013-03-20,6.12,02-28-2014,Credit Suisse Group
Q1-14,2013-04-03,6.12,02-28-2014,Credit Suisse Group
Q1-14,2013-04-05,6.12,02-28-2014,Credit Suisse Group
Q1-14,2013-04-09,6.23,02-28-2014,Credit Suisse Group
Q1-14,2013-04-11,6.23,02-28-2014,Credit Suisse Group
Q1-14,2013-04-17,6.08,02-28-2014,Credit Suisse Group
Q1-14,2013-05-02,6.08,02-28-2014,Credit Suisse Group
Q1-14,2013-05-08,6.06,02-28-2014,Credit Suisse Group
Q1-14,2013-05-22,6.06,02-28-2014,Credit Suisse Group
Q1-14,2013-05-29,6.07,02-28-2014,Credit Suisse Group
Q1-14,2013-06-05,6.07,02-28-2014,Credit Suisse Group
Q1-14,2013-06-12,6.07,02-28-2014,Credit Suisse Group
Q1-14,2013-06-21,6.14,02-28-2014,Credit Suisse Group
Q1-14,2013-07-03,6.14,02-28-2014,Credit Suisse Group
Q1-14,2013-07-10,6.14,02-28-2014,Credit Suisse Group
Q1-14,2013-07-18,6.15,02-28-2014,Credit Suisse Group
Q1-14,2013-07-24,6.15,02-28-2014,Credit Suisse Group
Q1-14,2013-07-31,6.15,02-28-2014,Credit Suisse Group
Q1-14,2013-08-07,6.15,02-28-2014,Credit Suisse Group
Q1-14,2013-08-14,6.15,02-28-2014,Credit Suisse Group
Q1-14,2013-08-21,6.15,02-28-2014,Credit Suisse Group
Q1-14,2013-08-28,6.15,02-28-2014,Credit Suisse Group
Q1-14,2013-09-04,6.15,02-28-2014,Credit Suisse Group
Q1-14,2013-09-11,6.15,02-28-2014,Credit Suisse Group
Q1-14,2013-09-19,6.15,02-28-2014,Credit Suisse Group
Q1-14,2013-09-26,6.15,02-28-2014,Credit Suisse Group
Q1-14,2013-10-02,6.15,02-28-2014,Credit Suisse Group
Q1-14,2013-10-09,6.15,02-28-2014,Credit Suisse Group
Q1-14,2013-10-17,6.1,02-28-2014,Credit Suisse Group
Q1-14,2013-10-23,6.1,02-28-2014,Credit Suisse Group
Q1-14,2013-10-30,6.1,02-28-2014,Credit Suisse Group
Q1-14,2013-11-06,6.1,02-28-2014,Credit Suisse Group
Q1-14,2013-11-13,6.11,02-28-2014,Credit Suisse Group
Q1-14,2013-11-22,6.11,02-28-2014,Credit Suisse Group
Q1-14,2013-11-27,6.11,02-28-2014,Credit Suisse Group
Q1-14,2013-12-04,6.1,02-28-2014,Credit Suisse Group
Q1-14,2013-12-11,6.1,02-28-2014,Credit Suisse Group
Q1-14,2013-12-18,6.1,02-28-2014,Credit Suisse Group
Q1-14,2014-01-08,6.1,02-28-2014,Credit Suisse Group
Q1-14,2014-01-15,6.09,02-28-2014,Credit Suisse Group
Q1-14,2014-01-22,6.09,02-28-2014,Credit Suisse Group
Q1-14,2014-01-29,6.09,02-28-2014,Credit Suisse Group
Q1-14,2014-02-05,6.09,02-28-2014,Credit Suisse Group
Q1-14,2014-02-12,6.08,02-28-2014,Credit Suisse Group
Q1-14,2014-02-26,6.11,02-28-2014,Credit Suisse Group
Q2-14,2013-06-05,6.04,02-28-2014,Credit Suisse Group
Q2-14,2013-06-12,6.04,02-28-2014,Credit Suisse Group
Q2-14,2013-06-21,6.14,02-28-2014,Credit Suisse Group
Q2-14,2013-07-03,6.14,02-28-2014,Credit Suisse Group
Q2-14,2013-07-10,6.14,02-28-2014,Credit Suisse Group
Q2-14,2013-07-18,6.14,02-28-2014,Credit Suisse Group
Q2-14,2013-07-24,6.14,02-28-2014,Credit Suisse Group
Q2-14,2013-07-31,6.14,02-28-2014,Credit Suisse Group
Q2-14,2013-08-07,6.14,02-28-2014,Credit Suisse Group
Q2-14,2013-08-14,6.14,02-28-2014,Credit Suisse Group
Q2-14,2013-08-21,6.14,02-28-2014,Credit Suisse Group
Q2-14,2013-08-28,6.14,02-28-2014,Credit Suisse Group
Q2-14,2013-09-04,6.14,02-28-2014,Credit Suisse Group
Q2-14,2013-09-11,6.14,02-28-2014,Credit Suisse Group
Q2-14,2013-09-19,6.14,02-28-2014,Credit Suisse Group
Q2-14,2013-09-26,6.14,02-28-2014,Credit Suisse Group
Q2-14,2013-10-02,6.14,02-28-2014,Credit Suisse Group
Q2-14,2013-10-09,6.14,02-28-2014,Credit Suisse Group
Q2-14,2013-10-17,6.08,02-28-2014,Credit Suisse Group
Q2-14,2013-10-23,6.08,02-28-2014,Credit Suisse Group
Q2-14,2013-10-30,6.09,02-28-2014,Credit Suisse Group
Q2-14,2013-11-06,6.09,02-28-2014,Credit Suisse Group
Q2-14,2013-11-13,6.09,02-28-2014,Credit Suisse Group
Q2-14,2013-11-22,6.09,02-28-2014,Credit Suisse Group
Q2-14,2013-11-27,6.09,02-28-2014,Credit Suisse Group
Q2-14,2013-12-04,6.09,02-28-2014,Credit Suisse Group
Q2-14,2013-12-11,6.09,02-28-2014,Credit Suisse Group
Q2-14,2013-12-18,6.09,02-28-2014,Credit Suisse Group
Q2-14,2014-01-08,6.09,02-28-2014,Credit Suisse Group
Q2-14,2014-01-15,6.09,02-28-2014,Credit Suisse Group
Q2-14,2014-01-22,6.1,02-28-2014,Credit Suisse Group
Q2-14,2014-01-29,6.1,02-28-2014,Credit Suisse Group
Q2-14,2014-02-05,6.1,02-28-2014,Credit Suisse Group
Q2-14,2014-02-12,6.1,02-28-2014,Credit Suisse Group
Q2-14,2014-02-26,6.09,02-28-2014,Credit Suisse Group
Q3-14,2013-09-04,6.14,02-28-2014,Credit Suisse Group
Q3-14,2013-09-11,6.14,02-28-2014,Credit Suisse Group
Q3-14,2013-09-19,6.14,02-28-2014,Credit Suisse Group
Q3-14,2013-09-26,6.14,02-28-2014,Credit Suisse Group
Q3-14,2013-10-02,6.14,02-28-2014,Credit Suisse Group
Q3-14,2013-10-09,6.14,02-28-2014,Credit Suisse Group
Q3-14,2013-10-17,6.07,02-28-2014,Credit Suisse Group
Q3-14,2013-10-23,6.07,02-28-2014,Credit Suisse Group
Q3-14,2013-10-30,6.07,02-28-2014,Credit Suisse Group
Q3-14,2013-11-06,6.07,02-28-2014,Credit Suisse Group
Q3-14,2013-11-13,6.07,02-28-2014,Credit Suisse Group
Q3-14,2013-11-22,6.08,02-28-2014,Credit Suisse Group
Q3-14,2013-11-27,6.08,02-28-2014,Credit Suisse Group
Q3-14,2013-12-04,6.08,02-28-2014,Credit Suisse Group
Q3-14,2013-12-11,6.07,02-28-2014,Credit Suisse Group
Q3-14,2013-12-18,6.08,02-28-2014,Credit Suisse Group
Q3-14,2014-01-08,6.08,02-28-2014,Credit Suisse Group
Q3-14,2014-01-15,6.08,02-28-2014,Credit Suisse Group
Q3-14,2014-01-22,6.08,02-28-2014,Credit Suisse Group
Q3-14,2014-01-29,6.08,02-28-2014,Credit Suisse Group
Q3-14,2014-02-05,6.08,02-28-2014,Credit Suisse Group
Q3-14,2014-02-12,6.08,02-28-2014,Credit Suisse Group
Q3-14,2014-02-26,6.09,02-28-2014,Credit Suisse Group
Q4-14,2013-12-04,6.07,02-28-2014,Credit Suisse Group
Q4-14,2013-12-11,6.07,02-28-2014,Credit Suisse Group
Q4-14,2013-12-18,6.07,02-28-2014,Credit Suisse Group
Q4-14,2014-01-08,6.07,02-28-2014,Credit Suisse Group
Q4-14,2014-01-15,6.07,02-28-2014,Credit Suisse Group
Q4-14,2014-01-22,6.07,02-28-2014,Credit Suisse Group
Q4-14,2014-01-29,6.07,02-28-2014,Credit Suisse Group
Q4-14,2014-02-05,6.07,02-28-2014,Credit Suisse Group
Q4-14,2014-02-12,6.07,02-28-2014,Credit Suisse Group
Q4-14,2014-02-26,6.08,02-28-2014,Credit Suisse Group
Q3-13,2012-09-18,6.2,08-31-2013,Credit Suisse Group
Q3-13,2012-10-03,6.2,08-31-2013,Credit Suisse Group
Q3-13,2012-10-09,6.2,08-31-2013,Credit Suisse Group
Q3-13,2012-10-12,6.2,08-31-2013,Credit Suisse Group
Q3-13,2012-10-26,6.21,08-31-2013,Credit Suisse Group
Q3-13,2012-11-09,6.21,08-31-2013,Credit Suisse Group
Q3-13,2012-11-16,6.02,08-31-2013,Credit Suisse Group
Q3-13,2012-11-30,6.02,08-31-2013,Credit Suisse Group
Q3-13,2012-12-04,6.03,08-31-2013,Credit Suisse Group
Q3-13,2012-12-07,6.03,08-31-2013,Credit Suisse Group
Q3-13,2013-01-11,6.06,08-31-2013,Credit Suisse Group
Q3-13,2013-01-18,6.06,08-31-2013,Credit Suisse Group
Q3-13,2013-01-23,6.07,08-31-2013,Credit Suisse Group
Q3-13,2013-01-30,6.07,08-31-2013,Credit Suisse Group
Q3-13,2013-02-06,6.08,08-31-2013,Credit Suisse Group
Q3-13,2013-02-20,6.09,08-31-2013,Credit Suisse Group
Q3-13,2013-02-22,6.09,08-31-2013,Credit Suisse Group
Q3-13,2013-02-27,6.1,08-31-2013,Credit Suisse Group
Q3-13,2013-03-06,6.1,08-31-2013,Credit Suisse Group
Q3-13,2013-03-14,6.21,08-31-2013,Credit Suisse Group
Q3-13,2013-03-15,6.21,08-31-2013,Credit Suisse Group
Q3-13,2013-03-20,6.21,08-31-2013,Credit Suisse Group
Q3-13,2013-04-03,6.22,08-31-2013,Credit Suisse Group
Q3-13,2013-04-05,6.23,08-31-2013,Credit Suisse Group
Q3-13,2013-04-09,6.26,08-31-2013,Credit Suisse Group
Q3-13,2013-04-11,6.26,08-31-2013,Credit Suisse Group
Q3-13,2013-04-17,6.18,08-31-2013,Credit Suisse Group
Q3-13,2013-05-02,6.2,08-31-2013,Credit Suisse Group
Q3-13,2013-05-08,6.13,08-31-2013,Credit Suisse Group
Q3-13,2013-05-22,6.13,08-31-2013,Credit Suisse Group
Q3-13,2013-05-29,6.13,08-31-2013,Credit Suisse Group
Q3-13,2013-06-05,6.14,08-31-2013,Credit Suisse Group
Q3-13,2013-06-12,6.14,08-31-2013,Credit Suisse Group
Q3-13,2013-06-21,6.16,08-31-2013,Credit Suisse Group
Q3-13,2013-07-03,6.16,08-31-2013,Credit Suisse Group
Q3-13,2013-07-10,6.16,08-31-2013,Credit Suisse Group
Q3-13,2013-07-18,6.16,08-31-2013,Credit Suisse Group
Q3-13,2013-07-24,6.15,08-31-2013,Credit Suisse Group
Q3-13,2013-07-31,6.15,08-31-2013,Credit Suisse Group
Q3-13,2013-08-07,6.14,08-31-2013,Credit Suisse Group
Q3-13,2013-08-14,6.14,08-31-2013,Credit Suisse Group
Q3-13,2013-08-21,6.14,08-31-2013,Credit Suisse Group
Q3-13,2013-08-28,6.13,08-31-2013,Credit Suisse Group
Q4-13,2012-12-04,5.96,08-31-2013,Credit Suisse Group
Q4-13,2012-12-07,5.96,08-31-2013,Credit Suisse Group
Q4-13,2013-01-11,5.99,08-31-2013,Credit Suisse Group
Q4-13,2013-01-18,5.99,08-31-2013,Credit Suisse Group
Q4-13,2013-01-23,6.0,08-31-2013,Credit Suisse Group
Q4-13,2013-01-30,6.0,08-31-2013,Credit Suisse Group
Q4-13,2013-02-06,6.01,08-31-2013,Credit Suisse Group
Q4-13,2013-02-20,6.02,08-31-2013,Credit Suisse Group
Q4-13,2013-02-22,6.02,08-31-2013,Credit Suisse Group
Q4-13,2013-02-27,6.02,08-31-2013,Credit Suisse Group
Q4-13,2013-03-06,6.03,08-31-2013,Credit Suisse Group
Q4-13,2013-03-14,6.15,08-31-2013,Credit Suisse Group
Q4-13,2013-03-15,6.15,08-31-2013,Credit Suisse Group
Q4-13,2013-03-20,6.15,08-31-2013,Credit Suisse Group
Q4-13,2013-04-03,6.16,08-31-2013,Credit Suisse Group
Q4-13,2013-04-05,6.16,08-31-2013,Credit Suisse Group
Q4-13,2013-04-09,6.24,08-31-2013,Credit Suisse Group
Q4-13,2013-04-11,6.24,08-31-2013,Credit Suisse Group
Q4-13,2013-04-17,6.12,08-31-2013,Credit Suisse Group
Q4-13,2013-05-02,6.13,08-31-2013,Credit Suisse Group
Q4-13,2013-05-08,6.09,08-31-2013,Credit Suisse Group
Q4-13,2013-05-22,6.09,08-31-2013,Credit Suisse Group
Q4-13,2013-05-29,6.1,08-31-2013,Credit Suisse Group
Q4-13,2013-06-05,6.1,08-31-2013,Credit Suisse Group
Q4-13,2013-06-12,6.1,08-31-2013,Credit Suisse Group
Q4-13,2013-06-21,6.15,08-31-2013,Credit Suisse Group
Q4-13,2013-07-03,6.15,08-31-2013,Credit Suisse Group
Q4-13,2013-07-10,6.15,08-31-2013,Credit Suisse Group
Q4-13,2013-07-18,6.16,08-31-2013,Credit Suisse Group
Q4-13,2013-07-24,6.16,08-31-2013,Credit Suisse Group
Q4-13,2013-07-31,6.16,08-31-2013,Credit Suisse Group
Q4-13,2013-08-07,6.16,08-31-2013,Credit Suisse Group
Q4-13,2013-08-14,6.16,08-31-2013,Credit Suisse Group
Q4-13,2013-08-21,6.16,08-31-2013,Credit Suisse Group
Q4-13,2013-08-28,6.16,08-31-2013,Credit Suisse Group
Q1-14,2013-03-06,5.96,08-31-2013,Credit Suisse Group
Q1-14,2013-03-14,6.11,08-31-2013,Credit Suisse Group
Q1-14,2013-03-15,6.11,08-31-2013,Credit Suisse Group
Q1-14,2013-03-20,6.12,08-31-2013,Credit Suisse Group
Q1-14,2013-04-03,6.12,08-31-2013,Credit Suisse Group
Q1-14,2013-04-05,6.12,08-31-2013,Credit Suisse Group
Q1-14,2013-04-09,6.23,08-31-2013,Credit Suisse Group
Q1-14,2013-04-11,6.23,08-31-2013,Credit Suisse Group
Q1-14,2013-04-17,6.08,08-31-2013,Credit Suisse Group
Q1-14,2013-05-02,6.08,08-31-2013,Credit Suisse Group
Q1-14,2013-05-08,6.06,08-31-2013,Credit Suisse Group
Q1-14,2013-05-22,6.06,08-31-2013,Credit Suisse Group
Q1-14,2013-05-29,6.07,08-31-2013,Credit Suisse Group
Q1-14,2013-06-05,6.07,08-31-2013,Credit Suisse Group
Q1-14,2013-06-12,6.07,08-31-2013,Credit Suisse Group
Q1-14,2013-06-21,6.14,08-31-2013,Credit Suisse Group
Q1-14,2013-07-03,6.14,08-31-2013,Credit Suisse Group
Q1-14,2013-07-10,6.14,08-31-2013,Credit Suisse Group
Q1-14,2013-07-18,6.15,08-31-2013,Credit Suisse Group
Q1-14,2013-07-24,6.15,08-31-2013,Credit Suisse Group
Q1-14,2013-07-31,6.15,08-31-2013,Credit Suisse Group
Q1-14,2013-08-07,6.15,08-31-2013,Credit Suisse Group
Q1-14,2013-08-14,6.15,08-31-2013,Credit Suisse Group
Q1-14,2013-08-21,6.15,08-31-2013,Credit Suisse Group
Q1-14,2013-08-28,6.15,08-31-2013,Credit Suisse Group
Q2-14,2013-06-05,6.04,08-31-2013,Credit Suisse Group
Q2-14,2013-06-12,6.04,08-31-2013,Credit Suisse Group
Q2-14,2013-06-21,6.14,08-31-2013,Credit Suisse Group
Q2-14,2013-07-03,6.14,08-31-2013,Credit Suisse Group
Q2-14,2013-07-10,6.14,08-31-2013,Credit Suisse Group
Q2-14,2013-07-18,6.14,08-31-2013,Credit Suisse Group
Q2-14,2013-07-24,6.14,08-31-2013,Credit Suisse Group
Q2-14,2013-07-31,6.14,08-31-2013,Credit Suisse Group
Q2-14,2013-08-07,6.14,08-31-2013,Credit Suisse Group
Q2-14,2013-08-14,6.14,08-31-2013,Credit Suisse Group
Q2-14,2013-08-21,6.14,08-31-2013,Credit Suisse Group
Q2-14,2013-08-28,6.14,08-31-2013,Credit Suisse Group
Q2-18,2017-06-07,6.94,05-31-2018,Credit Suisse Group
Q2-18,2017-06-14,6.94,05-31-2018,Credit Suisse Group
Q2-18,2017-06-21,6.93,05-31-2018,Credit Suisse Group
Q2-18,2017-07-07,6.93,05-31-2018,Credit Suisse Group
Q2-18,2017-07-11,6.92,05-31-2018,Credit Suisse Group
Q2-18,2017-07-19,6.92,05-31-2018,Credit Suisse Group
Q2-18,2017-07-26,6.73,05-31-2018,Credit Suisse Group
Q2-18,2017-08-02,6.73,05-31-2018,Credit Suisse Group
Q2-18,2017-08-09,6.73,05-31-2018,Credit Suisse Group
Q2-18,2017-09-14,6.5,05-31-2018,Credit Suisse Group
Q2-18,2017-10-02,6.5,05-31-2018,Credit Suisse Group
Q2-18,2017-10-04,6.5,05-31-2018,Credit Suisse Group
Q2-18,2017-10-25,6.5,05-31-2018,Credit Suisse Group
Q2-18,2017-11-02,6.49,05-31-2018,Credit Suisse Group
Q2-18,2017-11-14,6.49,05-31-2018,Credit Suisse Group
Q2-18,2017-11-15,6.49,05-31-2018,Credit Suisse Group
Q2-18,2017-11-28,6.48,05-31-2018,Credit Suisse Group
Q2-18,2017-11-29,6.48,05-31-2018,Credit Suisse Group
Q2-18,2017-12-06,6.48,05-31-2018,Credit Suisse Group
Q2-18,2017-12-08,6.48,05-31-2018,Credit Suisse Group
Q2-18,2017-12-11,6.58,05-31-2018,Credit Suisse Group
Q2-18,2017-12-14,6.58,05-31-2018,Credit Suisse Group
Q3-18,2017-09-14,6.5,05-31-2018,Credit Suisse Group
Q3-18,2017-10-02,6.5,05-31-2018,Credit Suisse Group
Q3-18,2017-10-04,6.5,05-31-2018,Credit Suisse Group
Q3-18,2017-10-25,6.5,05-31-2018,Credit Suisse Group
Q3-18,2017-11-02,6.5,05-31-2018,Credit Suisse Group
Q3-18,2017-11-14,6.5,05-31-2018,Credit Suisse Group
Q3-18,2017-11-15,6.5,05-31-2018,Credit Suisse Group
Q3-18,2017-11-28,6.5,05-31-2018,Credit Suisse Group
Q3-18,2017-11-29,6.5,05-31-2018,Credit Suisse Group
Q3-18,2017-12-06,6.5,05-31-2018,Credit Suisse Group
Q3-18,2017-12-08,6.5,05-31-2018,Credit Suisse Group
Q3-18,2017-12-11,6.56,05-31-2018,Credit Suisse Group
Q3-18,2017-12-14,6.56,05-31-2018,Credit Suisse Group
Q4-18,2017-03-02,6.5,05-31-2018,Credit Suisse Group
Q4-18,2017-12-06,6.5,05-31-2018,Credit Suisse Group
Q4-18,2017-12-08,6.5,05-31-2018,Credit Suisse Group
Q4-18,2017-12-11,6.55,05-31-2018,Credit Suisse Group
Q4-18,2017-12-14,6.55,05-31-2018,Credit Suisse Group
Q4-09,2008-12-12,7.06,11-30-2009,Credit Suisse Group
Q4-09,2009-01-14,7.04,11-30-2009,Credit Suisse Group
Q4-09,2009-02-03,6.81,11-30-2009,Credit Suisse Group
Q4-09,2009-03-05,6.81,11-30-2009,Credit Suisse Group
Q4-09,2009-04-07,6.81,11-30-2009,Credit Suisse Group
Q4-09,2009-05-11,6.82,11-30-2009,Credit Suisse Group
Q4-09,2009-08-05,6.84,11-30-2009,Credit Suisse Group
Q4-09,2009-08-10,6.84,11-30-2009,Credit Suisse Group
Q4-09,2009-09-07,6.85,11-30-2009,Credit Suisse Group
Q4-09,2009-09-15,6.85,11-30-2009,Credit Suisse Group
Q4-09,2009-10-27,6.85,11-30-2009,Credit Suisse Group
Q4-09,2009-11-19,6.84,11-30-2009,Credit Suisse Group
Q1-10,2009-04-07,6.8,11-30-2009,Credit Suisse Group
Q1-10,2009-05-11,6.81,11-30-2009,Credit Suisse Group
Q1-10,2009-08-05,6.77,11-30-2009,Credit Suisse Group
Q1-10,2009-08-10,6.82,11-30-2009,Credit Suisse Group
Q1-10,2009-09-07,6.83,11-30-2009,Credit Suisse Group
Q1-10,2009-09-15,6.83,11-30-2009,Credit Suisse Group
Q1-10,2009-10-27,6.78,11-30-2009,Credit Suisse Group
Q1-10,2009-11-19,6.81,11-30-2009,Credit Suisse Group
Q2-10,2009-08-05,6.82,11-30-2009,Credit Suisse Group
Q2-10,2009-08-10,6.81,11-30-2009,Credit Suisse Group
Q2-10,2009-09-15,6.81,11-30-2009,Credit Suisse Group
Q2-10,2009-10-27,6.64,11-30-2009,Credit Suisse Group
Q2-10,2009-11-19,6.67,11-30-2009,Credit Suisse Group
Q3-10,2009-09-07,6.8,11-30-2009,Credit Suisse Group
Q3-10,2009-10-27,6.53,11-30-2009,Credit Suisse Group
Q3-10,2009-11-19,6.55,11-30-2009,Credit Suisse Group
2010,2009-08-05,6.77,11-30-2009,Credit Suisse Group
Q4-14,2013-12-04,6.07,11-30-2014,Credit Suisse Group
Q4-14,2013-12-11,6.07,11-30-2014,Credit Suisse Group
Q4-14,2013-12-18,6.07,11-30-2014,Credit Suisse Group
Q4-14,2014-01-08,6.07,11-30-2014,Credit Suisse Group
Q4-14,2014-01-15,6.07,11-30-2014,Credit Suisse Group
Q4-14,2014-01-22,6.07,11-30-2014,Credit Suisse Group
Q4-14,2014-01-29,6.07,11-30-2014,Credit Suisse Group
Q4-14,2014-02-05,6.07,11-30-2014,Credit Suisse Group
Q4-14,2014-02-12,6.07,11-30-2014,Credit Suisse Group
Q4-14,2014-02-26,6.08,11-30-2014,Credit Suisse Group
Q4-14,2014-03-06,6.08,11-30-2014,Credit Suisse Group
Q4-14,2014-03-11,6.08,11-30-2014,Credit Suisse Group
Q4-14,2014-03-26,6.09,11-30-2014,Credit Suisse Group
Q4-14,2014-04-02,6.09,11-30-2014,Credit Suisse Group
Q4-14,2014-04-10,6.09,11-30-2014,Credit Suisse Group
Q4-14,2014-04-16,6.09,11-30-2014,Credit Suisse Group
Q4-14,2014-04-24,6.1,11-30-2014,Credit Suisse Group
Q4-14,2014-04-30,6.1,11-30-2014,Credit Suisse Group
Q4-14,2014-05-07,6.09,11-30-2014,Credit Suisse Group
Q4-14,2014-05-15,6.09,11-30-2014,Credit Suisse Group
Q4-14,2014-05-21,6.09,11-30-2014,Credit Suisse Group
Q4-14,2014-05-27,6.09,11-30-2014,Credit Suisse Group
Q4-14,2014-05-30,6.09,11-30-2014,Credit Suisse Group
Q4-14,2014-06-10,6.13,11-30-2014,Credit Suisse Group
Q4-14,2014-06-30,6.13,11-30-2014,Credit Suisse Group
Q4-14,2014-07-16,6.13,11-30-2014,Credit Suisse Group
Q4-14,2014-07-23,6.13,11-30-2014,Credit Suisse Group
Q4-14,2014-07-30,6.13,11-30-2014,Credit Suisse Group
Q4-14,2014-08-06,6.13,11-30-2014,Credit Suisse Group
Q4-14,2014-08-18,6.13,11-30-2014,Credit Suisse Group
Q4-14,2014-09-03,6.14,11-30-2014,Credit Suisse Group
Q4-14,2014-09-15,6.14,11-30-2014,Credit Suisse Group
Q4-14,2014-09-25,6.14,11-30-2014,Credit Suisse Group
Q4-14,2014-10-01,6.14,11-30-2014,Credit Suisse Group
Q4-14,2014-10-09,6.14,11-30-2014,Credit Suisse Group
Q4-14,2014-10-13,6.14,11-30-2014,Credit Suisse Group
Q4-14,2014-10-20,6.14,11-30-2014,Credit Suisse Group
Q4-14,2014-10-22,6.14,11-30-2014,Credit Suisse Group
Q4-14,2014-10-27,6.14,11-30-2014,Credit Suisse Group
Q4-14,2014-10-28,6.14,11-30-2014,Credit Suisse Group
Q4-14,2014-11-03,6.13,11-30-2014,Credit Suisse Group
Q4-14,2014-11-05,6.13,11-30-2014,Credit Suisse Group
Q4-14,2014-11-13,6.13,11-30-2014,Credit Suisse Group
Q4-14,2014-11-20,6.13,11-30-2014,Credit Suisse Group
Q1-15,2014-03-06,6.07,11-30-2014,Credit Suisse Group
Q1-15,2014-03-11,6.07,11-30-2014,Credit Suisse Group
Q1-15,2014-03-26,6.07,11-30-2014,Credit Suisse Group
Q1-15,2014-04-02,6.07,11-30-2014,Credit Suisse Group
Q1-15,2014-04-10,6.07,11-30-2014,Credit Suisse Group
Q1-15,2014-04-16,6.07,11-30-2014,Credit Suisse Group
Q1-15,2014-04-24,6.08,11-30-2014,Credit Suisse Group
Q1-15,2014-04-30,6.08,11-30-2014,Credit Suisse Group
Q1-15,2014-05-07,6.08,11-30-2014,Credit Suisse Group
Q1-15,2014-05-15,6.08,11-30-2014,Credit Suisse Group
Q1-15,2014-05-21,6.08,11-30-2014,Credit Suisse Group
Q1-15,2014-05-27,6.08,11-30-2014,Credit Suisse Group
Q1-15,2014-05-30,6.08,11-30-2014,Credit Suisse Group
Q1-15,2014-06-10,6.12,11-30-2014,Credit Suisse Group
Q1-15,2014-06-30,6.12,11-30-2014,Credit Suisse Group
Q1-15,2014-07-16,6.12,11-30-2014,Credit Suisse Group
Q1-15,2014-07-23,6.12,11-30-2014,Credit Suisse Group
Q1-15,2014-07-30,6.12,11-30-2014,Credit Suisse Group
Q1-15,2014-08-06,6.12,11-30-2014,Credit Suisse Group
Q1-15,2014-08-18,6.12,11-30-2014,Credit Suisse Group
Q1-15,2014-09-03,6.12,11-30-2014,Credit Suisse Group
Q1-15,2014-09-15,6.13,11-30-2014,Credit Suisse Group
Q1-15,2014-09-25,6.13,11-30-2014,Credit Suisse Group
Q1-15,2014-10-01,6.13,11-30-2014,Credit Suisse Group
Q1-15,2014-10-09,6.13,11-30-2014,Credit Suisse Group
Q1-15,2014-10-13,6.13,11-30-2014,Credit Suisse Group
Q1-15,2014-10-20,6.14,11-30-2014,Credit Suisse Group
Q1-15,2014-10-22,6.14,11-30-2014,Credit Suisse Group
Q1-15,2014-10-27,6.14,11-30-2014,Credit Suisse Group
Q1-15,2014-10-28,6.14,11-30-2014,Credit Suisse Group
Q1-15,2014-11-03,6.14,11-30-2014,Credit Suisse Group
Q1-15,2014-11-05,6.14,11-30-2014,Credit Suisse Group
Q1-15,2014-11-13,6.14,11-30-2014,Credit Suisse Group
Q1-15,2014-11-20,6.14,11-30-2014,Credit Suisse Group
Q2-15,2014-06-10,6.1,11-30-2014,Credit Suisse Group
Q2-15,2014-06-30,6.1,11-30-2014,Credit Suisse Group
Q2-15,2014-07-16,6.1,11-30-2014,Credit Suisse Group
Q2-15,2014-07-23,6.11,11-30-2014,Credit Suisse Group
Q2-15,2014-07-30,6.1,11-30-2014,Credit Suisse Group
Q2-15,2014-08-06,6.11,11-30-2014,Credit Suisse Group
Q2-15,2014-08-18,6.11,11-30-2014,Credit Suisse Group
Q2-15,2014-09-03,6.11,11-30-2014,Credit Suisse Group
Q2-15,2014-09-15,6.12,11-30-2014,Credit Suisse Group
Q2-15,2014-09-25,6.13,11-30-2014,Credit Suisse Group
Q2-15,2014-10-01,6.13,11-30-2014,Credit Suisse Group
Q2-15,2014-10-09,6.13,11-30-2014,Credit Suisse Group
Q2-15,2014-10-13,6.13,11-30-2014,Credit Suisse Group
Q2-15,2014-10-20,6.13,11-30-2014,Credit Suisse Group
Q2-15,2014-10-22,6.13,11-30-2014,Credit Suisse Group
Q2-15,2014-10-27,6.13,11-30-2014,Credit Suisse Group
Q2-15,2014-10-28,6.13,11-30-2014,Credit Suisse Group
Q2-15,2014-11-03,6.13,11-30-2014,Credit Suisse Group
Q2-15,2014-11-05,6.13,11-30-2014,Credit Suisse Group
Q2-15,2014-11-13,6.13,11-30-2014,Credit Suisse Group
Q2-15,2014-11-20,6.13,11-30-2014,Credit Suisse Group
Q3-15,2014-09-03,6.1,11-30-2014,Credit Suisse Group
Q3-15,2014-09-15,6.12,11-30-2014,Credit Suisse Group
Q3-15,2014-09-25,6.12,11-30-2014,Credit Suisse Group
Q3-15,2014-10-01,6.12,11-30-2014,Credit Suisse Group
Q3-15,2014-10-09,6.12,11-30-2014,Credit Suisse Group
Q3-15,2014-10-13,6.12,11-30-2014,Credit Suisse Group
Q3-15,2014-10-20,6.12,11-30-2014,Credit Suisse Group
Q3-15,2014-10-22,6.12,11-30-2014,Credit Suisse Group
Q3-15,2014-10-27,6.12,11-30-2014,Credit Suisse Group
Q3-15,2014-10-28,6.12,11-30-2014,Credit Suisse Group
Q3-15,2014-11-03,6.12,11-30-2014,Credit Suisse Group
Q3-15,2014-11-05,6.12,11-30-2014,Credit Suisse Group
Q3-15,2014-11-13,6.12,11-30-2014,Credit Suisse Group
Q3-15,2014-11-20,6.12,11-30-2014,Credit Suisse Group
Q1-09,2008-05-27,6.42,02-28-2009,Credit Suisse Group
Q1-09,2008-06-04,6.62,02-28-2009,Credit Suisse Group
Q1-09,2008-06-05,6.63,02-28-2009,Credit Suisse Group
Q1-09,2008-06-13,6.46,02-28-2009,Credit Suisse Group
Q1-09,2008-06-20,6.3,02-28-2009,Credit Suisse Group
Q1-09,2008-07-02,6.31,02-28-2009,Credit Suisse Group
Q1-09,2008-07-03,6.21,02-28-2009,Credit Suisse Group
Q1-09,2008-07-14,6.23,02-28-2009,Credit Suisse Group
Q1-09,2008-07-17,6.23,02-28-2009,Credit Suisse Group
Q1-09,2008-07-28,6.42,02-28-2009,Credit Suisse Group
Q1-09,2008-08-04,6.49,02-28-2009,Credit Suisse Group
Q1-09,2008-08-08,6.59,02-28-2009,Credit Suisse Group
Q1-09,2008-08-18,6.5,02-28-2009,Credit Suisse Group
Q1-09,2008-08-26,6.62,02-28-2009,Credit Suisse Group
Q1-09,2008-09-03,6.62,02-28-2009,Credit Suisse Group
Q1-09,2008-09-04,6.69,02-28-2009,Credit Suisse Group
Q1-09,2008-11-03,6.84,02-28-2009,Credit Suisse Group
Q1-09,2008-12-12,7.02,02-28-2009,Credit Suisse Group
Q1-09,2009-01-14,6.98,02-28-2009,Credit Suisse Group
Q1-09,2009-02-03,6.85,02-28-2009,Credit Suisse Group
Q2-09,2008-06-04,6.44,02-28-2009,Credit Suisse Group
Q2-09,2008-06-05,6.44,02-28-2009,Credit Suisse Group
Q2-09,2008-07-28,6.25,02-28-2009,Credit Suisse Group
Q2-09,2008-08-08,6.49,02-28-2009,Credit Suisse Group
Q2-09,2008-08-26,6.52,02-28-2009,Credit Suisse Group
Q2-09,2008-09-03,6.52,02-28-2009,Credit Suisse Group
Q2-09,2008-09-04,6.64,02-28-2009,Credit Suisse Group
Q2-09,2008-11-03,6.82,02-28-2009,Credit Suisse Group
Q2-09,2008-12-12,7.01,02-28-2009,Credit Suisse Group
Q2-09,2009-01-14,7.02,02-28-2009,Credit Suisse Group
Q2-09,2009-02-03,6.84,02-28-2009,Credit Suisse Group
Q3-09,2008-12-12,7.03,02-28-2009,Credit Suisse Group
Q3-09,2009-01-14,7.02,02-28-2009,Credit Suisse Group
Q3-09,2009-02-03,6.82,02-28-2009,Credit Suisse Group
Q4-09,2008-12-12,7.06,02-28-2009,Credit Suisse Group
Q4-09,2009-01-14,7.04,02-28-2009,Credit Suisse Group
Q4-09,2009-02-03,6.81,02-28-2009,Credit Suisse Group
Q2-13,2012-07-31,6.22,05-31-2013,Credit Suisse Group
Q2-13,2012-08-06,6.22,05-31-2013,Credit Suisse Group
Q2-13,2012-08-16,6.23,05-31-2013,Credit Suisse Group
Q2-13,2012-08-24,6.23,05-31-2013,Credit Suisse Group
Q2-13,2012-08-31,6.24,05-31-2013,Credit Suisse Group
Q2-13,2012-09-03,6.24,05-31-2013,Credit Suisse Group
Q2-13,2012-09-10,6.24,05-31-2013,Credit Suisse Group
Q2-13,2012-09-14,6.24,05-31-2013,Credit Suisse Group
Q2-13,2012-09-18,6.23,05-31-2013,Credit Suisse Group
Q2-13,2012-10-03,6.24,05-31-2013,Credit Suisse Group
Q2-13,2012-10-09,6.24,05-31-2013,Credit Suisse Group
Q2-13,2012-10-12,6.24,05-31-2013,Credit Suisse Group
Q2-13,2012-10-26,6.24,05-31-2013,Credit Suisse Group
Q2-13,2012-11-09,6.25,05-31-2013,Credit Suisse Group
Q2-13,2012-11-16,6.09,05-31-2013,Credit Suisse Group
Q2-13,2012-11-30,6.1,05-31-2013,Credit Suisse Group
Q2-13,2012-12-04,6.1,05-31-2013,Credit Suisse Group
Q2-13,2012-12-07,6.11,05-31-2013,Credit Suisse Group
Q2-13,2013-01-11,6.14,05-31-2013,Credit Suisse Group
Q2-13,2013-01-18,6.14,05-31-2013,Credit Suisse Group
Q2-13,2013-01-23,6.15,05-31-2013,Credit Suisse Group
Q2-13,2013-01-30,6.16,05-31-2013,Credit Suisse Group
Q2-13,2013-02-06,6.16,05-31-2013,Credit Suisse Group
Q2-13,2013-02-20,6.17,05-31-2013,Credit Suisse Group
Q2-13,2013-02-22,6.17,05-31-2013,Credit Suisse Group
Q2-13,2013-02-27,6.18,05-31-2013,Credit Suisse Group
Q2-13,2013-03-06,6.19,05-31-2013,Credit Suisse Group
Q2-13,2013-03-14,6.27,05-31-2013,Credit Suisse Group
Q2-13,2013-03-15,6.27,05-31-2013,Credit Suisse Group
Q2-13,2013-03-20,6.27,05-31-2013,Credit Suisse Group
Q2-13,2013-04-03,6.27,05-31-2013,Credit Suisse Group
Q2-13,2013-04-05,6.27,05-31-2013,Credit Suisse Group
Q2-13,2013-04-09,6.27,05-31-2013,Credit Suisse Group
Q2-13,2013-04-11,6.26,05-31-2013,Credit Suisse Group
Q2-13,2013-04-17,6.22,05-31-2013,Credit Suisse Group
Q2-13,2013-05-02,6.2,05-31-2013,Credit Suisse Group
Q2-13,2013-05-08,6.14,05-31-2013,Credit Suisse Group
Q2-13,2013-05-22,6.13,05-31-2013,Credit Suisse Group
Q2-13,2013-05-29,6.13,05-31-2013,Credit Suisse Group
Q3-13,2012-09-18,6.2,05-31-2013,Credit Suisse Group
Q3-13,2012-10-03,6.2,05-31-2013,Credit Suisse Group
Q3-13,2012-10-09,6.2,05-31-2013,Credit Suisse Group
Q3-13,2012-10-12,6.2,05-31-2013,Credit Suisse Group
Q3-13,2012-10-26,6.21,05-31-2013,Credit Suisse Group
Q3-13,2012-11-09,6.21,05-31-2013,Credit Suisse Group
Q3-13,2012-11-16,6.02,05-31-2013,Credit Suisse Group
Q3-13,2012-11-30,6.02,05-31-2013,Credit Suisse Group
Q3-13,2012-12-04,6.03,05-31-2013,Credit Suisse Group
Q3-13,2012-12-07,6.03,05-31-2013,Credit Suisse Group
Q3-13,2013-01-11,6.06,05-31-2013,Credit Suisse Group
Q3-13,2013-01-18,6.06,05-31-2013,Credit Suisse Group
Q3-13,2013-01-23,6.07,05-31-2013,Credit Suisse Group
Q3-13,2013-01-30,6.07,05-31-2013,Credit Suisse Group
Q3-13,2013-02-06,6.08,05-31-2013,Credit Suisse Group
Q3-13,2013-02-20,6.09,05-31-2013,Credit Suisse Group
Q3-13,2013-02-22,6.09,05-31-2013,Credit Suisse Group
Q3-13,2013-02-27,6.1,05-31-2013,Credit Suisse Group
Q3-13,2013-03-06,6.1,05-31-2013,Credit Suisse Group
Q3-13,2013-03-14,6.21,05-31-2013,Credit Suisse Group
Q3-13,2013-03-15,6.21,05-31-2013,Credit Suisse Group
Q3-13,2013-03-20,6.21,05-31-2013,Credit Suisse Group
Q3-13,2013-04-03,6.22,05-31-2013,Credit Suisse Group
Q3-13,2013-04-05,6.23,05-31-2013,Credit Suisse Group
Q3-13,2013-04-09,6.26,05-31-2013,Credit Suisse Group
Q3-13,2013-04-11,6.26,05-31-2013,Credit Suisse Group
Q3-13,2013-04-17,6.18,05-31-2013,Credit Suisse Group
Q3-13,2013-05-02,6.2,05-31-2013,Credit Suisse Group
Q3-13,2013-05-08,6.13,05-31-2013,Credit Suisse Group
Q3-13,2013-05-22,6.13,05-31-2013,Credit Suisse Group
Q3-13,2013-05-29,6.13,05-31-2013,Credit Suisse Group
Q4-13,2012-12-04,5.96,05-31-2013,Credit Suisse Group
Q4-13,2012-12-07,5.96,05-31-2013,Credit Suisse Group
Q4-13,2013-01-11,5.99,05-31-2013,Credit Suisse Group
Q4-13,2013-01-18,5.99,05-31-2013,Credit Suisse Group
Q4-13,2013-01-23,6.0,05-31-2013,Credit Suisse Group
Q4-13,2013-01-30,6.0,05-31-2013,Credit Suisse Group
Q4-13,2013-02-06,6.01,05-31-2013,Credit Suisse Group
Q4-13,2013-02-20,6.02,05-31-2013,Credit Suisse Group
Q4-13,2013-02-22,6.02,05-31-2013,Credit Suisse Group
Q4-13,2013-02-27,6.02,05-31-2013,Credit Suisse Group
Q4-13,2013-03-06,6.03,05-31-2013,Credit Suisse Group
Q4-13,2013-03-14,6.15,05-31-2013,Credit Suisse Group
Q4-13,2013-03-15,6.15,05-31-2013,Credit Suisse Group
Q4-13,2013-03-20,6.15,05-31-2013,Credit Suisse Group
Q4-13,2013-04-03,6.16,05-31-2013,Credit Suisse Group
Q4-13,2013-04-05,6.16,05-31-2013,Credit Suisse Group
Q4-13,2013-04-09,6.24,05-31-2013,Credit Suisse Group
Q4-13,2013-04-11,6.24,05-31-2013,Credit Suisse Group
Q4-13,2013-04-17,6.12,05-31-2013,Credit Suisse Group
Q4-13,2013-05-02,6.13,05-31-2013,Credit Suisse Group
Q4-13,2013-05-08,6.09,05-31-2013,Credit Suisse Group
Q4-13,2013-05-22,6.09,05-31-2013,Credit Suisse Group
Q4-13,2013-05-29,6.1,05-31-2013,Credit Suisse Group
Q1-14,2013-03-06,5.96,05-31-2013,Credit Suisse Group
Q1-14,2013-03-14,6.11,05-31-2013,Credit Suisse Group
Q1-14,2013-03-15,6.11,05-31-2013,Credit Suisse Group
Q1-14,2013-03-20,6.12,05-31-2013,Credit Suisse Group
Q1-14,2013-04-03,6.12,05-31-2013,Credit Suisse Group
Q1-14,2013-04-05,6.12,05-31-2013,Credit Suisse Group
Q1-14,2013-04-09,6.23,05-31-2013,Credit Suisse Group
Q1-14,2013-04-11,6.23,05-31-2013,Credit Suisse Group
Q1-14,2013-04-17,6.08,05-31-2013,Credit Suisse Group
Q1-14,2013-05-02,6.08,05-31-2013,Credit Suisse Group
Q1-14,2013-05-08,6.06,05-31-2013,Credit Suisse Group
Q1-14,2013-05-22,6.06,05-31-2013,Credit Suisse Group
Q1-14,2013-05-29,6.07,05-31-2013,Credit Suisse Group
Q3-18,2017-09-14,6.5,08-31-2018,Credit Suisse Group
Q3-18,2017-10-02,6.5,08-31-2018,Credit Suisse Group
Q3-18,2017-10-04,6.5,08-31-2018,Credit Suisse Group
Q3-18,2017-10-25,6.5,08-31-2018,Credit Suisse Group
Q3-18,2017-11-02,6.5,08-31-2018,Credit Suisse Group
Q3-18,2017-11-14,6.5,08-31-2018,Credit Suisse Group
Q3-18,2017-11-15,6.5,08-31-2018,Credit Suisse Group
Q3-18,2017-11-28,6.5,08-31-2018,Credit Suisse Group
Q3-18,2017-11-29,6.5,08-31-2018,Credit Suisse Group
Q3-18,2017-12-06,6.5,08-31-2018,Credit Suisse Group
Q3-18,2017-12-08,6.5,08-31-2018,Credit Suisse Group
Q3-18,2017-12-11,6.56,08-31-2018,Credit Suisse Group
Q3-18,2017-12-14,6.56,08-31-2018,Credit Suisse Group
Q4-18,2017-03-02,6.5,08-31-2018,Credit Suisse Group
Q4-18,2017-12-06,6.5,08-31-2018,Credit Suisse Group
Q4-18,2017-12-08,6.5,08-31-2018,Credit Suisse Group
Q4-18,2017-12-11,6.55,08-31-2018,Credit Suisse Group
Q4-18,2017-12-14,6.55,08-31-2018,Credit Suisse Group
Q4-18,2017-03-02,6.5,11-30-2018,Credit Suisse Group
Q4-18,2017-12-06,6.5,11-30-2018,Credit Suisse Group
Q4-18,2017-12-08,6.5,11-30-2018,Credit Suisse Group
Q4-18,2017-12-11,6.55,11-30-2018,Credit Suisse Group
Q4-18,2017-12-14,6.55,11-30-2018,Credit Suisse Group
Q3-14,2013-09-04,6.14,08-31-2014,Credit Suisse Group
Q3-14,2013-09-11,6.14,08-31-2014,Credit Suisse Group
Q3-14,2013-09-19,6.14,08-31-2014,Credit Suisse Group
Q3-14,2013-09-26,6.14,08-31-2014,Credit Suisse Group
Q3-14,2013-10-02,6.14,08-31-2014,Credit Suisse Group
Q3-14,2013-10-09,6.14,08-31-2014,Credit Suisse Group
Q3-14,2013-10-17,6.07,08-31-2014,Credit Suisse Group
Q3-14,2013-10-23,6.07,08-31-2014,Credit Suisse Group
Q3-14,2013-10-30,6.07,08-31-2014,Credit Suisse Group
Q3-14,2013-11-06,6.07,08-31-2014,Credit Suisse Group
Q3-14,2013-11-13,6.07,08-31-2014,Credit Suisse Group
Q3-14,2013-11-22,6.08,08-31-2014,Credit Suisse Group
Q3-14,2013-11-27,6.08,08-31-2014,Credit Suisse Group
Q3-14,2013-12-04,6.08,08-31-2014,Credit Suisse Group
Q3-14,2013-12-11,6.07,08-31-2014,Credit Suisse Group
Q3-14,2013-12-18,6.08,08-31-2014,Credit Suisse Group
Q3-14,2014-01-08,6.08,08-31-2014,Credit Suisse Group
Q3-14,2014-01-15,6.08,08-31-2014,Credit Suisse Group
Q3-14,2014-01-22,6.08,08-31-2014,Credit Suisse Group
Q3-14,2014-01-29,6.08,08-31-2014,Credit Suisse Group
Q3-14,2014-02-05,6.08,08-31-2014,Credit Suisse Group
Q3-14,2014-02-12,6.08,08-31-2014,Credit Suisse Group
Q3-14,2014-02-26,6.09,08-31-2014,Credit Suisse Group
Q3-14,2014-03-06,6.09,08-31-2014,Credit Suisse Group
Q3-14,2014-03-11,6.09,08-31-2014,Credit Suisse Group
Q3-14,2014-03-26,6.09,08-31-2014,Credit Suisse Group
Q3-14,2014-04-02,6.09,08-31-2014,Credit Suisse Group
Q3-14,2014-04-10,6.09,08-31-2014,Credit Suisse Group
Q3-14,2014-04-16,6.09,08-31-2014,Credit Suisse Group
Q3-14,2014-04-24,6.08,08-31-2014,Credit Suisse Group
Q3-14,2014-04-30,6.08,08-31-2014,Credit Suisse Group
Q3-14,2014-05-07,6.08,08-31-2014,Credit Suisse Group
Q3-14,2014-05-15,6.08,08-31-2014,Credit Suisse Group
Q3-14,2014-05-21,6.08,08-31-2014,Credit Suisse Group
Q3-14,2014-05-27,6.08,08-31-2014,Credit Suisse Group
Q3-14,2014-05-30,6.08,08-31-2014,Credit Suisse Group
Q3-14,2014-06-10,6.13,08-31-2014,Credit Suisse Group
Q3-14,2014-06-30,6.14,08-31-2014,Credit Suisse Group
Q3-14,2014-07-16,6.15,08-31-2014,Credit Suisse Group
Q3-14,2014-07-23,6.16,08-31-2014,Credit Suisse Group
Q3-14,2014-07-30,6.15,08-31-2014,Credit Suisse Group
Q3-14,2014-08-06,6.15,08-31-2014,Credit Suisse Group
Q3-14,2014-08-18,6.15,08-31-2014,Credit Suisse Group
Q4-14,2013-12-04,6.07,08-31-2014,Credit Suisse Group
Q4-14,2013-12-11,6.07,08-31-2014,Credit Suisse Group
Q4-14,2013-12-18,6.07,08-31-2014,Credit Suisse Group
Q4-14,2014-01-08,6.07,08-31-2014,Credit Suisse Group
Q4-14,2014-01-15,6.07,08-31-2014,Credit Suisse Group
Q4-14,2014-01-22,6.07,08-31-2014,Credit Suisse Group
Q4-14,2014-01-29,6.07,08-31-2014,Credit Suisse Group
Q4-14,2014-02-05,6.07,08-31-2014,Credit Suisse Group
Q4-14,2014-02-12,6.07,08-31-2014,Credit Suisse Group
Q4-14,2014-02-26,6.08,08-31-2014,Credit Suisse Group
Q4-14,2014-03-06,6.08,08-31-2014,Credit Suisse Group
Q4-14,2014-03-11,6.08,08-31-2014,Credit Suisse Group
Q4-14,2014-03-26,6.09,08-31-2014,Credit Suisse Group
Q4-14,2014-04-02,6.09,08-31-2014,Credit Suisse Group
Q4-14,2014-04-10,6.09,08-31-2014,Credit Suisse Group
Q4-14,2014-04-16,6.09,08-31-2014,Credit Suisse Group
Q4-14,2014-04-24,6.1,08-31-2014,Credit Suisse Group
Q4-14,2014-04-30,6.1,08-31-2014,Credit Suisse Group
Q4-14,2014-05-07,6.09,08-31-2014,Credit Suisse Group
Q4-14,2014-05-15,6.09,08-31-2014,Credit Suisse Group
Q4-14,2014-05-21,6.09,08-31-2014,Credit Suisse Group
Q4-14,2014-05-27,6.09,08-31-2014,Credit Suisse Group
Q4-14,2014-05-30,6.09,08-31-2014,Credit Suisse Group
Q4-14,2014-06-10,6.13,08-31-2014,Credit Suisse Group
Q4-14,2014-06-30,6.13,08-31-2014,Credit Suisse Group
Q4-14,2014-07-16,6.13,08-31-2014,Credit Suisse Group
Q4-14,2014-07-23,6.13,08-31-2014,Credit Suisse Group
Q4-14,2014-07-30,6.13,08-31-2014,Credit Suisse Group
Q4-14,2014-08-06,6.13,08-31-2014,Credit Suisse Group
Q4-14,2014-08-18,6.13,08-31-2014,Credit Suisse Group
Q1-15,2014-03-06,6.07,08-31-2014,Credit Suisse Group
Q1-15,2014-03-11,6.07,08-31-2014,Credit Suisse Group
Q1-15,2014-03-26,6.07,08-31-2014,Credit Suisse Group
Q1-15,2014-04-02,6.07,08-31-2014,Credit Suisse Group
Q1-15,2014-04-10,6.07,08-31-2014,Credit Suisse Group
Q1-15,2014-04-16,6.07,08-31-2014,Credit Suisse Group
Q1-15,2014-04-24,6.08,08-31-2014,Credit Suisse Group
Q1-15,2014-04-30,6.08,08-31-2014,Credit Suisse Group
Q1-15,2014-05-07,6.08,08-31-2014,Credit Suisse Group
Q1-15,2014-05-15,6.08,08-31-2014,Credit Suisse Group
Q1-15,2014-05-21,6.08,08-31-2014,Credit Suisse Group
Q1-15,2014-05-27,6.08,08-31-2014,Credit Suisse Group
Q1-15,2014-05-30,6.08,08-31-2014,Credit Suisse Group
Q1-15,2014-06-10,6.12,08-31-2014,Credit Suisse Group
Q1-15,2014-06-30,6.12,08-31-2014,Credit Suisse Group
Q1-15,2014-07-16,6.12,08-31-2014,Credit Suisse Group
Q1-15,2014-07-23,6.12,08-31-2014,Credit Suisse Group
Q1-15,2014-07-30,6.12,08-31-2014,Credit Suisse Group
Q1-15,2014-08-06,6.12,08-31-2014,Credit Suisse Group
Q1-15,2014-08-18,6.12,08-31-2014,Credit Suisse Group
Q2-15,2014-06-10,6.1,08-31-2014,Credit Suisse Group
Q2-15,2014-06-30,6.1,08-31-2014,Credit Suisse Group
Q2-15,2014-07-16,6.1,08-31-2014,Credit Suisse Group
Q2-15,2014-07-23,6.11,08-31-2014,Credit Suisse Group
Q2-15,2014-07-30,6.1,08-31-2014,Credit Suisse Group
Q2-15,2014-08-06,6.11,08-31-2014,Credit Suisse Group
Q2-15,2014-08-18,6.11,08-31-2014,Credit Suisse Group
Q2-09,2008-06-04,6.44,05-31-2009,Credit Suisse Group
Q2-09,2008-06-05,6.44,05-31-2009,Credit Suisse Group
Q2-09,2008-07-28,6.25,05-31-2009,Credit Suisse Group
Q2-09,2008-08-08,6.49,05-31-2009,Credit Suisse Group
Q2-09,2008-08-26,6.52,05-31-2009,Credit Suisse Group
Q2-09,2008-09-03,6.52,05-31-2009,Credit Suisse Group
Q2-09,2008-09-04,6.64,05-31-2009,Credit Suisse Group
Q2-09,2008-11-03,6.82,05-31-2009,Credit Suisse Group
Q2-09,2008-12-12,7.01,05-31-2009,Credit Suisse Group
Q2-09,2009-01-14,7.02,05-31-2009,Credit Suisse Group
Q2-09,2009-02-03,6.84,05-31-2009,Credit Suisse Group
Q2-09,2009-03-05,6.85,05-31-2009,Credit Suisse Group
Q2-09,2009-04-07,6.85,05-31-2009,Credit Suisse Group
Q2-09,2009-05-11,6.84,05-31-2009,Credit Suisse Group
Q3-09,2008-12-12,7.03,05-31-2009,Credit Suisse Group
Q3-09,2009-01-14,7.02,05-31-2009,Credit Suisse Group
Q3-09,2009-02-03,6.82,05-31-2009,Credit Suisse Group
Q3-09,2009-03-05,6.83,05-31-2009,Credit Suisse Group
Q3-09,2009-04-07,6.84,05-31-2009,Credit Suisse Group
Q3-09,2009-05-11,6.85,05-31-2009,Credit Suisse Group
Q4-09,2008-12-12,7.06,05-31-2009,Credit Suisse Group
Q4-09,2009-01-14,7.04,05-31-2009,Credit Suisse Group
Q4-09,2009-02-03,6.81,05-31-2009,Credit Suisse Group
Q4-09,2009-03-05,6.81,05-31-2009,Credit Suisse Group
Q4-09,2009-04-07,6.81,05-31-2009,Credit Suisse Group
Q4-09,2009-05-11,6.82,05-31-2009,Credit Suisse Group
Q1-10,2009-04-07,6.8,05-31-2009,Credit Suisse Group
Q1-10,2009-05-11,6.81,05-31-2009,Credit Suisse Group
Q1-13,2012-03-29,6.3,02-28-2013,Credit Suisse Group
Q1-13,2012-04-13,6.27,02-28-2013,Credit Suisse Group
Q1-13,2012-04-16,6.27,02-28-2013,Credit Suisse Group
Q1-13,2012-04-20,6.28,02-28-2013,Credit Suisse Group
Q1-13,2012-04-25,6.18,02-28-2013,Credit Suisse Group
Q1-13,2012-04-27,6.18,02-28-2013,Credit Suisse Group
Q1-13,2012-05-02,6.18,02-28-2013,Credit Suisse Group
Q1-13,2012-05-04,6.19,02-28-2013,Credit Suisse Group
Q1-13,2012-05-11,6.19,02-28-2013,Credit Suisse Group
Q1-13,2012-05-30,6.2,02-28-2013,Credit Suisse Group
Q1-13,2012-06-08,6.24,02-28-2013,Credit Suisse Group
Q1-13,2012-06-15,6.25,02-28-2013,Credit Suisse Group
Q1-13,2012-06-29,6.26,02-28-2013,Credit Suisse Group
Q1-13,2012-07-31,6.28,02-28-2013,Credit Suisse Group
Q1-13,2012-08-06,6.28,02-28-2013,Credit Suisse Group
Q1-13,2012-08-16,6.29,02-28-2013,Credit Suisse Group
Q1-13,2012-08-24,6.3,02-28-2013,Credit Suisse Group
Q1-13,2012-08-31,6.3,02-28-2013,Credit Suisse Group
Q1-13,2012-09-03,6.3,02-28-2013,Credit Suisse Group
Q1-13,2012-09-10,6.3,02-28-2013,Credit Suisse Group
Q1-13,2012-09-14,6.31,02-28-2013,Credit Suisse Group
Q1-13,2012-09-18,6.27,02-28-2013,Credit Suisse Group
Q1-13,2012-10-03,6.28,02-28-2013,Credit Suisse Group
Q1-13,2012-10-09,6.29,02-28-2013,Credit Suisse Group
Q1-13,2012-10-12,6.29,02-28-2013,Credit Suisse Group
Q1-13,2012-10-26,6.3,02-28-2013,Credit Suisse Group
Q1-13,2012-11-09,6.31,02-28-2013,Credit Suisse Group
Q1-13,2012-11-16,6.17,02-28-2013,Credit Suisse Group
Q1-13,2012-11-30,6.18,02-28-2013,Credit Suisse Group
Q1-13,2012-12-04,6.18,02-28-2013,Credit Suisse Group
Q1-13,2012-12-07,6.19,02-28-2013,Credit Suisse Group
Q1-13,2013-01-11,6.2,02-28-2013,Credit Suisse Group
Q1-13,2013-01-18,6.21,02-28-2013,Credit Suisse Group
Q1-13,2013-01-23,6.21,02-28-2013,Credit Suisse Group
Q1-13,2013-01-30,6.21,02-28-2013,Credit Suisse Group
Q1-13,2013-02-06,6.21,02-28-2013,Credit Suisse Group
Q1-13,2013-02-20,6.22,02-28-2013,Credit Suisse Group
Q1-13,2013-02-22,6.22,02-28-2013,Credit Suisse Group
Q1-13,2013-02-27,6.22,02-28-2013,Credit Suisse Group
Q2-13,2012-07-31,6.22,02-28-2013,Credit Suisse Group
Q2-13,2012-08-06,6.22,02-28-2013,Credit Suisse Group
Q2-13,2012-08-16,6.23,02-28-2013,Credit Suisse Group
Q2-13,2012-08-24,6.23,02-28-2013,Credit Suisse Group
Q2-13,2012-08-31,6.24,02-28-2013,Credit Suisse Group
Q2-13,2012-09-03,6.24,02-28-2013,Credit Suisse Group
Q2-13,2012-09-10,6.24,02-28-2013,Credit Suisse Group
Q2-13,2012-09-14,6.24,02-28-2013,Credit Suisse Group
Q2-13,2012-09-18,6.23,02-28-2013,Credit Suisse Group
Q2-13,2012-10-03,6.24,02-28-2013,Credit Suisse Group
Q2-13,2012-10-09,6.24,02-28-2013,Credit Suisse Group
Q2-13,2012-10-12,6.24,02-28-2013,Credit Suisse Group
Q2-13,2012-10-26,6.24,02-28-2013,Credit Suisse Group
Q2-13,2012-11-09,6.25,02-28-2013,Credit Suisse Group
Q2-13,2012-11-16,6.09,02-28-2013,Credit Suisse Group
Q2-13,2012-11-30,6.1,02-28-2013,Credit Suisse Group
Q2-13,2012-12-04,6.1,02-28-2013,Credit Suisse Group
Q2-13,2012-12-07,6.11,02-28-2013,Credit Suisse Group
Q2-13,2013-01-11,6.14,02-28-2013,Credit Suisse Group
Q2-13,2013-01-18,6.14,02-28-2013,Credit Suisse Group
Q2-13,2013-01-23,6.15,02-28-2013,Credit Suisse Group
Q2-13,2013-01-30,6.16,02-28-2013,Credit Suisse Group
Q2-13,2013-02-06,6.16,02-28-2013,Credit Suisse Group
Q2-13,2013-02-20,6.17,02-28-2013,Credit Suisse Group
Q2-13,2013-02-22,6.17,02-28-2013,Credit Suisse Group
Q2-13,2013-02-27,6.18,02-28-2013,Credit Suisse Group
Q3-13,2012-09-18,6.2,02-28-2013,Credit Suisse Group
Q3-13,2012-10-03,6.2,02-28-2013,Credit Suisse Group
Q3-13,2012-10-09,6.2,02-28-2013,Credit Suisse Group
Q3-13,2012-10-12,6.2,02-28-2013,Credit Suisse Group
Q3-13,2012-10-26,6.21,02-28-2013,Credit Suisse Group
Q3-13,2012-11-09,6.21,02-28-2013,Credit Suisse Group
Q3-13,2012-11-16,6.02,02-28-2013,Credit Suisse Group
Q3-13,2012-11-30,6.02,02-28-2013,Credit Suisse Group
Q3-13,2012-12-04,6.03,02-28-2013,Credit Suisse Group
Q3-13,2012-12-07,6.03,02-28-2013,Credit Suisse Group
Q3-13,2013-01-11,6.06,02-28-2013,Credit Suisse Group
Q3-13,2013-01-18,6.06,02-28-2013,Credit Suisse Group
Q3-13,2013-01-23,6.07,02-28-2013,Credit Suisse Group
Q3-13,2013-01-30,6.07,02-28-2013,Credit Suisse Group
Q3-13,2013-02-06,6.08,02-28-2013,Credit Suisse Group
Q3-13,2013-02-20,6.09,02-28-2013,Credit Suisse Group
Q3-13,2013-02-22,6.09,02-28-2013,Credit Suisse Group
Q3-13,2013-02-27,6.1,02-28-2013,Credit Suisse Group
Q4-13,2011-04-06,5.96,02-28-2013,Credit Suisse Group
Q4-13,2012-12-04,5.96,02-28-2013,Credit Suisse Group
Q4-13,2012-12-07,5.96,02-28-2013,Credit Suisse Group
Q4-13,2013-01-11,5.99,02-28-2013,Credit Suisse Group
Q4-13,2013-01-18,5.99,02-28-2013,Credit Suisse Group
Q4-13,2013-01-23,6.0,02-28-2013,Credit Suisse Group
Q4-13,2013-01-30,6.0,02-28-2013,Credit Suisse Group
Q4-13,2013-02-06,6.01,02-28-2013,Credit Suisse Group
Q4-13,2013-02-20,6.02,02-28-2013,Credit Suisse Group
Q4-13,2013-02-22,6.02,02-28-2013,Credit Suisse Group
Q4-13,2013-02-27,6.02,02-28-2013,Credit Suisse Group
Q1-12,2011-02-09,6.2,02-28-2012,Credit Suisse Group
Q1-12,2011-03-04,6.23,02-28-2012,Credit Suisse Group
Q1-12,2011-03-09,6.23,02-28-2012,Credit Suisse Group
Q1-12,2011-04-06,6.26,02-28-2012,Credit Suisse Group
Q1-12,2011-05-10,6.45,02-28-2012,Credit Suisse Group
Q1-12,2011-06-13,6.51,02-28-2012,Credit Suisse Group
Q1-12,2011-06-21,6.49,02-28-2012,Credit Suisse Group
Q1-12,2011-07-04,6.48,02-28-2012,Credit Suisse Group
Q1-12,2011-07-12,6.41,02-28-2012,Credit Suisse Group
Q1-12,2011-07-22,6.4,02-28-2012,Credit Suisse Group
Q1-12,2011-08-30,6.28,02-28-2012,Credit Suisse Group
Q1-12,2011-09-07,6.24,02-28-2012,Credit Suisse Group
Q1-12,2011-09-22,6.25,02-28-2012,Credit Suisse Group
Q1-12,2011-09-23,6.25,02-28-2012,Credit Suisse Group
Q1-12,2011-09-30,6.25,02-28-2012,Credit Suisse Group
Q1-12,2011-10-20,6.24,02-28-2012,Credit Suisse Group
Q1-12,2011-10-24,6.25,02-28-2012,Credit Suisse Group
Q1-12,2011-11-17,6.27,02-28-2012,Credit Suisse Group
Q1-12,2011-12-01,6.39,02-28-2012,Credit Suisse Group
Q1-12,2012-01-05,6.4,02-28-2012,Credit Suisse Group
Q1-12,2012-01-13,6.39,02-28-2012,Credit Suisse Group
Q1-12,2012-01-20,6.27,02-28-2012,Credit Suisse Group
Q1-12,2012-01-30,6.27,02-28-2012,Credit Suisse Group
Q1-12,2012-02-15,6.27,02-28-2012,Credit Suisse Group
Q1-12,2012-02-24,6.28,02-28-2012,Credit Suisse Group
Q2-12,2011-07-04,6.28,02-28-2012,Credit Suisse Group
Q2-12,2011-07-12,6.25,02-28-2012,Credit Suisse Group
Q2-12,2011-07-22,6.31,02-28-2012,Credit Suisse Group
Q2-12,2011-08-04,6.36,02-28-2012,Credit Suisse Group
Q2-12,2011-08-30,6.21,02-28-2012,Credit Suisse Group
Q2-12,2011-09-07,6.17,02-28-2012,Credit Suisse Group
Q2-12,2011-09-22,6.18,02-28-2012,Credit Suisse Group
Q2-12,2011-09-23,6.18,02-28-2012,Credit Suisse Group
Q2-12,2011-09-30,6.19,02-28-2012,Credit Suisse Group
Q2-12,2011-10-20,6.17,02-28-2012,Credit Suisse Group
Q2-12,2011-10-24,6.17,02-28-2012,Credit Suisse Group
Q2-12,2011-11-17,6.19,02-28-2012,Credit Suisse Group
Q2-12,2011-12-01,6.31,02-28-2012,Credit Suisse Group
Q2-12,2012-01-05,6.34,02-28-2012,Credit Suisse Group
Q2-12,2012-01-13,6.35,02-28-2012,Credit Suisse Group
Q2-12,2012-01-20,6.23,02-28-2012,Credit Suisse Group
Q2-12,2012-01-30,6.23,02-28-2012,Credit Suisse Group
Q2-12,2012-02-15,6.24,02-28-2012,Credit Suisse Group
Q2-12,2012-02-24,6.24,02-28-2012,Credit Suisse Group
Q3-12,2011-10-20,6.1,02-28-2012,Credit Suisse Group
Q3-12,2011-10-24,6.1,02-28-2012,Credit Suisse Group
Q3-12,2011-11-17,6.12,02-28-2012,Credit Suisse Group
Q3-12,2011-12-01,6.24,02-28-2012,Credit Suisse Group
Q3-12,2012-01-05,6.26,02-28-2012,Credit Suisse Group
Q3-12,2012-01-13,6.26,02-28-2012,Credit Suisse Group
Q3-12,2012-01-20,6.23,02-28-2012,Credit Suisse Group
Q3-12,2012-01-30,6.23,02-28-2012,Credit Suisse Group
Q3-12,2012-02-15,6.23,02-28-2012,Credit Suisse Group
Q3-12,2012-02-24,6.23,02-28-2012,Credit Suisse Group
Q4-12,2011-04-06,6.2,02-28-2012,Credit Suisse Group
Q4-12,2012-01-05,6.2,02-28-2012,Credit Suisse Group
Q4-12,2012-01-13,6.21,02-28-2012,Credit Suisse Group
Q4-12,2012-01-20,6.21,02-28-2012,Credit Suisse Group
Q4-12,2012-01-30,6.21,02-28-2012,Credit Suisse Group
Q4-12,2012-02-15,6.21,02-28-2012,Credit Suisse Group
Q4-12,2012-02-24,6.21,02-28-2012,Credit Suisse Group
Q2-08,2007-06-12,7.2,05-31-2008,Credit Suisse Group
Q2-08,2007-06-29,7.2,05-31-2008,Credit Suisse Group
Q2-08,2007-08-13,7.2,05-31-2008,Credit Suisse Group
Q2-08,2007-09-18,7.15,05-31-2008,Credit Suisse Group
Q2-08,2007-09-27,7.15,05-31-2008,Credit Suisse Group
Q2-08,2007-10-11,7.18,05-31-2008,Credit Suisse Group
Q2-08,2007-10-26,7.18,05-31-2008,Credit Suisse Group
Q2-08,2007-11-08,7.18,05-31-2008,Credit Suisse Group
Q2-08,2007-11-15,7.31,05-31-2008,Credit Suisse Group
Q2-08,2007-12-04,7.1,05-31-2008,Credit Suisse Group
Q2-08,2008-01-14,7.1,05-31-2008,Credit Suisse Group
Q2-08,2008-05-27,6.93,05-31-2008,Credit Suisse Group
Q3-08,2007-09-18,7.06,05-31-2008,Credit Suisse Group
Q3-08,2007-09-27,7.06,05-31-2008,Credit Suisse Group
Q3-08,2007-10-11,7.06,05-31-2008,Credit Suisse Group
Q3-08,2007-10-26,7.06,05-31-2008,Credit Suisse Group
Q3-08,2007-11-08,7.06,05-31-2008,Credit Suisse Group
Q3-08,2007-11-15,7.18,05-31-2008,Credit Suisse Group
Q3-08,2007-12-04,6.97,05-31-2008,Credit Suisse Group
Q3-08,2008-01-14,6.97,05-31-2008,Credit Suisse Group
Q3-08,2008-05-27,6.8,05-31-2008,Credit Suisse Group
Q4-08,2007-11-15,7.06,05-31-2008,Credit Suisse Group
Q4-08,2008-01-14,6.85,05-31-2008,Credit Suisse Group
Q4-08,2008-05-27,6.6,05-31-2008,Credit Suisse Group
Q1-09,2008-05-27,6.42,05-31-2008,Credit Suisse Group
Q3-15,2014-09-03,6.1,08-31-2015,Credit Suisse Group
Q3-15,2014-09-15,6.12,08-31-2015,Credit Suisse Group
Q3-15,2014-09-25,6.12,08-31-2015,Credit Suisse Group
Q3-15,2014-10-01,6.12,08-31-2015,Credit Suisse Group
Q3-15,2014-10-09,6.12,08-31-2015,Credit Suisse Group
Q3-15,2014-10-13,6.12,08-31-2015,Credit Suisse Group
Q3-15,2014-10-20,6.12,08-31-2015,Credit Suisse Group
Q3-15,2014-10-22,6.12,08-31-2015,Credit Suisse Group
Q3-15,2014-10-27,6.12,08-31-2015,Credit Suisse Group
Q3-15,2014-10-28,6.12,08-31-2015,Credit Suisse Group
Q3-15,2014-11-03,6.12,08-31-2015,Credit Suisse Group
Q3-15,2014-11-05,6.12,08-31-2015,Credit Suisse Group
Q3-15,2014-11-13,6.12,08-31-2015,Credit Suisse Group
Q3-15,2014-11-20,6.12,08-31-2015,Credit Suisse Group
Q3-15,2014-12-03,6.12,08-31-2015,Credit Suisse Group
Q3-15,2014-12-10,6.12,08-31-2015,Credit Suisse Group
Q3-15,2014-12-17,6.13,08-31-2015,Credit Suisse Group
Q3-15,2015-01-07,6.16,08-31-2015,Credit Suisse Group
Q3-15,2015-01-08,6.17,08-31-2015,Credit Suisse Group
Q3-15,2015-01-09,6.17,08-31-2015,Credit Suisse Group
Q3-15,2015-01-14,6.17,08-31-2015,Credit Suisse Group
Q3-15,2015-01-19,6.16,08-31-2015,Credit Suisse Group
Q3-15,2015-01-22,6.17,08-31-2015,Credit Suisse Group
Q3-15,2015-01-26,6.16,08-31-2015,Credit Suisse Group
Q3-15,2015-01-30,6.17,08-31-2015,Credit Suisse Group
Q3-15,2015-02-02,6.16,08-31-2015,Credit Suisse Group
Q3-15,2015-02-03,6.16,08-31-2015,Credit Suisse Group
Q3-15,2015-02-04,6.17,08-31-2015,Credit Suisse Group
Q3-15,2015-02-11,6.16,08-31-2015,Credit Suisse Group
Q3-15,2015-02-25,6.15,08-31-2015,Credit Suisse Group
Q3-15,2015-03-04,6.26,08-31-2015,Credit Suisse Group
Q3-15,2015-03-09,6.26,08-31-2015,Credit Suisse Group
Q3-15,2015-03-11,6.26,08-31-2015,Credit Suisse Group
Q3-15,2015-03-18,6.26,08-31-2015,Credit Suisse Group
Q3-15,2015-04-01,6.26,08-31-2015,Credit Suisse Group
Q3-15,2015-04-14,6.27,08-31-2015,Credit Suisse Group
Q3-15,2015-04-16,6.27,08-31-2015,Credit Suisse Group
Q3-15,2015-04-22,6.27,08-31-2015,Credit Suisse Group
Q3-15,2015-04-27,6.27,08-31-2015,Credit Suisse Group
Q3-15,2015-04-29,6.27,08-31-2015,Credit Suisse Group
Q3-15,2015-05-06,6.15,08-31-2015,Credit Suisse Group
Q3-15,2015-05-20,6.15,08-31-2015,Credit Suisse Group
Q3-15,2015-05-28,6.15,08-31-2015,Credit Suisse Group
Q3-15,2015-06-03,6.14,08-31-2015,Credit Suisse Group
Q3-15,2015-06-10,6.14,08-31-2015,Credit Suisse Group
Q3-15,2015-06-17,6.14,08-31-2015,Credit Suisse Group
Q3-15,2015-06-24,6.14,08-31-2015,Credit Suisse Group
Q3-15,2015-07-01,6.14,08-31-2015,Credit Suisse Group
Q3-15,2015-08-03,6.12,08-31-2015,Credit Suisse Group
Q3-15,2015-08-05,6.12,08-31-2015,Credit Suisse Group
Q3-15,2015-08-12,6.49,08-31-2015,Credit Suisse Group
Q3-15,2015-08-17,6.45,08-31-2015,Credit Suisse Group
Q3-15,2015-08-19,6.49,08-31-2015,Credit Suisse Group
Q3-15,2015-08-25,6.48,08-31-2015,Credit Suisse Group
Q4-15,2014-12-03,6.12,08-31-2015,Credit Suisse Group
Q4-15,2014-12-10,6.12,08-31-2015,Credit Suisse Group
Q4-15,2014-12-17,6.12,08-31-2015,Credit Suisse Group
Q4-15,2015-01-07,6.17,08-31-2015,Credit Suisse Group
Q4-15,2015-01-08,6.17,08-31-2015,Credit Suisse Group
Q4-15,2015-01-09,6.17,08-31-2015,Credit Suisse Group
Q4-15,2015-01-14,6.17,08-31-2015,Credit Suisse Group
Q4-15,2015-01-19,6.17,08-31-2015,Credit Suisse Group
Q4-15,2015-01-22,6.17,08-31-2015,Credit Suisse Group
Q4-15,2015-01-26,6.17,08-31-2015,Credit Suisse Group
Q4-15,2015-01-30,6.17,08-31-2015,Credit Suisse Group
Q4-15,2015-02-02,6.17,08-31-2015,Credit Suisse Group
Q4-15,2015-02-03,6.17,08-31-2015,Credit Suisse Group
Q4-15,2015-02-04,6.17,08-31-2015,Credit Suisse Group
Q4-15,2015-02-11,6.17,08-31-2015,Credit Suisse Group
Q4-15,2015-02-25,6.16,08-31-2015,Credit Suisse Group
Q4-15,2015-03-04,6.26,08-31-2015,Credit Suisse Group
Q4-15,2015-03-09,6.26,08-31-2015,Credit Suisse Group
Q4-15,2015-03-11,6.26,08-31-2015,Credit Suisse Group
Q4-15,2015-03-18,6.26,08-31-2015,Credit Suisse Group
Q4-15,2015-04-01,6.26,08-31-2015,Credit Suisse Group
Q4-15,2015-04-14,6.26,08-31-2015,Credit Suisse Group
Q4-15,2015-04-16,6.26,08-31-2015,Credit Suisse Group
Q4-15,2015-04-22,6.25,08-31-2015,Credit Suisse Group
Q4-15,2015-04-27,6.25,08-31-2015,Credit Suisse Group
Q4-15,2015-04-29,6.25,08-31-2015,Credit Suisse Group
Q4-15,2015-05-06,6.16,08-31-2015,Credit Suisse Group
Q4-15,2015-05-20,6.16,08-31-2015,Credit Suisse Group
Q4-15,2015-05-28,6.16,08-31-2015,Credit Suisse Group
Q4-15,2015-06-03,6.16,08-31-2015,Credit Suisse Group
Q4-15,2015-06-10,6.16,08-31-2015,Credit Suisse Group
Q4-15,2015-06-17,6.16,08-31-2015,Credit Suisse Group
Q4-15,2015-06-24,6.15,08-31-2015,Credit Suisse Group
Q4-15,2015-07-01,6.15,08-31-2015,Credit Suisse Group
Q4-15,2015-08-03,6.14,08-31-2015,Credit Suisse Group
Q4-15,2015-08-05,6.14,08-31-2015,Credit Suisse Group
Q4-15,2015-08-12,6.65,08-31-2015,Credit Suisse Group
Q4-15,2015-08-17,6.66,08-31-2015,Credit Suisse Group
Q4-15,2015-08-19,6.65,08-31-2015,Credit Suisse Group
Q4-15,2015-08-25,6.64,08-31-2015,Credit Suisse Group
Q1-16,2015-03-04,6.28,08-31-2015,Credit Suisse Group
Q1-16,2015-03-09,6.27,08-31-2015,Credit Suisse Group
Q1-16,2015-03-11,6.27,08-31-2015,Credit Suisse Group
Q1-16,2015-03-18,6.27,08-31-2015,Credit Suisse Group
Q1-16,2015-04-01,6.27,08-31-2015,Credit Suisse Group
Q1-16,2015-04-14,6.27,08-31-2015,Credit Suisse Group
Q1-16,2015-04-16,6.27,08-31-2015,Credit Suisse Group
Q1-16,2015-04-22,6.27,08-31-2015,Credit Suisse Group
Q1-16,2015-04-27,6.26,08-31-2015,Credit Suisse Group
Q1-16,2015-04-29,6.26,08-31-2015,Credit Suisse Group
Q1-16,2015-05-06,6.17,08-31-2015,Credit Suisse Group
Q1-16,2015-05-20,6.17,08-31-2015,Credit Suisse Group
Q1-16,2015-05-28,6.17,08-31-2015,Credit Suisse Group
Q1-16,2015-06-03,6.17,08-31-2015,Credit Suisse Group
Q1-16,2015-06-10,6.17,08-31-2015,Credit Suisse Group
Q1-16,2015-06-17,6.17,08-31-2015,Credit Suisse Group
Q1-16,2015-06-24,6.17,08-31-2015,Credit Suisse Group
Q1-16,2015-07-01,6.17,08-31-2015,Credit Suisse Group
Q1-16,2015-08-03,6.16,08-31-2015,Credit Suisse Group
Q1-16,2015-08-05,6.16,08-31-2015,Credit Suisse Group
Q1-16,2015-08-12,6.69,08-31-2015,Credit Suisse Group
Q1-16,2015-08-17,6.68,08-31-2015,Credit Suisse Group
Q1-16,2015-08-19,6.69,08-31-2015,Credit Suisse Group
Q1-16,2015-08-25,6.68,08-31-2015,Credit Suisse Group
Q2-16,2015-06-03,6.18,08-31-2015,Credit Suisse Group
Q2-16,2015-06-10,6.18,08-31-2015,Credit Suisse Group
Q2-16,2015-06-17,6.18,08-31-2015,Credit Suisse Group
Q2-16,2015-06-24,6.18,08-31-2015,Credit Suisse Group
Q2-16,2015-07-01,6.18,08-31-2015,Credit Suisse Group
Q2-16,2015-08-03,6.17,08-31-2015,Credit Suisse Group
Q2-16,2015-08-05,6.17,08-31-2015,Credit Suisse Group
Q2-16,2015-08-12,6.76,08-31-2015,Credit Suisse Group
Q2-16,2015-08-17,6.75,08-31-2015,Credit Suisse Group
Q2-16,2015-08-19,6.75,08-31-2015,Credit Suisse Group
Q2-16,2015-08-25,6.75,08-31-2015,Credit Suisse Group
Q2-12,2011-07-04,6.28,05-31-2012,Credit Suisse Group
Q2-12,2011-07-12,6.25,05-31-2012,Credit Suisse Group
Q2-12,2011-07-22,6.31,05-31-2012,Credit Suisse Group
Q2-12,2011-08-04,6.36,05-31-2012,Credit Suisse Group
Q2-12,2011-08-30,6.21,05-31-2012,Credit Suisse Group
Q2-12,2011-09-07,6.17,05-31-2012,Credit Suisse Group
Q2-12,2011-09-22,6.18,05-31-2012,Credit Suisse Group
Q2-12,2011-09-23,6.18,05-31-2012,Credit Suisse Group
Q2-12,2011-09-30,6.19,05-31-2012,Credit Suisse Group
Q2-12,2011-10-20,6.17,05-31-2012,Credit Suisse Group
Q2-12,2011-10-24,6.17,05-31-2012,Credit Suisse Group
Q2-12,2011-11-17,6.19,05-31-2012,Credit Suisse Group
Q2-12,2011-12-01,6.31,05-31-2012,Credit Suisse Group
Q2-12,2012-01-05,6.34,05-31-2012,Credit Suisse Group
Q2-12,2012-01-13,6.35,05-31-2012,Credit Suisse Group
Q2-12,2012-01-20,6.23,05-31-2012,Credit Suisse Group
Q2-12,2012-01-30,6.23,05-31-2012,Credit Suisse Group
Q2-12,2012-02-15,6.24,05-31-2012,Credit Suisse Group
Q2-12,2012-02-24,6.24,05-31-2012,Credit Suisse Group
Q2-12,2012-03-02,6.24,05-31-2012,Credit Suisse Group
Q2-12,2012-03-15,6.39,05-31-2012,Credit Suisse Group
Q2-12,2012-03-29,6.31,05-31-2012,Credit Suisse Group
Q2-12,2012-04-13,6.38,05-31-2012,Credit Suisse Group
Q2-12,2012-04-16,6.38,05-31-2012,Credit Suisse Group
Q2-12,2012-04-20,6.38,05-31-2012,Credit Suisse Group
Q2-12,2012-04-25,6.3,05-31-2012,Credit Suisse Group
Q2-12,2012-04-27,6.3,05-31-2012,Credit Suisse Group
Q2-12,2012-05-02,6.3,05-31-2012,Credit Suisse Group
Q2-12,2012-05-04,6.3,05-31-2012,Credit Suisse Group
Q2-12,2012-05-11,6.31,05-31-2012,Credit Suisse Group
Q2-12,2012-05-30,6.34,05-31-2012,Credit Suisse Group
Q3-12,2011-10-20,6.1,05-31-2012,Credit Suisse Group
Q3-12,2011-10-24,6.1,05-31-2012,Credit Suisse Group
Q3-12,2011-11-17,6.12,05-31-2012,Credit Suisse Group
Q3-12,2011-12-01,6.24,05-31-2012,Credit Suisse Group
Q3-12,2012-01-05,6.26,05-31-2012,Credit Suisse Group
Q3-12,2012-01-13,6.26,05-31-2012,Credit Suisse Group
Q3-12,2012-01-20,6.23,05-31-2012,Credit Suisse Group
Q3-12,2012-01-30,6.23,05-31-2012,Credit Suisse Group
Q3-12,2012-02-15,6.23,05-31-2012,Credit Suisse Group
Q3-12,2012-02-24,6.23,05-31-2012,Credit Suisse Group
Q3-12,2012-03-02,6.23,05-31-2012,Credit Suisse Group
Q3-12,2012-03-15,6.34,05-31-2012,Credit Suisse Group
Q3-12,2012-03-29,6.39,05-31-2012,Credit Suisse Group
Q3-12,2012-04-13,6.36,05-31-2012,Credit Suisse Group
Q3-12,2012-04-16,6.36,05-31-2012,Credit Suisse Group
Q3-12,2012-04-20,6.37,05-31-2012,Credit Suisse Group
Q3-12,2012-04-25,6.27,05-31-2012,Credit Suisse Group
Q3-12,2012-04-27,6.27,05-31-2012,Credit Suisse Group
Q3-12,2012-05-02,6.28,05-31-2012,Credit Suisse Group
Q3-12,2012-05-04,6.28,05-31-2012,Credit Suisse Group
Q3-12,2012-05-11,6.28,05-31-2012,Credit Suisse Group
Q3-12,2012-05-30,6.28,05-31-2012,Credit Suisse Group
Q4-12,2011-04-06,6.2,05-31-2012,Credit Suisse Group
Q4-12,2012-01-05,6.2,05-31-2012,Credit Suisse Group
Q4-12,2012-01-13,6.21,05-31-2012,Credit Suisse Group
Q4-12,2012-01-20,6.21,05-31-2012,Credit Suisse Group
Q4-12,2012-01-30,6.21,05-31-2012,Credit Suisse Group
Q4-12,2012-02-15,6.21,05-31-2012,Credit Suisse Group
Q4-12,2012-02-24,6.21,05-31-2012,Credit Suisse Group
Q4-12,2012-03-02,6.21,05-31-2012,Credit Suisse Group
Q4-12,2012-03-15,6.3,05-31-2012,Credit Suisse Group
Q4-12,2012-03-29,6.35,05-31-2012,Credit Suisse Group
Q4-12,2012-04-13,6.31,05-31-2012,Credit Suisse Group
Q4-12,2012-04-16,6.31,05-31-2012,Credit Suisse Group
Q4-12,2012-04-20,6.31,05-31-2012,Credit Suisse Group
Q4-12,2012-04-25,6.22,05-31-2012,Credit Suisse Group
Q4-12,2012-04-27,6.22,05-31-2012,Credit Suisse Group
Q4-12,2012-05-02,6.23,05-31-2012,Credit Suisse Group
Q4-12,2012-05-04,6.23,05-31-2012,Credit Suisse Group
Q4-12,2012-05-11,6.23,05-31-2012,Credit Suisse Group
Q4-12,2012-05-30,6.24,05-31-2012,Credit Suisse Group
Q1-13,2012-03-29,6.3,05-31-2012,Credit Suisse Group
Q1-13,2012-04-13,6.27,05-31-2012,Credit Suisse Group
Q1-13,2012-04-16,6.27,05-31-2012,Credit Suisse Group
Q1-13,2012-04-20,6.28,05-31-2012,Credit Suisse Group
Q1-13,2012-04-25,6.18,05-31-2012,Credit Suisse Group
Q1-13,2012-04-27,6.18,05-31-2012,Credit Suisse Group
Q1-13,2012-05-02,6.18,05-31-2012,Credit Suisse Group
Q1-13,2012-05-04,6.19,05-31-2012,Credit Suisse Group
Q1-13,2012-05-11,6.19,05-31-2012,Credit Suisse Group
Q1-13,2012-05-30,6.2,05-31-2012,Credit Suisse Group
Q1-08,2007-03-12,7.33,02-28-2008,Credit Suisse Group
Q1-08,2007-04-05,7.33,02-28-2008,Credit Suisse Group
Q1-08,2007-05-14,7.33,02-28-2008,Credit Suisse Group
Q1-08,2007-06-12,7.29,02-28-2008,Credit Suisse Group
Q1-08,2007-06-29,7.29,02-28-2008,Credit Suisse Group
Q1-08,2007-08-13,7.38,02-28-2008,Credit Suisse Group
Q1-08,2007-09-18,7.25,02-28-2008,Credit Suisse Group
Q1-08,2007-09-27,7.25,02-28-2008,Credit Suisse Group
Q1-08,2007-10-11,7.31,02-28-2008,Credit Suisse Group
Q1-08,2007-10-26,7.31,02-28-2008,Credit Suisse Group
Q1-08,2007-11-08,7.31,02-28-2008,Credit Suisse Group
Q1-08,2007-11-15,7.43,02-28-2008,Credit Suisse Group
Q1-08,2007-12-04,7.22,02-28-2008,Credit Suisse Group
Q1-08,2008-01-14,7.22,02-28-2008,Credit Suisse Group
Q2-08,2007-06-12,7.2,02-28-2008,Credit Suisse Group
Q2-08,2007-06-29,7.2,02-28-2008,Credit Suisse Group
Q2-08,2007-08-13,7.2,02-28-2008,Credit Suisse Group
Q2-08,2007-09-18,7.15,02-28-2008,Credit Suisse Group
Q2-08,2007-09-27,7.15,02-28-2008,Credit Suisse Group
Q2-08,2007-10-11,7.18,02-28-2008,Credit Suisse Group
Q2-08,2007-10-26,7.18,02-28-2008,Credit Suisse Group
Q2-08,2007-11-08,7.18,02-28-2008,Credit Suisse Group
Q2-08,2007-11-15,7.31,02-28-2008,Credit Suisse Group
Q2-08,2007-12-04,7.1,02-28-2008,Credit Suisse Group
Q2-08,2008-01-14,7.1,02-28-2008,Credit Suisse Group
Q3-08,2007-09-18,7.06,02-28-2008,Credit Suisse Group
Q3-08,2007-09-27,7.06,02-28-2008,Credit Suisse Group
Q3-08,2007-10-11,7.06,02-28-2008,Credit Suisse Group
Q3-08,2007-10-26,7.06,02-28-2008,Credit Suisse Group
Q3-08,2007-11-08,7.06,02-28-2008,Credit Suisse Group
Q3-08,2007-11-15,7.18,02-28-2008,Credit Suisse Group
Q3-08,2007-12-04,6.97,02-28-2008,Credit Suisse Group
Q3-08,2008-01-14,6.97,02-28-2008,Credit Suisse Group
Q4-08,2007-11-15,7.06,02-28-2008,Credit Suisse Group
Q4-08,2008-01-14,6.85,02-28-2008,Credit Suisse Group
Q4-15,2014-12-03,6.12,11-30-2015,Credit Suisse Group
Q4-15,2014-12-10,6.12,11-30-2015,Credit Suisse Group
Q4-15,2014-12-17,6.12,11-30-2015,Credit Suisse Group
Q4-15,2015-01-07,6.17,11-30-2015,Credit Suisse Group
Q4-15,2015-01-08,6.17,11-30-2015,Credit Suisse Group
Q4-15,2015-01-09,6.17,11-30-2015,Credit Suisse Group
Q4-15,2015-01-14,6.17,11-30-2015,Credit Suisse Group
Q4-15,2015-01-19,6.17,11-30-2015,Credit Suisse Group
Q4-15,2015-01-22,6.17,11-30-2015,Credit Suisse Group
Q4-15,2015-01-26,6.17,11-30-2015,Credit Suisse Group
Q4-15,2015-01-30,6.17,11-30-2015,Credit Suisse Group
Q4-15,2015-02-02,6.17,11-30-2015,Credit Suisse Group
Q4-15,2015-02-03,6.17,11-30-2015,Credit Suisse Group
Q4-15,2015-02-04,6.17,11-30-2015,Credit Suisse Group
Q4-15,2015-02-11,6.17,11-30-2015,Credit Suisse Group
Q4-15,2015-02-25,6.16,11-30-2015,Credit Suisse Group
Q4-15,2015-03-04,6.26,11-30-2015,Credit Suisse Group
Q4-15,2015-03-09,6.26,11-30-2015,Credit Suisse Group
Q4-15,2015-03-11,6.26,11-30-2015,Credit Suisse Group
Q4-15,2015-03-18,6.26,11-30-2015,Credit Suisse Group
Q4-15,2015-04-01,6.26,11-30-2015,Credit Suisse Group
Q4-15,2015-04-14,6.26,11-30-2015,Credit Suisse Group
Q4-15,2015-04-16,6.26,11-30-2015,Credit Suisse Group
Q4-15,2015-04-22,6.25,11-30-2015,Credit Suisse Group
Q4-15,2015-04-27,6.25,11-30-2015,Credit Suisse Group
Q4-15,2015-04-29,6.25,11-30-2015,Credit Suisse Group
Q4-15,2015-05-06,6.16,11-30-2015,Credit Suisse Group
Q4-15,2015-05-20,6.16,11-30-2015,Credit Suisse Group
Q4-15,2015-05-28,6.16,11-30-2015,Credit Suisse Group
Q4-15,2015-06-03,6.16,11-30-2015,Credit Suisse Group
Q4-15,2015-06-10,6.16,11-30-2015,Credit Suisse Group
Q4-15,2015-06-17,6.16,11-30-2015,Credit Suisse Group
Q4-15,2015-06-24,6.15,11-30-2015,Credit Suisse Group
Q4-15,2015-07-01,6.15,11-30-2015,Credit Suisse Group
Q4-15,2015-08-03,6.14,11-30-2015,Credit Suisse Group
Q4-15,2015-08-05,6.14,11-30-2015,Credit Suisse Group
Q4-15,2015-08-12,6.65,11-30-2015,Credit Suisse Group
Q4-15,2015-08-17,6.66,11-30-2015,Credit Suisse Group
Q4-15,2015-08-19,6.65,11-30-2015,Credit Suisse Group
Q4-15,2015-08-25,6.64,11-30-2015,Credit Suisse Group
Q4-15,2015-09-21,6.62,11-30-2015,Credit Suisse Group
Q4-15,2015-09-23,6.61,11-30-2015,Credit Suisse Group
Q4-15,2015-09-30,6.6,11-30-2015,Credit Suisse Group
Q4-15,2015-10-07,6.58,11-30-2015,Credit Suisse Group
Q4-15,2015-10-14,6.57,11-30-2015,Credit Suisse Group
Q4-15,2015-10-28,6.53,11-30-2015,Credit Suisse Group
Q4-15,2015-11-02,6.52,11-30-2015,Credit Suisse Group
Q4-15,2015-11-04,6.51,11-30-2015,Credit Suisse Group
Q4-15,2015-11-12,6.44,11-30-2015,Credit Suisse Group
Q4-15,2015-11-16,6.43,11-30-2015,Credit Suisse Group
Q4-15,2015-11-23,6.44,11-30-2015,Credit Suisse Group
Q4-15,2015-11-25,6.44,11-30-2015,Credit Suisse Group
Q1-16,2015-03-04,6.28,11-30-2015,Credit Suisse Group
Q1-16,2015-03-09,6.27,11-30-2015,Credit Suisse Group
Q1-16,2015-03-11,6.27,11-30-2015,Credit Suisse Group
Q1-16,2015-03-18,6.27,11-30-2015,Credit Suisse Group
Q1-16,2015-04-01,6.27,11-30-2015,Credit Suisse Group
Q1-16,2015-04-14,6.27,11-30-2015,Credit Suisse Group
Q1-16,2015-04-16,6.27,11-30-2015,Credit Suisse Group
Q1-16,2015-04-22,6.27,11-30-2015,Credit Suisse Group
Q1-16,2015-04-27,6.26,11-30-2015,Credit Suisse Group
Q1-16,2015-04-29,6.26,11-30-2015,Credit Suisse Group
Q1-16,2015-05-06,6.17,11-30-2015,Credit Suisse Group
Q1-16,2015-05-20,6.17,11-30-2015,Credit Suisse Group
Q1-16,2015-05-28,6.17,11-30-2015,Credit Suisse Group
Q1-16,2015-06-03,6.17,11-30-2015,Credit Suisse Group
Q1-16,2015-06-10,6.17,11-30-2015,Credit Suisse Group
Q1-16,2015-06-17,6.17,11-30-2015,Credit Suisse Group
Q1-16,2015-06-24,6.17,11-30-2015,Credit Suisse Group
Q1-16,2015-07-01,6.17,11-30-2015,Credit Suisse Group
Q1-16,2015-08-03,6.16,11-30-2015,Credit Suisse Group
Q1-16,2015-08-05,6.16,11-30-2015,Credit Suisse Group
Q1-16,2015-08-12,6.69,11-30-2015,Credit Suisse Group
Q1-16,2015-08-17,6.68,11-30-2015,Credit Suisse Group
Q1-16,2015-08-19,6.69,11-30-2015,Credit Suisse Group
Q1-16,2015-08-25,6.68,11-30-2015,Credit Suisse Group
Q1-16,2015-09-21,6.67,11-30-2015,Credit Suisse Group
Q1-16,2015-09-23,6.67,11-30-2015,Credit Suisse Group
Q1-16,2015-09-30,6.67,11-30-2015,Credit Suisse Group
Q1-16,2015-10-07,6.66,11-30-2015,Credit Suisse Group
Q1-16,2015-10-14,6.66,11-30-2015,Credit Suisse Group
Q1-16,2015-10-28,6.66,11-30-2015,Credit Suisse Group
Q1-16,2015-11-02,6.66,11-30-2015,Credit Suisse Group
Q1-16,2015-11-04,6.66,11-30-2015,Credit Suisse Group
Q1-16,2015-11-12,6.52,11-30-2015,Credit Suisse Group
Q1-16,2015-11-16,6.52,11-30-2015,Credit Suisse Group
Q1-16,2015-11-23,6.52,11-30-2015,Credit Suisse Group
Q1-16,2015-11-25,6.52,11-30-2015,Credit Suisse Group
Q2-16,2015-06-03,6.18,11-30-2015,Credit Suisse Group
Q2-16,2015-06-10,6.18,11-30-2015,Credit Suisse Group
Q2-16,2015-06-17,6.18,11-30-2015,Credit Suisse Group
Q2-16,2015-06-24,6.18,11-30-2015,Credit Suisse Group
Q2-16,2015-07-01,6.18,11-30-2015,Credit Suisse Group
Q2-16,2015-08-03,6.17,11-30-2015,Credit Suisse Group
Q2-16,2015-08-05,6.17,11-30-2015,Credit Suisse Group
Q2-16,2015-08-12,6.76,11-30-2015,Credit Suisse Group
Q2-16,2015-08-17,6.75,11-30-2015,Credit Suisse Group
Q2-16,2015-08-19,6.75,11-30-2015,Credit Suisse Group
Q2-16,2015-08-25,6.75,11-30-2015,Credit Suisse Group
Q2-16,2015-09-21,6.73,11-30-2015,Credit Suisse Group
Q2-16,2015-09-23,6.73,11-30-2015,Credit Suisse Group
Q2-16,2015-09-30,6.72,11-30-2015,Credit Suisse Group
Q2-16,2015-10-07,6.71,11-30-2015,Credit Suisse Group
Q2-16,2015-10-14,6.7,11-30-2015,Credit Suisse Group
Q2-16,2015-10-28,6.7,11-30-2015,Credit Suisse Group
Q2-16,2015-11-02,6.69,11-30-2015,Credit Suisse Group
Q2-16,2015-11-04,6.69,11-30-2015,Credit Suisse Group
Q2-16,2015-11-12,6.53,11-30-2015,Credit Suisse Group
Q2-16,2015-11-16,6.53,11-30-2015,Credit Suisse Group
Q2-16,2015-11-23,6.53,11-30-2015,Credit Suisse Group
Q2-16,2015-11-25,6.53,11-30-2015,Credit Suisse Group
Q3-16,2015-09-21,6.81,11-30-2015,Credit Suisse Group
Q3-16,2015-09-23,6.81,11-30-2015,Credit Suisse Group
Q3-16,2015-09-30,6.8,11-30-2015,Credit Suisse Group
Q3-16,2015-10-07,6.79,11-30-2015,Credit Suisse Group
Q3-16,2015-10-14,6.79,11-30-2015,Credit Suisse Group
Q3-16,2015-10-28,6.77,11-30-2015,Credit Suisse Group
Q3-16,2015-11-02,6.77,11-30-2015,Credit Suisse Group
Q3-16,2015-11-04,6.77,11-30-2015,Credit Suisse Group
Q3-16,2015-11-12,6.55,11-30-2015,Credit Suisse Group
Q3-16,2015-11-16,6.55,11-30-2015,Credit Suisse Group
Q3-16,2015-11-23,6.55,11-30-2015,Credit Suisse Group
Q3-16,2015-11-25,6.55,11-30-2015,Credit Suisse Group
