period,change_date,change,file,company
Q2-11,2010-01-05,6.43,05-31-2011,Credit Agricole CIB
Q2-11,2010-07-16,6.6,05-31-2011,Credit Agricole CIB
Q2-11,2010-08-18,6.62,05-31-2011,Credit Agricole CIB
Q2-11,2010-09-24,6.62,05-31-2011,Credit Agricole CIB
Q2-11,2010-10-08,6.5,05-31-2011,Credit Agricole CIB
Q2-11,2010-10-19,6.5,05-31-2011,Credit Agricole CIB
Q2-11,2010-11-23,6.5,05-31-2011,Credit Agricole CIB
Q2-11,2011-01-05,6.43,05-31-2011,Credit Agricole CIB
Q2-11,2011-04-01,6.43,05-31-2011,Credit Agricole CIB
Q2-11,2011-05-20,6.43,05-31-2011,Credit Agricole CIB
Q3-11,2010-01-05,6.36,05-31-2011,Credit Agricole CIB
Q3-11,2010-10-19,6.47,05-31-2011,Credit Agricole CIB
Q3-11,2010-11-23,6.47,05-31-2011,Credit Agricole CIB
Q3-11,2011-01-05,6.36,05-31-2011,Credit Agricole CIB
Q3-11,2011-04-01,6.36,05-31-2011,Credit Agricole CIB
Q3-11,2011-05-20,6.36,05-31-2011,Credit Agricole CIB
Q4-11,2010-01-05,6.3,05-31-2011,Credit Agricole CIB
Q4-11,2010-10-19,6.45,05-31-2011,Credit Agricole CIB
Q4-11,2010-11-23,6.45,05-31-2011,Credit Agricole CIB
Q4-11,2011-01-05,6.3,05-31-2011,Credit Agricole CIB
Q4-11,2011-04-01,6.3,05-31-2011,Credit Agricole CIB
Q4-11,2011-05-20,6.3,05-31-2011,Credit Agricole CIB
Q1-12,2011-04-01,6.24,05-31-2011,Credit Agricole CIB
Q1-12,2011-05-20,6.24,05-31-2011,Credit Agricole CIB
2012,2010-01-05,6.05,05-31-2011,Credit Agricole CIB
2012,2011-01-05,6.05,05-31-2011,Credit Agricole CIB
2012,2011-04-01,6.05,05-31-2011,Credit Agricole CIB
2012,2011-05-20,6.05,05-31-2011,Credit Agricole CIB
Q3-20,2020-02-24,6.9,08-31-2020,Credit Agricole CIB
Q3-20,2020-07-31,7.1,08-31-2020,Credit Agricole CIB
Q4-20,2019-01-16,6.65,08-31-2020,Credit Agricole CIB
Q4-20,2019-02-15,6.65,08-31-2020,Credit Agricole CIB
Q4-20,2019-02-19,6.65,08-31-2020,Credit Agricole CIB
Q4-20,2019-03-01,6.65,08-31-2020,Credit Agricole CIB
Q4-20,2019-03-05,6.65,08-31-2020,Credit Agricole CIB
Q4-20,2019-04-05,6.55,08-31-2020,Credit Agricole CIB
Q4-20,2019-05-23,6.55,08-31-2020,Credit Agricole CIB
Q4-20,2019-08-09,7.3,08-31-2020,Credit Agricole CIB
Q4-20,2019-09-25,7.3,08-31-2020,Credit Agricole CIB
Q4-20,2019-11-18,7.3,08-31-2020,Credit Agricole CIB
Q4-20,2020-02-24,6.95,08-31-2020,Credit Agricole CIB
Q4-20,2020-07-31,7.05,08-31-2020,Credit Agricole CIB
Q1-21,2020-07-31,7.0,08-31-2020,Credit Agricole CIB
Q2-21,2020-07-31,6.95,08-31-2020,Credit Agricole CIB
2021,2019-09-25,7.2,08-31-2020,Credit Agricole CIB
2021,2019-11-18,7.2,08-31-2020,Credit Agricole CIB
2021,2020-02-24,7.05,08-31-2020,Credit Agricole CIB
2021,2020-07-31,6.85,08-31-2020,Credit Agricole CIB
Q4-16,2015-05-21,6.05,11-30-2016,Credit Agricole CIB
Q4-16,2015-09-11,6.35,11-30-2016,Credit Agricole CIB
Q4-16,2015-12-07,6.35,11-30-2016,Credit Agricole CIB
Q4-16,2015-12-18,6.35,11-30-2016,Credit Agricole CIB
Q4-16,2016-03-04,6.35,11-30-2016,Credit Agricole CIB
Q4-16,2016-10-25,6.8,11-30-2016,Credit Agricole CIB
Q1-17,2016-03-04,6.31,11-30-2016,Credit Agricole CIB
Q1-17,2016-10-25,6.83,11-30-2016,Credit Agricole CIB
Q2-17,2016-10-25,6.85,11-30-2016,Credit Agricole CIB
Q3-17,2016-10-25,6.8,11-30-2016,Credit Agricole CIB
2017,2016-03-04,6.2,11-30-2016,Credit Agricole CIB
2017,2016-10-25,6.7,11-30-2016,Credit Agricole CIB
Q1-11,2010-01-05,6.51,02-28-2011,Credit Agricole CIB
Q1-11,2010-04-12,6.43,02-28-2011,Credit Agricole CIB
Q1-11,2010-05-18,6.43,02-28-2011,Credit Agricole CIB
Q1-11,2010-06-15,6.6,02-28-2011,Credit Agricole CIB
Q1-11,2010-07-16,6.67,02-28-2011,Credit Agricole CIB
Q1-11,2010-08-18,6.67,02-28-2011,Credit Agricole CIB
Q1-11,2010-09-24,6.67,02-28-2011,Credit Agricole CIB
Q1-11,2010-10-08,6.56,02-28-2011,Credit Agricole CIB
Q1-11,2010-10-19,6.56,02-28-2011,Credit Agricole CIB
Q1-11,2010-11-23,6.56,02-28-2011,Credit Agricole CIB
Q1-11,2011-01-05,6.51,02-28-2011,Credit Agricole CIB
Q2-11,2010-01-05,6.43,02-28-2011,Credit Agricole CIB
Q2-11,2010-07-16,6.6,02-28-2011,Credit Agricole CIB
Q2-11,2010-08-18,6.62,02-28-2011,Credit Agricole CIB
Q2-11,2010-09-24,6.62,02-28-2011,Credit Agricole CIB
Q2-11,2010-10-08,6.5,02-28-2011,Credit Agricole CIB
Q2-11,2010-10-19,6.5,02-28-2011,Credit Agricole CIB
Q2-11,2010-11-23,6.5,02-28-2011,Credit Agricole CIB
Q2-11,2011-01-05,6.43,02-28-2011,Credit Agricole CIB
Q3-11,2010-01-05,6.36,02-28-2011,Credit Agricole CIB
Q3-11,2010-10-19,6.47,02-28-2011,Credit Agricole CIB
Q3-11,2010-11-23,6.47,02-28-2011,Credit Agricole CIB
Q3-11,2011-01-05,6.36,02-28-2011,Credit Agricole CIB
Q4-11,2010-01-05,6.3,02-28-2011,Credit Agricole CIB
Q4-11,2010-10-19,6.45,02-28-2011,Credit Agricole CIB
Q4-11,2010-11-23,6.45,02-28-2011,Credit Agricole CIB
Q4-11,2011-01-05,6.3,02-28-2011,Credit Agricole CIB
2012,2010-01-05,6.05,02-28-2011,Credit Agricole CIB
2012,2011-01-05,6.05,02-28-2011,Credit Agricole CIB
Q3-16,2015-05-21,6.13,08-31-2016,Credit Agricole CIB
Q3-16,2015-09-11,6.4,08-31-2016,Credit Agricole CIB
Q3-16,2015-12-07,6.4,08-31-2016,Credit Agricole CIB
Q3-16,2015-12-18,6.4,08-31-2016,Credit Agricole CIB
Q3-16,2016-03-04,6.4,08-31-2016,Credit Agricole CIB
Q4-16,2015-05-21,6.05,08-31-2016,Credit Agricole CIB
Q4-16,2015-09-11,6.35,08-31-2016,Credit Agricole CIB
Q4-16,2015-12-07,6.35,08-31-2016,Credit Agricole CIB
Q4-16,2015-12-18,6.35,08-31-2016,Credit Agricole CIB
Q4-16,2016-03-04,6.35,08-31-2016,Credit Agricole CIB
Q1-17,2016-03-04,6.31,08-31-2016,Credit Agricole CIB
2017,2016-03-04,6.2,08-31-2016,Credit Agricole CIB
Q4-20,2019-01-16,6.65,11-30-2020,Credit Agricole CIB
Q4-20,2019-02-15,6.65,11-30-2020,Credit Agricole CIB
Q4-20,2019-02-19,6.65,11-30-2020,Credit Agricole CIB
Q4-20,2019-03-01,6.65,11-30-2020,Credit Agricole CIB
Q4-20,2019-03-05,6.65,11-30-2020,Credit Agricole CIB
Q4-20,2019-04-05,6.55,11-30-2020,Credit Agricole CIB
Q4-20,2019-05-23,6.55,11-30-2020,Credit Agricole CIB
Q4-20,2019-08-09,7.3,11-30-2020,Credit Agricole CIB
Q4-20,2019-09-25,7.3,11-30-2020,Credit Agricole CIB
Q4-20,2019-11-18,7.3,11-30-2020,Credit Agricole CIB
Q4-20,2020-02-24,6.95,11-30-2020,Credit Agricole CIB
Q4-20,2020-07-31,7.05,11-30-2020,Credit Agricole CIB
Q4-20,2020-09-11,6.7,11-30-2020,Credit Agricole CIB
Q1-21,2020-07-31,7.0,11-30-2020,Credit Agricole CIB
Q1-21,2020-09-11,6.65,11-30-2020,Credit Agricole CIB
Q2-21,2020-07-31,6.95,11-30-2020,Credit Agricole CIB
Q2-21,2020-09-11,6.6,11-30-2020,Credit Agricole CIB
Q3-21,2020-09-11,6.55,11-30-2020,Credit Agricole CIB
2021,2019-09-25,7.2,11-30-2020,Credit Agricole CIB
2021,2019-11-18,7.2,11-30-2020,Credit Agricole CIB
2021,2020-02-24,7.05,11-30-2020,Credit Agricole CIB
2021,2020-07-31,6.85,11-30-2020,Credit Agricole CIB
2021,2020-09-11,6.5,11-30-2020,Credit Agricole CIB
Q4-21,2020-02-24,7.05,11-30-2021,Credit Agricole CIB
Q4-21,2020-07-31,6.85,11-30-2021,Credit Agricole CIB
Q4-21,2020-09-11,6.5,11-30-2021,Credit Agricole CIB
Q4-21,2020-12-18,6.35,11-30-2021,Credit Agricole CIB
Q4-21,2021-03-10,6.5,11-30-2021,Credit Agricole CIB
Q4-21,2021-03-12,6.4,11-30-2021,Credit Agricole CIB
Q4-21,2021-04-12,6.45,11-30-2021,Credit Agricole CIB
Q4-21,2021-05-31,6.45,11-30-2021,Credit Agricole CIB
Q4-21,2021-06-29,6.35,11-30-2021,Credit Agricole CIB
Q4-21,2021-08-31,6.35,11-30-2021,Credit Agricole CIB
Q4-21,2021-10-06,6.5,11-30-2021,Credit Agricole CIB
Q4-21,2021-11-11,6.38,11-30-2021,Credit Agricole CIB
Q4-21,2021-11-25,6.38,11-30-2021,Credit Agricole CIB
Q1-22,2021-03-10,6.4,11-30-2021,Credit Agricole CIB
Q1-22,2021-03-12,6.41,11-30-2021,Credit Agricole CIB
Q1-22,2021-04-12,6.45,11-30-2021,Credit Agricole CIB
Q1-22,2021-05-31,6.45,11-30-2021,Credit Agricole CIB
Q1-22,2021-06-29,6.31,11-30-2021,Credit Agricole CIB
Q1-22,2021-08-31,6.31,11-30-2021,Credit Agricole CIB
Q1-22,2021-10-06,6.43,11-30-2021,Credit Agricole CIB
Q1-22,2021-11-11,6.35,11-30-2021,Credit Agricole CIB
Q1-22,2021-11-25,6.35,11-30-2021,Credit Agricole CIB
Q2-22,2021-06-29,6.27,11-30-2021,Credit Agricole CIB
Q2-22,2021-08-31,6.27,11-30-2021,Credit Agricole CIB
Q2-22,2021-10-06,6.4,11-30-2021,Credit Agricole CIB
Q2-22,2021-11-11,6.32,11-30-2021,Credit Agricole CIB
Q2-22,2021-11-25,6.32,11-30-2021,Credit Agricole CIB
Q3-22,2021-10-06,6.35,11-30-2021,Credit Agricole CIB
Q3-22,2021-11-11,6.32,11-30-2021,Credit Agricole CIB
Q3-22,2021-11-25,6.32,11-30-2021,Credit Agricole CIB
2022,2020-12-18,6.45,11-30-2021,Credit Agricole CIB
2022,2021-03-10,6.45,11-30-2021,Credit Agricole CIB
2022,2021-03-12,6.45,11-30-2021,Credit Agricole CIB
2022,2021-04-12,6.45,11-30-2021,Credit Agricole CIB
2022,2021-10-06,6.3,11-30-2021,Credit Agricole CIB
2022,2021-11-11,6.3,11-30-2021,Credit Agricole CIB
2022,2021-11-25,6.3,11-30-2021,Credit Agricole CIB
Q3-17,2016-10-25,6.8,08-31-2017,Credit Agricole CIB
Q3-17,2016-12-01,7.05,08-31-2017,Credit Agricole CIB
Q3-17,2016-12-14,7.31,08-31-2017,Credit Agricole CIB
Q3-17,2017-02-01,7.25,08-31-2017,Credit Agricole CIB
Q3-17,2017-02-03,7.25,08-31-2017,Credit Agricole CIB
Q3-17,2017-03-06,7.25,08-31-2017,Credit Agricole CIB
Q3-17,2017-05-30,6.98,08-31-2017,Credit Agricole CIB
Q3-17,2017-06-01,6.98,08-31-2017,Credit Agricole CIB
Q3-17,2017-06-08,6.98,08-31-2017,Credit Agricole CIB
Q3-17,2017-08-10,6.75,08-31-2017,Credit Agricole CIB
Q3-17,2017-08-25,6.75,08-31-2017,Credit Agricole CIB
Q3-17,2017-08-29,6.63,08-31-2017,Credit Agricole CIB
Q4-17,2016-03-04,6.2,08-31-2017,Credit Agricole CIB
Q4-17,2016-10-25,6.7,08-31-2017,Credit Agricole CIB
Q4-17,2016-12-01,7.1,08-31-2017,Credit Agricole CIB
Q4-17,2016-12-14,7.25,08-31-2017,Credit Agricole CIB
Q4-17,2017-02-03,7.25,08-31-2017,Credit Agricole CIB
Q4-17,2017-03-06,7.25,08-31-2017,Credit Agricole CIB
Q4-17,2017-05-30,7.05,08-31-2017,Credit Agricole CIB
Q4-17,2017-06-01,7.05,08-31-2017,Credit Agricole CIB
Q4-17,2017-06-08,7.05,08-31-2017,Credit Agricole CIB
Q4-17,2017-08-10,6.75,08-31-2017,Credit Agricole CIB
Q4-17,2017-08-25,6.75,08-31-2017,Credit Agricole CIB
Q4-17,2017-08-29,6.6,08-31-2017,Credit Agricole CIB
Q1-18,2017-03-06,7.19,08-31-2017,Credit Agricole CIB
Q1-18,2017-05-30,7.07,08-31-2017,Credit Agricole CIB
Q1-18,2017-06-01,7.07,08-31-2017,Credit Agricole CIB
Q1-18,2017-06-08,7.07,08-31-2017,Credit Agricole CIB
Q1-18,2017-08-10,6.73,08-31-2017,Credit Agricole CIB
Q1-18,2017-08-25,6.73,08-31-2017,Credit Agricole CIB
Q1-18,2017-08-29,6.58,08-31-2017,Credit Agricole CIB
Q2-18,2017-06-01,7.08,08-31-2017,Credit Agricole CIB
Q2-18,2017-08-10,6.72,08-31-2017,Credit Agricole CIB
Q2-18,2017-08-25,6.72,08-31-2017,Credit Agricole CIB
Q2-18,2017-08-29,6.55,08-31-2017,Credit Agricole CIB
2018,2016-12-01,7.2,08-31-2017,Credit Agricole CIB
2018,2016-12-14,7.17,08-31-2017,Credit Agricole CIB
2018,2017-02-03,7.17,08-31-2017,Credit Agricole CIB
2018,2017-03-06,7.17,08-31-2017,Credit Agricole CIB
2018,2017-05-30,7.1,08-31-2017,Credit Agricole CIB
2018,2017-06-01,7.1,08-31-2017,Credit Agricole CIB
2018,2017-06-08,7.1,08-31-2017,Credit Agricole CIB
2018,2017-08-10,6.7,08-31-2017,Credit Agricole CIB
2018,2017-08-25,6.7,08-31-2017,Credit Agricole CIB
2018,2017-08-29,6.5,08-31-2017,Credit Agricole CIB
2019,2017-02-03,7.3,08-31-2017,Credit Agricole CIB
2019,2017-08-10,6.5,08-31-2017,Credit Agricole CIB
2019,2017-08-25,6.4,08-31-2017,Credit Agricole CIB
2019,2017-08-29,6.4,08-31-2017,Credit Agricole CIB
2020,2017-02-03,7.5,08-31-2017,Credit Agricole CIB
2020,2017-08-10,6.25,08-31-2017,Credit Agricole CIB
2020,2017-08-25,6.25,08-31-2017,Credit Agricole CIB
2020,2017-08-29,6.25,08-31-2017,Credit Agricole CIB
2021,2017-08-25,6.15,08-31-2017,Credit Agricole CIB
2021,2017-08-29,6.15,08-31-2017,Credit Agricole CIB
2011,2010-01-05,6.3,02-28-2010,Credit Agricole CIB
2012,2010-01-05,6.05,02-28-2010,Credit Agricole CIB
Q4-17,2016-03-04,6.2,11-30-2017,Credit Agricole CIB
Q4-17,2016-10-25,6.7,11-30-2017,Credit Agricole CIB
Q4-17,2016-12-01,7.1,11-30-2017,Credit Agricole CIB
Q4-17,2016-12-14,7.25,11-30-2017,Credit Agricole CIB
Q4-17,2017-02-03,7.25,11-30-2017,Credit Agricole CIB
Q4-17,2017-03-06,7.25,11-30-2017,Credit Agricole CIB
Q4-17,2017-05-30,7.05,11-30-2017,Credit Agricole CIB
Q4-17,2017-06-01,7.05,11-30-2017,Credit Agricole CIB
Q4-17,2017-06-08,7.05,11-30-2017,Credit Agricole CIB
Q4-17,2017-08-10,6.75,11-30-2017,Credit Agricole CIB
Q4-17,2017-08-25,6.75,11-30-2017,Credit Agricole CIB
Q4-17,2017-08-29,6.6,11-30-2017,Credit Agricole CIB
Q4-17,2017-09-12,6.45,11-30-2017,Credit Agricole CIB
Q4-17,2017-10-04,6.45,11-30-2017,Credit Agricole CIB
Q4-17,2017-10-18,6.45,11-30-2017,Credit Agricole CIB
Q4-17,2017-11-27,6.45,11-30-2017,Credit Agricole CIB
Q1-18,2017-03-06,7.19,11-30-2017,Credit Agricole CIB
Q1-18,2017-05-30,7.07,11-30-2017,Credit Agricole CIB
Q1-18,2017-06-01,7.07,11-30-2017,Credit Agricole CIB
Q1-18,2017-06-08,7.07,11-30-2017,Credit Agricole CIB
Q1-18,2017-08-10,6.73,11-30-2017,Credit Agricole CIB
Q1-18,2017-08-25,6.73,11-30-2017,Credit Agricole CIB
Q1-18,2017-08-29,6.58,11-30-2017,Credit Agricole CIB
Q1-18,2017-09-12,6.41,11-30-2017,Credit Agricole CIB
Q1-18,2017-10-04,6.41,11-30-2017,Credit Agricole CIB
Q1-18,2017-10-18,6.41,11-30-2017,Credit Agricole CIB
Q1-18,2017-11-27,6.41,11-30-2017,Credit Agricole CIB
Q2-18,2017-06-01,7.08,11-30-2017,Credit Agricole CIB
Q2-18,2017-08-10,6.72,11-30-2017,Credit Agricole CIB
Q2-18,2017-08-25,6.72,11-30-2017,Credit Agricole CIB
Q2-18,2017-08-29,6.55,11-30-2017,Credit Agricole CIB
Q2-18,2017-09-12,6.37,11-30-2017,Credit Agricole CIB
Q2-18,2017-10-04,6.37,11-30-2017,Credit Agricole CIB
Q2-18,2017-10-18,6.37,11-30-2017,Credit Agricole CIB
Q2-18,2017-11-27,6.37,11-30-2017,Credit Agricole CIB
Q3-18,2017-10-04,6.33,11-30-2017,Credit Agricole CIB
Q3-18,2017-10-18,6.33,11-30-2017,Credit Agricole CIB
Q3-18,2017-11-27,6.33,11-30-2017,Credit Agricole CIB
2018,2016-12-01,7.2,11-30-2017,Credit Agricole CIB
2018,2016-12-14,7.17,11-30-2017,Credit Agricole CIB
2018,2017-02-03,7.17,11-30-2017,Credit Agricole CIB
2018,2017-03-06,7.17,11-30-2017,Credit Agricole CIB
2018,2017-05-30,7.1,11-30-2017,Credit Agricole CIB
2018,2017-06-01,7.1,11-30-2017,Credit Agricole CIB
2018,2017-06-08,7.1,11-30-2017,Credit Agricole CIB
2018,2017-08-10,6.7,11-30-2017,Credit Agricole CIB
2018,2017-08-25,6.7,11-30-2017,Credit Agricole CIB
2018,2017-08-29,6.5,11-30-2017,Credit Agricole CIB
2018,2017-09-12,6.3,11-30-2017,Credit Agricole CIB
2018,2017-10-04,6.3,11-30-2017,Credit Agricole CIB
2018,2017-10-18,6.3,11-30-2017,Credit Agricole CIB
2018,2017-11-27,6.3,11-30-2017,Credit Agricole CIB
2019,2017-02-03,7.3,11-30-2017,Credit Agricole CIB
2019,2017-08-10,6.5,11-30-2017,Credit Agricole CIB
2019,2017-08-25,6.4,11-30-2017,Credit Agricole CIB
2019,2017-08-29,6.4,11-30-2017,Credit Agricole CIB
2019,2017-09-12,6.15,11-30-2017,Credit Agricole CIB
2020,2017-02-03,7.5,11-30-2017,Credit Agricole CIB
2020,2017-08-10,6.25,11-30-2017,Credit Agricole CIB
2020,2017-08-25,6.25,11-30-2017,Credit Agricole CIB
2020,2017-08-29,6.25,11-30-2017,Credit Agricole CIB
2020,2017-09-12,6.0,11-30-2017,Credit Agricole CIB
2021,2017-08-25,6.15,11-30-2017,Credit Agricole CIB
2021,2017-08-29,6.15,11-30-2017,Credit Agricole CIB
2021,2017-09-12,6.0,11-30-2017,Credit Agricole CIB
Q3-21,2020-09-11,6.55,08-31-2021,Credit Agricole CIB
Q3-21,2020-12-18,6.3,08-31-2021,Credit Agricole CIB
Q3-21,2021-03-10,6.65,08-31-2021,Credit Agricole CIB
Q3-21,2021-03-12,6.5,08-31-2021,Credit Agricole CIB
Q3-21,2021-04-12,6.55,08-31-2021,Credit Agricole CIB
Q3-21,2021-05-31,6.5,08-31-2021,Credit Agricole CIB
Q3-21,2021-06-29,6.4,08-31-2021,Credit Agricole CIB
Q3-21,2021-08-31,6.4,08-31-2021,Credit Agricole CIB
Q4-21,2019-09-25,7.2,08-31-2021,Credit Agricole CIB
Q4-21,2019-11-18,7.2,08-31-2021,Credit Agricole CIB
Q4-21,2020-02-24,7.05,08-31-2021,Credit Agricole CIB
Q4-21,2020-07-31,6.85,08-31-2021,Credit Agricole CIB
Q4-21,2020-09-11,6.5,08-31-2021,Credit Agricole CIB
Q4-21,2020-12-18,6.35,08-31-2021,Credit Agricole CIB
Q4-21,2021-03-10,6.5,08-31-2021,Credit Agricole CIB
Q4-21,2021-03-12,6.4,08-31-2021,Credit Agricole CIB
Q4-21,2021-04-12,6.45,08-31-2021,Credit Agricole CIB
Q4-21,2021-05-31,6.45,08-31-2021,Credit Agricole CIB
Q4-21,2021-06-29,6.35,08-31-2021,Credit Agricole CIB
Q4-21,2021-08-31,6.35,08-31-2021,Credit Agricole CIB
Q1-22,2021-03-10,6.4,08-31-2021,Credit Agricole CIB
Q1-22,2021-03-12,6.41,08-31-2021,Credit Agricole CIB
Q1-22,2021-04-12,6.45,08-31-2021,Credit Agricole CIB
Q1-22,2021-05-31,6.45,08-31-2021,Credit Agricole CIB
Q1-22,2021-06-29,6.31,08-31-2021,Credit Agricole CIB
Q1-22,2021-08-31,6.31,08-31-2021,Credit Agricole CIB
Q2-22,2021-06-29,6.27,08-31-2021,Credit Agricole CIB
Q2-22,2021-08-31,6.27,08-31-2021,Credit Agricole CIB
2022,2020-12-18,6.45,08-31-2021,Credit Agricole CIB
2022,2021-03-10,6.45,08-31-2021,Credit Agricole CIB
2022,2021-03-12,6.45,08-31-2021,Credit Agricole CIB
2022,2021-04-12,6.45,08-31-2021,Credit Agricole CIB
Q2-10,2010-04-12,6.7,05-31-2010,Credit Agricole CIB
Q2-10,2010-05-18,6.7,05-31-2010,Credit Agricole CIB
Q3-10,2010-04-12,6.6,05-31-2010,Credit Agricole CIB
Q3-10,2010-05-18,6.6,05-31-2010,Credit Agricole CIB
Q4-10,2010-04-12,6.5,05-31-2010,Credit Agricole CIB
Q4-10,2010-05-18,6.5,05-31-2010,Credit Agricole CIB
Q1-11,2010-01-05,6.51,05-31-2010,Credit Agricole CIB
Q1-11,2010-04-12,6.43,05-31-2010,Credit Agricole CIB
Q1-11,2010-05-18,6.43,05-31-2010,Credit Agricole CIB
2011,2010-01-05,6.3,05-31-2010,Credit Agricole CIB
2012,2010-01-05,6.05,05-31-2010,Credit Agricole CIB
Q1-17,2016-03-04,6.31,02-28-2017,Credit Agricole CIB
Q1-17,2016-10-25,6.83,02-28-2017,Credit Agricole CIB
Q1-17,2016-12-01,6.95,02-28-2017,Credit Agricole CIB
Q1-17,2016-12-14,7.04,02-28-2017,Credit Agricole CIB
Q1-17,2017-02-01,6.9,02-28-2017,Credit Agricole CIB
Q1-17,2017-02-03,6.9,02-28-2017,Credit Agricole CIB
Q2-17,2016-10-25,6.85,02-28-2017,Credit Agricole CIB
Q2-17,2016-12-01,7.0,02-28-2017,Credit Agricole CIB
Q2-17,2016-12-14,7.23,02-28-2017,Credit Agricole CIB
Q2-17,2017-02-01,7.07,02-28-2017,Credit Agricole CIB
Q2-17,2017-02-03,7.07,02-28-2017,Credit Agricole CIB
Q3-17,2016-10-25,6.8,02-28-2017,Credit Agricole CIB
Q3-17,2016-12-01,7.05,02-28-2017,Credit Agricole CIB
Q3-17,2016-12-14,7.31,02-28-2017,Credit Agricole CIB
Q3-17,2017-02-01,7.25,02-28-2017,Credit Agricole CIB
Q3-17,2017-02-03,7.25,02-28-2017,Credit Agricole CIB
Q4-17,2016-03-04,6.2,02-28-2017,Credit Agricole CIB
Q4-17,2016-10-25,6.7,02-28-2017,Credit Agricole CIB
Q4-17,2016-12-01,7.1,02-28-2017,Credit Agricole CIB
Q4-17,2016-12-14,7.25,02-28-2017,Credit Agricole CIB
Q4-17,2017-02-03,7.25,02-28-2017,Credit Agricole CIB
2018,2016-12-01,7.2,02-28-2017,Credit Agricole CIB
2018,2016-12-14,7.17,02-28-2017,Credit Agricole CIB
2018,2017-02-03,7.17,02-28-2017,Credit Agricole CIB
2019,2017-02-03,7.3,02-28-2017,Credit Agricole CIB
2020,2017-02-03,7.5,02-28-2017,Credit Agricole CIB
Q3-10,2010-04-12,6.6,08-31-2010,Credit Agricole CIB
Q3-10,2010-05-18,6.6,08-31-2010,Credit Agricole CIB
Q3-10,2010-06-15,6.73,08-31-2010,Credit Agricole CIB
Q3-10,2010-07-16,6.8,08-31-2010,Credit Agricole CIB
Q3-10,2010-08-18,6.75,08-31-2010,Credit Agricole CIB
Q4-10,2010-04-12,6.5,08-31-2010,Credit Agricole CIB
Q4-10,2010-05-18,6.5,08-31-2010,Credit Agricole CIB
Q4-10,2010-06-15,6.67,08-31-2010,Credit Agricole CIB
Q4-10,2010-07-16,6.73,08-31-2010,Credit Agricole CIB
Q4-10,2010-08-18,6.73,08-31-2010,Credit Agricole CIB
Q1-11,2010-01-05,6.51,08-31-2010,Credit Agricole CIB
Q1-11,2010-04-12,6.43,08-31-2010,Credit Agricole CIB
Q1-11,2010-05-18,6.43,08-31-2010,Credit Agricole CIB
Q1-11,2010-06-15,6.6,08-31-2010,Credit Agricole CIB
Q1-11,2010-07-16,6.67,08-31-2010,Credit Agricole CIB
Q1-11,2010-08-18,6.67,08-31-2010,Credit Agricole CIB
Q2-11,2010-01-05,6.43,08-31-2010,Credit Agricole CIB
Q2-11,2010-07-16,6.6,08-31-2010,Credit Agricole CIB
Q2-11,2010-08-18,6.62,08-31-2010,Credit Agricole CIB
2011,2010-01-05,6.3,08-31-2010,Credit Agricole CIB
2012,2010-01-05,6.05,08-31-2010,Credit Agricole CIB
Q2-21,2020-07-31,6.95,05-31-2021,Credit Agricole CIB
Q2-21,2020-09-11,6.6,05-31-2021,Credit Agricole CIB
Q2-21,2020-12-18,6.35,05-31-2021,Credit Agricole CIB
Q2-21,2021-03-10,6.6,05-31-2021,Credit Agricole CIB
Q2-21,2021-03-12,6.65,05-31-2021,Credit Agricole CIB
Q2-21,2021-04-12,6.65,05-31-2021,Credit Agricole CIB
Q2-21,2021-05-31,6.55,05-31-2021,Credit Agricole CIB
Q3-21,2020-09-11,6.55,05-31-2021,Credit Agricole CIB
Q3-21,2020-12-18,6.3,05-31-2021,Credit Agricole CIB
Q3-21,2021-03-10,6.65,05-31-2021,Credit Agricole CIB
Q3-21,2021-03-12,6.5,05-31-2021,Credit Agricole CIB
Q3-21,2021-04-12,6.55,05-31-2021,Credit Agricole CIB
Q3-21,2021-05-31,6.5,05-31-2021,Credit Agricole CIB
Q4-21,2019-09-25,7.2,05-31-2021,Credit Agricole CIB
Q4-21,2019-11-18,7.2,05-31-2021,Credit Agricole CIB
Q4-21,2020-02-24,7.05,05-31-2021,Credit Agricole CIB
Q4-21,2020-07-31,6.85,05-31-2021,Credit Agricole CIB
Q4-21,2020-09-11,6.5,05-31-2021,Credit Agricole CIB
Q4-21,2020-12-18,6.35,05-31-2021,Credit Agricole CIB
Q4-21,2021-03-10,6.5,05-31-2021,Credit Agricole CIB
Q4-21,2021-03-12,6.4,05-31-2021,Credit Agricole CIB
Q4-21,2021-04-12,6.45,05-31-2021,Credit Agricole CIB
Q4-21,2021-05-31,6.45,05-31-2021,Credit Agricole CIB
Q1-22,2021-03-10,6.4,05-31-2021,Credit Agricole CIB
Q1-22,2021-03-12,6.41,05-31-2021,Credit Agricole CIB
Q1-22,2021-04-12,6.45,05-31-2021,Credit Agricole CIB
Q1-22,2021-05-31,6.45,05-31-2021,Credit Agricole CIB
2022,2020-12-18,6.45,05-31-2021,Credit Agricole CIB
2022,2021-03-10,6.45,05-31-2021,Credit Agricole CIB
2022,2021-03-12,6.45,05-31-2021,Credit Agricole CIB
2022,2021-04-12,6.45,05-31-2021,Credit Agricole CIB
Q2-17,2016-10-25,6.85,05-31-2017,Credit Agricole CIB
Q2-17,2016-12-01,7.0,05-31-2017,Credit Agricole CIB
Q2-17,2016-12-14,7.23,05-31-2017,Credit Agricole CIB
Q2-17,2017-02-01,7.07,05-31-2017,Credit Agricole CIB
Q2-17,2017-02-03,7.07,05-31-2017,Credit Agricole CIB
Q2-17,2017-03-06,7.07,05-31-2017,Credit Agricole CIB
Q2-17,2017-05-30,6.92,05-31-2017,Credit Agricole CIB
Q3-17,2016-10-25,6.8,05-31-2017,Credit Agricole CIB
Q3-17,2016-12-01,7.05,05-31-2017,Credit Agricole CIB
Q3-17,2016-12-14,7.31,05-31-2017,Credit Agricole CIB
Q3-17,2017-02-01,7.25,05-31-2017,Credit Agricole CIB
Q3-17,2017-02-03,7.25,05-31-2017,Credit Agricole CIB
Q3-17,2017-03-06,7.25,05-31-2017,Credit Agricole CIB
Q3-17,2017-05-30,6.98,05-31-2017,Credit Agricole CIB
Q4-17,2016-03-04,6.2,05-31-2017,Credit Agricole CIB
Q4-17,2016-10-25,6.7,05-31-2017,Credit Agricole CIB
Q4-17,2016-12-01,7.1,05-31-2017,Credit Agricole CIB
Q4-17,2016-12-14,7.25,05-31-2017,Credit Agricole CIB
Q4-17,2017-02-03,7.25,05-31-2017,Credit Agricole CIB
Q4-17,2017-03-06,7.25,05-31-2017,Credit Agricole CIB
Q4-17,2017-05-30,7.05,05-31-2017,Credit Agricole CIB
Q1-18,2017-03-06,7.19,05-31-2017,Credit Agricole CIB
Q1-18,2017-05-30,7.07,05-31-2017,Credit Agricole CIB
2018,2016-12-01,7.2,05-31-2017,Credit Agricole CIB
2018,2016-12-14,7.17,05-31-2017,Credit Agricole CIB
2018,2017-02-03,7.17,05-31-2017,Credit Agricole CIB
2018,2017-03-06,7.17,05-31-2017,Credit Agricole CIB
2018,2017-05-30,7.1,05-31-2017,Credit Agricole CIB
2019,2017-02-03,7.3,05-31-2017,Credit Agricole CIB
2020,2017-02-03,7.5,05-31-2017,Credit Agricole CIB
Q1-21,2020-07-31,7.0,02-28-2021,Credit Agricole CIB
Q1-21,2020-09-11,6.65,02-28-2021,Credit Agricole CIB
Q1-21,2020-12-18,6.4,02-28-2021,Credit Agricole CIB
Q2-21,2020-07-31,6.95,02-28-2021,Credit Agricole CIB
Q2-21,2020-09-11,6.6,02-28-2021,Credit Agricole CIB
Q2-21,2020-12-18,6.35,02-28-2021,Credit Agricole CIB
Q3-21,2020-09-11,6.55,02-28-2021,Credit Agricole CIB
Q3-21,2020-12-18,6.3,02-28-2021,Credit Agricole CIB
Q4-21,2019-09-25,7.2,02-28-2021,Credit Agricole CIB
Q4-21,2019-11-18,7.2,02-28-2021,Credit Agricole CIB
Q4-21,2020-02-24,7.05,02-28-2021,Credit Agricole CIB
Q4-21,2020-07-31,6.85,02-28-2021,Credit Agricole CIB
Q4-21,2020-09-11,6.5,02-28-2021,Credit Agricole CIB
Q4-21,2020-12-18,6.35,02-28-2021,Credit Agricole CIB
2022,2019-09-25,7.2,02-28-2021,Credit Agricole CIB
2022,2019-11-18,7.2,02-28-2021,Credit Agricole CIB
2022,2020-02-24,7.05,02-28-2021,Credit Agricole CIB
2022,2020-07-31,6.85,02-28-2021,Credit Agricole CIB
2022,2020-09-11,6.5,02-28-2021,Credit Agricole CIB
2022,2020-12-18,6.35,02-28-2021,Credit Agricole CIB
Q4-10,2010-04-12,6.5,11-30-2010,Credit Agricole CIB
Q4-10,2010-05-18,6.5,11-30-2010,Credit Agricole CIB
Q4-10,2010-06-15,6.67,11-30-2010,Credit Agricole CIB
Q4-10,2010-07-16,6.73,11-30-2010,Credit Agricole CIB
Q4-10,2010-08-18,6.73,11-30-2010,Credit Agricole CIB
Q4-10,2010-09-24,6.73,11-30-2010,Credit Agricole CIB
Q4-10,2010-10-08,6.63,11-30-2010,Credit Agricole CIB
Q4-10,2010-10-19,6.63,11-30-2010,Credit Agricole CIB
Q4-10,2010-11-23,6.63,11-30-2010,Credit Agricole CIB
Q1-11,2010-01-05,6.51,11-30-2010,Credit Agricole CIB
Q1-11,2010-04-12,6.43,11-30-2010,Credit Agricole CIB
Q1-11,2010-05-18,6.43,11-30-2010,Credit Agricole CIB
Q1-11,2010-06-15,6.6,11-30-2010,Credit Agricole CIB
Q1-11,2010-07-16,6.67,11-30-2010,Credit Agricole CIB
Q1-11,2010-08-18,6.67,11-30-2010,Credit Agricole CIB
Q1-11,2010-09-24,6.67,11-30-2010,Credit Agricole CIB
Q1-11,2010-10-08,6.56,11-30-2010,Credit Agricole CIB
Q1-11,2010-10-19,6.56,11-30-2010,Credit Agricole CIB
Q1-11,2010-11-23,6.56,11-30-2010,Credit Agricole CIB
Q2-11,2010-01-05,6.43,11-30-2010,Credit Agricole CIB
Q2-11,2010-07-16,6.6,11-30-2010,Credit Agricole CIB
Q2-11,2010-08-18,6.62,11-30-2010,Credit Agricole CIB
Q2-11,2010-09-24,6.62,11-30-2010,Credit Agricole CIB
Q2-11,2010-10-08,6.5,11-30-2010,Credit Agricole CIB
Q2-11,2010-10-19,6.5,11-30-2010,Credit Agricole CIB
Q2-11,2010-11-23,6.5,11-30-2010,Credit Agricole CIB
Q3-11,2010-01-05,6.36,11-30-2010,Credit Agricole CIB
Q3-11,2010-10-19,6.47,11-30-2010,Credit Agricole CIB
Q3-11,2010-11-23,6.47,11-30-2010,Credit Agricole CIB
2011,2010-01-05,6.3,11-30-2010,Credit Agricole CIB
2011,2010-10-19,6.45,11-30-2010,Credit Agricole CIB
2011,2010-11-23,6.45,11-30-2010,Credit Agricole CIB
2012,2010-01-05,6.05,11-30-2010,Credit Agricole CIB
Q4-11,2010-01-05,6.3,11-30-2011,Credit Agricole CIB
Q4-11,2010-10-19,6.45,11-30-2011,Credit Agricole CIB
Q4-11,2010-11-23,6.45,11-30-2011,Credit Agricole CIB
Q4-11,2011-01-05,6.3,11-30-2011,Credit Agricole CIB
Q4-11,2011-04-01,6.3,11-30-2011,Credit Agricole CIB
Q4-11,2011-05-20,6.3,11-30-2011,Credit Agricole CIB
Q4-11,2011-07-26,6.3,11-30-2011,Credit Agricole CIB
Q4-11,2011-11-15,6.3,11-30-2011,Credit Agricole CIB
Q1-12,2011-04-01,6.24,11-30-2011,Credit Agricole CIB
Q1-12,2011-05-20,6.24,11-30-2011,Credit Agricole CIB
Q1-12,2011-07-26,6.24,11-30-2011,Credit Agricole CIB
Q1-12,2011-11-15,6.24,11-30-2011,Credit Agricole CIB
Q2-12,2011-07-26,6.18,11-30-2011,Credit Agricole CIB
Q2-12,2011-11-15,6.18,11-30-2011,Credit Agricole CIB
Q3-12,2011-11-15,6.11,11-30-2011,Credit Agricole CIB
2012,2010-01-05,6.05,11-30-2011,Credit Agricole CIB
2012,2011-01-05,6.05,11-30-2011,Credit Agricole CIB
2012,2011-04-01,6.05,11-30-2011,Credit Agricole CIB
2012,2011-05-20,6.05,11-30-2011,Credit Agricole CIB
2012,2011-07-26,6.05,11-30-2011,Credit Agricole CIB
2012,2011-11-15,6.05,11-30-2011,Credit Agricole CIB
Q1-20,2019-04-05,6.63,02-28-2020,Credit Agricole CIB
Q1-20,2019-05-23,6.63,02-28-2020,Credit Agricole CIB
Q1-20,2019-08-09,7.15,02-28-2020,Credit Agricole CIB
Q1-20,2019-09-25,7.2,02-28-2020,Credit Agricole CIB
Q1-20,2019-11-18,7.2,02-28-2020,Credit Agricole CIB
Q1-20,2020-02-24,7.0,02-28-2020,Credit Agricole CIB
Q2-20,2019-08-09,7.2,02-28-2020,Credit Agricole CIB
Q2-20,2019-09-25,7.25,02-28-2020,Credit Agricole CIB
Q2-20,2019-11-18,7.25,02-28-2020,Credit Agricole CIB
Q2-20,2020-02-24,6.85,02-28-2020,Credit Agricole CIB
Q3-20,2020-02-24,6.9,02-28-2020,Credit Agricole CIB
Q4-20,2018-06-04,6.65,02-28-2020,Credit Agricole CIB
Q4-20,2018-08-01,6.65,02-28-2020,Credit Agricole CIB
Q4-20,2018-08-30,6.65,02-28-2020,Credit Agricole CIB
Q4-20,2019-01-16,6.65,02-28-2020,Credit Agricole CIB
Q4-20,2019-02-15,6.65,02-28-2020,Credit Agricole CIB
Q4-20,2019-02-19,6.65,02-28-2020,Credit Agricole CIB
Q4-20,2019-03-01,6.65,02-28-2020,Credit Agricole CIB
Q4-20,2019-03-05,6.65,02-28-2020,Credit Agricole CIB
Q4-20,2019-04-05,6.55,02-28-2020,Credit Agricole CIB
Q4-20,2019-05-23,6.55,02-28-2020,Credit Agricole CIB
Q4-20,2019-08-09,7.3,02-28-2020,Credit Agricole CIB
Q4-20,2019-09-25,7.3,02-28-2020,Credit Agricole CIB
Q4-20,2019-11-18,7.3,02-28-2020,Credit Agricole CIB
Q4-20,2020-02-24,6.95,02-28-2020,Credit Agricole CIB
2021,2018-06-04,7.2,02-28-2020,Credit Agricole CIB
2021,2018-08-01,7.2,02-28-2020,Credit Agricole CIB
2021,2018-08-30,7.2,02-28-2020,Credit Agricole CIB
2021,2019-09-25,7.2,02-28-2020,Credit Agricole CIB
2021,2019-11-18,7.2,02-28-2020,Credit Agricole CIB
2021,2020-02-24,7.05,02-28-2020,Credit Agricole CIB
Q2-16,2015-05-21,6.21,05-31-2016,Credit Agricole CIB
Q2-16,2015-09-11,6.45,05-31-2016,Credit Agricole CIB
Q2-16,2015-12-07,6.45,05-31-2016,Credit Agricole CIB
Q2-16,2015-12-18,6.45,05-31-2016,Credit Agricole CIB
Q2-16,2016-03-04,6.45,05-31-2016,Credit Agricole CIB
Q3-16,2015-05-21,6.13,05-31-2016,Credit Agricole CIB
Q3-16,2015-09-11,6.4,05-31-2016,Credit Agricole CIB
Q3-16,2015-12-07,6.4,05-31-2016,Credit Agricole CIB
Q3-16,2015-12-18,6.4,05-31-2016,Credit Agricole CIB
Q3-16,2016-03-04,6.4,05-31-2016,Credit Agricole CIB
Q4-16,2015-05-21,6.05,05-31-2016,Credit Agricole CIB
Q4-16,2015-09-11,6.35,05-31-2016,Credit Agricole CIB
Q4-16,2015-12-07,6.35,05-31-2016,Credit Agricole CIB
Q4-16,2015-12-18,6.35,05-31-2016,Credit Agricole CIB
Q4-16,2016-03-04,6.35,05-31-2016,Credit Agricole CIB
Q1-17,2016-03-04,6.31,05-31-2016,Credit Agricole CIB
2017,2016-03-04,6.2,05-31-2016,Credit Agricole CIB
Q2-20,2019-08-09,7.2,05-31-2020,Credit Agricole CIB
Q2-20,2019-09-25,7.25,05-31-2020,Credit Agricole CIB
Q2-20,2019-11-18,7.25,05-31-2020,Credit Agricole CIB
Q2-20,2020-02-24,6.85,05-31-2020,Credit Agricole CIB
Q3-20,2020-02-24,6.9,05-31-2020,Credit Agricole CIB
Q4-20,2018-06-04,6.65,05-31-2020,Credit Agricole CIB
Q4-20,2018-08-01,6.65,05-31-2020,Credit Agricole CIB
Q4-20,2018-08-30,6.65,05-31-2020,Credit Agricole CIB
Q4-20,2019-01-16,6.65,05-31-2020,Credit Agricole CIB
Q4-20,2019-02-15,6.65,05-31-2020,Credit Agricole CIB
Q4-20,2019-02-19,6.65,05-31-2020,Credit Agricole CIB
Q4-20,2019-03-01,6.65,05-31-2020,Credit Agricole CIB
Q4-20,2019-03-05,6.65,05-31-2020,Credit Agricole CIB
Q4-20,2019-04-05,6.55,05-31-2020,Credit Agricole CIB
Q4-20,2019-05-23,6.55,05-31-2020,Credit Agricole CIB
Q4-20,2019-08-09,7.3,05-31-2020,Credit Agricole CIB
Q4-20,2019-09-25,7.3,05-31-2020,Credit Agricole CIB
Q4-20,2019-11-18,7.3,05-31-2020,Credit Agricole CIB
Q4-20,2020-02-24,6.95,05-31-2020,Credit Agricole CIB
2021,2018-06-04,7.2,05-31-2020,Credit Agricole CIB
2021,2018-08-01,7.2,05-31-2020,Credit Agricole CIB
2021,2018-08-30,7.2,05-31-2020,Credit Agricole CIB
2021,2019-09-25,7.2,05-31-2020,Credit Agricole CIB
2021,2019-11-18,7.2,05-31-2020,Credit Agricole CIB
2021,2020-02-24,7.05,05-31-2020,Credit Agricole CIB
Q3-11,2010-01-05,6.36,08-31-2011,Credit Agricole CIB
Q3-11,2010-10-19,6.47,08-31-2011,Credit Agricole CIB
Q3-11,2010-11-23,6.47,08-31-2011,Credit Agricole CIB
Q3-11,2011-01-05,6.36,08-31-2011,Credit Agricole CIB
Q3-11,2011-04-01,6.36,08-31-2011,Credit Agricole CIB
Q3-11,2011-05-20,6.36,08-31-2011,Credit Agricole CIB
Q3-11,2011-07-26,6.36,08-31-2011,Credit Agricole CIB
Q4-11,2010-01-05,6.3,08-31-2011,Credit Agricole CIB
Q4-11,2010-10-19,6.45,08-31-2011,Credit Agricole CIB
Q4-11,2010-11-23,6.45,08-31-2011,Credit Agricole CIB
Q4-11,2011-01-05,6.3,08-31-2011,Credit Agricole CIB
Q4-11,2011-04-01,6.3,08-31-2011,Credit Agricole CIB
Q4-11,2011-05-20,6.3,08-31-2011,Credit Agricole CIB
Q4-11,2011-07-26,6.3,08-31-2011,Credit Agricole CIB
Q1-12,2011-04-01,6.24,08-31-2011,Credit Agricole CIB
Q1-12,2011-05-20,6.24,08-31-2011,Credit Agricole CIB
Q1-12,2011-07-26,6.24,08-31-2011,Credit Agricole CIB
Q2-12,2011-07-26,6.18,08-31-2011,Credit Agricole CIB
2012,2010-01-05,6.05,08-31-2011,Credit Agricole CIB
2012,2011-01-05,6.05,08-31-2011,Credit Agricole CIB
2012,2011-04-01,6.05,08-31-2011,Credit Agricole CIB
2012,2011-05-20,6.05,08-31-2011,Credit Agricole CIB
2012,2011-07-26,6.05,08-31-2011,Credit Agricole CIB
Q1-16,2015-05-21,6.2,02-28-2016,Credit Agricole CIB
Q1-16,2015-09-11,6.5,02-28-2016,Credit Agricole CIB
Q1-16,2015-12-07,6.5,02-28-2016,Credit Agricole CIB
Q1-16,2015-12-18,6.5,02-28-2016,Credit Agricole CIB
Q2-16,2015-05-21,6.21,02-28-2016,Credit Agricole CIB
Q2-16,2015-09-11,6.45,02-28-2016,Credit Agricole CIB
Q2-16,2015-12-07,6.45,02-28-2016,Credit Agricole CIB
Q2-16,2015-12-18,6.45,02-28-2016,Credit Agricole CIB
Q3-16,2015-05-21,6.13,02-28-2016,Credit Agricole CIB
Q3-16,2015-09-11,6.4,02-28-2016,Credit Agricole CIB
Q3-16,2015-12-07,6.4,02-28-2016,Credit Agricole CIB
Q3-16,2015-12-18,6.4,02-28-2016,Credit Agricole CIB
Q4-16,2015-05-21,6.05,02-28-2016,Credit Agricole CIB
Q4-16,2015-09-11,6.35,02-28-2016,Credit Agricole CIB
Q4-16,2015-12-07,6.35,02-28-2016,Credit Agricole CIB
Q4-16,2015-12-18,6.35,02-28-2016,Credit Agricole CIB
Q2-19,2018-07-11,6.2,05-31-2019,Credit Agricole CIB
Q2-19,2018-07-18,6.2,05-31-2019,Credit Agricole CIB
Q2-19,2018-08-01,6.5,05-31-2019,Credit Agricole CIB
Q2-19,2018-08-30,6.5,05-31-2019,Credit Agricole CIB
Q2-19,2018-09-11,6.85,05-31-2019,Credit Agricole CIB
Q2-19,2018-09-13,6.85,05-31-2019,Credit Agricole CIB
Q2-19,2018-09-17,6.85,05-31-2019,Credit Agricole CIB
Q2-19,2018-11-09,6.9,05-31-2019,Credit Agricole CIB
Q2-19,2018-11-29,6.9,05-31-2019,Credit Agricole CIB
Q2-19,2018-12-10,6.9,05-31-2019,Credit Agricole CIB
Q2-19,2019-01-16,6.85,05-31-2019,Credit Agricole CIB
Q2-19,2019-02-15,6.85,05-31-2019,Credit Agricole CIB
Q2-19,2019-02-19,6.85,05-31-2019,Credit Agricole CIB
Q2-19,2019-03-01,6.85,05-31-2019,Credit Agricole CIB
Q2-19,2019-03-05,6.85,05-31-2019,Credit Agricole CIB
Q2-19,2019-04-05,6.68,05-31-2019,Credit Agricole CIB
Q2-19,2019-05-23,6.9,05-31-2019,Credit Agricole CIB
Q3-19,2018-09-11,6.8,05-31-2019,Credit Agricole CIB
Q3-19,2018-09-13,6.8,05-31-2019,Credit Agricole CIB
Q3-19,2018-09-17,6.8,05-31-2019,Credit Agricole CIB
Q3-19,2018-11-09,6.9,05-31-2019,Credit Agricole CIB
Q3-19,2018-11-29,6.9,05-31-2019,Credit Agricole CIB
Q3-19,2018-12-10,6.9,05-31-2019,Credit Agricole CIB
Q3-19,2019-01-16,6.8,05-31-2019,Credit Agricole CIB
Q3-19,2019-02-15,6.8,05-31-2019,Credit Agricole CIB
Q3-19,2019-02-19,6.8,05-31-2019,Credit Agricole CIB
Q3-19,2019-03-01,6.8,05-31-2019,Credit Agricole CIB
Q3-19,2019-03-05,6.8,05-31-2019,Credit Agricole CIB
Q3-19,2019-04-05,6.66,05-31-2019,Credit Agricole CIB
Q3-19,2019-05-23,6.8,05-31-2019,Credit Agricole CIB
Q4-19,2017-08-10,6.5,05-31-2019,Credit Agricole CIB
Q4-19,2017-08-25,6.4,05-31-2019,Credit Agricole CIB
Q4-19,2017-08-29,6.4,05-31-2019,Credit Agricole CIB
Q4-19,2017-09-12,6.15,05-31-2019,Credit Agricole CIB
Q4-19,2018-02-12,6.15,05-31-2019,Credit Agricole CIB
Q4-19,2018-02-15,6.15,05-31-2019,Credit Agricole CIB
Q4-19,2018-03-01,6.15,05-31-2019,Credit Agricole CIB
Q4-19,2018-04-25,6.15,05-31-2019,Credit Agricole CIB
Q4-19,2018-05-18,6.15,05-31-2019,Credit Agricole CIB
Q4-19,2018-06-04,6.15,05-31-2019,Credit Agricole CIB
Q4-19,2018-07-11,6.15,05-31-2019,Credit Agricole CIB
Q4-19,2018-07-18,6.15,05-31-2019,Credit Agricole CIB
Q4-19,2018-08-01,6.35,05-31-2019,Credit Agricole CIB
Q4-19,2018-08-30,6.35,05-31-2019,Credit Agricole CIB
Q4-19,2018-09-11,6.75,05-31-2019,Credit Agricole CIB
Q4-19,2018-09-13,6.75,05-31-2019,Credit Agricole CIB
Q4-19,2018-09-17,6.75,05-31-2019,Credit Agricole CIB
Q4-19,2018-11-29,6.85,05-31-2019,Credit Agricole CIB
Q4-19,2018-12-10,6.85,05-31-2019,Credit Agricole CIB
Q4-19,2019-01-16,6.75,05-31-2019,Credit Agricole CIB
Q4-19,2019-02-15,6.75,05-31-2019,Credit Agricole CIB
Q4-19,2019-02-19,6.75,05-31-2019,Credit Agricole CIB
Q4-19,2019-03-01,6.75,05-31-2019,Credit Agricole CIB
Q4-19,2019-03-05,6.75,05-31-2019,Credit Agricole CIB
Q4-19,2019-04-05,6.65,05-31-2019,Credit Agricole CIB
Q4-19,2019-05-23,6.65,05-31-2019,Credit Agricole CIB
Q1-20,2019-04-05,6.63,05-31-2019,Credit Agricole CIB
Q1-20,2019-05-23,6.63,05-31-2019,Credit Agricole CIB
2020,2017-08-10,6.25,05-31-2019,Credit Agricole CIB
2020,2017-08-25,6.25,05-31-2019,Credit Agricole CIB
2020,2017-08-29,6.25,05-31-2019,Credit Agricole CIB
2020,2017-09-12,6.0,05-31-2019,Credit Agricole CIB
2020,2018-06-04,6.65,05-31-2019,Credit Agricole CIB
2020,2018-08-01,6.65,05-31-2019,Credit Agricole CIB
2020,2018-08-30,6.65,05-31-2019,Credit Agricole CIB
2020,2019-01-16,6.65,05-31-2019,Credit Agricole CIB
2020,2019-02-15,6.65,05-31-2019,Credit Agricole CIB
2020,2019-02-19,6.65,05-31-2019,Credit Agricole CIB
2020,2019-03-01,6.65,05-31-2019,Credit Agricole CIB
2020,2019-03-05,6.65,05-31-2019,Credit Agricole CIB
2020,2019-04-05,6.55,05-31-2019,Credit Agricole CIB
2020,2019-05-23,6.55,05-31-2019,Credit Agricole CIB
2021,2017-08-25,6.15,05-31-2019,Credit Agricole CIB
2021,2017-08-29,6.15,05-31-2019,Credit Agricole CIB
2021,2017-09-12,6.0,05-31-2019,Credit Agricole CIB
2021,2018-06-04,6.15,05-31-2019,Credit Agricole CIB
2021,2018-08-01,6.15,05-31-2019,Credit Agricole CIB
2021,2018-08-30,6.15,05-31-2019,Credit Agricole CIB
2022,2017-08-25,6.0,05-31-2019,Credit Agricole CIB
2022,2017-08-29,6.0,05-31-2019,Credit Agricole CIB
2022,2017-09-12,6.0,05-31-2019,Credit Agricole CIB
2022,2018-06-04,6.0,05-31-2019,Credit Agricole CIB
2022,2018-08-01,6.0,05-31-2019,Credit Agricole CIB
2022,2018-08-30,6.0,05-31-2019,Credit Agricole CIB
Q3-12,2011-11-15,6.11,08-31-2012,Credit Agricole CIB
Q3-12,2011-12-14,6.24,08-31-2012,Credit Agricole CIB
Q3-12,2012-02-23,6.23,08-31-2012,Credit Agricole CIB
Q3-12,2012-03-02,6.23,08-31-2012,Credit Agricole CIB
Q3-12,2012-03-09,6.23,08-31-2012,Credit Agricole CIB
Q3-12,2012-03-15,6.23,08-31-2012,Credit Agricole CIB
Q3-12,2012-03-30,6.23,08-31-2012,Credit Agricole CIB
Q3-12,2012-04-12,6.23,08-31-2012,Credit Agricole CIB
Q3-12,2012-04-27,6.23,08-31-2012,Credit Agricole CIB
Q3-12,2012-05-01,6.23,08-31-2012,Credit Agricole CIB
Q3-12,2012-05-09,6.23,08-31-2012,Credit Agricole CIB
Q3-12,2012-05-15,6.23,08-31-2012,Credit Agricole CIB
Q3-12,2012-05-18,6.23,08-31-2012,Credit Agricole CIB
Q3-12,2012-05-25,6.23,08-31-2012,Credit Agricole CIB
Q3-12,2012-05-29,6.29,08-31-2012,Credit Agricole CIB
Q3-12,2012-06-08,6.29,08-31-2012,Credit Agricole CIB
Q3-12,2012-06-21,6.29,08-31-2012,Credit Agricole CIB
Q3-12,2012-06-26,6.29,08-31-2012,Credit Agricole CIB
Q3-12,2012-07-05,6.29,08-31-2012,Credit Agricole CIB
Q3-12,2012-07-13,6.29,08-31-2012,Credit Agricole CIB
Q3-12,2012-07-19,6.29,08-31-2012,Credit Agricole CIB
Q3-12,2012-07-26,6.29,08-31-2012,Credit Agricole CIB
Q3-12,2012-08-02,6.35,08-31-2012,Credit Agricole CIB
Q3-12,2012-08-10,6.35,08-31-2012,Credit Agricole CIB
Q3-12,2012-08-16,6.35,08-31-2012,Credit Agricole CIB
Q3-12,2012-08-23,6.35,08-31-2012,Credit Agricole CIB
Q3-12,2012-08-30,6.35,08-31-2012,Credit Agricole CIB
Q4-12,2011-01-05,6.05,08-31-2012,Credit Agricole CIB
Q4-12,2011-04-01,6.05,08-31-2012,Credit Agricole CIB
Q4-12,2011-05-20,6.05,08-31-2012,Credit Agricole CIB
Q4-12,2011-07-26,6.05,08-31-2012,Credit Agricole CIB
Q4-12,2011-11-15,6.05,08-31-2012,Credit Agricole CIB
Q4-12,2011-12-14,6.2,08-31-2012,Credit Agricole CIB
Q4-12,2012-02-23,6.2,08-31-2012,Credit Agricole CIB
Q4-12,2012-03-02,6.2,08-31-2012,Credit Agricole CIB
Q4-12,2012-03-09,6.2,08-31-2012,Credit Agricole CIB
Q4-12,2012-03-15,6.2,08-31-2012,Credit Agricole CIB
Q4-12,2012-03-30,6.2,08-31-2012,Credit Agricole CIB
Q4-12,2012-04-12,6.2,08-31-2012,Credit Agricole CIB
Q4-12,2012-04-27,6.2,08-31-2012,Credit Agricole CIB
Q4-12,2012-05-01,6.2,08-31-2012,Credit Agricole CIB
Q4-12,2012-05-09,6.2,08-31-2012,Credit Agricole CIB
Q4-12,2012-05-15,6.2,08-31-2012,Credit Agricole CIB
Q4-12,2012-05-18,6.2,08-31-2012,Credit Agricole CIB
Q4-12,2012-05-25,6.2,08-31-2012,Credit Agricole CIB
Q4-12,2012-05-29,6.2,08-31-2012,Credit Agricole CIB
Q4-12,2012-06-08,6.2,08-31-2012,Credit Agricole CIB
Q4-12,2012-06-21,6.2,08-31-2012,Credit Agricole CIB
Q4-12,2012-06-26,6.2,08-31-2012,Credit Agricole CIB
Q4-12,2012-07-05,6.2,08-31-2012,Credit Agricole CIB
Q4-12,2012-07-13,6.2,08-31-2012,Credit Agricole CIB
Q4-12,2012-07-19,6.2,08-31-2012,Credit Agricole CIB
Q4-12,2012-07-26,6.2,08-31-2012,Credit Agricole CIB
Q4-12,2012-08-02,6.2,08-31-2012,Credit Agricole CIB
Q4-12,2012-08-10,6.2,08-31-2012,Credit Agricole CIB
Q4-12,2012-08-16,6.2,08-31-2012,Credit Agricole CIB
Q4-12,2012-08-23,6.2,08-31-2012,Credit Agricole CIB
Q4-12,2012-08-30,6.2,08-31-2012,Credit Agricole CIB
Q1-13,2011-12-14,6.16,08-31-2012,Credit Agricole CIB
Q1-13,2012-02-23,6.16,08-31-2012,Credit Agricole CIB
Q1-13,2012-03-02,6.16,08-31-2012,Credit Agricole CIB
Q1-13,2012-03-09,6.16,08-31-2012,Credit Agricole CIB
Q1-13,2012-03-15,6.16,08-31-2012,Credit Agricole CIB
Q1-13,2012-03-30,6.16,08-31-2012,Credit Agricole CIB
Q1-13,2012-04-12,6.16,08-31-2012,Credit Agricole CIB
Q1-13,2012-04-27,6.16,08-31-2012,Credit Agricole CIB
Q1-13,2012-05-01,6.16,08-31-2012,Credit Agricole CIB
Q1-13,2012-05-09,6.16,08-31-2012,Credit Agricole CIB
Q1-13,2012-05-15,6.16,08-31-2012,Credit Agricole CIB
Q1-13,2012-05-18,6.16,08-31-2012,Credit Agricole CIB
Q1-13,2012-05-25,6.16,08-31-2012,Credit Agricole CIB
Q1-13,2012-05-29,6.16,08-31-2012,Credit Agricole CIB
Q1-13,2012-06-08,6.16,08-31-2012,Credit Agricole CIB
Q1-13,2012-06-21,6.16,08-31-2012,Credit Agricole CIB
Q1-13,2012-06-26,6.16,08-31-2012,Credit Agricole CIB
Q1-13,2012-07-05,6.16,08-31-2012,Credit Agricole CIB
Q1-13,2012-07-13,6.16,08-31-2012,Credit Agricole CIB
Q1-13,2012-07-19,6.16,08-31-2012,Credit Agricole CIB
Q1-13,2012-07-26,6.16,08-31-2012,Credit Agricole CIB
Q1-13,2012-08-02,6.16,08-31-2012,Credit Agricole CIB
Q1-13,2012-08-10,6.16,08-31-2012,Credit Agricole CIB
Q1-13,2012-08-16,6.16,08-31-2012,Credit Agricole CIB
Q1-13,2012-08-23,6.16,08-31-2012,Credit Agricole CIB
Q1-13,2012-08-30,6.16,08-31-2012,Credit Agricole CIB
Q2-13,2011-12-14,6.13,08-31-2012,Credit Agricole CIB
Q2-13,2012-02-23,6.13,08-31-2012,Credit Agricole CIB
Q2-13,2012-03-02,6.13,08-31-2012,Credit Agricole CIB
Q2-13,2012-03-09,6.13,08-31-2012,Credit Agricole CIB
Q2-13,2012-03-15,6.13,08-31-2012,Credit Agricole CIB
Q2-13,2012-03-30,6.13,08-31-2012,Credit Agricole CIB
Q2-13,2012-04-12,6.13,08-31-2012,Credit Agricole CIB
Q2-13,2012-04-27,6.13,08-31-2012,Credit Agricole CIB
Q2-13,2012-05-01,6.13,08-31-2012,Credit Agricole CIB
Q2-13,2012-05-09,6.13,08-31-2012,Credit Agricole CIB
Q2-13,2012-05-15,6.13,08-31-2012,Credit Agricole CIB
Q2-13,2012-05-18,6.13,08-31-2012,Credit Agricole CIB
Q2-13,2012-05-25,6.13,08-31-2012,Credit Agricole CIB
Q2-13,2012-05-29,6.13,08-31-2012,Credit Agricole CIB
Q2-13,2012-06-08,6.13,08-31-2012,Credit Agricole CIB
Q2-13,2012-06-21,6.13,08-31-2012,Credit Agricole CIB
Q2-13,2012-06-26,6.13,08-31-2012,Credit Agricole CIB
Q2-13,2012-07-05,6.13,08-31-2012,Credit Agricole CIB
Q2-13,2012-07-13,6.13,08-31-2012,Credit Agricole CIB
Q2-13,2012-07-19,6.13,08-31-2012,Credit Agricole CIB
Q2-13,2012-07-26,6.13,08-31-2012,Credit Agricole CIB
Q2-13,2012-08-02,6.13,08-31-2012,Credit Agricole CIB
Q2-13,2012-08-10,6.13,08-31-2012,Credit Agricole CIB
Q2-13,2012-08-16,6.13,08-31-2012,Credit Agricole CIB
Q2-13,2012-08-23,6.13,08-31-2012,Credit Agricole CIB
Q2-13,2012-08-30,6.13,08-31-2012,Credit Agricole CIB
2013,2011-12-14,6.05,08-31-2012,Credit Agricole CIB
2013,2012-02-23,6.05,08-31-2012,Credit Agricole CIB
2013,2012-03-02,6.05,08-31-2012,Credit Agricole CIB
2013,2012-03-09,6.05,08-31-2012,Credit Agricole CIB
2013,2012-03-15,6.05,08-31-2012,Credit Agricole CIB
2013,2012-03-30,6.05,08-31-2012,Credit Agricole CIB
2013,2012-04-12,6.05,08-31-2012,Credit Agricole CIB
2013,2012-04-27,6.05,08-31-2012,Credit Agricole CIB
2013,2012-05-01,6.05,08-31-2012,Credit Agricole CIB
2013,2012-05-09,6.05,08-31-2012,Credit Agricole CIB
2013,2012-05-15,6.05,08-31-2012,Credit Agricole CIB
2013,2012-05-18,6.05,08-31-2012,Credit Agricole CIB
2013,2012-05-25,6.05,08-31-2012,Credit Agricole CIB
2013,2012-05-29,6.05,08-31-2012,Credit Agricole CIB
2013,2012-06-08,6.05,08-31-2012,Credit Agricole CIB
2013,2012-06-21,6.05,08-31-2012,Credit Agricole CIB
2013,2012-06-26,6.05,08-31-2012,Credit Agricole CIB
2013,2012-07-05,6.05,08-31-2012,Credit Agricole CIB
2013,2012-07-13,6.05,08-31-2012,Credit Agricole CIB
2013,2012-07-19,6.05,08-31-2012,Credit Agricole CIB
2013,2012-07-26,6.05,08-31-2012,Credit Agricole CIB
2013,2012-08-02,6.05,08-31-2012,Credit Agricole CIB
2013,2012-08-10,6.05,08-31-2012,Credit Agricole CIB
2013,2012-08-16,6.05,08-31-2012,Credit Agricole CIB
2013,2012-08-23,6.05,08-31-2012,Credit Agricole CIB
2013,2012-08-30,6.05,08-31-2012,Credit Agricole CIB
Q1-15,2014-01-09,5.99,02-28-2015,Credit Agricole CIB
Q1-15,2014-01-16,5.99,02-28-2015,Credit Agricole CIB
Q1-15,2014-01-23,5.99,02-28-2015,Credit Agricole CIB
Q1-15,2014-01-30,5.99,02-28-2015,Credit Agricole CIB
Q1-15,2014-02-06,5.99,02-28-2015,Credit Agricole CIB
Q1-15,2014-02-13,5.99,02-28-2015,Credit Agricole CIB
Q1-15,2014-02-20,5.99,02-28-2015,Credit Agricole CIB
Q1-15,2014-02-27,5.99,02-28-2015,Credit Agricole CIB
Q1-15,2014-03-06,5.99,02-28-2015,Credit Agricole CIB
Q1-15,2014-03-13,5.99,02-28-2015,Credit Agricole CIB
Q1-15,2014-03-14,5.99,02-28-2015,Credit Agricole CIB
Q1-15,2014-03-20,5.99,02-28-2015,Credit Agricole CIB
Q1-15,2014-03-27,5.99,02-28-2015,Credit Agricole CIB
Q1-15,2014-04-03,5.99,02-28-2015,Credit Agricole CIB
Q1-15,2014-04-10,5.99,02-28-2015,Credit Agricole CIB
Q1-15,2014-04-17,5.99,02-28-2015,Credit Agricole CIB
Q1-15,2014-04-24,5.99,02-28-2015,Credit Agricole CIB
Q1-15,2014-05-01,5.99,02-28-2015,Credit Agricole CIB
Q1-15,2014-05-08,5.99,02-28-2015,Credit Agricole CIB
Q1-15,2014-05-15,5.99,02-28-2015,Credit Agricole CIB
Q1-15,2014-05-22,5.99,02-28-2015,Credit Agricole CIB
Q1-15,2014-06-05,5.99,02-28-2015,Credit Agricole CIB
Q1-15,2014-06-12,6.0,02-28-2015,Credit Agricole CIB
Q1-15,2014-06-20,6.0,02-28-2015,Credit Agricole CIB
Q1-15,2014-06-30,6.0,02-28-2015,Credit Agricole CIB
Q1-15,2014-07-04,6.0,02-28-2015,Credit Agricole CIB
Q1-15,2014-07-11,6.0,02-28-2015,Credit Agricole CIB
Q1-15,2014-10-29,6.05,02-28-2015,Credit Agricole CIB
Q2-15,2014-01-09,5.97,02-28-2015,Credit Agricole CIB
Q2-15,2014-01-16,5.97,02-28-2015,Credit Agricole CIB
Q2-15,2014-01-23,5.97,02-28-2015,Credit Agricole CIB
Q2-15,2014-01-30,5.97,02-28-2015,Credit Agricole CIB
Q2-15,2014-02-06,5.97,02-28-2015,Credit Agricole CIB
Q2-15,2014-02-13,5.97,02-28-2015,Credit Agricole CIB
Q2-15,2014-02-20,5.97,02-28-2015,Credit Agricole CIB
Q2-15,2014-02-27,5.97,02-28-2015,Credit Agricole CIB
Q2-15,2014-03-06,5.97,02-28-2015,Credit Agricole CIB
Q2-15,2014-03-13,5.97,02-28-2015,Credit Agricole CIB
Q2-15,2014-03-14,5.97,02-28-2015,Credit Agricole CIB
Q2-15,2014-03-20,5.97,02-28-2015,Credit Agricole CIB
Q2-15,2014-03-27,5.97,02-28-2015,Credit Agricole CIB
Q2-15,2014-04-03,5.97,02-28-2015,Credit Agricole CIB
Q2-15,2014-04-10,5.97,02-28-2015,Credit Agricole CIB
Q2-15,2014-04-17,5.97,02-28-2015,Credit Agricole CIB
Q2-15,2014-04-24,5.97,02-28-2015,Credit Agricole CIB
Q2-15,2014-05-01,5.97,02-28-2015,Credit Agricole CIB
Q2-15,2014-05-08,5.97,02-28-2015,Credit Agricole CIB
Q2-15,2014-05-15,5.97,02-28-2015,Credit Agricole CIB
Q2-15,2014-05-22,5.97,02-28-2015,Credit Agricole CIB
Q2-15,2014-06-05,5.97,02-28-2015,Credit Agricole CIB
Q2-15,2014-06-12,6.0,02-28-2015,Credit Agricole CIB
Q2-15,2014-06-20,6.0,02-28-2015,Credit Agricole CIB
Q2-15,2014-06-30,6.0,02-28-2015,Credit Agricole CIB
Q2-15,2014-07-04,6.0,02-28-2015,Credit Agricole CIB
Q2-15,2014-07-11,6.0,02-28-2015,Credit Agricole CIB
Q2-15,2014-10-29,6.02,02-28-2015,Credit Agricole CIB
Q3-15,2014-01-09,5.96,02-28-2015,Credit Agricole CIB
Q3-15,2014-01-16,5.96,02-28-2015,Credit Agricole CIB
Q3-15,2014-01-23,5.96,02-28-2015,Credit Agricole CIB
Q3-15,2014-01-30,5.96,02-28-2015,Credit Agricole CIB
Q3-15,2014-02-06,5.96,02-28-2015,Credit Agricole CIB
Q3-15,2014-02-13,5.96,02-28-2015,Credit Agricole CIB
Q3-15,2014-02-20,5.96,02-28-2015,Credit Agricole CIB
Q3-15,2014-02-27,5.96,02-28-2015,Credit Agricole CIB
Q3-15,2014-03-06,5.96,02-28-2015,Credit Agricole CIB
Q3-15,2014-03-13,5.96,02-28-2015,Credit Agricole CIB
Q3-15,2014-03-14,5.96,02-28-2015,Credit Agricole CIB
Q3-15,2014-03-20,5.96,02-28-2015,Credit Agricole CIB
Q3-15,2014-03-27,5.96,02-28-2015,Credit Agricole CIB
Q3-15,2014-04-03,5.96,02-28-2015,Credit Agricole CIB
Q3-15,2014-04-10,5.96,02-28-2015,Credit Agricole CIB
Q3-15,2014-04-17,5.96,02-28-2015,Credit Agricole CIB
Q3-15,2014-04-24,5.96,02-28-2015,Credit Agricole CIB
Q3-15,2014-05-01,5.96,02-28-2015,Credit Agricole CIB
Q3-15,2014-05-08,5.96,02-28-2015,Credit Agricole CIB
Q3-15,2014-05-15,5.96,02-28-2015,Credit Agricole CIB
Q3-15,2014-05-22,5.96,02-28-2015,Credit Agricole CIB
Q3-15,2014-06-05,5.96,02-28-2015,Credit Agricole CIB
Q3-15,2014-06-12,6.0,02-28-2015,Credit Agricole CIB
Q3-15,2014-06-20,6.0,02-28-2015,Credit Agricole CIB
Q3-15,2014-06-30,6.0,02-28-2015,Credit Agricole CIB
Q3-15,2014-07-04,6.0,02-28-2015,Credit Agricole CIB
Q3-15,2014-07-11,6.0,02-28-2015,Credit Agricole CIB
Q3-15,2014-10-29,5.99,02-28-2015,Credit Agricole CIB
Q4-15,2014-01-09,5.94,02-28-2015,Credit Agricole CIB
Q4-15,2014-01-16,5.94,02-28-2015,Credit Agricole CIB
Q4-15,2014-01-23,5.94,02-28-2015,Credit Agricole CIB
Q4-15,2014-01-30,5.94,02-28-2015,Credit Agricole CIB
Q4-15,2014-02-06,5.94,02-28-2015,Credit Agricole CIB
Q4-15,2014-02-13,5.94,02-28-2015,Credit Agricole CIB
Q4-15,2014-02-20,5.94,02-28-2015,Credit Agricole CIB
Q4-15,2014-02-27,5.94,02-28-2015,Credit Agricole CIB
Q4-15,2014-03-06,5.94,02-28-2015,Credit Agricole CIB
Q4-15,2014-03-13,5.94,02-28-2015,Credit Agricole CIB
Q4-15,2014-03-14,5.94,02-28-2015,Credit Agricole CIB
Q4-15,2014-03-20,5.94,02-28-2015,Credit Agricole CIB
Q4-15,2014-03-27,5.94,02-28-2015,Credit Agricole CIB
Q4-15,2014-04-03,5.94,02-28-2015,Credit Agricole CIB
Q4-15,2014-04-10,5.94,02-28-2015,Credit Agricole CIB
Q4-15,2014-04-17,5.94,02-28-2015,Credit Agricole CIB
Q4-15,2014-04-24,5.94,02-28-2015,Credit Agricole CIB
Q4-15,2014-05-01,5.94,02-28-2015,Credit Agricole CIB
Q4-15,2014-05-08,5.94,02-28-2015,Credit Agricole CIB
Q4-15,2014-05-15,5.94,02-28-2015,Credit Agricole CIB
Q4-15,2014-05-22,5.94,02-28-2015,Credit Agricole CIB
Q4-15,2014-06-05,5.94,02-28-2015,Credit Agricole CIB
Q4-15,2014-06-12,6.0,02-28-2015,Credit Agricole CIB
Q4-15,2014-06-20,6.0,02-28-2015,Credit Agricole CIB
Q4-15,2014-06-30,6.0,02-28-2015,Credit Agricole CIB
Q4-15,2014-07-04,6.0,02-28-2015,Credit Agricole CIB
Q4-15,2014-07-11,6.0,02-28-2015,Credit Agricole CIB
Q4-15,2014-10-29,5.96,02-28-2015,Credit Agricole CIB
Q4-12,2011-01-05,6.05,11-30-2012,Credit Agricole CIB
Q4-12,2011-04-01,6.05,11-30-2012,Credit Agricole CIB
Q4-12,2011-05-20,6.05,11-30-2012,Credit Agricole CIB
Q4-12,2011-07-26,6.05,11-30-2012,Credit Agricole CIB
Q4-12,2011-11-15,6.05,11-30-2012,Credit Agricole CIB
Q4-12,2011-12-14,6.2,11-30-2012,Credit Agricole CIB
Q4-12,2012-02-23,6.2,11-30-2012,Credit Agricole CIB
Q4-12,2012-03-02,6.2,11-30-2012,Credit Agricole CIB
Q4-12,2012-03-09,6.2,11-30-2012,Credit Agricole CIB
Q4-12,2012-03-15,6.2,11-30-2012,Credit Agricole CIB
Q4-12,2012-03-30,6.2,11-30-2012,Credit Agricole CIB
Q4-12,2012-04-12,6.2,11-30-2012,Credit Agricole CIB
Q4-12,2012-04-27,6.2,11-30-2012,Credit Agricole CIB
Q4-12,2012-05-01,6.2,11-30-2012,Credit Agricole CIB
Q4-12,2012-05-09,6.2,11-30-2012,Credit Agricole CIB
Q4-12,2012-05-15,6.2,11-30-2012,Credit Agricole CIB
Q4-12,2012-05-18,6.2,11-30-2012,Credit Agricole CIB
Q4-12,2012-05-25,6.2,11-30-2012,Credit Agricole CIB
Q4-12,2012-05-29,6.2,11-30-2012,Credit Agricole CIB
Q4-12,2012-06-08,6.2,11-30-2012,Credit Agricole CIB
Q4-12,2012-06-21,6.2,11-30-2012,Credit Agricole CIB
Q4-12,2012-06-26,6.2,11-30-2012,Credit Agricole CIB
Q4-12,2012-07-05,6.2,11-30-2012,Credit Agricole CIB
Q4-12,2012-07-13,6.2,11-30-2012,Credit Agricole CIB
Q4-12,2012-07-19,6.2,11-30-2012,Credit Agricole CIB
Q4-12,2012-07-26,6.2,11-30-2012,Credit Agricole CIB
Q4-12,2012-08-02,6.2,11-30-2012,Credit Agricole CIB
Q4-12,2012-08-10,6.2,11-30-2012,Credit Agricole CIB
Q4-12,2012-08-16,6.2,11-30-2012,Credit Agricole CIB
Q4-12,2012-08-23,6.2,11-30-2012,Credit Agricole CIB
Q4-12,2012-08-30,6.2,11-30-2012,Credit Agricole CIB
Q4-12,2012-09-06,6.2,11-30-2012,Credit Agricole CIB
Q4-12,2012-09-14,6.2,11-30-2012,Credit Agricole CIB
Q4-12,2012-09-27,6.3,11-30-2012,Credit Agricole CIB
Q4-12,2012-10-04,6.3,11-30-2012,Credit Agricole CIB
Q4-12,2012-10-12,6.3,11-30-2012,Credit Agricole CIB
Q4-12,2012-10-18,6.3,11-30-2012,Credit Agricole CIB
Q4-12,2012-10-25,6.3,11-30-2012,Credit Agricole CIB
Q4-12,2012-11-01,6.3,11-30-2012,Credit Agricole CIB
Q4-12,2012-11-16,6.3,11-30-2012,Credit Agricole CIB
Q4-12,2012-11-23,6.27,11-30-2012,Credit Agricole CIB
Q4-12,2012-11-30,6.27,11-30-2012,Credit Agricole CIB
Q1-13,2011-12-14,6.16,11-30-2012,Credit Agricole CIB
Q1-13,2012-02-23,6.16,11-30-2012,Credit Agricole CIB
Q1-13,2012-03-02,6.16,11-30-2012,Credit Agricole CIB
Q1-13,2012-03-09,6.16,11-30-2012,Credit Agricole CIB
Q1-13,2012-03-15,6.16,11-30-2012,Credit Agricole CIB
Q1-13,2012-03-30,6.16,11-30-2012,Credit Agricole CIB
Q1-13,2012-04-12,6.16,11-30-2012,Credit Agricole CIB
Q1-13,2012-04-27,6.16,11-30-2012,Credit Agricole CIB
Q1-13,2012-05-01,6.16,11-30-2012,Credit Agricole CIB
Q1-13,2012-05-09,6.16,11-30-2012,Credit Agricole CIB
Q1-13,2012-05-15,6.16,11-30-2012,Credit Agricole CIB
Q1-13,2012-05-18,6.16,11-30-2012,Credit Agricole CIB
Q1-13,2012-05-25,6.16,11-30-2012,Credit Agricole CIB
Q1-13,2012-05-29,6.16,11-30-2012,Credit Agricole CIB
Q1-13,2012-06-08,6.16,11-30-2012,Credit Agricole CIB
Q1-13,2012-06-21,6.16,11-30-2012,Credit Agricole CIB
Q1-13,2012-06-26,6.16,11-30-2012,Credit Agricole CIB
Q1-13,2012-07-05,6.16,11-30-2012,Credit Agricole CIB
Q1-13,2012-07-13,6.16,11-30-2012,Credit Agricole CIB
Q1-13,2012-07-19,6.16,11-30-2012,Credit Agricole CIB
Q1-13,2012-07-26,6.16,11-30-2012,Credit Agricole CIB
Q1-13,2012-08-02,6.16,11-30-2012,Credit Agricole CIB
Q1-13,2012-08-10,6.16,11-30-2012,Credit Agricole CIB
Q1-13,2012-08-16,6.16,11-30-2012,Credit Agricole CIB
Q1-13,2012-08-23,6.16,11-30-2012,Credit Agricole CIB
Q1-13,2012-08-30,6.16,11-30-2012,Credit Agricole CIB
Q1-13,2012-09-06,6.16,11-30-2012,Credit Agricole CIB
Q1-13,2012-09-14,6.16,11-30-2012,Credit Agricole CIB
Q1-13,2012-09-27,6.29,11-30-2012,Credit Agricole CIB
Q1-13,2012-10-04,6.29,11-30-2012,Credit Agricole CIB
Q1-13,2012-10-12,6.29,11-30-2012,Credit Agricole CIB
Q1-13,2012-10-18,6.29,11-30-2012,Credit Agricole CIB
Q1-13,2012-10-25,6.29,11-30-2012,Credit Agricole CIB
Q1-13,2012-11-01,6.29,11-30-2012,Credit Agricole CIB
Q1-13,2012-11-16,6.29,11-30-2012,Credit Agricole CIB
Q1-13,2012-11-23,6.23,11-30-2012,Credit Agricole CIB
Q1-13,2012-11-30,6.23,11-30-2012,Credit Agricole CIB
Q2-13,2011-12-14,6.13,11-30-2012,Credit Agricole CIB
Q2-13,2012-02-23,6.13,11-30-2012,Credit Agricole CIB
Q2-13,2012-03-02,6.13,11-30-2012,Credit Agricole CIB
Q2-13,2012-03-09,6.13,11-30-2012,Credit Agricole CIB
Q2-13,2012-03-15,6.13,11-30-2012,Credit Agricole CIB
Q2-13,2012-03-30,6.13,11-30-2012,Credit Agricole CIB
Q2-13,2012-04-12,6.13,11-30-2012,Credit Agricole CIB
Q2-13,2012-04-27,6.13,11-30-2012,Credit Agricole CIB
Q2-13,2012-05-01,6.13,11-30-2012,Credit Agricole CIB
Q2-13,2012-05-09,6.13,11-30-2012,Credit Agricole CIB
Q2-13,2012-05-15,6.13,11-30-2012,Credit Agricole CIB
Q2-13,2012-05-18,6.13,11-30-2012,Credit Agricole CIB
Q2-13,2012-05-25,6.13,11-30-2012,Credit Agricole CIB
Q2-13,2012-05-29,6.13,11-30-2012,Credit Agricole CIB
Q2-13,2012-06-08,6.13,11-30-2012,Credit Agricole CIB
Q2-13,2012-06-21,6.13,11-30-2012,Credit Agricole CIB
Q2-13,2012-06-26,6.13,11-30-2012,Credit Agricole CIB
Q2-13,2012-07-05,6.13,11-30-2012,Credit Agricole CIB
Q2-13,2012-07-13,6.13,11-30-2012,Credit Agricole CIB
Q2-13,2012-07-19,6.13,11-30-2012,Credit Agricole CIB
Q2-13,2012-07-26,6.13,11-30-2012,Credit Agricole CIB
Q2-13,2012-08-02,6.13,11-30-2012,Credit Agricole CIB
Q2-13,2012-08-10,6.13,11-30-2012,Credit Agricole CIB
Q2-13,2012-08-16,6.13,11-30-2012,Credit Agricole CIB
Q2-13,2012-08-23,6.13,11-30-2012,Credit Agricole CIB
Q2-13,2012-08-30,6.13,11-30-2012,Credit Agricole CIB
Q2-13,2012-09-06,6.13,11-30-2012,Credit Agricole CIB
Q2-13,2012-09-14,6.13,11-30-2012,Credit Agricole CIB
Q2-13,2012-09-27,6.25,11-30-2012,Credit Agricole CIB
Q2-13,2012-10-04,6.25,11-30-2012,Credit Agricole CIB
Q2-13,2012-10-12,6.25,11-30-2012,Credit Agricole CIB
Q2-13,2012-10-18,6.25,11-30-2012,Credit Agricole CIB
Q2-13,2012-10-25,6.25,11-30-2012,Credit Agricole CIB
Q2-13,2012-11-01,6.25,11-30-2012,Credit Agricole CIB
Q2-13,2012-11-16,6.25,11-30-2012,Credit Agricole CIB
Q2-13,2012-11-23,6.2,11-30-2012,Credit Agricole CIB
Q2-13,2012-11-30,6.2,11-30-2012,Credit Agricole CIB
Q3-13,2011-12-14,6.09,11-30-2012,Credit Agricole CIB
Q3-13,2012-02-23,6.09,11-30-2012,Credit Agricole CIB
Q3-13,2012-03-02,6.09,11-30-2012,Credit Agricole CIB
Q3-13,2012-03-09,6.09,11-30-2012,Credit Agricole CIB
Q3-13,2012-03-15,6.09,11-30-2012,Credit Agricole CIB
Q3-13,2012-03-30,6.09,11-30-2012,Credit Agricole CIB
Q3-13,2012-04-12,6.09,11-30-2012,Credit Agricole CIB
Q3-13,2012-04-27,6.09,11-30-2012,Credit Agricole CIB
Q3-13,2012-05-01,6.09,11-30-2012,Credit Agricole CIB
Q3-13,2012-05-09,6.09,11-30-2012,Credit Agricole CIB
Q3-13,2012-05-15,6.09,11-30-2012,Credit Agricole CIB
Q3-13,2012-05-18,6.09,11-30-2012,Credit Agricole CIB
Q3-13,2012-05-25,6.09,11-30-2012,Credit Agricole CIB
Q3-13,2012-05-29,6.09,11-30-2012,Credit Agricole CIB
Q3-13,2012-06-08,6.09,11-30-2012,Credit Agricole CIB
Q3-13,2012-06-21,6.09,11-30-2012,Credit Agricole CIB
Q3-13,2012-06-26,6.09,11-30-2012,Credit Agricole CIB
Q3-13,2012-07-05,6.09,11-30-2012,Credit Agricole CIB
Q3-13,2012-07-13,6.09,11-30-2012,Credit Agricole CIB
Q3-13,2012-07-19,6.09,11-30-2012,Credit Agricole CIB
Q3-13,2012-07-26,6.09,11-30-2012,Credit Agricole CIB
Q3-13,2012-08-02,6.09,11-30-2012,Credit Agricole CIB
Q3-13,2012-08-10,6.09,11-30-2012,Credit Agricole CIB
Q3-13,2012-08-16,6.09,11-30-2012,Credit Agricole CIB
Q3-13,2012-08-23,6.09,11-30-2012,Credit Agricole CIB
Q3-13,2012-08-30,6.09,11-30-2012,Credit Agricole CIB
Q3-13,2012-09-06,6.09,11-30-2012,Credit Agricole CIB
Q3-13,2012-09-14,6.09,11-30-2012,Credit Agricole CIB
Q3-13,2012-09-27,6.21,11-30-2012,Credit Agricole CIB
Q3-13,2012-10-04,6.21,11-30-2012,Credit Agricole CIB
Q3-13,2012-10-12,6.21,11-30-2012,Credit Agricole CIB
Q3-13,2012-10-18,6.21,11-30-2012,Credit Agricole CIB
Q3-13,2012-10-25,6.21,11-30-2012,Credit Agricole CIB
Q3-13,2012-11-01,6.21,11-30-2012,Credit Agricole CIB
Q3-13,2012-11-16,6.21,11-30-2012,Credit Agricole CIB
Q3-13,2012-11-23,6.15,11-30-2012,Credit Agricole CIB
Q3-13,2012-11-30,6.15,11-30-2012,Credit Agricole CIB
2013,2011-12-14,6.05,11-30-2012,Credit Agricole CIB
2013,2012-02-23,6.05,11-30-2012,Credit Agricole CIB
2013,2012-03-02,6.05,11-30-2012,Credit Agricole CIB
2013,2012-03-09,6.05,11-30-2012,Credit Agricole CIB
2013,2012-03-15,6.05,11-30-2012,Credit Agricole CIB
2013,2012-03-30,6.05,11-30-2012,Credit Agricole CIB
2013,2012-04-12,6.05,11-30-2012,Credit Agricole CIB
2013,2012-04-27,6.05,11-30-2012,Credit Agricole CIB
2013,2012-05-01,6.05,11-30-2012,Credit Agricole CIB
2013,2012-05-09,6.05,11-30-2012,Credit Agricole CIB
2013,2012-05-15,6.05,11-30-2012,Credit Agricole CIB
2013,2012-05-18,6.05,11-30-2012,Credit Agricole CIB
2013,2012-05-25,6.05,11-30-2012,Credit Agricole CIB
2013,2012-05-29,6.05,11-30-2012,Credit Agricole CIB
2013,2012-06-08,6.05,11-30-2012,Credit Agricole CIB
2013,2012-06-21,6.05,11-30-2012,Credit Agricole CIB
2013,2012-06-26,6.05,11-30-2012,Credit Agricole CIB
2013,2012-07-05,6.05,11-30-2012,Credit Agricole CIB
2013,2012-07-13,6.05,11-30-2012,Credit Agricole CIB
2013,2012-07-19,6.05,11-30-2012,Credit Agricole CIB
2013,2012-07-26,6.05,11-30-2012,Credit Agricole CIB
2013,2012-08-02,6.05,11-30-2012,Credit Agricole CIB
2013,2012-08-10,6.05,11-30-2012,Credit Agricole CIB
2013,2012-08-16,6.05,11-30-2012,Credit Agricole CIB
2013,2012-08-23,6.05,11-30-2012,Credit Agricole CIB
2013,2012-08-30,6.05,11-30-2012,Credit Agricole CIB
2013,2012-09-06,6.05,11-30-2012,Credit Agricole CIB
2013,2012-09-14,6.05,11-30-2012,Credit Agricole CIB
2013,2012-09-27,6.17,11-30-2012,Credit Agricole CIB
2013,2012-10-04,6.17,11-30-2012,Credit Agricole CIB
2013,2012-10-12,6.17,11-30-2012,Credit Agricole CIB
2013,2012-10-18,6.17,11-30-2012,Credit Agricole CIB
2013,2012-10-25,6.17,11-30-2012,Credit Agricole CIB
2013,2012-11-01,6.17,11-30-2012,Credit Agricole CIB
2013,2012-11-16,6.17,11-30-2012,Credit Agricole CIB
2013,2012-11-23,6.1,11-30-2012,Credit Agricole CIB
2013,2012-11-30,6.1,11-30-2012,Credit Agricole CIB
Q2-15,2014-01-09,5.97,05-31-2015,Credit Agricole CIB
Q2-15,2014-01-16,5.97,05-31-2015,Credit Agricole CIB
Q2-15,2014-01-23,5.97,05-31-2015,Credit Agricole CIB
Q2-15,2014-01-30,5.97,05-31-2015,Credit Agricole CIB
Q2-15,2014-02-06,5.97,05-31-2015,Credit Agricole CIB
Q2-15,2014-02-13,5.97,05-31-2015,Credit Agricole CIB
Q2-15,2014-02-20,5.97,05-31-2015,Credit Agricole CIB
Q2-15,2014-02-27,5.97,05-31-2015,Credit Agricole CIB
Q2-15,2014-03-06,5.97,05-31-2015,Credit Agricole CIB
Q2-15,2014-03-13,5.97,05-31-2015,Credit Agricole CIB
Q2-15,2014-03-14,5.97,05-31-2015,Credit Agricole CIB
Q2-15,2014-03-20,5.97,05-31-2015,Credit Agricole CIB
Q2-15,2014-03-27,5.97,05-31-2015,Credit Agricole CIB
Q2-15,2014-04-03,5.97,05-31-2015,Credit Agricole CIB
Q2-15,2014-04-10,5.97,05-31-2015,Credit Agricole CIB
Q2-15,2014-04-17,5.97,05-31-2015,Credit Agricole CIB
Q2-15,2014-04-24,5.97,05-31-2015,Credit Agricole CIB
Q2-15,2014-05-01,5.97,05-31-2015,Credit Agricole CIB
Q2-15,2014-05-08,5.97,05-31-2015,Credit Agricole CIB
Q2-15,2014-05-15,5.97,05-31-2015,Credit Agricole CIB
Q2-15,2014-05-22,5.97,05-31-2015,Credit Agricole CIB
Q2-15,2014-06-05,5.97,05-31-2015,Credit Agricole CIB
Q2-15,2014-06-12,6.0,05-31-2015,Credit Agricole CIB
Q2-15,2014-06-20,6.0,05-31-2015,Credit Agricole CIB
Q2-15,2014-06-30,6.0,05-31-2015,Credit Agricole CIB
Q2-15,2014-07-04,6.0,05-31-2015,Credit Agricole CIB
Q2-15,2014-07-11,6.0,05-31-2015,Credit Agricole CIB
Q2-15,2014-10-29,6.02,05-31-2015,Credit Agricole CIB
Q2-15,2015-05-21,6.3,05-31-2015,Credit Agricole CIB
Q3-15,2014-01-09,5.96,05-31-2015,Credit Agricole CIB
Q3-15,2014-01-16,5.96,05-31-2015,Credit Agricole CIB
Q3-15,2014-01-23,5.96,05-31-2015,Credit Agricole CIB
Q3-15,2014-01-30,5.96,05-31-2015,Credit Agricole CIB
Q3-15,2014-02-06,5.96,05-31-2015,Credit Agricole CIB
Q3-15,2014-02-13,5.96,05-31-2015,Credit Agricole CIB
Q3-15,2014-02-20,5.96,05-31-2015,Credit Agricole CIB
Q3-15,2014-02-27,5.96,05-31-2015,Credit Agricole CIB
Q3-15,2014-03-06,5.96,05-31-2015,Credit Agricole CIB
Q3-15,2014-03-13,5.96,05-31-2015,Credit Agricole CIB
Q3-15,2014-03-14,5.96,05-31-2015,Credit Agricole CIB
Q3-15,2014-03-20,5.96,05-31-2015,Credit Agricole CIB
Q3-15,2014-03-27,5.96,05-31-2015,Credit Agricole CIB
Q3-15,2014-04-03,5.96,05-31-2015,Credit Agricole CIB
Q3-15,2014-04-10,5.96,05-31-2015,Credit Agricole CIB
Q3-15,2014-04-17,5.96,05-31-2015,Credit Agricole CIB
Q3-15,2014-04-24,5.96,05-31-2015,Credit Agricole CIB
Q3-15,2014-05-01,5.96,05-31-2015,Credit Agricole CIB
Q3-15,2014-05-08,5.96,05-31-2015,Credit Agricole CIB
Q3-15,2014-05-15,5.96,05-31-2015,Credit Agricole CIB
Q3-15,2014-05-22,5.96,05-31-2015,Credit Agricole CIB
Q3-15,2014-06-05,5.96,05-31-2015,Credit Agricole CIB
Q3-15,2014-06-12,6.0,05-31-2015,Credit Agricole CIB
Q3-15,2014-06-20,6.0,05-31-2015,Credit Agricole CIB
Q3-15,2014-06-30,6.0,05-31-2015,Credit Agricole CIB
Q3-15,2014-07-04,6.0,05-31-2015,Credit Agricole CIB
Q3-15,2014-07-11,6.0,05-31-2015,Credit Agricole CIB
Q3-15,2014-10-29,5.99,05-31-2015,Credit Agricole CIB
Q3-15,2015-05-21,6.23,05-31-2015,Credit Agricole CIB
Q4-15,2014-01-09,5.94,05-31-2015,Credit Agricole CIB
Q4-15,2014-01-16,5.94,05-31-2015,Credit Agricole CIB
Q4-15,2014-01-23,5.94,05-31-2015,Credit Agricole CIB
Q4-15,2014-01-30,5.94,05-31-2015,Credit Agricole CIB
Q4-15,2014-02-06,5.94,05-31-2015,Credit Agricole CIB
Q4-15,2014-02-13,5.94,05-31-2015,Credit Agricole CIB
Q4-15,2014-02-20,5.94,05-31-2015,Credit Agricole CIB
Q4-15,2014-02-27,5.94,05-31-2015,Credit Agricole CIB
Q4-15,2014-03-06,5.94,05-31-2015,Credit Agricole CIB
Q4-15,2014-03-13,5.94,05-31-2015,Credit Agricole CIB
Q4-15,2014-03-14,5.94,05-31-2015,Credit Agricole CIB
Q4-15,2014-03-20,5.94,05-31-2015,Credit Agricole CIB
Q4-15,2014-03-27,5.94,05-31-2015,Credit Agricole CIB
Q4-15,2014-04-03,5.94,05-31-2015,Credit Agricole CIB
Q4-15,2014-04-10,5.94,05-31-2015,Credit Agricole CIB
Q4-15,2014-04-17,5.94,05-31-2015,Credit Agricole CIB
Q4-15,2014-04-24,5.94,05-31-2015,Credit Agricole CIB
Q4-15,2014-05-01,5.94,05-31-2015,Credit Agricole CIB
Q4-15,2014-05-08,5.94,05-31-2015,Credit Agricole CIB
Q4-15,2014-05-15,5.94,05-31-2015,Credit Agricole CIB
Q4-15,2014-05-22,5.94,05-31-2015,Credit Agricole CIB
Q4-15,2014-06-05,5.94,05-31-2015,Credit Agricole CIB
Q4-15,2014-06-12,6.0,05-31-2015,Credit Agricole CIB
Q4-15,2014-06-20,6.0,05-31-2015,Credit Agricole CIB
Q4-15,2014-06-30,6.0,05-31-2015,Credit Agricole CIB
Q4-15,2014-07-04,6.0,05-31-2015,Credit Agricole CIB
Q4-15,2014-07-11,6.0,05-31-2015,Credit Agricole CIB
Q4-15,2014-10-29,5.96,05-31-2015,Credit Agricole CIB
Q4-15,2015-05-21,6.16,05-31-2015,Credit Agricole CIB
Q1-16,2015-05-21,6.2,05-31-2015,Credit Agricole CIB
2016,2015-05-21,6.05,05-31-2015,Credit Agricole CIB
Q1-19,2018-03-01,6.23,02-28-2019,Credit Agricole CIB
Q1-19,2018-04-25,6.23,02-28-2019,Credit Agricole CIB
Q1-19,2018-05-18,6.23,02-28-2019,Credit Agricole CIB
Q1-19,2018-06-04,6.25,02-28-2019,Credit Agricole CIB
Q1-19,2018-07-11,6.25,02-28-2019,Credit Agricole CIB
Q1-19,2018-07-18,6.25,02-28-2019,Credit Agricole CIB
Q1-19,2018-08-01,6.55,02-28-2019,Credit Agricole CIB
Q1-19,2018-08-30,6.55,02-28-2019,Credit Agricole CIB
Q1-19,2018-09-11,6.9,02-28-2019,Credit Agricole CIB
Q1-19,2018-09-13,6.9,02-28-2019,Credit Agricole CIB
Q1-19,2018-09-17,6.9,02-28-2019,Credit Agricole CIB
Q1-19,2018-11-09,6.95,02-28-2019,Credit Agricole CIB
Q1-19,2018-11-29,6.95,02-28-2019,Credit Agricole CIB
Q1-19,2018-12-10,6.95,02-28-2019,Credit Agricole CIB
Q1-19,2019-01-16,6.8,02-28-2019,Credit Agricole CIB
Q1-19,2019-02-15,6.8,02-28-2019,Credit Agricole CIB
Q1-19,2019-02-19,6.8,02-28-2019,Credit Agricole CIB
Q2-19,2018-07-11,6.2,02-28-2019,Credit Agricole CIB
Q2-19,2018-07-18,6.2,02-28-2019,Credit Agricole CIB
Q2-19,2018-08-01,6.5,02-28-2019,Credit Agricole CIB
Q2-19,2018-08-30,6.5,02-28-2019,Credit Agricole CIB
Q2-19,2018-09-11,6.85,02-28-2019,Credit Agricole CIB
Q2-19,2018-09-13,6.85,02-28-2019,Credit Agricole CIB
Q2-19,2018-09-17,6.85,02-28-2019,Credit Agricole CIB
Q2-19,2018-11-09,6.9,02-28-2019,Credit Agricole CIB
Q2-19,2018-11-29,6.9,02-28-2019,Credit Agricole CIB
Q2-19,2018-12-10,6.9,02-28-2019,Credit Agricole CIB
Q2-19,2019-01-16,6.85,02-28-2019,Credit Agricole CIB
Q2-19,2019-02-15,6.85,02-28-2019,Credit Agricole CIB
Q2-19,2019-02-19,6.85,02-28-2019,Credit Agricole CIB
Q3-19,2018-09-11,6.8,02-28-2019,Credit Agricole CIB
Q3-19,2018-09-13,6.8,02-28-2019,Credit Agricole CIB
Q3-19,2018-09-17,6.8,02-28-2019,Credit Agricole CIB
Q3-19,2018-11-09,6.9,02-28-2019,Credit Agricole CIB
Q3-19,2018-11-29,6.9,02-28-2019,Credit Agricole CIB
Q3-19,2018-12-10,6.9,02-28-2019,Credit Agricole CIB
Q3-19,2019-01-16,6.8,02-28-2019,Credit Agricole CIB
Q3-19,2019-02-15,6.8,02-28-2019,Credit Agricole CIB
Q3-19,2019-02-19,6.8,02-28-2019,Credit Agricole CIB
Q4-19,2017-08-10,6.5,02-28-2019,Credit Agricole CIB
Q4-19,2017-08-25,6.4,02-28-2019,Credit Agricole CIB
Q4-19,2017-08-29,6.4,02-28-2019,Credit Agricole CIB
Q4-19,2017-09-12,6.15,02-28-2019,Credit Agricole CIB
Q4-19,2018-02-12,6.15,02-28-2019,Credit Agricole CIB
Q4-19,2018-02-15,6.15,02-28-2019,Credit Agricole CIB
Q4-19,2018-03-01,6.15,02-28-2019,Credit Agricole CIB
Q4-19,2018-04-25,6.15,02-28-2019,Credit Agricole CIB
Q4-19,2018-05-18,6.15,02-28-2019,Credit Agricole CIB
Q4-19,2018-06-04,6.15,02-28-2019,Credit Agricole CIB
Q4-19,2018-07-11,6.15,02-28-2019,Credit Agricole CIB
Q4-19,2018-07-18,6.15,02-28-2019,Credit Agricole CIB
Q4-19,2018-08-01,6.35,02-28-2019,Credit Agricole CIB
Q4-19,2018-08-30,6.35,02-28-2019,Credit Agricole CIB
Q4-19,2018-09-11,6.75,02-28-2019,Credit Agricole CIB
Q4-19,2018-09-13,6.75,02-28-2019,Credit Agricole CIB
Q4-19,2018-09-17,6.75,02-28-2019,Credit Agricole CIB
Q4-19,2018-11-29,6.85,02-28-2019,Credit Agricole CIB
Q4-19,2018-12-10,6.85,02-28-2019,Credit Agricole CIB
Q4-19,2019-01-16,6.75,02-28-2019,Credit Agricole CIB
Q4-19,2019-02-15,6.75,02-28-2019,Credit Agricole CIB
Q4-19,2019-02-19,6.75,02-28-2019,Credit Agricole CIB
2020,2017-08-10,6.25,02-28-2019,Credit Agricole CIB
2020,2017-08-25,6.25,02-28-2019,Credit Agricole CIB
2020,2017-08-29,6.25,02-28-2019,Credit Agricole CIB
2020,2017-09-12,6.0,02-28-2019,Credit Agricole CIB
2020,2018-06-04,6.65,02-28-2019,Credit Agricole CIB
2020,2018-08-01,6.65,02-28-2019,Credit Agricole CIB
2020,2018-08-30,6.65,02-28-2019,Credit Agricole CIB
2020,2019-01-16,6.65,02-28-2019,Credit Agricole CIB
2020,2019-02-15,6.65,02-28-2019,Credit Agricole CIB
2020,2019-02-19,6.65,02-28-2019,Credit Agricole CIB
2021,2017-08-25,6.15,02-28-2019,Credit Agricole CIB
2021,2017-08-29,6.15,02-28-2019,Credit Agricole CIB
2021,2017-09-12,6.0,02-28-2019,Credit Agricole CIB
2021,2018-06-04,6.15,02-28-2019,Credit Agricole CIB
2021,2018-08-01,6.15,02-28-2019,Credit Agricole CIB
2021,2018-08-30,6.15,02-28-2019,Credit Agricole CIB
2022,2017-08-25,6.0,02-28-2019,Credit Agricole CIB
2022,2017-08-29,6.0,02-28-2019,Credit Agricole CIB
2022,2017-09-12,6.0,02-28-2019,Credit Agricole CIB
2022,2018-06-04,6.0,02-28-2019,Credit Agricole CIB
2022,2018-08-01,6.0,02-28-2019,Credit Agricole CIB
2022,2018-08-30,6.0,02-28-2019,Credit Agricole CIB
Q1-18,2017-03-06,7.19,02-28-2018,Credit Agricole CIB
Q1-18,2017-05-30,7.07,02-28-2018,Credit Agricole CIB
Q1-18,2017-06-01,7.07,02-28-2018,Credit Agricole CIB
Q1-18,2017-06-08,7.07,02-28-2018,Credit Agricole CIB
Q1-18,2017-08-10,6.73,02-28-2018,Credit Agricole CIB
Q1-18,2017-08-25,6.73,02-28-2018,Credit Agricole CIB
Q1-18,2017-08-29,6.58,02-28-2018,Credit Agricole CIB
Q1-18,2017-09-12,6.41,02-28-2018,Credit Agricole CIB
Q1-18,2017-10-04,6.41,02-28-2018,Credit Agricole CIB
Q1-18,2017-10-18,6.41,02-28-2018,Credit Agricole CIB
Q1-18,2017-11-27,6.41,02-28-2018,Credit Agricole CIB
Q1-18,2018-02-12,6.34,02-28-2018,Credit Agricole CIB
Q1-18,2018-02-15,6.34,02-28-2018,Credit Agricole CIB
Q2-18,2017-06-01,7.08,02-28-2018,Credit Agricole CIB
Q2-18,2017-08-10,6.72,02-28-2018,Credit Agricole CIB
Q2-18,2017-08-25,6.72,02-28-2018,Credit Agricole CIB
Q2-18,2017-08-29,6.55,02-28-2018,Credit Agricole CIB
Q2-18,2017-09-12,6.37,02-28-2018,Credit Agricole CIB
Q2-18,2017-10-04,6.37,02-28-2018,Credit Agricole CIB
Q2-18,2017-10-18,6.37,02-28-2018,Credit Agricole CIB
Q2-18,2017-11-27,6.37,02-28-2018,Credit Agricole CIB
Q2-18,2018-02-12,6.31,02-28-2018,Credit Agricole CIB
Q2-18,2018-02-15,6.31,02-28-2018,Credit Agricole CIB
Q3-18,2017-10-04,6.33,02-28-2018,Credit Agricole CIB
Q3-18,2017-10-18,6.33,02-28-2018,Credit Agricole CIB
Q3-18,2017-11-27,6.33,02-28-2018,Credit Agricole CIB
Q3-18,2018-02-12,6.28,02-28-2018,Credit Agricole CIB
Q3-18,2018-02-15,6.28,02-28-2018,Credit Agricole CIB
Q4-18,2016-12-01,7.2,02-28-2018,Credit Agricole CIB
Q4-18,2016-12-14,7.17,02-28-2018,Credit Agricole CIB
Q4-18,2017-02-03,7.17,02-28-2018,Credit Agricole CIB
Q4-18,2017-03-06,7.17,02-28-2018,Credit Agricole CIB
Q4-18,2017-05-30,7.1,02-28-2018,Credit Agricole CIB
Q4-18,2017-06-01,7.1,02-28-2018,Credit Agricole CIB
Q4-18,2017-06-08,7.1,02-28-2018,Credit Agricole CIB
Q4-18,2017-08-10,6.7,02-28-2018,Credit Agricole CIB
Q4-18,2017-08-25,6.7,02-28-2018,Credit Agricole CIB
Q4-18,2017-08-29,6.5,02-28-2018,Credit Agricole CIB
Q4-18,2017-09-12,6.3,02-28-2018,Credit Agricole CIB
Q4-18,2017-10-04,6.3,02-28-2018,Credit Agricole CIB
Q4-18,2017-10-18,6.3,02-28-2018,Credit Agricole CIB
Q4-18,2017-11-27,6.3,02-28-2018,Credit Agricole CIB
Q4-18,2018-02-12,6.25,02-28-2018,Credit Agricole CIB
Q4-18,2018-02-15,6.25,02-28-2018,Credit Agricole CIB
2019,2017-02-03,7.3,02-28-2018,Credit Agricole CIB
2019,2017-08-10,6.5,02-28-2018,Credit Agricole CIB
2019,2017-08-25,6.4,02-28-2018,Credit Agricole CIB
2019,2017-08-29,6.4,02-28-2018,Credit Agricole CIB
2019,2017-09-12,6.15,02-28-2018,Credit Agricole CIB
2019,2018-02-12,6.15,02-28-2018,Credit Agricole CIB
2019,2018-02-15,6.15,02-28-2018,Credit Agricole CIB
2020,2017-02-03,7.5,02-28-2018,Credit Agricole CIB
2020,2017-08-10,6.25,02-28-2018,Credit Agricole CIB
2020,2017-08-25,6.25,02-28-2018,Credit Agricole CIB
2020,2017-08-29,6.25,02-28-2018,Credit Agricole CIB
2020,2017-09-12,6.0,02-28-2018,Credit Agricole CIB
2021,2017-08-25,6.15,02-28-2018,Credit Agricole CIB
2021,2017-08-29,6.15,02-28-2018,Credit Agricole CIB
2021,2017-09-12,6.0,02-28-2018,Credit Agricole CIB
2022,2017-08-25,6.0,02-28-2018,Credit Agricole CIB
2022,2017-08-29,6.0,02-28-2018,Credit Agricole CIB
2022,2017-09-12,6.0,02-28-2018,Credit Agricole CIB
Q2-14,2012-12-14,6.05,05-31-2014,Credit Agricole CIB
Q2-14,2013-01-10,6.05,05-31-2014,Credit Agricole CIB
Q2-14,2013-01-25,6.05,05-31-2014,Credit Agricole CIB
Q2-14,2013-01-31,6.05,05-31-2014,Credit Agricole CIB
Q2-14,2013-02-07,6.05,05-31-2014,Credit Agricole CIB
Q2-14,2013-02-14,6.05,05-31-2014,Credit Agricole CIB
Q2-14,2013-02-21,6.05,05-31-2014,Credit Agricole CIB
Q2-14,2013-02-28,6.05,05-31-2014,Credit Agricole CIB
Q2-14,2013-03-07,6.05,05-31-2014,Credit Agricole CIB
Q2-14,2013-03-14,6.05,05-31-2014,Credit Agricole CIB
Q2-14,2013-04-02,6.05,05-31-2014,Credit Agricole CIB
Q2-14,2013-04-05,6.05,05-31-2014,Credit Agricole CIB
Q2-14,2013-04-11,6.05,05-31-2014,Credit Agricole CIB
Q2-14,2013-04-19,6.05,05-31-2014,Credit Agricole CIB
Q2-14,2013-05-09,6.05,05-31-2014,Credit Agricole CIB
Q2-14,2013-05-16,6.05,05-31-2014,Credit Agricole CIB
Q2-14,2013-06-07,6.05,05-31-2014,Credit Agricole CIB
Q2-14,2013-06-17,6.05,05-31-2014,Credit Agricole CIB
Q2-14,2013-06-20,6.05,05-31-2014,Credit Agricole CIB
Q2-14,2013-06-27,6.05,05-31-2014,Credit Agricole CIB
Q2-14,2013-07-04,6.05,05-31-2014,Credit Agricole CIB
Q2-14,2013-07-11,6.05,05-31-2014,Credit Agricole CIB
Q2-14,2013-07-18,6.05,05-31-2014,Credit Agricole CIB
Q2-14,2013-07-25,6.05,05-31-2014,Credit Agricole CIB
Q2-14,2013-08-01,6.05,05-31-2014,Credit Agricole CIB
Q2-14,2013-08-08,6.05,05-31-2014,Credit Agricole CIB
Q2-14,2013-08-15,6.05,05-31-2014,Credit Agricole CIB
Q2-14,2013-08-22,6.05,05-31-2014,Credit Agricole CIB
Q2-14,2013-08-29,6.05,05-31-2014,Credit Agricole CIB
Q2-14,2013-09-26,6.05,05-31-2014,Credit Agricole CIB
Q2-14,2013-10-14,6.05,05-31-2014,Credit Agricole CIB
Q2-14,2013-10-17,6.05,05-31-2014,Credit Agricole CIB
Q2-14,2013-10-25,6.05,05-31-2014,Credit Agricole CIB
Q2-14,2013-11-29,6.05,05-31-2014,Credit Agricole CIB
Q2-14,2014-01-09,6.05,05-31-2014,Credit Agricole CIB
Q2-14,2014-01-16,6.05,05-31-2014,Credit Agricole CIB
Q2-14,2014-01-23,6.05,05-31-2014,Credit Agricole CIB
Q2-14,2014-01-30,6.05,05-31-2014,Credit Agricole CIB
Q2-14,2014-02-06,6.05,05-31-2014,Credit Agricole CIB
Q2-14,2014-02-13,6.05,05-31-2014,Credit Agricole CIB
Q2-14,2014-02-20,6.05,05-31-2014,Credit Agricole CIB
Q2-14,2014-02-27,6.05,05-31-2014,Credit Agricole CIB
Q2-14,2014-03-06,6.05,05-31-2014,Credit Agricole CIB
Q2-14,2014-03-13,6.08,05-31-2014,Credit Agricole CIB
Q2-14,2014-03-14,6.08,05-31-2014,Credit Agricole CIB
Q2-14,2014-03-20,6.08,05-31-2014,Credit Agricole CIB
Q2-14,2014-03-27,6.08,05-31-2014,Credit Agricole CIB
Q2-14,2014-04-03,6.08,05-31-2014,Credit Agricole CIB
Q2-14,2014-04-10,6.08,05-31-2014,Credit Agricole CIB
Q2-14,2014-04-17,6.08,05-31-2014,Credit Agricole CIB
Q2-14,2014-04-24,6.08,05-31-2014,Credit Agricole CIB
Q2-14,2014-05-01,6.08,05-31-2014,Credit Agricole CIB
Q2-14,2014-05-08,6.08,05-31-2014,Credit Agricole CIB
Q2-14,2014-05-15,6.08,05-31-2014,Credit Agricole CIB
Q2-14,2014-05-22,6.25,05-31-2014,Credit Agricole CIB
Q3-14,2012-12-14,6.03,05-31-2014,Credit Agricole CIB
Q3-14,2013-01-10,6.03,05-31-2014,Credit Agricole CIB
Q3-14,2013-01-25,6.03,05-31-2014,Credit Agricole CIB
Q3-14,2013-01-31,6.03,05-31-2014,Credit Agricole CIB
Q3-14,2013-02-07,6.03,05-31-2014,Credit Agricole CIB
Q3-14,2013-02-14,6.03,05-31-2014,Credit Agricole CIB
Q3-14,2013-02-21,6.03,05-31-2014,Credit Agricole CIB
Q3-14,2013-02-28,6.03,05-31-2014,Credit Agricole CIB
Q3-14,2013-03-07,6.03,05-31-2014,Credit Agricole CIB
Q3-14,2013-03-14,6.03,05-31-2014,Credit Agricole CIB
Q3-14,2013-04-02,6.03,05-31-2014,Credit Agricole CIB
Q3-14,2013-04-05,6.03,05-31-2014,Credit Agricole CIB
Q3-14,2013-04-11,6.03,05-31-2014,Credit Agricole CIB
Q3-14,2013-04-19,6.03,05-31-2014,Credit Agricole CIB
Q3-14,2013-05-09,6.03,05-31-2014,Credit Agricole CIB
Q3-14,2013-05-16,6.03,05-31-2014,Credit Agricole CIB
Q3-14,2013-06-07,6.03,05-31-2014,Credit Agricole CIB
Q3-14,2013-06-17,6.03,05-31-2014,Credit Agricole CIB
Q3-14,2013-06-20,6.03,05-31-2014,Credit Agricole CIB
Q3-14,2013-06-27,6.03,05-31-2014,Credit Agricole CIB
Q3-14,2013-07-04,6.03,05-31-2014,Credit Agricole CIB
Q3-14,2013-07-11,6.03,05-31-2014,Credit Agricole CIB
Q3-14,2013-07-18,6.03,05-31-2014,Credit Agricole CIB
Q3-14,2013-07-25,6.03,05-31-2014,Credit Agricole CIB
Q3-14,2013-08-01,6.03,05-31-2014,Credit Agricole CIB
Q3-14,2013-08-08,6.03,05-31-2014,Credit Agricole CIB
Q3-14,2013-08-15,6.03,05-31-2014,Credit Agricole CIB
Q3-14,2013-08-22,6.03,05-31-2014,Credit Agricole CIB
Q3-14,2013-08-29,6.03,05-31-2014,Credit Agricole CIB
Q3-14,2013-09-26,6.03,05-31-2014,Credit Agricole CIB
Q3-14,2013-10-14,6.03,05-31-2014,Credit Agricole CIB
Q3-14,2013-10-17,6.03,05-31-2014,Credit Agricole CIB
Q3-14,2013-10-25,6.03,05-31-2014,Credit Agricole CIB
Q3-14,2013-11-29,6.03,05-31-2014,Credit Agricole CIB
Q3-14,2014-01-09,6.03,05-31-2014,Credit Agricole CIB
Q3-14,2014-01-16,6.03,05-31-2014,Credit Agricole CIB
Q3-14,2014-01-23,6.03,05-31-2014,Credit Agricole CIB
Q3-14,2014-01-30,6.03,05-31-2014,Credit Agricole CIB
Q3-14,2014-02-06,6.03,05-31-2014,Credit Agricole CIB
Q3-14,2014-02-13,6.03,05-31-2014,Credit Agricole CIB
Q3-14,2014-02-20,6.03,05-31-2014,Credit Agricole CIB
Q3-14,2014-02-27,6.03,05-31-2014,Credit Agricole CIB
Q3-14,2014-03-06,6.03,05-31-2014,Credit Agricole CIB
Q3-14,2014-03-13,6.03,05-31-2014,Credit Agricole CIB
Q3-14,2014-03-14,6.03,05-31-2014,Credit Agricole CIB
Q3-14,2014-03-20,6.03,05-31-2014,Credit Agricole CIB
Q3-14,2014-03-27,6.03,05-31-2014,Credit Agricole CIB
Q3-14,2014-04-03,6.03,05-31-2014,Credit Agricole CIB
Q3-14,2014-04-10,6.03,05-31-2014,Credit Agricole CIB
Q3-14,2014-04-17,6.03,05-31-2014,Credit Agricole CIB
Q3-14,2014-04-24,6.03,05-31-2014,Credit Agricole CIB
Q3-14,2014-05-01,6.03,05-31-2014,Credit Agricole CIB
Q3-14,2014-05-08,6.03,05-31-2014,Credit Agricole CIB
Q3-14,2014-05-15,6.03,05-31-2014,Credit Agricole CIB
Q3-14,2014-05-22,6.15,05-31-2014,Credit Agricole CIB
Q4-14,2012-12-14,6.0,05-31-2014,Credit Agricole CIB
Q4-14,2013-01-10,6.0,05-31-2014,Credit Agricole CIB
Q4-14,2013-01-17,6.0,05-31-2014,Credit Agricole CIB
Q4-14,2013-01-25,6.0,05-31-2014,Credit Agricole CIB
Q4-14,2013-01-31,6.0,05-31-2014,Credit Agricole CIB
Q4-14,2013-02-07,6.0,05-31-2014,Credit Agricole CIB
Q4-14,2013-02-14,6.0,05-31-2014,Credit Agricole CIB
Q4-14,2013-02-21,6.0,05-31-2014,Credit Agricole CIB
Q4-14,2013-02-28,6.0,05-31-2014,Credit Agricole CIB
Q4-14,2013-03-07,6.0,05-31-2014,Credit Agricole CIB
Q4-14,2013-03-14,6.0,05-31-2014,Credit Agricole CIB
Q4-14,2013-04-02,6.0,05-31-2014,Credit Agricole CIB
Q4-14,2013-04-05,6.0,05-31-2014,Credit Agricole CIB
Q4-14,2013-04-11,6.0,05-31-2014,Credit Agricole CIB
Q4-14,2013-04-19,6.0,05-31-2014,Credit Agricole CIB
Q4-14,2013-04-29,6.0,05-31-2014,Credit Agricole CIB
Q4-14,2013-05-09,6.0,05-31-2014,Credit Agricole CIB
Q4-14,2013-05-16,6.0,05-31-2014,Credit Agricole CIB
Q4-14,2013-06-07,6.0,05-31-2014,Credit Agricole CIB
Q4-14,2013-06-17,6.0,05-31-2014,Credit Agricole CIB
Q4-14,2013-06-20,6.0,05-31-2014,Credit Agricole CIB
Q4-14,2013-06-27,6.0,05-31-2014,Credit Agricole CIB
Q4-14,2013-07-04,6.0,05-31-2014,Credit Agricole CIB
Q4-14,2013-07-11,6.0,05-31-2014,Credit Agricole CIB
Q4-14,2013-07-18,6.0,05-31-2014,Credit Agricole CIB
Q4-14,2013-07-25,6.0,05-31-2014,Credit Agricole CIB
Q4-14,2013-08-01,6.0,05-31-2014,Credit Agricole CIB
Q4-14,2013-08-08,6.0,05-31-2014,Credit Agricole CIB
Q4-14,2013-08-15,6.0,05-31-2014,Credit Agricole CIB
Q4-14,2013-08-22,6.0,05-31-2014,Credit Agricole CIB
Q4-14,2013-08-29,6.0,05-31-2014,Credit Agricole CIB
Q4-14,2013-09-26,6.0,05-31-2014,Credit Agricole CIB
Q4-14,2013-10-14,6.0,05-31-2014,Credit Agricole CIB
Q4-14,2013-10-17,6.0,05-31-2014,Credit Agricole CIB
Q4-14,2013-10-25,6.0,05-31-2014,Credit Agricole CIB
Q4-14,2013-11-29,6.0,05-31-2014,Credit Agricole CIB
Q4-14,2014-01-09,6.0,05-31-2014,Credit Agricole CIB
Q4-14,2014-01-16,6.0,05-31-2014,Credit Agricole CIB
Q4-14,2014-01-23,6.0,05-31-2014,Credit Agricole CIB
Q4-14,2014-01-30,6.0,05-31-2014,Credit Agricole CIB
Q4-14,2014-02-06,6.0,05-31-2014,Credit Agricole CIB
Q4-14,2014-02-13,6.0,05-31-2014,Credit Agricole CIB
Q4-14,2014-02-20,6.0,05-31-2014,Credit Agricole CIB
Q4-14,2014-02-27,6.0,05-31-2014,Credit Agricole CIB
Q4-14,2014-03-06,6.0,05-31-2014,Credit Agricole CIB
Q4-14,2014-03-13,6.0,05-31-2014,Credit Agricole CIB
Q4-14,2014-03-14,6.0,05-31-2014,Credit Agricole CIB
Q4-14,2014-03-20,6.0,05-31-2014,Credit Agricole CIB
Q4-14,2014-03-27,6.0,05-31-2014,Credit Agricole CIB
Q4-14,2014-04-03,6.0,05-31-2014,Credit Agricole CIB
Q4-14,2014-04-10,6.0,05-31-2014,Credit Agricole CIB
Q4-14,2014-04-17,6.0,05-31-2014,Credit Agricole CIB
Q4-14,2014-04-24,6.0,05-31-2014,Credit Agricole CIB
Q4-14,2014-05-01,6.0,05-31-2014,Credit Agricole CIB
Q4-14,2014-05-08,6.0,05-31-2014,Credit Agricole CIB
Q4-14,2014-05-15,6.0,05-31-2014,Credit Agricole CIB
Q4-14,2014-05-22,6.0,05-31-2014,Credit Agricole CIB
Q1-15,2014-01-09,5.99,05-31-2014,Credit Agricole CIB
Q1-15,2014-01-16,5.99,05-31-2014,Credit Agricole CIB
Q1-15,2014-01-23,5.99,05-31-2014,Credit Agricole CIB
Q1-15,2014-01-30,5.99,05-31-2014,Credit Agricole CIB
Q1-15,2014-02-06,5.99,05-31-2014,Credit Agricole CIB
Q1-15,2014-02-13,5.99,05-31-2014,Credit Agricole CIB
Q1-15,2014-02-20,5.99,05-31-2014,Credit Agricole CIB
Q1-15,2014-02-27,5.99,05-31-2014,Credit Agricole CIB
Q1-15,2014-03-06,5.99,05-31-2014,Credit Agricole CIB
Q1-15,2014-03-13,5.99,05-31-2014,Credit Agricole CIB
Q1-15,2014-03-14,5.99,05-31-2014,Credit Agricole CIB
Q1-15,2014-03-20,5.99,05-31-2014,Credit Agricole CIB
Q1-15,2014-03-27,5.99,05-31-2014,Credit Agricole CIB
Q1-15,2014-04-03,5.99,05-31-2014,Credit Agricole CIB
Q1-15,2014-04-10,5.99,05-31-2014,Credit Agricole CIB
Q1-15,2014-04-17,5.99,05-31-2014,Credit Agricole CIB
Q1-15,2014-04-24,5.99,05-31-2014,Credit Agricole CIB
Q1-15,2014-05-01,5.99,05-31-2014,Credit Agricole CIB
Q1-15,2014-05-08,5.99,05-31-2014,Credit Agricole CIB
Q1-15,2014-05-15,5.99,05-31-2014,Credit Agricole CIB
Q1-15,2014-05-22,5.99,05-31-2014,Credit Agricole CIB
2015,2013-01-10,5.94,05-31-2014,Credit Agricole CIB
2015,2013-02-21,5.94,05-31-2014,Credit Agricole CIB
2015,2014-01-09,5.94,05-31-2014,Credit Agricole CIB
2015,2014-01-16,5.94,05-31-2014,Credit Agricole CIB
2015,2014-01-23,5.94,05-31-2014,Credit Agricole CIB
2015,2014-01-30,5.94,05-31-2014,Credit Agricole CIB
2015,2014-02-06,5.94,05-31-2014,Credit Agricole CIB
2015,2014-02-13,5.94,05-31-2014,Credit Agricole CIB
2015,2014-02-20,5.94,05-31-2014,Credit Agricole CIB
2015,2014-02-27,5.94,05-31-2014,Credit Agricole CIB
2015,2014-03-06,5.94,05-31-2014,Credit Agricole CIB
2015,2014-03-13,5.94,05-31-2014,Credit Agricole CIB
2015,2014-03-14,5.94,05-31-2014,Credit Agricole CIB
2015,2014-03-20,5.94,05-31-2014,Credit Agricole CIB
2015,2014-03-27,5.94,05-31-2014,Credit Agricole CIB
2015,2014-04-03,5.94,05-31-2014,Credit Agricole CIB
2015,2014-04-10,5.94,05-31-2014,Credit Agricole CIB
2015,2014-04-17,5.94,05-31-2014,Credit Agricole CIB
2015,2014-04-24,5.94,05-31-2014,Credit Agricole CIB
2015,2014-05-01,5.94,05-31-2014,Credit Agricole CIB
2015,2014-05-08,5.94,05-31-2014,Credit Agricole CIB
2015,2014-05-15,5.94,05-31-2014,Credit Agricole CIB
2015,2014-05-22,5.94,05-31-2014,Credit Agricole CIB
Q1-22,2021-03-10,6.4,02-28-2022,Credit Agricole CIB
Q1-22,2021-03-12,6.41,02-28-2022,Credit Agricole CIB
Q1-22,2021-04-12,6.45,02-28-2022,Credit Agricole CIB
Q1-22,2021-05-31,6.45,02-28-2022,Credit Agricole CIB
Q1-22,2021-06-29,6.31,02-28-2022,Credit Agricole CIB
Q1-22,2021-08-31,6.31,02-28-2022,Credit Agricole CIB
Q1-22,2021-10-06,6.43,02-28-2022,Credit Agricole CIB
Q1-22,2021-11-11,6.35,02-28-2022,Credit Agricole CIB
Q1-22,2021-11-25,6.35,02-28-2022,Credit Agricole CIB
Q1-22,2022-01-05,6.46,02-28-2022,Credit Agricole CIB
Q1-22,2022-02-16,6.46,02-28-2022,Credit Agricole CIB
Q2-22,2021-06-29,6.27,02-28-2022,Credit Agricole CIB
Q2-22,2021-08-31,6.27,02-28-2022,Credit Agricole CIB
Q2-22,2021-10-06,6.4,02-28-2022,Credit Agricole CIB
Q2-22,2021-11-11,6.32,02-28-2022,Credit Agricole CIB
Q2-22,2021-11-25,6.32,02-28-2022,Credit Agricole CIB
Q2-22,2022-01-05,6.48,02-28-2022,Credit Agricole CIB
Q2-22,2022-02-16,6.48,02-28-2022,Credit Agricole CIB
Q3-22,2021-10-06,6.35,02-28-2022,Credit Agricole CIB
Q3-22,2021-11-11,6.32,02-28-2022,Credit Agricole CIB
Q3-22,2021-11-25,6.32,02-28-2022,Credit Agricole CIB
Q3-22,2022-01-05,6.44,02-28-2022,Credit Agricole CIB
Q3-22,2022-02-16,6.44,02-28-2022,Credit Agricole CIB
Q4-22,2020-12-18,6.45,02-28-2022,Credit Agricole CIB
Q4-22,2021-03-10,6.45,02-28-2022,Credit Agricole CIB
Q4-22,2021-03-12,6.45,02-28-2022,Credit Agricole CIB
Q4-22,2021-04-12,6.45,02-28-2022,Credit Agricole CIB
Q4-22,2021-10-06,6.3,02-28-2022,Credit Agricole CIB
Q4-22,2021-11-11,6.3,02-28-2022,Credit Agricole CIB
Q4-22,2021-11-25,6.3,02-28-2022,Credit Agricole CIB
Q4-22,2022-01-05,6.4,02-28-2022,Credit Agricole CIB
Q4-22,2022-02-16,6.4,02-28-2022,Credit Agricole CIB
Q4-13,2011-12-14,6.05,11-30-2013,Credit Agricole CIB
Q4-13,2012-02-23,6.05,11-30-2013,Credit Agricole CIB
Q4-13,2012-03-02,6.05,11-30-2013,Credit Agricole CIB
Q4-13,2012-03-09,6.05,11-30-2013,Credit Agricole CIB
Q4-13,2012-03-15,6.05,11-30-2013,Credit Agricole CIB
Q4-13,2012-03-30,6.05,11-30-2013,Credit Agricole CIB
Q4-13,2012-04-12,6.05,11-30-2013,Credit Agricole CIB
Q4-13,2012-04-27,6.05,11-30-2013,Credit Agricole CIB
Q4-13,2012-05-01,6.05,11-30-2013,Credit Agricole CIB
Q4-13,2012-05-09,6.05,11-30-2013,Credit Agricole CIB
Q4-13,2012-05-15,6.05,11-30-2013,Credit Agricole CIB
Q4-13,2012-05-18,6.05,11-30-2013,Credit Agricole CIB
Q4-13,2012-05-25,6.05,11-30-2013,Credit Agricole CIB
Q4-13,2012-05-29,6.05,11-30-2013,Credit Agricole CIB
Q4-13,2012-06-08,6.05,11-30-2013,Credit Agricole CIB
Q4-13,2012-06-21,6.05,11-30-2013,Credit Agricole CIB
Q4-13,2012-06-26,6.05,11-30-2013,Credit Agricole CIB
Q4-13,2012-07-05,6.05,11-30-2013,Credit Agricole CIB
Q4-13,2012-07-13,6.05,11-30-2013,Credit Agricole CIB
Q4-13,2012-07-19,6.05,11-30-2013,Credit Agricole CIB
Q4-13,2012-07-26,6.05,11-30-2013,Credit Agricole CIB
Q4-13,2012-08-02,6.05,11-30-2013,Credit Agricole CIB
Q4-13,2012-08-10,6.05,11-30-2013,Credit Agricole CIB
Q4-13,2012-08-16,6.05,11-30-2013,Credit Agricole CIB
Q4-13,2012-08-23,6.05,11-30-2013,Credit Agricole CIB
Q4-13,2012-08-30,6.05,11-30-2013,Credit Agricole CIB
Q4-13,2012-09-06,6.05,11-30-2013,Credit Agricole CIB
Q4-13,2012-09-14,6.05,11-30-2013,Credit Agricole CIB
Q4-13,2012-09-27,6.17,11-30-2013,Credit Agricole CIB
Q4-13,2012-10-04,6.17,11-30-2013,Credit Agricole CIB
Q4-13,2012-10-12,6.17,11-30-2013,Credit Agricole CIB
Q4-13,2012-10-18,6.17,11-30-2013,Credit Agricole CIB
Q4-13,2012-10-25,6.17,11-30-2013,Credit Agricole CIB
Q4-13,2012-11-01,6.17,11-30-2013,Credit Agricole CIB
Q4-13,2012-11-16,6.17,11-30-2013,Credit Agricole CIB
Q4-13,2012-11-23,6.1,11-30-2013,Credit Agricole CIB
Q4-13,2012-11-30,6.1,11-30-2013,Credit Agricole CIB
Q4-13,2012-12-14,6.1,11-30-2013,Credit Agricole CIB
Q4-13,2013-01-10,6.1,11-30-2013,Credit Agricole CIB
Q4-13,2013-01-17,6.1,11-30-2013,Credit Agricole CIB
Q4-13,2013-01-25,6.1,11-30-2013,Credit Agricole CIB
Q4-13,2013-01-31,6.1,11-30-2013,Credit Agricole CIB
Q4-13,2013-02-07,6.1,11-30-2013,Credit Agricole CIB
Q4-13,2013-02-14,6.1,11-30-2013,Credit Agricole CIB
Q4-13,2013-02-21,6.1,11-30-2013,Credit Agricole CIB
Q4-13,2013-02-28,6.1,11-30-2013,Credit Agricole CIB
Q4-13,2013-03-07,6.1,11-30-2013,Credit Agricole CIB
Q4-13,2013-03-14,6.1,11-30-2013,Credit Agricole CIB
Q4-13,2013-04-02,6.1,11-30-2013,Credit Agricole CIB
Q4-13,2013-04-05,6.1,11-30-2013,Credit Agricole CIB
Q4-13,2013-04-11,6.1,11-30-2013,Credit Agricole CIB
Q4-13,2013-04-19,6.1,11-30-2013,Credit Agricole CIB
Q4-13,2013-04-29,6.1,11-30-2013,Credit Agricole CIB
Q4-13,2013-05-09,6.1,11-30-2013,Credit Agricole CIB
Q4-13,2013-05-16,6.1,11-30-2013,Credit Agricole CIB
Q4-13,2013-06-07,6.1,11-30-2013,Credit Agricole CIB
Q4-13,2013-06-17,6.1,11-30-2013,Credit Agricole CIB
Q4-13,2013-06-20,6.1,11-30-2013,Credit Agricole CIB
Q4-13,2013-06-27,6.1,11-30-2013,Credit Agricole CIB
Q4-13,2013-07-04,6.1,11-30-2013,Credit Agricole CIB
Q4-13,2013-07-11,6.1,11-30-2013,Credit Agricole CIB
Q4-13,2013-07-18,6.1,11-30-2013,Credit Agricole CIB
Q4-13,2013-07-25,6.1,11-30-2013,Credit Agricole CIB
Q4-13,2013-08-01,6.1,11-30-2013,Credit Agricole CIB
Q4-13,2013-08-08,6.1,11-30-2013,Credit Agricole CIB
Q4-13,2013-08-15,6.1,11-30-2013,Credit Agricole CIB
Q4-13,2013-08-22,6.1,11-30-2013,Credit Agricole CIB
Q4-13,2013-08-29,6.1,11-30-2013,Credit Agricole CIB
Q4-13,2013-09-26,6.1,11-30-2013,Credit Agricole CIB
Q4-13,2013-10-14,6.1,11-30-2013,Credit Agricole CIB
Q4-13,2013-10-17,6.1,11-30-2013,Credit Agricole CIB
Q4-13,2013-10-25,6.1,11-30-2013,Credit Agricole CIB
Q4-13,2013-11-29,6.1,11-30-2013,Credit Agricole CIB
Q1-14,2012-12-14,6.08,11-30-2013,Credit Agricole CIB
Q1-14,2013-01-10,6.08,11-30-2013,Credit Agricole CIB
Q1-14,2013-01-25,6.08,11-30-2013,Credit Agricole CIB
Q1-14,2013-01-31,6.08,11-30-2013,Credit Agricole CIB
Q1-14,2013-02-07,6.08,11-30-2013,Credit Agricole CIB
Q1-14,2013-02-14,6.08,11-30-2013,Credit Agricole CIB
Q1-14,2013-02-21,6.08,11-30-2013,Credit Agricole CIB
Q1-14,2013-02-28,6.08,11-30-2013,Credit Agricole CIB
Q1-14,2013-03-07,6.08,11-30-2013,Credit Agricole CIB
Q1-14,2013-03-14,6.08,11-30-2013,Credit Agricole CIB
Q1-14,2013-04-02,6.08,11-30-2013,Credit Agricole CIB
Q1-14,2013-04-05,6.08,11-30-2013,Credit Agricole CIB
Q1-14,2013-04-11,6.08,11-30-2013,Credit Agricole CIB
Q1-14,2013-04-19,6.08,11-30-2013,Credit Agricole CIB
Q1-14,2013-04-29,6.08,11-30-2013,Credit Agricole CIB
Q1-14,2013-05-09,6.08,11-30-2013,Credit Agricole CIB
Q1-14,2013-05-16,6.08,11-30-2013,Credit Agricole CIB
Q1-14,2013-06-07,6.08,11-30-2013,Credit Agricole CIB
Q1-14,2013-06-17,6.08,11-30-2013,Credit Agricole CIB
Q1-14,2013-06-20,6.08,11-30-2013,Credit Agricole CIB
Q1-14,2013-06-27,6.08,11-30-2013,Credit Agricole CIB
Q1-14,2013-07-04,6.08,11-30-2013,Credit Agricole CIB
Q1-14,2013-07-11,6.08,11-30-2013,Credit Agricole CIB
Q1-14,2013-07-18,6.08,11-30-2013,Credit Agricole CIB
Q1-14,2013-07-25,6.08,11-30-2013,Credit Agricole CIB
Q1-14,2013-08-01,6.08,11-30-2013,Credit Agricole CIB
Q1-14,2013-08-08,6.08,11-30-2013,Credit Agricole CIB
Q1-14,2013-08-15,6.08,11-30-2013,Credit Agricole CIB
Q1-14,2013-08-22,6.08,11-30-2013,Credit Agricole CIB
Q1-14,2013-08-29,6.08,11-30-2013,Credit Agricole CIB
Q1-14,2013-09-26,6.08,11-30-2013,Credit Agricole CIB
Q1-14,2013-10-14,6.08,11-30-2013,Credit Agricole CIB
Q1-14,2013-10-17,6.08,11-30-2013,Credit Agricole CIB
Q1-14,2013-10-25,6.08,11-30-2013,Credit Agricole CIB
Q1-14,2013-11-29,6.08,11-30-2013,Credit Agricole CIB
Q2-14,2012-12-14,6.05,11-30-2013,Credit Agricole CIB
Q2-14,2013-01-10,6.05,11-30-2013,Credit Agricole CIB
Q2-14,2013-01-25,6.05,11-30-2013,Credit Agricole CIB
Q2-14,2013-01-31,6.05,11-30-2013,Credit Agricole CIB
Q2-14,2013-02-07,6.05,11-30-2013,Credit Agricole CIB
Q2-14,2013-02-14,6.05,11-30-2013,Credit Agricole CIB
Q2-14,2013-02-21,6.05,11-30-2013,Credit Agricole CIB
Q2-14,2013-02-28,6.05,11-30-2013,Credit Agricole CIB
Q2-14,2013-03-07,6.05,11-30-2013,Credit Agricole CIB
Q2-14,2013-03-14,6.05,11-30-2013,Credit Agricole CIB
Q2-14,2013-04-02,6.05,11-30-2013,Credit Agricole CIB
Q2-14,2013-04-05,6.05,11-30-2013,Credit Agricole CIB
Q2-14,2013-04-11,6.05,11-30-2013,Credit Agricole CIB
Q2-14,2013-04-19,6.05,11-30-2013,Credit Agricole CIB
Q2-14,2013-05-09,6.05,11-30-2013,Credit Agricole CIB
Q2-14,2013-05-16,6.05,11-30-2013,Credit Agricole CIB
Q2-14,2013-06-07,6.05,11-30-2013,Credit Agricole CIB
Q2-14,2013-06-17,6.05,11-30-2013,Credit Agricole CIB
Q2-14,2013-06-20,6.05,11-30-2013,Credit Agricole CIB
Q2-14,2013-06-27,6.05,11-30-2013,Credit Agricole CIB
Q2-14,2013-07-04,6.05,11-30-2013,Credit Agricole CIB
Q2-14,2013-07-11,6.05,11-30-2013,Credit Agricole CIB
Q2-14,2013-07-18,6.05,11-30-2013,Credit Agricole CIB
Q2-14,2013-07-25,6.05,11-30-2013,Credit Agricole CIB
Q2-14,2013-08-01,6.05,11-30-2013,Credit Agricole CIB
Q2-14,2013-08-08,6.05,11-30-2013,Credit Agricole CIB
Q2-14,2013-08-15,6.05,11-30-2013,Credit Agricole CIB
Q2-14,2013-08-22,6.05,11-30-2013,Credit Agricole CIB
Q2-14,2013-08-29,6.05,11-30-2013,Credit Agricole CIB
Q2-14,2013-09-26,6.05,11-30-2013,Credit Agricole CIB
Q2-14,2013-10-14,6.05,11-30-2013,Credit Agricole CIB
Q2-14,2013-10-17,6.05,11-30-2013,Credit Agricole CIB
Q2-14,2013-10-25,6.05,11-30-2013,Credit Agricole CIB
Q2-14,2013-11-29,6.05,11-30-2013,Credit Agricole CIB
Q3-14,2012-12-14,6.03,11-30-2013,Credit Agricole CIB
Q3-14,2013-01-10,6.03,11-30-2013,Credit Agricole CIB
Q3-14,2013-01-25,6.03,11-30-2013,Credit Agricole CIB
Q3-14,2013-01-31,6.03,11-30-2013,Credit Agricole CIB
Q3-14,2013-02-07,6.03,11-30-2013,Credit Agricole CIB
Q3-14,2013-02-14,6.03,11-30-2013,Credit Agricole CIB
Q3-14,2013-02-21,6.03,11-30-2013,Credit Agricole CIB
Q3-14,2013-02-28,6.03,11-30-2013,Credit Agricole CIB
Q3-14,2013-03-07,6.03,11-30-2013,Credit Agricole CIB
Q3-14,2013-03-14,6.03,11-30-2013,Credit Agricole CIB
Q3-14,2013-04-02,6.03,11-30-2013,Credit Agricole CIB
Q3-14,2013-04-05,6.03,11-30-2013,Credit Agricole CIB
Q3-14,2013-04-11,6.03,11-30-2013,Credit Agricole CIB
Q3-14,2013-04-19,6.03,11-30-2013,Credit Agricole CIB
Q3-14,2013-05-09,6.03,11-30-2013,Credit Agricole CIB
Q3-14,2013-05-16,6.03,11-30-2013,Credit Agricole CIB
Q3-14,2013-06-07,6.03,11-30-2013,Credit Agricole CIB
Q3-14,2013-06-17,6.03,11-30-2013,Credit Agricole CIB
Q3-14,2013-06-20,6.03,11-30-2013,Credit Agricole CIB
Q3-14,2013-06-27,6.03,11-30-2013,Credit Agricole CIB
Q3-14,2013-07-04,6.03,11-30-2013,Credit Agricole CIB
Q3-14,2013-07-11,6.03,11-30-2013,Credit Agricole CIB
Q3-14,2013-07-18,6.03,11-30-2013,Credit Agricole CIB
Q3-14,2013-07-25,6.03,11-30-2013,Credit Agricole CIB
Q3-14,2013-08-01,6.03,11-30-2013,Credit Agricole CIB
Q3-14,2013-08-08,6.03,11-30-2013,Credit Agricole CIB
Q3-14,2013-08-15,6.03,11-30-2013,Credit Agricole CIB
Q3-14,2013-08-22,6.03,11-30-2013,Credit Agricole CIB
Q3-14,2013-08-29,6.03,11-30-2013,Credit Agricole CIB
Q3-14,2013-09-26,6.03,11-30-2013,Credit Agricole CIB
Q3-14,2013-10-14,6.03,11-30-2013,Credit Agricole CIB
Q3-14,2013-10-17,6.03,11-30-2013,Credit Agricole CIB
Q3-14,2013-10-25,6.03,11-30-2013,Credit Agricole CIB
Q3-14,2013-11-29,6.03,11-30-2013,Credit Agricole CIB
2014,2012-03-15,6.0,11-30-2013,Credit Agricole CIB
2014,2012-04-27,6.0,11-30-2013,Credit Agricole CIB
2014,2012-12-14,6.0,11-30-2013,Credit Agricole CIB
2014,2013-01-10,6.0,11-30-2013,Credit Agricole CIB
2014,2013-01-17,6.0,11-30-2013,Credit Agricole CIB
2014,2013-01-25,6.0,11-30-2013,Credit Agricole CIB
2014,2013-01-31,6.0,11-30-2013,Credit Agricole CIB
2014,2013-02-07,6.0,11-30-2013,Credit Agricole CIB
2014,2013-02-14,6.0,11-30-2013,Credit Agricole CIB
2014,2013-02-21,6.0,11-30-2013,Credit Agricole CIB
2014,2013-02-28,6.0,11-30-2013,Credit Agricole CIB
2014,2013-03-07,6.0,11-30-2013,Credit Agricole CIB
2014,2013-03-14,6.0,11-30-2013,Credit Agricole CIB
2014,2013-04-02,6.0,11-30-2013,Credit Agricole CIB
2014,2013-04-05,6.0,11-30-2013,Credit Agricole CIB
2014,2013-04-11,6.0,11-30-2013,Credit Agricole CIB
2014,2013-04-19,6.0,11-30-2013,Credit Agricole CIB
2014,2013-04-29,6.0,11-30-2013,Credit Agricole CIB
2014,2013-05-09,6.0,11-30-2013,Credit Agricole CIB
2014,2013-05-16,6.0,11-30-2013,Credit Agricole CIB
2014,2013-06-07,6.0,11-30-2013,Credit Agricole CIB
2014,2013-06-17,6.0,11-30-2013,Credit Agricole CIB
2014,2013-06-20,6.0,11-30-2013,Credit Agricole CIB
2014,2013-06-27,6.0,11-30-2013,Credit Agricole CIB
2014,2013-07-04,6.0,11-30-2013,Credit Agricole CIB
2014,2013-07-11,6.0,11-30-2013,Credit Agricole CIB
2014,2013-07-18,6.0,11-30-2013,Credit Agricole CIB
2014,2013-07-25,6.0,11-30-2013,Credit Agricole CIB
2014,2013-08-01,6.0,11-30-2013,Credit Agricole CIB
2014,2013-08-08,6.0,11-30-2013,Credit Agricole CIB
2014,2013-08-15,6.0,11-30-2013,Credit Agricole CIB
2014,2013-08-22,6.0,11-30-2013,Credit Agricole CIB
2014,2013-08-29,6.0,11-30-2013,Credit Agricole CIB
2014,2013-09-26,6.0,11-30-2013,Credit Agricole CIB
2014,2013-10-14,6.0,11-30-2013,Credit Agricole CIB
2014,2013-10-17,6.0,11-30-2013,Credit Agricole CIB
2014,2013-10-25,6.0,11-30-2013,Credit Agricole CIB
2014,2013-11-29,6.0,11-30-2013,Credit Agricole CIB
Q1-14,2012-12-14,6.08,02-28-2014,Credit Agricole CIB
Q1-14,2013-01-10,6.08,02-28-2014,Credit Agricole CIB
Q1-14,2013-01-25,6.08,02-28-2014,Credit Agricole CIB
Q1-14,2013-01-31,6.08,02-28-2014,Credit Agricole CIB
Q1-14,2013-02-07,6.08,02-28-2014,Credit Agricole CIB
Q1-14,2013-02-14,6.08,02-28-2014,Credit Agricole CIB
Q1-14,2013-02-21,6.08,02-28-2014,Credit Agricole CIB
Q1-14,2013-02-28,6.08,02-28-2014,Credit Agricole CIB
Q1-14,2013-03-07,6.08,02-28-2014,Credit Agricole CIB
Q1-14,2013-03-14,6.08,02-28-2014,Credit Agricole CIB
Q1-14,2013-04-02,6.08,02-28-2014,Credit Agricole CIB
Q1-14,2013-04-05,6.08,02-28-2014,Credit Agricole CIB
Q1-14,2013-04-11,6.08,02-28-2014,Credit Agricole CIB
Q1-14,2013-04-19,6.08,02-28-2014,Credit Agricole CIB
Q1-14,2013-04-29,6.08,02-28-2014,Credit Agricole CIB
Q1-14,2013-05-09,6.08,02-28-2014,Credit Agricole CIB
Q1-14,2013-05-16,6.08,02-28-2014,Credit Agricole CIB
Q1-14,2013-06-07,6.08,02-28-2014,Credit Agricole CIB
Q1-14,2013-06-17,6.08,02-28-2014,Credit Agricole CIB
Q1-14,2013-06-20,6.08,02-28-2014,Credit Agricole CIB
Q1-14,2013-06-27,6.08,02-28-2014,Credit Agricole CIB
Q1-14,2013-07-04,6.08,02-28-2014,Credit Agricole CIB
Q1-14,2013-07-11,6.08,02-28-2014,Credit Agricole CIB
Q1-14,2013-07-18,6.08,02-28-2014,Credit Agricole CIB
Q1-14,2013-07-25,6.08,02-28-2014,Credit Agricole CIB
Q1-14,2013-08-01,6.08,02-28-2014,Credit Agricole CIB
Q1-14,2013-08-08,6.08,02-28-2014,Credit Agricole CIB
Q1-14,2013-08-15,6.08,02-28-2014,Credit Agricole CIB
Q1-14,2013-08-22,6.08,02-28-2014,Credit Agricole CIB
Q1-14,2013-08-29,6.08,02-28-2014,Credit Agricole CIB
Q1-14,2013-09-26,6.08,02-28-2014,Credit Agricole CIB
Q1-14,2013-10-14,6.08,02-28-2014,Credit Agricole CIB
Q1-14,2013-10-17,6.08,02-28-2014,Credit Agricole CIB
Q1-14,2013-10-25,6.08,02-28-2014,Credit Agricole CIB
Q1-14,2013-11-29,6.08,02-28-2014,Credit Agricole CIB
Q1-14,2014-01-09,6.08,02-28-2014,Credit Agricole CIB
Q1-14,2014-01-16,6.08,02-28-2014,Credit Agricole CIB
Q1-14,2014-01-23,6.08,02-28-2014,Credit Agricole CIB
Q1-14,2014-01-30,6.08,02-28-2014,Credit Agricole CIB
Q1-14,2014-02-06,6.08,02-28-2014,Credit Agricole CIB
Q1-14,2014-02-13,6.08,02-28-2014,Credit Agricole CIB
Q1-14,2014-02-20,6.08,02-28-2014,Credit Agricole CIB
Q1-14,2014-02-27,6.08,02-28-2014,Credit Agricole CIB
Q2-14,2012-12-14,6.05,02-28-2014,Credit Agricole CIB
Q2-14,2013-01-10,6.05,02-28-2014,Credit Agricole CIB
Q2-14,2013-01-25,6.05,02-28-2014,Credit Agricole CIB
Q2-14,2013-01-31,6.05,02-28-2014,Credit Agricole CIB
Q2-14,2013-02-07,6.05,02-28-2014,Credit Agricole CIB
Q2-14,2013-02-14,6.05,02-28-2014,Credit Agricole CIB
Q2-14,2013-02-21,6.05,02-28-2014,Credit Agricole CIB
Q2-14,2013-02-28,6.05,02-28-2014,Credit Agricole CIB
Q2-14,2013-03-07,6.05,02-28-2014,Credit Agricole CIB
Q2-14,2013-03-14,6.05,02-28-2014,Credit Agricole CIB
Q2-14,2013-04-02,6.05,02-28-2014,Credit Agricole CIB
Q2-14,2013-04-05,6.05,02-28-2014,Credit Agricole CIB
Q2-14,2013-04-11,6.05,02-28-2014,Credit Agricole CIB
Q2-14,2013-04-19,6.05,02-28-2014,Credit Agricole CIB
Q2-14,2013-05-09,6.05,02-28-2014,Credit Agricole CIB
Q2-14,2013-05-16,6.05,02-28-2014,Credit Agricole CIB
Q2-14,2013-06-07,6.05,02-28-2014,Credit Agricole CIB
Q2-14,2013-06-17,6.05,02-28-2014,Credit Agricole CIB
Q2-14,2013-06-20,6.05,02-28-2014,Credit Agricole CIB
Q2-14,2013-06-27,6.05,02-28-2014,Credit Agricole CIB
Q2-14,2013-07-04,6.05,02-28-2014,Credit Agricole CIB
Q2-14,2013-07-11,6.05,02-28-2014,Credit Agricole CIB
Q2-14,2013-07-18,6.05,02-28-2014,Credit Agricole CIB
Q2-14,2013-07-25,6.05,02-28-2014,Credit Agricole CIB
Q2-14,2013-08-01,6.05,02-28-2014,Credit Agricole CIB
Q2-14,2013-08-08,6.05,02-28-2014,Credit Agricole CIB
Q2-14,2013-08-15,6.05,02-28-2014,Credit Agricole CIB
Q2-14,2013-08-22,6.05,02-28-2014,Credit Agricole CIB
Q2-14,2013-08-29,6.05,02-28-2014,Credit Agricole CIB
Q2-14,2013-09-26,6.05,02-28-2014,Credit Agricole CIB
Q2-14,2013-10-14,6.05,02-28-2014,Credit Agricole CIB
Q2-14,2013-10-17,6.05,02-28-2014,Credit Agricole CIB
Q2-14,2013-10-25,6.05,02-28-2014,Credit Agricole CIB
Q2-14,2013-11-29,6.05,02-28-2014,Credit Agricole CIB
Q2-14,2014-01-09,6.05,02-28-2014,Credit Agricole CIB
Q2-14,2014-01-16,6.05,02-28-2014,Credit Agricole CIB
Q2-14,2014-01-23,6.05,02-28-2014,Credit Agricole CIB
Q2-14,2014-01-30,6.05,02-28-2014,Credit Agricole CIB
Q2-14,2014-02-06,6.05,02-28-2014,Credit Agricole CIB
Q2-14,2014-02-13,6.05,02-28-2014,Credit Agricole CIB
Q2-14,2014-02-20,6.05,02-28-2014,Credit Agricole CIB
Q2-14,2014-02-27,6.05,02-28-2014,Credit Agricole CIB
Q3-14,2012-12-14,6.03,02-28-2014,Credit Agricole CIB
Q3-14,2013-01-10,6.03,02-28-2014,Credit Agricole CIB
Q3-14,2013-01-25,6.03,02-28-2014,Credit Agricole CIB
Q3-14,2013-01-31,6.03,02-28-2014,Credit Agricole CIB
Q3-14,2013-02-07,6.03,02-28-2014,Credit Agricole CIB
Q3-14,2013-02-14,6.03,02-28-2014,Credit Agricole CIB
Q3-14,2013-02-21,6.03,02-28-2014,Credit Agricole CIB
Q3-14,2013-02-28,6.03,02-28-2014,Credit Agricole CIB
Q3-14,2013-03-07,6.03,02-28-2014,Credit Agricole CIB
Q3-14,2013-03-14,6.03,02-28-2014,Credit Agricole CIB
Q3-14,2013-04-02,6.03,02-28-2014,Credit Agricole CIB
Q3-14,2013-04-05,6.03,02-28-2014,Credit Agricole CIB
Q3-14,2013-04-11,6.03,02-28-2014,Credit Agricole CIB
Q3-14,2013-04-19,6.03,02-28-2014,Credit Agricole CIB
Q3-14,2013-05-09,6.03,02-28-2014,Credit Agricole CIB
Q3-14,2013-05-16,6.03,02-28-2014,Credit Agricole CIB
Q3-14,2013-06-07,6.03,02-28-2014,Credit Agricole CIB
Q3-14,2013-06-17,6.03,02-28-2014,Credit Agricole CIB
Q3-14,2013-06-20,6.03,02-28-2014,Credit Agricole CIB
Q3-14,2013-06-27,6.03,02-28-2014,Credit Agricole CIB
Q3-14,2013-07-04,6.03,02-28-2014,Credit Agricole CIB
Q3-14,2013-07-11,6.03,02-28-2014,Credit Agricole CIB
Q3-14,2013-07-18,6.03,02-28-2014,Credit Agricole CIB
Q3-14,2013-07-25,6.03,02-28-2014,Credit Agricole CIB
Q3-14,2013-08-01,6.03,02-28-2014,Credit Agricole CIB
Q3-14,2013-08-08,6.03,02-28-2014,Credit Agricole CIB
Q3-14,2013-08-15,6.03,02-28-2014,Credit Agricole CIB
Q3-14,2013-08-22,6.03,02-28-2014,Credit Agricole CIB
Q3-14,2013-08-29,6.03,02-28-2014,Credit Agricole CIB
Q3-14,2013-09-26,6.03,02-28-2014,Credit Agricole CIB
Q3-14,2013-10-14,6.03,02-28-2014,Credit Agricole CIB
Q3-14,2013-10-17,6.03,02-28-2014,Credit Agricole CIB
Q3-14,2013-10-25,6.03,02-28-2014,Credit Agricole CIB
Q3-14,2013-11-29,6.03,02-28-2014,Credit Agricole CIB
Q3-14,2014-01-09,6.03,02-28-2014,Credit Agricole CIB
Q3-14,2014-01-16,6.03,02-28-2014,Credit Agricole CIB
Q3-14,2014-01-23,6.03,02-28-2014,Credit Agricole CIB
Q3-14,2014-01-30,6.03,02-28-2014,Credit Agricole CIB
Q3-14,2014-02-06,6.03,02-28-2014,Credit Agricole CIB
Q3-14,2014-02-13,6.03,02-28-2014,Credit Agricole CIB
Q3-14,2014-02-20,6.03,02-28-2014,Credit Agricole CIB
Q3-14,2014-02-27,6.03,02-28-2014,Credit Agricole CIB
Q4-14,2012-03-15,6.0,02-28-2014,Credit Agricole CIB
Q4-14,2012-04-27,6.0,02-28-2014,Credit Agricole CIB
Q4-14,2012-12-14,6.0,02-28-2014,Credit Agricole CIB
Q4-14,2013-01-10,6.0,02-28-2014,Credit Agricole CIB
Q4-14,2013-01-17,6.0,02-28-2014,Credit Agricole CIB
Q4-14,2013-01-25,6.0,02-28-2014,Credit Agricole CIB
Q4-14,2013-01-31,6.0,02-28-2014,Credit Agricole CIB
Q4-14,2013-02-07,6.0,02-28-2014,Credit Agricole CIB
Q4-14,2013-02-14,6.0,02-28-2014,Credit Agricole CIB
Q4-14,2013-02-21,6.0,02-28-2014,Credit Agricole CIB
Q4-14,2013-02-28,6.0,02-28-2014,Credit Agricole CIB
Q4-14,2013-03-07,6.0,02-28-2014,Credit Agricole CIB
Q4-14,2013-03-14,6.0,02-28-2014,Credit Agricole CIB
Q4-14,2013-04-02,6.0,02-28-2014,Credit Agricole CIB
Q4-14,2013-04-05,6.0,02-28-2014,Credit Agricole CIB
Q4-14,2013-04-11,6.0,02-28-2014,Credit Agricole CIB
Q4-14,2013-04-19,6.0,02-28-2014,Credit Agricole CIB
Q4-14,2013-04-29,6.0,02-28-2014,Credit Agricole CIB
Q4-14,2013-05-09,6.0,02-28-2014,Credit Agricole CIB
Q4-14,2013-05-16,6.0,02-28-2014,Credit Agricole CIB
Q4-14,2013-06-07,6.0,02-28-2014,Credit Agricole CIB
Q4-14,2013-06-17,6.0,02-28-2014,Credit Agricole CIB
Q4-14,2013-06-20,6.0,02-28-2014,Credit Agricole CIB
Q4-14,2013-06-27,6.0,02-28-2014,Credit Agricole CIB
Q4-14,2013-07-04,6.0,02-28-2014,Credit Agricole CIB
Q4-14,2013-07-11,6.0,02-28-2014,Credit Agricole CIB
Q4-14,2013-07-18,6.0,02-28-2014,Credit Agricole CIB
Q4-14,2013-07-25,6.0,02-28-2014,Credit Agricole CIB
Q4-14,2013-08-01,6.0,02-28-2014,Credit Agricole CIB
Q4-14,2013-08-08,6.0,02-28-2014,Credit Agricole CIB
Q4-14,2013-08-15,6.0,02-28-2014,Credit Agricole CIB
Q4-14,2013-08-22,6.0,02-28-2014,Credit Agricole CIB
Q4-14,2013-08-29,6.0,02-28-2014,Credit Agricole CIB
Q4-14,2013-09-26,6.0,02-28-2014,Credit Agricole CIB
Q4-14,2013-10-14,6.0,02-28-2014,Credit Agricole CIB
Q4-14,2013-10-17,6.0,02-28-2014,Credit Agricole CIB
Q4-14,2013-10-25,6.0,02-28-2014,Credit Agricole CIB
Q4-14,2013-11-29,6.0,02-28-2014,Credit Agricole CIB
Q4-14,2014-01-09,6.0,02-28-2014,Credit Agricole CIB
Q4-14,2014-01-16,6.0,02-28-2014,Credit Agricole CIB
Q4-14,2014-01-23,6.0,02-28-2014,Credit Agricole CIB
Q4-14,2014-01-30,6.0,02-28-2014,Credit Agricole CIB
Q4-14,2014-02-06,6.0,02-28-2014,Credit Agricole CIB
Q4-14,2014-02-13,6.0,02-28-2014,Credit Agricole CIB
Q4-14,2014-02-20,6.0,02-28-2014,Credit Agricole CIB
Q4-14,2014-02-27,6.0,02-28-2014,Credit Agricole CIB
2015,2012-03-15,5.94,02-28-2014,Credit Agricole CIB
2015,2012-04-27,5.94,02-28-2014,Credit Agricole CIB
2015,2013-01-10,5.94,02-28-2014,Credit Agricole CIB
2015,2013-02-21,5.94,02-28-2014,Credit Agricole CIB
2015,2014-01-09,5.94,02-28-2014,Credit Agricole CIB
2015,2014-01-16,5.94,02-28-2014,Credit Agricole CIB
2015,2014-01-23,5.94,02-28-2014,Credit Agricole CIB
2015,2014-01-30,5.94,02-28-2014,Credit Agricole CIB
2015,2014-02-06,5.94,02-28-2014,Credit Agricole CIB
2015,2014-02-13,5.94,02-28-2014,Credit Agricole CIB
2015,2014-02-20,5.94,02-28-2014,Credit Agricole CIB
2015,2014-02-27,5.94,02-28-2014,Credit Agricole CIB
Q3-13,2011-12-14,6.09,08-31-2013,Credit Agricole CIB
Q3-13,2012-02-23,6.09,08-31-2013,Credit Agricole CIB
Q3-13,2012-03-02,6.09,08-31-2013,Credit Agricole CIB
Q3-13,2012-03-09,6.09,08-31-2013,Credit Agricole CIB
Q3-13,2012-03-15,6.09,08-31-2013,Credit Agricole CIB
Q3-13,2012-03-30,6.09,08-31-2013,Credit Agricole CIB
Q3-13,2012-04-12,6.09,08-31-2013,Credit Agricole CIB
Q3-13,2012-04-27,6.09,08-31-2013,Credit Agricole CIB
Q3-13,2012-05-01,6.09,08-31-2013,Credit Agricole CIB
Q3-13,2012-05-09,6.09,08-31-2013,Credit Agricole CIB
Q3-13,2012-05-15,6.09,08-31-2013,Credit Agricole CIB
Q3-13,2012-05-18,6.09,08-31-2013,Credit Agricole CIB
Q3-13,2012-05-25,6.09,08-31-2013,Credit Agricole CIB
Q3-13,2012-05-29,6.09,08-31-2013,Credit Agricole CIB
Q3-13,2012-06-08,6.09,08-31-2013,Credit Agricole CIB
Q3-13,2012-06-21,6.09,08-31-2013,Credit Agricole CIB
Q3-13,2012-06-26,6.09,08-31-2013,Credit Agricole CIB
Q3-13,2012-07-05,6.09,08-31-2013,Credit Agricole CIB
Q3-13,2012-07-13,6.09,08-31-2013,Credit Agricole CIB
Q3-13,2012-07-19,6.09,08-31-2013,Credit Agricole CIB
Q3-13,2012-07-26,6.09,08-31-2013,Credit Agricole CIB
Q3-13,2012-08-02,6.09,08-31-2013,Credit Agricole CIB
Q3-13,2012-08-10,6.09,08-31-2013,Credit Agricole CIB
Q3-13,2012-08-16,6.09,08-31-2013,Credit Agricole CIB
Q3-13,2012-08-23,6.09,08-31-2013,Credit Agricole CIB
Q3-13,2012-08-30,6.09,08-31-2013,Credit Agricole CIB
Q3-13,2012-09-06,6.09,08-31-2013,Credit Agricole CIB
Q3-13,2012-09-14,6.09,08-31-2013,Credit Agricole CIB
Q3-13,2012-09-27,6.21,08-31-2013,Credit Agricole CIB
Q3-13,2012-10-04,6.21,08-31-2013,Credit Agricole CIB
Q3-13,2012-10-12,6.21,08-31-2013,Credit Agricole CIB
Q3-13,2012-10-18,6.21,08-31-2013,Credit Agricole CIB
Q3-13,2012-10-25,6.21,08-31-2013,Credit Agricole CIB
Q3-13,2012-11-01,6.21,08-31-2013,Credit Agricole CIB
Q3-13,2012-11-16,6.21,08-31-2013,Credit Agricole CIB
Q3-13,2012-11-23,6.15,08-31-2013,Credit Agricole CIB
Q3-13,2012-11-30,6.15,08-31-2013,Credit Agricole CIB
Q3-13,2012-12-14,6.15,08-31-2013,Credit Agricole CIB
Q3-13,2013-01-10,6.13,08-31-2013,Credit Agricole CIB
Q3-13,2013-01-17,6.13,08-31-2013,Credit Agricole CIB
Q3-13,2013-01-25,6.13,08-31-2013,Credit Agricole CIB
Q3-13,2013-01-31,6.13,08-31-2013,Credit Agricole CIB
Q3-13,2013-02-07,6.13,08-31-2013,Credit Agricole CIB
Q3-13,2013-02-14,6.13,08-31-2013,Credit Agricole CIB
Q3-13,2013-02-21,6.13,08-31-2013,Credit Agricole CIB
Q3-13,2013-02-28,6.13,08-31-2013,Credit Agricole CIB
Q3-13,2013-03-07,6.13,08-31-2013,Credit Agricole CIB
Q3-13,2013-03-14,6.13,08-31-2013,Credit Agricole CIB
Q3-13,2013-04-02,6.13,08-31-2013,Credit Agricole CIB
Q3-13,2013-04-05,6.13,08-31-2013,Credit Agricole CIB
Q3-13,2013-04-11,6.13,08-31-2013,Credit Agricole CIB
Q3-13,2013-04-19,6.13,08-31-2013,Credit Agricole CIB
Q3-13,2013-04-29,6.13,08-31-2013,Credit Agricole CIB
Q3-13,2013-05-09,6.13,08-31-2013,Credit Agricole CIB
Q3-13,2013-05-16,6.13,08-31-2013,Credit Agricole CIB
Q3-13,2013-06-07,6.13,08-31-2013,Credit Agricole CIB
Q3-13,2013-06-17,6.13,08-31-2013,Credit Agricole CIB
Q3-13,2013-06-20,6.13,08-31-2013,Credit Agricole CIB
Q3-13,2013-06-27,6.13,08-31-2013,Credit Agricole CIB
Q3-13,2013-07-04,6.13,08-31-2013,Credit Agricole CIB
Q3-13,2013-07-11,6.13,08-31-2013,Credit Agricole CIB
Q3-13,2013-07-18,6.13,08-31-2013,Credit Agricole CIB
Q3-13,2013-07-25,6.13,08-31-2013,Credit Agricole CIB
Q3-13,2013-08-01,6.13,08-31-2013,Credit Agricole CIB
Q3-13,2013-08-08,6.13,08-31-2013,Credit Agricole CIB
Q3-13,2013-08-15,6.13,08-31-2013,Credit Agricole CIB
Q3-13,2013-08-22,6.13,08-31-2013,Credit Agricole CIB
Q3-13,2013-08-29,6.13,08-31-2013,Credit Agricole CIB
Q4-13,2011-12-14,6.05,08-31-2013,Credit Agricole CIB
Q4-13,2012-02-23,6.05,08-31-2013,Credit Agricole CIB
Q4-13,2012-03-02,6.05,08-31-2013,Credit Agricole CIB
Q4-13,2012-03-09,6.05,08-31-2013,Credit Agricole CIB
Q4-13,2012-03-15,6.05,08-31-2013,Credit Agricole CIB
Q4-13,2012-03-30,6.05,08-31-2013,Credit Agricole CIB
Q4-13,2012-04-12,6.05,08-31-2013,Credit Agricole CIB
Q4-13,2012-04-27,6.05,08-31-2013,Credit Agricole CIB
Q4-13,2012-05-01,6.05,08-31-2013,Credit Agricole CIB
Q4-13,2012-05-09,6.05,08-31-2013,Credit Agricole CIB
Q4-13,2012-05-15,6.05,08-31-2013,Credit Agricole CIB
Q4-13,2012-05-18,6.05,08-31-2013,Credit Agricole CIB
Q4-13,2012-05-25,6.05,08-31-2013,Credit Agricole CIB
Q4-13,2012-05-29,6.05,08-31-2013,Credit Agricole CIB
Q4-13,2012-06-08,6.05,08-31-2013,Credit Agricole CIB
Q4-13,2012-06-21,6.05,08-31-2013,Credit Agricole CIB
Q4-13,2012-06-26,6.05,08-31-2013,Credit Agricole CIB
Q4-13,2012-07-05,6.05,08-31-2013,Credit Agricole CIB
Q4-13,2012-07-13,6.05,08-31-2013,Credit Agricole CIB
Q4-13,2012-07-19,6.05,08-31-2013,Credit Agricole CIB
Q4-13,2012-07-26,6.05,08-31-2013,Credit Agricole CIB
Q4-13,2012-08-02,6.05,08-31-2013,Credit Agricole CIB
Q4-13,2012-08-10,6.05,08-31-2013,Credit Agricole CIB
Q4-13,2012-08-16,6.05,08-31-2013,Credit Agricole CIB
Q4-13,2012-08-23,6.05,08-31-2013,Credit Agricole CIB
Q4-13,2012-08-30,6.05,08-31-2013,Credit Agricole CIB
Q4-13,2012-09-06,6.05,08-31-2013,Credit Agricole CIB
Q4-13,2012-09-14,6.05,08-31-2013,Credit Agricole CIB
Q4-13,2012-09-27,6.17,08-31-2013,Credit Agricole CIB
Q4-13,2012-10-04,6.17,08-31-2013,Credit Agricole CIB
Q4-13,2012-10-12,6.17,08-31-2013,Credit Agricole CIB
Q4-13,2012-10-18,6.17,08-31-2013,Credit Agricole CIB
Q4-13,2012-10-25,6.17,08-31-2013,Credit Agricole CIB
Q4-13,2012-11-01,6.17,08-31-2013,Credit Agricole CIB
Q4-13,2012-11-16,6.17,08-31-2013,Credit Agricole CIB
Q4-13,2012-11-23,6.1,08-31-2013,Credit Agricole CIB
Q4-13,2012-11-30,6.1,08-31-2013,Credit Agricole CIB
Q4-13,2012-12-14,6.1,08-31-2013,Credit Agricole CIB
Q4-13,2013-01-10,6.1,08-31-2013,Credit Agricole CIB
Q4-13,2013-01-17,6.1,08-31-2013,Credit Agricole CIB
Q4-13,2013-01-25,6.1,08-31-2013,Credit Agricole CIB
Q4-13,2013-01-31,6.1,08-31-2013,Credit Agricole CIB
Q4-13,2013-02-07,6.1,08-31-2013,Credit Agricole CIB
Q4-13,2013-02-14,6.1,08-31-2013,Credit Agricole CIB
Q4-13,2013-02-21,6.1,08-31-2013,Credit Agricole CIB
Q4-13,2013-02-28,6.1,08-31-2013,Credit Agricole CIB
Q4-13,2013-03-07,6.1,08-31-2013,Credit Agricole CIB
Q4-13,2013-03-14,6.1,08-31-2013,Credit Agricole CIB
Q4-13,2013-04-02,6.1,08-31-2013,Credit Agricole CIB
Q4-13,2013-04-05,6.1,08-31-2013,Credit Agricole CIB
Q4-13,2013-04-11,6.1,08-31-2013,Credit Agricole CIB
Q4-13,2013-04-19,6.1,08-31-2013,Credit Agricole CIB
Q4-13,2013-04-29,6.1,08-31-2013,Credit Agricole CIB
Q4-13,2013-05-09,6.1,08-31-2013,Credit Agricole CIB
Q4-13,2013-05-16,6.1,08-31-2013,Credit Agricole CIB
Q4-13,2013-06-07,6.1,08-31-2013,Credit Agricole CIB
Q4-13,2013-06-17,6.1,08-31-2013,Credit Agricole CIB
Q4-13,2013-06-20,6.1,08-31-2013,Credit Agricole CIB
Q4-13,2013-06-27,6.1,08-31-2013,Credit Agricole CIB
Q4-13,2013-07-04,6.1,08-31-2013,Credit Agricole CIB
Q4-13,2013-07-11,6.1,08-31-2013,Credit Agricole CIB
Q4-13,2013-07-18,6.1,08-31-2013,Credit Agricole CIB
Q4-13,2013-07-25,6.1,08-31-2013,Credit Agricole CIB
Q4-13,2013-08-01,6.1,08-31-2013,Credit Agricole CIB
Q4-13,2013-08-08,6.1,08-31-2013,Credit Agricole CIB
Q4-13,2013-08-15,6.1,08-31-2013,Credit Agricole CIB
Q4-13,2013-08-22,6.1,08-31-2013,Credit Agricole CIB
Q4-13,2013-08-29,6.1,08-31-2013,Credit Agricole CIB
Q1-14,2012-12-14,6.08,08-31-2013,Credit Agricole CIB
Q1-14,2013-01-10,6.08,08-31-2013,Credit Agricole CIB
Q1-14,2013-01-25,6.08,08-31-2013,Credit Agricole CIB
Q1-14,2013-01-31,6.08,08-31-2013,Credit Agricole CIB
Q1-14,2013-02-07,6.08,08-31-2013,Credit Agricole CIB
Q1-14,2013-02-14,6.08,08-31-2013,Credit Agricole CIB
Q1-14,2013-02-21,6.08,08-31-2013,Credit Agricole CIB
Q1-14,2013-02-28,6.08,08-31-2013,Credit Agricole CIB
Q1-14,2013-03-07,6.08,08-31-2013,Credit Agricole CIB
Q1-14,2013-03-14,6.08,08-31-2013,Credit Agricole CIB
Q1-14,2013-04-02,6.08,08-31-2013,Credit Agricole CIB
Q1-14,2013-04-05,6.08,08-31-2013,Credit Agricole CIB
Q1-14,2013-04-11,6.08,08-31-2013,Credit Agricole CIB
Q1-14,2013-04-19,6.08,08-31-2013,Credit Agricole CIB
Q1-14,2013-04-29,6.08,08-31-2013,Credit Agricole CIB
Q1-14,2013-05-09,6.08,08-31-2013,Credit Agricole CIB
Q1-14,2013-05-16,6.08,08-31-2013,Credit Agricole CIB
Q1-14,2013-06-07,6.08,08-31-2013,Credit Agricole CIB
Q1-14,2013-06-17,6.08,08-31-2013,Credit Agricole CIB
Q1-14,2013-06-20,6.08,08-31-2013,Credit Agricole CIB
Q1-14,2013-06-27,6.08,08-31-2013,Credit Agricole CIB
Q1-14,2013-07-04,6.08,08-31-2013,Credit Agricole CIB
Q1-14,2013-07-11,6.08,08-31-2013,Credit Agricole CIB
Q1-14,2013-07-18,6.08,08-31-2013,Credit Agricole CIB
Q1-14,2013-07-25,6.08,08-31-2013,Credit Agricole CIB
Q1-14,2013-08-01,6.08,08-31-2013,Credit Agricole CIB
Q1-14,2013-08-08,6.08,08-31-2013,Credit Agricole CIB
Q1-14,2013-08-15,6.08,08-31-2013,Credit Agricole CIB
Q1-14,2013-08-22,6.08,08-31-2013,Credit Agricole CIB
Q1-14,2013-08-29,6.08,08-31-2013,Credit Agricole CIB
Q2-14,2012-12-14,6.05,08-31-2013,Credit Agricole CIB
Q2-14,2013-01-10,6.05,08-31-2013,Credit Agricole CIB
Q2-14,2013-01-25,6.05,08-31-2013,Credit Agricole CIB
Q2-14,2013-01-31,6.05,08-31-2013,Credit Agricole CIB
Q2-14,2013-02-07,6.05,08-31-2013,Credit Agricole CIB
Q2-14,2013-02-14,6.05,08-31-2013,Credit Agricole CIB
Q2-14,2013-02-21,6.05,08-31-2013,Credit Agricole CIB
Q2-14,2013-02-28,6.05,08-31-2013,Credit Agricole CIB
Q2-14,2013-03-07,6.05,08-31-2013,Credit Agricole CIB
Q2-14,2013-03-14,6.05,08-31-2013,Credit Agricole CIB
Q2-14,2013-04-02,6.05,08-31-2013,Credit Agricole CIB
Q2-14,2013-04-05,6.05,08-31-2013,Credit Agricole CIB
Q2-14,2013-04-11,6.05,08-31-2013,Credit Agricole CIB
Q2-14,2013-04-19,6.05,08-31-2013,Credit Agricole CIB
Q2-14,2013-05-09,6.05,08-31-2013,Credit Agricole CIB
Q2-14,2013-05-16,6.05,08-31-2013,Credit Agricole CIB
Q2-14,2013-06-07,6.05,08-31-2013,Credit Agricole CIB
Q2-14,2013-06-17,6.05,08-31-2013,Credit Agricole CIB
Q2-14,2013-06-20,6.05,08-31-2013,Credit Agricole CIB
Q2-14,2013-06-27,6.05,08-31-2013,Credit Agricole CIB
Q2-14,2013-07-04,6.05,08-31-2013,Credit Agricole CIB
Q2-14,2013-07-11,6.05,08-31-2013,Credit Agricole CIB
Q2-14,2013-07-18,6.05,08-31-2013,Credit Agricole CIB
Q2-14,2013-07-25,6.05,08-31-2013,Credit Agricole CIB
Q2-14,2013-08-01,6.05,08-31-2013,Credit Agricole CIB
Q2-14,2013-08-08,6.05,08-31-2013,Credit Agricole CIB
Q2-14,2013-08-15,6.05,08-31-2013,Credit Agricole CIB
Q2-14,2013-08-22,6.05,08-31-2013,Credit Agricole CIB
Q2-14,2013-08-29,6.05,08-31-2013,Credit Agricole CIB
2014,2012-03-15,6.0,08-31-2013,Credit Agricole CIB
2014,2012-04-27,6.0,08-31-2013,Credit Agricole CIB
2014,2012-12-14,6.0,08-31-2013,Credit Agricole CIB
2014,2013-01-10,6.0,08-31-2013,Credit Agricole CIB
2014,2013-01-17,6.0,08-31-2013,Credit Agricole CIB
2014,2013-01-25,6.0,08-31-2013,Credit Agricole CIB
2014,2013-01-31,6.0,08-31-2013,Credit Agricole CIB
2014,2013-02-07,6.0,08-31-2013,Credit Agricole CIB
2014,2013-02-14,6.0,08-31-2013,Credit Agricole CIB
2014,2013-02-21,6.0,08-31-2013,Credit Agricole CIB
2014,2013-02-28,6.0,08-31-2013,Credit Agricole CIB
2014,2013-03-07,6.0,08-31-2013,Credit Agricole CIB
2014,2013-03-14,6.0,08-31-2013,Credit Agricole CIB
2014,2013-04-02,6.0,08-31-2013,Credit Agricole CIB
2014,2013-04-05,6.0,08-31-2013,Credit Agricole CIB
2014,2013-04-11,6.0,08-31-2013,Credit Agricole CIB
2014,2013-04-19,6.0,08-31-2013,Credit Agricole CIB
2014,2013-04-29,6.0,08-31-2013,Credit Agricole CIB
2014,2013-05-09,6.0,08-31-2013,Credit Agricole CIB
2014,2013-05-16,6.0,08-31-2013,Credit Agricole CIB
2014,2013-06-07,6.0,08-31-2013,Credit Agricole CIB
2014,2013-06-17,6.0,08-31-2013,Credit Agricole CIB
2014,2013-06-20,6.0,08-31-2013,Credit Agricole CIB
2014,2013-06-27,6.0,08-31-2013,Credit Agricole CIB
2014,2013-07-04,6.0,08-31-2013,Credit Agricole CIB
2014,2013-07-11,6.0,08-31-2013,Credit Agricole CIB
2014,2013-07-18,6.0,08-31-2013,Credit Agricole CIB
2014,2013-07-25,6.0,08-31-2013,Credit Agricole CIB
2014,2013-08-01,6.0,08-31-2013,Credit Agricole CIB
2014,2013-08-08,6.0,08-31-2013,Credit Agricole CIB
2014,2013-08-15,6.0,08-31-2013,Credit Agricole CIB
2014,2013-08-22,6.0,08-31-2013,Credit Agricole CIB
2014,2013-08-29,6.0,08-31-2013,Credit Agricole CIB
Q2-18,2017-06-01,7.08,05-31-2018,Credit Agricole CIB
Q2-18,2017-08-10,6.72,05-31-2018,Credit Agricole CIB
Q2-18,2017-08-25,6.72,05-31-2018,Credit Agricole CIB
Q2-18,2017-08-29,6.55,05-31-2018,Credit Agricole CIB
Q2-18,2017-09-12,6.37,05-31-2018,Credit Agricole CIB
Q2-18,2017-10-04,6.37,05-31-2018,Credit Agricole CIB
Q2-18,2017-10-18,6.37,05-31-2018,Credit Agricole CIB
Q2-18,2017-11-27,6.37,05-31-2018,Credit Agricole CIB
Q2-18,2018-02-12,6.31,05-31-2018,Credit Agricole CIB
Q2-18,2018-02-15,6.31,05-31-2018,Credit Agricole CIB
Q2-18,2018-03-01,6.31,05-31-2018,Credit Agricole CIB
Q2-18,2018-04-25,6.31,05-31-2018,Credit Agricole CIB
Q2-18,2018-05-18,6.31,05-31-2018,Credit Agricole CIB
Q3-18,2017-10-04,6.33,05-31-2018,Credit Agricole CIB
Q3-18,2017-10-18,6.33,05-31-2018,Credit Agricole CIB
Q3-18,2017-11-27,6.33,05-31-2018,Credit Agricole CIB
Q3-18,2018-02-12,6.28,05-31-2018,Credit Agricole CIB
Q3-18,2018-02-15,6.28,05-31-2018,Credit Agricole CIB
Q3-18,2018-03-01,6.28,05-31-2018,Credit Agricole CIB
Q3-18,2018-04-25,6.28,05-31-2018,Credit Agricole CIB
Q3-18,2018-05-18,6.28,05-31-2018,Credit Agricole CIB
Q4-18,2016-12-01,7.2,05-31-2018,Credit Agricole CIB
Q4-18,2016-12-14,7.17,05-31-2018,Credit Agricole CIB
Q4-18,2017-02-03,7.17,05-31-2018,Credit Agricole CIB
Q4-18,2017-03-06,7.17,05-31-2018,Credit Agricole CIB
Q4-18,2017-05-30,7.1,05-31-2018,Credit Agricole CIB
Q4-18,2017-06-01,7.1,05-31-2018,Credit Agricole CIB
Q4-18,2017-06-08,7.1,05-31-2018,Credit Agricole CIB
Q4-18,2017-08-10,6.7,05-31-2018,Credit Agricole CIB
Q4-18,2017-08-25,6.7,05-31-2018,Credit Agricole CIB
Q4-18,2017-08-29,6.5,05-31-2018,Credit Agricole CIB
Q4-18,2017-09-12,6.3,05-31-2018,Credit Agricole CIB
Q4-18,2017-10-04,6.3,05-31-2018,Credit Agricole CIB
Q4-18,2017-10-18,6.3,05-31-2018,Credit Agricole CIB
Q4-18,2017-11-27,6.3,05-31-2018,Credit Agricole CIB
Q4-18,2018-02-12,6.25,05-31-2018,Credit Agricole CIB
Q4-18,2018-02-15,6.25,05-31-2018,Credit Agricole CIB
Q4-18,2018-03-01,6.25,05-31-2018,Credit Agricole CIB
Q4-18,2018-04-25,6.25,05-31-2018,Credit Agricole CIB
Q4-18,2018-05-18,6.25,05-31-2018,Credit Agricole CIB
Q1-19,2018-03-01,6.23,05-31-2018,Credit Agricole CIB
Q1-19,2018-04-25,6.23,05-31-2018,Credit Agricole CIB
Q1-19,2018-05-18,6.23,05-31-2018,Credit Agricole CIB
2019,2017-02-03,7.3,05-31-2018,Credit Agricole CIB
2019,2017-08-10,6.5,05-31-2018,Credit Agricole CIB
2019,2017-08-25,6.4,05-31-2018,Credit Agricole CIB
2019,2017-08-29,6.4,05-31-2018,Credit Agricole CIB
2019,2017-09-12,6.15,05-31-2018,Credit Agricole CIB
2019,2018-02-12,6.15,05-31-2018,Credit Agricole CIB
2019,2018-02-15,6.15,05-31-2018,Credit Agricole CIB
2019,2018-03-01,6.15,05-31-2018,Credit Agricole CIB
2019,2018-04-25,6.15,05-31-2018,Credit Agricole CIB
2019,2018-05-18,6.15,05-31-2018,Credit Agricole CIB
2020,2017-02-03,7.5,05-31-2018,Credit Agricole CIB
2020,2017-08-10,6.25,05-31-2018,Credit Agricole CIB
2020,2017-08-25,6.25,05-31-2018,Credit Agricole CIB
2020,2017-08-29,6.25,05-31-2018,Credit Agricole CIB
2020,2017-09-12,6.0,05-31-2018,Credit Agricole CIB
2021,2017-08-25,6.15,05-31-2018,Credit Agricole CIB
2021,2017-08-29,6.15,05-31-2018,Credit Agricole CIB
2021,2017-09-12,6.0,05-31-2018,Credit Agricole CIB
2022,2017-08-25,6.0,05-31-2018,Credit Agricole CIB
2022,2017-08-29,6.0,05-31-2018,Credit Agricole CIB
2022,2017-09-12,6.0,05-31-2018,Credit Agricole CIB
Q4-14,2012-12-14,6.0,11-30-2014,Credit Agricole CIB
Q4-14,2013-01-10,6.0,11-30-2014,Credit Agricole CIB
Q4-14,2013-01-17,6.0,11-30-2014,Credit Agricole CIB
Q4-14,2013-01-25,6.0,11-30-2014,Credit Agricole CIB
Q4-14,2013-01-31,6.0,11-30-2014,Credit Agricole CIB
Q4-14,2013-02-07,6.0,11-30-2014,Credit Agricole CIB
Q4-14,2013-02-14,6.0,11-30-2014,Credit Agricole CIB
Q4-14,2013-02-21,6.0,11-30-2014,Credit Agricole CIB
Q4-14,2013-02-28,6.0,11-30-2014,Credit Agricole CIB
Q4-14,2013-03-07,6.0,11-30-2014,Credit Agricole CIB
Q4-14,2013-03-14,6.0,11-30-2014,Credit Agricole CIB
Q4-14,2013-04-02,6.0,11-30-2014,Credit Agricole CIB
Q4-14,2013-04-05,6.0,11-30-2014,Credit Agricole CIB
Q4-14,2013-04-11,6.0,11-30-2014,Credit Agricole CIB
Q4-14,2013-04-19,6.0,11-30-2014,Credit Agricole CIB
Q4-14,2013-04-29,6.0,11-30-2014,Credit Agricole CIB
Q4-14,2013-05-09,6.0,11-30-2014,Credit Agricole CIB
Q4-14,2013-05-16,6.0,11-30-2014,Credit Agricole CIB
Q4-14,2013-06-07,6.0,11-30-2014,Credit Agricole CIB
Q4-14,2013-06-17,6.0,11-30-2014,Credit Agricole CIB
Q4-14,2013-06-20,6.0,11-30-2014,Credit Agricole CIB
Q4-14,2013-06-27,6.0,11-30-2014,Credit Agricole CIB
Q4-14,2013-07-04,6.0,11-30-2014,Credit Agricole CIB
Q4-14,2013-07-11,6.0,11-30-2014,Credit Agricole CIB
Q4-14,2013-07-18,6.0,11-30-2014,Credit Agricole CIB
Q4-14,2013-07-25,6.0,11-30-2014,Credit Agricole CIB
Q4-14,2013-08-01,6.0,11-30-2014,Credit Agricole CIB
Q4-14,2013-08-08,6.0,11-30-2014,Credit Agricole CIB
Q4-14,2013-08-15,6.0,11-30-2014,Credit Agricole CIB
Q4-14,2013-08-22,6.0,11-30-2014,Credit Agricole CIB
Q4-14,2013-08-29,6.0,11-30-2014,Credit Agricole CIB
Q4-14,2013-09-26,6.0,11-30-2014,Credit Agricole CIB
Q4-14,2013-10-14,6.0,11-30-2014,Credit Agricole CIB
Q4-14,2013-10-17,6.0,11-30-2014,Credit Agricole CIB
Q4-14,2013-10-25,6.0,11-30-2014,Credit Agricole CIB
Q4-14,2013-11-29,6.0,11-30-2014,Credit Agricole CIB
Q4-14,2014-01-09,6.0,11-30-2014,Credit Agricole CIB
Q4-14,2014-01-16,6.0,11-30-2014,Credit Agricole CIB
Q4-14,2014-01-23,6.0,11-30-2014,Credit Agricole CIB
Q4-14,2014-01-30,6.0,11-30-2014,Credit Agricole CIB
Q4-14,2014-02-06,6.0,11-30-2014,Credit Agricole CIB
Q4-14,2014-02-13,6.0,11-30-2014,Credit Agricole CIB
Q4-14,2014-02-20,6.0,11-30-2014,Credit Agricole CIB
Q4-14,2014-02-27,6.0,11-30-2014,Credit Agricole CIB
Q4-14,2014-03-06,6.0,11-30-2014,Credit Agricole CIB
Q4-14,2014-03-13,6.0,11-30-2014,Credit Agricole CIB
Q4-14,2014-03-14,6.0,11-30-2014,Credit Agricole CIB
Q4-14,2014-03-20,6.0,11-30-2014,Credit Agricole CIB
Q4-14,2014-03-27,6.0,11-30-2014,Credit Agricole CIB
Q4-14,2014-04-03,6.0,11-30-2014,Credit Agricole CIB
Q4-14,2014-04-10,6.0,11-30-2014,Credit Agricole CIB
Q4-14,2014-04-17,6.0,11-30-2014,Credit Agricole CIB
Q4-14,2014-04-24,6.0,11-30-2014,Credit Agricole CIB
Q4-14,2014-05-01,6.0,11-30-2014,Credit Agricole CIB
Q4-14,2014-05-08,6.0,11-30-2014,Credit Agricole CIB
Q4-14,2014-05-15,6.0,11-30-2014,Credit Agricole CIB
Q4-14,2014-05-22,6.0,11-30-2014,Credit Agricole CIB
Q4-14,2014-06-05,6.0,11-30-2014,Credit Agricole CIB
Q4-14,2014-06-12,6.0,11-30-2014,Credit Agricole CIB
Q4-14,2014-06-20,6.0,11-30-2014,Credit Agricole CIB
Q4-14,2014-06-30,6.0,11-30-2014,Credit Agricole CIB
Q4-14,2014-07-04,6.0,11-30-2014,Credit Agricole CIB
Q4-14,2014-07-11,6.0,11-30-2014,Credit Agricole CIB
Q4-14,2014-10-29,6.05,11-30-2014,Credit Agricole CIB
Q1-15,2014-01-09,5.99,11-30-2014,Credit Agricole CIB
Q1-15,2014-01-16,5.99,11-30-2014,Credit Agricole CIB
Q1-15,2014-01-23,5.99,11-30-2014,Credit Agricole CIB
Q1-15,2014-01-30,5.99,11-30-2014,Credit Agricole CIB
Q1-15,2014-02-06,5.99,11-30-2014,Credit Agricole CIB
Q1-15,2014-02-13,5.99,11-30-2014,Credit Agricole CIB
Q1-15,2014-02-20,5.99,11-30-2014,Credit Agricole CIB
Q1-15,2014-02-27,5.99,11-30-2014,Credit Agricole CIB
Q1-15,2014-03-06,5.99,11-30-2014,Credit Agricole CIB
Q1-15,2014-03-13,5.99,11-30-2014,Credit Agricole CIB
Q1-15,2014-03-14,5.99,11-30-2014,Credit Agricole CIB
Q1-15,2014-03-20,5.99,11-30-2014,Credit Agricole CIB
Q1-15,2014-03-27,5.99,11-30-2014,Credit Agricole CIB
Q1-15,2014-04-03,5.99,11-30-2014,Credit Agricole CIB
Q1-15,2014-04-10,5.99,11-30-2014,Credit Agricole CIB
Q1-15,2014-04-17,5.99,11-30-2014,Credit Agricole CIB
Q1-15,2014-04-24,5.99,11-30-2014,Credit Agricole CIB
Q1-15,2014-05-01,5.99,11-30-2014,Credit Agricole CIB
Q1-15,2014-05-08,5.99,11-30-2014,Credit Agricole CIB
Q1-15,2014-05-15,5.99,11-30-2014,Credit Agricole CIB
Q1-15,2014-05-22,5.99,11-30-2014,Credit Agricole CIB
Q1-15,2014-06-05,5.99,11-30-2014,Credit Agricole CIB
Q1-15,2014-06-12,6.0,11-30-2014,Credit Agricole CIB
Q1-15,2014-06-20,6.0,11-30-2014,Credit Agricole CIB
Q1-15,2014-06-30,6.0,11-30-2014,Credit Agricole CIB
Q1-15,2014-07-04,6.0,11-30-2014,Credit Agricole CIB
Q1-15,2014-07-11,6.0,11-30-2014,Credit Agricole CIB
Q1-15,2014-10-29,6.05,11-30-2014,Credit Agricole CIB
Q2-15,2014-01-09,5.97,11-30-2014,Credit Agricole CIB
Q2-15,2014-01-16,5.97,11-30-2014,Credit Agricole CIB
Q2-15,2014-01-23,5.97,11-30-2014,Credit Agricole CIB
Q2-15,2014-01-30,5.97,11-30-2014,Credit Agricole CIB
Q2-15,2014-02-06,5.97,11-30-2014,Credit Agricole CIB
Q2-15,2014-02-13,5.97,11-30-2014,Credit Agricole CIB
Q2-15,2014-02-20,5.97,11-30-2014,Credit Agricole CIB
Q2-15,2014-02-27,5.97,11-30-2014,Credit Agricole CIB
Q2-15,2014-03-06,5.97,11-30-2014,Credit Agricole CIB
Q2-15,2014-03-13,5.97,11-30-2014,Credit Agricole CIB
Q2-15,2014-03-14,5.97,11-30-2014,Credit Agricole CIB
Q2-15,2014-03-20,5.97,11-30-2014,Credit Agricole CIB
Q2-15,2014-03-27,5.97,11-30-2014,Credit Agricole CIB
Q2-15,2014-04-03,5.97,11-30-2014,Credit Agricole CIB
Q2-15,2014-04-10,5.97,11-30-2014,Credit Agricole CIB
Q2-15,2014-04-17,5.97,11-30-2014,Credit Agricole CIB
Q2-15,2014-04-24,5.97,11-30-2014,Credit Agricole CIB
Q2-15,2014-05-01,5.97,11-30-2014,Credit Agricole CIB
Q2-15,2014-05-08,5.97,11-30-2014,Credit Agricole CIB
Q2-15,2014-05-15,5.97,11-30-2014,Credit Agricole CIB
Q2-15,2014-05-22,5.97,11-30-2014,Credit Agricole CIB
Q2-15,2014-06-05,5.97,11-30-2014,Credit Agricole CIB
Q2-15,2014-06-12,6.0,11-30-2014,Credit Agricole CIB
Q2-15,2014-06-20,6.0,11-30-2014,Credit Agricole CIB
Q2-15,2014-06-30,6.0,11-30-2014,Credit Agricole CIB
Q2-15,2014-07-04,6.0,11-30-2014,Credit Agricole CIB
Q2-15,2014-07-11,6.0,11-30-2014,Credit Agricole CIB
Q2-15,2014-10-29,6.02,11-30-2014,Credit Agricole CIB
Q3-15,2014-01-09,5.96,11-30-2014,Credit Agricole CIB
Q3-15,2014-01-16,5.96,11-30-2014,Credit Agricole CIB
Q3-15,2014-01-23,5.96,11-30-2014,Credit Agricole CIB
Q3-15,2014-01-30,5.96,11-30-2014,Credit Agricole CIB
Q3-15,2014-02-06,5.96,11-30-2014,Credit Agricole CIB
Q3-15,2014-02-13,5.96,11-30-2014,Credit Agricole CIB
Q3-15,2014-02-20,5.96,11-30-2014,Credit Agricole CIB
Q3-15,2014-02-27,5.96,11-30-2014,Credit Agricole CIB
Q3-15,2014-03-06,5.96,11-30-2014,Credit Agricole CIB
Q3-15,2014-03-13,5.96,11-30-2014,Credit Agricole CIB
Q3-15,2014-03-14,5.96,11-30-2014,Credit Agricole CIB
Q3-15,2014-03-20,5.96,11-30-2014,Credit Agricole CIB
Q3-15,2014-03-27,5.96,11-30-2014,Credit Agricole CIB
Q3-15,2014-04-03,5.96,11-30-2014,Credit Agricole CIB
Q3-15,2014-04-10,5.96,11-30-2014,Credit Agricole CIB
Q3-15,2014-04-17,5.96,11-30-2014,Credit Agricole CIB
Q3-15,2014-04-24,5.96,11-30-2014,Credit Agricole CIB
Q3-15,2014-05-01,5.96,11-30-2014,Credit Agricole CIB
Q3-15,2014-05-08,5.96,11-30-2014,Credit Agricole CIB
Q3-15,2014-05-15,5.96,11-30-2014,Credit Agricole CIB
Q3-15,2014-05-22,5.96,11-30-2014,Credit Agricole CIB
Q3-15,2014-06-05,5.96,11-30-2014,Credit Agricole CIB
Q3-15,2014-06-12,6.0,11-30-2014,Credit Agricole CIB
Q3-15,2014-06-20,6.0,11-30-2014,Credit Agricole CIB
Q3-15,2014-06-30,6.0,11-30-2014,Credit Agricole CIB
Q3-15,2014-07-04,6.0,11-30-2014,Credit Agricole CIB
Q3-15,2014-07-11,6.0,11-30-2014,Credit Agricole CIB
Q3-15,2014-10-29,5.99,11-30-2014,Credit Agricole CIB
2015,2013-01-10,5.94,11-30-2014,Credit Agricole CIB
2015,2013-02-21,5.94,11-30-2014,Credit Agricole CIB
2015,2014-01-09,5.94,11-30-2014,Credit Agricole CIB
2015,2014-01-16,5.94,11-30-2014,Credit Agricole CIB
2015,2014-01-23,5.94,11-30-2014,Credit Agricole CIB
2015,2014-01-30,5.94,11-30-2014,Credit Agricole CIB
2015,2014-02-06,5.94,11-30-2014,Credit Agricole CIB
2015,2014-02-13,5.94,11-30-2014,Credit Agricole CIB
2015,2014-02-20,5.94,11-30-2014,Credit Agricole CIB
2015,2014-02-27,5.94,11-30-2014,Credit Agricole CIB
2015,2014-03-06,5.94,11-30-2014,Credit Agricole CIB
2015,2014-03-13,5.94,11-30-2014,Credit Agricole CIB
2015,2014-03-14,5.94,11-30-2014,Credit Agricole CIB
2015,2014-03-20,5.94,11-30-2014,Credit Agricole CIB
2015,2014-03-27,5.94,11-30-2014,Credit Agricole CIB
2015,2014-04-03,5.94,11-30-2014,Credit Agricole CIB
2015,2014-04-10,5.94,11-30-2014,Credit Agricole CIB
2015,2014-04-17,5.94,11-30-2014,Credit Agricole CIB
2015,2014-04-24,5.94,11-30-2014,Credit Agricole CIB
2015,2014-05-01,5.94,11-30-2014,Credit Agricole CIB
2015,2014-05-08,5.94,11-30-2014,Credit Agricole CIB
2015,2014-05-15,5.94,11-30-2014,Credit Agricole CIB
2015,2014-05-22,5.94,11-30-2014,Credit Agricole CIB
2015,2014-06-05,5.94,11-30-2014,Credit Agricole CIB
2015,2014-06-12,6.0,11-30-2014,Credit Agricole CIB
2015,2014-06-20,6.0,11-30-2014,Credit Agricole CIB
2015,2014-06-30,6.0,11-30-2014,Credit Agricole CIB
2015,2014-07-04,6.0,11-30-2014,Credit Agricole CIB
2015,2014-07-11,6.0,11-30-2014,Credit Agricole CIB
2015,2014-10-29,5.96,11-30-2014,Credit Agricole CIB
Q2-13,2011-12-14,6.13,05-31-2013,Credit Agricole CIB
Q2-13,2012-02-23,6.13,05-31-2013,Credit Agricole CIB
Q2-13,2012-03-02,6.13,05-31-2013,Credit Agricole CIB
Q2-13,2012-03-09,6.13,05-31-2013,Credit Agricole CIB
Q2-13,2012-03-15,6.13,05-31-2013,Credit Agricole CIB
Q2-13,2012-03-30,6.13,05-31-2013,Credit Agricole CIB
Q2-13,2012-04-12,6.13,05-31-2013,Credit Agricole CIB
Q2-13,2012-04-27,6.13,05-31-2013,Credit Agricole CIB
Q2-13,2012-05-01,6.13,05-31-2013,Credit Agricole CIB
Q2-13,2012-05-09,6.13,05-31-2013,Credit Agricole CIB
Q2-13,2012-05-15,6.13,05-31-2013,Credit Agricole CIB
Q2-13,2012-05-18,6.13,05-31-2013,Credit Agricole CIB
Q2-13,2012-05-25,6.13,05-31-2013,Credit Agricole CIB
Q2-13,2012-05-29,6.13,05-31-2013,Credit Agricole CIB
Q2-13,2012-06-08,6.13,05-31-2013,Credit Agricole CIB
Q2-13,2012-06-21,6.13,05-31-2013,Credit Agricole CIB
Q2-13,2012-06-26,6.13,05-31-2013,Credit Agricole CIB
Q2-13,2012-07-05,6.13,05-31-2013,Credit Agricole CIB
Q2-13,2012-07-13,6.13,05-31-2013,Credit Agricole CIB
Q2-13,2012-07-19,6.13,05-31-2013,Credit Agricole CIB
Q2-13,2012-07-26,6.13,05-31-2013,Credit Agricole CIB
Q2-13,2012-08-02,6.13,05-31-2013,Credit Agricole CIB
Q2-13,2012-08-10,6.13,05-31-2013,Credit Agricole CIB
Q2-13,2012-08-16,6.13,05-31-2013,Credit Agricole CIB
Q2-13,2012-08-23,6.13,05-31-2013,Credit Agricole CIB
Q2-13,2012-08-30,6.13,05-31-2013,Credit Agricole CIB
Q2-13,2012-09-06,6.13,05-31-2013,Credit Agricole CIB
Q2-13,2012-09-14,6.13,05-31-2013,Credit Agricole CIB
Q2-13,2012-09-27,6.25,05-31-2013,Credit Agricole CIB
Q2-13,2012-10-04,6.25,05-31-2013,Credit Agricole CIB
Q2-13,2012-10-12,6.25,05-31-2013,Credit Agricole CIB
Q2-13,2012-10-18,6.25,05-31-2013,Credit Agricole CIB
Q2-13,2012-10-25,6.25,05-31-2013,Credit Agricole CIB
Q2-13,2012-11-01,6.25,05-31-2013,Credit Agricole CIB
Q2-13,2012-11-16,6.25,05-31-2013,Credit Agricole CIB
Q2-13,2012-11-23,6.2,05-31-2013,Credit Agricole CIB
Q2-13,2012-11-30,6.2,05-31-2013,Credit Agricole CIB
Q2-13,2012-12-14,6.2,05-31-2013,Credit Agricole CIB
Q2-13,2013-01-10,6.16,05-31-2013,Credit Agricole CIB
Q2-13,2013-01-17,6.16,05-31-2013,Credit Agricole CIB
Q2-13,2013-01-25,6.16,05-31-2013,Credit Agricole CIB
Q2-13,2013-01-31,6.16,05-31-2013,Credit Agricole CIB
Q2-13,2013-02-07,6.16,05-31-2013,Credit Agricole CIB
Q2-13,2013-02-14,6.16,05-31-2013,Credit Agricole CIB
Q2-13,2013-02-21,6.16,05-31-2013,Credit Agricole CIB
Q2-13,2013-02-28,6.16,05-31-2013,Credit Agricole CIB
Q2-13,2013-03-07,6.16,05-31-2013,Credit Agricole CIB
Q2-13,2013-03-14,6.16,05-31-2013,Credit Agricole CIB
Q2-13,2013-04-02,6.16,05-31-2013,Credit Agricole CIB
Q2-13,2013-04-05,6.16,05-31-2013,Credit Agricole CIB
Q2-13,2013-04-11,6.16,05-31-2013,Credit Agricole CIB
Q2-13,2013-04-19,6.16,05-31-2013,Credit Agricole CIB
Q2-13,2013-04-29,6.16,05-31-2013,Credit Agricole CIB
Q2-13,2013-05-09,6.16,05-31-2013,Credit Agricole CIB
Q2-13,2013-05-16,6.16,05-31-2013,Credit Agricole CIB
Q3-13,2011-12-14,6.09,05-31-2013,Credit Agricole CIB
Q3-13,2012-02-23,6.09,05-31-2013,Credit Agricole CIB
Q3-13,2012-03-02,6.09,05-31-2013,Credit Agricole CIB
Q3-13,2012-03-09,6.09,05-31-2013,Credit Agricole CIB
Q3-13,2012-03-15,6.09,05-31-2013,Credit Agricole CIB
Q3-13,2012-03-30,6.09,05-31-2013,Credit Agricole CIB
Q3-13,2012-04-12,6.09,05-31-2013,Credit Agricole CIB
Q3-13,2012-04-27,6.09,05-31-2013,Credit Agricole CIB
Q3-13,2012-05-01,6.09,05-31-2013,Credit Agricole CIB
Q3-13,2012-05-09,6.09,05-31-2013,Credit Agricole CIB
Q3-13,2012-05-15,6.09,05-31-2013,Credit Agricole CIB
Q3-13,2012-05-18,6.09,05-31-2013,Credit Agricole CIB
Q3-13,2012-05-25,6.09,05-31-2013,Credit Agricole CIB
Q3-13,2012-05-29,6.09,05-31-2013,Credit Agricole CIB
Q3-13,2012-06-08,6.09,05-31-2013,Credit Agricole CIB
Q3-13,2012-06-21,6.09,05-31-2013,Credit Agricole CIB
Q3-13,2012-06-26,6.09,05-31-2013,Credit Agricole CIB
Q3-13,2012-07-05,6.09,05-31-2013,Credit Agricole CIB
Q3-13,2012-07-13,6.09,05-31-2013,Credit Agricole CIB
Q3-13,2012-07-19,6.09,05-31-2013,Credit Agricole CIB
Q3-13,2012-07-26,6.09,05-31-2013,Credit Agricole CIB
Q3-13,2012-08-02,6.09,05-31-2013,Credit Agricole CIB
Q3-13,2012-08-10,6.09,05-31-2013,Credit Agricole CIB
Q3-13,2012-08-16,6.09,05-31-2013,Credit Agricole CIB
Q3-13,2012-08-23,6.09,05-31-2013,Credit Agricole CIB
Q3-13,2012-08-30,6.09,05-31-2013,Credit Agricole CIB
Q3-13,2012-09-06,6.09,05-31-2013,Credit Agricole CIB
Q3-13,2012-09-14,6.09,05-31-2013,Credit Agricole CIB
Q3-13,2012-09-27,6.21,05-31-2013,Credit Agricole CIB
Q3-13,2012-10-04,6.21,05-31-2013,Credit Agricole CIB
Q3-13,2012-10-12,6.21,05-31-2013,Credit Agricole CIB
Q3-13,2012-10-18,6.21,05-31-2013,Credit Agricole CIB
Q3-13,2012-10-25,6.21,05-31-2013,Credit Agricole CIB
Q3-13,2012-11-01,6.21,05-31-2013,Credit Agricole CIB
Q3-13,2012-11-16,6.21,05-31-2013,Credit Agricole CIB
Q3-13,2012-11-23,6.15,05-31-2013,Credit Agricole CIB
Q3-13,2012-11-30,6.15,05-31-2013,Credit Agricole CIB
Q3-13,2012-12-14,6.15,05-31-2013,Credit Agricole CIB
Q3-13,2013-01-10,6.13,05-31-2013,Credit Agricole CIB
Q3-13,2013-01-17,6.13,05-31-2013,Credit Agricole CIB
Q3-13,2013-01-25,6.13,05-31-2013,Credit Agricole CIB
Q3-13,2013-01-31,6.13,05-31-2013,Credit Agricole CIB
Q3-13,2013-02-07,6.13,05-31-2013,Credit Agricole CIB
Q3-13,2013-02-14,6.13,05-31-2013,Credit Agricole CIB
Q3-13,2013-02-21,6.13,05-31-2013,Credit Agricole CIB
Q3-13,2013-02-28,6.13,05-31-2013,Credit Agricole CIB
Q3-13,2013-03-07,6.13,05-31-2013,Credit Agricole CIB
Q3-13,2013-03-14,6.13,05-31-2013,Credit Agricole CIB
Q3-13,2013-04-02,6.13,05-31-2013,Credit Agricole CIB
Q3-13,2013-04-05,6.13,05-31-2013,Credit Agricole CIB
Q3-13,2013-04-11,6.13,05-31-2013,Credit Agricole CIB
Q3-13,2013-04-19,6.13,05-31-2013,Credit Agricole CIB
Q3-13,2013-04-29,6.13,05-31-2013,Credit Agricole CIB
Q3-13,2013-05-09,6.13,05-31-2013,Credit Agricole CIB
Q3-13,2013-05-16,6.13,05-31-2013,Credit Agricole CIB
Q4-13,2011-12-14,6.05,05-31-2013,Credit Agricole CIB
Q4-13,2012-02-23,6.05,05-31-2013,Credit Agricole CIB
Q4-13,2012-03-02,6.05,05-31-2013,Credit Agricole CIB
Q4-13,2012-03-09,6.05,05-31-2013,Credit Agricole CIB
Q4-13,2012-03-15,6.05,05-31-2013,Credit Agricole CIB
Q4-13,2012-03-30,6.05,05-31-2013,Credit Agricole CIB
Q4-13,2012-04-12,6.05,05-31-2013,Credit Agricole CIB
Q4-13,2012-04-27,6.05,05-31-2013,Credit Agricole CIB
Q4-13,2012-05-01,6.05,05-31-2013,Credit Agricole CIB
Q4-13,2012-05-09,6.05,05-31-2013,Credit Agricole CIB
Q4-13,2012-05-15,6.05,05-31-2013,Credit Agricole CIB
Q4-13,2012-05-18,6.05,05-31-2013,Credit Agricole CIB
Q4-13,2012-05-25,6.05,05-31-2013,Credit Agricole CIB
Q4-13,2012-05-29,6.05,05-31-2013,Credit Agricole CIB
Q4-13,2012-06-08,6.05,05-31-2013,Credit Agricole CIB
Q4-13,2012-06-21,6.05,05-31-2013,Credit Agricole CIB
Q4-13,2012-06-26,6.05,05-31-2013,Credit Agricole CIB
Q4-13,2012-07-05,6.05,05-31-2013,Credit Agricole CIB
Q4-13,2012-07-13,6.05,05-31-2013,Credit Agricole CIB
Q4-13,2012-07-19,6.05,05-31-2013,Credit Agricole CIB
Q4-13,2012-07-26,6.05,05-31-2013,Credit Agricole CIB
Q4-13,2012-08-02,6.05,05-31-2013,Credit Agricole CIB
Q4-13,2012-08-10,6.05,05-31-2013,Credit Agricole CIB
Q4-13,2012-08-16,6.05,05-31-2013,Credit Agricole CIB
Q4-13,2012-08-23,6.05,05-31-2013,Credit Agricole CIB
Q4-13,2012-08-30,6.05,05-31-2013,Credit Agricole CIB
Q4-13,2012-09-06,6.05,05-31-2013,Credit Agricole CIB
Q4-13,2012-09-14,6.05,05-31-2013,Credit Agricole CIB
Q4-13,2012-09-27,6.17,05-31-2013,Credit Agricole CIB
Q4-13,2012-10-04,6.17,05-31-2013,Credit Agricole CIB
Q4-13,2012-10-12,6.17,05-31-2013,Credit Agricole CIB
Q4-13,2012-10-18,6.17,05-31-2013,Credit Agricole CIB
Q4-13,2012-10-25,6.17,05-31-2013,Credit Agricole CIB
Q4-13,2012-11-01,6.17,05-31-2013,Credit Agricole CIB
Q4-13,2012-11-16,6.17,05-31-2013,Credit Agricole CIB
Q4-13,2012-11-23,6.1,05-31-2013,Credit Agricole CIB
Q4-13,2012-11-30,6.1,05-31-2013,Credit Agricole CIB
Q4-13,2012-12-14,6.1,05-31-2013,Credit Agricole CIB
Q4-13,2013-01-10,6.1,05-31-2013,Credit Agricole CIB
Q4-13,2013-01-17,6.1,05-31-2013,Credit Agricole CIB
Q4-13,2013-01-25,6.1,05-31-2013,Credit Agricole CIB
Q4-13,2013-01-31,6.1,05-31-2013,Credit Agricole CIB
Q4-13,2013-02-07,6.1,05-31-2013,Credit Agricole CIB
Q4-13,2013-02-14,6.1,05-31-2013,Credit Agricole CIB
Q4-13,2013-02-21,6.1,05-31-2013,Credit Agricole CIB
Q4-13,2013-02-28,6.1,05-31-2013,Credit Agricole CIB
Q4-13,2013-03-07,6.1,05-31-2013,Credit Agricole CIB
Q4-13,2013-03-14,6.1,05-31-2013,Credit Agricole CIB
Q4-13,2013-04-02,6.1,05-31-2013,Credit Agricole CIB
Q4-13,2013-04-05,6.1,05-31-2013,Credit Agricole CIB
Q4-13,2013-04-11,6.1,05-31-2013,Credit Agricole CIB
Q4-13,2013-04-19,6.1,05-31-2013,Credit Agricole CIB
Q4-13,2013-04-29,6.1,05-31-2013,Credit Agricole CIB
Q4-13,2013-05-09,6.1,05-31-2013,Credit Agricole CIB
Q4-13,2013-05-16,6.1,05-31-2013,Credit Agricole CIB
Q1-14,2012-12-14,6.08,05-31-2013,Credit Agricole CIB
Q1-14,2013-01-10,6.08,05-31-2013,Credit Agricole CIB
Q1-14,2013-01-25,6.08,05-31-2013,Credit Agricole CIB
Q1-14,2013-01-31,6.08,05-31-2013,Credit Agricole CIB
Q1-14,2013-02-07,6.08,05-31-2013,Credit Agricole CIB
Q1-14,2013-02-14,6.08,05-31-2013,Credit Agricole CIB
Q1-14,2013-02-21,6.08,05-31-2013,Credit Agricole CIB
Q1-14,2013-02-28,6.08,05-31-2013,Credit Agricole CIB
Q1-14,2013-03-07,6.08,05-31-2013,Credit Agricole CIB
Q1-14,2013-03-14,6.08,05-31-2013,Credit Agricole CIB
Q1-14,2013-04-02,6.08,05-31-2013,Credit Agricole CIB
Q1-14,2013-04-05,6.08,05-31-2013,Credit Agricole CIB
Q1-14,2013-04-11,6.08,05-31-2013,Credit Agricole CIB
Q1-14,2013-04-19,6.08,05-31-2013,Credit Agricole CIB
Q1-14,2013-04-29,6.08,05-31-2013,Credit Agricole CIB
Q1-14,2013-05-09,6.08,05-31-2013,Credit Agricole CIB
Q1-14,2013-05-16,6.08,05-31-2013,Credit Agricole CIB
2014,2012-03-15,6.0,05-31-2013,Credit Agricole CIB
2014,2012-04-27,6.0,05-31-2013,Credit Agricole CIB
2014,2012-12-14,6.0,05-31-2013,Credit Agricole CIB
2014,2013-01-10,6.0,05-31-2013,Credit Agricole CIB
2014,2013-01-17,6.0,05-31-2013,Credit Agricole CIB
2014,2013-01-25,6.0,05-31-2013,Credit Agricole CIB
2014,2013-01-31,6.0,05-31-2013,Credit Agricole CIB
2014,2013-02-07,6.0,05-31-2013,Credit Agricole CIB
2014,2013-02-14,6.0,05-31-2013,Credit Agricole CIB
2014,2013-02-21,6.0,05-31-2013,Credit Agricole CIB
2014,2013-02-28,6.0,05-31-2013,Credit Agricole CIB
2014,2013-03-07,6.0,05-31-2013,Credit Agricole CIB
2014,2013-03-14,6.0,05-31-2013,Credit Agricole CIB
2014,2013-04-02,6.0,05-31-2013,Credit Agricole CIB
2014,2013-04-05,6.0,05-31-2013,Credit Agricole CIB
2014,2013-04-11,6.0,05-31-2013,Credit Agricole CIB
2014,2013-04-19,6.0,05-31-2013,Credit Agricole CIB
2014,2013-04-29,6.0,05-31-2013,Credit Agricole CIB
2014,2013-05-09,6.0,05-31-2013,Credit Agricole CIB
2014,2013-05-16,6.0,05-31-2013,Credit Agricole CIB
Q3-18,2017-10-04,6.33,08-31-2018,Credit Agricole CIB
Q3-18,2017-10-18,6.33,08-31-2018,Credit Agricole CIB
Q3-18,2017-11-27,6.33,08-31-2018,Credit Agricole CIB
Q3-18,2018-02-12,6.28,08-31-2018,Credit Agricole CIB
Q3-18,2018-02-15,6.28,08-31-2018,Credit Agricole CIB
Q3-18,2018-03-01,6.28,08-31-2018,Credit Agricole CIB
Q3-18,2018-04-25,6.28,08-31-2018,Credit Agricole CIB
Q3-18,2018-05-18,6.28,08-31-2018,Credit Agricole CIB
Q3-18,2018-06-04,6.35,08-31-2018,Credit Agricole CIB
Q3-18,2018-07-11,6.35,08-31-2018,Credit Agricole CIB
Q3-18,2018-07-18,6.35,08-31-2018,Credit Agricole CIB
Q3-18,2018-08-01,6.75,08-31-2018,Credit Agricole CIB
Q3-18,2018-08-30,6.75,08-31-2018,Credit Agricole CIB
Q4-18,2016-12-01,7.2,08-31-2018,Credit Agricole CIB
Q4-18,2016-12-14,7.17,08-31-2018,Credit Agricole CIB
Q4-18,2017-02-03,7.17,08-31-2018,Credit Agricole CIB
Q4-18,2017-03-06,7.17,08-31-2018,Credit Agricole CIB
Q4-18,2017-05-30,7.1,08-31-2018,Credit Agricole CIB
Q4-18,2017-06-01,7.1,08-31-2018,Credit Agricole CIB
Q4-18,2017-06-08,7.1,08-31-2018,Credit Agricole CIB
Q4-18,2017-08-10,6.7,08-31-2018,Credit Agricole CIB
Q4-18,2017-08-25,6.7,08-31-2018,Credit Agricole CIB
Q4-18,2017-08-29,6.5,08-31-2018,Credit Agricole CIB
Q4-18,2017-09-12,6.3,08-31-2018,Credit Agricole CIB
Q4-18,2017-10-04,6.3,08-31-2018,Credit Agricole CIB
Q4-18,2017-10-18,6.3,08-31-2018,Credit Agricole CIB
Q4-18,2017-11-27,6.3,08-31-2018,Credit Agricole CIB
Q4-18,2018-02-12,6.25,08-31-2018,Credit Agricole CIB
Q4-18,2018-02-15,6.25,08-31-2018,Credit Agricole CIB
Q4-18,2018-03-01,6.25,08-31-2018,Credit Agricole CIB
Q4-18,2018-04-25,6.25,08-31-2018,Credit Agricole CIB
Q4-18,2018-05-18,6.25,08-31-2018,Credit Agricole CIB
Q4-18,2018-06-04,6.3,08-31-2018,Credit Agricole CIB
Q4-18,2018-07-11,6.3,08-31-2018,Credit Agricole CIB
Q4-18,2018-07-18,6.3,08-31-2018,Credit Agricole CIB
Q4-18,2018-08-01,6.6,08-31-2018,Credit Agricole CIB
Q4-18,2018-08-30,6.6,08-31-2018,Credit Agricole CIB
Q1-19,2018-03-01,6.23,08-31-2018,Credit Agricole CIB
Q1-19,2018-04-25,6.23,08-31-2018,Credit Agricole CIB
Q1-19,2018-05-18,6.23,08-31-2018,Credit Agricole CIB
Q1-19,2018-06-04,6.25,08-31-2018,Credit Agricole CIB
Q1-19,2018-07-11,6.25,08-31-2018,Credit Agricole CIB
Q1-19,2018-07-18,6.25,08-31-2018,Credit Agricole CIB
Q1-19,2018-08-01,6.55,08-31-2018,Credit Agricole CIB
Q1-19,2018-08-30,6.55,08-31-2018,Credit Agricole CIB
Q2-19,2018-07-11,6.2,08-31-2018,Credit Agricole CIB
Q2-19,2018-07-18,6.2,08-31-2018,Credit Agricole CIB
Q2-19,2018-08-01,6.5,08-31-2018,Credit Agricole CIB
Q2-19,2018-08-30,6.5,08-31-2018,Credit Agricole CIB
2019,2017-02-03,7.3,08-31-2018,Credit Agricole CIB
2019,2017-08-10,6.5,08-31-2018,Credit Agricole CIB
2019,2017-08-25,6.4,08-31-2018,Credit Agricole CIB
2019,2017-08-29,6.4,08-31-2018,Credit Agricole CIB
2019,2017-09-12,6.15,08-31-2018,Credit Agricole CIB
2019,2018-02-12,6.15,08-31-2018,Credit Agricole CIB
2019,2018-02-15,6.15,08-31-2018,Credit Agricole CIB
2019,2018-03-01,6.15,08-31-2018,Credit Agricole CIB
2019,2018-04-25,6.15,08-31-2018,Credit Agricole CIB
2019,2018-05-18,6.15,08-31-2018,Credit Agricole CIB
2019,2018-06-04,6.15,08-31-2018,Credit Agricole CIB
2019,2018-07-11,6.15,08-31-2018,Credit Agricole CIB
2019,2018-07-18,6.15,08-31-2018,Credit Agricole CIB
2019,2018-08-01,6.35,08-31-2018,Credit Agricole CIB
2019,2018-08-30,6.35,08-31-2018,Credit Agricole CIB
2020,2017-02-03,7.5,08-31-2018,Credit Agricole CIB
2020,2017-08-10,6.25,08-31-2018,Credit Agricole CIB
2020,2017-08-25,6.25,08-31-2018,Credit Agricole CIB
2020,2017-08-29,6.25,08-31-2018,Credit Agricole CIB
2020,2017-09-12,6.0,08-31-2018,Credit Agricole CIB
2020,2018-06-04,7.5,08-31-2018,Credit Agricole CIB
2020,2018-08-01,7.5,08-31-2018,Credit Agricole CIB
2020,2018-08-30,7.5,08-31-2018,Credit Agricole CIB
2021,2017-08-25,6.15,08-31-2018,Credit Agricole CIB
2021,2017-08-29,6.15,08-31-2018,Credit Agricole CIB
2021,2017-09-12,6.0,08-31-2018,Credit Agricole CIB
2021,2018-06-04,6.15,08-31-2018,Credit Agricole CIB
2021,2018-08-01,6.15,08-31-2018,Credit Agricole CIB
2021,2018-08-30,6.15,08-31-2018,Credit Agricole CIB
2022,2017-08-25,6.0,08-31-2018,Credit Agricole CIB
2022,2017-08-29,6.0,08-31-2018,Credit Agricole CIB
2022,2017-09-12,6.0,08-31-2018,Credit Agricole CIB
2022,2018-06-04,6.0,08-31-2018,Credit Agricole CIB
2022,2018-08-01,6.0,08-31-2018,Credit Agricole CIB
2022,2018-08-30,6.0,08-31-2018,Credit Agricole CIB
Q4-18,2016-12-01,7.2,11-30-2018,Credit Agricole CIB
Q4-18,2016-12-14,7.17,11-30-2018,Credit Agricole CIB
Q4-18,2017-02-03,7.17,11-30-2018,Credit Agricole CIB
Q4-18,2017-03-06,7.17,11-30-2018,Credit Agricole CIB
Q4-18,2017-05-30,7.1,11-30-2018,Credit Agricole CIB
Q4-18,2017-06-01,7.1,11-30-2018,Credit Agricole CIB
Q4-18,2017-06-08,7.1,11-30-2018,Credit Agricole CIB
Q4-18,2017-08-10,6.7,11-30-2018,Credit Agricole CIB
Q4-18,2017-08-25,6.7,11-30-2018,Credit Agricole CIB
Q4-18,2017-08-29,6.5,11-30-2018,Credit Agricole CIB
Q4-18,2017-09-12,6.3,11-30-2018,Credit Agricole CIB
Q4-18,2017-10-04,6.3,11-30-2018,Credit Agricole CIB
Q4-18,2017-10-18,6.3,11-30-2018,Credit Agricole CIB
Q4-18,2017-11-27,6.3,11-30-2018,Credit Agricole CIB
Q4-18,2018-02-12,6.25,11-30-2018,Credit Agricole CIB
Q4-18,2018-02-15,6.25,11-30-2018,Credit Agricole CIB
Q4-18,2018-03-01,6.25,11-30-2018,Credit Agricole CIB
Q4-18,2018-04-25,6.25,11-30-2018,Credit Agricole CIB
Q4-18,2018-05-18,6.25,11-30-2018,Credit Agricole CIB
Q4-18,2018-06-04,6.3,11-30-2018,Credit Agricole CIB
Q4-18,2018-07-11,6.3,11-30-2018,Credit Agricole CIB
Q4-18,2018-07-18,6.3,11-30-2018,Credit Agricole CIB
Q4-18,2018-08-01,6.6,11-30-2018,Credit Agricole CIB
Q4-18,2018-08-30,6.6,11-30-2018,Credit Agricole CIB
Q4-18,2018-09-17,6.95,11-30-2018,Credit Agricole CIB
Q4-18,2018-11-09,6.95,11-30-2018,Credit Agricole CIB
Q4-18,2018-11-29,6.95,11-30-2018,Credit Agricole CIB
Q1-19,2018-03-01,6.23,11-30-2018,Credit Agricole CIB
Q1-19,2018-04-25,6.23,11-30-2018,Credit Agricole CIB
Q1-19,2018-05-18,6.23,11-30-2018,Credit Agricole CIB
Q1-19,2018-06-04,6.25,11-30-2018,Credit Agricole CIB
Q1-19,2018-07-11,6.25,11-30-2018,Credit Agricole CIB
Q1-19,2018-07-18,6.25,11-30-2018,Credit Agricole CIB
Q1-19,2018-08-01,6.55,11-30-2018,Credit Agricole CIB
Q1-19,2018-08-30,6.55,11-30-2018,Credit Agricole CIB
Q1-19,2018-09-11,6.9,11-30-2018,Credit Agricole CIB
Q1-19,2018-09-13,6.9,11-30-2018,Credit Agricole CIB
Q1-19,2018-09-17,6.9,11-30-2018,Credit Agricole CIB
Q1-19,2018-11-09,6.95,11-30-2018,Credit Agricole CIB
Q1-19,2018-11-29,6.95,11-30-2018,Credit Agricole CIB
Q2-19,2018-07-11,6.2,11-30-2018,Credit Agricole CIB
Q2-19,2018-07-18,6.2,11-30-2018,Credit Agricole CIB
Q2-19,2018-08-01,6.5,11-30-2018,Credit Agricole CIB
Q2-19,2018-08-30,6.5,11-30-2018,Credit Agricole CIB
Q2-19,2018-09-11,6.85,11-30-2018,Credit Agricole CIB
Q2-19,2018-09-13,6.85,11-30-2018,Credit Agricole CIB
Q2-19,2018-09-17,6.85,11-30-2018,Credit Agricole CIB
Q2-19,2018-11-09,6.9,11-30-2018,Credit Agricole CIB
Q2-19,2018-11-29,6.9,11-30-2018,Credit Agricole CIB
Q3-19,2018-09-11,6.8,11-30-2018,Credit Agricole CIB
Q3-19,2018-09-13,6.8,11-30-2018,Credit Agricole CIB
Q3-19,2018-09-17,6.8,11-30-2018,Credit Agricole CIB
Q3-19,2018-11-09,6.9,11-30-2018,Credit Agricole CIB
Q3-19,2018-11-29,6.9,11-30-2018,Credit Agricole CIB
2019,2017-02-03,7.3,11-30-2018,Credit Agricole CIB
2019,2017-08-10,6.5,11-30-2018,Credit Agricole CIB
2019,2017-08-25,6.4,11-30-2018,Credit Agricole CIB
2019,2017-08-29,6.4,11-30-2018,Credit Agricole CIB
2019,2017-09-12,6.15,11-30-2018,Credit Agricole CIB
2019,2018-02-12,6.15,11-30-2018,Credit Agricole CIB
2019,2018-02-15,6.15,11-30-2018,Credit Agricole CIB
2019,2018-03-01,6.15,11-30-2018,Credit Agricole CIB
2019,2018-04-25,6.15,11-30-2018,Credit Agricole CIB
2019,2018-05-18,6.15,11-30-2018,Credit Agricole CIB
2019,2018-06-04,6.15,11-30-2018,Credit Agricole CIB
2019,2018-07-11,6.15,11-30-2018,Credit Agricole CIB
2019,2018-07-18,6.15,11-30-2018,Credit Agricole CIB
2019,2018-08-01,6.35,11-30-2018,Credit Agricole CIB
2019,2018-08-30,6.35,11-30-2018,Credit Agricole CIB
2019,2018-09-11,6.75,11-30-2018,Credit Agricole CIB
2019,2018-09-13,6.75,11-30-2018,Credit Agricole CIB
2019,2018-09-17,6.75,11-30-2018,Credit Agricole CIB
2019,2018-11-29,6.85,11-30-2018,Credit Agricole CIB
2020,2017-02-03,7.5,11-30-2018,Credit Agricole CIB
2020,2017-08-10,6.25,11-30-2018,Credit Agricole CIB
2020,2017-08-25,6.25,11-30-2018,Credit Agricole CIB
2020,2017-08-29,6.25,11-30-2018,Credit Agricole CIB
2020,2017-09-12,6.0,11-30-2018,Credit Agricole CIB
2020,2018-06-04,7.5,11-30-2018,Credit Agricole CIB
2020,2018-08-01,7.5,11-30-2018,Credit Agricole CIB
2020,2018-08-30,7.5,11-30-2018,Credit Agricole CIB
2021,2017-08-25,6.15,11-30-2018,Credit Agricole CIB
2021,2017-08-29,6.15,11-30-2018,Credit Agricole CIB
2021,2017-09-12,6.0,11-30-2018,Credit Agricole CIB
2021,2018-06-04,6.15,11-30-2018,Credit Agricole CIB
2021,2018-08-01,6.15,11-30-2018,Credit Agricole CIB
2021,2018-08-30,6.15,11-30-2018,Credit Agricole CIB
2022,2017-08-25,6.0,11-30-2018,Credit Agricole CIB
2022,2017-08-29,6.0,11-30-2018,Credit Agricole CIB
2022,2017-09-12,6.0,11-30-2018,Credit Agricole CIB
2022,2018-06-04,6.0,11-30-2018,Credit Agricole CIB
2022,2018-08-01,6.0,11-30-2018,Credit Agricole CIB
2022,2018-08-30,6.0,11-30-2018,Credit Agricole CIB
Q3-14,2012-12-14,6.03,08-31-2014,Credit Agricole CIB
Q3-14,2013-01-10,6.03,08-31-2014,Credit Agricole CIB
Q3-14,2013-01-25,6.03,08-31-2014,Credit Agricole CIB
Q3-14,2013-01-31,6.03,08-31-2014,Credit Agricole CIB
Q3-14,2013-02-07,6.03,08-31-2014,Credit Agricole CIB
Q3-14,2013-02-14,6.03,08-31-2014,Credit Agricole CIB
Q3-14,2013-02-21,6.03,08-31-2014,Credit Agricole CIB
Q3-14,2013-02-28,6.03,08-31-2014,Credit Agricole CIB
Q3-14,2013-03-07,6.03,08-31-2014,Credit Agricole CIB
Q3-14,2013-03-14,6.03,08-31-2014,Credit Agricole CIB
Q3-14,2013-04-02,6.03,08-31-2014,Credit Agricole CIB
Q3-14,2013-04-05,6.03,08-31-2014,Credit Agricole CIB
Q3-14,2013-04-11,6.03,08-31-2014,Credit Agricole CIB
Q3-14,2013-04-19,6.03,08-31-2014,Credit Agricole CIB
Q3-14,2013-05-09,6.03,08-31-2014,Credit Agricole CIB
Q3-14,2013-05-16,6.03,08-31-2014,Credit Agricole CIB
Q3-14,2013-06-07,6.03,08-31-2014,Credit Agricole CIB
Q3-14,2013-06-17,6.03,08-31-2014,Credit Agricole CIB
Q3-14,2013-06-20,6.03,08-31-2014,Credit Agricole CIB
Q3-14,2013-06-27,6.03,08-31-2014,Credit Agricole CIB
Q3-14,2013-07-04,6.03,08-31-2014,Credit Agricole CIB
Q3-14,2013-07-11,6.03,08-31-2014,Credit Agricole CIB
Q3-14,2013-07-18,6.03,08-31-2014,Credit Agricole CIB
Q3-14,2013-07-25,6.03,08-31-2014,Credit Agricole CIB
Q3-14,2013-08-01,6.03,08-31-2014,Credit Agricole CIB
Q3-14,2013-08-08,6.03,08-31-2014,Credit Agricole CIB
Q3-14,2013-08-15,6.03,08-31-2014,Credit Agricole CIB
Q3-14,2013-08-22,6.03,08-31-2014,Credit Agricole CIB
Q3-14,2013-08-29,6.03,08-31-2014,Credit Agricole CIB
Q3-14,2013-09-26,6.03,08-31-2014,Credit Agricole CIB
Q3-14,2013-10-14,6.03,08-31-2014,Credit Agricole CIB
Q3-14,2013-10-17,6.03,08-31-2014,Credit Agricole CIB
Q3-14,2013-10-25,6.03,08-31-2014,Credit Agricole CIB
Q3-14,2013-11-29,6.03,08-31-2014,Credit Agricole CIB
Q3-14,2014-01-09,6.03,08-31-2014,Credit Agricole CIB
Q3-14,2014-01-16,6.03,08-31-2014,Credit Agricole CIB
Q3-14,2014-01-23,6.03,08-31-2014,Credit Agricole CIB
Q3-14,2014-01-30,6.03,08-31-2014,Credit Agricole CIB
Q3-14,2014-02-06,6.03,08-31-2014,Credit Agricole CIB
Q3-14,2014-02-13,6.03,08-31-2014,Credit Agricole CIB
Q3-14,2014-02-20,6.03,08-31-2014,Credit Agricole CIB
Q3-14,2014-02-27,6.03,08-31-2014,Credit Agricole CIB
Q3-14,2014-03-06,6.03,08-31-2014,Credit Agricole CIB
Q3-14,2014-03-13,6.03,08-31-2014,Credit Agricole CIB
Q3-14,2014-03-14,6.03,08-31-2014,Credit Agricole CIB
Q3-14,2014-03-20,6.03,08-31-2014,Credit Agricole CIB
Q3-14,2014-03-27,6.03,08-31-2014,Credit Agricole CIB
Q3-14,2014-04-03,6.03,08-31-2014,Credit Agricole CIB
Q3-14,2014-04-10,6.03,08-31-2014,Credit Agricole CIB
Q3-14,2014-04-17,6.03,08-31-2014,Credit Agricole CIB
Q3-14,2014-04-24,6.03,08-31-2014,Credit Agricole CIB
Q3-14,2014-05-01,6.03,08-31-2014,Credit Agricole CIB
Q3-14,2014-05-08,6.03,08-31-2014,Credit Agricole CIB
Q3-14,2014-05-15,6.03,08-31-2014,Credit Agricole CIB
Q3-14,2014-05-22,6.15,08-31-2014,Credit Agricole CIB
Q3-14,2014-06-05,6.15,08-31-2014,Credit Agricole CIB
Q3-14,2014-06-12,6.15,08-31-2014,Credit Agricole CIB
Q3-14,2014-06-20,6.15,08-31-2014,Credit Agricole CIB
Q3-14,2014-06-30,6.15,08-31-2014,Credit Agricole CIB
Q3-14,2014-07-04,6.15,08-31-2014,Credit Agricole CIB
Q3-14,2014-07-11,6.15,08-31-2014,Credit Agricole CIB
Q4-14,2012-12-14,6.0,08-31-2014,Credit Agricole CIB
Q4-14,2013-01-10,6.0,08-31-2014,Credit Agricole CIB
Q4-14,2013-01-17,6.0,08-31-2014,Credit Agricole CIB
Q4-14,2013-01-25,6.0,08-31-2014,Credit Agricole CIB
Q4-14,2013-01-31,6.0,08-31-2014,Credit Agricole CIB
Q4-14,2013-02-07,6.0,08-31-2014,Credit Agricole CIB
Q4-14,2013-02-14,6.0,08-31-2014,Credit Agricole CIB
Q4-14,2013-02-21,6.0,08-31-2014,Credit Agricole CIB
Q4-14,2013-02-28,6.0,08-31-2014,Credit Agricole CIB
Q4-14,2013-03-07,6.0,08-31-2014,Credit Agricole CIB
Q4-14,2013-03-14,6.0,08-31-2014,Credit Agricole CIB
Q4-14,2013-04-02,6.0,08-31-2014,Credit Agricole CIB
Q4-14,2013-04-05,6.0,08-31-2014,Credit Agricole CIB
Q4-14,2013-04-11,6.0,08-31-2014,Credit Agricole CIB
Q4-14,2013-04-19,6.0,08-31-2014,Credit Agricole CIB
Q4-14,2013-04-29,6.0,08-31-2014,Credit Agricole CIB
Q4-14,2013-05-09,6.0,08-31-2014,Credit Agricole CIB
Q4-14,2013-05-16,6.0,08-31-2014,Credit Agricole CIB
Q4-14,2013-06-07,6.0,08-31-2014,Credit Agricole CIB
Q4-14,2013-06-17,6.0,08-31-2014,Credit Agricole CIB
Q4-14,2013-06-20,6.0,08-31-2014,Credit Agricole CIB
Q4-14,2013-06-27,6.0,08-31-2014,Credit Agricole CIB
Q4-14,2013-07-04,6.0,08-31-2014,Credit Agricole CIB
Q4-14,2013-07-11,6.0,08-31-2014,Credit Agricole CIB
Q4-14,2013-07-18,6.0,08-31-2014,Credit Agricole CIB
Q4-14,2013-07-25,6.0,08-31-2014,Credit Agricole CIB
Q4-14,2013-08-01,6.0,08-31-2014,Credit Agricole CIB
Q4-14,2013-08-08,6.0,08-31-2014,Credit Agricole CIB
Q4-14,2013-08-15,6.0,08-31-2014,Credit Agricole CIB
Q4-14,2013-08-22,6.0,08-31-2014,Credit Agricole CIB
Q4-14,2013-08-29,6.0,08-31-2014,Credit Agricole CIB
Q4-14,2013-09-26,6.0,08-31-2014,Credit Agricole CIB
Q4-14,2013-10-14,6.0,08-31-2014,Credit Agricole CIB
Q4-14,2013-10-17,6.0,08-31-2014,Credit Agricole CIB
Q4-14,2013-10-25,6.0,08-31-2014,Credit Agricole CIB
Q4-14,2013-11-29,6.0,08-31-2014,Credit Agricole CIB
Q4-14,2014-01-09,6.0,08-31-2014,Credit Agricole CIB
Q4-14,2014-01-16,6.0,08-31-2014,Credit Agricole CIB
Q4-14,2014-01-23,6.0,08-31-2014,Credit Agricole CIB
Q4-14,2014-01-30,6.0,08-31-2014,Credit Agricole CIB
Q4-14,2014-02-06,6.0,08-31-2014,Credit Agricole CIB
Q4-14,2014-02-13,6.0,08-31-2014,Credit Agricole CIB
Q4-14,2014-02-20,6.0,08-31-2014,Credit Agricole CIB
Q4-14,2014-02-27,6.0,08-31-2014,Credit Agricole CIB
Q4-14,2014-03-06,6.0,08-31-2014,Credit Agricole CIB
Q4-14,2014-03-13,6.0,08-31-2014,Credit Agricole CIB
Q4-14,2014-03-14,6.0,08-31-2014,Credit Agricole CIB
Q4-14,2014-03-20,6.0,08-31-2014,Credit Agricole CIB
Q4-14,2014-03-27,6.0,08-31-2014,Credit Agricole CIB
Q4-14,2014-04-03,6.0,08-31-2014,Credit Agricole CIB
Q4-14,2014-04-10,6.0,08-31-2014,Credit Agricole CIB
Q4-14,2014-04-17,6.0,08-31-2014,Credit Agricole CIB
Q4-14,2014-04-24,6.0,08-31-2014,Credit Agricole CIB
Q4-14,2014-05-01,6.0,08-31-2014,Credit Agricole CIB
Q4-14,2014-05-08,6.0,08-31-2014,Credit Agricole CIB
Q4-14,2014-05-15,6.0,08-31-2014,Credit Agricole CIB
Q4-14,2014-05-22,6.0,08-31-2014,Credit Agricole CIB
Q4-14,2014-06-05,6.0,08-31-2014,Credit Agricole CIB
Q4-14,2014-06-12,6.0,08-31-2014,Credit Agricole CIB
Q4-14,2014-06-20,6.0,08-31-2014,Credit Agricole CIB
Q4-14,2014-06-30,6.0,08-31-2014,Credit Agricole CIB
Q4-14,2014-07-04,6.0,08-31-2014,Credit Agricole CIB
Q4-14,2014-07-11,6.0,08-31-2014,Credit Agricole CIB
Q1-15,2014-01-09,5.99,08-31-2014,Credit Agricole CIB
Q1-15,2014-01-16,5.99,08-31-2014,Credit Agricole CIB
Q1-15,2014-01-23,5.99,08-31-2014,Credit Agricole CIB
Q1-15,2014-01-30,5.99,08-31-2014,Credit Agricole CIB
Q1-15,2014-02-06,5.99,08-31-2014,Credit Agricole CIB
Q1-15,2014-02-13,5.99,08-31-2014,Credit Agricole CIB
Q1-15,2014-02-20,5.99,08-31-2014,Credit Agricole CIB
Q1-15,2014-02-27,5.99,08-31-2014,Credit Agricole CIB
Q1-15,2014-03-06,5.99,08-31-2014,Credit Agricole CIB
Q1-15,2014-03-13,5.99,08-31-2014,Credit Agricole CIB
Q1-15,2014-03-14,5.99,08-31-2014,Credit Agricole CIB
Q1-15,2014-03-20,5.99,08-31-2014,Credit Agricole CIB
Q1-15,2014-03-27,5.99,08-31-2014,Credit Agricole CIB
Q1-15,2014-04-03,5.99,08-31-2014,Credit Agricole CIB
Q1-15,2014-04-10,5.99,08-31-2014,Credit Agricole CIB
Q1-15,2014-04-17,5.99,08-31-2014,Credit Agricole CIB
Q1-15,2014-04-24,5.99,08-31-2014,Credit Agricole CIB
Q1-15,2014-05-01,5.99,08-31-2014,Credit Agricole CIB
Q1-15,2014-05-08,5.99,08-31-2014,Credit Agricole CIB
Q1-15,2014-05-15,5.99,08-31-2014,Credit Agricole CIB
Q1-15,2014-05-22,5.99,08-31-2014,Credit Agricole CIB
Q1-15,2014-06-05,5.99,08-31-2014,Credit Agricole CIB
Q1-15,2014-06-12,6.0,08-31-2014,Credit Agricole CIB
Q1-15,2014-06-20,6.0,08-31-2014,Credit Agricole CIB
Q1-15,2014-06-30,6.0,08-31-2014,Credit Agricole CIB
Q1-15,2014-07-04,6.0,08-31-2014,Credit Agricole CIB
Q1-15,2014-07-11,6.0,08-31-2014,Credit Agricole CIB
Q2-15,2014-01-09,5.97,08-31-2014,Credit Agricole CIB
Q2-15,2014-01-16,5.97,08-31-2014,Credit Agricole CIB
Q2-15,2014-01-23,5.97,08-31-2014,Credit Agricole CIB
Q2-15,2014-01-30,5.97,08-31-2014,Credit Agricole CIB
Q2-15,2014-02-06,5.97,08-31-2014,Credit Agricole CIB
Q2-15,2014-02-13,5.97,08-31-2014,Credit Agricole CIB
Q2-15,2014-02-20,5.97,08-31-2014,Credit Agricole CIB
Q2-15,2014-02-27,5.97,08-31-2014,Credit Agricole CIB
Q2-15,2014-03-06,5.97,08-31-2014,Credit Agricole CIB
Q2-15,2014-03-13,5.97,08-31-2014,Credit Agricole CIB
Q2-15,2014-03-14,5.97,08-31-2014,Credit Agricole CIB
Q2-15,2014-03-20,5.97,08-31-2014,Credit Agricole CIB
Q2-15,2014-03-27,5.97,08-31-2014,Credit Agricole CIB
Q2-15,2014-04-03,5.97,08-31-2014,Credit Agricole CIB
Q2-15,2014-04-10,5.97,08-31-2014,Credit Agricole CIB
Q2-15,2014-04-17,5.97,08-31-2014,Credit Agricole CIB
Q2-15,2014-04-24,5.97,08-31-2014,Credit Agricole CIB
Q2-15,2014-05-01,5.97,08-31-2014,Credit Agricole CIB
Q2-15,2014-05-08,5.97,08-31-2014,Credit Agricole CIB
Q2-15,2014-05-15,5.97,08-31-2014,Credit Agricole CIB
Q2-15,2014-05-22,5.97,08-31-2014,Credit Agricole CIB
Q2-15,2014-06-05,5.97,08-31-2014,Credit Agricole CIB
Q2-15,2014-06-12,6.0,08-31-2014,Credit Agricole CIB
Q2-15,2014-06-20,6.0,08-31-2014,Credit Agricole CIB
Q2-15,2014-06-30,6.0,08-31-2014,Credit Agricole CIB
Q2-15,2014-07-04,6.0,08-31-2014,Credit Agricole CIB
Q2-15,2014-07-11,6.0,08-31-2014,Credit Agricole CIB
2015,2013-01-10,5.94,08-31-2014,Credit Agricole CIB
2015,2013-02-21,5.94,08-31-2014,Credit Agricole CIB
2015,2014-01-09,5.94,08-31-2014,Credit Agricole CIB
2015,2014-01-16,5.94,08-31-2014,Credit Agricole CIB
2015,2014-01-23,5.94,08-31-2014,Credit Agricole CIB
2015,2014-01-30,5.94,08-31-2014,Credit Agricole CIB
2015,2014-02-06,5.94,08-31-2014,Credit Agricole CIB
2015,2014-02-13,5.94,08-31-2014,Credit Agricole CIB
2015,2014-02-20,5.94,08-31-2014,Credit Agricole CIB
2015,2014-02-27,5.94,08-31-2014,Credit Agricole CIB
2015,2014-03-06,5.94,08-31-2014,Credit Agricole CIB
2015,2014-03-13,5.94,08-31-2014,Credit Agricole CIB
2015,2014-03-14,5.94,08-31-2014,Credit Agricole CIB
2015,2014-03-20,5.94,08-31-2014,Credit Agricole CIB
2015,2014-03-27,5.94,08-31-2014,Credit Agricole CIB
2015,2014-04-03,5.94,08-31-2014,Credit Agricole CIB
2015,2014-04-10,5.94,08-31-2014,Credit Agricole CIB
2015,2014-04-17,5.94,08-31-2014,Credit Agricole CIB
2015,2014-04-24,5.94,08-31-2014,Credit Agricole CIB
2015,2014-05-01,5.94,08-31-2014,Credit Agricole CIB
2015,2014-05-08,5.94,08-31-2014,Credit Agricole CIB
2015,2014-05-15,5.94,08-31-2014,Credit Agricole CIB
2015,2014-05-22,5.94,08-31-2014,Credit Agricole CIB
2015,2014-06-05,5.94,08-31-2014,Credit Agricole CIB
2015,2014-06-12,6.0,08-31-2014,Credit Agricole CIB
2015,2014-06-20,6.0,08-31-2014,Credit Agricole CIB
2015,2014-06-30,6.0,08-31-2014,Credit Agricole CIB
2015,2014-07-04,6.0,08-31-2014,Credit Agricole CIB
2015,2014-07-11,6.0,08-31-2014,Credit Agricole CIB
Q1-13,2011-12-14,6.16,02-28-2013,Credit Agricole CIB
Q1-13,2012-02-23,6.16,02-28-2013,Credit Agricole CIB
Q1-13,2012-03-02,6.16,02-28-2013,Credit Agricole CIB
Q1-13,2012-03-09,6.16,02-28-2013,Credit Agricole CIB
Q1-13,2012-03-15,6.16,02-28-2013,Credit Agricole CIB
Q1-13,2012-03-30,6.16,02-28-2013,Credit Agricole CIB
Q1-13,2012-04-12,6.16,02-28-2013,Credit Agricole CIB
Q1-13,2012-04-27,6.16,02-28-2013,Credit Agricole CIB
Q1-13,2012-05-01,6.16,02-28-2013,Credit Agricole CIB
Q1-13,2012-05-09,6.16,02-28-2013,Credit Agricole CIB
Q1-13,2012-05-15,6.16,02-28-2013,Credit Agricole CIB
Q1-13,2012-05-18,6.16,02-28-2013,Credit Agricole CIB
Q1-13,2012-05-25,6.16,02-28-2013,Credit Agricole CIB
Q1-13,2012-05-29,6.16,02-28-2013,Credit Agricole CIB
Q1-13,2012-06-08,6.16,02-28-2013,Credit Agricole CIB
Q1-13,2012-06-21,6.16,02-28-2013,Credit Agricole CIB
Q1-13,2012-06-26,6.16,02-28-2013,Credit Agricole CIB
Q1-13,2012-07-05,6.16,02-28-2013,Credit Agricole CIB
Q1-13,2012-07-13,6.16,02-28-2013,Credit Agricole CIB
Q1-13,2012-07-19,6.16,02-28-2013,Credit Agricole CIB
Q1-13,2012-07-26,6.16,02-28-2013,Credit Agricole CIB
Q1-13,2012-08-02,6.16,02-28-2013,Credit Agricole CIB
Q1-13,2012-08-10,6.16,02-28-2013,Credit Agricole CIB
Q1-13,2012-08-16,6.16,02-28-2013,Credit Agricole CIB
Q1-13,2012-08-23,6.16,02-28-2013,Credit Agricole CIB
Q1-13,2012-08-30,6.16,02-28-2013,Credit Agricole CIB
Q1-13,2012-09-06,6.16,02-28-2013,Credit Agricole CIB
Q1-13,2012-09-14,6.16,02-28-2013,Credit Agricole CIB
Q1-13,2012-09-27,6.29,02-28-2013,Credit Agricole CIB
Q1-13,2012-10-04,6.29,02-28-2013,Credit Agricole CIB
Q1-13,2012-10-12,6.29,02-28-2013,Credit Agricole CIB
Q1-13,2012-10-18,6.29,02-28-2013,Credit Agricole CIB
Q1-13,2012-10-25,6.29,02-28-2013,Credit Agricole CIB
Q1-13,2012-11-01,6.29,02-28-2013,Credit Agricole CIB
Q1-13,2012-11-16,6.29,02-28-2013,Credit Agricole CIB
Q1-13,2012-11-23,6.23,02-28-2013,Credit Agricole CIB
Q1-13,2012-11-30,6.23,02-28-2013,Credit Agricole CIB
Q1-13,2012-12-14,6.23,02-28-2013,Credit Agricole CIB
Q1-13,2013-01-10,6.21,02-28-2013,Credit Agricole CIB
Q1-13,2013-01-17,6.21,02-28-2013,Credit Agricole CIB
Q1-13,2013-01-25,6.21,02-28-2013,Credit Agricole CIB
Q1-13,2013-01-31,6.21,02-28-2013,Credit Agricole CIB
Q1-13,2013-02-07,6.21,02-28-2013,Credit Agricole CIB
Q1-13,2013-02-14,6.21,02-28-2013,Credit Agricole CIB
Q1-13,2013-02-21,6.21,02-28-2013,Credit Agricole CIB
Q1-13,2013-02-28,6.21,02-28-2013,Credit Agricole CIB
Q2-13,2011-12-14,6.13,02-28-2013,Credit Agricole CIB
Q2-13,2012-02-23,6.13,02-28-2013,Credit Agricole CIB
Q2-13,2012-03-02,6.13,02-28-2013,Credit Agricole CIB
Q2-13,2012-03-09,6.13,02-28-2013,Credit Agricole CIB
Q2-13,2012-03-15,6.13,02-28-2013,Credit Agricole CIB
Q2-13,2012-03-30,6.13,02-28-2013,Credit Agricole CIB
Q2-13,2012-04-12,6.13,02-28-2013,Credit Agricole CIB
Q2-13,2012-04-27,6.13,02-28-2013,Credit Agricole CIB
Q2-13,2012-05-01,6.13,02-28-2013,Credit Agricole CIB
Q2-13,2012-05-09,6.13,02-28-2013,Credit Agricole CIB
Q2-13,2012-05-15,6.13,02-28-2013,Credit Agricole CIB
Q2-13,2012-05-18,6.13,02-28-2013,Credit Agricole CIB
Q2-13,2012-05-25,6.13,02-28-2013,Credit Agricole CIB
Q2-13,2012-05-29,6.13,02-28-2013,Credit Agricole CIB
Q2-13,2012-06-08,6.13,02-28-2013,Credit Agricole CIB
Q2-13,2012-06-21,6.13,02-28-2013,Credit Agricole CIB
Q2-13,2012-06-26,6.13,02-28-2013,Credit Agricole CIB
Q2-13,2012-07-05,6.13,02-28-2013,Credit Agricole CIB
Q2-13,2012-07-13,6.13,02-28-2013,Credit Agricole CIB
Q2-13,2012-07-19,6.13,02-28-2013,Credit Agricole CIB
Q2-13,2012-07-26,6.13,02-28-2013,Credit Agricole CIB
Q2-13,2012-08-02,6.13,02-28-2013,Credit Agricole CIB
Q2-13,2012-08-10,6.13,02-28-2013,Credit Agricole CIB
Q2-13,2012-08-16,6.13,02-28-2013,Credit Agricole CIB
Q2-13,2012-08-23,6.13,02-28-2013,Credit Agricole CIB
Q2-13,2012-08-30,6.13,02-28-2013,Credit Agricole CIB
Q2-13,2012-09-06,6.13,02-28-2013,Credit Agricole CIB
Q2-13,2012-09-14,6.13,02-28-2013,Credit Agricole CIB
Q2-13,2012-09-27,6.25,02-28-2013,Credit Agricole CIB
Q2-13,2012-10-04,6.25,02-28-2013,Credit Agricole CIB
Q2-13,2012-10-12,6.25,02-28-2013,Credit Agricole CIB
Q2-13,2012-10-18,6.25,02-28-2013,Credit Agricole CIB
Q2-13,2012-10-25,6.25,02-28-2013,Credit Agricole CIB
Q2-13,2012-11-01,6.25,02-28-2013,Credit Agricole CIB
Q2-13,2012-11-16,6.25,02-28-2013,Credit Agricole CIB
Q2-13,2012-11-23,6.2,02-28-2013,Credit Agricole CIB
Q2-13,2012-11-30,6.2,02-28-2013,Credit Agricole CIB
Q2-13,2012-12-14,6.2,02-28-2013,Credit Agricole CIB
Q2-13,2013-01-10,6.16,02-28-2013,Credit Agricole CIB
Q2-13,2013-01-17,6.16,02-28-2013,Credit Agricole CIB
Q2-13,2013-01-25,6.16,02-28-2013,Credit Agricole CIB
Q2-13,2013-01-31,6.16,02-28-2013,Credit Agricole CIB
Q2-13,2013-02-07,6.16,02-28-2013,Credit Agricole CIB
Q2-13,2013-02-14,6.16,02-28-2013,Credit Agricole CIB
Q2-13,2013-02-21,6.16,02-28-2013,Credit Agricole CIB
Q2-13,2013-02-28,6.16,02-28-2013,Credit Agricole CIB
Q3-13,2011-12-14,6.09,02-28-2013,Credit Agricole CIB
Q3-13,2012-02-23,6.09,02-28-2013,Credit Agricole CIB
Q3-13,2012-03-02,6.09,02-28-2013,Credit Agricole CIB
Q3-13,2012-03-09,6.09,02-28-2013,Credit Agricole CIB
Q3-13,2012-03-15,6.09,02-28-2013,Credit Agricole CIB
Q3-13,2012-03-30,6.09,02-28-2013,Credit Agricole CIB
Q3-13,2012-04-12,6.09,02-28-2013,Credit Agricole CIB
Q3-13,2012-04-27,6.09,02-28-2013,Credit Agricole CIB
Q3-13,2012-05-01,6.09,02-28-2013,Credit Agricole CIB
Q3-13,2012-05-09,6.09,02-28-2013,Credit Agricole CIB
Q3-13,2012-05-15,6.09,02-28-2013,Credit Agricole CIB
Q3-13,2012-05-18,6.09,02-28-2013,Credit Agricole CIB
Q3-13,2012-05-25,6.09,02-28-2013,Credit Agricole CIB
Q3-13,2012-05-29,6.09,02-28-2013,Credit Agricole CIB
Q3-13,2012-06-08,6.09,02-28-2013,Credit Agricole CIB
Q3-13,2012-06-21,6.09,02-28-2013,Credit Agricole CIB
Q3-13,2012-06-26,6.09,02-28-2013,Credit Agricole CIB
Q3-13,2012-07-05,6.09,02-28-2013,Credit Agricole CIB
Q3-13,2012-07-13,6.09,02-28-2013,Credit Agricole CIB
Q3-13,2012-07-19,6.09,02-28-2013,Credit Agricole CIB
Q3-13,2012-07-26,6.09,02-28-2013,Credit Agricole CIB
Q3-13,2012-08-02,6.09,02-28-2013,Credit Agricole CIB
Q3-13,2012-08-10,6.09,02-28-2013,Credit Agricole CIB
Q3-13,2012-08-16,6.09,02-28-2013,Credit Agricole CIB
Q3-13,2012-08-23,6.09,02-28-2013,Credit Agricole CIB
Q3-13,2012-08-30,6.09,02-28-2013,Credit Agricole CIB
Q3-13,2012-09-06,6.09,02-28-2013,Credit Agricole CIB
Q3-13,2012-09-14,6.09,02-28-2013,Credit Agricole CIB
Q3-13,2012-09-27,6.21,02-28-2013,Credit Agricole CIB
Q3-13,2012-10-04,6.21,02-28-2013,Credit Agricole CIB
Q3-13,2012-10-12,6.21,02-28-2013,Credit Agricole CIB
Q3-13,2012-10-18,6.21,02-28-2013,Credit Agricole CIB
Q3-13,2012-10-25,6.21,02-28-2013,Credit Agricole CIB
Q3-13,2012-11-01,6.21,02-28-2013,Credit Agricole CIB
Q3-13,2012-11-16,6.21,02-28-2013,Credit Agricole CIB
Q3-13,2012-11-23,6.15,02-28-2013,Credit Agricole CIB
Q3-13,2012-11-30,6.15,02-28-2013,Credit Agricole CIB
Q3-13,2012-12-14,6.15,02-28-2013,Credit Agricole CIB
Q3-13,2013-01-10,6.13,02-28-2013,Credit Agricole CIB
Q3-13,2013-01-17,6.13,02-28-2013,Credit Agricole CIB
Q3-13,2013-01-25,6.13,02-28-2013,Credit Agricole CIB
Q3-13,2013-01-31,6.13,02-28-2013,Credit Agricole CIB
Q3-13,2013-02-07,6.13,02-28-2013,Credit Agricole CIB
Q3-13,2013-02-14,6.13,02-28-2013,Credit Agricole CIB
Q3-13,2013-02-21,6.13,02-28-2013,Credit Agricole CIB
Q3-13,2013-02-28,6.13,02-28-2013,Credit Agricole CIB
Q4-13,2011-12-14,6.05,02-28-2013,Credit Agricole CIB
Q4-13,2012-02-23,6.05,02-28-2013,Credit Agricole CIB
Q4-13,2012-03-02,6.05,02-28-2013,Credit Agricole CIB
Q4-13,2012-03-09,6.05,02-28-2013,Credit Agricole CIB
Q4-13,2012-03-15,6.05,02-28-2013,Credit Agricole CIB
Q4-13,2012-03-30,6.05,02-28-2013,Credit Agricole CIB
Q4-13,2012-04-12,6.05,02-28-2013,Credit Agricole CIB
Q4-13,2012-04-27,6.05,02-28-2013,Credit Agricole CIB
Q4-13,2012-05-01,6.05,02-28-2013,Credit Agricole CIB
Q4-13,2012-05-09,6.05,02-28-2013,Credit Agricole CIB
Q4-13,2012-05-15,6.05,02-28-2013,Credit Agricole CIB
Q4-13,2012-05-18,6.05,02-28-2013,Credit Agricole CIB
Q4-13,2012-05-25,6.05,02-28-2013,Credit Agricole CIB
Q4-13,2012-05-29,6.05,02-28-2013,Credit Agricole CIB
Q4-13,2012-06-08,6.05,02-28-2013,Credit Agricole CIB
Q4-13,2012-06-21,6.05,02-28-2013,Credit Agricole CIB
Q4-13,2012-06-26,6.05,02-28-2013,Credit Agricole CIB
Q4-13,2012-07-05,6.05,02-28-2013,Credit Agricole CIB
Q4-13,2012-07-13,6.05,02-28-2013,Credit Agricole CIB
Q4-13,2012-07-19,6.05,02-28-2013,Credit Agricole CIB
Q4-13,2012-07-26,6.05,02-28-2013,Credit Agricole CIB
Q4-13,2012-08-02,6.05,02-28-2013,Credit Agricole CIB
Q4-13,2012-08-10,6.05,02-28-2013,Credit Agricole CIB
Q4-13,2012-08-16,6.05,02-28-2013,Credit Agricole CIB
Q4-13,2012-08-23,6.05,02-28-2013,Credit Agricole CIB
Q4-13,2012-08-30,6.05,02-28-2013,Credit Agricole CIB
Q4-13,2012-09-06,6.05,02-28-2013,Credit Agricole CIB
Q4-13,2012-09-14,6.05,02-28-2013,Credit Agricole CIB
Q4-13,2012-09-27,6.17,02-28-2013,Credit Agricole CIB
Q4-13,2012-10-04,6.17,02-28-2013,Credit Agricole CIB
Q4-13,2012-10-12,6.17,02-28-2013,Credit Agricole CIB
Q4-13,2012-10-18,6.17,02-28-2013,Credit Agricole CIB
Q4-13,2012-10-25,6.17,02-28-2013,Credit Agricole CIB
Q4-13,2012-11-01,6.17,02-28-2013,Credit Agricole CIB
Q4-13,2012-11-16,6.17,02-28-2013,Credit Agricole CIB
Q4-13,2012-11-23,6.1,02-28-2013,Credit Agricole CIB
Q4-13,2012-11-30,6.1,02-28-2013,Credit Agricole CIB
Q4-13,2012-12-14,6.1,02-28-2013,Credit Agricole CIB
Q4-13,2013-01-10,6.1,02-28-2013,Credit Agricole CIB
Q4-13,2013-01-17,6.1,02-28-2013,Credit Agricole CIB
Q4-13,2013-01-25,6.1,02-28-2013,Credit Agricole CIB
Q4-13,2013-01-31,6.1,02-28-2013,Credit Agricole CIB
Q4-13,2013-02-07,6.1,02-28-2013,Credit Agricole CIB
Q4-13,2013-02-14,6.1,02-28-2013,Credit Agricole CIB
Q4-13,2013-02-21,6.1,02-28-2013,Credit Agricole CIB
Q4-13,2013-02-28,6.1,02-28-2013,Credit Agricole CIB
2014,2012-03-15,6.0,02-28-2013,Credit Agricole CIB
2014,2012-04-27,6.0,02-28-2013,Credit Agricole CIB
2014,2012-12-14,6.0,02-28-2013,Credit Agricole CIB
2014,2013-01-10,6.0,02-28-2013,Credit Agricole CIB
2014,2013-01-17,6.0,02-28-2013,Credit Agricole CIB
2014,2013-01-25,6.0,02-28-2013,Credit Agricole CIB
2014,2013-01-31,6.0,02-28-2013,Credit Agricole CIB
2014,2013-02-07,6.0,02-28-2013,Credit Agricole CIB
2014,2013-02-14,6.0,02-28-2013,Credit Agricole CIB
2014,2013-02-21,6.0,02-28-2013,Credit Agricole CIB
2014,2013-02-28,6.0,02-28-2013,Credit Agricole CIB
Q1-12,2011-04-01,6.24,02-28-2012,Credit Agricole CIB
Q1-12,2011-05-20,6.24,02-28-2012,Credit Agricole CIB
Q1-12,2011-07-26,6.24,02-28-2012,Credit Agricole CIB
Q1-12,2011-11-15,6.24,02-28-2012,Credit Agricole CIB
Q1-12,2011-12-14,6.32,02-28-2012,Credit Agricole CIB
Q1-12,2012-02-23,6.29,02-28-2012,Credit Agricole CIB
Q2-12,2011-07-26,6.18,02-28-2012,Credit Agricole CIB
Q2-12,2011-11-15,6.18,02-28-2012,Credit Agricole CIB
Q2-12,2011-12-14,6.28,02-28-2012,Credit Agricole CIB
Q2-12,2012-02-23,6.25,02-28-2012,Credit Agricole CIB
Q3-12,2011-11-15,6.11,02-28-2012,Credit Agricole CIB
Q3-12,2011-12-14,6.24,02-28-2012,Credit Agricole CIB
Q3-12,2012-02-23,6.23,02-28-2012,Credit Agricole CIB
Q4-12,2011-01-05,6.05,02-28-2012,Credit Agricole CIB
Q4-12,2011-04-01,6.05,02-28-2012,Credit Agricole CIB
Q4-12,2011-05-20,6.05,02-28-2012,Credit Agricole CIB
Q4-12,2011-07-26,6.05,02-28-2012,Credit Agricole CIB
Q4-12,2011-11-15,6.05,02-28-2012,Credit Agricole CIB
Q4-12,2011-12-14,6.2,02-28-2012,Credit Agricole CIB
Q4-12,2012-02-23,6.2,02-28-2012,Credit Agricole CIB
2013,2011-12-14,6.05,02-28-2012,Credit Agricole CIB
2013,2012-02-23,6.05,02-28-2012,Credit Agricole CIB
Q3-15,2014-01-09,5.96,08-31-2015,Credit Agricole CIB
Q3-15,2014-01-16,5.96,08-31-2015,Credit Agricole CIB
Q3-15,2014-01-23,5.96,08-31-2015,Credit Agricole CIB
Q3-15,2014-01-30,5.96,08-31-2015,Credit Agricole CIB
Q3-15,2014-02-06,5.96,08-31-2015,Credit Agricole CIB
Q3-15,2014-02-13,5.96,08-31-2015,Credit Agricole CIB
Q3-15,2014-02-20,5.96,08-31-2015,Credit Agricole CIB
Q3-15,2014-02-27,5.96,08-31-2015,Credit Agricole CIB
Q3-15,2014-03-06,5.96,08-31-2015,Credit Agricole CIB
Q3-15,2014-03-13,5.96,08-31-2015,Credit Agricole CIB
Q3-15,2014-03-14,5.96,08-31-2015,Credit Agricole CIB
Q3-15,2014-03-20,5.96,08-31-2015,Credit Agricole CIB
Q3-15,2014-03-27,5.96,08-31-2015,Credit Agricole CIB
Q3-15,2014-04-03,5.96,08-31-2015,Credit Agricole CIB
Q3-15,2014-04-10,5.96,08-31-2015,Credit Agricole CIB
Q3-15,2014-04-17,5.96,08-31-2015,Credit Agricole CIB
Q3-15,2014-04-24,5.96,08-31-2015,Credit Agricole CIB
Q3-15,2014-05-01,5.96,08-31-2015,Credit Agricole CIB
Q3-15,2014-05-08,5.96,08-31-2015,Credit Agricole CIB
Q3-15,2014-05-15,5.96,08-31-2015,Credit Agricole CIB
Q3-15,2014-05-22,5.96,08-31-2015,Credit Agricole CIB
Q3-15,2014-06-05,5.96,08-31-2015,Credit Agricole CIB
Q3-15,2014-06-12,6.0,08-31-2015,Credit Agricole CIB
Q3-15,2014-06-20,6.0,08-31-2015,Credit Agricole CIB
Q3-15,2014-06-30,6.0,08-31-2015,Credit Agricole CIB
Q3-15,2014-07-04,6.0,08-31-2015,Credit Agricole CIB
Q3-15,2014-07-11,6.0,08-31-2015,Credit Agricole CIB
Q3-15,2014-10-29,5.99,08-31-2015,Credit Agricole CIB
Q3-15,2015-05-21,6.23,08-31-2015,Credit Agricole CIB
Q4-15,2014-01-09,5.94,08-31-2015,Credit Agricole CIB
Q4-15,2014-01-16,5.94,08-31-2015,Credit Agricole CIB
Q4-15,2014-01-23,5.94,08-31-2015,Credit Agricole CIB
Q4-15,2014-01-30,5.94,08-31-2015,Credit Agricole CIB
Q4-15,2014-02-06,5.94,08-31-2015,Credit Agricole CIB
Q4-15,2014-02-13,5.94,08-31-2015,Credit Agricole CIB
Q4-15,2014-02-20,5.94,08-31-2015,Credit Agricole CIB
Q4-15,2014-02-27,5.94,08-31-2015,Credit Agricole CIB
Q4-15,2014-03-06,5.94,08-31-2015,Credit Agricole CIB
Q4-15,2014-03-13,5.94,08-31-2015,Credit Agricole CIB
Q4-15,2014-03-14,5.94,08-31-2015,Credit Agricole CIB
Q4-15,2014-03-20,5.94,08-31-2015,Credit Agricole CIB
Q4-15,2014-03-27,5.94,08-31-2015,Credit Agricole CIB
Q4-15,2014-04-03,5.94,08-31-2015,Credit Agricole CIB
Q4-15,2014-04-10,5.94,08-31-2015,Credit Agricole CIB
Q4-15,2014-04-17,5.94,08-31-2015,Credit Agricole CIB
Q4-15,2014-04-24,5.94,08-31-2015,Credit Agricole CIB
Q4-15,2014-05-01,5.94,08-31-2015,Credit Agricole CIB
Q4-15,2014-05-08,5.94,08-31-2015,Credit Agricole CIB
Q4-15,2014-05-15,5.94,08-31-2015,Credit Agricole CIB
Q4-15,2014-05-22,5.94,08-31-2015,Credit Agricole CIB
Q4-15,2014-06-05,5.94,08-31-2015,Credit Agricole CIB
Q4-15,2014-06-12,6.0,08-31-2015,Credit Agricole CIB
Q4-15,2014-06-20,6.0,08-31-2015,Credit Agricole CIB
Q4-15,2014-06-30,6.0,08-31-2015,Credit Agricole CIB
Q4-15,2014-07-04,6.0,08-31-2015,Credit Agricole CIB
Q4-15,2014-07-11,6.0,08-31-2015,Credit Agricole CIB
Q4-15,2014-10-29,5.96,08-31-2015,Credit Agricole CIB
Q4-15,2015-05-21,6.16,08-31-2015,Credit Agricole CIB
Q1-16,2015-05-21,6.2,08-31-2015,Credit Agricole CIB
Q2-16,2015-05-21,6.21,08-31-2015,Credit Agricole CIB
2016,2015-05-21,6.05,08-31-2015,Credit Agricole CIB
2021,2018-06-04,7.2,11-30-2019,Credit Agricole CIB
2021,2018-08-01,7.2,11-30-2019,Credit Agricole CIB
2021,2018-08-30,7.2,11-30-2019,Credit Agricole CIB
2021,2019-09-25,7.2,11-30-2019,Credit Agricole CIB
2021,2019-11-18,7.2,11-30-2019,Credit Agricole CIB
2020,2018-06-04,6.65,11-30-2019,Credit Agricole CIB
2020,2018-08-01,6.65,11-30-2019,Credit Agricole CIB
2020,2018-08-30,6.65,11-30-2019,Credit Agricole CIB
2020,2019-01-16,6.65,11-30-2019,Credit Agricole CIB
2020,2019-02-15,6.65,11-30-2019,Credit Agricole CIB
2020,2019-02-19,6.65,11-30-2019,Credit Agricole CIB
2020,2019-03-01,6.65,11-30-2019,Credit Agricole CIB
2020,2019-03-05,6.65,11-30-2019,Credit Agricole CIB
2020,2019-04-05,6.55,11-30-2019,Credit Agricole CIB
2020,2019-05-23,6.55,11-30-2019,Credit Agricole CIB
2020,2019-08-09,7.3,11-30-2019,Credit Agricole CIB
2020,2019-09-25,7.3,11-30-2019,Credit Agricole CIB
2020,2019-11-18,7.3,11-30-2019,Credit Agricole CIB
Q4-19,2018-02-12,6.15,11-30-2019,Credit Agricole CIB
Q4-19,2018-02-15,6.15,11-30-2019,Credit Agricole CIB
Q4-19,2018-03-01,6.15,11-30-2019,Credit Agricole CIB
Q4-19,2018-04-25,6.15,11-30-2019,Credit Agricole CIB
Q4-19,2018-05-18,6.15,11-30-2019,Credit Agricole CIB
Q4-19,2018-06-04,6.15,11-30-2019,Credit Agricole CIB
Q4-19,2018-07-11,6.15,11-30-2019,Credit Agricole CIB
Q4-19,2018-07-18,6.15,11-30-2019,Credit Agricole CIB
Q4-19,2018-08-01,6.35,11-30-2019,Credit Agricole CIB
Q4-19,2018-08-30,6.35,11-30-2019,Credit Agricole CIB
Q4-19,2018-09-11,6.75,11-30-2019,Credit Agricole CIB
Q4-19,2018-09-13,6.75,11-30-2019,Credit Agricole CIB
Q4-19,2018-09-17,6.75,11-30-2019,Credit Agricole CIB
Q4-19,2018-11-29,6.85,11-30-2019,Credit Agricole CIB
Q4-19,2018-12-10,6.85,11-30-2019,Credit Agricole CIB
Q4-19,2019-01-16,6.75,11-30-2019,Credit Agricole CIB
Q4-19,2019-02-15,6.75,11-30-2019,Credit Agricole CIB
Q4-19,2019-02-19,6.75,11-30-2019,Credit Agricole CIB
Q4-19,2019-03-01,6.75,11-30-2019,Credit Agricole CIB
Q4-19,2019-03-05,6.75,11-30-2019,Credit Agricole CIB
Q4-19,2019-04-05,6.65,11-30-2019,Credit Agricole CIB
Q4-19,2019-05-23,6.65,11-30-2019,Credit Agricole CIB
Q4-19,2019-08-09,7.05,11-30-2019,Credit Agricole CIB
Q4-19,2019-09-25,7.15,11-30-2019,Credit Agricole CIB
Q4-19,2019-11-18,7.15,11-30-2019,Credit Agricole CIB
Q2-20,2019-08-09,7.2,11-30-2019,Credit Agricole CIB
Q2-20,2019-09-25,7.25,11-30-2019,Credit Agricole CIB
Q2-20,2019-11-18,7.25,11-30-2019,Credit Agricole CIB
Q1-20,2019-04-05,6.63,11-30-2019,Credit Agricole CIB
Q1-20,2019-05-23,6.63,11-30-2019,Credit Agricole CIB
Q1-20,2019-08-09,7.15,11-30-2019,Credit Agricole CIB
Q1-20,2019-09-25,7.2,11-30-2019,Credit Agricole CIB
Q1-20,2019-11-18,7.2,11-30-2019,Credit Agricole CIB
Q3-19,2018-09-11,6.8,08-31-2019,Credit Agricole CIB
Q3-19,2018-09-13,6.8,08-31-2019,Credit Agricole CIB
Q3-19,2018-09-17,6.8,08-31-2019,Credit Agricole CIB
Q3-19,2018-11-09,6.9,08-31-2019,Credit Agricole CIB
Q3-19,2018-11-29,6.9,08-31-2019,Credit Agricole CIB
Q3-19,2018-12-10,6.9,08-31-2019,Credit Agricole CIB
Q3-19,2019-01-16,6.8,08-31-2019,Credit Agricole CIB
Q3-19,2019-02-15,6.8,08-31-2019,Credit Agricole CIB
Q3-19,2019-02-19,6.8,08-31-2019,Credit Agricole CIB
Q3-19,2019-03-01,6.8,08-31-2019,Credit Agricole CIB
Q3-19,2019-03-05,6.8,08-31-2019,Credit Agricole CIB
Q3-19,2019-04-05,6.66,08-31-2019,Credit Agricole CIB
Q3-19,2019-05-23,6.8,08-31-2019,Credit Agricole CIB
Q3-19,2019-08-09,6.95,08-31-2019,Credit Agricole CIB
Q4-19,2017-09-12,6.15,08-31-2019,Credit Agricole CIB
Q4-19,2018-02-12,6.15,08-31-2019,Credit Agricole CIB
Q4-19,2018-02-15,6.15,08-31-2019,Credit Agricole CIB
Q4-19,2018-03-01,6.15,08-31-2019,Credit Agricole CIB
Q4-19,2018-04-25,6.15,08-31-2019,Credit Agricole CIB
Q4-19,2018-05-18,6.15,08-31-2019,Credit Agricole CIB
Q4-19,2018-06-04,6.15,08-31-2019,Credit Agricole CIB
Q4-19,2018-07-11,6.15,08-31-2019,Credit Agricole CIB
Q4-19,2018-07-18,6.15,08-31-2019,Credit Agricole CIB
Q4-19,2018-08-01,6.35,08-31-2019,Credit Agricole CIB
Q4-19,2018-08-30,6.35,08-31-2019,Credit Agricole CIB
Q4-19,2018-09-11,6.75,08-31-2019,Credit Agricole CIB
Q4-19,2018-09-13,6.75,08-31-2019,Credit Agricole CIB
Q4-19,2018-09-17,6.75,08-31-2019,Credit Agricole CIB
Q4-19,2018-11-29,6.85,08-31-2019,Credit Agricole CIB
Q4-19,2018-12-10,6.85,08-31-2019,Credit Agricole CIB
Q4-19,2019-01-16,6.75,08-31-2019,Credit Agricole CIB
Q4-19,2019-02-15,6.75,08-31-2019,Credit Agricole CIB
Q4-19,2019-02-19,6.75,08-31-2019,Credit Agricole CIB
Q4-19,2019-03-01,6.75,08-31-2019,Credit Agricole CIB
Q4-19,2019-03-05,6.75,08-31-2019,Credit Agricole CIB
Q4-19,2019-04-05,6.65,08-31-2019,Credit Agricole CIB
Q4-19,2019-05-23,6.65,08-31-2019,Credit Agricole CIB
Q4-19,2019-08-09,7.05,08-31-2019,Credit Agricole CIB
Q1-20,2019-04-05,6.63,08-31-2019,Credit Agricole CIB
Q1-20,2019-05-23,6.63,08-31-2019,Credit Agricole CIB
Q1-20,2019-08-09,7.15,08-31-2019,Credit Agricole CIB
Q2-20,2019-08-09,7.2,08-31-2019,Credit Agricole CIB
2020,2017-09-12,6.0,08-31-2019,Credit Agricole CIB
2020,2018-06-04,6.65,08-31-2019,Credit Agricole CIB
2020,2018-08-01,6.65,08-31-2019,Credit Agricole CIB
2020,2018-08-30,6.65,08-31-2019,Credit Agricole CIB
2020,2019-01-16,6.65,08-31-2019,Credit Agricole CIB
2020,2019-02-15,6.65,08-31-2019,Credit Agricole CIB
2020,2019-02-19,6.65,08-31-2019,Credit Agricole CIB
2020,2019-03-01,6.65,08-31-2019,Credit Agricole CIB
2020,2019-03-05,6.65,08-31-2019,Credit Agricole CIB
2020,2019-04-05,6.55,08-31-2019,Credit Agricole CIB
2020,2019-05-23,6.55,08-31-2019,Credit Agricole CIB
2020,2019-08-09,7.3,08-31-2019,Credit Agricole CIB
2021,2017-09-12,6.0,08-31-2019,Credit Agricole CIB
2021,2018-06-04,6.0,08-31-2019,Credit Agricole CIB
2021,2018-08-01,6.0,08-31-2019,Credit Agricole CIB
2021,2018-08-30,6.0,08-31-2019,Credit Agricole CIB
2022,2017-09-12,6.0,08-31-2019,Credit Agricole CIB
2022,2018-06-04,6.0,08-31-2019,Credit Agricole CIB
2022,2018-08-01,6.0,08-31-2019,Credit Agricole CIB
2022,2018-08-30,6.0,08-31-2019,Credit Agricole CIB
Q2-12,2011-07-26,6.18,05-31-2012,Credit Agricole CIB
Q2-12,2011-11-15,6.18,05-31-2012,Credit Agricole CIB
Q2-12,2011-12-14,6.28,05-31-2012,Credit Agricole CIB
Q2-12,2012-02-23,6.25,05-31-2012,Credit Agricole CIB
Q2-12,2012-03-02,6.25,05-31-2012,Credit Agricole CIB
Q2-12,2012-03-09,6.25,05-31-2012,Credit Agricole CIB
Q2-12,2012-03-15,6.25,05-31-2012,Credit Agricole CIB
Q2-12,2012-03-30,6.25,05-31-2012,Credit Agricole CIB
Q2-12,2012-04-12,6.25,05-31-2012,Credit Agricole CIB
Q2-12,2012-04-27,6.25,05-31-2012,Credit Agricole CIB
Q2-12,2012-05-01,6.25,05-31-2012,Credit Agricole CIB
Q2-12,2012-05-09,6.25,05-31-2012,Credit Agricole CIB
Q2-12,2012-05-15,6.25,05-31-2012,Credit Agricole CIB
Q2-12,2012-05-18,6.25,05-31-2012,Credit Agricole CIB
Q2-12,2012-05-25,6.25,05-31-2012,Credit Agricole CIB
Q2-12,2012-05-29,6.32,05-31-2012,Credit Agricole CIB
Q3-12,2011-11-15,6.11,05-31-2012,Credit Agricole CIB
Q3-12,2011-12-14,6.24,05-31-2012,Credit Agricole CIB
Q3-12,2012-02-23,6.23,05-31-2012,Credit Agricole CIB
Q3-12,2012-03-02,6.23,05-31-2012,Credit Agricole CIB
Q3-12,2012-03-09,6.23,05-31-2012,Credit Agricole CIB
Q3-12,2012-03-15,6.23,05-31-2012,Credit Agricole CIB
Q3-12,2012-03-30,6.23,05-31-2012,Credit Agricole CIB
Q3-12,2012-04-12,6.23,05-31-2012,Credit Agricole CIB
Q3-12,2012-04-27,6.23,05-31-2012,Credit Agricole CIB
Q3-12,2012-05-01,6.23,05-31-2012,Credit Agricole CIB
Q3-12,2012-05-09,6.23,05-31-2012,Credit Agricole CIB
Q3-12,2012-05-15,6.23,05-31-2012,Credit Agricole CIB
Q3-12,2012-05-18,6.23,05-31-2012,Credit Agricole CIB
Q3-12,2012-05-25,6.23,05-31-2012,Credit Agricole CIB
Q3-12,2012-05-29,6.29,05-31-2012,Credit Agricole CIB
Q4-12,2011-01-05,6.05,05-31-2012,Credit Agricole CIB
Q4-12,2011-04-01,6.05,05-31-2012,Credit Agricole CIB
Q4-12,2011-05-20,6.05,05-31-2012,Credit Agricole CIB
Q4-12,2011-07-26,6.05,05-31-2012,Credit Agricole CIB
Q4-12,2011-11-15,6.05,05-31-2012,Credit Agricole CIB
Q4-12,2011-12-14,6.2,05-31-2012,Credit Agricole CIB
Q4-12,2012-02-23,6.2,05-31-2012,Credit Agricole CIB
Q4-12,2012-03-02,6.2,05-31-2012,Credit Agricole CIB
Q4-12,2012-03-09,6.2,05-31-2012,Credit Agricole CIB
Q4-12,2012-03-15,6.2,05-31-2012,Credit Agricole CIB
Q4-12,2012-03-30,6.2,05-31-2012,Credit Agricole CIB
Q4-12,2012-04-12,6.2,05-31-2012,Credit Agricole CIB
Q4-12,2012-04-27,6.2,05-31-2012,Credit Agricole CIB
Q4-12,2012-05-01,6.2,05-31-2012,Credit Agricole CIB
Q4-12,2012-05-09,6.2,05-31-2012,Credit Agricole CIB
Q4-12,2012-05-15,6.2,05-31-2012,Credit Agricole CIB
Q4-12,2012-05-18,6.2,05-31-2012,Credit Agricole CIB
Q4-12,2012-05-25,6.2,05-31-2012,Credit Agricole CIB
Q4-12,2012-05-29,6.2,05-31-2012,Credit Agricole CIB
Q1-13,2011-12-14,6.16,05-31-2012,Credit Agricole CIB
Q1-13,2012-02-23,6.16,05-31-2012,Credit Agricole CIB
Q1-13,2012-03-02,6.16,05-31-2012,Credit Agricole CIB
Q1-13,2012-03-09,6.16,05-31-2012,Credit Agricole CIB
Q1-13,2012-03-15,6.16,05-31-2012,Credit Agricole CIB
Q1-13,2012-03-30,6.16,05-31-2012,Credit Agricole CIB
Q1-13,2012-04-12,6.16,05-31-2012,Credit Agricole CIB
Q1-13,2012-04-27,6.16,05-31-2012,Credit Agricole CIB
Q1-13,2012-05-01,6.16,05-31-2012,Credit Agricole CIB
Q1-13,2012-05-09,6.16,05-31-2012,Credit Agricole CIB
Q1-13,2012-05-15,6.16,05-31-2012,Credit Agricole CIB
Q1-13,2012-05-18,6.16,05-31-2012,Credit Agricole CIB
Q1-13,2012-05-25,6.16,05-31-2012,Credit Agricole CIB
Q1-13,2012-05-29,6.16,05-31-2012,Credit Agricole CIB
2013,2011-12-14,6.05,05-31-2012,Credit Agricole CIB
2013,2012-02-23,6.05,05-31-2012,Credit Agricole CIB
2013,2012-03-02,6.05,05-31-2012,Credit Agricole CIB
2013,2012-03-09,6.05,05-31-2012,Credit Agricole CIB
2013,2012-03-15,6.05,05-31-2012,Credit Agricole CIB
2013,2012-03-30,6.05,05-31-2012,Credit Agricole CIB
2013,2012-04-12,6.05,05-31-2012,Credit Agricole CIB
2013,2012-04-27,6.05,05-31-2012,Credit Agricole CIB
2013,2012-05-01,6.05,05-31-2012,Credit Agricole CIB
2013,2012-05-09,6.05,05-31-2012,Credit Agricole CIB
2013,2012-05-15,6.05,05-31-2012,Credit Agricole CIB
2013,2012-05-18,6.05,05-31-2012,Credit Agricole CIB
2013,2012-05-25,6.05,05-31-2012,Credit Agricole CIB
2013,2012-05-29,6.05,05-31-2012,Credit Agricole CIB
Q4-15,2014-01-09,5.94,11-30-2015,Credit Agricole CIB
Q4-15,2014-01-16,5.94,11-30-2015,Credit Agricole CIB
Q4-15,2014-01-23,5.94,11-30-2015,Credit Agricole CIB
Q4-15,2014-01-30,5.94,11-30-2015,Credit Agricole CIB
Q4-15,2014-02-06,5.94,11-30-2015,Credit Agricole CIB
Q4-15,2014-02-13,5.94,11-30-2015,Credit Agricole CIB
Q4-15,2014-02-20,5.94,11-30-2015,Credit Agricole CIB
Q4-15,2014-02-27,5.94,11-30-2015,Credit Agricole CIB
Q4-15,2014-03-06,5.94,11-30-2015,Credit Agricole CIB
Q4-15,2014-03-13,5.94,11-30-2015,Credit Agricole CIB
Q4-15,2014-03-14,5.94,11-30-2015,Credit Agricole CIB
Q4-15,2014-03-20,5.94,11-30-2015,Credit Agricole CIB
Q4-15,2014-03-27,5.94,11-30-2015,Credit Agricole CIB
Q4-15,2014-04-03,5.94,11-30-2015,Credit Agricole CIB
Q4-15,2014-04-10,5.94,11-30-2015,Credit Agricole CIB
Q4-15,2014-04-17,5.94,11-30-2015,Credit Agricole CIB
Q4-15,2014-04-24,5.94,11-30-2015,Credit Agricole CIB
Q4-15,2014-05-01,5.94,11-30-2015,Credit Agricole CIB
Q4-15,2014-05-08,5.94,11-30-2015,Credit Agricole CIB
Q4-15,2014-05-15,5.94,11-30-2015,Credit Agricole CIB
Q4-15,2014-05-22,5.94,11-30-2015,Credit Agricole CIB
Q4-15,2014-06-05,5.94,11-30-2015,Credit Agricole CIB
Q4-15,2014-06-12,6.0,11-30-2015,Credit Agricole CIB
Q4-15,2014-06-20,6.0,11-30-2015,Credit Agricole CIB
Q4-15,2014-06-30,6.0,11-30-2015,Credit Agricole CIB
Q4-15,2014-07-04,6.0,11-30-2015,Credit Agricole CIB
Q4-15,2014-07-11,6.0,11-30-2015,Credit Agricole CIB
Q4-15,2014-10-29,5.96,11-30-2015,Credit Agricole CIB
Q4-15,2015-05-21,6.16,11-30-2015,Credit Agricole CIB
Q4-15,2015-09-11,6.5,11-30-2015,Credit Agricole CIB
Q1-16,2015-05-21,6.2,11-30-2015,Credit Agricole CIB
Q1-16,2015-09-11,6.5,11-30-2015,Credit Agricole CIB
Q2-16,2015-05-21,6.21,11-30-2015,Credit Agricole CIB
Q2-16,2015-09-11,6.45,11-30-2015,Credit Agricole CIB
Q3-16,2015-05-21,6.13,11-30-2015,Credit Agricole CIB
Q3-16,2015-09-11,6.4,11-30-2015,Credit Agricole CIB
2016,2015-05-21,6.05,11-30-2015,Credit Agricole CIB
2016,2015-09-11,6.35,11-30-2015,Credit Agricole CIB
