period,change_date,change,file,company
Q2-07,2006-09-15,7.75,05-31-2007,HSBC Holdings
Q2-07,2006-10-16,7.7,05-31-2007,HSBC Holdings
Q2-07,2006-11-17,7.7,05-31-2007,HSBC Holdings
Q2-07,2006-12-19,7.7,05-31-2007,HSBC Holdings
Q2-07,2007-01-19,7.66,05-31-2007,HSBC Holdings
Q2-07,2007-02-21,7.66,05-31-2007,HSBC Holdings
Q2-07,2007-03-30,7.24,05-31-2007,HSBC Holdings
Q2-07,2007-04-16,7.24,05-31-2007,HSBC Holdings
Q2-07,2007-05-09,7.65,05-31-2007,HSBC Holdings
Q3-07,2006-09-15,7.7,05-31-2007,HSBC Holdings
Q3-07,2006-10-16,7.63,05-31-2007,HSBC Holdings
Q3-07,2006-11-17,7.63,05-31-2007,HSBC Holdings
Q3-07,2006-12-19,7.63,05-31-2007,HSBC Holdings
Q3-07,2007-01-19,7.58,05-31-2007,HSBC Holdings
Q3-07,2007-02-21,7.58,05-31-2007,HSBC Holdings
Q3-07,2007-03-30,7.16,05-31-2007,HSBC Holdings
Q3-07,2007-04-16,7.16,05-31-2007,HSBC Holdings
Q3-07,2007-05-09,7.58,05-31-2007,HSBC Holdings
Q4-07,2006-11-17,7.55,05-31-2007,HSBC Holdings
Q4-07,2006-12-19,7.55,05-31-2007,HSBC Holdings
Q4-07,2007-01-19,7.4,05-31-2007,HSBC Holdings
Q4-07,2007-02-21,7.4,05-31-2007,HSBC Holdings
Q4-07,2007-03-30,7.05,05-31-2007,HSBC Holdings
Q4-07,2007-04-16,7.05,05-31-2007,HSBC Holdings
Q4-07,2007-05-09,7.4,05-31-2007,HSBC Holdings
Q1-08,2007-05-09,7.32,05-31-2007,HSBC Holdings
2008,2007-05-09,7.05,05-31-2007,HSBC Holdings
Q2-11,2010-06-04,6.68,05-31-2011,HSBC Holdings
Q2-11,2010-06-09,6.68,05-31-2011,HSBC Holdings
Q2-11,2010-07-08,6.68,05-31-2011,HSBC Holdings
Q2-11,2010-08-12,6.6,05-31-2011,HSBC Holdings
Q2-11,2010-09-17,6.6,05-31-2011,HSBC Holdings
Q2-11,2010-10-25,6.6,05-31-2011,HSBC Holdings
Q2-11,2010-11-12,6.6,05-31-2011,HSBC Holdings
Q2-11,2010-12-22,6.57,05-31-2011,HSBC Holdings
Q2-11,2011-01-11,6.57,05-31-2011,HSBC Holdings
Q2-11,2011-02-16,6.57,05-31-2011,HSBC Holdings
Q2-11,2011-03-11,6.57,05-31-2011,HSBC Holdings
Q2-11,2011-04-08,6.48,05-31-2011,HSBC Holdings
Q2-11,2011-05-13,6.48,05-31-2011,HSBC Holdings
Q3-11,2010-06-04,6.62,05-31-2011,HSBC Holdings
Q3-11,2010-06-09,6.62,05-31-2011,HSBC Holdings
Q3-11,2010-09-17,6.57,05-31-2011,HSBC Holdings
Q3-11,2010-10-25,6.57,05-31-2011,HSBC Holdings
Q3-11,2010-11-12,6.57,05-31-2011,HSBC Holdings
Q3-11,2010-12-22,6.46,05-31-2011,HSBC Holdings
Q3-11,2011-01-11,6.46,05-31-2011,HSBC Holdings
Q3-11,2011-02-16,6.46,05-31-2011,HSBC Holdings
Q3-11,2011-03-11,6.46,05-31-2011,HSBC Holdings
Q3-11,2011-04-08,6.4,05-31-2011,HSBC Holdings
Q3-11,2011-05-13,6.4,05-31-2011,HSBC Holdings
Q4-11,2009-12-11,6.4,05-31-2011,HSBC Holdings
Q4-11,2010-01-15,6.4,05-31-2011,HSBC Holdings
Q4-11,2010-02-15,6.12,05-31-2011,HSBC Holdings
Q4-11,2010-03-22,6.12,05-31-2011,HSBC Holdings
Q4-11,2010-05-05,6.12,05-31-2011,HSBC Holdings
Q4-11,2010-06-02,6.12,05-31-2011,HSBC Holdings
Q4-11,2010-06-04,6.55,05-31-2011,HSBC Holdings
Q4-11,2010-06-09,6.55,05-31-2011,HSBC Holdings
Q4-11,2010-08-12,6.54,05-31-2011,HSBC Holdings
Q4-11,2010-10-25,6.54,05-31-2011,HSBC Holdings
Q4-11,2010-12-22,6.35,05-31-2011,HSBC Holdings
Q4-11,2011-01-11,6.35,05-31-2011,HSBC Holdings
Q4-11,2011-02-16,6.35,05-31-2011,HSBC Holdings
Q4-11,2011-03-11,6.35,05-31-2011,HSBC Holdings
Q4-11,2011-04-08,6.35,05-31-2011,HSBC Holdings
Q4-11,2011-05-13,6.35,05-31-2011,HSBC Holdings
Q1-12,2011-03-11,6.3,05-31-2011,HSBC Holdings
Q1-12,2011-04-08,6.3,05-31-2011,HSBC Holdings
Q1-12,2011-05-13,6.3,05-31-2011,HSBC Holdings
Q4-16,2014-12-11,6.3,11-30-2016,HSBC Holdings
Q4-16,2015-01-19,6.3,11-30-2016,HSBC Holdings
Q4-16,2015-01-30,6.44,11-30-2016,HSBC Holdings
Q4-16,2015-02-19,6.44,11-30-2016,HSBC Holdings
Q4-16,2015-02-25,6.44,11-30-2016,HSBC Holdings
Q4-16,2015-03-05,6.44,11-30-2016,HSBC Holdings
Q4-16,2015-03-12,6.44,11-30-2016,HSBC Holdings
Q4-16,2015-03-19,6.44,11-30-2016,HSBC Holdings
Q4-16,2015-04-29,6.32,11-30-2016,HSBC Holdings
Q4-16,2015-05-14,6.32,11-30-2016,HSBC Holdings
Q4-16,2015-06-11,6.32,11-30-2016,HSBC Holdings
Q4-16,2015-07-01,6.32,11-30-2016,HSBC Holdings
Q4-16,2015-08-17,6.6,11-30-2016,HSBC Holdings
Q4-16,2015-09-02,6.6,11-30-2016,HSBC Holdings
Q4-16,2015-09-11,6.6,11-30-2016,HSBC Holdings
Q4-16,2015-11-13,6.6,11-30-2016,HSBC Holdings
Q4-16,2015-12-08,6.7,11-30-2016,HSBC Holdings
Q4-16,2015-12-17,6.7,11-30-2016,HSBC Holdings
Q4-16,2016-02-15,6.9,11-30-2016,HSBC Holdings
Q4-16,2016-03-16,6.9,11-30-2016,HSBC Holdings
Q4-16,2016-04-08,6.9,11-30-2016,HSBC Holdings
Q4-16,2016-06-01,6.9,11-30-2016,HSBC Holdings
Q4-16,2016-06-09,6.9,11-30-2016,HSBC Holdings
Q4-16,2016-07-15,6.9,11-30-2016,HSBC Holdings
Q4-16,2016-08-17,6.9,11-30-2016,HSBC Holdings
Q4-16,2016-09-08,6.8,11-30-2016,HSBC Holdings
Q4-16,2016-10-13,6.8,11-30-2016,HSBC Holdings
Q4-16,2016-11-15,6.9,11-30-2016,HSBC Holdings
Q1-17,2016-06-01,6.9,11-30-2016,HSBC Holdings
Q1-17,2016-06-09,6.9,11-30-2016,HSBC Holdings
Q1-17,2016-07-15,6.9,11-30-2016,HSBC Holdings
Q1-17,2016-08-17,6.9,11-30-2016,HSBC Holdings
Q1-17,2016-09-08,6.85,11-30-2016,HSBC Holdings
Q1-17,2016-10-13,6.85,11-30-2016,HSBC Holdings
Q1-17,2016-11-15,7.05,11-30-2016,HSBC Holdings
Q2-17,2016-06-01,6.9,11-30-2016,HSBC Holdings
Q2-17,2016-06-09,6.9,11-30-2016,HSBC Holdings
Q2-17,2016-07-15,6.9,11-30-2016,HSBC Holdings
Q2-17,2016-08-17,6.9,11-30-2016,HSBC Holdings
Q2-17,2016-09-08,6.85,11-30-2016,HSBC Holdings
Q2-17,2016-10-13,6.85,11-30-2016,HSBC Holdings
Q2-17,2016-11-15,7.1,11-30-2016,HSBC Holdings
Q3-17,2016-09-08,6.9,11-30-2016,HSBC Holdings
Q3-17,2016-10-13,6.9,11-30-2016,HSBC Holdings
Q3-17,2016-11-15,7.15,11-30-2016,HSBC Holdings
2017,2016-09-08,6.9,11-30-2016,HSBC Holdings
2017,2016-10-13,6.9,11-30-2016,HSBC Holdings
2017,2016-11-15,7.2,11-30-2016,HSBC Holdings
Q1-11,2010-03-22,6.4,02-28-2011,HSBC Holdings
Q1-11,2010-05-05,6.4,02-28-2011,HSBC Holdings
Q1-11,2010-06-04,6.75,02-28-2011,HSBC Holdings
Q1-11,2010-06-09,6.75,02-28-2011,HSBC Holdings
Q1-11,2010-07-08,6.75,02-28-2011,HSBC Holdings
Q1-11,2010-08-12,6.63,02-28-2011,HSBC Holdings
Q1-11,2010-09-17,6.63,02-28-2011,HSBC Holdings
Q1-11,2010-10-25,6.63,02-28-2011,HSBC Holdings
Q1-11,2010-11-12,6.63,02-28-2011,HSBC Holdings
Q1-11,2010-12-22,6.62,02-28-2011,HSBC Holdings
Q1-11,2011-01-11,6.62,02-28-2011,HSBC Holdings
Q1-11,2011-02-16,6.62,02-28-2011,HSBC Holdings
Q2-11,2010-06-04,6.68,02-28-2011,HSBC Holdings
Q2-11,2010-06-09,6.68,02-28-2011,HSBC Holdings
Q2-11,2010-07-08,6.68,02-28-2011,HSBC Holdings
Q2-11,2010-08-12,6.6,02-28-2011,HSBC Holdings
Q2-11,2010-09-17,6.6,02-28-2011,HSBC Holdings
Q2-11,2010-10-25,6.6,02-28-2011,HSBC Holdings
Q2-11,2010-11-12,6.6,02-28-2011,HSBC Holdings
Q2-11,2010-12-22,6.57,02-28-2011,HSBC Holdings
Q2-11,2011-01-11,6.57,02-28-2011,HSBC Holdings
Q2-11,2011-02-16,6.57,02-28-2011,HSBC Holdings
Q3-11,2010-06-04,6.62,02-28-2011,HSBC Holdings
Q3-11,2010-06-09,6.62,02-28-2011,HSBC Holdings
Q3-11,2010-09-17,6.57,02-28-2011,HSBC Holdings
Q3-11,2010-10-25,6.57,02-28-2011,HSBC Holdings
Q3-11,2010-11-12,6.57,02-28-2011,HSBC Holdings
Q3-11,2010-12-22,6.46,02-28-2011,HSBC Holdings
Q3-11,2011-01-11,6.46,02-28-2011,HSBC Holdings
Q3-11,2011-02-16,6.46,02-28-2011,HSBC Holdings
Q4-11,2009-12-11,6.4,02-28-2011,HSBC Holdings
Q4-11,2010-01-15,6.4,02-28-2011,HSBC Holdings
Q4-11,2010-02-15,6.12,02-28-2011,HSBC Holdings
Q4-11,2010-03-22,6.12,02-28-2011,HSBC Holdings
Q4-11,2010-05-05,6.12,02-28-2011,HSBC Holdings
Q4-11,2010-06-02,6.12,02-28-2011,HSBC Holdings
Q4-11,2010-06-04,6.55,02-28-2011,HSBC Holdings
Q4-11,2010-06-09,6.55,02-28-2011,HSBC Holdings
Q4-11,2010-08-12,6.54,02-28-2011,HSBC Holdings
Q4-11,2010-10-25,6.54,02-28-2011,HSBC Holdings
Q4-11,2010-12-22,6.35,02-28-2011,HSBC Holdings
Q4-11,2011-01-11,6.35,02-28-2011,HSBC Holdings
Q4-11,2011-02-16,6.35,02-28-2011,HSBC Holdings
Q3-16,2015-01-19,6.28,08-31-2016,HSBC Holdings
Q3-16,2015-01-30,6.42,08-31-2016,HSBC Holdings
Q3-16,2015-02-19,6.42,08-31-2016,HSBC Holdings
Q3-16,2015-02-25,6.42,08-31-2016,HSBC Holdings
Q3-16,2015-03-05,6.42,08-31-2016,HSBC Holdings
Q3-16,2015-03-12,6.42,08-31-2016,HSBC Holdings
Q3-16,2015-03-19,6.42,08-31-2016,HSBC Holdings
Q3-16,2015-04-29,6.32,08-31-2016,HSBC Holdings
Q3-16,2015-05-14,6.32,08-31-2016,HSBC Holdings
Q3-16,2015-06-11,6.32,08-31-2016,HSBC Holdings
Q3-16,2015-07-01,6.32,08-31-2016,HSBC Holdings
Q3-16,2015-08-17,6.58,08-31-2016,HSBC Holdings
Q3-16,2015-09-02,6.58,08-31-2016,HSBC Holdings
Q3-16,2015-09-11,6.58,08-31-2016,HSBC Holdings
Q3-16,2015-11-13,6.58,08-31-2016,HSBC Holdings
Q3-16,2015-12-08,6.65,08-31-2016,HSBC Holdings
Q3-16,2015-12-17,6.65,08-31-2016,HSBC Holdings
Q3-16,2016-02-15,6.85,08-31-2016,HSBC Holdings
Q3-16,2016-03-16,6.8,08-31-2016,HSBC Holdings
Q3-16,2016-04-08,6.8,08-31-2016,HSBC Holdings
Q3-16,2016-06-01,6.75,08-31-2016,HSBC Holdings
Q3-16,2016-06-09,6.75,08-31-2016,HSBC Holdings
Q3-16,2016-07-15,6.75,08-31-2016,HSBC Holdings
Q3-16,2016-08-17,6.75,08-31-2016,HSBC Holdings
Q4-16,2014-12-11,6.3,08-31-2016,HSBC Holdings
Q4-16,2015-01-19,6.3,08-31-2016,HSBC Holdings
Q4-16,2015-01-30,6.44,08-31-2016,HSBC Holdings
Q4-16,2015-02-19,6.44,08-31-2016,HSBC Holdings
Q4-16,2015-02-25,6.44,08-31-2016,HSBC Holdings
Q4-16,2015-03-05,6.44,08-31-2016,HSBC Holdings
Q4-16,2015-03-12,6.44,08-31-2016,HSBC Holdings
Q4-16,2015-03-19,6.44,08-31-2016,HSBC Holdings
Q4-16,2015-04-29,6.32,08-31-2016,HSBC Holdings
Q4-16,2015-05-14,6.32,08-31-2016,HSBC Holdings
Q4-16,2015-06-11,6.32,08-31-2016,HSBC Holdings
Q4-16,2015-07-01,6.32,08-31-2016,HSBC Holdings
Q4-16,2015-08-17,6.6,08-31-2016,HSBC Holdings
Q4-16,2015-09-02,6.6,08-31-2016,HSBC Holdings
Q4-16,2015-09-11,6.6,08-31-2016,HSBC Holdings
Q4-16,2015-11-13,6.6,08-31-2016,HSBC Holdings
Q4-16,2015-12-08,6.7,08-31-2016,HSBC Holdings
Q4-16,2015-12-17,6.7,08-31-2016,HSBC Holdings
Q4-16,2016-02-15,6.9,08-31-2016,HSBC Holdings
Q4-16,2016-03-16,6.9,08-31-2016,HSBC Holdings
Q4-16,2016-04-08,6.9,08-31-2016,HSBC Holdings
Q4-16,2016-06-01,6.9,08-31-2016,HSBC Holdings
Q4-16,2016-06-09,6.9,08-31-2016,HSBC Holdings
Q4-16,2016-07-15,6.9,08-31-2016,HSBC Holdings
Q4-16,2016-08-17,6.9,08-31-2016,HSBC Holdings
Q1-17,2016-06-01,6.9,08-31-2016,HSBC Holdings
Q1-17,2016-06-09,6.9,08-31-2016,HSBC Holdings
Q1-17,2016-07-15,6.9,08-31-2016,HSBC Holdings
Q1-17,2016-08-17,6.9,08-31-2016,HSBC Holdings
Q2-17,2016-06-01,6.9,08-31-2016,HSBC Holdings
Q2-17,2016-06-09,6.9,08-31-2016,HSBC Holdings
Q2-17,2016-07-15,6.9,08-31-2016,HSBC Holdings
Q2-17,2016-08-17,6.9,08-31-2016,HSBC Holdings
Q1-07,2006-09-15,7.8,02-28-2007,HSBC Holdings
Q1-07,2006-10-16,7.78,02-28-2007,HSBC Holdings
Q1-07,2006-11-17,7.78,02-28-2007,HSBC Holdings
Q1-07,2006-12-19,7.78,02-28-2007,HSBC Holdings
Q1-07,2007-01-19,7.73,02-28-2007,HSBC Holdings
Q1-07,2007-02-21,7.73,02-28-2007,HSBC Holdings
Q2-07,2006-09-15,7.75,02-28-2007,HSBC Holdings
Q2-07,2006-10-16,7.7,02-28-2007,HSBC Holdings
Q2-07,2006-11-17,7.7,02-28-2007,HSBC Holdings
Q2-07,2006-12-19,7.7,02-28-2007,HSBC Holdings
Q2-07,2007-01-19,7.66,02-28-2007,HSBC Holdings
Q2-07,2007-02-21,7.66,02-28-2007,HSBC Holdings
Q3-07,2006-09-15,7.7,02-28-2007,HSBC Holdings
Q3-07,2006-10-16,7.63,02-28-2007,HSBC Holdings
Q3-07,2006-11-17,7.63,02-28-2007,HSBC Holdings
Q3-07,2006-12-19,7.63,02-28-2007,HSBC Holdings
Q3-07,2007-01-19,7.58,02-28-2007,HSBC Holdings
Q3-07,2007-02-21,7.58,02-28-2007,HSBC Holdings
Q4-07,2006-11-17,7.55,02-28-2007,HSBC Holdings
Q4-07,2006-12-19,7.55,02-28-2007,HSBC Holdings
Q4-07,2007-01-19,7.4,02-28-2007,HSBC Holdings
Q4-07,2007-02-21,7.4,02-28-2007,HSBC Holdings
Q3-17,2016-09-08,6.9,08-31-2017,HSBC Holdings
Q3-17,2016-10-13,6.9,08-31-2017,HSBC Holdings
Q3-17,2016-11-15,7.15,08-31-2017,HSBC Holdings
Q3-17,2016-12-08,7.15,08-31-2017,HSBC Holdings
Q3-17,2017-01-04,7.15,08-31-2017,HSBC Holdings
Q3-17,2017-01-06,7.15,08-31-2017,HSBC Holdings
Q3-17,2017-02-17,7.15,08-31-2017,HSBC Holdings
Q3-17,2017-03-15,7.1,08-31-2017,HSBC Holdings
Q3-17,2017-04-25,7.0,08-31-2017,HSBC Holdings
Q3-17,2017-05-02,7.0,08-31-2017,HSBC Holdings
Q3-17,2017-05-12,7.0,08-31-2017,HSBC Holdings
Q3-17,2017-05-17,7.0,08-31-2017,HSBC Holdings
Q3-17,2017-06-05,6.8,08-31-2017,HSBC Holdings
Q3-17,2017-06-14,6.8,08-31-2017,HSBC Holdings
Q3-17,2017-06-20,6.8,08-31-2017,HSBC Holdings
Q3-17,2017-06-30,6.8,08-31-2017,HSBC Holdings
Q3-17,2017-07-14,6.8,08-31-2017,HSBC Holdings
Q3-17,2017-08-14,6.8,08-31-2017,HSBC Holdings
Q3-17,2017-08-25,6.8,08-31-2017,HSBC Holdings
Q4-17,2016-09-08,6.9,08-31-2017,HSBC Holdings
Q4-17,2016-10-13,6.9,08-31-2017,HSBC Holdings
Q4-17,2016-11-15,7.2,08-31-2017,HSBC Holdings
Q4-17,2016-12-08,7.2,08-31-2017,HSBC Holdings
Q4-17,2017-01-04,7.2,08-31-2017,HSBC Holdings
Q4-17,2017-01-06,7.2,08-31-2017,HSBC Holdings
Q4-17,2017-02-17,7.2,08-31-2017,HSBC Holdings
Q4-17,2017-03-15,7.2,08-31-2017,HSBC Holdings
Q4-17,2017-04-25,7.1,08-31-2017,HSBC Holdings
Q4-17,2017-05-02,7.1,08-31-2017,HSBC Holdings
Q4-17,2017-05-12,7.1,08-31-2017,HSBC Holdings
Q4-17,2017-05-17,7.1,08-31-2017,HSBC Holdings
Q4-17,2017-06-05,6.9,08-31-2017,HSBC Holdings
Q4-17,2017-06-14,6.9,08-31-2017,HSBC Holdings
Q4-17,2017-06-20,6.9,08-31-2017,HSBC Holdings
Q4-17,2017-06-30,6.9,08-31-2017,HSBC Holdings
Q4-17,2017-07-14,6.9,08-31-2017,HSBC Holdings
Q4-17,2017-08-14,6.9,08-31-2017,HSBC Holdings
Q4-17,2017-08-25,6.9,08-31-2017,HSBC Holdings
Q1-18,2017-06-05,7.0,08-31-2017,HSBC Holdings
Q1-18,2017-06-14,7.0,08-31-2017,HSBC Holdings
Q1-18,2017-06-20,7.0,08-31-2017,HSBC Holdings
Q1-18,2017-06-30,7.0,08-31-2017,HSBC Holdings
Q1-18,2017-07-14,7.0,08-31-2017,HSBC Holdings
Q1-18,2017-08-14,7.0,08-31-2017,HSBC Holdings
Q1-18,2017-08-25,7.0,08-31-2017,HSBC Holdings
Q2-18,2017-06-05,7.0,08-31-2017,HSBC Holdings
Q2-18,2017-06-14,7.0,08-31-2017,HSBC Holdings
Q2-18,2017-06-20,7.0,08-31-2017,HSBC Holdings
Q2-18,2017-06-30,7.0,08-31-2017,HSBC Holdings
Q2-18,2017-07-14,7.0,08-31-2017,HSBC Holdings
Q2-18,2017-08-14,7.0,08-31-2017,HSBC Holdings
Q2-18,2017-08-25,7.0,08-31-2017,HSBC Holdings
2018,2017-06-30,7.0,08-31-2017,HSBC Holdings
2018,2017-07-14,7.0,08-31-2017,HSBC Holdings
2018,2017-08-14,7.0,08-31-2017,HSBC Holdings
2018,2017-08-25,7.0,08-31-2017,HSBC Holdings
Q1-10,2009-03-23,6.8,02-28-2010,HSBC Holdings
Q1-10,2009-04-08,6.8,02-28-2010,HSBC Holdings
Q1-10,2009-05-15,6.8,02-28-2010,HSBC Holdings
Q1-10,2009-06-12,6.8,02-28-2010,HSBC Holdings
Q1-10,2009-07-22,6.8,02-28-2010,HSBC Holdings
Q1-10,2009-08-14,6.8,02-28-2010,HSBC Holdings
Q1-10,2009-08-27,6.8,02-28-2010,HSBC Holdings
Q1-10,2009-09-11,6.8,02-28-2010,HSBC Holdings
Q1-10,2009-10-02,6.8,02-28-2010,HSBC Holdings
Q1-10,2009-10-08,6.8,02-28-2010,HSBC Holdings
Q1-10,2009-11-11,6.8,02-28-2010,HSBC Holdings
Q1-10,2009-12-11,6.8,02-28-2010,HSBC Holdings
Q1-10,2010-01-15,6.8,02-28-2010,HSBC Holdings
Q1-10,2010-02-15,6.8,02-28-2010,HSBC Holdings
Q2-10,2009-04-08,6.8,02-28-2010,HSBC Holdings
Q2-10,2009-06-12,6.8,02-28-2010,HSBC Holdings
Q2-10,2009-07-22,6.8,02-28-2010,HSBC Holdings
Q2-10,2009-08-14,6.8,02-28-2010,HSBC Holdings
Q2-10,2009-08-27,6.8,02-28-2010,HSBC Holdings
Q2-10,2009-09-11,6.8,02-28-2010,HSBC Holdings
Q2-10,2009-10-02,6.8,02-28-2010,HSBC Holdings
Q2-10,2009-10-08,6.8,02-28-2010,HSBC Holdings
Q2-10,2009-11-11,6.8,02-28-2010,HSBC Holdings
Q2-10,2009-12-11,6.8,02-28-2010,HSBC Holdings
Q2-10,2010-01-15,6.8,02-28-2010,HSBC Holdings
Q2-10,2010-02-15,6.7,02-28-2010,HSBC Holdings
Q3-10,2009-04-08,6.8,02-28-2010,HSBC Holdings
Q3-10,2009-09-11,6.8,02-28-2010,HSBC Holdings
Q3-10,2009-10-02,6.73,02-28-2010,HSBC Holdings
Q3-10,2009-10-08,6.73,02-28-2010,HSBC Holdings
Q3-10,2009-11-11,6.73,02-28-2010,HSBC Holdings
Q3-10,2009-12-11,6.73,02-28-2010,HSBC Holdings
Q3-10,2010-01-15,6.73,02-28-2010,HSBC Holdings
Q3-10,2010-02-15,6.6,02-28-2010,HSBC Holdings
Q4-10,2009-04-08,6.8,02-28-2010,HSBC Holdings
Q4-10,2009-07-22,6.8,02-28-2010,HSBC Holdings
Q4-10,2009-08-14,6.8,02-28-2010,HSBC Holdings
Q4-10,2009-08-27,6.8,02-28-2010,HSBC Holdings
Q4-10,2009-09-11,6.8,02-28-2010,HSBC Holdings
Q4-10,2009-10-02,6.66,02-28-2010,HSBC Holdings
Q4-10,2009-10-08,6.66,02-28-2010,HSBC Holdings
Q4-10,2009-11-11,6.66,02-28-2010,HSBC Holdings
Q4-10,2009-12-11,6.66,02-28-2010,HSBC Holdings
Q4-10,2010-01-15,6.66,02-28-2010,HSBC Holdings
Q4-10,2010-02-15,6.5,02-28-2010,HSBC Holdings
2011,2009-12-11,6.4,02-28-2010,HSBC Holdings
2011,2010-01-15,6.4,02-28-2010,HSBC Holdings
2011,2010-02-15,6.12,02-28-2010,HSBC Holdings
Q4-17,2016-09-08,6.9,11-30-2017,HSBC Holdings
Q4-17,2016-10-13,6.9,11-30-2017,HSBC Holdings
Q4-17,2016-11-15,7.2,11-30-2017,HSBC Holdings
Q4-17,2016-12-08,7.2,11-30-2017,HSBC Holdings
Q4-17,2017-01-04,7.2,11-30-2017,HSBC Holdings
Q4-17,2017-01-06,7.2,11-30-2017,HSBC Holdings
Q4-17,2017-02-17,7.2,11-30-2017,HSBC Holdings
Q4-17,2017-03-15,7.2,11-30-2017,HSBC Holdings
Q4-17,2017-04-25,7.1,11-30-2017,HSBC Holdings
Q4-17,2017-05-02,7.1,11-30-2017,HSBC Holdings
Q4-17,2017-05-12,7.1,11-30-2017,HSBC Holdings
Q4-17,2017-05-17,7.1,11-30-2017,HSBC Holdings
Q4-17,2017-06-05,6.9,11-30-2017,HSBC Holdings
Q4-17,2017-06-14,6.9,11-30-2017,HSBC Holdings
Q4-17,2017-06-20,6.9,11-30-2017,HSBC Holdings
Q4-17,2017-06-30,6.9,11-30-2017,HSBC Holdings
Q4-17,2017-07-14,6.9,11-30-2017,HSBC Holdings
Q4-17,2017-08-14,6.9,11-30-2017,HSBC Holdings
Q4-17,2017-08-25,6.9,11-30-2017,HSBC Holdings
Q4-17,2017-09-04,6.5,11-30-2017,HSBC Holdings
Q4-17,2017-09-08,6.5,11-30-2017,HSBC Holdings
Q4-17,2017-09-20,6.5,11-30-2017,HSBC Holdings
Q1-18,2017-06-05,7.0,11-30-2017,HSBC Holdings
Q1-18,2017-06-14,7.0,11-30-2017,HSBC Holdings
Q1-18,2017-06-20,7.0,11-30-2017,HSBC Holdings
Q1-18,2017-06-30,7.0,11-30-2017,HSBC Holdings
Q1-18,2017-07-14,7.0,11-30-2017,HSBC Holdings
Q1-18,2017-08-14,7.0,11-30-2017,HSBC Holdings
Q1-18,2017-08-25,7.0,11-30-2017,HSBC Holdings
Q1-18,2017-09-04,6.55,11-30-2017,HSBC Holdings
Q1-18,2017-09-08,6.55,11-30-2017,HSBC Holdings
Q1-18,2017-09-20,6.55,11-30-2017,HSBC Holdings
Q2-18,2017-06-05,7.0,11-30-2017,HSBC Holdings
Q2-18,2017-06-14,7.0,11-30-2017,HSBC Holdings
Q2-18,2017-06-20,7.0,11-30-2017,HSBC Holdings
Q2-18,2017-06-30,7.0,11-30-2017,HSBC Holdings
Q2-18,2017-07-14,7.0,11-30-2017,HSBC Holdings
Q2-18,2017-08-14,7.0,11-30-2017,HSBC Holdings
Q2-18,2017-08-25,7.0,11-30-2017,HSBC Holdings
Q2-18,2017-09-04,6.6,11-30-2017,HSBC Holdings
Q2-18,2017-09-08,6.6,11-30-2017,HSBC Holdings
Q2-18,2017-09-20,6.6,11-30-2017,HSBC Holdings
Q3-18,2017-09-04,6.65,11-30-2017,HSBC Holdings
2018,2017-06-30,7.0,11-30-2017,HSBC Holdings
2018,2017-07-14,7.0,11-30-2017,HSBC Holdings
2018,2017-08-14,7.0,11-30-2017,HSBC Holdings
2018,2017-08-25,7.0,11-30-2017,HSBC Holdings
2018,2017-09-04,6.7,11-30-2017,HSBC Holdings
2018,2017-09-08,6.7,11-30-2017,HSBC Holdings
2018,2017-09-20,6.7,11-30-2017,HSBC Holdings
Q2-10,2009-04-08,6.8,05-31-2010,HSBC Holdings
Q2-10,2009-06-12,6.8,05-31-2010,HSBC Holdings
Q2-10,2009-07-22,6.8,05-31-2010,HSBC Holdings
Q2-10,2009-08-14,6.8,05-31-2010,HSBC Holdings
Q2-10,2009-08-27,6.8,05-31-2010,HSBC Holdings
Q2-10,2009-09-11,6.8,05-31-2010,HSBC Holdings
Q2-10,2009-10-02,6.8,05-31-2010,HSBC Holdings
Q2-10,2009-10-08,6.8,05-31-2010,HSBC Holdings
Q2-10,2009-11-11,6.8,05-31-2010,HSBC Holdings
Q2-10,2009-12-11,6.8,05-31-2010,HSBC Holdings
Q2-10,2010-01-15,6.8,05-31-2010,HSBC Holdings
Q2-10,2010-02-15,6.7,05-31-2010,HSBC Holdings
Q2-10,2010-03-22,6.7,05-31-2010,HSBC Holdings
Q2-10,2010-05-05,6.7,05-31-2010,HSBC Holdings
Q3-10,2009-04-08,6.8,05-31-2010,HSBC Holdings
Q3-10,2009-09-11,6.8,05-31-2010,HSBC Holdings
Q3-10,2009-10-02,6.73,05-31-2010,HSBC Holdings
Q3-10,2009-10-08,6.73,05-31-2010,HSBC Holdings
Q3-10,2009-11-11,6.73,05-31-2010,HSBC Holdings
Q3-10,2009-12-11,6.73,05-31-2010,HSBC Holdings
Q3-10,2010-01-15,6.73,05-31-2010,HSBC Holdings
Q3-10,2010-02-15,6.6,05-31-2010,HSBC Holdings
Q3-10,2010-03-22,6.6,05-31-2010,HSBC Holdings
Q3-10,2010-05-05,6.6,05-31-2010,HSBC Holdings
Q4-10,2009-04-08,6.8,05-31-2010,HSBC Holdings
Q4-10,2009-07-22,6.8,05-31-2010,HSBC Holdings
Q4-10,2009-08-14,6.8,05-31-2010,HSBC Holdings
Q4-10,2009-08-27,6.8,05-31-2010,HSBC Holdings
Q4-10,2009-09-11,6.8,05-31-2010,HSBC Holdings
Q4-10,2009-10-02,6.66,05-31-2010,HSBC Holdings
Q4-10,2009-10-08,6.66,05-31-2010,HSBC Holdings
Q4-10,2009-11-11,6.66,05-31-2010,HSBC Holdings
Q4-10,2009-12-11,6.66,05-31-2010,HSBC Holdings
Q4-10,2010-01-15,6.66,05-31-2010,HSBC Holdings
Q4-10,2010-02-15,6.5,05-31-2010,HSBC Holdings
Q4-10,2010-03-22,6.5,05-31-2010,HSBC Holdings
Q4-10,2010-05-05,6.5,05-31-2010,HSBC Holdings
Q1-11,2010-03-22,6.4,05-31-2010,HSBC Holdings
Q1-11,2010-05-05,6.4,05-31-2010,HSBC Holdings
2011,2009-12-11,6.4,05-31-2010,HSBC Holdings
2011,2010-01-15,6.4,05-31-2010,HSBC Holdings
2011,2010-02-15,6.12,05-31-2010,HSBC Holdings
2011,2010-03-22,6.12,05-31-2010,HSBC Holdings
2011,2010-05-05,6.12,05-31-2010,HSBC Holdings
Q1-17,2016-06-01,6.9,02-28-2017,HSBC Holdings
Q1-17,2016-06-09,6.9,02-28-2017,HSBC Holdings
Q1-17,2016-07-15,6.9,02-28-2017,HSBC Holdings
Q1-17,2016-08-17,6.9,02-28-2017,HSBC Holdings
Q1-17,2016-09-08,6.85,02-28-2017,HSBC Holdings
Q1-17,2016-10-13,6.85,02-28-2017,HSBC Holdings
Q1-17,2016-11-15,7.05,02-28-2017,HSBC Holdings
Q1-17,2016-12-08,7.05,02-28-2017,HSBC Holdings
Q1-17,2017-01-04,7.05,02-28-2017,HSBC Holdings
Q1-17,2017-01-06,7.05,02-28-2017,HSBC Holdings
Q1-17,2017-02-17,7.05,02-28-2017,HSBC Holdings
Q2-17,2016-06-01,6.9,02-28-2017,HSBC Holdings
Q2-17,2016-06-09,6.9,02-28-2017,HSBC Holdings
Q2-17,2016-07-15,6.9,02-28-2017,HSBC Holdings
Q2-17,2016-08-17,6.9,02-28-2017,HSBC Holdings
Q2-17,2016-09-08,6.85,02-28-2017,HSBC Holdings
Q2-17,2016-10-13,6.85,02-28-2017,HSBC Holdings
Q2-17,2016-11-15,7.1,02-28-2017,HSBC Holdings
Q2-17,2016-12-08,7.1,02-28-2017,HSBC Holdings
Q2-17,2017-01-04,7.1,02-28-2017,HSBC Holdings
Q2-17,2017-01-06,7.1,02-28-2017,HSBC Holdings
Q2-17,2017-02-17,7.1,02-28-2017,HSBC Holdings
Q3-17,2016-09-08,6.9,02-28-2017,HSBC Holdings
Q3-17,2016-10-13,6.9,02-28-2017,HSBC Holdings
Q3-17,2016-11-15,7.15,02-28-2017,HSBC Holdings
Q3-17,2016-12-08,7.15,02-28-2017,HSBC Holdings
Q3-17,2017-01-04,7.15,02-28-2017,HSBC Holdings
Q3-17,2017-01-06,7.15,02-28-2017,HSBC Holdings
Q3-17,2017-02-17,7.15,02-28-2017,HSBC Holdings
Q4-17,2016-09-08,6.9,02-28-2017,HSBC Holdings
Q4-17,2016-10-13,6.9,02-28-2017,HSBC Holdings
Q4-17,2016-11-15,7.2,02-28-2017,HSBC Holdings
Q4-17,2016-12-08,7.2,02-28-2017,HSBC Holdings
Q4-17,2017-01-04,7.2,02-28-2017,HSBC Holdings
Q4-17,2017-01-06,7.2,02-28-2017,HSBC Holdings
Q4-17,2017-02-17,7.2,02-28-2017,HSBC Holdings
Q3-10,2009-04-08,6.8,08-31-2010,HSBC Holdings
Q3-10,2009-09-11,6.8,08-31-2010,HSBC Holdings
Q3-10,2009-10-02,6.73,08-31-2010,HSBC Holdings
Q3-10,2009-10-08,6.73,08-31-2010,HSBC Holdings
Q3-10,2009-11-11,6.73,08-31-2010,HSBC Holdings
Q3-10,2009-12-11,6.73,08-31-2010,HSBC Holdings
Q3-10,2010-01-15,6.73,08-31-2010,HSBC Holdings
Q3-10,2010-02-15,6.6,08-31-2010,HSBC Holdings
Q3-10,2010-03-22,6.6,08-31-2010,HSBC Holdings
Q3-10,2010-05-05,6.6,08-31-2010,HSBC Holdings
Q3-10,2010-06-02,6.6,08-31-2010,HSBC Holdings
Q3-10,2010-06-04,6.8,08-31-2010,HSBC Holdings
Q3-10,2010-06-09,6.8,08-31-2010,HSBC Holdings
Q3-10,2010-07-08,6.8,08-31-2010,HSBC Holdings
Q3-10,2010-08-12,6.72,08-31-2010,HSBC Holdings
Q4-10,2009-04-08,6.8,08-31-2010,HSBC Holdings
Q4-10,2009-07-22,6.8,08-31-2010,HSBC Holdings
Q4-10,2009-08-14,6.8,08-31-2010,HSBC Holdings
Q4-10,2009-08-27,6.8,08-31-2010,HSBC Holdings
Q4-10,2009-09-11,6.8,08-31-2010,HSBC Holdings
Q4-10,2009-10-02,6.66,08-31-2010,HSBC Holdings
Q4-10,2009-10-08,6.66,08-31-2010,HSBC Holdings
Q4-10,2009-11-11,6.66,08-31-2010,HSBC Holdings
Q4-10,2009-12-11,6.66,08-31-2010,HSBC Holdings
Q4-10,2010-01-15,6.66,08-31-2010,HSBC Holdings
Q4-10,2010-02-15,6.5,08-31-2010,HSBC Holdings
Q4-10,2010-03-22,6.5,08-31-2010,HSBC Holdings
Q4-10,2010-05-05,6.5,08-31-2010,HSBC Holdings
Q4-10,2010-06-02,6.5,08-31-2010,HSBC Holdings
Q4-10,2010-06-04,6.8,08-31-2010,HSBC Holdings
Q4-10,2010-06-09,6.8,08-31-2010,HSBC Holdings
Q4-10,2010-07-08,6.8,08-31-2010,HSBC Holdings
Q4-10,2010-08-12,6.67,08-31-2010,HSBC Holdings
Q1-11,2010-03-22,6.4,08-31-2010,HSBC Holdings
Q1-11,2010-05-05,6.4,08-31-2010,HSBC Holdings
Q1-11,2010-06-04,6.75,08-31-2010,HSBC Holdings
Q1-11,2010-06-09,6.75,08-31-2010,HSBC Holdings
Q1-11,2010-07-08,6.75,08-31-2010,HSBC Holdings
Q1-11,2010-08-12,6.63,08-31-2010,HSBC Holdings
Q2-11,2010-06-04,6.68,08-31-2010,HSBC Holdings
Q2-11,2010-06-09,6.68,08-31-2010,HSBC Holdings
Q2-11,2010-07-08,6.68,08-31-2010,HSBC Holdings
Q2-11,2010-08-12,6.6,08-31-2010,HSBC Holdings
2011,2009-12-11,6.4,08-31-2010,HSBC Holdings
2011,2010-01-15,6.4,08-31-2010,HSBC Holdings
2011,2010-02-15,6.12,08-31-2010,HSBC Holdings
2011,2010-03-22,6.12,08-31-2010,HSBC Holdings
2011,2010-05-05,6.12,08-31-2010,HSBC Holdings
2011,2010-06-02,6.12,08-31-2010,HSBC Holdings
2011,2010-06-04,6.55,08-31-2010,HSBC Holdings
2011,2010-06-09,6.55,08-31-2010,HSBC Holdings
2011,2010-08-12,6.54,08-31-2010,HSBC Holdings
Q2-17,2016-06-01,6.9,05-31-2017,HSBC Holdings
Q2-17,2016-06-09,6.9,05-31-2017,HSBC Holdings
Q2-17,2016-07-15,6.9,05-31-2017,HSBC Holdings
Q2-17,2016-08-17,6.9,05-31-2017,HSBC Holdings
Q2-17,2016-09-08,6.85,05-31-2017,HSBC Holdings
Q2-17,2016-10-13,6.85,05-31-2017,HSBC Holdings
Q2-17,2016-11-15,7.1,05-31-2017,HSBC Holdings
Q2-17,2016-12-08,7.1,05-31-2017,HSBC Holdings
Q2-17,2017-01-04,7.1,05-31-2017,HSBC Holdings
Q2-17,2017-01-06,7.1,05-31-2017,HSBC Holdings
Q2-17,2017-02-17,7.1,05-31-2017,HSBC Holdings
Q2-17,2017-03-15,7.0,05-31-2017,HSBC Holdings
Q2-17,2017-04-25,6.9,05-31-2017,HSBC Holdings
Q2-17,2017-05-02,6.9,05-31-2017,HSBC Holdings
Q2-17,2017-05-12,6.9,05-31-2017,HSBC Holdings
Q2-17,2017-05-17,6.9,05-31-2017,HSBC Holdings
Q3-17,2016-09-08,6.9,05-31-2017,HSBC Holdings
Q3-17,2016-10-13,6.9,05-31-2017,HSBC Holdings
Q3-17,2016-11-15,7.15,05-31-2017,HSBC Holdings
Q3-17,2016-12-08,7.15,05-31-2017,HSBC Holdings
Q3-17,2017-01-04,7.15,05-31-2017,HSBC Holdings
Q3-17,2017-01-06,7.15,05-31-2017,HSBC Holdings
Q3-17,2017-02-17,7.15,05-31-2017,HSBC Holdings
Q3-17,2017-03-15,7.1,05-31-2017,HSBC Holdings
Q3-17,2017-04-25,7.0,05-31-2017,HSBC Holdings
Q3-17,2017-05-02,7.0,05-31-2017,HSBC Holdings
Q3-17,2017-05-12,7.0,05-31-2017,HSBC Holdings
Q3-17,2017-05-17,7.0,05-31-2017,HSBC Holdings
Q4-17,2016-09-08,6.9,05-31-2017,HSBC Holdings
Q4-17,2016-10-13,6.9,05-31-2017,HSBC Holdings
Q4-17,2016-11-15,7.2,05-31-2017,HSBC Holdings
Q4-17,2016-12-08,7.2,05-31-2017,HSBC Holdings
Q4-17,2017-01-04,7.2,05-31-2017,HSBC Holdings
Q4-17,2017-01-06,7.2,05-31-2017,HSBC Holdings
Q4-17,2017-02-17,7.2,05-31-2017,HSBC Holdings
Q4-17,2017-03-15,7.2,05-31-2017,HSBC Holdings
Q4-17,2017-04-25,7.1,05-31-2017,HSBC Holdings
Q4-17,2017-05-02,7.1,05-31-2017,HSBC Holdings
Q4-17,2017-05-12,7.1,05-31-2017,HSBC Holdings
Q4-17,2017-05-17,7.1,05-31-2017,HSBC Holdings
Q4-06,2006-09-15,7.85,11-30-2006,HSBC Holdings
Q4-06,2006-10-16,7.85,11-30-2006,HSBC Holdings
Q4-06,2006-11-17,7.85,11-30-2006,HSBC Holdings
Q1-07,2006-09-15,7.8,11-30-2006,HSBC Holdings
Q1-07,2006-10-16,7.78,11-30-2006,HSBC Holdings
Q1-07,2006-11-17,7.78,11-30-2006,HSBC Holdings
Q2-07,2006-09-15,7.75,11-30-2006,HSBC Holdings
Q2-07,2006-10-16,7.7,11-30-2006,HSBC Holdings
Q2-07,2006-11-17,7.7,11-30-2006,HSBC Holdings
Q3-07,2006-09-15,7.7,11-30-2006,HSBC Holdings
Q3-07,2006-10-16,7.63,11-30-2006,HSBC Holdings
Q3-07,2006-11-17,7.63,11-30-2006,HSBC Holdings
2007,2006-11-17,7.55,11-30-2006,HSBC Holdings
Q4-10,2009-04-08,6.8,11-30-2010,HSBC Holdings
Q4-10,2009-07-22,6.8,11-30-2010,HSBC Holdings
Q4-10,2009-08-14,6.8,11-30-2010,HSBC Holdings
Q4-10,2009-08-27,6.8,11-30-2010,HSBC Holdings
Q4-10,2009-09-11,6.8,11-30-2010,HSBC Holdings
Q4-10,2009-10-02,6.66,11-30-2010,HSBC Holdings
Q4-10,2009-10-08,6.66,11-30-2010,HSBC Holdings
Q4-10,2009-11-11,6.66,11-30-2010,HSBC Holdings
Q4-10,2009-12-11,6.66,11-30-2010,HSBC Holdings
Q4-10,2010-01-15,6.66,11-30-2010,HSBC Holdings
Q4-10,2010-02-15,6.5,11-30-2010,HSBC Holdings
Q4-10,2010-03-22,6.5,11-30-2010,HSBC Holdings
Q4-10,2010-05-05,6.5,11-30-2010,HSBC Holdings
Q4-10,2010-06-02,6.5,11-30-2010,HSBC Holdings
Q4-10,2010-06-04,6.8,11-30-2010,HSBC Holdings
Q4-10,2010-06-09,6.8,11-30-2010,HSBC Holdings
Q4-10,2010-07-08,6.8,11-30-2010,HSBC Holdings
Q4-10,2010-08-12,6.67,11-30-2010,HSBC Holdings
Q4-10,2010-09-17,6.67,11-30-2010,HSBC Holdings
Q4-10,2010-10-25,6.67,11-30-2010,HSBC Holdings
Q4-10,2010-11-12,6.67,11-30-2010,HSBC Holdings
Q1-11,2010-03-22,6.4,11-30-2010,HSBC Holdings
Q1-11,2010-05-05,6.4,11-30-2010,HSBC Holdings
Q1-11,2010-06-04,6.75,11-30-2010,HSBC Holdings
Q1-11,2010-06-09,6.75,11-30-2010,HSBC Holdings
Q1-11,2010-07-08,6.75,11-30-2010,HSBC Holdings
Q1-11,2010-08-12,6.63,11-30-2010,HSBC Holdings
Q1-11,2010-09-17,6.63,11-30-2010,HSBC Holdings
Q1-11,2010-10-25,6.63,11-30-2010,HSBC Holdings
Q1-11,2010-11-12,6.63,11-30-2010,HSBC Holdings
Q2-11,2010-06-04,6.68,11-30-2010,HSBC Holdings
Q2-11,2010-06-09,6.68,11-30-2010,HSBC Holdings
Q2-11,2010-07-08,6.68,11-30-2010,HSBC Holdings
Q2-11,2010-08-12,6.6,11-30-2010,HSBC Holdings
Q2-11,2010-09-17,6.6,11-30-2010,HSBC Holdings
Q2-11,2010-10-25,6.6,11-30-2010,HSBC Holdings
Q2-11,2010-11-12,6.6,11-30-2010,HSBC Holdings
Q3-11,2010-06-04,6.62,11-30-2010,HSBC Holdings
Q3-11,2010-06-09,6.62,11-30-2010,HSBC Holdings
Q3-11,2010-09-17,6.57,11-30-2010,HSBC Holdings
Q3-11,2010-10-25,6.57,11-30-2010,HSBC Holdings
Q3-11,2010-11-12,6.57,11-30-2010,HSBC Holdings
2011,2009-12-11,6.4,11-30-2010,HSBC Holdings
2011,2010-01-15,6.4,11-30-2010,HSBC Holdings
2011,2010-02-15,6.12,11-30-2010,HSBC Holdings
2011,2010-03-22,6.12,11-30-2010,HSBC Holdings
2011,2010-05-05,6.12,11-30-2010,HSBC Holdings
2011,2010-06-02,6.12,11-30-2010,HSBC Holdings
2011,2010-06-04,6.55,11-30-2010,HSBC Holdings
2011,2010-06-09,6.55,11-30-2010,HSBC Holdings
2011,2010-08-12,6.54,11-30-2010,HSBC Holdings
2011,2010-10-25,6.54,11-30-2010,HSBC Holdings
Q4-11,2009-12-11,6.4,11-30-2011,HSBC Holdings
Q4-11,2010-01-15,6.4,11-30-2011,HSBC Holdings
Q4-11,2010-02-15,6.12,11-30-2011,HSBC Holdings
Q4-11,2010-03-22,6.12,11-30-2011,HSBC Holdings
Q4-11,2010-05-05,6.12,11-30-2011,HSBC Holdings
Q4-11,2010-06-02,6.12,11-30-2011,HSBC Holdings
Q4-11,2010-06-04,6.55,11-30-2011,HSBC Holdings
Q4-11,2010-06-09,6.55,11-30-2011,HSBC Holdings
Q4-11,2010-08-12,6.54,11-30-2011,HSBC Holdings
Q4-11,2010-10-25,6.54,11-30-2011,HSBC Holdings
Q4-11,2010-12-22,6.35,11-30-2011,HSBC Holdings
Q4-11,2011-01-11,6.35,11-30-2011,HSBC Holdings
Q4-11,2011-02-16,6.35,11-30-2011,HSBC Holdings
Q4-11,2011-03-11,6.35,11-30-2011,HSBC Holdings
Q4-11,2011-04-08,6.35,11-30-2011,HSBC Holdings
Q4-11,2011-05-13,6.35,11-30-2011,HSBC Holdings
Q4-11,2011-06-16,6.35,11-30-2011,HSBC Holdings
Q4-11,2011-07-21,6.35,11-30-2011,HSBC Holdings
Q4-11,2011-09-08,6.35,11-30-2011,HSBC Holdings
Q4-11,2011-10-25,6.35,11-30-2011,HSBC Holdings
Q4-11,2011-11-14,6.35,11-30-2011,HSBC Holdings
Q4-11,2011-11-15,6.35,11-30-2011,HSBC Holdings
Q1-12,2011-03-11,6.3,11-30-2011,HSBC Holdings
Q1-12,2011-04-08,6.3,11-30-2011,HSBC Holdings
Q1-12,2011-05-13,6.3,11-30-2011,HSBC Holdings
Q1-12,2011-06-16,6.3,11-30-2011,HSBC Holdings
Q1-12,2011-07-21,6.3,11-30-2011,HSBC Holdings
Q1-12,2011-09-08,6.3,11-30-2011,HSBC Holdings
Q1-12,2011-10-25,6.3,11-30-2011,HSBC Holdings
Q1-12,2011-11-14,6.3,11-30-2011,HSBC Holdings
Q1-12,2011-11-15,6.3,11-30-2011,HSBC Holdings
Q2-12,2011-03-11,6.25,11-30-2011,HSBC Holdings
Q2-12,2011-04-08,6.25,11-30-2011,HSBC Holdings
Q2-12,2011-06-16,6.25,11-30-2011,HSBC Holdings
Q2-12,2011-07-21,6.25,11-30-2011,HSBC Holdings
Q2-12,2011-09-08,6.25,11-30-2011,HSBC Holdings
Q2-12,2011-10-25,6.25,11-30-2011,HSBC Holdings
Q2-12,2011-11-14,6.25,11-30-2011,HSBC Holdings
Q2-12,2011-11-15,6.25,11-30-2011,HSBC Holdings
Q3-12,2011-10-25,6.2,11-30-2011,HSBC Holdings
Q3-12,2011-11-14,6.2,11-30-2011,HSBC Holdings
Q3-12,2011-11-15,6.2,11-30-2011,HSBC Holdings
2012,2011-09-08,6.15,11-30-2011,HSBC Holdings
2012,2011-10-25,6.15,11-30-2011,HSBC Holdings
2012,2011-11-14,6.15,11-30-2011,HSBC Holdings
2012,2011-11-15,6.15,11-30-2011,HSBC Holdings
Q4-07,2006-11-17,7.55,11-30-2007,HSBC Holdings
Q4-07,2006-12-19,7.55,11-30-2007,HSBC Holdings
Q4-07,2007-01-19,7.4,11-30-2007,HSBC Holdings
Q4-07,2007-02-21,7.4,11-30-2007,HSBC Holdings
Q4-07,2007-03-30,7.05,11-30-2007,HSBC Holdings
Q4-07,2007-04-16,7.05,11-30-2007,HSBC Holdings
Q4-07,2007-05-09,7.4,11-30-2007,HSBC Holdings
Q4-07,2007-06-19,7.4,11-30-2007,HSBC Holdings
Q4-07,2007-08-02,7.4,11-30-2007,HSBC Holdings
Q4-07,2007-08-13,7.4,11-30-2007,HSBC Holdings
Q4-07,2007-08-22,7.4,11-30-2007,HSBC Holdings
Q4-07,2007-09-06,7.4,11-30-2007,HSBC Holdings
Q4-07,2007-09-14,7.4,11-30-2007,HSBC Holdings
Q4-07,2007-10-03,7.4,11-30-2007,HSBC Holdings
Q4-07,2007-10-05,7.4,11-30-2007,HSBC Holdings
Q4-07,2007-11-09,7.4,11-30-2007,HSBC Holdings
Q1-08,2007-05-09,7.32,11-30-2007,HSBC Holdings
Q1-08,2007-06-19,7.32,11-30-2007,HSBC Holdings
Q1-08,2007-08-02,7.32,11-30-2007,HSBC Holdings
Q1-08,2007-08-13,7.32,11-30-2007,HSBC Holdings
Q1-08,2007-08-22,7.32,11-30-2007,HSBC Holdings
Q1-08,2007-09-06,7.32,11-30-2007,HSBC Holdings
Q1-08,2007-09-14,7.32,11-30-2007,HSBC Holdings
Q1-08,2007-10-03,7.3,11-30-2007,HSBC Holdings
Q1-08,2007-10-05,7.3,11-30-2007,HSBC Holdings
Q1-08,2007-11-09,7.3,11-30-2007,HSBC Holdings
Q2-08,2007-06-19,7.24,11-30-2007,HSBC Holdings
Q2-08,2007-08-02,7.24,11-30-2007,HSBC Holdings
Q2-08,2007-08-13,7.24,11-30-2007,HSBC Holdings
Q2-08,2007-08-22,7.24,11-30-2007,HSBC Holdings
Q2-08,2007-09-06,7.24,11-30-2007,HSBC Holdings
Q2-08,2007-09-14,7.24,11-30-2007,HSBC Holdings
Q2-08,2007-10-03,7.2,11-30-2007,HSBC Holdings
Q2-08,2007-10-05,7.2,11-30-2007,HSBC Holdings
Q2-08,2007-11-09,7.2,11-30-2007,HSBC Holdings
Q3-08,2007-09-06,7.16,11-30-2007,HSBC Holdings
Q3-08,2007-09-14,7.16,11-30-2007,HSBC Holdings
Q3-08,2007-10-03,7.1,11-30-2007,HSBC Holdings
Q3-08,2007-10-05,7.1,11-30-2007,HSBC Holdings
Q3-08,2007-11-09,7.1,11-30-2007,HSBC Holdings
2008,2007-05-09,7.05,11-30-2007,HSBC Holdings
2008,2007-08-02,7.05,11-30-2007,HSBC Holdings
2008,2007-09-06,7.05,11-30-2007,HSBC Holdings
2008,2007-09-14,7.05,11-30-2007,HSBC Holdings
2008,2007-10-03,7.15,11-30-2007,HSBC Holdings
2008,2007-10-05,7.0,11-30-2007,HSBC Holdings
2008,2007-11-09,7.0,11-30-2007,HSBC Holdings
Q2-16,2015-01-19,6.26,05-31-2016,HSBC Holdings
Q2-16,2015-01-30,6.4,05-31-2016,HSBC Holdings
Q2-16,2015-02-19,6.4,05-31-2016,HSBC Holdings
Q2-16,2015-02-25,6.4,05-31-2016,HSBC Holdings
Q2-16,2015-03-05,6.4,05-31-2016,HSBC Holdings
Q2-16,2015-03-12,6.4,05-31-2016,HSBC Holdings
Q2-16,2015-03-19,6.4,05-31-2016,HSBC Holdings
Q2-16,2015-04-29,6.3,05-31-2016,HSBC Holdings
Q2-16,2015-05-14,6.3,05-31-2016,HSBC Holdings
Q2-16,2015-06-11,6.3,05-31-2016,HSBC Holdings
Q2-16,2015-07-01,6.3,05-31-2016,HSBC Holdings
Q2-16,2015-08-17,6.56,05-31-2016,HSBC Holdings
Q2-16,2015-09-02,6.56,05-31-2016,HSBC Holdings
Q2-16,2015-09-11,6.56,05-31-2016,HSBC Holdings
Q2-16,2015-11-13,6.56,05-31-2016,HSBC Holdings
Q2-16,2015-12-08,6.6,05-31-2016,HSBC Holdings
Q2-16,2015-12-17,6.6,05-31-2016,HSBC Holdings
Q2-16,2016-02-15,6.8,05-31-2016,HSBC Holdings
Q2-16,2016-03-16,6.7,05-31-2016,HSBC Holdings
Q2-16,2016-04-08,6.7,05-31-2016,HSBC Holdings
Q3-16,2015-01-19,6.28,05-31-2016,HSBC Holdings
Q3-16,2015-01-30,6.42,05-31-2016,HSBC Holdings
Q3-16,2015-02-19,6.42,05-31-2016,HSBC Holdings
Q3-16,2015-02-25,6.42,05-31-2016,HSBC Holdings
Q3-16,2015-03-05,6.42,05-31-2016,HSBC Holdings
Q3-16,2015-03-12,6.42,05-31-2016,HSBC Holdings
Q3-16,2015-03-19,6.42,05-31-2016,HSBC Holdings
Q3-16,2015-04-29,6.32,05-31-2016,HSBC Holdings
Q3-16,2015-05-14,6.32,05-31-2016,HSBC Holdings
Q3-16,2015-06-11,6.32,05-31-2016,HSBC Holdings
Q3-16,2015-07-01,6.32,05-31-2016,HSBC Holdings
Q3-16,2015-08-17,6.58,05-31-2016,HSBC Holdings
Q3-16,2015-09-02,6.58,05-31-2016,HSBC Holdings
Q3-16,2015-09-11,6.58,05-31-2016,HSBC Holdings
Q3-16,2015-11-13,6.58,05-31-2016,HSBC Holdings
Q3-16,2015-12-08,6.65,05-31-2016,HSBC Holdings
Q3-16,2015-12-17,6.65,05-31-2016,HSBC Holdings
Q3-16,2016-02-15,6.85,05-31-2016,HSBC Holdings
Q3-16,2016-03-16,6.8,05-31-2016,HSBC Holdings
Q3-16,2016-04-08,6.8,05-31-2016,HSBC Holdings
Q4-16,2014-12-11,6.3,05-31-2016,HSBC Holdings
Q4-16,2015-01-19,6.3,05-31-2016,HSBC Holdings
Q4-16,2015-01-30,6.44,05-31-2016,HSBC Holdings
Q4-16,2015-02-19,6.44,05-31-2016,HSBC Holdings
Q4-16,2015-02-25,6.44,05-31-2016,HSBC Holdings
Q4-16,2015-03-05,6.44,05-31-2016,HSBC Holdings
Q4-16,2015-03-12,6.44,05-31-2016,HSBC Holdings
Q4-16,2015-03-19,6.44,05-31-2016,HSBC Holdings
Q4-16,2015-04-29,6.32,05-31-2016,HSBC Holdings
Q4-16,2015-05-14,6.32,05-31-2016,HSBC Holdings
Q4-16,2015-06-11,6.32,05-31-2016,HSBC Holdings
Q4-16,2015-07-01,6.32,05-31-2016,HSBC Holdings
Q4-16,2015-08-17,6.6,05-31-2016,HSBC Holdings
Q4-16,2015-09-02,6.6,05-31-2016,HSBC Holdings
Q4-16,2015-09-11,6.6,05-31-2016,HSBC Holdings
Q4-16,2015-11-13,6.6,05-31-2016,HSBC Holdings
Q4-16,2015-12-08,6.7,05-31-2016,HSBC Holdings
Q4-16,2015-12-17,6.7,05-31-2016,HSBC Holdings
Q4-16,2016-02-15,6.9,05-31-2016,HSBC Holdings
Q4-16,2016-03-16,6.9,05-31-2016,HSBC Holdings
Q4-16,2016-04-08,6.9,05-31-2016,HSBC Holdings
Q3-07,2006-09-15,7.7,08-31-2007,HSBC Holdings
Q3-07,2006-10-16,7.63,08-31-2007,HSBC Holdings
Q3-07,2006-11-17,7.63,08-31-2007,HSBC Holdings
Q3-07,2006-12-19,7.63,08-31-2007,HSBC Holdings
Q3-07,2007-01-19,7.58,08-31-2007,HSBC Holdings
Q3-07,2007-02-21,7.58,08-31-2007,HSBC Holdings
Q3-07,2007-03-30,7.16,08-31-2007,HSBC Holdings
Q3-07,2007-04-16,7.16,08-31-2007,HSBC Holdings
Q3-07,2007-05-09,7.58,08-31-2007,HSBC Holdings
Q3-07,2007-06-19,7.58,08-31-2007,HSBC Holdings
Q3-07,2007-08-02,7.53,08-31-2007,HSBC Holdings
Q3-07,2007-08-13,7.54,08-31-2007,HSBC Holdings
Q3-07,2007-08-22,7.54,08-31-2007,HSBC Holdings
Q4-07,2006-11-17,7.55,08-31-2007,HSBC Holdings
Q4-07,2006-12-19,7.55,08-31-2007,HSBC Holdings
Q4-07,2007-01-19,7.4,08-31-2007,HSBC Holdings
Q4-07,2007-02-21,7.4,08-31-2007,HSBC Holdings
Q4-07,2007-03-30,7.05,08-31-2007,HSBC Holdings
Q4-07,2007-04-16,7.05,08-31-2007,HSBC Holdings
Q4-07,2007-05-09,7.4,08-31-2007,HSBC Holdings
Q4-07,2007-06-19,7.4,08-31-2007,HSBC Holdings
Q4-07,2007-08-02,7.4,08-31-2007,HSBC Holdings
Q4-07,2007-08-13,7.4,08-31-2007,HSBC Holdings
Q4-07,2007-08-22,7.4,08-31-2007,HSBC Holdings
Q1-08,2007-05-09,7.32,08-31-2007,HSBC Holdings
Q1-08,2007-06-19,7.32,08-31-2007,HSBC Holdings
Q1-08,2007-08-02,7.32,08-31-2007,HSBC Holdings
Q1-08,2007-08-13,7.32,08-31-2007,HSBC Holdings
Q1-08,2007-08-22,7.32,08-31-2007,HSBC Holdings
Q2-08,2007-06-19,7.24,08-31-2007,HSBC Holdings
Q2-08,2007-08-02,7.24,08-31-2007,HSBC Holdings
Q2-08,2007-08-13,7.24,08-31-2007,HSBC Holdings
Q2-08,2007-08-22,7.24,08-31-2007,HSBC Holdings
2008,2007-05-09,7.05,08-31-2007,HSBC Holdings
2008,2007-08-02,7.05,08-31-2007,HSBC Holdings
Q3-11,2010-06-04,6.62,08-31-2011,HSBC Holdings
Q3-11,2010-06-09,6.62,08-31-2011,HSBC Holdings
Q3-11,2010-09-17,6.57,08-31-2011,HSBC Holdings
Q3-11,2010-10-25,6.57,08-31-2011,HSBC Holdings
Q3-11,2010-11-12,6.57,08-31-2011,HSBC Holdings
Q3-11,2010-12-22,6.46,08-31-2011,HSBC Holdings
Q3-11,2011-01-11,6.46,08-31-2011,HSBC Holdings
Q3-11,2011-02-16,6.46,08-31-2011,HSBC Holdings
Q3-11,2011-03-11,6.46,08-31-2011,HSBC Holdings
Q3-11,2011-04-08,6.4,08-31-2011,HSBC Holdings
Q3-11,2011-05-13,6.4,08-31-2011,HSBC Holdings
Q3-11,2011-06-16,6.4,08-31-2011,HSBC Holdings
Q3-11,2011-07-21,6.4,08-31-2011,HSBC Holdings
Q4-11,2009-12-11,6.4,08-31-2011,HSBC Holdings
Q4-11,2010-01-15,6.4,08-31-2011,HSBC Holdings
Q4-11,2010-02-15,6.12,08-31-2011,HSBC Holdings
Q4-11,2010-03-22,6.12,08-31-2011,HSBC Holdings
Q4-11,2010-05-05,6.12,08-31-2011,HSBC Holdings
Q4-11,2010-06-02,6.12,08-31-2011,HSBC Holdings
Q4-11,2010-06-04,6.55,08-31-2011,HSBC Holdings
Q4-11,2010-06-09,6.55,08-31-2011,HSBC Holdings
Q4-11,2010-08-12,6.54,08-31-2011,HSBC Holdings
Q4-11,2010-10-25,6.54,08-31-2011,HSBC Holdings
Q4-11,2010-12-22,6.35,08-31-2011,HSBC Holdings
Q4-11,2011-01-11,6.35,08-31-2011,HSBC Holdings
Q4-11,2011-02-16,6.35,08-31-2011,HSBC Holdings
Q4-11,2011-03-11,6.35,08-31-2011,HSBC Holdings
Q4-11,2011-04-08,6.35,08-31-2011,HSBC Holdings
Q4-11,2011-05-13,6.35,08-31-2011,HSBC Holdings
Q4-11,2011-06-16,6.35,08-31-2011,HSBC Holdings
Q4-11,2011-07-21,6.35,08-31-2011,HSBC Holdings
Q1-12,2011-03-11,6.3,08-31-2011,HSBC Holdings
Q1-12,2011-04-08,6.3,08-31-2011,HSBC Holdings
Q1-12,2011-05-13,6.3,08-31-2011,HSBC Holdings
Q1-12,2011-06-16,6.3,08-31-2011,HSBC Holdings
Q1-12,2011-07-21,6.3,08-31-2011,HSBC Holdings
Q2-12,2011-03-11,6.25,08-31-2011,HSBC Holdings
Q2-12,2011-04-08,6.25,08-31-2011,HSBC Holdings
Q2-12,2011-06-16,6.25,08-31-2011,HSBC Holdings
Q2-12,2011-07-21,6.25,08-31-2011,HSBC Holdings
Q1-16,2015-01-19,6.24,02-28-2016,HSBC Holdings
Q1-16,2015-01-30,6.38,02-28-2016,HSBC Holdings
Q1-16,2015-02-19,6.38,02-28-2016,HSBC Holdings
Q1-16,2015-02-25,6.38,02-28-2016,HSBC Holdings
Q1-16,2015-03-05,6.38,02-28-2016,HSBC Holdings
Q1-16,2015-03-12,6.38,02-28-2016,HSBC Holdings
Q1-16,2015-03-19,6.38,02-28-2016,HSBC Holdings
Q1-16,2015-04-29,6.28,02-28-2016,HSBC Holdings
Q1-16,2015-05-14,6.28,02-28-2016,HSBC Holdings
Q1-16,2015-06-11,6.28,02-28-2016,HSBC Holdings
Q1-16,2015-07-01,6.28,02-28-2016,HSBC Holdings
Q1-16,2015-08-17,6.54,02-28-2016,HSBC Holdings
Q1-16,2015-09-02,6.54,02-28-2016,HSBC Holdings
Q1-16,2015-09-11,6.54,02-28-2016,HSBC Holdings
Q1-16,2015-11-13,6.54,02-28-2016,HSBC Holdings
Q1-16,2015-12-08,6.55,02-28-2016,HSBC Holdings
Q1-16,2015-12-17,6.55,02-28-2016,HSBC Holdings
Q1-16,2016-02-15,6.7,02-28-2016,HSBC Holdings
Q2-16,2015-01-19,6.26,02-28-2016,HSBC Holdings
Q2-16,2015-01-30,6.4,02-28-2016,HSBC Holdings
Q2-16,2015-02-19,6.4,02-28-2016,HSBC Holdings
Q2-16,2015-02-25,6.4,02-28-2016,HSBC Holdings
Q2-16,2015-03-05,6.4,02-28-2016,HSBC Holdings
Q2-16,2015-03-12,6.4,02-28-2016,HSBC Holdings
Q2-16,2015-03-19,6.4,02-28-2016,HSBC Holdings
Q2-16,2015-04-29,6.3,02-28-2016,HSBC Holdings
Q2-16,2015-05-14,6.3,02-28-2016,HSBC Holdings
Q2-16,2015-06-11,6.3,02-28-2016,HSBC Holdings
Q2-16,2015-07-01,6.3,02-28-2016,HSBC Holdings
Q2-16,2015-08-17,6.56,02-28-2016,HSBC Holdings
Q2-16,2015-09-02,6.56,02-28-2016,HSBC Holdings
Q2-16,2015-09-11,6.56,02-28-2016,HSBC Holdings
Q2-16,2015-11-13,6.56,02-28-2016,HSBC Holdings
Q2-16,2015-12-08,6.6,02-28-2016,HSBC Holdings
Q2-16,2015-12-17,6.6,02-28-2016,HSBC Holdings
Q2-16,2016-02-15,6.8,02-28-2016,HSBC Holdings
Q3-16,2015-01-19,6.28,02-28-2016,HSBC Holdings
Q3-16,2015-01-30,6.42,02-28-2016,HSBC Holdings
Q3-16,2015-02-19,6.42,02-28-2016,HSBC Holdings
Q3-16,2015-02-25,6.42,02-28-2016,HSBC Holdings
Q3-16,2015-03-05,6.42,02-28-2016,HSBC Holdings
Q3-16,2015-03-12,6.42,02-28-2016,HSBC Holdings
Q3-16,2015-03-19,6.42,02-28-2016,HSBC Holdings
Q3-16,2015-04-29,6.32,02-28-2016,HSBC Holdings
Q3-16,2015-05-14,6.32,02-28-2016,HSBC Holdings
Q3-16,2015-06-11,6.32,02-28-2016,HSBC Holdings
Q3-16,2015-07-01,6.32,02-28-2016,HSBC Holdings
Q3-16,2015-08-17,6.58,02-28-2016,HSBC Holdings
Q3-16,2015-09-02,6.58,02-28-2016,HSBC Holdings
Q3-16,2015-09-11,6.58,02-28-2016,HSBC Holdings
Q3-16,2015-11-13,6.58,02-28-2016,HSBC Holdings
Q3-16,2015-12-08,6.65,02-28-2016,HSBC Holdings
Q3-16,2015-12-17,6.65,02-28-2016,HSBC Holdings
Q3-16,2016-02-15,6.85,02-28-2016,HSBC Holdings
Q4-16,2014-12-11,6.3,02-28-2016,HSBC Holdings
Q4-16,2015-01-19,6.3,02-28-2016,HSBC Holdings
Q4-16,2015-01-30,6.44,02-28-2016,HSBC Holdings
Q4-16,2015-02-19,6.44,02-28-2016,HSBC Holdings
Q4-16,2015-02-25,6.44,02-28-2016,HSBC Holdings
Q4-16,2015-03-05,6.44,02-28-2016,HSBC Holdings
Q4-16,2015-03-12,6.44,02-28-2016,HSBC Holdings
Q4-16,2015-03-19,6.44,02-28-2016,HSBC Holdings
Q4-16,2015-04-29,6.32,02-28-2016,HSBC Holdings
Q4-16,2015-05-14,6.32,02-28-2016,HSBC Holdings
Q4-16,2015-06-11,6.32,02-28-2016,HSBC Holdings
Q4-16,2015-07-01,6.32,02-28-2016,HSBC Holdings
Q4-16,2015-08-17,6.6,02-28-2016,HSBC Holdings
Q4-16,2015-09-02,6.6,02-28-2016,HSBC Holdings
Q4-16,2015-09-11,6.6,02-28-2016,HSBC Holdings
Q4-16,2015-11-13,6.6,02-28-2016,HSBC Holdings
Q4-16,2015-12-08,6.7,02-28-2016,HSBC Holdings
Q4-16,2015-12-17,6.7,02-28-2016,HSBC Holdings
Q4-16,2016-02-15,6.9,02-28-2016,HSBC Holdings
Q4-08,2007-05-09,7.05,11-30-2008,HSBC Holdings
Q4-08,2007-08-02,7.05,11-30-2008,HSBC Holdings
Q4-08,2007-09-06,7.05,11-30-2008,HSBC Holdings
Q4-08,2007-09-14,7.05,11-30-2008,HSBC Holdings
Q4-08,2007-10-03,7.15,11-30-2008,HSBC Holdings
Q4-08,2007-10-05,7.0,11-30-2008,HSBC Holdings
Q4-08,2007-11-09,7.0,11-30-2008,HSBC Holdings
Q4-08,2007-12-06,7.0,11-30-2008,HSBC Holdings
Q4-08,2008-01-10,6.86,11-30-2008,HSBC Holdings
Q4-08,2008-02-07,6.86,11-30-2008,HSBC Holdings
Q4-08,2008-02-11,6.86,11-30-2008,HSBC Holdings
Q4-08,2008-02-21,6.86,11-30-2008,HSBC Holdings
Q4-08,2008-03-13,6.77,11-30-2008,HSBC Holdings
Q4-08,2008-03-26,6.77,11-30-2008,HSBC Holdings
Q4-08,2008-04-11,6.77,11-30-2008,HSBC Holdings
Q4-08,2008-05-12,6.77,11-30-2008,HSBC Holdings
Q4-08,2008-05-28,6.77,11-30-2008,HSBC Holdings
Q4-08,2008-06-12,6.77,11-30-2008,HSBC Holdings
Q4-08,2008-06-27,6.77,11-30-2008,HSBC Holdings
Q4-08,2008-07-03,6.77,11-30-2008,HSBC Holdings
Q4-08,2008-07-09,6.77,11-30-2008,HSBC Holdings
Q4-08,2008-07-10,6.77,11-30-2008,HSBC Holdings
Q4-08,2008-07-14,6.77,11-30-2008,HSBC Holdings
Q4-08,2008-08-07,6.68,11-30-2008,HSBC Holdings
Q4-08,2008-08-20,6.68,11-30-2008,HSBC Holdings
Q4-08,2008-09-12,6.77,11-30-2008,HSBC Holdings
Q4-08,2008-10-10,6.75,11-30-2008,HSBC Holdings
Q4-08,2008-10-14,6.75,11-30-2008,HSBC Holdings
Q4-08,2008-11-14,6.8,11-30-2008,HSBC Holdings
Q1-09,2008-03-13,6.66,11-30-2008,HSBC Holdings
Q1-09,2008-03-26,6.66,11-30-2008,HSBC Holdings
Q1-09,2008-04-11,6.66,11-30-2008,HSBC Holdings
Q1-09,2008-05-12,6.66,11-30-2008,HSBC Holdings
Q1-09,2008-05-28,6.66,11-30-2008,HSBC Holdings
Q1-09,2008-06-12,6.66,11-30-2008,HSBC Holdings
Q1-09,2008-06-27,6.66,11-30-2008,HSBC Holdings
Q1-09,2008-07-03,6.66,11-30-2008,HSBC Holdings
Q1-09,2008-07-09,6.66,11-30-2008,HSBC Holdings
Q1-09,2008-07-10,6.66,11-30-2008,HSBC Holdings
Q1-09,2008-07-14,6.66,11-30-2008,HSBC Holdings
Q1-09,2008-08-07,6.57,11-30-2008,HSBC Holdings
Q1-09,2008-08-20,6.57,11-30-2008,HSBC Holdings
Q1-09,2008-09-12,6.68,11-30-2008,HSBC Holdings
Q1-09,2008-10-10,6.7,11-30-2008,HSBC Holdings
Q1-09,2008-10-14,6.7,11-30-2008,HSBC Holdings
Q1-09,2008-11-14,6.8,11-30-2008,HSBC Holdings
Q2-09,2008-06-27,6.55,11-30-2008,HSBC Holdings
Q2-09,2008-07-03,6.55,11-30-2008,HSBC Holdings
Q2-09,2008-07-09,6.55,11-30-2008,HSBC Holdings
Q2-09,2008-07-10,6.55,11-30-2008,HSBC Holdings
Q2-09,2008-07-14,6.55,11-30-2008,HSBC Holdings
Q2-09,2008-08-07,6.46,11-30-2008,HSBC Holdings
Q2-09,2008-08-20,6.46,11-30-2008,HSBC Holdings
Q2-09,2008-09-12,6.57,11-30-2008,HSBC Holdings
Q2-09,2008-10-10,6.65,11-30-2008,HSBC Holdings
Q2-09,2008-10-14,6.65,11-30-2008,HSBC Holdings
Q2-09,2008-11-14,6.8,11-30-2008,HSBC Holdings
Q3-09,2008-09-12,6.46,11-30-2008,HSBC Holdings
Q3-09,2008-10-10,6.6,11-30-2008,HSBC Holdings
Q3-09,2008-10-14,6.6,11-30-2008,HSBC Holdings
Q3-09,2008-11-14,6.8,11-30-2008,HSBC Holdings
2009,2008-02-11,6.42,11-30-2008,HSBC Holdings
2009,2008-03-26,6.49,11-30-2008,HSBC Holdings
2009,2008-06-27,6.33,11-30-2008,HSBC Holdings
2009,2008-07-09,6.33,11-30-2008,HSBC Holdings
2009,2008-07-10,6.33,11-30-2008,HSBC Holdings
2009,2008-07-14,6.5,11-30-2008,HSBC Holdings
Q3-12,2011-10-25,6.2,08-31-2012,HSBC Holdings
Q3-12,2011-11-14,6.2,08-31-2012,HSBC Holdings
Q3-12,2011-11-15,6.2,08-31-2012,HSBC Holdings
Q3-12,2012-01-10,6.17,08-31-2012,HSBC Holdings
Q3-12,2012-02-16,6.17,08-31-2012,HSBC Holdings
Q3-12,2012-03-20,6.17,08-31-2012,HSBC Holdings
Q3-12,2012-03-28,6.17,08-31-2012,HSBC Holdings
Q3-12,2012-04-20,6.23,08-31-2012,HSBC Holdings
Q3-12,2012-04-25,6.23,08-31-2012,HSBC Holdings
Q3-12,2012-05-21,6.23,08-31-2012,HSBC Holdings
Q3-12,2012-06-08,6.33,08-31-2012,HSBC Holdings
Q3-12,2012-07-17,6.33,08-31-2012,HSBC Holdings
Q3-12,2012-07-24,6.33,08-31-2012,HSBC Holdings
Q3-12,2012-08-06,6.33,08-31-2012,HSBC Holdings
Q3-12,2012-08-23,6.33,08-31-2012,HSBC Holdings
Q4-12,2011-09-08,6.15,08-31-2012,HSBC Holdings
Q4-12,2011-10-25,6.15,08-31-2012,HSBC Holdings
Q4-12,2011-11-14,6.15,08-31-2012,HSBC Holdings
Q4-12,2011-11-15,6.15,08-31-2012,HSBC Holdings
Q4-12,2012-01-10,6.12,08-31-2012,HSBC Holdings
Q4-12,2012-02-16,6.12,08-31-2012,HSBC Holdings
Q4-12,2012-03-20,6.12,08-31-2012,HSBC Holdings
Q4-12,2012-03-28,6.12,08-31-2012,HSBC Holdings
Q4-12,2012-04-20,6.18,08-31-2012,HSBC Holdings
Q4-12,2012-04-25,6.18,08-31-2012,HSBC Holdings
Q4-12,2012-05-21,6.18,08-31-2012,HSBC Holdings
Q4-12,2012-06-08,6.3,08-31-2012,HSBC Holdings
Q4-12,2012-07-17,6.3,08-31-2012,HSBC Holdings
Q4-12,2012-07-24,6.3,08-31-2012,HSBC Holdings
Q4-12,2012-08-06,6.3,08-31-2012,HSBC Holdings
Q4-12,2012-08-23,6.3,08-31-2012,HSBC Holdings
Q1-13,2012-03-20,6.07,08-31-2012,HSBC Holdings
Q1-13,2012-03-28,6.07,08-31-2012,HSBC Holdings
Q1-13,2012-04-20,6.15,08-31-2012,HSBC Holdings
Q1-13,2012-04-25,6.15,08-31-2012,HSBC Holdings
Q1-13,2012-05-21,6.15,08-31-2012,HSBC Holdings
Q1-13,2012-06-08,6.28,08-31-2012,HSBC Holdings
Q1-13,2012-07-17,6.28,08-31-2012,HSBC Holdings
Q1-13,2012-07-24,6.28,08-31-2012,HSBC Holdings
Q1-13,2012-08-06,6.28,08-31-2012,HSBC Holdings
Q1-13,2012-08-23,6.28,08-31-2012,HSBC Holdings
Q2-13,2012-06-08,6.26,08-31-2012,HSBC Holdings
Q2-13,2012-07-17,6.26,08-31-2012,HSBC Holdings
Q2-13,2012-07-24,6.26,08-31-2012,HSBC Holdings
Q2-13,2012-08-06,6.26,08-31-2012,HSBC Holdings
Q2-13,2012-08-23,6.26,08-31-2012,HSBC Holdings
2013,2012-01-10,5.92,08-31-2012,HSBC Holdings
2013,2012-02-16,5.92,08-31-2012,HSBC Holdings
2013,2012-03-20,5.92,08-31-2012,HSBC Holdings
2013,2012-03-28,5.92,08-31-2012,HSBC Holdings
2013,2012-04-20,6.12,08-31-2012,HSBC Holdings
2013,2012-04-25,6.12,08-31-2012,HSBC Holdings
2013,2012-05-21,6.12,08-31-2012,HSBC Holdings
2013,2012-06-08,6.22,08-31-2012,HSBC Holdings
2013,2012-07-17,6.22,08-31-2012,HSBC Holdings
2013,2012-07-24,6.22,08-31-2012,HSBC Holdings
2013,2012-08-06,6.22,08-31-2012,HSBC Holdings
2013,2012-08-23,6.22,08-31-2012,HSBC Holdings
Q1-15,2014-04-17,5.96,02-28-2015,HSBC Holdings
Q1-15,2014-04-28,6.12,02-28-2015,HSBC Holdings
Q1-15,2014-05-09,6.12,02-28-2015,HSBC Holdings
Q1-15,2014-05-20,6.12,02-28-2015,HSBC Holdings
Q1-15,2014-05-29,6.12,02-28-2015,HSBC Holdings
Q1-15,2014-06-09,6.12,02-28-2015,HSBC Holdings
Q1-15,2014-06-12,6.12,02-28-2015,HSBC Holdings
Q1-15,2014-06-23,6.12,02-28-2015,HSBC Holdings
Q1-15,2014-06-26,6.12,02-28-2015,HSBC Holdings
Q1-15,2014-07-10,6.12,02-28-2015,HSBC Holdings
Q1-15,2014-07-17,6.12,02-28-2015,HSBC Holdings
Q1-15,2014-08-07,6.12,02-28-2015,HSBC Holdings
Q1-15,2014-09-09,6.12,02-28-2015,HSBC Holdings
Q1-15,2014-09-11,6.12,02-28-2015,HSBC Holdings
Q1-15,2014-09-24,6.12,02-28-2015,HSBC Holdings
Q1-15,2014-10-01,6.12,02-28-2015,HSBC Holdings
Q1-15,2014-10-21,6.12,02-28-2015,HSBC Holdings
Q1-15,2014-11-13,6.12,02-28-2015,HSBC Holdings
Q1-15,2014-11-28,6.12,02-28-2015,HSBC Holdings
Q1-15,2014-12-04,6.12,02-28-2015,HSBC Holdings
Q1-15,2014-12-08,6.16,02-28-2015,HSBC Holdings
Q1-15,2014-12-11,6.16,02-28-2015,HSBC Holdings
Q1-15,2015-01-19,6.16,02-28-2015,HSBC Holdings
Q1-15,2015-01-30,6.3,02-28-2015,HSBC Holdings
Q1-15,2015-02-19,6.3,02-28-2015,HSBC Holdings
Q1-15,2015-02-25,6.3,02-28-2015,HSBC Holdings
Q2-15,2014-06-12,6.11,02-28-2015,HSBC Holdings
Q2-15,2014-06-23,6.11,02-28-2015,HSBC Holdings
Q2-15,2014-06-26,6.11,02-28-2015,HSBC Holdings
Q2-15,2014-07-10,6.11,02-28-2015,HSBC Holdings
Q2-15,2014-07-17,6.11,02-28-2015,HSBC Holdings
Q2-15,2014-08-07,6.11,02-28-2015,HSBC Holdings
Q2-15,2014-09-09,6.11,02-28-2015,HSBC Holdings
Q2-15,2014-09-11,6.11,02-28-2015,HSBC Holdings
Q2-15,2014-09-24,6.11,02-28-2015,HSBC Holdings
Q2-15,2014-10-01,6.11,02-28-2015,HSBC Holdings
Q2-15,2014-10-21,6.11,02-28-2015,HSBC Holdings
Q2-15,2014-11-13,6.11,02-28-2015,HSBC Holdings
Q2-15,2014-11-28,6.11,02-28-2015,HSBC Holdings
Q2-15,2014-12-04,6.11,02-28-2015,HSBC Holdings
Q2-15,2014-12-08,6.18,02-28-2015,HSBC Holdings
Q2-15,2014-12-11,6.18,02-28-2015,HSBC Holdings
Q2-15,2015-01-19,6.18,02-28-2015,HSBC Holdings
Q2-15,2015-01-30,6.32,02-28-2015,HSBC Holdings
Q2-15,2015-02-19,6.32,02-28-2015,HSBC Holdings
Q2-15,2015-02-25,6.32,02-28-2015,HSBC Holdings
Q3-15,2014-09-11,6.1,02-28-2015,HSBC Holdings
Q3-15,2014-10-01,6.1,02-28-2015,HSBC Holdings
Q3-15,2014-10-21,6.1,02-28-2015,HSBC Holdings
Q3-15,2014-11-13,6.1,02-28-2015,HSBC Holdings
Q3-15,2014-11-28,6.1,02-28-2015,HSBC Holdings
Q3-15,2014-12-04,6.1,02-28-2015,HSBC Holdings
Q3-15,2014-12-08,6.2,02-28-2015,HSBC Holdings
Q3-15,2014-12-11,6.2,02-28-2015,HSBC Holdings
Q3-15,2015-01-19,6.2,02-28-2015,HSBC Holdings
Q3-15,2015-01-30,6.33,02-28-2015,HSBC Holdings
Q3-15,2015-02-19,6.33,02-28-2015,HSBC Holdings
Q3-15,2015-02-25,6.33,02-28-2015,HSBC Holdings
Q4-15,2013-12-13,5.9,02-28-2015,HSBC Holdings
Q4-15,2013-12-23,5.9,02-28-2015,HSBC Holdings
Q4-15,2014-01-08,5.9,02-28-2015,HSBC Holdings
Q4-15,2014-02-13,5.9,02-28-2015,HSBC Holdings
Q4-15,2014-03-14,5.9,02-28-2015,HSBC Holdings
Q4-15,2014-04-17,5.9,02-28-2015,HSBC Holdings
Q4-15,2014-04-28,6.1,02-28-2015,HSBC Holdings
Q4-15,2014-05-09,6.1,02-28-2015,HSBC Holdings
Q4-15,2014-05-20,6.1,02-28-2015,HSBC Holdings
Q4-15,2014-05-29,6.1,02-28-2015,HSBC Holdings
Q4-15,2014-06-09,6.1,02-28-2015,HSBC Holdings
Q4-15,2014-06-12,6.1,02-28-2015,HSBC Holdings
Q4-15,2014-06-23,6.1,02-28-2015,HSBC Holdings
Q4-15,2014-06-26,6.1,02-28-2015,HSBC Holdings
Q4-15,2014-07-10,6.1,02-28-2015,HSBC Holdings
Q4-15,2014-07-17,6.1,02-28-2015,HSBC Holdings
Q4-15,2014-08-07,6.1,02-28-2015,HSBC Holdings
Q4-15,2014-09-09,6.1,02-28-2015,HSBC Holdings
Q4-15,2014-09-24,6.1,02-28-2015,HSBC Holdings
Q4-15,2014-10-01,6.1,02-28-2015,HSBC Holdings
Q4-15,2014-10-21,6.1,02-28-2015,HSBC Holdings
Q4-15,2014-11-13,6.1,02-28-2015,HSBC Holdings
Q4-15,2014-11-28,6.1,02-28-2015,HSBC Holdings
Q4-15,2014-12-04,6.1,02-28-2015,HSBC Holdings
Q4-15,2014-12-08,6.22,02-28-2015,HSBC Holdings
Q4-15,2014-12-11,6.22,02-28-2015,HSBC Holdings
Q4-15,2015-01-19,6.22,02-28-2015,HSBC Holdings
Q4-15,2015-01-30,6.34,02-28-2015,HSBC Holdings
Q4-15,2015-02-19,6.34,02-28-2015,HSBC Holdings
Q4-15,2015-02-25,6.34,02-28-2015,HSBC Holdings
2016,2014-12-11,6.3,02-28-2015,HSBC Holdings
2016,2015-01-19,6.3,02-28-2015,HSBC Holdings
2016,2015-01-30,6.44,02-28-2015,HSBC Holdings
2016,2015-02-19,6.44,02-28-2015,HSBC Holdings
2016,2015-02-25,6.44,02-28-2015,HSBC Holdings
Q4-12,2011-09-08,6.15,11-30-2012,HSBC Holdings
Q4-12,2011-10-25,6.15,11-30-2012,HSBC Holdings
Q4-12,2011-11-14,6.15,11-30-2012,HSBC Holdings
Q4-12,2011-11-15,6.15,11-30-2012,HSBC Holdings
Q4-12,2012-01-10,6.12,11-30-2012,HSBC Holdings
Q4-12,2012-02-16,6.12,11-30-2012,HSBC Holdings
Q4-12,2012-03-20,6.12,11-30-2012,HSBC Holdings
Q4-12,2012-03-28,6.12,11-30-2012,HSBC Holdings
Q4-12,2012-04-20,6.18,11-30-2012,HSBC Holdings
Q4-12,2012-04-25,6.18,11-30-2012,HSBC Holdings
Q4-12,2012-05-21,6.18,11-30-2012,HSBC Holdings
Q4-12,2012-06-08,6.3,11-30-2012,HSBC Holdings
Q4-12,2012-07-17,6.3,11-30-2012,HSBC Holdings
Q4-12,2012-07-24,6.3,11-30-2012,HSBC Holdings
Q4-12,2012-08-06,6.3,11-30-2012,HSBC Holdings
Q4-12,2012-08-23,6.3,11-30-2012,HSBC Holdings
Q4-12,2012-09-25,6.3,11-30-2012,HSBC Holdings
Q4-12,2012-10-02,6.3,11-30-2012,HSBC Holdings
Q4-12,2012-10-12,6.3,11-30-2012,HSBC Holdings
Q4-12,2012-11-09,6.26,11-30-2012,HSBC Holdings
Q4-12,2012-11-19,6.26,11-30-2012,HSBC Holdings
Q1-13,2012-03-20,6.07,11-30-2012,HSBC Holdings
Q1-13,2012-03-28,6.07,11-30-2012,HSBC Holdings
Q1-13,2012-04-20,6.15,11-30-2012,HSBC Holdings
Q1-13,2012-04-25,6.15,11-30-2012,HSBC Holdings
Q1-13,2012-05-21,6.15,11-30-2012,HSBC Holdings
Q1-13,2012-06-08,6.28,11-30-2012,HSBC Holdings
Q1-13,2012-07-17,6.28,11-30-2012,HSBC Holdings
Q1-13,2012-07-24,6.28,11-30-2012,HSBC Holdings
Q1-13,2012-08-06,6.28,11-30-2012,HSBC Holdings
Q1-13,2012-08-23,6.28,11-30-2012,HSBC Holdings
Q1-13,2012-09-25,6.28,11-30-2012,HSBC Holdings
Q1-13,2012-10-02,6.28,11-30-2012,HSBC Holdings
Q1-13,2012-10-12,6.28,11-30-2012,HSBC Holdings
Q1-13,2012-11-09,6.23,11-30-2012,HSBC Holdings
Q1-13,2012-11-19,6.23,11-30-2012,HSBC Holdings
Q2-13,2012-06-08,6.26,11-30-2012,HSBC Holdings
Q2-13,2012-07-17,6.26,11-30-2012,HSBC Holdings
Q2-13,2012-07-24,6.26,11-30-2012,HSBC Holdings
Q2-13,2012-08-06,6.26,11-30-2012,HSBC Holdings
Q2-13,2012-08-23,6.26,11-30-2012,HSBC Holdings
Q2-13,2012-09-25,6.26,11-30-2012,HSBC Holdings
Q2-13,2012-10-02,6.26,11-30-2012,HSBC Holdings
Q2-13,2012-10-12,6.26,11-30-2012,HSBC Holdings
Q2-13,2012-11-09,6.21,11-30-2012,HSBC Holdings
Q2-13,2012-11-19,6.21,11-30-2012,HSBC Holdings
Q3-13,2012-10-02,6.24,11-30-2012,HSBC Holdings
Q3-13,2012-10-12,6.24,11-30-2012,HSBC Holdings
Q3-13,2012-11-09,6.18,11-30-2012,HSBC Holdings
Q3-13,2012-11-19,6.18,11-30-2012,HSBC Holdings
2013,2012-01-10,5.92,11-30-2012,HSBC Holdings
2013,2012-02-16,5.92,11-30-2012,HSBC Holdings
2013,2012-03-20,5.92,11-30-2012,HSBC Holdings
2013,2012-03-28,5.92,11-30-2012,HSBC Holdings
2013,2012-04-20,6.12,11-30-2012,HSBC Holdings
2013,2012-04-25,6.12,11-30-2012,HSBC Holdings
2013,2012-05-21,6.12,11-30-2012,HSBC Holdings
2013,2012-06-08,6.22,11-30-2012,HSBC Holdings
2013,2012-07-17,6.22,11-30-2012,HSBC Holdings
2013,2012-07-24,6.22,11-30-2012,HSBC Holdings
2013,2012-08-06,6.22,11-30-2012,HSBC Holdings
2013,2012-08-23,6.22,11-30-2012,HSBC Holdings
2013,2012-09-25,6.22,11-30-2012,HSBC Holdings
2013,2012-10-02,6.22,11-30-2012,HSBC Holdings
2013,2012-10-12,6.22,11-30-2012,HSBC Holdings
2013,2012-11-09,6.18,11-30-2012,HSBC Holdings
2013,2012-11-19,6.18,11-30-2012,HSBC Holdings
Q2-15,2014-06-12,6.11,05-31-2015,HSBC Holdings
Q2-15,2014-06-23,6.11,05-31-2015,HSBC Holdings
Q2-15,2014-06-26,6.11,05-31-2015,HSBC Holdings
Q2-15,2014-07-10,6.11,05-31-2015,HSBC Holdings
Q2-15,2014-07-17,6.11,05-31-2015,HSBC Holdings
Q2-15,2014-08-07,6.11,05-31-2015,HSBC Holdings
Q2-15,2014-09-09,6.11,05-31-2015,HSBC Holdings
Q2-15,2014-09-11,6.11,05-31-2015,HSBC Holdings
Q2-15,2014-09-24,6.11,05-31-2015,HSBC Holdings
Q2-15,2014-10-01,6.11,05-31-2015,HSBC Holdings
Q2-15,2014-10-21,6.11,05-31-2015,HSBC Holdings
Q2-15,2014-11-13,6.11,05-31-2015,HSBC Holdings
Q2-15,2014-11-28,6.11,05-31-2015,HSBC Holdings
Q2-15,2014-12-04,6.11,05-31-2015,HSBC Holdings
Q2-15,2014-12-08,6.18,05-31-2015,HSBC Holdings
Q2-15,2014-12-11,6.18,05-31-2015,HSBC Holdings
Q2-15,2015-01-19,6.18,05-31-2015,HSBC Holdings
Q2-15,2015-01-30,6.32,05-31-2015,HSBC Holdings
Q2-15,2015-02-19,6.32,05-31-2015,HSBC Holdings
Q2-15,2015-02-25,6.32,05-31-2015,HSBC Holdings
Q2-15,2015-03-05,6.32,05-31-2015,HSBC Holdings
Q2-15,2015-03-12,6.32,05-31-2015,HSBC Holdings
Q2-15,2015-03-19,6.32,05-31-2015,HSBC Holdings
Q2-15,2015-04-29,6.22,05-31-2015,HSBC Holdings
Q2-15,2015-05-14,6.22,05-31-2015,HSBC Holdings
Q3-15,2014-09-11,6.1,05-31-2015,HSBC Holdings
Q3-15,2014-10-01,6.1,05-31-2015,HSBC Holdings
Q3-15,2014-10-21,6.1,05-31-2015,HSBC Holdings
Q3-15,2014-11-13,6.1,05-31-2015,HSBC Holdings
Q3-15,2014-11-28,6.1,05-31-2015,HSBC Holdings
Q3-15,2014-12-04,6.1,05-31-2015,HSBC Holdings
Q3-15,2014-12-08,6.2,05-31-2015,HSBC Holdings
Q3-15,2014-12-11,6.2,05-31-2015,HSBC Holdings
Q3-15,2015-01-19,6.2,05-31-2015,HSBC Holdings
Q3-15,2015-01-30,6.33,05-31-2015,HSBC Holdings
Q3-15,2015-02-19,6.33,05-31-2015,HSBC Holdings
Q3-15,2015-02-25,6.33,05-31-2015,HSBC Holdings
Q3-15,2015-03-05,6.33,05-31-2015,HSBC Holdings
Q3-15,2015-03-12,6.33,05-31-2015,HSBC Holdings
Q3-15,2015-03-19,6.33,05-31-2015,HSBC Holdings
Q3-15,2015-04-29,6.24,05-31-2015,HSBC Holdings
Q3-15,2015-05-14,6.24,05-31-2015,HSBC Holdings
Q4-15,2013-12-13,5.9,05-31-2015,HSBC Holdings
Q4-15,2013-12-23,5.9,05-31-2015,HSBC Holdings
Q4-15,2014-01-08,5.9,05-31-2015,HSBC Holdings
Q4-15,2014-02-13,5.9,05-31-2015,HSBC Holdings
Q4-15,2014-03-14,5.9,05-31-2015,HSBC Holdings
Q4-15,2014-04-17,5.9,05-31-2015,HSBC Holdings
Q4-15,2014-04-28,6.1,05-31-2015,HSBC Holdings
Q4-15,2014-05-09,6.1,05-31-2015,HSBC Holdings
Q4-15,2014-05-20,6.1,05-31-2015,HSBC Holdings
Q4-15,2014-05-29,6.1,05-31-2015,HSBC Holdings
Q4-15,2014-06-09,6.1,05-31-2015,HSBC Holdings
Q4-15,2014-06-12,6.1,05-31-2015,HSBC Holdings
Q4-15,2014-06-23,6.1,05-31-2015,HSBC Holdings
Q4-15,2014-06-26,6.1,05-31-2015,HSBC Holdings
Q4-15,2014-07-10,6.1,05-31-2015,HSBC Holdings
Q4-15,2014-07-17,6.1,05-31-2015,HSBC Holdings
Q4-15,2014-08-07,6.1,05-31-2015,HSBC Holdings
Q4-15,2014-09-09,6.1,05-31-2015,HSBC Holdings
Q4-15,2014-09-24,6.1,05-31-2015,HSBC Holdings
Q4-15,2014-10-01,6.1,05-31-2015,HSBC Holdings
Q4-15,2014-10-21,6.1,05-31-2015,HSBC Holdings
Q4-15,2014-11-13,6.1,05-31-2015,HSBC Holdings
Q4-15,2014-11-28,6.1,05-31-2015,HSBC Holdings
Q4-15,2014-12-04,6.1,05-31-2015,HSBC Holdings
Q4-15,2014-12-08,6.22,05-31-2015,HSBC Holdings
Q4-15,2014-12-11,6.22,05-31-2015,HSBC Holdings
Q4-15,2015-01-19,6.22,05-31-2015,HSBC Holdings
Q4-15,2015-01-30,6.34,05-31-2015,HSBC Holdings
Q4-15,2015-02-19,6.34,05-31-2015,HSBC Holdings
Q4-15,2015-02-25,6.34,05-31-2015,HSBC Holdings
Q4-15,2015-03-05,6.34,05-31-2015,HSBC Holdings
Q4-15,2015-03-12,6.34,05-31-2015,HSBC Holdings
Q4-15,2015-03-19,6.34,05-31-2015,HSBC Holdings
Q4-15,2015-04-29,6.26,05-31-2015,HSBC Holdings
Q4-15,2015-05-14,6.26,05-31-2015,HSBC Holdings
Q1-16,2015-01-19,6.24,05-31-2015,HSBC Holdings
Q1-16,2015-01-30,6.38,05-31-2015,HSBC Holdings
Q1-16,2015-02-19,6.38,05-31-2015,HSBC Holdings
Q1-16,2015-02-25,6.38,05-31-2015,HSBC Holdings
Q1-16,2015-03-05,6.38,05-31-2015,HSBC Holdings
Q1-16,2015-03-12,6.38,05-31-2015,HSBC Holdings
Q1-16,2015-03-19,6.38,05-31-2015,HSBC Holdings
Q1-16,2015-04-29,6.28,05-31-2015,HSBC Holdings
Q1-16,2015-05-14,6.28,05-31-2015,HSBC Holdings
2016,2014-12-11,6.3,05-31-2015,HSBC Holdings
2016,2015-01-19,6.3,05-31-2015,HSBC Holdings
2016,2015-01-30,6.44,05-31-2015,HSBC Holdings
2016,2015-02-19,6.44,05-31-2015,HSBC Holdings
2016,2015-02-25,6.44,05-31-2015,HSBC Holdings
2016,2015-03-05,6.44,05-31-2015,HSBC Holdings
2016,2015-03-12,6.44,05-31-2015,HSBC Holdings
2016,2015-03-19,6.44,05-31-2015,HSBC Holdings
2016,2015-04-29,6.32,05-31-2015,HSBC Holdings
2016,2015-05-14,6.32,05-31-2015,HSBC Holdings
Q3-08,2007-09-06,7.16,08-31-2008,HSBC Holdings
Q3-08,2007-09-14,7.16,08-31-2008,HSBC Holdings
Q3-08,2007-10-03,7.1,08-31-2008,HSBC Holdings
Q3-08,2007-10-05,7.1,08-31-2008,HSBC Holdings
Q3-08,2007-11-09,7.1,08-31-2008,HSBC Holdings
Q3-08,2007-12-06,7.1,08-31-2008,HSBC Holdings
Q3-08,2008-01-10,6.97,08-31-2008,HSBC Holdings
Q3-08,2008-02-07,6.97,08-31-2008,HSBC Holdings
Q3-08,2008-02-11,6.97,08-31-2008,HSBC Holdings
Q3-08,2008-02-21,6.97,08-31-2008,HSBC Holdings
Q3-08,2008-03-13,6.88,08-31-2008,HSBC Holdings
Q3-08,2008-03-26,6.88,08-31-2008,HSBC Holdings
Q3-08,2008-04-11,6.88,08-31-2008,HSBC Holdings
Q3-08,2008-05-12,6.8,08-31-2008,HSBC Holdings
Q3-08,2008-05-28,6.8,08-31-2008,HSBC Holdings
Q3-08,2008-06-12,6.8,08-31-2008,HSBC Holdings
Q3-08,2008-06-27,6.8,08-31-2008,HSBC Holdings
Q3-08,2008-07-03,6.8,08-31-2008,HSBC Holdings
Q3-08,2008-07-09,6.8,08-31-2008,HSBC Holdings
Q3-08,2008-07-10,6.8,08-31-2008,HSBC Holdings
Q3-08,2008-07-14,6.8,08-31-2008,HSBC Holdings
Q3-08,2008-08-07,6.77,08-31-2008,HSBC Holdings
Q3-08,2008-08-20,6.77,08-31-2008,HSBC Holdings
Q4-08,2007-05-09,7.05,08-31-2008,HSBC Holdings
Q4-08,2007-08-02,7.05,08-31-2008,HSBC Holdings
Q4-08,2007-09-06,7.05,08-31-2008,HSBC Holdings
Q4-08,2007-09-14,7.05,08-31-2008,HSBC Holdings
Q4-08,2007-10-03,7.15,08-31-2008,HSBC Holdings
Q4-08,2007-10-05,7.0,08-31-2008,HSBC Holdings
Q4-08,2007-11-09,7.0,08-31-2008,HSBC Holdings
Q4-08,2007-12-06,7.0,08-31-2008,HSBC Holdings
Q4-08,2008-01-10,6.86,08-31-2008,HSBC Holdings
Q4-08,2008-02-07,6.86,08-31-2008,HSBC Holdings
Q4-08,2008-02-11,6.86,08-31-2008,HSBC Holdings
Q4-08,2008-02-21,6.86,08-31-2008,HSBC Holdings
Q4-08,2008-03-13,6.77,08-31-2008,HSBC Holdings
Q4-08,2008-03-26,6.77,08-31-2008,HSBC Holdings
Q4-08,2008-04-11,6.77,08-31-2008,HSBC Holdings
Q4-08,2008-05-12,6.77,08-31-2008,HSBC Holdings
Q4-08,2008-05-28,6.77,08-31-2008,HSBC Holdings
Q4-08,2008-06-12,6.77,08-31-2008,HSBC Holdings
Q4-08,2008-06-27,6.77,08-31-2008,HSBC Holdings
Q4-08,2008-07-03,6.77,08-31-2008,HSBC Holdings
Q4-08,2008-07-09,6.77,08-31-2008,HSBC Holdings
Q4-08,2008-07-10,6.77,08-31-2008,HSBC Holdings
Q4-08,2008-07-14,6.77,08-31-2008,HSBC Holdings
Q4-08,2008-08-07,6.68,08-31-2008,HSBC Holdings
Q4-08,2008-08-20,6.68,08-31-2008,HSBC Holdings
Q1-09,2008-03-13,6.66,08-31-2008,HSBC Holdings
Q1-09,2008-03-26,6.66,08-31-2008,HSBC Holdings
Q1-09,2008-04-11,6.66,08-31-2008,HSBC Holdings
Q1-09,2008-05-12,6.66,08-31-2008,HSBC Holdings
Q1-09,2008-05-28,6.66,08-31-2008,HSBC Holdings
Q1-09,2008-06-12,6.66,08-31-2008,HSBC Holdings
Q1-09,2008-06-27,6.66,08-31-2008,HSBC Holdings
Q1-09,2008-07-03,6.66,08-31-2008,HSBC Holdings
Q1-09,2008-07-09,6.66,08-31-2008,HSBC Holdings
Q1-09,2008-07-10,6.66,08-31-2008,HSBC Holdings
Q1-09,2008-07-14,6.66,08-31-2008,HSBC Holdings
Q1-09,2008-08-07,6.57,08-31-2008,HSBC Holdings
Q1-09,2008-08-20,6.57,08-31-2008,HSBC Holdings
Q2-09,2008-06-27,6.55,08-31-2008,HSBC Holdings
Q2-09,2008-07-03,6.55,08-31-2008,HSBC Holdings
Q2-09,2008-07-09,6.55,08-31-2008,HSBC Holdings
Q2-09,2008-07-10,6.55,08-31-2008,HSBC Holdings
Q2-09,2008-07-14,6.55,08-31-2008,HSBC Holdings
Q2-09,2008-08-07,6.46,08-31-2008,HSBC Holdings
Q2-09,2008-08-20,6.46,08-31-2008,HSBC Holdings
2009,2008-02-11,6.42,08-31-2008,HSBC Holdings
2009,2008-03-26,6.49,08-31-2008,HSBC Holdings
2009,2008-06-27,6.33,08-31-2008,HSBC Holdings
2009,2008-07-09,6.33,08-31-2008,HSBC Holdings
2009,2008-07-10,6.33,08-31-2008,HSBC Holdings
2009,2008-07-14,6.5,08-31-2008,HSBC Holdings
Q1-18,2017-06-05,7.0,02-28-2018,HSBC Holdings
Q1-18,2017-06-14,7.0,02-28-2018,HSBC Holdings
Q1-18,2017-06-20,7.0,02-28-2018,HSBC Holdings
Q1-18,2017-06-30,7.0,02-28-2018,HSBC Holdings
Q1-18,2017-07-14,7.0,02-28-2018,HSBC Holdings
Q1-18,2017-08-14,7.0,02-28-2018,HSBC Holdings
Q1-18,2017-08-25,7.0,02-28-2018,HSBC Holdings
Q1-18,2017-09-04,6.55,02-28-2018,HSBC Holdings
Q1-18,2017-09-08,6.55,02-28-2018,HSBC Holdings
Q1-18,2017-09-20,6.55,02-28-2018,HSBC Holdings
Q2-18,2017-06-05,7.0,02-28-2018,HSBC Holdings
Q2-18,2017-06-14,7.0,02-28-2018,HSBC Holdings
Q2-18,2017-06-20,7.0,02-28-2018,HSBC Holdings
Q2-18,2017-06-30,7.0,02-28-2018,HSBC Holdings
Q2-18,2017-07-14,7.0,02-28-2018,HSBC Holdings
Q2-18,2017-08-14,7.0,02-28-2018,HSBC Holdings
Q2-18,2017-08-25,7.0,02-28-2018,HSBC Holdings
Q2-18,2017-09-04,6.6,02-28-2018,HSBC Holdings
Q2-18,2017-09-08,6.6,02-28-2018,HSBC Holdings
Q2-18,2017-09-20,6.6,02-28-2018,HSBC Holdings
Q3-18,2017-09-04,6.65,02-28-2018,HSBC Holdings
Q4-18,2017-06-30,7.0,02-28-2018,HSBC Holdings
Q4-18,2017-07-14,7.0,02-28-2018,HSBC Holdings
Q4-18,2017-08-14,7.0,02-28-2018,HSBC Holdings
Q4-18,2017-08-25,7.0,02-28-2018,HSBC Holdings
Q4-18,2017-09-04,6.7,02-28-2018,HSBC Holdings
Q4-18,2017-09-08,6.7,02-28-2018,HSBC Holdings
Q4-18,2017-09-20,6.7,02-28-2018,HSBC Holdings
Q3-09,2008-09-12,6.46,08-31-2009,HSBC Holdings
Q3-09,2008-10-10,6.6,08-31-2009,HSBC Holdings
Q3-09,2008-10-14,6.6,08-31-2009,HSBC Holdings
Q3-09,2008-11-14,6.8,08-31-2009,HSBC Holdings
Q3-09,2008-12-11,6.8,08-31-2009,HSBC Holdings
Q3-09,2009-01-08,6.8,08-31-2009,HSBC Holdings
Q3-09,2009-02-13,6.8,08-31-2009,HSBC Holdings
Q3-09,2009-03-23,6.8,08-31-2009,HSBC Holdings
Q3-09,2009-04-08,6.8,08-31-2009,HSBC Holdings
Q3-09,2009-05-15,6.8,08-31-2009,HSBC Holdings
Q3-09,2009-06-12,6.8,08-31-2009,HSBC Holdings
Q3-09,2009-07-22,6.8,08-31-2009,HSBC Holdings
Q3-09,2009-08-14,6.8,08-31-2009,HSBC Holdings
Q3-09,2009-08-27,6.8,08-31-2009,HSBC Holdings
Q4-09,2008-02-11,6.42,08-31-2009,HSBC Holdings
Q4-09,2008-03-26,6.49,08-31-2009,HSBC Holdings
Q4-09,2008-06-27,6.33,08-31-2009,HSBC Holdings
Q4-09,2008-07-09,6.33,08-31-2009,HSBC Holdings
Q4-09,2008-07-10,6.33,08-31-2009,HSBC Holdings
Q4-09,2008-07-14,6.5,08-31-2009,HSBC Holdings
Q4-09,2008-12-11,6.8,08-31-2009,HSBC Holdings
Q4-09,2009-01-08,6.8,08-31-2009,HSBC Holdings
Q4-09,2009-02-13,6.8,08-31-2009,HSBC Holdings
Q4-09,2009-03-23,6.8,08-31-2009,HSBC Holdings
Q4-09,2009-04-08,6.8,08-31-2009,HSBC Holdings
Q4-09,2009-05-15,6.8,08-31-2009,HSBC Holdings
Q4-09,2009-06-12,6.8,08-31-2009,HSBC Holdings
Q4-09,2009-07-22,6.8,08-31-2009,HSBC Holdings
Q4-09,2009-08-14,6.8,08-31-2009,HSBC Holdings
Q4-09,2009-08-27,6.8,08-31-2009,HSBC Holdings
Q1-10,2009-03-23,6.8,08-31-2009,HSBC Holdings
Q1-10,2009-04-08,6.8,08-31-2009,HSBC Holdings
Q1-10,2009-05-15,6.8,08-31-2009,HSBC Holdings
Q1-10,2009-06-12,6.8,08-31-2009,HSBC Holdings
Q1-10,2009-07-22,6.8,08-31-2009,HSBC Holdings
Q1-10,2009-08-14,6.8,08-31-2009,HSBC Holdings
Q1-10,2009-08-27,6.8,08-31-2009,HSBC Holdings
Q2-10,2009-04-08,6.8,08-31-2009,HSBC Holdings
Q2-10,2009-06-12,6.8,08-31-2009,HSBC Holdings
Q2-10,2009-07-22,6.8,08-31-2009,HSBC Holdings
Q2-10,2009-08-14,6.8,08-31-2009,HSBC Holdings
Q2-10,2009-08-27,6.8,08-31-2009,HSBC Holdings
2010,2009-04-08,6.8,08-31-2009,HSBC Holdings
2010,2009-07-22,6.8,08-31-2009,HSBC Holdings
2010,2009-08-14,6.8,08-31-2009,HSBC Holdings
2010,2009-08-27,6.8,08-31-2009,HSBC Holdings
Q2-14,2013-06-14,6.16,05-31-2014,HSBC Holdings
Q2-14,2013-06-20,6.16,05-31-2014,HSBC Holdings
Q2-14,2013-06-24,6.16,05-31-2014,HSBC Holdings
Q2-14,2013-07-11,6.16,05-31-2014,HSBC Holdings
Q2-14,2013-07-22,6.16,05-31-2014,HSBC Holdings
Q2-14,2013-07-31,6.16,05-31-2014,HSBC Holdings
Q2-14,2013-08-09,6.16,05-31-2014,HSBC Holdings
Q2-14,2013-09-09,6.16,05-31-2014,HSBC Holdings
Q2-14,2013-09-13,6.16,05-31-2014,HSBC Holdings
Q2-14,2013-09-23,6.16,05-31-2014,HSBC Holdings
Q2-14,2013-09-27,6.11,05-31-2014,HSBC Holdings
Q2-14,2013-10-11,6.11,05-31-2014,HSBC Holdings
Q2-14,2013-10-21,6.11,05-31-2014,HSBC Holdings
Q2-14,2013-11-15,6.11,05-31-2014,HSBC Holdings
Q2-14,2013-12-04,6.11,05-31-2014,HSBC Holdings
Q2-14,2013-12-13,6.02,05-31-2014,HSBC Holdings
Q2-14,2013-12-23,6.02,05-31-2014,HSBC Holdings
Q2-14,2014-01-08,6.02,05-31-2014,HSBC Holdings
Q2-14,2014-02-13,6.02,05-31-2014,HSBC Holdings
Q2-14,2014-03-14,6.08,05-31-2014,HSBC Holdings
Q2-14,2014-04-17,6.08,05-31-2014,HSBC Holdings
Q2-14,2014-04-28,6.26,05-31-2014,HSBC Holdings
Q2-14,2014-05-09,6.26,05-31-2014,HSBC Holdings
Q2-14,2014-05-20,6.26,05-31-2014,HSBC Holdings
Q2-14,2014-05-29,6.26,05-31-2014,HSBC Holdings
Q3-14,2013-10-11,6.1,05-31-2014,HSBC Holdings
Q3-14,2013-10-21,6.1,05-31-2014,HSBC Holdings
Q3-14,2013-11-15,6.1,05-31-2014,HSBC Holdings
Q3-14,2013-12-04,6.1,05-31-2014,HSBC Holdings
Q3-14,2013-12-13,6.0,05-31-2014,HSBC Holdings
Q3-14,2013-12-23,6.0,05-31-2014,HSBC Holdings
Q3-14,2014-01-08,6.0,05-31-2014,HSBC Holdings
Q3-14,2014-02-13,6.0,05-31-2014,HSBC Holdings
Q3-14,2014-03-14,6.03,05-31-2014,HSBC Holdings
Q3-14,2014-04-17,6.03,05-31-2014,HSBC Holdings
Q3-14,2014-04-28,6.2,05-31-2014,HSBC Holdings
Q3-14,2014-05-09,6.2,05-31-2014,HSBC Holdings
Q3-14,2014-05-20,6.2,05-31-2014,HSBC Holdings
Q3-14,2014-05-29,6.2,05-31-2014,HSBC Holdings
Q4-14,2013-02-21,6.12,05-31-2014,HSBC Holdings
Q4-14,2013-03-07,6.12,05-31-2014,HSBC Holdings
Q4-14,2013-03-14,6.12,05-31-2014,HSBC Holdings
Q4-14,2013-04-05,6.12,05-31-2014,HSBC Holdings
Q4-14,2013-04-16,6.1,05-31-2014,HSBC Holdings
Q4-14,2013-05-09,6.1,05-31-2014,HSBC Holdings
Q4-14,2013-05-16,6.1,05-31-2014,HSBC Holdings
Q4-14,2013-05-23,6.1,05-31-2014,HSBC Holdings
Q4-14,2013-06-14,6.16,05-31-2014,HSBC Holdings
Q4-14,2013-06-20,6.16,05-31-2014,HSBC Holdings
Q4-14,2013-06-24,6.16,05-31-2014,HSBC Holdings
Q4-14,2013-07-11,6.16,05-31-2014,HSBC Holdings
Q4-14,2013-07-22,6.16,05-31-2014,HSBC Holdings
Q4-14,2013-07-31,6.16,05-31-2014,HSBC Holdings
Q4-14,2013-08-09,6.16,05-31-2014,HSBC Holdings
Q4-14,2013-09-09,6.16,05-31-2014,HSBC Holdings
Q4-14,2013-09-13,6.16,05-31-2014,HSBC Holdings
Q4-14,2013-09-23,6.16,05-31-2014,HSBC Holdings
Q4-14,2013-09-27,6.1,05-31-2014,HSBC Holdings
Q4-14,2013-10-11,6.1,05-31-2014,HSBC Holdings
Q4-14,2013-10-21,6.1,05-31-2014,HSBC Holdings
Q4-14,2013-11-15,6.1,05-31-2014,HSBC Holdings
Q4-14,2013-12-04,6.1,05-31-2014,HSBC Holdings
Q4-14,2013-12-13,5.98,05-31-2014,HSBC Holdings
Q4-14,2013-12-23,5.98,05-31-2014,HSBC Holdings
Q4-14,2014-01-08,5.98,05-31-2014,HSBC Holdings
Q4-14,2014-02-13,5.98,05-31-2014,HSBC Holdings
Q4-14,2014-03-14,5.98,05-31-2014,HSBC Holdings
Q4-14,2014-04-17,5.98,05-31-2014,HSBC Holdings
Q4-14,2014-04-28,6.14,05-31-2014,HSBC Holdings
Q4-14,2014-05-09,6.14,05-31-2014,HSBC Holdings
Q4-14,2014-05-20,6.14,05-31-2014,HSBC Holdings
Q4-14,2014-05-29,6.14,05-31-2014,HSBC Holdings
Q1-15,2014-04-17,5.96,05-31-2014,HSBC Holdings
Q1-15,2014-04-28,6.12,05-31-2014,HSBC Holdings
Q1-15,2014-05-09,6.12,05-31-2014,HSBC Holdings
Q1-15,2014-05-20,6.12,05-31-2014,HSBC Holdings
Q1-15,2014-05-29,6.12,05-31-2014,HSBC Holdings
2015,2013-12-13,5.9,05-31-2014,HSBC Holdings
2015,2013-12-23,5.9,05-31-2014,HSBC Holdings
2015,2014-01-08,5.9,05-31-2014,HSBC Holdings
2015,2014-02-13,5.9,05-31-2014,HSBC Holdings
2015,2014-03-14,5.9,05-31-2014,HSBC Holdings
2015,2014-04-17,5.9,05-31-2014,HSBC Holdings
2015,2014-04-28,6.1,05-31-2014,HSBC Holdings
2015,2014-05-09,6.1,05-31-2014,HSBC Holdings
2015,2014-05-20,6.1,05-31-2014,HSBC Holdings
2015,2014-05-29,6.1,05-31-2014,HSBC Holdings
Q4-13,2012-01-10,5.92,11-30-2013,HSBC Holdings
Q4-13,2012-02-16,5.92,11-30-2013,HSBC Holdings
Q4-13,2012-03-20,5.92,11-30-2013,HSBC Holdings
Q4-13,2012-03-28,5.92,11-30-2013,HSBC Holdings
Q4-13,2012-04-20,6.12,11-30-2013,HSBC Holdings
Q4-13,2012-04-25,6.12,11-30-2013,HSBC Holdings
Q4-13,2012-05-21,6.12,11-30-2013,HSBC Holdings
Q4-13,2012-06-08,6.22,11-30-2013,HSBC Holdings
Q4-13,2012-07-17,6.22,11-30-2013,HSBC Holdings
Q4-13,2012-07-24,6.22,11-30-2013,HSBC Holdings
Q4-13,2012-08-06,6.22,11-30-2013,HSBC Holdings
Q4-13,2012-08-23,6.22,11-30-2013,HSBC Holdings
Q4-13,2012-09-25,6.22,11-30-2013,HSBC Holdings
Q4-13,2012-10-02,6.22,11-30-2013,HSBC Holdings
Q4-13,2012-10-12,6.22,11-30-2013,HSBC Holdings
Q4-13,2012-11-09,6.18,11-30-2013,HSBC Holdings
Q4-13,2012-11-19,6.18,11-30-2013,HSBC Holdings
Q4-13,2012-12-05,6.18,11-30-2013,HSBC Holdings
Q4-13,2012-12-11,6.18,11-30-2013,HSBC Holdings
Q4-13,2013-01-07,6.18,11-30-2013,HSBC Holdings
Q4-13,2013-01-16,6.18,11-30-2013,HSBC Holdings
Q4-13,2013-02-21,6.18,11-30-2013,HSBC Holdings
Q4-13,2013-03-07,6.18,11-30-2013,HSBC Holdings
Q4-13,2013-03-14,6.19,11-30-2013,HSBC Holdings
Q4-13,2013-04-05,6.19,11-30-2013,HSBC Holdings
Q4-13,2013-04-16,6.14,11-30-2013,HSBC Holdings
Q4-13,2013-05-09,6.14,11-30-2013,HSBC Holdings
Q4-13,2013-05-16,6.14,11-30-2013,HSBC Holdings
Q4-13,2013-05-23,6.14,11-30-2013,HSBC Holdings
Q4-13,2013-06-14,6.16,11-30-2013,HSBC Holdings
Q4-13,2013-06-20,6.16,11-30-2013,HSBC Holdings
Q4-13,2013-06-24,6.16,11-30-2013,HSBC Holdings
Q4-13,2013-07-11,6.16,11-30-2013,HSBC Holdings
Q4-13,2013-07-22,6.16,11-30-2013,HSBC Holdings
Q4-13,2013-07-31,6.16,11-30-2013,HSBC Holdings
Q4-13,2013-08-09,6.16,11-30-2013,HSBC Holdings
Q4-13,2013-09-09,6.16,11-30-2013,HSBC Holdings
Q4-13,2013-09-13,6.16,11-30-2013,HSBC Holdings
Q4-13,2013-09-23,6.16,11-30-2013,HSBC Holdings
Q4-13,2013-09-27,6.12,11-30-2013,HSBC Holdings
Q4-13,2013-10-11,6.12,11-30-2013,HSBC Holdings
Q4-13,2013-10-21,6.12,11-30-2013,HSBC Holdings
Q4-13,2013-11-15,6.12,11-30-2013,HSBC Holdings
Q1-14,2013-03-14,6.18,11-30-2013,HSBC Holdings
Q1-14,2013-04-05,6.18,11-30-2013,HSBC Holdings
Q1-14,2013-04-16,6.13,11-30-2013,HSBC Holdings
Q1-14,2013-05-09,6.13,11-30-2013,HSBC Holdings
Q1-14,2013-05-16,6.13,11-30-2013,HSBC Holdings
Q1-14,2013-05-23,6.13,11-30-2013,HSBC Holdings
Q1-14,2013-06-14,6.16,11-30-2013,HSBC Holdings
Q1-14,2013-06-20,6.16,11-30-2013,HSBC Holdings
Q1-14,2013-06-24,6.16,11-30-2013,HSBC Holdings
Q1-14,2013-07-11,6.16,11-30-2013,HSBC Holdings
Q1-14,2013-07-22,6.16,11-30-2013,HSBC Holdings
Q1-14,2013-07-31,6.16,11-30-2013,HSBC Holdings
Q1-14,2013-08-09,6.16,11-30-2013,HSBC Holdings
Q1-14,2013-09-09,6.16,11-30-2013,HSBC Holdings
Q1-14,2013-09-13,6.16,11-30-2013,HSBC Holdings
Q1-14,2013-09-23,6.16,11-30-2013,HSBC Holdings
Q1-14,2013-09-27,6.11,11-30-2013,HSBC Holdings
Q1-14,2013-10-11,6.11,11-30-2013,HSBC Holdings
Q1-14,2013-10-21,6.11,11-30-2013,HSBC Holdings
Q1-14,2013-11-15,6.11,11-30-2013,HSBC Holdings
Q2-14,2013-06-14,6.16,11-30-2013,HSBC Holdings
Q2-14,2013-06-20,6.16,11-30-2013,HSBC Holdings
Q2-14,2013-06-24,6.16,11-30-2013,HSBC Holdings
Q2-14,2013-07-11,6.16,11-30-2013,HSBC Holdings
Q2-14,2013-07-22,6.16,11-30-2013,HSBC Holdings
Q2-14,2013-07-31,6.16,11-30-2013,HSBC Holdings
Q2-14,2013-08-09,6.16,11-30-2013,HSBC Holdings
Q2-14,2013-09-09,6.16,11-30-2013,HSBC Holdings
Q2-14,2013-09-13,6.16,11-30-2013,HSBC Holdings
Q2-14,2013-09-23,6.16,11-30-2013,HSBC Holdings
Q2-14,2013-09-27,6.11,11-30-2013,HSBC Holdings
Q2-14,2013-10-11,6.11,11-30-2013,HSBC Holdings
Q2-14,2013-10-21,6.11,11-30-2013,HSBC Holdings
Q2-14,2013-11-15,6.11,11-30-2013,HSBC Holdings
Q3-14,2013-10-11,6.1,11-30-2013,HSBC Holdings
Q3-14,2013-10-21,6.1,11-30-2013,HSBC Holdings
Q3-14,2013-11-15,6.1,11-30-2013,HSBC Holdings
2014,2013-02-21,6.12,11-30-2013,HSBC Holdings
2014,2013-03-07,6.12,11-30-2013,HSBC Holdings
2014,2013-03-14,6.12,11-30-2013,HSBC Holdings
2014,2013-04-05,6.12,11-30-2013,HSBC Holdings
2014,2013-04-16,6.1,11-30-2013,HSBC Holdings
2014,2013-05-09,6.1,11-30-2013,HSBC Holdings
2014,2013-05-16,6.1,11-30-2013,HSBC Holdings
2014,2013-05-23,6.1,11-30-2013,HSBC Holdings
2014,2013-06-14,6.16,11-30-2013,HSBC Holdings
2014,2013-06-20,6.16,11-30-2013,HSBC Holdings
2014,2013-06-24,6.16,11-30-2013,HSBC Holdings
2014,2013-07-11,6.16,11-30-2013,HSBC Holdings
2014,2013-07-22,6.16,11-30-2013,HSBC Holdings
2014,2013-07-31,6.16,11-30-2013,HSBC Holdings
2014,2013-08-09,6.16,11-30-2013,HSBC Holdings
2014,2013-09-09,6.16,11-30-2013,HSBC Holdings
2014,2013-09-13,6.16,11-30-2013,HSBC Holdings
2014,2013-09-23,6.16,11-30-2013,HSBC Holdings
2014,2013-09-27,6.1,11-30-2013,HSBC Holdings
2014,2013-10-11,6.1,11-30-2013,HSBC Holdings
2014,2013-10-21,6.1,11-30-2013,HSBC Holdings
2014,2013-11-15,6.1,11-30-2013,HSBC Holdings
Q1-14,2013-03-14,6.18,02-28-2014,HSBC Holdings
Q1-14,2013-04-05,6.18,02-28-2014,HSBC Holdings
Q1-14,2013-04-16,6.13,02-28-2014,HSBC Holdings
Q1-14,2013-05-09,6.13,02-28-2014,HSBC Holdings
Q1-14,2013-05-16,6.13,02-28-2014,HSBC Holdings
Q1-14,2013-05-23,6.13,02-28-2014,HSBC Holdings
Q1-14,2013-06-14,6.16,02-28-2014,HSBC Holdings
Q1-14,2013-06-20,6.16,02-28-2014,HSBC Holdings
Q1-14,2013-06-24,6.16,02-28-2014,HSBC Holdings
Q1-14,2013-07-11,6.16,02-28-2014,HSBC Holdings
Q1-14,2013-07-22,6.16,02-28-2014,HSBC Holdings
Q1-14,2013-07-31,6.16,02-28-2014,HSBC Holdings
Q1-14,2013-08-09,6.16,02-28-2014,HSBC Holdings
Q1-14,2013-09-09,6.16,02-28-2014,HSBC Holdings
Q1-14,2013-09-13,6.16,02-28-2014,HSBC Holdings
Q1-14,2013-09-23,6.16,02-28-2014,HSBC Holdings
Q1-14,2013-09-27,6.11,02-28-2014,HSBC Holdings
Q1-14,2013-10-11,6.11,02-28-2014,HSBC Holdings
Q1-14,2013-10-21,6.11,02-28-2014,HSBC Holdings
Q1-14,2013-11-15,6.11,02-28-2014,HSBC Holdings
Q1-14,2013-12-04,6.11,02-28-2014,HSBC Holdings
Q1-14,2013-12-13,6.04,02-28-2014,HSBC Holdings
Q1-14,2013-12-23,6.04,02-28-2014,HSBC Holdings
Q1-14,2014-01-08,6.04,02-28-2014,HSBC Holdings
Q1-14,2014-02-13,6.04,02-28-2014,HSBC Holdings
Q2-14,2013-06-14,6.16,02-28-2014,HSBC Holdings
Q2-14,2013-06-20,6.16,02-28-2014,HSBC Holdings
Q2-14,2013-06-24,6.16,02-28-2014,HSBC Holdings
Q2-14,2013-07-11,6.16,02-28-2014,HSBC Holdings
Q2-14,2013-07-22,6.16,02-28-2014,HSBC Holdings
Q2-14,2013-07-31,6.16,02-28-2014,HSBC Holdings
Q2-14,2013-08-09,6.16,02-28-2014,HSBC Holdings
Q2-14,2013-09-09,6.16,02-28-2014,HSBC Holdings
Q2-14,2013-09-13,6.16,02-28-2014,HSBC Holdings
Q2-14,2013-09-23,6.16,02-28-2014,HSBC Holdings
Q2-14,2013-09-27,6.11,02-28-2014,HSBC Holdings
Q2-14,2013-10-11,6.11,02-28-2014,HSBC Holdings
Q2-14,2013-10-21,6.11,02-28-2014,HSBC Holdings
Q2-14,2013-11-15,6.11,02-28-2014,HSBC Holdings
Q2-14,2013-12-04,6.11,02-28-2014,HSBC Holdings
Q2-14,2013-12-13,6.02,02-28-2014,HSBC Holdings
Q2-14,2013-12-23,6.02,02-28-2014,HSBC Holdings
Q2-14,2014-01-08,6.02,02-28-2014,HSBC Holdings
Q2-14,2014-02-13,6.02,02-28-2014,HSBC Holdings
Q3-14,2013-10-11,6.1,02-28-2014,HSBC Holdings
Q3-14,2013-10-21,6.1,02-28-2014,HSBC Holdings
Q3-14,2013-11-15,6.1,02-28-2014,HSBC Holdings
Q3-14,2013-12-04,6.1,02-28-2014,HSBC Holdings
Q3-14,2013-12-13,6.0,02-28-2014,HSBC Holdings
Q3-14,2013-12-23,6.0,02-28-2014,HSBC Holdings
Q3-14,2014-01-08,6.0,02-28-2014,HSBC Holdings
Q3-14,2014-02-13,6.0,02-28-2014,HSBC Holdings
Q4-14,2013-02-21,6.12,02-28-2014,HSBC Holdings
Q4-14,2013-03-07,6.12,02-28-2014,HSBC Holdings
Q4-14,2013-03-14,6.12,02-28-2014,HSBC Holdings
Q4-14,2013-04-05,6.12,02-28-2014,HSBC Holdings
Q4-14,2013-04-16,6.1,02-28-2014,HSBC Holdings
Q4-14,2013-05-09,6.1,02-28-2014,HSBC Holdings
Q4-14,2013-05-16,6.1,02-28-2014,HSBC Holdings
Q4-14,2013-05-23,6.1,02-28-2014,HSBC Holdings
Q4-14,2013-06-14,6.16,02-28-2014,HSBC Holdings
Q4-14,2013-06-20,6.16,02-28-2014,HSBC Holdings
Q4-14,2013-06-24,6.16,02-28-2014,HSBC Holdings
Q4-14,2013-07-11,6.16,02-28-2014,HSBC Holdings
Q4-14,2013-07-22,6.16,02-28-2014,HSBC Holdings
Q4-14,2013-07-31,6.16,02-28-2014,HSBC Holdings
Q4-14,2013-08-09,6.16,02-28-2014,HSBC Holdings
Q4-14,2013-09-09,6.16,02-28-2014,HSBC Holdings
Q4-14,2013-09-13,6.16,02-28-2014,HSBC Holdings
Q4-14,2013-09-23,6.16,02-28-2014,HSBC Holdings
Q4-14,2013-09-27,6.1,02-28-2014,HSBC Holdings
Q4-14,2013-10-11,6.1,02-28-2014,HSBC Holdings
Q4-14,2013-10-21,6.1,02-28-2014,HSBC Holdings
Q4-14,2013-11-15,6.1,02-28-2014,HSBC Holdings
Q4-14,2013-12-04,6.1,02-28-2014,HSBC Holdings
Q4-14,2013-12-13,5.98,02-28-2014,HSBC Holdings
Q4-14,2013-12-23,5.98,02-28-2014,HSBC Holdings
Q4-14,2014-01-08,5.98,02-28-2014,HSBC Holdings
Q4-14,2014-02-13,5.98,02-28-2014,HSBC Holdings
2015,2013-12-13,5.9,02-28-2014,HSBC Holdings
2015,2013-12-23,5.9,02-28-2014,HSBC Holdings
2015,2014-01-08,5.9,02-28-2014,HSBC Holdings
2015,2014-02-13,5.9,02-28-2014,HSBC Holdings
Q3-13,2012-10-02,6.24,08-31-2013,HSBC Holdings
Q3-13,2012-10-12,6.24,08-31-2013,HSBC Holdings
Q3-13,2012-11-09,6.18,08-31-2013,HSBC Holdings
Q3-13,2012-11-19,6.18,08-31-2013,HSBC Holdings
Q3-13,2012-12-05,6.18,08-31-2013,HSBC Holdings
Q3-13,2012-12-11,6.19,08-31-2013,HSBC Holdings
Q3-13,2013-01-07,6.19,08-31-2013,HSBC Holdings
Q3-13,2013-01-16,6.19,08-31-2013,HSBC Holdings
Q3-13,2013-02-21,6.19,08-31-2013,HSBC Holdings
Q3-13,2013-03-07,6.19,08-31-2013,HSBC Holdings
Q3-13,2013-03-14,6.21,08-31-2013,HSBC Holdings
Q3-13,2013-04-05,6.21,08-31-2013,HSBC Holdings
Q3-13,2013-04-16,6.16,08-31-2013,HSBC Holdings
Q3-13,2013-05-09,6.16,08-31-2013,HSBC Holdings
Q3-13,2013-05-16,6.16,08-31-2013,HSBC Holdings
Q3-13,2013-05-23,6.16,08-31-2013,HSBC Holdings
Q3-13,2013-06-14,6.15,08-31-2013,HSBC Holdings
Q3-13,2013-06-20,6.15,08-31-2013,HSBC Holdings
Q3-13,2013-06-24,6.15,08-31-2013,HSBC Holdings
Q3-13,2013-07-11,6.15,08-31-2013,HSBC Holdings
Q3-13,2013-07-22,6.15,08-31-2013,HSBC Holdings
Q3-13,2013-07-31,6.15,08-31-2013,HSBC Holdings
Q3-13,2013-08-09,6.15,08-31-2013,HSBC Holdings
Q4-13,2012-01-10,5.92,08-31-2013,HSBC Holdings
Q4-13,2012-02-16,5.92,08-31-2013,HSBC Holdings
Q4-13,2012-03-20,5.92,08-31-2013,HSBC Holdings
Q4-13,2012-03-28,5.92,08-31-2013,HSBC Holdings
Q4-13,2012-04-20,6.12,08-31-2013,HSBC Holdings
Q4-13,2012-04-25,6.12,08-31-2013,HSBC Holdings
Q4-13,2012-05-21,6.12,08-31-2013,HSBC Holdings
Q4-13,2012-06-08,6.22,08-31-2013,HSBC Holdings
Q4-13,2012-07-17,6.22,08-31-2013,HSBC Holdings
Q4-13,2012-07-24,6.22,08-31-2013,HSBC Holdings
Q4-13,2012-08-06,6.22,08-31-2013,HSBC Holdings
Q4-13,2012-08-23,6.22,08-31-2013,HSBC Holdings
Q4-13,2012-09-25,6.22,08-31-2013,HSBC Holdings
Q4-13,2012-10-02,6.22,08-31-2013,HSBC Holdings
Q4-13,2012-10-12,6.22,08-31-2013,HSBC Holdings
Q4-13,2012-11-09,6.18,08-31-2013,HSBC Holdings
Q4-13,2012-11-19,6.18,08-31-2013,HSBC Holdings
Q4-13,2012-12-05,6.18,08-31-2013,HSBC Holdings
Q4-13,2012-12-11,6.18,08-31-2013,HSBC Holdings
Q4-13,2013-01-07,6.18,08-31-2013,HSBC Holdings
Q4-13,2013-01-16,6.18,08-31-2013,HSBC Holdings
Q4-13,2013-02-21,6.18,08-31-2013,HSBC Holdings
Q4-13,2013-03-07,6.18,08-31-2013,HSBC Holdings
Q4-13,2013-03-14,6.19,08-31-2013,HSBC Holdings
Q4-13,2013-04-05,6.19,08-31-2013,HSBC Holdings
Q4-13,2013-04-16,6.14,08-31-2013,HSBC Holdings
Q4-13,2013-05-09,6.14,08-31-2013,HSBC Holdings
Q4-13,2013-05-16,6.14,08-31-2013,HSBC Holdings
Q4-13,2013-05-23,6.14,08-31-2013,HSBC Holdings
Q4-13,2013-06-14,6.16,08-31-2013,HSBC Holdings
Q4-13,2013-06-20,6.16,08-31-2013,HSBC Holdings
Q4-13,2013-06-24,6.16,08-31-2013,HSBC Holdings
Q4-13,2013-07-11,6.16,08-31-2013,HSBC Holdings
Q4-13,2013-07-22,6.16,08-31-2013,HSBC Holdings
Q4-13,2013-07-31,6.16,08-31-2013,HSBC Holdings
Q4-13,2013-08-09,6.16,08-31-2013,HSBC Holdings
Q1-14,2013-03-14,6.18,08-31-2013,HSBC Holdings
Q1-14,2013-04-05,6.18,08-31-2013,HSBC Holdings
Q1-14,2013-04-16,6.13,08-31-2013,HSBC Holdings
Q1-14,2013-05-09,6.13,08-31-2013,HSBC Holdings
Q1-14,2013-05-16,6.13,08-31-2013,HSBC Holdings
Q1-14,2013-05-23,6.13,08-31-2013,HSBC Holdings
Q1-14,2013-06-14,6.16,08-31-2013,HSBC Holdings
Q1-14,2013-06-20,6.16,08-31-2013,HSBC Holdings
Q1-14,2013-06-24,6.16,08-31-2013,HSBC Holdings
Q1-14,2013-07-11,6.16,08-31-2013,HSBC Holdings
Q1-14,2013-07-22,6.16,08-31-2013,HSBC Holdings
Q1-14,2013-07-31,6.16,08-31-2013,HSBC Holdings
Q1-14,2013-08-09,6.16,08-31-2013,HSBC Holdings
Q2-14,2013-06-14,6.16,08-31-2013,HSBC Holdings
Q2-14,2013-06-20,6.16,08-31-2013,HSBC Holdings
Q2-14,2013-06-24,6.16,08-31-2013,HSBC Holdings
Q2-14,2013-07-11,6.16,08-31-2013,HSBC Holdings
Q2-14,2013-07-22,6.16,08-31-2013,HSBC Holdings
Q2-14,2013-07-31,6.16,08-31-2013,HSBC Holdings
Q2-14,2013-08-09,6.16,08-31-2013,HSBC Holdings
2014,2013-02-21,6.12,08-31-2013,HSBC Holdings
2014,2013-03-07,6.12,08-31-2013,HSBC Holdings
2014,2013-03-14,6.12,08-31-2013,HSBC Holdings
2014,2013-04-05,6.12,08-31-2013,HSBC Holdings
2014,2013-04-16,6.1,08-31-2013,HSBC Holdings
2014,2013-05-09,6.1,08-31-2013,HSBC Holdings
2014,2013-05-16,6.1,08-31-2013,HSBC Holdings
2014,2013-05-23,6.1,08-31-2013,HSBC Holdings
2014,2013-06-14,6.16,08-31-2013,HSBC Holdings
2014,2013-06-20,6.16,08-31-2013,HSBC Holdings
2014,2013-06-24,6.16,08-31-2013,HSBC Holdings
2014,2013-07-11,6.16,08-31-2013,HSBC Holdings
2014,2013-07-22,6.16,08-31-2013,HSBC Holdings
2014,2013-07-31,6.16,08-31-2013,HSBC Holdings
2014,2013-08-09,6.16,08-31-2013,HSBC Holdings
Q2-18,2017-06-05,7.0,05-31-2018,HSBC Holdings
Q2-18,2017-06-14,7.0,05-31-2018,HSBC Holdings
Q2-18,2017-06-20,7.0,05-31-2018,HSBC Holdings
Q2-18,2017-06-30,7.0,05-31-2018,HSBC Holdings
Q2-18,2017-07-14,7.0,05-31-2018,HSBC Holdings
Q2-18,2017-08-14,7.0,05-31-2018,HSBC Holdings
Q2-18,2017-08-25,7.0,05-31-2018,HSBC Holdings
Q2-18,2017-09-04,6.6,05-31-2018,HSBC Holdings
Q2-18,2017-09-08,6.6,05-31-2018,HSBC Holdings
Q2-18,2017-09-20,6.6,05-31-2018,HSBC Holdings
Q3-18,2017-09-04,6.65,05-31-2018,HSBC Holdings
Q4-18,2017-06-30,7.0,05-31-2018,HSBC Holdings
Q4-18,2017-07-14,7.0,05-31-2018,HSBC Holdings
Q4-18,2017-08-14,7.0,05-31-2018,HSBC Holdings
Q4-18,2017-08-25,7.0,05-31-2018,HSBC Holdings
Q4-18,2017-09-04,6.7,05-31-2018,HSBC Holdings
Q4-18,2017-09-08,6.7,05-31-2018,HSBC Holdings
Q4-18,2017-09-20,6.7,05-31-2018,HSBC Holdings
Q4-09,2008-02-11,6.42,11-30-2009,HSBC Holdings
Q4-09,2008-03-26,6.49,11-30-2009,HSBC Holdings
Q4-09,2008-06-27,6.33,11-30-2009,HSBC Holdings
Q4-09,2008-07-09,6.33,11-30-2009,HSBC Holdings
Q4-09,2008-07-10,6.33,11-30-2009,HSBC Holdings
Q4-09,2008-07-14,6.5,11-30-2009,HSBC Holdings
Q4-09,2008-12-11,6.8,11-30-2009,HSBC Holdings
Q4-09,2009-01-08,6.8,11-30-2009,HSBC Holdings
Q4-09,2009-02-13,6.8,11-30-2009,HSBC Holdings
Q4-09,2009-03-23,6.8,11-30-2009,HSBC Holdings
Q4-09,2009-04-08,6.8,11-30-2009,HSBC Holdings
Q4-09,2009-05-15,6.8,11-30-2009,HSBC Holdings
Q4-09,2009-06-12,6.8,11-30-2009,HSBC Holdings
Q4-09,2009-07-22,6.8,11-30-2009,HSBC Holdings
Q4-09,2009-08-14,6.8,11-30-2009,HSBC Holdings
Q4-09,2009-08-27,6.8,11-30-2009,HSBC Holdings
Q4-09,2009-09-11,6.8,11-30-2009,HSBC Holdings
Q4-09,2009-10-02,6.8,11-30-2009,HSBC Holdings
Q4-09,2009-10-08,6.8,11-30-2009,HSBC Holdings
Q4-09,2009-11-11,6.8,11-30-2009,HSBC Holdings
Q1-10,2009-03-23,6.8,11-30-2009,HSBC Holdings
Q1-10,2009-04-08,6.8,11-30-2009,HSBC Holdings
Q1-10,2009-05-15,6.8,11-30-2009,HSBC Holdings
Q1-10,2009-06-12,6.8,11-30-2009,HSBC Holdings
Q1-10,2009-07-22,6.8,11-30-2009,HSBC Holdings
Q1-10,2009-08-14,6.8,11-30-2009,HSBC Holdings
Q1-10,2009-08-27,6.8,11-30-2009,HSBC Holdings
Q1-10,2009-09-11,6.8,11-30-2009,HSBC Holdings
Q1-10,2009-10-02,6.8,11-30-2009,HSBC Holdings
Q1-10,2009-10-08,6.8,11-30-2009,HSBC Holdings
Q1-10,2009-11-11,6.8,11-30-2009,HSBC Holdings
Q2-10,2009-04-08,6.8,11-30-2009,HSBC Holdings
Q2-10,2009-06-12,6.8,11-30-2009,HSBC Holdings
Q2-10,2009-07-22,6.8,11-30-2009,HSBC Holdings
Q2-10,2009-08-14,6.8,11-30-2009,HSBC Holdings
Q2-10,2009-08-27,6.8,11-30-2009,HSBC Holdings
Q2-10,2009-09-11,6.8,11-30-2009,HSBC Holdings
Q2-10,2009-10-02,6.8,11-30-2009,HSBC Holdings
Q2-10,2009-10-08,6.8,11-30-2009,HSBC Holdings
Q2-10,2009-11-11,6.8,11-30-2009,HSBC Holdings
Q3-10,2009-04-08,6.8,11-30-2009,HSBC Holdings
Q3-10,2009-09-11,6.8,11-30-2009,HSBC Holdings
Q3-10,2009-10-02,6.73,11-30-2009,HSBC Holdings
Q3-10,2009-10-08,6.73,11-30-2009,HSBC Holdings
Q3-10,2009-11-11,6.73,11-30-2009,HSBC Holdings
2010,2009-04-08,6.8,11-30-2009,HSBC Holdings
2010,2009-07-22,6.8,11-30-2009,HSBC Holdings
2010,2009-08-14,6.8,11-30-2009,HSBC Holdings
2010,2009-08-27,6.8,11-30-2009,HSBC Holdings
2010,2009-09-11,6.8,11-30-2009,HSBC Holdings
2010,2009-10-02,6.66,11-30-2009,HSBC Holdings
2010,2009-10-08,6.66,11-30-2009,HSBC Holdings
2010,2009-11-11,6.66,11-30-2009,HSBC Holdings
Q4-14,2013-02-21,6.12,11-30-2014,HSBC Holdings
Q4-14,2013-03-07,6.12,11-30-2014,HSBC Holdings
Q4-14,2013-03-14,6.12,11-30-2014,HSBC Holdings
Q4-14,2013-04-05,6.12,11-30-2014,HSBC Holdings
Q4-14,2013-04-16,6.1,11-30-2014,HSBC Holdings
Q4-14,2013-05-09,6.1,11-30-2014,HSBC Holdings
Q4-14,2013-05-16,6.1,11-30-2014,HSBC Holdings
Q4-14,2013-05-23,6.1,11-30-2014,HSBC Holdings
Q4-14,2013-06-14,6.16,11-30-2014,HSBC Holdings
Q4-14,2013-06-20,6.16,11-30-2014,HSBC Holdings
Q4-14,2013-06-24,6.16,11-30-2014,HSBC Holdings
Q4-14,2013-07-11,6.16,11-30-2014,HSBC Holdings
Q4-14,2013-07-22,6.16,11-30-2014,HSBC Holdings
Q4-14,2013-07-31,6.16,11-30-2014,HSBC Holdings
Q4-14,2013-08-09,6.16,11-30-2014,HSBC Holdings
Q4-14,2013-09-09,6.16,11-30-2014,HSBC Holdings
Q4-14,2013-09-13,6.16,11-30-2014,HSBC Holdings
Q4-14,2013-09-23,6.16,11-30-2014,HSBC Holdings
Q4-14,2013-09-27,6.1,11-30-2014,HSBC Holdings
Q4-14,2013-10-11,6.1,11-30-2014,HSBC Holdings
Q4-14,2013-10-21,6.1,11-30-2014,HSBC Holdings
Q4-14,2013-11-15,6.1,11-30-2014,HSBC Holdings
Q4-14,2013-12-04,6.1,11-30-2014,HSBC Holdings
Q4-14,2013-12-13,5.98,11-30-2014,HSBC Holdings
Q4-14,2013-12-23,5.98,11-30-2014,HSBC Holdings
Q4-14,2014-01-08,5.98,11-30-2014,HSBC Holdings
Q4-14,2014-02-13,5.98,11-30-2014,HSBC Holdings
Q4-14,2014-03-14,5.98,11-30-2014,HSBC Holdings
Q4-14,2014-04-17,5.98,11-30-2014,HSBC Holdings
Q4-14,2014-04-28,6.14,11-30-2014,HSBC Holdings
Q4-14,2014-05-09,6.14,11-30-2014,HSBC Holdings
Q4-14,2014-05-20,6.14,11-30-2014,HSBC Holdings
Q4-14,2014-05-29,6.14,11-30-2014,HSBC Holdings
Q4-14,2014-06-09,6.14,11-30-2014,HSBC Holdings
Q4-14,2014-06-12,6.14,11-30-2014,HSBC Holdings
Q4-14,2014-06-23,6.14,11-30-2014,HSBC Holdings
Q4-14,2014-06-26,6.14,11-30-2014,HSBC Holdings
Q4-14,2014-07-10,6.14,11-30-2014,HSBC Holdings
Q4-14,2014-07-17,6.14,11-30-2014,HSBC Holdings
Q4-14,2014-08-07,6.14,11-30-2014,HSBC Holdings
Q4-14,2014-09-09,6.14,11-30-2014,HSBC Holdings
Q4-14,2014-09-11,6.14,11-30-2014,HSBC Holdings
Q4-14,2014-09-24,6.14,11-30-2014,HSBC Holdings
Q4-14,2014-10-01,6.14,11-30-2014,HSBC Holdings
Q4-14,2014-10-21,6.14,11-30-2014,HSBC Holdings
Q4-14,2014-11-13,6.14,11-30-2014,HSBC Holdings
Q4-14,2014-11-28,6.14,11-30-2014,HSBC Holdings
Q1-15,2014-04-17,5.96,11-30-2014,HSBC Holdings
Q1-15,2014-04-28,6.12,11-30-2014,HSBC Holdings
Q1-15,2014-05-09,6.12,11-30-2014,HSBC Holdings
Q1-15,2014-05-20,6.12,11-30-2014,HSBC Holdings
Q1-15,2014-05-29,6.12,11-30-2014,HSBC Holdings
Q1-15,2014-06-09,6.12,11-30-2014,HSBC Holdings
Q1-15,2014-06-12,6.12,11-30-2014,HSBC Holdings
Q1-15,2014-06-23,6.12,11-30-2014,HSBC Holdings
Q1-15,2014-06-26,6.12,11-30-2014,HSBC Holdings
Q1-15,2014-07-10,6.12,11-30-2014,HSBC Holdings
Q1-15,2014-07-17,6.12,11-30-2014,HSBC Holdings
Q1-15,2014-08-07,6.12,11-30-2014,HSBC Holdings
Q1-15,2014-09-09,6.12,11-30-2014,HSBC Holdings
Q1-15,2014-09-11,6.12,11-30-2014,HSBC Holdings
Q1-15,2014-09-24,6.12,11-30-2014,HSBC Holdings
Q1-15,2014-10-01,6.12,11-30-2014,HSBC Holdings
Q1-15,2014-10-21,6.12,11-30-2014,HSBC Holdings
Q1-15,2014-11-13,6.12,11-30-2014,HSBC Holdings
Q1-15,2014-11-28,6.12,11-30-2014,HSBC Holdings
Q2-15,2014-06-12,6.11,11-30-2014,HSBC Holdings
Q2-15,2014-06-23,6.11,11-30-2014,HSBC Holdings
Q2-15,2014-06-26,6.11,11-30-2014,HSBC Holdings
Q2-15,2014-07-10,6.11,11-30-2014,HSBC Holdings
Q2-15,2014-07-17,6.11,11-30-2014,HSBC Holdings
Q2-15,2014-08-07,6.11,11-30-2014,HSBC Holdings
Q2-15,2014-09-09,6.11,11-30-2014,HSBC Holdings
Q2-15,2014-09-11,6.11,11-30-2014,HSBC Holdings
Q2-15,2014-09-24,6.11,11-30-2014,HSBC Holdings
Q2-15,2014-10-01,6.11,11-30-2014,HSBC Holdings
Q2-15,2014-10-21,6.11,11-30-2014,HSBC Holdings
Q2-15,2014-11-13,6.11,11-30-2014,HSBC Holdings
Q2-15,2014-11-28,6.11,11-30-2014,HSBC Holdings
Q3-15,2014-09-11,6.1,11-30-2014,HSBC Holdings
Q3-15,2014-10-01,6.1,11-30-2014,HSBC Holdings
Q3-15,2014-10-21,6.1,11-30-2014,HSBC Holdings
Q3-15,2014-11-13,6.1,11-30-2014,HSBC Holdings
Q3-15,2014-11-28,6.1,11-30-2014,HSBC Holdings
2015,2013-12-13,5.9,11-30-2014,HSBC Holdings
2015,2013-12-23,5.9,11-30-2014,HSBC Holdings
2015,2014-01-08,5.9,11-30-2014,HSBC Holdings
2015,2014-02-13,5.9,11-30-2014,HSBC Holdings
2015,2014-03-14,5.9,11-30-2014,HSBC Holdings
2015,2014-04-17,5.9,11-30-2014,HSBC Holdings
2015,2014-04-28,6.1,11-30-2014,HSBC Holdings
2015,2014-05-09,6.1,11-30-2014,HSBC Holdings
2015,2014-05-20,6.1,11-30-2014,HSBC Holdings
2015,2014-05-29,6.1,11-30-2014,HSBC Holdings
2015,2014-06-09,6.1,11-30-2014,HSBC Holdings
2015,2014-06-12,6.1,11-30-2014,HSBC Holdings
2015,2014-06-23,6.1,11-30-2014,HSBC Holdings
2015,2014-06-26,6.1,11-30-2014,HSBC Holdings
2015,2014-07-10,6.1,11-30-2014,HSBC Holdings
2015,2014-07-17,6.1,11-30-2014,HSBC Holdings
2015,2014-08-07,6.1,11-30-2014,HSBC Holdings
2015,2014-09-09,6.1,11-30-2014,HSBC Holdings
2015,2014-09-24,6.1,11-30-2014,HSBC Holdings
2015,2014-10-01,6.1,11-30-2014,HSBC Holdings
2015,2014-10-21,6.1,11-30-2014,HSBC Holdings
2015,2014-11-13,6.1,11-30-2014,HSBC Holdings
2015,2014-11-28,6.1,11-30-2014,HSBC Holdings
Q1-09,2008-03-13,6.66,02-28-2009,HSBC Holdings
Q1-09,2008-03-26,6.66,02-28-2009,HSBC Holdings
Q1-09,2008-04-11,6.66,02-28-2009,HSBC Holdings
Q1-09,2008-05-12,6.66,02-28-2009,HSBC Holdings
Q1-09,2008-05-28,6.66,02-28-2009,HSBC Holdings
Q1-09,2008-06-12,6.66,02-28-2009,HSBC Holdings
Q1-09,2008-06-27,6.66,02-28-2009,HSBC Holdings
Q1-09,2008-07-03,6.66,02-28-2009,HSBC Holdings
Q1-09,2008-07-09,6.66,02-28-2009,HSBC Holdings
Q1-09,2008-07-10,6.66,02-28-2009,HSBC Holdings
Q1-09,2008-07-14,6.66,02-28-2009,HSBC Holdings
Q1-09,2008-08-07,6.57,02-28-2009,HSBC Holdings
Q1-09,2008-08-20,6.57,02-28-2009,HSBC Holdings
Q1-09,2008-09-12,6.68,02-28-2009,HSBC Holdings
Q1-09,2008-10-10,6.7,02-28-2009,HSBC Holdings
Q1-09,2008-10-14,6.7,02-28-2009,HSBC Holdings
Q1-09,2008-11-14,6.8,02-28-2009,HSBC Holdings
Q1-09,2008-12-11,6.8,02-28-2009,HSBC Holdings
Q1-09,2009-01-08,6.8,02-28-2009,HSBC Holdings
Q1-09,2009-02-13,6.8,02-28-2009,HSBC Holdings
Q2-09,2008-06-27,6.55,02-28-2009,HSBC Holdings
Q2-09,2008-07-03,6.55,02-28-2009,HSBC Holdings
Q2-09,2008-07-09,6.55,02-28-2009,HSBC Holdings
Q2-09,2008-07-10,6.55,02-28-2009,HSBC Holdings
Q2-09,2008-07-14,6.55,02-28-2009,HSBC Holdings
Q2-09,2008-08-07,6.46,02-28-2009,HSBC Holdings
Q2-09,2008-08-20,6.46,02-28-2009,HSBC Holdings
Q2-09,2008-09-12,6.57,02-28-2009,HSBC Holdings
Q2-09,2008-10-10,6.65,02-28-2009,HSBC Holdings
Q2-09,2008-10-14,6.65,02-28-2009,HSBC Holdings
Q2-09,2008-11-14,6.8,02-28-2009,HSBC Holdings
Q2-09,2008-12-11,6.8,02-28-2009,HSBC Holdings
Q2-09,2009-01-08,6.8,02-28-2009,HSBC Holdings
Q2-09,2009-02-13,6.8,02-28-2009,HSBC Holdings
Q3-09,2008-09-12,6.46,02-28-2009,HSBC Holdings
Q3-09,2008-10-10,6.6,02-28-2009,HSBC Holdings
Q3-09,2008-10-14,6.6,02-28-2009,HSBC Holdings
Q3-09,2008-11-14,6.8,02-28-2009,HSBC Holdings
Q3-09,2008-12-11,6.8,02-28-2009,HSBC Holdings
Q3-09,2009-01-08,6.8,02-28-2009,HSBC Holdings
Q3-09,2009-02-13,6.8,02-28-2009,HSBC Holdings
Q4-09,2008-02-11,6.42,02-28-2009,HSBC Holdings
Q4-09,2008-03-26,6.49,02-28-2009,HSBC Holdings
Q4-09,2008-06-27,6.33,02-28-2009,HSBC Holdings
Q4-09,2008-07-09,6.33,02-28-2009,HSBC Holdings
Q4-09,2008-07-10,6.33,02-28-2009,HSBC Holdings
Q4-09,2008-07-14,6.5,02-28-2009,HSBC Holdings
Q4-09,2008-12-11,6.8,02-28-2009,HSBC Holdings
Q4-09,2009-01-08,6.8,02-28-2009,HSBC Holdings
Q4-09,2009-02-13,6.8,02-28-2009,HSBC Holdings
Q2-13,2012-06-08,6.26,05-31-2013,HSBC Holdings
Q2-13,2012-07-17,6.26,05-31-2013,HSBC Holdings
Q2-13,2012-07-24,6.26,05-31-2013,HSBC Holdings
Q2-13,2012-08-06,6.26,05-31-2013,HSBC Holdings
Q2-13,2012-08-23,6.26,05-31-2013,HSBC Holdings
Q2-13,2012-09-25,6.26,05-31-2013,HSBC Holdings
Q2-13,2012-10-02,6.26,05-31-2013,HSBC Holdings
Q2-13,2012-10-12,6.26,05-31-2013,HSBC Holdings
Q2-13,2012-11-09,6.21,05-31-2013,HSBC Holdings
Q2-13,2012-11-19,6.21,05-31-2013,HSBC Holdings
Q2-13,2012-12-05,6.21,05-31-2013,HSBC Holdings
Q2-13,2012-12-11,6.21,05-31-2013,HSBC Holdings
Q2-13,2013-01-07,6.21,05-31-2013,HSBC Holdings
Q2-13,2013-01-16,6.21,05-31-2013,HSBC Holdings
Q2-13,2013-02-21,6.21,05-31-2013,HSBC Holdings
Q2-13,2013-03-07,6.21,05-31-2013,HSBC Holdings
Q2-13,2013-03-14,6.22,05-31-2013,HSBC Holdings
Q2-13,2013-04-05,6.22,05-31-2013,HSBC Holdings
Q2-13,2013-04-16,6.18,05-31-2013,HSBC Holdings
Q2-13,2013-05-09,6.18,05-31-2013,HSBC Holdings
Q2-13,2013-05-16,6.18,05-31-2013,HSBC Holdings
Q2-13,2013-05-23,6.18,05-31-2013,HSBC Holdings
Q3-13,2012-10-02,6.24,05-31-2013,HSBC Holdings
Q3-13,2012-10-12,6.24,05-31-2013,HSBC Holdings
Q3-13,2012-11-09,6.18,05-31-2013,HSBC Holdings
Q3-13,2012-11-19,6.18,05-31-2013,HSBC Holdings
Q3-13,2012-12-05,6.18,05-31-2013,HSBC Holdings
Q3-13,2012-12-11,6.19,05-31-2013,HSBC Holdings
Q3-13,2013-01-07,6.19,05-31-2013,HSBC Holdings
Q3-13,2013-01-16,6.19,05-31-2013,HSBC Holdings
Q3-13,2013-02-21,6.19,05-31-2013,HSBC Holdings
Q3-13,2013-03-07,6.19,05-31-2013,HSBC Holdings
Q3-13,2013-03-14,6.21,05-31-2013,HSBC Holdings
Q3-13,2013-04-05,6.21,05-31-2013,HSBC Holdings
Q3-13,2013-04-16,6.16,05-31-2013,HSBC Holdings
Q3-13,2013-05-09,6.16,05-31-2013,HSBC Holdings
Q3-13,2013-05-16,6.16,05-31-2013,HSBC Holdings
Q3-13,2013-05-23,6.16,05-31-2013,HSBC Holdings
Q4-13,2012-01-10,5.92,05-31-2013,HSBC Holdings
Q4-13,2012-02-16,5.92,05-31-2013,HSBC Holdings
Q4-13,2012-03-20,5.92,05-31-2013,HSBC Holdings
Q4-13,2012-03-28,5.92,05-31-2013,HSBC Holdings
Q4-13,2012-04-20,6.12,05-31-2013,HSBC Holdings
Q4-13,2012-04-25,6.12,05-31-2013,HSBC Holdings
Q4-13,2012-05-21,6.12,05-31-2013,HSBC Holdings
Q4-13,2012-06-08,6.22,05-31-2013,HSBC Holdings
Q4-13,2012-07-17,6.22,05-31-2013,HSBC Holdings
Q4-13,2012-07-24,6.22,05-31-2013,HSBC Holdings
Q4-13,2012-08-06,6.22,05-31-2013,HSBC Holdings
Q4-13,2012-08-23,6.22,05-31-2013,HSBC Holdings
Q4-13,2012-09-25,6.22,05-31-2013,HSBC Holdings
Q4-13,2012-10-02,6.22,05-31-2013,HSBC Holdings
Q4-13,2012-10-12,6.22,05-31-2013,HSBC Holdings
Q4-13,2012-11-09,6.18,05-31-2013,HSBC Holdings
Q4-13,2012-11-19,6.18,05-31-2013,HSBC Holdings
Q4-13,2012-12-05,6.18,05-31-2013,HSBC Holdings
Q4-13,2012-12-11,6.18,05-31-2013,HSBC Holdings
Q4-13,2013-01-07,6.18,05-31-2013,HSBC Holdings
Q4-13,2013-01-16,6.18,05-31-2013,HSBC Holdings
Q4-13,2013-02-21,6.18,05-31-2013,HSBC Holdings
Q4-13,2013-03-07,6.18,05-31-2013,HSBC Holdings
Q4-13,2013-03-14,6.19,05-31-2013,HSBC Holdings
Q4-13,2013-04-05,6.19,05-31-2013,HSBC Holdings
Q4-13,2013-04-16,6.14,05-31-2013,HSBC Holdings
Q4-13,2013-05-09,6.14,05-31-2013,HSBC Holdings
Q4-13,2013-05-16,6.14,05-31-2013,HSBC Holdings
Q4-13,2013-05-23,6.14,05-31-2013,HSBC Holdings
Q1-14,2013-03-14,6.18,05-31-2013,HSBC Holdings
Q1-14,2013-04-05,6.18,05-31-2013,HSBC Holdings
Q1-14,2013-04-16,6.13,05-31-2013,HSBC Holdings
Q1-14,2013-05-09,6.13,05-31-2013,HSBC Holdings
Q1-14,2013-05-16,6.13,05-31-2013,HSBC Holdings
Q1-14,2013-05-23,6.13,05-31-2013,HSBC Holdings
2014,2013-02-21,6.12,05-31-2013,HSBC Holdings
2014,2013-03-07,6.12,05-31-2013,HSBC Holdings
2014,2013-03-14,6.12,05-31-2013,HSBC Holdings
2014,2013-04-05,6.12,05-31-2013,HSBC Holdings
2014,2013-04-16,6.1,05-31-2013,HSBC Holdings
2014,2013-05-09,6.1,05-31-2013,HSBC Holdings
2014,2013-05-16,6.1,05-31-2013,HSBC Holdings
2014,2013-05-23,6.1,05-31-2013,HSBC Holdings
Q3-18,2017-09-04,6.65,08-31-2018,HSBC Holdings
Q4-18,2017-06-30,7.0,08-31-2018,HSBC Holdings
Q4-18,2017-07-14,7.0,08-31-2018,HSBC Holdings
Q4-18,2017-08-14,7.0,08-31-2018,HSBC Holdings
Q4-18,2017-08-25,7.0,08-31-2018,HSBC Holdings
Q4-18,2017-09-04,6.7,08-31-2018,HSBC Holdings
Q4-18,2017-09-08,6.7,08-31-2018,HSBC Holdings
Q4-18,2017-09-20,6.7,08-31-2018,HSBC Holdings
Q4-18,2017-06-30,7.0,11-30-2018,HSBC Holdings
Q4-18,2017-07-14,7.0,11-30-2018,HSBC Holdings
Q4-18,2017-08-14,7.0,11-30-2018,HSBC Holdings
Q4-18,2017-08-25,7.0,11-30-2018,HSBC Holdings
Q4-18,2017-09-04,6.7,11-30-2018,HSBC Holdings
Q4-18,2017-09-08,6.7,11-30-2018,HSBC Holdings
Q4-18,2017-09-20,6.7,11-30-2018,HSBC Holdings
Q3-14,2013-10-11,6.1,08-31-2014,HSBC Holdings
Q3-14,2013-10-21,6.1,08-31-2014,HSBC Holdings
Q3-14,2013-11-15,6.1,08-31-2014,HSBC Holdings
Q3-14,2013-12-04,6.1,08-31-2014,HSBC Holdings
Q3-14,2013-12-13,6.0,08-31-2014,HSBC Holdings
Q3-14,2013-12-23,6.0,08-31-2014,HSBC Holdings
Q3-14,2014-01-08,6.0,08-31-2014,HSBC Holdings
Q3-14,2014-02-13,6.0,08-31-2014,HSBC Holdings
Q3-14,2014-03-14,6.03,08-31-2014,HSBC Holdings
Q3-14,2014-04-17,6.03,08-31-2014,HSBC Holdings
Q3-14,2014-04-28,6.2,08-31-2014,HSBC Holdings
Q3-14,2014-05-09,6.2,08-31-2014,HSBC Holdings
Q3-14,2014-05-20,6.2,08-31-2014,HSBC Holdings
Q3-14,2014-05-29,6.2,08-31-2014,HSBC Holdings
Q3-14,2014-06-09,6.2,08-31-2014,HSBC Holdings
Q3-14,2014-06-12,6.2,08-31-2014,HSBC Holdings
Q3-14,2014-06-23,6.2,08-31-2014,HSBC Holdings
Q3-14,2014-06-26,6.2,08-31-2014,HSBC Holdings
Q3-14,2014-07-10,6.2,08-31-2014,HSBC Holdings
Q3-14,2014-07-17,6.2,08-31-2014,HSBC Holdings
Q3-14,2014-08-07,6.2,08-31-2014,HSBC Holdings
Q4-14,2013-02-21,6.12,08-31-2014,HSBC Holdings
Q4-14,2013-03-07,6.12,08-31-2014,HSBC Holdings
Q4-14,2013-03-14,6.12,08-31-2014,HSBC Holdings
Q4-14,2013-04-05,6.12,08-31-2014,HSBC Holdings
Q4-14,2013-04-16,6.1,08-31-2014,HSBC Holdings
Q4-14,2013-05-09,6.1,08-31-2014,HSBC Holdings
Q4-14,2013-05-16,6.1,08-31-2014,HSBC Holdings
Q4-14,2013-05-23,6.1,08-31-2014,HSBC Holdings
Q4-14,2013-06-14,6.16,08-31-2014,HSBC Holdings
Q4-14,2013-06-20,6.16,08-31-2014,HSBC Holdings
Q4-14,2013-06-24,6.16,08-31-2014,HSBC Holdings
Q4-14,2013-07-11,6.16,08-31-2014,HSBC Holdings
Q4-14,2013-07-22,6.16,08-31-2014,HSBC Holdings
Q4-14,2013-07-31,6.16,08-31-2014,HSBC Holdings
Q4-14,2013-08-09,6.16,08-31-2014,HSBC Holdings
Q4-14,2013-09-09,6.16,08-31-2014,HSBC Holdings
Q4-14,2013-09-13,6.16,08-31-2014,HSBC Holdings
Q4-14,2013-09-23,6.16,08-31-2014,HSBC Holdings
Q4-14,2013-09-27,6.1,08-31-2014,HSBC Holdings
Q4-14,2013-10-11,6.1,08-31-2014,HSBC Holdings
Q4-14,2013-10-21,6.1,08-31-2014,HSBC Holdings
Q4-14,2013-11-15,6.1,08-31-2014,HSBC Holdings
Q4-14,2013-12-04,6.1,08-31-2014,HSBC Holdings
Q4-14,2013-12-13,5.98,08-31-2014,HSBC Holdings
Q4-14,2013-12-23,5.98,08-31-2014,HSBC Holdings
Q4-14,2014-01-08,5.98,08-31-2014,HSBC Holdings
Q4-14,2014-02-13,5.98,08-31-2014,HSBC Holdings
Q4-14,2014-03-14,5.98,08-31-2014,HSBC Holdings
Q4-14,2014-04-17,5.98,08-31-2014,HSBC Holdings
Q4-14,2014-04-28,6.14,08-31-2014,HSBC Holdings
Q4-14,2014-05-09,6.14,08-31-2014,HSBC Holdings
Q4-14,2014-05-20,6.14,08-31-2014,HSBC Holdings
Q4-14,2014-05-29,6.14,08-31-2014,HSBC Holdings
Q4-14,2014-06-09,6.14,08-31-2014,HSBC Holdings
Q4-14,2014-06-12,6.14,08-31-2014,HSBC Holdings
Q4-14,2014-06-23,6.14,08-31-2014,HSBC Holdings
Q4-14,2014-06-26,6.14,08-31-2014,HSBC Holdings
Q4-14,2014-07-10,6.14,08-31-2014,HSBC Holdings
Q4-14,2014-07-17,6.14,08-31-2014,HSBC Holdings
Q4-14,2014-08-07,6.14,08-31-2014,HSBC Holdings
Q1-15,2014-04-17,5.96,08-31-2014,HSBC Holdings
Q1-15,2014-04-28,6.12,08-31-2014,HSBC Holdings
Q1-15,2014-05-09,6.12,08-31-2014,HSBC Holdings
Q1-15,2014-05-20,6.12,08-31-2014,HSBC Holdings
Q1-15,2014-05-29,6.12,08-31-2014,HSBC Holdings
Q1-15,2014-06-09,6.12,08-31-2014,HSBC Holdings
Q1-15,2014-06-12,6.12,08-31-2014,HSBC Holdings
Q1-15,2014-06-23,6.12,08-31-2014,HSBC Holdings
Q1-15,2014-06-26,6.12,08-31-2014,HSBC Holdings
Q1-15,2014-07-10,6.12,08-31-2014,HSBC Holdings
Q1-15,2014-07-17,6.12,08-31-2014,HSBC Holdings
Q1-15,2014-08-07,6.12,08-31-2014,HSBC Holdings
Q2-15,2014-06-12,6.11,08-31-2014,HSBC Holdings
Q2-15,2014-06-23,6.11,08-31-2014,HSBC Holdings
Q2-15,2014-06-26,6.11,08-31-2014,HSBC Holdings
Q2-15,2014-07-10,6.11,08-31-2014,HSBC Holdings
Q2-15,2014-07-17,6.11,08-31-2014,HSBC Holdings
Q2-15,2014-08-07,6.11,08-31-2014,HSBC Holdings
2015,2013-12-13,5.9,08-31-2014,HSBC Holdings
2015,2013-12-23,5.9,08-31-2014,HSBC Holdings
2015,2014-01-08,5.9,08-31-2014,HSBC Holdings
2015,2014-02-13,5.9,08-31-2014,HSBC Holdings
2015,2014-03-14,5.9,08-31-2014,HSBC Holdings
2015,2014-04-17,5.9,08-31-2014,HSBC Holdings
2015,2014-04-28,6.1,08-31-2014,HSBC Holdings
2015,2014-05-09,6.1,08-31-2014,HSBC Holdings
2015,2014-05-20,6.1,08-31-2014,HSBC Holdings
2015,2014-05-29,6.1,08-31-2014,HSBC Holdings
2015,2014-06-09,6.1,08-31-2014,HSBC Holdings
2015,2014-06-12,6.1,08-31-2014,HSBC Holdings
2015,2014-06-23,6.1,08-31-2014,HSBC Holdings
2015,2014-06-26,6.1,08-31-2014,HSBC Holdings
2015,2014-07-10,6.1,08-31-2014,HSBC Holdings
2015,2014-07-17,6.1,08-31-2014,HSBC Holdings
2015,2014-08-07,6.1,08-31-2014,HSBC Holdings
Q2-09,2008-06-27,6.55,05-31-2009,HSBC Holdings
Q2-09,2008-07-03,6.55,05-31-2009,HSBC Holdings
Q2-09,2008-07-09,6.55,05-31-2009,HSBC Holdings
Q2-09,2008-07-10,6.55,05-31-2009,HSBC Holdings
Q2-09,2008-07-14,6.55,05-31-2009,HSBC Holdings
Q2-09,2008-08-07,6.46,05-31-2009,HSBC Holdings
Q2-09,2008-08-20,6.46,05-31-2009,HSBC Holdings
Q2-09,2008-09-12,6.57,05-31-2009,HSBC Holdings
Q2-09,2008-10-10,6.65,05-31-2009,HSBC Holdings
Q2-09,2008-10-14,6.65,05-31-2009,HSBC Holdings
Q2-09,2008-11-14,6.8,05-31-2009,HSBC Holdings
Q2-09,2008-12-11,6.8,05-31-2009,HSBC Holdings
Q2-09,2009-01-08,6.8,05-31-2009,HSBC Holdings
Q2-09,2009-02-13,6.8,05-31-2009,HSBC Holdings
Q2-09,2009-03-23,6.8,05-31-2009,HSBC Holdings
Q2-09,2009-04-08,6.8,05-31-2009,HSBC Holdings
Q2-09,2009-05-15,6.8,05-31-2009,HSBC Holdings
Q3-09,2008-09-12,6.46,05-31-2009,HSBC Holdings
Q3-09,2008-10-10,6.6,05-31-2009,HSBC Holdings
Q3-09,2008-10-14,6.6,05-31-2009,HSBC Holdings
Q3-09,2008-11-14,6.8,05-31-2009,HSBC Holdings
Q3-09,2008-12-11,6.8,05-31-2009,HSBC Holdings
Q3-09,2009-01-08,6.8,05-31-2009,HSBC Holdings
Q3-09,2009-02-13,6.8,05-31-2009,HSBC Holdings
Q3-09,2009-03-23,6.8,05-31-2009,HSBC Holdings
Q3-09,2009-04-08,6.8,05-31-2009,HSBC Holdings
Q3-09,2009-05-15,6.8,05-31-2009,HSBC Holdings
Q4-09,2008-02-11,6.42,05-31-2009,HSBC Holdings
Q4-09,2008-03-26,6.49,05-31-2009,HSBC Holdings
Q4-09,2008-06-27,6.33,05-31-2009,HSBC Holdings
Q4-09,2008-07-09,6.33,05-31-2009,HSBC Holdings
Q4-09,2008-07-10,6.33,05-31-2009,HSBC Holdings
Q4-09,2008-07-14,6.5,05-31-2009,HSBC Holdings
Q4-09,2008-12-11,6.8,05-31-2009,HSBC Holdings
Q4-09,2009-01-08,6.8,05-31-2009,HSBC Holdings
Q4-09,2009-02-13,6.8,05-31-2009,HSBC Holdings
Q4-09,2009-03-23,6.8,05-31-2009,HSBC Holdings
Q4-09,2009-04-08,6.8,05-31-2009,HSBC Holdings
Q4-09,2009-05-15,6.8,05-31-2009,HSBC Holdings
Q1-10,2009-03-23,6.8,05-31-2009,HSBC Holdings
Q1-10,2009-04-08,6.8,05-31-2009,HSBC Holdings
Q1-10,2009-05-15,6.8,05-31-2009,HSBC Holdings
2010,2009-04-08,6.8,05-31-2009,HSBC Holdings
Q1-13,2012-03-20,6.07,02-28-2013,HSBC Holdings
Q1-13,2012-03-28,6.07,02-28-2013,HSBC Holdings
Q1-13,2012-04-20,6.15,02-28-2013,HSBC Holdings
Q1-13,2012-04-25,6.15,02-28-2013,HSBC Holdings
Q1-13,2012-05-21,6.15,02-28-2013,HSBC Holdings
Q1-13,2012-06-08,6.28,02-28-2013,HSBC Holdings
Q1-13,2012-07-17,6.28,02-28-2013,HSBC Holdings
Q1-13,2012-07-24,6.28,02-28-2013,HSBC Holdings
Q1-13,2012-08-06,6.28,02-28-2013,HSBC Holdings
Q1-13,2012-08-23,6.28,02-28-2013,HSBC Holdings
Q1-13,2012-09-25,6.28,02-28-2013,HSBC Holdings
Q1-13,2012-10-02,6.28,02-28-2013,HSBC Holdings
Q1-13,2012-10-12,6.28,02-28-2013,HSBC Holdings
Q1-13,2012-11-09,6.23,02-28-2013,HSBC Holdings
Q1-13,2012-11-19,6.23,02-28-2013,HSBC Holdings
Q1-13,2012-12-05,6.23,02-28-2013,HSBC Holdings
Q1-13,2012-12-11,6.22,02-28-2013,HSBC Holdings
Q1-13,2013-01-07,6.22,02-28-2013,HSBC Holdings
Q1-13,2013-01-16,6.22,02-28-2013,HSBC Holdings
Q1-13,2013-02-21,6.22,02-28-2013,HSBC Holdings
Q2-13,2012-06-08,6.26,02-28-2013,HSBC Holdings
Q2-13,2012-07-17,6.26,02-28-2013,HSBC Holdings
Q2-13,2012-07-24,6.26,02-28-2013,HSBC Holdings
Q2-13,2012-08-06,6.26,02-28-2013,HSBC Holdings
Q2-13,2012-08-23,6.26,02-28-2013,HSBC Holdings
Q2-13,2012-09-25,6.26,02-28-2013,HSBC Holdings
Q2-13,2012-10-02,6.26,02-28-2013,HSBC Holdings
Q2-13,2012-10-12,6.26,02-28-2013,HSBC Holdings
Q2-13,2012-11-09,6.21,02-28-2013,HSBC Holdings
Q2-13,2012-11-19,6.21,02-28-2013,HSBC Holdings
Q2-13,2012-12-05,6.21,02-28-2013,HSBC Holdings
Q2-13,2012-12-11,6.21,02-28-2013,HSBC Holdings
Q2-13,2013-01-07,6.21,02-28-2013,HSBC Holdings
Q2-13,2013-01-16,6.21,02-28-2013,HSBC Holdings
Q2-13,2013-02-21,6.21,02-28-2013,HSBC Holdings
Q3-13,2012-10-02,6.24,02-28-2013,HSBC Holdings
Q3-13,2012-10-12,6.24,02-28-2013,HSBC Holdings
Q3-13,2012-11-09,6.18,02-28-2013,HSBC Holdings
Q3-13,2012-11-19,6.18,02-28-2013,HSBC Holdings
Q3-13,2012-12-05,6.18,02-28-2013,HSBC Holdings
Q3-13,2012-12-11,6.19,02-28-2013,HSBC Holdings
Q3-13,2013-01-07,6.19,02-28-2013,HSBC Holdings
Q3-13,2013-01-16,6.19,02-28-2013,HSBC Holdings
Q3-13,2013-02-21,6.19,02-28-2013,HSBC Holdings
Q4-13,2012-01-10,5.92,02-28-2013,HSBC Holdings
Q4-13,2012-02-16,5.92,02-28-2013,HSBC Holdings
Q4-13,2012-03-20,5.92,02-28-2013,HSBC Holdings
Q4-13,2012-03-28,5.92,02-28-2013,HSBC Holdings
Q4-13,2012-04-20,6.12,02-28-2013,HSBC Holdings
Q4-13,2012-04-25,6.12,02-28-2013,HSBC Holdings
Q4-13,2012-05-21,6.12,02-28-2013,HSBC Holdings
Q4-13,2012-06-08,6.22,02-28-2013,HSBC Holdings
Q4-13,2012-07-17,6.22,02-28-2013,HSBC Holdings
Q4-13,2012-07-24,6.22,02-28-2013,HSBC Holdings
Q4-13,2012-08-06,6.22,02-28-2013,HSBC Holdings
Q4-13,2012-08-23,6.22,02-28-2013,HSBC Holdings
Q4-13,2012-09-25,6.22,02-28-2013,HSBC Holdings
Q4-13,2012-10-02,6.22,02-28-2013,HSBC Holdings
Q4-13,2012-10-12,6.22,02-28-2013,HSBC Holdings
Q4-13,2012-11-09,6.18,02-28-2013,HSBC Holdings
Q4-13,2012-11-19,6.18,02-28-2013,HSBC Holdings
Q4-13,2012-12-05,6.18,02-28-2013,HSBC Holdings
Q4-13,2012-12-11,6.18,02-28-2013,HSBC Holdings
Q4-13,2013-01-07,6.18,02-28-2013,HSBC Holdings
Q4-13,2013-01-16,6.18,02-28-2013,HSBC Holdings
Q4-13,2013-02-21,6.18,02-28-2013,HSBC Holdings
2014,2013-02-21,6.12,02-28-2013,HSBC Holdings
Q1-12,2011-03-11,6.3,02-28-2012,HSBC Holdings
Q1-12,2011-04-08,6.3,02-28-2012,HSBC Holdings
Q1-12,2011-05-13,6.3,02-28-2012,HSBC Holdings
Q1-12,2011-06-16,6.3,02-28-2012,HSBC Holdings
Q1-12,2011-07-21,6.3,02-28-2012,HSBC Holdings
Q1-12,2011-09-08,6.3,02-28-2012,HSBC Holdings
Q1-12,2011-10-25,6.3,02-28-2012,HSBC Holdings
Q1-12,2011-11-14,6.3,02-28-2012,HSBC Holdings
Q1-12,2011-11-15,6.3,02-28-2012,HSBC Holdings
Q1-12,2012-01-10,6.27,02-28-2012,HSBC Holdings
Q1-12,2012-02-16,6.27,02-28-2012,HSBC Holdings
Q2-12,2011-03-11,6.25,02-28-2012,HSBC Holdings
Q2-12,2011-04-08,6.25,02-28-2012,HSBC Holdings
Q2-12,2011-06-16,6.25,02-28-2012,HSBC Holdings
Q2-12,2011-07-21,6.25,02-28-2012,HSBC Holdings
Q2-12,2011-09-08,6.25,02-28-2012,HSBC Holdings
Q2-12,2011-10-25,6.25,02-28-2012,HSBC Holdings
Q2-12,2011-11-14,6.25,02-28-2012,HSBC Holdings
Q2-12,2011-11-15,6.25,02-28-2012,HSBC Holdings
Q2-12,2012-01-10,6.22,02-28-2012,HSBC Holdings
Q2-12,2012-02-16,6.22,02-28-2012,HSBC Holdings
Q3-12,2011-10-25,6.2,02-28-2012,HSBC Holdings
Q3-12,2011-11-14,6.2,02-28-2012,HSBC Holdings
Q3-12,2011-11-15,6.2,02-28-2012,HSBC Holdings
Q3-12,2012-01-10,6.17,02-28-2012,HSBC Holdings
Q3-12,2012-02-16,6.17,02-28-2012,HSBC Holdings
Q4-12,2011-09-08,6.15,02-28-2012,HSBC Holdings
Q4-12,2011-10-25,6.15,02-28-2012,HSBC Holdings
Q4-12,2011-11-14,6.15,02-28-2012,HSBC Holdings
Q4-12,2011-11-15,6.15,02-28-2012,HSBC Holdings
Q4-12,2012-01-10,6.12,02-28-2012,HSBC Holdings
Q4-12,2012-02-16,6.12,02-28-2012,HSBC Holdings
2013,2012-01-10,5.92,02-28-2012,HSBC Holdings
2013,2012-02-16,5.92,02-28-2012,HSBC Holdings
Q2-08,2007-06-19,7.24,05-31-2008,HSBC Holdings
Q2-08,2007-08-02,7.24,05-31-2008,HSBC Holdings
Q2-08,2007-08-13,7.24,05-31-2008,HSBC Holdings
Q2-08,2007-08-22,7.24,05-31-2008,HSBC Holdings
Q2-08,2007-09-06,7.24,05-31-2008,HSBC Holdings
Q2-08,2007-09-14,7.24,05-31-2008,HSBC Holdings
Q2-08,2007-10-03,7.2,05-31-2008,HSBC Holdings
Q2-08,2007-10-05,7.2,05-31-2008,HSBC Holdings
Q2-08,2007-11-09,7.2,05-31-2008,HSBC Holdings
Q2-08,2007-12-06,7.2,05-31-2008,HSBC Holdings
Q2-08,2008-01-10,7.08,05-31-2008,HSBC Holdings
Q2-08,2008-02-07,7.08,05-31-2008,HSBC Holdings
Q2-08,2008-02-11,7.08,05-31-2008,HSBC Holdings
Q2-08,2008-02-21,7.08,05-31-2008,HSBC Holdings
Q2-08,2008-03-13,6.99,05-31-2008,HSBC Holdings
Q2-08,2008-03-26,6.99,05-31-2008,HSBC Holdings
Q2-08,2008-04-11,6.99,05-31-2008,HSBC Holdings
Q2-08,2008-05-12,6.88,05-31-2008,HSBC Holdings
Q3-08,2007-09-06,7.16,05-31-2008,HSBC Holdings
Q3-08,2007-09-14,7.16,05-31-2008,HSBC Holdings
Q3-08,2007-10-03,7.1,05-31-2008,HSBC Holdings
Q3-08,2007-10-05,7.1,05-31-2008,HSBC Holdings
Q3-08,2007-11-09,7.1,05-31-2008,HSBC Holdings
Q3-08,2007-12-06,7.1,05-31-2008,HSBC Holdings
Q3-08,2008-01-10,6.97,05-31-2008,HSBC Holdings
Q3-08,2008-02-07,6.97,05-31-2008,HSBC Holdings
Q3-08,2008-02-11,6.97,05-31-2008,HSBC Holdings
Q3-08,2008-02-21,6.97,05-31-2008,HSBC Holdings
Q3-08,2008-03-13,6.88,05-31-2008,HSBC Holdings
Q3-08,2008-03-26,6.88,05-31-2008,HSBC Holdings
Q3-08,2008-04-11,6.88,05-31-2008,HSBC Holdings
Q3-08,2008-05-12,6.8,05-31-2008,HSBC Holdings
Q3-08,2008-05-28,6.8,05-31-2008,HSBC Holdings
Q4-08,2007-05-09,7.05,05-31-2008,HSBC Holdings
Q4-08,2007-08-02,7.05,05-31-2008,HSBC Holdings
Q4-08,2007-09-06,7.05,05-31-2008,HSBC Holdings
Q4-08,2007-09-14,7.05,05-31-2008,HSBC Holdings
Q4-08,2007-10-03,7.15,05-31-2008,HSBC Holdings
Q4-08,2007-10-05,7.0,05-31-2008,HSBC Holdings
Q4-08,2007-11-09,7.0,05-31-2008,HSBC Holdings
Q4-08,2007-12-06,7.0,05-31-2008,HSBC Holdings
Q4-08,2008-01-10,6.86,05-31-2008,HSBC Holdings
Q4-08,2008-02-07,6.86,05-31-2008,HSBC Holdings
Q4-08,2008-02-11,6.86,05-31-2008,HSBC Holdings
Q4-08,2008-02-21,6.86,05-31-2008,HSBC Holdings
Q4-08,2008-03-13,6.77,05-31-2008,HSBC Holdings
Q4-08,2008-03-26,6.77,05-31-2008,HSBC Holdings
Q4-08,2008-04-11,6.77,05-31-2008,HSBC Holdings
Q4-08,2008-05-12,6.77,05-31-2008,HSBC Holdings
Q4-08,2008-05-28,6.77,05-31-2008,HSBC Holdings
Q1-09,2008-03-13,6.66,05-31-2008,HSBC Holdings
Q1-09,2008-03-26,6.66,05-31-2008,HSBC Holdings
Q1-09,2008-04-11,6.66,05-31-2008,HSBC Holdings
Q1-09,2008-05-12,6.66,05-31-2008,HSBC Holdings
Q1-09,2008-05-28,6.66,05-31-2008,HSBC Holdings
2009,2008-02-11,6.42,05-31-2008,HSBC Holdings
2009,2008-03-26,6.49,05-31-2008,HSBC Holdings
Q3-15,2014-09-11,6.1,08-31-2015,HSBC Holdings
Q3-15,2014-10-01,6.1,08-31-2015,HSBC Holdings
Q3-15,2014-10-21,6.1,08-31-2015,HSBC Holdings
Q3-15,2014-11-13,6.1,08-31-2015,HSBC Holdings
Q3-15,2014-11-28,6.1,08-31-2015,HSBC Holdings
Q3-15,2014-12-04,6.1,08-31-2015,HSBC Holdings
Q3-15,2014-12-08,6.2,08-31-2015,HSBC Holdings
Q3-15,2014-12-11,6.2,08-31-2015,HSBC Holdings
Q3-15,2015-01-19,6.2,08-31-2015,HSBC Holdings
Q3-15,2015-01-30,6.33,08-31-2015,HSBC Holdings
Q3-15,2015-02-19,6.33,08-31-2015,HSBC Holdings
Q3-15,2015-02-25,6.33,08-31-2015,HSBC Holdings
Q3-15,2015-03-05,6.33,08-31-2015,HSBC Holdings
Q3-15,2015-03-12,6.33,08-31-2015,HSBC Holdings
Q3-15,2015-03-19,6.33,08-31-2015,HSBC Holdings
Q3-15,2015-04-29,6.24,08-31-2015,HSBC Holdings
Q3-15,2015-05-14,6.24,08-31-2015,HSBC Holdings
Q3-15,2015-06-11,6.24,08-31-2015,HSBC Holdings
Q3-15,2015-07-01,6.24,08-31-2015,HSBC Holdings
Q3-15,2015-08-17,6.45,08-31-2015,HSBC Holdings
Q4-15,2013-12-13,5.9,08-31-2015,HSBC Holdings
Q4-15,2013-12-23,5.9,08-31-2015,HSBC Holdings
Q4-15,2014-01-08,5.9,08-31-2015,HSBC Holdings
Q4-15,2014-02-13,5.9,08-31-2015,HSBC Holdings
Q4-15,2014-03-14,5.9,08-31-2015,HSBC Holdings
Q4-15,2014-04-17,5.9,08-31-2015,HSBC Holdings
Q4-15,2014-04-28,6.1,08-31-2015,HSBC Holdings
Q4-15,2014-05-09,6.1,08-31-2015,HSBC Holdings
Q4-15,2014-05-20,6.1,08-31-2015,HSBC Holdings
Q4-15,2014-05-29,6.1,08-31-2015,HSBC Holdings
Q4-15,2014-06-09,6.1,08-31-2015,HSBC Holdings
Q4-15,2014-06-12,6.1,08-31-2015,HSBC Holdings
Q4-15,2014-06-23,6.1,08-31-2015,HSBC Holdings
Q4-15,2014-06-26,6.1,08-31-2015,HSBC Holdings
Q4-15,2014-07-10,6.1,08-31-2015,HSBC Holdings
Q4-15,2014-07-17,6.1,08-31-2015,HSBC Holdings
Q4-15,2014-08-07,6.1,08-31-2015,HSBC Holdings
Q4-15,2014-09-09,6.1,08-31-2015,HSBC Holdings
Q4-15,2014-09-24,6.1,08-31-2015,HSBC Holdings
Q4-15,2014-10-01,6.1,08-31-2015,HSBC Holdings
Q4-15,2014-10-21,6.1,08-31-2015,HSBC Holdings
Q4-15,2014-11-13,6.1,08-31-2015,HSBC Holdings
Q4-15,2014-11-28,6.1,08-31-2015,HSBC Holdings
Q4-15,2014-12-04,6.1,08-31-2015,HSBC Holdings
Q4-15,2014-12-08,6.22,08-31-2015,HSBC Holdings
Q4-15,2014-12-11,6.22,08-31-2015,HSBC Holdings
Q4-15,2015-01-19,6.22,08-31-2015,HSBC Holdings
Q4-15,2015-01-30,6.34,08-31-2015,HSBC Holdings
Q4-15,2015-02-19,6.34,08-31-2015,HSBC Holdings
Q4-15,2015-02-25,6.34,08-31-2015,HSBC Holdings
Q4-15,2015-03-05,6.34,08-31-2015,HSBC Holdings
Q4-15,2015-03-12,6.34,08-31-2015,HSBC Holdings
Q4-15,2015-03-19,6.34,08-31-2015,HSBC Holdings
Q4-15,2015-04-29,6.26,08-31-2015,HSBC Holdings
Q4-15,2015-05-14,6.26,08-31-2015,HSBC Holdings
Q4-15,2015-06-11,6.26,08-31-2015,HSBC Holdings
Q4-15,2015-07-01,6.26,08-31-2015,HSBC Holdings
Q4-15,2015-08-17,6.5,08-31-2015,HSBC Holdings
Q1-16,2015-01-19,6.24,08-31-2015,HSBC Holdings
Q1-16,2015-01-30,6.38,08-31-2015,HSBC Holdings
Q1-16,2015-02-19,6.38,08-31-2015,HSBC Holdings
Q1-16,2015-02-25,6.38,08-31-2015,HSBC Holdings
Q1-16,2015-03-05,6.38,08-31-2015,HSBC Holdings
Q1-16,2015-03-12,6.38,08-31-2015,HSBC Holdings
Q1-16,2015-03-19,6.38,08-31-2015,HSBC Holdings
Q1-16,2015-04-29,6.28,08-31-2015,HSBC Holdings
Q1-16,2015-05-14,6.28,08-31-2015,HSBC Holdings
Q1-16,2015-06-11,6.28,08-31-2015,HSBC Holdings
Q1-16,2015-07-01,6.28,08-31-2015,HSBC Holdings
Q1-16,2015-08-17,6.54,08-31-2015,HSBC Holdings
Q2-16,2015-01-19,6.26,08-31-2015,HSBC Holdings
Q2-16,2015-01-30,6.4,08-31-2015,HSBC Holdings
Q2-16,2015-02-19,6.4,08-31-2015,HSBC Holdings
Q2-16,2015-02-25,6.4,08-31-2015,HSBC Holdings
Q2-16,2015-03-05,6.4,08-31-2015,HSBC Holdings
Q2-16,2015-03-12,6.4,08-31-2015,HSBC Holdings
Q2-16,2015-03-19,6.4,08-31-2015,HSBC Holdings
Q2-16,2015-04-29,6.3,08-31-2015,HSBC Holdings
Q2-16,2015-05-14,6.3,08-31-2015,HSBC Holdings
Q2-16,2015-06-11,6.3,08-31-2015,HSBC Holdings
Q2-16,2015-07-01,6.3,08-31-2015,HSBC Holdings
Q2-16,2015-08-17,6.56,08-31-2015,HSBC Holdings
2016,2014-12-11,6.3,08-31-2015,HSBC Holdings
2016,2015-01-19,6.3,08-31-2015,HSBC Holdings
2016,2015-01-30,6.44,08-31-2015,HSBC Holdings
2016,2015-02-19,6.44,08-31-2015,HSBC Holdings
2016,2015-02-25,6.44,08-31-2015,HSBC Holdings
2016,2015-03-05,6.44,08-31-2015,HSBC Holdings
2016,2015-03-12,6.44,08-31-2015,HSBC Holdings
2016,2015-03-19,6.44,08-31-2015,HSBC Holdings
2016,2015-04-29,6.32,08-31-2015,HSBC Holdings
2016,2015-05-14,6.32,08-31-2015,HSBC Holdings
2016,2015-06-11,6.32,08-31-2015,HSBC Holdings
2016,2015-07-01,6.32,08-31-2015,HSBC Holdings
2016,2015-08-17,6.6,08-31-2015,HSBC Holdings
Q2-12,2011-03-11,6.25,05-31-2012,HSBC Holdings
Q2-12,2011-04-08,6.25,05-31-2012,HSBC Holdings
Q2-12,2011-06-16,6.25,05-31-2012,HSBC Holdings
Q2-12,2011-07-21,6.25,05-31-2012,HSBC Holdings
Q2-12,2011-09-08,6.25,05-31-2012,HSBC Holdings
Q2-12,2011-10-25,6.25,05-31-2012,HSBC Holdings
Q2-12,2011-11-14,6.25,05-31-2012,HSBC Holdings
Q2-12,2011-11-15,6.25,05-31-2012,HSBC Holdings
Q2-12,2012-01-10,6.22,05-31-2012,HSBC Holdings
Q2-12,2012-02-16,6.22,05-31-2012,HSBC Holdings
Q2-12,2012-03-20,6.22,05-31-2012,HSBC Holdings
Q2-12,2012-03-28,6.22,05-31-2012,HSBC Holdings
Q2-12,2012-04-20,6.27,05-31-2012,HSBC Holdings
Q2-12,2012-04-25,6.27,05-31-2012,HSBC Holdings
Q2-12,2012-05-21,6.27,05-31-2012,HSBC Holdings
Q3-12,2011-10-25,6.2,05-31-2012,HSBC Holdings
Q3-12,2011-11-14,6.2,05-31-2012,HSBC Holdings
Q3-12,2011-11-15,6.2,05-31-2012,HSBC Holdings
Q3-12,2012-01-10,6.17,05-31-2012,HSBC Holdings
Q3-12,2012-02-16,6.17,05-31-2012,HSBC Holdings
Q3-12,2012-03-20,6.17,05-31-2012,HSBC Holdings
Q3-12,2012-03-28,6.17,05-31-2012,HSBC Holdings
Q3-12,2012-04-20,6.23,05-31-2012,HSBC Holdings
Q3-12,2012-04-25,6.23,05-31-2012,HSBC Holdings
Q3-12,2012-05-21,6.23,05-31-2012,HSBC Holdings
Q4-12,2011-09-08,6.15,05-31-2012,HSBC Holdings
Q4-12,2011-10-25,6.15,05-31-2012,HSBC Holdings
Q4-12,2011-11-14,6.15,05-31-2012,HSBC Holdings
Q4-12,2011-11-15,6.15,05-31-2012,HSBC Holdings
Q4-12,2012-01-10,6.12,05-31-2012,HSBC Holdings
Q4-12,2012-02-16,6.12,05-31-2012,HSBC Holdings
Q4-12,2012-03-20,6.12,05-31-2012,HSBC Holdings
Q4-12,2012-03-28,6.12,05-31-2012,HSBC Holdings
Q4-12,2012-04-20,6.18,05-31-2012,HSBC Holdings
Q4-12,2012-04-25,6.18,05-31-2012,HSBC Holdings
Q4-12,2012-05-21,6.18,05-31-2012,HSBC Holdings
Q1-13,2012-03-20,6.07,05-31-2012,HSBC Holdings
Q1-13,2012-03-28,6.07,05-31-2012,HSBC Holdings
Q1-13,2012-04-20,6.15,05-31-2012,HSBC Holdings
Q1-13,2012-04-25,6.15,05-31-2012,HSBC Holdings
Q1-13,2012-05-21,6.15,05-31-2012,HSBC Holdings
2013,2012-01-10,5.92,05-31-2012,HSBC Holdings
2013,2012-02-16,5.92,05-31-2012,HSBC Holdings
2013,2012-03-20,5.92,05-31-2012,HSBC Holdings
2013,2012-03-28,5.92,05-31-2012,HSBC Holdings
2013,2012-04-20,6.12,05-31-2012,HSBC Holdings
2013,2012-04-25,6.12,05-31-2012,HSBC Holdings
2013,2012-05-21,6.12,05-31-2012,HSBC Holdings
Q1-08,2007-05-09,7.32,02-28-2008,HSBC Holdings
Q1-08,2007-06-19,7.32,02-28-2008,HSBC Holdings
Q1-08,2007-08-02,7.32,02-28-2008,HSBC Holdings
Q1-08,2007-08-13,7.32,02-28-2008,HSBC Holdings
Q1-08,2007-08-22,7.32,02-28-2008,HSBC Holdings
Q1-08,2007-09-06,7.32,02-28-2008,HSBC Holdings
Q1-08,2007-09-14,7.32,02-28-2008,HSBC Holdings
Q1-08,2007-10-03,7.3,02-28-2008,HSBC Holdings
Q1-08,2007-10-05,7.3,02-28-2008,HSBC Holdings
Q1-08,2007-11-09,7.3,02-28-2008,HSBC Holdings
Q1-08,2007-12-06,7.3,02-28-2008,HSBC Holdings
Q1-08,2008-01-10,7.19,02-28-2008,HSBC Holdings
Q1-08,2008-02-07,7.19,02-28-2008,HSBC Holdings
Q1-08,2008-02-11,7.19,02-28-2008,HSBC Holdings
Q1-08,2008-02-21,7.19,02-28-2008,HSBC Holdings
Q2-08,2007-06-19,7.24,02-28-2008,HSBC Holdings
Q2-08,2007-08-02,7.24,02-28-2008,HSBC Holdings
Q2-08,2007-08-13,7.24,02-28-2008,HSBC Holdings
Q2-08,2007-08-22,7.24,02-28-2008,HSBC Holdings
Q2-08,2007-09-06,7.24,02-28-2008,HSBC Holdings
Q2-08,2007-09-14,7.24,02-28-2008,HSBC Holdings
Q2-08,2007-10-03,7.2,02-28-2008,HSBC Holdings
Q2-08,2007-10-05,7.2,02-28-2008,HSBC Holdings
Q2-08,2007-11-09,7.2,02-28-2008,HSBC Holdings
Q2-08,2007-12-06,7.2,02-28-2008,HSBC Holdings
Q2-08,2008-01-10,7.08,02-28-2008,HSBC Holdings
Q2-08,2008-02-07,7.08,02-28-2008,HSBC Holdings
Q2-08,2008-02-11,7.08,02-28-2008,HSBC Holdings
Q2-08,2008-02-21,7.08,02-28-2008,HSBC Holdings
Q3-08,2007-09-06,7.16,02-28-2008,HSBC Holdings
Q3-08,2007-09-14,7.16,02-28-2008,HSBC Holdings
Q3-08,2007-10-03,7.1,02-28-2008,HSBC Holdings
Q3-08,2007-10-05,7.1,02-28-2008,HSBC Holdings
Q3-08,2007-11-09,7.1,02-28-2008,HSBC Holdings
Q3-08,2007-12-06,7.1,02-28-2008,HSBC Holdings
Q3-08,2008-01-10,6.97,02-28-2008,HSBC Holdings
Q3-08,2008-02-07,6.97,02-28-2008,HSBC Holdings
Q3-08,2008-02-11,6.97,02-28-2008,HSBC Holdings
Q3-08,2008-02-21,6.97,02-28-2008,HSBC Holdings
Q4-08,2007-05-09,7.05,02-28-2008,HSBC Holdings
Q4-08,2007-08-02,7.05,02-28-2008,HSBC Holdings
Q4-08,2007-09-06,7.05,02-28-2008,HSBC Holdings
Q4-08,2007-09-14,7.05,02-28-2008,HSBC Holdings
Q4-08,2007-10-03,7.15,02-28-2008,HSBC Holdings
Q4-08,2007-10-05,7.0,02-28-2008,HSBC Holdings
Q4-08,2007-11-09,7.0,02-28-2008,HSBC Holdings
Q4-08,2007-12-06,7.0,02-28-2008,HSBC Holdings
Q4-08,2008-01-10,6.86,02-28-2008,HSBC Holdings
Q4-08,2008-02-07,6.86,02-28-2008,HSBC Holdings
Q4-08,2008-02-11,6.86,02-28-2008,HSBC Holdings
Q4-08,2008-02-21,6.86,02-28-2008,HSBC Holdings
2009,2008-02-11,6.42,02-28-2008,HSBC Holdings
Q4-15,2013-12-13,5.9,11-30-2015,HSBC Holdings
Q4-15,2013-12-23,5.9,11-30-2015,HSBC Holdings
Q4-15,2014-01-08,5.9,11-30-2015,HSBC Holdings
Q4-15,2014-02-13,5.9,11-30-2015,HSBC Holdings
Q4-15,2014-03-14,5.9,11-30-2015,HSBC Holdings
Q4-15,2014-04-17,5.9,11-30-2015,HSBC Holdings
Q4-15,2014-04-28,6.1,11-30-2015,HSBC Holdings
Q4-15,2014-05-09,6.1,11-30-2015,HSBC Holdings
Q4-15,2014-05-20,6.1,11-30-2015,HSBC Holdings
Q4-15,2014-05-29,6.1,11-30-2015,HSBC Holdings
Q4-15,2014-06-09,6.1,11-30-2015,HSBC Holdings
Q4-15,2014-06-12,6.1,11-30-2015,HSBC Holdings
Q4-15,2014-06-23,6.1,11-30-2015,HSBC Holdings
Q4-15,2014-06-26,6.1,11-30-2015,HSBC Holdings
Q4-15,2014-07-10,6.1,11-30-2015,HSBC Holdings
Q4-15,2014-07-17,6.1,11-30-2015,HSBC Holdings
Q4-15,2014-08-07,6.1,11-30-2015,HSBC Holdings
Q4-15,2014-09-09,6.1,11-30-2015,HSBC Holdings
Q4-15,2014-09-24,6.1,11-30-2015,HSBC Holdings
Q4-15,2014-10-01,6.1,11-30-2015,HSBC Holdings
Q4-15,2014-10-21,6.1,11-30-2015,HSBC Holdings
Q4-15,2014-11-13,6.1,11-30-2015,HSBC Holdings
Q4-15,2014-11-28,6.1,11-30-2015,HSBC Holdings
Q4-15,2014-12-04,6.1,11-30-2015,HSBC Holdings
Q4-15,2014-12-08,6.22,11-30-2015,HSBC Holdings
Q4-15,2014-12-11,6.22,11-30-2015,HSBC Holdings
Q4-15,2015-01-19,6.22,11-30-2015,HSBC Holdings
Q4-15,2015-01-30,6.34,11-30-2015,HSBC Holdings
Q4-15,2015-02-19,6.34,11-30-2015,HSBC Holdings
Q4-15,2015-02-25,6.34,11-30-2015,HSBC Holdings
Q4-15,2015-03-05,6.34,11-30-2015,HSBC Holdings
Q4-15,2015-03-12,6.34,11-30-2015,HSBC Holdings
Q4-15,2015-03-19,6.34,11-30-2015,HSBC Holdings
Q4-15,2015-04-29,6.26,11-30-2015,HSBC Holdings
Q4-15,2015-05-14,6.26,11-30-2015,HSBC Holdings
Q4-15,2015-06-11,6.26,11-30-2015,HSBC Holdings
Q4-15,2015-07-01,6.26,11-30-2015,HSBC Holdings
Q4-15,2015-08-17,6.5,11-30-2015,HSBC Holdings
Q4-15,2015-09-02,6.5,11-30-2015,HSBC Holdings
Q4-15,2015-09-11,6.5,11-30-2015,HSBC Holdings
Q4-15,2015-11-13,6.5,11-30-2015,HSBC Holdings
Q1-16,2015-01-19,6.24,11-30-2015,HSBC Holdings
Q1-16,2015-01-30,6.38,11-30-2015,HSBC Holdings
Q1-16,2015-02-19,6.38,11-30-2015,HSBC Holdings
Q1-16,2015-02-25,6.38,11-30-2015,HSBC Holdings
Q1-16,2015-03-05,6.38,11-30-2015,HSBC Holdings
Q1-16,2015-03-12,6.38,11-30-2015,HSBC Holdings
Q1-16,2015-03-19,6.38,11-30-2015,HSBC Holdings
Q1-16,2015-04-29,6.28,11-30-2015,HSBC Holdings
Q1-16,2015-05-14,6.28,11-30-2015,HSBC Holdings
Q1-16,2015-06-11,6.28,11-30-2015,HSBC Holdings
Q1-16,2015-07-01,6.28,11-30-2015,HSBC Holdings
Q1-16,2015-08-17,6.54,11-30-2015,HSBC Holdings
Q1-16,2015-09-02,6.54,11-30-2015,HSBC Holdings
Q1-16,2015-09-11,6.54,11-30-2015,HSBC Holdings
Q1-16,2015-11-13,6.54,11-30-2015,HSBC Holdings
Q2-16,2015-01-19,6.26,11-30-2015,HSBC Holdings
Q2-16,2015-01-30,6.4,11-30-2015,HSBC Holdings
Q2-16,2015-02-19,6.4,11-30-2015,HSBC Holdings
Q2-16,2015-02-25,6.4,11-30-2015,HSBC Holdings
Q2-16,2015-03-05,6.4,11-30-2015,HSBC Holdings
Q2-16,2015-03-12,6.4,11-30-2015,HSBC Holdings
Q2-16,2015-03-19,6.4,11-30-2015,HSBC Holdings
Q2-16,2015-04-29,6.3,11-30-2015,HSBC Holdings
Q2-16,2015-05-14,6.3,11-30-2015,HSBC Holdings
Q2-16,2015-06-11,6.3,11-30-2015,HSBC Holdings
Q2-16,2015-07-01,6.3,11-30-2015,HSBC Holdings
Q2-16,2015-08-17,6.56,11-30-2015,HSBC Holdings
Q2-16,2015-09-02,6.56,11-30-2015,HSBC Holdings
Q2-16,2015-09-11,6.56,11-30-2015,HSBC Holdings
Q2-16,2015-11-13,6.56,11-30-2015,HSBC Holdings
Q3-16,2015-01-19,6.28,11-30-2015,HSBC Holdings
Q3-16,2015-01-30,6.42,11-30-2015,HSBC Holdings
Q3-16,2015-02-19,6.42,11-30-2015,HSBC Holdings
Q3-16,2015-02-25,6.42,11-30-2015,HSBC Holdings
Q3-16,2015-03-05,6.42,11-30-2015,HSBC Holdings
Q3-16,2015-03-12,6.42,11-30-2015,HSBC Holdings
Q3-16,2015-03-19,6.42,11-30-2015,HSBC Holdings
Q3-16,2015-04-29,6.32,11-30-2015,HSBC Holdings
Q3-16,2015-05-14,6.32,11-30-2015,HSBC Holdings
Q3-16,2015-06-11,6.32,11-30-2015,HSBC Holdings
Q3-16,2015-07-01,6.32,11-30-2015,HSBC Holdings
Q3-16,2015-08-17,6.58,11-30-2015,HSBC Holdings
Q3-16,2015-09-02,6.58,11-30-2015,HSBC Holdings
Q3-16,2015-09-11,6.58,11-30-2015,HSBC Holdings
Q3-16,2015-11-13,6.58,11-30-2015,HSBC Holdings
2016,2014-12-11,6.3,11-30-2015,HSBC Holdings
2016,2015-01-19,6.3,11-30-2015,HSBC Holdings
2016,2015-01-30,6.44,11-30-2015,HSBC Holdings
2016,2015-02-19,6.44,11-30-2015,HSBC Holdings
2016,2015-02-25,6.44,11-30-2015,HSBC Holdings
2016,2015-03-05,6.44,11-30-2015,HSBC Holdings
2016,2015-03-12,6.44,11-30-2015,HSBC Holdings
2016,2015-03-19,6.44,11-30-2015,HSBC Holdings
2016,2015-04-29,6.32,11-30-2015,HSBC Holdings
2016,2015-05-14,6.32,11-30-2015,HSBC Holdings
2016,2015-06-11,6.32,11-30-2015,HSBC Holdings
2016,2015-07-01,6.32,11-30-2015,HSBC Holdings
2016,2015-08-17,6.6,11-30-2015,HSBC Holdings
2016,2015-09-02,6.6,11-30-2015,HSBC Holdings
2016,2015-09-11,6.6,11-30-2015,HSBC Holdings
2016,2015-11-13,6.6,11-30-2015,HSBC Holdings
