period,change_date,change,file,company
Q2-07,2006-06-13,7.75,05-31-2007,ING Financial Markets
Q2-07,2006-09-15,7.75,05-31-2007,ING Financial Markets
Q2-07,2006-10-09,7.72,05-31-2007,ING Financial Markets
Q2-07,2006-11-16,7.72,05-31-2007,ING Financial Markets
Q2-07,2006-11-28,7.75,05-31-2007,ING Financial Markets
Q2-07,2006-12-12,7.7,05-31-2007,ING Financial Markets
Q2-07,2007-01-09,7.7,05-31-2007,ING Financial Markets
Q2-07,2007-02-16,7.7,05-31-2007,ING Financial Markets
Q2-07,2007-03-22,7.69,05-31-2007,ING Financial Markets
Q2-07,2007-04-20,7.65,05-31-2007,ING Financial Markets
Q2-07,2007-05-24,7.64,05-31-2007,ING Financial Markets
Q3-07,2006-09-15,7.75,05-31-2007,ING Financial Markets
Q3-07,2006-10-09,7.67,05-31-2007,ING Financial Markets
Q3-07,2006-11-16,7.67,05-31-2007,ING Financial Markets
Q3-07,2006-11-28,7.7,05-31-2007,ING Financial Markets
Q3-07,2006-12-12,7.68,05-31-2007,ING Financial Markets
Q3-07,2007-01-09,7.68,05-31-2007,ING Financial Markets
Q3-07,2007-02-16,7.65,05-31-2007,ING Financial Markets
Q3-07,2007-03-22,7.6,05-31-2007,ING Financial Markets
Q3-07,2007-04-20,7.57,05-31-2007,ING Financial Markets
Q3-07,2007-05-24,7.54,05-31-2007,ING Financial Markets
Q4-07,2006-04-18,7.75,05-31-2007,ING Financial Markets
Q4-07,2006-06-13,7.75,05-31-2007,ING Financial Markets
Q4-07,2006-09-15,7.75,05-31-2007,ING Financial Markets
Q4-07,2006-11-28,7.65,05-31-2007,ING Financial Markets
Q4-07,2006-12-12,7.65,05-31-2007,ING Financial Markets
Q4-07,2007-01-09,7.65,05-31-2007,ING Financial Markets
Q4-07,2007-02-16,7.55,05-31-2007,ING Financial Markets
Q4-07,2007-03-22,7.55,05-31-2007,ING Financial Markets
Q4-07,2007-04-20,7.5,05-31-2007,ING Financial Markets
Q4-07,2007-05-24,7.45,05-31-2007,ING Financial Markets
Q1-08,2007-03-22,7.45,05-31-2007,ING Financial Markets
Q1-08,2007-04-20,7.42,05-31-2007,ING Financial Markets
Q1-08,2007-05-24,7.35,05-31-2007,ING Financial Markets
2008,2006-04-18,7.75,05-31-2007,ING Financial Markets
2008,2006-06-13,7.75,05-31-2007,ING Financial Markets
2008,2006-09-15,7.75,05-31-2007,ING Financial Markets
2008,2006-11-28,7.5,05-31-2007,ING Financial Markets
2008,2006-12-12,7.5,05-31-2007,ING Financial Markets
2008,2007-02-16,7.1,05-31-2007,ING Financial Markets
2008,2007-03-22,7.25,05-31-2007,ING Financial Markets
2008,2007-04-20,7.25,05-31-2007,ING Financial Markets
2008,2007-05-24,7.1,05-31-2007,ING Financial Markets
Q2-11,2010-06-22,6.68,05-31-2011,ING Financial Markets
Q2-11,2010-12-14,6.61,05-31-2011,ING Financial Markets
Q2-11,2011-01-10,6.22,05-31-2011,ING Financial Markets
Q2-11,2011-01-14,6.58,05-31-2011,ING Financial Markets
Q2-11,2011-02-21,6.58,05-31-2011,ING Financial Markets
Q2-11,2011-04-01,6.55,05-31-2011,ING Financial Markets
Q2-11,2011-04-13,6.5,05-31-2011,ING Financial Markets
Q2-11,2011-05-24,6.49,05-31-2011,ING Financial Markets
Q3-11,2010-12-14,6.58,05-31-2011,ING Financial Markets
Q3-11,2011-01-10,6.17,05-31-2011,ING Financial Markets
Q3-11,2011-01-14,6.46,05-31-2011,ING Financial Markets
Q3-11,2011-02-21,6.46,05-31-2011,ING Financial Markets
Q3-11,2011-04-01,6.5,05-31-2011,ING Financial Markets
Q3-11,2011-04-13,6.48,05-31-2011,ING Financial Markets
Q3-11,2011-05-24,6.44,05-31-2011,ING Financial Markets
Q4-11,2009-11-13,6.458,05-31-2011,ING Financial Markets
Q4-11,2009-11-26,6.49,05-31-2011,ING Financial Markets
Q4-11,2009-12-14,6.49,05-31-2011,ING Financial Markets
Q4-11,2010-01-11,6.49,05-31-2011,ING Financial Markets
Q4-11,2010-06-22,6.62,05-31-2011,ING Financial Markets
Q4-11,2010-12-14,6.46,05-31-2011,ING Financial Markets
Q4-11,2011-01-10,6.13,05-31-2011,ING Financial Markets
Q4-11,2011-01-14,6.35,05-31-2011,ING Financial Markets
Q4-11,2011-02-21,6.35,05-31-2011,ING Financial Markets
Q4-11,2011-04-01,6.45,05-31-2011,ING Financial Markets
Q4-11,2011-04-13,6.44,05-31-2011,ING Financial Markets
Q4-11,2011-05-24,6.41,05-31-2011,ING Financial Markets
Q1-12,2011-01-10,6.13,05-31-2011,ING Financial Markets
Q1-12,2011-01-14,6.3,05-31-2011,ING Financial Markets
Q1-12,2011-02-21,6.3,05-31-2011,ING Financial Markets
Q1-12,2011-04-01,6.4,05-31-2011,ING Financial Markets
Q1-12,2011-04-13,6.4,05-31-2011,ING Financial Markets
Q1-12,2011-05-24,6.38,05-31-2011,ING Financial Markets
2012,2010-01-11,6.49,05-31-2011,ING Financial Markets
2012,2010-06-22,6.49,05-31-2011,ING Financial Markets
2012,2010-12-14,6.35,05-31-2011,ING Financial Markets
2012,2011-01-10,6.0,05-31-2011,ING Financial Markets
2012,2011-01-14,6.16,05-31-2011,ING Financial Markets
2012,2011-02-21,6.16,05-31-2011,ING Financial Markets
2012,2011-04-01,6.26,05-31-2011,ING Financial Markets
2012,2011-04-13,6.28,05-31-2011,ING Financial Markets
2013,2010-12-14,6.1,05-31-2011,ING Financial Markets
2013,2011-04-13,6.28,05-31-2011,ING Financial Markets
Q3-20,2018-09-10,6.4,08-31-2020,ING Financial Markets
Q3-20,2018-10-15,6.4,08-31-2020,ING Financial Markets
Q3-20,2019-01-09,7.1,08-31-2020,ING Financial Markets
Q3-20,2019-09-06,7.3,08-31-2020,ING Financial Markets
Q3-20,2019-09-20,7.3,08-31-2020,ING Financial Markets
Q3-20,2019-11-08,6.95,08-31-2020,ING Financial Markets
Q3-20,2019-11-13,6.95,08-31-2020,ING Financial Markets
Q3-20,2019-12-18,6.95,08-31-2020,ING Financial Markets
Q3-20,2020-01-08,6.95,08-31-2020,ING Financial Markets
Q3-20,2020-01-09,7.0,08-31-2020,ING Financial Markets
Q3-20,2020-01-13,7.0,08-31-2020,ING Financial Markets
Q3-20,2020-02-12,6.95,08-31-2020,ING Financial Markets
Q3-20,2020-02-13,6.95,08-31-2020,ING Financial Markets
Q3-20,2020-03-09,6.95,08-31-2020,ING Financial Markets
Q3-20,2020-03-17,7.0,08-31-2020,ING Financial Markets
Q3-20,2020-04-07,7.0,08-31-2020,ING Financial Markets
Q3-20,2020-05-15,7.0,08-31-2020,ING Financial Markets
Q3-20,2020-05-18,7.0,08-31-2020,ING Financial Markets
Q3-20,2020-06-11,7.1,08-31-2020,ING Financial Markets
Q3-20,2020-06-19,7.1,08-31-2020,ING Financial Markets
Q3-20,2020-07-02,7.06,08-31-2020,ING Financial Markets
Q3-20,2020-08-06,7.0,08-31-2020,ING Financial Markets
Q4-20,2018-09-10,6.3,08-31-2020,ING Financial Markets
Q4-20,2018-10-15,6.3,08-31-2020,ING Financial Markets
Q4-20,2018-12-03,7.3,08-31-2020,ING Financial Markets
Q4-20,2018-12-10,7.0,08-31-2020,ING Financial Markets
Q4-20,2019-01-11,7.0,08-31-2020,ING Financial Markets
Q4-20,2019-02-14,6.7,08-31-2020,ING Financial Markets
Q4-20,2019-03-18,6.7,08-31-2020,ING Financial Markets
Q4-20,2019-03-19,6.7,08-31-2020,ING Financial Markets
Q4-20,2019-04-12,6.7,08-31-2020,ING Financial Markets
Q4-20,2019-04-30,6.7,08-31-2020,ING Financial Markets
Q4-20,2019-05-14,6.7,08-31-2020,ING Financial Markets
Q4-20,2019-06-14,6.75,08-31-2020,ING Financial Markets
Q4-20,2019-06-17,6.75,08-31-2020,ING Financial Markets
Q4-20,2019-07-04,6.75,08-31-2020,ING Financial Markets
Q4-20,2019-08-20,7.0,08-31-2020,ING Financial Markets
Q4-20,2019-08-27,7.3,08-31-2020,ING Financial Markets
Q4-20,2019-09-06,7.3,08-31-2020,ING Financial Markets
Q4-20,2019-09-20,7.3,08-31-2020,ING Financial Markets
Q4-20,2019-10-07,7.3,08-31-2020,ING Financial Markets
Q4-20,2019-11-08,6.85,08-31-2020,ING Financial Markets
Q4-20,2019-11-13,6.85,08-31-2020,ING Financial Markets
Q4-20,2019-12-18,6.85,08-31-2020,ING Financial Markets
Q4-20,2020-01-08,6.85,08-31-2020,ING Financial Markets
Q4-20,2020-01-09,6.9,08-31-2020,ING Financial Markets
Q4-20,2020-01-13,6.9,08-31-2020,ING Financial Markets
Q4-20,2020-02-12,6.85,08-31-2020,ING Financial Markets
Q4-20,2020-02-13,6.85,08-31-2020,ING Financial Markets
Q4-20,2020-03-09,6.85,08-31-2020,ING Financial Markets
Q4-20,2020-03-17,6.9,08-31-2020,ING Financial Markets
Q4-20,2020-04-07,6.9,08-31-2020,ING Financial Markets
Q4-20,2020-05-15,6.9,08-31-2020,ING Financial Markets
Q4-20,2020-05-18,6.9,08-31-2020,ING Financial Markets
Q4-20,2020-06-19,7.05,08-31-2020,ING Financial Markets
Q4-20,2020-07-02,7.05,08-31-2020,ING Financial Markets
Q4-20,2020-08-06,6.97,08-31-2020,ING Financial Markets
Q1-21,2020-03-09,6.8,08-31-2020,ING Financial Markets
Q1-21,2020-03-17,6.8,08-31-2020,ING Financial Markets
Q1-21,2020-04-07,6.8,08-31-2020,ING Financial Markets
Q1-21,2020-05-15,6.8,08-31-2020,ING Financial Markets
Q1-21,2020-05-18,6.8,08-31-2020,ING Financial Markets
Q1-21,2020-06-19,7.03,08-31-2020,ING Financial Markets
Q1-21,2020-07-02,7.03,08-31-2020,ING Financial Markets
Q1-21,2020-08-06,6.93,08-31-2020,ING Financial Markets
Q2-21,2020-06-19,7.0,08-31-2020,ING Financial Markets
Q2-21,2020-07-02,7.0,08-31-2020,ING Financial Markets
Q2-21,2020-08-06,6.87,08-31-2020,ING Financial Markets
2021,2018-12-03,7.0,08-31-2020,ING Financial Markets
2021,2019-07-04,6.7,08-31-2020,ING Financial Markets
2021,2019-08-20,6.9,08-31-2020,ING Financial Markets
2021,2019-08-27,7.2,08-31-2020,ING Financial Markets
2021,2019-09-06,7.2,08-31-2020,ING Financial Markets
2021,2019-09-20,7.2,08-31-2020,ING Financial Markets
2021,2019-10-07,7.2,08-31-2020,ING Financial Markets
2021,2019-11-08,6.7,08-31-2020,ING Financial Markets
2021,2019-11-13,6.7,08-31-2020,ING Financial Markets
2021,2019-12-18,6.7,08-31-2020,ING Financial Markets
2021,2020-01-08,6.7,08-31-2020,ING Financial Markets
2021,2020-01-09,6.7,08-31-2020,ING Financial Markets
2021,2020-01-13,6.7,08-31-2020,ING Financial Markets
2021,2020-02-12,6.5,08-31-2020,ING Financial Markets
2021,2020-02-13,6.5,08-31-2020,ING Financial Markets
2021,2020-03-09,6.5,08-31-2020,ING Financial Markets
2021,2020-03-17,6.5,08-31-2020,ING Financial Markets
2021,2020-04-07,6.5,08-31-2020,ING Financial Markets
2021,2020-05-15,6.5,08-31-2020,ING Financial Markets
2021,2020-05-18,6.5,08-31-2020,ING Financial Markets
2021,2020-06-19,6.9,08-31-2020,ING Financial Markets
2021,2020-07-02,6.9,08-31-2020,ING Financial Markets
2021,2020-08-06,6.8,08-31-2020,ING Financial Markets
2022,2019-12-18,6.75,08-31-2020,ING Financial Markets
2022,2020-07-02,6.75,08-31-2020,ING Financial Markets
2022,2020-08-06,6.7,08-31-2020,ING Financial Markets
Q4-16,2015-01-07,6.14,11-30-2016,ING Financial Markets
Q4-16,2015-01-14,6.17,11-30-2016,ING Financial Markets
Q4-16,2015-01-16,6.19,11-30-2016,ING Financial Markets
Q4-16,2015-02-17,6.19,11-30-2016,ING Financial Markets
Q4-16,2015-03-09,6.19,11-30-2016,ING Financial Markets
Q4-16,2015-03-17,6.4,11-30-2016,ING Financial Markets
Q4-16,2015-04-22,6.15,11-30-2016,ING Financial Markets
Q4-16,2015-05-19,6.15,11-30-2016,ING Financial Markets
Q4-16,2015-06-05,6.15,11-30-2016,ING Financial Markets
Q4-16,2015-06-17,6.15,11-30-2016,ING Financial Markets
Q4-16,2015-07-23,6.15,11-30-2016,ING Financial Markets
Q4-16,2015-08-19,6.35,11-30-2016,ING Financial Markets
Q4-16,2015-09-22,6.5,11-30-2016,ING Financial Markets
Q4-16,2015-12-08,6.5,11-30-2016,ING Financial Markets
Q4-16,2015-12-14,6.55,11-30-2016,ING Financial Markets
Q4-16,2016-01-11,6.6,11-30-2016,ING Financial Markets
Q4-16,2016-04-04,6.47,11-30-2016,ING Financial Markets
Q4-16,2016-05-17,6.54,11-30-2016,ING Financial Markets
Q4-16,2016-07-05,6.66,11-30-2016,ING Financial Markets
Q4-16,2016-08-09,6.71,11-30-2016,ING Financial Markets
Q4-16,2016-09-12,6.69,11-30-2016,ING Financial Markets
Q4-16,2016-10-11,6.69,11-30-2016,ING Financial Markets
Q4-16,2016-11-30,7.0,11-30-2016,ING Financial Markets
Q1-17,2016-04-04,6.45,11-30-2016,ING Financial Markets
Q1-17,2016-05-17,6.53,11-30-2016,ING Financial Markets
Q1-17,2016-07-05,6.71,11-30-2016,ING Financial Markets
Q1-17,2016-08-09,6.72,11-30-2016,ING Financial Markets
Q1-17,2016-09-12,6.7,11-30-2016,ING Financial Markets
Q1-17,2016-10-11,6.7,11-30-2016,ING Financial Markets
Q1-17,2016-11-30,7.2,11-30-2016,ING Financial Markets
Q2-17,2016-07-05,6.72,11-30-2016,ING Financial Markets
Q2-17,2016-08-09,6.72,11-30-2016,ING Financial Markets
Q2-17,2016-09-12,6.71,11-30-2016,ING Financial Markets
Q2-17,2016-10-11,6.71,11-30-2016,ING Financial Markets
Q2-17,2016-11-30,7.0,11-30-2016,ING Financial Markets
Q3-17,2016-09-12,6.72,11-30-2016,ING Financial Markets
Q3-17,2016-10-11,6.72,11-30-2016,ING Financial Markets
Q3-17,2016-11-30,6.85,11-30-2016,ING Financial Markets
2017,2015-04-22,6.1,11-30-2016,ING Financial Markets
2017,2015-05-19,6.1,11-30-2016,ING Financial Markets
2017,2015-06-05,6.1,11-30-2016,ING Financial Markets
2017,2015-06-17,6.1,11-30-2016,ING Financial Markets
2017,2015-07-23,6.1,11-30-2016,ING Financial Markets
2017,2015-08-19,6.2,11-30-2016,ING Financial Markets
2017,2015-09-22,6.5,11-30-2016,ING Financial Markets
2017,2015-12-08,6.2,11-30-2016,ING Financial Markets
2017,2015-12-14,6.4,11-30-2016,ING Financial Markets
2017,2016-04-04,6.35,11-30-2016,ING Financial Markets
2017,2016-05-17,6.5,11-30-2016,ING Financial Markets
2017,2016-07-05,6.72,11-30-2016,ING Financial Markets
2017,2016-08-09,6.72,11-30-2016,ING Financial Markets
2017,2016-09-12,6.72,11-30-2016,ING Financial Markets
2017,2016-10-11,6.72,11-30-2016,ING Financial Markets
2017,2016-11-30,6.8,11-30-2016,ING Financial Markets
2018,2016-07-05,6.7,11-30-2016,ING Financial Markets
2018,2016-08-09,6.7,11-30-2016,ING Financial Markets
2018,2016-09-12,6.7,11-30-2016,ING Financial Markets
2018,2016-10-11,6.7,11-30-2016,ING Financial Markets
Q1-11,2010-05-24,6.62,02-28-2011,ING Financial Markets
Q1-11,2010-06-22,6.72,02-28-2011,ING Financial Markets
Q1-11,2010-12-14,6.64,02-28-2011,ING Financial Markets
Q1-11,2011-01-10,6.27,02-28-2011,ING Financial Markets
Q1-11,2011-01-14,6.59,02-28-2011,ING Financial Markets
Q1-11,2011-02-21,6.59,02-28-2011,ING Financial Markets
Q2-11,2010-06-22,6.68,02-28-2011,ING Financial Markets
Q2-11,2010-12-14,6.61,02-28-2011,ING Financial Markets
Q2-11,2011-01-10,6.22,02-28-2011,ING Financial Markets
Q2-11,2011-01-14,6.58,02-28-2011,ING Financial Markets
Q2-11,2011-02-21,6.58,02-28-2011,ING Financial Markets
Q3-11,2010-12-14,6.58,02-28-2011,ING Financial Markets
Q3-11,2011-01-10,6.17,02-28-2011,ING Financial Markets
Q3-11,2011-01-14,6.46,02-28-2011,ING Financial Markets
Q3-11,2011-02-21,6.46,02-28-2011,ING Financial Markets
Q4-11,2009-03-23,6.85,02-28-2011,ING Financial Markets
Q4-11,2009-05-27,6.78,02-28-2011,ING Financial Markets
Q4-11,2009-11-13,6.458,02-28-2011,ING Financial Markets
Q4-11,2009-11-26,6.49,02-28-2011,ING Financial Markets
Q4-11,2009-12-14,6.49,02-28-2011,ING Financial Markets
Q4-11,2010-01-11,6.49,02-28-2011,ING Financial Markets
Q4-11,2010-06-22,6.62,02-28-2011,ING Financial Markets
Q4-11,2010-12-14,6.46,02-28-2011,ING Financial Markets
Q4-11,2011-01-10,6.13,02-28-2011,ING Financial Markets
Q4-11,2011-01-14,6.35,02-28-2011,ING Financial Markets
Q4-11,2011-02-21,6.35,02-28-2011,ING Financial Markets
2012,2010-01-11,6.49,02-28-2011,ING Financial Markets
2012,2010-06-22,6.49,02-28-2011,ING Financial Markets
2012,2010-12-14,6.35,02-28-2011,ING Financial Markets
2012,2011-01-10,6.0,02-28-2011,ING Financial Markets
2012,2011-01-14,6.16,02-28-2011,ING Financial Markets
2012,2011-02-21,6.16,02-28-2011,ING Financial Markets
2013,2010-12-14,6.1,02-28-2011,ING Financial Markets
Q3-16,2015-12-08,6.5,08-31-2016,ING Financial Markets
Q3-16,2015-12-14,6.55,08-31-2016,ING Financial Markets
Q3-16,2016-01-11,6.66,08-31-2016,ING Financial Markets
Q3-16,2016-04-04,6.5,08-31-2016,ING Financial Markets
Q3-16,2016-05-17,6.52,08-31-2016,ING Financial Markets
Q3-16,2016-07-05,6.65,08-31-2016,ING Financial Markets
Q3-16,2016-08-09,6.66,08-31-2016,ING Financial Markets
Q4-16,2014-09-22,6.05,08-31-2016,ING Financial Markets
Q4-16,2014-11-18,6.03,08-31-2016,ING Financial Markets
Q4-16,2015-01-07,6.14,08-31-2016,ING Financial Markets
Q4-16,2015-01-14,6.17,08-31-2016,ING Financial Markets
Q4-16,2015-01-16,6.19,08-31-2016,ING Financial Markets
Q4-16,2015-02-17,6.19,08-31-2016,ING Financial Markets
Q4-16,2015-03-09,6.19,08-31-2016,ING Financial Markets
Q4-16,2015-03-17,6.4,08-31-2016,ING Financial Markets
Q4-16,2015-04-22,6.15,08-31-2016,ING Financial Markets
Q4-16,2015-05-19,6.15,08-31-2016,ING Financial Markets
Q4-16,2015-06-05,6.15,08-31-2016,ING Financial Markets
Q4-16,2015-06-17,6.15,08-31-2016,ING Financial Markets
Q4-16,2015-07-23,6.15,08-31-2016,ING Financial Markets
Q4-16,2015-08-19,6.35,08-31-2016,ING Financial Markets
Q4-16,2015-09-22,6.5,08-31-2016,ING Financial Markets
Q4-16,2015-12-08,6.5,08-31-2016,ING Financial Markets
Q4-16,2015-12-14,6.55,08-31-2016,ING Financial Markets
Q4-16,2016-01-11,6.6,08-31-2016,ING Financial Markets
Q4-16,2016-04-04,6.47,08-31-2016,ING Financial Markets
Q4-16,2016-05-17,6.54,08-31-2016,ING Financial Markets
Q4-16,2016-07-05,6.66,08-31-2016,ING Financial Markets
Q4-16,2016-08-09,6.71,08-31-2016,ING Financial Markets
Q1-17,2016-04-04,6.45,08-31-2016,ING Financial Markets
Q1-17,2016-05-17,6.53,08-31-2016,ING Financial Markets
Q1-17,2016-07-05,6.71,08-31-2016,ING Financial Markets
Q1-17,2016-08-09,6.72,08-31-2016,ING Financial Markets
Q2-17,2016-07-05,6.72,08-31-2016,ING Financial Markets
Q2-17,2016-08-09,6.72,08-31-2016,ING Financial Markets
2017,2015-04-22,6.1,08-31-2016,ING Financial Markets
2017,2015-05-19,6.1,08-31-2016,ING Financial Markets
2017,2015-06-05,6.1,08-31-2016,ING Financial Markets
2017,2015-06-17,6.1,08-31-2016,ING Financial Markets
2017,2015-07-23,6.1,08-31-2016,ING Financial Markets
2017,2015-08-19,6.2,08-31-2016,ING Financial Markets
2017,2015-09-22,6.5,08-31-2016,ING Financial Markets
2017,2015-12-08,6.2,08-31-2016,ING Financial Markets
2017,2015-12-14,6.4,08-31-2016,ING Financial Markets
2017,2016-04-04,6.35,08-31-2016,ING Financial Markets
2017,2016-05-17,6.5,08-31-2016,ING Financial Markets
2017,2016-07-05,6.72,08-31-2016,ING Financial Markets
2017,2016-08-09,6.72,08-31-2016,ING Financial Markets
2018,2016-07-05,6.7,08-31-2016,ING Financial Markets
2018,2016-08-09,6.7,08-31-2016,ING Financial Markets
Q4-20,2018-12-03,7.3,11-30-2020,ING Financial Markets
Q4-20,2018-12-10,7.0,11-30-2020,ING Financial Markets
Q4-20,2019-01-11,7.0,11-30-2020,ING Financial Markets
Q4-20,2019-02-14,6.7,11-30-2020,ING Financial Markets
Q4-20,2019-03-18,6.7,11-30-2020,ING Financial Markets
Q4-20,2019-03-19,6.7,11-30-2020,ING Financial Markets
Q4-20,2019-04-12,6.7,11-30-2020,ING Financial Markets
Q4-20,2019-04-30,6.7,11-30-2020,ING Financial Markets
Q4-20,2019-05-14,6.7,11-30-2020,ING Financial Markets
Q4-20,2019-06-14,6.75,11-30-2020,ING Financial Markets
Q4-20,2019-06-17,6.75,11-30-2020,ING Financial Markets
Q4-20,2019-07-04,6.75,11-30-2020,ING Financial Markets
Q4-20,2019-08-20,7.0,11-30-2020,ING Financial Markets
Q4-20,2019-08-27,7.3,11-30-2020,ING Financial Markets
Q4-20,2019-09-06,7.3,11-30-2020,ING Financial Markets
Q4-20,2019-09-20,7.3,11-30-2020,ING Financial Markets
Q4-20,2019-10-07,7.3,11-30-2020,ING Financial Markets
Q4-20,2019-11-08,6.85,11-30-2020,ING Financial Markets
Q4-20,2019-11-13,6.85,11-30-2020,ING Financial Markets
Q4-20,2019-12-18,6.85,11-30-2020,ING Financial Markets
Q4-20,2020-01-08,6.85,11-30-2020,ING Financial Markets
Q4-20,2020-01-09,6.9,11-30-2020,ING Financial Markets
Q4-20,2020-01-13,6.9,11-30-2020,ING Financial Markets
Q4-20,2020-02-12,6.85,11-30-2020,ING Financial Markets
Q4-20,2020-02-13,6.85,11-30-2020,ING Financial Markets
Q4-20,2020-03-09,6.85,11-30-2020,ING Financial Markets
Q4-20,2020-03-17,6.9,11-30-2020,ING Financial Markets
Q4-20,2020-04-07,6.9,11-30-2020,ING Financial Markets
Q4-20,2020-05-15,6.9,11-30-2020,ING Financial Markets
Q4-20,2020-05-18,6.9,11-30-2020,ING Financial Markets
Q4-20,2020-06-19,7.05,11-30-2020,ING Financial Markets
Q4-20,2020-07-02,7.05,11-30-2020,ING Financial Markets
Q4-20,2020-08-06,6.97,11-30-2020,ING Financial Markets
Q4-20,2020-09-02,6.7,11-30-2020,ING Financial Markets
Q4-20,2020-09-29,6.7,11-30-2020,ING Financial Markets
Q4-20,2020-10-09,6.7,11-30-2020,ING Financial Markets
Q4-20,2020-11-10,6.7,11-30-2020,ING Financial Markets
Q4-20,2020-11-30,6.7,11-30-2020,ING Financial Markets
Q1-21,2020-03-09,6.8,11-30-2020,ING Financial Markets
Q1-21,2020-03-17,6.8,11-30-2020,ING Financial Markets
Q1-21,2020-04-07,6.8,11-30-2020,ING Financial Markets
Q1-21,2020-05-15,6.8,11-30-2020,ING Financial Markets
Q1-21,2020-05-18,6.8,11-30-2020,ING Financial Markets
Q1-21,2020-06-19,7.03,11-30-2020,ING Financial Markets
Q1-21,2020-07-02,7.03,11-30-2020,ING Financial Markets
Q1-21,2020-08-06,6.93,11-30-2020,ING Financial Markets
Q1-21,2020-09-02,6.65,11-30-2020,ING Financial Markets
Q1-21,2020-09-29,6.65,11-30-2020,ING Financial Markets
Q1-21,2020-10-09,6.65,11-30-2020,ING Financial Markets
Q1-21,2020-11-10,6.6,11-30-2020,ING Financial Markets
Q1-21,2020-11-30,6.6,11-30-2020,ING Financial Markets
Q2-21,2020-06-19,7.0,11-30-2020,ING Financial Markets
Q2-21,2020-07-02,7.0,11-30-2020,ING Financial Markets
Q2-21,2020-08-06,6.87,11-30-2020,ING Financial Markets
Q2-21,2020-09-02,6.68,11-30-2020,ING Financial Markets
Q2-21,2020-09-29,6.68,11-30-2020,ING Financial Markets
Q2-21,2020-10-09,6.68,11-30-2020,ING Financial Markets
Q2-21,2020-11-10,6.5,11-30-2020,ING Financial Markets
Q2-21,2020-11-30,6.5,11-30-2020,ING Financial Markets
Q3-21,2020-09-02,6.7,11-30-2020,ING Financial Markets
Q3-21,2020-09-29,6.7,11-30-2020,ING Financial Markets
Q3-21,2020-10-09,6.7,11-30-2020,ING Financial Markets
Q3-21,2020-11-10,6.45,11-30-2020,ING Financial Markets
Q3-21,2020-11-30,6.45,11-30-2020,ING Financial Markets
2021,2018-12-03,7.0,11-30-2020,ING Financial Markets
2021,2019-07-04,6.7,11-30-2020,ING Financial Markets
2021,2019-08-20,6.9,11-30-2020,ING Financial Markets
2021,2019-08-27,7.2,11-30-2020,ING Financial Markets
2021,2019-09-06,7.2,11-30-2020,ING Financial Markets
2021,2019-09-20,7.2,11-30-2020,ING Financial Markets
2021,2019-10-07,7.2,11-30-2020,ING Financial Markets
2021,2019-11-08,6.7,11-30-2020,ING Financial Markets
2021,2019-11-13,6.7,11-30-2020,ING Financial Markets
2021,2019-12-18,6.7,11-30-2020,ING Financial Markets
2021,2020-01-08,6.7,11-30-2020,ING Financial Markets
2021,2020-01-09,6.7,11-30-2020,ING Financial Markets
2021,2020-01-13,6.7,11-30-2020,ING Financial Markets
2021,2020-02-12,6.5,11-30-2020,ING Financial Markets
2021,2020-02-13,6.5,11-30-2020,ING Financial Markets
2021,2020-03-09,6.5,11-30-2020,ING Financial Markets
2021,2020-03-17,6.5,11-30-2020,ING Financial Markets
2021,2020-04-07,6.5,11-30-2020,ING Financial Markets
2021,2020-05-15,6.5,11-30-2020,ING Financial Markets
2021,2020-05-18,6.5,11-30-2020,ING Financial Markets
2021,2020-06-19,6.9,11-30-2020,ING Financial Markets
2021,2020-07-02,6.9,11-30-2020,ING Financial Markets
2021,2020-08-06,6.8,11-30-2020,ING Financial Markets
2021,2020-09-02,6.73,11-30-2020,ING Financial Markets
2021,2020-09-29,6.73,11-30-2020,ING Financial Markets
2021,2020-10-09,6.73,11-30-2020,ING Financial Markets
2021,2020-11-10,6.3,11-30-2020,ING Financial Markets
2021,2020-11-30,6.3,11-30-2020,ING Financial Markets
2022,2019-12-18,6.75,11-30-2020,ING Financial Markets
2022,2020-07-02,6.75,11-30-2020,ING Financial Markets
2022,2020-08-06,6.7,11-30-2020,ING Financial Markets
2022,2020-09-02,6.7,11-30-2020,ING Financial Markets
2022,2020-09-29,6.7,11-30-2020,ING Financial Markets
2022,2020-10-09,6.7,11-30-2020,ING Financial Markets
2022,2020-11-10,6.5,11-30-2020,ING Financial Markets
Q1-07,2006-06-13,7.75,02-28-2007,ING Financial Markets
Q1-07,2006-09-15,7.75,02-28-2007,ING Financial Markets
Q1-07,2006-10-09,7.75,02-28-2007,ING Financial Markets
Q1-07,2006-11-16,7.75,02-28-2007,ING Financial Markets
Q1-07,2006-11-28,7.75,02-28-2007,ING Financial Markets
Q1-07,2006-12-12,7.75,02-28-2007,ING Financial Markets
Q1-07,2007-01-09,7.75,02-28-2007,ING Financial Markets
Q1-07,2007-02-16,7.75,02-28-2007,ING Financial Markets
Q2-07,2006-06-13,7.75,02-28-2007,ING Financial Markets
Q2-07,2006-09-15,7.75,02-28-2007,ING Financial Markets
Q2-07,2006-10-09,7.72,02-28-2007,ING Financial Markets
Q2-07,2006-11-16,7.72,02-28-2007,ING Financial Markets
Q2-07,2006-11-28,7.75,02-28-2007,ING Financial Markets
Q2-07,2006-12-12,7.7,02-28-2007,ING Financial Markets
Q2-07,2007-01-09,7.7,02-28-2007,ING Financial Markets
Q2-07,2007-02-16,7.7,02-28-2007,ING Financial Markets
Q3-07,2006-09-15,7.75,02-28-2007,ING Financial Markets
Q3-07,2006-10-09,7.67,02-28-2007,ING Financial Markets
Q3-07,2006-11-16,7.67,02-28-2007,ING Financial Markets
Q3-07,2006-11-28,7.7,02-28-2007,ING Financial Markets
Q3-07,2006-12-12,7.68,02-28-2007,ING Financial Markets
Q3-07,2007-01-09,7.68,02-28-2007,ING Financial Markets
Q3-07,2007-02-16,7.65,02-28-2007,ING Financial Markets
Q4-07,2006-04-18,7.75,02-28-2007,ING Financial Markets
Q4-07,2006-06-13,7.75,02-28-2007,ING Financial Markets
Q4-07,2006-09-15,7.75,02-28-2007,ING Financial Markets
Q4-07,2006-11-28,7.65,02-28-2007,ING Financial Markets
Q4-07,2006-12-12,7.65,02-28-2007,ING Financial Markets
Q4-07,2007-01-09,7.65,02-28-2007,ING Financial Markets
Q4-07,2007-02-16,7.55,02-28-2007,ING Financial Markets
2008,2006-04-18,7.75,02-28-2007,ING Financial Markets
2008,2006-06-13,7.75,02-28-2007,ING Financial Markets
2008,2006-09-15,7.75,02-28-2007,ING Financial Markets
2008,2006-11-28,7.5,02-28-2007,ING Financial Markets
2008,2006-12-12,7.5,02-28-2007,ING Financial Markets
2008,2007-02-16,7.1,02-28-2007,ING Financial Markets
Q4-21,2019-12-18,6.7,11-30-2021,ING Financial Markets
Q4-21,2020-01-08,6.7,11-30-2021,ING Financial Markets
Q4-21,2020-01-09,6.7,11-30-2021,ING Financial Markets
Q4-21,2020-01-13,6.7,11-30-2021,ING Financial Markets
Q4-21,2020-02-12,6.5,11-30-2021,ING Financial Markets
Q4-21,2020-02-13,6.5,11-30-2021,ING Financial Markets
Q4-21,2020-03-09,6.5,11-30-2021,ING Financial Markets
Q4-21,2020-03-17,6.5,11-30-2021,ING Financial Markets
Q4-21,2020-04-07,6.5,11-30-2021,ING Financial Markets
Q4-21,2020-05-15,6.5,11-30-2021,ING Financial Markets
Q4-21,2020-05-18,6.5,11-30-2021,ING Financial Markets
Q4-21,2020-06-19,6.9,11-30-2021,ING Financial Markets
Q4-21,2020-07-02,6.9,11-30-2021,ING Financial Markets
Q4-21,2020-08-06,6.8,11-30-2021,ING Financial Markets
Q4-21,2020-09-02,6.73,11-30-2021,ING Financial Markets
Q4-21,2020-09-29,6.73,11-30-2021,ING Financial Markets
Q4-21,2020-10-09,6.73,11-30-2021,ING Financial Markets
Q4-21,2020-11-10,6.3,11-30-2021,ING Financial Markets
Q4-21,2020-11-30,6.3,11-30-2021,ING Financial Markets
Q4-21,2020-12-03,6.3,11-30-2021,ING Financial Markets
Q4-21,2020-12-11,6.3,11-30-2021,ING Financial Markets
Q4-21,2021-01-08,6.2,11-30-2021,ING Financial Markets
Q4-21,2021-02-01,6.2,11-30-2021,ING Financial Markets
Q4-21,2021-02-02,6.2,11-30-2021,ING Financial Markets
Q4-21,2021-03-08,6.2,11-30-2021,ING Financial Markets
Q4-21,2021-04-05,6.3,11-30-2021,ING Financial Markets
Q4-21,2021-04-06,6.3,11-30-2021,ING Financial Markets
Q4-21,2021-04-20,6.3,11-30-2021,ING Financial Markets
Q4-21,2021-05-07,6.3,11-30-2021,ING Financial Markets
Q4-21,2021-06-10,6.3,11-30-2021,ING Financial Markets
Q4-21,2021-08-09,6.7,11-30-2021,ING Financial Markets
Q4-21,2021-10-12,6.7,11-30-2021,ING Financial Markets
Q1-22,2021-03-08,6.15,11-30-2021,ING Financial Markets
Q1-22,2021-04-05,6.25,11-30-2021,ING Financial Markets
Q1-22,2021-04-20,6.25,11-30-2021,ING Financial Markets
Q1-22,2021-05-07,6.25,11-30-2021,ING Financial Markets
Q1-22,2021-06-10,6.25,11-30-2021,ING Financial Markets
Q1-22,2021-08-09,6.78,11-30-2021,ING Financial Markets
Q1-22,2021-10-12,6.78,11-30-2021,ING Financial Markets
Q2-22,2021-06-10,6.2,11-30-2021,ING Financial Markets
Q2-22,2021-08-09,6.7,11-30-2021,ING Financial Markets
Q2-22,2021-10-12,6.7,11-30-2021,ING Financial Markets
Q3-22,2021-10-12,6.6,11-30-2021,ING Financial Markets
2022,2019-12-18,6.75,11-30-2021,ING Financial Markets
2022,2020-07-02,6.75,11-30-2021,ING Financial Markets
2022,2020-08-06,6.7,11-30-2021,ING Financial Markets
2022,2020-09-02,6.7,11-30-2021,ING Financial Markets
2022,2020-09-29,6.7,11-30-2021,ING Financial Markets
2022,2020-10-09,6.7,11-30-2021,ING Financial Markets
2022,2020-11-10,6.5,11-30-2021,ING Financial Markets
2022,2020-12-03,6.5,11-30-2021,ING Financial Markets
2022,2020-12-11,6.5,11-30-2021,ING Financial Markets
2022,2021-01-08,6.0,11-30-2021,ING Financial Markets
2022,2021-02-01,6.0,11-30-2021,ING Financial Markets
2022,2021-02-02,6.0,11-30-2021,ING Financial Markets
2022,2021-03-08,6.0,11-30-2021,ING Financial Markets
2022,2021-04-05,6.1,11-30-2021,ING Financial Markets
2022,2021-04-06,6.1,11-30-2021,ING Financial Markets
2022,2021-04-20,6.1,11-30-2021,ING Financial Markets
2022,2021-05-07,6.1,11-30-2021,ING Financial Markets
2022,2021-06-10,6.15,11-30-2021,ING Financial Markets
2022,2021-06-14,6.1,11-30-2021,ING Financial Markets
2022,2021-08-09,6.4,11-30-2021,ING Financial Markets
2022,2021-10-12,6.4,11-30-2021,ING Financial Markets
2023,2019-12-18,5.9,11-30-2021,ING Financial Markets
2023,2021-04-06,5.9,11-30-2021,ING Financial Markets
2023,2021-04-20,5.9,11-30-2021,ING Financial Markets
2023,2021-05-07,5.9,11-30-2021,ING Financial Markets
2023,2021-06-10,6.1,11-30-2021,ING Financial Markets
2023,2021-06-14,5.9,11-30-2021,ING Financial Markets
2023,2021-08-09,6.2,11-30-2021,ING Financial Markets
2023,2021-10-12,6.2,11-30-2021,ING Financial Markets
Q3-17,2016-09-12,6.72,08-31-2017,ING Financial Markets
Q3-17,2016-10-11,6.72,08-31-2017,ING Financial Markets
Q3-17,2016-11-30,6.85,08-31-2017,ING Financial Markets
Q3-17,2017-02-17,6.8,08-31-2017,ING Financial Markets
Q3-17,2017-03-10,6.83,08-31-2017,ING Financial Markets
Q3-17,2017-04-07,6.83,08-31-2017,ING Financial Markets
Q3-17,2017-04-12,6.83,08-31-2017,ING Financial Markets
Q3-17,2017-05-08,6.83,08-31-2017,ING Financial Markets
Q3-17,2017-05-16,6.83,08-31-2017,ING Financial Markets
Q3-17,2017-06-15,6.75,08-31-2017,ING Financial Markets
Q3-17,2017-07-19,6.75,08-31-2017,ING Financial Markets
Q3-17,2017-08-17,6.6,08-31-2017,ING Financial Markets
Q4-17,2015-09-22,6.5,08-31-2017,ING Financial Markets
Q4-17,2015-12-08,6.2,08-31-2017,ING Financial Markets
Q4-17,2015-12-14,6.4,08-31-2017,ING Financial Markets
Q4-17,2016-04-04,6.35,08-31-2017,ING Financial Markets
Q4-17,2016-05-17,6.5,08-31-2017,ING Financial Markets
Q4-17,2016-07-05,6.72,08-31-2017,ING Financial Markets
Q4-17,2016-08-09,6.72,08-31-2017,ING Financial Markets
Q4-17,2016-09-12,6.72,08-31-2017,ING Financial Markets
Q4-17,2016-10-11,6.72,08-31-2017,ING Financial Markets
Q4-17,2016-11-30,6.8,08-31-2017,ING Financial Markets
Q4-17,2017-02-17,6.75,08-31-2017,ING Financial Markets
Q4-17,2017-03-10,6.78,08-31-2017,ING Financial Markets
Q4-17,2017-04-07,6.78,08-31-2017,ING Financial Markets
Q4-17,2017-04-12,6.78,08-31-2017,ING Financial Markets
Q4-17,2017-05-08,6.79,08-31-2017,ING Financial Markets
Q4-17,2017-05-16,6.79,08-31-2017,ING Financial Markets
Q4-17,2017-06-15,6.72,08-31-2017,ING Financial Markets
Q4-17,2017-07-19,6.72,08-31-2017,ING Financial Markets
Q4-17,2017-08-17,6.65,08-31-2017,ING Financial Markets
Q1-18,2017-03-10,6.75,08-31-2017,ING Financial Markets
Q1-18,2017-04-07,6.75,08-31-2017,ING Financial Markets
Q1-18,2017-04-12,6.75,08-31-2017,ING Financial Markets
Q1-18,2017-05-08,6.75,08-31-2017,ING Financial Markets
Q1-18,2017-05-16,6.75,08-31-2017,ING Financial Markets
Q1-18,2017-06-15,6.7,08-31-2017,ING Financial Markets
Q1-18,2017-07-19,6.7,08-31-2017,ING Financial Markets
Q1-18,2017-08-17,6.6,08-31-2017,ING Financial Markets
Q2-18,2017-05-08,6.7,08-31-2017,ING Financial Markets
Q2-18,2017-06-15,6.68,08-31-2017,ING Financial Markets
Q2-18,2017-07-19,6.68,08-31-2017,ING Financial Markets
Q2-18,2017-08-17,6.55,08-31-2017,ING Financial Markets
2018,2016-07-05,6.7,08-31-2017,ING Financial Markets
2018,2016-08-09,6.7,08-31-2017,ING Financial Markets
2018,2016-09-12,6.7,08-31-2017,ING Financial Markets
2018,2016-10-11,6.7,08-31-2017,ING Financial Markets
2018,2017-02-17,6.5,08-31-2017,ING Financial Markets
2018,2017-03-10,6.6,08-31-2017,ING Financial Markets
2018,2017-04-07,6.6,08-31-2017,ING Financial Markets
2018,2017-04-12,6.6,08-31-2017,ING Financial Markets
2018,2017-05-08,6.6,08-31-2017,ING Financial Markets
2018,2017-05-16,6.6,08-31-2017,ING Financial Markets
2018,2017-06-15,6.63,08-31-2017,ING Financial Markets
2018,2017-07-19,6.65,08-31-2017,ING Financial Markets
2018,2017-08-17,6.45,08-31-2017,ING Financial Markets
2019,2017-07-19,6.6,08-31-2017,ING Financial Markets
2019,2017-08-17,6.45,08-31-2017,ING Financial Markets
2020,2017-07-19,6.5,08-31-2017,ING Financial Markets
Q1-10,2009-03-23,6.85,02-28-2010,ING Financial Markets
Q1-10,2009-11-13,6.81,02-28-2010,ING Financial Markets
Q1-10,2009-11-26,6.81,02-28-2010,ING Financial Markets
Q1-10,2009-12-14,6.81,02-28-2010,ING Financial Markets
Q1-10,2010-01-11,6.82,02-28-2010,ING Financial Markets
Q2-10,2009-11-13,6.78,02-28-2010,ING Financial Markets
Q2-10,2009-11-26,6.81,02-28-2010,ING Financial Markets
Q2-10,2009-12-14,6.81,02-28-2010,ING Financial Markets
Q2-10,2010-01-11,6.81,02-28-2010,ING Financial Markets
Q3-10,2009-11-13,6.622,02-28-2010,ING Financial Markets
Q3-10,2009-11-26,6.716,02-28-2010,ING Financial Markets
Q3-10,2009-12-14,6.716,02-28-2010,ING Financial Markets
Q3-10,2010-01-11,6.72,02-28-2010,ING Financial Markets
Q4-10,2009-01-14,6.85,02-28-2010,ING Financial Markets
Q4-10,2009-01-16,6.85,02-28-2010,ING Financial Markets
Q4-10,2009-02-12,6.85,02-28-2010,ING Financial Markets
Q4-10,2009-03-23,6.85,02-28-2010,ING Financial Markets
Q4-10,2009-05-27,6.78,02-28-2010,ING Financial Markets
Q4-10,2009-11-13,6.588,02-28-2010,ING Financial Markets
Q4-10,2009-11-26,6.622,02-28-2010,ING Financial Markets
Q4-10,2009-12-14,6.622,02-28-2010,ING Financial Markets
Q4-10,2010-01-11,6.62,02-28-2010,ING Financial Markets
2011,2009-01-14,6.85,02-28-2010,ING Financial Markets
2011,2009-01-16,6.85,02-28-2010,ING Financial Markets
2011,2009-02-12,6.85,02-28-2010,ING Financial Markets
2011,2009-03-23,6.85,02-28-2010,ING Financial Markets
2011,2009-05-27,6.78,02-28-2010,ING Financial Markets
2011,2009-11-13,6.458,02-28-2010,ING Financial Markets
2011,2009-11-26,6.49,02-28-2010,ING Financial Markets
2011,2009-12-14,6.49,02-28-2010,ING Financial Markets
2011,2010-01-11,6.49,02-28-2010,ING Financial Markets
2012,2010-01-11,6.49,02-28-2010,ING Financial Markets
Q4-17,2015-12-08,6.2,11-30-2017,ING Financial Markets
Q4-17,2015-12-14,6.4,11-30-2017,ING Financial Markets
Q4-17,2016-04-04,6.35,11-30-2017,ING Financial Markets
Q4-17,2016-05-17,6.5,11-30-2017,ING Financial Markets
Q4-17,2016-07-05,6.72,11-30-2017,ING Financial Markets
Q4-17,2016-08-09,6.72,11-30-2017,ING Financial Markets
Q4-17,2016-09-12,6.72,11-30-2017,ING Financial Markets
Q4-17,2016-10-11,6.72,11-30-2017,ING Financial Markets
Q4-17,2016-11-30,6.8,11-30-2017,ING Financial Markets
Q4-17,2017-02-17,6.75,11-30-2017,ING Financial Markets
Q4-17,2017-03-10,6.78,11-30-2017,ING Financial Markets
Q4-17,2017-04-07,6.78,11-30-2017,ING Financial Markets
Q4-17,2017-04-12,6.78,11-30-2017,ING Financial Markets
Q4-17,2017-05-08,6.79,11-30-2017,ING Financial Markets
Q4-17,2017-05-16,6.79,11-30-2017,ING Financial Markets
Q4-17,2017-06-15,6.72,11-30-2017,ING Financial Markets
Q4-17,2017-07-19,6.72,11-30-2017,ING Financial Markets
Q4-17,2017-08-17,6.65,11-30-2017,ING Financial Markets
Q4-17,2017-09-12,6.4,11-30-2017,ING Financial Markets
Q4-17,2017-10-13,6.5,11-30-2017,ING Financial Markets
Q1-18,2017-03-10,6.75,11-30-2017,ING Financial Markets
Q1-18,2017-04-07,6.75,11-30-2017,ING Financial Markets
Q1-18,2017-04-12,6.75,11-30-2017,ING Financial Markets
Q1-18,2017-05-08,6.75,11-30-2017,ING Financial Markets
Q1-18,2017-05-16,6.75,11-30-2017,ING Financial Markets
Q1-18,2017-06-15,6.7,11-30-2017,ING Financial Markets
Q1-18,2017-07-19,6.7,11-30-2017,ING Financial Markets
Q1-18,2017-08-17,6.6,11-30-2017,ING Financial Markets
Q1-18,2017-09-12,6.3,11-30-2017,ING Financial Markets
Q1-18,2017-10-13,6.4,11-30-2017,ING Financial Markets
Q2-18,2017-05-08,6.7,11-30-2017,ING Financial Markets
Q2-18,2017-06-15,6.68,11-30-2017,ING Financial Markets
Q2-18,2017-07-19,6.68,11-30-2017,ING Financial Markets
Q2-18,2017-08-17,6.55,11-30-2017,ING Financial Markets
Q2-18,2017-09-12,6.27,11-30-2017,ING Financial Markets
Q2-18,2017-10-13,6.35,11-30-2017,ING Financial Markets
Q3-18,2017-05-08,6.65,11-30-2017,ING Financial Markets
Q3-18,2017-06-15,6.65,11-30-2017,ING Financial Markets
Q3-18,2017-09-12,6.25,11-30-2017,ING Financial Markets
Q3-18,2017-10-13,6.3,11-30-2017,ING Financial Markets
2018,2016-07-05,6.7,11-30-2017,ING Financial Markets
2018,2016-08-09,6.7,11-30-2017,ING Financial Markets
2018,2016-09-12,6.7,11-30-2017,ING Financial Markets
2018,2016-10-11,6.7,11-30-2017,ING Financial Markets
2018,2017-02-17,6.5,11-30-2017,ING Financial Markets
2018,2017-03-10,6.6,11-30-2017,ING Financial Markets
2018,2017-04-07,6.6,11-30-2017,ING Financial Markets
2018,2017-04-12,6.6,11-30-2017,ING Financial Markets
2018,2017-05-08,6.6,11-30-2017,ING Financial Markets
2018,2017-05-16,6.6,11-30-2017,ING Financial Markets
2018,2017-06-15,6.63,11-30-2017,ING Financial Markets
2018,2017-07-19,6.65,11-30-2017,ING Financial Markets
2018,2017-08-17,6.45,11-30-2017,ING Financial Markets
2018,2017-09-12,6.2,11-30-2017,ING Financial Markets
2018,2017-10-13,6.25,11-30-2017,ING Financial Markets
2019,2017-07-19,6.6,11-30-2017,ING Financial Markets
2019,2017-08-17,6.45,11-30-2017,ING Financial Markets
2019,2017-09-12,6.0,11-30-2017,ING Financial Markets
2020,2017-07-19,6.5,11-30-2017,ING Financial Markets
Q3-21,2020-09-02,6.7,08-31-2021,ING Financial Markets
Q3-21,2020-09-29,6.7,08-31-2021,ING Financial Markets
Q3-21,2020-10-09,6.7,08-31-2021,ING Financial Markets
Q3-21,2020-11-10,6.45,08-31-2021,ING Financial Markets
Q3-21,2020-11-30,6.45,08-31-2021,ING Financial Markets
Q3-21,2020-12-03,6.45,08-31-2021,ING Financial Markets
Q3-21,2020-12-11,6.45,08-31-2021,ING Financial Markets
Q3-21,2021-01-08,6.25,08-31-2021,ING Financial Markets
Q3-21,2021-02-01,6.25,08-31-2021,ING Financial Markets
Q3-21,2021-02-02,6.25,08-31-2021,ING Financial Markets
Q3-21,2021-03-08,6.25,08-31-2021,ING Financial Markets
Q3-21,2021-04-05,6.4,08-31-2021,ING Financial Markets
Q3-21,2021-04-06,6.4,08-31-2021,ING Financial Markets
Q3-21,2021-04-20,6.4,08-31-2021,ING Financial Markets
Q3-21,2021-05-07,6.4,08-31-2021,ING Financial Markets
Q3-21,2021-06-10,6.4,08-31-2021,ING Financial Markets
Q3-21,2021-06-14,6.4,08-31-2021,ING Financial Markets
Q3-21,2021-08-09,6.55,08-31-2021,ING Financial Markets
Q4-21,2019-09-06,7.2,08-31-2021,ING Financial Markets
Q4-21,2019-09-20,7.2,08-31-2021,ING Financial Markets
Q4-21,2019-10-07,7.2,08-31-2021,ING Financial Markets
Q4-21,2019-11-08,6.7,08-31-2021,ING Financial Markets
Q4-21,2019-11-13,6.7,08-31-2021,ING Financial Markets
Q4-21,2019-12-18,6.7,08-31-2021,ING Financial Markets
Q4-21,2020-01-08,6.7,08-31-2021,ING Financial Markets
Q4-21,2020-01-09,6.7,08-31-2021,ING Financial Markets
Q4-21,2020-01-13,6.7,08-31-2021,ING Financial Markets
Q4-21,2020-02-12,6.5,08-31-2021,ING Financial Markets
Q4-21,2020-02-13,6.5,08-31-2021,ING Financial Markets
Q4-21,2020-03-09,6.5,08-31-2021,ING Financial Markets
Q4-21,2020-03-17,6.5,08-31-2021,ING Financial Markets
Q4-21,2020-04-07,6.5,08-31-2021,ING Financial Markets
Q4-21,2020-05-15,6.5,08-31-2021,ING Financial Markets
Q4-21,2020-05-18,6.5,08-31-2021,ING Financial Markets
Q4-21,2020-06-19,6.9,08-31-2021,ING Financial Markets
Q4-21,2020-07-02,6.9,08-31-2021,ING Financial Markets
Q4-21,2020-08-06,6.8,08-31-2021,ING Financial Markets
Q4-21,2020-09-02,6.73,08-31-2021,ING Financial Markets
Q4-21,2020-09-29,6.73,08-31-2021,ING Financial Markets
Q4-21,2020-10-09,6.73,08-31-2021,ING Financial Markets
Q4-21,2020-11-10,6.3,08-31-2021,ING Financial Markets
Q4-21,2020-11-30,6.3,08-31-2021,ING Financial Markets
Q4-21,2020-12-03,6.3,08-31-2021,ING Financial Markets
Q4-21,2020-12-11,6.3,08-31-2021,ING Financial Markets
Q4-21,2021-01-08,6.2,08-31-2021,ING Financial Markets
Q4-21,2021-02-01,6.2,08-31-2021,ING Financial Markets
Q4-21,2021-02-02,6.2,08-31-2021,ING Financial Markets
Q4-21,2021-03-08,6.2,08-31-2021,ING Financial Markets
Q4-21,2021-04-05,6.3,08-31-2021,ING Financial Markets
Q4-21,2021-04-06,6.3,08-31-2021,ING Financial Markets
Q4-21,2021-04-20,6.3,08-31-2021,ING Financial Markets
Q4-21,2021-05-07,6.3,08-31-2021,ING Financial Markets
Q4-21,2021-06-10,6.3,08-31-2021,ING Financial Markets
Q4-21,2021-08-09,6.7,08-31-2021,ING Financial Markets
Q1-22,2021-03-08,6.15,08-31-2021,ING Financial Markets
Q1-22,2021-04-05,6.25,08-31-2021,ING Financial Markets
Q1-22,2021-04-20,6.25,08-31-2021,ING Financial Markets
Q1-22,2021-05-07,6.25,08-31-2021,ING Financial Markets
Q1-22,2021-06-10,6.25,08-31-2021,ING Financial Markets
Q1-22,2021-08-09,6.78,08-31-2021,ING Financial Markets
Q2-22,2021-06-10,6.2,08-31-2021,ING Financial Markets
Q2-22,2021-08-09,6.7,08-31-2021,ING Financial Markets
2022,2019-12-18,6.75,08-31-2021,ING Financial Markets
2022,2020-07-02,6.75,08-31-2021,ING Financial Markets
2022,2020-08-06,6.7,08-31-2021,ING Financial Markets
2022,2020-09-02,6.7,08-31-2021,ING Financial Markets
2022,2020-09-29,6.7,08-31-2021,ING Financial Markets
2022,2020-10-09,6.7,08-31-2021,ING Financial Markets
2022,2020-11-10,6.5,08-31-2021,ING Financial Markets
2022,2020-12-03,6.5,08-31-2021,ING Financial Markets
2022,2020-12-11,6.5,08-31-2021,ING Financial Markets
2022,2021-01-08,6.0,08-31-2021,ING Financial Markets
2022,2021-02-01,6.0,08-31-2021,ING Financial Markets
2022,2021-02-02,6.0,08-31-2021,ING Financial Markets
2022,2021-03-08,6.0,08-31-2021,ING Financial Markets
2022,2021-04-05,6.1,08-31-2021,ING Financial Markets
2022,2021-04-06,6.1,08-31-2021,ING Financial Markets
2022,2021-04-20,6.1,08-31-2021,ING Financial Markets
2022,2021-05-07,6.1,08-31-2021,ING Financial Markets
2022,2021-06-10,6.15,08-31-2021,ING Financial Markets
2022,2021-06-14,6.1,08-31-2021,ING Financial Markets
2022,2021-08-09,6.4,08-31-2021,ING Financial Markets
2023,2019-12-18,5.9,08-31-2021,ING Financial Markets
2023,2021-04-06,5.9,08-31-2021,ING Financial Markets
2023,2021-04-20,5.9,08-31-2021,ING Financial Markets
2023,2021-05-07,5.9,08-31-2021,ING Financial Markets
2023,2021-06-10,6.1,08-31-2021,ING Financial Markets
2023,2021-06-14,5.9,08-31-2021,ING Financial Markets
2023,2021-08-09,6.2,08-31-2021,ING Financial Markets
Q2-10,2009-11-13,6.78,05-31-2010,ING Financial Markets
Q2-10,2009-11-26,6.81,05-31-2010,ING Financial Markets
Q2-10,2009-12-14,6.81,05-31-2010,ING Financial Markets
Q2-10,2010-01-11,6.81,05-31-2010,ING Financial Markets
Q2-10,2010-05-24,6.62,05-31-2010,ING Financial Markets
Q3-10,2009-11-13,6.622,05-31-2010,ING Financial Markets
Q3-10,2009-11-26,6.716,05-31-2010,ING Financial Markets
Q3-10,2009-12-14,6.716,05-31-2010,ING Financial Markets
Q3-10,2010-01-11,6.72,05-31-2010,ING Financial Markets
Q3-10,2010-05-24,6.62,05-31-2010,ING Financial Markets
Q4-10,2009-01-14,6.85,05-31-2010,ING Financial Markets
Q4-10,2009-01-16,6.85,05-31-2010,ING Financial Markets
Q4-10,2009-02-12,6.85,05-31-2010,ING Financial Markets
Q4-10,2009-03-23,6.85,05-31-2010,ING Financial Markets
Q4-10,2009-05-27,6.78,05-31-2010,ING Financial Markets
Q4-10,2009-11-13,6.588,05-31-2010,ING Financial Markets
Q4-10,2009-11-26,6.622,05-31-2010,ING Financial Markets
Q4-10,2009-12-14,6.622,05-31-2010,ING Financial Markets
Q4-10,2010-01-11,6.62,05-31-2010,ING Financial Markets
Q4-10,2010-05-24,6.62,05-31-2010,ING Financial Markets
Q1-11,2010-05-24,6.62,05-31-2010,ING Financial Markets
2011,2009-01-14,6.85,05-31-2010,ING Financial Markets
2011,2009-01-16,6.85,05-31-2010,ING Financial Markets
2011,2009-02-12,6.85,05-31-2010,ING Financial Markets
2011,2009-03-23,6.85,05-31-2010,ING Financial Markets
2011,2009-05-27,6.78,05-31-2010,ING Financial Markets
2011,2009-11-13,6.458,05-31-2010,ING Financial Markets
2011,2009-11-26,6.49,05-31-2010,ING Financial Markets
2011,2009-12-14,6.49,05-31-2010,ING Financial Markets
2011,2010-01-11,6.49,05-31-2010,ING Financial Markets
2012,2010-01-11,6.49,05-31-2010,ING Financial Markets
Q1-17,2016-04-04,6.45,02-28-2017,ING Financial Markets
Q1-17,2016-05-17,6.53,02-28-2017,ING Financial Markets
Q1-17,2016-07-05,6.71,02-28-2017,ING Financial Markets
Q1-17,2016-08-09,6.72,02-28-2017,ING Financial Markets
Q1-17,2016-09-12,6.7,02-28-2017,ING Financial Markets
Q1-17,2016-10-11,6.7,02-28-2017,ING Financial Markets
Q1-17,2016-11-30,7.2,02-28-2017,ING Financial Markets
Q1-17,2017-02-17,6.86,02-28-2017,ING Financial Markets
Q2-17,2016-07-05,6.72,02-28-2017,ING Financial Markets
Q2-17,2016-08-09,6.72,02-28-2017,ING Financial Markets
Q2-17,2016-09-12,6.71,02-28-2017,ING Financial Markets
Q2-17,2016-10-11,6.71,02-28-2017,ING Financial Markets
Q2-17,2016-11-30,7.0,02-28-2017,ING Financial Markets
Q2-17,2017-02-17,6.83,02-28-2017,ING Financial Markets
Q3-17,2016-09-12,6.72,02-28-2017,ING Financial Markets
Q3-17,2016-10-11,6.72,02-28-2017,ING Financial Markets
Q3-17,2016-11-30,6.85,02-28-2017,ING Financial Markets
Q3-17,2017-02-17,6.8,02-28-2017,ING Financial Markets
Q4-17,2015-04-22,6.1,02-28-2017,ING Financial Markets
Q4-17,2015-05-19,6.1,02-28-2017,ING Financial Markets
Q4-17,2015-06-05,6.1,02-28-2017,ING Financial Markets
Q4-17,2015-06-17,6.1,02-28-2017,ING Financial Markets
Q4-17,2015-07-23,6.1,02-28-2017,ING Financial Markets
Q4-17,2015-08-19,6.2,02-28-2017,ING Financial Markets
Q4-17,2015-09-22,6.5,02-28-2017,ING Financial Markets
Q4-17,2015-12-08,6.2,02-28-2017,ING Financial Markets
Q4-17,2015-12-14,6.4,02-28-2017,ING Financial Markets
Q4-17,2016-04-04,6.35,02-28-2017,ING Financial Markets
Q4-17,2016-05-17,6.5,02-28-2017,ING Financial Markets
Q4-17,2016-07-05,6.72,02-28-2017,ING Financial Markets
Q4-17,2016-08-09,6.72,02-28-2017,ING Financial Markets
Q4-17,2016-09-12,6.72,02-28-2017,ING Financial Markets
Q4-17,2016-10-11,6.72,02-28-2017,ING Financial Markets
Q4-17,2016-11-30,6.8,02-28-2017,ING Financial Markets
Q4-17,2017-02-17,6.75,02-28-2017,ING Financial Markets
2018,2016-07-05,6.7,02-28-2017,ING Financial Markets
2018,2016-08-09,6.7,02-28-2017,ING Financial Markets
2018,2016-09-12,6.7,02-28-2017,ING Financial Markets
2018,2016-10-11,6.7,02-28-2017,ING Financial Markets
2018,2017-02-17,6.5,02-28-2017,ING Financial Markets
Q3-10,2009-11-13,6.622,08-31-2010,ING Financial Markets
Q3-10,2009-11-26,6.716,08-31-2010,ING Financial Markets
Q3-10,2009-12-14,6.716,08-31-2010,ING Financial Markets
Q3-10,2010-01-11,6.72,08-31-2010,ING Financial Markets
Q3-10,2010-05-24,6.62,08-31-2010,ING Financial Markets
Q3-10,2010-06-22,6.79,08-31-2010,ING Financial Markets
Q4-10,2009-01-14,6.85,08-31-2010,ING Financial Markets
Q4-10,2009-01-16,6.85,08-31-2010,ING Financial Markets
Q4-10,2009-02-12,6.85,08-31-2010,ING Financial Markets
Q4-10,2009-03-23,6.85,08-31-2010,ING Financial Markets
Q4-10,2009-05-27,6.78,08-31-2010,ING Financial Markets
Q4-10,2009-11-13,6.588,08-31-2010,ING Financial Markets
Q4-10,2009-11-26,6.622,08-31-2010,ING Financial Markets
Q4-10,2009-12-14,6.622,08-31-2010,ING Financial Markets
Q4-10,2010-01-11,6.62,08-31-2010,ING Financial Markets
Q4-10,2010-05-24,6.62,08-31-2010,ING Financial Markets
Q4-10,2010-06-22,6.75,08-31-2010,ING Financial Markets
Q1-11,2010-05-24,6.62,08-31-2010,ING Financial Markets
Q1-11,2010-06-22,6.72,08-31-2010,ING Financial Markets
Q2-11,2010-06-22,6.68,08-31-2010,ING Financial Markets
2011,2009-01-14,6.85,08-31-2010,ING Financial Markets
2011,2009-01-16,6.85,08-31-2010,ING Financial Markets
2011,2009-02-12,6.85,08-31-2010,ING Financial Markets
2011,2009-03-23,6.85,08-31-2010,ING Financial Markets
2011,2009-05-27,6.78,08-31-2010,ING Financial Markets
2011,2009-11-13,6.458,08-31-2010,ING Financial Markets
2011,2009-11-26,6.49,08-31-2010,ING Financial Markets
2011,2009-12-14,6.49,08-31-2010,ING Financial Markets
2011,2010-01-11,6.49,08-31-2010,ING Financial Markets
2011,2010-06-22,6.62,08-31-2010,ING Financial Markets
2012,2010-01-11,6.49,08-31-2010,ING Financial Markets
2012,2010-06-22,6.49,08-31-2010,ING Financial Markets
Q3-06,2006-04-18,7.85,08-31-2006,ING Financial Markets
Q3-06,2006-06-13,7.85,08-31-2006,ING Financial Markets
Q4-06,2006-04-18,7.75,08-31-2006,ING Financial Markets
Q4-06,2006-06-13,7.75,08-31-2006,ING Financial Markets
Q1-07,2006-06-13,7.75,08-31-2006,ING Financial Markets
Q2-07,2006-06-13,7.75,08-31-2006,ING Financial Markets
2007,2006-04-18,7.75,08-31-2006,ING Financial Markets
2007,2006-06-13,7.75,08-31-2006,ING Financial Markets
2008,2006-04-18,7.75,08-31-2006,ING Financial Markets
2008,2006-06-13,7.75,08-31-2006,ING Financial Markets
Q2-21,2020-06-19,7.0,05-31-2021,ING Financial Markets
Q2-21,2020-07-02,7.0,05-31-2021,ING Financial Markets
Q2-21,2020-08-06,6.87,05-31-2021,ING Financial Markets
Q2-21,2020-09-02,6.68,05-31-2021,ING Financial Markets
Q2-21,2020-09-29,6.68,05-31-2021,ING Financial Markets
Q2-21,2020-10-09,6.68,05-31-2021,ING Financial Markets
Q2-21,2020-11-10,6.5,05-31-2021,ING Financial Markets
Q2-21,2020-11-30,6.5,05-31-2021,ING Financial Markets
Q2-21,2020-12-03,6.5,05-31-2021,ING Financial Markets
Q2-21,2020-12-11,6.5,05-31-2021,ING Financial Markets
Q2-21,2021-01-08,6.3,05-31-2021,ING Financial Markets
Q2-21,2021-02-01,6.3,05-31-2021,ING Financial Markets
Q2-21,2021-02-02,6.3,05-31-2021,ING Financial Markets
Q2-21,2021-03-08,6.3,05-31-2021,ING Financial Markets
Q2-21,2021-04-05,6.48,05-31-2021,ING Financial Markets
Q2-21,2021-04-06,6.48,05-31-2021,ING Financial Markets
Q2-21,2021-04-20,6.48,05-31-2021,ING Financial Markets
Q2-21,2021-05-07,6.48,05-31-2021,ING Financial Markets
Q3-21,2020-09-02,6.7,05-31-2021,ING Financial Markets
Q3-21,2020-09-29,6.7,05-31-2021,ING Financial Markets
Q3-21,2020-10-09,6.7,05-31-2021,ING Financial Markets
Q3-21,2020-11-10,6.45,05-31-2021,ING Financial Markets
Q3-21,2020-11-30,6.45,05-31-2021,ING Financial Markets
Q3-21,2020-12-03,6.45,05-31-2021,ING Financial Markets
Q3-21,2020-12-11,6.45,05-31-2021,ING Financial Markets
Q3-21,2021-01-08,6.25,05-31-2021,ING Financial Markets
Q3-21,2021-02-01,6.25,05-31-2021,ING Financial Markets
Q3-21,2021-02-02,6.25,05-31-2021,ING Financial Markets
Q3-21,2021-03-08,6.25,05-31-2021,ING Financial Markets
Q3-21,2021-04-05,6.4,05-31-2021,ING Financial Markets
Q3-21,2021-04-06,6.4,05-31-2021,ING Financial Markets
Q3-21,2021-04-20,6.4,05-31-2021,ING Financial Markets
Q3-21,2021-05-07,6.4,05-31-2021,ING Financial Markets
Q4-21,2019-07-04,6.7,05-31-2021,ING Financial Markets
Q4-21,2019-08-20,6.9,05-31-2021,ING Financial Markets
Q4-21,2019-08-27,7.2,05-31-2021,ING Financial Markets
Q4-21,2019-09-06,7.2,05-31-2021,ING Financial Markets
Q4-21,2019-09-20,7.2,05-31-2021,ING Financial Markets
Q4-21,2019-10-07,7.2,05-31-2021,ING Financial Markets
Q4-21,2019-11-08,6.7,05-31-2021,ING Financial Markets
Q4-21,2019-11-13,6.7,05-31-2021,ING Financial Markets
Q4-21,2019-12-18,6.7,05-31-2021,ING Financial Markets
Q4-21,2020-01-08,6.7,05-31-2021,ING Financial Markets
Q4-21,2020-01-09,6.7,05-31-2021,ING Financial Markets
Q4-21,2020-01-13,6.7,05-31-2021,ING Financial Markets
Q4-21,2020-02-12,6.5,05-31-2021,ING Financial Markets
Q4-21,2020-02-13,6.5,05-31-2021,ING Financial Markets
Q4-21,2020-03-09,6.5,05-31-2021,ING Financial Markets
Q4-21,2020-03-17,6.5,05-31-2021,ING Financial Markets
Q4-21,2020-04-07,6.5,05-31-2021,ING Financial Markets
Q4-21,2020-05-15,6.5,05-31-2021,ING Financial Markets
Q4-21,2020-05-18,6.5,05-31-2021,ING Financial Markets
Q4-21,2020-06-19,6.9,05-31-2021,ING Financial Markets
Q4-21,2020-07-02,6.9,05-31-2021,ING Financial Markets
Q4-21,2020-08-06,6.8,05-31-2021,ING Financial Markets
Q4-21,2020-09-02,6.73,05-31-2021,ING Financial Markets
Q4-21,2020-09-29,6.73,05-31-2021,ING Financial Markets
Q4-21,2020-10-09,6.73,05-31-2021,ING Financial Markets
Q4-21,2020-11-10,6.3,05-31-2021,ING Financial Markets
Q4-21,2020-11-30,6.3,05-31-2021,ING Financial Markets
Q4-21,2020-12-03,6.3,05-31-2021,ING Financial Markets
Q4-21,2020-12-11,6.3,05-31-2021,ING Financial Markets
Q4-21,2021-01-08,6.2,05-31-2021,ING Financial Markets
Q4-21,2021-02-01,6.2,05-31-2021,ING Financial Markets
Q4-21,2021-02-02,6.2,05-31-2021,ING Financial Markets
Q4-21,2021-03-08,6.2,05-31-2021,ING Financial Markets
Q4-21,2021-04-05,6.3,05-31-2021,ING Financial Markets
Q4-21,2021-04-06,6.3,05-31-2021,ING Financial Markets
Q4-21,2021-04-20,6.3,05-31-2021,ING Financial Markets
Q4-21,2021-05-07,6.3,05-31-2021,ING Financial Markets
Q1-22,2021-03-08,6.15,05-31-2021,ING Financial Markets
Q1-22,2021-04-05,6.25,05-31-2021,ING Financial Markets
Q1-22,2021-04-20,6.25,05-31-2021,ING Financial Markets
Q1-22,2021-05-07,6.25,05-31-2021,ING Financial Markets
2022,2019-12-18,6.75,05-31-2021,ING Financial Markets
2022,2020-07-02,6.75,05-31-2021,ING Financial Markets
2022,2020-08-06,6.7,05-31-2021,ING Financial Markets
2022,2020-09-02,6.7,05-31-2021,ING Financial Markets
2022,2020-09-29,6.7,05-31-2021,ING Financial Markets
2022,2020-10-09,6.7,05-31-2021,ING Financial Markets
2022,2020-11-10,6.5,05-31-2021,ING Financial Markets
2022,2020-12-03,6.5,05-31-2021,ING Financial Markets
2022,2020-12-11,6.5,05-31-2021,ING Financial Markets
2022,2021-01-08,6.0,05-31-2021,ING Financial Markets
2022,2021-02-01,6.0,05-31-2021,ING Financial Markets
2022,2021-02-02,6.0,05-31-2021,ING Financial Markets
2022,2021-03-08,6.0,05-31-2021,ING Financial Markets
2022,2021-04-05,6.1,05-31-2021,ING Financial Markets
2022,2021-04-06,6.1,05-31-2021,ING Financial Markets
2022,2021-04-20,6.1,05-31-2021,ING Financial Markets
2022,2021-05-07,6.1,05-31-2021,ING Financial Markets
2023,2019-12-18,5.9,05-31-2021,ING Financial Markets
2023,2021-04-06,5.9,05-31-2021,ING Financial Markets
2023,2021-04-20,5.9,05-31-2021,ING Financial Markets
2023,2021-05-07,5.9,05-31-2021,ING Financial Markets
Q2-17,2016-07-05,6.72,05-31-2017,ING Financial Markets
Q2-17,2016-08-09,6.72,05-31-2017,ING Financial Markets
Q2-17,2016-09-12,6.71,05-31-2017,ING Financial Markets
Q2-17,2016-10-11,6.71,05-31-2017,ING Financial Markets
Q2-17,2016-11-30,7.0,05-31-2017,ING Financial Markets
Q2-17,2017-02-17,6.83,05-31-2017,ING Financial Markets
Q2-17,2017-03-10,6.86,05-31-2017,ING Financial Markets
Q2-17,2017-04-07,6.86,05-31-2017,ING Financial Markets
Q2-17,2017-04-12,6.86,05-31-2017,ING Financial Markets
Q2-17,2017-05-08,6.86,05-31-2017,ING Financial Markets
Q2-17,2017-05-16,6.86,05-31-2017,ING Financial Markets
Q3-17,2016-09-12,6.72,05-31-2017,ING Financial Markets
Q3-17,2016-10-11,6.72,05-31-2017,ING Financial Markets
Q3-17,2016-11-30,6.85,05-31-2017,ING Financial Markets
Q3-17,2017-02-17,6.8,05-31-2017,ING Financial Markets
Q3-17,2017-03-10,6.83,05-31-2017,ING Financial Markets
Q3-17,2017-04-07,6.83,05-31-2017,ING Financial Markets
Q3-17,2017-04-12,6.83,05-31-2017,ING Financial Markets
Q3-17,2017-05-08,6.83,05-31-2017,ING Financial Markets
Q3-17,2017-05-16,6.83,05-31-2017,ING Financial Markets
Q4-17,2015-06-05,6.1,05-31-2017,ING Financial Markets
Q4-17,2015-06-17,6.1,05-31-2017,ING Financial Markets
Q4-17,2015-07-23,6.1,05-31-2017,ING Financial Markets
Q4-17,2015-08-19,6.2,05-31-2017,ING Financial Markets
Q4-17,2015-09-22,6.5,05-31-2017,ING Financial Markets
Q4-17,2015-12-08,6.2,05-31-2017,ING Financial Markets
Q4-17,2015-12-14,6.4,05-31-2017,ING Financial Markets
Q4-17,2016-04-04,6.35,05-31-2017,ING Financial Markets
Q4-17,2016-05-17,6.5,05-31-2017,ING Financial Markets
Q4-17,2016-07-05,6.72,05-31-2017,ING Financial Markets
Q4-17,2016-08-09,6.72,05-31-2017,ING Financial Markets
Q4-17,2016-09-12,6.72,05-31-2017,ING Financial Markets
Q4-17,2016-10-11,6.72,05-31-2017,ING Financial Markets
Q4-17,2016-11-30,6.8,05-31-2017,ING Financial Markets
Q4-17,2017-02-17,6.75,05-31-2017,ING Financial Markets
Q4-17,2017-03-10,6.78,05-31-2017,ING Financial Markets
Q4-17,2017-04-07,6.78,05-31-2017,ING Financial Markets
Q4-17,2017-04-12,6.78,05-31-2017,ING Financial Markets
Q4-17,2017-05-08,6.79,05-31-2017,ING Financial Markets
Q4-17,2017-05-16,6.79,05-31-2017,ING Financial Markets
Q1-18,2017-03-10,6.75,05-31-2017,ING Financial Markets
Q1-18,2017-04-07,6.75,05-31-2017,ING Financial Markets
Q1-18,2017-04-12,6.75,05-31-2017,ING Financial Markets
Q1-18,2017-05-08,6.75,05-31-2017,ING Financial Markets
Q1-18,2017-05-16,6.75,05-31-2017,ING Financial Markets
2018,2016-07-05,6.7,05-31-2017,ING Financial Markets
2018,2016-08-09,6.7,05-31-2017,ING Financial Markets
2018,2016-09-12,6.7,05-31-2017,ING Financial Markets
2018,2016-10-11,6.7,05-31-2017,ING Financial Markets
2018,2017-02-17,6.5,05-31-2017,ING Financial Markets
2018,2017-03-10,6.6,05-31-2017,ING Financial Markets
2018,2017-04-07,6.6,05-31-2017,ING Financial Markets
2018,2017-04-12,6.6,05-31-2017,ING Financial Markets
2018,2017-05-08,6.6,05-31-2017,ING Financial Markets
2018,2017-05-16,6.6,05-31-2017,ING Financial Markets
Q4-06,2006-04-18,7.75,11-30-2006,ING Financial Markets
Q4-06,2006-06-13,7.75,11-30-2006,ING Financial Markets
Q4-06,2006-09-15,7.75,11-30-2006,ING Financial Markets
Q4-06,2006-10-09,7.78,11-30-2006,ING Financial Markets
Q4-06,2006-11-16,7.78,11-30-2006,ING Financial Markets
Q4-06,2006-11-28,7.75,11-30-2006,ING Financial Markets
Q1-07,2006-06-13,7.75,11-30-2006,ING Financial Markets
Q1-07,2006-09-15,7.75,11-30-2006,ING Financial Markets
Q1-07,2006-10-09,7.75,11-30-2006,ING Financial Markets
Q1-07,2006-11-16,7.75,11-30-2006,ING Financial Markets
Q1-07,2006-11-28,7.75,11-30-2006,ING Financial Markets
Q2-07,2006-06-13,7.75,11-30-2006,ING Financial Markets
Q2-07,2006-09-15,7.75,11-30-2006,ING Financial Markets
Q2-07,2006-10-09,7.72,11-30-2006,ING Financial Markets
Q2-07,2006-11-16,7.72,11-30-2006,ING Financial Markets
Q2-07,2006-11-28,7.75,11-30-2006,ING Financial Markets
Q3-07,2006-09-15,7.75,11-30-2006,ING Financial Markets
Q3-07,2006-10-09,7.67,11-30-2006,ING Financial Markets
Q3-07,2006-11-16,7.67,11-30-2006,ING Financial Markets
Q3-07,2006-11-28,7.7,11-30-2006,ING Financial Markets
2007,2006-04-18,7.75,11-30-2006,ING Financial Markets
2007,2006-06-13,7.75,11-30-2006,ING Financial Markets
2007,2006-09-15,7.75,11-30-2006,ING Financial Markets
2007,2006-11-28,7.65,11-30-2006,ING Financial Markets
2008,2006-04-18,7.75,11-30-2006,ING Financial Markets
2008,2006-06-13,7.75,11-30-2006,ING Financial Markets
2008,2006-09-15,7.75,11-30-2006,ING Financial Markets
2008,2006-11-28,7.5,11-30-2006,ING Financial Markets
Q1-21,2020-03-09,6.8,02-28-2021,ING Financial Markets
Q1-21,2020-03-17,6.8,02-28-2021,ING Financial Markets
Q1-21,2020-04-07,6.8,02-28-2021,ING Financial Markets
Q1-21,2020-05-15,6.8,02-28-2021,ING Financial Markets
Q1-21,2020-05-18,6.8,02-28-2021,ING Financial Markets
Q1-21,2020-06-19,7.03,02-28-2021,ING Financial Markets
Q1-21,2020-07-02,7.03,02-28-2021,ING Financial Markets
Q1-21,2020-08-06,6.93,02-28-2021,ING Financial Markets
Q1-21,2020-09-02,6.65,02-28-2021,ING Financial Markets
Q1-21,2020-09-29,6.65,02-28-2021,ING Financial Markets
Q1-21,2020-10-09,6.65,02-28-2021,ING Financial Markets
Q1-21,2020-11-10,6.6,02-28-2021,ING Financial Markets
Q1-21,2020-11-30,6.6,02-28-2021,ING Financial Markets
Q1-21,2020-12-03,6.6,02-28-2021,ING Financial Markets
Q1-21,2020-12-11,6.6,02-28-2021,ING Financial Markets
Q1-21,2021-01-08,6.4,02-28-2021,ING Financial Markets
Q1-21,2021-02-01,6.4,02-28-2021,ING Financial Markets
Q1-21,2021-02-02,6.4,02-28-2021,ING Financial Markets
Q2-21,2020-06-19,7.0,02-28-2021,ING Financial Markets
Q2-21,2020-07-02,7.0,02-28-2021,ING Financial Markets
Q2-21,2020-08-06,6.87,02-28-2021,ING Financial Markets
Q2-21,2020-09-02,6.68,02-28-2021,ING Financial Markets
Q2-21,2020-09-29,6.68,02-28-2021,ING Financial Markets
Q2-21,2020-10-09,6.68,02-28-2021,ING Financial Markets
Q2-21,2020-11-10,6.5,02-28-2021,ING Financial Markets
Q2-21,2020-11-30,6.5,02-28-2021,ING Financial Markets
Q2-21,2020-12-03,6.5,02-28-2021,ING Financial Markets
Q2-21,2020-12-11,6.5,02-28-2021,ING Financial Markets
Q2-21,2021-01-08,6.3,02-28-2021,ING Financial Markets
Q2-21,2021-02-01,6.3,02-28-2021,ING Financial Markets
Q2-21,2021-02-02,6.3,02-28-2021,ING Financial Markets
Q3-21,2020-09-02,6.7,02-28-2021,ING Financial Markets
Q3-21,2020-09-29,6.7,02-28-2021,ING Financial Markets
Q3-21,2020-10-09,6.7,02-28-2021,ING Financial Markets
Q3-21,2020-11-10,6.45,02-28-2021,ING Financial Markets
Q3-21,2020-11-30,6.45,02-28-2021,ING Financial Markets
Q3-21,2020-12-03,6.45,02-28-2021,ING Financial Markets
Q3-21,2020-12-11,6.45,02-28-2021,ING Financial Markets
Q3-21,2021-01-08,6.25,02-28-2021,ING Financial Markets
Q3-21,2021-02-01,6.25,02-28-2021,ING Financial Markets
Q3-21,2021-02-02,6.25,02-28-2021,ING Financial Markets
Q4-21,2019-07-04,6.7,02-28-2021,ING Financial Markets
Q4-21,2019-08-20,6.9,02-28-2021,ING Financial Markets
Q4-21,2019-08-27,7.2,02-28-2021,ING Financial Markets
Q4-21,2019-09-06,7.2,02-28-2021,ING Financial Markets
Q4-21,2019-09-20,7.2,02-28-2021,ING Financial Markets
Q4-21,2019-10-07,7.2,02-28-2021,ING Financial Markets
Q4-21,2019-11-08,6.7,02-28-2021,ING Financial Markets
Q4-21,2019-11-13,6.7,02-28-2021,ING Financial Markets
Q4-21,2019-12-18,6.7,02-28-2021,ING Financial Markets
Q4-21,2020-01-08,6.7,02-28-2021,ING Financial Markets
Q4-21,2020-01-09,6.7,02-28-2021,ING Financial Markets
Q4-21,2020-01-13,6.7,02-28-2021,ING Financial Markets
Q4-21,2020-02-12,6.5,02-28-2021,ING Financial Markets
Q4-21,2020-02-13,6.5,02-28-2021,ING Financial Markets
Q4-21,2020-03-09,6.5,02-28-2021,ING Financial Markets
Q4-21,2020-03-17,6.5,02-28-2021,ING Financial Markets
Q4-21,2020-04-07,6.5,02-28-2021,ING Financial Markets
Q4-21,2020-05-15,6.5,02-28-2021,ING Financial Markets
Q4-21,2020-05-18,6.5,02-28-2021,ING Financial Markets
Q4-21,2020-06-19,6.9,02-28-2021,ING Financial Markets
Q4-21,2020-07-02,6.9,02-28-2021,ING Financial Markets
Q4-21,2020-08-06,6.8,02-28-2021,ING Financial Markets
Q4-21,2020-09-02,6.73,02-28-2021,ING Financial Markets
Q4-21,2020-09-29,6.73,02-28-2021,ING Financial Markets
Q4-21,2020-10-09,6.73,02-28-2021,ING Financial Markets
Q4-21,2020-11-10,6.3,02-28-2021,ING Financial Markets
Q4-21,2020-11-30,6.3,02-28-2021,ING Financial Markets
Q4-21,2020-12-03,6.3,02-28-2021,ING Financial Markets
Q4-21,2020-12-11,6.3,02-28-2021,ING Financial Markets
Q4-21,2021-01-08,6.2,02-28-2021,ING Financial Markets
Q4-21,2021-02-01,6.2,02-28-2021,ING Financial Markets
Q4-21,2021-02-02,6.2,02-28-2021,ING Financial Markets
2022,2019-07-04,6.7,02-28-2021,ING Financial Markets
2022,2019-08-20,6.9,02-28-2021,ING Financial Markets
2022,2019-08-27,7.2,02-28-2021,ING Financial Markets
2022,2019-09-06,7.2,02-28-2021,ING Financial Markets
2022,2019-09-20,7.2,02-28-2021,ING Financial Markets
2022,2019-10-07,7.2,02-28-2021,ING Financial Markets
2022,2019-11-08,6.7,02-28-2021,ING Financial Markets
2022,2019-11-13,6.7,02-28-2021,ING Financial Markets
2022,2019-12-18,6.7,02-28-2021,ING Financial Markets
2022,2020-01-08,6.7,02-28-2021,ING Financial Markets
2022,2020-01-09,6.7,02-28-2021,ING Financial Markets
2022,2020-01-13,6.7,02-28-2021,ING Financial Markets
2022,2020-02-12,6.5,02-28-2021,ING Financial Markets
2022,2020-02-13,6.5,02-28-2021,ING Financial Markets
2022,2020-03-09,6.5,02-28-2021,ING Financial Markets
2022,2020-03-17,6.5,02-28-2021,ING Financial Markets
2022,2020-04-07,6.5,02-28-2021,ING Financial Markets
2022,2020-05-15,6.5,02-28-2021,ING Financial Markets
2022,2020-05-18,6.5,02-28-2021,ING Financial Markets
2022,2020-06-19,6.9,02-28-2021,ING Financial Markets
2022,2020-07-02,6.9,02-28-2021,ING Financial Markets
2022,2020-08-06,6.8,02-28-2021,ING Financial Markets
2022,2020-09-02,6.73,02-28-2021,ING Financial Markets
2022,2020-09-29,6.73,02-28-2021,ING Financial Markets
2022,2020-10-09,6.73,02-28-2021,ING Financial Markets
2022,2020-11-10,6.3,02-28-2021,ING Financial Markets
2022,2020-11-30,6.3,02-28-2021,ING Financial Markets
2022,2020-12-03,6.3,02-28-2021,ING Financial Markets
2022,2020-12-11,6.3,02-28-2021,ING Financial Markets
2022,2021-01-08,6.2,02-28-2021,ING Financial Markets
2022,2021-02-01,6.2,02-28-2021,ING Financial Markets
2022,2021-02-02,6.2,02-28-2021,ING Financial Markets
Q4-10,2009-01-14,6.85,11-30-2010,ING Financial Markets
Q4-10,2009-01-16,6.85,11-30-2010,ING Financial Markets
Q4-10,2009-02-12,6.85,11-30-2010,ING Financial Markets
Q4-10,2009-03-23,6.85,11-30-2010,ING Financial Markets
Q4-10,2009-05-27,6.78,11-30-2010,ING Financial Markets
Q4-10,2009-11-13,6.588,11-30-2010,ING Financial Markets
Q4-10,2009-11-26,6.622,11-30-2010,ING Financial Markets
Q4-10,2009-12-14,6.622,11-30-2010,ING Financial Markets
Q4-10,2010-01-11,6.62,11-30-2010,ING Financial Markets
Q4-10,2010-05-24,6.62,11-30-2010,ING Financial Markets
Q4-10,2010-06-22,6.75,11-30-2010,ING Financial Markets
Q1-11,2010-05-24,6.62,11-30-2010,ING Financial Markets
Q1-11,2010-06-22,6.72,11-30-2010,ING Financial Markets
Q2-11,2010-06-22,6.68,11-30-2010,ING Financial Markets
2011,2009-01-14,6.85,11-30-2010,ING Financial Markets
2011,2009-01-16,6.85,11-30-2010,ING Financial Markets
2011,2009-02-12,6.85,11-30-2010,ING Financial Markets
2011,2009-03-23,6.85,11-30-2010,ING Financial Markets
2011,2009-05-27,6.78,11-30-2010,ING Financial Markets
2011,2009-11-13,6.458,11-30-2010,ING Financial Markets
2011,2009-11-26,6.49,11-30-2010,ING Financial Markets
2011,2009-12-14,6.49,11-30-2010,ING Financial Markets
2011,2010-01-11,6.49,11-30-2010,ING Financial Markets
2011,2010-06-22,6.62,11-30-2010,ING Financial Markets
2012,2010-01-11,6.49,11-30-2010,ING Financial Markets
2012,2010-06-22,6.49,11-30-2010,ING Financial Markets
Q4-11,2009-12-14,6.49,11-30-2011,ING Financial Markets
Q4-11,2010-01-11,6.49,11-30-2011,ING Financial Markets
Q4-11,2010-06-22,6.62,11-30-2011,ING Financial Markets
Q4-11,2010-12-14,6.46,11-30-2011,ING Financial Markets
Q4-11,2011-01-10,6.13,11-30-2011,ING Financial Markets
Q4-11,2011-01-14,6.35,11-30-2011,ING Financial Markets
Q4-11,2011-02-21,6.35,11-30-2011,ING Financial Markets
Q4-11,2011-04-01,6.45,11-30-2011,ING Financial Markets
Q4-11,2011-04-13,6.44,11-30-2011,ING Financial Markets
Q4-11,2011-05-24,6.41,11-30-2011,ING Financial Markets
Q4-11,2011-06-20,6.42,11-30-2011,ING Financial Markets
Q4-11,2011-10-14,6.38,11-30-2011,ING Financial Markets
Q4-11,2011-11-11,6.31,11-30-2011,ING Financial Markets
Q1-12,2011-01-10,6.13,11-30-2011,ING Financial Markets
Q1-12,2011-01-14,6.3,11-30-2011,ING Financial Markets
Q1-12,2011-02-21,6.3,11-30-2011,ING Financial Markets
Q1-12,2011-04-01,6.4,11-30-2011,ING Financial Markets
Q1-12,2011-04-13,6.4,11-30-2011,ING Financial Markets
Q1-12,2011-05-24,6.38,11-30-2011,ING Financial Markets
Q1-12,2011-06-20,6.39,11-30-2011,ING Financial Markets
Q1-12,2011-10-14,6.36,11-30-2011,ING Financial Markets
Q1-12,2011-11-11,6.27,11-30-2011,ING Financial Markets
Q2-12,2011-06-20,6.36,11-30-2011,ING Financial Markets
Q2-12,2011-10-14,6.35,11-30-2011,ING Financial Markets
Q2-12,2011-11-11,6.22,11-30-2011,ING Financial Markets
Q3-12,2011-10-14,6.34,11-30-2011,ING Financial Markets
Q3-12,2011-11-11,6.17,11-30-2011,ING Financial Markets
2012,2010-01-11,6.49,11-30-2011,ING Financial Markets
2012,2010-06-22,6.49,11-30-2011,ING Financial Markets
2012,2010-12-14,6.35,11-30-2011,ING Financial Markets
2012,2011-01-10,6.0,11-30-2011,ING Financial Markets
2012,2011-01-14,6.16,11-30-2011,ING Financial Markets
2012,2011-02-21,6.16,11-30-2011,ING Financial Markets
2012,2011-04-01,6.26,11-30-2011,ING Financial Markets
2012,2011-04-13,6.28,11-30-2011,ING Financial Markets
2012,2011-06-20,6.29,11-30-2011,ING Financial Markets
2012,2011-10-14,6.32,11-30-2011,ING Financial Markets
2012,2011-11-11,6.15,11-30-2011,ING Financial Markets
2013,2010-12-14,6.1,11-30-2011,ING Financial Markets
2013,2011-04-13,6.28,11-30-2011,ING Financial Markets
2013,2011-06-20,6.17,11-30-2011,ING Financial Markets
2013,2011-10-14,6.19,11-30-2011,ING Financial Markets
2013,2011-11-11,6.0,11-30-2011,ING Financial Markets
Q1-20,2018-07-05,6.5,02-28-2020,ING Financial Markets
Q1-20,2018-07-24,6.5,02-28-2020,ING Financial Markets
Q1-20,2018-09-10,6.5,02-28-2020,ING Financial Markets
Q1-20,2018-10-15,6.8,02-28-2020,ING Financial Markets
Q1-20,2018-11-13,7.3,02-28-2020,ING Financial Markets
Q1-20,2019-01-09,7.3,02-28-2020,ING Financial Markets
Q1-20,2019-03-18,6.7,02-28-2020,ING Financial Markets
Q1-20,2019-04-12,6.7,02-28-2020,ING Financial Markets
Q1-20,2019-04-30,6.7,02-28-2020,ING Financial Markets
Q1-20,2019-06-14,6.9,02-28-2020,ING Financial Markets
Q1-20,2019-06-17,6.9,02-28-2020,ING Financial Markets
Q1-20,2019-07-04,6.9,02-28-2020,ING Financial Markets
Q1-20,2019-08-20,7.1,02-28-2020,ING Financial Markets
Q1-20,2019-08-27,7.23,02-28-2020,ING Financial Markets
Q1-20,2019-09-06,7.23,02-28-2020,ING Financial Markets
Q1-20,2019-09-20,7.23,02-28-2020,ING Financial Markets
Q1-20,2019-10-07,7.23,02-28-2020,ING Financial Markets
Q1-20,2019-11-08,7.05,02-28-2020,ING Financial Markets
Q1-20,2019-11-13,7.05,02-28-2020,ING Financial Markets
Q1-20,2019-12-18,7.05,02-28-2020,ING Financial Markets
Q1-20,2020-01-08,7.05,02-28-2020,ING Financial Markets
Q1-20,2020-01-09,7.1,02-28-2020,ING Financial Markets
Q1-20,2020-01-13,7.1,02-28-2020,ING Financial Markets
Q1-20,2020-02-12,7.05,02-28-2020,ING Financial Markets
Q1-20,2020-02-13,7.05,02-28-2020,ING Financial Markets
Q2-20,2018-07-05,6.4,02-28-2020,ING Financial Markets
Q2-20,2018-07-25,6.4,02-28-2020,ING Financial Markets
Q2-20,2018-09-10,6.4,02-28-2020,ING Financial Markets
Q2-20,2018-10-15,6.6,02-28-2020,ING Financial Markets
Q2-20,2019-01-09,7.2,02-28-2020,ING Financial Markets
Q2-20,2019-06-14,6.85,02-28-2020,ING Financial Markets
Q2-20,2019-06-17,6.85,02-28-2020,ING Financial Markets
Q2-20,2019-07-04,6.85,02-28-2020,ING Financial Markets
Q2-20,2019-08-20,7.05,02-28-2020,ING Financial Markets
Q2-20,2019-08-27,7.28,02-28-2020,ING Financial Markets
Q2-20,2019-09-06,7.28,02-28-2020,ING Financial Markets
Q2-20,2019-09-20,7.28,02-28-2020,ING Financial Markets
Q2-20,2019-10-07,7.28,02-28-2020,ING Financial Markets
Q2-20,2019-11-08,7.0,02-28-2020,ING Financial Markets
Q2-20,2019-11-13,7.0,02-28-2020,ING Financial Markets
Q2-20,2019-12-18,7.0,02-28-2020,ING Financial Markets
Q2-20,2020-01-08,7.0,02-28-2020,ING Financial Markets
Q2-20,2020-01-09,7.0,02-28-2020,ING Financial Markets
Q2-20,2020-01-13,7.0,02-28-2020,ING Financial Markets
Q2-20,2020-02-12,7.0,02-28-2020,ING Financial Markets
Q2-20,2020-02-13,7.0,02-28-2020,ING Financial Markets
Q3-20,2018-07-05,6.4,02-28-2020,ING Financial Markets
Q3-20,2018-07-25,6.4,02-28-2020,ING Financial Markets
Q3-20,2018-09-10,6.4,02-28-2020,ING Financial Markets
Q3-20,2018-10-15,6.4,02-28-2020,ING Financial Markets
Q3-20,2019-01-09,7.1,02-28-2020,ING Financial Markets
Q3-20,2019-09-06,7.3,02-28-2020,ING Financial Markets
Q3-20,2019-09-20,7.3,02-28-2020,ING Financial Markets
Q3-20,2019-11-08,6.95,02-28-2020,ING Financial Markets
Q3-20,2019-11-13,6.95,02-28-2020,ING Financial Markets
Q3-20,2019-12-18,6.95,02-28-2020,ING Financial Markets
Q3-20,2020-01-08,6.95,02-28-2020,ING Financial Markets
Q3-20,2020-01-09,7.0,02-28-2020,ING Financial Markets
Q3-20,2020-01-13,7.0,02-28-2020,ING Financial Markets
Q3-20,2020-02-12,6.95,02-28-2020,ING Financial Markets
Q3-20,2020-02-13,6.95,02-28-2020,ING Financial Markets
Q4-20,2018-07-25,6.3,02-28-2020,ING Financial Markets
Q4-20,2018-09-10,6.3,02-28-2020,ING Financial Markets
Q4-20,2018-10-15,6.3,02-28-2020,ING Financial Markets
Q4-20,2018-12-03,7.3,02-28-2020,ING Financial Markets
Q4-20,2018-12-10,7.0,02-28-2020,ING Financial Markets
Q4-20,2019-01-11,7.0,02-28-2020,ING Financial Markets
Q4-20,2019-02-14,6.7,02-28-2020,ING Financial Markets
Q4-20,2019-03-18,6.7,02-28-2020,ING Financial Markets
Q4-20,2019-03-19,6.7,02-28-2020,ING Financial Markets
Q4-20,2019-04-12,6.7,02-28-2020,ING Financial Markets
Q4-20,2019-04-30,6.7,02-28-2020,ING Financial Markets
Q4-20,2019-05-14,6.7,02-28-2020,ING Financial Markets
Q4-20,2019-06-14,6.75,02-28-2020,ING Financial Markets
Q4-20,2019-06-17,6.75,02-28-2020,ING Financial Markets
Q4-20,2019-07-04,6.75,02-28-2020,ING Financial Markets
Q4-20,2019-08-20,7.0,02-28-2020,ING Financial Markets
Q4-20,2019-08-27,7.3,02-28-2020,ING Financial Markets
Q4-20,2019-09-06,7.3,02-28-2020,ING Financial Markets
Q4-20,2019-09-20,7.3,02-28-2020,ING Financial Markets
Q4-20,2019-10-07,7.3,02-28-2020,ING Financial Markets
Q4-20,2019-11-08,6.85,02-28-2020,ING Financial Markets
Q4-20,2019-11-13,6.85,02-28-2020,ING Financial Markets
Q4-20,2019-12-18,6.85,02-28-2020,ING Financial Markets
Q4-20,2020-01-08,6.85,02-28-2020,ING Financial Markets
Q4-20,2020-01-09,6.9,02-28-2020,ING Financial Markets
Q4-20,2020-01-13,6.9,02-28-2020,ING Financial Markets
Q4-20,2020-02-12,6.85,02-28-2020,ING Financial Markets
Q4-20,2020-02-13,6.85,02-28-2020,ING Financial Markets
2021,2018-12-03,7.0,02-28-2020,ING Financial Markets
2021,2019-07-04,6.7,02-28-2020,ING Financial Markets
2021,2019-08-20,6.9,02-28-2020,ING Financial Markets
2021,2019-08-27,7.2,02-28-2020,ING Financial Markets
2021,2019-09-06,7.2,02-28-2020,ING Financial Markets
2021,2019-09-20,7.2,02-28-2020,ING Financial Markets
2021,2019-10-07,7.2,02-28-2020,ING Financial Markets
2021,2019-11-08,6.7,02-28-2020,ING Financial Markets
2021,2019-11-13,6.7,02-28-2020,ING Financial Markets
2021,2019-12-18,6.7,02-28-2020,ING Financial Markets
2021,2020-01-08,6.7,02-28-2020,ING Financial Markets
2021,2020-01-09,6.7,02-28-2020,ING Financial Markets
2021,2020-01-13,6.7,02-28-2020,ING Financial Markets
2021,2020-02-12,6.5,02-28-2020,ING Financial Markets
2021,2020-02-13,6.5,02-28-2020,ING Financial Markets
Q4-07,2006-04-18,7.75,11-30-2007,ING Financial Markets
Q4-07,2006-06-13,7.75,11-30-2007,ING Financial Markets
Q4-07,2006-09-15,7.75,11-30-2007,ING Financial Markets
Q4-07,2006-11-28,7.65,11-30-2007,ING Financial Markets
Q4-07,2006-12-12,7.65,11-30-2007,ING Financial Markets
Q4-07,2007-01-09,7.65,11-30-2007,ING Financial Markets
Q4-07,2007-02-16,7.55,11-30-2007,ING Financial Markets
Q4-07,2007-03-22,7.55,11-30-2007,ING Financial Markets
Q4-07,2007-04-20,7.5,11-30-2007,ING Financial Markets
Q4-07,2007-05-24,7.45,11-30-2007,ING Financial Markets
Q4-07,2007-07-04,7.42,11-30-2007,ING Financial Markets
Q4-07,2007-09-24,7.43,11-30-2007,ING Financial Markets
Q4-07,2007-10-25,7.42,11-30-2007,ING Financial Markets
Q1-08,2007-03-22,7.45,11-30-2007,ING Financial Markets
Q1-08,2007-04-20,7.42,11-30-2007,ING Financial Markets
Q1-08,2007-05-24,7.35,11-30-2007,ING Financial Markets
Q1-08,2007-07-04,7.32,11-30-2007,ING Financial Markets
Q1-08,2007-09-24,7.33,11-30-2007,ING Financial Markets
Q1-08,2007-10-25,7.3,11-30-2007,ING Financial Markets
Q2-08,2007-07-04,7.24,11-30-2007,ING Financial Markets
Q2-08,2007-09-24,7.24,11-30-2007,ING Financial Markets
Q2-08,2007-10-25,7.23,11-30-2007,ING Financial Markets
Q3-08,2007-09-24,7.17,11-30-2007,ING Financial Markets
Q3-08,2007-10-25,7.15,11-30-2007,ING Financial Markets
2008,2006-04-18,7.75,11-30-2007,ING Financial Markets
2008,2006-06-13,7.75,11-30-2007,ING Financial Markets
2008,2006-09-15,7.75,11-30-2007,ING Financial Markets
2008,2006-11-28,7.5,11-30-2007,ING Financial Markets
2008,2006-12-12,7.5,11-30-2007,ING Financial Markets
2008,2007-02-16,7.1,11-30-2007,ING Financial Markets
2008,2007-03-22,7.25,11-30-2007,ING Financial Markets
2008,2007-04-20,7.25,11-30-2007,ING Financial Markets
2008,2007-05-24,7.1,11-30-2007,ING Financial Markets
2008,2007-07-04,7.0,11-30-2007,ING Financial Markets
2008,2007-09-24,7.05,11-30-2007,ING Financial Markets
2008,2007-10-25,7.05,11-30-2007,ING Financial Markets
2009,2007-09-24,6.7,11-30-2007,ING Financial Markets
2009,2007-10-25,6.7,11-30-2007,ING Financial Markets
Q2-16,2015-06-05,6.15,05-31-2016,ING Financial Markets
Q2-16,2015-06-17,6.15,05-31-2016,ING Financial Markets
Q2-16,2015-07-23,6.15,05-31-2016,ING Financial Markets
Q2-16,2015-08-19,6.55,05-31-2016,ING Financial Markets
Q2-16,2015-09-22,6.4,05-31-2016,ING Financial Markets
Q2-16,2015-12-08,6.45,05-31-2016,ING Financial Markets
Q2-16,2015-12-14,6.55,05-31-2016,ING Financial Markets
Q2-16,2016-01-11,6.72,05-31-2016,ING Financial Markets
Q2-16,2016-04-04,6.5,05-31-2016,ING Financial Markets
Q2-16,2016-05-17,6.53,05-31-2016,ING Financial Markets
Q3-16,2015-12-08,6.5,05-31-2016,ING Financial Markets
Q3-16,2015-12-14,6.55,05-31-2016,ING Financial Markets
Q3-16,2016-01-11,6.66,05-31-2016,ING Financial Markets
Q3-16,2016-04-04,6.5,05-31-2016,ING Financial Markets
Q3-16,2016-05-17,6.52,05-31-2016,ING Financial Markets
Q4-16,2014-09-22,6.05,05-31-2016,ING Financial Markets
Q4-16,2014-11-18,6.03,05-31-2016,ING Financial Markets
Q4-16,2015-01-07,6.14,05-31-2016,ING Financial Markets
Q4-16,2015-01-14,6.17,05-31-2016,ING Financial Markets
Q4-16,2015-01-16,6.19,05-31-2016,ING Financial Markets
Q4-16,2015-02-17,6.19,05-31-2016,ING Financial Markets
Q4-16,2015-03-09,6.19,05-31-2016,ING Financial Markets
Q4-16,2015-03-17,6.4,05-31-2016,ING Financial Markets
Q4-16,2015-04-22,6.15,05-31-2016,ING Financial Markets
Q4-16,2015-05-19,6.15,05-31-2016,ING Financial Markets
Q4-16,2015-06-05,6.15,05-31-2016,ING Financial Markets
Q4-16,2015-06-17,6.15,05-31-2016,ING Financial Markets
Q4-16,2015-07-23,6.15,05-31-2016,ING Financial Markets
Q4-16,2015-08-19,6.35,05-31-2016,ING Financial Markets
Q4-16,2015-09-22,6.5,05-31-2016,ING Financial Markets
Q4-16,2015-12-08,6.5,05-31-2016,ING Financial Markets
Q4-16,2015-12-14,6.55,05-31-2016,ING Financial Markets
Q4-16,2016-01-11,6.6,05-31-2016,ING Financial Markets
Q4-16,2016-04-04,6.47,05-31-2016,ING Financial Markets
Q4-16,2016-05-17,6.54,05-31-2016,ING Financial Markets
Q1-17,2016-04-04,6.45,05-31-2016,ING Financial Markets
Q1-17,2016-05-17,6.53,05-31-2016,ING Financial Markets
2017,2015-04-22,6.1,05-31-2016,ING Financial Markets
2017,2015-05-19,6.1,05-31-2016,ING Financial Markets
2017,2015-06-05,6.1,05-31-2016,ING Financial Markets
2017,2015-06-17,6.1,05-31-2016,ING Financial Markets
2017,2015-07-23,6.1,05-31-2016,ING Financial Markets
2017,2015-08-19,6.2,05-31-2016,ING Financial Markets
2017,2015-09-22,6.5,05-31-2016,ING Financial Markets
2017,2015-12-08,6.2,05-31-2016,ING Financial Markets
2017,2015-12-14,6.4,05-31-2016,ING Financial Markets
2017,2016-04-04,6.35,05-31-2016,ING Financial Markets
2017,2016-05-17,6.5,05-31-2016,ING Financial Markets
Q2-20,2018-07-05,6.4,05-31-2020,ING Financial Markets
Q2-20,2018-07-25,6.4,05-31-2020,ING Financial Markets
Q2-20,2018-09-10,6.4,05-31-2020,ING Financial Markets
Q2-20,2018-10-15,6.6,05-31-2020,ING Financial Markets
Q2-20,2019-01-09,7.2,05-31-2020,ING Financial Markets
Q2-20,2019-06-14,6.85,05-31-2020,ING Financial Markets
Q2-20,2019-06-17,6.85,05-31-2020,ING Financial Markets
Q2-20,2019-07-04,6.85,05-31-2020,ING Financial Markets
Q2-20,2019-08-20,7.05,05-31-2020,ING Financial Markets
Q2-20,2019-08-27,7.28,05-31-2020,ING Financial Markets
Q2-20,2019-09-06,7.28,05-31-2020,ING Financial Markets
Q2-20,2019-09-20,7.28,05-31-2020,ING Financial Markets
Q2-20,2019-10-07,7.28,05-31-2020,ING Financial Markets
Q2-20,2019-11-08,7.0,05-31-2020,ING Financial Markets
Q2-20,2019-11-13,7.0,05-31-2020,ING Financial Markets
Q2-20,2019-12-18,7.0,05-31-2020,ING Financial Markets
Q2-20,2020-01-08,7.0,05-31-2020,ING Financial Markets
Q2-20,2020-01-09,7.0,05-31-2020,ING Financial Markets
Q2-20,2020-01-13,7.0,05-31-2020,ING Financial Markets
Q2-20,2020-02-12,7.0,05-31-2020,ING Financial Markets
Q2-20,2020-02-13,7.0,05-31-2020,ING Financial Markets
Q2-20,2020-03-09,7.0,05-31-2020,ING Financial Markets
Q2-20,2020-03-17,7.25,05-31-2020,ING Financial Markets
Q2-20,2020-04-07,7.25,05-31-2020,ING Financial Markets
Q2-20,2020-05-15,7.15,05-31-2020,ING Financial Markets
Q2-20,2020-05-18,7.15,05-31-2020,ING Financial Markets
Q3-20,2018-07-05,6.4,05-31-2020,ING Financial Markets
Q3-20,2018-07-25,6.4,05-31-2020,ING Financial Markets
Q3-20,2018-09-10,6.4,05-31-2020,ING Financial Markets
Q3-20,2018-10-15,6.4,05-31-2020,ING Financial Markets
Q3-20,2019-01-09,7.1,05-31-2020,ING Financial Markets
Q3-20,2019-09-06,7.3,05-31-2020,ING Financial Markets
Q3-20,2019-09-20,7.3,05-31-2020,ING Financial Markets
Q3-20,2019-11-08,6.95,05-31-2020,ING Financial Markets
Q3-20,2019-11-13,6.95,05-31-2020,ING Financial Markets
Q3-20,2019-12-18,6.95,05-31-2020,ING Financial Markets
Q3-20,2020-01-08,6.95,05-31-2020,ING Financial Markets
Q3-20,2020-01-09,7.0,05-31-2020,ING Financial Markets
Q3-20,2020-01-13,7.0,05-31-2020,ING Financial Markets
Q3-20,2020-02-12,6.95,05-31-2020,ING Financial Markets
Q3-20,2020-02-13,6.95,05-31-2020,ING Financial Markets
Q3-20,2020-03-09,6.95,05-31-2020,ING Financial Markets
Q3-20,2020-03-17,7.0,05-31-2020,ING Financial Markets
Q3-20,2020-04-07,7.0,05-31-2020,ING Financial Markets
Q3-20,2020-05-15,7.0,05-31-2020,ING Financial Markets
Q3-20,2020-05-18,7.0,05-31-2020,ING Financial Markets
Q4-20,2018-07-25,6.3,05-31-2020,ING Financial Markets
Q4-20,2018-09-10,6.3,05-31-2020,ING Financial Markets
Q4-20,2018-10-15,6.3,05-31-2020,ING Financial Markets
Q4-20,2018-12-03,7.3,05-31-2020,ING Financial Markets
Q4-20,2018-12-10,7.0,05-31-2020,ING Financial Markets
Q4-20,2019-01-11,7.0,05-31-2020,ING Financial Markets
Q4-20,2019-02-14,6.7,05-31-2020,ING Financial Markets
Q4-20,2019-03-18,6.7,05-31-2020,ING Financial Markets
Q4-20,2019-03-19,6.7,05-31-2020,ING Financial Markets
Q4-20,2019-04-12,6.7,05-31-2020,ING Financial Markets
Q4-20,2019-04-30,6.7,05-31-2020,ING Financial Markets
Q4-20,2019-05-14,6.7,05-31-2020,ING Financial Markets
Q4-20,2019-06-14,6.75,05-31-2020,ING Financial Markets
Q4-20,2019-06-17,6.75,05-31-2020,ING Financial Markets
Q4-20,2019-07-04,6.75,05-31-2020,ING Financial Markets
Q4-20,2019-08-20,7.0,05-31-2020,ING Financial Markets
Q4-20,2019-08-27,7.3,05-31-2020,ING Financial Markets
Q4-20,2019-09-06,7.3,05-31-2020,ING Financial Markets
Q4-20,2019-09-20,7.3,05-31-2020,ING Financial Markets
Q4-20,2019-10-07,7.3,05-31-2020,ING Financial Markets
Q4-20,2019-11-08,6.85,05-31-2020,ING Financial Markets
Q4-20,2019-11-13,6.85,05-31-2020,ING Financial Markets
Q4-20,2019-12-18,6.85,05-31-2020,ING Financial Markets
Q4-20,2020-01-08,6.85,05-31-2020,ING Financial Markets
Q4-20,2020-01-09,6.9,05-31-2020,ING Financial Markets
Q4-20,2020-01-13,6.9,05-31-2020,ING Financial Markets
Q4-20,2020-02-12,6.85,05-31-2020,ING Financial Markets
Q4-20,2020-02-13,6.85,05-31-2020,ING Financial Markets
Q4-20,2020-03-09,6.85,05-31-2020,ING Financial Markets
Q4-20,2020-03-17,6.9,05-31-2020,ING Financial Markets
Q4-20,2020-04-07,6.9,05-31-2020,ING Financial Markets
Q4-20,2020-05-15,6.9,05-31-2020,ING Financial Markets
Q4-20,2020-05-18,6.9,05-31-2020,ING Financial Markets
Q1-21,2020-03-09,6.8,05-31-2020,ING Financial Markets
Q1-21,2020-03-17,6.8,05-31-2020,ING Financial Markets
Q1-21,2020-04-07,6.8,05-31-2020,ING Financial Markets
Q1-21,2020-05-15,6.8,05-31-2020,ING Financial Markets
Q1-21,2020-05-18,6.8,05-31-2020,ING Financial Markets
2021,2018-12-03,7.0,05-31-2020,ING Financial Markets
2021,2019-07-04,6.7,05-31-2020,ING Financial Markets
2021,2019-08-20,6.9,05-31-2020,ING Financial Markets
2021,2019-08-27,7.2,05-31-2020,ING Financial Markets
2021,2019-09-06,7.2,05-31-2020,ING Financial Markets
2021,2019-09-20,7.2,05-31-2020,ING Financial Markets
2021,2019-10-07,7.2,05-31-2020,ING Financial Markets
2021,2019-11-08,6.7,05-31-2020,ING Financial Markets
2021,2019-11-13,6.7,05-31-2020,ING Financial Markets
2021,2019-12-18,6.7,05-31-2020,ING Financial Markets
2021,2020-01-08,6.7,05-31-2020,ING Financial Markets
2021,2020-01-09,6.7,05-31-2020,ING Financial Markets
2021,2020-01-13,6.7,05-31-2020,ING Financial Markets
2021,2020-02-12,6.5,05-31-2020,ING Financial Markets
2021,2020-02-13,6.5,05-31-2020,ING Financial Markets
2021,2020-03-09,6.5,05-31-2020,ING Financial Markets
2021,2020-03-17,6.5,05-31-2020,ING Financial Markets
2021,2020-04-07,6.5,05-31-2020,ING Financial Markets
2021,2020-05-15,6.5,05-31-2020,ING Financial Markets
2021,2020-05-18,6.5,05-31-2020,ING Financial Markets
Q3-07,2006-09-15,7.75,08-31-2007,ING Financial Markets
Q3-07,2006-10-09,7.67,08-31-2007,ING Financial Markets
Q3-07,2006-11-16,7.67,08-31-2007,ING Financial Markets
Q3-07,2006-11-28,7.7,08-31-2007,ING Financial Markets
Q3-07,2006-12-12,7.68,08-31-2007,ING Financial Markets
Q3-07,2007-01-09,7.68,08-31-2007,ING Financial Markets
Q3-07,2007-02-16,7.65,08-31-2007,ING Financial Markets
Q3-07,2007-03-22,7.6,08-31-2007,ING Financial Markets
Q3-07,2007-04-20,7.57,08-31-2007,ING Financial Markets
Q3-07,2007-05-24,7.54,08-31-2007,ING Financial Markets
Q3-07,2007-07-04,7.52,08-31-2007,ING Financial Markets
Q4-07,2006-04-18,7.75,08-31-2007,ING Financial Markets
Q4-07,2006-06-13,7.75,08-31-2007,ING Financial Markets
Q4-07,2006-09-15,7.75,08-31-2007,ING Financial Markets
Q4-07,2006-11-28,7.65,08-31-2007,ING Financial Markets
Q4-07,2006-12-12,7.65,08-31-2007,ING Financial Markets
Q4-07,2007-01-09,7.65,08-31-2007,ING Financial Markets
Q4-07,2007-02-16,7.55,08-31-2007,ING Financial Markets
Q4-07,2007-03-22,7.55,08-31-2007,ING Financial Markets
Q4-07,2007-04-20,7.5,08-31-2007,ING Financial Markets
Q4-07,2007-05-24,7.45,08-31-2007,ING Financial Markets
Q4-07,2007-07-04,7.42,08-31-2007,ING Financial Markets
Q1-08,2007-03-22,7.45,08-31-2007,ING Financial Markets
Q1-08,2007-04-20,7.42,08-31-2007,ING Financial Markets
Q1-08,2007-05-24,7.35,08-31-2007,ING Financial Markets
Q1-08,2007-07-04,7.32,08-31-2007,ING Financial Markets
Q2-08,2007-07-04,7.24,08-31-2007,ING Financial Markets
2008,2006-04-18,7.75,08-31-2007,ING Financial Markets
2008,2006-06-13,7.75,08-31-2007,ING Financial Markets
2008,2006-09-15,7.75,08-31-2007,ING Financial Markets
2008,2006-11-28,7.5,08-31-2007,ING Financial Markets
2008,2006-12-12,7.5,08-31-2007,ING Financial Markets
2008,2007-02-16,7.1,08-31-2007,ING Financial Markets
2008,2007-03-22,7.25,08-31-2007,ING Financial Markets
2008,2007-04-20,7.25,08-31-2007,ING Financial Markets
2008,2007-05-24,7.1,08-31-2007,ING Financial Markets
2008,2007-07-04,7.0,08-31-2007,ING Financial Markets
Q3-11,2010-12-14,6.58,08-31-2011,ING Financial Markets
Q3-11,2011-01-10,6.17,08-31-2011,ING Financial Markets
Q3-11,2011-01-14,6.46,08-31-2011,ING Financial Markets
Q3-11,2011-02-21,6.46,08-31-2011,ING Financial Markets
Q3-11,2011-04-01,6.5,08-31-2011,ING Financial Markets
Q3-11,2011-04-13,6.48,08-31-2011,ING Financial Markets
Q3-11,2011-05-24,6.44,08-31-2011,ING Financial Markets
Q3-11,2011-06-20,6.45,08-31-2011,ING Financial Markets
Q4-11,2009-11-13,6.458,08-31-2011,ING Financial Markets
Q4-11,2009-11-26,6.49,08-31-2011,ING Financial Markets
Q4-11,2009-12-14,6.49,08-31-2011,ING Financial Markets
Q4-11,2010-01-11,6.49,08-31-2011,ING Financial Markets
Q4-11,2010-06-22,6.62,08-31-2011,ING Financial Markets
Q4-11,2010-12-14,6.46,08-31-2011,ING Financial Markets
Q4-11,2011-01-10,6.13,08-31-2011,ING Financial Markets
Q4-11,2011-01-14,6.35,08-31-2011,ING Financial Markets
Q4-11,2011-02-21,6.35,08-31-2011,ING Financial Markets
Q4-11,2011-04-01,6.45,08-31-2011,ING Financial Markets
Q4-11,2011-04-13,6.44,08-31-2011,ING Financial Markets
Q4-11,2011-05-24,6.41,08-31-2011,ING Financial Markets
Q4-11,2011-06-20,6.42,08-31-2011,ING Financial Markets
Q1-12,2011-01-10,6.13,08-31-2011,ING Financial Markets
Q1-12,2011-01-14,6.3,08-31-2011,ING Financial Markets
Q1-12,2011-02-21,6.3,08-31-2011,ING Financial Markets
Q1-12,2011-04-01,6.4,08-31-2011,ING Financial Markets
Q1-12,2011-04-13,6.4,08-31-2011,ING Financial Markets
Q1-12,2011-05-24,6.38,08-31-2011,ING Financial Markets
Q1-12,2011-06-20,6.39,08-31-2011,ING Financial Markets
Q2-12,2011-06-20,6.36,08-31-2011,ING Financial Markets
2012,2010-01-11,6.49,08-31-2011,ING Financial Markets
2012,2010-06-22,6.49,08-31-2011,ING Financial Markets
2012,2010-12-14,6.35,08-31-2011,ING Financial Markets
2012,2011-01-10,6.0,08-31-2011,ING Financial Markets
2012,2011-01-14,6.16,08-31-2011,ING Financial Markets
2012,2011-02-21,6.16,08-31-2011,ING Financial Markets
2012,2011-04-01,6.26,08-31-2011,ING Financial Markets
2012,2011-04-13,6.28,08-31-2011,ING Financial Markets
2012,2011-06-20,6.29,08-31-2011,ING Financial Markets
2013,2010-12-14,6.1,08-31-2011,ING Financial Markets
2013,2011-04-13,6.28,08-31-2011,ING Financial Markets
2013,2011-06-20,6.17,08-31-2011,ING Financial Markets
Q1-16,2015-03-09,6.19,02-28-2016,ING Financial Markets
Q1-16,2015-03-17,6.4,02-28-2016,ING Financial Markets
Q1-16,2015-04-22,6.15,02-28-2016,ING Financial Markets
Q1-16,2015-05-19,6.16,02-28-2016,ING Financial Markets
Q1-16,2015-06-05,6.16,02-28-2016,ING Financial Markets
Q1-16,2015-06-17,6.17,02-28-2016,ING Financial Markets
Q1-16,2015-07-23,6.17,02-28-2016,ING Financial Markets
Q1-16,2015-08-19,6.55,02-28-2016,ING Financial Markets
Q1-16,2015-09-22,6.4,02-28-2016,ING Financial Markets
Q1-16,2015-12-08,6.4,02-28-2016,ING Financial Markets
Q1-16,2015-12-14,6.5,02-28-2016,ING Financial Markets
Q1-16,2016-01-11,6.67,02-28-2016,ING Financial Markets
Q2-16,2015-06-05,6.15,02-28-2016,ING Financial Markets
Q2-16,2015-06-17,6.15,02-28-2016,ING Financial Markets
Q2-16,2015-07-23,6.15,02-28-2016,ING Financial Markets
Q2-16,2015-08-19,6.55,02-28-2016,ING Financial Markets
Q2-16,2015-09-22,6.4,02-28-2016,ING Financial Markets
Q2-16,2015-12-08,6.45,02-28-2016,ING Financial Markets
Q2-16,2015-12-14,6.55,02-28-2016,ING Financial Markets
Q2-16,2016-01-11,6.72,02-28-2016,ING Financial Markets
Q3-16,2015-12-08,6.5,02-28-2016,ING Financial Markets
Q3-16,2015-12-14,6.55,02-28-2016,ING Financial Markets
Q3-16,2016-01-11,6.66,02-28-2016,ING Financial Markets
Q4-16,2014-09-22,6.05,02-28-2016,ING Financial Markets
Q4-16,2014-11-18,6.03,02-28-2016,ING Financial Markets
Q4-16,2015-01-07,6.14,02-28-2016,ING Financial Markets
Q4-16,2015-01-14,6.17,02-28-2016,ING Financial Markets
Q4-16,2015-01-16,6.19,02-28-2016,ING Financial Markets
Q4-16,2015-02-17,6.19,02-28-2016,ING Financial Markets
Q4-16,2015-03-09,6.19,02-28-2016,ING Financial Markets
Q4-16,2015-03-17,6.4,02-28-2016,ING Financial Markets
Q4-16,2015-04-22,6.15,02-28-2016,ING Financial Markets
Q4-16,2015-05-19,6.15,02-28-2016,ING Financial Markets
Q4-16,2015-06-05,6.15,02-28-2016,ING Financial Markets
Q4-16,2015-06-17,6.15,02-28-2016,ING Financial Markets
Q4-16,2015-07-23,6.15,02-28-2016,ING Financial Markets
Q4-16,2015-08-19,6.35,02-28-2016,ING Financial Markets
Q4-16,2015-09-22,6.5,02-28-2016,ING Financial Markets
Q4-16,2015-12-08,6.5,02-28-2016,ING Financial Markets
Q4-16,2015-12-14,6.55,02-28-2016,ING Financial Markets
Q4-16,2016-01-11,6.6,02-28-2016,ING Financial Markets
2017,2015-04-22,6.1,02-28-2016,ING Financial Markets
2017,2015-05-19,6.1,02-28-2016,ING Financial Markets
2017,2015-06-05,6.1,02-28-2016,ING Financial Markets
2017,2015-06-17,6.1,02-28-2016,ING Financial Markets
2017,2015-07-23,6.1,02-28-2016,ING Financial Markets
2017,2015-08-19,6.2,02-28-2016,ING Financial Markets
2017,2015-09-22,6.5,02-28-2016,ING Financial Markets
2017,2015-12-08,6.2,02-28-2016,ING Financial Markets
2017,2015-12-14,6.4,02-28-2016,ING Financial Markets
Q4-08,2006-12-12,7.5,11-30-2008,ING Financial Markets
Q4-08,2007-02-16,7.1,11-30-2008,ING Financial Markets
Q4-08,2007-03-22,7.25,11-30-2008,ING Financial Markets
Q4-08,2007-04-20,7.25,11-30-2008,ING Financial Markets
Q4-08,2007-05-24,7.1,11-30-2008,ING Financial Markets
Q4-08,2007-07-04,7.0,11-30-2008,ING Financial Markets
Q4-08,2007-09-24,7.05,11-30-2008,ING Financial Markets
Q4-08,2007-10-25,7.05,11-30-2008,ING Financial Markets
Q4-08,2007-12-11,7.07,11-30-2008,ING Financial Markets
Q4-08,2007-12-26,6.99,11-30-2008,ING Financial Markets
Q4-08,2008-01-31,6.76,11-30-2008,ING Financial Markets
Q4-08,2008-02-21,6.76,11-30-2008,ING Financial Markets
Q4-08,2008-04-03,6.55,11-30-2008,ING Financial Markets
Q4-08,2008-04-22,6.58,11-30-2008,ING Financial Markets
Q4-08,2008-06-19,6.7,11-30-2008,ING Financial Markets
Q1-09,2008-04-03,6.48,11-30-2008,ING Financial Markets
Q1-09,2008-04-22,6.5,11-30-2008,ING Financial Markets
Q1-09,2008-06-19,6.65,11-30-2008,ING Financial Markets
2009,2007-09-24,6.7,11-30-2008,ING Financial Markets
2009,2007-10-25,6.7,11-30-2008,ING Financial Markets
2009,2008-01-31,6.52,11-30-2008,ING Financial Markets
2009,2008-02-21,6.45,11-30-2008,ING Financial Markets
2009,2008-04-03,6.25,11-30-2008,ING Financial Markets
2009,2008-04-22,6.25,11-30-2008,ING Financial Markets
2009,2008-06-19,6.35,11-30-2008,ING Financial Markets
Q2-19,2018-03-07,5.9,05-31-2019,ING Financial Markets
Q2-19,2018-05-11,6.27,05-31-2019,ING Financial Markets
Q2-19,2018-06-22,6.55,05-31-2019,ING Financial Markets
Q2-19,2018-07-05,6.8,05-31-2019,ING Financial Markets
Q2-19,2018-07-24,6.8,05-31-2019,ING Financial Markets
Q2-19,2018-09-10,6.9,05-31-2019,ING Financial Markets
Q2-19,2018-10-15,7.0,05-31-2019,ING Financial Markets
Q2-19,2018-11-13,7.2,05-31-2019,ING Financial Markets
Q2-19,2018-12-03,7.2,05-31-2019,ING Financial Markets
Q2-19,2018-12-10,7.2,05-31-2019,ING Financial Markets
Q2-19,2019-01-09,7.2,05-31-2019,ING Financial Markets
Q2-19,2019-01-11,7.2,05-31-2019,ING Financial Markets
Q2-19,2019-02-14,6.85,05-31-2019,ING Financial Markets
Q2-19,2019-03-18,6.85,05-31-2019,ING Financial Markets
Q2-19,2019-04-12,6.85,05-31-2019,ING Financial Markets
Q2-19,2019-04-30,6.75,05-31-2019,ING Financial Markets
Q3-19,2018-03-07,5.85,05-31-2019,ING Financial Markets
Q3-19,2018-05-11,6.24,05-31-2019,ING Financial Markets
Q3-19,2018-06-22,6.55,05-31-2019,ING Financial Markets
Q3-19,2018-07-05,6.6,05-31-2019,ING Financial Markets
Q3-19,2018-07-24,6.6,05-31-2019,ING Financial Markets
Q3-19,2018-09-10,6.8,05-31-2019,ING Financial Markets
Q3-19,2018-10-15,7.0,05-31-2019,ING Financial Markets
Q3-19,2018-11-13,7.3,05-31-2019,ING Financial Markets
Q3-19,2018-12-03,7.3,05-31-2019,ING Financial Markets
Q3-19,2018-12-10,7.3,05-31-2019,ING Financial Markets
Q3-19,2019-01-09,7.3,05-31-2019,ING Financial Markets
Q3-19,2019-01-11,7.3,05-31-2019,ING Financial Markets
Q3-19,2019-02-14,6.85,05-31-2019,ING Financial Markets
Q3-19,2019-03-18,6.85,05-31-2019,ING Financial Markets
Q3-19,2019-04-12,6.85,05-31-2019,ING Financial Markets
Q3-19,2019-04-30,6.8,05-31-2019,ING Financial Markets
Q4-19,2017-07-19,6.6,05-31-2019,ING Financial Markets
Q4-19,2017-08-17,6.45,05-31-2019,ING Financial Markets
Q4-19,2017-09-12,6.0,05-31-2019,ING Financial Markets
Q4-19,2017-12-06,6.2,05-31-2019,ING Financial Markets
Q4-19,2018-01-15,6.2,05-31-2019,ING Financial Markets
Q4-19,2018-01-16,6.2,05-31-2019,ING Financial Markets
Q4-19,2018-02-21,5.8,05-31-2019,ING Financial Markets
Q4-19,2018-03-07,5.8,05-31-2019,ING Financial Markets
Q4-19,2018-04-16,5.8,05-31-2019,ING Financial Markets
Q4-19,2018-05-11,6.2,05-31-2019,ING Financial Markets
Q4-19,2018-05-15,6.2,05-31-2019,ING Financial Markets
Q4-19,2018-06-22,6.5,05-31-2019,ING Financial Markets
Q4-19,2018-07-05,6.5,05-31-2019,ING Financial Markets
Q4-19,2018-07-24,6.5,05-31-2019,ING Financial Markets
Q4-19,2018-09-10,6.6,05-31-2019,ING Financial Markets
Q4-19,2018-10-15,6.9,05-31-2019,ING Financial Markets
Q4-19,2018-11-13,7.3,05-31-2019,ING Financial Markets
Q4-19,2018-12-03,7.3,05-31-2019,ING Financial Markets
Q4-19,2018-12-10,7.3,05-31-2019,ING Financial Markets
Q4-19,2019-01-09,7.3,05-31-2019,ING Financial Markets
Q4-19,2019-01-11,7.3,05-31-2019,ING Financial Markets
Q4-19,2019-02-14,6.75,05-31-2019,ING Financial Markets
Q4-19,2019-03-18,6.75,05-31-2019,ING Financial Markets
Q4-19,2019-03-19,6.75,05-31-2019,ING Financial Markets
Q4-19,2019-04-12,6.75,05-31-2019,ING Financial Markets
Q4-19,2019-04-30,6.75,05-31-2019,ING Financial Markets
Q4-19,2019-05-14,6.75,05-31-2019,ING Financial Markets
Q1-20,2018-07-05,6.5,05-31-2019,ING Financial Markets
Q1-20,2018-07-24,6.5,05-31-2019,ING Financial Markets
Q1-20,2018-09-10,6.5,05-31-2019,ING Financial Markets
Q1-20,2018-10-15,6.8,05-31-2019,ING Financial Markets
Q1-20,2018-11-13,7.3,05-31-2019,ING Financial Markets
Q1-20,2019-01-09,7.3,05-31-2019,ING Financial Markets
Q1-20,2019-03-18,6.7,05-31-2019,ING Financial Markets
Q1-20,2019-04-12,6.7,05-31-2019,ING Financial Markets
Q1-20,2019-04-30,6.7,05-31-2019,ING Financial Markets
2020,2017-07-19,6.5,05-31-2019,ING Financial Markets
2020,2018-07-25,6.3,05-31-2019,ING Financial Markets
2020,2018-09-10,6.3,05-31-2019,ING Financial Markets
2020,2018-10-15,6.3,05-31-2019,ING Financial Markets
2020,2018-12-03,7.3,05-31-2019,ING Financial Markets
2020,2018-12-10,7.0,05-31-2019,ING Financial Markets
2020,2019-01-11,7.0,05-31-2019,ING Financial Markets
2020,2019-02-14,6.7,05-31-2019,ING Financial Markets
2020,2019-03-18,6.7,05-31-2019,ING Financial Markets
2020,2019-03-19,6.7,05-31-2019,ING Financial Markets
2020,2019-04-12,6.7,05-31-2019,ING Financial Markets
2020,2019-04-30,6.7,05-31-2019,ING Financial Markets
2020,2019-05-14,6.7,05-31-2019,ING Financial Markets
2021,2018-12-03,7.0,05-31-2019,ING Financial Markets
Q3-12,2011-10-14,6.34,08-31-2012,ING Financial Markets
Q3-12,2011-11-11,6.17,08-31-2012,ING Financial Markets
Q3-12,2012-01-10,6.17,08-31-2012,ING Financial Markets
Q3-12,2012-02-14,6.17,08-31-2012,ING Financial Markets
Q3-12,2012-03-19,6.22,08-31-2012,ING Financial Markets
Q3-12,2012-04-20,6.22,08-31-2012,ING Financial Markets
Q3-12,2012-05-21,6.26,08-31-2012,ING Financial Markets
Q3-12,2012-06-18,6.4,08-31-2012,ING Financial Markets
Q4-12,2010-12-14,6.35,08-31-2012,ING Financial Markets
Q4-12,2011-01-10,6.0,08-31-2012,ING Financial Markets
Q4-12,2011-01-14,6.16,08-31-2012,ING Financial Markets
Q4-12,2011-02-21,6.16,08-31-2012,ING Financial Markets
Q4-12,2011-04-01,6.26,08-31-2012,ING Financial Markets
Q4-12,2011-04-13,6.28,08-31-2012,ING Financial Markets
Q4-12,2011-06-20,6.29,08-31-2012,ING Financial Markets
Q4-12,2011-10-14,6.32,08-31-2012,ING Financial Markets
Q4-12,2011-11-11,6.15,08-31-2012,ING Financial Markets
Q4-12,2012-01-10,6.13,08-31-2012,ING Financial Markets
Q4-12,2012-02-14,6.13,08-31-2012,ING Financial Markets
Q4-12,2012-03-19,6.13,08-31-2012,ING Financial Markets
Q4-12,2012-04-20,6.19,08-31-2012,ING Financial Markets
Q4-12,2012-05-21,6.24,08-31-2012,ING Financial Markets
Q4-12,2012-06-18,6.42,08-31-2012,ING Financial Markets
Q1-13,2012-01-10,6.13,08-31-2012,ING Financial Markets
Q1-13,2012-02-14,6.13,08-31-2012,ING Financial Markets
Q1-13,2012-03-19,6.09,08-31-2012,ING Financial Markets
Q1-13,2012-04-20,6.15,08-31-2012,ING Financial Markets
Q1-13,2012-05-21,6.22,08-31-2012,ING Financial Markets
Q1-13,2012-06-18,6.41,08-31-2012,ING Financial Markets
Q2-13,2012-04-20,6.1,08-31-2012,ING Financial Markets
Q2-13,2012-05-21,6.21,08-31-2012,ING Financial Markets
Q2-13,2012-06-18,6.4,08-31-2012,ING Financial Markets
2013,2010-12-14,6.1,08-31-2012,ING Financial Markets
2013,2011-04-13,6.28,08-31-2012,ING Financial Markets
2013,2011-06-20,6.17,08-31-2012,ING Financial Markets
2013,2011-10-14,6.19,08-31-2012,ING Financial Markets
2013,2011-11-11,6.0,08-31-2012,ING Financial Markets
2013,2012-01-10,6.0,08-31-2012,ING Financial Markets
2013,2012-02-14,6.0,08-31-2012,ING Financial Markets
2013,2012-03-19,6.06,08-31-2012,ING Financial Markets
2013,2012-04-20,6.0,08-31-2012,ING Financial Markets
2013,2012-05-21,6.18,08-31-2012,ING Financial Markets
2013,2012-06-18,6.4,08-31-2012,ING Financial Markets
2014,2012-02-14,6.0,08-31-2012,ING Financial Markets
2014,2012-03-19,6.0,08-31-2012,ING Financial Markets
2014,2012-05-21,6.18,08-31-2012,ING Financial Markets
2014,2012-06-18,6.4,08-31-2012,ING Financial Markets
Q1-15,2014-04-17,5.99,02-28-2015,ING Financial Markets
Q1-15,2014-05-22,6.22,02-28-2015,ING Financial Markets
Q1-15,2014-07-28,6.22,02-28-2015,ING Financial Markets
Q1-15,2014-09-02,6.22,02-28-2015,ING Financial Markets
Q1-15,2014-09-22,6.05,02-28-2015,ING Financial Markets
Q1-15,2014-11-18,6.07,02-28-2015,ING Financial Markets
Q1-15,2015-01-07,6.17,02-28-2015,ING Financial Markets
Q1-15,2015-01-14,6.21,02-28-2015,ING Financial Markets
Q1-15,2015-01-16,6.23,02-28-2015,ING Financial Markets
Q1-15,2015-02-17,6.23,02-28-2015,ING Financial Markets
Q2-15,2014-07-28,6.22,02-28-2015,ING Financial Markets
Q2-15,2014-09-02,6.22,02-28-2015,ING Financial Markets
Q2-15,2014-09-22,6.05,02-28-2015,ING Financial Markets
Q2-15,2014-11-18,6.05,02-28-2015,ING Financial Markets
Q2-15,2015-01-07,6.16,02-28-2015,ING Financial Markets
Q2-15,2015-01-14,6.2,02-28-2015,ING Financial Markets
Q2-15,2015-01-16,6.22,02-28-2015,ING Financial Markets
Q2-15,2015-02-17,6.22,02-28-2015,ING Financial Markets
Q3-15,2014-09-22,6.05,02-28-2015,ING Financial Markets
Q3-15,2014-11-18,6.04,02-28-2015,ING Financial Markets
Q3-15,2015-01-07,6.15,02-28-2015,ING Financial Markets
Q3-15,2015-01-14,6.19,02-28-2015,ING Financial Markets
Q3-15,2015-01-16,6.21,02-28-2015,ING Financial Markets
Q3-15,2015-02-17,6.21,02-28-2015,ING Financial Markets
Q4-15,2013-06-05,6.05,02-28-2015,ING Financial Markets
Q4-15,2013-08-30,5.98,02-28-2015,ING Financial Markets
Q4-15,2013-09-05,5.98,02-28-2015,ING Financial Markets
Q4-15,2013-10-11,6.0,02-28-2015,ING Financial Markets
Q4-15,2013-11-12,6.0,02-28-2015,ING Financial Markets
Q4-15,2013-12-12,6.0,02-28-2015,ING Financial Markets
Q4-15,2014-01-14,5.97,02-28-2015,ING Financial Markets
Q4-15,2014-01-15,5.97,02-28-2015,ING Financial Markets
Q4-15,2014-02-19,5.97,02-28-2015,ING Financial Markets
Q4-15,2014-03-19,5.94,02-28-2015,ING Financial Markets
Q4-15,2014-04-17,5.94,02-28-2015,ING Financial Markets
Q4-15,2014-05-22,6.22,02-28-2015,ING Financial Markets
Q4-15,2014-07-28,6.22,02-28-2015,ING Financial Markets
Q4-15,2014-09-02,6.22,02-28-2015,ING Financial Markets
Q4-15,2014-09-22,6.05,02-28-2015,ING Financial Markets
Q4-15,2014-11-18,6.03,02-28-2015,ING Financial Markets
Q4-15,2015-01-07,6.14,02-28-2015,ING Financial Markets
Q4-15,2015-01-14,6.18,02-28-2015,ING Financial Markets
Q4-15,2015-01-16,6.19,02-28-2015,ING Financial Markets
Q4-15,2015-02-17,6.19,02-28-2015,ING Financial Markets
2016,2014-09-22,6.05,02-28-2015,ING Financial Markets
2016,2014-11-18,6.03,02-28-2015,ING Financial Markets
2016,2015-01-07,6.14,02-28-2015,ING Financial Markets
2016,2015-01-14,6.17,02-28-2015,ING Financial Markets
2016,2015-01-16,6.19,02-28-2015,ING Financial Markets
2016,2015-02-17,6.19,02-28-2015,ING Financial Markets
Q4-12,2010-12-14,6.35,11-30-2012,ING Financial Markets
Q4-12,2011-01-10,6.0,11-30-2012,ING Financial Markets
Q4-12,2011-01-14,6.16,11-30-2012,ING Financial Markets
Q4-12,2011-02-21,6.16,11-30-2012,ING Financial Markets
Q4-12,2011-04-01,6.26,11-30-2012,ING Financial Markets
Q4-12,2011-04-13,6.28,11-30-2012,ING Financial Markets
Q4-12,2011-06-20,6.29,11-30-2012,ING Financial Markets
Q4-12,2011-10-14,6.32,11-30-2012,ING Financial Markets
Q4-12,2011-11-11,6.15,11-30-2012,ING Financial Markets
Q4-12,2012-01-10,6.13,11-30-2012,ING Financial Markets
Q4-12,2012-02-14,6.13,11-30-2012,ING Financial Markets
Q4-12,2012-03-19,6.13,11-30-2012,ING Financial Markets
Q4-12,2012-04-20,6.19,11-30-2012,ING Financial Markets
Q4-12,2012-05-21,6.24,11-30-2012,ING Financial Markets
Q4-12,2012-06-18,6.42,11-30-2012,ING Financial Markets
Q4-12,2012-10-09,6.33,11-30-2012,ING Financial Markets
Q4-12,2012-11-14,6.24,11-30-2012,ING Financial Markets
Q1-13,2012-01-10,6.13,11-30-2012,ING Financial Markets
Q1-13,2012-02-14,6.13,11-30-2012,ING Financial Markets
Q1-13,2012-03-19,6.09,11-30-2012,ING Financial Markets
Q1-13,2012-04-20,6.15,11-30-2012,ING Financial Markets
Q1-13,2012-05-21,6.22,11-30-2012,ING Financial Markets
Q1-13,2012-06-18,6.41,11-30-2012,ING Financial Markets
Q1-13,2012-10-09,6.36,11-30-2012,ING Financial Markets
Q1-13,2012-11-14,6.24,11-30-2012,ING Financial Markets
Q2-13,2012-04-20,6.1,11-30-2012,ING Financial Markets
Q2-13,2012-05-21,6.21,11-30-2012,ING Financial Markets
Q2-13,2012-06-18,6.4,11-30-2012,ING Financial Markets
Q2-13,2012-10-09,6.35,11-30-2012,ING Financial Markets
Q2-13,2012-11-14,6.24,11-30-2012,ING Financial Markets
Q3-13,2012-10-09,6.31,11-30-2012,ING Financial Markets
Q3-13,2012-11-14,6.23,11-30-2012,ING Financial Markets
2013,2010-12-14,6.1,11-30-2012,ING Financial Markets
2013,2011-04-13,6.28,11-30-2012,ING Financial Markets
2013,2011-06-20,6.17,11-30-2012,ING Financial Markets
2013,2011-10-14,6.19,11-30-2012,ING Financial Markets
2013,2011-11-11,6.0,11-30-2012,ING Financial Markets
2013,2012-01-10,6.0,11-30-2012,ING Financial Markets
2013,2012-02-14,6.0,11-30-2012,ING Financial Markets
2013,2012-03-19,6.06,11-30-2012,ING Financial Markets
2013,2012-04-20,6.0,11-30-2012,ING Financial Markets
2013,2012-05-21,6.18,11-30-2012,ING Financial Markets
2013,2012-06-18,6.4,11-30-2012,ING Financial Markets
2013,2012-10-09,6.31,11-30-2012,ING Financial Markets
2013,2012-11-14,6.22,11-30-2012,ING Financial Markets
2014,2012-02-14,6.0,11-30-2012,ING Financial Markets
2014,2012-03-19,6.0,11-30-2012,ING Financial Markets
2014,2012-05-21,6.18,11-30-2012,ING Financial Markets
2014,2012-06-18,6.4,11-30-2012,ING Financial Markets
2014,2012-10-09,6.31,11-30-2012,ING Financial Markets
2014,2012-11-14,6.22,11-30-2012,ING Financial Markets
Q2-15,2014-07-28,6.22,05-31-2015,ING Financial Markets
Q2-15,2014-09-02,6.22,05-31-2015,ING Financial Markets
Q2-15,2014-09-22,6.05,05-31-2015,ING Financial Markets
Q2-15,2014-11-18,6.05,05-31-2015,ING Financial Markets
Q2-15,2015-01-07,6.16,05-31-2015,ING Financial Markets
Q2-15,2015-01-14,6.2,05-31-2015,ING Financial Markets
Q2-15,2015-01-16,6.22,05-31-2015,ING Financial Markets
Q2-15,2015-02-17,6.22,05-31-2015,ING Financial Markets
Q2-15,2015-03-09,6.22,05-31-2015,ING Financial Markets
Q2-15,2015-03-17,6.3,05-31-2015,ING Financial Markets
Q2-15,2015-04-22,6.19,05-31-2015,ING Financial Markets
Q2-15,2015-05-19,6.2,05-31-2015,ING Financial Markets
Q3-15,2014-09-22,6.05,05-31-2015,ING Financial Markets
Q3-15,2014-11-18,6.04,05-31-2015,ING Financial Markets
Q3-15,2015-01-07,6.15,05-31-2015,ING Financial Markets
Q3-15,2015-01-14,6.19,05-31-2015,ING Financial Markets
Q3-15,2015-01-16,6.21,05-31-2015,ING Financial Markets
Q3-15,2015-02-17,6.21,05-31-2015,ING Financial Markets
Q3-15,2015-03-09,6.21,05-31-2015,ING Financial Markets
Q3-15,2015-03-17,6.33,05-31-2015,ING Financial Markets
Q3-15,2015-04-22,6.18,05-31-2015,ING Financial Markets
Q3-15,2015-05-19,6.19,05-31-2015,ING Financial Markets
Q4-15,2013-06-05,6.05,05-31-2015,ING Financial Markets
Q4-15,2013-08-30,5.98,05-31-2015,ING Financial Markets
Q4-15,2013-09-05,5.98,05-31-2015,ING Financial Markets
Q4-15,2013-10-11,6.0,05-31-2015,ING Financial Markets
Q4-15,2013-11-12,6.0,05-31-2015,ING Financial Markets
Q4-15,2013-12-12,6.0,05-31-2015,ING Financial Markets
Q4-15,2014-01-14,5.97,05-31-2015,ING Financial Markets
Q4-15,2014-01-15,5.97,05-31-2015,ING Financial Markets
Q4-15,2014-02-19,5.97,05-31-2015,ING Financial Markets
Q4-15,2014-03-19,5.94,05-31-2015,ING Financial Markets
Q4-15,2014-04-17,5.94,05-31-2015,ING Financial Markets
Q4-15,2014-05-22,6.22,05-31-2015,ING Financial Markets
Q4-15,2014-07-28,6.22,05-31-2015,ING Financial Markets
Q4-15,2014-09-02,6.22,05-31-2015,ING Financial Markets
Q4-15,2014-09-22,6.05,05-31-2015,ING Financial Markets
Q4-15,2014-11-18,6.03,05-31-2015,ING Financial Markets
Q4-15,2015-01-07,6.14,05-31-2015,ING Financial Markets
Q4-15,2015-01-14,6.18,05-31-2015,ING Financial Markets
Q4-15,2015-01-16,6.19,05-31-2015,ING Financial Markets
Q4-15,2015-02-17,6.19,05-31-2015,ING Financial Markets
Q4-15,2015-03-09,6.19,05-31-2015,ING Financial Markets
Q4-15,2015-03-17,6.36,05-31-2015,ING Financial Markets
Q4-15,2015-04-22,6.17,05-31-2015,ING Financial Markets
Q4-15,2015-05-19,6.17,05-31-2015,ING Financial Markets
Q1-16,2015-03-09,6.19,05-31-2015,ING Financial Markets
Q1-16,2015-03-17,6.4,05-31-2015,ING Financial Markets
Q1-16,2015-04-22,6.15,05-31-2015,ING Financial Markets
Q1-16,2015-05-19,6.16,05-31-2015,ING Financial Markets
2016,2014-09-22,6.05,05-31-2015,ING Financial Markets
2016,2014-11-18,6.03,05-31-2015,ING Financial Markets
2016,2015-01-07,6.14,05-31-2015,ING Financial Markets
2016,2015-01-14,6.17,05-31-2015,ING Financial Markets
2016,2015-01-16,6.19,05-31-2015,ING Financial Markets
2016,2015-02-17,6.19,05-31-2015,ING Financial Markets
2016,2015-03-09,6.19,05-31-2015,ING Financial Markets
2016,2015-03-17,6.4,05-31-2015,ING Financial Markets
2016,2015-04-22,6.15,05-31-2015,ING Financial Markets
2016,2015-05-19,6.15,05-31-2015,ING Financial Markets
2017,2015-04-22,6.1,05-31-2015,ING Financial Markets
2017,2015-05-19,6.1,05-31-2015,ING Financial Markets
Q3-08,2007-09-24,7.17,08-31-2008,ING Financial Markets
Q3-08,2007-10-25,7.15,08-31-2008,ING Financial Markets
Q3-08,2007-12-11,7.13,08-31-2008,ING Financial Markets
Q3-08,2007-12-26,7.06,08-31-2008,ING Financial Markets
Q3-08,2008-01-31,6.88,08-31-2008,ING Financial Markets
Q3-08,2008-02-21,6.78,08-31-2008,ING Financial Markets
Q3-08,2008-04-03,6.63,08-31-2008,ING Financial Markets
Q3-08,2008-04-22,6.65,08-31-2008,ING Financial Markets
Q3-08,2008-06-19,6.85,08-31-2008,ING Financial Markets
Q4-08,2006-09-15,7.75,08-31-2008,ING Financial Markets
Q4-08,2006-11-28,7.5,08-31-2008,ING Financial Markets
Q4-08,2006-12-12,7.5,08-31-2008,ING Financial Markets
Q4-08,2007-02-16,7.1,08-31-2008,ING Financial Markets
Q4-08,2007-03-22,7.25,08-31-2008,ING Financial Markets
Q4-08,2007-04-20,7.25,08-31-2008,ING Financial Markets
Q4-08,2007-05-24,7.1,08-31-2008,ING Financial Markets
Q4-08,2007-07-04,7.0,08-31-2008,ING Financial Markets
Q4-08,2007-09-24,7.05,08-31-2008,ING Financial Markets
Q4-08,2007-10-25,7.05,08-31-2008,ING Financial Markets
Q4-08,2007-12-11,7.07,08-31-2008,ING Financial Markets
Q4-08,2007-12-26,6.99,08-31-2008,ING Financial Markets
Q4-08,2008-01-31,6.76,08-31-2008,ING Financial Markets
Q4-08,2008-02-21,6.76,08-31-2008,ING Financial Markets
Q4-08,2008-04-03,6.55,08-31-2008,ING Financial Markets
Q4-08,2008-04-22,6.58,08-31-2008,ING Financial Markets
Q4-08,2008-06-19,6.7,08-31-2008,ING Financial Markets
Q1-09,2008-04-03,6.48,08-31-2008,ING Financial Markets
Q1-09,2008-04-22,6.5,08-31-2008,ING Financial Markets
Q1-09,2008-06-19,6.65,08-31-2008,ING Financial Markets
2009,2007-09-24,6.7,08-31-2008,ING Financial Markets
2009,2007-10-25,6.7,08-31-2008,ING Financial Markets
2009,2008-01-31,6.52,08-31-2008,ING Financial Markets
2009,2008-02-21,6.45,08-31-2008,ING Financial Markets
2009,2008-04-03,6.25,08-31-2008,ING Financial Markets
2009,2008-04-22,6.25,08-31-2008,ING Financial Markets
2009,2008-06-19,6.35,08-31-2008,ING Financial Markets
Q1-19,2018-03-07,6.0,02-28-2019,ING Financial Markets
Q1-19,2018-04-16,6.0,02-28-2019,ING Financial Markets
Q1-19,2018-05-11,6.3,02-28-2019,ING Financial Markets
Q1-19,2018-05-15,6.3,02-28-2019,ING Financial Markets
Q1-19,2018-06-22,6.7,02-28-2019,ING Financial Markets
Q1-19,2018-07-05,7.0,02-28-2019,ING Financial Markets
Q1-19,2018-07-24,7.0,02-28-2019,ING Financial Markets
Q1-19,2018-09-10,7.0,02-28-2019,ING Financial Markets
Q1-19,2018-10-15,7.0,02-28-2019,ING Financial Markets
Q1-19,2018-11-13,7.1,02-28-2019,ING Financial Markets
Q1-19,2018-12-03,7.1,02-28-2019,ING Financial Markets
Q1-19,2018-12-10,7.1,02-28-2019,ING Financial Markets
Q1-19,2019-01-09,7.1,02-28-2019,ING Financial Markets
Q1-19,2019-01-11,7.1,02-28-2019,ING Financial Markets
Q1-19,2019-02-14,6.74,02-28-2019,ING Financial Markets
Q2-19,2018-03-07,5.9,02-28-2019,ING Financial Markets
Q2-19,2018-05-11,6.27,02-28-2019,ING Financial Markets
Q2-19,2018-06-22,6.55,02-28-2019,ING Financial Markets
Q2-19,2018-07-05,6.8,02-28-2019,ING Financial Markets
Q2-19,2018-07-24,6.8,02-28-2019,ING Financial Markets
Q2-19,2018-09-10,6.9,02-28-2019,ING Financial Markets
Q2-19,2018-10-15,7.0,02-28-2019,ING Financial Markets
Q2-19,2018-11-13,7.2,02-28-2019,ING Financial Markets
Q2-19,2018-12-03,7.2,02-28-2019,ING Financial Markets
Q2-19,2018-12-10,7.2,02-28-2019,ING Financial Markets
Q2-19,2019-01-09,7.2,02-28-2019,ING Financial Markets
Q2-19,2019-01-11,7.2,02-28-2019,ING Financial Markets
Q2-19,2019-02-14,6.85,02-28-2019,ING Financial Markets
Q3-19,2018-03-07,5.85,02-28-2019,ING Financial Markets
Q3-19,2018-05-11,6.24,02-28-2019,ING Financial Markets
Q3-19,2018-06-22,6.55,02-28-2019,ING Financial Markets
Q3-19,2018-07-05,6.6,02-28-2019,ING Financial Markets
Q3-19,2018-07-24,6.6,02-28-2019,ING Financial Markets
Q3-19,2018-09-10,6.8,02-28-2019,ING Financial Markets
Q3-19,2018-10-15,7.0,02-28-2019,ING Financial Markets
Q3-19,2018-11-13,7.3,02-28-2019,ING Financial Markets
Q3-19,2018-12-03,7.3,02-28-2019,ING Financial Markets
Q3-19,2018-12-10,7.3,02-28-2019,ING Financial Markets
Q3-19,2019-01-09,7.3,02-28-2019,ING Financial Markets
Q3-19,2019-01-11,7.3,02-28-2019,ING Financial Markets
Q3-19,2019-02-14,6.85,02-28-2019,ING Financial Markets
Q4-19,2017-07-19,6.6,02-28-2019,ING Financial Markets
Q4-19,2017-08-17,6.45,02-28-2019,ING Financial Markets
Q4-19,2017-09-12,6.0,02-28-2019,ING Financial Markets
Q4-19,2017-12-06,6.2,02-28-2019,ING Financial Markets
Q4-19,2018-01-15,6.2,02-28-2019,ING Financial Markets
Q4-19,2018-01-16,6.2,02-28-2019,ING Financial Markets
Q4-19,2018-02-21,5.8,02-28-2019,ING Financial Markets
Q4-19,2018-03-07,5.8,02-28-2019,ING Financial Markets
Q4-19,2018-04-16,5.8,02-28-2019,ING Financial Markets
Q4-19,2018-05-11,6.2,02-28-2019,ING Financial Markets
Q4-19,2018-05-15,6.2,02-28-2019,ING Financial Markets
Q4-19,2018-06-22,6.5,02-28-2019,ING Financial Markets
Q4-19,2018-07-05,6.5,02-28-2019,ING Financial Markets
Q4-19,2018-07-24,6.5,02-28-2019,ING Financial Markets
Q4-19,2018-09-10,6.6,02-28-2019,ING Financial Markets
Q4-19,2018-10-15,6.9,02-28-2019,ING Financial Markets
Q4-19,2018-11-13,7.3,02-28-2019,ING Financial Markets
Q4-19,2018-12-03,7.3,02-28-2019,ING Financial Markets
Q4-19,2018-12-10,7.3,02-28-2019,ING Financial Markets
Q4-19,2019-01-09,7.3,02-28-2019,ING Financial Markets
Q4-19,2019-01-11,7.3,02-28-2019,ING Financial Markets
Q4-19,2019-02-14,6.75,02-28-2019,ING Financial Markets
2020,2017-07-19,6.5,02-28-2019,ING Financial Markets
2020,2018-07-25,6.3,02-28-2019,ING Financial Markets
2020,2018-09-10,6.3,02-28-2019,ING Financial Markets
2020,2018-10-15,6.3,02-28-2019,ING Financial Markets
2020,2018-12-03,7.3,02-28-2019,ING Financial Markets
2020,2018-12-10,7.0,02-28-2019,ING Financial Markets
2020,2019-01-11,7.0,02-28-2019,ING Financial Markets
2020,2019-02-14,6.7,02-28-2019,ING Financial Markets
2021,2018-12-03,7.0,02-28-2019,ING Financial Markets
Q1-18,2017-03-10,6.75,02-28-2018,ING Financial Markets
Q1-18,2017-04-07,6.75,02-28-2018,ING Financial Markets
Q1-18,2017-04-12,6.75,02-28-2018,ING Financial Markets
Q1-18,2017-05-08,6.75,02-28-2018,ING Financial Markets
Q1-18,2017-05-16,6.75,02-28-2018,ING Financial Markets
Q1-18,2017-06-15,6.7,02-28-2018,ING Financial Markets
Q1-18,2017-07-19,6.7,02-28-2018,ING Financial Markets
Q1-18,2017-08-17,6.6,02-28-2018,ING Financial Markets
Q1-18,2017-09-12,6.3,02-28-2018,ING Financial Markets
Q1-18,2017-10-13,6.4,02-28-2018,ING Financial Markets
Q1-18,2017-12-06,6.45,02-28-2018,ING Financial Markets
Q1-18,2017-12-07,6.45,02-28-2018,ING Financial Markets
Q1-18,2018-01-15,6.45,02-28-2018,ING Financial Markets
Q1-18,2018-01-16,6.45,02-28-2018,ING Financial Markets
Q1-18,2018-02-21,6.3,02-28-2018,ING Financial Markets
Q2-18,2017-05-08,6.7,02-28-2018,ING Financial Markets
Q2-18,2017-06-15,6.68,02-28-2018,ING Financial Markets
Q2-18,2017-07-19,6.68,02-28-2018,ING Financial Markets
Q2-18,2017-08-17,6.55,02-28-2018,ING Financial Markets
Q2-18,2017-09-12,6.27,02-28-2018,ING Financial Markets
Q2-18,2017-10-13,6.35,02-28-2018,ING Financial Markets
Q2-18,2017-12-06,6.4,02-28-2018,ING Financial Markets
Q2-18,2017-12-07,6.4,02-28-2018,ING Financial Markets
Q2-18,2018-01-15,6.4,02-28-2018,ING Financial Markets
Q2-18,2018-01-16,6.4,02-28-2018,ING Financial Markets
Q2-18,2018-02-21,6.25,02-28-2018,ING Financial Markets
Q3-18,2017-05-08,6.65,02-28-2018,ING Financial Markets
Q3-18,2017-06-15,6.65,02-28-2018,ING Financial Markets
Q3-18,2017-09-12,6.25,02-28-2018,ING Financial Markets
Q3-18,2017-10-13,6.3,02-28-2018,ING Financial Markets
Q3-18,2017-12-06,6.35,02-28-2018,ING Financial Markets
Q3-18,2017-12-07,6.35,02-28-2018,ING Financial Markets
Q3-18,2018-01-15,6.35,02-28-2018,ING Financial Markets
Q3-18,2018-01-16,6.35,02-28-2018,ING Financial Markets
Q3-18,2018-02-21,6.2,02-28-2018,ING Financial Markets
Q4-18,2016-07-05,6.7,02-28-2018,ING Financial Markets
Q4-18,2016-08-09,6.7,02-28-2018,ING Financial Markets
Q4-18,2016-09-12,6.7,02-28-2018,ING Financial Markets
Q4-18,2016-10-11,6.7,02-28-2018,ING Financial Markets
Q4-18,2017-02-17,6.5,02-28-2018,ING Financial Markets
Q4-18,2017-03-10,6.6,02-28-2018,ING Financial Markets
Q4-18,2017-04-07,6.6,02-28-2018,ING Financial Markets
Q4-18,2017-04-12,6.6,02-28-2018,ING Financial Markets
Q4-18,2017-05-08,6.6,02-28-2018,ING Financial Markets
Q4-18,2017-05-16,6.6,02-28-2018,ING Financial Markets
Q4-18,2017-06-15,6.63,02-28-2018,ING Financial Markets
Q4-18,2017-07-19,6.65,02-28-2018,ING Financial Markets
Q4-18,2017-08-17,6.45,02-28-2018,ING Financial Markets
Q4-18,2017-09-12,6.2,02-28-2018,ING Financial Markets
Q4-18,2017-10-13,6.25,02-28-2018,ING Financial Markets
Q4-18,2017-12-06,6.3,02-28-2018,ING Financial Markets
Q4-18,2017-12-07,6.3,02-28-2018,ING Financial Markets
Q4-18,2018-01-15,6.3,02-28-2018,ING Financial Markets
Q4-18,2018-01-16,6.3,02-28-2018,ING Financial Markets
Q4-18,2018-02-21,6.1,02-28-2018,ING Financial Markets
2019,2017-07-19,6.6,02-28-2018,ING Financial Markets
2019,2017-08-17,6.45,02-28-2018,ING Financial Markets
2019,2017-09-12,6.0,02-28-2018,ING Financial Markets
2019,2017-12-06,6.2,02-28-2018,ING Financial Markets
2019,2018-01-15,6.2,02-28-2018,ING Financial Markets
2019,2018-01-16,6.2,02-28-2018,ING Financial Markets
2019,2018-02-21,5.8,02-28-2018,ING Financial Markets
2020,2017-07-19,6.5,02-28-2018,ING Financial Markets
Q3-09,2009-01-14,6.85,08-31-2009,ING Financial Markets
Q3-09,2009-01-16,6.85,08-31-2009,ING Financial Markets
Q3-09,2009-02-12,6.85,08-31-2009,ING Financial Markets
Q3-09,2009-03-23,6.85,08-31-2009,ING Financial Markets
Q3-09,2009-05-27,6.8,08-31-2009,ING Financial Markets
Q4-09,2007-09-24,6.7,08-31-2009,ING Financial Markets
Q4-09,2007-10-25,6.7,08-31-2009,ING Financial Markets
Q4-09,2008-01-31,6.52,08-31-2009,ING Financial Markets
Q4-09,2008-02-21,6.45,08-31-2009,ING Financial Markets
Q4-09,2008-04-03,6.25,08-31-2009,ING Financial Markets
Q4-09,2008-04-22,6.25,08-31-2009,ING Financial Markets
Q4-09,2008-06-19,6.35,08-31-2009,ING Financial Markets
Q4-09,2009-01-14,6.85,08-31-2009,ING Financial Markets
Q4-09,2009-01-16,6.85,08-31-2009,ING Financial Markets
Q4-09,2009-02-12,6.85,08-31-2009,ING Financial Markets
Q4-09,2009-03-23,6.85,08-31-2009,ING Financial Markets
Q4-09,2009-05-27,6.79,08-31-2009,ING Financial Markets
Q1-10,2009-03-23,6.85,08-31-2009,ING Financial Markets
2010,2009-01-14,6.85,08-31-2009,ING Financial Markets
2010,2009-01-16,6.85,08-31-2009,ING Financial Markets
2010,2009-02-12,6.85,08-31-2009,ING Financial Markets
2010,2009-03-23,6.85,08-31-2009,ING Financial Markets
2010,2009-05-27,6.78,08-31-2009,ING Financial Markets
2011,2009-01-14,6.85,08-31-2009,ING Financial Markets
2011,2009-01-16,6.85,08-31-2009,ING Financial Markets
2011,2009-02-12,6.85,08-31-2009,ING Financial Markets
2011,2009-03-23,6.85,08-31-2009,ING Financial Markets
2011,2009-05-27,6.78,08-31-2009,ING Financial Markets
Q2-14,2013-08-30,6.02,05-31-2014,ING Financial Markets
Q2-14,2013-09-05,6.02,05-31-2014,ING Financial Markets
Q2-14,2013-10-11,6.02,05-31-2014,ING Financial Markets
Q2-14,2013-11-12,6.05,05-31-2014,ING Financial Markets
Q2-14,2013-12-12,6.05,05-31-2014,ING Financial Markets
Q2-14,2014-01-14,6.02,05-31-2014,ING Financial Markets
Q2-14,2014-01-15,6.02,05-31-2014,ING Financial Markets
Q2-14,2014-02-19,6.02,05-31-2014,ING Financial Markets
Q2-14,2014-03-19,6.17,05-31-2014,ING Financial Markets
Q2-14,2014-04-17,6.2,05-31-2014,ING Financial Markets
Q2-14,2014-05-22,6.22,05-31-2014,ING Financial Markets
Q3-14,2013-11-12,6.03,05-31-2014,ING Financial Markets
Q3-14,2013-12-12,6.03,05-31-2014,ING Financial Markets
Q3-14,2014-01-14,5.99,05-31-2014,ING Financial Markets
Q3-14,2014-01-15,5.99,05-31-2014,ING Financial Markets
Q3-14,2014-02-19,5.99,05-31-2014,ING Financial Markets
Q3-14,2014-03-19,6.02,05-31-2014,ING Financial Markets
Q3-14,2014-04-17,6.02,05-31-2014,ING Financial Markets
Q3-14,2014-05-22,6.22,05-31-2014,ING Financial Markets
Q4-14,2012-06-18,6.4,05-31-2014,ING Financial Markets
Q4-14,2012-10-09,6.31,05-31-2014,ING Financial Markets
Q4-14,2012-11-14,6.22,05-31-2014,ING Financial Markets
Q4-14,2012-12-12,6.16,05-31-2014,ING Financial Markets
Q4-14,2013-01-16,6.16,05-31-2014,ING Financial Markets
Q4-14,2013-02-26,6.33,05-31-2014,ING Financial Markets
Q4-14,2013-04-17,6.34,05-31-2014,ING Financial Markets
Q4-14,2013-06-05,6.05,05-31-2014,ING Financial Markets
Q4-14,2013-08-30,5.98,05-31-2014,ING Financial Markets
Q4-14,2013-09-05,5.98,05-31-2014,ING Financial Markets
Q4-14,2013-10-11,6.0,05-31-2014,ING Financial Markets
Q4-14,2013-11-12,6.02,05-31-2014,ING Financial Markets
Q4-14,2013-12-12,6.0,05-31-2014,ING Financial Markets
Q4-14,2014-01-14,5.97,05-31-2014,ING Financial Markets
Q4-14,2014-01-15,5.97,05-31-2014,ING Financial Markets
Q4-14,2014-02-19,5.97,05-31-2014,ING Financial Markets
Q4-14,2014-03-19,6.0,05-31-2014,ING Financial Markets
Q4-14,2014-04-17,6.0,05-31-2014,ING Financial Markets
Q4-14,2014-05-22,6.22,05-31-2014,ING Financial Markets
Q1-15,2014-04-17,5.99,05-31-2014,ING Financial Markets
Q1-15,2014-05-22,6.22,05-31-2014,ING Financial Markets
2015,2013-06-05,6.05,05-31-2014,ING Financial Markets
2015,2013-08-30,5.98,05-31-2014,ING Financial Markets
2015,2013-09-05,5.98,05-31-2014,ING Financial Markets
2015,2013-10-11,6.0,05-31-2014,ING Financial Markets
2015,2013-11-12,6.0,05-31-2014,ING Financial Markets
2015,2013-12-12,6.0,05-31-2014,ING Financial Markets
2015,2014-01-14,5.97,05-31-2014,ING Financial Markets
2015,2014-01-15,5.97,05-31-2014,ING Financial Markets
2015,2014-02-19,5.97,05-31-2014,ING Financial Markets
2015,2014-03-19,5.94,05-31-2014,ING Financial Markets
2015,2014-04-17,5.94,05-31-2014,ING Financial Markets
2015,2014-05-22,6.22,05-31-2014,ING Financial Markets
Q1-22,2021-03-08,6.15,02-28-2022,ING Financial Markets
Q1-22,2021-04-05,6.25,02-28-2022,ING Financial Markets
Q1-22,2021-04-20,6.25,02-28-2022,ING Financial Markets
Q1-22,2021-05-07,6.25,02-28-2022,ING Financial Markets
Q1-22,2021-06-10,6.25,02-28-2022,ING Financial Markets
Q1-22,2021-08-09,6.78,02-28-2022,ING Financial Markets
Q1-22,2021-10-12,6.78,02-28-2022,ING Financial Markets
Q1-22,2022-01-11,6.35,02-28-2022,ING Financial Markets
Q1-22,2022-02-18,6.35,02-28-2022,ING Financial Markets
Q2-22,2021-06-10,6.2,02-28-2022,ING Financial Markets
Q2-22,2021-08-09,6.7,02-28-2022,ING Financial Markets
Q2-22,2021-10-12,6.7,02-28-2022,ING Financial Markets
Q2-22,2022-01-11,6.35,02-28-2022,ING Financial Markets
Q2-22,2022-02-18,6.35,02-28-2022,ING Financial Markets
Q3-22,2021-10-12,6.6,02-28-2022,ING Financial Markets
Q3-22,2022-01-11,6.4,02-28-2022,ING Financial Markets
Q3-22,2022-02-18,6.4,02-28-2022,ING Financial Markets
Q4-22,2020-07-02,6.75,02-28-2022,ING Financial Markets
Q4-22,2020-08-06,6.7,02-28-2022,ING Financial Markets
Q4-22,2020-09-02,6.7,02-28-2022,ING Financial Markets
Q4-22,2020-09-29,6.7,02-28-2022,ING Financial Markets
Q4-22,2020-10-09,6.7,02-28-2022,ING Financial Markets
Q4-22,2020-11-10,6.5,02-28-2022,ING Financial Markets
Q4-22,2020-12-03,6.5,02-28-2022,ING Financial Markets
Q4-22,2020-12-11,6.5,02-28-2022,ING Financial Markets
Q4-22,2021-01-08,6.0,02-28-2022,ING Financial Markets
Q4-22,2021-02-01,6.0,02-28-2022,ING Financial Markets
Q4-22,2021-02-02,6.0,02-28-2022,ING Financial Markets
Q4-22,2021-03-08,6.0,02-28-2022,ING Financial Markets
Q4-22,2021-04-05,6.1,02-28-2022,ING Financial Markets
Q4-22,2021-04-06,6.1,02-28-2022,ING Financial Markets
Q4-22,2021-04-20,6.1,02-28-2022,ING Financial Markets
Q4-22,2021-05-07,6.1,02-28-2022,ING Financial Markets
Q4-22,2021-06-10,6.15,02-28-2022,ING Financial Markets
Q4-22,2021-06-14,6.1,02-28-2022,ING Financial Markets
Q4-22,2021-08-09,6.4,02-28-2022,ING Financial Markets
Q4-22,2021-10-12,6.4,02-28-2022,ING Financial Markets
Q4-22,2022-01-11,6.5,02-28-2022,ING Financial Markets
Q4-22,2022-02-18,6.5,02-28-2022,ING Financial Markets
2023,2021-04-06,5.9,02-28-2022,ING Financial Markets
2023,2021-04-20,5.9,02-28-2022,ING Financial Markets
2023,2021-05-07,5.9,02-28-2022,ING Financial Markets
2023,2021-06-10,6.1,02-28-2022,ING Financial Markets
2023,2021-06-14,5.9,02-28-2022,ING Financial Markets
2023,2021-08-09,6.2,02-28-2022,ING Financial Markets
2023,2021-10-12,6.2,02-28-2022,ING Financial Markets
2023,2022-01-11,6.2,02-28-2022,ING Financial Markets
2023,2022-02-18,6.2,02-28-2022,ING Financial Markets
Q4-13,2012-01-10,6.0,11-30-2013,ING Financial Markets
Q4-13,2012-02-14,6.0,11-30-2013,ING Financial Markets
Q4-13,2012-03-19,6.06,11-30-2013,ING Financial Markets
Q4-13,2012-04-20,6.0,11-30-2013,ING Financial Markets
Q4-13,2012-05-21,6.18,11-30-2013,ING Financial Markets
Q4-13,2012-06-18,6.4,11-30-2013,ING Financial Markets
Q4-13,2012-10-09,6.31,11-30-2013,ING Financial Markets
Q4-13,2012-11-14,6.22,11-30-2013,ING Financial Markets
Q4-13,2012-12-12,6.16,11-30-2013,ING Financial Markets
Q4-13,2013-01-16,6.16,11-30-2013,ING Financial Markets
Q4-13,2013-02-26,6.33,11-30-2013,ING Financial Markets
Q4-13,2013-04-17,6.33,11-30-2013,ING Financial Markets
Q4-13,2013-06-05,6.12,11-30-2013,ING Financial Markets
Q4-13,2013-08-30,6.06,11-30-2013,ING Financial Markets
Q4-13,2013-09-05,6.06,11-30-2013,ING Financial Markets
Q4-13,2013-10-11,6.07,11-30-2013,ING Financial Markets
Q4-13,2013-11-12,6.09,11-30-2013,ING Financial Markets
Q1-14,2013-04-17,6.34,11-30-2013,ING Financial Markets
Q1-14,2013-06-05,6.05,11-30-2013,ING Financial Markets
Q1-14,2013-08-30,6.04,11-30-2013,ING Financial Markets
Q1-14,2013-09-05,6.04,11-30-2013,ING Financial Markets
Q1-14,2013-10-11,6.04,11-30-2013,ING Financial Markets
Q1-14,2013-11-12,6.07,11-30-2013,ING Financial Markets
Q2-14,2013-08-30,6.02,11-30-2013,ING Financial Markets
Q2-14,2013-09-05,6.02,11-30-2013,ING Financial Markets
Q2-14,2013-10-11,6.02,11-30-2013,ING Financial Markets
Q2-14,2013-11-12,6.05,11-30-2013,ING Financial Markets
Q3-14,2013-11-12,6.03,11-30-2013,ING Financial Markets
2014,2012-02-14,6.0,11-30-2013,ING Financial Markets
2014,2012-03-19,6.0,11-30-2013,ING Financial Markets
2014,2012-05-21,6.18,11-30-2013,ING Financial Markets
2014,2012-06-18,6.4,11-30-2013,ING Financial Markets
2014,2012-10-09,6.31,11-30-2013,ING Financial Markets
2014,2012-11-14,6.22,11-30-2013,ING Financial Markets
2014,2012-12-12,6.16,11-30-2013,ING Financial Markets
2014,2013-01-16,6.16,11-30-2013,ING Financial Markets
2014,2013-02-26,6.33,11-30-2013,ING Financial Markets
2014,2013-04-17,6.34,11-30-2013,ING Financial Markets
2014,2013-06-05,6.05,11-30-2013,ING Financial Markets
2014,2013-08-30,5.98,11-30-2013,ING Financial Markets
2014,2013-09-05,5.98,11-30-2013,ING Financial Markets
2014,2013-10-11,6.0,11-30-2013,ING Financial Markets
2014,2013-11-12,6.02,11-30-2013,ING Financial Markets
2015,2012-05-21,6.05,11-30-2013,ING Financial Markets
2015,2013-06-05,6.05,11-30-2013,ING Financial Markets
2015,2013-08-30,5.98,11-30-2013,ING Financial Markets
2015,2013-09-05,5.98,11-30-2013,ING Financial Markets
2015,2013-10-11,6.0,11-30-2013,ING Financial Markets
2015,2013-11-12,6.0,11-30-2013,ING Financial Markets
Q1-14,2013-04-17,6.34,02-28-2014,ING Financial Markets
Q1-14,2013-06-05,6.05,02-28-2014,ING Financial Markets
Q1-14,2013-08-30,6.04,02-28-2014,ING Financial Markets
Q1-14,2013-09-05,6.04,02-28-2014,ING Financial Markets
Q1-14,2013-10-11,6.04,02-28-2014,ING Financial Markets
Q1-14,2013-11-12,6.07,02-28-2014,ING Financial Markets
Q1-14,2013-12-12,6.07,02-28-2014,ING Financial Markets
Q1-14,2014-01-14,6.04,02-28-2014,ING Financial Markets
Q1-14,2014-01-15,6.04,02-28-2014,ING Financial Markets
Q1-14,2014-02-19,6.04,02-28-2014,ING Financial Markets
Q2-14,2013-08-30,6.02,02-28-2014,ING Financial Markets
Q2-14,2013-09-05,6.02,02-28-2014,ING Financial Markets
Q2-14,2013-10-11,6.02,02-28-2014,ING Financial Markets
Q2-14,2013-11-12,6.05,02-28-2014,ING Financial Markets
Q2-14,2013-12-12,6.05,02-28-2014,ING Financial Markets
Q2-14,2014-01-14,6.02,02-28-2014,ING Financial Markets
Q2-14,2014-01-15,6.02,02-28-2014,ING Financial Markets
Q2-14,2014-02-19,6.02,02-28-2014,ING Financial Markets
Q3-14,2013-11-12,6.03,02-28-2014,ING Financial Markets
Q3-14,2013-12-12,6.03,02-28-2014,ING Financial Markets
Q3-14,2014-01-14,5.99,02-28-2014,ING Financial Markets
Q3-14,2014-01-15,5.99,02-28-2014,ING Financial Markets
Q3-14,2014-02-19,5.99,02-28-2014,ING Financial Markets
Q4-14,2012-03-19,6.0,02-28-2014,ING Financial Markets
Q4-14,2012-05-21,6.18,02-28-2014,ING Financial Markets
Q4-14,2012-06-18,6.4,02-28-2014,ING Financial Markets
Q4-14,2012-10-09,6.31,02-28-2014,ING Financial Markets
Q4-14,2012-11-14,6.22,02-28-2014,ING Financial Markets
Q4-14,2012-12-12,6.16,02-28-2014,ING Financial Markets
Q4-14,2013-01-16,6.16,02-28-2014,ING Financial Markets
Q4-14,2013-02-26,6.33,02-28-2014,ING Financial Markets
Q4-14,2013-04-17,6.34,02-28-2014,ING Financial Markets
Q4-14,2013-06-05,6.05,02-28-2014,ING Financial Markets
Q4-14,2013-08-30,5.98,02-28-2014,ING Financial Markets
Q4-14,2013-09-05,5.98,02-28-2014,ING Financial Markets
Q4-14,2013-10-11,6.0,02-28-2014,ING Financial Markets
Q4-14,2013-11-12,6.02,02-28-2014,ING Financial Markets
Q4-14,2013-12-12,6.0,02-28-2014,ING Financial Markets
Q4-14,2014-01-14,5.97,02-28-2014,ING Financial Markets
Q4-14,2014-01-15,5.97,02-28-2014,ING Financial Markets
Q4-14,2014-02-19,5.97,02-28-2014,ING Financial Markets
2015,2012-05-21,6.05,02-28-2014,ING Financial Markets
2015,2013-06-05,6.05,02-28-2014,ING Financial Markets
2015,2013-08-30,5.98,02-28-2014,ING Financial Markets
2015,2013-09-05,5.98,02-28-2014,ING Financial Markets
2015,2013-10-11,6.0,02-28-2014,ING Financial Markets
2015,2013-11-12,6.0,02-28-2014,ING Financial Markets
2015,2013-12-12,6.0,02-28-2014,ING Financial Markets
2015,2014-01-14,5.97,02-28-2014,ING Financial Markets
2015,2014-01-15,5.97,02-28-2014,ING Financial Markets
2015,2014-02-19,5.97,02-28-2014,ING Financial Markets
Q3-13,2012-10-09,6.31,08-31-2013,ING Financial Markets
Q3-13,2012-11-14,6.23,08-31-2013,ING Financial Markets
Q3-13,2012-12-12,6.18,08-31-2013,ING Financial Markets
Q3-13,2013-01-16,6.18,08-31-2013,ING Financial Markets
Q3-13,2013-02-26,6.33,08-31-2013,ING Financial Markets
Q3-13,2013-04-17,6.32,08-31-2013,ING Financial Markets
Q3-13,2013-06-05,6.15,08-31-2013,ING Financial Markets
Q3-13,2013-08-30,6.1,08-31-2013,ING Financial Markets
Q4-13,2011-10-14,6.19,08-31-2013,ING Financial Markets
Q4-13,2011-11-11,6.0,08-31-2013,ING Financial Markets
Q4-13,2012-01-10,6.0,08-31-2013,ING Financial Markets
Q4-13,2012-02-14,6.0,08-31-2013,ING Financial Markets
Q4-13,2012-03-19,6.06,08-31-2013,ING Financial Markets
Q4-13,2012-04-20,6.0,08-31-2013,ING Financial Markets
Q4-13,2012-05-21,6.18,08-31-2013,ING Financial Markets
Q4-13,2012-06-18,6.4,08-31-2013,ING Financial Markets
Q4-13,2012-10-09,6.31,08-31-2013,ING Financial Markets
Q4-13,2012-11-14,6.22,08-31-2013,ING Financial Markets
Q4-13,2012-12-12,6.16,08-31-2013,ING Financial Markets
Q4-13,2013-01-16,6.16,08-31-2013,ING Financial Markets
Q4-13,2013-02-26,6.33,08-31-2013,ING Financial Markets
Q4-13,2013-04-17,6.33,08-31-2013,ING Financial Markets
Q4-13,2013-06-05,6.12,08-31-2013,ING Financial Markets
Q4-13,2013-08-30,6.06,08-31-2013,ING Financial Markets
Q1-14,2013-04-17,6.34,08-31-2013,ING Financial Markets
Q1-14,2013-06-05,6.05,08-31-2013,ING Financial Markets
Q1-14,2013-08-30,6.04,08-31-2013,ING Financial Markets
Q2-14,2013-08-30,6.02,08-31-2013,ING Financial Markets
2014,2012-02-14,6.0,08-31-2013,ING Financial Markets
2014,2012-03-19,6.0,08-31-2013,ING Financial Markets
2014,2012-05-21,6.18,08-31-2013,ING Financial Markets
2014,2012-06-18,6.4,08-31-2013,ING Financial Markets
2014,2012-10-09,6.31,08-31-2013,ING Financial Markets
2014,2012-11-14,6.22,08-31-2013,ING Financial Markets
2014,2012-12-12,6.16,08-31-2013,ING Financial Markets
2014,2013-01-16,6.16,08-31-2013,ING Financial Markets
2014,2013-02-26,6.33,08-31-2013,ING Financial Markets
2014,2013-04-17,6.34,08-31-2013,ING Financial Markets
2014,2013-06-05,6.05,08-31-2013,ING Financial Markets
2014,2013-08-30,5.98,08-31-2013,ING Financial Markets
2015,2012-05-21,6.05,08-31-2013,ING Financial Markets
2015,2013-06-05,6.05,08-31-2013,ING Financial Markets
2015,2013-08-30,5.98,08-31-2013,ING Financial Markets
Q2-18,2017-05-08,6.7,05-31-2018,ING Financial Markets
Q2-18,2017-06-15,6.68,05-31-2018,ING Financial Markets
Q2-18,2017-07-19,6.68,05-31-2018,ING Financial Markets
Q2-18,2017-08-17,6.55,05-31-2018,ING Financial Markets
Q2-18,2017-09-12,6.27,05-31-2018,ING Financial Markets
Q2-18,2017-10-13,6.35,05-31-2018,ING Financial Markets
Q2-18,2017-12-06,6.4,05-31-2018,ING Financial Markets
Q2-18,2017-12-07,6.4,05-31-2018,ING Financial Markets
Q2-18,2018-01-15,6.4,05-31-2018,ING Financial Markets
Q2-18,2018-01-16,6.4,05-31-2018,ING Financial Markets
Q2-18,2018-02-21,6.25,05-31-2018,ING Financial Markets
Q2-18,2018-03-07,6.25,05-31-2018,ING Financial Markets
Q2-18,2018-04-16,6.25,05-31-2018,ING Financial Markets
Q2-18,2018-05-11,6.33,05-31-2018,ING Financial Markets
Q2-18,2018-05-15,6.33,05-31-2018,ING Financial Markets
Q3-18,2017-05-08,6.65,05-31-2018,ING Financial Markets
Q3-18,2017-06-15,6.65,05-31-2018,ING Financial Markets
Q3-18,2017-09-12,6.25,05-31-2018,ING Financial Markets
Q3-18,2017-10-13,6.3,05-31-2018,ING Financial Markets
Q3-18,2017-12-06,6.35,05-31-2018,ING Financial Markets
Q3-18,2017-12-07,6.35,05-31-2018,ING Financial Markets
Q3-18,2018-01-15,6.35,05-31-2018,ING Financial Markets
Q3-18,2018-01-16,6.35,05-31-2018,ING Financial Markets
Q3-18,2018-02-21,6.2,05-31-2018,ING Financial Markets
Q3-18,2018-03-07,6.2,05-31-2018,ING Financial Markets
Q3-18,2018-04-16,6.2,05-31-2018,ING Financial Markets
Q3-18,2018-05-11,6.35,05-31-2018,ING Financial Markets
Q3-18,2018-05-15,6.35,05-31-2018,ING Financial Markets
Q4-18,2016-07-05,6.7,05-31-2018,ING Financial Markets
Q4-18,2016-08-09,6.7,05-31-2018,ING Financial Markets
Q4-18,2016-09-12,6.7,05-31-2018,ING Financial Markets
Q4-18,2016-10-11,6.7,05-31-2018,ING Financial Markets
Q4-18,2017-02-17,6.5,05-31-2018,ING Financial Markets
Q4-18,2017-03-10,6.6,05-31-2018,ING Financial Markets
Q4-18,2017-04-07,6.6,05-31-2018,ING Financial Markets
Q4-18,2017-04-12,6.6,05-31-2018,ING Financial Markets
Q4-18,2017-05-08,6.6,05-31-2018,ING Financial Markets
Q4-18,2017-05-16,6.6,05-31-2018,ING Financial Markets
Q4-18,2017-06-15,6.63,05-31-2018,ING Financial Markets
Q4-18,2017-07-19,6.65,05-31-2018,ING Financial Markets
Q4-18,2017-08-17,6.45,05-31-2018,ING Financial Markets
Q4-18,2017-09-12,6.2,05-31-2018,ING Financial Markets
Q4-18,2017-10-13,6.25,05-31-2018,ING Financial Markets
Q4-18,2017-12-06,6.3,05-31-2018,ING Financial Markets
Q4-18,2017-12-07,6.3,05-31-2018,ING Financial Markets
Q4-18,2018-01-15,6.3,05-31-2018,ING Financial Markets
Q4-18,2018-01-16,6.3,05-31-2018,ING Financial Markets
Q4-18,2018-02-21,6.1,05-31-2018,ING Financial Markets
Q4-18,2018-03-07,6.1,05-31-2018,ING Financial Markets
Q4-18,2018-04-16,6.1,05-31-2018,ING Financial Markets
Q4-18,2018-05-11,6.33,05-31-2018,ING Financial Markets
Q4-18,2018-05-15,6.33,05-31-2018,ING Financial Markets
Q1-19,2018-03-07,6.0,05-31-2018,ING Financial Markets
Q1-19,2018-04-16,6.0,05-31-2018,ING Financial Markets
Q1-19,2018-05-11,6.3,05-31-2018,ING Financial Markets
Q1-19,2018-05-15,6.3,05-31-2018,ING Financial Markets
2019,2017-07-19,6.6,05-31-2018,ING Financial Markets
2019,2017-08-17,6.45,05-31-2018,ING Financial Markets
2019,2017-09-12,6.0,05-31-2018,ING Financial Markets
2019,2017-12-06,6.2,05-31-2018,ING Financial Markets
2019,2018-01-15,6.2,05-31-2018,ING Financial Markets
2019,2018-01-16,6.2,05-31-2018,ING Financial Markets
2019,2018-02-21,5.8,05-31-2018,ING Financial Markets
2019,2018-03-07,5.8,05-31-2018,ING Financial Markets
2019,2018-04-16,5.8,05-31-2018,ING Financial Markets
2019,2018-05-11,6.2,05-31-2018,ING Financial Markets
2019,2018-05-15,6.2,05-31-2018,ING Financial Markets
2020,2017-07-19,6.5,05-31-2018,ING Financial Markets
Q4-09,2008-01-31,6.52,11-30-2009,ING Financial Markets
Q4-09,2008-02-21,6.45,11-30-2009,ING Financial Markets
Q4-09,2008-04-03,6.25,11-30-2009,ING Financial Markets
Q4-09,2008-04-22,6.25,11-30-2009,ING Financial Markets
Q4-09,2008-06-19,6.35,11-30-2009,ING Financial Markets
Q4-09,2009-01-14,6.85,11-30-2009,ING Financial Markets
Q4-09,2009-01-16,6.85,11-30-2009,ING Financial Markets
Q4-09,2009-02-12,6.85,11-30-2009,ING Financial Markets
Q4-09,2009-03-23,6.85,11-30-2009,ING Financial Markets
Q4-09,2009-05-27,6.79,11-30-2009,ING Financial Markets
Q4-09,2009-11-13,6.81,11-30-2009,ING Financial Markets
Q4-09,2009-11-26,6.52,11-30-2009,ING Financial Markets
Q1-10,2009-03-23,6.85,11-30-2009,ING Financial Markets
Q1-10,2009-11-13,6.81,11-30-2009,ING Financial Markets
Q1-10,2009-11-26,6.85,11-30-2009,ING Financial Markets
Q2-10,2009-11-13,6.78,11-30-2009,ING Financial Markets
Q2-10,2009-11-26,6.78,11-30-2009,ING Financial Markets
Q3-10,2009-11-13,6.622,11-30-2009,ING Financial Markets
Q3-10,2009-11-26,6.622,11-30-2009,ING Financial Markets
2010,2009-01-14,6.85,11-30-2009,ING Financial Markets
2010,2009-01-16,6.85,11-30-2009,ING Financial Markets
2010,2009-02-12,6.85,11-30-2009,ING Financial Markets
2010,2009-03-23,6.85,11-30-2009,ING Financial Markets
2010,2009-05-27,6.78,11-30-2009,ING Financial Markets
2010,2009-11-13,6.588,11-30-2009,ING Financial Markets
2010,2009-11-26,6.85,11-30-2009,ING Financial Markets
2011,2009-01-14,6.85,11-30-2009,ING Financial Markets
2011,2009-01-16,6.85,11-30-2009,ING Financial Markets
2011,2009-02-12,6.85,11-30-2009,ING Financial Markets
2011,2009-03-23,6.85,11-30-2009,ING Financial Markets
2011,2009-05-27,6.78,11-30-2009,ING Financial Markets
2011,2009-11-13,6.458,11-30-2009,ING Financial Markets
2011,2009-11-26,6.85,11-30-2009,ING Financial Markets
Q4-14,2012-12-12,6.16,11-30-2014,ING Financial Markets
Q4-14,2013-01-16,6.16,11-30-2014,ING Financial Markets
Q4-14,2013-02-26,6.33,11-30-2014,ING Financial Markets
Q4-14,2013-04-17,6.34,11-30-2014,ING Financial Markets
Q4-14,2013-06-05,6.05,11-30-2014,ING Financial Markets
Q4-14,2013-08-30,5.98,11-30-2014,ING Financial Markets
Q4-14,2013-09-05,5.98,11-30-2014,ING Financial Markets
Q4-14,2013-10-11,6.0,11-30-2014,ING Financial Markets
Q4-14,2013-11-12,6.02,11-30-2014,ING Financial Markets
Q4-14,2013-12-12,6.0,11-30-2014,ING Financial Markets
Q4-14,2014-01-14,5.97,11-30-2014,ING Financial Markets
Q4-14,2014-01-15,5.97,11-30-2014,ING Financial Markets
Q4-14,2014-02-19,5.97,11-30-2014,ING Financial Markets
Q4-14,2014-03-19,6.0,11-30-2014,ING Financial Markets
Q4-14,2014-04-17,6.0,11-30-2014,ING Financial Markets
Q4-14,2014-05-22,6.22,11-30-2014,ING Financial Markets
Q4-14,2014-07-28,6.22,11-30-2014,ING Financial Markets
Q4-14,2014-09-02,6.22,11-30-2014,ING Financial Markets
Q4-14,2014-09-22,6.05,11-30-2014,ING Financial Markets
Q4-14,2014-11-18,6.09,11-30-2014,ING Financial Markets
Q1-15,2014-04-17,5.99,11-30-2014,ING Financial Markets
Q1-15,2014-05-22,6.22,11-30-2014,ING Financial Markets
Q1-15,2014-07-28,6.22,11-30-2014,ING Financial Markets
Q1-15,2014-09-02,6.22,11-30-2014,ING Financial Markets
Q1-15,2014-09-22,6.05,11-30-2014,ING Financial Markets
Q1-15,2014-11-18,6.07,11-30-2014,ING Financial Markets
Q2-15,2014-07-28,6.22,11-30-2014,ING Financial Markets
Q2-15,2014-09-02,6.22,11-30-2014,ING Financial Markets
Q2-15,2014-09-22,6.05,11-30-2014,ING Financial Markets
Q2-15,2014-11-18,6.05,11-30-2014,ING Financial Markets
Q3-15,2014-09-22,6.05,11-30-2014,ING Financial Markets
Q3-15,2014-11-18,6.04,11-30-2014,ING Financial Markets
2015,2013-06-05,6.05,11-30-2014,ING Financial Markets
2015,2013-08-30,5.98,11-30-2014,ING Financial Markets
2015,2013-09-05,5.98,11-30-2014,ING Financial Markets
2015,2013-10-11,6.0,11-30-2014,ING Financial Markets
2015,2013-11-12,6.0,11-30-2014,ING Financial Markets
2015,2013-12-12,6.0,11-30-2014,ING Financial Markets
2015,2014-01-14,5.97,11-30-2014,ING Financial Markets
2015,2014-01-15,5.97,11-30-2014,ING Financial Markets
2015,2014-02-19,5.97,11-30-2014,ING Financial Markets
2015,2014-03-19,5.94,11-30-2014,ING Financial Markets
2015,2014-04-17,5.94,11-30-2014,ING Financial Markets
2015,2014-05-22,6.22,11-30-2014,ING Financial Markets
2015,2014-07-28,6.22,11-30-2014,ING Financial Markets
2015,2014-09-02,6.22,11-30-2014,ING Financial Markets
2015,2014-09-22,6.05,11-30-2014,ING Financial Markets
2015,2014-11-18,6.03,11-30-2014,ING Financial Markets
2016,2014-09-22,6.05,11-30-2014,ING Financial Markets
2016,2014-11-18,6.03,11-30-2014,ING Financial Markets
Q1-09,2008-04-03,6.48,02-28-2009,ING Financial Markets
Q1-09,2008-04-22,6.5,02-28-2009,ING Financial Markets
Q1-09,2008-06-19,6.65,02-28-2009,ING Financial Markets
Q1-09,2009-01-14,6.84,02-28-2009,ING Financial Markets
Q1-09,2009-01-16,6.844,02-28-2009,ING Financial Markets
Q1-09,2009-02-12,6.84,02-28-2009,ING Financial Markets
Q2-09,2009-01-14,6.85,02-28-2009,ING Financial Markets
Q2-09,2009-01-16,6.85,02-28-2009,ING Financial Markets
Q2-09,2009-02-12,6.85,02-28-2009,ING Financial Markets
Q3-09,2009-01-14,6.85,02-28-2009,ING Financial Markets
Q3-09,2009-01-16,6.85,02-28-2009,ING Financial Markets
Q3-09,2009-02-12,6.85,02-28-2009,ING Financial Markets
Q4-09,2007-09-24,6.7,02-28-2009,ING Financial Markets
Q4-09,2007-10-25,6.7,02-28-2009,ING Financial Markets
Q4-09,2008-01-31,6.52,02-28-2009,ING Financial Markets
Q4-09,2008-02-21,6.45,02-28-2009,ING Financial Markets
Q4-09,2008-04-03,6.25,02-28-2009,ING Financial Markets
Q4-09,2008-04-22,6.25,02-28-2009,ING Financial Markets
Q4-09,2008-06-19,6.35,02-28-2009,ING Financial Markets
Q4-09,2009-01-14,6.85,02-28-2009,ING Financial Markets
Q4-09,2009-01-16,6.85,02-28-2009,ING Financial Markets
Q4-09,2009-02-12,6.85,02-28-2009,ING Financial Markets
2010,2009-01-14,6.85,02-28-2009,ING Financial Markets
2010,2009-01-16,6.85,02-28-2009,ING Financial Markets
2010,2009-02-12,6.85,02-28-2009,ING Financial Markets
2011,2009-01-14,6.85,02-28-2009,ING Financial Markets
2011,2009-01-16,6.85,02-28-2009,ING Financial Markets
2011,2009-02-12,6.85,02-28-2009,ING Financial Markets
Q2-13,2012-04-20,6.1,05-31-2013,ING Financial Markets
Q2-13,2012-05-21,6.21,05-31-2013,ING Financial Markets
Q2-13,2012-06-18,6.4,05-31-2013,ING Financial Markets
Q2-13,2012-10-09,6.35,05-31-2013,ING Financial Markets
Q2-13,2012-11-14,6.24,05-31-2013,ING Financial Markets
Q2-13,2012-12-12,6.19,05-31-2013,ING Financial Markets
Q2-13,2013-01-16,6.19,05-31-2013,ING Financial Markets
Q2-13,2013-02-26,6.34,05-31-2013,ING Financial Markets
Q2-13,2013-04-17,6.29,05-31-2013,ING Financial Markets
Q3-13,2012-10-09,6.31,05-31-2013,ING Financial Markets
Q3-13,2012-11-14,6.23,05-31-2013,ING Financial Markets
Q3-13,2012-12-12,6.18,05-31-2013,ING Financial Markets
Q3-13,2013-01-16,6.18,05-31-2013,ING Financial Markets
Q3-13,2013-02-26,6.33,05-31-2013,ING Financial Markets
Q3-13,2013-04-17,6.32,05-31-2013,ING Financial Markets
Q4-13,2011-06-20,6.17,05-31-2013,ING Financial Markets
Q4-13,2011-10-14,6.19,05-31-2013,ING Financial Markets
Q4-13,2011-11-11,6.0,05-31-2013,ING Financial Markets
Q4-13,2012-01-10,6.0,05-31-2013,ING Financial Markets
Q4-13,2012-02-14,6.0,05-31-2013,ING Financial Markets
Q4-13,2012-03-19,6.06,05-31-2013,ING Financial Markets
Q4-13,2012-04-20,6.0,05-31-2013,ING Financial Markets
Q4-13,2012-05-21,6.18,05-31-2013,ING Financial Markets
Q4-13,2012-06-18,6.4,05-31-2013,ING Financial Markets
Q4-13,2012-10-09,6.31,05-31-2013,ING Financial Markets
Q4-13,2012-11-14,6.22,05-31-2013,ING Financial Markets
Q4-13,2012-12-12,6.16,05-31-2013,ING Financial Markets
Q4-13,2013-01-16,6.16,05-31-2013,ING Financial Markets
Q4-13,2013-02-26,6.33,05-31-2013,ING Financial Markets
Q4-13,2013-04-17,6.33,05-31-2013,ING Financial Markets
Q1-14,2013-04-17,6.34,05-31-2013,ING Financial Markets
2014,2012-02-14,6.0,05-31-2013,ING Financial Markets
2014,2012-03-19,6.0,05-31-2013,ING Financial Markets
2014,2012-05-21,6.18,05-31-2013,ING Financial Markets
2014,2012-06-18,6.4,05-31-2013,ING Financial Markets
2014,2012-10-09,6.31,05-31-2013,ING Financial Markets
2014,2012-11-14,6.22,05-31-2013,ING Financial Markets
2014,2012-12-12,6.16,05-31-2013,ING Financial Markets
2014,2013-01-16,6.16,05-31-2013,ING Financial Markets
2014,2013-02-26,6.33,05-31-2013,ING Financial Markets
2014,2013-04-17,6.34,05-31-2013,ING Financial Markets
Q3-18,2017-05-08,6.65,08-31-2018,ING Financial Markets
Q3-18,2017-06-15,6.65,08-31-2018,ING Financial Markets
Q3-18,2017-09-12,6.25,08-31-2018,ING Financial Markets
Q3-18,2017-10-13,6.3,08-31-2018,ING Financial Markets
Q3-18,2017-12-06,6.35,08-31-2018,ING Financial Markets
Q3-18,2017-12-07,6.35,08-31-2018,ING Financial Markets
Q3-18,2018-01-15,6.35,08-31-2018,ING Financial Markets
Q3-18,2018-01-16,6.35,08-31-2018,ING Financial Markets
Q3-18,2018-02-21,6.2,08-31-2018,ING Financial Markets
Q3-18,2018-03-07,6.2,08-31-2018,ING Financial Markets
Q3-18,2018-04-16,6.2,08-31-2018,ING Financial Markets
Q3-18,2018-05-11,6.35,08-31-2018,ING Financial Markets
Q3-18,2018-05-15,6.35,08-31-2018,ING Financial Markets
Q3-18,2018-06-22,6.55,08-31-2018,ING Financial Markets
Q3-18,2018-07-05,6.8,08-31-2018,ING Financial Markets
Q3-18,2018-07-24,6.9,08-31-2018,ING Financial Markets
Q4-18,2016-09-12,6.7,08-31-2018,ING Financial Markets
Q4-18,2016-10-11,6.7,08-31-2018,ING Financial Markets
Q4-18,2017-02-17,6.5,08-31-2018,ING Financial Markets
Q4-18,2017-03-10,6.6,08-31-2018,ING Financial Markets
Q4-18,2017-04-07,6.6,08-31-2018,ING Financial Markets
Q4-18,2017-04-12,6.6,08-31-2018,ING Financial Markets
Q4-18,2017-05-08,6.6,08-31-2018,ING Financial Markets
Q4-18,2017-05-16,6.6,08-31-2018,ING Financial Markets
Q4-18,2017-06-15,6.63,08-31-2018,ING Financial Markets
Q4-18,2017-07-19,6.65,08-31-2018,ING Financial Markets
Q4-18,2017-08-17,6.45,08-31-2018,ING Financial Markets
Q4-18,2017-09-12,6.2,08-31-2018,ING Financial Markets
Q4-18,2017-10-13,6.25,08-31-2018,ING Financial Markets
Q4-18,2017-12-06,6.3,08-31-2018,ING Financial Markets
Q4-18,2017-12-07,6.3,08-31-2018,ING Financial Markets
Q4-18,2018-01-15,6.3,08-31-2018,ING Financial Markets
Q4-18,2018-01-16,6.3,08-31-2018,ING Financial Markets
Q4-18,2018-02-21,6.1,08-31-2018,ING Financial Markets
Q4-18,2018-03-07,6.1,08-31-2018,ING Financial Markets
Q4-18,2018-04-16,6.1,08-31-2018,ING Financial Markets
Q4-18,2018-05-11,6.33,08-31-2018,ING Financial Markets
Q4-18,2018-05-15,6.33,08-31-2018,ING Financial Markets
Q4-18,2018-06-22,6.6,08-31-2018,ING Financial Markets
Q4-18,2018-07-05,7.0,08-31-2018,ING Financial Markets
Q4-18,2018-07-24,7.0,08-31-2018,ING Financial Markets
Q1-19,2018-03-07,6.0,08-31-2018,ING Financial Markets
Q1-19,2018-04-16,6.0,08-31-2018,ING Financial Markets
Q1-19,2018-05-11,6.3,08-31-2018,ING Financial Markets
Q1-19,2018-05-15,6.3,08-31-2018,ING Financial Markets
Q1-19,2018-06-22,6.7,08-31-2018,ING Financial Markets
Q1-19,2018-07-05,7.0,08-31-2018,ING Financial Markets
Q1-19,2018-07-24,7.0,08-31-2018,ING Financial Markets
Q2-19,2018-03-07,5.9,08-31-2018,ING Financial Markets
Q2-19,2018-05-11,6.27,08-31-2018,ING Financial Markets
Q2-19,2018-06-22,6.55,08-31-2018,ING Financial Markets
Q2-19,2018-07-05,6.8,08-31-2018,ING Financial Markets
Q2-19,2018-07-24,6.8,08-31-2018,ING Financial Markets
2019,2017-07-19,6.6,08-31-2018,ING Financial Markets
2019,2017-08-17,6.45,08-31-2018,ING Financial Markets
2019,2017-09-12,6.0,08-31-2018,ING Financial Markets
2019,2017-12-06,6.2,08-31-2018,ING Financial Markets
2019,2018-01-15,6.2,08-31-2018,ING Financial Markets
2019,2018-01-16,6.2,08-31-2018,ING Financial Markets
2019,2018-02-21,5.8,08-31-2018,ING Financial Markets
2019,2018-03-07,5.8,08-31-2018,ING Financial Markets
2019,2018-04-16,5.8,08-31-2018,ING Financial Markets
2019,2018-05-11,6.2,08-31-2018,ING Financial Markets
2019,2018-05-15,6.2,08-31-2018,ING Financial Markets
2019,2018-06-22,6.5,08-31-2018,ING Financial Markets
2019,2018-07-05,6.5,08-31-2018,ING Financial Markets
2019,2018-07-24,6.5,08-31-2018,ING Financial Markets
2020,2017-07-19,6.5,08-31-2018,ING Financial Markets
2020,2018-07-25,6.3,08-31-2018,ING Financial Markets
Q4-18,2017-02-17,6.5,11-30-2018,ING Financial Markets
Q4-18,2017-03-10,6.6,11-30-2018,ING Financial Markets
Q4-18,2017-04-07,6.6,11-30-2018,ING Financial Markets
Q4-18,2017-04-12,6.6,11-30-2018,ING Financial Markets
Q4-18,2017-05-08,6.6,11-30-2018,ING Financial Markets
Q4-18,2017-05-16,6.6,11-30-2018,ING Financial Markets
Q4-18,2017-06-15,6.63,11-30-2018,ING Financial Markets
Q4-18,2017-07-19,6.65,11-30-2018,ING Financial Markets
Q4-18,2017-08-17,6.45,11-30-2018,ING Financial Markets
Q4-18,2017-09-12,6.2,11-30-2018,ING Financial Markets
Q4-18,2017-10-13,6.25,11-30-2018,ING Financial Markets
Q4-18,2017-12-06,6.3,11-30-2018,ING Financial Markets
Q4-18,2017-12-07,6.3,11-30-2018,ING Financial Markets
Q4-18,2018-01-15,6.3,11-30-2018,ING Financial Markets
Q4-18,2018-01-16,6.3,11-30-2018,ING Financial Markets
Q4-18,2018-02-21,6.1,11-30-2018,ING Financial Markets
Q4-18,2018-03-07,6.1,11-30-2018,ING Financial Markets
Q4-18,2018-04-16,6.1,11-30-2018,ING Financial Markets
Q4-18,2018-05-11,6.33,11-30-2018,ING Financial Markets
Q4-18,2018-05-15,6.33,11-30-2018,ING Financial Markets
Q4-18,2018-06-22,6.6,11-30-2018,ING Financial Markets
Q4-18,2018-07-05,7.0,11-30-2018,ING Financial Markets
Q4-18,2018-07-24,7.0,11-30-2018,ING Financial Markets
Q4-18,2018-09-10,7.0,11-30-2018,ING Financial Markets
Q4-18,2018-10-15,7.0,11-30-2018,ING Financial Markets
Q4-18,2018-11-13,7.0,11-30-2018,ING Financial Markets
Q1-19,2018-03-07,6.0,11-30-2018,ING Financial Markets
Q1-19,2018-04-16,6.0,11-30-2018,ING Financial Markets
Q1-19,2018-05-11,6.3,11-30-2018,ING Financial Markets
Q1-19,2018-05-15,6.3,11-30-2018,ING Financial Markets
Q1-19,2018-06-22,6.7,11-30-2018,ING Financial Markets
Q1-19,2018-07-05,7.0,11-30-2018,ING Financial Markets
Q1-19,2018-07-24,7.0,11-30-2018,ING Financial Markets
Q1-19,2018-09-10,7.0,11-30-2018,ING Financial Markets
Q1-19,2018-10-15,7.0,11-30-2018,ING Financial Markets
Q1-19,2018-11-13,7.1,11-30-2018,ING Financial Markets
Q2-19,2018-03-07,5.9,11-30-2018,ING Financial Markets
Q2-19,2018-05-11,6.27,11-30-2018,ING Financial Markets
Q2-19,2018-06-22,6.55,11-30-2018,ING Financial Markets
Q2-19,2018-07-05,6.8,11-30-2018,ING Financial Markets
Q2-19,2018-07-24,6.8,11-30-2018,ING Financial Markets
Q2-19,2018-09-10,6.9,11-30-2018,ING Financial Markets
Q2-19,2018-10-15,7.0,11-30-2018,ING Financial Markets
Q2-19,2018-11-13,7.2,11-30-2018,ING Financial Markets
Q3-19,2018-03-07,5.85,11-30-2018,ING Financial Markets
Q3-19,2018-05-11,6.24,11-30-2018,ING Financial Markets
Q3-19,2018-06-22,6.55,11-30-2018,ING Financial Markets
Q3-19,2018-07-05,6.6,11-30-2018,ING Financial Markets
Q3-19,2018-07-24,6.6,11-30-2018,ING Financial Markets
Q3-19,2018-09-10,6.8,11-30-2018,ING Financial Markets
Q3-19,2018-10-15,7.0,11-30-2018,ING Financial Markets
Q3-19,2018-11-13,7.3,11-30-2018,ING Financial Markets
2019,2017-07-19,6.6,11-30-2018,ING Financial Markets
2019,2017-08-17,6.45,11-30-2018,ING Financial Markets
2019,2017-09-12,6.0,11-30-2018,ING Financial Markets
2019,2017-12-06,6.2,11-30-2018,ING Financial Markets
2019,2018-01-15,6.2,11-30-2018,ING Financial Markets
2019,2018-01-16,6.2,11-30-2018,ING Financial Markets
2019,2018-02-21,5.8,11-30-2018,ING Financial Markets
2019,2018-03-07,5.8,11-30-2018,ING Financial Markets
2019,2018-04-16,5.8,11-30-2018,ING Financial Markets
2019,2018-05-11,6.2,11-30-2018,ING Financial Markets
2019,2018-05-15,6.2,11-30-2018,ING Financial Markets
2019,2018-06-22,6.5,11-30-2018,ING Financial Markets
2019,2018-07-05,6.5,11-30-2018,ING Financial Markets
2019,2018-07-24,6.5,11-30-2018,ING Financial Markets
2019,2018-09-10,6.6,11-30-2018,ING Financial Markets
2019,2018-10-15,6.9,11-30-2018,ING Financial Markets
2019,2018-11-13,7.3,11-30-2018,ING Financial Markets
2020,2017-07-19,6.5,11-30-2018,ING Financial Markets
2020,2018-07-25,6.3,11-30-2018,ING Financial Markets
2020,2018-09-10,6.3,11-30-2018,ING Financial Markets
2020,2018-10-15,6.3,11-30-2018,ING Financial Markets
Q3-14,2013-11-12,6.03,08-31-2014,ING Financial Markets
Q3-14,2013-12-12,6.03,08-31-2014,ING Financial Markets
Q3-14,2014-01-14,5.99,08-31-2014,ING Financial Markets
Q3-14,2014-01-15,5.99,08-31-2014,ING Financial Markets
Q3-14,2014-02-19,5.99,08-31-2014,ING Financial Markets
Q3-14,2014-03-19,6.02,08-31-2014,ING Financial Markets
Q3-14,2014-04-17,6.02,08-31-2014,ING Financial Markets
Q3-14,2014-05-22,6.22,08-31-2014,ING Financial Markets
Q3-14,2014-07-28,6.22,08-31-2014,ING Financial Markets
Q4-14,2012-10-09,6.31,08-31-2014,ING Financial Markets
Q4-14,2012-11-14,6.22,08-31-2014,ING Financial Markets
Q4-14,2012-12-12,6.16,08-31-2014,ING Financial Markets
Q4-14,2013-01-16,6.16,08-31-2014,ING Financial Markets
Q4-14,2013-02-26,6.33,08-31-2014,ING Financial Markets
Q4-14,2013-04-17,6.34,08-31-2014,ING Financial Markets
Q4-14,2013-06-05,6.05,08-31-2014,ING Financial Markets
Q4-14,2013-08-30,5.98,08-31-2014,ING Financial Markets
Q4-14,2013-09-05,5.98,08-31-2014,ING Financial Markets
Q4-14,2013-10-11,6.0,08-31-2014,ING Financial Markets
Q4-14,2013-11-12,6.02,08-31-2014,ING Financial Markets
Q4-14,2013-12-12,6.0,08-31-2014,ING Financial Markets
Q4-14,2014-01-14,5.97,08-31-2014,ING Financial Markets
Q4-14,2014-01-15,5.97,08-31-2014,ING Financial Markets
Q4-14,2014-02-19,5.97,08-31-2014,ING Financial Markets
Q4-14,2014-03-19,6.0,08-31-2014,ING Financial Markets
Q4-14,2014-04-17,6.0,08-31-2014,ING Financial Markets
Q4-14,2014-05-22,6.22,08-31-2014,ING Financial Markets
Q4-14,2014-07-28,6.22,08-31-2014,ING Financial Markets
Q1-15,2014-04-17,5.99,08-31-2014,ING Financial Markets
Q1-15,2014-05-22,6.22,08-31-2014,ING Financial Markets
Q1-15,2014-07-28,6.22,08-31-2014,ING Financial Markets
Q2-15,2014-07-28,6.22,08-31-2014,ING Financial Markets
2015,2013-06-05,6.05,08-31-2014,ING Financial Markets
2015,2013-08-30,5.98,08-31-2014,ING Financial Markets
2015,2013-09-05,5.98,08-31-2014,ING Financial Markets
2015,2013-10-11,6.0,08-31-2014,ING Financial Markets
2015,2013-11-12,6.0,08-31-2014,ING Financial Markets
2015,2013-12-12,6.0,08-31-2014,ING Financial Markets
2015,2014-01-14,5.97,08-31-2014,ING Financial Markets
2015,2014-01-15,5.97,08-31-2014,ING Financial Markets
2015,2014-02-19,5.97,08-31-2014,ING Financial Markets
2015,2014-03-19,5.94,08-31-2014,ING Financial Markets
2015,2014-04-17,5.94,08-31-2014,ING Financial Markets
2015,2014-05-22,6.22,08-31-2014,ING Financial Markets
2015,2014-07-28,6.22,08-31-2014,ING Financial Markets
Q2-09,2009-01-14,6.85,05-31-2009,ING Financial Markets
Q2-09,2009-01-16,6.85,05-31-2009,ING Financial Markets
Q2-09,2009-02-12,6.85,05-31-2009,ING Financial Markets
Q2-09,2009-03-23,6.85,05-31-2009,ING Financial Markets
Q2-09,2009-05-27,6.81,05-31-2009,ING Financial Markets
Q3-09,2009-01-14,6.85,05-31-2009,ING Financial Markets
Q3-09,2009-01-16,6.85,05-31-2009,ING Financial Markets
Q3-09,2009-02-12,6.85,05-31-2009,ING Financial Markets
Q3-09,2009-03-23,6.85,05-31-2009,ING Financial Markets
Q3-09,2009-05-27,6.8,05-31-2009,ING Financial Markets
Q4-09,2007-09-24,6.7,05-31-2009,ING Financial Markets
Q4-09,2007-10-25,6.7,05-31-2009,ING Financial Markets
Q4-09,2008-01-31,6.52,05-31-2009,ING Financial Markets
Q4-09,2008-02-21,6.45,05-31-2009,ING Financial Markets
Q4-09,2008-04-03,6.25,05-31-2009,ING Financial Markets
Q4-09,2008-04-22,6.25,05-31-2009,ING Financial Markets
Q4-09,2008-06-19,6.35,05-31-2009,ING Financial Markets
Q4-09,2009-01-14,6.85,05-31-2009,ING Financial Markets
Q4-09,2009-01-16,6.85,05-31-2009,ING Financial Markets
Q4-09,2009-02-12,6.85,05-31-2009,ING Financial Markets
Q4-09,2009-03-23,6.85,05-31-2009,ING Financial Markets
Q4-09,2009-05-27,6.79,05-31-2009,ING Financial Markets
Q1-10,2009-03-23,6.85,05-31-2009,ING Financial Markets
2010,2009-01-14,6.85,05-31-2009,ING Financial Markets
2010,2009-01-16,6.85,05-31-2009,ING Financial Markets
2010,2009-02-12,6.85,05-31-2009,ING Financial Markets
2010,2009-03-23,6.85,05-31-2009,ING Financial Markets
2010,2009-05-27,6.78,05-31-2009,ING Financial Markets
2011,2009-01-14,6.85,05-31-2009,ING Financial Markets
2011,2009-01-16,6.85,05-31-2009,ING Financial Markets
2011,2009-02-12,6.85,05-31-2009,ING Financial Markets
2011,2009-03-23,6.85,05-31-2009,ING Financial Markets
2011,2009-05-27,6.78,05-31-2009,ING Financial Markets
Q1-13,2012-01-10,6.13,02-28-2013,ING Financial Markets
Q1-13,2012-02-14,6.13,02-28-2013,ING Financial Markets
Q1-13,2012-03-19,6.09,02-28-2013,ING Financial Markets
Q1-13,2012-04-20,6.15,02-28-2013,ING Financial Markets
Q1-13,2012-05-21,6.22,02-28-2013,ING Financial Markets
Q1-13,2012-06-18,6.41,02-28-2013,ING Financial Markets
Q1-13,2012-10-09,6.36,02-28-2013,ING Financial Markets
Q1-13,2012-11-14,6.24,02-28-2013,ING Financial Markets
Q1-13,2012-12-12,6.21,02-28-2013,ING Financial Markets
Q1-13,2013-01-16,6.21,02-28-2013,ING Financial Markets
Q1-13,2013-02-26,6.28,02-28-2013,ING Financial Markets
Q2-13,2012-04-20,6.1,02-28-2013,ING Financial Markets
Q2-13,2012-05-21,6.21,02-28-2013,ING Financial Markets
Q2-13,2012-06-18,6.4,02-28-2013,ING Financial Markets
Q2-13,2012-10-09,6.35,02-28-2013,ING Financial Markets
Q2-13,2012-11-14,6.24,02-28-2013,ING Financial Markets
Q2-13,2012-12-12,6.19,02-28-2013,ING Financial Markets
Q2-13,2013-01-16,6.19,02-28-2013,ING Financial Markets
Q2-13,2013-02-26,6.34,02-28-2013,ING Financial Markets
Q3-13,2012-10-09,6.31,02-28-2013,ING Financial Markets
Q3-13,2012-11-14,6.23,02-28-2013,ING Financial Markets
Q3-13,2012-12-12,6.18,02-28-2013,ING Financial Markets
Q3-13,2013-01-16,6.18,02-28-2013,ING Financial Markets
Q3-13,2013-02-26,6.33,02-28-2013,ING Financial Markets
Q4-13,2011-04-13,6.28,02-28-2013,ING Financial Markets
Q4-13,2011-06-20,6.17,02-28-2013,ING Financial Markets
Q4-13,2011-10-14,6.19,02-28-2013,ING Financial Markets
Q4-13,2011-11-11,6.0,02-28-2013,ING Financial Markets
Q4-13,2012-01-10,6.0,02-28-2013,ING Financial Markets
Q4-13,2012-02-14,6.0,02-28-2013,ING Financial Markets
Q4-13,2012-03-19,6.06,02-28-2013,ING Financial Markets
Q4-13,2012-04-20,6.0,02-28-2013,ING Financial Markets
Q4-13,2012-05-21,6.18,02-28-2013,ING Financial Markets
Q4-13,2012-06-18,6.4,02-28-2013,ING Financial Markets
Q4-13,2012-10-09,6.31,02-28-2013,ING Financial Markets
Q4-13,2012-11-14,6.22,02-28-2013,ING Financial Markets
Q4-13,2012-12-12,6.16,02-28-2013,ING Financial Markets
Q4-13,2013-01-16,6.16,02-28-2013,ING Financial Markets
Q4-13,2013-02-26,6.33,02-28-2013,ING Financial Markets
2014,2012-02-14,6.0,02-28-2013,ING Financial Markets
2014,2012-03-19,6.0,02-28-2013,ING Financial Markets
2014,2012-05-21,6.18,02-28-2013,ING Financial Markets
2014,2012-06-18,6.4,02-28-2013,ING Financial Markets
2014,2012-10-09,6.31,02-28-2013,ING Financial Markets
2014,2012-11-14,6.22,02-28-2013,ING Financial Markets
2014,2012-12-12,6.16,02-28-2013,ING Financial Markets
2014,2013-01-16,6.16,02-28-2013,ING Financial Markets
2014,2013-02-26,6.33,02-28-2013,ING Financial Markets
Q1-12,2011-01-10,6.13,02-28-2012,ING Financial Markets
Q1-12,2011-01-14,6.3,02-28-2012,ING Financial Markets
Q1-12,2011-02-21,6.3,02-28-2012,ING Financial Markets
Q1-12,2011-04-01,6.4,02-28-2012,ING Financial Markets
Q1-12,2011-04-13,6.4,02-28-2012,ING Financial Markets
Q1-12,2011-05-24,6.38,02-28-2012,ING Financial Markets
Q1-12,2011-06-20,6.39,02-28-2012,ING Financial Markets
Q1-12,2011-10-14,6.36,02-28-2012,ING Financial Markets
Q1-12,2011-11-11,6.27,02-28-2012,ING Financial Markets
Q1-12,2012-01-10,6.27,02-28-2012,ING Financial Markets
Q1-12,2012-02-14,6.27,02-28-2012,ING Financial Markets
Q2-12,2011-06-20,6.36,02-28-2012,ING Financial Markets
Q2-12,2011-10-14,6.35,02-28-2012,ING Financial Markets
Q2-12,2011-11-11,6.22,02-28-2012,ING Financial Markets
Q2-12,2012-01-10,6.22,02-28-2012,ING Financial Markets
Q2-12,2012-02-14,6.22,02-28-2012,ING Financial Markets
Q3-12,2011-10-14,6.34,02-28-2012,ING Financial Markets
Q3-12,2011-11-11,6.17,02-28-2012,ING Financial Markets
Q3-12,2012-01-10,6.17,02-28-2012,ING Financial Markets
Q3-12,2012-02-14,6.17,02-28-2012,ING Financial Markets
Q4-12,2010-06-22,6.49,02-28-2012,ING Financial Markets
Q4-12,2010-12-14,6.35,02-28-2012,ING Financial Markets
Q4-12,2011-01-10,6.0,02-28-2012,ING Financial Markets
Q4-12,2011-01-14,6.16,02-28-2012,ING Financial Markets
Q4-12,2011-02-21,6.16,02-28-2012,ING Financial Markets
Q4-12,2011-04-01,6.26,02-28-2012,ING Financial Markets
Q4-12,2011-04-13,6.28,02-28-2012,ING Financial Markets
Q4-12,2011-06-20,6.29,02-28-2012,ING Financial Markets
Q4-12,2011-10-14,6.32,02-28-2012,ING Financial Markets
Q4-12,2011-11-11,6.15,02-28-2012,ING Financial Markets
Q4-12,2012-01-10,6.13,02-28-2012,ING Financial Markets
Q4-12,2012-02-14,6.13,02-28-2012,ING Financial Markets
2013,2010-12-14,6.1,02-28-2012,ING Financial Markets
2013,2011-04-13,6.28,02-28-2012,ING Financial Markets
2013,2011-06-20,6.17,02-28-2012,ING Financial Markets
2013,2011-10-14,6.19,02-28-2012,ING Financial Markets
2013,2011-11-11,6.0,02-28-2012,ING Financial Markets
2013,2012-01-10,6.0,02-28-2012,ING Financial Markets
2013,2012-02-14,6.0,02-28-2012,ING Financial Markets
Q2-08,2007-07-04,7.24,05-31-2008,ING Financial Markets
Q2-08,2007-09-24,7.24,05-31-2008,ING Financial Markets
Q2-08,2007-10-25,7.23,05-31-2008,ING Financial Markets
Q2-08,2007-12-11,7.23,05-31-2008,ING Financial Markets
Q2-08,2007-12-26,7.16,05-31-2008,ING Financial Markets
Q2-08,2008-01-31,7.01,05-31-2008,ING Financial Markets
Q2-08,2008-02-21,6.8,05-31-2008,ING Financial Markets
Q2-08,2008-04-03,6.72,05-31-2008,ING Financial Markets
Q2-08,2008-04-22,6.8,05-31-2008,ING Financial Markets
Q3-08,2007-09-24,7.17,05-31-2008,ING Financial Markets
Q3-08,2007-10-25,7.15,05-31-2008,ING Financial Markets
Q3-08,2007-12-11,7.13,05-31-2008,ING Financial Markets
Q3-08,2007-12-26,7.06,05-31-2008,ING Financial Markets
Q3-08,2008-01-31,6.88,05-31-2008,ING Financial Markets
Q3-08,2008-02-21,6.78,05-31-2008,ING Financial Markets
Q3-08,2008-04-03,6.63,05-31-2008,ING Financial Markets
Q3-08,2008-04-22,6.65,05-31-2008,ING Financial Markets
Q4-08,2006-06-13,7.75,05-31-2008,ING Financial Markets
Q4-08,2006-09-15,7.75,05-31-2008,ING Financial Markets
Q4-08,2006-11-28,7.5,05-31-2008,ING Financial Markets
Q4-08,2006-12-12,7.5,05-31-2008,ING Financial Markets
Q4-08,2007-02-16,7.1,05-31-2008,ING Financial Markets
Q4-08,2007-03-22,7.25,05-31-2008,ING Financial Markets
Q4-08,2007-04-20,7.25,05-31-2008,ING Financial Markets
Q4-08,2007-05-24,7.1,05-31-2008,ING Financial Markets
Q4-08,2007-07-04,7.0,05-31-2008,ING Financial Markets
Q4-08,2007-09-24,7.05,05-31-2008,ING Financial Markets
Q4-08,2007-10-25,7.05,05-31-2008,ING Financial Markets
Q4-08,2007-12-11,7.07,05-31-2008,ING Financial Markets
Q4-08,2007-12-26,6.99,05-31-2008,ING Financial Markets
Q4-08,2008-01-31,6.76,05-31-2008,ING Financial Markets
Q4-08,2008-02-21,6.76,05-31-2008,ING Financial Markets
Q4-08,2008-04-03,6.55,05-31-2008,ING Financial Markets
Q4-08,2008-04-22,6.58,05-31-2008,ING Financial Markets
Q1-09,2008-04-03,6.48,05-31-2008,ING Financial Markets
Q1-09,2008-04-22,6.5,05-31-2008,ING Financial Markets
2009,2007-09-24,6.7,05-31-2008,ING Financial Markets
2009,2007-10-25,6.7,05-31-2008,ING Financial Markets
2009,2008-01-31,6.52,05-31-2008,ING Financial Markets
2009,2008-02-21,6.45,05-31-2008,ING Financial Markets
2009,2008-04-03,6.25,05-31-2008,ING Financial Markets
2009,2008-04-22,6.25,05-31-2008,ING Financial Markets
Q3-15,2014-09-22,6.05,08-31-2015,ING Financial Markets
Q3-15,2014-11-18,6.04,08-31-2015,ING Financial Markets
Q3-15,2015-01-07,6.15,08-31-2015,ING Financial Markets
Q3-15,2015-01-14,6.19,08-31-2015,ING Financial Markets
Q3-15,2015-01-16,6.21,08-31-2015,ING Financial Markets
Q3-15,2015-02-17,6.21,08-31-2015,ING Financial Markets
Q3-15,2015-03-09,6.21,08-31-2015,ING Financial Markets
Q3-15,2015-03-17,6.33,08-31-2015,ING Financial Markets
Q3-15,2015-04-22,6.18,08-31-2015,ING Financial Markets
Q3-15,2015-05-19,6.19,08-31-2015,ING Financial Markets
Q3-15,2015-06-05,6.19,08-31-2015,ING Financial Markets
Q3-15,2015-06-17,6.19,08-31-2015,ING Financial Markets
Q3-15,2015-07-23,6.19,08-31-2015,ING Financial Markets
Q3-15,2015-08-19,6.55,08-31-2015,ING Financial Markets
Q4-15,2013-09-05,5.98,08-31-2015,ING Financial Markets
Q4-15,2013-10-11,6.0,08-31-2015,ING Financial Markets
Q4-15,2013-11-12,6.0,08-31-2015,ING Financial Markets
Q4-15,2013-12-12,6.0,08-31-2015,ING Financial Markets
Q4-15,2014-01-14,5.97,08-31-2015,ING Financial Markets
Q4-15,2014-01-15,5.97,08-31-2015,ING Financial Markets
Q4-15,2014-02-19,5.97,08-31-2015,ING Financial Markets
Q4-15,2014-03-19,5.94,08-31-2015,ING Financial Markets
Q4-15,2014-04-17,5.94,08-31-2015,ING Financial Markets
Q4-15,2014-05-22,6.22,08-31-2015,ING Financial Markets
Q4-15,2014-07-28,6.22,08-31-2015,ING Financial Markets
Q4-15,2014-09-02,6.22,08-31-2015,ING Financial Markets
Q4-15,2014-09-22,6.05,08-31-2015,ING Financial Markets
Q4-15,2014-11-18,6.03,08-31-2015,ING Financial Markets
Q4-15,2015-01-07,6.14,08-31-2015,ING Financial Markets
Q4-15,2015-01-14,6.18,08-31-2015,ING Financial Markets
Q4-15,2015-01-16,6.19,08-31-2015,ING Financial Markets
Q4-15,2015-02-17,6.19,08-31-2015,ING Financial Markets
Q4-15,2015-03-09,6.19,08-31-2015,ING Financial Markets
Q4-15,2015-03-17,6.36,08-31-2015,ING Financial Markets
Q4-15,2015-04-22,6.17,08-31-2015,ING Financial Markets
Q4-15,2015-05-19,6.17,08-31-2015,ING Financial Markets
Q4-15,2015-06-05,6.17,08-31-2015,ING Financial Markets
Q4-15,2015-06-17,6.18,08-31-2015,ING Financial Markets
Q4-15,2015-07-23,6.18,08-31-2015,ING Financial Markets
Q4-15,2015-08-19,6.55,08-31-2015,ING Financial Markets
Q1-16,2015-03-09,6.19,08-31-2015,ING Financial Markets
Q1-16,2015-03-17,6.4,08-31-2015,ING Financial Markets
Q1-16,2015-04-22,6.15,08-31-2015,ING Financial Markets
Q1-16,2015-05-19,6.16,08-31-2015,ING Financial Markets
Q1-16,2015-06-05,6.16,08-31-2015,ING Financial Markets
Q1-16,2015-06-17,6.17,08-31-2015,ING Financial Markets
Q1-16,2015-07-23,6.17,08-31-2015,ING Financial Markets
Q1-16,2015-08-19,6.55,08-31-2015,ING Financial Markets
Q2-16,2015-06-05,6.15,08-31-2015,ING Financial Markets
Q2-16,2015-06-17,6.15,08-31-2015,ING Financial Markets
Q2-16,2015-07-23,6.15,08-31-2015,ING Financial Markets
Q2-16,2015-08-19,6.55,08-31-2015,ING Financial Markets
2016,2014-09-22,6.05,08-31-2015,ING Financial Markets
2016,2014-11-18,6.03,08-31-2015,ING Financial Markets
2016,2015-01-07,6.14,08-31-2015,ING Financial Markets
2016,2015-01-14,6.17,08-31-2015,ING Financial Markets
2016,2015-01-16,6.19,08-31-2015,ING Financial Markets
2016,2015-02-17,6.19,08-31-2015,ING Financial Markets
2016,2015-03-09,6.19,08-31-2015,ING Financial Markets
2016,2015-03-17,6.4,08-31-2015,ING Financial Markets
2016,2015-04-22,6.15,08-31-2015,ING Financial Markets
2016,2015-05-19,6.15,08-31-2015,ING Financial Markets
2016,2015-06-05,6.15,08-31-2015,ING Financial Markets
2016,2015-06-17,6.15,08-31-2015,ING Financial Markets
2016,2015-07-23,6.15,08-31-2015,ING Financial Markets
2016,2015-08-19,6.35,08-31-2015,ING Financial Markets
2017,2015-04-22,6.1,08-31-2015,ING Financial Markets
2017,2015-05-19,6.1,08-31-2015,ING Financial Markets
2017,2015-06-05,6.1,08-31-2015,ING Financial Markets
2017,2015-06-17,6.1,08-31-2015,ING Financial Markets
2017,2015-07-23,6.1,08-31-2015,ING Financial Markets
2017,2015-08-19,6.2,08-31-2015,ING Financial Markets
2021,2018-12-03,7.0,11-30-2019,ING Financial Markets
2021,2019-07-04,6.7,11-30-2019,ING Financial Markets
2021,2019-08-20,6.9,11-30-2019,ING Financial Markets
2021,2019-08-27,7.2,11-30-2019,ING Financial Markets
2021,2019-09-06,7.2,11-30-2019,ING Financial Markets
2021,2019-09-20,7.2,11-30-2019,ING Financial Markets
2021,2019-10-07,7.2,11-30-2019,ING Financial Markets
2021,2019-11-08,6.7,11-30-2019,ING Financial Markets
2021,2019-11-13,6.7,11-30-2019,ING Financial Markets
2020,2018-07-25,6.3,11-30-2019,ING Financial Markets
2020,2018-09-10,6.3,11-30-2019,ING Financial Markets
2020,2018-10-15,6.3,11-30-2019,ING Financial Markets
2020,2018-12-03,7.3,11-30-2019,ING Financial Markets
2020,2018-12-10,7.0,11-30-2019,ING Financial Markets
2020,2019-01-11,7.0,11-30-2019,ING Financial Markets
2020,2019-02-14,6.7,11-30-2019,ING Financial Markets
2020,2019-03-18,6.7,11-30-2019,ING Financial Markets
2020,2019-03-19,6.7,11-30-2019,ING Financial Markets
2020,2019-04-12,6.7,11-30-2019,ING Financial Markets
2020,2019-04-30,6.7,11-30-2019,ING Financial Markets
2020,2019-05-14,6.7,11-30-2019,ING Financial Markets
2020,2019-06-14,6.75,11-30-2019,ING Financial Markets
2020,2019-06-17,6.75,11-30-2019,ING Financial Markets
2020,2019-07-04,6.75,11-30-2019,ING Financial Markets
2020,2019-08-20,7.0,11-30-2019,ING Financial Markets
2020,2019-08-27,7.3,11-30-2019,ING Financial Markets
2020,2019-09-06,7.3,11-30-2019,ING Financial Markets
2020,2019-09-20,7.3,11-30-2019,ING Financial Markets
2020,2019-10-07,7.3,11-30-2019,ING Financial Markets
2020,2019-11-08,6.85,11-30-2019,ING Financial Markets
2020,2019-11-13,6.85,11-30-2019,ING Financial Markets
Q4-19,2017-12-06,6.2,11-30-2019,ING Financial Markets
Q4-19,2018-01-15,6.2,11-30-2019,ING Financial Markets
Q4-19,2018-01-16,6.2,11-30-2019,ING Financial Markets
Q4-19,2018-02-21,5.8,11-30-2019,ING Financial Markets
Q4-19,2018-03-07,5.8,11-30-2019,ING Financial Markets
Q4-19,2018-04-16,5.8,11-30-2019,ING Financial Markets
Q4-19,2018-05-11,6.2,11-30-2019,ING Financial Markets
Q4-19,2018-05-15,6.2,11-30-2019,ING Financial Markets
Q4-19,2018-06-22,6.5,11-30-2019,ING Financial Markets
Q4-19,2018-07-05,6.5,11-30-2019,ING Financial Markets
Q4-19,2018-07-24,6.5,11-30-2019,ING Financial Markets
Q4-19,2018-09-10,6.6,11-30-2019,ING Financial Markets
Q4-19,2018-10-15,6.9,11-30-2019,ING Financial Markets
Q4-19,2018-11-13,7.3,11-30-2019,ING Financial Markets
Q4-19,2018-12-03,7.3,11-30-2019,ING Financial Markets
Q4-19,2018-12-10,7.3,11-30-2019,ING Financial Markets
Q4-19,2019-01-09,7.3,11-30-2019,ING Financial Markets
Q4-19,2019-01-11,7.3,11-30-2019,ING Financial Markets
Q4-19,2019-02-14,6.75,11-30-2019,ING Financial Markets
Q4-19,2019-03-18,6.75,11-30-2019,ING Financial Markets
Q4-19,2019-03-19,6.75,11-30-2019,ING Financial Markets
Q4-19,2019-04-12,6.75,11-30-2019,ING Financial Markets
Q4-19,2019-04-30,6.75,11-30-2019,ING Financial Markets
Q4-19,2019-05-14,6.75,11-30-2019,ING Financial Markets
Q4-19,2019-06-14,6.9,11-30-2019,ING Financial Markets
Q4-19,2019-06-17,6.9,11-30-2019,ING Financial Markets
Q4-19,2019-07-04,6.9,11-30-2019,ING Financial Markets
Q4-19,2019-08-20,7.1,11-30-2019,ING Financial Markets
Q4-19,2019-08-27,7.2,11-30-2019,ING Financial Markets
Q4-19,2019-09-06,7.2,11-30-2019,ING Financial Markets
Q4-19,2019-09-20,7.2,11-30-2019,ING Financial Markets
Q4-19,2019-10-07,7.2,11-30-2019,ING Financial Markets
Q4-19,2019-11-08,7.0,11-30-2019,ING Financial Markets
Q4-19,2019-11-13,7.0,11-30-2019,ING Financial Markets
Q3-20,2018-07-05,6.4,11-30-2019,ING Financial Markets
Q3-20,2018-07-25,6.4,11-30-2019,ING Financial Markets
Q3-20,2018-09-10,6.4,11-30-2019,ING Financial Markets
Q3-20,2018-10-15,6.4,11-30-2019,ING Financial Markets
Q3-20,2019-01-09,7.1,11-30-2019,ING Financial Markets
Q3-20,2019-09-06,7.3,11-30-2019,ING Financial Markets
Q3-20,2019-09-20,7.3,11-30-2019,ING Financial Markets
Q3-20,2019-11-08,6.95,11-30-2019,ING Financial Markets
Q3-20,2019-11-13,6.95,11-30-2019,ING Financial Markets
Q2-20,2018-07-05,6.4,11-30-2019,ING Financial Markets
Q2-20,2018-07-25,6.4,11-30-2019,ING Financial Markets
Q2-20,2018-09-10,6.4,11-30-2019,ING Financial Markets
Q2-20,2018-10-15,6.6,11-30-2019,ING Financial Markets
Q2-20,2019-01-09,7.2,11-30-2019,ING Financial Markets
Q2-20,2019-06-14,6.85,11-30-2019,ING Financial Markets
Q2-20,2019-06-17,6.85,11-30-2019,ING Financial Markets
Q2-20,2019-07-04,6.85,11-30-2019,ING Financial Markets
Q2-20,2019-08-20,7.05,11-30-2019,ING Financial Markets
Q2-20,2019-08-27,7.28,11-30-2019,ING Financial Markets
Q2-20,2019-09-06,7.28,11-30-2019,ING Financial Markets
Q2-20,2019-09-20,7.28,11-30-2019,ING Financial Markets
Q2-20,2019-10-07,7.28,11-30-2019,ING Financial Markets
Q2-20,2019-11-08,7.0,11-30-2019,ING Financial Markets
Q2-20,2019-11-13,7.0,11-30-2019,ING Financial Markets
Q1-20,2018-07-05,6.5,11-30-2019,ING Financial Markets
Q1-20,2018-07-24,6.5,11-30-2019,ING Financial Markets
Q1-20,2018-09-10,6.5,11-30-2019,ING Financial Markets
Q1-20,2018-10-15,6.8,11-30-2019,ING Financial Markets
Q1-20,2018-11-13,7.3,11-30-2019,ING Financial Markets
Q1-20,2019-01-09,7.3,11-30-2019,ING Financial Markets
Q1-20,2019-03-18,6.7,11-30-2019,ING Financial Markets
Q1-20,2019-04-12,6.7,11-30-2019,ING Financial Markets
Q1-20,2019-04-30,6.7,11-30-2019,ING Financial Markets
Q1-20,2019-06-14,6.9,11-30-2019,ING Financial Markets
Q1-20,2019-06-17,6.9,11-30-2019,ING Financial Markets
Q1-20,2019-07-04,6.9,11-30-2019,ING Financial Markets
Q1-20,2019-08-20,7.1,11-30-2019,ING Financial Markets
Q1-20,2019-08-27,7.23,11-30-2019,ING Financial Markets
Q1-20,2019-09-06,7.23,11-30-2019,ING Financial Markets
Q1-20,2019-09-20,7.23,11-30-2019,ING Financial Markets
Q1-20,2019-10-07,7.23,11-30-2019,ING Financial Markets
Q1-20,2019-11-08,7.05,11-30-2019,ING Financial Markets
Q1-20,2019-11-13,7.05,11-30-2019,ING Financial Markets
Q3-19,2018-03-07,5.85,08-31-2019,ING Financial Markets
Q3-19,2018-05-11,6.24,08-31-2019,ING Financial Markets
Q3-19,2018-06-22,6.55,08-31-2019,ING Financial Markets
Q3-19,2018-07-05,6.6,08-31-2019,ING Financial Markets
Q3-19,2018-07-24,6.6,08-31-2019,ING Financial Markets
Q3-19,2018-09-10,6.8,08-31-2019,ING Financial Markets
Q3-19,2018-10-15,7.0,08-31-2019,ING Financial Markets
Q3-19,2018-11-13,7.3,08-31-2019,ING Financial Markets
Q3-19,2018-12-03,7.3,08-31-2019,ING Financial Markets
Q3-19,2018-12-10,7.3,08-31-2019,ING Financial Markets
Q3-19,2019-01-09,7.3,08-31-2019,ING Financial Markets
Q3-19,2019-01-11,7.3,08-31-2019,ING Financial Markets
Q3-19,2019-02-14,6.85,08-31-2019,ING Financial Markets
Q3-19,2019-03-18,6.85,08-31-2019,ING Financial Markets
Q3-19,2019-04-12,6.85,08-31-2019,ING Financial Markets
Q3-19,2019-04-30,6.8,08-31-2019,ING Financial Markets
Q3-19,2019-06-14,6.95,08-31-2019,ING Financial Markets
Q3-19,2019-06-17,6.95,08-31-2019,ING Financial Markets
Q3-19,2019-07-04,6.95,08-31-2019,ING Financial Markets
Q3-19,2019-08-20,7.05,08-31-2019,ING Financial Markets
Q3-19,2019-08-27,7.18,08-31-2019,ING Financial Markets
Q4-19,2017-09-12,6.0,08-31-2019,ING Financial Markets
Q4-19,2017-12-06,6.2,08-31-2019,ING Financial Markets
Q4-19,2018-01-15,6.2,08-31-2019,ING Financial Markets
Q4-19,2018-01-16,6.2,08-31-2019,ING Financial Markets
Q4-19,2018-02-21,5.8,08-31-2019,ING Financial Markets
Q4-19,2018-03-07,5.8,08-31-2019,ING Financial Markets
Q4-19,2018-04-16,5.8,08-31-2019,ING Financial Markets
Q4-19,2018-05-11,6.2,08-31-2019,ING Financial Markets
Q4-19,2018-05-15,6.2,08-31-2019,ING Financial Markets
Q4-19,2018-06-22,6.5,08-31-2019,ING Financial Markets
Q4-19,2018-07-05,6.5,08-31-2019,ING Financial Markets
Q4-19,2018-07-24,6.5,08-31-2019,ING Financial Markets
Q4-19,2018-09-10,6.6,08-31-2019,ING Financial Markets
Q4-19,2018-10-15,6.9,08-31-2019,ING Financial Markets
Q4-19,2018-11-13,7.3,08-31-2019,ING Financial Markets
Q4-19,2018-12-03,7.3,08-31-2019,ING Financial Markets
Q4-19,2018-12-10,7.3,08-31-2019,ING Financial Markets
Q4-19,2019-01-09,7.3,08-31-2019,ING Financial Markets
Q4-19,2019-01-11,7.3,08-31-2019,ING Financial Markets
Q4-19,2019-02-14,6.75,08-31-2019,ING Financial Markets
Q4-19,2019-03-18,6.75,08-31-2019,ING Financial Markets
Q4-19,2019-03-19,6.75,08-31-2019,ING Financial Markets
Q4-19,2019-04-12,6.75,08-31-2019,ING Financial Markets
Q4-19,2019-04-30,6.75,08-31-2019,ING Financial Markets
Q4-19,2019-05-14,6.75,08-31-2019,ING Financial Markets
Q4-19,2019-06-14,6.9,08-31-2019,ING Financial Markets
Q4-19,2019-06-17,6.9,08-31-2019,ING Financial Markets
Q4-19,2019-07-04,6.9,08-31-2019,ING Financial Markets
Q4-19,2019-08-20,7.1,08-31-2019,ING Financial Markets
Q4-19,2019-08-27,7.2,08-31-2019,ING Financial Markets
Q1-20,2018-07-05,6.5,08-31-2019,ING Financial Markets
Q1-20,2018-07-24,6.5,08-31-2019,ING Financial Markets
Q1-20,2018-09-10,6.5,08-31-2019,ING Financial Markets
Q1-20,2018-10-15,6.8,08-31-2019,ING Financial Markets
Q1-20,2018-11-13,7.3,08-31-2019,ING Financial Markets
Q1-20,2019-01-09,7.3,08-31-2019,ING Financial Markets
Q1-20,2019-03-18,6.7,08-31-2019,ING Financial Markets
Q1-20,2019-04-12,6.7,08-31-2019,ING Financial Markets
Q1-20,2019-04-30,6.7,08-31-2019,ING Financial Markets
Q1-20,2019-06-14,6.9,08-31-2019,ING Financial Markets
Q1-20,2019-06-17,6.9,08-31-2019,ING Financial Markets
Q1-20,2019-07-04,6.9,08-31-2019,ING Financial Markets
Q1-20,2019-08-20,7.1,08-31-2019,ING Financial Markets
Q1-20,2019-08-27,7.23,08-31-2019,ING Financial Markets
Q2-20,2018-07-05,6.4,08-31-2019,ING Financial Markets
Q2-20,2018-07-25,6.4,08-31-2019,ING Financial Markets
Q2-20,2018-09-10,6.4,08-31-2019,ING Financial Markets
Q2-20,2018-10-15,6.6,08-31-2019,ING Financial Markets
Q2-20,2019-01-09,7.2,08-31-2019,ING Financial Markets
Q2-20,2019-06-14,6.85,08-31-2019,ING Financial Markets
Q2-20,2019-06-17,6.85,08-31-2019,ING Financial Markets
Q2-20,2019-07-04,6.85,08-31-2019,ING Financial Markets
Q2-20,2019-08-20,7.05,08-31-2019,ING Financial Markets
Q2-20,2019-08-27,7.28,08-31-2019,ING Financial Markets
2020,2018-07-25,6.3,08-31-2019,ING Financial Markets
2020,2018-09-10,6.3,08-31-2019,ING Financial Markets
2020,2018-10-15,6.3,08-31-2019,ING Financial Markets
2020,2018-12-03,7.3,08-31-2019,ING Financial Markets
2020,2018-12-10,7.0,08-31-2019,ING Financial Markets
2020,2019-01-11,7.0,08-31-2019,ING Financial Markets
2020,2019-02-14,6.7,08-31-2019,ING Financial Markets
2020,2019-03-18,6.7,08-31-2019,ING Financial Markets
2020,2019-03-19,6.7,08-31-2019,ING Financial Markets
2020,2019-04-12,6.7,08-31-2019,ING Financial Markets
2020,2019-04-30,6.7,08-31-2019,ING Financial Markets
2020,2019-05-14,6.7,08-31-2019,ING Financial Markets
2020,2019-06-14,6.75,08-31-2019,ING Financial Markets
2020,2019-06-17,6.75,08-31-2019,ING Financial Markets
2020,2019-07-04,6.75,08-31-2019,ING Financial Markets
2020,2019-08-20,7.0,08-31-2019,ING Financial Markets
2020,2019-08-27,7.3,08-31-2019,ING Financial Markets
2021,2018-12-03,7.0,08-31-2019,ING Financial Markets
2021,2019-07-04,6.7,08-31-2019,ING Financial Markets
2021,2019-08-20,6.9,08-31-2019,ING Financial Markets
2021,2019-08-27,7.2,08-31-2019,ING Financial Markets
Q2-12,2011-06-20,6.36,05-31-2012,ING Financial Markets
Q2-12,2011-10-14,6.35,05-31-2012,ING Financial Markets
Q2-12,2011-11-11,6.22,05-31-2012,ING Financial Markets
Q2-12,2012-01-10,6.22,05-31-2012,ING Financial Markets
Q2-12,2012-02-14,6.22,05-31-2012,ING Financial Markets
Q2-12,2012-03-19,6.27,05-31-2012,ING Financial Markets
Q2-12,2012-04-20,6.26,05-31-2012,ING Financial Markets
Q2-12,2012-05-21,6.29,05-31-2012,ING Financial Markets
Q3-12,2011-10-14,6.34,05-31-2012,ING Financial Markets
Q3-12,2011-11-11,6.17,05-31-2012,ING Financial Markets
Q3-12,2012-01-10,6.17,05-31-2012,ING Financial Markets
Q3-12,2012-02-14,6.17,05-31-2012,ING Financial Markets
Q3-12,2012-03-19,6.22,05-31-2012,ING Financial Markets
Q3-12,2012-04-20,6.22,05-31-2012,ING Financial Markets
Q3-12,2012-05-21,6.26,05-31-2012,ING Financial Markets
Q4-12,2010-06-22,6.49,05-31-2012,ING Financial Markets
Q4-12,2010-12-14,6.35,05-31-2012,ING Financial Markets
Q4-12,2011-01-10,6.0,05-31-2012,ING Financial Markets
Q4-12,2011-01-14,6.16,05-31-2012,ING Financial Markets
Q4-12,2011-02-21,6.16,05-31-2012,ING Financial Markets
Q4-12,2011-04-01,6.26,05-31-2012,ING Financial Markets
Q4-12,2011-04-13,6.28,05-31-2012,ING Financial Markets
Q4-12,2011-06-20,6.29,05-31-2012,ING Financial Markets
Q4-12,2011-10-14,6.32,05-31-2012,ING Financial Markets
Q4-12,2011-11-11,6.15,05-31-2012,ING Financial Markets
Q4-12,2012-01-10,6.13,05-31-2012,ING Financial Markets
Q4-12,2012-02-14,6.13,05-31-2012,ING Financial Markets
Q4-12,2012-03-19,6.13,05-31-2012,ING Financial Markets
Q4-12,2012-04-20,6.19,05-31-2012,ING Financial Markets
Q4-12,2012-05-21,6.24,05-31-2012,ING Financial Markets
Q1-13,2012-01-10,6.13,05-31-2012,ING Financial Markets
Q1-13,2012-02-14,6.13,05-31-2012,ING Financial Markets
Q1-13,2012-03-19,6.09,05-31-2012,ING Financial Markets
Q1-13,2012-04-20,6.15,05-31-2012,ING Financial Markets
Q1-13,2012-05-21,6.22,05-31-2012,ING Financial Markets
2013,2010-12-14,6.1,05-31-2012,ING Financial Markets
2013,2011-04-13,6.28,05-31-2012,ING Financial Markets
2013,2011-06-20,6.17,05-31-2012,ING Financial Markets
2013,2011-10-14,6.19,05-31-2012,ING Financial Markets
2013,2011-11-11,6.0,05-31-2012,ING Financial Markets
2013,2012-01-10,6.0,05-31-2012,ING Financial Markets
2013,2012-02-14,6.0,05-31-2012,ING Financial Markets
2013,2012-03-19,6.06,05-31-2012,ING Financial Markets
2013,2012-04-20,6.0,05-31-2012,ING Financial Markets
2013,2012-05-21,6.18,05-31-2012,ING Financial Markets
2014,2012-02-14,6.0,05-31-2012,ING Financial Markets
2014,2012-03-19,6.0,05-31-2012,ING Financial Markets
2014,2012-05-21,6.18,05-31-2012,ING Financial Markets
Q1-08,2007-03-22,7.45,02-28-2008,ING Financial Markets
Q1-08,2007-04-20,7.42,02-28-2008,ING Financial Markets
Q1-08,2007-05-24,7.35,02-28-2008,ING Financial Markets
Q1-08,2007-07-04,7.32,02-28-2008,ING Financial Markets
Q1-08,2007-09-24,7.33,02-28-2008,ING Financial Markets
Q1-08,2007-10-25,7.3,02-28-2008,ING Financial Markets
Q1-08,2007-12-11,7.32,02-28-2008,ING Financial Markets
Q1-08,2007-12-26,7.26,02-28-2008,ING Financial Markets
Q1-08,2008-01-31,7.12,02-28-2008,ING Financial Markets
Q1-08,2008-02-21,6.95,02-28-2008,ING Financial Markets
Q2-08,2007-07-04,7.24,02-28-2008,ING Financial Markets
Q2-08,2007-09-24,7.24,02-28-2008,ING Financial Markets
Q2-08,2007-10-25,7.23,02-28-2008,ING Financial Markets
Q2-08,2007-12-11,7.23,02-28-2008,ING Financial Markets
Q2-08,2007-12-26,7.16,02-28-2008,ING Financial Markets
Q2-08,2008-01-31,7.01,02-28-2008,ING Financial Markets
Q2-08,2008-02-21,6.8,02-28-2008,ING Financial Markets
Q3-08,2007-09-24,7.17,02-28-2008,ING Financial Markets
Q3-08,2007-10-25,7.15,02-28-2008,ING Financial Markets
Q3-08,2007-12-11,7.13,02-28-2008,ING Financial Markets
Q3-08,2007-12-26,7.06,02-28-2008,ING Financial Markets
Q3-08,2008-01-31,6.88,02-28-2008,ING Financial Markets
Q3-08,2008-02-21,6.78,02-28-2008,ING Financial Markets
Q4-08,2006-04-18,7.75,02-28-2008,ING Financial Markets
Q4-08,2006-06-13,7.75,02-28-2008,ING Financial Markets
Q4-08,2006-09-15,7.75,02-28-2008,ING Financial Markets
Q4-08,2006-11-28,7.5,02-28-2008,ING Financial Markets
Q4-08,2006-12-12,7.5,02-28-2008,ING Financial Markets
Q4-08,2007-02-16,7.1,02-28-2008,ING Financial Markets
Q4-08,2007-03-22,7.25,02-28-2008,ING Financial Markets
Q4-08,2007-04-20,7.25,02-28-2008,ING Financial Markets
Q4-08,2007-05-24,7.1,02-28-2008,ING Financial Markets
Q4-08,2007-07-04,7.0,02-28-2008,ING Financial Markets
Q4-08,2007-09-24,7.05,02-28-2008,ING Financial Markets
Q4-08,2007-10-25,7.05,02-28-2008,ING Financial Markets
Q4-08,2007-12-11,7.07,02-28-2008,ING Financial Markets
Q4-08,2007-12-26,6.99,02-28-2008,ING Financial Markets
Q4-08,2008-01-31,6.76,02-28-2008,ING Financial Markets
Q4-08,2008-02-21,6.76,02-28-2008,ING Financial Markets
2009,2007-09-24,6.7,02-28-2008,ING Financial Markets
2009,2007-10-25,6.7,02-28-2008,ING Financial Markets
2009,2008-01-31,6.52,02-28-2008,ING Financial Markets
2009,2008-02-21,6.45,02-28-2008,ING Financial Markets
Q4-15,2013-12-12,6.0,11-30-2015,ING Financial Markets
Q4-15,2014-01-14,5.97,11-30-2015,ING Financial Markets
Q4-15,2014-01-15,5.97,11-30-2015,ING Financial Markets
Q4-15,2014-02-19,5.97,11-30-2015,ING Financial Markets
Q4-15,2014-03-19,5.94,11-30-2015,ING Financial Markets
Q4-15,2014-04-17,5.94,11-30-2015,ING Financial Markets
Q4-15,2014-05-22,6.22,11-30-2015,ING Financial Markets
Q4-15,2014-07-28,6.22,11-30-2015,ING Financial Markets
Q4-15,2014-09-02,6.22,11-30-2015,ING Financial Markets
Q4-15,2014-09-22,6.05,11-30-2015,ING Financial Markets
Q4-15,2014-11-18,6.03,11-30-2015,ING Financial Markets
Q4-15,2015-01-07,6.14,11-30-2015,ING Financial Markets
Q4-15,2015-01-14,6.18,11-30-2015,ING Financial Markets
Q4-15,2015-01-16,6.19,11-30-2015,ING Financial Markets
Q4-15,2015-02-17,6.19,11-30-2015,ING Financial Markets
Q4-15,2015-03-09,6.19,11-30-2015,ING Financial Markets
Q4-15,2015-03-17,6.36,11-30-2015,ING Financial Markets
Q4-15,2015-04-22,6.17,11-30-2015,ING Financial Markets
Q4-15,2015-05-19,6.17,11-30-2015,ING Financial Markets
Q4-15,2015-06-05,6.17,11-30-2015,ING Financial Markets
Q4-15,2015-06-17,6.18,11-30-2015,ING Financial Markets
Q4-15,2015-07-23,6.18,11-30-2015,ING Financial Markets
Q4-15,2015-08-19,6.55,11-30-2015,ING Financial Markets
Q4-15,2015-09-22,6.4,11-30-2015,ING Financial Markets
Q1-16,2015-03-09,6.19,11-30-2015,ING Financial Markets
Q1-16,2015-03-17,6.4,11-30-2015,ING Financial Markets
Q1-16,2015-04-22,6.15,11-30-2015,ING Financial Markets
Q1-16,2015-05-19,6.16,11-30-2015,ING Financial Markets
Q1-16,2015-06-05,6.16,11-30-2015,ING Financial Markets
Q1-16,2015-06-17,6.17,11-30-2015,ING Financial Markets
Q1-16,2015-07-23,6.17,11-30-2015,ING Financial Markets
Q1-16,2015-08-19,6.55,11-30-2015,ING Financial Markets
Q1-16,2015-09-22,6.4,11-30-2015,ING Financial Markets
Q2-16,2015-06-05,6.15,11-30-2015,ING Financial Markets
Q2-16,2015-06-17,6.15,11-30-2015,ING Financial Markets
Q2-16,2015-07-23,6.15,11-30-2015,ING Financial Markets
Q2-16,2015-08-19,6.55,11-30-2015,ING Financial Markets
Q2-16,2015-09-22,6.4,11-30-2015,ING Financial Markets
2016,2014-09-22,6.05,11-30-2015,ING Financial Markets
2016,2014-11-18,6.03,11-30-2015,ING Financial Markets
2016,2015-01-07,6.14,11-30-2015,ING Financial Markets
2016,2015-01-14,6.17,11-30-2015,ING Financial Markets
2016,2015-01-16,6.19,11-30-2015,ING Financial Markets
2016,2015-02-17,6.19,11-30-2015,ING Financial Markets
2016,2015-03-09,6.19,11-30-2015,ING Financial Markets
2016,2015-03-17,6.4,11-30-2015,ING Financial Markets
2016,2015-04-22,6.15,11-30-2015,ING Financial Markets
2016,2015-05-19,6.15,11-30-2015,ING Financial Markets
2016,2015-06-05,6.15,11-30-2015,ING Financial Markets
2016,2015-06-17,6.15,11-30-2015,ING Financial Markets
2016,2015-07-23,6.15,11-30-2015,ING Financial Markets
2016,2015-08-19,6.35,11-30-2015,ING Financial Markets
2016,2015-09-22,6.5,11-30-2015,ING Financial Markets
2017,2015-04-22,6.1,11-30-2015,ING Financial Markets
2017,2015-05-19,6.1,11-30-2015,ING Financial Markets
2017,2015-06-05,6.1,11-30-2015,ING Financial Markets
2017,2015-06-17,6.1,11-30-2015,ING Financial Markets
2017,2015-07-23,6.1,11-30-2015,ING Financial Markets
2017,2015-08-19,6.2,11-30-2015,ING Financial Markets
2017,2015-09-22,6.5,11-30-2015,ING Financial Markets
