period,change_date,change,file,company
Q2-07,2006-08-08,7.6,05-31-2007,Landesbank Baden-Wuerttemberg
Q2-07,2006-08-11,7.6,05-31-2007,Landesbank Baden-Wuerttemberg
Q2-07,2006-08-18,7.6,05-31-2007,Landesbank Baden-Wuerttemberg
Q2-07,2006-09-01,7.7,05-31-2007,Landesbank Baden-Wuerttemberg
Q2-07,2006-09-08,7.7,05-31-2007,Landesbank Baden-Wuerttemberg
Q2-07,2006-09-15,7.7,05-31-2007,Landesbank Baden-Wuerttemberg
Q2-07,2006-09-22,7.65,05-31-2007,Landesbank Baden-Wuerttemberg
Q2-07,2006-09-29,7.65,05-31-2007,Landesbank Baden-Wuerttemberg
Q2-07,2006-10-06,7.65,05-31-2007,Landesbank Baden-Wuerttemberg
Q2-07,2006-10-13,7.65,05-31-2007,Landesbank Baden-Wuerttemberg
Q2-07,2006-10-27,7.65,05-31-2007,Landesbank Baden-Wuerttemberg
Q2-07,2006-11-03,7.65,05-31-2007,Landesbank Baden-Wuerttemberg
Q2-07,2006-12-04,7.65,05-31-2007,Landesbank Baden-Wuerttemberg
Q2-07,2006-12-15,7.65,05-31-2007,Landesbank Baden-Wuerttemberg
Q2-07,2007-01-09,7.65,05-31-2007,Landesbank Baden-Wuerttemberg
Q2-07,2007-01-18,7.65,05-31-2007,Landesbank Baden-Wuerttemberg
Q2-07,2007-02-09,7.65,05-31-2007,Landesbank Baden-Wuerttemberg
Q2-07,2007-03-02,7.65,05-31-2007,Landesbank Baden-Wuerttemberg
Q2-07,2007-03-16,7.65,05-31-2007,Landesbank Baden-Wuerttemberg
Q2-07,2007-03-30,7.65,05-31-2007,Landesbank Baden-Wuerttemberg
Q2-07,2007-04-05,7.65,05-31-2007,Landesbank Baden-Wuerttemberg
Q2-07,2007-04-13,7.65,05-31-2007,Landesbank Baden-Wuerttemberg
Q2-07,2007-04-20,7.65,05-31-2007,Landesbank Baden-Wuerttemberg
Q2-07,2007-05-04,7.65,05-31-2007,Landesbank Baden-Wuerttemberg
Q2-07,2007-05-11,7.65,05-31-2007,Landesbank Baden-Wuerttemberg
Q2-07,2007-05-25,7.65,05-31-2007,Landesbank Baden-Wuerttemberg
Q3-07,2006-09-01,7.6,05-31-2007,Landesbank Baden-Wuerttemberg
Q3-07,2006-09-08,7.6,05-31-2007,Landesbank Baden-Wuerttemberg
Q3-07,2006-09-15,7.6,05-31-2007,Landesbank Baden-Wuerttemberg
Q3-07,2006-09-22,7.55,05-31-2007,Landesbank Baden-Wuerttemberg
Q3-07,2006-09-29,7.55,05-31-2007,Landesbank Baden-Wuerttemberg
Q3-07,2006-10-06,7.55,05-31-2007,Landesbank Baden-Wuerttemberg
Q3-07,2006-10-13,7.55,05-31-2007,Landesbank Baden-Wuerttemberg
Q3-07,2006-10-27,7.55,05-31-2007,Landesbank Baden-Wuerttemberg
Q3-07,2006-11-03,7.55,05-31-2007,Landesbank Baden-Wuerttemberg
Q3-07,2006-12-04,7.55,05-31-2007,Landesbank Baden-Wuerttemberg
Q3-07,2006-12-15,7.55,05-31-2007,Landesbank Baden-Wuerttemberg
Q3-07,2007-01-09,7.55,05-31-2007,Landesbank Baden-Wuerttemberg
Q3-07,2007-01-18,7.55,05-31-2007,Landesbank Baden-Wuerttemberg
Q3-07,2007-02-09,7.55,05-31-2007,Landesbank Baden-Wuerttemberg
Q3-07,2007-03-02,7.55,05-31-2007,Landesbank Baden-Wuerttemberg
Q3-07,2007-03-16,7.55,05-31-2007,Landesbank Baden-Wuerttemberg
Q3-07,2007-03-30,7.55,05-31-2007,Landesbank Baden-Wuerttemberg
Q3-07,2007-04-05,7.55,05-31-2007,Landesbank Baden-Wuerttemberg
Q3-07,2007-04-13,7.55,05-31-2007,Landesbank Baden-Wuerttemberg
Q3-07,2007-04-20,7.55,05-31-2007,Landesbank Baden-Wuerttemberg
Q3-07,2007-05-04,7.55,05-31-2007,Landesbank Baden-Wuerttemberg
Q3-07,2007-05-11,7.55,05-31-2007,Landesbank Baden-Wuerttemberg
Q3-07,2007-05-25,7.55,05-31-2007,Landesbank Baden-Wuerttemberg
Q4-07,2006-08-08,7.4,05-31-2007,Landesbank Baden-Wuerttemberg
Q4-07,2006-08-11,7.4,05-31-2007,Landesbank Baden-Wuerttemberg
Q4-07,2006-08-18,7.4,05-31-2007,Landesbank Baden-Wuerttemberg
Q4-07,2006-09-01,7.4,05-31-2007,Landesbank Baden-Wuerttemberg
Q4-07,2006-09-08,7.4,05-31-2007,Landesbank Baden-Wuerttemberg
Q4-07,2006-09-15,7.4,05-31-2007,Landesbank Baden-Wuerttemberg
Q4-07,2006-09-22,7.45,05-31-2007,Landesbank Baden-Wuerttemberg
Q4-07,2006-09-29,7.45,05-31-2007,Landesbank Baden-Wuerttemberg
Q4-07,2006-10-06,7.45,05-31-2007,Landesbank Baden-Wuerttemberg
Q4-07,2006-10-13,7.45,05-31-2007,Landesbank Baden-Wuerttemberg
Q4-07,2006-10-27,7.45,05-31-2007,Landesbank Baden-Wuerttemberg
Q4-07,2006-11-03,7.45,05-31-2007,Landesbank Baden-Wuerttemberg
Q4-07,2006-12-04,7.45,05-31-2007,Landesbank Baden-Wuerttemberg
Q4-07,2006-12-15,7.45,05-31-2007,Landesbank Baden-Wuerttemberg
Q4-07,2007-01-09,7.45,05-31-2007,Landesbank Baden-Wuerttemberg
Q4-07,2007-01-18,7.45,05-31-2007,Landesbank Baden-Wuerttemberg
Q4-07,2007-02-09,7.45,05-31-2007,Landesbank Baden-Wuerttemberg
Q4-07,2007-03-02,7.45,05-31-2007,Landesbank Baden-Wuerttemberg
Q4-07,2007-03-16,7.45,05-31-2007,Landesbank Baden-Wuerttemberg
Q4-07,2007-03-30,7.45,05-31-2007,Landesbank Baden-Wuerttemberg
Q4-07,2007-04-05,7.45,05-31-2007,Landesbank Baden-Wuerttemberg
Q4-07,2007-04-13,7.45,05-31-2007,Landesbank Baden-Wuerttemberg
Q4-07,2007-04-20,7.45,05-31-2007,Landesbank Baden-Wuerttemberg
Q4-07,2007-05-04,7.45,05-31-2007,Landesbank Baden-Wuerttemberg
Q4-07,2007-05-11,7.45,05-31-2007,Landesbank Baden-Wuerttemberg
Q4-07,2007-05-25,7.45,05-31-2007,Landesbank Baden-Wuerttemberg
Q1-08,2007-04-20,7.35,05-31-2007,Landesbank Baden-Wuerttemberg
Q1-08,2007-05-04,7.35,05-31-2007,Landesbank Baden-Wuerttemberg
Q1-08,2007-05-11,7.35,05-31-2007,Landesbank Baden-Wuerttemberg
Q1-08,2007-05-25,7.35,05-31-2007,Landesbank Baden-Wuerttemberg
2008,2006-12-04,7.45,05-31-2007,Landesbank Baden-Wuerttemberg
2008,2007-01-09,7.45,05-31-2007,Landesbank Baden-Wuerttemberg
Q2-11,2010-07-02,6.48,05-31-2011,Landesbank Baden-Wuerttemberg
Q2-11,2010-07-16,6.48,05-31-2011,Landesbank Baden-Wuerttemberg
Q2-11,2010-08-06,6.48,05-31-2011,Landesbank Baden-Wuerttemberg
Q2-11,2010-09-10,6.54,05-31-2011,Landesbank Baden-Wuerttemberg
Q2-11,2010-10-08,6.54,05-31-2011,Landesbank Baden-Wuerttemberg
Q2-11,2010-10-25,6.42,05-31-2011,Landesbank Baden-Wuerttemberg
Q2-11,2010-11-19,6.42,05-31-2011,Landesbank Baden-Wuerttemberg
Q2-11,2010-12-17,6.39,05-31-2011,Landesbank Baden-Wuerttemberg
Q2-11,2011-01-14,6.39,05-31-2011,Landesbank Baden-Wuerttemberg
Q2-11,2011-01-28,6.39,05-31-2011,Landesbank Baden-Wuerttemberg
Q2-11,2011-02-11,6.45,05-31-2011,Landesbank Baden-Wuerttemberg
Q2-11,2011-03-11,6.45,05-31-2011,Landesbank Baden-Wuerttemberg
Q2-11,2011-03-25,6.45,05-31-2011,Landesbank Baden-Wuerttemberg
Q2-11,2011-04-28,6.45,05-31-2011,Landesbank Baden-Wuerttemberg
Q2-11,2011-05-06,6.5,05-31-2011,Landesbank Baden-Wuerttemberg
Q2-11,2011-05-16,6.5,05-31-2011,Landesbank Baden-Wuerttemberg
Q3-11,2010-09-10,6.48,05-31-2011,Landesbank Baden-Wuerttemberg
Q3-11,2010-10-08,6.48,05-31-2011,Landesbank Baden-Wuerttemberg
Q3-11,2010-10-25,6.36,05-31-2011,Landesbank Baden-Wuerttemberg
Q3-11,2010-11-19,6.35,05-31-2011,Landesbank Baden-Wuerttemberg
Q3-11,2010-12-17,6.33,05-31-2011,Landesbank Baden-Wuerttemberg
Q3-11,2011-01-14,6.33,05-31-2011,Landesbank Baden-Wuerttemberg
Q3-11,2011-01-28,6.33,05-31-2011,Landesbank Baden-Wuerttemberg
Q3-11,2011-02-11,6.39,05-31-2011,Landesbank Baden-Wuerttemberg
Q3-11,2011-03-11,6.39,05-31-2011,Landesbank Baden-Wuerttemberg
Q3-11,2011-03-25,6.39,05-31-2011,Landesbank Baden-Wuerttemberg
Q3-11,2011-04-28,6.39,05-31-2011,Landesbank Baden-Wuerttemberg
Q3-11,2011-05-06,6.44,05-31-2011,Landesbank Baden-Wuerttemberg
Q3-11,2011-05-16,6.44,05-31-2011,Landesbank Baden-Wuerttemberg
Q4-11,2010-12-17,6.27,05-31-2011,Landesbank Baden-Wuerttemberg
Q4-11,2011-01-14,6.27,05-31-2011,Landesbank Baden-Wuerttemberg
Q4-11,2011-01-28,6.27,05-31-2011,Landesbank Baden-Wuerttemberg
Q4-11,2011-02-11,6.33,05-31-2011,Landesbank Baden-Wuerttemberg
Q4-11,2011-03-11,6.33,05-31-2011,Landesbank Baden-Wuerttemberg
Q4-11,2011-03-25,6.33,05-31-2011,Landesbank Baden-Wuerttemberg
Q4-11,2011-04-28,6.33,05-31-2011,Landesbank Baden-Wuerttemberg
Q4-11,2011-05-06,6.37,05-31-2011,Landesbank Baden-Wuerttemberg
Q4-11,2011-05-16,6.37,05-31-2011,Landesbank Baden-Wuerttemberg
Q1-12,2011-05-06,6.31,05-31-2011,Landesbank Baden-Wuerttemberg
Q1-12,2011-05-16,6.31,05-31-2011,Landesbank Baden-Wuerttemberg
Q3-20,2019-09-24,6.93,08-31-2020,Landesbank Baden-Wuerttemberg
Q3-20,2019-10-29,6.93,08-31-2020,Landesbank Baden-Wuerttemberg
Q3-20,2019-11-25,6.93,08-31-2020,Landesbank Baden-Wuerttemberg
Q3-20,2019-12-18,6.93,08-31-2020,Landesbank Baden-Wuerttemberg
Q3-20,2020-01-28,6.93,08-31-2020,Landesbank Baden-Wuerttemberg
Q3-20,2020-02-21,6.95,08-31-2020,Landesbank Baden-Wuerttemberg
Q3-20,2020-03-30,6.94,08-31-2020,Landesbank Baden-Wuerttemberg
Q3-20,2020-04-30,6.94,08-31-2020,Landesbank Baden-Wuerttemberg
Q3-20,2020-05-29,6.94,08-31-2020,Landesbank Baden-Wuerttemberg
Q3-20,2020-06-29,6.94,08-31-2020,Landesbank Baden-Wuerttemberg
Q3-20,2020-07-07,7.04,08-31-2020,Landesbank Baden-Wuerttemberg
Q3-20,2020-08-04,7.04,08-31-2020,Landesbank Baden-Wuerttemberg
Q4-20,2019-08-30,6.9,08-31-2020,Landesbank Baden-Wuerttemberg
Q4-20,2019-09-24,6.9,08-31-2020,Landesbank Baden-Wuerttemberg
Q4-20,2019-10-29,6.9,08-31-2020,Landesbank Baden-Wuerttemberg
Q4-20,2019-11-25,6.9,08-31-2020,Landesbank Baden-Wuerttemberg
Q4-20,2019-12-18,6.9,08-31-2020,Landesbank Baden-Wuerttemberg
Q4-20,2020-01-28,6.9,08-31-2020,Landesbank Baden-Wuerttemberg
Q4-20,2020-02-21,7.0,08-31-2020,Landesbank Baden-Wuerttemberg
Q4-20,2020-03-30,7.01,08-31-2020,Landesbank Baden-Wuerttemberg
Q4-20,2020-04-30,7.01,08-31-2020,Landesbank Baden-Wuerttemberg
Q4-20,2020-05-29,7.01,08-31-2020,Landesbank Baden-Wuerttemberg
Q4-20,2020-06-29,7.01,08-31-2020,Landesbank Baden-Wuerttemberg
Q4-20,2020-07-07,7.08,08-31-2020,Landesbank Baden-Wuerttemberg
Q4-20,2020-08-04,7.1,08-31-2020,Landesbank Baden-Wuerttemberg
Q1-21,2020-03-30,7.08,08-31-2020,Landesbank Baden-Wuerttemberg
Q1-21,2020-04-30,7.08,08-31-2020,Landesbank Baden-Wuerttemberg
Q1-21,2020-05-29,7.08,08-31-2020,Landesbank Baden-Wuerttemberg
Q1-21,2020-06-29,7.08,08-31-2020,Landesbank Baden-Wuerttemberg
Q1-21,2020-07-07,7.1,08-31-2020,Landesbank Baden-Wuerttemberg
Q1-21,2020-08-04,7.11,08-31-2020,Landesbank Baden-Wuerttemberg
Q2-21,2020-06-29,7.24,08-31-2020,Landesbank Baden-Wuerttemberg
Q2-21,2020-07-07,7.17,08-31-2020,Landesbank Baden-Wuerttemberg
Q2-21,2020-08-04,7.15,08-31-2020,Landesbank Baden-Wuerttemberg
Q4-16,2015-09-03,7.0,11-30-2016,Landesbank Baden-Wuerttemberg
Q4-16,2015-09-10,6.8,11-30-2016,Landesbank Baden-Wuerttemberg
Q4-16,2015-10-16,6.8,11-30-2016,Landesbank Baden-Wuerttemberg
Q4-16,2015-11-11,6.6,11-30-2016,Landesbank Baden-Wuerttemberg
Q4-16,2015-12-09,6.7,11-30-2016,Landesbank Baden-Wuerttemberg
Q4-16,2016-01-08,6.7,11-30-2016,Landesbank Baden-Wuerttemberg
Q4-16,2016-02-03,6.7,11-30-2016,Landesbank Baden-Wuerttemberg
Q4-16,2016-03-03,6.7,11-30-2016,Landesbank Baden-Wuerttemberg
Q4-16,2016-04-12,6.7,11-30-2016,Landesbank Baden-Wuerttemberg
Q4-16,2016-05-24,6.7,11-30-2016,Landesbank Baden-Wuerttemberg
Q4-16,2016-06-01,6.7,11-30-2016,Landesbank Baden-Wuerttemberg
Q4-16,2016-06-29,6.7,11-30-2016,Landesbank Baden-Wuerttemberg
Q4-16,2016-07-28,6.7,11-30-2016,Landesbank Baden-Wuerttemberg
Q4-16,2016-09-01,6.75,11-30-2016,Landesbank Baden-Wuerttemberg
Q4-16,2016-10-05,6.75,11-30-2016,Landesbank Baden-Wuerttemberg
Q4-16,2016-10-28,6.75,11-30-2016,Landesbank Baden-Wuerttemberg
Q1-17,2016-03-03,6.8,11-30-2016,Landesbank Baden-Wuerttemberg
Q1-17,2016-04-12,6.8,11-30-2016,Landesbank Baden-Wuerttemberg
Q1-17,2016-05-24,6.8,11-30-2016,Landesbank Baden-Wuerttemberg
Q1-17,2016-06-01,6.8,11-30-2016,Landesbank Baden-Wuerttemberg
Q1-17,2016-06-29,6.75,11-30-2016,Landesbank Baden-Wuerttemberg
Q1-17,2016-07-28,6.75,11-30-2016,Landesbank Baden-Wuerttemberg
Q1-17,2016-09-01,6.75,11-30-2016,Landesbank Baden-Wuerttemberg
Q1-17,2016-10-05,6.75,11-30-2016,Landesbank Baden-Wuerttemberg
Q1-17,2016-10-28,6.75,11-30-2016,Landesbank Baden-Wuerttemberg
Q1-17,2016-11-30,6.75,11-30-2016,Landesbank Baden-Wuerttemberg
Q2-17,2016-06-01,6.75,11-30-2016,Landesbank Baden-Wuerttemberg
Q2-17,2016-06-29,6.75,11-30-2016,Landesbank Baden-Wuerttemberg
Q2-17,2016-07-28,6.75,11-30-2016,Landesbank Baden-Wuerttemberg
Q2-17,2016-09-01,6.8,11-30-2016,Landesbank Baden-Wuerttemberg
Q2-17,2016-10-05,6.8,11-30-2016,Landesbank Baden-Wuerttemberg
Q2-17,2016-10-28,6.8,11-30-2016,Landesbank Baden-Wuerttemberg
Q2-17,2016-11-30,6.8,11-30-2016,Landesbank Baden-Wuerttemberg
Q3-17,2016-09-01,6.8,11-30-2016,Landesbank Baden-Wuerttemberg
Q3-17,2016-10-05,6.8,11-30-2016,Landesbank Baden-Wuerttemberg
Q3-17,2016-10-28,6.8,11-30-2016,Landesbank Baden-Wuerttemberg
Q3-17,2016-11-30,6.8,11-30-2016,Landesbank Baden-Wuerttemberg
2017,2016-06-01,6.8,11-30-2016,Landesbank Baden-Wuerttemberg
2017,2016-06-29,6.8,11-30-2016,Landesbank Baden-Wuerttemberg
2017,2016-07-28,6.8,11-30-2016,Landesbank Baden-Wuerttemberg
2017,2016-09-01,6.8,11-30-2016,Landesbank Baden-Wuerttemberg
2017,2016-10-05,6.8,11-30-2016,Landesbank Baden-Wuerttemberg
2017,2016-10-28,6.8,11-30-2016,Landesbank Baden-Wuerttemberg
2017,2016-11-30,6.8,11-30-2016,Landesbank Baden-Wuerttemberg
Q1-11,2010-07-02,6.54,02-28-2011,Landesbank Baden-Wuerttemberg
Q1-11,2010-07-16,6.54,02-28-2011,Landesbank Baden-Wuerttemberg
Q1-11,2010-08-06,6.54,02-28-2011,Landesbank Baden-Wuerttemberg
Q1-11,2010-09-10,6.63,02-28-2011,Landesbank Baden-Wuerttemberg
Q1-11,2010-10-08,6.63,02-28-2011,Landesbank Baden-Wuerttemberg
Q1-11,2010-10-25,6.48,02-28-2011,Landesbank Baden-Wuerttemberg
Q1-11,2010-11-19,6.49,02-28-2011,Landesbank Baden-Wuerttemberg
Q1-11,2010-12-17,6.52,02-28-2011,Landesbank Baden-Wuerttemberg
Q1-11,2011-01-14,6.52,02-28-2011,Landesbank Baden-Wuerttemberg
Q1-11,2011-01-28,6.52,02-28-2011,Landesbank Baden-Wuerttemberg
Q1-11,2011-02-11,6.51,02-28-2011,Landesbank Baden-Wuerttemberg
Q2-11,2010-07-02,6.48,02-28-2011,Landesbank Baden-Wuerttemberg
Q2-11,2010-07-16,6.48,02-28-2011,Landesbank Baden-Wuerttemberg
Q2-11,2010-08-06,6.48,02-28-2011,Landesbank Baden-Wuerttemberg
Q2-11,2010-09-10,6.54,02-28-2011,Landesbank Baden-Wuerttemberg
Q2-11,2010-10-08,6.54,02-28-2011,Landesbank Baden-Wuerttemberg
Q2-11,2010-10-25,6.42,02-28-2011,Landesbank Baden-Wuerttemberg
Q2-11,2010-11-19,6.42,02-28-2011,Landesbank Baden-Wuerttemberg
Q2-11,2010-12-17,6.39,02-28-2011,Landesbank Baden-Wuerttemberg
Q2-11,2011-01-14,6.39,02-28-2011,Landesbank Baden-Wuerttemberg
Q2-11,2011-01-28,6.39,02-28-2011,Landesbank Baden-Wuerttemberg
Q2-11,2011-02-11,6.45,02-28-2011,Landesbank Baden-Wuerttemberg
Q3-11,2010-09-10,6.48,02-28-2011,Landesbank Baden-Wuerttemberg
Q3-11,2010-10-08,6.48,02-28-2011,Landesbank Baden-Wuerttemberg
Q3-11,2010-10-25,6.36,02-28-2011,Landesbank Baden-Wuerttemberg
Q3-11,2010-11-19,6.35,02-28-2011,Landesbank Baden-Wuerttemberg
Q3-11,2010-12-17,6.33,02-28-2011,Landesbank Baden-Wuerttemberg
Q3-11,2011-01-14,6.33,02-28-2011,Landesbank Baden-Wuerttemberg
Q3-11,2011-01-28,6.33,02-28-2011,Landesbank Baden-Wuerttemberg
Q3-11,2011-02-11,6.39,02-28-2011,Landesbank Baden-Wuerttemberg
Q4-11,2010-12-17,6.27,02-28-2011,Landesbank Baden-Wuerttemberg
Q4-11,2011-01-14,6.27,02-28-2011,Landesbank Baden-Wuerttemberg
Q4-11,2011-01-28,6.27,02-28-2011,Landesbank Baden-Wuerttemberg
Q4-11,2011-02-11,6.33,02-28-2011,Landesbank Baden-Wuerttemberg
Q3-16,2015-09-03,7.0,08-31-2016,Landesbank Baden-Wuerttemberg
Q3-16,2015-09-10,6.8,08-31-2016,Landesbank Baden-Wuerttemberg
Q3-16,2015-10-16,6.8,08-31-2016,Landesbank Baden-Wuerttemberg
Q3-16,2015-11-11,6.5,08-31-2016,Landesbank Baden-Wuerttemberg
Q3-16,2015-12-09,6.65,08-31-2016,Landesbank Baden-Wuerttemberg
Q3-16,2016-01-08,6.65,08-31-2016,Landesbank Baden-Wuerttemberg
Q3-16,2016-02-03,6.65,08-31-2016,Landesbank Baden-Wuerttemberg
Q3-16,2016-03-03,6.65,08-31-2016,Landesbank Baden-Wuerttemberg
Q3-16,2016-04-12,6.65,08-31-2016,Landesbank Baden-Wuerttemberg
Q3-16,2016-05-24,6.65,08-31-2016,Landesbank Baden-Wuerttemberg
Q3-16,2016-06-01,6.65,08-31-2016,Landesbank Baden-Wuerttemberg
Q3-16,2016-06-29,6.65,08-31-2016,Landesbank Baden-Wuerttemberg
Q3-16,2016-07-28,6.65,08-31-2016,Landesbank Baden-Wuerttemberg
Q4-16,2015-09-03,7.0,08-31-2016,Landesbank Baden-Wuerttemberg
Q4-16,2015-09-10,6.8,08-31-2016,Landesbank Baden-Wuerttemberg
Q4-16,2015-10-16,6.8,08-31-2016,Landesbank Baden-Wuerttemberg
Q4-16,2015-11-11,6.6,08-31-2016,Landesbank Baden-Wuerttemberg
Q4-16,2015-12-09,6.7,08-31-2016,Landesbank Baden-Wuerttemberg
Q4-16,2016-01-08,6.7,08-31-2016,Landesbank Baden-Wuerttemberg
Q4-16,2016-02-03,6.7,08-31-2016,Landesbank Baden-Wuerttemberg
Q4-16,2016-03-03,6.7,08-31-2016,Landesbank Baden-Wuerttemberg
Q4-16,2016-04-12,6.7,08-31-2016,Landesbank Baden-Wuerttemberg
Q4-16,2016-05-24,6.7,08-31-2016,Landesbank Baden-Wuerttemberg
Q4-16,2016-06-01,6.7,08-31-2016,Landesbank Baden-Wuerttemberg
Q4-16,2016-06-29,6.7,08-31-2016,Landesbank Baden-Wuerttemberg
Q4-16,2016-07-28,6.7,08-31-2016,Landesbank Baden-Wuerttemberg
Q1-17,2016-03-03,6.8,08-31-2016,Landesbank Baden-Wuerttemberg
Q1-17,2016-04-12,6.8,08-31-2016,Landesbank Baden-Wuerttemberg
Q1-17,2016-05-24,6.8,08-31-2016,Landesbank Baden-Wuerttemberg
Q1-17,2016-06-01,6.8,08-31-2016,Landesbank Baden-Wuerttemberg
Q1-17,2016-06-29,6.75,08-31-2016,Landesbank Baden-Wuerttemberg
Q1-17,2016-07-28,6.75,08-31-2016,Landesbank Baden-Wuerttemberg
Q2-17,2016-06-01,6.75,08-31-2016,Landesbank Baden-Wuerttemberg
Q2-17,2016-06-29,6.75,08-31-2016,Landesbank Baden-Wuerttemberg
Q2-17,2016-07-28,6.75,08-31-2016,Landesbank Baden-Wuerttemberg
2017,2016-06-01,6.8,08-31-2016,Landesbank Baden-Wuerttemberg
2017,2016-06-29,6.8,08-31-2016,Landesbank Baden-Wuerttemberg
2017,2016-07-28,6.8,08-31-2016,Landesbank Baden-Wuerttemberg
Q4-20,2019-08-30,6.9,11-30-2020,Landesbank Baden-Wuerttemberg
Q4-20,2019-09-24,6.9,11-30-2020,Landesbank Baden-Wuerttemberg
Q4-20,2019-10-29,6.9,11-30-2020,Landesbank Baden-Wuerttemberg
Q4-20,2019-11-25,6.9,11-30-2020,Landesbank Baden-Wuerttemberg
Q4-20,2019-12-18,6.9,11-30-2020,Landesbank Baden-Wuerttemberg
Q4-20,2020-01-28,6.9,11-30-2020,Landesbank Baden-Wuerttemberg
Q4-20,2020-02-21,7.0,11-30-2020,Landesbank Baden-Wuerttemberg
Q4-20,2020-03-30,7.01,11-30-2020,Landesbank Baden-Wuerttemberg
Q4-20,2020-04-30,7.01,11-30-2020,Landesbank Baden-Wuerttemberg
Q4-20,2020-05-29,7.01,11-30-2020,Landesbank Baden-Wuerttemberg
Q4-20,2020-06-29,7.01,11-30-2020,Landesbank Baden-Wuerttemberg
Q4-20,2020-07-07,7.08,11-30-2020,Landesbank Baden-Wuerttemberg
Q4-20,2020-08-04,7.1,11-30-2020,Landesbank Baden-Wuerttemberg
Q4-20,2020-09-01,7.1,11-30-2020,Landesbank Baden-Wuerttemberg
Q4-20,2020-10-02,7.1,11-30-2020,Landesbank Baden-Wuerttemberg
Q4-20,2020-11-09,7.1,11-30-2020,Landesbank Baden-Wuerttemberg
Q1-21,2020-03-30,7.08,11-30-2020,Landesbank Baden-Wuerttemberg
Q1-21,2020-04-30,7.08,11-30-2020,Landesbank Baden-Wuerttemberg
Q1-21,2020-05-29,7.08,11-30-2020,Landesbank Baden-Wuerttemberg
Q1-21,2020-06-29,7.08,11-30-2020,Landesbank Baden-Wuerttemberg
Q1-21,2020-07-07,7.1,11-30-2020,Landesbank Baden-Wuerttemberg
Q1-21,2020-08-04,7.11,11-30-2020,Landesbank Baden-Wuerttemberg
Q1-21,2020-09-01,7.11,11-30-2020,Landesbank Baden-Wuerttemberg
Q1-21,2020-10-02,7.11,11-30-2020,Landesbank Baden-Wuerttemberg
Q1-21,2020-11-09,7.11,11-30-2020,Landesbank Baden-Wuerttemberg
Q2-21,2020-06-29,7.24,11-30-2020,Landesbank Baden-Wuerttemberg
Q2-21,2020-07-07,7.17,11-30-2020,Landesbank Baden-Wuerttemberg
Q2-21,2020-08-04,7.15,11-30-2020,Landesbank Baden-Wuerttemberg
Q2-21,2020-09-01,7.15,11-30-2020,Landesbank Baden-Wuerttemberg
Q2-21,2020-10-02,7.15,11-30-2020,Landesbank Baden-Wuerttemberg
Q2-21,2020-11-09,7.15,11-30-2020,Landesbank Baden-Wuerttemberg
Q3-21,2020-09-01,7.18,11-30-2020,Landesbank Baden-Wuerttemberg
Q3-21,2020-10-02,7.18,11-30-2020,Landesbank Baden-Wuerttemberg
Q3-21,2020-11-09,7.18,11-30-2020,Landesbank Baden-Wuerttemberg
2021,2020-09-01,7.2,11-30-2020,Landesbank Baden-Wuerttemberg
2021,2020-10-02,7.2,11-30-2020,Landesbank Baden-Wuerttemberg
2021,2020-11-09,7.2,11-30-2020,Landesbank Baden-Wuerttemberg
Q1-07,2006-08-08,7.7,02-28-2007,Landesbank Baden-Wuerttemberg
Q1-07,2006-08-11,7.7,02-28-2007,Landesbank Baden-Wuerttemberg
Q1-07,2006-08-18,7.7,02-28-2007,Landesbank Baden-Wuerttemberg
Q1-07,2006-09-01,7.8,02-28-2007,Landesbank Baden-Wuerttemberg
Q1-07,2006-09-08,7.8,02-28-2007,Landesbank Baden-Wuerttemberg
Q1-07,2006-09-15,7.8,02-28-2007,Landesbank Baden-Wuerttemberg
Q1-07,2006-09-22,7.75,02-28-2007,Landesbank Baden-Wuerttemberg
Q1-07,2006-09-29,7.75,02-28-2007,Landesbank Baden-Wuerttemberg
Q1-07,2006-10-06,7.75,02-28-2007,Landesbank Baden-Wuerttemberg
Q1-07,2006-10-13,7.75,02-28-2007,Landesbank Baden-Wuerttemberg
Q1-07,2006-10-27,7.75,02-28-2007,Landesbank Baden-Wuerttemberg
Q1-07,2006-11-03,7.75,02-28-2007,Landesbank Baden-Wuerttemberg
Q1-07,2006-12-04,7.75,02-28-2007,Landesbank Baden-Wuerttemberg
Q1-07,2006-12-15,7.75,02-28-2007,Landesbank Baden-Wuerttemberg
Q1-07,2007-01-09,7.75,02-28-2007,Landesbank Baden-Wuerttemberg
Q1-07,2007-01-18,7.75,02-28-2007,Landesbank Baden-Wuerttemberg
Q1-07,2007-02-09,7.75,02-28-2007,Landesbank Baden-Wuerttemberg
Q2-07,2006-08-08,7.6,02-28-2007,Landesbank Baden-Wuerttemberg
Q2-07,2006-08-11,7.6,02-28-2007,Landesbank Baden-Wuerttemberg
Q2-07,2006-08-18,7.6,02-28-2007,Landesbank Baden-Wuerttemberg
Q2-07,2006-09-01,7.7,02-28-2007,Landesbank Baden-Wuerttemberg
Q2-07,2006-09-08,7.7,02-28-2007,Landesbank Baden-Wuerttemberg
Q2-07,2006-09-15,7.7,02-28-2007,Landesbank Baden-Wuerttemberg
Q2-07,2006-09-22,7.65,02-28-2007,Landesbank Baden-Wuerttemberg
Q2-07,2006-09-29,7.65,02-28-2007,Landesbank Baden-Wuerttemberg
Q2-07,2006-10-06,7.65,02-28-2007,Landesbank Baden-Wuerttemberg
Q2-07,2006-10-13,7.65,02-28-2007,Landesbank Baden-Wuerttemberg
Q2-07,2006-10-27,7.65,02-28-2007,Landesbank Baden-Wuerttemberg
Q2-07,2006-11-03,7.65,02-28-2007,Landesbank Baden-Wuerttemberg
Q2-07,2006-12-04,7.65,02-28-2007,Landesbank Baden-Wuerttemberg
Q2-07,2006-12-15,7.65,02-28-2007,Landesbank Baden-Wuerttemberg
Q2-07,2007-01-09,7.65,02-28-2007,Landesbank Baden-Wuerttemberg
Q2-07,2007-01-18,7.65,02-28-2007,Landesbank Baden-Wuerttemberg
Q2-07,2007-02-09,7.65,02-28-2007,Landesbank Baden-Wuerttemberg
Q3-07,2006-09-01,7.6,02-28-2007,Landesbank Baden-Wuerttemberg
Q3-07,2006-09-08,7.6,02-28-2007,Landesbank Baden-Wuerttemberg
Q3-07,2006-09-15,7.6,02-28-2007,Landesbank Baden-Wuerttemberg
Q3-07,2006-09-22,7.55,02-28-2007,Landesbank Baden-Wuerttemberg
Q3-07,2006-09-29,7.55,02-28-2007,Landesbank Baden-Wuerttemberg
Q3-07,2006-10-06,7.55,02-28-2007,Landesbank Baden-Wuerttemberg
Q3-07,2006-10-13,7.55,02-28-2007,Landesbank Baden-Wuerttemberg
Q3-07,2006-10-27,7.55,02-28-2007,Landesbank Baden-Wuerttemberg
Q3-07,2006-11-03,7.55,02-28-2007,Landesbank Baden-Wuerttemberg
Q3-07,2006-12-04,7.55,02-28-2007,Landesbank Baden-Wuerttemberg
Q3-07,2006-12-15,7.55,02-28-2007,Landesbank Baden-Wuerttemberg
Q3-07,2007-01-09,7.55,02-28-2007,Landesbank Baden-Wuerttemberg
Q3-07,2007-01-18,7.55,02-28-2007,Landesbank Baden-Wuerttemberg
Q3-07,2007-02-09,7.55,02-28-2007,Landesbank Baden-Wuerttemberg
Q4-07,2006-08-08,7.4,02-28-2007,Landesbank Baden-Wuerttemberg
Q4-07,2006-08-11,7.4,02-28-2007,Landesbank Baden-Wuerttemberg
Q4-07,2006-08-18,7.4,02-28-2007,Landesbank Baden-Wuerttemberg
Q4-07,2006-09-01,7.4,02-28-2007,Landesbank Baden-Wuerttemberg
Q4-07,2006-09-08,7.4,02-28-2007,Landesbank Baden-Wuerttemberg
Q4-07,2006-09-15,7.4,02-28-2007,Landesbank Baden-Wuerttemberg
Q4-07,2006-09-22,7.45,02-28-2007,Landesbank Baden-Wuerttemberg
Q4-07,2006-09-29,7.45,02-28-2007,Landesbank Baden-Wuerttemberg
Q4-07,2006-10-06,7.45,02-28-2007,Landesbank Baden-Wuerttemberg
Q4-07,2006-10-13,7.45,02-28-2007,Landesbank Baden-Wuerttemberg
Q4-07,2006-10-27,7.45,02-28-2007,Landesbank Baden-Wuerttemberg
Q4-07,2006-11-03,7.45,02-28-2007,Landesbank Baden-Wuerttemberg
Q4-07,2006-12-04,7.45,02-28-2007,Landesbank Baden-Wuerttemberg
Q4-07,2006-12-15,7.45,02-28-2007,Landesbank Baden-Wuerttemberg
Q4-07,2007-01-09,7.45,02-28-2007,Landesbank Baden-Wuerttemberg
Q4-07,2007-01-18,7.45,02-28-2007,Landesbank Baden-Wuerttemberg
Q4-07,2007-02-09,7.45,02-28-2007,Landesbank Baden-Wuerttemberg
2008,2006-12-04,7.45,02-28-2007,Landesbank Baden-Wuerttemberg
2008,2007-01-09,7.45,02-28-2007,Landesbank Baden-Wuerttemberg
Q4-21,2020-09-01,7.2,11-30-2021,Landesbank Baden-Wuerttemberg
Q4-21,2020-10-02,7.2,11-30-2021,Landesbank Baden-Wuerttemberg
Q4-21,2020-11-09,7.2,11-30-2021,Landesbank Baden-Wuerttemberg
Q4-21,2020-12-01,6.91,11-30-2021,Landesbank Baden-Wuerttemberg
Q4-21,2020-12-17,6.91,11-30-2021,Landesbank Baden-Wuerttemberg
Q4-21,2021-01-12,6.91,11-30-2021,Landesbank Baden-Wuerttemberg
Q4-21,2021-02-09,6.75,11-30-2021,Landesbank Baden-Wuerttemberg
Q4-21,2021-03-02,6.74,11-30-2021,Landesbank Baden-Wuerttemberg
Q4-21,2021-03-24,6.74,11-30-2021,Landesbank Baden-Wuerttemberg
Q4-21,2021-04-27,6.74,11-30-2021,Landesbank Baden-Wuerttemberg
Q4-21,2021-06-01,6.74,11-30-2021,Landesbank Baden-Wuerttemberg
Q4-21,2021-06-28,6.74,11-30-2021,Landesbank Baden-Wuerttemberg
Q4-21,2021-07-30,6.74,11-30-2021,Landesbank Baden-Wuerttemberg
Q4-21,2021-09-01,6.74,11-30-2021,Landesbank Baden-Wuerttemberg
Q4-21,2021-09-29,6.74,11-30-2021,Landesbank Baden-Wuerttemberg
Q4-21,2021-10-25,6.74,11-30-2021,Landesbank Baden-Wuerttemberg
Q4-21,2021-11-02,6.4,11-30-2021,Landesbank Baden-Wuerttemberg
Q4-21,2021-11-22,6.4,11-30-2021,Landesbank Baden-Wuerttemberg
Q1-22,2021-03-02,6.81,11-30-2021,Landesbank Baden-Wuerttemberg
Q1-22,2021-03-24,6.81,11-30-2021,Landesbank Baden-Wuerttemberg
Q1-22,2021-04-27,6.81,11-30-2021,Landesbank Baden-Wuerttemberg
Q1-22,2021-06-01,6.81,11-30-2021,Landesbank Baden-Wuerttemberg
Q1-22,2021-06-28,6.81,11-30-2021,Landesbank Baden-Wuerttemberg
Q1-22,2021-07-30,6.81,11-30-2021,Landesbank Baden-Wuerttemberg
Q1-22,2021-09-01,6.81,11-30-2021,Landesbank Baden-Wuerttemberg
Q1-22,2021-09-29,6.81,11-30-2021,Landesbank Baden-Wuerttemberg
Q1-22,2021-10-25,6.81,11-30-2021,Landesbank Baden-Wuerttemberg
Q1-22,2021-11-02,6.47,11-30-2021,Landesbank Baden-Wuerttemberg
Q1-22,2021-11-22,6.47,11-30-2021,Landesbank Baden-Wuerttemberg
Q2-22,2021-06-01,6.91,11-30-2021,Landesbank Baden-Wuerttemberg
Q2-22,2021-06-28,6.91,11-30-2021,Landesbank Baden-Wuerttemberg
Q2-22,2021-07-30,6.91,11-30-2021,Landesbank Baden-Wuerttemberg
Q2-22,2021-09-01,6.91,11-30-2021,Landesbank Baden-Wuerttemberg
Q2-22,2021-09-29,6.91,11-30-2021,Landesbank Baden-Wuerttemberg
Q2-22,2021-10-25,6.91,11-30-2021,Landesbank Baden-Wuerttemberg
Q2-22,2021-11-02,6.48,11-30-2021,Landesbank Baden-Wuerttemberg
Q2-22,2021-11-22,6.48,11-30-2021,Landesbank Baden-Wuerttemberg
Q3-22,2021-09-01,6.87,11-30-2021,Landesbank Baden-Wuerttemberg
Q3-22,2021-09-29,6.87,11-30-2021,Landesbank Baden-Wuerttemberg
Q3-22,2021-10-25,6.87,11-30-2021,Landesbank Baden-Wuerttemberg
Q3-22,2021-11-02,6.52,11-30-2021,Landesbank Baden-Wuerttemberg
Q3-22,2021-11-22,6.52,11-30-2021,Landesbank Baden-Wuerttemberg
2022,2021-09-01,6.87,11-30-2021,Landesbank Baden-Wuerttemberg
2022,2021-09-29,6.87,11-30-2021,Landesbank Baden-Wuerttemberg
2022,2021-10-25,6.87,11-30-2021,Landesbank Baden-Wuerttemberg
2022,2021-11-02,6.65,11-30-2021,Landesbank Baden-Wuerttemberg
2022,2021-11-22,6.65,11-30-2021,Landesbank Baden-Wuerttemberg
Q3-17,2016-09-01,6.8,08-31-2017,Landesbank Baden-Wuerttemberg
Q3-17,2016-10-05,6.8,08-31-2017,Landesbank Baden-Wuerttemberg
Q3-17,2016-10-28,6.8,08-31-2017,Landesbank Baden-Wuerttemberg
Q3-17,2016-11-30,6.8,08-31-2017,Landesbank Baden-Wuerttemberg
Q3-17,2016-12-13,6.8,08-31-2017,Landesbank Baden-Wuerttemberg
Q3-17,2016-12-20,7.0,08-31-2017,Landesbank Baden-Wuerttemberg
Q3-17,2017-01-25,7.0,08-31-2017,Landesbank Baden-Wuerttemberg
Q3-17,2017-03-01,7.0,08-31-2017,Landesbank Baden-Wuerttemberg
Q3-17,2017-03-22,7.0,08-31-2017,Landesbank Baden-Wuerttemberg
Q3-17,2017-04-26,7.0,08-31-2017,Landesbank Baden-Wuerttemberg
Q3-17,2017-05-12,7.0,08-31-2017,Landesbank Baden-Wuerttemberg
Q3-17,2017-05-29,7.0,08-31-2017,Landesbank Baden-Wuerttemberg
Q3-17,2017-06-30,6.79,08-31-2017,Landesbank Baden-Wuerttemberg
Q3-17,2017-07-31,6.79,08-31-2017,Landesbank Baden-Wuerttemberg
Q3-17,2017-08-14,6.74,08-31-2017,Landesbank Baden-Wuerttemberg
Q3-17,2017-08-18,6.74,08-31-2017,Landesbank Baden-Wuerttemberg
Q3-17,2017-08-30,6.74,08-31-2017,Landesbank Baden-Wuerttemberg
Q4-17,2016-06-01,6.8,08-31-2017,Landesbank Baden-Wuerttemberg
Q4-17,2016-06-29,6.8,08-31-2017,Landesbank Baden-Wuerttemberg
Q4-17,2016-07-28,6.8,08-31-2017,Landesbank Baden-Wuerttemberg
Q4-17,2016-09-01,6.8,08-31-2017,Landesbank Baden-Wuerttemberg
Q4-17,2016-10-05,6.8,08-31-2017,Landesbank Baden-Wuerttemberg
Q4-17,2016-10-28,6.8,08-31-2017,Landesbank Baden-Wuerttemberg
Q4-17,2016-11-30,6.8,08-31-2017,Landesbank Baden-Wuerttemberg
Q4-17,2016-12-13,6.8,08-31-2017,Landesbank Baden-Wuerttemberg
Q4-17,2016-12-20,6.9,08-31-2017,Landesbank Baden-Wuerttemberg
Q4-17,2017-01-25,6.9,08-31-2017,Landesbank Baden-Wuerttemberg
Q4-17,2017-03-01,6.9,08-31-2017,Landesbank Baden-Wuerttemberg
Q4-17,2017-03-22,6.9,08-31-2017,Landesbank Baden-Wuerttemberg
Q4-17,2017-04-26,6.9,08-31-2017,Landesbank Baden-Wuerttemberg
Q4-17,2017-05-12,6.9,08-31-2017,Landesbank Baden-Wuerttemberg
Q4-17,2017-05-29,6.9,08-31-2017,Landesbank Baden-Wuerttemberg
Q4-17,2017-06-30,6.82,08-31-2017,Landesbank Baden-Wuerttemberg
Q4-17,2017-07-31,6.82,08-31-2017,Landesbank Baden-Wuerttemberg
Q4-17,2017-08-14,6.73,08-31-2017,Landesbank Baden-Wuerttemberg
Q4-17,2017-08-18,6.73,08-31-2017,Landesbank Baden-Wuerttemberg
Q4-17,2017-08-30,6.73,08-31-2017,Landesbank Baden-Wuerttemberg
Q1-18,2017-03-01,6.85,08-31-2017,Landesbank Baden-Wuerttemberg
Q1-18,2017-03-22,6.85,08-31-2017,Landesbank Baden-Wuerttemberg
Q1-18,2017-04-26,6.85,08-31-2017,Landesbank Baden-Wuerttemberg
Q1-18,2017-05-12,6.85,08-31-2017,Landesbank Baden-Wuerttemberg
Q1-18,2017-05-29,6.85,08-31-2017,Landesbank Baden-Wuerttemberg
Q1-18,2017-06-30,6.82,08-31-2017,Landesbank Baden-Wuerttemberg
Q1-18,2017-07-31,6.82,08-31-2017,Landesbank Baden-Wuerttemberg
Q1-18,2017-08-14,6.76,08-31-2017,Landesbank Baden-Wuerttemberg
Q1-18,2017-08-18,6.76,08-31-2017,Landesbank Baden-Wuerttemberg
Q1-18,2017-08-30,6.76,08-31-2017,Landesbank Baden-Wuerttemberg
Q2-18,2017-06-30,6.82,08-31-2017,Landesbank Baden-Wuerttemberg
Q2-18,2017-07-31,6.82,08-31-2017,Landesbank Baden-Wuerttemberg
Q2-18,2017-08-14,6.82,08-31-2017,Landesbank Baden-Wuerttemberg
Q2-18,2017-08-18,6.82,08-31-2017,Landesbank Baden-Wuerttemberg
Q2-18,2017-08-30,6.82,08-31-2017,Landesbank Baden-Wuerttemberg
2018,2016-12-20,6.7,08-31-2017,Landesbank Baden-Wuerttemberg
2018,2017-08-30,6.7,08-31-2017,Landesbank Baden-Wuerttemberg
Q1-10,2009-04-09,6.83,02-28-2010,Landesbank Baden-Wuerttemberg
Q1-10,2009-04-17,6.83,02-28-2010,Landesbank Baden-Wuerttemberg
Q1-10,2009-05-15,6.83,02-28-2010,Landesbank Baden-Wuerttemberg
Q4-17,2016-06-01,6.8,11-30-2017,Landesbank Baden-Wuerttemberg
Q4-17,2016-06-29,6.8,11-30-2017,Landesbank Baden-Wuerttemberg
Q4-17,2016-07-28,6.8,11-30-2017,Landesbank Baden-Wuerttemberg
Q4-17,2016-09-01,6.8,11-30-2017,Landesbank Baden-Wuerttemberg
Q4-17,2016-10-05,6.8,11-30-2017,Landesbank Baden-Wuerttemberg
Q4-17,2016-10-28,6.8,11-30-2017,Landesbank Baden-Wuerttemberg
Q4-17,2016-11-30,6.8,11-30-2017,Landesbank Baden-Wuerttemberg
Q4-17,2016-12-13,6.8,11-30-2017,Landesbank Baden-Wuerttemberg
Q4-17,2016-12-20,6.9,11-30-2017,Landesbank Baden-Wuerttemberg
Q4-17,2017-01-25,6.9,11-30-2017,Landesbank Baden-Wuerttemberg
Q4-17,2017-03-01,6.9,11-30-2017,Landesbank Baden-Wuerttemberg
Q4-17,2017-03-22,6.9,11-30-2017,Landesbank Baden-Wuerttemberg
Q4-17,2017-04-26,6.9,11-30-2017,Landesbank Baden-Wuerttemberg
Q4-17,2017-05-12,6.9,11-30-2017,Landesbank Baden-Wuerttemberg
Q4-17,2017-05-29,6.9,11-30-2017,Landesbank Baden-Wuerttemberg
Q4-17,2017-06-30,6.82,11-30-2017,Landesbank Baden-Wuerttemberg
Q4-17,2017-07-31,6.82,11-30-2017,Landesbank Baden-Wuerttemberg
Q4-17,2017-08-14,6.73,11-30-2017,Landesbank Baden-Wuerttemberg
Q4-17,2017-08-18,6.73,11-30-2017,Landesbank Baden-Wuerttemberg
Q4-17,2017-08-30,6.73,11-30-2017,Landesbank Baden-Wuerttemberg
Q4-17,2017-09-28,6.73,11-30-2017,Landesbank Baden-Wuerttemberg
Q4-17,2017-11-03,6.73,11-30-2017,Landesbank Baden-Wuerttemberg
Q4-17,2017-11-27,6.73,11-30-2017,Landesbank Baden-Wuerttemberg
Q1-18,2017-03-01,6.85,11-30-2017,Landesbank Baden-Wuerttemberg
Q1-18,2017-03-22,6.85,11-30-2017,Landesbank Baden-Wuerttemberg
Q1-18,2017-04-26,6.85,11-30-2017,Landesbank Baden-Wuerttemberg
Q1-18,2017-05-12,6.85,11-30-2017,Landesbank Baden-Wuerttemberg
Q1-18,2017-05-29,6.85,11-30-2017,Landesbank Baden-Wuerttemberg
Q1-18,2017-06-30,6.82,11-30-2017,Landesbank Baden-Wuerttemberg
Q1-18,2017-07-31,6.82,11-30-2017,Landesbank Baden-Wuerttemberg
Q1-18,2017-08-14,6.76,11-30-2017,Landesbank Baden-Wuerttemberg
Q1-18,2017-08-18,6.76,11-30-2017,Landesbank Baden-Wuerttemberg
Q1-18,2017-08-30,6.76,11-30-2017,Landesbank Baden-Wuerttemberg
Q1-18,2017-09-28,6.64,11-30-2017,Landesbank Baden-Wuerttemberg
Q1-18,2017-11-03,6.64,11-30-2017,Landesbank Baden-Wuerttemberg
Q1-18,2017-11-27,6.64,11-30-2017,Landesbank Baden-Wuerttemberg
Q2-18,2017-06-30,6.82,11-30-2017,Landesbank Baden-Wuerttemberg
Q2-18,2017-07-31,6.82,11-30-2017,Landesbank Baden-Wuerttemberg
Q2-18,2017-08-14,6.82,11-30-2017,Landesbank Baden-Wuerttemberg
Q2-18,2017-08-18,6.82,11-30-2017,Landesbank Baden-Wuerttemberg
Q2-18,2017-08-30,6.82,11-30-2017,Landesbank Baden-Wuerttemberg
Q2-18,2017-09-28,6.7,11-30-2017,Landesbank Baden-Wuerttemberg
Q2-18,2017-11-03,6.7,11-30-2017,Landesbank Baden-Wuerttemberg
Q2-18,2017-11-27,6.7,11-30-2017,Landesbank Baden-Wuerttemberg
Q3-18,2017-09-28,6.7,11-30-2017,Landesbank Baden-Wuerttemberg
Q3-18,2017-11-03,6.7,11-30-2017,Landesbank Baden-Wuerttemberg
Q3-18,2017-11-27,6.7,11-30-2017,Landesbank Baden-Wuerttemberg
2018,2016-12-20,6.7,11-30-2017,Landesbank Baden-Wuerttemberg
2018,2017-08-30,6.7,11-30-2017,Landesbank Baden-Wuerttemberg
2018,2017-09-28,6.7,11-30-2017,Landesbank Baden-Wuerttemberg
2018,2017-11-03,6.7,11-30-2017,Landesbank Baden-Wuerttemberg
2018,2017-11-27,6.7,11-30-2017,Landesbank Baden-Wuerttemberg
Q3-21,2020-09-01,7.18,08-31-2021,Landesbank Baden-Wuerttemberg
Q3-21,2020-10-02,7.18,08-31-2021,Landesbank Baden-Wuerttemberg
Q3-21,2020-11-09,7.18,08-31-2021,Landesbank Baden-Wuerttemberg
Q3-21,2020-12-01,6.83,08-31-2021,Landesbank Baden-Wuerttemberg
Q3-21,2020-12-17,6.83,08-31-2021,Landesbank Baden-Wuerttemberg
Q3-21,2021-01-12,6.77,08-31-2021,Landesbank Baden-Wuerttemberg
Q3-21,2021-02-09,6.72,08-31-2021,Landesbank Baden-Wuerttemberg
Q3-21,2021-03-02,6.64,08-31-2021,Landesbank Baden-Wuerttemberg
Q3-21,2021-03-24,6.64,08-31-2021,Landesbank Baden-Wuerttemberg
Q3-21,2021-04-27,6.64,08-31-2021,Landesbank Baden-Wuerttemberg
Q3-21,2021-06-01,6.64,08-31-2021,Landesbank Baden-Wuerttemberg
Q3-21,2021-06-28,6.64,08-31-2021,Landesbank Baden-Wuerttemberg
Q3-21,2021-07-30,6.64,08-31-2021,Landesbank Baden-Wuerttemberg
Q4-21,2020-09-01,7.2,08-31-2021,Landesbank Baden-Wuerttemberg
Q4-21,2020-10-02,7.2,08-31-2021,Landesbank Baden-Wuerttemberg
Q4-21,2020-11-09,7.2,08-31-2021,Landesbank Baden-Wuerttemberg
Q4-21,2020-12-01,6.91,08-31-2021,Landesbank Baden-Wuerttemberg
Q4-21,2020-12-17,6.91,08-31-2021,Landesbank Baden-Wuerttemberg
Q4-21,2021-01-12,6.91,08-31-2021,Landesbank Baden-Wuerttemberg
Q4-21,2021-02-09,6.75,08-31-2021,Landesbank Baden-Wuerttemberg
Q4-21,2021-03-02,6.74,08-31-2021,Landesbank Baden-Wuerttemberg
Q4-21,2021-03-24,6.74,08-31-2021,Landesbank Baden-Wuerttemberg
Q4-21,2021-04-27,6.74,08-31-2021,Landesbank Baden-Wuerttemberg
Q4-21,2021-06-01,6.74,08-31-2021,Landesbank Baden-Wuerttemberg
Q4-21,2021-06-28,6.74,08-31-2021,Landesbank Baden-Wuerttemberg
Q4-21,2021-07-30,6.74,08-31-2021,Landesbank Baden-Wuerttemberg
Q1-22,2021-03-02,6.81,08-31-2021,Landesbank Baden-Wuerttemberg
Q1-22,2021-03-24,6.81,08-31-2021,Landesbank Baden-Wuerttemberg
Q1-22,2021-04-27,6.81,08-31-2021,Landesbank Baden-Wuerttemberg
Q1-22,2021-06-01,6.81,08-31-2021,Landesbank Baden-Wuerttemberg
Q1-22,2021-06-28,6.81,08-31-2021,Landesbank Baden-Wuerttemberg
Q1-22,2021-07-30,6.81,08-31-2021,Landesbank Baden-Wuerttemberg
Q2-22,2021-06-01,6.91,08-31-2021,Landesbank Baden-Wuerttemberg
Q2-22,2021-06-28,6.91,08-31-2021,Landesbank Baden-Wuerttemberg
Q2-22,2021-07-30,6.91,08-31-2021,Landesbank Baden-Wuerttemberg
Q1-17,2016-03-03,6.8,02-28-2017,Landesbank Baden-Wuerttemberg
Q1-17,2016-04-12,6.8,02-28-2017,Landesbank Baden-Wuerttemberg
Q1-17,2016-05-24,6.8,02-28-2017,Landesbank Baden-Wuerttemberg
Q1-17,2016-06-01,6.8,02-28-2017,Landesbank Baden-Wuerttemberg
Q1-17,2016-06-29,6.75,02-28-2017,Landesbank Baden-Wuerttemberg
Q1-17,2016-07-28,6.75,02-28-2017,Landesbank Baden-Wuerttemberg
Q1-17,2016-09-01,6.75,02-28-2017,Landesbank Baden-Wuerttemberg
Q1-17,2016-10-05,6.75,02-28-2017,Landesbank Baden-Wuerttemberg
Q1-17,2016-10-28,6.75,02-28-2017,Landesbank Baden-Wuerttemberg
Q1-17,2016-11-30,6.75,02-28-2017,Landesbank Baden-Wuerttemberg
Q1-17,2016-12-13,6.8,02-28-2017,Landesbank Baden-Wuerttemberg
Q1-17,2016-12-20,7.0,02-28-2017,Landesbank Baden-Wuerttemberg
Q1-17,2017-01-25,7.0,02-28-2017,Landesbank Baden-Wuerttemberg
Q2-17,2016-06-01,6.75,02-28-2017,Landesbank Baden-Wuerttemberg
Q2-17,2016-06-29,6.75,02-28-2017,Landesbank Baden-Wuerttemberg
Q2-17,2016-07-28,6.75,02-28-2017,Landesbank Baden-Wuerttemberg
Q2-17,2016-09-01,6.8,02-28-2017,Landesbank Baden-Wuerttemberg
Q2-17,2016-10-05,6.8,02-28-2017,Landesbank Baden-Wuerttemberg
Q2-17,2016-10-28,6.8,02-28-2017,Landesbank Baden-Wuerttemberg
Q2-17,2016-11-30,6.8,02-28-2017,Landesbank Baden-Wuerttemberg
Q2-17,2016-12-13,6.8,02-28-2017,Landesbank Baden-Wuerttemberg
Q2-17,2016-12-20,7.1,02-28-2017,Landesbank Baden-Wuerttemberg
Q2-17,2017-01-25,7.1,02-28-2017,Landesbank Baden-Wuerttemberg
Q3-17,2016-09-01,6.8,02-28-2017,Landesbank Baden-Wuerttemberg
Q3-17,2016-10-05,6.8,02-28-2017,Landesbank Baden-Wuerttemberg
Q3-17,2016-10-28,6.8,02-28-2017,Landesbank Baden-Wuerttemberg
Q3-17,2016-11-30,6.8,02-28-2017,Landesbank Baden-Wuerttemberg
Q3-17,2016-12-13,6.8,02-28-2017,Landesbank Baden-Wuerttemberg
Q3-17,2016-12-20,7.0,02-28-2017,Landesbank Baden-Wuerttemberg
Q3-17,2017-01-25,7.0,02-28-2017,Landesbank Baden-Wuerttemberg
Q4-17,2016-06-01,6.8,02-28-2017,Landesbank Baden-Wuerttemberg
Q4-17,2016-06-29,6.8,02-28-2017,Landesbank Baden-Wuerttemberg
Q4-17,2016-07-28,6.8,02-28-2017,Landesbank Baden-Wuerttemberg
Q4-17,2016-09-01,6.8,02-28-2017,Landesbank Baden-Wuerttemberg
Q4-17,2016-10-05,6.8,02-28-2017,Landesbank Baden-Wuerttemberg
Q4-17,2016-10-28,6.8,02-28-2017,Landesbank Baden-Wuerttemberg
Q4-17,2016-11-30,6.8,02-28-2017,Landesbank Baden-Wuerttemberg
Q4-17,2016-12-13,6.8,02-28-2017,Landesbank Baden-Wuerttemberg
Q4-17,2016-12-20,6.9,02-28-2017,Landesbank Baden-Wuerttemberg
Q4-17,2017-01-25,6.9,02-28-2017,Landesbank Baden-Wuerttemberg
Q3-10,2010-07-02,6.73,08-31-2010,Landesbank Baden-Wuerttemberg
Q3-10,2010-07-16,6.73,08-31-2010,Landesbank Baden-Wuerttemberg
Q3-10,2010-08-06,6.73,08-31-2010,Landesbank Baden-Wuerttemberg
Q4-10,2010-07-02,6.63,08-31-2010,Landesbank Baden-Wuerttemberg
Q4-10,2010-07-16,6.63,08-31-2010,Landesbank Baden-Wuerttemberg
Q4-10,2010-08-06,6.63,08-31-2010,Landesbank Baden-Wuerttemberg
Q1-11,2010-07-02,6.54,08-31-2010,Landesbank Baden-Wuerttemberg
Q1-11,2010-07-16,6.54,08-31-2010,Landesbank Baden-Wuerttemberg
Q1-11,2010-08-06,6.54,08-31-2010,Landesbank Baden-Wuerttemberg
Q2-11,2010-07-02,6.48,08-31-2010,Landesbank Baden-Wuerttemberg
Q2-11,2010-07-16,6.48,08-31-2010,Landesbank Baden-Wuerttemberg
Q2-11,2010-08-06,6.48,08-31-2010,Landesbank Baden-Wuerttemberg
Q3-06,2006-08-08,7.95,08-31-2006,Landesbank Baden-Wuerttemberg
Q3-06,2006-08-11,7.95,08-31-2006,Landesbank Baden-Wuerttemberg
Q3-06,2006-08-18,7.95,08-31-2006,Landesbank Baden-Wuerttemberg
Q4-06,2006-08-08,7.8,08-31-2006,Landesbank Baden-Wuerttemberg
Q4-06,2006-08-11,7.8,08-31-2006,Landesbank Baden-Wuerttemberg
Q4-06,2006-08-18,7.8,08-31-2006,Landesbank Baden-Wuerttemberg
Q1-07,2006-08-08,7.7,08-31-2006,Landesbank Baden-Wuerttemberg
Q1-07,2006-08-11,7.7,08-31-2006,Landesbank Baden-Wuerttemberg
Q1-07,2006-08-18,7.7,08-31-2006,Landesbank Baden-Wuerttemberg
Q2-07,2006-08-08,7.6,08-31-2006,Landesbank Baden-Wuerttemberg
Q2-07,2006-08-11,7.6,08-31-2006,Landesbank Baden-Wuerttemberg
Q2-07,2006-08-18,7.6,08-31-2006,Landesbank Baden-Wuerttemberg
2007,2006-08-08,7.4,08-31-2006,Landesbank Baden-Wuerttemberg
2007,2006-08-11,7.4,08-31-2006,Landesbank Baden-Wuerttemberg
2007,2006-08-18,7.4,08-31-2006,Landesbank Baden-Wuerttemberg
Q2-21,2020-06-29,7.24,05-31-2021,Landesbank Baden-Wuerttemberg
Q2-21,2020-07-07,7.17,05-31-2021,Landesbank Baden-Wuerttemberg
Q2-21,2020-08-04,7.15,05-31-2021,Landesbank Baden-Wuerttemberg
Q2-21,2020-09-01,7.15,05-31-2021,Landesbank Baden-Wuerttemberg
Q2-21,2020-10-02,7.15,05-31-2021,Landesbank Baden-Wuerttemberg
Q2-21,2020-11-09,7.15,05-31-2021,Landesbank Baden-Wuerttemberg
Q2-21,2020-12-01,6.75,05-31-2021,Landesbank Baden-Wuerttemberg
Q2-21,2020-12-17,6.75,05-31-2021,Landesbank Baden-Wuerttemberg
Q2-21,2021-01-12,6.64,05-31-2021,Landesbank Baden-Wuerttemberg
Q2-21,2021-02-09,6.69,05-31-2021,Landesbank Baden-Wuerttemberg
Q2-21,2021-03-02,6.53,05-31-2021,Landesbank Baden-Wuerttemberg
Q2-21,2021-03-24,6.53,05-31-2021,Landesbank Baden-Wuerttemberg
Q2-21,2021-04-27,6.53,05-31-2021,Landesbank Baden-Wuerttemberg
Q3-21,2020-09-01,7.18,05-31-2021,Landesbank Baden-Wuerttemberg
Q3-21,2020-10-02,7.18,05-31-2021,Landesbank Baden-Wuerttemberg
Q3-21,2020-11-09,7.18,05-31-2021,Landesbank Baden-Wuerttemberg
Q3-21,2020-12-01,6.83,05-31-2021,Landesbank Baden-Wuerttemberg
Q3-21,2020-12-17,6.83,05-31-2021,Landesbank Baden-Wuerttemberg
Q3-21,2021-01-12,6.77,05-31-2021,Landesbank Baden-Wuerttemberg
Q3-21,2021-02-09,6.72,05-31-2021,Landesbank Baden-Wuerttemberg
Q3-21,2021-03-02,6.64,05-31-2021,Landesbank Baden-Wuerttemberg
Q3-21,2021-03-24,6.64,05-31-2021,Landesbank Baden-Wuerttemberg
Q3-21,2021-04-27,6.64,05-31-2021,Landesbank Baden-Wuerttemberg
Q4-21,2020-09-01,7.2,05-31-2021,Landesbank Baden-Wuerttemberg
Q4-21,2020-10-02,7.2,05-31-2021,Landesbank Baden-Wuerttemberg
Q4-21,2020-11-09,7.2,05-31-2021,Landesbank Baden-Wuerttemberg
Q4-21,2020-12-01,6.91,05-31-2021,Landesbank Baden-Wuerttemberg
Q4-21,2020-12-17,6.91,05-31-2021,Landesbank Baden-Wuerttemberg
Q4-21,2021-01-12,6.91,05-31-2021,Landesbank Baden-Wuerttemberg
Q4-21,2021-02-09,6.75,05-31-2021,Landesbank Baden-Wuerttemberg
Q4-21,2021-03-02,6.74,05-31-2021,Landesbank Baden-Wuerttemberg
Q4-21,2021-03-24,6.74,05-31-2021,Landesbank Baden-Wuerttemberg
Q4-21,2021-04-27,6.74,05-31-2021,Landesbank Baden-Wuerttemberg
Q1-22,2021-03-02,6.81,05-31-2021,Landesbank Baden-Wuerttemberg
Q1-22,2021-03-24,6.81,05-31-2021,Landesbank Baden-Wuerttemberg
Q1-22,2021-04-27,6.81,05-31-2021,Landesbank Baden-Wuerttemberg
Q2-17,2016-06-01,6.75,05-31-2017,Landesbank Baden-Wuerttemberg
Q2-17,2016-06-29,6.75,05-31-2017,Landesbank Baden-Wuerttemberg
Q2-17,2016-07-28,6.75,05-31-2017,Landesbank Baden-Wuerttemberg
Q2-17,2016-09-01,6.8,05-31-2017,Landesbank Baden-Wuerttemberg
Q2-17,2016-10-05,6.8,05-31-2017,Landesbank Baden-Wuerttemberg
Q2-17,2016-10-28,6.8,05-31-2017,Landesbank Baden-Wuerttemberg
Q2-17,2016-11-30,6.8,05-31-2017,Landesbank Baden-Wuerttemberg
Q2-17,2016-12-13,6.8,05-31-2017,Landesbank Baden-Wuerttemberg
Q2-17,2016-12-20,7.1,05-31-2017,Landesbank Baden-Wuerttemberg
Q2-17,2017-01-25,7.1,05-31-2017,Landesbank Baden-Wuerttemberg
Q2-17,2017-03-01,7.1,05-31-2017,Landesbank Baden-Wuerttemberg
Q2-17,2017-03-22,7.0,05-31-2017,Landesbank Baden-Wuerttemberg
Q2-17,2017-04-26,7.0,05-31-2017,Landesbank Baden-Wuerttemberg
Q2-17,2017-05-12,7.0,05-31-2017,Landesbank Baden-Wuerttemberg
Q2-17,2017-05-29,7.0,05-31-2017,Landesbank Baden-Wuerttemberg
Q3-17,2016-09-01,6.8,05-31-2017,Landesbank Baden-Wuerttemberg
Q3-17,2016-10-05,6.8,05-31-2017,Landesbank Baden-Wuerttemberg
Q3-17,2016-10-28,6.8,05-31-2017,Landesbank Baden-Wuerttemberg
Q3-17,2016-11-30,6.8,05-31-2017,Landesbank Baden-Wuerttemberg
Q3-17,2016-12-13,6.8,05-31-2017,Landesbank Baden-Wuerttemberg
Q3-17,2016-12-20,7.0,05-31-2017,Landesbank Baden-Wuerttemberg
Q3-17,2017-01-25,7.0,05-31-2017,Landesbank Baden-Wuerttemberg
Q3-17,2017-03-01,7.0,05-31-2017,Landesbank Baden-Wuerttemberg
Q3-17,2017-03-22,7.0,05-31-2017,Landesbank Baden-Wuerttemberg
Q3-17,2017-04-26,7.0,05-31-2017,Landesbank Baden-Wuerttemberg
Q3-17,2017-05-12,7.0,05-31-2017,Landesbank Baden-Wuerttemberg
Q3-17,2017-05-29,7.0,05-31-2017,Landesbank Baden-Wuerttemberg
Q4-17,2016-06-01,6.8,05-31-2017,Landesbank Baden-Wuerttemberg
Q4-17,2016-06-29,6.8,05-31-2017,Landesbank Baden-Wuerttemberg
Q4-17,2016-07-28,6.8,05-31-2017,Landesbank Baden-Wuerttemberg
Q4-17,2016-09-01,6.8,05-31-2017,Landesbank Baden-Wuerttemberg
Q4-17,2016-10-05,6.8,05-31-2017,Landesbank Baden-Wuerttemberg
Q4-17,2016-10-28,6.8,05-31-2017,Landesbank Baden-Wuerttemberg
Q4-17,2016-11-30,6.8,05-31-2017,Landesbank Baden-Wuerttemberg
Q4-17,2016-12-13,6.8,05-31-2017,Landesbank Baden-Wuerttemberg
Q4-17,2016-12-20,6.9,05-31-2017,Landesbank Baden-Wuerttemberg
Q4-17,2017-01-25,6.9,05-31-2017,Landesbank Baden-Wuerttemberg
Q4-17,2017-03-01,6.9,05-31-2017,Landesbank Baden-Wuerttemberg
Q4-17,2017-03-22,6.9,05-31-2017,Landesbank Baden-Wuerttemberg
Q4-17,2017-04-26,6.9,05-31-2017,Landesbank Baden-Wuerttemberg
Q4-17,2017-05-12,6.9,05-31-2017,Landesbank Baden-Wuerttemberg
Q4-17,2017-05-29,6.9,05-31-2017,Landesbank Baden-Wuerttemberg
Q1-18,2017-03-01,6.85,05-31-2017,Landesbank Baden-Wuerttemberg
Q1-18,2017-03-22,6.85,05-31-2017,Landesbank Baden-Wuerttemberg
Q1-18,2017-04-26,6.85,05-31-2017,Landesbank Baden-Wuerttemberg
Q1-18,2017-05-12,6.85,05-31-2017,Landesbank Baden-Wuerttemberg
Q1-18,2017-05-29,6.85,05-31-2017,Landesbank Baden-Wuerttemberg
Q4-06,2006-08-08,7.8,11-30-2006,Landesbank Baden-Wuerttemberg
Q4-06,2006-08-11,7.8,11-30-2006,Landesbank Baden-Wuerttemberg
Q4-06,2006-08-18,7.8,11-30-2006,Landesbank Baden-Wuerttemberg
Q4-06,2006-09-01,7.95,11-30-2006,Landesbank Baden-Wuerttemberg
Q4-06,2006-09-08,7.95,11-30-2006,Landesbank Baden-Wuerttemberg
Q4-06,2006-09-15,7.9,11-30-2006,Landesbank Baden-Wuerttemberg
Q4-06,2006-09-22,7.85,11-30-2006,Landesbank Baden-Wuerttemberg
Q4-06,2006-09-29,7.85,11-30-2006,Landesbank Baden-Wuerttemberg
Q4-06,2006-10-06,7.85,11-30-2006,Landesbank Baden-Wuerttemberg
Q4-06,2006-10-13,7.85,11-30-2006,Landesbank Baden-Wuerttemberg
Q4-06,2006-10-27,7.85,11-30-2006,Landesbank Baden-Wuerttemberg
Q4-06,2006-11-03,7.85,11-30-2006,Landesbank Baden-Wuerttemberg
Q1-07,2006-08-08,7.7,11-30-2006,Landesbank Baden-Wuerttemberg
Q1-07,2006-08-11,7.7,11-30-2006,Landesbank Baden-Wuerttemberg
Q1-07,2006-08-18,7.7,11-30-2006,Landesbank Baden-Wuerttemberg
Q1-07,2006-09-01,7.8,11-30-2006,Landesbank Baden-Wuerttemberg
Q1-07,2006-09-08,7.8,11-30-2006,Landesbank Baden-Wuerttemberg
Q1-07,2006-09-15,7.8,11-30-2006,Landesbank Baden-Wuerttemberg
Q1-07,2006-09-22,7.75,11-30-2006,Landesbank Baden-Wuerttemberg
Q1-07,2006-09-29,7.75,11-30-2006,Landesbank Baden-Wuerttemberg
Q1-07,2006-10-06,7.75,11-30-2006,Landesbank Baden-Wuerttemberg
Q1-07,2006-10-13,7.75,11-30-2006,Landesbank Baden-Wuerttemberg
Q1-07,2006-10-27,7.75,11-30-2006,Landesbank Baden-Wuerttemberg
Q1-07,2006-11-03,7.75,11-30-2006,Landesbank Baden-Wuerttemberg
Q2-07,2006-08-08,7.6,11-30-2006,Landesbank Baden-Wuerttemberg
Q2-07,2006-08-11,7.6,11-30-2006,Landesbank Baden-Wuerttemberg
Q2-07,2006-08-18,7.6,11-30-2006,Landesbank Baden-Wuerttemberg
Q2-07,2006-09-01,7.7,11-30-2006,Landesbank Baden-Wuerttemberg
Q2-07,2006-09-08,7.7,11-30-2006,Landesbank Baden-Wuerttemberg
Q2-07,2006-09-15,7.7,11-30-2006,Landesbank Baden-Wuerttemberg
Q2-07,2006-09-22,7.65,11-30-2006,Landesbank Baden-Wuerttemberg
Q2-07,2006-09-29,7.65,11-30-2006,Landesbank Baden-Wuerttemberg
Q2-07,2006-10-06,7.65,11-30-2006,Landesbank Baden-Wuerttemberg
Q2-07,2006-10-13,7.65,11-30-2006,Landesbank Baden-Wuerttemberg
Q2-07,2006-10-27,7.65,11-30-2006,Landesbank Baden-Wuerttemberg
Q2-07,2006-11-03,7.65,11-30-2006,Landesbank Baden-Wuerttemberg
Q3-07,2006-09-01,7.6,11-30-2006,Landesbank Baden-Wuerttemberg
Q3-07,2006-09-08,7.6,11-30-2006,Landesbank Baden-Wuerttemberg
Q3-07,2006-09-15,7.6,11-30-2006,Landesbank Baden-Wuerttemberg
Q3-07,2006-09-22,7.55,11-30-2006,Landesbank Baden-Wuerttemberg
Q3-07,2006-09-29,7.55,11-30-2006,Landesbank Baden-Wuerttemberg
Q3-07,2006-10-06,7.55,11-30-2006,Landesbank Baden-Wuerttemberg
Q3-07,2006-10-13,7.55,11-30-2006,Landesbank Baden-Wuerttemberg
Q3-07,2006-10-27,7.55,11-30-2006,Landesbank Baden-Wuerttemberg
Q3-07,2006-11-03,7.55,11-30-2006,Landesbank Baden-Wuerttemberg
2007,2006-08-08,7.4,11-30-2006,Landesbank Baden-Wuerttemberg
2007,2006-08-11,7.4,11-30-2006,Landesbank Baden-Wuerttemberg
2007,2006-08-18,7.4,11-30-2006,Landesbank Baden-Wuerttemberg
2007,2006-09-01,7.4,11-30-2006,Landesbank Baden-Wuerttemberg
2007,2006-09-08,7.4,11-30-2006,Landesbank Baden-Wuerttemberg
2007,2006-09-15,7.4,11-30-2006,Landesbank Baden-Wuerttemberg
2007,2006-09-22,7.45,11-30-2006,Landesbank Baden-Wuerttemberg
2007,2006-09-29,7.45,11-30-2006,Landesbank Baden-Wuerttemberg
2007,2006-10-06,7.45,11-30-2006,Landesbank Baden-Wuerttemberg
2007,2006-10-13,7.45,11-30-2006,Landesbank Baden-Wuerttemberg
2007,2006-10-27,7.45,11-30-2006,Landesbank Baden-Wuerttemberg
2007,2006-11-03,7.45,11-30-2006,Landesbank Baden-Wuerttemberg
Q1-21,2020-03-30,7.08,02-28-2021,Landesbank Baden-Wuerttemberg
Q1-21,2020-04-30,7.08,02-28-2021,Landesbank Baden-Wuerttemberg
Q1-21,2020-05-29,7.08,02-28-2021,Landesbank Baden-Wuerttemberg
Q1-21,2020-06-29,7.08,02-28-2021,Landesbank Baden-Wuerttemberg
Q1-21,2020-07-07,7.1,02-28-2021,Landesbank Baden-Wuerttemberg
Q1-21,2020-08-04,7.11,02-28-2021,Landesbank Baden-Wuerttemberg
Q1-21,2020-09-01,7.11,02-28-2021,Landesbank Baden-Wuerttemberg
Q1-21,2020-10-02,7.11,02-28-2021,Landesbank Baden-Wuerttemberg
Q1-21,2020-11-09,7.11,02-28-2021,Landesbank Baden-Wuerttemberg
Q1-21,2020-12-01,6.78,02-28-2021,Landesbank Baden-Wuerttemberg
Q1-21,2020-12-17,6.78,02-28-2021,Landesbank Baden-Wuerttemberg
Q1-21,2021-01-12,6.61,02-28-2021,Landesbank Baden-Wuerttemberg
Q1-21,2021-02-09,6.61,02-28-2021,Landesbank Baden-Wuerttemberg
Q2-21,2020-06-29,7.24,02-28-2021,Landesbank Baden-Wuerttemberg
Q2-21,2020-07-07,7.17,02-28-2021,Landesbank Baden-Wuerttemberg
Q2-21,2020-08-04,7.15,02-28-2021,Landesbank Baden-Wuerttemberg
Q2-21,2020-09-01,7.15,02-28-2021,Landesbank Baden-Wuerttemberg
Q2-21,2020-10-02,7.15,02-28-2021,Landesbank Baden-Wuerttemberg
Q2-21,2020-11-09,7.15,02-28-2021,Landesbank Baden-Wuerttemberg
Q2-21,2020-12-01,6.75,02-28-2021,Landesbank Baden-Wuerttemberg
Q2-21,2020-12-17,6.75,02-28-2021,Landesbank Baden-Wuerttemberg
Q2-21,2021-01-12,6.64,02-28-2021,Landesbank Baden-Wuerttemberg
Q2-21,2021-02-09,6.69,02-28-2021,Landesbank Baden-Wuerttemberg
Q3-21,2020-09-01,7.18,02-28-2021,Landesbank Baden-Wuerttemberg
Q3-21,2020-10-02,7.18,02-28-2021,Landesbank Baden-Wuerttemberg
Q3-21,2020-11-09,7.18,02-28-2021,Landesbank Baden-Wuerttemberg
Q3-21,2020-12-01,6.83,02-28-2021,Landesbank Baden-Wuerttemberg
Q3-21,2020-12-17,6.83,02-28-2021,Landesbank Baden-Wuerttemberg
Q3-21,2021-01-12,6.77,02-28-2021,Landesbank Baden-Wuerttemberg
Q3-21,2021-02-09,6.72,02-28-2021,Landesbank Baden-Wuerttemberg
Q4-21,2020-09-01,7.2,02-28-2021,Landesbank Baden-Wuerttemberg
Q4-21,2020-10-02,7.2,02-28-2021,Landesbank Baden-Wuerttemberg
Q4-21,2020-11-09,7.2,02-28-2021,Landesbank Baden-Wuerttemberg
Q4-21,2020-12-01,6.91,02-28-2021,Landesbank Baden-Wuerttemberg
Q4-21,2020-12-17,6.91,02-28-2021,Landesbank Baden-Wuerttemberg
Q4-21,2021-01-12,6.91,02-28-2021,Landesbank Baden-Wuerttemberg
Q4-21,2021-02-09,6.75,02-28-2021,Landesbank Baden-Wuerttemberg
2022,2020-09-01,7.2,02-28-2021,Landesbank Baden-Wuerttemberg
2022,2020-10-02,7.2,02-28-2021,Landesbank Baden-Wuerttemberg
2022,2020-11-09,7.2,02-28-2021,Landesbank Baden-Wuerttemberg
2022,2020-12-01,6.91,02-28-2021,Landesbank Baden-Wuerttemberg
2022,2020-12-17,6.91,02-28-2021,Landesbank Baden-Wuerttemberg
2022,2021-01-12,6.91,02-28-2021,Landesbank Baden-Wuerttemberg
2022,2021-02-09,6.75,02-28-2021,Landesbank Baden-Wuerttemberg
Q4-10,2010-07-02,6.63,11-30-2010,Landesbank Baden-Wuerttemberg
Q4-10,2010-07-16,6.63,11-30-2010,Landesbank Baden-Wuerttemberg
Q4-10,2010-08-06,6.63,11-30-2010,Landesbank Baden-Wuerttemberg
Q4-10,2010-09-10,6.73,11-30-2010,Landesbank Baden-Wuerttemberg
Q4-10,2010-10-08,6.73,11-30-2010,Landesbank Baden-Wuerttemberg
Q4-10,2010-10-25,6.6,11-30-2010,Landesbank Baden-Wuerttemberg
Q4-10,2010-11-19,6.55,11-30-2010,Landesbank Baden-Wuerttemberg
Q1-11,2010-07-02,6.54,11-30-2010,Landesbank Baden-Wuerttemberg
Q1-11,2010-07-16,6.54,11-30-2010,Landesbank Baden-Wuerttemberg
Q1-11,2010-08-06,6.54,11-30-2010,Landesbank Baden-Wuerttemberg
Q1-11,2010-09-10,6.63,11-30-2010,Landesbank Baden-Wuerttemberg
Q1-11,2010-10-08,6.63,11-30-2010,Landesbank Baden-Wuerttemberg
Q1-11,2010-10-25,6.48,11-30-2010,Landesbank Baden-Wuerttemberg
Q1-11,2010-11-19,6.49,11-30-2010,Landesbank Baden-Wuerttemberg
Q2-11,2010-07-02,6.48,11-30-2010,Landesbank Baden-Wuerttemberg
Q2-11,2010-07-16,6.48,11-30-2010,Landesbank Baden-Wuerttemberg
Q2-11,2010-08-06,6.48,11-30-2010,Landesbank Baden-Wuerttemberg
Q2-11,2010-09-10,6.54,11-30-2010,Landesbank Baden-Wuerttemberg
Q2-11,2010-10-08,6.54,11-30-2010,Landesbank Baden-Wuerttemberg
Q2-11,2010-10-25,6.42,11-30-2010,Landesbank Baden-Wuerttemberg
Q2-11,2010-11-19,6.42,11-30-2010,Landesbank Baden-Wuerttemberg
Q3-11,2010-09-10,6.48,11-30-2010,Landesbank Baden-Wuerttemberg
Q3-11,2010-10-08,6.48,11-30-2010,Landesbank Baden-Wuerttemberg
Q3-11,2010-10-25,6.36,11-30-2010,Landesbank Baden-Wuerttemberg
Q3-11,2010-11-19,6.35,11-30-2010,Landesbank Baden-Wuerttemberg
Q4-11,2010-12-17,6.27,11-30-2011,Landesbank Baden-Wuerttemberg
Q4-11,2011-01-14,6.27,11-30-2011,Landesbank Baden-Wuerttemberg
Q4-11,2011-01-28,6.27,11-30-2011,Landesbank Baden-Wuerttemberg
Q4-11,2011-02-11,6.33,11-30-2011,Landesbank Baden-Wuerttemberg
Q4-11,2011-03-11,6.33,11-30-2011,Landesbank Baden-Wuerttemberg
Q4-11,2011-03-25,6.33,11-30-2011,Landesbank Baden-Wuerttemberg
Q4-11,2011-04-28,6.33,11-30-2011,Landesbank Baden-Wuerttemberg
Q4-11,2011-05-06,6.37,11-30-2011,Landesbank Baden-Wuerttemberg
Q4-11,2011-05-16,6.37,11-30-2011,Landesbank Baden-Wuerttemberg
Q4-11,2011-06-03,6.32,11-30-2011,Landesbank Baden-Wuerttemberg
Q4-11,2011-07-01,6.32,11-30-2011,Landesbank Baden-Wuerttemberg
Q4-11,2011-07-15,6.32,11-30-2011,Landesbank Baden-Wuerttemberg
Q4-11,2011-07-29,6.32,11-30-2011,Landesbank Baden-Wuerttemberg
Q4-11,2011-08-31,6.32,11-30-2011,Landesbank Baden-Wuerttemberg
Q4-11,2011-10-07,6.22,11-30-2011,Landesbank Baden-Wuerttemberg
Q4-11,2011-10-21,6.22,11-30-2011,Landesbank Baden-Wuerttemberg
Q4-11,2011-11-18,6.35,11-30-2011,Landesbank Baden-Wuerttemberg
Q1-12,2011-05-06,6.31,11-30-2011,Landesbank Baden-Wuerttemberg
Q1-12,2011-05-16,6.31,11-30-2011,Landesbank Baden-Wuerttemberg
Q1-12,2011-06-03,6.26,11-30-2011,Landesbank Baden-Wuerttemberg
Q1-12,2011-07-01,6.26,11-30-2011,Landesbank Baden-Wuerttemberg
Q1-12,2011-07-15,6.26,11-30-2011,Landesbank Baden-Wuerttemberg
Q1-12,2011-07-29,6.26,11-30-2011,Landesbank Baden-Wuerttemberg
Q1-12,2011-08-31,6.26,11-30-2011,Landesbank Baden-Wuerttemberg
Q1-12,2011-10-07,6.16,11-30-2011,Landesbank Baden-Wuerttemberg
Q1-12,2011-10-21,6.16,11-30-2011,Landesbank Baden-Wuerttemberg
Q1-12,2011-11-18,6.29,11-30-2011,Landesbank Baden-Wuerttemberg
Q2-12,2011-06-03,6.2,11-30-2011,Landesbank Baden-Wuerttemberg
Q2-12,2011-07-01,6.2,11-30-2011,Landesbank Baden-Wuerttemberg
Q2-12,2011-07-15,6.2,11-30-2011,Landesbank Baden-Wuerttemberg
Q2-12,2011-07-29,6.2,11-30-2011,Landesbank Baden-Wuerttemberg
Q2-12,2011-08-31,6.2,11-30-2011,Landesbank Baden-Wuerttemberg
Q2-12,2011-10-07,6.1,11-30-2011,Landesbank Baden-Wuerttemberg
Q2-12,2011-10-21,6.1,11-30-2011,Landesbank Baden-Wuerttemberg
Q2-12,2011-11-18,6.22,11-30-2011,Landesbank Baden-Wuerttemberg
Q3-12,2011-10-07,6.04,11-30-2011,Landesbank Baden-Wuerttemberg
Q3-12,2011-10-21,6.04,11-30-2011,Landesbank Baden-Wuerttemberg
Q3-12,2011-11-18,6.16,11-30-2011,Landesbank Baden-Wuerttemberg
2012,2011-11-18,6.1,11-30-2011,Landesbank Baden-Wuerttemberg
Q1-20,2019-03-11,6.82,02-28-2020,Landesbank Baden-Wuerttemberg
Q1-20,2019-04-01,6.82,02-28-2020,Landesbank Baden-Wuerttemberg
Q1-20,2019-04-23,6.82,02-28-2020,Landesbank Baden-Wuerttemberg
Q1-20,2019-05-27,6.82,02-28-2020,Landesbank Baden-Wuerttemberg
Q1-20,2019-06-24,6.82,02-28-2020,Landesbank Baden-Wuerttemberg
Q1-20,2019-07-03,6.73,02-28-2020,Landesbank Baden-Wuerttemberg
Q1-20,2019-07-31,6.73,02-28-2020,Landesbank Baden-Wuerttemberg
Q1-20,2019-08-30,6.99,02-28-2020,Landesbank Baden-Wuerttemberg
Q1-20,2019-09-24,6.99,02-28-2020,Landesbank Baden-Wuerttemberg
Q1-20,2019-10-29,6.99,02-28-2020,Landesbank Baden-Wuerttemberg
Q1-20,2019-11-25,6.99,02-28-2020,Landesbank Baden-Wuerttemberg
Q1-20,2019-12-18,6.99,02-28-2020,Landesbank Baden-Wuerttemberg
Q1-20,2020-01-28,6.99,02-28-2020,Landesbank Baden-Wuerttemberg
Q1-20,2020-02-21,7.01,02-28-2020,Landesbank Baden-Wuerttemberg
Q2-20,2019-06-24,6.73,02-28-2020,Landesbank Baden-Wuerttemberg
Q2-20,2019-07-03,6.68,02-28-2020,Landesbank Baden-Wuerttemberg
Q2-20,2019-07-31,6.68,02-28-2020,Landesbank Baden-Wuerttemberg
Q2-20,2019-08-30,6.95,02-28-2020,Landesbank Baden-Wuerttemberg
Q2-20,2019-09-24,6.95,02-28-2020,Landesbank Baden-Wuerttemberg
Q2-20,2019-10-29,6.95,02-28-2020,Landesbank Baden-Wuerttemberg
Q2-20,2019-11-25,6.95,02-28-2020,Landesbank Baden-Wuerttemberg
Q2-20,2019-12-18,6.95,02-28-2020,Landesbank Baden-Wuerttemberg
Q2-20,2020-01-28,6.95,02-28-2020,Landesbank Baden-Wuerttemberg
Q2-20,2020-02-21,6.98,02-28-2020,Landesbank Baden-Wuerttemberg
Q3-20,2019-09-24,6.93,02-28-2020,Landesbank Baden-Wuerttemberg
Q3-20,2019-10-29,6.93,02-28-2020,Landesbank Baden-Wuerttemberg
Q3-20,2019-11-25,6.93,02-28-2020,Landesbank Baden-Wuerttemberg
Q3-20,2019-12-18,6.93,02-28-2020,Landesbank Baden-Wuerttemberg
Q3-20,2020-01-28,6.93,02-28-2020,Landesbank Baden-Wuerttemberg
Q3-20,2020-02-21,6.95,02-28-2020,Landesbank Baden-Wuerttemberg
Q4-20,2019-08-30,6.9,02-28-2020,Landesbank Baden-Wuerttemberg
Q4-20,2019-09-24,6.9,02-28-2020,Landesbank Baden-Wuerttemberg
Q4-20,2019-10-29,6.9,02-28-2020,Landesbank Baden-Wuerttemberg
Q4-20,2019-11-25,6.9,02-28-2020,Landesbank Baden-Wuerttemberg
Q4-20,2019-12-18,6.9,02-28-2020,Landesbank Baden-Wuerttemberg
Q4-20,2020-01-28,6.9,02-28-2020,Landesbank Baden-Wuerttemberg
Q4-20,2020-02-21,7.0,02-28-2020,Landesbank Baden-Wuerttemberg
Q4-07,2006-08-08,7.4,11-30-2007,Landesbank Baden-Wuerttemberg
Q4-07,2006-08-11,7.4,11-30-2007,Landesbank Baden-Wuerttemberg
Q4-07,2006-08-18,7.4,11-30-2007,Landesbank Baden-Wuerttemberg
Q4-07,2006-09-01,7.4,11-30-2007,Landesbank Baden-Wuerttemberg
Q4-07,2006-09-08,7.4,11-30-2007,Landesbank Baden-Wuerttemberg
Q4-07,2006-09-15,7.4,11-30-2007,Landesbank Baden-Wuerttemberg
Q4-07,2006-09-22,7.45,11-30-2007,Landesbank Baden-Wuerttemberg
Q4-07,2006-09-29,7.45,11-30-2007,Landesbank Baden-Wuerttemberg
Q4-07,2006-10-06,7.45,11-30-2007,Landesbank Baden-Wuerttemberg
Q4-07,2006-10-13,7.45,11-30-2007,Landesbank Baden-Wuerttemberg
Q4-07,2006-10-27,7.45,11-30-2007,Landesbank Baden-Wuerttemberg
Q4-07,2006-11-03,7.45,11-30-2007,Landesbank Baden-Wuerttemberg
Q4-07,2006-12-04,7.45,11-30-2007,Landesbank Baden-Wuerttemberg
Q4-07,2006-12-15,7.45,11-30-2007,Landesbank Baden-Wuerttemberg
Q4-07,2007-01-09,7.45,11-30-2007,Landesbank Baden-Wuerttemberg
Q4-07,2007-01-18,7.45,11-30-2007,Landesbank Baden-Wuerttemberg
Q4-07,2007-02-09,7.45,11-30-2007,Landesbank Baden-Wuerttemberg
Q4-07,2007-03-02,7.45,11-30-2007,Landesbank Baden-Wuerttemberg
Q4-07,2007-03-16,7.45,11-30-2007,Landesbank Baden-Wuerttemberg
Q4-07,2007-03-30,7.45,11-30-2007,Landesbank Baden-Wuerttemberg
Q4-07,2007-04-05,7.45,11-30-2007,Landesbank Baden-Wuerttemberg
Q4-07,2007-04-13,7.45,11-30-2007,Landesbank Baden-Wuerttemberg
Q4-07,2007-04-20,7.45,11-30-2007,Landesbank Baden-Wuerttemberg
Q4-07,2007-05-04,7.45,11-30-2007,Landesbank Baden-Wuerttemberg
Q4-07,2007-05-11,7.45,11-30-2007,Landesbank Baden-Wuerttemberg
Q4-07,2007-05-25,7.45,11-30-2007,Landesbank Baden-Wuerttemberg
Q4-07,2007-06-15,7.45,11-30-2007,Landesbank Baden-Wuerttemberg
Q4-07,2007-06-29,7.45,11-30-2007,Landesbank Baden-Wuerttemberg
Q4-07,2007-07-09,7.45,11-30-2007,Landesbank Baden-Wuerttemberg
Q4-07,2007-07-13,7.45,11-30-2007,Landesbank Baden-Wuerttemberg
Q4-07,2007-07-20,7.45,11-30-2007,Landesbank Baden-Wuerttemberg
Q4-07,2007-08-10,7.45,11-30-2007,Landesbank Baden-Wuerttemberg
Q4-07,2007-08-31,7.45,11-30-2007,Landesbank Baden-Wuerttemberg
Q4-07,2007-09-06,7.4,11-30-2007,Landesbank Baden-Wuerttemberg
Q4-07,2007-09-14,7.4,11-30-2007,Landesbank Baden-Wuerttemberg
Q4-07,2007-09-21,7.4,11-30-2007,Landesbank Baden-Wuerttemberg
Q4-07,2007-09-28,7.4,11-30-2007,Landesbank Baden-Wuerttemberg
Q4-07,2007-10-05,7.4,11-30-2007,Landesbank Baden-Wuerttemberg
Q4-07,2007-10-19,7.4,11-30-2007,Landesbank Baden-Wuerttemberg
Q4-07,2007-10-22,7.4,11-30-2007,Landesbank Baden-Wuerttemberg
Q4-07,2007-10-26,7.4,11-30-2007,Landesbank Baden-Wuerttemberg
Q4-07,2007-11-05,7.4,11-30-2007,Landesbank Baden-Wuerttemberg
Q4-07,2007-11-13,7.4,11-30-2007,Landesbank Baden-Wuerttemberg
Q4-07,2007-11-16,7.4,11-30-2007,Landesbank Baden-Wuerttemberg
Q1-08,2007-04-20,7.35,11-30-2007,Landesbank Baden-Wuerttemberg
Q1-08,2007-05-04,7.35,11-30-2007,Landesbank Baden-Wuerttemberg
Q1-08,2007-05-11,7.35,11-30-2007,Landesbank Baden-Wuerttemberg
Q1-08,2007-05-25,7.35,11-30-2007,Landesbank Baden-Wuerttemberg
Q1-08,2007-06-15,7.35,11-30-2007,Landesbank Baden-Wuerttemberg
Q1-08,2007-06-29,7.35,11-30-2007,Landesbank Baden-Wuerttemberg
Q1-08,2007-07-09,7.35,11-30-2007,Landesbank Baden-Wuerttemberg
Q1-08,2007-07-13,7.35,11-30-2007,Landesbank Baden-Wuerttemberg
Q1-08,2007-07-20,7.35,11-30-2007,Landesbank Baden-Wuerttemberg
Q1-08,2007-08-10,7.35,11-30-2007,Landesbank Baden-Wuerttemberg
Q1-08,2007-08-31,7.35,11-30-2007,Landesbank Baden-Wuerttemberg
Q1-08,2007-09-06,7.25,11-30-2007,Landesbank Baden-Wuerttemberg
Q1-08,2007-09-14,7.25,11-30-2007,Landesbank Baden-Wuerttemberg
Q1-08,2007-09-21,7.25,11-30-2007,Landesbank Baden-Wuerttemberg
Q1-08,2007-09-28,7.25,11-30-2007,Landesbank Baden-Wuerttemberg
Q1-08,2007-10-05,7.25,11-30-2007,Landesbank Baden-Wuerttemberg
Q1-08,2007-10-19,7.25,11-30-2007,Landesbank Baden-Wuerttemberg
Q1-08,2007-10-22,7.25,11-30-2007,Landesbank Baden-Wuerttemberg
Q1-08,2007-10-26,7.25,11-30-2007,Landesbank Baden-Wuerttemberg
Q1-08,2007-11-05,7.25,11-30-2007,Landesbank Baden-Wuerttemberg
Q1-08,2007-11-13,7.25,11-30-2007,Landesbank Baden-Wuerttemberg
Q1-08,2007-11-16,7.25,11-30-2007,Landesbank Baden-Wuerttemberg
Q2-08,2007-06-15,7.2,11-30-2007,Landesbank Baden-Wuerttemberg
Q2-08,2007-06-29,7.2,11-30-2007,Landesbank Baden-Wuerttemberg
Q2-08,2007-07-09,7.2,11-30-2007,Landesbank Baden-Wuerttemberg
Q2-08,2007-07-13,7.2,11-30-2007,Landesbank Baden-Wuerttemberg
Q2-08,2007-07-20,7.2,11-30-2007,Landesbank Baden-Wuerttemberg
Q2-08,2007-08-10,7.2,11-30-2007,Landesbank Baden-Wuerttemberg
Q2-08,2007-08-31,7.2,11-30-2007,Landesbank Baden-Wuerttemberg
Q2-08,2007-09-06,7.15,11-30-2007,Landesbank Baden-Wuerttemberg
Q2-08,2007-09-14,7.15,11-30-2007,Landesbank Baden-Wuerttemberg
Q2-08,2007-09-21,7.15,11-30-2007,Landesbank Baden-Wuerttemberg
Q2-08,2007-09-28,7.15,11-30-2007,Landesbank Baden-Wuerttemberg
Q2-08,2007-10-05,7.15,11-30-2007,Landesbank Baden-Wuerttemberg
Q2-08,2007-10-19,7.15,11-30-2007,Landesbank Baden-Wuerttemberg
Q2-08,2007-10-22,7.15,11-30-2007,Landesbank Baden-Wuerttemberg
Q2-08,2007-10-26,7.15,11-30-2007,Landesbank Baden-Wuerttemberg
Q2-08,2007-11-05,7.15,11-30-2007,Landesbank Baden-Wuerttemberg
Q2-08,2007-11-13,7.15,11-30-2007,Landesbank Baden-Wuerttemberg
Q2-08,2007-11-16,7.15,11-30-2007,Landesbank Baden-Wuerttemberg
Q3-08,2007-09-06,7.05,11-30-2007,Landesbank Baden-Wuerttemberg
Q3-08,2007-09-14,7.05,11-30-2007,Landesbank Baden-Wuerttemberg
Q3-08,2007-09-21,7.05,11-30-2007,Landesbank Baden-Wuerttemberg
Q3-08,2007-09-28,7.05,11-30-2007,Landesbank Baden-Wuerttemberg
Q3-08,2007-10-05,7.05,11-30-2007,Landesbank Baden-Wuerttemberg
Q3-08,2007-10-19,7.05,11-30-2007,Landesbank Baden-Wuerttemberg
Q3-08,2007-10-22,7.05,11-30-2007,Landesbank Baden-Wuerttemberg
Q3-08,2007-10-26,7.05,11-30-2007,Landesbank Baden-Wuerttemberg
Q3-08,2007-11-05,7.05,11-30-2007,Landesbank Baden-Wuerttemberg
Q3-08,2007-11-13,7.05,11-30-2007,Landesbank Baden-Wuerttemberg
Q3-08,2007-11-16,7.05,11-30-2007,Landesbank Baden-Wuerttemberg
2008,2006-12-04,7.45,11-30-2007,Landesbank Baden-Wuerttemberg
2008,2007-01-09,7.45,11-30-2007,Landesbank Baden-Wuerttemberg
Q2-16,2015-08-27,6.8,05-31-2016,Landesbank Baden-Wuerttemberg
Q2-16,2015-09-03,6.8,05-31-2016,Landesbank Baden-Wuerttemberg
Q2-16,2015-09-10,6.8,05-31-2016,Landesbank Baden-Wuerttemberg
Q2-16,2015-10-16,6.8,05-31-2016,Landesbank Baden-Wuerttemberg
Q2-16,2015-11-11,6.4,05-31-2016,Landesbank Baden-Wuerttemberg
Q2-16,2015-12-09,6.6,05-31-2016,Landesbank Baden-Wuerttemberg
Q2-16,2016-01-08,6.6,05-31-2016,Landesbank Baden-Wuerttemberg
Q2-16,2016-02-03,6.6,05-31-2016,Landesbank Baden-Wuerttemberg
Q2-16,2016-03-03,6.6,05-31-2016,Landesbank Baden-Wuerttemberg
Q2-16,2016-04-12,6.6,05-31-2016,Landesbank Baden-Wuerttemberg
Q2-16,2016-05-24,6.6,05-31-2016,Landesbank Baden-Wuerttemberg
Q3-16,2015-09-03,7.0,05-31-2016,Landesbank Baden-Wuerttemberg
Q3-16,2015-09-10,6.8,05-31-2016,Landesbank Baden-Wuerttemberg
Q3-16,2015-10-16,6.8,05-31-2016,Landesbank Baden-Wuerttemberg
Q3-16,2015-11-11,6.5,05-31-2016,Landesbank Baden-Wuerttemberg
Q3-16,2015-12-09,6.65,05-31-2016,Landesbank Baden-Wuerttemberg
Q3-16,2016-01-08,6.65,05-31-2016,Landesbank Baden-Wuerttemberg
Q3-16,2016-02-03,6.65,05-31-2016,Landesbank Baden-Wuerttemberg
Q3-16,2016-03-03,6.65,05-31-2016,Landesbank Baden-Wuerttemberg
Q3-16,2016-04-12,6.65,05-31-2016,Landesbank Baden-Wuerttemberg
Q3-16,2016-05-24,6.65,05-31-2016,Landesbank Baden-Wuerttemberg
Q4-16,2015-09-03,7.0,05-31-2016,Landesbank Baden-Wuerttemberg
Q4-16,2015-09-10,6.8,05-31-2016,Landesbank Baden-Wuerttemberg
Q4-16,2015-10-16,6.8,05-31-2016,Landesbank Baden-Wuerttemberg
Q4-16,2015-11-11,6.6,05-31-2016,Landesbank Baden-Wuerttemberg
Q4-16,2015-12-09,6.7,05-31-2016,Landesbank Baden-Wuerttemberg
Q4-16,2016-01-08,6.7,05-31-2016,Landesbank Baden-Wuerttemberg
Q4-16,2016-02-03,6.7,05-31-2016,Landesbank Baden-Wuerttemberg
Q4-16,2016-03-03,6.7,05-31-2016,Landesbank Baden-Wuerttemberg
Q4-16,2016-04-12,6.7,05-31-2016,Landesbank Baden-Wuerttemberg
Q4-16,2016-05-24,6.7,05-31-2016,Landesbank Baden-Wuerttemberg
Q1-17,2016-03-03,6.8,05-31-2016,Landesbank Baden-Wuerttemberg
Q1-17,2016-04-12,6.8,05-31-2016,Landesbank Baden-Wuerttemberg
Q1-17,2016-05-24,6.8,05-31-2016,Landesbank Baden-Wuerttemberg
Q2-20,2019-06-24,6.73,05-31-2020,Landesbank Baden-Wuerttemberg
Q2-20,2019-07-03,6.68,05-31-2020,Landesbank Baden-Wuerttemberg
Q2-20,2019-07-31,6.68,05-31-2020,Landesbank Baden-Wuerttemberg
Q2-20,2019-08-30,6.95,05-31-2020,Landesbank Baden-Wuerttemberg
Q2-20,2019-09-24,6.95,05-31-2020,Landesbank Baden-Wuerttemberg
Q2-20,2019-10-29,6.95,05-31-2020,Landesbank Baden-Wuerttemberg
Q2-20,2019-11-25,6.95,05-31-2020,Landesbank Baden-Wuerttemberg
Q2-20,2019-12-18,6.95,05-31-2020,Landesbank Baden-Wuerttemberg
Q2-20,2020-01-28,6.95,05-31-2020,Landesbank Baden-Wuerttemberg
Q2-20,2020-02-21,6.98,05-31-2020,Landesbank Baden-Wuerttemberg
Q2-20,2020-03-30,6.97,05-31-2020,Landesbank Baden-Wuerttemberg
Q2-20,2020-04-30,6.97,05-31-2020,Landesbank Baden-Wuerttemberg
Q2-20,2020-05-29,6.97,05-31-2020,Landesbank Baden-Wuerttemberg
Q3-20,2019-09-24,6.93,05-31-2020,Landesbank Baden-Wuerttemberg
Q3-20,2019-10-29,6.93,05-31-2020,Landesbank Baden-Wuerttemberg
Q3-20,2019-11-25,6.93,05-31-2020,Landesbank Baden-Wuerttemberg
Q3-20,2019-12-18,6.93,05-31-2020,Landesbank Baden-Wuerttemberg
Q3-20,2020-01-28,6.93,05-31-2020,Landesbank Baden-Wuerttemberg
Q3-20,2020-02-21,6.95,05-31-2020,Landesbank Baden-Wuerttemberg
Q3-20,2020-03-30,6.94,05-31-2020,Landesbank Baden-Wuerttemberg
Q3-20,2020-04-30,6.94,05-31-2020,Landesbank Baden-Wuerttemberg
Q3-20,2020-05-29,6.94,05-31-2020,Landesbank Baden-Wuerttemberg
Q4-20,2019-08-30,6.9,05-31-2020,Landesbank Baden-Wuerttemberg
Q4-20,2019-09-24,6.9,05-31-2020,Landesbank Baden-Wuerttemberg
Q4-20,2019-10-29,6.9,05-31-2020,Landesbank Baden-Wuerttemberg
Q4-20,2019-11-25,6.9,05-31-2020,Landesbank Baden-Wuerttemberg
Q4-20,2019-12-18,6.9,05-31-2020,Landesbank Baden-Wuerttemberg
Q4-20,2020-01-28,6.9,05-31-2020,Landesbank Baden-Wuerttemberg
Q4-20,2020-02-21,7.0,05-31-2020,Landesbank Baden-Wuerttemberg
Q4-20,2020-03-30,7.01,05-31-2020,Landesbank Baden-Wuerttemberg
Q4-20,2020-04-30,7.01,05-31-2020,Landesbank Baden-Wuerttemberg
Q4-20,2020-05-29,7.01,05-31-2020,Landesbank Baden-Wuerttemberg
Q1-21,2020-03-30,7.08,05-31-2020,Landesbank Baden-Wuerttemberg
Q1-21,2020-04-30,7.08,05-31-2020,Landesbank Baden-Wuerttemberg
Q1-21,2020-05-29,7.08,05-31-2020,Landesbank Baden-Wuerttemberg
Q3-07,2006-09-01,7.6,08-31-2007,Landesbank Baden-Wuerttemberg
Q3-07,2006-09-08,7.6,08-31-2007,Landesbank Baden-Wuerttemberg
Q3-07,2006-09-15,7.6,08-31-2007,Landesbank Baden-Wuerttemberg
Q3-07,2006-09-22,7.55,08-31-2007,Landesbank Baden-Wuerttemberg
Q3-07,2006-09-29,7.55,08-31-2007,Landesbank Baden-Wuerttemberg
Q3-07,2006-10-06,7.55,08-31-2007,Landesbank Baden-Wuerttemberg
Q3-07,2006-10-13,7.55,08-31-2007,Landesbank Baden-Wuerttemberg
Q3-07,2006-10-27,7.55,08-31-2007,Landesbank Baden-Wuerttemberg
Q3-07,2006-11-03,7.55,08-31-2007,Landesbank Baden-Wuerttemberg
Q3-07,2006-12-04,7.55,08-31-2007,Landesbank Baden-Wuerttemberg
Q3-07,2006-12-15,7.55,08-31-2007,Landesbank Baden-Wuerttemberg
Q3-07,2007-01-09,7.55,08-31-2007,Landesbank Baden-Wuerttemberg
Q3-07,2007-01-18,7.55,08-31-2007,Landesbank Baden-Wuerttemberg
Q3-07,2007-02-09,7.55,08-31-2007,Landesbank Baden-Wuerttemberg
Q3-07,2007-03-02,7.55,08-31-2007,Landesbank Baden-Wuerttemberg
Q3-07,2007-03-16,7.55,08-31-2007,Landesbank Baden-Wuerttemberg
Q3-07,2007-03-30,7.55,08-31-2007,Landesbank Baden-Wuerttemberg
Q3-07,2007-04-05,7.55,08-31-2007,Landesbank Baden-Wuerttemberg
Q3-07,2007-04-13,7.55,08-31-2007,Landesbank Baden-Wuerttemberg
Q3-07,2007-04-20,7.55,08-31-2007,Landesbank Baden-Wuerttemberg
Q3-07,2007-05-04,7.55,08-31-2007,Landesbank Baden-Wuerttemberg
Q3-07,2007-05-11,7.55,08-31-2007,Landesbank Baden-Wuerttemberg
Q3-07,2007-05-25,7.55,08-31-2007,Landesbank Baden-Wuerttemberg
Q3-07,2007-06-15,7.55,08-31-2007,Landesbank Baden-Wuerttemberg
Q3-07,2007-06-29,7.55,08-31-2007,Landesbank Baden-Wuerttemberg
Q3-07,2007-07-09,7.55,08-31-2007,Landesbank Baden-Wuerttemberg
Q3-07,2007-07-13,7.55,08-31-2007,Landesbank Baden-Wuerttemberg
Q3-07,2007-07-20,7.55,08-31-2007,Landesbank Baden-Wuerttemberg
Q3-07,2007-08-10,7.55,08-31-2007,Landesbank Baden-Wuerttemberg
Q3-07,2007-08-31,7.55,08-31-2007,Landesbank Baden-Wuerttemberg
Q4-07,2006-08-08,7.4,08-31-2007,Landesbank Baden-Wuerttemberg
Q4-07,2006-08-11,7.4,08-31-2007,Landesbank Baden-Wuerttemberg
Q4-07,2006-08-18,7.4,08-31-2007,Landesbank Baden-Wuerttemberg
Q4-07,2006-09-01,7.4,08-31-2007,Landesbank Baden-Wuerttemberg
Q4-07,2006-09-08,7.4,08-31-2007,Landesbank Baden-Wuerttemberg
Q4-07,2006-09-15,7.4,08-31-2007,Landesbank Baden-Wuerttemberg
Q4-07,2006-09-22,7.45,08-31-2007,Landesbank Baden-Wuerttemberg
Q4-07,2006-09-29,7.45,08-31-2007,Landesbank Baden-Wuerttemberg
Q4-07,2006-10-06,7.45,08-31-2007,Landesbank Baden-Wuerttemberg
Q4-07,2006-10-13,7.45,08-31-2007,Landesbank Baden-Wuerttemberg
Q4-07,2006-10-27,7.45,08-31-2007,Landesbank Baden-Wuerttemberg
Q4-07,2006-11-03,7.45,08-31-2007,Landesbank Baden-Wuerttemberg
Q4-07,2006-12-04,7.45,08-31-2007,Landesbank Baden-Wuerttemberg
Q4-07,2006-12-15,7.45,08-31-2007,Landesbank Baden-Wuerttemberg
Q4-07,2007-01-09,7.45,08-31-2007,Landesbank Baden-Wuerttemberg
Q4-07,2007-01-18,7.45,08-31-2007,Landesbank Baden-Wuerttemberg
Q4-07,2007-02-09,7.45,08-31-2007,Landesbank Baden-Wuerttemberg
Q4-07,2007-03-02,7.45,08-31-2007,Landesbank Baden-Wuerttemberg
Q4-07,2007-03-16,7.45,08-31-2007,Landesbank Baden-Wuerttemberg
Q4-07,2007-03-30,7.45,08-31-2007,Landesbank Baden-Wuerttemberg
Q4-07,2007-04-05,7.45,08-31-2007,Landesbank Baden-Wuerttemberg
Q4-07,2007-04-13,7.45,08-31-2007,Landesbank Baden-Wuerttemberg
Q4-07,2007-04-20,7.45,08-31-2007,Landesbank Baden-Wuerttemberg
Q4-07,2007-05-04,7.45,08-31-2007,Landesbank Baden-Wuerttemberg
Q4-07,2007-05-11,7.45,08-31-2007,Landesbank Baden-Wuerttemberg
Q4-07,2007-05-25,7.45,08-31-2007,Landesbank Baden-Wuerttemberg
Q4-07,2007-06-15,7.45,08-31-2007,Landesbank Baden-Wuerttemberg
Q4-07,2007-06-29,7.45,08-31-2007,Landesbank Baden-Wuerttemberg
Q4-07,2007-07-09,7.45,08-31-2007,Landesbank Baden-Wuerttemberg
Q4-07,2007-07-13,7.45,08-31-2007,Landesbank Baden-Wuerttemberg
Q4-07,2007-07-20,7.45,08-31-2007,Landesbank Baden-Wuerttemberg
Q4-07,2007-08-10,7.45,08-31-2007,Landesbank Baden-Wuerttemberg
Q4-07,2007-08-31,7.45,08-31-2007,Landesbank Baden-Wuerttemberg
Q1-08,2007-04-20,7.35,08-31-2007,Landesbank Baden-Wuerttemberg
Q1-08,2007-05-04,7.35,08-31-2007,Landesbank Baden-Wuerttemberg
Q1-08,2007-05-11,7.35,08-31-2007,Landesbank Baden-Wuerttemberg
Q1-08,2007-05-25,7.35,08-31-2007,Landesbank Baden-Wuerttemberg
Q1-08,2007-06-15,7.35,08-31-2007,Landesbank Baden-Wuerttemberg
Q1-08,2007-06-29,7.35,08-31-2007,Landesbank Baden-Wuerttemberg
Q1-08,2007-07-09,7.35,08-31-2007,Landesbank Baden-Wuerttemberg
Q1-08,2007-07-13,7.35,08-31-2007,Landesbank Baden-Wuerttemberg
Q1-08,2007-07-20,7.35,08-31-2007,Landesbank Baden-Wuerttemberg
Q1-08,2007-08-10,7.35,08-31-2007,Landesbank Baden-Wuerttemberg
Q1-08,2007-08-31,7.35,08-31-2007,Landesbank Baden-Wuerttemberg
Q2-08,2007-06-15,7.2,08-31-2007,Landesbank Baden-Wuerttemberg
Q2-08,2007-06-29,7.2,08-31-2007,Landesbank Baden-Wuerttemberg
Q2-08,2007-07-09,7.2,08-31-2007,Landesbank Baden-Wuerttemberg
Q2-08,2007-07-13,7.2,08-31-2007,Landesbank Baden-Wuerttemberg
Q2-08,2007-07-20,7.2,08-31-2007,Landesbank Baden-Wuerttemberg
Q2-08,2007-08-10,7.2,08-31-2007,Landesbank Baden-Wuerttemberg
Q2-08,2007-08-31,7.2,08-31-2007,Landesbank Baden-Wuerttemberg
2008,2006-12-04,7.45,08-31-2007,Landesbank Baden-Wuerttemberg
2008,2007-01-09,7.45,08-31-2007,Landesbank Baden-Wuerttemberg
Q3-11,2010-09-10,6.48,08-31-2011,Landesbank Baden-Wuerttemberg
Q3-11,2010-10-08,6.48,08-31-2011,Landesbank Baden-Wuerttemberg
Q3-11,2010-10-25,6.36,08-31-2011,Landesbank Baden-Wuerttemberg
Q3-11,2010-11-19,6.35,08-31-2011,Landesbank Baden-Wuerttemberg
Q3-11,2010-12-17,6.33,08-31-2011,Landesbank Baden-Wuerttemberg
Q3-11,2011-01-14,6.33,08-31-2011,Landesbank Baden-Wuerttemberg
Q3-11,2011-01-28,6.33,08-31-2011,Landesbank Baden-Wuerttemberg
Q3-11,2011-02-11,6.39,08-31-2011,Landesbank Baden-Wuerttemberg
Q3-11,2011-03-11,6.39,08-31-2011,Landesbank Baden-Wuerttemberg
Q3-11,2011-03-25,6.39,08-31-2011,Landesbank Baden-Wuerttemberg
Q3-11,2011-04-28,6.39,08-31-2011,Landesbank Baden-Wuerttemberg
Q3-11,2011-05-06,6.44,08-31-2011,Landesbank Baden-Wuerttemberg
Q3-11,2011-05-16,6.44,08-31-2011,Landesbank Baden-Wuerttemberg
Q3-11,2011-06-03,6.39,08-31-2011,Landesbank Baden-Wuerttemberg
Q3-11,2011-07-01,6.39,08-31-2011,Landesbank Baden-Wuerttemberg
Q3-11,2011-07-15,6.39,08-31-2011,Landesbank Baden-Wuerttemberg
Q3-11,2011-07-29,6.39,08-31-2011,Landesbank Baden-Wuerttemberg
Q3-11,2011-08-31,6.39,08-31-2011,Landesbank Baden-Wuerttemberg
Q4-11,2010-12-17,6.27,08-31-2011,Landesbank Baden-Wuerttemberg
Q4-11,2011-01-14,6.27,08-31-2011,Landesbank Baden-Wuerttemberg
Q4-11,2011-01-28,6.27,08-31-2011,Landesbank Baden-Wuerttemberg
Q4-11,2011-02-11,6.33,08-31-2011,Landesbank Baden-Wuerttemberg
Q4-11,2011-03-11,6.33,08-31-2011,Landesbank Baden-Wuerttemberg
Q4-11,2011-03-25,6.33,08-31-2011,Landesbank Baden-Wuerttemberg
Q4-11,2011-04-28,6.33,08-31-2011,Landesbank Baden-Wuerttemberg
Q4-11,2011-05-06,6.37,08-31-2011,Landesbank Baden-Wuerttemberg
Q4-11,2011-05-16,6.37,08-31-2011,Landesbank Baden-Wuerttemberg
Q4-11,2011-06-03,6.32,08-31-2011,Landesbank Baden-Wuerttemberg
Q4-11,2011-07-01,6.32,08-31-2011,Landesbank Baden-Wuerttemberg
Q4-11,2011-07-15,6.32,08-31-2011,Landesbank Baden-Wuerttemberg
Q4-11,2011-07-29,6.32,08-31-2011,Landesbank Baden-Wuerttemberg
Q4-11,2011-08-31,6.32,08-31-2011,Landesbank Baden-Wuerttemberg
Q1-12,2011-05-06,6.31,08-31-2011,Landesbank Baden-Wuerttemberg
Q1-12,2011-05-16,6.31,08-31-2011,Landesbank Baden-Wuerttemberg
Q1-12,2011-06-03,6.26,08-31-2011,Landesbank Baden-Wuerttemberg
Q1-12,2011-07-01,6.26,08-31-2011,Landesbank Baden-Wuerttemberg
Q1-12,2011-07-15,6.26,08-31-2011,Landesbank Baden-Wuerttemberg
Q1-12,2011-07-29,6.26,08-31-2011,Landesbank Baden-Wuerttemberg
Q1-12,2011-08-31,6.26,08-31-2011,Landesbank Baden-Wuerttemberg
Q2-12,2011-06-03,6.2,08-31-2011,Landesbank Baden-Wuerttemberg
Q2-12,2011-07-01,6.2,08-31-2011,Landesbank Baden-Wuerttemberg
Q2-12,2011-07-15,6.2,08-31-2011,Landesbank Baden-Wuerttemberg
Q2-12,2011-07-29,6.2,08-31-2011,Landesbank Baden-Wuerttemberg
Q2-12,2011-08-31,6.2,08-31-2011,Landesbank Baden-Wuerttemberg
Q1-16,2015-08-27,6.6,02-28-2016,Landesbank Baden-Wuerttemberg
Q1-16,2015-09-03,6.6,02-28-2016,Landesbank Baden-Wuerttemberg
Q1-16,2015-09-10,6.6,02-28-2016,Landesbank Baden-Wuerttemberg
Q1-16,2015-10-16,6.6,02-28-2016,Landesbank Baden-Wuerttemberg
Q1-16,2015-11-11,6.4,02-28-2016,Landesbank Baden-Wuerttemberg
Q1-16,2015-12-09,6.55,02-28-2016,Landesbank Baden-Wuerttemberg
Q1-16,2016-01-08,6.55,02-28-2016,Landesbank Baden-Wuerttemberg
Q1-16,2016-02-03,6.55,02-28-2016,Landesbank Baden-Wuerttemberg
Q2-16,2015-08-27,6.8,02-28-2016,Landesbank Baden-Wuerttemberg
Q2-16,2015-09-03,6.8,02-28-2016,Landesbank Baden-Wuerttemberg
Q2-16,2015-09-10,6.8,02-28-2016,Landesbank Baden-Wuerttemberg
Q2-16,2015-10-16,6.8,02-28-2016,Landesbank Baden-Wuerttemberg
Q2-16,2015-11-11,6.4,02-28-2016,Landesbank Baden-Wuerttemberg
Q2-16,2015-12-09,6.6,02-28-2016,Landesbank Baden-Wuerttemberg
Q2-16,2016-01-08,6.6,02-28-2016,Landesbank Baden-Wuerttemberg
Q2-16,2016-02-03,6.6,02-28-2016,Landesbank Baden-Wuerttemberg
Q3-16,2015-09-03,7.0,02-28-2016,Landesbank Baden-Wuerttemberg
Q3-16,2015-09-10,6.8,02-28-2016,Landesbank Baden-Wuerttemberg
Q3-16,2015-10-16,6.8,02-28-2016,Landesbank Baden-Wuerttemberg
Q3-16,2015-11-11,6.5,02-28-2016,Landesbank Baden-Wuerttemberg
Q3-16,2015-12-09,6.65,02-28-2016,Landesbank Baden-Wuerttemberg
Q3-16,2016-01-08,6.65,02-28-2016,Landesbank Baden-Wuerttemberg
Q3-16,2016-02-03,6.65,02-28-2016,Landesbank Baden-Wuerttemberg
Q4-16,2015-09-03,7.0,02-28-2016,Landesbank Baden-Wuerttemberg
Q4-16,2015-09-10,6.8,02-28-2016,Landesbank Baden-Wuerttemberg
Q4-16,2015-10-16,6.8,02-28-2016,Landesbank Baden-Wuerttemberg
Q4-16,2015-11-11,6.6,02-28-2016,Landesbank Baden-Wuerttemberg
Q4-16,2015-12-09,6.7,02-28-2016,Landesbank Baden-Wuerttemberg
Q4-16,2016-01-08,6.7,02-28-2016,Landesbank Baden-Wuerttemberg
Q4-16,2016-02-03,6.7,02-28-2016,Landesbank Baden-Wuerttemberg
Q4-08,2006-12-04,7.45,11-30-2008,Landesbank Baden-Wuerttemberg
Q4-08,2007-01-09,7.45,11-30-2008,Landesbank Baden-Wuerttemberg
Q4-08,2007-12-18,6.95,11-30-2008,Landesbank Baden-Wuerttemberg
Q4-08,2008-01-04,6.95,11-30-2008,Landesbank Baden-Wuerttemberg
Q4-08,2008-01-11,6.85,11-30-2008,Landesbank Baden-Wuerttemberg
Q4-08,2008-01-28,6.85,11-30-2008,Landesbank Baden-Wuerttemberg
Q4-08,2008-02-25,6.75,11-30-2008,Landesbank Baden-Wuerttemberg
Q4-08,2008-03-20,6.75,11-30-2008,Landesbank Baden-Wuerttemberg
Q4-08,2008-04-04,6.75,11-30-2008,Landesbank Baden-Wuerttemberg
Q4-08,2008-04-22,6.75,11-30-2008,Landesbank Baden-Wuerttemberg
Q4-08,2008-05-30,6.7,11-30-2008,Landesbank Baden-Wuerttemberg
Q4-08,2008-06-20,6.7,11-30-2008,Landesbank Baden-Wuerttemberg
Q4-08,2008-07-14,6.7,11-30-2008,Landesbank Baden-Wuerttemberg
Q4-08,2008-07-18,6.7,11-30-2008,Landesbank Baden-Wuerttemberg
Q4-08,2008-08-15,6.7,11-30-2008,Landesbank Baden-Wuerttemberg
Q4-08,2008-09-05,6.7,11-30-2008,Landesbank Baden-Wuerttemberg
Q4-08,2008-09-19,6.7,11-30-2008,Landesbank Baden-Wuerttemberg
Q4-08,2008-11-07,6.8,11-30-2008,Landesbank Baden-Wuerttemberg
Q4-08,2008-11-21,6.8,11-30-2008,Landesbank Baden-Wuerttemberg
Q1-09,2008-04-04,6.75,11-30-2008,Landesbank Baden-Wuerttemberg
Q1-09,2008-04-22,6.0,11-30-2008,Landesbank Baden-Wuerttemberg
Q1-09,2008-05-30,6.6,11-30-2008,Landesbank Baden-Wuerttemberg
Q1-09,2008-06-20,6.6,11-30-2008,Landesbank Baden-Wuerttemberg
Q1-09,2008-07-14,6.6,11-30-2008,Landesbank Baden-Wuerttemberg
Q1-09,2008-07-18,6.6,11-30-2008,Landesbank Baden-Wuerttemberg
Q1-09,2008-08-15,6.6,11-30-2008,Landesbank Baden-Wuerttemberg
Q1-09,2008-09-05,6.6,11-30-2008,Landesbank Baden-Wuerttemberg
Q1-09,2008-09-19,6.6,11-30-2008,Landesbank Baden-Wuerttemberg
Q1-09,2008-11-07,6.8,11-30-2008,Landesbank Baden-Wuerttemberg
Q1-09,2008-11-21,6.8,11-30-2008,Landesbank Baden-Wuerttemberg
Q2-09,2008-07-14,6.5,11-30-2008,Landesbank Baden-Wuerttemberg
Q2-09,2008-07-18,6.5,11-30-2008,Landesbank Baden-Wuerttemberg
Q2-09,2008-08-15,6.5,11-30-2008,Landesbank Baden-Wuerttemberg
Q2-09,2008-09-05,6.5,11-30-2008,Landesbank Baden-Wuerttemberg
Q2-09,2008-09-19,6.5,11-30-2008,Landesbank Baden-Wuerttemberg
Q2-09,2008-11-07,6.8,11-30-2008,Landesbank Baden-Wuerttemberg
Q2-09,2008-11-21,6.8,11-30-2008,Landesbank Baden-Wuerttemberg
Q3-09,2008-11-07,6.8,11-30-2008,Landesbank Baden-Wuerttemberg
Q3-09,2008-11-21,6.8,11-30-2008,Landesbank Baden-Wuerttemberg
Q2-19,2018-06-25,6.72,05-31-2019,Landesbank Baden-Wuerttemberg
Q2-19,2018-07-25,6.72,05-31-2019,Landesbank Baden-Wuerttemberg
Q2-19,2018-08-27,6.72,05-31-2019,Landesbank Baden-Wuerttemberg
Q2-19,2018-09-24,6.72,05-31-2019,Landesbank Baden-Wuerttemberg
Q2-19,2018-10-26,6.72,05-31-2019,Landesbank Baden-Wuerttemberg
Q2-19,2018-11-26,6.72,05-31-2019,Landesbank Baden-Wuerttemberg
Q2-19,2018-12-19,6.72,05-31-2019,Landesbank Baden-Wuerttemberg
Q2-19,2019-01-23,6.72,05-31-2019,Landesbank Baden-Wuerttemberg
Q2-19,2019-02-05,6.72,05-31-2019,Landesbank Baden-Wuerttemberg
Q2-19,2019-02-25,6.72,05-31-2019,Landesbank Baden-Wuerttemberg
Q2-19,2019-03-11,6.65,05-31-2019,Landesbank Baden-Wuerttemberg
Q2-19,2019-04-01,6.65,05-31-2019,Landesbank Baden-Wuerttemberg
Q2-19,2019-04-23,6.65,05-31-2019,Landesbank Baden-Wuerttemberg
Q2-19,2019-05-27,6.65,05-31-2019,Landesbank Baden-Wuerttemberg
Q3-19,2018-09-24,6.64,05-31-2019,Landesbank Baden-Wuerttemberg
Q3-19,2018-10-26,6.64,05-31-2019,Landesbank Baden-Wuerttemberg
Q3-19,2018-11-26,6.64,05-31-2019,Landesbank Baden-Wuerttemberg
Q3-19,2018-12-19,6.64,05-31-2019,Landesbank Baden-Wuerttemberg
Q3-19,2019-01-23,6.64,05-31-2019,Landesbank Baden-Wuerttemberg
Q3-19,2019-02-05,6.64,05-31-2019,Landesbank Baden-Wuerttemberg
Q3-19,2019-02-25,6.64,05-31-2019,Landesbank Baden-Wuerttemberg
Q3-19,2019-03-11,6.67,05-31-2019,Landesbank Baden-Wuerttemberg
Q3-19,2019-04-01,6.67,05-31-2019,Landesbank Baden-Wuerttemberg
Q3-19,2019-04-23,6.67,05-31-2019,Landesbank Baden-Wuerttemberg
Q3-19,2019-05-27,6.67,05-31-2019,Landesbank Baden-Wuerttemberg
Q4-19,2018-08-27,6.6,05-31-2019,Landesbank Baden-Wuerttemberg
Q4-19,2018-09-24,6.6,05-31-2019,Landesbank Baden-Wuerttemberg
Q4-19,2018-10-26,6.6,05-31-2019,Landesbank Baden-Wuerttemberg
Q4-19,2018-11-26,6.6,05-31-2019,Landesbank Baden-Wuerttemberg
Q4-19,2018-12-19,6.6,05-31-2019,Landesbank Baden-Wuerttemberg
Q4-19,2019-01-23,6.6,05-31-2019,Landesbank Baden-Wuerttemberg
Q4-19,2019-02-05,6.6,05-31-2019,Landesbank Baden-Wuerttemberg
Q4-19,2019-02-25,6.6,05-31-2019,Landesbank Baden-Wuerttemberg
Q4-19,2019-03-11,6.59,05-31-2019,Landesbank Baden-Wuerttemberg
Q4-19,2019-04-01,6.59,05-31-2019,Landesbank Baden-Wuerttemberg
Q4-19,2019-04-23,6.59,05-31-2019,Landesbank Baden-Wuerttemberg
Q4-19,2019-05-27,6.59,05-31-2019,Landesbank Baden-Wuerttemberg
Q1-20,2019-03-11,6.82,05-31-2019,Landesbank Baden-Wuerttemberg
Q1-20,2019-04-01,6.82,05-31-2019,Landesbank Baden-Wuerttemberg
Q1-20,2019-04-23,6.82,05-31-2019,Landesbank Baden-Wuerttemberg
Q1-20,2019-05-27,6.82,05-31-2019,Landesbank Baden-Wuerttemberg
Q3-12,2011-10-07,6.04,08-31-2012,Landesbank Baden-Wuerttemberg
Q3-12,2011-10-21,6.04,08-31-2012,Landesbank Baden-Wuerttemberg
Q3-12,2011-11-18,6.16,08-31-2012,Landesbank Baden-Wuerttemberg
Q3-12,2011-12-02,6.16,08-31-2012,Landesbank Baden-Wuerttemberg
Q3-12,2011-12-28,6.16,08-31-2012,Landesbank Baden-Wuerttemberg
Q3-12,2012-01-13,6.11,08-31-2012,Landesbank Baden-Wuerttemberg
Q3-12,2012-01-25,6.11,08-31-2012,Landesbank Baden-Wuerttemberg
Q3-12,2012-03-02,6.11,08-31-2012,Landesbank Baden-Wuerttemberg
Q3-12,2012-03-12,6.11,08-31-2012,Landesbank Baden-Wuerttemberg
Q3-12,2012-03-23,6.27,08-31-2012,Landesbank Baden-Wuerttemberg
Q3-12,2012-04-10,6.27,08-31-2012,Landesbank Baden-Wuerttemberg
Q3-12,2012-04-20,6.27,08-31-2012,Landesbank Baden-Wuerttemberg
Q3-12,2012-05-04,6.27,08-31-2012,Landesbank Baden-Wuerttemberg
Q3-12,2012-05-18,6.27,08-31-2012,Landesbank Baden-Wuerttemberg
Q3-12,2012-06-15,6.32,08-31-2012,Landesbank Baden-Wuerttemberg
Q3-12,2012-06-29,6.32,08-31-2012,Landesbank Baden-Wuerttemberg
Q3-12,2012-07-13,6.32,08-31-2012,Landesbank Baden-Wuerttemberg
Q3-12,2012-07-27,6.32,08-31-2012,Landesbank Baden-Wuerttemberg
Q3-12,2012-08-24,6.32,08-31-2012,Landesbank Baden-Wuerttemberg
Q4-12,2011-11-18,6.1,08-31-2012,Landesbank Baden-Wuerttemberg
Q4-12,2011-12-02,6.1,08-31-2012,Landesbank Baden-Wuerttemberg
Q4-12,2011-12-28,6.1,08-31-2012,Landesbank Baden-Wuerttemberg
Q4-12,2012-01-13,6.05,08-31-2012,Landesbank Baden-Wuerttemberg
Q4-12,2012-01-25,6.05,08-31-2012,Landesbank Baden-Wuerttemberg
Q4-12,2012-03-02,6.05,08-31-2012,Landesbank Baden-Wuerttemberg
Q4-12,2012-03-12,6.05,08-31-2012,Landesbank Baden-Wuerttemberg
Q4-12,2012-03-23,6.21,08-31-2012,Landesbank Baden-Wuerttemberg
Q4-12,2012-04-10,6.21,08-31-2012,Landesbank Baden-Wuerttemberg
Q4-12,2012-04-20,6.21,08-31-2012,Landesbank Baden-Wuerttemberg
Q4-12,2012-05-04,6.21,08-31-2012,Landesbank Baden-Wuerttemberg
Q4-12,2012-05-18,6.21,08-31-2012,Landesbank Baden-Wuerttemberg
Q4-12,2012-06-15,6.32,08-31-2012,Landesbank Baden-Wuerttemberg
Q4-12,2012-06-29,6.32,08-31-2012,Landesbank Baden-Wuerttemberg
Q4-12,2012-07-13,6.32,08-31-2012,Landesbank Baden-Wuerttemberg
Q4-12,2012-07-27,6.32,08-31-2012,Landesbank Baden-Wuerttemberg
Q4-12,2012-08-24,6.32,08-31-2012,Landesbank Baden-Wuerttemberg
Q1-13,2012-03-12,5.99,08-31-2012,Landesbank Baden-Wuerttemberg
Q1-13,2012-03-23,6.15,08-31-2012,Landesbank Baden-Wuerttemberg
Q1-13,2012-04-10,6.15,08-31-2012,Landesbank Baden-Wuerttemberg
Q1-13,2012-04-20,6.15,08-31-2012,Landesbank Baden-Wuerttemberg
Q1-13,2012-05-04,6.15,08-31-2012,Landesbank Baden-Wuerttemberg
Q1-13,2012-05-18,6.15,08-31-2012,Landesbank Baden-Wuerttemberg
Q1-13,2012-06-15,6.26,08-31-2012,Landesbank Baden-Wuerttemberg
Q1-13,2012-06-29,6.26,08-31-2012,Landesbank Baden-Wuerttemberg
Q1-13,2012-07-13,6.26,08-31-2012,Landesbank Baden-Wuerttemberg
Q1-13,2012-07-27,6.26,08-31-2012,Landesbank Baden-Wuerttemberg
Q1-13,2012-08-24,6.26,08-31-2012,Landesbank Baden-Wuerttemberg
Q2-13,2012-06-15,6.2,08-31-2012,Landesbank Baden-Wuerttemberg
Q2-13,2012-06-29,6.2,08-31-2012,Landesbank Baden-Wuerttemberg
Q2-13,2012-07-13,6.2,08-31-2012,Landesbank Baden-Wuerttemberg
Q2-13,2012-07-27,6.2,08-31-2012,Landesbank Baden-Wuerttemberg
Q2-13,2012-08-24,6.2,08-31-2012,Landesbank Baden-Wuerttemberg
Q4-12,2011-11-18,6.1,11-30-2012,Landesbank Baden-Wuerttemberg
Q4-12,2011-12-02,6.1,11-30-2012,Landesbank Baden-Wuerttemberg
Q4-12,2011-12-28,6.1,11-30-2012,Landesbank Baden-Wuerttemberg
Q4-12,2012-01-13,6.05,11-30-2012,Landesbank Baden-Wuerttemberg
Q4-12,2012-01-25,6.05,11-30-2012,Landesbank Baden-Wuerttemberg
Q4-12,2012-03-02,6.05,11-30-2012,Landesbank Baden-Wuerttemberg
Q4-12,2012-03-12,6.05,11-30-2012,Landesbank Baden-Wuerttemberg
Q4-12,2012-03-23,6.21,11-30-2012,Landesbank Baden-Wuerttemberg
Q4-12,2012-04-10,6.21,11-30-2012,Landesbank Baden-Wuerttemberg
Q4-12,2012-04-20,6.21,11-30-2012,Landesbank Baden-Wuerttemberg
Q4-12,2012-05-04,6.21,11-30-2012,Landesbank Baden-Wuerttemberg
Q4-12,2012-05-18,6.21,11-30-2012,Landesbank Baden-Wuerttemberg
Q4-12,2012-06-15,6.32,11-30-2012,Landesbank Baden-Wuerttemberg
Q4-12,2012-06-29,6.32,11-30-2012,Landesbank Baden-Wuerttemberg
Q4-12,2012-07-13,6.32,11-30-2012,Landesbank Baden-Wuerttemberg
Q4-12,2012-07-27,6.32,11-30-2012,Landesbank Baden-Wuerttemberg
Q4-12,2012-08-24,6.32,11-30-2012,Landesbank Baden-Wuerttemberg
Q4-12,2012-09-07,6.5,11-30-2012,Landesbank Baden-Wuerttemberg
Q4-12,2012-09-25,6.35,11-30-2012,Landesbank Baden-Wuerttemberg
Q4-12,2012-11-07,6.24,11-30-2012,Landesbank Baden-Wuerttemberg
Q4-12,2012-11-30,6.24,11-30-2012,Landesbank Baden-Wuerttemberg
Q1-13,2012-03-12,5.99,11-30-2012,Landesbank Baden-Wuerttemberg
Q1-13,2012-03-23,6.15,11-30-2012,Landesbank Baden-Wuerttemberg
Q1-13,2012-04-10,6.15,11-30-2012,Landesbank Baden-Wuerttemberg
Q1-13,2012-04-20,6.15,11-30-2012,Landesbank Baden-Wuerttemberg
Q1-13,2012-05-04,6.15,11-30-2012,Landesbank Baden-Wuerttemberg
Q1-13,2012-05-18,6.15,11-30-2012,Landesbank Baden-Wuerttemberg
Q1-13,2012-06-15,6.26,11-30-2012,Landesbank Baden-Wuerttemberg
Q1-13,2012-06-29,6.26,11-30-2012,Landesbank Baden-Wuerttemberg
Q1-13,2012-07-13,6.26,11-30-2012,Landesbank Baden-Wuerttemberg
Q1-13,2012-07-27,6.26,11-30-2012,Landesbank Baden-Wuerttemberg
Q1-13,2012-08-24,6.26,11-30-2012,Landesbank Baden-Wuerttemberg
Q1-13,2012-09-07,6.5,11-30-2012,Landesbank Baden-Wuerttemberg
Q1-13,2012-09-25,6.35,11-30-2012,Landesbank Baden-Wuerttemberg
Q1-13,2012-11-07,6.18,11-30-2012,Landesbank Baden-Wuerttemberg
Q1-13,2012-11-30,6.18,11-30-2012,Landesbank Baden-Wuerttemberg
Q2-13,2012-06-15,6.2,11-30-2012,Landesbank Baden-Wuerttemberg
Q2-13,2012-06-29,6.2,11-30-2012,Landesbank Baden-Wuerttemberg
Q2-13,2012-07-13,6.2,11-30-2012,Landesbank Baden-Wuerttemberg
Q2-13,2012-07-27,6.2,11-30-2012,Landesbank Baden-Wuerttemberg
Q2-13,2012-08-24,6.2,11-30-2012,Landesbank Baden-Wuerttemberg
Q2-13,2012-09-07,6.5,11-30-2012,Landesbank Baden-Wuerttemberg
Q2-13,2012-09-25,6.35,11-30-2012,Landesbank Baden-Wuerttemberg
Q2-13,2012-11-07,6.12,11-30-2012,Landesbank Baden-Wuerttemberg
Q2-13,2012-11-30,6.12,11-30-2012,Landesbank Baden-Wuerttemberg
Q3-13,2012-09-25,6.35,11-30-2012,Landesbank Baden-Wuerttemberg
Q3-13,2012-11-07,6.06,11-30-2012,Landesbank Baden-Wuerttemberg
Q3-13,2012-11-30,6.06,11-30-2012,Landesbank Baden-Wuerttemberg
2013,2012-09-25,6.35,11-30-2012,Landesbank Baden-Wuerttemberg
Q3-08,2007-09-06,7.05,08-31-2008,Landesbank Baden-Wuerttemberg
Q3-08,2007-09-14,7.05,08-31-2008,Landesbank Baden-Wuerttemberg
Q3-08,2007-09-21,7.05,08-31-2008,Landesbank Baden-Wuerttemberg
Q3-08,2007-09-28,7.05,08-31-2008,Landesbank Baden-Wuerttemberg
Q3-08,2007-10-05,7.05,08-31-2008,Landesbank Baden-Wuerttemberg
Q3-08,2007-10-19,7.05,08-31-2008,Landesbank Baden-Wuerttemberg
Q3-08,2007-10-22,7.05,08-31-2008,Landesbank Baden-Wuerttemberg
Q3-08,2007-10-26,7.05,08-31-2008,Landesbank Baden-Wuerttemberg
Q3-08,2007-11-05,7.05,08-31-2008,Landesbank Baden-Wuerttemberg
Q3-08,2007-11-13,7.05,08-31-2008,Landesbank Baden-Wuerttemberg
Q3-08,2007-11-16,7.05,08-31-2008,Landesbank Baden-Wuerttemberg
Q3-08,2007-12-18,7.05,08-31-2008,Landesbank Baden-Wuerttemberg
Q3-08,2008-01-04,7.05,08-31-2008,Landesbank Baden-Wuerttemberg
Q3-08,2008-01-11,7.0,08-31-2008,Landesbank Baden-Wuerttemberg
Q3-08,2008-01-28,7.0,08-31-2008,Landesbank Baden-Wuerttemberg
Q3-08,2008-02-25,6.9,08-31-2008,Landesbank Baden-Wuerttemberg
Q3-08,2008-03-20,6.9,08-31-2008,Landesbank Baden-Wuerttemberg
Q3-08,2008-04-04,6.85,08-31-2008,Landesbank Baden-Wuerttemberg
Q3-08,2008-04-22,6.85,08-31-2008,Landesbank Baden-Wuerttemberg
Q3-08,2008-05-30,6.8,08-31-2008,Landesbank Baden-Wuerttemberg
Q3-08,2008-06-20,6.8,08-31-2008,Landesbank Baden-Wuerttemberg
Q3-08,2008-07-14,6.8,08-31-2008,Landesbank Baden-Wuerttemberg
Q3-08,2008-07-18,6.8,08-31-2008,Landesbank Baden-Wuerttemberg
Q3-08,2008-08-15,6.8,08-31-2008,Landesbank Baden-Wuerttemberg
Q4-08,2006-12-04,7.45,08-31-2008,Landesbank Baden-Wuerttemberg
Q4-08,2007-01-09,7.45,08-31-2008,Landesbank Baden-Wuerttemberg
Q4-08,2007-12-18,6.95,08-31-2008,Landesbank Baden-Wuerttemberg
Q4-08,2008-01-04,6.95,08-31-2008,Landesbank Baden-Wuerttemberg
Q4-08,2008-01-11,6.85,08-31-2008,Landesbank Baden-Wuerttemberg
Q4-08,2008-01-28,6.85,08-31-2008,Landesbank Baden-Wuerttemberg
Q4-08,2008-02-25,6.75,08-31-2008,Landesbank Baden-Wuerttemberg
Q4-08,2008-03-20,6.75,08-31-2008,Landesbank Baden-Wuerttemberg
Q4-08,2008-04-04,6.75,08-31-2008,Landesbank Baden-Wuerttemberg
Q4-08,2008-04-22,6.75,08-31-2008,Landesbank Baden-Wuerttemberg
Q4-08,2008-05-30,6.7,08-31-2008,Landesbank Baden-Wuerttemberg
Q4-08,2008-06-20,6.7,08-31-2008,Landesbank Baden-Wuerttemberg
Q4-08,2008-07-14,6.7,08-31-2008,Landesbank Baden-Wuerttemberg
Q4-08,2008-07-18,6.7,08-31-2008,Landesbank Baden-Wuerttemberg
Q4-08,2008-08-15,6.7,08-31-2008,Landesbank Baden-Wuerttemberg
Q1-09,2008-04-04,6.75,08-31-2008,Landesbank Baden-Wuerttemberg
Q1-09,2008-04-22,6.0,08-31-2008,Landesbank Baden-Wuerttemberg
Q1-09,2008-05-30,6.6,08-31-2008,Landesbank Baden-Wuerttemberg
Q1-09,2008-06-20,6.6,08-31-2008,Landesbank Baden-Wuerttemberg
Q1-09,2008-07-14,6.6,08-31-2008,Landesbank Baden-Wuerttemberg
Q1-09,2008-07-18,6.6,08-31-2008,Landesbank Baden-Wuerttemberg
Q1-09,2008-08-15,6.6,08-31-2008,Landesbank Baden-Wuerttemberg
Q2-09,2008-07-14,6.5,08-31-2008,Landesbank Baden-Wuerttemberg
Q2-09,2008-07-18,6.5,08-31-2008,Landesbank Baden-Wuerttemberg
Q2-09,2008-08-15,6.5,08-31-2008,Landesbank Baden-Wuerttemberg
Q1-19,2018-03-26,6.67,02-28-2019,Landesbank Baden-Wuerttemberg
Q1-19,2018-04-30,6.67,02-28-2019,Landesbank Baden-Wuerttemberg
Q1-19,2018-05-28,6.67,02-28-2019,Landesbank Baden-Wuerttemberg
Q1-19,2018-06-25,6.67,02-28-2019,Landesbank Baden-Wuerttemberg
Q1-19,2018-07-25,6.67,02-28-2019,Landesbank Baden-Wuerttemberg
Q1-19,2018-08-27,6.84,02-28-2019,Landesbank Baden-Wuerttemberg
Q1-19,2018-09-24,6.84,02-28-2019,Landesbank Baden-Wuerttemberg
Q1-19,2018-10-26,6.84,02-28-2019,Landesbank Baden-Wuerttemberg
Q1-19,2018-11-26,6.96,02-28-2019,Landesbank Baden-Wuerttemberg
Q1-19,2018-12-19,6.96,02-28-2019,Landesbank Baden-Wuerttemberg
Q1-19,2019-01-23,6.96,02-28-2019,Landesbank Baden-Wuerttemberg
Q1-19,2019-02-05,6.84,02-28-2019,Landesbank Baden-Wuerttemberg
Q1-19,2019-02-25,6.8,02-28-2019,Landesbank Baden-Wuerttemberg
Q2-19,2018-06-25,6.72,02-28-2019,Landesbank Baden-Wuerttemberg
Q2-19,2018-07-25,6.72,02-28-2019,Landesbank Baden-Wuerttemberg
Q2-19,2018-08-27,6.72,02-28-2019,Landesbank Baden-Wuerttemberg
Q2-19,2018-09-24,6.72,02-28-2019,Landesbank Baden-Wuerttemberg
Q2-19,2018-10-26,6.72,02-28-2019,Landesbank Baden-Wuerttemberg
Q2-19,2018-11-26,6.72,02-28-2019,Landesbank Baden-Wuerttemberg
Q2-19,2018-12-19,6.72,02-28-2019,Landesbank Baden-Wuerttemberg
Q2-19,2019-01-23,6.72,02-28-2019,Landesbank Baden-Wuerttemberg
Q2-19,2019-02-05,6.72,02-28-2019,Landesbank Baden-Wuerttemberg
Q2-19,2019-02-25,6.72,02-28-2019,Landesbank Baden-Wuerttemberg
Q3-19,2018-09-24,6.64,02-28-2019,Landesbank Baden-Wuerttemberg
Q3-19,2018-10-26,6.64,02-28-2019,Landesbank Baden-Wuerttemberg
Q3-19,2018-11-26,6.64,02-28-2019,Landesbank Baden-Wuerttemberg
Q3-19,2018-12-19,6.64,02-28-2019,Landesbank Baden-Wuerttemberg
Q3-19,2019-01-23,6.64,02-28-2019,Landesbank Baden-Wuerttemberg
Q3-19,2019-02-05,6.64,02-28-2019,Landesbank Baden-Wuerttemberg
Q3-19,2019-02-25,6.64,02-28-2019,Landesbank Baden-Wuerttemberg
Q4-19,2018-08-27,6.6,02-28-2019,Landesbank Baden-Wuerttemberg
Q4-19,2018-09-24,6.6,02-28-2019,Landesbank Baden-Wuerttemberg
Q4-19,2018-10-26,6.6,02-28-2019,Landesbank Baden-Wuerttemberg
Q4-19,2018-11-26,6.6,02-28-2019,Landesbank Baden-Wuerttemberg
Q4-19,2018-12-19,6.6,02-28-2019,Landesbank Baden-Wuerttemberg
Q4-19,2019-01-23,6.6,02-28-2019,Landesbank Baden-Wuerttemberg
Q4-19,2019-02-05,6.6,02-28-2019,Landesbank Baden-Wuerttemberg
Q4-19,2019-02-25,6.6,02-28-2019,Landesbank Baden-Wuerttemberg
Q1-18,2017-03-01,6.85,02-28-2018,Landesbank Baden-Wuerttemberg
Q1-18,2017-03-22,6.85,02-28-2018,Landesbank Baden-Wuerttemberg
Q1-18,2017-04-26,6.85,02-28-2018,Landesbank Baden-Wuerttemberg
Q1-18,2017-05-12,6.85,02-28-2018,Landesbank Baden-Wuerttemberg
Q1-18,2017-05-29,6.85,02-28-2018,Landesbank Baden-Wuerttemberg
Q1-18,2017-06-30,6.82,02-28-2018,Landesbank Baden-Wuerttemberg
Q1-18,2017-07-31,6.82,02-28-2018,Landesbank Baden-Wuerttemberg
Q1-18,2017-08-14,6.76,02-28-2018,Landesbank Baden-Wuerttemberg
Q1-18,2017-08-18,6.76,02-28-2018,Landesbank Baden-Wuerttemberg
Q1-18,2017-08-30,6.76,02-28-2018,Landesbank Baden-Wuerttemberg
Q1-18,2017-09-28,6.64,02-28-2018,Landesbank Baden-Wuerttemberg
Q1-18,2017-11-03,6.64,02-28-2018,Landesbank Baden-Wuerttemberg
Q1-18,2017-11-27,6.64,02-28-2018,Landesbank Baden-Wuerttemberg
Q1-18,2017-12-28,6.64,02-28-2018,Landesbank Baden-Wuerttemberg
Q1-18,2018-01-31,6.53,02-28-2018,Landesbank Baden-Wuerttemberg
Q1-18,2018-02-26,6.53,02-28-2018,Landesbank Baden-Wuerttemberg
Q2-18,2017-06-30,6.82,02-28-2018,Landesbank Baden-Wuerttemberg
Q2-18,2017-07-31,6.82,02-28-2018,Landesbank Baden-Wuerttemberg
Q2-18,2017-08-14,6.82,02-28-2018,Landesbank Baden-Wuerttemberg
Q2-18,2017-08-18,6.82,02-28-2018,Landesbank Baden-Wuerttemberg
Q2-18,2017-08-30,6.82,02-28-2018,Landesbank Baden-Wuerttemberg
Q2-18,2017-09-28,6.7,02-28-2018,Landesbank Baden-Wuerttemberg
Q2-18,2017-11-03,6.7,02-28-2018,Landesbank Baden-Wuerttemberg
Q2-18,2017-11-27,6.7,02-28-2018,Landesbank Baden-Wuerttemberg
Q2-18,2017-12-28,6.7,02-28-2018,Landesbank Baden-Wuerttemberg
Q2-18,2018-01-31,6.65,02-28-2018,Landesbank Baden-Wuerttemberg
Q2-18,2018-02-26,6.65,02-28-2018,Landesbank Baden-Wuerttemberg
Q3-18,2017-09-28,6.7,02-28-2018,Landesbank Baden-Wuerttemberg
Q3-18,2017-11-03,6.7,02-28-2018,Landesbank Baden-Wuerttemberg
Q3-18,2017-11-27,6.7,02-28-2018,Landesbank Baden-Wuerttemberg
Q3-18,2017-12-28,6.7,02-28-2018,Landesbank Baden-Wuerttemberg
Q3-18,2018-01-31,6.67,02-28-2018,Landesbank Baden-Wuerttemberg
Q3-18,2018-02-26,6.67,02-28-2018,Landesbank Baden-Wuerttemberg
Q4-18,2016-12-20,6.7,02-28-2018,Landesbank Baden-Wuerttemberg
Q4-18,2017-08-30,6.7,02-28-2018,Landesbank Baden-Wuerttemberg
Q4-18,2017-09-28,6.7,02-28-2018,Landesbank Baden-Wuerttemberg
Q4-18,2017-11-03,6.7,02-28-2018,Landesbank Baden-Wuerttemberg
Q4-18,2017-11-27,6.7,02-28-2018,Landesbank Baden-Wuerttemberg
Q4-18,2017-12-28,6.7,02-28-2018,Landesbank Baden-Wuerttemberg
Q4-18,2018-01-31,6.7,02-28-2018,Landesbank Baden-Wuerttemberg
Q4-18,2018-02-26,6.7,02-28-2018,Landesbank Baden-Wuerttemberg
Q3-09,2008-11-07,6.8,08-31-2009,Landesbank Baden-Wuerttemberg
Q3-09,2008-11-21,6.8,08-31-2009,Landesbank Baden-Wuerttemberg
Q3-09,2009-01-16,6.8,08-31-2009,Landesbank Baden-Wuerttemberg
Q3-09,2009-02-06,6.8,08-31-2009,Landesbank Baden-Wuerttemberg
Q3-09,2009-02-27,6.8,08-31-2009,Landesbank Baden-Wuerttemberg
Q3-09,2009-04-09,6.83,08-31-2009,Landesbank Baden-Wuerttemberg
Q3-09,2009-04-17,6.83,08-31-2009,Landesbank Baden-Wuerttemberg
Q3-09,2009-05-15,6.83,08-31-2009,Landesbank Baden-Wuerttemberg
Q4-09,2009-01-16,6.8,08-31-2009,Landesbank Baden-Wuerttemberg
Q4-09,2009-02-06,6.8,08-31-2009,Landesbank Baden-Wuerttemberg
Q4-09,2009-02-27,6.8,08-31-2009,Landesbank Baden-Wuerttemberg
Q4-09,2009-04-09,6.83,08-31-2009,Landesbank Baden-Wuerttemberg
Q4-09,2009-04-17,6.83,08-31-2009,Landesbank Baden-Wuerttemberg
Q4-09,2009-05-15,6.83,08-31-2009,Landesbank Baden-Wuerttemberg
Q1-10,2009-04-09,6.83,08-31-2009,Landesbank Baden-Wuerttemberg
Q1-10,2009-04-17,6.83,08-31-2009,Landesbank Baden-Wuerttemberg
Q1-10,2009-05-15,6.83,08-31-2009,Landesbank Baden-Wuerttemberg
Q1-22,2021-03-02,6.81,02-28-2022,Landesbank Baden-Wuerttemberg
Q1-22,2021-03-24,6.81,02-28-2022,Landesbank Baden-Wuerttemberg
Q1-22,2021-04-27,6.81,02-28-2022,Landesbank Baden-Wuerttemberg
Q1-22,2021-06-01,6.81,02-28-2022,Landesbank Baden-Wuerttemberg
Q1-22,2021-06-28,6.81,02-28-2022,Landesbank Baden-Wuerttemberg
Q1-22,2021-07-30,6.81,02-28-2022,Landesbank Baden-Wuerttemberg
Q1-22,2021-09-01,6.81,02-28-2022,Landesbank Baden-Wuerttemberg
Q1-22,2021-09-29,6.81,02-28-2022,Landesbank Baden-Wuerttemberg
Q1-22,2021-10-25,6.81,02-28-2022,Landesbank Baden-Wuerttemberg
Q1-22,2021-11-02,6.47,02-28-2022,Landesbank Baden-Wuerttemberg
Q1-22,2021-11-22,6.47,02-28-2022,Landesbank Baden-Wuerttemberg
Q1-22,2021-12-10,6.5,02-28-2022,Landesbank Baden-Wuerttemberg
Q1-22,2021-12-17,6.5,02-28-2022,Landesbank Baden-Wuerttemberg
Q1-22,2022-01-11,6.5,02-28-2022,Landesbank Baden-Wuerttemberg
Q1-22,2022-02-15,6.5,02-28-2022,Landesbank Baden-Wuerttemberg
Q2-22,2021-06-01,6.91,02-28-2022,Landesbank Baden-Wuerttemberg
Q2-22,2021-06-28,6.91,02-28-2022,Landesbank Baden-Wuerttemberg
Q2-22,2021-07-30,6.91,02-28-2022,Landesbank Baden-Wuerttemberg
Q2-22,2021-09-01,6.91,02-28-2022,Landesbank Baden-Wuerttemberg
Q2-22,2021-09-29,6.91,02-28-2022,Landesbank Baden-Wuerttemberg
Q2-22,2021-10-25,6.91,02-28-2022,Landesbank Baden-Wuerttemberg
Q2-22,2021-11-02,6.48,02-28-2022,Landesbank Baden-Wuerttemberg
Q2-22,2021-11-22,6.48,02-28-2022,Landesbank Baden-Wuerttemberg
Q2-22,2021-12-10,6.5,02-28-2022,Landesbank Baden-Wuerttemberg
Q2-22,2021-12-17,6.5,02-28-2022,Landesbank Baden-Wuerttemberg
Q2-22,2022-01-11,6.5,02-28-2022,Landesbank Baden-Wuerttemberg
Q2-22,2022-02-15,6.5,02-28-2022,Landesbank Baden-Wuerttemberg
Q3-22,2021-09-01,6.87,02-28-2022,Landesbank Baden-Wuerttemberg
Q3-22,2021-09-29,6.87,02-28-2022,Landesbank Baden-Wuerttemberg
Q3-22,2021-10-25,6.87,02-28-2022,Landesbank Baden-Wuerttemberg
Q3-22,2021-11-02,6.52,02-28-2022,Landesbank Baden-Wuerttemberg
Q3-22,2021-11-22,6.52,02-28-2022,Landesbank Baden-Wuerttemberg
Q3-22,2021-12-10,6.55,02-28-2022,Landesbank Baden-Wuerttemberg
Q3-22,2021-12-17,6.55,02-28-2022,Landesbank Baden-Wuerttemberg
Q3-22,2022-01-11,6.61,02-28-2022,Landesbank Baden-Wuerttemberg
Q3-22,2022-02-15,6.61,02-28-2022,Landesbank Baden-Wuerttemberg
Q4-22,2021-09-01,6.87,02-28-2022,Landesbank Baden-Wuerttemberg
Q4-22,2021-09-29,6.87,02-28-2022,Landesbank Baden-Wuerttemberg
Q4-22,2021-10-25,6.87,02-28-2022,Landesbank Baden-Wuerttemberg
Q4-22,2021-11-02,6.65,02-28-2022,Landesbank Baden-Wuerttemberg
Q4-22,2021-11-22,6.65,02-28-2022,Landesbank Baden-Wuerttemberg
Q4-22,2021-12-10,6.65,02-28-2022,Landesbank Baden-Wuerttemberg
Q4-22,2021-12-17,6.65,02-28-2022,Landesbank Baden-Wuerttemberg
Q4-22,2022-01-11,6.71,02-28-2022,Landesbank Baden-Wuerttemberg
Q4-22,2022-02-15,6.71,02-28-2022,Landesbank Baden-Wuerttemberg
Q4-13,2012-09-25,6.35,11-30-2013,Landesbank Baden-Wuerttemberg
Q4-13,2012-12-17,6.0,11-30-2013,Landesbank Baden-Wuerttemberg
Q4-13,2013-01-16,6.0,11-30-2013,Landesbank Baden-Wuerttemberg
Q4-13,2013-01-29,6.0,11-30-2013,Landesbank Baden-Wuerttemberg
Q3-13,2012-09-25,6.35,08-31-2013,Landesbank Baden-Wuerttemberg
Q3-13,2012-11-07,6.06,08-31-2013,Landesbank Baden-Wuerttemberg
Q3-13,2012-11-30,6.06,08-31-2013,Landesbank Baden-Wuerttemberg
Q3-13,2012-12-17,6.06,08-31-2013,Landesbank Baden-Wuerttemberg
Q3-13,2013-01-16,6.06,08-31-2013,Landesbank Baden-Wuerttemberg
Q3-13,2013-01-29,6.06,08-31-2013,Landesbank Baden-Wuerttemberg
Q4-13,2012-09-25,6.35,08-31-2013,Landesbank Baden-Wuerttemberg
Q4-13,2012-12-17,6.0,08-31-2013,Landesbank Baden-Wuerttemberg
Q4-13,2013-01-16,6.0,08-31-2013,Landesbank Baden-Wuerttemberg
Q4-13,2013-01-29,6.0,08-31-2013,Landesbank Baden-Wuerttemberg
Q2-18,2017-06-30,6.82,05-31-2018,Landesbank Baden-Wuerttemberg
Q2-18,2017-07-31,6.82,05-31-2018,Landesbank Baden-Wuerttemberg
Q2-18,2017-08-14,6.82,05-31-2018,Landesbank Baden-Wuerttemberg
Q2-18,2017-08-18,6.82,05-31-2018,Landesbank Baden-Wuerttemberg
Q2-18,2017-08-30,6.82,05-31-2018,Landesbank Baden-Wuerttemberg
Q2-18,2017-09-28,6.7,05-31-2018,Landesbank Baden-Wuerttemberg
Q2-18,2017-11-03,6.7,05-31-2018,Landesbank Baden-Wuerttemberg
Q2-18,2017-11-27,6.7,05-31-2018,Landesbank Baden-Wuerttemberg
Q2-18,2017-12-28,6.7,05-31-2018,Landesbank Baden-Wuerttemberg
Q2-18,2018-01-31,6.65,05-31-2018,Landesbank Baden-Wuerttemberg
Q2-18,2018-02-26,6.65,05-31-2018,Landesbank Baden-Wuerttemberg
Q2-18,2018-03-26,6.65,05-31-2018,Landesbank Baden-Wuerttemberg
Q2-18,2018-04-30,6.65,05-31-2018,Landesbank Baden-Wuerttemberg
Q2-18,2018-05-28,6.65,05-31-2018,Landesbank Baden-Wuerttemberg
Q3-18,2017-09-28,6.7,05-31-2018,Landesbank Baden-Wuerttemberg
Q3-18,2017-11-03,6.7,05-31-2018,Landesbank Baden-Wuerttemberg
Q3-18,2017-11-27,6.7,05-31-2018,Landesbank Baden-Wuerttemberg
Q3-18,2017-12-28,6.7,05-31-2018,Landesbank Baden-Wuerttemberg
Q3-18,2018-01-31,6.67,05-31-2018,Landesbank Baden-Wuerttemberg
Q3-18,2018-02-26,6.67,05-31-2018,Landesbank Baden-Wuerttemberg
Q3-18,2018-03-26,6.67,05-31-2018,Landesbank Baden-Wuerttemberg
Q3-18,2018-04-30,6.67,05-31-2018,Landesbank Baden-Wuerttemberg
Q3-18,2018-05-28,6.67,05-31-2018,Landesbank Baden-Wuerttemberg
Q4-18,2016-12-20,6.7,05-31-2018,Landesbank Baden-Wuerttemberg
Q4-18,2017-08-30,6.7,05-31-2018,Landesbank Baden-Wuerttemberg
Q4-18,2017-09-28,6.7,05-31-2018,Landesbank Baden-Wuerttemberg
Q4-18,2017-11-03,6.7,05-31-2018,Landesbank Baden-Wuerttemberg
Q4-18,2017-11-27,6.7,05-31-2018,Landesbank Baden-Wuerttemberg
Q4-18,2017-12-28,6.7,05-31-2018,Landesbank Baden-Wuerttemberg
Q4-18,2018-01-31,6.7,05-31-2018,Landesbank Baden-Wuerttemberg
Q4-18,2018-02-26,6.7,05-31-2018,Landesbank Baden-Wuerttemberg
Q4-18,2018-03-26,6.7,05-31-2018,Landesbank Baden-Wuerttemberg
Q4-18,2018-04-30,6.7,05-31-2018,Landesbank Baden-Wuerttemberg
Q4-18,2018-05-28,6.7,05-31-2018,Landesbank Baden-Wuerttemberg
Q1-19,2018-03-26,6.67,05-31-2018,Landesbank Baden-Wuerttemberg
Q1-19,2018-04-30,6.67,05-31-2018,Landesbank Baden-Wuerttemberg
Q1-19,2018-05-28,6.67,05-31-2018,Landesbank Baden-Wuerttemberg
Q4-09,2009-01-16,6.8,11-30-2009,Landesbank Baden-Wuerttemberg
Q4-09,2009-02-06,6.8,11-30-2009,Landesbank Baden-Wuerttemberg
Q4-09,2009-02-27,6.8,11-30-2009,Landesbank Baden-Wuerttemberg
Q4-09,2009-04-09,6.83,11-30-2009,Landesbank Baden-Wuerttemberg
Q4-09,2009-04-17,6.83,11-30-2009,Landesbank Baden-Wuerttemberg
Q4-09,2009-05-15,6.83,11-30-2009,Landesbank Baden-Wuerttemberg
Q1-10,2009-04-09,6.83,11-30-2009,Landesbank Baden-Wuerttemberg
Q1-10,2009-04-17,6.83,11-30-2009,Landesbank Baden-Wuerttemberg
Q1-10,2009-05-15,6.83,11-30-2009,Landesbank Baden-Wuerttemberg
Q1-09,2008-04-04,6.75,02-28-2009,Landesbank Baden-Wuerttemberg
Q1-09,2008-04-22,6.0,02-28-2009,Landesbank Baden-Wuerttemberg
Q1-09,2008-05-30,6.6,02-28-2009,Landesbank Baden-Wuerttemberg
Q1-09,2008-06-20,6.6,02-28-2009,Landesbank Baden-Wuerttemberg
Q1-09,2008-07-14,6.6,02-28-2009,Landesbank Baden-Wuerttemberg
Q1-09,2008-07-18,6.6,02-28-2009,Landesbank Baden-Wuerttemberg
Q1-09,2008-08-15,6.6,02-28-2009,Landesbank Baden-Wuerttemberg
Q1-09,2008-09-05,6.6,02-28-2009,Landesbank Baden-Wuerttemberg
Q1-09,2008-09-19,6.6,02-28-2009,Landesbank Baden-Wuerttemberg
Q1-09,2008-11-07,6.8,02-28-2009,Landesbank Baden-Wuerttemberg
Q1-09,2008-11-21,6.8,02-28-2009,Landesbank Baden-Wuerttemberg
Q1-09,2009-01-16,6.8,02-28-2009,Landesbank Baden-Wuerttemberg
Q1-09,2009-02-06,6.8,02-28-2009,Landesbank Baden-Wuerttemberg
Q1-09,2009-02-27,6.8,02-28-2009,Landesbank Baden-Wuerttemberg
Q2-09,2008-07-14,6.5,02-28-2009,Landesbank Baden-Wuerttemberg
Q2-09,2008-07-18,6.5,02-28-2009,Landesbank Baden-Wuerttemberg
Q2-09,2008-08-15,6.5,02-28-2009,Landesbank Baden-Wuerttemberg
Q2-09,2008-09-05,6.5,02-28-2009,Landesbank Baden-Wuerttemberg
Q2-09,2008-09-19,6.5,02-28-2009,Landesbank Baden-Wuerttemberg
Q2-09,2008-11-07,6.8,02-28-2009,Landesbank Baden-Wuerttemberg
Q2-09,2008-11-21,6.8,02-28-2009,Landesbank Baden-Wuerttemberg
Q2-09,2009-01-16,6.8,02-28-2009,Landesbank Baden-Wuerttemberg
Q2-09,2009-02-06,6.8,02-28-2009,Landesbank Baden-Wuerttemberg
Q2-09,2009-02-27,6.8,02-28-2009,Landesbank Baden-Wuerttemberg
Q3-09,2008-11-07,6.8,02-28-2009,Landesbank Baden-Wuerttemberg
Q3-09,2008-11-21,6.8,02-28-2009,Landesbank Baden-Wuerttemberg
Q3-09,2009-01-16,6.8,02-28-2009,Landesbank Baden-Wuerttemberg
Q3-09,2009-02-06,6.8,02-28-2009,Landesbank Baden-Wuerttemberg
Q3-09,2009-02-27,6.8,02-28-2009,Landesbank Baden-Wuerttemberg
Q4-09,2009-01-16,6.8,02-28-2009,Landesbank Baden-Wuerttemberg
Q4-09,2009-02-06,6.8,02-28-2009,Landesbank Baden-Wuerttemberg
Q4-09,2009-02-27,6.8,02-28-2009,Landesbank Baden-Wuerttemberg
Q2-13,2012-06-15,6.2,05-31-2013,Landesbank Baden-Wuerttemberg
Q2-13,2012-06-29,6.2,05-31-2013,Landesbank Baden-Wuerttemberg
Q2-13,2012-07-13,6.2,05-31-2013,Landesbank Baden-Wuerttemberg
Q2-13,2012-07-27,6.2,05-31-2013,Landesbank Baden-Wuerttemberg
Q2-13,2012-08-24,6.2,05-31-2013,Landesbank Baden-Wuerttemberg
Q2-13,2012-09-07,6.5,05-31-2013,Landesbank Baden-Wuerttemberg
Q2-13,2012-09-25,6.35,05-31-2013,Landesbank Baden-Wuerttemberg
Q2-13,2012-11-07,6.12,05-31-2013,Landesbank Baden-Wuerttemberg
Q2-13,2012-11-30,6.12,05-31-2013,Landesbank Baden-Wuerttemberg
Q2-13,2012-12-17,6.12,05-31-2013,Landesbank Baden-Wuerttemberg
Q2-13,2013-01-16,6.12,05-31-2013,Landesbank Baden-Wuerttemberg
Q2-13,2013-01-29,6.12,05-31-2013,Landesbank Baden-Wuerttemberg
Q3-13,2012-09-25,6.35,05-31-2013,Landesbank Baden-Wuerttemberg
Q3-13,2012-11-07,6.06,05-31-2013,Landesbank Baden-Wuerttemberg
Q3-13,2012-11-30,6.06,05-31-2013,Landesbank Baden-Wuerttemberg
Q3-13,2012-12-17,6.06,05-31-2013,Landesbank Baden-Wuerttemberg
Q3-13,2013-01-16,6.06,05-31-2013,Landesbank Baden-Wuerttemberg
Q3-13,2013-01-29,6.06,05-31-2013,Landesbank Baden-Wuerttemberg
Q4-13,2012-09-25,6.35,05-31-2013,Landesbank Baden-Wuerttemberg
Q4-13,2012-12-17,6.0,05-31-2013,Landesbank Baden-Wuerttemberg
Q4-13,2013-01-16,6.0,05-31-2013,Landesbank Baden-Wuerttemberg
Q4-13,2013-01-29,6.0,05-31-2013,Landesbank Baden-Wuerttemberg
Q3-18,2017-09-28,6.7,08-31-2018,Landesbank Baden-Wuerttemberg
Q3-18,2017-11-03,6.7,08-31-2018,Landesbank Baden-Wuerttemberg
Q3-18,2017-11-27,6.7,08-31-2018,Landesbank Baden-Wuerttemberg
Q3-18,2017-12-28,6.7,08-31-2018,Landesbank Baden-Wuerttemberg
Q3-18,2018-01-31,6.67,08-31-2018,Landesbank Baden-Wuerttemberg
Q3-18,2018-02-26,6.67,08-31-2018,Landesbank Baden-Wuerttemberg
Q3-18,2018-03-26,6.67,08-31-2018,Landesbank Baden-Wuerttemberg
Q3-18,2018-04-30,6.67,08-31-2018,Landesbank Baden-Wuerttemberg
Q3-18,2018-05-28,6.67,08-31-2018,Landesbank Baden-Wuerttemberg
Q3-18,2018-06-25,6.67,08-31-2018,Landesbank Baden-Wuerttemberg
Q3-18,2018-07-25,6.67,08-31-2018,Landesbank Baden-Wuerttemberg
Q3-18,2018-08-27,6.89,08-31-2018,Landesbank Baden-Wuerttemberg
Q4-18,2016-12-20,6.7,08-31-2018,Landesbank Baden-Wuerttemberg
Q4-18,2017-08-30,6.7,08-31-2018,Landesbank Baden-Wuerttemberg
Q4-18,2017-09-28,6.7,08-31-2018,Landesbank Baden-Wuerttemberg
Q4-18,2017-11-03,6.7,08-31-2018,Landesbank Baden-Wuerttemberg
Q4-18,2017-11-27,6.7,08-31-2018,Landesbank Baden-Wuerttemberg
Q4-18,2017-12-28,6.7,08-31-2018,Landesbank Baden-Wuerttemberg
Q4-18,2018-01-31,6.7,08-31-2018,Landesbank Baden-Wuerttemberg
Q4-18,2018-02-26,6.7,08-31-2018,Landesbank Baden-Wuerttemberg
Q4-18,2018-03-26,6.7,08-31-2018,Landesbank Baden-Wuerttemberg
Q4-18,2018-04-30,6.7,08-31-2018,Landesbank Baden-Wuerttemberg
Q4-18,2018-05-28,6.7,08-31-2018,Landesbank Baden-Wuerttemberg
Q4-18,2018-06-25,6.7,08-31-2018,Landesbank Baden-Wuerttemberg
Q4-18,2018-07-25,6.7,08-31-2018,Landesbank Baden-Wuerttemberg
Q4-18,2018-08-27,6.96,08-31-2018,Landesbank Baden-Wuerttemberg
Q1-19,2018-03-26,6.67,08-31-2018,Landesbank Baden-Wuerttemberg
Q1-19,2018-04-30,6.67,08-31-2018,Landesbank Baden-Wuerttemberg
Q1-19,2018-05-28,6.67,08-31-2018,Landesbank Baden-Wuerttemberg
Q1-19,2018-06-25,6.67,08-31-2018,Landesbank Baden-Wuerttemberg
Q1-19,2018-07-25,6.67,08-31-2018,Landesbank Baden-Wuerttemberg
Q1-19,2018-08-27,6.84,08-31-2018,Landesbank Baden-Wuerttemberg
Q2-19,2018-06-25,6.72,08-31-2018,Landesbank Baden-Wuerttemberg
Q2-19,2018-07-25,6.72,08-31-2018,Landesbank Baden-Wuerttemberg
Q2-19,2018-08-27,6.72,08-31-2018,Landesbank Baden-Wuerttemberg
2019,2016-12-20,6.6,08-31-2018,Landesbank Baden-Wuerttemberg
2019,2018-08-27,6.6,08-31-2018,Landesbank Baden-Wuerttemberg
Q4-18,2016-12-20,6.7,11-30-2018,Landesbank Baden-Wuerttemberg
Q4-18,2017-08-30,6.7,11-30-2018,Landesbank Baden-Wuerttemberg
Q4-18,2017-09-28,6.7,11-30-2018,Landesbank Baden-Wuerttemberg
Q4-18,2017-11-03,6.7,11-30-2018,Landesbank Baden-Wuerttemberg
Q4-18,2017-11-27,6.7,11-30-2018,Landesbank Baden-Wuerttemberg
Q4-18,2017-12-28,6.7,11-30-2018,Landesbank Baden-Wuerttemberg
Q4-18,2018-01-31,6.7,11-30-2018,Landesbank Baden-Wuerttemberg
Q4-18,2018-02-26,6.7,11-30-2018,Landesbank Baden-Wuerttemberg
Q4-18,2018-03-26,6.7,11-30-2018,Landesbank Baden-Wuerttemberg
Q4-18,2018-04-30,6.7,11-30-2018,Landesbank Baden-Wuerttemberg
Q4-18,2018-05-28,6.7,11-30-2018,Landesbank Baden-Wuerttemberg
Q4-18,2018-06-25,6.7,11-30-2018,Landesbank Baden-Wuerttemberg
Q4-18,2018-07-25,6.7,11-30-2018,Landesbank Baden-Wuerttemberg
Q4-18,2018-08-27,6.96,11-30-2018,Landesbank Baden-Wuerttemberg
Q4-18,2018-09-24,6.96,11-30-2018,Landesbank Baden-Wuerttemberg
Q4-18,2018-10-26,6.96,11-30-2018,Landesbank Baden-Wuerttemberg
Q4-18,2018-11-26,6.96,11-30-2018,Landesbank Baden-Wuerttemberg
Q1-19,2018-03-26,6.67,11-30-2018,Landesbank Baden-Wuerttemberg
Q1-19,2018-04-30,6.67,11-30-2018,Landesbank Baden-Wuerttemberg
Q1-19,2018-05-28,6.67,11-30-2018,Landesbank Baden-Wuerttemberg
Q1-19,2018-06-25,6.67,11-30-2018,Landesbank Baden-Wuerttemberg
Q1-19,2018-07-25,6.67,11-30-2018,Landesbank Baden-Wuerttemberg
Q1-19,2018-08-27,6.84,11-30-2018,Landesbank Baden-Wuerttemberg
Q1-19,2018-09-24,6.84,11-30-2018,Landesbank Baden-Wuerttemberg
Q1-19,2018-10-26,6.84,11-30-2018,Landesbank Baden-Wuerttemberg
Q1-19,2018-11-26,6.96,11-30-2018,Landesbank Baden-Wuerttemberg
Q2-19,2018-06-25,6.72,11-30-2018,Landesbank Baden-Wuerttemberg
Q2-19,2018-07-25,6.72,11-30-2018,Landesbank Baden-Wuerttemberg
Q2-19,2018-08-27,6.72,11-30-2018,Landesbank Baden-Wuerttemberg
Q2-19,2018-09-24,6.72,11-30-2018,Landesbank Baden-Wuerttemberg
Q2-19,2018-10-26,6.72,11-30-2018,Landesbank Baden-Wuerttemberg
Q2-19,2018-11-26,6.72,11-30-2018,Landesbank Baden-Wuerttemberg
Q3-19,2018-09-24,6.64,11-30-2018,Landesbank Baden-Wuerttemberg
Q3-19,2018-10-26,6.64,11-30-2018,Landesbank Baden-Wuerttemberg
Q3-19,2018-11-26,6.64,11-30-2018,Landesbank Baden-Wuerttemberg
2019,2016-12-20,6.6,11-30-2018,Landesbank Baden-Wuerttemberg
2019,2018-08-27,6.6,11-30-2018,Landesbank Baden-Wuerttemberg
2019,2018-09-24,6.6,11-30-2018,Landesbank Baden-Wuerttemberg
2019,2018-10-26,6.6,11-30-2018,Landesbank Baden-Wuerttemberg
2019,2018-11-26,6.6,11-30-2018,Landesbank Baden-Wuerttemberg
Q2-09,2008-07-14,6.5,05-31-2009,Landesbank Baden-Wuerttemberg
Q2-09,2008-07-18,6.5,05-31-2009,Landesbank Baden-Wuerttemberg
Q2-09,2008-08-15,6.5,05-31-2009,Landesbank Baden-Wuerttemberg
Q2-09,2008-09-05,6.5,05-31-2009,Landesbank Baden-Wuerttemberg
Q2-09,2008-09-19,6.5,05-31-2009,Landesbank Baden-Wuerttemberg
Q2-09,2008-11-07,6.8,05-31-2009,Landesbank Baden-Wuerttemberg
Q2-09,2008-11-21,6.8,05-31-2009,Landesbank Baden-Wuerttemberg
Q2-09,2009-01-16,6.8,05-31-2009,Landesbank Baden-Wuerttemberg
Q2-09,2009-02-06,6.8,05-31-2009,Landesbank Baden-Wuerttemberg
Q2-09,2009-02-27,6.8,05-31-2009,Landesbank Baden-Wuerttemberg
Q2-09,2009-04-09,6.83,05-31-2009,Landesbank Baden-Wuerttemberg
Q2-09,2009-04-17,6.83,05-31-2009,Landesbank Baden-Wuerttemberg
Q2-09,2009-05-15,6.83,05-31-2009,Landesbank Baden-Wuerttemberg
Q3-09,2008-11-07,6.8,05-31-2009,Landesbank Baden-Wuerttemberg
Q3-09,2008-11-21,6.8,05-31-2009,Landesbank Baden-Wuerttemberg
Q3-09,2009-01-16,6.8,05-31-2009,Landesbank Baden-Wuerttemberg
Q3-09,2009-02-06,6.8,05-31-2009,Landesbank Baden-Wuerttemberg
Q3-09,2009-02-27,6.8,05-31-2009,Landesbank Baden-Wuerttemberg
Q3-09,2009-04-09,6.83,05-31-2009,Landesbank Baden-Wuerttemberg
Q3-09,2009-04-17,6.83,05-31-2009,Landesbank Baden-Wuerttemberg
Q3-09,2009-05-15,6.83,05-31-2009,Landesbank Baden-Wuerttemberg
Q4-09,2009-01-16,6.8,05-31-2009,Landesbank Baden-Wuerttemberg
Q4-09,2009-02-06,6.8,05-31-2009,Landesbank Baden-Wuerttemberg
Q4-09,2009-02-27,6.8,05-31-2009,Landesbank Baden-Wuerttemberg
Q4-09,2009-04-09,6.83,05-31-2009,Landesbank Baden-Wuerttemberg
Q4-09,2009-04-17,6.83,05-31-2009,Landesbank Baden-Wuerttemberg
Q4-09,2009-05-15,6.83,05-31-2009,Landesbank Baden-Wuerttemberg
Q1-10,2009-04-09,6.83,05-31-2009,Landesbank Baden-Wuerttemberg
Q1-10,2009-04-17,6.83,05-31-2009,Landesbank Baden-Wuerttemberg
Q1-10,2009-05-15,6.83,05-31-2009,Landesbank Baden-Wuerttemberg
Q1-13,2012-03-12,5.99,02-28-2013,Landesbank Baden-Wuerttemberg
Q1-13,2012-03-23,6.15,02-28-2013,Landesbank Baden-Wuerttemberg
Q1-13,2012-04-10,6.15,02-28-2013,Landesbank Baden-Wuerttemberg
Q1-13,2012-04-20,6.15,02-28-2013,Landesbank Baden-Wuerttemberg
Q1-13,2012-05-04,6.15,02-28-2013,Landesbank Baden-Wuerttemberg
Q1-13,2012-05-18,6.15,02-28-2013,Landesbank Baden-Wuerttemberg
Q1-13,2012-06-15,6.26,02-28-2013,Landesbank Baden-Wuerttemberg
Q1-13,2012-06-29,6.26,02-28-2013,Landesbank Baden-Wuerttemberg
Q1-13,2012-07-13,6.26,02-28-2013,Landesbank Baden-Wuerttemberg
Q1-13,2012-07-27,6.26,02-28-2013,Landesbank Baden-Wuerttemberg
Q1-13,2012-08-24,6.26,02-28-2013,Landesbank Baden-Wuerttemberg
Q1-13,2012-09-07,6.5,02-28-2013,Landesbank Baden-Wuerttemberg
Q1-13,2012-09-25,6.35,02-28-2013,Landesbank Baden-Wuerttemberg
Q1-13,2012-11-07,6.18,02-28-2013,Landesbank Baden-Wuerttemberg
Q1-13,2012-11-30,6.18,02-28-2013,Landesbank Baden-Wuerttemberg
Q1-13,2012-12-17,6.18,02-28-2013,Landesbank Baden-Wuerttemberg
Q1-13,2013-01-16,6.18,02-28-2013,Landesbank Baden-Wuerttemberg
Q1-13,2013-01-29,6.18,02-28-2013,Landesbank Baden-Wuerttemberg
Q2-13,2012-06-15,6.2,02-28-2013,Landesbank Baden-Wuerttemberg
Q2-13,2012-06-29,6.2,02-28-2013,Landesbank Baden-Wuerttemberg
Q2-13,2012-07-13,6.2,02-28-2013,Landesbank Baden-Wuerttemberg
Q2-13,2012-07-27,6.2,02-28-2013,Landesbank Baden-Wuerttemberg
Q2-13,2012-08-24,6.2,02-28-2013,Landesbank Baden-Wuerttemberg
Q2-13,2012-09-07,6.5,02-28-2013,Landesbank Baden-Wuerttemberg
Q2-13,2012-09-25,6.35,02-28-2013,Landesbank Baden-Wuerttemberg
Q2-13,2012-11-07,6.12,02-28-2013,Landesbank Baden-Wuerttemberg
Q2-13,2012-11-30,6.12,02-28-2013,Landesbank Baden-Wuerttemberg
Q2-13,2012-12-17,6.12,02-28-2013,Landesbank Baden-Wuerttemberg
Q2-13,2013-01-16,6.12,02-28-2013,Landesbank Baden-Wuerttemberg
Q2-13,2013-01-29,6.12,02-28-2013,Landesbank Baden-Wuerttemberg
Q3-13,2012-09-25,6.35,02-28-2013,Landesbank Baden-Wuerttemberg
Q3-13,2012-11-07,6.06,02-28-2013,Landesbank Baden-Wuerttemberg
Q3-13,2012-11-30,6.06,02-28-2013,Landesbank Baden-Wuerttemberg
Q3-13,2012-12-17,6.06,02-28-2013,Landesbank Baden-Wuerttemberg
Q3-13,2013-01-16,6.06,02-28-2013,Landesbank Baden-Wuerttemberg
Q3-13,2013-01-29,6.06,02-28-2013,Landesbank Baden-Wuerttemberg
Q4-13,2012-09-25,6.35,02-28-2013,Landesbank Baden-Wuerttemberg
Q4-13,2012-12-17,6.0,02-28-2013,Landesbank Baden-Wuerttemberg
Q4-13,2013-01-16,6.0,02-28-2013,Landesbank Baden-Wuerttemberg
Q4-13,2013-01-29,6.0,02-28-2013,Landesbank Baden-Wuerttemberg
Q1-12,2011-05-06,6.31,02-28-2012,Landesbank Baden-Wuerttemberg
Q1-12,2011-05-16,6.31,02-28-2012,Landesbank Baden-Wuerttemberg
Q1-12,2011-06-03,6.26,02-28-2012,Landesbank Baden-Wuerttemberg
Q1-12,2011-07-01,6.26,02-28-2012,Landesbank Baden-Wuerttemberg
Q1-12,2011-07-15,6.26,02-28-2012,Landesbank Baden-Wuerttemberg
Q1-12,2011-07-29,6.26,02-28-2012,Landesbank Baden-Wuerttemberg
Q1-12,2011-08-31,6.26,02-28-2012,Landesbank Baden-Wuerttemberg
Q1-12,2011-10-07,6.16,02-28-2012,Landesbank Baden-Wuerttemberg
Q1-12,2011-10-21,6.16,02-28-2012,Landesbank Baden-Wuerttemberg
Q1-12,2011-11-18,6.29,02-28-2012,Landesbank Baden-Wuerttemberg
Q1-12,2011-12-02,6.29,02-28-2012,Landesbank Baden-Wuerttemberg
Q1-12,2011-12-28,6.29,02-28-2012,Landesbank Baden-Wuerttemberg
Q1-12,2012-01-13,6.24,02-28-2012,Landesbank Baden-Wuerttemberg
Q1-12,2012-01-25,6.24,02-28-2012,Landesbank Baden-Wuerttemberg
Q2-12,2011-06-03,6.2,02-28-2012,Landesbank Baden-Wuerttemberg
Q2-12,2011-07-01,6.2,02-28-2012,Landesbank Baden-Wuerttemberg
Q2-12,2011-07-15,6.2,02-28-2012,Landesbank Baden-Wuerttemberg
Q2-12,2011-07-29,6.2,02-28-2012,Landesbank Baden-Wuerttemberg
Q2-12,2011-08-31,6.2,02-28-2012,Landesbank Baden-Wuerttemberg
Q2-12,2011-10-07,6.1,02-28-2012,Landesbank Baden-Wuerttemberg
Q2-12,2011-10-21,6.1,02-28-2012,Landesbank Baden-Wuerttemberg
Q2-12,2011-11-18,6.22,02-28-2012,Landesbank Baden-Wuerttemberg
Q2-12,2011-12-02,6.22,02-28-2012,Landesbank Baden-Wuerttemberg
Q2-12,2011-12-28,6.22,02-28-2012,Landesbank Baden-Wuerttemberg
Q2-12,2012-01-13,6.18,02-28-2012,Landesbank Baden-Wuerttemberg
Q2-12,2012-01-25,6.18,02-28-2012,Landesbank Baden-Wuerttemberg
Q3-12,2011-10-07,6.04,02-28-2012,Landesbank Baden-Wuerttemberg
Q3-12,2011-10-21,6.04,02-28-2012,Landesbank Baden-Wuerttemberg
Q3-12,2011-11-18,6.16,02-28-2012,Landesbank Baden-Wuerttemberg
Q3-12,2011-12-02,6.16,02-28-2012,Landesbank Baden-Wuerttemberg
Q3-12,2011-12-28,6.16,02-28-2012,Landesbank Baden-Wuerttemberg
Q3-12,2012-01-13,6.11,02-28-2012,Landesbank Baden-Wuerttemberg
Q3-12,2012-01-25,6.11,02-28-2012,Landesbank Baden-Wuerttemberg
Q4-12,2011-11-18,6.1,02-28-2012,Landesbank Baden-Wuerttemberg
Q4-12,2011-12-02,6.1,02-28-2012,Landesbank Baden-Wuerttemberg
Q4-12,2011-12-28,6.1,02-28-2012,Landesbank Baden-Wuerttemberg
Q4-12,2012-01-13,6.05,02-28-2012,Landesbank Baden-Wuerttemberg
Q4-12,2012-01-25,6.05,02-28-2012,Landesbank Baden-Wuerttemberg
Q2-08,2007-06-15,7.2,05-31-2008,Landesbank Baden-Wuerttemberg
Q2-08,2007-06-29,7.2,05-31-2008,Landesbank Baden-Wuerttemberg
Q2-08,2007-07-09,7.2,05-31-2008,Landesbank Baden-Wuerttemberg
Q2-08,2007-07-13,7.2,05-31-2008,Landesbank Baden-Wuerttemberg
Q2-08,2007-07-20,7.2,05-31-2008,Landesbank Baden-Wuerttemberg
Q2-08,2007-08-10,7.2,05-31-2008,Landesbank Baden-Wuerttemberg
Q2-08,2007-08-31,7.2,05-31-2008,Landesbank Baden-Wuerttemberg
Q2-08,2007-09-06,7.15,05-31-2008,Landesbank Baden-Wuerttemberg
Q2-08,2007-09-14,7.15,05-31-2008,Landesbank Baden-Wuerttemberg
Q2-08,2007-09-21,7.15,05-31-2008,Landesbank Baden-Wuerttemberg
Q2-08,2007-09-28,7.15,05-31-2008,Landesbank Baden-Wuerttemberg
Q2-08,2007-10-05,7.15,05-31-2008,Landesbank Baden-Wuerttemberg
Q2-08,2007-10-19,7.15,05-31-2008,Landesbank Baden-Wuerttemberg
Q2-08,2007-10-22,7.15,05-31-2008,Landesbank Baden-Wuerttemberg
Q2-08,2007-10-26,7.15,05-31-2008,Landesbank Baden-Wuerttemberg
Q2-08,2007-11-05,7.15,05-31-2008,Landesbank Baden-Wuerttemberg
Q2-08,2007-11-13,7.15,05-31-2008,Landesbank Baden-Wuerttemberg
Q2-08,2007-11-16,7.15,05-31-2008,Landesbank Baden-Wuerttemberg
Q2-08,2007-12-18,7.15,05-31-2008,Landesbank Baden-Wuerttemberg
Q2-08,2008-01-04,7.15,05-31-2008,Landesbank Baden-Wuerttemberg
Q2-08,2008-01-11,7.1,05-31-2008,Landesbank Baden-Wuerttemberg
Q2-08,2008-01-28,7.1,05-31-2008,Landesbank Baden-Wuerttemberg
Q2-08,2008-02-25,7.0,05-31-2008,Landesbank Baden-Wuerttemberg
Q2-08,2008-03-20,7.0,05-31-2008,Landesbank Baden-Wuerttemberg
Q2-08,2008-04-04,6.95,05-31-2008,Landesbank Baden-Wuerttemberg
Q2-08,2008-04-22,6.95,05-31-2008,Landesbank Baden-Wuerttemberg
Q2-08,2008-05-30,6.9,05-31-2008,Landesbank Baden-Wuerttemberg
Q3-08,2007-09-06,7.05,05-31-2008,Landesbank Baden-Wuerttemberg
Q3-08,2007-09-14,7.05,05-31-2008,Landesbank Baden-Wuerttemberg
Q3-08,2007-09-21,7.05,05-31-2008,Landesbank Baden-Wuerttemberg
Q3-08,2007-09-28,7.05,05-31-2008,Landesbank Baden-Wuerttemberg
Q3-08,2007-10-05,7.05,05-31-2008,Landesbank Baden-Wuerttemberg
Q3-08,2007-10-19,7.05,05-31-2008,Landesbank Baden-Wuerttemberg
Q3-08,2007-10-22,7.05,05-31-2008,Landesbank Baden-Wuerttemberg
Q3-08,2007-10-26,7.05,05-31-2008,Landesbank Baden-Wuerttemberg
Q3-08,2007-11-05,7.05,05-31-2008,Landesbank Baden-Wuerttemberg
Q3-08,2007-11-13,7.05,05-31-2008,Landesbank Baden-Wuerttemberg
Q3-08,2007-11-16,7.05,05-31-2008,Landesbank Baden-Wuerttemberg
Q3-08,2007-12-18,7.05,05-31-2008,Landesbank Baden-Wuerttemberg
Q3-08,2008-01-04,7.05,05-31-2008,Landesbank Baden-Wuerttemberg
Q3-08,2008-01-11,7.0,05-31-2008,Landesbank Baden-Wuerttemberg
Q3-08,2008-01-28,7.0,05-31-2008,Landesbank Baden-Wuerttemberg
Q3-08,2008-02-25,6.9,05-31-2008,Landesbank Baden-Wuerttemberg
Q3-08,2008-03-20,6.9,05-31-2008,Landesbank Baden-Wuerttemberg
Q3-08,2008-04-04,6.85,05-31-2008,Landesbank Baden-Wuerttemberg
Q3-08,2008-04-22,6.85,05-31-2008,Landesbank Baden-Wuerttemberg
Q3-08,2008-05-30,6.8,05-31-2008,Landesbank Baden-Wuerttemberg
Q4-08,2006-12-04,7.45,05-31-2008,Landesbank Baden-Wuerttemberg
Q4-08,2007-01-09,7.45,05-31-2008,Landesbank Baden-Wuerttemberg
Q4-08,2007-12-18,6.95,05-31-2008,Landesbank Baden-Wuerttemberg
Q4-08,2008-01-04,6.95,05-31-2008,Landesbank Baden-Wuerttemberg
Q4-08,2008-01-11,6.85,05-31-2008,Landesbank Baden-Wuerttemberg
Q4-08,2008-01-28,6.85,05-31-2008,Landesbank Baden-Wuerttemberg
Q4-08,2008-02-25,6.75,05-31-2008,Landesbank Baden-Wuerttemberg
Q4-08,2008-03-20,6.75,05-31-2008,Landesbank Baden-Wuerttemberg
Q4-08,2008-04-04,6.75,05-31-2008,Landesbank Baden-Wuerttemberg
Q4-08,2008-04-22,6.75,05-31-2008,Landesbank Baden-Wuerttemberg
Q4-08,2008-05-30,6.7,05-31-2008,Landesbank Baden-Wuerttemberg
Q1-09,2008-04-04,6.75,05-31-2008,Landesbank Baden-Wuerttemberg
Q1-09,2008-04-22,6.0,05-31-2008,Landesbank Baden-Wuerttemberg
Q1-09,2008-05-30,6.6,05-31-2008,Landesbank Baden-Wuerttemberg
Q3-15,2015-08-27,6.4,08-31-2015,Landesbank Baden-Wuerttemberg
Q4-15,2015-08-27,6.6,08-31-2015,Landesbank Baden-Wuerttemberg
Q1-16,2015-08-27,6.6,08-31-2015,Landesbank Baden-Wuerttemberg
Q2-16,2015-08-27,6.8,08-31-2015,Landesbank Baden-Wuerttemberg
2020,2019-08-30,6.9,11-30-2019,Landesbank Baden-Wuerttemberg
2020,2019-09-24,6.9,11-30-2019,Landesbank Baden-Wuerttemberg
2020,2019-10-29,6.9,11-30-2019,Landesbank Baden-Wuerttemberg
2020,2019-11-25,6.9,11-30-2019,Landesbank Baden-Wuerttemberg
Q4-19,2018-08-27,6.6,11-30-2019,Landesbank Baden-Wuerttemberg
Q4-19,2018-09-24,6.6,11-30-2019,Landesbank Baden-Wuerttemberg
Q4-19,2018-10-26,6.6,11-30-2019,Landesbank Baden-Wuerttemberg
Q4-19,2018-11-26,6.6,11-30-2019,Landesbank Baden-Wuerttemberg
Q4-19,2018-12-19,6.6,11-30-2019,Landesbank Baden-Wuerttemberg
Q4-19,2019-01-23,6.6,11-30-2019,Landesbank Baden-Wuerttemberg
Q4-19,2019-02-05,6.6,11-30-2019,Landesbank Baden-Wuerttemberg
Q4-19,2019-02-25,6.6,11-30-2019,Landesbank Baden-Wuerttemberg
Q4-19,2019-03-11,6.59,11-30-2019,Landesbank Baden-Wuerttemberg
Q4-19,2019-04-01,6.59,11-30-2019,Landesbank Baden-Wuerttemberg
Q4-19,2019-04-23,6.59,11-30-2019,Landesbank Baden-Wuerttemberg
Q4-19,2019-05-27,6.59,11-30-2019,Landesbank Baden-Wuerttemberg
Q4-19,2019-06-24,6.59,11-30-2019,Landesbank Baden-Wuerttemberg
Q4-19,2019-07-03,6.73,11-30-2019,Landesbank Baden-Wuerttemberg
Q4-19,2019-07-31,6.73,11-30-2019,Landesbank Baden-Wuerttemberg
Q4-19,2019-08-30,6.99,11-30-2019,Landesbank Baden-Wuerttemberg
Q4-19,2019-09-24,6.99,11-30-2019,Landesbank Baden-Wuerttemberg
Q4-19,2019-10-29,6.99,11-30-2019,Landesbank Baden-Wuerttemberg
Q4-19,2019-11-25,6.99,11-30-2019,Landesbank Baden-Wuerttemberg
Q3-20,2019-09-24,6.93,11-30-2019,Landesbank Baden-Wuerttemberg
Q3-20,2019-10-29,6.93,11-30-2019,Landesbank Baden-Wuerttemberg
Q3-20,2019-11-25,6.93,11-30-2019,Landesbank Baden-Wuerttemberg
Q2-20,2019-06-24,6.73,11-30-2019,Landesbank Baden-Wuerttemberg
Q2-20,2019-07-03,6.68,11-30-2019,Landesbank Baden-Wuerttemberg
Q2-20,2019-07-31,6.68,11-30-2019,Landesbank Baden-Wuerttemberg
Q2-20,2019-08-30,6.95,11-30-2019,Landesbank Baden-Wuerttemberg
Q2-20,2019-09-24,6.95,11-30-2019,Landesbank Baden-Wuerttemberg
Q2-20,2019-10-29,6.95,11-30-2019,Landesbank Baden-Wuerttemberg
Q2-20,2019-11-25,6.95,11-30-2019,Landesbank Baden-Wuerttemberg
Q1-20,2019-03-11,6.82,11-30-2019,Landesbank Baden-Wuerttemberg
Q1-20,2019-04-01,6.82,11-30-2019,Landesbank Baden-Wuerttemberg
Q1-20,2019-04-23,6.82,11-30-2019,Landesbank Baden-Wuerttemberg
Q1-20,2019-05-27,6.82,11-30-2019,Landesbank Baden-Wuerttemberg
Q1-20,2019-06-24,6.82,11-30-2019,Landesbank Baden-Wuerttemberg
Q1-20,2019-07-03,6.73,11-30-2019,Landesbank Baden-Wuerttemberg
Q1-20,2019-07-31,6.73,11-30-2019,Landesbank Baden-Wuerttemberg
Q1-20,2019-08-30,6.99,11-30-2019,Landesbank Baden-Wuerttemberg
Q1-20,2019-09-24,6.99,11-30-2019,Landesbank Baden-Wuerttemberg
Q1-20,2019-10-29,6.99,11-30-2019,Landesbank Baden-Wuerttemberg
Q1-20,2019-11-25,6.99,11-30-2019,Landesbank Baden-Wuerttemberg
Q3-19,2018-09-24,6.64,08-31-2019,Landesbank Baden-Wuerttemberg
Q3-19,2018-10-26,6.64,08-31-2019,Landesbank Baden-Wuerttemberg
Q3-19,2018-11-26,6.64,08-31-2019,Landesbank Baden-Wuerttemberg
Q3-19,2018-12-19,6.64,08-31-2019,Landesbank Baden-Wuerttemberg
Q3-19,2019-01-23,6.64,08-31-2019,Landesbank Baden-Wuerttemberg
Q3-19,2019-02-05,6.64,08-31-2019,Landesbank Baden-Wuerttemberg
Q3-19,2019-02-25,6.64,08-31-2019,Landesbank Baden-Wuerttemberg
Q3-19,2019-03-11,6.67,08-31-2019,Landesbank Baden-Wuerttemberg
Q3-19,2019-04-01,6.67,08-31-2019,Landesbank Baden-Wuerttemberg
Q3-19,2019-04-23,6.67,08-31-2019,Landesbank Baden-Wuerttemberg
Q3-19,2019-05-27,6.67,08-31-2019,Landesbank Baden-Wuerttemberg
Q3-19,2019-06-24,6.67,08-31-2019,Landesbank Baden-Wuerttemberg
Q3-19,2019-07-03,6.81,08-31-2019,Landesbank Baden-Wuerttemberg
Q3-19,2019-07-31,6.81,08-31-2019,Landesbank Baden-Wuerttemberg
Q3-19,2019-08-30,7.08,08-31-2019,Landesbank Baden-Wuerttemberg
Q4-19,2018-08-27,6.6,08-31-2019,Landesbank Baden-Wuerttemberg
Q4-19,2018-09-24,6.6,08-31-2019,Landesbank Baden-Wuerttemberg
Q4-19,2018-10-26,6.6,08-31-2019,Landesbank Baden-Wuerttemberg
Q4-19,2018-11-26,6.6,08-31-2019,Landesbank Baden-Wuerttemberg
Q4-19,2018-12-19,6.6,08-31-2019,Landesbank Baden-Wuerttemberg
Q4-19,2019-01-23,6.6,08-31-2019,Landesbank Baden-Wuerttemberg
Q4-19,2019-02-05,6.6,08-31-2019,Landesbank Baden-Wuerttemberg
Q4-19,2019-02-25,6.6,08-31-2019,Landesbank Baden-Wuerttemberg
Q4-19,2019-03-11,6.59,08-31-2019,Landesbank Baden-Wuerttemberg
Q4-19,2019-04-01,6.59,08-31-2019,Landesbank Baden-Wuerttemberg
Q4-19,2019-04-23,6.59,08-31-2019,Landesbank Baden-Wuerttemberg
Q4-19,2019-05-27,6.59,08-31-2019,Landesbank Baden-Wuerttemberg
Q4-19,2019-06-24,6.59,08-31-2019,Landesbank Baden-Wuerttemberg
Q4-19,2019-07-03,6.73,08-31-2019,Landesbank Baden-Wuerttemberg
Q4-19,2019-07-31,6.73,08-31-2019,Landesbank Baden-Wuerttemberg
Q4-19,2019-08-30,6.99,08-31-2019,Landesbank Baden-Wuerttemberg
Q1-20,2019-03-11,6.82,08-31-2019,Landesbank Baden-Wuerttemberg
Q1-20,2019-04-01,6.82,08-31-2019,Landesbank Baden-Wuerttemberg
Q1-20,2019-04-23,6.82,08-31-2019,Landesbank Baden-Wuerttemberg
Q1-20,2019-05-27,6.82,08-31-2019,Landesbank Baden-Wuerttemberg
Q1-20,2019-06-24,6.82,08-31-2019,Landesbank Baden-Wuerttemberg
Q1-20,2019-07-03,6.73,08-31-2019,Landesbank Baden-Wuerttemberg
Q1-20,2019-07-31,6.73,08-31-2019,Landesbank Baden-Wuerttemberg
Q1-20,2019-08-30,6.99,08-31-2019,Landesbank Baden-Wuerttemberg
Q2-20,2019-06-24,6.73,08-31-2019,Landesbank Baden-Wuerttemberg
Q2-20,2019-07-03,6.68,08-31-2019,Landesbank Baden-Wuerttemberg
Q2-20,2019-07-31,6.68,08-31-2019,Landesbank Baden-Wuerttemberg
Q2-20,2019-08-30,6.95,08-31-2019,Landesbank Baden-Wuerttemberg
2020,2019-08-30,6.9,08-31-2019,Landesbank Baden-Wuerttemberg
Q2-12,2011-06-03,6.2,05-31-2012,Landesbank Baden-Wuerttemberg
Q2-12,2011-07-01,6.2,05-31-2012,Landesbank Baden-Wuerttemberg
Q2-12,2011-07-15,6.2,05-31-2012,Landesbank Baden-Wuerttemberg
Q2-12,2011-07-29,6.2,05-31-2012,Landesbank Baden-Wuerttemberg
Q2-12,2011-08-31,6.2,05-31-2012,Landesbank Baden-Wuerttemberg
Q2-12,2011-10-07,6.1,05-31-2012,Landesbank Baden-Wuerttemberg
Q2-12,2011-10-21,6.1,05-31-2012,Landesbank Baden-Wuerttemberg
Q2-12,2011-11-18,6.22,05-31-2012,Landesbank Baden-Wuerttemberg
Q2-12,2011-12-02,6.22,05-31-2012,Landesbank Baden-Wuerttemberg
Q2-12,2011-12-28,6.22,05-31-2012,Landesbank Baden-Wuerttemberg
Q2-12,2012-01-13,6.18,05-31-2012,Landesbank Baden-Wuerttemberg
Q2-12,2012-01-25,6.18,05-31-2012,Landesbank Baden-Wuerttemberg
Q2-12,2012-03-02,6.18,05-31-2012,Landesbank Baden-Wuerttemberg
Q2-12,2012-03-12,6.18,05-31-2012,Landesbank Baden-Wuerttemberg
Q2-12,2012-03-23,6.33,05-31-2012,Landesbank Baden-Wuerttemberg
Q2-12,2012-04-10,6.33,05-31-2012,Landesbank Baden-Wuerttemberg
Q2-12,2012-04-20,6.33,05-31-2012,Landesbank Baden-Wuerttemberg
Q2-12,2012-05-04,6.33,05-31-2012,Landesbank Baden-Wuerttemberg
Q2-12,2012-05-18,6.33,05-31-2012,Landesbank Baden-Wuerttemberg
Q3-12,2011-10-07,6.04,05-31-2012,Landesbank Baden-Wuerttemberg
Q3-12,2011-10-21,6.04,05-31-2012,Landesbank Baden-Wuerttemberg
Q3-12,2011-11-18,6.16,05-31-2012,Landesbank Baden-Wuerttemberg
Q3-12,2011-12-02,6.16,05-31-2012,Landesbank Baden-Wuerttemberg
Q3-12,2011-12-28,6.16,05-31-2012,Landesbank Baden-Wuerttemberg
Q3-12,2012-01-13,6.11,05-31-2012,Landesbank Baden-Wuerttemberg
Q3-12,2012-01-25,6.11,05-31-2012,Landesbank Baden-Wuerttemberg
Q3-12,2012-03-02,6.11,05-31-2012,Landesbank Baden-Wuerttemberg
Q3-12,2012-03-12,6.11,05-31-2012,Landesbank Baden-Wuerttemberg
Q3-12,2012-03-23,6.27,05-31-2012,Landesbank Baden-Wuerttemberg
Q3-12,2012-04-10,6.27,05-31-2012,Landesbank Baden-Wuerttemberg
Q3-12,2012-04-20,6.27,05-31-2012,Landesbank Baden-Wuerttemberg
Q3-12,2012-05-04,6.27,05-31-2012,Landesbank Baden-Wuerttemberg
Q3-12,2012-05-18,6.27,05-31-2012,Landesbank Baden-Wuerttemberg
Q4-12,2011-11-18,6.1,05-31-2012,Landesbank Baden-Wuerttemberg
Q4-12,2011-12-02,6.1,05-31-2012,Landesbank Baden-Wuerttemberg
Q4-12,2011-12-28,6.1,05-31-2012,Landesbank Baden-Wuerttemberg
Q4-12,2012-01-13,6.05,05-31-2012,Landesbank Baden-Wuerttemberg
Q4-12,2012-01-25,6.05,05-31-2012,Landesbank Baden-Wuerttemberg
Q4-12,2012-03-02,6.05,05-31-2012,Landesbank Baden-Wuerttemberg
Q4-12,2012-03-12,6.05,05-31-2012,Landesbank Baden-Wuerttemberg
Q4-12,2012-03-23,6.21,05-31-2012,Landesbank Baden-Wuerttemberg
Q4-12,2012-04-10,6.21,05-31-2012,Landesbank Baden-Wuerttemberg
Q4-12,2012-04-20,6.21,05-31-2012,Landesbank Baden-Wuerttemberg
Q4-12,2012-05-04,6.21,05-31-2012,Landesbank Baden-Wuerttemberg
Q4-12,2012-05-18,6.21,05-31-2012,Landesbank Baden-Wuerttemberg
Q1-13,2012-03-12,5.99,05-31-2012,Landesbank Baden-Wuerttemberg
Q1-13,2012-03-23,6.15,05-31-2012,Landesbank Baden-Wuerttemberg
Q1-13,2012-04-10,6.15,05-31-2012,Landesbank Baden-Wuerttemberg
Q1-13,2012-04-20,6.15,05-31-2012,Landesbank Baden-Wuerttemberg
Q1-13,2012-05-04,6.15,05-31-2012,Landesbank Baden-Wuerttemberg
Q1-13,2012-05-18,6.15,05-31-2012,Landesbank Baden-Wuerttemberg
Q1-08,2007-04-20,7.35,02-28-2008,Landesbank Baden-Wuerttemberg
Q1-08,2007-05-04,7.35,02-28-2008,Landesbank Baden-Wuerttemberg
Q1-08,2007-05-11,7.35,02-28-2008,Landesbank Baden-Wuerttemberg
Q1-08,2007-05-25,7.35,02-28-2008,Landesbank Baden-Wuerttemberg
Q1-08,2007-06-15,7.35,02-28-2008,Landesbank Baden-Wuerttemberg
Q1-08,2007-06-29,7.35,02-28-2008,Landesbank Baden-Wuerttemberg
Q1-08,2007-07-09,7.35,02-28-2008,Landesbank Baden-Wuerttemberg
Q1-08,2007-07-13,7.35,02-28-2008,Landesbank Baden-Wuerttemberg
Q1-08,2007-07-20,7.35,02-28-2008,Landesbank Baden-Wuerttemberg
Q1-08,2007-08-10,7.35,02-28-2008,Landesbank Baden-Wuerttemberg
Q1-08,2007-08-31,7.35,02-28-2008,Landesbank Baden-Wuerttemberg
Q1-08,2007-09-06,7.25,02-28-2008,Landesbank Baden-Wuerttemberg
Q1-08,2007-09-14,7.25,02-28-2008,Landesbank Baden-Wuerttemberg
Q1-08,2007-09-21,7.25,02-28-2008,Landesbank Baden-Wuerttemberg
Q1-08,2007-09-28,7.25,02-28-2008,Landesbank Baden-Wuerttemberg
Q1-08,2007-10-05,7.25,02-28-2008,Landesbank Baden-Wuerttemberg
Q1-08,2007-10-19,7.25,02-28-2008,Landesbank Baden-Wuerttemberg
Q1-08,2007-10-22,7.25,02-28-2008,Landesbank Baden-Wuerttemberg
Q1-08,2007-10-26,7.25,02-28-2008,Landesbank Baden-Wuerttemberg
Q1-08,2007-11-05,7.25,02-28-2008,Landesbank Baden-Wuerttemberg
Q1-08,2007-11-13,7.25,02-28-2008,Landesbank Baden-Wuerttemberg
Q1-08,2007-11-16,7.25,02-28-2008,Landesbank Baden-Wuerttemberg
Q1-08,2007-12-18,7.25,02-28-2008,Landesbank Baden-Wuerttemberg
Q1-08,2008-01-04,7.25,02-28-2008,Landesbank Baden-Wuerttemberg
Q1-08,2008-01-11,7.25,02-28-2008,Landesbank Baden-Wuerttemberg
Q1-08,2008-01-28,7.25,02-28-2008,Landesbank Baden-Wuerttemberg
Q1-08,2008-02-25,7.1,02-28-2008,Landesbank Baden-Wuerttemberg
Q2-08,2007-06-15,7.2,02-28-2008,Landesbank Baden-Wuerttemberg
Q2-08,2007-06-29,7.2,02-28-2008,Landesbank Baden-Wuerttemberg
Q2-08,2007-07-09,7.2,02-28-2008,Landesbank Baden-Wuerttemberg
Q2-08,2007-07-13,7.2,02-28-2008,Landesbank Baden-Wuerttemberg
Q2-08,2007-07-20,7.2,02-28-2008,Landesbank Baden-Wuerttemberg
Q2-08,2007-08-10,7.2,02-28-2008,Landesbank Baden-Wuerttemberg
Q2-08,2007-08-31,7.2,02-28-2008,Landesbank Baden-Wuerttemberg
Q2-08,2007-09-06,7.15,02-28-2008,Landesbank Baden-Wuerttemberg
Q2-08,2007-09-14,7.15,02-28-2008,Landesbank Baden-Wuerttemberg
Q2-08,2007-09-21,7.15,02-28-2008,Landesbank Baden-Wuerttemberg
Q2-08,2007-09-28,7.15,02-28-2008,Landesbank Baden-Wuerttemberg
Q2-08,2007-10-05,7.15,02-28-2008,Landesbank Baden-Wuerttemberg
Q2-08,2007-10-19,7.15,02-28-2008,Landesbank Baden-Wuerttemberg
Q2-08,2007-10-22,7.15,02-28-2008,Landesbank Baden-Wuerttemberg
Q2-08,2007-10-26,7.15,02-28-2008,Landesbank Baden-Wuerttemberg
Q2-08,2007-11-05,7.15,02-28-2008,Landesbank Baden-Wuerttemberg
Q2-08,2007-11-13,7.15,02-28-2008,Landesbank Baden-Wuerttemberg
Q2-08,2007-11-16,7.15,02-28-2008,Landesbank Baden-Wuerttemberg
Q2-08,2007-12-18,7.15,02-28-2008,Landesbank Baden-Wuerttemberg
Q2-08,2008-01-04,7.15,02-28-2008,Landesbank Baden-Wuerttemberg
Q2-08,2008-01-11,7.1,02-28-2008,Landesbank Baden-Wuerttemberg
Q2-08,2008-01-28,7.1,02-28-2008,Landesbank Baden-Wuerttemberg
Q2-08,2008-02-25,7.0,02-28-2008,Landesbank Baden-Wuerttemberg
Q3-08,2007-09-06,7.05,02-28-2008,Landesbank Baden-Wuerttemberg
Q3-08,2007-09-14,7.05,02-28-2008,Landesbank Baden-Wuerttemberg
Q3-08,2007-09-21,7.05,02-28-2008,Landesbank Baden-Wuerttemberg
Q3-08,2007-09-28,7.05,02-28-2008,Landesbank Baden-Wuerttemberg
Q3-08,2007-10-05,7.05,02-28-2008,Landesbank Baden-Wuerttemberg
Q3-08,2007-10-19,7.05,02-28-2008,Landesbank Baden-Wuerttemberg
Q3-08,2007-10-22,7.05,02-28-2008,Landesbank Baden-Wuerttemberg
Q3-08,2007-10-26,7.05,02-28-2008,Landesbank Baden-Wuerttemberg
Q3-08,2007-11-05,7.05,02-28-2008,Landesbank Baden-Wuerttemberg
Q3-08,2007-11-13,7.05,02-28-2008,Landesbank Baden-Wuerttemberg
Q3-08,2007-11-16,7.05,02-28-2008,Landesbank Baden-Wuerttemberg
Q3-08,2007-12-18,7.05,02-28-2008,Landesbank Baden-Wuerttemberg
Q3-08,2008-01-04,7.05,02-28-2008,Landesbank Baden-Wuerttemberg
Q3-08,2008-01-11,7.0,02-28-2008,Landesbank Baden-Wuerttemberg
Q3-08,2008-01-28,7.0,02-28-2008,Landesbank Baden-Wuerttemberg
Q3-08,2008-02-25,6.9,02-28-2008,Landesbank Baden-Wuerttemberg
Q4-08,2006-12-04,7.45,02-28-2008,Landesbank Baden-Wuerttemberg
Q4-08,2007-01-09,7.45,02-28-2008,Landesbank Baden-Wuerttemberg
Q4-08,2007-12-18,6.95,02-28-2008,Landesbank Baden-Wuerttemberg
Q4-08,2008-01-04,6.95,02-28-2008,Landesbank Baden-Wuerttemberg
Q4-08,2008-01-11,6.85,02-28-2008,Landesbank Baden-Wuerttemberg
Q4-08,2008-01-28,6.85,02-28-2008,Landesbank Baden-Wuerttemberg
Q4-08,2008-02-25,6.75,02-28-2008,Landesbank Baden-Wuerttemberg
Q4-15,2015-08-27,6.6,11-30-2015,Landesbank Baden-Wuerttemberg
Q4-15,2015-09-03,6.6,11-30-2015,Landesbank Baden-Wuerttemberg
Q4-15,2015-09-10,6.6,11-30-2015,Landesbank Baden-Wuerttemberg
Q4-15,2015-10-16,6.6,11-30-2015,Landesbank Baden-Wuerttemberg
Q4-15,2015-11-11,6.4,11-30-2015,Landesbank Baden-Wuerttemberg
Q1-16,2015-08-27,6.6,11-30-2015,Landesbank Baden-Wuerttemberg
Q1-16,2015-09-03,6.6,11-30-2015,Landesbank Baden-Wuerttemberg
Q1-16,2015-09-10,6.6,11-30-2015,Landesbank Baden-Wuerttemberg
Q1-16,2015-10-16,6.6,11-30-2015,Landesbank Baden-Wuerttemberg
Q1-16,2015-11-11,6.4,11-30-2015,Landesbank Baden-Wuerttemberg
Q2-16,2015-08-27,6.8,11-30-2015,Landesbank Baden-Wuerttemberg
Q2-16,2015-09-03,6.8,11-30-2015,Landesbank Baden-Wuerttemberg
Q2-16,2015-09-10,6.8,11-30-2015,Landesbank Baden-Wuerttemberg
Q2-16,2015-10-16,6.8,11-30-2015,Landesbank Baden-Wuerttemberg
Q2-16,2015-11-11,6.4,11-30-2015,Landesbank Baden-Wuerttemberg
Q3-16,2015-09-03,7.0,11-30-2015,Landesbank Baden-Wuerttemberg
Q3-16,2015-09-10,6.8,11-30-2015,Landesbank Baden-Wuerttemberg
Q3-16,2015-10-16,6.8,11-30-2015,Landesbank Baden-Wuerttemberg
Q3-16,2015-11-11,6.5,11-30-2015,Landesbank Baden-Wuerttemberg
2016,2015-09-03,7.0,11-30-2015,Landesbank Baden-Wuerttemberg
2016,2015-09-10,6.8,11-30-2015,Landesbank Baden-Wuerttemberg
2016,2015-10-16,6.8,11-30-2015,Landesbank Baden-Wuerttemberg
2016,2015-11-11,6.6,11-30-2015,Landesbank Baden-Wuerttemberg
