period,change_date,change,file,company
Q2-07,2006-06-16,7.62,05-31-2007,Lloyds Bank Commercial Banking
Q2-07,2006-06-23,7.62,05-31-2007,Lloyds Bank Commercial Banking
Q2-07,2006-07-07,7.62,05-31-2007,Lloyds Bank Commercial Banking
Q2-07,2006-08-17,7.62,05-31-2007,Lloyds Bank Commercial Banking
Q2-07,2006-09-20,7.62,05-31-2007,Lloyds Bank Commercial Banking
Q2-07,2006-10-25,7.66,05-31-2007,Lloyds Bank Commercial Banking
Q2-07,2006-11-29,7.66,05-31-2007,Lloyds Bank Commercial Banking
Q2-07,2006-12-14,7.66,05-31-2007,Lloyds Bank Commercial Banking
Q2-07,2007-01-19,7.64,05-31-2007,Lloyds Bank Commercial Banking
Q2-07,2007-02-22,7.57,05-31-2007,Lloyds Bank Commercial Banking
Q2-07,2007-04-02,7.57,05-31-2007,Lloyds Bank Commercial Banking
Q2-07,2007-04-23,7.57,05-31-2007,Lloyds Bank Commercial Banking
Q2-07,2007-05-23,7.57,05-31-2007,Lloyds Bank Commercial Banking
Q2-07,2007-05-24,7.57,05-31-2007,Lloyds Bank Commercial Banking
Q3-07,2006-09-20,7.56,05-31-2007,Lloyds Bank Commercial Banking
Q3-07,2006-10-25,7.58,05-31-2007,Lloyds Bank Commercial Banking
Q3-07,2006-11-29,7.58,05-31-2007,Lloyds Bank Commercial Banking
Q3-07,2006-12-14,7.58,05-31-2007,Lloyds Bank Commercial Banking
Q3-07,2007-01-19,7.55,05-31-2007,Lloyds Bank Commercial Banking
Q3-07,2007-02-22,7.48,05-31-2007,Lloyds Bank Commercial Banking
Q3-07,2007-04-02,7.48,05-31-2007,Lloyds Bank Commercial Banking
Q3-07,2007-04-23,7.48,05-31-2007,Lloyds Bank Commercial Banking
Q3-07,2007-05-23,7.43,05-31-2007,Lloyds Bank Commercial Banking
Q3-07,2007-05-24,7.43,05-31-2007,Lloyds Bank Commercial Banking
Q4-07,2006-05-03,7.31,05-31-2007,Lloyds Bank Commercial Banking
Q4-07,2006-05-12,7.54,05-31-2007,Lloyds Bank Commercial Banking
Q4-07,2006-06-16,7.56,05-31-2007,Lloyds Bank Commercial Banking
Q4-07,2006-06-23,7.56,05-31-2007,Lloyds Bank Commercial Banking
Q4-07,2006-07-07,7.56,05-31-2007,Lloyds Bank Commercial Banking
Q4-07,2006-08-17,7.56,05-31-2007,Lloyds Bank Commercial Banking
Q4-07,2006-09-20,7.56,05-31-2007,Lloyds Bank Commercial Banking
Q4-07,2006-10-25,7.54,05-31-2007,Lloyds Bank Commercial Banking
Q4-07,2006-11-29,7.54,05-31-2007,Lloyds Bank Commercial Banking
Q4-07,2006-12-14,7.54,05-31-2007,Lloyds Bank Commercial Banking
Q4-07,2007-01-19,7.45,05-31-2007,Lloyds Bank Commercial Banking
Q4-07,2007-02-22,7.39,05-31-2007,Lloyds Bank Commercial Banking
Q4-07,2007-04-02,7.39,05-31-2007,Lloyds Bank Commercial Banking
Q4-07,2007-04-23,7.39,05-31-2007,Lloyds Bank Commercial Banking
Q4-07,2007-05-23,7.31,05-31-2007,Lloyds Bank Commercial Banking
Q4-07,2007-05-24,7.31,05-31-2007,Lloyds Bank Commercial Banking
Q1-08,2007-04-02,7.31,05-31-2007,Lloyds Bank Commercial Banking
Q1-08,2007-04-23,7.31,05-31-2007,Lloyds Bank Commercial Banking
Q1-08,2007-05-23,7.24,05-31-2007,Lloyds Bank Commercial Banking
Q1-08,2007-05-24,7.24,05-31-2007,Lloyds Bank Commercial Banking
2008,2006-05-12,7.09,05-31-2007,Lloyds Bank Commercial Banking
2008,2006-06-16,7.09,05-31-2007,Lloyds Bank Commercial Banking
2008,2006-06-23,7.09,05-31-2007,Lloyds Bank Commercial Banking
2008,2006-07-07,7.09,05-31-2007,Lloyds Bank Commercial Banking
2008,2006-08-17,7.09,05-31-2007,Lloyds Bank Commercial Banking
2008,2006-09-20,7.09,05-31-2007,Lloyds Bank Commercial Banking
2008,2006-10-25,7.28,05-31-2007,Lloyds Bank Commercial Banking
2008,2006-11-29,7.28,05-31-2007,Lloyds Bank Commercial Banking
2008,2006-12-14,7.28,05-31-2007,Lloyds Bank Commercial Banking
2008,2007-01-19,7.13,05-31-2007,Lloyds Bank Commercial Banking
2008,2007-02-22,7.11,05-31-2007,Lloyds Bank Commercial Banking
2008,2007-04-02,7.11,05-31-2007,Lloyds Bank Commercial Banking
2008,2007-04-23,7.11,05-31-2007,Lloyds Bank Commercial Banking
2008,2007-05-23,7.11,05-31-2007,Lloyds Bank Commercial Banking
2008,2007-05-24,7.11,05-31-2007,Lloyds Bank Commercial Banking
2009,2006-05-12,6.91,05-31-2007,Lloyds Bank Commercial Banking
2009,2006-06-16,6.91,05-31-2007,Lloyds Bank Commercial Banking
2009,2006-06-23,6.91,05-31-2007,Lloyds Bank Commercial Banking
2009,2006-07-07,6.91,05-31-2007,Lloyds Bank Commercial Banking
2009,2006-08-17,6.91,05-31-2007,Lloyds Bank Commercial Banking
2009,2006-09-20,6.91,05-31-2007,Lloyds Bank Commercial Banking
2009,2006-10-25,7.17,05-31-2007,Lloyds Bank Commercial Banking
2009,2006-11-29,7.17,05-31-2007,Lloyds Bank Commercial Banking
2009,2006-12-14,7.17,05-31-2007,Lloyds Bank Commercial Banking
2009,2007-01-19,7.1,05-31-2007,Lloyds Bank Commercial Banking
2009,2007-02-22,6.8,05-31-2007,Lloyds Bank Commercial Banking
2009,2007-04-23,6.8,05-31-2007,Lloyds Bank Commercial Banking
2009,2007-05-23,6.8,05-31-2007,Lloyds Bank Commercial Banking
2009,2007-05-24,6.8,05-31-2007,Lloyds Bank Commercial Banking
2010,2006-05-12,6.79,05-31-2007,Lloyds Bank Commercial Banking
2010,2006-06-16,6.79,05-31-2007,Lloyds Bank Commercial Banking
2010,2006-06-23,6.79,05-31-2007,Lloyds Bank Commercial Banking
2010,2006-07-07,6.79,05-31-2007,Lloyds Bank Commercial Banking
2010,2006-08-17,6.79,05-31-2007,Lloyds Bank Commercial Banking
2010,2006-09-20,6.79,05-31-2007,Lloyds Bank Commercial Banking
2010,2006-10-25,7.1,05-31-2007,Lloyds Bank Commercial Banking
2010,2006-11-29,7.1,05-31-2007,Lloyds Bank Commercial Banking
2010,2006-12-14,7.1,05-31-2007,Lloyds Bank Commercial Banking
2010,2007-01-19,6.99,05-31-2007,Lloyds Bank Commercial Banking
2010,2007-02-22,6.59,05-31-2007,Lloyds Bank Commercial Banking
2010,2007-04-23,6.59,05-31-2007,Lloyds Bank Commercial Banking
2010,2007-05-23,6.59,05-31-2007,Lloyds Bank Commercial Banking
2010,2007-05-24,6.59,05-31-2007,Lloyds Bank Commercial Banking
2011,2006-05-12,6.79,05-31-2007,Lloyds Bank Commercial Banking
2011,2006-06-16,6.79,05-31-2007,Lloyds Bank Commercial Banking
2011,2006-06-23,6.79,05-31-2007,Lloyds Bank Commercial Banking
2011,2006-07-07,6.79,05-31-2007,Lloyds Bank Commercial Banking
2011,2006-08-17,6.79,05-31-2007,Lloyds Bank Commercial Banking
2011,2006-09-20,6.79,05-31-2007,Lloyds Bank Commercial Banking
2011,2006-10-25,7.04,05-31-2007,Lloyds Bank Commercial Banking
2011,2006-11-29,7.04,05-31-2007,Lloyds Bank Commercial Banking
2011,2006-12-14,7.04,05-31-2007,Lloyds Bank Commercial Banking
2011,2007-01-19,6.99,05-31-2007,Lloyds Bank Commercial Banking
2011,2007-02-22,6.42,05-31-2007,Lloyds Bank Commercial Banking
2011,2007-04-23,6.42,05-31-2007,Lloyds Bank Commercial Banking
2011,2007-05-23,6.42,05-31-2007,Lloyds Bank Commercial Banking
2011,2007-05-24,6.42,05-31-2007,Lloyds Bank Commercial Banking
Q3-20,2019-04-30,6.59,08-31-2020,Lloyds Bank Commercial Banking
Q3-20,2019-08-20,6.6,08-31-2020,Lloyds Bank Commercial Banking
Q4-20,2018-10-11,6.59,08-31-2020,Lloyds Bank Commercial Banking
Q4-20,2018-11-14,6.59,08-31-2020,Lloyds Bank Commercial Banking
Q4-20,2018-12-17,6.59,08-31-2020,Lloyds Bank Commercial Banking
Q4-20,2019-01-23,6.59,08-31-2020,Lloyds Bank Commercial Banking
Q4-20,2019-04-30,6.59,08-31-2020,Lloyds Bank Commercial Banking
Q4-20,2019-08-20,6.6,08-31-2020,Lloyds Bank Commercial Banking
Q1-21,2019-04-30,6.59,08-31-2020,Lloyds Bank Commercial Banking
Q1-21,2019-08-20,6.6,08-31-2020,Lloyds Bank Commercial Banking
Q2-21,2019-04-30,6.59,08-31-2020,Lloyds Bank Commercial Banking
Q2-21,2019-08-20,6.6,08-31-2020,Lloyds Bank Commercial Banking
Q4-16,2014-12-01,5.8,11-30-2016,Lloyds Bank Commercial Banking
Q4-16,2014-12-23,6.1,11-30-2016,Lloyds Bank Commercial Banking
Q4-16,2015-01-14,6.1,11-30-2016,Lloyds Bank Commercial Banking
Q4-16,2015-02-20,6.1,11-30-2016,Lloyds Bank Commercial Banking
Q4-16,2015-03-30,6.1,11-30-2016,Lloyds Bank Commercial Banking
Q4-16,2015-04-29,6.1,11-30-2016,Lloyds Bank Commercial Banking
Q4-16,2015-06-30,6.1,11-30-2016,Lloyds Bank Commercial Banking
Q4-16,2015-07-22,6.1,11-30-2016,Lloyds Bank Commercial Banking
Q4-16,2015-08-17,6.18,11-30-2016,Lloyds Bank Commercial Banking
Q4-16,2015-09-25,6.6,11-30-2016,Lloyds Bank Commercial Banking
Q4-16,2015-12-30,6.6,11-30-2016,Lloyds Bank Commercial Banking
Q4-16,2016-01-27,6.7,11-30-2016,Lloyds Bank Commercial Banking
Q4-16,2016-03-14,6.8,11-30-2016,Lloyds Bank Commercial Banking
Q4-16,2016-05-09,6.7,11-30-2016,Lloyds Bank Commercial Banking
Q4-16,2016-06-14,6.7,11-30-2016,Lloyds Bank Commercial Banking
Q4-16,2016-08-12,6.7,11-30-2016,Lloyds Bank Commercial Banking
Q4-16,2016-09-12,6.7,11-30-2016,Lloyds Bank Commercial Banking
Q4-16,2016-10-12,6.7,11-30-2016,Lloyds Bank Commercial Banking
Q4-16,2016-11-18,6.85,11-30-2016,Lloyds Bank Commercial Banking
Q1-17,2016-05-09,6.8,11-30-2016,Lloyds Bank Commercial Banking
Q1-17,2016-06-14,6.8,11-30-2016,Lloyds Bank Commercial Banking
Q1-17,2016-08-12,6.8,11-30-2016,Lloyds Bank Commercial Banking
Q1-17,2016-09-12,6.7,11-30-2016,Lloyds Bank Commercial Banking
Q1-17,2016-10-12,6.7,11-30-2016,Lloyds Bank Commercial Banking
Q1-17,2016-11-18,6.9,11-30-2016,Lloyds Bank Commercial Banking
Q2-17,2016-06-14,6.9,11-30-2016,Lloyds Bank Commercial Banking
Q2-17,2016-08-12,6.9,11-30-2016,Lloyds Bank Commercial Banking
Q2-17,2016-09-12,6.8,11-30-2016,Lloyds Bank Commercial Banking
Q2-17,2016-10-12,6.8,11-30-2016,Lloyds Bank Commercial Banking
Q2-17,2016-11-18,6.9,11-30-2016,Lloyds Bank Commercial Banking
Q3-17,2016-09-12,6.9,11-30-2016,Lloyds Bank Commercial Banking
Q3-17,2016-10-12,6.9,11-30-2016,Lloyds Bank Commercial Banking
Q3-17,2016-11-18,6.9,11-30-2016,Lloyds Bank Commercial Banking
2017,2015-12-30,6.45,11-30-2016,Lloyds Bank Commercial Banking
2017,2016-01-27,6.45,11-30-2016,Lloyds Bank Commercial Banking
2017,2016-03-14,7.1,11-30-2016,Lloyds Bank Commercial Banking
2017,2016-05-09,7.1,11-30-2016,Lloyds Bank Commercial Banking
2017,2016-06-14,7.1,11-30-2016,Lloyds Bank Commercial Banking
2017,2016-08-12,7.1,11-30-2016,Lloyds Bank Commercial Banking
2017,2016-09-12,7.0,11-30-2016,Lloyds Bank Commercial Banking
2017,2016-10-12,7.0,11-30-2016,Lloyds Bank Commercial Banking
2017,2016-11-18,7.0,11-30-2016,Lloyds Bank Commercial Banking
2018,2016-10-12,7.0,11-30-2016,Lloyds Bank Commercial Banking
2018,2016-11-18,7.0,11-30-2016,Lloyds Bank Commercial Banking
Q3-16,2015-09-25,6.6,08-31-2016,Lloyds Bank Commercial Banking
Q3-16,2015-12-30,6.55,08-31-2016,Lloyds Bank Commercial Banking
Q3-16,2016-01-27,6.65,08-31-2016,Lloyds Bank Commercial Banking
Q3-16,2016-03-14,6.7,08-31-2016,Lloyds Bank Commercial Banking
Q3-16,2016-05-09,6.65,08-31-2016,Lloyds Bank Commercial Banking
Q3-16,2016-06-14,6.65,08-31-2016,Lloyds Bank Commercial Banking
Q3-16,2016-08-12,6.65,08-31-2016,Lloyds Bank Commercial Banking
Q4-16,2014-12-01,5.8,08-31-2016,Lloyds Bank Commercial Banking
Q4-16,2014-12-23,6.1,08-31-2016,Lloyds Bank Commercial Banking
Q4-16,2015-01-14,6.1,08-31-2016,Lloyds Bank Commercial Banking
Q4-16,2015-02-20,6.1,08-31-2016,Lloyds Bank Commercial Banking
Q4-16,2015-03-30,6.1,08-31-2016,Lloyds Bank Commercial Banking
Q4-16,2015-04-29,6.1,08-31-2016,Lloyds Bank Commercial Banking
Q4-16,2015-06-30,6.1,08-31-2016,Lloyds Bank Commercial Banking
Q4-16,2015-07-22,6.1,08-31-2016,Lloyds Bank Commercial Banking
Q4-16,2015-08-17,6.18,08-31-2016,Lloyds Bank Commercial Banking
Q4-16,2015-09-25,6.6,08-31-2016,Lloyds Bank Commercial Banking
Q4-16,2015-12-30,6.6,08-31-2016,Lloyds Bank Commercial Banking
Q4-16,2016-01-27,6.7,08-31-2016,Lloyds Bank Commercial Banking
Q4-16,2016-03-14,6.8,08-31-2016,Lloyds Bank Commercial Banking
Q4-16,2016-05-09,6.7,08-31-2016,Lloyds Bank Commercial Banking
Q4-16,2016-06-14,6.7,08-31-2016,Lloyds Bank Commercial Banking
Q4-16,2016-08-12,6.7,08-31-2016,Lloyds Bank Commercial Banking
Q1-17,2016-05-09,6.8,08-31-2016,Lloyds Bank Commercial Banking
Q1-17,2016-06-14,6.8,08-31-2016,Lloyds Bank Commercial Banking
Q1-17,2016-08-12,6.8,08-31-2016,Lloyds Bank Commercial Banking
Q2-17,2016-06-14,6.9,08-31-2016,Lloyds Bank Commercial Banking
Q2-17,2016-08-12,6.9,08-31-2016,Lloyds Bank Commercial Banking
2017,2015-12-30,6.45,08-31-2016,Lloyds Bank Commercial Banking
2017,2016-01-27,6.45,08-31-2016,Lloyds Bank Commercial Banking
2017,2016-03-14,7.1,08-31-2016,Lloyds Bank Commercial Banking
2017,2016-05-09,7.1,08-31-2016,Lloyds Bank Commercial Banking
2017,2016-06-14,7.1,08-31-2016,Lloyds Bank Commercial Banking
2017,2016-08-12,7.1,08-31-2016,Lloyds Bank Commercial Banking
Q4-20,2018-12-17,6.59,11-30-2020,Lloyds Bank Commercial Banking
Q4-20,2019-01-23,6.59,11-30-2020,Lloyds Bank Commercial Banking
Q4-20,2019-04-30,6.59,11-30-2020,Lloyds Bank Commercial Banking
Q4-20,2019-08-20,6.6,11-30-2020,Lloyds Bank Commercial Banking
Q1-21,2019-04-30,6.59,11-30-2020,Lloyds Bank Commercial Banking
Q1-21,2019-08-20,6.6,11-30-2020,Lloyds Bank Commercial Banking
Q2-21,2019-04-30,6.59,11-30-2020,Lloyds Bank Commercial Banking
Q2-21,2019-08-20,6.6,11-30-2020,Lloyds Bank Commercial Banking
Q3-21,2019-08-20,6.6,11-30-2020,Lloyds Bank Commercial Banking
Q1-07,2006-05-03,7.67,02-28-2007,Lloyds Bank Commercial Banking
Q1-07,2006-05-12,7.67,02-28-2007,Lloyds Bank Commercial Banking
Q1-07,2006-06-16,7.72,02-28-2007,Lloyds Bank Commercial Banking
Q1-07,2006-06-23,7.72,02-28-2007,Lloyds Bank Commercial Banking
Q1-07,2006-07-07,7.72,02-28-2007,Lloyds Bank Commercial Banking
Q1-07,2006-08-17,7.72,02-28-2007,Lloyds Bank Commercial Banking
Q1-07,2006-09-20,7.72,02-28-2007,Lloyds Bank Commercial Banking
Q1-07,2006-10-25,7.74,02-28-2007,Lloyds Bank Commercial Banking
Q1-07,2006-11-29,7.74,02-28-2007,Lloyds Bank Commercial Banking
Q1-07,2006-12-14,7.74,02-28-2007,Lloyds Bank Commercial Banking
Q1-07,2007-01-19,7.73,02-28-2007,Lloyds Bank Commercial Banking
Q1-07,2007-02-22,7.65,02-28-2007,Lloyds Bank Commercial Banking
Q2-07,2006-06-16,7.62,02-28-2007,Lloyds Bank Commercial Banking
Q2-07,2006-06-23,7.62,02-28-2007,Lloyds Bank Commercial Banking
Q2-07,2006-07-07,7.62,02-28-2007,Lloyds Bank Commercial Banking
Q2-07,2006-08-17,7.62,02-28-2007,Lloyds Bank Commercial Banking
Q2-07,2006-09-20,7.62,02-28-2007,Lloyds Bank Commercial Banking
Q2-07,2006-10-25,7.66,02-28-2007,Lloyds Bank Commercial Banking
Q2-07,2006-11-29,7.66,02-28-2007,Lloyds Bank Commercial Banking
Q2-07,2006-12-14,7.66,02-28-2007,Lloyds Bank Commercial Banking
Q2-07,2007-01-19,7.64,02-28-2007,Lloyds Bank Commercial Banking
Q2-07,2007-02-22,7.57,02-28-2007,Lloyds Bank Commercial Banking
Q3-07,2006-09-20,7.56,02-28-2007,Lloyds Bank Commercial Banking
Q3-07,2006-10-25,7.58,02-28-2007,Lloyds Bank Commercial Banking
Q3-07,2006-11-29,7.58,02-28-2007,Lloyds Bank Commercial Banking
Q3-07,2006-12-14,7.58,02-28-2007,Lloyds Bank Commercial Banking
Q3-07,2007-01-19,7.55,02-28-2007,Lloyds Bank Commercial Banking
Q3-07,2007-02-22,7.48,02-28-2007,Lloyds Bank Commercial Banking
Q4-07,2006-05-03,7.31,02-28-2007,Lloyds Bank Commercial Banking
Q4-07,2006-05-12,7.54,02-28-2007,Lloyds Bank Commercial Banking
Q4-07,2006-06-16,7.56,02-28-2007,Lloyds Bank Commercial Banking
Q4-07,2006-06-23,7.56,02-28-2007,Lloyds Bank Commercial Banking
Q4-07,2006-07-07,7.56,02-28-2007,Lloyds Bank Commercial Banking
Q4-07,2006-08-17,7.56,02-28-2007,Lloyds Bank Commercial Banking
Q4-07,2006-09-20,7.56,02-28-2007,Lloyds Bank Commercial Banking
Q4-07,2006-10-25,7.54,02-28-2007,Lloyds Bank Commercial Banking
Q4-07,2006-11-29,7.54,02-28-2007,Lloyds Bank Commercial Banking
Q4-07,2006-12-14,7.54,02-28-2007,Lloyds Bank Commercial Banking
Q4-07,2007-01-19,7.45,02-28-2007,Lloyds Bank Commercial Banking
Q4-07,2007-02-22,7.39,02-28-2007,Lloyds Bank Commercial Banking
2008,2006-05-12,7.09,02-28-2007,Lloyds Bank Commercial Banking
2008,2006-06-16,7.09,02-28-2007,Lloyds Bank Commercial Banking
2008,2006-06-23,7.09,02-28-2007,Lloyds Bank Commercial Banking
2008,2006-07-07,7.09,02-28-2007,Lloyds Bank Commercial Banking
2008,2006-08-17,7.09,02-28-2007,Lloyds Bank Commercial Banking
2008,2006-09-20,7.09,02-28-2007,Lloyds Bank Commercial Banking
2008,2006-10-25,7.28,02-28-2007,Lloyds Bank Commercial Banking
2008,2006-11-29,7.28,02-28-2007,Lloyds Bank Commercial Banking
2008,2006-12-14,7.28,02-28-2007,Lloyds Bank Commercial Banking
2008,2007-01-19,7.13,02-28-2007,Lloyds Bank Commercial Banking
2008,2007-02-22,7.11,02-28-2007,Lloyds Bank Commercial Banking
2009,2006-05-12,6.91,02-28-2007,Lloyds Bank Commercial Banking
2009,2006-06-16,6.91,02-28-2007,Lloyds Bank Commercial Banking
2009,2006-06-23,6.91,02-28-2007,Lloyds Bank Commercial Banking
2009,2006-07-07,6.91,02-28-2007,Lloyds Bank Commercial Banking
2009,2006-08-17,6.91,02-28-2007,Lloyds Bank Commercial Banking
2009,2006-09-20,6.91,02-28-2007,Lloyds Bank Commercial Banking
2009,2006-10-25,7.17,02-28-2007,Lloyds Bank Commercial Banking
2009,2006-11-29,7.17,02-28-2007,Lloyds Bank Commercial Banking
2009,2006-12-14,7.17,02-28-2007,Lloyds Bank Commercial Banking
2009,2007-01-19,7.1,02-28-2007,Lloyds Bank Commercial Banking
2009,2007-02-22,6.8,02-28-2007,Lloyds Bank Commercial Banking
2010,2006-05-12,6.79,02-28-2007,Lloyds Bank Commercial Banking
2010,2006-06-16,6.79,02-28-2007,Lloyds Bank Commercial Banking
2010,2006-06-23,6.79,02-28-2007,Lloyds Bank Commercial Banking
2010,2006-07-07,6.79,02-28-2007,Lloyds Bank Commercial Banking
2010,2006-08-17,6.79,02-28-2007,Lloyds Bank Commercial Banking
2010,2006-09-20,6.79,02-28-2007,Lloyds Bank Commercial Banking
2010,2006-10-25,7.1,02-28-2007,Lloyds Bank Commercial Banking
2010,2006-11-29,7.1,02-28-2007,Lloyds Bank Commercial Banking
2010,2006-12-14,7.1,02-28-2007,Lloyds Bank Commercial Banking
2010,2007-01-19,6.99,02-28-2007,Lloyds Bank Commercial Banking
2010,2007-02-22,6.59,02-28-2007,Lloyds Bank Commercial Banking
2011,2006-05-12,6.79,02-28-2007,Lloyds Bank Commercial Banking
2011,2006-06-16,6.79,02-28-2007,Lloyds Bank Commercial Banking
2011,2006-06-23,6.79,02-28-2007,Lloyds Bank Commercial Banking
2011,2006-07-07,6.79,02-28-2007,Lloyds Bank Commercial Banking
2011,2006-08-17,6.79,02-28-2007,Lloyds Bank Commercial Banking
2011,2006-09-20,6.79,02-28-2007,Lloyds Bank Commercial Banking
2011,2006-10-25,7.04,02-28-2007,Lloyds Bank Commercial Banking
2011,2006-11-29,7.04,02-28-2007,Lloyds Bank Commercial Banking
2011,2006-12-14,7.04,02-28-2007,Lloyds Bank Commercial Banking
2011,2007-01-19,6.99,02-28-2007,Lloyds Bank Commercial Banking
2011,2007-02-22,6.42,02-28-2007,Lloyds Bank Commercial Banking
Q3-17,2016-09-12,6.9,08-31-2017,Lloyds Bank Commercial Banking
Q3-17,2016-10-12,6.9,08-31-2017,Lloyds Bank Commercial Banking
Q3-17,2016-11-18,6.9,08-31-2017,Lloyds Bank Commercial Banking
Q3-17,2016-12-15,7.0,08-31-2017,Lloyds Bank Commercial Banking
Q3-17,2017-01-09,7.05,08-31-2017,Lloyds Bank Commercial Banking
Q3-17,2017-02-27,7.05,08-31-2017,Lloyds Bank Commercial Banking
Q3-17,2017-03-21,6.95,08-31-2017,Lloyds Bank Commercial Banking
Q3-17,2017-04-13,6.95,08-31-2017,Lloyds Bank Commercial Banking
Q3-17,2017-05-10,6.95,08-31-2017,Lloyds Bank Commercial Banking
Q3-17,2017-06-20,6.85,08-31-2017,Lloyds Bank Commercial Banking
Q3-17,2017-07-12,6.85,08-31-2017,Lloyds Bank Commercial Banking
Q3-17,2017-08-09,6.8,08-31-2017,Lloyds Bank Commercial Banking
Q4-17,2015-12-30,6.45,08-31-2017,Lloyds Bank Commercial Banking
Q4-17,2016-01-27,6.45,08-31-2017,Lloyds Bank Commercial Banking
Q4-17,2016-03-14,7.1,08-31-2017,Lloyds Bank Commercial Banking
Q4-17,2016-05-09,7.1,08-31-2017,Lloyds Bank Commercial Banking
Q4-17,2016-06-14,7.1,08-31-2017,Lloyds Bank Commercial Banking
Q4-17,2016-08-12,7.1,08-31-2017,Lloyds Bank Commercial Banking
Q4-17,2016-09-12,7.0,08-31-2017,Lloyds Bank Commercial Banking
Q4-17,2016-10-12,7.0,08-31-2017,Lloyds Bank Commercial Banking
Q4-17,2016-11-18,7.0,08-31-2017,Lloyds Bank Commercial Banking
Q4-17,2016-12-15,7.05,08-31-2017,Lloyds Bank Commercial Banking
Q4-17,2017-01-09,7.1,08-31-2017,Lloyds Bank Commercial Banking
Q4-17,2017-02-27,7.1,08-31-2017,Lloyds Bank Commercial Banking
Q4-17,2017-03-21,6.98,08-31-2017,Lloyds Bank Commercial Banking
Q4-17,2017-04-13,6.98,08-31-2017,Lloyds Bank Commercial Banking
Q4-17,2017-05-10,6.98,08-31-2017,Lloyds Bank Commercial Banking
Q4-17,2017-06-20,6.95,08-31-2017,Lloyds Bank Commercial Banking
Q4-17,2017-07-12,6.95,08-31-2017,Lloyds Bank Commercial Banking
Q4-17,2017-08-09,6.85,08-31-2017,Lloyds Bank Commercial Banking
Q1-18,2017-04-13,6.99,08-31-2017,Lloyds Bank Commercial Banking
Q1-18,2017-05-10,6.99,08-31-2017,Lloyds Bank Commercial Banking
Q1-18,2017-06-20,6.97,08-31-2017,Lloyds Bank Commercial Banking
Q1-18,2017-07-12,6.97,08-31-2017,Lloyds Bank Commercial Banking
Q1-18,2017-08-09,6.9,08-31-2017,Lloyds Bank Commercial Banking
Q2-18,2017-06-20,6.98,08-31-2017,Lloyds Bank Commercial Banking
Q2-18,2017-07-12,6.98,08-31-2017,Lloyds Bank Commercial Banking
Q2-18,2017-08-09,6.95,08-31-2017,Lloyds Bank Commercial Banking
2018,2016-10-12,7.0,08-31-2017,Lloyds Bank Commercial Banking
2018,2016-11-18,7.0,08-31-2017,Lloyds Bank Commercial Banking
2018,2016-12-15,7.1,08-31-2017,Lloyds Bank Commercial Banking
2018,2017-01-09,7.05,08-31-2017,Lloyds Bank Commercial Banking
2018,2017-02-27,7.05,08-31-2017,Lloyds Bank Commercial Banking
2018,2017-03-21,7.05,08-31-2017,Lloyds Bank Commercial Banking
2018,2017-04-13,7.05,08-31-2017,Lloyds Bank Commercial Banking
2018,2017-05-10,7.05,08-31-2017,Lloyds Bank Commercial Banking
2018,2017-06-20,7.02,08-31-2017,Lloyds Bank Commercial Banking
2018,2017-07-12,7.02,08-31-2017,Lloyds Bank Commercial Banking
2018,2017-08-09,7.02,08-31-2017,Lloyds Bank Commercial Banking
Q1-10,2009-03-26,6.54,02-28-2010,Lloyds Bank Commercial Banking
Q1-10,2009-05-11,6.59,02-28-2010,Lloyds Bank Commercial Banking
Q1-10,2009-07-08,6.73,02-28-2010,Lloyds Bank Commercial Banking
Q1-10,2009-09-01,6.76,02-28-2010,Lloyds Bank Commercial Banking
Q1-10,2009-10-09,6.76,02-28-2010,Lloyds Bank Commercial Banking
Q2-10,2009-07-08,6.69,02-28-2010,Lloyds Bank Commercial Banking
Q2-10,2009-09-01,6.72,02-28-2010,Lloyds Bank Commercial Banking
Q2-10,2009-10-09,6.72,02-28-2010,Lloyds Bank Commercial Banking
Q4-10,2008-03-26,6.17,02-28-2010,Lloyds Bank Commercial Banking
2011,2008-03-26,6.05,02-28-2010,Lloyds Bank Commercial Banking
2012,2008-03-26,5.8,02-28-2010,Lloyds Bank Commercial Banking
Q4-17,2015-12-30,6.45,11-30-2017,Lloyds Bank Commercial Banking
Q4-17,2016-01-27,6.45,11-30-2017,Lloyds Bank Commercial Banking
Q4-17,2016-03-14,7.1,11-30-2017,Lloyds Bank Commercial Banking
Q4-17,2016-05-09,7.1,11-30-2017,Lloyds Bank Commercial Banking
Q4-17,2016-06-14,7.1,11-30-2017,Lloyds Bank Commercial Banking
Q4-17,2016-08-12,7.1,11-30-2017,Lloyds Bank Commercial Banking
Q4-17,2016-09-12,7.0,11-30-2017,Lloyds Bank Commercial Banking
Q4-17,2016-10-12,7.0,11-30-2017,Lloyds Bank Commercial Banking
Q4-17,2016-11-18,7.0,11-30-2017,Lloyds Bank Commercial Banking
Q4-17,2016-12-15,7.05,11-30-2017,Lloyds Bank Commercial Banking
Q4-17,2017-01-09,7.1,11-30-2017,Lloyds Bank Commercial Banking
Q4-17,2017-02-27,7.1,11-30-2017,Lloyds Bank Commercial Banking
Q4-17,2017-03-21,6.98,11-30-2017,Lloyds Bank Commercial Banking
Q4-17,2017-04-13,6.98,11-30-2017,Lloyds Bank Commercial Banking
Q4-17,2017-05-10,6.98,11-30-2017,Lloyds Bank Commercial Banking
Q4-17,2017-06-20,6.95,11-30-2017,Lloyds Bank Commercial Banking
Q4-17,2017-07-12,6.95,11-30-2017,Lloyds Bank Commercial Banking
Q4-17,2017-08-09,6.85,11-30-2017,Lloyds Bank Commercial Banking
Q4-17,2017-09-22,6.6,11-30-2017,Lloyds Bank Commercial Banking
Q4-17,2017-09-28,6.6,11-30-2017,Lloyds Bank Commercial Banking
Q4-17,2017-10-02,6.6,11-30-2017,Lloyds Bank Commercial Banking
Q4-17,2017-10-17,6.6,11-30-2017,Lloyds Bank Commercial Banking
Q4-17,2017-11-21,6.65,11-30-2017,Lloyds Bank Commercial Banking
Q1-18,2017-04-13,6.99,11-30-2017,Lloyds Bank Commercial Banking
Q1-18,2017-05-10,6.99,11-30-2017,Lloyds Bank Commercial Banking
Q1-18,2017-06-20,6.97,11-30-2017,Lloyds Bank Commercial Banking
Q1-18,2017-07-12,6.97,11-30-2017,Lloyds Bank Commercial Banking
Q1-18,2017-08-09,6.9,11-30-2017,Lloyds Bank Commercial Banking
Q1-18,2017-09-22,6.63,11-30-2017,Lloyds Bank Commercial Banking
Q1-18,2017-09-28,6.63,11-30-2017,Lloyds Bank Commercial Banking
Q1-18,2017-10-02,6.63,11-30-2017,Lloyds Bank Commercial Banking
Q1-18,2017-10-17,6.63,11-30-2017,Lloyds Bank Commercial Banking
Q1-18,2017-11-21,6.67,11-30-2017,Lloyds Bank Commercial Banking
Q2-18,2017-06-20,6.98,11-30-2017,Lloyds Bank Commercial Banking
Q2-18,2017-07-12,6.98,11-30-2017,Lloyds Bank Commercial Banking
Q2-18,2017-08-09,6.95,11-30-2017,Lloyds Bank Commercial Banking
Q2-18,2017-09-22,6.65,11-30-2017,Lloyds Bank Commercial Banking
Q2-18,2017-09-28,6.65,11-30-2017,Lloyds Bank Commercial Banking
Q2-18,2017-10-02,6.65,11-30-2017,Lloyds Bank Commercial Banking
Q2-18,2017-10-17,6.65,11-30-2017,Lloyds Bank Commercial Banking
Q2-18,2017-11-21,6.69,11-30-2017,Lloyds Bank Commercial Banking
Q3-18,2017-09-22,6.67,11-30-2017,Lloyds Bank Commercial Banking
Q3-18,2017-09-28,6.67,11-30-2017,Lloyds Bank Commercial Banking
Q3-18,2017-10-02,6.67,11-30-2017,Lloyds Bank Commercial Banking
Q3-18,2017-10-17,6.67,11-30-2017,Lloyds Bank Commercial Banking
Q3-18,2017-11-21,6.7,11-30-2017,Lloyds Bank Commercial Banking
2018,2016-10-12,7.0,11-30-2017,Lloyds Bank Commercial Banking
2018,2016-11-18,7.0,11-30-2017,Lloyds Bank Commercial Banking
2018,2016-12-15,7.1,11-30-2017,Lloyds Bank Commercial Banking
2018,2017-01-09,7.05,11-30-2017,Lloyds Bank Commercial Banking
2018,2017-02-27,7.05,11-30-2017,Lloyds Bank Commercial Banking
2018,2017-03-21,7.05,11-30-2017,Lloyds Bank Commercial Banking
2018,2017-04-13,7.05,11-30-2017,Lloyds Bank Commercial Banking
2018,2017-05-10,7.05,11-30-2017,Lloyds Bank Commercial Banking
2018,2017-06-20,7.02,11-30-2017,Lloyds Bank Commercial Banking
2018,2017-07-12,7.02,11-30-2017,Lloyds Bank Commercial Banking
2018,2017-08-09,7.02,11-30-2017,Lloyds Bank Commercial Banking
2018,2017-09-22,6.69,11-30-2017,Lloyds Bank Commercial Banking
2018,2017-09-28,6.69,11-30-2017,Lloyds Bank Commercial Banking
2018,2017-10-02,6.69,11-30-2017,Lloyds Bank Commercial Banking
2018,2017-10-17,6.69,11-30-2017,Lloyds Bank Commercial Banking
2018,2017-11-21,6.7,11-30-2017,Lloyds Bank Commercial Banking
2019,2017-09-28,6.81,11-30-2017,Lloyds Bank Commercial Banking
2019,2017-10-17,6.81,11-30-2017,Lloyds Bank Commercial Banking
2019,2017-11-21,6.81,11-30-2017,Lloyds Bank Commercial Banking
Q2-10,2009-07-08,6.69,05-31-2010,Lloyds Bank Commercial Banking
Q2-10,2009-09-01,6.72,05-31-2010,Lloyds Bank Commercial Banking
Q2-10,2009-10-09,6.72,05-31-2010,Lloyds Bank Commercial Banking
Q1-17,2016-05-09,6.8,02-28-2017,Lloyds Bank Commercial Banking
Q1-17,2016-06-14,6.8,02-28-2017,Lloyds Bank Commercial Banking
Q1-17,2016-08-12,6.8,02-28-2017,Lloyds Bank Commercial Banking
Q1-17,2016-09-12,6.7,02-28-2017,Lloyds Bank Commercial Banking
Q1-17,2016-10-12,6.7,02-28-2017,Lloyds Bank Commercial Banking
Q1-17,2016-11-18,6.9,02-28-2017,Lloyds Bank Commercial Banking
Q1-17,2016-12-15,6.9,02-28-2017,Lloyds Bank Commercial Banking
Q1-17,2017-01-09,6.95,02-28-2017,Lloyds Bank Commercial Banking
Q1-17,2017-02-27,6.95,02-28-2017,Lloyds Bank Commercial Banking
Q2-17,2016-06-14,6.9,02-28-2017,Lloyds Bank Commercial Banking
Q2-17,2016-08-12,6.9,02-28-2017,Lloyds Bank Commercial Banking
Q2-17,2016-09-12,6.8,02-28-2017,Lloyds Bank Commercial Banking
Q2-17,2016-10-12,6.8,02-28-2017,Lloyds Bank Commercial Banking
Q2-17,2016-11-18,6.9,02-28-2017,Lloyds Bank Commercial Banking
Q2-17,2016-12-15,6.95,02-28-2017,Lloyds Bank Commercial Banking
Q2-17,2017-01-09,7.0,02-28-2017,Lloyds Bank Commercial Banking
Q2-17,2017-02-27,7.0,02-28-2017,Lloyds Bank Commercial Banking
Q3-17,2016-09-12,6.9,02-28-2017,Lloyds Bank Commercial Banking
Q3-17,2016-10-12,6.9,02-28-2017,Lloyds Bank Commercial Banking
Q3-17,2016-11-18,6.9,02-28-2017,Lloyds Bank Commercial Banking
Q3-17,2016-12-15,7.0,02-28-2017,Lloyds Bank Commercial Banking
Q3-17,2017-01-09,7.05,02-28-2017,Lloyds Bank Commercial Banking
Q3-17,2017-02-27,7.05,02-28-2017,Lloyds Bank Commercial Banking
Q4-17,2015-12-30,6.45,02-28-2017,Lloyds Bank Commercial Banking
Q4-17,2016-01-27,6.45,02-28-2017,Lloyds Bank Commercial Banking
Q4-17,2016-03-14,7.1,02-28-2017,Lloyds Bank Commercial Banking
Q4-17,2016-05-09,7.1,02-28-2017,Lloyds Bank Commercial Banking
Q4-17,2016-06-14,7.1,02-28-2017,Lloyds Bank Commercial Banking
Q4-17,2016-08-12,7.1,02-28-2017,Lloyds Bank Commercial Banking
Q4-17,2016-09-12,7.0,02-28-2017,Lloyds Bank Commercial Banking
Q4-17,2016-10-12,7.0,02-28-2017,Lloyds Bank Commercial Banking
Q4-17,2016-11-18,7.0,02-28-2017,Lloyds Bank Commercial Banking
Q4-17,2016-12-15,7.05,02-28-2017,Lloyds Bank Commercial Banking
Q4-17,2017-01-09,7.1,02-28-2017,Lloyds Bank Commercial Banking
Q4-17,2017-02-27,7.1,02-28-2017,Lloyds Bank Commercial Banking
2018,2016-10-12,7.0,02-28-2017,Lloyds Bank Commercial Banking
2018,2016-11-18,7.0,02-28-2017,Lloyds Bank Commercial Banking
2018,2016-12-15,7.1,02-28-2017,Lloyds Bank Commercial Banking
2018,2017-01-09,7.05,02-28-2017,Lloyds Bank Commercial Banking
2018,2017-02-27,7.05,02-28-2017,Lloyds Bank Commercial Banking
Q3-06,2006-05-03,7.86,08-31-2006,Lloyds Bank Commercial Banking
Q3-06,2006-05-12,7.8,08-31-2006,Lloyds Bank Commercial Banking
Q3-06,2006-06-16,7.8,08-31-2006,Lloyds Bank Commercial Banking
Q3-06,2006-06-23,7.8,08-31-2006,Lloyds Bank Commercial Banking
Q3-06,2006-07-07,7.8,08-31-2006,Lloyds Bank Commercial Banking
Q3-06,2006-08-17,7.8,08-31-2006,Lloyds Bank Commercial Banking
Q4-06,2006-05-03,7.8,08-31-2006,Lloyds Bank Commercial Banking
Q4-06,2006-05-12,7.74,08-31-2006,Lloyds Bank Commercial Banking
Q4-06,2006-06-16,7.74,08-31-2006,Lloyds Bank Commercial Banking
Q4-06,2006-06-23,7.74,08-31-2006,Lloyds Bank Commercial Banking
Q4-06,2006-07-07,7.74,08-31-2006,Lloyds Bank Commercial Banking
Q4-06,2006-08-17,7.74,08-31-2006,Lloyds Bank Commercial Banking
Q1-07,2006-05-03,7.67,08-31-2006,Lloyds Bank Commercial Banking
Q1-07,2006-05-12,7.67,08-31-2006,Lloyds Bank Commercial Banking
Q1-07,2006-06-16,7.72,08-31-2006,Lloyds Bank Commercial Banking
Q1-07,2006-06-23,7.72,08-31-2006,Lloyds Bank Commercial Banking
Q1-07,2006-07-07,7.72,08-31-2006,Lloyds Bank Commercial Banking
Q1-07,2006-08-17,7.72,08-31-2006,Lloyds Bank Commercial Banking
Q2-07,2006-06-16,7.62,08-31-2006,Lloyds Bank Commercial Banking
Q2-07,2006-06-23,7.62,08-31-2006,Lloyds Bank Commercial Banking
Q2-07,2006-07-07,7.62,08-31-2006,Lloyds Bank Commercial Banking
Q2-07,2006-08-17,7.62,08-31-2006,Lloyds Bank Commercial Banking
2007,2006-05-03,7.31,08-31-2006,Lloyds Bank Commercial Banking
2007,2006-05-12,7.54,08-31-2006,Lloyds Bank Commercial Banking
2007,2006-06-16,7.56,08-31-2006,Lloyds Bank Commercial Banking
2007,2006-06-23,7.56,08-31-2006,Lloyds Bank Commercial Banking
2007,2006-07-07,7.56,08-31-2006,Lloyds Bank Commercial Banking
2007,2006-08-17,7.56,08-31-2006,Lloyds Bank Commercial Banking
2008,2006-05-12,7.09,08-31-2006,Lloyds Bank Commercial Banking
2008,2006-06-16,7.09,08-31-2006,Lloyds Bank Commercial Banking
2008,2006-06-23,7.09,08-31-2006,Lloyds Bank Commercial Banking
2008,2006-07-07,7.09,08-31-2006,Lloyds Bank Commercial Banking
2008,2006-08-17,7.09,08-31-2006,Lloyds Bank Commercial Banking
2009,2006-05-12,6.91,08-31-2006,Lloyds Bank Commercial Banking
2009,2006-06-16,6.91,08-31-2006,Lloyds Bank Commercial Banking
2009,2006-06-23,6.91,08-31-2006,Lloyds Bank Commercial Banking
2009,2006-07-07,6.91,08-31-2006,Lloyds Bank Commercial Banking
2009,2006-08-17,6.91,08-31-2006,Lloyds Bank Commercial Banking
2010,2006-05-12,6.79,08-31-2006,Lloyds Bank Commercial Banking
2010,2006-06-16,6.79,08-31-2006,Lloyds Bank Commercial Banking
2010,2006-06-23,6.79,08-31-2006,Lloyds Bank Commercial Banking
2010,2006-07-07,6.79,08-31-2006,Lloyds Bank Commercial Banking
2010,2006-08-17,6.79,08-31-2006,Lloyds Bank Commercial Banking
Q2-21,2019-08-20,6.6,05-31-2021,Lloyds Bank Commercial Banking
Q3-21,2019-08-20,6.6,05-31-2021,Lloyds Bank Commercial Banking
Q2-17,2016-06-14,6.9,05-31-2017,Lloyds Bank Commercial Banking
Q2-17,2016-08-12,6.9,05-31-2017,Lloyds Bank Commercial Banking
Q2-17,2016-09-12,6.8,05-31-2017,Lloyds Bank Commercial Banking
Q2-17,2016-10-12,6.8,05-31-2017,Lloyds Bank Commercial Banking
Q2-17,2016-11-18,6.9,05-31-2017,Lloyds Bank Commercial Banking
Q2-17,2016-12-15,6.95,05-31-2017,Lloyds Bank Commercial Banking
Q2-17,2017-01-09,7.0,05-31-2017,Lloyds Bank Commercial Banking
Q2-17,2017-02-27,7.0,05-31-2017,Lloyds Bank Commercial Banking
Q2-17,2017-03-21,6.9,05-31-2017,Lloyds Bank Commercial Banking
Q2-17,2017-04-13,6.9,05-31-2017,Lloyds Bank Commercial Banking
Q2-17,2017-05-10,6.9,05-31-2017,Lloyds Bank Commercial Banking
Q3-17,2016-09-12,6.9,05-31-2017,Lloyds Bank Commercial Banking
Q3-17,2016-10-12,6.9,05-31-2017,Lloyds Bank Commercial Banking
Q3-17,2016-11-18,6.9,05-31-2017,Lloyds Bank Commercial Banking
Q3-17,2016-12-15,7.0,05-31-2017,Lloyds Bank Commercial Banking
Q3-17,2017-01-09,7.05,05-31-2017,Lloyds Bank Commercial Banking
Q3-17,2017-02-27,7.05,05-31-2017,Lloyds Bank Commercial Banking
Q3-17,2017-03-21,6.95,05-31-2017,Lloyds Bank Commercial Banking
Q3-17,2017-04-13,6.95,05-31-2017,Lloyds Bank Commercial Banking
Q3-17,2017-05-10,6.95,05-31-2017,Lloyds Bank Commercial Banking
Q4-17,2015-12-30,6.45,05-31-2017,Lloyds Bank Commercial Banking
Q4-17,2016-01-27,6.45,05-31-2017,Lloyds Bank Commercial Banking
Q4-17,2016-03-14,7.1,05-31-2017,Lloyds Bank Commercial Banking
Q4-17,2016-05-09,7.1,05-31-2017,Lloyds Bank Commercial Banking
Q4-17,2016-06-14,7.1,05-31-2017,Lloyds Bank Commercial Banking
Q4-17,2016-08-12,7.1,05-31-2017,Lloyds Bank Commercial Banking
Q4-17,2016-09-12,7.0,05-31-2017,Lloyds Bank Commercial Banking
Q4-17,2016-10-12,7.0,05-31-2017,Lloyds Bank Commercial Banking
Q4-17,2016-11-18,7.0,05-31-2017,Lloyds Bank Commercial Banking
Q4-17,2016-12-15,7.05,05-31-2017,Lloyds Bank Commercial Banking
Q4-17,2017-01-09,7.1,05-31-2017,Lloyds Bank Commercial Banking
Q4-17,2017-02-27,7.1,05-31-2017,Lloyds Bank Commercial Banking
Q4-17,2017-03-21,6.98,05-31-2017,Lloyds Bank Commercial Banking
Q4-17,2017-04-13,6.98,05-31-2017,Lloyds Bank Commercial Banking
Q4-17,2017-05-10,6.98,05-31-2017,Lloyds Bank Commercial Banking
Q1-18,2017-04-13,6.99,05-31-2017,Lloyds Bank Commercial Banking
Q1-18,2017-05-10,6.99,05-31-2017,Lloyds Bank Commercial Banking
2018,2016-10-12,7.0,05-31-2017,Lloyds Bank Commercial Banking
2018,2016-11-18,7.0,05-31-2017,Lloyds Bank Commercial Banking
2018,2016-12-15,7.1,05-31-2017,Lloyds Bank Commercial Banking
2018,2017-01-09,7.05,05-31-2017,Lloyds Bank Commercial Banking
2018,2017-02-27,7.05,05-31-2017,Lloyds Bank Commercial Banking
2018,2017-03-21,7.05,05-31-2017,Lloyds Bank Commercial Banking
2018,2017-04-13,7.05,05-31-2017,Lloyds Bank Commercial Banking
2018,2017-05-10,7.05,05-31-2017,Lloyds Bank Commercial Banking
Q4-06,2006-05-03,7.8,11-30-2006,Lloyds Bank Commercial Banking
Q4-06,2006-05-12,7.74,11-30-2006,Lloyds Bank Commercial Banking
Q4-06,2006-06-16,7.74,11-30-2006,Lloyds Bank Commercial Banking
Q4-06,2006-06-23,7.74,11-30-2006,Lloyds Bank Commercial Banking
Q4-06,2006-07-07,7.74,11-30-2006,Lloyds Bank Commercial Banking
Q4-06,2006-08-17,7.74,11-30-2006,Lloyds Bank Commercial Banking
Q4-06,2006-09-20,7.8,11-30-2006,Lloyds Bank Commercial Banking
Q4-06,2006-10-25,7.85,11-30-2006,Lloyds Bank Commercial Banking
Q4-06,2006-11-29,7.83,11-30-2006,Lloyds Bank Commercial Banking
Q1-07,2006-05-03,7.67,11-30-2006,Lloyds Bank Commercial Banking
Q1-07,2006-05-12,7.67,11-30-2006,Lloyds Bank Commercial Banking
Q1-07,2006-06-16,7.72,11-30-2006,Lloyds Bank Commercial Banking
Q1-07,2006-06-23,7.72,11-30-2006,Lloyds Bank Commercial Banking
Q1-07,2006-07-07,7.72,11-30-2006,Lloyds Bank Commercial Banking
Q1-07,2006-08-17,7.72,11-30-2006,Lloyds Bank Commercial Banking
Q1-07,2006-09-20,7.72,11-30-2006,Lloyds Bank Commercial Banking
Q1-07,2006-10-25,7.74,11-30-2006,Lloyds Bank Commercial Banking
Q1-07,2006-11-29,7.74,11-30-2006,Lloyds Bank Commercial Banking
Q2-07,2006-06-16,7.62,11-30-2006,Lloyds Bank Commercial Banking
Q2-07,2006-06-23,7.62,11-30-2006,Lloyds Bank Commercial Banking
Q2-07,2006-07-07,7.62,11-30-2006,Lloyds Bank Commercial Banking
Q2-07,2006-08-17,7.62,11-30-2006,Lloyds Bank Commercial Banking
Q2-07,2006-09-20,7.62,11-30-2006,Lloyds Bank Commercial Banking
Q2-07,2006-10-25,7.66,11-30-2006,Lloyds Bank Commercial Banking
Q2-07,2006-11-29,7.66,11-30-2006,Lloyds Bank Commercial Banking
Q3-07,2006-09-20,7.56,11-30-2006,Lloyds Bank Commercial Banking
Q3-07,2006-10-25,7.58,11-30-2006,Lloyds Bank Commercial Banking
Q3-07,2006-11-29,7.58,11-30-2006,Lloyds Bank Commercial Banking
2007,2006-05-03,7.31,11-30-2006,Lloyds Bank Commercial Banking
2007,2006-05-12,7.54,11-30-2006,Lloyds Bank Commercial Banking
2007,2006-06-16,7.56,11-30-2006,Lloyds Bank Commercial Banking
2007,2006-06-23,7.56,11-30-2006,Lloyds Bank Commercial Banking
2007,2006-07-07,7.56,11-30-2006,Lloyds Bank Commercial Banking
2007,2006-08-17,7.56,11-30-2006,Lloyds Bank Commercial Banking
2007,2006-09-20,7.56,11-30-2006,Lloyds Bank Commercial Banking
2007,2006-10-25,7.54,11-30-2006,Lloyds Bank Commercial Banking
2007,2006-11-29,7.54,11-30-2006,Lloyds Bank Commercial Banking
2008,2006-05-12,7.09,11-30-2006,Lloyds Bank Commercial Banking
2008,2006-06-16,7.09,11-30-2006,Lloyds Bank Commercial Banking
2008,2006-06-23,7.09,11-30-2006,Lloyds Bank Commercial Banking
2008,2006-07-07,7.09,11-30-2006,Lloyds Bank Commercial Banking
2008,2006-08-17,7.09,11-30-2006,Lloyds Bank Commercial Banking
2008,2006-09-20,7.09,11-30-2006,Lloyds Bank Commercial Banking
2008,2006-10-25,7.28,11-30-2006,Lloyds Bank Commercial Banking
2008,2006-11-29,7.28,11-30-2006,Lloyds Bank Commercial Banking
2009,2006-05-12,6.91,11-30-2006,Lloyds Bank Commercial Banking
2009,2006-06-16,6.91,11-30-2006,Lloyds Bank Commercial Banking
2009,2006-06-23,6.91,11-30-2006,Lloyds Bank Commercial Banking
2009,2006-07-07,6.91,11-30-2006,Lloyds Bank Commercial Banking
2009,2006-08-17,6.91,11-30-2006,Lloyds Bank Commercial Banking
2009,2006-09-20,6.91,11-30-2006,Lloyds Bank Commercial Banking
2009,2006-10-25,7.17,11-30-2006,Lloyds Bank Commercial Banking
2009,2006-11-29,7.17,11-30-2006,Lloyds Bank Commercial Banking
2010,2006-05-12,6.79,11-30-2006,Lloyds Bank Commercial Banking
2010,2006-06-16,6.79,11-30-2006,Lloyds Bank Commercial Banking
2010,2006-06-23,6.79,11-30-2006,Lloyds Bank Commercial Banking
2010,2006-07-07,6.79,11-30-2006,Lloyds Bank Commercial Banking
2010,2006-08-17,6.79,11-30-2006,Lloyds Bank Commercial Banking
2010,2006-09-20,6.79,11-30-2006,Lloyds Bank Commercial Banking
2010,2006-10-25,7.1,11-30-2006,Lloyds Bank Commercial Banking
2010,2006-11-29,7.1,11-30-2006,Lloyds Bank Commercial Banking
Q1-21,2019-04-30,6.59,02-28-2021,Lloyds Bank Commercial Banking
Q1-21,2019-08-20,6.6,02-28-2021,Lloyds Bank Commercial Banking
Q2-21,2019-04-30,6.59,02-28-2021,Lloyds Bank Commercial Banking
Q2-21,2019-08-20,6.6,02-28-2021,Lloyds Bank Commercial Banking
Q3-21,2019-08-20,6.6,02-28-2021,Lloyds Bank Commercial Banking
Q1-20,2018-03-15,6.58,02-28-2020,Lloyds Bank Commercial Banking
Q1-20,2018-04-13,6.58,02-28-2020,Lloyds Bank Commercial Banking
Q1-20,2019-04-30,6.6,02-28-2020,Lloyds Bank Commercial Banking
Q1-20,2019-08-20,6.7,02-28-2020,Lloyds Bank Commercial Banking
Q2-20,2018-03-15,6.59,02-28-2020,Lloyds Bank Commercial Banking
Q2-20,2018-04-13,6.59,02-28-2020,Lloyds Bank Commercial Banking
Q2-20,2019-04-30,6.59,02-28-2020,Lloyds Bank Commercial Banking
Q2-20,2019-08-20,6.65,02-28-2020,Lloyds Bank Commercial Banking
Q3-20,2019-04-30,6.59,02-28-2020,Lloyds Bank Commercial Banking
Q3-20,2019-08-20,6.6,02-28-2020,Lloyds Bank Commercial Banking
Q4-20,2018-10-11,6.59,02-28-2020,Lloyds Bank Commercial Banking
Q4-20,2018-11-14,6.59,02-28-2020,Lloyds Bank Commercial Banking
Q4-20,2018-12-17,6.59,02-28-2020,Lloyds Bank Commercial Banking
Q4-20,2019-01-23,6.59,02-28-2020,Lloyds Bank Commercial Banking
Q4-20,2019-04-30,6.59,02-28-2020,Lloyds Bank Commercial Banking
Q4-20,2019-08-20,6.6,02-28-2020,Lloyds Bank Commercial Banking
Q4-07,2006-05-03,7.31,11-30-2007,Lloyds Bank Commercial Banking
Q4-07,2006-05-12,7.54,11-30-2007,Lloyds Bank Commercial Banking
Q4-07,2006-06-16,7.56,11-30-2007,Lloyds Bank Commercial Banking
Q4-07,2006-06-23,7.56,11-30-2007,Lloyds Bank Commercial Banking
Q4-07,2006-07-07,7.56,11-30-2007,Lloyds Bank Commercial Banking
Q4-07,2006-08-17,7.56,11-30-2007,Lloyds Bank Commercial Banking
Q4-07,2006-09-20,7.56,11-30-2007,Lloyds Bank Commercial Banking
Q4-07,2006-10-25,7.54,11-30-2007,Lloyds Bank Commercial Banking
Q4-07,2006-11-29,7.54,11-30-2007,Lloyds Bank Commercial Banking
Q4-07,2006-12-14,7.54,11-30-2007,Lloyds Bank Commercial Banking
Q4-07,2007-01-19,7.45,11-30-2007,Lloyds Bank Commercial Banking
Q4-07,2007-02-22,7.39,11-30-2007,Lloyds Bank Commercial Banking
Q4-07,2007-04-02,7.39,11-30-2007,Lloyds Bank Commercial Banking
Q4-07,2007-04-23,7.39,11-30-2007,Lloyds Bank Commercial Banking
Q4-07,2007-05-23,7.31,11-30-2007,Lloyds Bank Commercial Banking
Q4-07,2007-05-24,7.31,11-30-2007,Lloyds Bank Commercial Banking
Q4-07,2007-06-14,7.37,11-30-2007,Lloyds Bank Commercial Banking
Q4-07,2007-07-16,7.37,11-30-2007,Lloyds Bank Commercial Banking
Q4-07,2007-08-17,7.37,11-30-2007,Lloyds Bank Commercial Banking
Q4-07,2007-08-31,7.37,11-30-2007,Lloyds Bank Commercial Banking
Q4-07,2007-09-18,7.37,11-30-2007,Lloyds Bank Commercial Banking
Q4-07,2007-10-19,7.37,11-30-2007,Lloyds Bank Commercial Banking
Q4-07,2007-10-22,7.37,11-30-2007,Lloyds Bank Commercial Banking
Q1-08,2007-04-02,7.31,11-30-2007,Lloyds Bank Commercial Banking
Q1-08,2007-04-23,7.31,11-30-2007,Lloyds Bank Commercial Banking
Q1-08,2007-05-23,7.24,11-30-2007,Lloyds Bank Commercial Banking
Q1-08,2007-05-24,7.24,11-30-2007,Lloyds Bank Commercial Banking
Q1-08,2007-06-14,7.25,11-30-2007,Lloyds Bank Commercial Banking
Q1-08,2007-07-16,7.25,11-30-2007,Lloyds Bank Commercial Banking
Q1-08,2007-08-17,7.25,11-30-2007,Lloyds Bank Commercial Banking
Q1-08,2007-08-31,7.25,11-30-2007,Lloyds Bank Commercial Banking
Q1-08,2007-09-18,7.25,11-30-2007,Lloyds Bank Commercial Banking
Q1-08,2007-10-19,7.25,11-30-2007,Lloyds Bank Commercial Banking
Q1-08,2007-10-22,7.25,11-30-2007,Lloyds Bank Commercial Banking
Q2-08,2007-06-14,7.15,11-30-2007,Lloyds Bank Commercial Banking
Q2-08,2007-07-16,7.15,11-30-2007,Lloyds Bank Commercial Banking
Q2-08,2007-08-17,7.15,11-30-2007,Lloyds Bank Commercial Banking
Q2-08,2007-08-31,7.15,11-30-2007,Lloyds Bank Commercial Banking
Q2-08,2007-09-18,7.15,11-30-2007,Lloyds Bank Commercial Banking
Q2-08,2007-10-19,7.15,11-30-2007,Lloyds Bank Commercial Banking
Q2-08,2007-10-22,7.15,11-30-2007,Lloyds Bank Commercial Banking
Q3-08,2007-09-18,7.1,11-30-2007,Lloyds Bank Commercial Banking
Q3-08,2007-10-19,7.1,11-30-2007,Lloyds Bank Commercial Banking
Q3-08,2007-10-22,7.1,11-30-2007,Lloyds Bank Commercial Banking
2008,2006-05-12,7.09,11-30-2007,Lloyds Bank Commercial Banking
2008,2006-06-16,7.09,11-30-2007,Lloyds Bank Commercial Banking
2008,2006-06-23,7.09,11-30-2007,Lloyds Bank Commercial Banking
2008,2006-07-07,7.09,11-30-2007,Lloyds Bank Commercial Banking
2008,2006-08-17,7.09,11-30-2007,Lloyds Bank Commercial Banking
2008,2006-09-20,7.09,11-30-2007,Lloyds Bank Commercial Banking
2008,2006-10-25,7.28,11-30-2007,Lloyds Bank Commercial Banking
2008,2006-11-29,7.28,11-30-2007,Lloyds Bank Commercial Banking
2008,2006-12-14,7.28,11-30-2007,Lloyds Bank Commercial Banking
2008,2007-01-19,7.13,11-30-2007,Lloyds Bank Commercial Banking
2008,2007-02-22,7.11,11-30-2007,Lloyds Bank Commercial Banking
2008,2007-04-02,7.11,11-30-2007,Lloyds Bank Commercial Banking
2008,2007-04-23,7.11,11-30-2007,Lloyds Bank Commercial Banking
2008,2007-05-23,7.11,11-30-2007,Lloyds Bank Commercial Banking
2008,2007-05-24,7.11,11-30-2007,Lloyds Bank Commercial Banking
2008,2007-06-14,7.09,11-30-2007,Lloyds Bank Commercial Banking
2008,2007-07-16,7.04,11-30-2007,Lloyds Bank Commercial Banking
2008,2007-08-17,7.04,11-30-2007,Lloyds Bank Commercial Banking
2008,2007-08-31,7.04,11-30-2007,Lloyds Bank Commercial Banking
2008,2007-09-18,7.04,11-30-2007,Lloyds Bank Commercial Banking
2008,2007-10-19,7.04,11-30-2007,Lloyds Bank Commercial Banking
2008,2007-10-22,7.04,11-30-2007,Lloyds Bank Commercial Banking
2009,2006-05-12,6.91,11-30-2007,Lloyds Bank Commercial Banking
2009,2006-06-16,6.91,11-30-2007,Lloyds Bank Commercial Banking
2009,2006-06-23,6.91,11-30-2007,Lloyds Bank Commercial Banking
2009,2006-07-07,6.91,11-30-2007,Lloyds Bank Commercial Banking
2009,2006-08-17,6.91,11-30-2007,Lloyds Bank Commercial Banking
2009,2006-09-20,6.91,11-30-2007,Lloyds Bank Commercial Banking
2009,2006-10-25,7.17,11-30-2007,Lloyds Bank Commercial Banking
2009,2006-11-29,7.17,11-30-2007,Lloyds Bank Commercial Banking
2009,2006-12-14,7.17,11-30-2007,Lloyds Bank Commercial Banking
2009,2007-01-19,7.1,11-30-2007,Lloyds Bank Commercial Banking
2009,2007-02-22,6.8,11-30-2007,Lloyds Bank Commercial Banking
2009,2007-04-23,6.8,11-30-2007,Lloyds Bank Commercial Banking
2009,2007-05-23,6.8,11-30-2007,Lloyds Bank Commercial Banking
2009,2007-05-24,6.8,11-30-2007,Lloyds Bank Commercial Banking
2009,2007-06-14,6.8,11-30-2007,Lloyds Bank Commercial Banking
2009,2007-07-16,6.64,11-30-2007,Lloyds Bank Commercial Banking
2009,2007-08-17,6.64,11-30-2007,Lloyds Bank Commercial Banking
2009,2007-08-31,6.64,11-30-2007,Lloyds Bank Commercial Banking
2009,2007-09-18,6.64,11-30-2007,Lloyds Bank Commercial Banking
2009,2007-10-19,6.64,11-30-2007,Lloyds Bank Commercial Banking
2009,2007-10-22,6.64,11-30-2007,Lloyds Bank Commercial Banking
2010,2006-05-12,6.79,11-30-2007,Lloyds Bank Commercial Banking
2010,2006-06-16,6.79,11-30-2007,Lloyds Bank Commercial Banking
2010,2006-06-23,6.79,11-30-2007,Lloyds Bank Commercial Banking
2010,2006-07-07,6.79,11-30-2007,Lloyds Bank Commercial Banking
2010,2006-08-17,6.79,11-30-2007,Lloyds Bank Commercial Banking
2010,2006-09-20,6.79,11-30-2007,Lloyds Bank Commercial Banking
2010,2006-10-25,7.1,11-30-2007,Lloyds Bank Commercial Banking
2010,2006-11-29,7.1,11-30-2007,Lloyds Bank Commercial Banking
2010,2006-12-14,7.1,11-30-2007,Lloyds Bank Commercial Banking
2010,2007-01-19,6.99,11-30-2007,Lloyds Bank Commercial Banking
2010,2007-02-22,6.59,11-30-2007,Lloyds Bank Commercial Banking
2010,2007-04-23,6.59,11-30-2007,Lloyds Bank Commercial Banking
2010,2007-05-23,6.59,11-30-2007,Lloyds Bank Commercial Banking
2010,2007-05-24,6.59,11-30-2007,Lloyds Bank Commercial Banking
2010,2007-06-14,6.59,11-30-2007,Lloyds Bank Commercial Banking
2010,2007-07-16,6.49,11-30-2007,Lloyds Bank Commercial Banking
2010,2007-08-17,6.49,11-30-2007,Lloyds Bank Commercial Banking
2010,2007-08-31,6.49,11-30-2007,Lloyds Bank Commercial Banking
2010,2007-09-18,6.49,11-30-2007,Lloyds Bank Commercial Banking
2010,2007-10-19,6.49,11-30-2007,Lloyds Bank Commercial Banking
2010,2007-10-22,6.49,11-30-2007,Lloyds Bank Commercial Banking
2011,2006-05-12,6.79,11-30-2007,Lloyds Bank Commercial Banking
2011,2006-06-16,6.79,11-30-2007,Lloyds Bank Commercial Banking
2011,2006-06-23,6.79,11-30-2007,Lloyds Bank Commercial Banking
2011,2006-07-07,6.79,11-30-2007,Lloyds Bank Commercial Banking
2011,2006-08-17,6.79,11-30-2007,Lloyds Bank Commercial Banking
2011,2006-09-20,6.79,11-30-2007,Lloyds Bank Commercial Banking
2011,2006-10-25,7.04,11-30-2007,Lloyds Bank Commercial Banking
2011,2006-11-29,7.04,11-30-2007,Lloyds Bank Commercial Banking
2011,2006-12-14,7.04,11-30-2007,Lloyds Bank Commercial Banking
2011,2007-01-19,6.99,11-30-2007,Lloyds Bank Commercial Banking
2011,2007-02-22,6.42,11-30-2007,Lloyds Bank Commercial Banking
2011,2007-04-23,6.42,11-30-2007,Lloyds Bank Commercial Banking
2011,2007-05-23,6.42,11-30-2007,Lloyds Bank Commercial Banking
2011,2007-05-24,6.42,11-30-2007,Lloyds Bank Commercial Banking
2011,2007-06-14,6.42,11-30-2007,Lloyds Bank Commercial Banking
2011,2007-07-16,6.34,11-30-2007,Lloyds Bank Commercial Banking
2011,2007-08-17,6.34,11-30-2007,Lloyds Bank Commercial Banking
2011,2007-08-31,6.34,11-30-2007,Lloyds Bank Commercial Banking
2011,2007-09-18,6.34,11-30-2007,Lloyds Bank Commercial Banking
2011,2007-10-19,6.34,11-30-2007,Lloyds Bank Commercial Banking
2011,2007-10-22,6.34,11-30-2007,Lloyds Bank Commercial Banking
Q2-16,2015-06-30,6.1,05-31-2016,Lloyds Bank Commercial Banking
Q2-16,2015-07-22,6.1,05-31-2016,Lloyds Bank Commercial Banking
Q2-16,2015-08-17,6.25,05-31-2016,Lloyds Bank Commercial Banking
Q2-16,2015-09-25,6.6,05-31-2016,Lloyds Bank Commercial Banking
Q2-16,2015-12-30,6.5,05-31-2016,Lloyds Bank Commercial Banking
Q2-16,2016-01-27,6.65,05-31-2016,Lloyds Bank Commercial Banking
Q2-16,2016-03-14,6.65,05-31-2016,Lloyds Bank Commercial Banking
Q2-16,2016-05-09,6.6,05-31-2016,Lloyds Bank Commercial Banking
Q3-16,2015-09-25,6.6,05-31-2016,Lloyds Bank Commercial Banking
Q3-16,2015-12-30,6.55,05-31-2016,Lloyds Bank Commercial Banking
Q3-16,2016-01-27,6.65,05-31-2016,Lloyds Bank Commercial Banking
Q3-16,2016-03-14,6.7,05-31-2016,Lloyds Bank Commercial Banking
Q3-16,2016-05-09,6.65,05-31-2016,Lloyds Bank Commercial Banking
Q4-16,2014-12-01,5.8,05-31-2016,Lloyds Bank Commercial Banking
Q4-16,2014-12-23,6.1,05-31-2016,Lloyds Bank Commercial Banking
Q4-16,2015-01-14,6.1,05-31-2016,Lloyds Bank Commercial Banking
Q4-16,2015-02-20,6.1,05-31-2016,Lloyds Bank Commercial Banking
Q4-16,2015-03-30,6.1,05-31-2016,Lloyds Bank Commercial Banking
Q4-16,2015-04-29,6.1,05-31-2016,Lloyds Bank Commercial Banking
Q4-16,2015-06-30,6.1,05-31-2016,Lloyds Bank Commercial Banking
Q4-16,2015-07-22,6.1,05-31-2016,Lloyds Bank Commercial Banking
Q4-16,2015-08-17,6.18,05-31-2016,Lloyds Bank Commercial Banking
Q4-16,2015-09-25,6.6,05-31-2016,Lloyds Bank Commercial Banking
Q4-16,2015-12-30,6.6,05-31-2016,Lloyds Bank Commercial Banking
Q4-16,2016-01-27,6.7,05-31-2016,Lloyds Bank Commercial Banking
Q4-16,2016-03-14,6.8,05-31-2016,Lloyds Bank Commercial Banking
Q4-16,2016-05-09,6.7,05-31-2016,Lloyds Bank Commercial Banking
Q1-17,2016-05-09,6.8,05-31-2016,Lloyds Bank Commercial Banking
2017,2015-12-30,6.45,05-31-2016,Lloyds Bank Commercial Banking
2017,2016-01-27,6.45,05-31-2016,Lloyds Bank Commercial Banking
2017,2016-03-14,7.1,05-31-2016,Lloyds Bank Commercial Banking
2017,2016-05-09,7.1,05-31-2016,Lloyds Bank Commercial Banking
Q2-20,2019-04-30,6.59,05-31-2020,Lloyds Bank Commercial Banking
Q2-20,2019-08-20,6.65,05-31-2020,Lloyds Bank Commercial Banking
Q3-20,2019-04-30,6.59,05-31-2020,Lloyds Bank Commercial Banking
Q3-20,2019-08-20,6.6,05-31-2020,Lloyds Bank Commercial Banking
Q4-20,2018-10-11,6.59,05-31-2020,Lloyds Bank Commercial Banking
Q4-20,2018-11-14,6.59,05-31-2020,Lloyds Bank Commercial Banking
Q4-20,2018-12-17,6.59,05-31-2020,Lloyds Bank Commercial Banking
Q4-20,2019-01-23,6.59,05-31-2020,Lloyds Bank Commercial Banking
Q4-20,2019-04-30,6.59,05-31-2020,Lloyds Bank Commercial Banking
Q4-20,2019-08-20,6.6,05-31-2020,Lloyds Bank Commercial Banking
Q1-21,2019-04-30,6.59,05-31-2020,Lloyds Bank Commercial Banking
Q1-21,2019-08-20,6.6,05-31-2020,Lloyds Bank Commercial Banking
Q3-07,2006-09-20,7.56,08-31-2007,Lloyds Bank Commercial Banking
Q3-07,2006-10-25,7.58,08-31-2007,Lloyds Bank Commercial Banking
Q3-07,2006-11-29,7.58,08-31-2007,Lloyds Bank Commercial Banking
Q3-07,2006-12-14,7.58,08-31-2007,Lloyds Bank Commercial Banking
Q3-07,2007-01-19,7.55,08-31-2007,Lloyds Bank Commercial Banking
Q3-07,2007-02-22,7.48,08-31-2007,Lloyds Bank Commercial Banking
Q3-07,2007-04-02,7.48,08-31-2007,Lloyds Bank Commercial Banking
Q3-07,2007-04-23,7.48,08-31-2007,Lloyds Bank Commercial Banking
Q3-07,2007-05-23,7.43,08-31-2007,Lloyds Bank Commercial Banking
Q3-07,2007-05-24,7.43,08-31-2007,Lloyds Bank Commercial Banking
Q3-07,2007-06-14,7.55,08-31-2007,Lloyds Bank Commercial Banking
Q3-07,2007-07-16,7.52,08-31-2007,Lloyds Bank Commercial Banking
Q3-07,2007-08-17,7.52,08-31-2007,Lloyds Bank Commercial Banking
Q3-07,2007-08-31,7.59,08-31-2007,Lloyds Bank Commercial Banking
Q4-07,2006-05-03,7.31,08-31-2007,Lloyds Bank Commercial Banking
Q4-07,2006-05-12,7.54,08-31-2007,Lloyds Bank Commercial Banking
Q4-07,2006-06-16,7.56,08-31-2007,Lloyds Bank Commercial Banking
Q4-07,2006-06-23,7.56,08-31-2007,Lloyds Bank Commercial Banking
Q4-07,2006-07-07,7.56,08-31-2007,Lloyds Bank Commercial Banking
Q4-07,2006-08-17,7.56,08-31-2007,Lloyds Bank Commercial Banking
Q4-07,2006-09-20,7.56,08-31-2007,Lloyds Bank Commercial Banking
Q4-07,2006-10-25,7.54,08-31-2007,Lloyds Bank Commercial Banking
Q4-07,2006-11-29,7.54,08-31-2007,Lloyds Bank Commercial Banking
Q4-07,2006-12-14,7.54,08-31-2007,Lloyds Bank Commercial Banking
Q4-07,2007-01-19,7.45,08-31-2007,Lloyds Bank Commercial Banking
Q4-07,2007-02-22,7.39,08-31-2007,Lloyds Bank Commercial Banking
Q4-07,2007-04-02,7.39,08-31-2007,Lloyds Bank Commercial Banking
Q4-07,2007-04-23,7.39,08-31-2007,Lloyds Bank Commercial Banking
Q4-07,2007-05-23,7.31,08-31-2007,Lloyds Bank Commercial Banking
Q4-07,2007-05-24,7.31,08-31-2007,Lloyds Bank Commercial Banking
Q4-07,2007-06-14,7.37,08-31-2007,Lloyds Bank Commercial Banking
Q4-07,2007-07-16,7.37,08-31-2007,Lloyds Bank Commercial Banking
Q4-07,2007-08-17,7.37,08-31-2007,Lloyds Bank Commercial Banking
Q4-07,2007-08-31,7.37,08-31-2007,Lloyds Bank Commercial Banking
Q1-08,2007-04-02,7.31,08-31-2007,Lloyds Bank Commercial Banking
Q1-08,2007-04-23,7.31,08-31-2007,Lloyds Bank Commercial Banking
Q1-08,2007-05-23,7.24,08-31-2007,Lloyds Bank Commercial Banking
Q1-08,2007-05-24,7.24,08-31-2007,Lloyds Bank Commercial Banking
Q1-08,2007-06-14,7.25,08-31-2007,Lloyds Bank Commercial Banking
Q1-08,2007-07-16,7.25,08-31-2007,Lloyds Bank Commercial Banking
Q1-08,2007-08-17,7.25,08-31-2007,Lloyds Bank Commercial Banking
Q1-08,2007-08-31,7.25,08-31-2007,Lloyds Bank Commercial Banking
Q2-08,2007-06-14,7.15,08-31-2007,Lloyds Bank Commercial Banking
Q2-08,2007-07-16,7.15,08-31-2007,Lloyds Bank Commercial Banking
Q2-08,2007-08-17,7.15,08-31-2007,Lloyds Bank Commercial Banking
Q2-08,2007-08-31,7.15,08-31-2007,Lloyds Bank Commercial Banking
2008,2006-05-12,7.09,08-31-2007,Lloyds Bank Commercial Banking
2008,2006-06-16,7.09,08-31-2007,Lloyds Bank Commercial Banking
2008,2006-06-23,7.09,08-31-2007,Lloyds Bank Commercial Banking
2008,2006-07-07,7.09,08-31-2007,Lloyds Bank Commercial Banking
2008,2006-08-17,7.09,08-31-2007,Lloyds Bank Commercial Banking
2008,2006-09-20,7.09,08-31-2007,Lloyds Bank Commercial Banking
2008,2006-10-25,7.28,08-31-2007,Lloyds Bank Commercial Banking
2008,2006-11-29,7.28,08-31-2007,Lloyds Bank Commercial Banking
2008,2006-12-14,7.28,08-31-2007,Lloyds Bank Commercial Banking
2008,2007-01-19,7.13,08-31-2007,Lloyds Bank Commercial Banking
2008,2007-02-22,7.11,08-31-2007,Lloyds Bank Commercial Banking
2008,2007-04-02,7.11,08-31-2007,Lloyds Bank Commercial Banking
2008,2007-04-23,7.11,08-31-2007,Lloyds Bank Commercial Banking
2008,2007-05-23,7.11,08-31-2007,Lloyds Bank Commercial Banking
2008,2007-05-24,7.11,08-31-2007,Lloyds Bank Commercial Banking
2008,2007-06-14,7.09,08-31-2007,Lloyds Bank Commercial Banking
2008,2007-07-16,7.04,08-31-2007,Lloyds Bank Commercial Banking
2008,2007-08-17,7.04,08-31-2007,Lloyds Bank Commercial Banking
2008,2007-08-31,7.04,08-31-2007,Lloyds Bank Commercial Banking
2009,2006-05-12,6.91,08-31-2007,Lloyds Bank Commercial Banking
2009,2006-06-16,6.91,08-31-2007,Lloyds Bank Commercial Banking
2009,2006-06-23,6.91,08-31-2007,Lloyds Bank Commercial Banking
2009,2006-07-07,6.91,08-31-2007,Lloyds Bank Commercial Banking
2009,2006-08-17,6.91,08-31-2007,Lloyds Bank Commercial Banking
2009,2006-09-20,6.91,08-31-2007,Lloyds Bank Commercial Banking
2009,2006-10-25,7.17,08-31-2007,Lloyds Bank Commercial Banking
2009,2006-11-29,7.17,08-31-2007,Lloyds Bank Commercial Banking
2009,2006-12-14,7.17,08-31-2007,Lloyds Bank Commercial Banking
2009,2007-01-19,7.1,08-31-2007,Lloyds Bank Commercial Banking
2009,2007-02-22,6.8,08-31-2007,Lloyds Bank Commercial Banking
2009,2007-04-23,6.8,08-31-2007,Lloyds Bank Commercial Banking
2009,2007-05-23,6.8,08-31-2007,Lloyds Bank Commercial Banking
2009,2007-05-24,6.8,08-31-2007,Lloyds Bank Commercial Banking
2009,2007-06-14,6.8,08-31-2007,Lloyds Bank Commercial Banking
2009,2007-07-16,6.64,08-31-2007,Lloyds Bank Commercial Banking
2009,2007-08-17,6.64,08-31-2007,Lloyds Bank Commercial Banking
2009,2007-08-31,6.64,08-31-2007,Lloyds Bank Commercial Banking
2010,2006-05-12,6.79,08-31-2007,Lloyds Bank Commercial Banking
2010,2006-06-16,6.79,08-31-2007,Lloyds Bank Commercial Banking
2010,2006-06-23,6.79,08-31-2007,Lloyds Bank Commercial Banking
2010,2006-07-07,6.79,08-31-2007,Lloyds Bank Commercial Banking
2010,2006-08-17,6.79,08-31-2007,Lloyds Bank Commercial Banking
2010,2006-09-20,6.79,08-31-2007,Lloyds Bank Commercial Banking
2010,2006-10-25,7.1,08-31-2007,Lloyds Bank Commercial Banking
2010,2006-11-29,7.1,08-31-2007,Lloyds Bank Commercial Banking
2010,2006-12-14,7.1,08-31-2007,Lloyds Bank Commercial Banking
2010,2007-01-19,6.99,08-31-2007,Lloyds Bank Commercial Banking
2010,2007-02-22,6.59,08-31-2007,Lloyds Bank Commercial Banking
2010,2007-04-23,6.59,08-31-2007,Lloyds Bank Commercial Banking
2010,2007-05-23,6.59,08-31-2007,Lloyds Bank Commercial Banking
2010,2007-05-24,6.59,08-31-2007,Lloyds Bank Commercial Banking
2010,2007-06-14,6.59,08-31-2007,Lloyds Bank Commercial Banking
2010,2007-07-16,6.49,08-31-2007,Lloyds Bank Commercial Banking
2010,2007-08-17,6.49,08-31-2007,Lloyds Bank Commercial Banking
2010,2007-08-31,6.49,08-31-2007,Lloyds Bank Commercial Banking
2011,2006-05-12,6.79,08-31-2007,Lloyds Bank Commercial Banking
2011,2006-06-16,6.79,08-31-2007,Lloyds Bank Commercial Banking
2011,2006-06-23,6.79,08-31-2007,Lloyds Bank Commercial Banking
2011,2006-07-07,6.79,08-31-2007,Lloyds Bank Commercial Banking
2011,2006-08-17,6.79,08-31-2007,Lloyds Bank Commercial Banking
2011,2006-09-20,6.79,08-31-2007,Lloyds Bank Commercial Banking
2011,2006-10-25,7.04,08-31-2007,Lloyds Bank Commercial Banking
2011,2006-11-29,7.04,08-31-2007,Lloyds Bank Commercial Banking
2011,2006-12-14,7.04,08-31-2007,Lloyds Bank Commercial Banking
2011,2007-01-19,6.99,08-31-2007,Lloyds Bank Commercial Banking
2011,2007-02-22,6.42,08-31-2007,Lloyds Bank Commercial Banking
2011,2007-04-23,6.42,08-31-2007,Lloyds Bank Commercial Banking
2011,2007-05-23,6.42,08-31-2007,Lloyds Bank Commercial Banking
2011,2007-05-24,6.42,08-31-2007,Lloyds Bank Commercial Banking
2011,2007-06-14,6.42,08-31-2007,Lloyds Bank Commercial Banking
2011,2007-07-16,6.34,08-31-2007,Lloyds Bank Commercial Banking
2011,2007-08-17,6.34,08-31-2007,Lloyds Bank Commercial Banking
2011,2007-08-31,6.34,08-31-2007,Lloyds Bank Commercial Banking
Q1-16,2015-03-30,6.11,02-28-2016,Lloyds Bank Commercial Banking
Q1-16,2015-04-29,6.14,02-28-2016,Lloyds Bank Commercial Banking
Q1-16,2015-06-30,6.14,02-28-2016,Lloyds Bank Commercial Banking
Q1-16,2015-07-22,6.14,02-28-2016,Lloyds Bank Commercial Banking
Q1-16,2015-08-17,6.3,02-28-2016,Lloyds Bank Commercial Banking
Q1-16,2015-09-25,6.5,02-28-2016,Lloyds Bank Commercial Banking
Q1-16,2015-12-30,6.45,02-28-2016,Lloyds Bank Commercial Banking
Q1-16,2016-01-27,6.6,02-28-2016,Lloyds Bank Commercial Banking
Q2-16,2015-06-30,6.1,02-28-2016,Lloyds Bank Commercial Banking
Q2-16,2015-07-22,6.1,02-28-2016,Lloyds Bank Commercial Banking
Q2-16,2015-08-17,6.25,02-28-2016,Lloyds Bank Commercial Banking
Q2-16,2015-09-25,6.6,02-28-2016,Lloyds Bank Commercial Banking
Q2-16,2015-12-30,6.5,02-28-2016,Lloyds Bank Commercial Banking
Q2-16,2016-01-27,6.65,02-28-2016,Lloyds Bank Commercial Banking
Q3-16,2015-09-25,6.6,02-28-2016,Lloyds Bank Commercial Banking
Q3-16,2015-12-30,6.55,02-28-2016,Lloyds Bank Commercial Banking
Q3-16,2016-01-27,6.65,02-28-2016,Lloyds Bank Commercial Banking
Q4-16,2014-12-01,5.8,02-28-2016,Lloyds Bank Commercial Banking
Q4-16,2014-12-23,6.1,02-28-2016,Lloyds Bank Commercial Banking
Q4-16,2015-01-14,6.1,02-28-2016,Lloyds Bank Commercial Banking
Q4-16,2015-02-20,6.1,02-28-2016,Lloyds Bank Commercial Banking
Q4-16,2015-03-30,6.1,02-28-2016,Lloyds Bank Commercial Banking
Q4-16,2015-04-29,6.1,02-28-2016,Lloyds Bank Commercial Banking
Q4-16,2015-06-30,6.1,02-28-2016,Lloyds Bank Commercial Banking
Q4-16,2015-07-22,6.1,02-28-2016,Lloyds Bank Commercial Banking
Q4-16,2015-08-17,6.18,02-28-2016,Lloyds Bank Commercial Banking
Q4-16,2015-09-25,6.6,02-28-2016,Lloyds Bank Commercial Banking
Q4-16,2015-12-30,6.6,02-28-2016,Lloyds Bank Commercial Banking
Q4-16,2016-01-27,6.7,02-28-2016,Lloyds Bank Commercial Banking
2017,2015-12-30,6.45,02-28-2016,Lloyds Bank Commercial Banking
2017,2016-01-27,6.45,02-28-2016,Lloyds Bank Commercial Banking
Q4-08,2006-12-14,7.28,11-30-2008,Lloyds Bank Commercial Banking
Q4-08,2007-01-19,7.13,11-30-2008,Lloyds Bank Commercial Banking
Q4-08,2007-02-22,7.11,11-30-2008,Lloyds Bank Commercial Banking
Q4-08,2007-04-02,7.11,11-30-2008,Lloyds Bank Commercial Banking
Q4-08,2007-04-23,7.11,11-30-2008,Lloyds Bank Commercial Banking
Q4-08,2007-05-23,7.11,11-30-2008,Lloyds Bank Commercial Banking
Q4-08,2007-05-24,7.11,11-30-2008,Lloyds Bank Commercial Banking
Q4-08,2007-06-14,7.09,11-30-2008,Lloyds Bank Commercial Banking
Q4-08,2007-07-16,7.04,11-30-2008,Lloyds Bank Commercial Banking
Q4-08,2007-08-17,7.04,11-30-2008,Lloyds Bank Commercial Banking
Q4-08,2007-08-31,7.04,11-30-2008,Lloyds Bank Commercial Banking
Q4-08,2007-09-18,7.04,11-30-2008,Lloyds Bank Commercial Banking
Q4-08,2007-10-19,7.04,11-30-2008,Lloyds Bank Commercial Banking
Q4-08,2007-10-22,7.04,11-30-2008,Lloyds Bank Commercial Banking
Q4-08,2007-12-04,6.99,11-30-2008,Lloyds Bank Commercial Banking
Q4-08,2008-01-16,6.99,11-30-2008,Lloyds Bank Commercial Banking
Q4-08,2008-02-19,6.99,11-30-2008,Lloyds Bank Commercial Banking
Q4-08,2008-03-26,6.71,11-30-2008,Lloyds Bank Commercial Banking
Q4-08,2008-04-22,6.71,11-30-2008,Lloyds Bank Commercial Banking
Q4-08,2008-05-23,6.71,11-30-2008,Lloyds Bank Commercial Banking
Q4-08,2008-07-17,6.62,11-30-2008,Lloyds Bank Commercial Banking
Q4-08,2008-08-20,6.76,11-30-2008,Lloyds Bank Commercial Banking
Q4-08,2008-09-11,6.76,11-30-2008,Lloyds Bank Commercial Banking
Q4-08,2008-10-17,6.77,11-30-2008,Lloyds Bank Commercial Banking
Q4-08,2008-11-27,6.77,11-30-2008,Lloyds Bank Commercial Banking
Q4-08,2008-11-28,6.77,11-30-2008,Lloyds Bank Commercial Banking
Q1-09,2008-03-26,6.59,11-30-2008,Lloyds Bank Commercial Banking
Q1-09,2008-04-22,6.59,11-30-2008,Lloyds Bank Commercial Banking
Q1-09,2008-05-23,6.59,11-30-2008,Lloyds Bank Commercial Banking
Q1-09,2008-07-17,6.5,11-30-2008,Lloyds Bank Commercial Banking
Q1-09,2008-08-20,6.65,11-30-2008,Lloyds Bank Commercial Banking
Q1-09,2008-09-11,6.65,11-30-2008,Lloyds Bank Commercial Banking
Q1-09,2008-10-17,6.65,11-30-2008,Lloyds Bank Commercial Banking
Q1-09,2008-11-27,6.7,11-30-2008,Lloyds Bank Commercial Banking
Q1-09,2008-11-28,6.7,11-30-2008,Lloyds Bank Commercial Banking
Q2-09,2008-07-17,6.45,11-30-2008,Lloyds Bank Commercial Banking
Q2-09,2008-08-20,6.6,11-30-2008,Lloyds Bank Commercial Banking
Q2-09,2008-09-11,6.6,11-30-2008,Lloyds Bank Commercial Banking
Q2-09,2008-10-17,6.6,11-30-2008,Lloyds Bank Commercial Banking
Q2-09,2008-11-27,6.65,11-30-2008,Lloyds Bank Commercial Banking
Q2-09,2008-11-28,6.65,11-30-2008,Lloyds Bank Commercial Banking
Q3-09,2008-09-11,6.5,11-30-2008,Lloyds Bank Commercial Banking
Q3-09,2008-10-17,6.5,11-30-2008,Lloyds Bank Commercial Banking
Q3-09,2008-11-27,6.6,11-30-2008,Lloyds Bank Commercial Banking
Q3-09,2008-11-28,6.6,11-30-2008,Lloyds Bank Commercial Banking
2009,2006-12-14,7.17,11-30-2008,Lloyds Bank Commercial Banking
2009,2007-01-19,7.1,11-30-2008,Lloyds Bank Commercial Banking
2009,2007-02-22,6.8,11-30-2008,Lloyds Bank Commercial Banking
2009,2007-04-23,6.8,11-30-2008,Lloyds Bank Commercial Banking
2009,2007-05-23,6.8,11-30-2008,Lloyds Bank Commercial Banking
2009,2007-05-24,6.8,11-30-2008,Lloyds Bank Commercial Banking
2009,2007-06-14,6.8,11-30-2008,Lloyds Bank Commercial Banking
2009,2007-07-16,6.64,11-30-2008,Lloyds Bank Commercial Banking
2009,2007-08-17,6.64,11-30-2008,Lloyds Bank Commercial Banking
2009,2007-08-31,6.64,11-30-2008,Lloyds Bank Commercial Banking
2009,2007-09-18,6.64,11-30-2008,Lloyds Bank Commercial Banking
2009,2007-10-19,6.64,11-30-2008,Lloyds Bank Commercial Banking
2009,2007-10-22,6.64,11-30-2008,Lloyds Bank Commercial Banking
2009,2008-01-16,6.64,11-30-2008,Lloyds Bank Commercial Banking
2009,2008-02-19,6.64,11-30-2008,Lloyds Bank Commercial Banking
2009,2008-03-26,6.27,11-30-2008,Lloyds Bank Commercial Banking
2009,2008-04-22,6.27,11-30-2008,Lloyds Bank Commercial Banking
2009,2008-07-17,6.27,11-30-2008,Lloyds Bank Commercial Banking
2009,2008-08-20,6.4,11-30-2008,Lloyds Bank Commercial Banking
2009,2008-09-11,6.4,11-30-2008,Lloyds Bank Commercial Banking
2009,2008-10-17,6.4,11-30-2008,Lloyds Bank Commercial Banking
2009,2008-11-27,6.5,11-30-2008,Lloyds Bank Commercial Banking
2009,2008-11-28,6.5,11-30-2008,Lloyds Bank Commercial Banking
2010,2006-12-14,7.1,11-30-2008,Lloyds Bank Commercial Banking
2010,2007-01-19,6.99,11-30-2008,Lloyds Bank Commercial Banking
2010,2007-02-22,6.59,11-30-2008,Lloyds Bank Commercial Banking
2010,2007-04-23,6.59,11-30-2008,Lloyds Bank Commercial Banking
2010,2007-05-23,6.59,11-30-2008,Lloyds Bank Commercial Banking
2010,2007-05-24,6.59,11-30-2008,Lloyds Bank Commercial Banking
2010,2007-06-14,6.59,11-30-2008,Lloyds Bank Commercial Banking
2010,2007-07-16,6.49,11-30-2008,Lloyds Bank Commercial Banking
2010,2007-08-17,6.49,11-30-2008,Lloyds Bank Commercial Banking
2010,2007-08-31,6.49,11-30-2008,Lloyds Bank Commercial Banking
2010,2007-09-18,6.49,11-30-2008,Lloyds Bank Commercial Banking
2010,2007-10-19,6.49,11-30-2008,Lloyds Bank Commercial Banking
2010,2007-10-22,6.49,11-30-2008,Lloyds Bank Commercial Banking
2010,2008-01-16,6.49,11-30-2008,Lloyds Bank Commercial Banking
2010,2008-02-19,6.49,11-30-2008,Lloyds Bank Commercial Banking
2010,2008-03-26,6.17,11-30-2008,Lloyds Bank Commercial Banking
2011,2006-12-14,7.04,11-30-2008,Lloyds Bank Commercial Banking
2011,2007-01-19,6.99,11-30-2008,Lloyds Bank Commercial Banking
2011,2007-02-22,6.42,11-30-2008,Lloyds Bank Commercial Banking
2011,2007-04-23,6.42,11-30-2008,Lloyds Bank Commercial Banking
2011,2007-05-23,6.42,11-30-2008,Lloyds Bank Commercial Banking
2011,2007-05-24,6.42,11-30-2008,Lloyds Bank Commercial Banking
2011,2007-06-14,6.42,11-30-2008,Lloyds Bank Commercial Banking
2011,2007-07-16,6.34,11-30-2008,Lloyds Bank Commercial Banking
2011,2007-08-17,6.34,11-30-2008,Lloyds Bank Commercial Banking
2011,2007-08-31,6.34,11-30-2008,Lloyds Bank Commercial Banking
2011,2007-09-18,6.34,11-30-2008,Lloyds Bank Commercial Banking
2011,2007-10-19,6.34,11-30-2008,Lloyds Bank Commercial Banking
2011,2007-10-22,6.34,11-30-2008,Lloyds Bank Commercial Banking
2011,2008-01-16,6.34,11-30-2008,Lloyds Bank Commercial Banking
2011,2008-02-19,6.34,11-30-2008,Lloyds Bank Commercial Banking
2011,2008-03-26,6.05,11-30-2008,Lloyds Bank Commercial Banking
2012,2007-07-16,6.23,11-30-2008,Lloyds Bank Commercial Banking
2012,2007-08-17,6.23,11-30-2008,Lloyds Bank Commercial Banking
2012,2007-08-31,6.23,11-30-2008,Lloyds Bank Commercial Banking
2012,2007-10-19,6.23,11-30-2008,Lloyds Bank Commercial Banking
2012,2007-10-22,6.23,11-30-2008,Lloyds Bank Commercial Banking
2012,2008-02-19,6.23,11-30-2008,Lloyds Bank Commercial Banking
2012,2008-03-26,5.8,11-30-2008,Lloyds Bank Commercial Banking
Q2-19,2018-03-15,6.52,05-31-2019,Lloyds Bank Commercial Banking
Q2-19,2018-04-13,6.52,05-31-2019,Lloyds Bank Commercial Banking
Q2-19,2018-06-12,6.52,05-31-2019,Lloyds Bank Commercial Banking
Q2-19,2018-07-16,6.52,05-31-2019,Lloyds Bank Commercial Banking
Q2-19,2018-08-08,6.52,05-31-2019,Lloyds Bank Commercial Banking
Q2-19,2018-09-14,6.52,05-31-2019,Lloyds Bank Commercial Banking
Q2-19,2018-10-11,6.67,05-31-2019,Lloyds Bank Commercial Banking
Q2-19,2018-11-14,6.7,05-31-2019,Lloyds Bank Commercial Banking
Q2-19,2018-12-17,6.7,05-31-2019,Lloyds Bank Commercial Banking
Q2-19,2019-01-23,6.7,05-31-2019,Lloyds Bank Commercial Banking
Q2-19,2019-04-30,6.7,05-31-2019,Lloyds Bank Commercial Banking
Q3-19,2018-03-15,6.55,05-31-2019,Lloyds Bank Commercial Banking
Q3-19,2018-04-13,6.55,05-31-2019,Lloyds Bank Commercial Banking
Q3-19,2018-09-14,6.55,05-31-2019,Lloyds Bank Commercial Banking
Q3-19,2018-10-11,6.65,05-31-2019,Lloyds Bank Commercial Banking
Q3-19,2018-11-14,6.65,05-31-2019,Lloyds Bank Commercial Banking
Q3-19,2018-12-17,6.65,05-31-2019,Lloyds Bank Commercial Banking
Q3-19,2019-01-23,6.65,05-31-2019,Lloyds Bank Commercial Banking
Q3-19,2019-04-30,6.65,05-31-2019,Lloyds Bank Commercial Banking
Q4-19,2017-09-28,6.81,05-31-2019,Lloyds Bank Commercial Banking
Q4-19,2017-10-17,6.81,05-31-2019,Lloyds Bank Commercial Banking
Q4-19,2017-11-21,6.81,05-31-2019,Lloyds Bank Commercial Banking
Q4-19,2017-12-21,6.81,05-31-2019,Lloyds Bank Commercial Banking
Q4-19,2018-01-18,6.81,05-31-2019,Lloyds Bank Commercial Banking
Q4-19,2018-02-13,6.62,05-31-2019,Lloyds Bank Commercial Banking
Q4-19,2018-03-15,6.56,05-31-2019,Lloyds Bank Commercial Banking
Q4-19,2018-04-12,6.56,05-31-2019,Lloyds Bank Commercial Banking
Q4-19,2018-04-13,6.56,05-31-2019,Lloyds Bank Commercial Banking
Q4-19,2018-05-17,6.56,05-31-2019,Lloyds Bank Commercial Banking
Q4-19,2018-06-12,6.56,05-31-2019,Lloyds Bank Commercial Banking
Q4-19,2018-07-16,6.56,05-31-2019,Lloyds Bank Commercial Banking
Q4-19,2018-08-08,6.56,05-31-2019,Lloyds Bank Commercial Banking
Q4-19,2018-09-14,6.56,05-31-2019,Lloyds Bank Commercial Banking
Q4-19,2018-10-11,6.63,05-31-2019,Lloyds Bank Commercial Banking
Q4-19,2018-11-14,6.63,05-31-2019,Lloyds Bank Commercial Banking
Q4-19,2018-12-17,6.63,05-31-2019,Lloyds Bank Commercial Banking
Q4-19,2019-01-23,6.63,05-31-2019,Lloyds Bank Commercial Banking
Q4-19,2019-04-30,6.63,05-31-2019,Lloyds Bank Commercial Banking
Q1-20,2018-03-15,6.58,05-31-2019,Lloyds Bank Commercial Banking
Q1-20,2018-04-13,6.58,05-31-2019,Lloyds Bank Commercial Banking
Q1-20,2019-04-30,6.6,05-31-2019,Lloyds Bank Commercial Banking
2020,2017-09-28,6.59,05-31-2019,Lloyds Bank Commercial Banking
2020,2018-10-11,6.59,05-31-2019,Lloyds Bank Commercial Banking
2020,2018-11-14,6.59,05-31-2019,Lloyds Bank Commercial Banking
2020,2018-12-17,6.59,05-31-2019,Lloyds Bank Commercial Banking
2020,2019-01-23,6.59,05-31-2019,Lloyds Bank Commercial Banking
2020,2019-04-30,6.59,05-31-2019,Lloyds Bank Commercial Banking
Q3-12,2012-01-19,6.17,08-31-2012,Lloyds Bank Commercial Banking
Q3-12,2012-02-15,6.17,08-31-2012,Lloyds Bank Commercial Banking
Q3-12,2012-04-11,6.17,08-31-2012,Lloyds Bank Commercial Banking
Q3-12,2012-05-18,6.23,08-31-2012,Lloyds Bank Commercial Banking
Q3-12,2012-06-27,6.38,08-31-2012,Lloyds Bank Commercial Banking
Q3-12,2012-07-11,6.38,08-31-2012,Lloyds Bank Commercial Banking
Q3-12,2012-08-15,6.36,08-31-2012,Lloyds Bank Commercial Banking
Q4-12,2012-01-19,6.11,08-31-2012,Lloyds Bank Commercial Banking
Q4-12,2012-02-15,6.11,08-31-2012,Lloyds Bank Commercial Banking
Q4-12,2012-04-11,6.11,08-31-2012,Lloyds Bank Commercial Banking
Q4-12,2012-05-18,6.17,08-31-2012,Lloyds Bank Commercial Banking
Q4-12,2012-06-27,6.38,08-31-2012,Lloyds Bank Commercial Banking
Q4-12,2012-07-11,6.38,08-31-2012,Lloyds Bank Commercial Banking
Q4-12,2012-08-15,6.36,08-31-2012,Lloyds Bank Commercial Banking
Q1-13,2012-04-11,5.99,08-31-2012,Lloyds Bank Commercial Banking
Q1-13,2012-05-18,6.03,08-31-2012,Lloyds Bank Commercial Banking
Q1-13,2012-06-27,6.34,08-31-2012,Lloyds Bank Commercial Banking
Q1-13,2012-07-11,6.36,08-31-2012,Lloyds Bank Commercial Banking
Q1-13,2012-08-15,6.35,08-31-2012,Lloyds Bank Commercial Banking
Q2-13,2012-06-27,6.34,08-31-2012,Lloyds Bank Commercial Banking
Q2-13,2012-07-11,6.3,08-31-2012,Lloyds Bank Commercial Banking
Q2-13,2012-08-15,6.33,08-31-2012,Lloyds Bank Commercial Banking
2013,2012-01-19,5.87,08-31-2012,Lloyds Bank Commercial Banking
2013,2012-02-15,5.87,08-31-2012,Lloyds Bank Commercial Banking
2013,2012-04-11,5.87,08-31-2012,Lloyds Bank Commercial Banking
2013,2012-05-18,5.89,08-31-2012,Lloyds Bank Commercial Banking
2013,2012-06-27,6.3,08-31-2012,Lloyds Bank Commercial Banking
2013,2012-07-11,6.2,08-31-2012,Lloyds Bank Commercial Banking
2013,2012-08-15,6.28,08-31-2012,Lloyds Bank Commercial Banking
2014,2012-01-19,5.65,08-31-2012,Lloyds Bank Commercial Banking
2014,2012-02-15,5.65,08-31-2012,Lloyds Bank Commercial Banking
2014,2012-04-11,5.65,08-31-2012,Lloyds Bank Commercial Banking
2014,2012-05-18,5.65,08-31-2012,Lloyds Bank Commercial Banking
2014,2012-06-27,6.2,08-31-2012,Lloyds Bank Commercial Banking
2014,2012-07-11,6.05,08-31-2012,Lloyds Bank Commercial Banking
2014,2012-08-15,6.1,08-31-2012,Lloyds Bank Commercial Banking
2015,2012-01-19,5.51,08-31-2012,Lloyds Bank Commercial Banking
2015,2012-02-15,5.51,08-31-2012,Lloyds Bank Commercial Banking
2015,2012-04-11,5.51,08-31-2012,Lloyds Bank Commercial Banking
2015,2012-05-18,5.51,08-31-2012,Lloyds Bank Commercial Banking
2015,2012-06-27,5.75,08-31-2012,Lloyds Bank Commercial Banking
2015,2012-07-11,5.75,08-31-2012,Lloyds Bank Commercial Banking
2015,2012-08-15,5.75,08-31-2012,Lloyds Bank Commercial Banking
Q1-15,2014-04-16,6.1,02-28-2015,Lloyds Bank Commercial Banking
Q1-15,2014-05-30,6.1,02-28-2015,Lloyds Bank Commercial Banking
Q1-15,2014-06-12,6.12,02-28-2015,Lloyds Bank Commercial Banking
Q1-15,2014-07-17,6.16,02-28-2015,Lloyds Bank Commercial Banking
Q1-15,2014-09-03,6.16,02-28-2015,Lloyds Bank Commercial Banking
Q1-15,2014-09-10,6.1,02-28-2015,Lloyds Bank Commercial Banking
Q1-15,2014-11-11,6.1,02-28-2015,Lloyds Bank Commercial Banking
Q1-15,2014-12-01,6.12,02-28-2015,Lloyds Bank Commercial Banking
Q1-15,2014-12-23,6.17,02-28-2015,Lloyds Bank Commercial Banking
Q1-15,2015-01-14,6.17,02-28-2015,Lloyds Bank Commercial Banking
Q1-15,2015-02-20,6.24,02-28-2015,Lloyds Bank Commercial Banking
Q2-15,2014-07-17,6.12,02-28-2015,Lloyds Bank Commercial Banking
Q2-15,2014-09-03,6.12,02-28-2015,Lloyds Bank Commercial Banking
Q2-15,2014-09-10,6.09,02-28-2015,Lloyds Bank Commercial Banking
Q2-15,2014-11-11,6.09,02-28-2015,Lloyds Bank Commercial Banking
Q2-15,2014-12-01,6.1,02-28-2015,Lloyds Bank Commercial Banking
Q2-15,2014-12-23,6.2,02-28-2015,Lloyds Bank Commercial Banking
Q2-15,2015-01-14,6.2,02-28-2015,Lloyds Bank Commercial Banking
Q2-15,2015-02-20,6.2,02-28-2015,Lloyds Bank Commercial Banking
Q3-15,2014-09-03,6.1,02-28-2015,Lloyds Bank Commercial Banking
Q3-15,2014-09-10,6.05,02-28-2015,Lloyds Bank Commercial Banking
Q3-15,2014-11-11,6.05,02-28-2015,Lloyds Bank Commercial Banking
Q3-15,2014-12-01,6.1,02-28-2015,Lloyds Bank Commercial Banking
Q3-15,2014-12-23,6.15,02-28-2015,Lloyds Bank Commercial Banking
Q3-15,2015-01-14,6.15,02-28-2015,Lloyds Bank Commercial Banking
Q3-15,2015-02-20,6.15,02-28-2015,Lloyds Bank Commercial Banking
Q4-15,2013-04-12,5.75,02-28-2015,Lloyds Bank Commercial Banking
Q4-15,2013-05-21,5.75,02-28-2015,Lloyds Bank Commercial Banking
Q4-15,2013-06-12,5.75,02-28-2015,Lloyds Bank Commercial Banking
Q4-15,2013-07-18,5.95,02-28-2015,Lloyds Bank Commercial Banking
Q4-15,2014-04-16,5.95,02-28-2015,Lloyds Bank Commercial Banking
Q4-15,2014-05-30,5.95,02-28-2015,Lloyds Bank Commercial Banking
Q4-15,2014-06-12,5.95,02-28-2015,Lloyds Bank Commercial Banking
Q4-15,2014-07-17,6.0,02-28-2015,Lloyds Bank Commercial Banking
Q4-15,2014-09-03,6.0,02-28-2015,Lloyds Bank Commercial Banking
Q4-15,2014-09-10,6.0,02-28-2015,Lloyds Bank Commercial Banking
Q4-15,2014-11-11,6.0,02-28-2015,Lloyds Bank Commercial Banking
Q4-15,2014-12-01,6.1,02-28-2015,Lloyds Bank Commercial Banking
Q4-15,2014-12-23,6.12,02-28-2015,Lloyds Bank Commercial Banking
Q4-15,2015-01-14,6.12,02-28-2015,Lloyds Bank Commercial Banking
Q4-15,2015-02-20,6.12,02-28-2015,Lloyds Bank Commercial Banking
2016,2013-04-12,5.45,02-28-2015,Lloyds Bank Commercial Banking
2016,2013-05-21,5.45,02-28-2015,Lloyds Bank Commercial Banking
2016,2013-06-12,5.45,02-28-2015,Lloyds Bank Commercial Banking
2016,2013-07-18,5.55,02-28-2015,Lloyds Bank Commercial Banking
2016,2014-12-01,5.8,02-28-2015,Lloyds Bank Commercial Banking
2016,2014-12-23,6.1,02-28-2015,Lloyds Bank Commercial Banking
2016,2015-01-14,6.1,02-28-2015,Lloyds Bank Commercial Banking
2016,2015-02-20,6.1,02-28-2015,Lloyds Bank Commercial Banking
Q4-12,2012-01-19,6.11,11-30-2012,Lloyds Bank Commercial Banking
Q4-12,2012-02-15,6.11,11-30-2012,Lloyds Bank Commercial Banking
Q4-12,2012-04-11,6.11,11-30-2012,Lloyds Bank Commercial Banking
Q4-12,2012-05-18,6.17,11-30-2012,Lloyds Bank Commercial Banking
Q4-12,2012-06-27,6.38,11-30-2012,Lloyds Bank Commercial Banking
Q4-12,2012-07-11,6.38,11-30-2012,Lloyds Bank Commercial Banking
Q4-12,2012-08-15,6.36,11-30-2012,Lloyds Bank Commercial Banking
Q4-12,2012-09-11,6.34,11-30-2012,Lloyds Bank Commercial Banking
Q4-12,2012-10-16,6.31,11-30-2012,Lloyds Bank Commercial Banking
Q4-12,2012-11-19,6.24,11-30-2012,Lloyds Bank Commercial Banking
Q1-13,2012-04-11,5.99,11-30-2012,Lloyds Bank Commercial Banking
Q1-13,2012-05-18,6.03,11-30-2012,Lloyds Bank Commercial Banking
Q1-13,2012-06-27,6.34,11-30-2012,Lloyds Bank Commercial Banking
Q1-13,2012-07-11,6.36,11-30-2012,Lloyds Bank Commercial Banking
Q1-13,2012-08-15,6.35,11-30-2012,Lloyds Bank Commercial Banking
Q1-13,2012-09-11,6.34,11-30-2012,Lloyds Bank Commercial Banking
Q1-13,2012-10-16,6.29,11-30-2012,Lloyds Bank Commercial Banking
Q1-13,2012-11-19,6.28,11-30-2012,Lloyds Bank Commercial Banking
Q2-13,2012-06-27,6.34,11-30-2012,Lloyds Bank Commercial Banking
Q2-13,2012-07-11,6.3,11-30-2012,Lloyds Bank Commercial Banking
Q2-13,2012-08-15,6.33,11-30-2012,Lloyds Bank Commercial Banking
Q2-13,2012-09-11,6.33,11-30-2012,Lloyds Bank Commercial Banking
Q2-13,2012-10-16,6.27,11-30-2012,Lloyds Bank Commercial Banking
Q2-13,2012-11-19,6.27,11-30-2012,Lloyds Bank Commercial Banking
Q3-13,2012-10-16,6.25,11-30-2012,Lloyds Bank Commercial Banking
Q3-13,2012-11-19,6.25,11-30-2012,Lloyds Bank Commercial Banking
2013,2012-01-19,5.87,11-30-2012,Lloyds Bank Commercial Banking
2013,2012-02-15,5.87,11-30-2012,Lloyds Bank Commercial Banking
2013,2012-04-11,5.87,11-30-2012,Lloyds Bank Commercial Banking
2013,2012-05-18,5.89,11-30-2012,Lloyds Bank Commercial Banking
2013,2012-06-27,6.3,11-30-2012,Lloyds Bank Commercial Banking
2013,2012-07-11,6.2,11-30-2012,Lloyds Bank Commercial Banking
2013,2012-08-15,6.28,11-30-2012,Lloyds Bank Commercial Banking
2013,2012-09-11,6.28,11-30-2012,Lloyds Bank Commercial Banking
2013,2012-10-16,6.23,11-30-2012,Lloyds Bank Commercial Banking
2013,2012-11-19,6.23,11-30-2012,Lloyds Bank Commercial Banking
2014,2012-01-19,5.65,11-30-2012,Lloyds Bank Commercial Banking
2014,2012-02-15,5.65,11-30-2012,Lloyds Bank Commercial Banking
2014,2012-04-11,5.65,11-30-2012,Lloyds Bank Commercial Banking
2014,2012-05-18,5.65,11-30-2012,Lloyds Bank Commercial Banking
2014,2012-06-27,6.2,11-30-2012,Lloyds Bank Commercial Banking
2014,2012-07-11,6.05,11-30-2012,Lloyds Bank Commercial Banking
2014,2012-08-15,6.1,11-30-2012,Lloyds Bank Commercial Banking
2014,2012-09-11,6.1,11-30-2012,Lloyds Bank Commercial Banking
2014,2012-10-16,6.1,11-30-2012,Lloyds Bank Commercial Banking
2014,2012-11-19,6.1,11-30-2012,Lloyds Bank Commercial Banking
2015,2012-01-19,5.51,11-30-2012,Lloyds Bank Commercial Banking
2015,2012-02-15,5.51,11-30-2012,Lloyds Bank Commercial Banking
2015,2012-04-11,5.51,11-30-2012,Lloyds Bank Commercial Banking
2015,2012-05-18,5.51,11-30-2012,Lloyds Bank Commercial Banking
2015,2012-06-27,5.75,11-30-2012,Lloyds Bank Commercial Banking
2015,2012-07-11,5.75,11-30-2012,Lloyds Bank Commercial Banking
2015,2012-08-15,5.75,11-30-2012,Lloyds Bank Commercial Banking
2015,2012-09-11,5.75,11-30-2012,Lloyds Bank Commercial Banking
2015,2012-10-16,5.75,11-30-2012,Lloyds Bank Commercial Banking
2015,2012-11-19,5.75,11-30-2012,Lloyds Bank Commercial Banking
Q2-15,2014-07-17,6.12,05-31-2015,Lloyds Bank Commercial Banking
Q2-15,2014-09-03,6.12,05-31-2015,Lloyds Bank Commercial Banking
Q2-15,2014-09-10,6.09,05-31-2015,Lloyds Bank Commercial Banking
Q2-15,2014-11-11,6.09,05-31-2015,Lloyds Bank Commercial Banking
Q2-15,2014-12-01,6.1,05-31-2015,Lloyds Bank Commercial Banking
Q2-15,2014-12-23,6.2,05-31-2015,Lloyds Bank Commercial Banking
Q2-15,2015-01-14,6.2,05-31-2015,Lloyds Bank Commercial Banking
Q2-15,2015-02-20,6.2,05-31-2015,Lloyds Bank Commercial Banking
Q2-15,2015-03-30,6.2,05-31-2015,Lloyds Bank Commercial Banking
Q2-15,2015-04-29,6.2,05-31-2015,Lloyds Bank Commercial Banking
Q3-15,2014-09-03,6.1,05-31-2015,Lloyds Bank Commercial Banking
Q3-15,2014-09-10,6.05,05-31-2015,Lloyds Bank Commercial Banking
Q3-15,2014-11-11,6.05,05-31-2015,Lloyds Bank Commercial Banking
Q3-15,2014-12-01,6.1,05-31-2015,Lloyds Bank Commercial Banking
Q3-15,2014-12-23,6.15,05-31-2015,Lloyds Bank Commercial Banking
Q3-15,2015-01-14,6.15,05-31-2015,Lloyds Bank Commercial Banking
Q3-15,2015-02-20,6.15,05-31-2015,Lloyds Bank Commercial Banking
Q3-15,2015-03-30,6.15,05-31-2015,Lloyds Bank Commercial Banking
Q3-15,2015-04-29,6.2,05-31-2015,Lloyds Bank Commercial Banking
Q4-15,2013-06-12,5.75,05-31-2015,Lloyds Bank Commercial Banking
Q4-15,2013-07-18,5.95,05-31-2015,Lloyds Bank Commercial Banking
Q4-15,2014-04-16,5.95,05-31-2015,Lloyds Bank Commercial Banking
Q4-15,2014-05-30,5.95,05-31-2015,Lloyds Bank Commercial Banking
Q4-15,2014-06-12,5.95,05-31-2015,Lloyds Bank Commercial Banking
Q4-15,2014-07-17,6.0,05-31-2015,Lloyds Bank Commercial Banking
Q4-15,2014-09-03,6.0,05-31-2015,Lloyds Bank Commercial Banking
Q4-15,2014-09-10,6.0,05-31-2015,Lloyds Bank Commercial Banking
Q4-15,2014-11-11,6.0,05-31-2015,Lloyds Bank Commercial Banking
Q4-15,2014-12-01,6.1,05-31-2015,Lloyds Bank Commercial Banking
Q4-15,2014-12-23,6.12,05-31-2015,Lloyds Bank Commercial Banking
Q4-15,2015-01-14,6.12,05-31-2015,Lloyds Bank Commercial Banking
Q4-15,2015-02-20,6.12,05-31-2015,Lloyds Bank Commercial Banking
Q4-15,2015-03-30,6.12,05-31-2015,Lloyds Bank Commercial Banking
Q4-15,2015-04-29,6.18,05-31-2015,Lloyds Bank Commercial Banking
Q1-16,2015-03-30,6.11,05-31-2015,Lloyds Bank Commercial Banking
Q1-16,2015-04-29,6.14,05-31-2015,Lloyds Bank Commercial Banking
2016,2013-06-12,5.45,05-31-2015,Lloyds Bank Commercial Banking
2016,2013-07-18,5.55,05-31-2015,Lloyds Bank Commercial Banking
2016,2014-12-01,5.8,05-31-2015,Lloyds Bank Commercial Banking
2016,2014-12-23,6.1,05-31-2015,Lloyds Bank Commercial Banking
2016,2015-01-14,6.1,05-31-2015,Lloyds Bank Commercial Banking
2016,2015-02-20,6.1,05-31-2015,Lloyds Bank Commercial Banking
2016,2015-03-30,6.1,05-31-2015,Lloyds Bank Commercial Banking
2016,2015-04-29,6.1,05-31-2015,Lloyds Bank Commercial Banking
Q3-08,2007-09-18,7.1,08-31-2008,Lloyds Bank Commercial Banking
Q3-08,2007-10-19,7.1,08-31-2008,Lloyds Bank Commercial Banking
Q3-08,2007-10-22,7.1,08-31-2008,Lloyds Bank Commercial Banking
Q3-08,2007-12-04,7.1,08-31-2008,Lloyds Bank Commercial Banking
Q3-08,2008-01-16,7.1,08-31-2008,Lloyds Bank Commercial Banking
Q3-08,2008-02-19,7.1,08-31-2008,Lloyds Bank Commercial Banking
Q3-08,2008-03-26,6.83,08-31-2008,Lloyds Bank Commercial Banking
Q3-08,2008-04-22,6.83,08-31-2008,Lloyds Bank Commercial Banking
Q3-08,2008-05-23,6.83,08-31-2008,Lloyds Bank Commercial Banking
Q3-08,2008-07-17,6.72,08-31-2008,Lloyds Bank Commercial Banking
Q3-08,2008-08-20,6.8,08-31-2008,Lloyds Bank Commercial Banking
Q4-08,2006-09-20,7.09,08-31-2008,Lloyds Bank Commercial Banking
Q4-08,2006-10-25,7.28,08-31-2008,Lloyds Bank Commercial Banking
Q4-08,2006-11-29,7.28,08-31-2008,Lloyds Bank Commercial Banking
Q4-08,2006-12-14,7.28,08-31-2008,Lloyds Bank Commercial Banking
Q4-08,2007-01-19,7.13,08-31-2008,Lloyds Bank Commercial Banking
Q4-08,2007-02-22,7.11,08-31-2008,Lloyds Bank Commercial Banking
Q4-08,2007-04-02,7.11,08-31-2008,Lloyds Bank Commercial Banking
Q4-08,2007-04-23,7.11,08-31-2008,Lloyds Bank Commercial Banking
Q4-08,2007-05-23,7.11,08-31-2008,Lloyds Bank Commercial Banking
Q4-08,2007-05-24,7.11,08-31-2008,Lloyds Bank Commercial Banking
Q4-08,2007-06-14,7.09,08-31-2008,Lloyds Bank Commercial Banking
Q4-08,2007-07-16,7.04,08-31-2008,Lloyds Bank Commercial Banking
Q4-08,2007-08-17,7.04,08-31-2008,Lloyds Bank Commercial Banking
Q4-08,2007-08-31,7.04,08-31-2008,Lloyds Bank Commercial Banking
Q4-08,2007-09-18,7.04,08-31-2008,Lloyds Bank Commercial Banking
Q4-08,2007-10-19,7.04,08-31-2008,Lloyds Bank Commercial Banking
Q4-08,2007-10-22,7.04,08-31-2008,Lloyds Bank Commercial Banking
Q4-08,2007-12-04,6.99,08-31-2008,Lloyds Bank Commercial Banking
Q4-08,2008-01-16,6.99,08-31-2008,Lloyds Bank Commercial Banking
Q4-08,2008-02-19,6.99,08-31-2008,Lloyds Bank Commercial Banking
Q4-08,2008-03-26,6.71,08-31-2008,Lloyds Bank Commercial Banking
Q4-08,2008-04-22,6.71,08-31-2008,Lloyds Bank Commercial Banking
Q4-08,2008-05-23,6.71,08-31-2008,Lloyds Bank Commercial Banking
Q4-08,2008-07-17,6.62,08-31-2008,Lloyds Bank Commercial Banking
Q4-08,2008-08-20,6.76,08-31-2008,Lloyds Bank Commercial Banking
Q1-09,2008-03-26,6.59,08-31-2008,Lloyds Bank Commercial Banking
Q1-09,2008-04-22,6.59,08-31-2008,Lloyds Bank Commercial Banking
Q1-09,2008-05-23,6.59,08-31-2008,Lloyds Bank Commercial Banking
Q1-09,2008-07-17,6.5,08-31-2008,Lloyds Bank Commercial Banking
Q1-09,2008-08-20,6.65,08-31-2008,Lloyds Bank Commercial Banking
Q2-09,2008-07-17,6.45,08-31-2008,Lloyds Bank Commercial Banking
Q2-09,2008-08-20,6.6,08-31-2008,Lloyds Bank Commercial Banking
2009,2006-09-20,6.91,08-31-2008,Lloyds Bank Commercial Banking
2009,2006-10-25,7.17,08-31-2008,Lloyds Bank Commercial Banking
2009,2006-11-29,7.17,08-31-2008,Lloyds Bank Commercial Banking
2009,2006-12-14,7.17,08-31-2008,Lloyds Bank Commercial Banking
2009,2007-01-19,7.1,08-31-2008,Lloyds Bank Commercial Banking
2009,2007-02-22,6.8,08-31-2008,Lloyds Bank Commercial Banking
2009,2007-04-23,6.8,08-31-2008,Lloyds Bank Commercial Banking
2009,2007-05-23,6.8,08-31-2008,Lloyds Bank Commercial Banking
2009,2007-05-24,6.8,08-31-2008,Lloyds Bank Commercial Banking
2009,2007-06-14,6.8,08-31-2008,Lloyds Bank Commercial Banking
2009,2007-07-16,6.64,08-31-2008,Lloyds Bank Commercial Banking
2009,2007-08-17,6.64,08-31-2008,Lloyds Bank Commercial Banking
2009,2007-08-31,6.64,08-31-2008,Lloyds Bank Commercial Banking
2009,2007-09-18,6.64,08-31-2008,Lloyds Bank Commercial Banking
2009,2007-10-19,6.64,08-31-2008,Lloyds Bank Commercial Banking
2009,2007-10-22,6.64,08-31-2008,Lloyds Bank Commercial Banking
2009,2008-01-16,6.64,08-31-2008,Lloyds Bank Commercial Banking
2009,2008-02-19,6.64,08-31-2008,Lloyds Bank Commercial Banking
2009,2008-03-26,6.27,08-31-2008,Lloyds Bank Commercial Banking
2009,2008-04-22,6.27,08-31-2008,Lloyds Bank Commercial Banking
2009,2008-07-17,6.27,08-31-2008,Lloyds Bank Commercial Banking
2009,2008-08-20,6.4,08-31-2008,Lloyds Bank Commercial Banking
2010,2006-09-20,6.79,08-31-2008,Lloyds Bank Commercial Banking
2010,2006-10-25,7.1,08-31-2008,Lloyds Bank Commercial Banking
2010,2006-11-29,7.1,08-31-2008,Lloyds Bank Commercial Banking
2010,2006-12-14,7.1,08-31-2008,Lloyds Bank Commercial Banking
2010,2007-01-19,6.99,08-31-2008,Lloyds Bank Commercial Banking
2010,2007-02-22,6.59,08-31-2008,Lloyds Bank Commercial Banking
2010,2007-04-23,6.59,08-31-2008,Lloyds Bank Commercial Banking
2010,2007-05-23,6.59,08-31-2008,Lloyds Bank Commercial Banking
2010,2007-05-24,6.59,08-31-2008,Lloyds Bank Commercial Banking
2010,2007-06-14,6.59,08-31-2008,Lloyds Bank Commercial Banking
2010,2007-07-16,6.49,08-31-2008,Lloyds Bank Commercial Banking
2010,2007-08-17,6.49,08-31-2008,Lloyds Bank Commercial Banking
2010,2007-08-31,6.49,08-31-2008,Lloyds Bank Commercial Banking
2010,2007-09-18,6.49,08-31-2008,Lloyds Bank Commercial Banking
2010,2007-10-19,6.49,08-31-2008,Lloyds Bank Commercial Banking
2010,2007-10-22,6.49,08-31-2008,Lloyds Bank Commercial Banking
2010,2008-01-16,6.49,08-31-2008,Lloyds Bank Commercial Banking
2010,2008-02-19,6.49,08-31-2008,Lloyds Bank Commercial Banking
2010,2008-03-26,6.17,08-31-2008,Lloyds Bank Commercial Banking
2011,2006-09-20,6.79,08-31-2008,Lloyds Bank Commercial Banking
2011,2006-10-25,7.04,08-31-2008,Lloyds Bank Commercial Banking
2011,2006-11-29,7.04,08-31-2008,Lloyds Bank Commercial Banking
2011,2006-12-14,7.04,08-31-2008,Lloyds Bank Commercial Banking
2011,2007-01-19,6.99,08-31-2008,Lloyds Bank Commercial Banking
2011,2007-02-22,6.42,08-31-2008,Lloyds Bank Commercial Banking
2011,2007-04-23,6.42,08-31-2008,Lloyds Bank Commercial Banking
2011,2007-05-23,6.42,08-31-2008,Lloyds Bank Commercial Banking
2011,2007-05-24,6.42,08-31-2008,Lloyds Bank Commercial Banking
2011,2007-06-14,6.42,08-31-2008,Lloyds Bank Commercial Banking
2011,2007-07-16,6.34,08-31-2008,Lloyds Bank Commercial Banking
2011,2007-08-17,6.34,08-31-2008,Lloyds Bank Commercial Banking
2011,2007-08-31,6.34,08-31-2008,Lloyds Bank Commercial Banking
2011,2007-09-18,6.34,08-31-2008,Lloyds Bank Commercial Banking
2011,2007-10-19,6.34,08-31-2008,Lloyds Bank Commercial Banking
2011,2007-10-22,6.34,08-31-2008,Lloyds Bank Commercial Banking
2011,2008-01-16,6.34,08-31-2008,Lloyds Bank Commercial Banking
2011,2008-02-19,6.34,08-31-2008,Lloyds Bank Commercial Banking
2011,2008-03-26,6.05,08-31-2008,Lloyds Bank Commercial Banking
2012,2007-07-16,6.23,08-31-2008,Lloyds Bank Commercial Banking
2012,2007-08-17,6.23,08-31-2008,Lloyds Bank Commercial Banking
2012,2007-08-31,6.23,08-31-2008,Lloyds Bank Commercial Banking
2012,2007-10-19,6.23,08-31-2008,Lloyds Bank Commercial Banking
2012,2007-10-22,6.23,08-31-2008,Lloyds Bank Commercial Banking
2012,2008-02-19,6.23,08-31-2008,Lloyds Bank Commercial Banking
2012,2008-03-26,5.8,08-31-2008,Lloyds Bank Commercial Banking
Q1-19,2018-03-15,6.5,02-28-2019,Lloyds Bank Commercial Banking
Q1-19,2018-04-13,6.5,02-28-2019,Lloyds Bank Commercial Banking
Q1-19,2018-04-23,6.5,02-28-2019,Lloyds Bank Commercial Banking
Q1-19,2018-05-17,6.5,02-28-2019,Lloyds Bank Commercial Banking
Q1-19,2018-06-12,6.5,02-28-2019,Lloyds Bank Commercial Banking
Q1-19,2018-07-16,6.5,02-28-2019,Lloyds Bank Commercial Banking
Q1-19,2018-08-08,6.5,02-28-2019,Lloyds Bank Commercial Banking
Q1-19,2018-09-14,6.5,02-28-2019,Lloyds Bank Commercial Banking
Q1-19,2018-10-11,6.7,02-28-2019,Lloyds Bank Commercial Banking
Q1-19,2018-11-14,6.75,02-28-2019,Lloyds Bank Commercial Banking
Q1-19,2018-12-17,6.75,02-28-2019,Lloyds Bank Commercial Banking
Q1-19,2019-01-23,6.75,02-28-2019,Lloyds Bank Commercial Banking
Q2-19,2018-03-15,6.52,02-28-2019,Lloyds Bank Commercial Banking
Q2-19,2018-04-13,6.52,02-28-2019,Lloyds Bank Commercial Banking
Q2-19,2018-06-12,6.52,02-28-2019,Lloyds Bank Commercial Banking
Q2-19,2018-07-16,6.52,02-28-2019,Lloyds Bank Commercial Banking
Q2-19,2018-08-08,6.52,02-28-2019,Lloyds Bank Commercial Banking
Q2-19,2018-09-14,6.52,02-28-2019,Lloyds Bank Commercial Banking
Q2-19,2018-10-11,6.67,02-28-2019,Lloyds Bank Commercial Banking
Q2-19,2018-11-14,6.7,02-28-2019,Lloyds Bank Commercial Banking
Q2-19,2018-12-17,6.7,02-28-2019,Lloyds Bank Commercial Banking
Q2-19,2019-01-23,6.7,02-28-2019,Lloyds Bank Commercial Banking
Q3-19,2018-03-15,6.55,02-28-2019,Lloyds Bank Commercial Banking
Q3-19,2018-04-13,6.55,02-28-2019,Lloyds Bank Commercial Banking
Q3-19,2018-09-14,6.55,02-28-2019,Lloyds Bank Commercial Banking
Q3-19,2018-10-11,6.65,02-28-2019,Lloyds Bank Commercial Banking
Q3-19,2018-11-14,6.65,02-28-2019,Lloyds Bank Commercial Banking
Q3-19,2018-12-17,6.65,02-28-2019,Lloyds Bank Commercial Banking
Q3-19,2019-01-23,6.65,02-28-2019,Lloyds Bank Commercial Banking
Q4-19,2017-09-28,6.81,02-28-2019,Lloyds Bank Commercial Banking
Q4-19,2017-10-17,6.81,02-28-2019,Lloyds Bank Commercial Banking
Q4-19,2017-11-21,6.81,02-28-2019,Lloyds Bank Commercial Banking
Q4-19,2017-12-21,6.81,02-28-2019,Lloyds Bank Commercial Banking
Q4-19,2018-01-18,6.81,02-28-2019,Lloyds Bank Commercial Banking
Q4-19,2018-02-13,6.62,02-28-2019,Lloyds Bank Commercial Banking
Q4-19,2018-03-15,6.56,02-28-2019,Lloyds Bank Commercial Banking
Q4-19,2018-04-12,6.56,02-28-2019,Lloyds Bank Commercial Banking
Q4-19,2018-04-13,6.56,02-28-2019,Lloyds Bank Commercial Banking
Q4-19,2018-05-17,6.56,02-28-2019,Lloyds Bank Commercial Banking
Q4-19,2018-06-12,6.56,02-28-2019,Lloyds Bank Commercial Banking
Q4-19,2018-07-16,6.56,02-28-2019,Lloyds Bank Commercial Banking
Q4-19,2018-08-08,6.56,02-28-2019,Lloyds Bank Commercial Banking
Q4-19,2018-09-14,6.56,02-28-2019,Lloyds Bank Commercial Banking
Q4-19,2018-10-11,6.63,02-28-2019,Lloyds Bank Commercial Banking
Q4-19,2018-11-14,6.63,02-28-2019,Lloyds Bank Commercial Banking
Q4-19,2018-12-17,6.63,02-28-2019,Lloyds Bank Commercial Banking
Q4-19,2019-01-23,6.63,02-28-2019,Lloyds Bank Commercial Banking
2020,2017-09-28,6.59,02-28-2019,Lloyds Bank Commercial Banking
2020,2018-10-11,6.59,02-28-2019,Lloyds Bank Commercial Banking
2020,2018-11-14,6.59,02-28-2019,Lloyds Bank Commercial Banking
2020,2018-12-17,6.59,02-28-2019,Lloyds Bank Commercial Banking
2020,2019-01-23,6.59,02-28-2019,Lloyds Bank Commercial Banking
Q1-18,2017-04-13,6.99,02-28-2018,Lloyds Bank Commercial Banking
Q1-18,2017-05-10,6.99,02-28-2018,Lloyds Bank Commercial Banking
Q1-18,2017-06-20,6.97,02-28-2018,Lloyds Bank Commercial Banking
Q1-18,2017-07-12,6.97,02-28-2018,Lloyds Bank Commercial Banking
Q1-18,2017-08-09,6.9,02-28-2018,Lloyds Bank Commercial Banking
Q1-18,2017-09-22,6.63,02-28-2018,Lloyds Bank Commercial Banking
Q1-18,2017-09-28,6.63,02-28-2018,Lloyds Bank Commercial Banking
Q1-18,2017-10-02,6.63,02-28-2018,Lloyds Bank Commercial Banking
Q1-18,2017-10-17,6.63,02-28-2018,Lloyds Bank Commercial Banking
Q1-18,2017-11-21,6.67,02-28-2018,Lloyds Bank Commercial Banking
Q1-18,2017-12-21,6.65,02-28-2018,Lloyds Bank Commercial Banking
Q1-18,2018-01-18,6.65,02-28-2018,Lloyds Bank Commercial Banking
Q1-18,2018-02-13,6.52,02-28-2018,Lloyds Bank Commercial Banking
Q2-18,2017-06-20,6.98,02-28-2018,Lloyds Bank Commercial Banking
Q2-18,2017-07-12,6.98,02-28-2018,Lloyds Bank Commercial Banking
Q2-18,2017-08-09,6.95,02-28-2018,Lloyds Bank Commercial Banking
Q2-18,2017-09-22,6.65,02-28-2018,Lloyds Bank Commercial Banking
Q2-18,2017-09-28,6.65,02-28-2018,Lloyds Bank Commercial Banking
Q2-18,2017-10-02,6.65,02-28-2018,Lloyds Bank Commercial Banking
Q2-18,2017-10-17,6.65,02-28-2018,Lloyds Bank Commercial Banking
Q2-18,2017-11-21,6.69,02-28-2018,Lloyds Bank Commercial Banking
Q2-18,2017-12-21,6.67,02-28-2018,Lloyds Bank Commercial Banking
Q2-18,2018-01-18,6.67,02-28-2018,Lloyds Bank Commercial Banking
Q2-18,2018-02-13,6.53,02-28-2018,Lloyds Bank Commercial Banking
Q3-18,2017-09-22,6.67,02-28-2018,Lloyds Bank Commercial Banking
Q3-18,2017-09-28,6.67,02-28-2018,Lloyds Bank Commercial Banking
Q3-18,2017-10-02,6.67,02-28-2018,Lloyds Bank Commercial Banking
Q3-18,2017-10-17,6.67,02-28-2018,Lloyds Bank Commercial Banking
Q3-18,2017-11-21,6.7,02-28-2018,Lloyds Bank Commercial Banking
Q3-18,2017-12-21,6.69,02-28-2018,Lloyds Bank Commercial Banking
Q3-18,2018-01-18,6.69,02-28-2018,Lloyds Bank Commercial Banking
Q3-18,2018-02-13,6.55,02-28-2018,Lloyds Bank Commercial Banking
Q4-18,2016-10-12,7.0,02-28-2018,Lloyds Bank Commercial Banking
Q4-18,2016-11-18,7.0,02-28-2018,Lloyds Bank Commercial Banking
Q4-18,2016-12-15,7.1,02-28-2018,Lloyds Bank Commercial Banking
Q4-18,2017-01-09,7.05,02-28-2018,Lloyds Bank Commercial Banking
Q4-18,2017-02-27,7.05,02-28-2018,Lloyds Bank Commercial Banking
Q4-18,2017-03-21,7.05,02-28-2018,Lloyds Bank Commercial Banking
Q4-18,2017-04-13,7.05,02-28-2018,Lloyds Bank Commercial Banking
Q4-18,2017-05-10,7.05,02-28-2018,Lloyds Bank Commercial Banking
Q4-18,2017-06-20,7.02,02-28-2018,Lloyds Bank Commercial Banking
Q4-18,2017-07-12,7.02,02-28-2018,Lloyds Bank Commercial Banking
Q4-18,2017-08-09,7.02,02-28-2018,Lloyds Bank Commercial Banking
Q4-18,2017-09-22,6.69,02-28-2018,Lloyds Bank Commercial Banking
Q4-18,2017-09-28,6.69,02-28-2018,Lloyds Bank Commercial Banking
Q4-18,2017-10-02,6.69,02-28-2018,Lloyds Bank Commercial Banking
Q4-18,2017-10-17,6.69,02-28-2018,Lloyds Bank Commercial Banking
Q4-18,2017-11-21,6.7,02-28-2018,Lloyds Bank Commercial Banking
Q4-18,2017-12-21,6.7,02-28-2018,Lloyds Bank Commercial Banking
Q4-18,2018-01-18,6.7,02-28-2018,Lloyds Bank Commercial Banking
Q4-18,2018-02-13,6.56,02-28-2018,Lloyds Bank Commercial Banking
2019,2017-09-28,6.81,02-28-2018,Lloyds Bank Commercial Banking
2019,2017-10-17,6.81,02-28-2018,Lloyds Bank Commercial Banking
2019,2017-11-21,6.81,02-28-2018,Lloyds Bank Commercial Banking
2019,2017-12-21,6.81,02-28-2018,Lloyds Bank Commercial Banking
2019,2018-01-18,6.81,02-28-2018,Lloyds Bank Commercial Banking
2019,2018-02-13,6.62,02-28-2018,Lloyds Bank Commercial Banking
Q3-09,2008-09-11,6.5,08-31-2009,Lloyds Bank Commercial Banking
Q3-09,2008-10-17,6.5,08-31-2009,Lloyds Bank Commercial Banking
Q3-09,2008-11-27,6.6,08-31-2009,Lloyds Bank Commercial Banking
Q3-09,2008-11-28,6.6,08-31-2009,Lloyds Bank Commercial Banking
Q3-09,2009-01-13,6.69,08-31-2009,Lloyds Bank Commercial Banking
Q3-09,2009-02-10,6.69,08-31-2009,Lloyds Bank Commercial Banking
Q3-09,2009-03-26,6.69,08-31-2009,Lloyds Bank Commercial Banking
Q3-09,2009-05-11,6.79,08-31-2009,Lloyds Bank Commercial Banking
Q3-09,2009-07-08,6.79,08-31-2009,Lloyds Bank Commercial Banking
Q4-09,2007-08-31,6.64,08-31-2009,Lloyds Bank Commercial Banking
Q4-09,2007-09-18,6.64,08-31-2009,Lloyds Bank Commercial Banking
Q4-09,2007-10-19,6.64,08-31-2009,Lloyds Bank Commercial Banking
Q4-09,2007-10-22,6.64,08-31-2009,Lloyds Bank Commercial Banking
Q4-09,2008-01-16,6.64,08-31-2009,Lloyds Bank Commercial Banking
Q4-09,2008-02-19,6.64,08-31-2009,Lloyds Bank Commercial Banking
Q4-09,2008-03-26,6.27,08-31-2009,Lloyds Bank Commercial Banking
Q4-09,2008-04-22,6.27,08-31-2009,Lloyds Bank Commercial Banking
Q4-09,2008-07-17,6.27,08-31-2009,Lloyds Bank Commercial Banking
Q4-09,2008-08-20,6.4,08-31-2009,Lloyds Bank Commercial Banking
Q4-09,2008-09-11,6.4,08-31-2009,Lloyds Bank Commercial Banking
Q4-09,2008-10-17,6.4,08-31-2009,Lloyds Bank Commercial Banking
Q4-09,2008-11-27,6.5,08-31-2009,Lloyds Bank Commercial Banking
Q4-09,2008-11-28,6.5,08-31-2009,Lloyds Bank Commercial Banking
Q4-09,2009-01-13,6.61,08-31-2009,Lloyds Bank Commercial Banking
Q4-09,2009-02-10,6.61,08-31-2009,Lloyds Bank Commercial Banking
Q4-09,2009-03-26,6.61,08-31-2009,Lloyds Bank Commercial Banking
Q4-09,2009-05-11,6.75,08-31-2009,Lloyds Bank Commercial Banking
Q4-09,2009-07-08,6.76,08-31-2009,Lloyds Bank Commercial Banking
Q1-10,2009-03-26,6.54,08-31-2009,Lloyds Bank Commercial Banking
Q1-10,2009-05-11,6.59,08-31-2009,Lloyds Bank Commercial Banking
Q1-10,2009-07-08,6.73,08-31-2009,Lloyds Bank Commercial Banking
Q2-10,2009-07-08,6.69,08-31-2009,Lloyds Bank Commercial Banking
2010,2007-08-31,6.49,08-31-2009,Lloyds Bank Commercial Banking
2010,2007-09-18,6.49,08-31-2009,Lloyds Bank Commercial Banking
2010,2007-10-19,6.49,08-31-2009,Lloyds Bank Commercial Banking
2010,2007-10-22,6.49,08-31-2009,Lloyds Bank Commercial Banking
2010,2008-01-16,6.49,08-31-2009,Lloyds Bank Commercial Banking
2010,2008-02-19,6.49,08-31-2009,Lloyds Bank Commercial Banking
2010,2008-03-26,6.17,08-31-2009,Lloyds Bank Commercial Banking
2011,2007-08-31,6.34,08-31-2009,Lloyds Bank Commercial Banking
2011,2007-09-18,6.34,08-31-2009,Lloyds Bank Commercial Banking
2011,2007-10-19,6.34,08-31-2009,Lloyds Bank Commercial Banking
2011,2007-10-22,6.34,08-31-2009,Lloyds Bank Commercial Banking
2011,2008-01-16,6.34,08-31-2009,Lloyds Bank Commercial Banking
2011,2008-02-19,6.34,08-31-2009,Lloyds Bank Commercial Banking
2011,2008-03-26,6.05,08-31-2009,Lloyds Bank Commercial Banking
2012,2007-08-31,6.23,08-31-2009,Lloyds Bank Commercial Banking
2012,2007-10-19,6.23,08-31-2009,Lloyds Bank Commercial Banking
2012,2007-10-22,6.23,08-31-2009,Lloyds Bank Commercial Banking
2012,2008-02-19,6.23,08-31-2009,Lloyds Bank Commercial Banking
2012,2008-03-26,5.8,08-31-2009,Lloyds Bank Commercial Banking
Q2-14,2013-07-18,6.07,05-31-2014,Lloyds Bank Commercial Banking
Q2-14,2013-08-14,6.07,05-31-2014,Lloyds Bank Commercial Banking
Q2-14,2013-09-20,6.07,05-31-2014,Lloyds Bank Commercial Banking
Q2-14,2013-10-02,6.07,05-31-2014,Lloyds Bank Commercial Banking
Q2-14,2013-10-18,6.07,05-31-2014,Lloyds Bank Commercial Banking
Q2-14,2013-11-25,6.07,05-31-2014,Lloyds Bank Commercial Banking
Q2-14,2013-12-11,6.03,05-31-2014,Lloyds Bank Commercial Banking
Q2-14,2014-01-16,6.02,05-31-2014,Lloyds Bank Commercial Banking
Q2-14,2014-02-12,6.02,05-31-2014,Lloyds Bank Commercial Banking
Q2-14,2014-04-16,6.18,05-31-2014,Lloyds Bank Commercial Banking
Q2-14,2014-05-30,6.18,05-31-2014,Lloyds Bank Commercial Banking
Q3-14,2013-09-20,6.05,05-31-2014,Lloyds Bank Commercial Banking
Q3-14,2013-10-02,6.05,05-31-2014,Lloyds Bank Commercial Banking
Q3-14,2013-10-18,6.05,05-31-2014,Lloyds Bank Commercial Banking
Q3-14,2013-11-25,6.05,05-31-2014,Lloyds Bank Commercial Banking
Q3-14,2013-12-11,6.0,05-31-2014,Lloyds Bank Commercial Banking
Q3-14,2014-01-16,6.0,05-31-2014,Lloyds Bank Commercial Banking
Q3-14,2014-02-12,6.0,05-31-2014,Lloyds Bank Commercial Banking
Q3-14,2014-04-16,6.16,05-31-2014,Lloyds Bank Commercial Banking
Q3-14,2014-05-30,6.16,05-31-2014,Lloyds Bank Commercial Banking
Q4-14,2012-06-27,6.2,05-31-2014,Lloyds Bank Commercial Banking
Q4-14,2012-07-11,6.05,05-31-2014,Lloyds Bank Commercial Banking
Q4-14,2012-08-15,6.1,05-31-2014,Lloyds Bank Commercial Banking
Q4-14,2012-09-11,6.1,05-31-2014,Lloyds Bank Commercial Banking
Q4-14,2012-10-16,6.1,05-31-2014,Lloyds Bank Commercial Banking
Q4-14,2012-11-19,6.1,05-31-2014,Lloyds Bank Commercial Banking
Q4-14,2013-01-02,6.1,05-31-2014,Lloyds Bank Commercial Banking
Q4-14,2013-01-22,6.1,05-31-2014,Lloyds Bank Commercial Banking
Q4-14,2013-02-25,6.1,05-31-2014,Lloyds Bank Commercial Banking
Q4-14,2013-04-12,6.1,05-31-2014,Lloyds Bank Commercial Banking
Q4-14,2013-05-21,5.89,05-31-2014,Lloyds Bank Commercial Banking
Q4-14,2013-06-12,5.89,05-31-2014,Lloyds Bank Commercial Banking
Q4-14,2013-07-18,6.03,05-31-2014,Lloyds Bank Commercial Banking
Q4-14,2013-08-14,6.03,05-31-2014,Lloyds Bank Commercial Banking
Q4-14,2013-09-20,6.03,05-31-2014,Lloyds Bank Commercial Banking
Q4-14,2013-10-02,6.03,05-31-2014,Lloyds Bank Commercial Banking
Q4-14,2013-10-18,6.03,05-31-2014,Lloyds Bank Commercial Banking
Q4-14,2013-11-25,6.03,05-31-2014,Lloyds Bank Commercial Banking
Q4-14,2013-12-11,5.95,05-31-2014,Lloyds Bank Commercial Banking
Q4-14,2014-01-16,5.95,05-31-2014,Lloyds Bank Commercial Banking
Q4-14,2014-02-12,5.95,05-31-2014,Lloyds Bank Commercial Banking
Q4-14,2014-04-16,6.13,05-31-2014,Lloyds Bank Commercial Banking
Q4-14,2014-05-30,6.13,05-31-2014,Lloyds Bank Commercial Banking
Q1-15,2014-04-16,6.1,05-31-2014,Lloyds Bank Commercial Banking
Q1-15,2014-05-30,6.1,05-31-2014,Lloyds Bank Commercial Banking
2015,2012-06-27,5.75,05-31-2014,Lloyds Bank Commercial Banking
2015,2012-07-11,5.75,05-31-2014,Lloyds Bank Commercial Banking
2015,2012-08-15,5.75,05-31-2014,Lloyds Bank Commercial Banking
2015,2012-09-11,5.75,05-31-2014,Lloyds Bank Commercial Banking
2015,2012-10-16,5.75,05-31-2014,Lloyds Bank Commercial Banking
2015,2012-11-19,5.75,05-31-2014,Lloyds Bank Commercial Banking
2015,2013-01-02,5.75,05-31-2014,Lloyds Bank Commercial Banking
2015,2013-01-22,5.75,05-31-2014,Lloyds Bank Commercial Banking
2015,2013-02-25,5.75,05-31-2014,Lloyds Bank Commercial Banking
2015,2013-04-12,5.75,05-31-2014,Lloyds Bank Commercial Banking
2015,2013-05-21,5.75,05-31-2014,Lloyds Bank Commercial Banking
2015,2013-06-12,5.75,05-31-2014,Lloyds Bank Commercial Banking
2015,2013-07-18,5.95,05-31-2014,Lloyds Bank Commercial Banking
2015,2014-04-16,5.95,05-31-2014,Lloyds Bank Commercial Banking
2015,2014-05-30,5.95,05-31-2014,Lloyds Bank Commercial Banking
2016,2013-01-22,5.45,05-31-2014,Lloyds Bank Commercial Banking
2016,2013-02-25,5.45,05-31-2014,Lloyds Bank Commercial Banking
2016,2013-04-12,5.45,05-31-2014,Lloyds Bank Commercial Banking
2016,2013-05-21,5.45,05-31-2014,Lloyds Bank Commercial Banking
2016,2013-06-12,5.45,05-31-2014,Lloyds Bank Commercial Banking
2016,2013-07-18,5.55,05-31-2014,Lloyds Bank Commercial Banking
Q4-13,2012-01-19,5.87,11-30-2013,Lloyds Bank Commercial Banking
Q4-13,2012-02-15,5.87,11-30-2013,Lloyds Bank Commercial Banking
Q4-13,2012-04-11,5.87,11-30-2013,Lloyds Bank Commercial Banking
Q4-13,2012-05-18,5.89,11-30-2013,Lloyds Bank Commercial Banking
Q4-13,2012-06-27,6.3,11-30-2013,Lloyds Bank Commercial Banking
Q4-13,2012-07-11,6.2,11-30-2013,Lloyds Bank Commercial Banking
Q4-13,2012-08-15,6.28,11-30-2013,Lloyds Bank Commercial Banking
Q4-13,2012-09-11,6.28,11-30-2013,Lloyds Bank Commercial Banking
Q4-13,2012-10-16,6.23,11-30-2013,Lloyds Bank Commercial Banking
Q4-13,2012-11-19,6.23,11-30-2013,Lloyds Bank Commercial Banking
Q4-13,2013-01-02,6.15,11-30-2013,Lloyds Bank Commercial Banking
Q4-13,2013-01-22,6.15,11-30-2013,Lloyds Bank Commercial Banking
Q4-13,2013-02-25,6.15,11-30-2013,Lloyds Bank Commercial Banking
Q4-13,2013-04-12,6.15,11-30-2013,Lloyds Bank Commercial Banking
Q4-13,2013-05-21,6.05,11-30-2013,Lloyds Bank Commercial Banking
Q4-13,2013-06-12,6.05,11-30-2013,Lloyds Bank Commercial Banking
Q4-13,2013-07-18,6.1,11-30-2013,Lloyds Bank Commercial Banking
Q4-13,2013-08-14,6.1,11-30-2013,Lloyds Bank Commercial Banking
Q4-13,2013-09-20,6.1,11-30-2013,Lloyds Bank Commercial Banking
Q4-13,2013-10-02,6.1,11-30-2013,Lloyds Bank Commercial Banking
Q4-13,2013-10-18,6.1,11-30-2013,Lloyds Bank Commercial Banking
Q4-13,2013-11-25,6.1,11-30-2013,Lloyds Bank Commercial Banking
Q1-14,2013-04-12,6.14,11-30-2013,Lloyds Bank Commercial Banking
Q1-14,2013-05-21,6.01,11-30-2013,Lloyds Bank Commercial Banking
Q1-14,2013-06-12,6.01,11-30-2013,Lloyds Bank Commercial Banking
Q1-14,2013-07-18,6.09,11-30-2013,Lloyds Bank Commercial Banking
Q1-14,2013-08-14,6.09,11-30-2013,Lloyds Bank Commercial Banking
Q1-14,2013-09-20,6.09,11-30-2013,Lloyds Bank Commercial Banking
Q1-14,2013-10-02,6.09,11-30-2013,Lloyds Bank Commercial Banking
Q1-14,2013-10-18,6.09,11-30-2013,Lloyds Bank Commercial Banking
Q1-14,2013-11-25,6.09,11-30-2013,Lloyds Bank Commercial Banking
Q2-14,2013-07-18,6.07,11-30-2013,Lloyds Bank Commercial Banking
Q2-14,2013-08-14,6.07,11-30-2013,Lloyds Bank Commercial Banking
Q2-14,2013-09-20,6.07,11-30-2013,Lloyds Bank Commercial Banking
Q2-14,2013-10-02,6.07,11-30-2013,Lloyds Bank Commercial Banking
Q2-14,2013-10-18,6.07,11-30-2013,Lloyds Bank Commercial Banking
Q2-14,2013-11-25,6.07,11-30-2013,Lloyds Bank Commercial Banking
Q3-14,2013-09-20,6.05,11-30-2013,Lloyds Bank Commercial Banking
Q3-14,2013-10-02,6.05,11-30-2013,Lloyds Bank Commercial Banking
Q3-14,2013-10-18,6.05,11-30-2013,Lloyds Bank Commercial Banking
Q3-14,2013-11-25,6.05,11-30-2013,Lloyds Bank Commercial Banking
2014,2012-01-19,5.65,11-30-2013,Lloyds Bank Commercial Banking
2014,2012-02-15,5.65,11-30-2013,Lloyds Bank Commercial Banking
2014,2012-04-11,5.65,11-30-2013,Lloyds Bank Commercial Banking
2014,2012-05-18,5.65,11-30-2013,Lloyds Bank Commercial Banking
2014,2012-06-27,6.2,11-30-2013,Lloyds Bank Commercial Banking
2014,2012-07-11,6.05,11-30-2013,Lloyds Bank Commercial Banking
2014,2012-08-15,6.1,11-30-2013,Lloyds Bank Commercial Banking
2014,2012-09-11,6.1,11-30-2013,Lloyds Bank Commercial Banking
2014,2012-10-16,6.1,11-30-2013,Lloyds Bank Commercial Banking
2014,2012-11-19,6.1,11-30-2013,Lloyds Bank Commercial Banking
2014,2013-01-02,6.1,11-30-2013,Lloyds Bank Commercial Banking
2014,2013-01-22,6.1,11-30-2013,Lloyds Bank Commercial Banking
2014,2013-02-25,6.1,11-30-2013,Lloyds Bank Commercial Banking
2014,2013-04-12,6.1,11-30-2013,Lloyds Bank Commercial Banking
2014,2013-05-21,5.89,11-30-2013,Lloyds Bank Commercial Banking
2014,2013-06-12,5.89,11-30-2013,Lloyds Bank Commercial Banking
2014,2013-07-18,6.03,11-30-2013,Lloyds Bank Commercial Banking
2014,2013-08-14,6.03,11-30-2013,Lloyds Bank Commercial Banking
2014,2013-09-20,6.03,11-30-2013,Lloyds Bank Commercial Banking
2014,2013-10-02,6.03,11-30-2013,Lloyds Bank Commercial Banking
2014,2013-10-18,6.03,11-30-2013,Lloyds Bank Commercial Banking
2014,2013-11-25,6.03,11-30-2013,Lloyds Bank Commercial Banking
2015,2012-01-19,5.51,11-30-2013,Lloyds Bank Commercial Banking
2015,2012-02-15,5.51,11-30-2013,Lloyds Bank Commercial Banking
2015,2012-04-11,5.51,11-30-2013,Lloyds Bank Commercial Banking
2015,2012-05-18,5.51,11-30-2013,Lloyds Bank Commercial Banking
2015,2012-06-27,5.75,11-30-2013,Lloyds Bank Commercial Banking
2015,2012-07-11,5.75,11-30-2013,Lloyds Bank Commercial Banking
2015,2012-08-15,5.75,11-30-2013,Lloyds Bank Commercial Banking
2015,2012-09-11,5.75,11-30-2013,Lloyds Bank Commercial Banking
2015,2012-10-16,5.75,11-30-2013,Lloyds Bank Commercial Banking
2015,2012-11-19,5.75,11-30-2013,Lloyds Bank Commercial Banking
2015,2013-01-02,5.75,11-30-2013,Lloyds Bank Commercial Banking
2015,2013-01-22,5.75,11-30-2013,Lloyds Bank Commercial Banking
2015,2013-02-25,5.75,11-30-2013,Lloyds Bank Commercial Banking
2015,2013-04-12,5.75,11-30-2013,Lloyds Bank Commercial Banking
2015,2013-05-21,5.75,11-30-2013,Lloyds Bank Commercial Banking
2015,2013-06-12,5.75,11-30-2013,Lloyds Bank Commercial Banking
2015,2013-07-18,5.95,11-30-2013,Lloyds Bank Commercial Banking
2016,2013-01-22,5.45,11-30-2013,Lloyds Bank Commercial Banking
2016,2013-02-25,5.45,11-30-2013,Lloyds Bank Commercial Banking
2016,2013-04-12,5.45,11-30-2013,Lloyds Bank Commercial Banking
2016,2013-05-21,5.45,11-30-2013,Lloyds Bank Commercial Banking
2016,2013-06-12,5.45,11-30-2013,Lloyds Bank Commercial Banking
2016,2013-07-18,5.55,11-30-2013,Lloyds Bank Commercial Banking
Q1-14,2013-04-12,6.14,02-28-2014,Lloyds Bank Commercial Banking
Q1-14,2013-05-21,6.01,02-28-2014,Lloyds Bank Commercial Banking
Q1-14,2013-06-12,6.01,02-28-2014,Lloyds Bank Commercial Banking
Q1-14,2013-07-18,6.09,02-28-2014,Lloyds Bank Commercial Banking
Q1-14,2013-08-14,6.09,02-28-2014,Lloyds Bank Commercial Banking
Q1-14,2013-09-20,6.09,02-28-2014,Lloyds Bank Commercial Banking
Q1-14,2013-10-02,6.09,02-28-2014,Lloyds Bank Commercial Banking
Q1-14,2013-10-18,6.09,02-28-2014,Lloyds Bank Commercial Banking
Q1-14,2013-11-25,6.09,02-28-2014,Lloyds Bank Commercial Banking
Q1-14,2013-12-11,6.05,02-28-2014,Lloyds Bank Commercial Banking
Q1-14,2014-01-16,6.04,02-28-2014,Lloyds Bank Commercial Banking
Q1-14,2014-02-12,6.04,02-28-2014,Lloyds Bank Commercial Banking
Q2-14,2013-07-18,6.07,02-28-2014,Lloyds Bank Commercial Banking
Q2-14,2013-08-14,6.07,02-28-2014,Lloyds Bank Commercial Banking
Q2-14,2013-09-20,6.07,02-28-2014,Lloyds Bank Commercial Banking
Q2-14,2013-10-02,6.07,02-28-2014,Lloyds Bank Commercial Banking
Q2-14,2013-10-18,6.07,02-28-2014,Lloyds Bank Commercial Banking
Q2-14,2013-11-25,6.07,02-28-2014,Lloyds Bank Commercial Banking
Q2-14,2013-12-11,6.03,02-28-2014,Lloyds Bank Commercial Banking
Q2-14,2014-01-16,6.02,02-28-2014,Lloyds Bank Commercial Banking
Q2-14,2014-02-12,6.02,02-28-2014,Lloyds Bank Commercial Banking
Q3-14,2013-09-20,6.05,02-28-2014,Lloyds Bank Commercial Banking
Q3-14,2013-10-02,6.05,02-28-2014,Lloyds Bank Commercial Banking
Q3-14,2013-10-18,6.05,02-28-2014,Lloyds Bank Commercial Banking
Q3-14,2013-11-25,6.05,02-28-2014,Lloyds Bank Commercial Banking
Q3-14,2013-12-11,6.0,02-28-2014,Lloyds Bank Commercial Banking
Q3-14,2014-01-16,6.0,02-28-2014,Lloyds Bank Commercial Banking
Q3-14,2014-02-12,6.0,02-28-2014,Lloyds Bank Commercial Banking
Q4-14,2012-04-11,5.65,02-28-2014,Lloyds Bank Commercial Banking
Q4-14,2012-05-18,5.65,02-28-2014,Lloyds Bank Commercial Banking
Q4-14,2012-06-27,6.2,02-28-2014,Lloyds Bank Commercial Banking
Q4-14,2012-07-11,6.05,02-28-2014,Lloyds Bank Commercial Banking
Q4-14,2012-08-15,6.1,02-28-2014,Lloyds Bank Commercial Banking
Q4-14,2012-09-11,6.1,02-28-2014,Lloyds Bank Commercial Banking
Q4-14,2012-10-16,6.1,02-28-2014,Lloyds Bank Commercial Banking
Q4-14,2012-11-19,6.1,02-28-2014,Lloyds Bank Commercial Banking
Q4-14,2013-01-02,6.1,02-28-2014,Lloyds Bank Commercial Banking
Q4-14,2013-01-22,6.1,02-28-2014,Lloyds Bank Commercial Banking
Q4-14,2013-02-25,6.1,02-28-2014,Lloyds Bank Commercial Banking
Q4-14,2013-04-12,6.1,02-28-2014,Lloyds Bank Commercial Banking
Q4-14,2013-05-21,5.89,02-28-2014,Lloyds Bank Commercial Banking
Q4-14,2013-06-12,5.89,02-28-2014,Lloyds Bank Commercial Banking
Q4-14,2013-07-18,6.03,02-28-2014,Lloyds Bank Commercial Banking
Q4-14,2013-08-14,6.03,02-28-2014,Lloyds Bank Commercial Banking
Q4-14,2013-09-20,6.03,02-28-2014,Lloyds Bank Commercial Banking
Q4-14,2013-10-02,6.03,02-28-2014,Lloyds Bank Commercial Banking
Q4-14,2013-10-18,6.03,02-28-2014,Lloyds Bank Commercial Banking
Q4-14,2013-11-25,6.03,02-28-2014,Lloyds Bank Commercial Banking
Q4-14,2013-12-11,5.95,02-28-2014,Lloyds Bank Commercial Banking
Q4-14,2014-01-16,5.95,02-28-2014,Lloyds Bank Commercial Banking
Q4-14,2014-02-12,5.95,02-28-2014,Lloyds Bank Commercial Banking
2015,2012-04-11,5.51,02-28-2014,Lloyds Bank Commercial Banking
2015,2012-05-18,5.51,02-28-2014,Lloyds Bank Commercial Banking
2015,2012-06-27,5.75,02-28-2014,Lloyds Bank Commercial Banking
2015,2012-07-11,5.75,02-28-2014,Lloyds Bank Commercial Banking
2015,2012-08-15,5.75,02-28-2014,Lloyds Bank Commercial Banking
2015,2012-09-11,5.75,02-28-2014,Lloyds Bank Commercial Banking
2015,2012-10-16,5.75,02-28-2014,Lloyds Bank Commercial Banking
2015,2012-11-19,5.75,02-28-2014,Lloyds Bank Commercial Banking
2015,2013-01-02,5.75,02-28-2014,Lloyds Bank Commercial Banking
2015,2013-01-22,5.75,02-28-2014,Lloyds Bank Commercial Banking
2015,2013-02-25,5.75,02-28-2014,Lloyds Bank Commercial Banking
2015,2013-04-12,5.75,02-28-2014,Lloyds Bank Commercial Banking
2015,2013-05-21,5.75,02-28-2014,Lloyds Bank Commercial Banking
2015,2013-06-12,5.75,02-28-2014,Lloyds Bank Commercial Banking
2015,2013-07-18,5.95,02-28-2014,Lloyds Bank Commercial Banking
2016,2013-01-22,5.45,02-28-2014,Lloyds Bank Commercial Banking
2016,2013-02-25,5.45,02-28-2014,Lloyds Bank Commercial Banking
2016,2013-04-12,5.45,02-28-2014,Lloyds Bank Commercial Banking
2016,2013-05-21,5.45,02-28-2014,Lloyds Bank Commercial Banking
2016,2013-06-12,5.45,02-28-2014,Lloyds Bank Commercial Banking
2016,2013-07-18,5.55,02-28-2014,Lloyds Bank Commercial Banking
Q3-13,2012-10-16,6.25,08-31-2013,Lloyds Bank Commercial Banking
Q3-13,2012-11-19,6.25,08-31-2013,Lloyds Bank Commercial Banking
Q3-13,2013-01-02,6.18,08-31-2013,Lloyds Bank Commercial Banking
Q3-13,2013-01-22,6.18,08-31-2013,Lloyds Bank Commercial Banking
Q3-13,2013-02-25,6.16,08-31-2013,Lloyds Bank Commercial Banking
Q3-13,2013-04-12,6.16,08-31-2013,Lloyds Bank Commercial Banking
Q3-13,2013-05-21,6.1,08-31-2013,Lloyds Bank Commercial Banking
Q3-13,2013-06-12,6.1,08-31-2013,Lloyds Bank Commercial Banking
Q3-13,2013-07-18,6.12,08-31-2013,Lloyds Bank Commercial Banking
Q3-13,2013-08-14,6.13,08-31-2013,Lloyds Bank Commercial Banking
Q4-13,2012-01-19,5.87,08-31-2013,Lloyds Bank Commercial Banking
Q4-13,2012-02-15,5.87,08-31-2013,Lloyds Bank Commercial Banking
Q4-13,2012-04-11,5.87,08-31-2013,Lloyds Bank Commercial Banking
Q4-13,2012-05-18,5.89,08-31-2013,Lloyds Bank Commercial Banking
Q4-13,2012-06-27,6.3,08-31-2013,Lloyds Bank Commercial Banking
Q4-13,2012-07-11,6.2,08-31-2013,Lloyds Bank Commercial Banking
Q4-13,2012-08-15,6.28,08-31-2013,Lloyds Bank Commercial Banking
Q4-13,2012-09-11,6.28,08-31-2013,Lloyds Bank Commercial Banking
Q4-13,2012-10-16,6.23,08-31-2013,Lloyds Bank Commercial Banking
Q4-13,2012-11-19,6.23,08-31-2013,Lloyds Bank Commercial Banking
Q4-13,2013-01-02,6.15,08-31-2013,Lloyds Bank Commercial Banking
Q4-13,2013-01-22,6.15,08-31-2013,Lloyds Bank Commercial Banking
Q4-13,2013-02-25,6.15,08-31-2013,Lloyds Bank Commercial Banking
Q4-13,2013-04-12,6.15,08-31-2013,Lloyds Bank Commercial Banking
Q4-13,2013-05-21,6.05,08-31-2013,Lloyds Bank Commercial Banking
Q4-13,2013-06-12,6.05,08-31-2013,Lloyds Bank Commercial Banking
Q4-13,2013-07-18,6.1,08-31-2013,Lloyds Bank Commercial Banking
Q4-13,2013-08-14,6.1,08-31-2013,Lloyds Bank Commercial Banking
Q1-14,2013-04-12,6.14,08-31-2013,Lloyds Bank Commercial Banking
Q1-14,2013-05-21,6.01,08-31-2013,Lloyds Bank Commercial Banking
Q1-14,2013-06-12,6.01,08-31-2013,Lloyds Bank Commercial Banking
Q1-14,2013-07-18,6.09,08-31-2013,Lloyds Bank Commercial Banking
Q1-14,2013-08-14,6.09,08-31-2013,Lloyds Bank Commercial Banking
Q2-14,2013-07-18,6.07,08-31-2013,Lloyds Bank Commercial Banking
Q2-14,2013-08-14,6.07,08-31-2013,Lloyds Bank Commercial Banking
2014,2012-01-19,5.65,08-31-2013,Lloyds Bank Commercial Banking
2014,2012-02-15,5.65,08-31-2013,Lloyds Bank Commercial Banking
2014,2012-04-11,5.65,08-31-2013,Lloyds Bank Commercial Banking
2014,2012-05-18,5.65,08-31-2013,Lloyds Bank Commercial Banking
2014,2012-06-27,6.2,08-31-2013,Lloyds Bank Commercial Banking
2014,2012-07-11,6.05,08-31-2013,Lloyds Bank Commercial Banking
2014,2012-08-15,6.1,08-31-2013,Lloyds Bank Commercial Banking
2014,2012-09-11,6.1,08-31-2013,Lloyds Bank Commercial Banking
2014,2012-10-16,6.1,08-31-2013,Lloyds Bank Commercial Banking
2014,2012-11-19,6.1,08-31-2013,Lloyds Bank Commercial Banking
2014,2013-01-02,6.1,08-31-2013,Lloyds Bank Commercial Banking
2014,2013-01-22,6.1,08-31-2013,Lloyds Bank Commercial Banking
2014,2013-02-25,6.1,08-31-2013,Lloyds Bank Commercial Banking
2014,2013-04-12,6.1,08-31-2013,Lloyds Bank Commercial Banking
2014,2013-05-21,5.89,08-31-2013,Lloyds Bank Commercial Banking
2014,2013-06-12,5.89,08-31-2013,Lloyds Bank Commercial Banking
2014,2013-07-18,6.03,08-31-2013,Lloyds Bank Commercial Banking
2014,2013-08-14,6.03,08-31-2013,Lloyds Bank Commercial Banking
2015,2012-01-19,5.51,08-31-2013,Lloyds Bank Commercial Banking
2015,2012-02-15,5.51,08-31-2013,Lloyds Bank Commercial Banking
2015,2012-04-11,5.51,08-31-2013,Lloyds Bank Commercial Banking
2015,2012-05-18,5.51,08-31-2013,Lloyds Bank Commercial Banking
2015,2012-06-27,5.75,08-31-2013,Lloyds Bank Commercial Banking
2015,2012-07-11,5.75,08-31-2013,Lloyds Bank Commercial Banking
2015,2012-08-15,5.75,08-31-2013,Lloyds Bank Commercial Banking
2015,2012-09-11,5.75,08-31-2013,Lloyds Bank Commercial Banking
2015,2012-10-16,5.75,08-31-2013,Lloyds Bank Commercial Banking
2015,2012-11-19,5.75,08-31-2013,Lloyds Bank Commercial Banking
2015,2013-01-02,5.75,08-31-2013,Lloyds Bank Commercial Banking
2015,2013-01-22,5.75,08-31-2013,Lloyds Bank Commercial Banking
2015,2013-02-25,5.75,08-31-2013,Lloyds Bank Commercial Banking
2015,2013-04-12,5.75,08-31-2013,Lloyds Bank Commercial Banking
2015,2013-05-21,5.75,08-31-2013,Lloyds Bank Commercial Banking
2015,2013-06-12,5.75,08-31-2013,Lloyds Bank Commercial Banking
2015,2013-07-18,5.95,08-31-2013,Lloyds Bank Commercial Banking
2016,2013-01-22,5.45,08-31-2013,Lloyds Bank Commercial Banking
2016,2013-02-25,5.45,08-31-2013,Lloyds Bank Commercial Banking
2016,2013-04-12,5.45,08-31-2013,Lloyds Bank Commercial Banking
2016,2013-05-21,5.45,08-31-2013,Lloyds Bank Commercial Banking
2016,2013-06-12,5.45,08-31-2013,Lloyds Bank Commercial Banking
2016,2013-07-18,5.55,08-31-2013,Lloyds Bank Commercial Banking
Q2-18,2017-06-20,6.98,05-31-2018,Lloyds Bank Commercial Banking
Q2-18,2017-07-12,6.98,05-31-2018,Lloyds Bank Commercial Banking
Q2-18,2017-08-09,6.95,05-31-2018,Lloyds Bank Commercial Banking
Q2-18,2017-09-22,6.65,05-31-2018,Lloyds Bank Commercial Banking
Q2-18,2017-09-28,6.65,05-31-2018,Lloyds Bank Commercial Banking
Q2-18,2017-10-02,6.65,05-31-2018,Lloyds Bank Commercial Banking
Q2-18,2017-10-17,6.65,05-31-2018,Lloyds Bank Commercial Banking
Q2-18,2017-11-21,6.69,05-31-2018,Lloyds Bank Commercial Banking
Q2-18,2017-12-21,6.67,05-31-2018,Lloyds Bank Commercial Banking
Q2-18,2018-01-18,6.67,05-31-2018,Lloyds Bank Commercial Banking
Q2-18,2018-02-13,6.53,05-31-2018,Lloyds Bank Commercial Banking
Q2-18,2018-03-15,6.4,05-31-2018,Lloyds Bank Commercial Banking
Q2-18,2018-04-12,6.4,05-31-2018,Lloyds Bank Commercial Banking
Q2-18,2018-04-13,6.4,05-31-2018,Lloyds Bank Commercial Banking
Q2-18,2018-05-17,6.4,05-31-2018,Lloyds Bank Commercial Banking
Q3-18,2017-09-22,6.67,05-31-2018,Lloyds Bank Commercial Banking
Q3-18,2017-09-28,6.67,05-31-2018,Lloyds Bank Commercial Banking
Q3-18,2017-10-02,6.67,05-31-2018,Lloyds Bank Commercial Banking
Q3-18,2017-10-17,6.67,05-31-2018,Lloyds Bank Commercial Banking
Q3-18,2017-11-21,6.7,05-31-2018,Lloyds Bank Commercial Banking
Q3-18,2017-12-21,6.69,05-31-2018,Lloyds Bank Commercial Banking
Q3-18,2018-01-18,6.69,05-31-2018,Lloyds Bank Commercial Banking
Q3-18,2018-02-13,6.55,05-31-2018,Lloyds Bank Commercial Banking
Q3-18,2018-03-15,6.42,05-31-2018,Lloyds Bank Commercial Banking
Q3-18,2018-04-12,6.42,05-31-2018,Lloyds Bank Commercial Banking
Q3-18,2018-04-13,6.42,05-31-2018,Lloyds Bank Commercial Banking
Q3-18,2018-05-17,6.42,05-31-2018,Lloyds Bank Commercial Banking
Q4-18,2016-10-12,7.0,05-31-2018,Lloyds Bank Commercial Banking
Q4-18,2016-11-18,7.0,05-31-2018,Lloyds Bank Commercial Banking
Q4-18,2016-12-15,7.1,05-31-2018,Lloyds Bank Commercial Banking
Q4-18,2017-01-09,7.05,05-31-2018,Lloyds Bank Commercial Banking
Q4-18,2017-02-27,7.05,05-31-2018,Lloyds Bank Commercial Banking
Q4-18,2017-03-21,7.05,05-31-2018,Lloyds Bank Commercial Banking
Q4-18,2017-04-13,7.05,05-31-2018,Lloyds Bank Commercial Banking
Q4-18,2017-05-10,7.05,05-31-2018,Lloyds Bank Commercial Banking
Q4-18,2017-06-20,7.02,05-31-2018,Lloyds Bank Commercial Banking
Q4-18,2017-07-12,7.02,05-31-2018,Lloyds Bank Commercial Banking
Q4-18,2017-08-09,7.02,05-31-2018,Lloyds Bank Commercial Banking
Q4-18,2017-09-22,6.69,05-31-2018,Lloyds Bank Commercial Banking
Q4-18,2017-09-28,6.69,05-31-2018,Lloyds Bank Commercial Banking
Q4-18,2017-10-02,6.69,05-31-2018,Lloyds Bank Commercial Banking
Q4-18,2017-10-17,6.69,05-31-2018,Lloyds Bank Commercial Banking
Q4-18,2017-11-21,6.7,05-31-2018,Lloyds Bank Commercial Banking
Q4-18,2017-12-21,6.7,05-31-2018,Lloyds Bank Commercial Banking
Q4-18,2018-01-18,6.7,05-31-2018,Lloyds Bank Commercial Banking
Q4-18,2018-02-13,6.56,05-31-2018,Lloyds Bank Commercial Banking
Q4-18,2018-03-15,6.45,05-31-2018,Lloyds Bank Commercial Banking
Q4-18,2018-04-12,6.45,05-31-2018,Lloyds Bank Commercial Banking
Q4-18,2018-04-13,6.45,05-31-2018,Lloyds Bank Commercial Banking
Q4-18,2018-05-17,6.45,05-31-2018,Lloyds Bank Commercial Banking
Q1-19,2018-03-15,6.5,05-31-2018,Lloyds Bank Commercial Banking
Q1-19,2018-04-13,6.5,05-31-2018,Lloyds Bank Commercial Banking
Q1-19,2018-04-23,6.5,05-31-2018,Lloyds Bank Commercial Banking
Q1-19,2018-05-17,6.5,05-31-2018,Lloyds Bank Commercial Banking
2019,2017-09-28,6.81,05-31-2018,Lloyds Bank Commercial Banking
2019,2017-10-17,6.81,05-31-2018,Lloyds Bank Commercial Banking
2019,2017-11-21,6.81,05-31-2018,Lloyds Bank Commercial Banking
2019,2017-12-21,6.81,05-31-2018,Lloyds Bank Commercial Banking
2019,2018-01-18,6.81,05-31-2018,Lloyds Bank Commercial Banking
2019,2018-02-13,6.62,05-31-2018,Lloyds Bank Commercial Banking
2019,2018-03-15,6.56,05-31-2018,Lloyds Bank Commercial Banking
2019,2018-04-12,6.56,05-31-2018,Lloyds Bank Commercial Banking
2019,2018-04-13,6.56,05-31-2018,Lloyds Bank Commercial Banking
2019,2018-05-17,6.56,05-31-2018,Lloyds Bank Commercial Banking
Q4-09,2008-01-16,6.64,11-30-2009,Lloyds Bank Commercial Banking
Q4-09,2008-02-19,6.64,11-30-2009,Lloyds Bank Commercial Banking
Q4-09,2008-03-26,6.27,11-30-2009,Lloyds Bank Commercial Banking
Q4-09,2008-04-22,6.27,11-30-2009,Lloyds Bank Commercial Banking
Q4-09,2008-07-17,6.27,11-30-2009,Lloyds Bank Commercial Banking
Q4-09,2008-08-20,6.4,11-30-2009,Lloyds Bank Commercial Banking
Q4-09,2008-09-11,6.4,11-30-2009,Lloyds Bank Commercial Banking
Q4-09,2008-10-17,6.4,11-30-2009,Lloyds Bank Commercial Banking
Q4-09,2008-11-27,6.5,11-30-2009,Lloyds Bank Commercial Banking
Q4-09,2008-11-28,6.5,11-30-2009,Lloyds Bank Commercial Banking
Q4-09,2009-01-13,6.61,11-30-2009,Lloyds Bank Commercial Banking
Q4-09,2009-02-10,6.61,11-30-2009,Lloyds Bank Commercial Banking
Q4-09,2009-03-26,6.61,11-30-2009,Lloyds Bank Commercial Banking
Q4-09,2009-05-11,6.75,11-30-2009,Lloyds Bank Commercial Banking
Q4-09,2009-07-08,6.76,11-30-2009,Lloyds Bank Commercial Banking
Q4-09,2009-09-01,6.79,11-30-2009,Lloyds Bank Commercial Banking
Q4-09,2009-10-09,6.79,11-30-2009,Lloyds Bank Commercial Banking
Q1-10,2009-03-26,6.54,11-30-2009,Lloyds Bank Commercial Banking
Q1-10,2009-05-11,6.59,11-30-2009,Lloyds Bank Commercial Banking
Q1-10,2009-07-08,6.73,11-30-2009,Lloyds Bank Commercial Banking
Q1-10,2009-09-01,6.76,11-30-2009,Lloyds Bank Commercial Banking
Q1-10,2009-10-09,6.76,11-30-2009,Lloyds Bank Commercial Banking
Q2-10,2009-07-08,6.69,11-30-2009,Lloyds Bank Commercial Banking
Q2-10,2009-09-01,6.72,11-30-2009,Lloyds Bank Commercial Banking
Q2-10,2009-10-09,6.72,11-30-2009,Lloyds Bank Commercial Banking
2010,2008-01-16,6.49,11-30-2009,Lloyds Bank Commercial Banking
2010,2008-02-19,6.49,11-30-2009,Lloyds Bank Commercial Banking
2010,2008-03-26,6.17,11-30-2009,Lloyds Bank Commercial Banking
2011,2008-01-16,6.34,11-30-2009,Lloyds Bank Commercial Banking
2011,2008-02-19,6.34,11-30-2009,Lloyds Bank Commercial Banking
2011,2008-03-26,6.05,11-30-2009,Lloyds Bank Commercial Banking
2012,2008-02-19,6.23,11-30-2009,Lloyds Bank Commercial Banking
2012,2008-03-26,5.8,11-30-2009,Lloyds Bank Commercial Banking
Q4-14,2013-01-02,6.1,11-30-2014,Lloyds Bank Commercial Banking
Q4-14,2013-01-22,6.1,11-30-2014,Lloyds Bank Commercial Banking
Q4-14,2013-02-25,6.1,11-30-2014,Lloyds Bank Commercial Banking
Q4-14,2013-04-12,6.1,11-30-2014,Lloyds Bank Commercial Banking
Q4-14,2013-05-21,5.89,11-30-2014,Lloyds Bank Commercial Banking
Q4-14,2013-06-12,5.89,11-30-2014,Lloyds Bank Commercial Banking
Q4-14,2013-07-18,6.03,11-30-2014,Lloyds Bank Commercial Banking
Q4-14,2013-08-14,6.03,11-30-2014,Lloyds Bank Commercial Banking
Q4-14,2013-09-20,6.03,11-30-2014,Lloyds Bank Commercial Banking
Q4-14,2013-10-02,6.03,11-30-2014,Lloyds Bank Commercial Banking
Q4-14,2013-10-18,6.03,11-30-2014,Lloyds Bank Commercial Banking
Q4-14,2013-11-25,6.03,11-30-2014,Lloyds Bank Commercial Banking
Q4-14,2013-12-11,5.95,11-30-2014,Lloyds Bank Commercial Banking
Q4-14,2014-01-16,5.95,11-30-2014,Lloyds Bank Commercial Banking
Q4-14,2014-02-12,5.95,11-30-2014,Lloyds Bank Commercial Banking
Q4-14,2014-04-16,6.13,11-30-2014,Lloyds Bank Commercial Banking
Q4-14,2014-05-30,6.13,11-30-2014,Lloyds Bank Commercial Banking
Q4-14,2014-06-12,6.18,11-30-2014,Lloyds Bank Commercial Banking
Q4-14,2014-07-17,6.18,11-30-2014,Lloyds Bank Commercial Banking
Q4-14,2014-09-03,6.18,11-30-2014,Lloyds Bank Commercial Banking
Q4-14,2014-09-10,6.13,11-30-2014,Lloyds Bank Commercial Banking
Q4-14,2014-11-11,6.13,11-30-2014,Lloyds Bank Commercial Banking
Q1-15,2014-04-16,6.1,11-30-2014,Lloyds Bank Commercial Banking
Q1-15,2014-05-30,6.1,11-30-2014,Lloyds Bank Commercial Banking
Q1-15,2014-06-12,6.12,11-30-2014,Lloyds Bank Commercial Banking
Q1-15,2014-07-17,6.16,11-30-2014,Lloyds Bank Commercial Banking
Q1-15,2014-09-03,6.16,11-30-2014,Lloyds Bank Commercial Banking
Q1-15,2014-09-10,6.1,11-30-2014,Lloyds Bank Commercial Banking
Q1-15,2014-11-11,6.1,11-30-2014,Lloyds Bank Commercial Banking
Q2-15,2014-07-17,6.12,11-30-2014,Lloyds Bank Commercial Banking
Q2-15,2014-09-03,6.12,11-30-2014,Lloyds Bank Commercial Banking
Q2-15,2014-09-10,6.09,11-30-2014,Lloyds Bank Commercial Banking
Q2-15,2014-11-11,6.09,11-30-2014,Lloyds Bank Commercial Banking
Q3-15,2014-09-03,6.1,11-30-2014,Lloyds Bank Commercial Banking
Q3-15,2014-09-10,6.05,11-30-2014,Lloyds Bank Commercial Banking
Q3-15,2014-11-11,6.05,11-30-2014,Lloyds Bank Commercial Banking
2015,2013-01-02,5.75,11-30-2014,Lloyds Bank Commercial Banking
2015,2013-01-22,5.75,11-30-2014,Lloyds Bank Commercial Banking
2015,2013-02-25,5.75,11-30-2014,Lloyds Bank Commercial Banking
2015,2013-04-12,5.75,11-30-2014,Lloyds Bank Commercial Banking
2015,2013-05-21,5.75,11-30-2014,Lloyds Bank Commercial Banking
2015,2013-06-12,5.75,11-30-2014,Lloyds Bank Commercial Banking
2015,2013-07-18,5.95,11-30-2014,Lloyds Bank Commercial Banking
2015,2014-04-16,5.95,11-30-2014,Lloyds Bank Commercial Banking
2015,2014-05-30,5.95,11-30-2014,Lloyds Bank Commercial Banking
2015,2014-06-12,5.95,11-30-2014,Lloyds Bank Commercial Banking
2015,2014-07-17,6.0,11-30-2014,Lloyds Bank Commercial Banking
2015,2014-09-03,6.0,11-30-2014,Lloyds Bank Commercial Banking
2015,2014-09-10,6.0,11-30-2014,Lloyds Bank Commercial Banking
2015,2014-11-11,6.0,11-30-2014,Lloyds Bank Commercial Banking
2016,2013-01-22,5.45,11-30-2014,Lloyds Bank Commercial Banking
2016,2013-02-25,5.45,11-30-2014,Lloyds Bank Commercial Banking
2016,2013-04-12,5.45,11-30-2014,Lloyds Bank Commercial Banking
2016,2013-05-21,5.45,11-30-2014,Lloyds Bank Commercial Banking
2016,2013-06-12,5.45,11-30-2014,Lloyds Bank Commercial Banking
2016,2013-07-18,5.55,11-30-2014,Lloyds Bank Commercial Banking
Q1-09,2008-03-26,6.59,02-28-2009,Lloyds Bank Commercial Banking
Q1-09,2008-04-22,6.59,02-28-2009,Lloyds Bank Commercial Banking
Q1-09,2008-05-23,6.59,02-28-2009,Lloyds Bank Commercial Banking
Q1-09,2008-07-17,6.5,02-28-2009,Lloyds Bank Commercial Banking
Q1-09,2008-08-20,6.65,02-28-2009,Lloyds Bank Commercial Banking
Q1-09,2008-09-11,6.65,02-28-2009,Lloyds Bank Commercial Banking
Q1-09,2008-10-17,6.65,02-28-2009,Lloyds Bank Commercial Banking
Q1-09,2008-11-27,6.7,02-28-2009,Lloyds Bank Commercial Banking
Q1-09,2008-11-28,6.7,02-28-2009,Lloyds Bank Commercial Banking
Q1-09,2009-01-13,6.84,02-28-2009,Lloyds Bank Commercial Banking
Q1-09,2009-02-10,6.84,02-28-2009,Lloyds Bank Commercial Banking
Q2-09,2008-07-17,6.45,02-28-2009,Lloyds Bank Commercial Banking
Q2-09,2008-08-20,6.6,02-28-2009,Lloyds Bank Commercial Banking
Q2-09,2008-09-11,6.6,02-28-2009,Lloyds Bank Commercial Banking
Q2-09,2008-10-17,6.6,02-28-2009,Lloyds Bank Commercial Banking
Q2-09,2008-11-27,6.65,02-28-2009,Lloyds Bank Commercial Banking
Q2-09,2008-11-28,6.65,02-28-2009,Lloyds Bank Commercial Banking
Q2-09,2009-01-13,6.81,02-28-2009,Lloyds Bank Commercial Banking
Q2-09,2009-02-10,6.81,02-28-2009,Lloyds Bank Commercial Banking
Q3-09,2008-09-11,6.5,02-28-2009,Lloyds Bank Commercial Banking
Q3-09,2008-10-17,6.5,02-28-2009,Lloyds Bank Commercial Banking
Q3-09,2008-11-27,6.6,02-28-2009,Lloyds Bank Commercial Banking
Q3-09,2008-11-28,6.6,02-28-2009,Lloyds Bank Commercial Banking
Q3-09,2009-01-13,6.69,02-28-2009,Lloyds Bank Commercial Banking
Q3-09,2009-02-10,6.69,02-28-2009,Lloyds Bank Commercial Banking
Q4-09,2007-04-23,6.8,02-28-2009,Lloyds Bank Commercial Banking
Q4-09,2007-05-23,6.8,02-28-2009,Lloyds Bank Commercial Banking
Q4-09,2007-05-24,6.8,02-28-2009,Lloyds Bank Commercial Banking
Q4-09,2007-06-14,6.8,02-28-2009,Lloyds Bank Commercial Banking
Q4-09,2007-07-16,6.64,02-28-2009,Lloyds Bank Commercial Banking
Q4-09,2007-08-17,6.64,02-28-2009,Lloyds Bank Commercial Banking
Q4-09,2007-08-31,6.64,02-28-2009,Lloyds Bank Commercial Banking
Q4-09,2007-09-18,6.64,02-28-2009,Lloyds Bank Commercial Banking
Q4-09,2007-10-19,6.64,02-28-2009,Lloyds Bank Commercial Banking
Q4-09,2007-10-22,6.64,02-28-2009,Lloyds Bank Commercial Banking
Q4-09,2008-01-16,6.64,02-28-2009,Lloyds Bank Commercial Banking
Q4-09,2008-02-19,6.64,02-28-2009,Lloyds Bank Commercial Banking
Q4-09,2008-03-26,6.27,02-28-2009,Lloyds Bank Commercial Banking
Q4-09,2008-04-22,6.27,02-28-2009,Lloyds Bank Commercial Banking
Q4-09,2008-07-17,6.27,02-28-2009,Lloyds Bank Commercial Banking
Q4-09,2008-08-20,6.4,02-28-2009,Lloyds Bank Commercial Banking
Q4-09,2008-09-11,6.4,02-28-2009,Lloyds Bank Commercial Banking
Q4-09,2008-10-17,6.4,02-28-2009,Lloyds Bank Commercial Banking
Q4-09,2008-11-27,6.5,02-28-2009,Lloyds Bank Commercial Banking
Q4-09,2008-11-28,6.5,02-28-2009,Lloyds Bank Commercial Banking
Q4-09,2009-01-13,6.61,02-28-2009,Lloyds Bank Commercial Banking
Q4-09,2009-02-10,6.61,02-28-2009,Lloyds Bank Commercial Banking
2010,2007-04-23,6.59,02-28-2009,Lloyds Bank Commercial Banking
2010,2007-05-23,6.59,02-28-2009,Lloyds Bank Commercial Banking
2010,2007-05-24,6.59,02-28-2009,Lloyds Bank Commercial Banking
2010,2007-06-14,6.59,02-28-2009,Lloyds Bank Commercial Banking
2010,2007-07-16,6.49,02-28-2009,Lloyds Bank Commercial Banking
2010,2007-08-17,6.49,02-28-2009,Lloyds Bank Commercial Banking
2010,2007-08-31,6.49,02-28-2009,Lloyds Bank Commercial Banking
2010,2007-09-18,6.49,02-28-2009,Lloyds Bank Commercial Banking
2010,2007-10-19,6.49,02-28-2009,Lloyds Bank Commercial Banking
2010,2007-10-22,6.49,02-28-2009,Lloyds Bank Commercial Banking
2010,2008-01-16,6.49,02-28-2009,Lloyds Bank Commercial Banking
2010,2008-02-19,6.49,02-28-2009,Lloyds Bank Commercial Banking
2010,2008-03-26,6.17,02-28-2009,Lloyds Bank Commercial Banking
2011,2007-04-23,6.42,02-28-2009,Lloyds Bank Commercial Banking
2011,2007-05-23,6.42,02-28-2009,Lloyds Bank Commercial Banking
2011,2007-05-24,6.42,02-28-2009,Lloyds Bank Commercial Banking
2011,2007-06-14,6.42,02-28-2009,Lloyds Bank Commercial Banking
2011,2007-07-16,6.34,02-28-2009,Lloyds Bank Commercial Banking
2011,2007-08-17,6.34,02-28-2009,Lloyds Bank Commercial Banking
2011,2007-08-31,6.34,02-28-2009,Lloyds Bank Commercial Banking
2011,2007-09-18,6.34,02-28-2009,Lloyds Bank Commercial Banking
2011,2007-10-19,6.34,02-28-2009,Lloyds Bank Commercial Banking
2011,2007-10-22,6.34,02-28-2009,Lloyds Bank Commercial Banking
2011,2008-01-16,6.34,02-28-2009,Lloyds Bank Commercial Banking
2011,2008-02-19,6.34,02-28-2009,Lloyds Bank Commercial Banking
2011,2008-03-26,6.05,02-28-2009,Lloyds Bank Commercial Banking
2012,2007-07-16,6.23,02-28-2009,Lloyds Bank Commercial Banking
2012,2007-08-17,6.23,02-28-2009,Lloyds Bank Commercial Banking
2012,2007-08-31,6.23,02-28-2009,Lloyds Bank Commercial Banking
2012,2007-10-19,6.23,02-28-2009,Lloyds Bank Commercial Banking
2012,2007-10-22,6.23,02-28-2009,Lloyds Bank Commercial Banking
2012,2008-02-19,6.23,02-28-2009,Lloyds Bank Commercial Banking
2012,2008-03-26,5.8,02-28-2009,Lloyds Bank Commercial Banking
Q2-13,2012-06-27,6.34,05-31-2013,Lloyds Bank Commercial Banking
Q2-13,2012-07-11,6.3,05-31-2013,Lloyds Bank Commercial Banking
Q2-13,2012-08-15,6.33,05-31-2013,Lloyds Bank Commercial Banking
Q2-13,2012-09-11,6.33,05-31-2013,Lloyds Bank Commercial Banking
Q2-13,2012-10-16,6.27,05-31-2013,Lloyds Bank Commercial Banking
Q2-13,2012-11-19,6.27,05-31-2013,Lloyds Bank Commercial Banking
Q2-13,2013-01-02,6.2,05-31-2013,Lloyds Bank Commercial Banking
Q2-13,2013-01-22,6.2,05-31-2013,Lloyds Bank Commercial Banking
Q2-13,2013-02-25,6.17,05-31-2013,Lloyds Bank Commercial Banking
Q2-13,2013-04-12,6.17,05-31-2013,Lloyds Bank Commercial Banking
Q2-13,2013-05-21,6.13,05-31-2013,Lloyds Bank Commercial Banking
Q3-13,2012-10-16,6.25,05-31-2013,Lloyds Bank Commercial Banking
Q3-13,2012-11-19,6.25,05-31-2013,Lloyds Bank Commercial Banking
Q3-13,2013-01-02,6.18,05-31-2013,Lloyds Bank Commercial Banking
Q3-13,2013-01-22,6.18,05-31-2013,Lloyds Bank Commercial Banking
Q3-13,2013-02-25,6.16,05-31-2013,Lloyds Bank Commercial Banking
Q3-13,2013-04-12,6.16,05-31-2013,Lloyds Bank Commercial Banking
Q3-13,2013-05-21,6.1,05-31-2013,Lloyds Bank Commercial Banking
Q4-13,2012-01-19,5.87,05-31-2013,Lloyds Bank Commercial Banking
Q4-13,2012-02-15,5.87,05-31-2013,Lloyds Bank Commercial Banking
Q4-13,2012-04-11,5.87,05-31-2013,Lloyds Bank Commercial Banking
Q4-13,2012-05-18,5.89,05-31-2013,Lloyds Bank Commercial Banking
Q4-13,2012-06-27,6.3,05-31-2013,Lloyds Bank Commercial Banking
Q4-13,2012-07-11,6.2,05-31-2013,Lloyds Bank Commercial Banking
Q4-13,2012-08-15,6.28,05-31-2013,Lloyds Bank Commercial Banking
Q4-13,2012-09-11,6.28,05-31-2013,Lloyds Bank Commercial Banking
Q4-13,2012-10-16,6.23,05-31-2013,Lloyds Bank Commercial Banking
Q4-13,2012-11-19,6.23,05-31-2013,Lloyds Bank Commercial Banking
Q4-13,2013-01-02,6.15,05-31-2013,Lloyds Bank Commercial Banking
Q4-13,2013-01-22,6.15,05-31-2013,Lloyds Bank Commercial Banking
Q4-13,2013-02-25,6.15,05-31-2013,Lloyds Bank Commercial Banking
Q4-13,2013-04-12,6.15,05-31-2013,Lloyds Bank Commercial Banking
Q4-13,2013-05-21,6.05,05-31-2013,Lloyds Bank Commercial Banking
Q1-14,2013-04-12,6.14,05-31-2013,Lloyds Bank Commercial Banking
Q1-14,2013-05-21,6.01,05-31-2013,Lloyds Bank Commercial Banking
2014,2012-01-19,5.65,05-31-2013,Lloyds Bank Commercial Banking
2014,2012-02-15,5.65,05-31-2013,Lloyds Bank Commercial Banking
2014,2012-04-11,5.65,05-31-2013,Lloyds Bank Commercial Banking
2014,2012-05-18,5.65,05-31-2013,Lloyds Bank Commercial Banking
2014,2012-06-27,6.2,05-31-2013,Lloyds Bank Commercial Banking
2014,2012-07-11,6.05,05-31-2013,Lloyds Bank Commercial Banking
2014,2012-08-15,6.1,05-31-2013,Lloyds Bank Commercial Banking
2014,2012-09-11,6.1,05-31-2013,Lloyds Bank Commercial Banking
2014,2012-10-16,6.1,05-31-2013,Lloyds Bank Commercial Banking
2014,2012-11-19,6.1,05-31-2013,Lloyds Bank Commercial Banking
2014,2013-01-02,6.1,05-31-2013,Lloyds Bank Commercial Banking
2014,2013-01-22,6.1,05-31-2013,Lloyds Bank Commercial Banking
2014,2013-02-25,6.1,05-31-2013,Lloyds Bank Commercial Banking
2014,2013-04-12,6.1,05-31-2013,Lloyds Bank Commercial Banking
2014,2013-05-21,5.89,05-31-2013,Lloyds Bank Commercial Banking
2015,2012-01-19,5.51,05-31-2013,Lloyds Bank Commercial Banking
2015,2012-02-15,5.51,05-31-2013,Lloyds Bank Commercial Banking
2015,2012-04-11,5.51,05-31-2013,Lloyds Bank Commercial Banking
2015,2012-05-18,5.51,05-31-2013,Lloyds Bank Commercial Banking
2015,2012-06-27,5.75,05-31-2013,Lloyds Bank Commercial Banking
2015,2012-07-11,5.75,05-31-2013,Lloyds Bank Commercial Banking
2015,2012-08-15,5.75,05-31-2013,Lloyds Bank Commercial Banking
2015,2012-09-11,5.75,05-31-2013,Lloyds Bank Commercial Banking
2015,2012-10-16,5.75,05-31-2013,Lloyds Bank Commercial Banking
2015,2012-11-19,5.75,05-31-2013,Lloyds Bank Commercial Banking
2015,2013-01-02,5.75,05-31-2013,Lloyds Bank Commercial Banking
2015,2013-01-22,5.75,05-31-2013,Lloyds Bank Commercial Banking
2015,2013-02-25,5.75,05-31-2013,Lloyds Bank Commercial Banking
2015,2013-04-12,5.75,05-31-2013,Lloyds Bank Commercial Banking
2015,2013-05-21,5.75,05-31-2013,Lloyds Bank Commercial Banking
2016,2013-01-22,5.45,05-31-2013,Lloyds Bank Commercial Banking
2016,2013-02-25,5.45,05-31-2013,Lloyds Bank Commercial Banking
2016,2013-04-12,5.45,05-31-2013,Lloyds Bank Commercial Banking
2016,2013-05-21,5.45,05-31-2013,Lloyds Bank Commercial Banking
Q3-18,2017-09-22,6.67,08-31-2018,Lloyds Bank Commercial Banking
Q3-18,2017-09-28,6.67,08-31-2018,Lloyds Bank Commercial Banking
Q3-18,2017-10-02,6.67,08-31-2018,Lloyds Bank Commercial Banking
Q3-18,2017-10-17,6.67,08-31-2018,Lloyds Bank Commercial Banking
Q3-18,2017-11-21,6.7,08-31-2018,Lloyds Bank Commercial Banking
Q3-18,2017-12-21,6.69,08-31-2018,Lloyds Bank Commercial Banking
Q3-18,2018-01-18,6.69,08-31-2018,Lloyds Bank Commercial Banking
Q3-18,2018-02-13,6.55,08-31-2018,Lloyds Bank Commercial Banking
Q3-18,2018-03-15,6.42,08-31-2018,Lloyds Bank Commercial Banking
Q3-18,2018-04-12,6.42,08-31-2018,Lloyds Bank Commercial Banking
Q3-18,2018-04-13,6.42,08-31-2018,Lloyds Bank Commercial Banking
Q3-18,2018-05-17,6.42,08-31-2018,Lloyds Bank Commercial Banking
Q3-18,2018-06-12,6.42,08-31-2018,Lloyds Bank Commercial Banking
Q3-18,2018-07-16,6.6,08-31-2018,Lloyds Bank Commercial Banking
Q3-18,2018-08-08,6.6,08-31-2018,Lloyds Bank Commercial Banking
Q4-18,2016-10-12,7.0,08-31-2018,Lloyds Bank Commercial Banking
Q4-18,2016-11-18,7.0,08-31-2018,Lloyds Bank Commercial Banking
Q4-18,2016-12-15,7.1,08-31-2018,Lloyds Bank Commercial Banking
Q4-18,2017-01-09,7.05,08-31-2018,Lloyds Bank Commercial Banking
Q4-18,2017-02-27,7.05,08-31-2018,Lloyds Bank Commercial Banking
Q4-18,2017-03-21,7.05,08-31-2018,Lloyds Bank Commercial Banking
Q4-18,2017-04-13,7.05,08-31-2018,Lloyds Bank Commercial Banking
Q4-18,2017-05-10,7.05,08-31-2018,Lloyds Bank Commercial Banking
Q4-18,2017-06-20,7.02,08-31-2018,Lloyds Bank Commercial Banking
Q4-18,2017-07-12,7.02,08-31-2018,Lloyds Bank Commercial Banking
Q4-18,2017-08-09,7.02,08-31-2018,Lloyds Bank Commercial Banking
Q4-18,2017-09-22,6.69,08-31-2018,Lloyds Bank Commercial Banking
Q4-18,2017-09-28,6.69,08-31-2018,Lloyds Bank Commercial Banking
Q4-18,2017-10-02,6.69,08-31-2018,Lloyds Bank Commercial Banking
Q4-18,2017-10-17,6.69,08-31-2018,Lloyds Bank Commercial Banking
Q4-18,2017-11-21,6.7,08-31-2018,Lloyds Bank Commercial Banking
Q4-18,2017-12-21,6.7,08-31-2018,Lloyds Bank Commercial Banking
Q4-18,2018-01-18,6.7,08-31-2018,Lloyds Bank Commercial Banking
Q4-18,2018-02-13,6.56,08-31-2018,Lloyds Bank Commercial Banking
Q4-18,2018-03-15,6.45,08-31-2018,Lloyds Bank Commercial Banking
Q4-18,2018-04-12,6.45,08-31-2018,Lloyds Bank Commercial Banking
Q4-18,2018-04-13,6.45,08-31-2018,Lloyds Bank Commercial Banking
Q4-18,2018-05-17,6.45,08-31-2018,Lloyds Bank Commercial Banking
Q4-18,2018-06-12,6.45,08-31-2018,Lloyds Bank Commercial Banking
Q4-18,2018-07-16,6.55,08-31-2018,Lloyds Bank Commercial Banking
Q4-18,2018-08-08,6.55,08-31-2018,Lloyds Bank Commercial Banking
Q1-19,2018-03-15,6.5,08-31-2018,Lloyds Bank Commercial Banking
Q1-19,2018-04-13,6.5,08-31-2018,Lloyds Bank Commercial Banking
Q1-19,2018-04-23,6.5,08-31-2018,Lloyds Bank Commercial Banking
Q1-19,2018-05-17,6.5,08-31-2018,Lloyds Bank Commercial Banking
Q1-19,2018-06-12,6.5,08-31-2018,Lloyds Bank Commercial Banking
Q1-19,2018-07-16,6.5,08-31-2018,Lloyds Bank Commercial Banking
Q1-19,2018-08-08,6.5,08-31-2018,Lloyds Bank Commercial Banking
Q2-19,2018-03-15,6.52,08-31-2018,Lloyds Bank Commercial Banking
Q2-19,2018-04-13,6.52,08-31-2018,Lloyds Bank Commercial Banking
Q2-19,2018-06-12,6.52,08-31-2018,Lloyds Bank Commercial Banking
Q2-19,2018-07-16,6.52,08-31-2018,Lloyds Bank Commercial Banking
Q2-19,2018-08-08,6.52,08-31-2018,Lloyds Bank Commercial Banking
2019,2017-09-28,6.81,08-31-2018,Lloyds Bank Commercial Banking
2019,2017-10-17,6.81,08-31-2018,Lloyds Bank Commercial Banking
2019,2017-11-21,6.81,08-31-2018,Lloyds Bank Commercial Banking
2019,2017-12-21,6.81,08-31-2018,Lloyds Bank Commercial Banking
2019,2018-01-18,6.81,08-31-2018,Lloyds Bank Commercial Banking
2019,2018-02-13,6.62,08-31-2018,Lloyds Bank Commercial Banking
2019,2018-03-15,6.56,08-31-2018,Lloyds Bank Commercial Banking
2019,2018-04-12,6.56,08-31-2018,Lloyds Bank Commercial Banking
2019,2018-04-13,6.56,08-31-2018,Lloyds Bank Commercial Banking
2019,2018-05-17,6.56,08-31-2018,Lloyds Bank Commercial Banking
2019,2018-06-12,6.56,08-31-2018,Lloyds Bank Commercial Banking
2019,2018-07-16,6.56,08-31-2018,Lloyds Bank Commercial Banking
2019,2018-08-08,6.56,08-31-2018,Lloyds Bank Commercial Banking
Q4-18,2016-12-15,7.1,11-30-2018,Lloyds Bank Commercial Banking
Q4-18,2017-01-09,7.05,11-30-2018,Lloyds Bank Commercial Banking
Q4-18,2017-02-27,7.05,11-30-2018,Lloyds Bank Commercial Banking
Q4-18,2017-03-21,7.05,11-30-2018,Lloyds Bank Commercial Banking
Q4-18,2017-04-13,7.05,11-30-2018,Lloyds Bank Commercial Banking
Q4-18,2017-05-10,7.05,11-30-2018,Lloyds Bank Commercial Banking
Q4-18,2017-06-20,7.02,11-30-2018,Lloyds Bank Commercial Banking
Q4-18,2017-07-12,7.02,11-30-2018,Lloyds Bank Commercial Banking
Q4-18,2017-08-09,7.02,11-30-2018,Lloyds Bank Commercial Banking
Q4-18,2017-09-22,6.69,11-30-2018,Lloyds Bank Commercial Banking
Q4-18,2017-09-28,6.69,11-30-2018,Lloyds Bank Commercial Banking
Q4-18,2017-10-02,6.69,11-30-2018,Lloyds Bank Commercial Banking
Q4-18,2017-10-17,6.69,11-30-2018,Lloyds Bank Commercial Banking
Q4-18,2017-11-21,6.7,11-30-2018,Lloyds Bank Commercial Banking
Q4-18,2017-12-21,6.7,11-30-2018,Lloyds Bank Commercial Banking
Q4-18,2018-01-18,6.7,11-30-2018,Lloyds Bank Commercial Banking
Q4-18,2018-02-13,6.56,11-30-2018,Lloyds Bank Commercial Banking
Q4-18,2018-03-15,6.45,11-30-2018,Lloyds Bank Commercial Banking
Q4-18,2018-04-12,6.45,11-30-2018,Lloyds Bank Commercial Banking
Q4-18,2018-04-13,6.45,11-30-2018,Lloyds Bank Commercial Banking
Q4-18,2018-05-17,6.45,11-30-2018,Lloyds Bank Commercial Banking
Q4-18,2018-06-12,6.45,11-30-2018,Lloyds Bank Commercial Banking
Q4-18,2018-07-16,6.55,11-30-2018,Lloyds Bank Commercial Banking
Q4-18,2018-08-08,6.55,11-30-2018,Lloyds Bank Commercial Banking
Q4-18,2018-09-14,6.55,11-30-2018,Lloyds Bank Commercial Banking
Q4-18,2018-10-11,6.72,11-30-2018,Lloyds Bank Commercial Banking
Q4-18,2018-11-14,6.85,11-30-2018,Lloyds Bank Commercial Banking
Q1-19,2018-03-15,6.5,11-30-2018,Lloyds Bank Commercial Banking
Q1-19,2018-04-13,6.5,11-30-2018,Lloyds Bank Commercial Banking
Q1-19,2018-04-23,6.5,11-30-2018,Lloyds Bank Commercial Banking
Q1-19,2018-05-17,6.5,11-30-2018,Lloyds Bank Commercial Banking
Q1-19,2018-06-12,6.5,11-30-2018,Lloyds Bank Commercial Banking
Q1-19,2018-07-16,6.5,11-30-2018,Lloyds Bank Commercial Banking
Q1-19,2018-08-08,6.5,11-30-2018,Lloyds Bank Commercial Banking
Q1-19,2018-09-14,6.5,11-30-2018,Lloyds Bank Commercial Banking
Q1-19,2018-10-11,6.7,11-30-2018,Lloyds Bank Commercial Banking
Q1-19,2018-11-14,6.75,11-30-2018,Lloyds Bank Commercial Banking
Q2-19,2018-03-15,6.52,11-30-2018,Lloyds Bank Commercial Banking
Q2-19,2018-04-13,6.52,11-30-2018,Lloyds Bank Commercial Banking
Q2-19,2018-06-12,6.52,11-30-2018,Lloyds Bank Commercial Banking
Q2-19,2018-07-16,6.52,11-30-2018,Lloyds Bank Commercial Banking
Q2-19,2018-08-08,6.52,11-30-2018,Lloyds Bank Commercial Banking
Q2-19,2018-09-14,6.52,11-30-2018,Lloyds Bank Commercial Banking
Q2-19,2018-10-11,6.67,11-30-2018,Lloyds Bank Commercial Banking
Q2-19,2018-11-14,6.7,11-30-2018,Lloyds Bank Commercial Banking
Q3-19,2018-03-15,6.55,11-30-2018,Lloyds Bank Commercial Banking
Q3-19,2018-04-13,6.55,11-30-2018,Lloyds Bank Commercial Banking
Q3-19,2018-09-14,6.55,11-30-2018,Lloyds Bank Commercial Banking
Q3-19,2018-10-11,6.65,11-30-2018,Lloyds Bank Commercial Banking
Q3-19,2018-11-14,6.65,11-30-2018,Lloyds Bank Commercial Banking
2019,2017-09-28,6.81,11-30-2018,Lloyds Bank Commercial Banking
2019,2017-10-17,6.81,11-30-2018,Lloyds Bank Commercial Banking
2019,2017-11-21,6.81,11-30-2018,Lloyds Bank Commercial Banking
2019,2017-12-21,6.81,11-30-2018,Lloyds Bank Commercial Banking
2019,2018-01-18,6.81,11-30-2018,Lloyds Bank Commercial Banking
2019,2018-02-13,6.62,11-30-2018,Lloyds Bank Commercial Banking
2019,2018-03-15,6.56,11-30-2018,Lloyds Bank Commercial Banking
2019,2018-04-12,6.56,11-30-2018,Lloyds Bank Commercial Banking
2019,2018-04-13,6.56,11-30-2018,Lloyds Bank Commercial Banking
2019,2018-05-17,6.56,11-30-2018,Lloyds Bank Commercial Banking
2019,2018-06-12,6.56,11-30-2018,Lloyds Bank Commercial Banking
2019,2018-07-16,6.56,11-30-2018,Lloyds Bank Commercial Banking
2019,2018-08-08,6.56,11-30-2018,Lloyds Bank Commercial Banking
2019,2018-09-14,6.56,11-30-2018,Lloyds Bank Commercial Banking
2019,2018-10-11,6.63,11-30-2018,Lloyds Bank Commercial Banking
2019,2018-11-14,6.63,11-30-2018,Lloyds Bank Commercial Banking
2020,2017-09-28,6.59,11-30-2018,Lloyds Bank Commercial Banking
2020,2018-10-11,6.59,11-30-2018,Lloyds Bank Commercial Banking
2020,2018-11-14,6.59,11-30-2018,Lloyds Bank Commercial Banking
Q3-14,2013-09-20,6.05,08-31-2014,Lloyds Bank Commercial Banking
Q3-14,2013-10-02,6.05,08-31-2014,Lloyds Bank Commercial Banking
Q3-14,2013-10-18,6.05,08-31-2014,Lloyds Bank Commercial Banking
Q3-14,2013-11-25,6.05,08-31-2014,Lloyds Bank Commercial Banking
Q3-14,2013-12-11,6.0,08-31-2014,Lloyds Bank Commercial Banking
Q3-14,2014-01-16,6.0,08-31-2014,Lloyds Bank Commercial Banking
Q3-14,2014-02-12,6.0,08-31-2014,Lloyds Bank Commercial Banking
Q3-14,2014-04-16,6.16,08-31-2014,Lloyds Bank Commercial Banking
Q3-14,2014-05-30,6.16,08-31-2014,Lloyds Bank Commercial Banking
Q3-14,2014-06-12,6.2,08-31-2014,Lloyds Bank Commercial Banking
Q3-14,2014-07-17,6.2,08-31-2014,Lloyds Bank Commercial Banking
Q4-14,2012-09-11,6.1,08-31-2014,Lloyds Bank Commercial Banking
Q4-14,2012-10-16,6.1,08-31-2014,Lloyds Bank Commercial Banking
Q4-14,2012-11-19,6.1,08-31-2014,Lloyds Bank Commercial Banking
Q4-14,2013-01-02,6.1,08-31-2014,Lloyds Bank Commercial Banking
Q4-14,2013-01-22,6.1,08-31-2014,Lloyds Bank Commercial Banking
Q4-14,2013-02-25,6.1,08-31-2014,Lloyds Bank Commercial Banking
Q4-14,2013-04-12,6.1,08-31-2014,Lloyds Bank Commercial Banking
Q4-14,2013-05-21,5.89,08-31-2014,Lloyds Bank Commercial Banking
Q4-14,2013-06-12,5.89,08-31-2014,Lloyds Bank Commercial Banking
Q4-14,2013-07-18,6.03,08-31-2014,Lloyds Bank Commercial Banking
Q4-14,2013-08-14,6.03,08-31-2014,Lloyds Bank Commercial Banking
Q4-14,2013-09-20,6.03,08-31-2014,Lloyds Bank Commercial Banking
Q4-14,2013-10-02,6.03,08-31-2014,Lloyds Bank Commercial Banking
Q4-14,2013-10-18,6.03,08-31-2014,Lloyds Bank Commercial Banking
Q4-14,2013-11-25,6.03,08-31-2014,Lloyds Bank Commercial Banking
Q4-14,2013-12-11,5.95,08-31-2014,Lloyds Bank Commercial Banking
Q4-14,2014-01-16,5.95,08-31-2014,Lloyds Bank Commercial Banking
Q4-14,2014-02-12,5.95,08-31-2014,Lloyds Bank Commercial Banking
Q4-14,2014-04-16,6.13,08-31-2014,Lloyds Bank Commercial Banking
Q4-14,2014-05-30,6.13,08-31-2014,Lloyds Bank Commercial Banking
Q4-14,2014-06-12,6.18,08-31-2014,Lloyds Bank Commercial Banking
Q4-14,2014-07-17,6.18,08-31-2014,Lloyds Bank Commercial Banking
Q1-15,2014-04-16,6.1,08-31-2014,Lloyds Bank Commercial Banking
Q1-15,2014-05-30,6.1,08-31-2014,Lloyds Bank Commercial Banking
Q1-15,2014-06-12,6.12,08-31-2014,Lloyds Bank Commercial Banking
Q1-15,2014-07-17,6.16,08-31-2014,Lloyds Bank Commercial Banking
Q2-15,2014-07-17,6.12,08-31-2014,Lloyds Bank Commercial Banking
2015,2012-09-11,5.75,08-31-2014,Lloyds Bank Commercial Banking
2015,2012-10-16,5.75,08-31-2014,Lloyds Bank Commercial Banking
2015,2012-11-19,5.75,08-31-2014,Lloyds Bank Commercial Banking
2015,2013-01-02,5.75,08-31-2014,Lloyds Bank Commercial Banking
2015,2013-01-22,5.75,08-31-2014,Lloyds Bank Commercial Banking
2015,2013-02-25,5.75,08-31-2014,Lloyds Bank Commercial Banking
2015,2013-04-12,5.75,08-31-2014,Lloyds Bank Commercial Banking
2015,2013-05-21,5.75,08-31-2014,Lloyds Bank Commercial Banking
2015,2013-06-12,5.75,08-31-2014,Lloyds Bank Commercial Banking
2015,2013-07-18,5.95,08-31-2014,Lloyds Bank Commercial Banking
2015,2014-04-16,5.95,08-31-2014,Lloyds Bank Commercial Banking
2015,2014-05-30,5.95,08-31-2014,Lloyds Bank Commercial Banking
2015,2014-06-12,5.95,08-31-2014,Lloyds Bank Commercial Banking
2015,2014-07-17,6.0,08-31-2014,Lloyds Bank Commercial Banking
2016,2013-01-22,5.45,08-31-2014,Lloyds Bank Commercial Banking
2016,2013-02-25,5.45,08-31-2014,Lloyds Bank Commercial Banking
2016,2013-04-12,5.45,08-31-2014,Lloyds Bank Commercial Banking
2016,2013-05-21,5.45,08-31-2014,Lloyds Bank Commercial Banking
2016,2013-06-12,5.45,08-31-2014,Lloyds Bank Commercial Banking
2016,2013-07-18,5.55,08-31-2014,Lloyds Bank Commercial Banking
Q2-09,2008-07-17,6.45,05-31-2009,Lloyds Bank Commercial Banking
Q2-09,2008-08-20,6.6,05-31-2009,Lloyds Bank Commercial Banking
Q2-09,2008-09-11,6.6,05-31-2009,Lloyds Bank Commercial Banking
Q2-09,2008-10-17,6.6,05-31-2009,Lloyds Bank Commercial Banking
Q2-09,2008-11-27,6.65,05-31-2009,Lloyds Bank Commercial Banking
Q2-09,2008-11-28,6.65,05-31-2009,Lloyds Bank Commercial Banking
Q2-09,2009-01-13,6.81,05-31-2009,Lloyds Bank Commercial Banking
Q2-09,2009-02-10,6.81,05-31-2009,Lloyds Bank Commercial Banking
Q2-09,2009-03-26,6.81,05-31-2009,Lloyds Bank Commercial Banking
Q2-09,2009-05-11,6.82,05-31-2009,Lloyds Bank Commercial Banking
Q3-09,2008-09-11,6.5,05-31-2009,Lloyds Bank Commercial Banking
Q3-09,2008-10-17,6.5,05-31-2009,Lloyds Bank Commercial Banking
Q3-09,2008-11-27,6.6,05-31-2009,Lloyds Bank Commercial Banking
Q3-09,2008-11-28,6.6,05-31-2009,Lloyds Bank Commercial Banking
Q3-09,2009-01-13,6.69,05-31-2009,Lloyds Bank Commercial Banking
Q3-09,2009-02-10,6.69,05-31-2009,Lloyds Bank Commercial Banking
Q3-09,2009-03-26,6.69,05-31-2009,Lloyds Bank Commercial Banking
Q3-09,2009-05-11,6.79,05-31-2009,Lloyds Bank Commercial Banking
Q4-09,2007-06-14,6.8,05-31-2009,Lloyds Bank Commercial Banking
Q4-09,2007-07-16,6.64,05-31-2009,Lloyds Bank Commercial Banking
Q4-09,2007-08-17,6.64,05-31-2009,Lloyds Bank Commercial Banking
Q4-09,2007-08-31,6.64,05-31-2009,Lloyds Bank Commercial Banking
Q4-09,2007-09-18,6.64,05-31-2009,Lloyds Bank Commercial Banking
Q4-09,2007-10-19,6.64,05-31-2009,Lloyds Bank Commercial Banking
Q4-09,2007-10-22,6.64,05-31-2009,Lloyds Bank Commercial Banking
Q4-09,2008-01-16,6.64,05-31-2009,Lloyds Bank Commercial Banking
Q4-09,2008-02-19,6.64,05-31-2009,Lloyds Bank Commercial Banking
Q4-09,2008-03-26,6.27,05-31-2009,Lloyds Bank Commercial Banking
Q4-09,2008-04-22,6.27,05-31-2009,Lloyds Bank Commercial Banking
Q4-09,2008-07-17,6.27,05-31-2009,Lloyds Bank Commercial Banking
Q4-09,2008-08-20,6.4,05-31-2009,Lloyds Bank Commercial Banking
Q4-09,2008-09-11,6.4,05-31-2009,Lloyds Bank Commercial Banking
Q4-09,2008-10-17,6.4,05-31-2009,Lloyds Bank Commercial Banking
Q4-09,2008-11-27,6.5,05-31-2009,Lloyds Bank Commercial Banking
Q4-09,2008-11-28,6.5,05-31-2009,Lloyds Bank Commercial Banking
Q4-09,2009-01-13,6.61,05-31-2009,Lloyds Bank Commercial Banking
Q4-09,2009-02-10,6.61,05-31-2009,Lloyds Bank Commercial Banking
Q4-09,2009-03-26,6.61,05-31-2009,Lloyds Bank Commercial Banking
Q4-09,2009-05-11,6.75,05-31-2009,Lloyds Bank Commercial Banking
Q1-10,2009-03-26,6.54,05-31-2009,Lloyds Bank Commercial Banking
Q1-10,2009-05-11,6.59,05-31-2009,Lloyds Bank Commercial Banking
2010,2007-06-14,6.59,05-31-2009,Lloyds Bank Commercial Banking
2010,2007-07-16,6.49,05-31-2009,Lloyds Bank Commercial Banking
2010,2007-08-17,6.49,05-31-2009,Lloyds Bank Commercial Banking
2010,2007-08-31,6.49,05-31-2009,Lloyds Bank Commercial Banking
2010,2007-09-18,6.49,05-31-2009,Lloyds Bank Commercial Banking
2010,2007-10-19,6.49,05-31-2009,Lloyds Bank Commercial Banking
2010,2007-10-22,6.49,05-31-2009,Lloyds Bank Commercial Banking
2010,2008-01-16,6.49,05-31-2009,Lloyds Bank Commercial Banking
2010,2008-02-19,6.49,05-31-2009,Lloyds Bank Commercial Banking
2010,2008-03-26,6.17,05-31-2009,Lloyds Bank Commercial Banking
2011,2007-06-14,6.42,05-31-2009,Lloyds Bank Commercial Banking
2011,2007-07-16,6.34,05-31-2009,Lloyds Bank Commercial Banking
2011,2007-08-17,6.34,05-31-2009,Lloyds Bank Commercial Banking
2011,2007-08-31,6.34,05-31-2009,Lloyds Bank Commercial Banking
2011,2007-09-18,6.34,05-31-2009,Lloyds Bank Commercial Banking
2011,2007-10-19,6.34,05-31-2009,Lloyds Bank Commercial Banking
2011,2007-10-22,6.34,05-31-2009,Lloyds Bank Commercial Banking
2011,2008-01-16,6.34,05-31-2009,Lloyds Bank Commercial Banking
2011,2008-02-19,6.34,05-31-2009,Lloyds Bank Commercial Banking
2011,2008-03-26,6.05,05-31-2009,Lloyds Bank Commercial Banking
2012,2007-07-16,6.23,05-31-2009,Lloyds Bank Commercial Banking
2012,2007-08-17,6.23,05-31-2009,Lloyds Bank Commercial Banking
2012,2007-08-31,6.23,05-31-2009,Lloyds Bank Commercial Banking
2012,2007-10-19,6.23,05-31-2009,Lloyds Bank Commercial Banking
2012,2007-10-22,6.23,05-31-2009,Lloyds Bank Commercial Banking
2012,2008-02-19,6.23,05-31-2009,Lloyds Bank Commercial Banking
2012,2008-03-26,5.8,05-31-2009,Lloyds Bank Commercial Banking
Q1-13,2012-04-11,5.99,02-28-2013,Lloyds Bank Commercial Banking
Q1-13,2012-05-18,6.03,02-28-2013,Lloyds Bank Commercial Banking
Q1-13,2012-06-27,6.34,02-28-2013,Lloyds Bank Commercial Banking
Q1-13,2012-07-11,6.36,02-28-2013,Lloyds Bank Commercial Banking
Q1-13,2012-08-15,6.35,02-28-2013,Lloyds Bank Commercial Banking
Q1-13,2012-09-11,6.34,02-28-2013,Lloyds Bank Commercial Banking
Q1-13,2012-10-16,6.29,02-28-2013,Lloyds Bank Commercial Banking
Q1-13,2012-11-19,6.28,02-28-2013,Lloyds Bank Commercial Banking
Q1-13,2013-01-02,6.23,02-28-2013,Lloyds Bank Commercial Banking
Q1-13,2013-01-22,6.22,02-28-2013,Lloyds Bank Commercial Banking
Q1-13,2013-02-25,6.22,02-28-2013,Lloyds Bank Commercial Banking
Q2-13,2012-06-27,6.34,02-28-2013,Lloyds Bank Commercial Banking
Q2-13,2012-07-11,6.3,02-28-2013,Lloyds Bank Commercial Banking
Q2-13,2012-08-15,6.33,02-28-2013,Lloyds Bank Commercial Banking
Q2-13,2012-09-11,6.33,02-28-2013,Lloyds Bank Commercial Banking
Q2-13,2012-10-16,6.27,02-28-2013,Lloyds Bank Commercial Banking
Q2-13,2012-11-19,6.27,02-28-2013,Lloyds Bank Commercial Banking
Q2-13,2013-01-02,6.2,02-28-2013,Lloyds Bank Commercial Banking
Q2-13,2013-01-22,6.2,02-28-2013,Lloyds Bank Commercial Banking
Q2-13,2013-02-25,6.17,02-28-2013,Lloyds Bank Commercial Banking
Q3-13,2012-10-16,6.25,02-28-2013,Lloyds Bank Commercial Banking
Q3-13,2012-11-19,6.25,02-28-2013,Lloyds Bank Commercial Banking
Q3-13,2013-01-02,6.18,02-28-2013,Lloyds Bank Commercial Banking
Q3-13,2013-01-22,6.18,02-28-2013,Lloyds Bank Commercial Banking
Q3-13,2013-02-25,6.16,02-28-2013,Lloyds Bank Commercial Banking
Q4-13,2012-01-19,5.87,02-28-2013,Lloyds Bank Commercial Banking
Q4-13,2012-02-15,5.87,02-28-2013,Lloyds Bank Commercial Banking
Q4-13,2012-04-11,5.87,02-28-2013,Lloyds Bank Commercial Banking
Q4-13,2012-05-18,5.89,02-28-2013,Lloyds Bank Commercial Banking
Q4-13,2012-06-27,6.3,02-28-2013,Lloyds Bank Commercial Banking
Q4-13,2012-07-11,6.2,02-28-2013,Lloyds Bank Commercial Banking
Q4-13,2012-08-15,6.28,02-28-2013,Lloyds Bank Commercial Banking
Q4-13,2012-09-11,6.28,02-28-2013,Lloyds Bank Commercial Banking
Q4-13,2012-10-16,6.23,02-28-2013,Lloyds Bank Commercial Banking
Q4-13,2012-11-19,6.23,02-28-2013,Lloyds Bank Commercial Banking
Q4-13,2013-01-02,6.15,02-28-2013,Lloyds Bank Commercial Banking
Q4-13,2013-01-22,6.15,02-28-2013,Lloyds Bank Commercial Banking
Q4-13,2013-02-25,6.15,02-28-2013,Lloyds Bank Commercial Banking
2014,2012-01-19,5.65,02-28-2013,Lloyds Bank Commercial Banking
2014,2012-02-15,5.65,02-28-2013,Lloyds Bank Commercial Banking
2014,2012-04-11,5.65,02-28-2013,Lloyds Bank Commercial Banking
2014,2012-05-18,5.65,02-28-2013,Lloyds Bank Commercial Banking
2014,2012-06-27,6.2,02-28-2013,Lloyds Bank Commercial Banking
2014,2012-07-11,6.05,02-28-2013,Lloyds Bank Commercial Banking
2014,2012-08-15,6.1,02-28-2013,Lloyds Bank Commercial Banking
2014,2012-09-11,6.1,02-28-2013,Lloyds Bank Commercial Banking
2014,2012-10-16,6.1,02-28-2013,Lloyds Bank Commercial Banking
2014,2012-11-19,6.1,02-28-2013,Lloyds Bank Commercial Banking
2014,2013-01-02,6.1,02-28-2013,Lloyds Bank Commercial Banking
2014,2013-01-22,6.1,02-28-2013,Lloyds Bank Commercial Banking
2014,2013-02-25,6.1,02-28-2013,Lloyds Bank Commercial Banking
2015,2012-01-19,5.51,02-28-2013,Lloyds Bank Commercial Banking
2015,2012-02-15,5.51,02-28-2013,Lloyds Bank Commercial Banking
2015,2012-04-11,5.51,02-28-2013,Lloyds Bank Commercial Banking
2015,2012-05-18,5.51,02-28-2013,Lloyds Bank Commercial Banking
2015,2012-06-27,5.75,02-28-2013,Lloyds Bank Commercial Banking
2015,2012-07-11,5.75,02-28-2013,Lloyds Bank Commercial Banking
2015,2012-08-15,5.75,02-28-2013,Lloyds Bank Commercial Banking
2015,2012-09-11,5.75,02-28-2013,Lloyds Bank Commercial Banking
2015,2012-10-16,5.75,02-28-2013,Lloyds Bank Commercial Banking
2015,2012-11-19,5.75,02-28-2013,Lloyds Bank Commercial Banking
2015,2013-01-02,5.75,02-28-2013,Lloyds Bank Commercial Banking
2015,2013-01-22,5.75,02-28-2013,Lloyds Bank Commercial Banking
2015,2013-02-25,5.75,02-28-2013,Lloyds Bank Commercial Banking
2016,2013-01-22,5.45,02-28-2013,Lloyds Bank Commercial Banking
2016,2013-02-25,5.45,02-28-2013,Lloyds Bank Commercial Banking
Q1-12,2012-01-19,6.3,02-28-2012,Lloyds Bank Commercial Banking
Q1-12,2012-02-15,6.3,02-28-2012,Lloyds Bank Commercial Banking
Q2-12,2012-01-19,6.25,02-28-2012,Lloyds Bank Commercial Banking
Q2-12,2012-02-15,6.25,02-28-2012,Lloyds Bank Commercial Banking
Q3-12,2012-01-19,6.17,02-28-2012,Lloyds Bank Commercial Banking
Q3-12,2012-02-15,6.17,02-28-2012,Lloyds Bank Commercial Banking
Q4-12,2012-01-19,6.11,02-28-2012,Lloyds Bank Commercial Banking
Q4-12,2012-02-15,6.11,02-28-2012,Lloyds Bank Commercial Banking
2013,2012-01-19,5.87,02-28-2012,Lloyds Bank Commercial Banking
2013,2012-02-15,5.87,02-28-2012,Lloyds Bank Commercial Banking
2014,2012-01-19,5.65,02-28-2012,Lloyds Bank Commercial Banking
2014,2012-02-15,5.65,02-28-2012,Lloyds Bank Commercial Banking
2015,2012-01-19,5.51,02-28-2012,Lloyds Bank Commercial Banking
2015,2012-02-15,5.51,02-28-2012,Lloyds Bank Commercial Banking
Q2-08,2007-06-14,7.15,05-31-2008,Lloyds Bank Commercial Banking
Q2-08,2007-07-16,7.15,05-31-2008,Lloyds Bank Commercial Banking
Q2-08,2007-08-17,7.15,05-31-2008,Lloyds Bank Commercial Banking
Q2-08,2007-08-31,7.15,05-31-2008,Lloyds Bank Commercial Banking
Q2-08,2007-09-18,7.15,05-31-2008,Lloyds Bank Commercial Banking
Q2-08,2007-10-19,7.15,05-31-2008,Lloyds Bank Commercial Banking
Q2-08,2007-10-22,7.15,05-31-2008,Lloyds Bank Commercial Banking
Q2-08,2007-12-04,7.15,05-31-2008,Lloyds Bank Commercial Banking
Q2-08,2008-01-16,7.15,05-31-2008,Lloyds Bank Commercial Banking
Q2-08,2008-02-19,7.15,05-31-2008,Lloyds Bank Commercial Banking
Q2-08,2008-03-26,6.95,05-31-2008,Lloyds Bank Commercial Banking
Q2-08,2008-04-22,6.95,05-31-2008,Lloyds Bank Commercial Banking
Q2-08,2008-05-23,6.95,05-31-2008,Lloyds Bank Commercial Banking
Q3-08,2007-09-18,7.1,05-31-2008,Lloyds Bank Commercial Banking
Q3-08,2007-10-19,7.1,05-31-2008,Lloyds Bank Commercial Banking
Q3-08,2007-10-22,7.1,05-31-2008,Lloyds Bank Commercial Banking
Q3-08,2007-12-04,7.1,05-31-2008,Lloyds Bank Commercial Banking
Q3-08,2008-01-16,7.1,05-31-2008,Lloyds Bank Commercial Banking
Q3-08,2008-02-19,7.1,05-31-2008,Lloyds Bank Commercial Banking
Q3-08,2008-03-26,6.83,05-31-2008,Lloyds Bank Commercial Banking
Q3-08,2008-04-22,6.83,05-31-2008,Lloyds Bank Commercial Banking
Q3-08,2008-05-23,6.83,05-31-2008,Lloyds Bank Commercial Banking
Q4-08,2006-06-16,7.09,05-31-2008,Lloyds Bank Commercial Banking
Q4-08,2006-06-23,7.09,05-31-2008,Lloyds Bank Commercial Banking
Q4-08,2006-07-07,7.09,05-31-2008,Lloyds Bank Commercial Banking
Q4-08,2006-08-17,7.09,05-31-2008,Lloyds Bank Commercial Banking
Q4-08,2006-09-20,7.09,05-31-2008,Lloyds Bank Commercial Banking
Q4-08,2006-10-25,7.28,05-31-2008,Lloyds Bank Commercial Banking
Q4-08,2006-11-29,7.28,05-31-2008,Lloyds Bank Commercial Banking
Q4-08,2006-12-14,7.28,05-31-2008,Lloyds Bank Commercial Banking
Q4-08,2007-01-19,7.13,05-31-2008,Lloyds Bank Commercial Banking
Q4-08,2007-02-22,7.11,05-31-2008,Lloyds Bank Commercial Banking
Q4-08,2007-04-02,7.11,05-31-2008,Lloyds Bank Commercial Banking
Q4-08,2007-04-23,7.11,05-31-2008,Lloyds Bank Commercial Banking
Q4-08,2007-05-23,7.11,05-31-2008,Lloyds Bank Commercial Banking
Q4-08,2007-05-24,7.11,05-31-2008,Lloyds Bank Commercial Banking
Q4-08,2007-06-14,7.09,05-31-2008,Lloyds Bank Commercial Banking
Q4-08,2007-07-16,7.04,05-31-2008,Lloyds Bank Commercial Banking
Q4-08,2007-08-17,7.04,05-31-2008,Lloyds Bank Commercial Banking
Q4-08,2007-08-31,7.04,05-31-2008,Lloyds Bank Commercial Banking
Q4-08,2007-09-18,7.04,05-31-2008,Lloyds Bank Commercial Banking
Q4-08,2007-10-19,7.04,05-31-2008,Lloyds Bank Commercial Banking
Q4-08,2007-10-22,7.04,05-31-2008,Lloyds Bank Commercial Banking
Q4-08,2007-12-04,6.99,05-31-2008,Lloyds Bank Commercial Banking
Q4-08,2008-01-16,6.99,05-31-2008,Lloyds Bank Commercial Banking
Q4-08,2008-02-19,6.99,05-31-2008,Lloyds Bank Commercial Banking
Q4-08,2008-03-26,6.71,05-31-2008,Lloyds Bank Commercial Banking
Q4-08,2008-04-22,6.71,05-31-2008,Lloyds Bank Commercial Banking
Q4-08,2008-05-23,6.71,05-31-2008,Lloyds Bank Commercial Banking
Q1-09,2008-03-26,6.59,05-31-2008,Lloyds Bank Commercial Banking
Q1-09,2008-04-22,6.59,05-31-2008,Lloyds Bank Commercial Banking
Q1-09,2008-05-23,6.59,05-31-2008,Lloyds Bank Commercial Banking
2009,2006-06-16,6.91,05-31-2008,Lloyds Bank Commercial Banking
2009,2006-06-23,6.91,05-31-2008,Lloyds Bank Commercial Banking
2009,2006-07-07,6.91,05-31-2008,Lloyds Bank Commercial Banking
2009,2006-08-17,6.91,05-31-2008,Lloyds Bank Commercial Banking
2009,2006-09-20,6.91,05-31-2008,Lloyds Bank Commercial Banking
2009,2006-10-25,7.17,05-31-2008,Lloyds Bank Commercial Banking
2009,2006-11-29,7.17,05-31-2008,Lloyds Bank Commercial Banking
2009,2006-12-14,7.17,05-31-2008,Lloyds Bank Commercial Banking
2009,2007-01-19,7.1,05-31-2008,Lloyds Bank Commercial Banking
2009,2007-02-22,6.8,05-31-2008,Lloyds Bank Commercial Banking
2009,2007-04-23,6.8,05-31-2008,Lloyds Bank Commercial Banking
2009,2007-05-23,6.8,05-31-2008,Lloyds Bank Commercial Banking
2009,2007-05-24,6.8,05-31-2008,Lloyds Bank Commercial Banking
2009,2007-06-14,6.8,05-31-2008,Lloyds Bank Commercial Banking
2009,2007-07-16,6.64,05-31-2008,Lloyds Bank Commercial Banking
2009,2007-08-17,6.64,05-31-2008,Lloyds Bank Commercial Banking
2009,2007-08-31,6.64,05-31-2008,Lloyds Bank Commercial Banking
2009,2007-09-18,6.64,05-31-2008,Lloyds Bank Commercial Banking
2009,2007-10-19,6.64,05-31-2008,Lloyds Bank Commercial Banking
2009,2007-10-22,6.64,05-31-2008,Lloyds Bank Commercial Banking
2009,2008-01-16,6.64,05-31-2008,Lloyds Bank Commercial Banking
2009,2008-02-19,6.64,05-31-2008,Lloyds Bank Commercial Banking
2009,2008-03-26,6.27,05-31-2008,Lloyds Bank Commercial Banking
2009,2008-04-22,6.27,05-31-2008,Lloyds Bank Commercial Banking
2010,2006-06-16,6.79,05-31-2008,Lloyds Bank Commercial Banking
2010,2006-06-23,6.79,05-31-2008,Lloyds Bank Commercial Banking
2010,2006-07-07,6.79,05-31-2008,Lloyds Bank Commercial Banking
2010,2006-08-17,6.79,05-31-2008,Lloyds Bank Commercial Banking
2010,2006-09-20,6.79,05-31-2008,Lloyds Bank Commercial Banking
2010,2006-10-25,7.1,05-31-2008,Lloyds Bank Commercial Banking
2010,2006-11-29,7.1,05-31-2008,Lloyds Bank Commercial Banking
2010,2006-12-14,7.1,05-31-2008,Lloyds Bank Commercial Banking
2010,2007-01-19,6.99,05-31-2008,Lloyds Bank Commercial Banking
2010,2007-02-22,6.59,05-31-2008,Lloyds Bank Commercial Banking
2010,2007-04-23,6.59,05-31-2008,Lloyds Bank Commercial Banking
2010,2007-05-23,6.59,05-31-2008,Lloyds Bank Commercial Banking
2010,2007-05-24,6.59,05-31-2008,Lloyds Bank Commercial Banking
2010,2007-06-14,6.59,05-31-2008,Lloyds Bank Commercial Banking
2010,2007-07-16,6.49,05-31-2008,Lloyds Bank Commercial Banking
2010,2007-08-17,6.49,05-31-2008,Lloyds Bank Commercial Banking
2010,2007-08-31,6.49,05-31-2008,Lloyds Bank Commercial Banking
2010,2007-09-18,6.49,05-31-2008,Lloyds Bank Commercial Banking
2010,2007-10-19,6.49,05-31-2008,Lloyds Bank Commercial Banking
2010,2007-10-22,6.49,05-31-2008,Lloyds Bank Commercial Banking
2010,2008-01-16,6.49,05-31-2008,Lloyds Bank Commercial Banking
2010,2008-02-19,6.49,05-31-2008,Lloyds Bank Commercial Banking
2010,2008-03-26,6.17,05-31-2008,Lloyds Bank Commercial Banking
2011,2006-06-16,6.79,05-31-2008,Lloyds Bank Commercial Banking
2011,2006-06-23,6.79,05-31-2008,Lloyds Bank Commercial Banking
2011,2006-07-07,6.79,05-31-2008,Lloyds Bank Commercial Banking
2011,2006-08-17,6.79,05-31-2008,Lloyds Bank Commercial Banking
2011,2006-09-20,6.79,05-31-2008,Lloyds Bank Commercial Banking
2011,2006-10-25,7.04,05-31-2008,Lloyds Bank Commercial Banking
2011,2006-11-29,7.04,05-31-2008,Lloyds Bank Commercial Banking
2011,2006-12-14,7.04,05-31-2008,Lloyds Bank Commercial Banking
2011,2007-01-19,6.99,05-31-2008,Lloyds Bank Commercial Banking
2011,2007-02-22,6.42,05-31-2008,Lloyds Bank Commercial Banking
2011,2007-04-23,6.42,05-31-2008,Lloyds Bank Commercial Banking
2011,2007-05-23,6.42,05-31-2008,Lloyds Bank Commercial Banking
2011,2007-05-24,6.42,05-31-2008,Lloyds Bank Commercial Banking
2011,2007-06-14,6.42,05-31-2008,Lloyds Bank Commercial Banking
2011,2007-07-16,6.34,05-31-2008,Lloyds Bank Commercial Banking
2011,2007-08-17,6.34,05-31-2008,Lloyds Bank Commercial Banking
2011,2007-08-31,6.34,05-31-2008,Lloyds Bank Commercial Banking
2011,2007-09-18,6.34,05-31-2008,Lloyds Bank Commercial Banking
2011,2007-10-19,6.34,05-31-2008,Lloyds Bank Commercial Banking
2011,2007-10-22,6.34,05-31-2008,Lloyds Bank Commercial Banking
2011,2008-01-16,6.34,05-31-2008,Lloyds Bank Commercial Banking
2011,2008-02-19,6.34,05-31-2008,Lloyds Bank Commercial Banking
2011,2008-03-26,6.05,05-31-2008,Lloyds Bank Commercial Banking
2012,2007-07-16,6.23,05-31-2008,Lloyds Bank Commercial Banking
2012,2007-08-17,6.23,05-31-2008,Lloyds Bank Commercial Banking
2012,2007-08-31,6.23,05-31-2008,Lloyds Bank Commercial Banking
2012,2007-10-19,6.23,05-31-2008,Lloyds Bank Commercial Banking
2012,2007-10-22,6.23,05-31-2008,Lloyds Bank Commercial Banking
2012,2008-02-19,6.23,05-31-2008,Lloyds Bank Commercial Banking
2012,2008-03-26,5.8,05-31-2008,Lloyds Bank Commercial Banking
Q3-15,2014-09-03,6.1,08-31-2015,Lloyds Bank Commercial Banking
Q3-15,2014-09-10,6.05,08-31-2015,Lloyds Bank Commercial Banking
Q3-15,2014-11-11,6.05,08-31-2015,Lloyds Bank Commercial Banking
Q3-15,2014-12-01,6.1,08-31-2015,Lloyds Bank Commercial Banking
Q3-15,2014-12-23,6.15,08-31-2015,Lloyds Bank Commercial Banking
Q3-15,2015-01-14,6.15,08-31-2015,Lloyds Bank Commercial Banking
Q3-15,2015-02-20,6.15,08-31-2015,Lloyds Bank Commercial Banking
Q3-15,2015-03-30,6.15,08-31-2015,Lloyds Bank Commercial Banking
Q3-15,2015-04-29,6.2,08-31-2015,Lloyds Bank Commercial Banking
Q3-15,2015-06-30,6.2,08-31-2015,Lloyds Bank Commercial Banking
Q3-15,2015-07-22,6.2,08-31-2015,Lloyds Bank Commercial Banking
Q3-15,2015-08-17,6.35,08-31-2015,Lloyds Bank Commercial Banking
Q4-15,2014-04-16,5.95,08-31-2015,Lloyds Bank Commercial Banking
Q4-15,2014-05-30,5.95,08-31-2015,Lloyds Bank Commercial Banking
Q4-15,2014-06-12,5.95,08-31-2015,Lloyds Bank Commercial Banking
Q4-15,2014-07-17,6.0,08-31-2015,Lloyds Bank Commercial Banking
Q4-15,2014-09-03,6.0,08-31-2015,Lloyds Bank Commercial Banking
Q4-15,2014-09-10,6.0,08-31-2015,Lloyds Bank Commercial Banking
Q4-15,2014-11-11,6.0,08-31-2015,Lloyds Bank Commercial Banking
Q4-15,2014-12-01,6.1,08-31-2015,Lloyds Bank Commercial Banking
Q4-15,2014-12-23,6.12,08-31-2015,Lloyds Bank Commercial Banking
Q4-15,2015-01-14,6.12,08-31-2015,Lloyds Bank Commercial Banking
Q4-15,2015-02-20,6.12,08-31-2015,Lloyds Bank Commercial Banking
Q4-15,2015-03-30,6.12,08-31-2015,Lloyds Bank Commercial Banking
Q4-15,2015-04-29,6.18,08-31-2015,Lloyds Bank Commercial Banking
Q4-15,2015-06-30,6.18,08-31-2015,Lloyds Bank Commercial Banking
Q4-15,2015-07-22,6.18,08-31-2015,Lloyds Bank Commercial Banking
Q4-15,2015-08-17,6.4,08-31-2015,Lloyds Bank Commercial Banking
Q1-16,2015-03-30,6.11,08-31-2015,Lloyds Bank Commercial Banking
Q1-16,2015-04-29,6.14,08-31-2015,Lloyds Bank Commercial Banking
Q1-16,2015-06-30,6.14,08-31-2015,Lloyds Bank Commercial Banking
Q1-16,2015-07-22,6.14,08-31-2015,Lloyds Bank Commercial Banking
Q1-16,2015-08-17,6.3,08-31-2015,Lloyds Bank Commercial Banking
Q2-16,2015-06-30,6.1,08-31-2015,Lloyds Bank Commercial Banking
Q2-16,2015-07-22,6.1,08-31-2015,Lloyds Bank Commercial Banking
Q2-16,2015-08-17,6.25,08-31-2015,Lloyds Bank Commercial Banking
2016,2014-12-01,5.8,08-31-2015,Lloyds Bank Commercial Banking
2016,2014-12-23,6.1,08-31-2015,Lloyds Bank Commercial Banking
2016,2015-01-14,6.1,08-31-2015,Lloyds Bank Commercial Banking
2016,2015-02-20,6.1,08-31-2015,Lloyds Bank Commercial Banking
2016,2015-03-30,6.1,08-31-2015,Lloyds Bank Commercial Banking
2016,2015-04-29,6.1,08-31-2015,Lloyds Bank Commercial Banking
2016,2015-06-30,6.1,08-31-2015,Lloyds Bank Commercial Banking
2016,2015-07-22,6.1,08-31-2015,Lloyds Bank Commercial Banking
2016,2015-08-17,6.18,08-31-2015,Lloyds Bank Commercial Banking
2020,2018-10-11,6.59,11-30-2019,Lloyds Bank Commercial Banking
2020,2018-11-14,6.59,11-30-2019,Lloyds Bank Commercial Banking
2020,2018-12-17,6.59,11-30-2019,Lloyds Bank Commercial Banking
2020,2019-01-23,6.59,11-30-2019,Lloyds Bank Commercial Banking
2020,2019-04-30,6.59,11-30-2019,Lloyds Bank Commercial Banking
2020,2019-08-20,6.6,11-30-2019,Lloyds Bank Commercial Banking
Q4-19,2017-12-21,6.81,11-30-2019,Lloyds Bank Commercial Banking
Q4-19,2018-01-18,6.81,11-30-2019,Lloyds Bank Commercial Banking
Q4-19,2018-02-13,6.62,11-30-2019,Lloyds Bank Commercial Banking
Q4-19,2018-03-15,6.56,11-30-2019,Lloyds Bank Commercial Banking
Q4-19,2018-04-12,6.56,11-30-2019,Lloyds Bank Commercial Banking
Q4-19,2018-04-13,6.56,11-30-2019,Lloyds Bank Commercial Banking
Q4-19,2018-05-17,6.56,11-30-2019,Lloyds Bank Commercial Banking
Q4-19,2018-06-12,6.56,11-30-2019,Lloyds Bank Commercial Banking
Q4-19,2018-07-16,6.56,11-30-2019,Lloyds Bank Commercial Banking
Q4-19,2018-08-08,6.56,11-30-2019,Lloyds Bank Commercial Banking
Q4-19,2018-09-14,6.56,11-30-2019,Lloyds Bank Commercial Banking
Q4-19,2018-10-11,6.63,11-30-2019,Lloyds Bank Commercial Banking
Q4-19,2018-11-14,6.63,11-30-2019,Lloyds Bank Commercial Banking
Q4-19,2018-12-17,6.63,11-30-2019,Lloyds Bank Commercial Banking
Q4-19,2019-01-23,6.63,11-30-2019,Lloyds Bank Commercial Banking
Q4-19,2019-04-30,6.63,11-30-2019,Lloyds Bank Commercial Banking
Q4-19,2019-08-20,6.75,11-30-2019,Lloyds Bank Commercial Banking
Q3-20,2019-04-30,6.59,11-30-2019,Lloyds Bank Commercial Banking
Q3-20,2019-08-20,6.6,11-30-2019,Lloyds Bank Commercial Banking
Q2-20,2018-03-15,6.59,11-30-2019,Lloyds Bank Commercial Banking
Q2-20,2018-04-13,6.59,11-30-2019,Lloyds Bank Commercial Banking
Q2-20,2019-04-30,6.59,11-30-2019,Lloyds Bank Commercial Banking
Q2-20,2019-08-20,6.65,11-30-2019,Lloyds Bank Commercial Banking
Q1-20,2018-03-15,6.58,11-30-2019,Lloyds Bank Commercial Banking
Q1-20,2018-04-13,6.58,11-30-2019,Lloyds Bank Commercial Banking
Q1-20,2019-04-30,6.6,11-30-2019,Lloyds Bank Commercial Banking
Q1-20,2019-08-20,6.7,11-30-2019,Lloyds Bank Commercial Banking
Q3-19,2018-03-15,6.55,08-31-2019,Lloyds Bank Commercial Banking
Q3-19,2018-04-13,6.55,08-31-2019,Lloyds Bank Commercial Banking
Q3-19,2018-09-14,6.55,08-31-2019,Lloyds Bank Commercial Banking
Q3-19,2018-10-11,6.65,08-31-2019,Lloyds Bank Commercial Banking
Q3-19,2018-11-14,6.65,08-31-2019,Lloyds Bank Commercial Banking
Q3-19,2018-12-17,6.65,08-31-2019,Lloyds Bank Commercial Banking
Q3-19,2019-01-23,6.65,08-31-2019,Lloyds Bank Commercial Banking
Q3-19,2019-04-30,6.65,08-31-2019,Lloyds Bank Commercial Banking
Q3-19,2019-08-20,6.8,08-31-2019,Lloyds Bank Commercial Banking
Q4-19,2017-09-28,6.81,08-31-2019,Lloyds Bank Commercial Banking
Q4-19,2017-10-17,6.81,08-31-2019,Lloyds Bank Commercial Banking
Q4-19,2017-11-21,6.81,08-31-2019,Lloyds Bank Commercial Banking
Q4-19,2017-12-21,6.81,08-31-2019,Lloyds Bank Commercial Banking
Q4-19,2018-01-18,6.81,08-31-2019,Lloyds Bank Commercial Banking
Q4-19,2018-02-13,6.62,08-31-2019,Lloyds Bank Commercial Banking
Q4-19,2018-03-15,6.56,08-31-2019,Lloyds Bank Commercial Banking
Q4-19,2018-04-12,6.56,08-31-2019,Lloyds Bank Commercial Banking
Q4-19,2018-04-13,6.56,08-31-2019,Lloyds Bank Commercial Banking
Q4-19,2018-05-17,6.56,08-31-2019,Lloyds Bank Commercial Banking
Q4-19,2018-06-12,6.56,08-31-2019,Lloyds Bank Commercial Banking
Q4-19,2018-07-16,6.56,08-31-2019,Lloyds Bank Commercial Banking
Q4-19,2018-08-08,6.56,08-31-2019,Lloyds Bank Commercial Banking
Q4-19,2018-09-14,6.56,08-31-2019,Lloyds Bank Commercial Banking
Q4-19,2018-10-11,6.63,08-31-2019,Lloyds Bank Commercial Banking
Q4-19,2018-11-14,6.63,08-31-2019,Lloyds Bank Commercial Banking
Q4-19,2018-12-17,6.63,08-31-2019,Lloyds Bank Commercial Banking
Q4-19,2019-01-23,6.63,08-31-2019,Lloyds Bank Commercial Banking
Q4-19,2019-04-30,6.63,08-31-2019,Lloyds Bank Commercial Banking
Q4-19,2019-08-20,6.75,08-31-2019,Lloyds Bank Commercial Banking
Q1-20,2018-03-15,6.58,08-31-2019,Lloyds Bank Commercial Banking
Q1-20,2018-04-13,6.58,08-31-2019,Lloyds Bank Commercial Banking
Q1-20,2019-04-30,6.6,08-31-2019,Lloyds Bank Commercial Banking
Q1-20,2019-08-20,6.7,08-31-2019,Lloyds Bank Commercial Banking
Q2-20,2018-03-15,6.59,08-31-2019,Lloyds Bank Commercial Banking
Q2-20,2018-04-13,6.59,08-31-2019,Lloyds Bank Commercial Banking
Q2-20,2019-04-30,6.59,08-31-2019,Lloyds Bank Commercial Banking
Q2-20,2019-08-20,6.65,08-31-2019,Lloyds Bank Commercial Banking
2020,2017-09-28,6.59,08-31-2019,Lloyds Bank Commercial Banking
2020,2018-10-11,6.59,08-31-2019,Lloyds Bank Commercial Banking
2020,2018-11-14,6.59,08-31-2019,Lloyds Bank Commercial Banking
2020,2018-12-17,6.59,08-31-2019,Lloyds Bank Commercial Banking
2020,2019-01-23,6.59,08-31-2019,Lloyds Bank Commercial Banking
2020,2019-04-30,6.59,08-31-2019,Lloyds Bank Commercial Banking
2020,2019-08-20,6.6,08-31-2019,Lloyds Bank Commercial Banking
Q2-12,2012-01-19,6.25,05-31-2012,Lloyds Bank Commercial Banking
Q2-12,2012-02-15,6.25,05-31-2012,Lloyds Bank Commercial Banking
Q2-12,2012-04-11,6.25,05-31-2012,Lloyds Bank Commercial Banking
Q2-12,2012-05-18,6.28,05-31-2012,Lloyds Bank Commercial Banking
Q3-12,2012-01-19,6.17,05-31-2012,Lloyds Bank Commercial Banking
Q3-12,2012-02-15,6.17,05-31-2012,Lloyds Bank Commercial Banking
Q3-12,2012-04-11,6.17,05-31-2012,Lloyds Bank Commercial Banking
Q3-12,2012-05-18,6.23,05-31-2012,Lloyds Bank Commercial Banking
Q4-12,2012-01-19,6.11,05-31-2012,Lloyds Bank Commercial Banking
Q4-12,2012-02-15,6.11,05-31-2012,Lloyds Bank Commercial Banking
Q4-12,2012-04-11,6.11,05-31-2012,Lloyds Bank Commercial Banking
Q4-12,2012-05-18,6.17,05-31-2012,Lloyds Bank Commercial Banking
Q1-13,2012-04-11,5.99,05-31-2012,Lloyds Bank Commercial Banking
Q1-13,2012-05-18,6.03,05-31-2012,Lloyds Bank Commercial Banking
2013,2012-01-19,5.87,05-31-2012,Lloyds Bank Commercial Banking
2013,2012-02-15,5.87,05-31-2012,Lloyds Bank Commercial Banking
2013,2012-04-11,5.87,05-31-2012,Lloyds Bank Commercial Banking
2013,2012-05-18,5.89,05-31-2012,Lloyds Bank Commercial Banking
2014,2012-01-19,5.65,05-31-2012,Lloyds Bank Commercial Banking
2014,2012-02-15,5.65,05-31-2012,Lloyds Bank Commercial Banking
2014,2012-04-11,5.65,05-31-2012,Lloyds Bank Commercial Banking
2014,2012-05-18,5.65,05-31-2012,Lloyds Bank Commercial Banking
2015,2012-01-19,5.51,05-31-2012,Lloyds Bank Commercial Banking
2015,2012-02-15,5.51,05-31-2012,Lloyds Bank Commercial Banking
2015,2012-04-11,5.51,05-31-2012,Lloyds Bank Commercial Banking
2015,2012-05-18,5.51,05-31-2012,Lloyds Bank Commercial Banking
Q1-08,2007-04-02,7.31,02-28-2008,Lloyds Bank Commercial Banking
Q1-08,2007-04-23,7.31,02-28-2008,Lloyds Bank Commercial Banking
Q1-08,2007-05-23,7.24,02-28-2008,Lloyds Bank Commercial Banking
Q1-08,2007-05-24,7.24,02-28-2008,Lloyds Bank Commercial Banking
Q1-08,2007-06-14,7.25,02-28-2008,Lloyds Bank Commercial Banking
Q1-08,2007-07-16,7.25,02-28-2008,Lloyds Bank Commercial Banking
Q1-08,2007-08-17,7.25,02-28-2008,Lloyds Bank Commercial Banking
Q1-08,2007-08-31,7.25,02-28-2008,Lloyds Bank Commercial Banking
Q1-08,2007-09-18,7.25,02-28-2008,Lloyds Bank Commercial Banking
Q1-08,2007-10-19,7.25,02-28-2008,Lloyds Bank Commercial Banking
Q1-08,2007-10-22,7.25,02-28-2008,Lloyds Bank Commercial Banking
Q1-08,2007-12-04,7.25,02-28-2008,Lloyds Bank Commercial Banking
Q1-08,2008-02-19,7.18,02-28-2008,Lloyds Bank Commercial Banking
Q2-08,2007-06-14,7.15,02-28-2008,Lloyds Bank Commercial Banking
Q2-08,2007-07-16,7.15,02-28-2008,Lloyds Bank Commercial Banking
Q2-08,2007-08-17,7.15,02-28-2008,Lloyds Bank Commercial Banking
Q2-08,2007-08-31,7.15,02-28-2008,Lloyds Bank Commercial Banking
Q2-08,2007-09-18,7.15,02-28-2008,Lloyds Bank Commercial Banking
Q2-08,2007-10-19,7.15,02-28-2008,Lloyds Bank Commercial Banking
Q2-08,2007-10-22,7.15,02-28-2008,Lloyds Bank Commercial Banking
Q2-08,2007-12-04,7.15,02-28-2008,Lloyds Bank Commercial Banking
Q2-08,2008-01-16,7.15,02-28-2008,Lloyds Bank Commercial Banking
Q2-08,2008-02-19,7.15,02-28-2008,Lloyds Bank Commercial Banking
Q3-08,2007-09-18,7.1,02-28-2008,Lloyds Bank Commercial Banking
Q3-08,2007-10-19,7.1,02-28-2008,Lloyds Bank Commercial Banking
Q3-08,2007-10-22,7.1,02-28-2008,Lloyds Bank Commercial Banking
Q3-08,2007-12-04,7.1,02-28-2008,Lloyds Bank Commercial Banking
Q3-08,2008-01-16,7.1,02-28-2008,Lloyds Bank Commercial Banking
Q3-08,2008-02-19,7.1,02-28-2008,Lloyds Bank Commercial Banking
Q4-08,2006-05-12,7.09,02-28-2008,Lloyds Bank Commercial Banking
Q4-08,2006-06-16,7.09,02-28-2008,Lloyds Bank Commercial Banking
Q4-08,2006-06-23,7.09,02-28-2008,Lloyds Bank Commercial Banking
Q4-08,2006-07-07,7.09,02-28-2008,Lloyds Bank Commercial Banking
Q4-08,2006-08-17,7.09,02-28-2008,Lloyds Bank Commercial Banking
Q4-08,2006-09-20,7.09,02-28-2008,Lloyds Bank Commercial Banking
Q4-08,2006-10-25,7.28,02-28-2008,Lloyds Bank Commercial Banking
Q4-08,2006-11-29,7.28,02-28-2008,Lloyds Bank Commercial Banking
Q4-08,2006-12-14,7.28,02-28-2008,Lloyds Bank Commercial Banking
Q4-08,2007-01-19,7.13,02-28-2008,Lloyds Bank Commercial Banking
Q4-08,2007-02-22,7.11,02-28-2008,Lloyds Bank Commercial Banking
Q4-08,2007-04-02,7.11,02-28-2008,Lloyds Bank Commercial Banking
Q4-08,2007-04-23,7.11,02-28-2008,Lloyds Bank Commercial Banking
Q4-08,2007-05-23,7.11,02-28-2008,Lloyds Bank Commercial Banking
Q4-08,2007-05-24,7.11,02-28-2008,Lloyds Bank Commercial Banking
Q4-08,2007-06-14,7.09,02-28-2008,Lloyds Bank Commercial Banking
Q4-08,2007-07-16,7.04,02-28-2008,Lloyds Bank Commercial Banking
Q4-08,2007-08-17,7.04,02-28-2008,Lloyds Bank Commercial Banking
Q4-08,2007-08-31,7.04,02-28-2008,Lloyds Bank Commercial Banking
Q4-08,2007-09-18,7.04,02-28-2008,Lloyds Bank Commercial Banking
Q4-08,2007-10-19,7.04,02-28-2008,Lloyds Bank Commercial Banking
Q4-08,2007-10-22,7.04,02-28-2008,Lloyds Bank Commercial Banking
Q4-08,2007-12-04,6.99,02-28-2008,Lloyds Bank Commercial Banking
Q4-08,2008-01-16,6.99,02-28-2008,Lloyds Bank Commercial Banking
Q4-08,2008-02-19,6.99,02-28-2008,Lloyds Bank Commercial Banking
2009,2006-05-12,6.91,02-28-2008,Lloyds Bank Commercial Banking
2009,2006-06-16,6.91,02-28-2008,Lloyds Bank Commercial Banking
2009,2006-06-23,6.91,02-28-2008,Lloyds Bank Commercial Banking
2009,2006-07-07,6.91,02-28-2008,Lloyds Bank Commercial Banking
2009,2006-08-17,6.91,02-28-2008,Lloyds Bank Commercial Banking
2009,2006-09-20,6.91,02-28-2008,Lloyds Bank Commercial Banking
2009,2006-10-25,7.17,02-28-2008,Lloyds Bank Commercial Banking
2009,2006-11-29,7.17,02-28-2008,Lloyds Bank Commercial Banking
2009,2006-12-14,7.17,02-28-2008,Lloyds Bank Commercial Banking
2009,2007-01-19,7.1,02-28-2008,Lloyds Bank Commercial Banking
2009,2007-02-22,6.8,02-28-2008,Lloyds Bank Commercial Banking
2009,2007-04-23,6.8,02-28-2008,Lloyds Bank Commercial Banking
2009,2007-05-23,6.8,02-28-2008,Lloyds Bank Commercial Banking
2009,2007-05-24,6.8,02-28-2008,Lloyds Bank Commercial Banking
2009,2007-06-14,6.8,02-28-2008,Lloyds Bank Commercial Banking
2009,2007-07-16,6.64,02-28-2008,Lloyds Bank Commercial Banking
2009,2007-08-17,6.64,02-28-2008,Lloyds Bank Commercial Banking
2009,2007-08-31,6.64,02-28-2008,Lloyds Bank Commercial Banking
2009,2007-09-18,6.64,02-28-2008,Lloyds Bank Commercial Banking
2009,2007-10-19,6.64,02-28-2008,Lloyds Bank Commercial Banking
2009,2007-10-22,6.64,02-28-2008,Lloyds Bank Commercial Banking
2009,2008-01-16,6.64,02-28-2008,Lloyds Bank Commercial Banking
2009,2008-02-19,6.64,02-28-2008,Lloyds Bank Commercial Banking
2010,2006-05-12,6.79,02-28-2008,Lloyds Bank Commercial Banking
2010,2006-06-16,6.79,02-28-2008,Lloyds Bank Commercial Banking
2010,2006-06-23,6.79,02-28-2008,Lloyds Bank Commercial Banking
2010,2006-07-07,6.79,02-28-2008,Lloyds Bank Commercial Banking
2010,2006-08-17,6.79,02-28-2008,Lloyds Bank Commercial Banking
2010,2006-09-20,6.79,02-28-2008,Lloyds Bank Commercial Banking
2010,2006-10-25,7.1,02-28-2008,Lloyds Bank Commercial Banking
2010,2006-11-29,7.1,02-28-2008,Lloyds Bank Commercial Banking
2010,2006-12-14,7.1,02-28-2008,Lloyds Bank Commercial Banking
2010,2007-01-19,6.99,02-28-2008,Lloyds Bank Commercial Banking
2010,2007-02-22,6.59,02-28-2008,Lloyds Bank Commercial Banking
2010,2007-04-23,6.59,02-28-2008,Lloyds Bank Commercial Banking
2010,2007-05-23,6.59,02-28-2008,Lloyds Bank Commercial Banking
2010,2007-05-24,6.59,02-28-2008,Lloyds Bank Commercial Banking
2010,2007-06-14,6.59,02-28-2008,Lloyds Bank Commercial Banking
2010,2007-07-16,6.49,02-28-2008,Lloyds Bank Commercial Banking
2010,2007-08-17,6.49,02-28-2008,Lloyds Bank Commercial Banking
2010,2007-08-31,6.49,02-28-2008,Lloyds Bank Commercial Banking
2010,2007-09-18,6.49,02-28-2008,Lloyds Bank Commercial Banking
2010,2007-10-19,6.49,02-28-2008,Lloyds Bank Commercial Banking
2010,2007-10-22,6.49,02-28-2008,Lloyds Bank Commercial Banking
2010,2008-01-16,6.49,02-28-2008,Lloyds Bank Commercial Banking
2010,2008-02-19,6.49,02-28-2008,Lloyds Bank Commercial Banking
2011,2006-05-12,6.79,02-28-2008,Lloyds Bank Commercial Banking
2011,2006-06-16,6.79,02-28-2008,Lloyds Bank Commercial Banking
2011,2006-06-23,6.79,02-28-2008,Lloyds Bank Commercial Banking
2011,2006-07-07,6.79,02-28-2008,Lloyds Bank Commercial Banking
2011,2006-08-17,6.79,02-28-2008,Lloyds Bank Commercial Banking
2011,2006-09-20,6.79,02-28-2008,Lloyds Bank Commercial Banking
2011,2006-10-25,7.04,02-28-2008,Lloyds Bank Commercial Banking
2011,2006-11-29,7.04,02-28-2008,Lloyds Bank Commercial Banking
2011,2006-12-14,7.04,02-28-2008,Lloyds Bank Commercial Banking
2011,2007-01-19,6.99,02-28-2008,Lloyds Bank Commercial Banking
2011,2007-02-22,6.42,02-28-2008,Lloyds Bank Commercial Banking
2011,2007-04-23,6.42,02-28-2008,Lloyds Bank Commercial Banking
2011,2007-05-23,6.42,02-28-2008,Lloyds Bank Commercial Banking
2011,2007-05-24,6.42,02-28-2008,Lloyds Bank Commercial Banking
2011,2007-06-14,6.42,02-28-2008,Lloyds Bank Commercial Banking
2011,2007-07-16,6.34,02-28-2008,Lloyds Bank Commercial Banking
2011,2007-08-17,6.34,02-28-2008,Lloyds Bank Commercial Banking
2011,2007-08-31,6.34,02-28-2008,Lloyds Bank Commercial Banking
2011,2007-09-18,6.34,02-28-2008,Lloyds Bank Commercial Banking
2011,2007-10-19,6.34,02-28-2008,Lloyds Bank Commercial Banking
2011,2007-10-22,6.34,02-28-2008,Lloyds Bank Commercial Banking
2011,2008-01-16,6.34,02-28-2008,Lloyds Bank Commercial Banking
2011,2008-02-19,6.34,02-28-2008,Lloyds Bank Commercial Banking
2012,2007-07-16,6.23,02-28-2008,Lloyds Bank Commercial Banking
2012,2007-08-17,6.23,02-28-2008,Lloyds Bank Commercial Banking
2012,2007-08-31,6.23,02-28-2008,Lloyds Bank Commercial Banking
2012,2007-10-19,6.23,02-28-2008,Lloyds Bank Commercial Banking
2012,2007-10-22,6.23,02-28-2008,Lloyds Bank Commercial Banking
2012,2008-02-19,6.23,02-28-2008,Lloyds Bank Commercial Banking
Q4-15,2014-04-16,5.95,11-30-2015,Lloyds Bank Commercial Banking
Q4-15,2014-05-30,5.95,11-30-2015,Lloyds Bank Commercial Banking
Q4-15,2014-06-12,5.95,11-30-2015,Lloyds Bank Commercial Banking
Q4-15,2014-07-17,6.0,11-30-2015,Lloyds Bank Commercial Banking
Q4-15,2014-09-03,6.0,11-30-2015,Lloyds Bank Commercial Banking
Q4-15,2014-09-10,6.0,11-30-2015,Lloyds Bank Commercial Banking
Q4-15,2014-11-11,6.0,11-30-2015,Lloyds Bank Commercial Banking
Q4-15,2014-12-01,6.1,11-30-2015,Lloyds Bank Commercial Banking
Q4-15,2014-12-23,6.12,11-30-2015,Lloyds Bank Commercial Banking
Q4-15,2015-01-14,6.12,11-30-2015,Lloyds Bank Commercial Banking
Q4-15,2015-02-20,6.12,11-30-2015,Lloyds Bank Commercial Banking
Q4-15,2015-03-30,6.12,11-30-2015,Lloyds Bank Commercial Banking
Q4-15,2015-04-29,6.18,11-30-2015,Lloyds Bank Commercial Banking
Q4-15,2015-06-30,6.18,11-30-2015,Lloyds Bank Commercial Banking
Q4-15,2015-07-22,6.18,11-30-2015,Lloyds Bank Commercial Banking
Q4-15,2015-08-17,6.4,11-30-2015,Lloyds Bank Commercial Banking
Q4-15,2015-09-25,6.45,11-30-2015,Lloyds Bank Commercial Banking
Q1-16,2015-03-30,6.11,11-30-2015,Lloyds Bank Commercial Banking
Q1-16,2015-04-29,6.14,11-30-2015,Lloyds Bank Commercial Banking
Q1-16,2015-06-30,6.14,11-30-2015,Lloyds Bank Commercial Banking
Q1-16,2015-07-22,6.14,11-30-2015,Lloyds Bank Commercial Banking
Q1-16,2015-08-17,6.3,11-30-2015,Lloyds Bank Commercial Banking
Q1-16,2015-09-25,6.5,11-30-2015,Lloyds Bank Commercial Banking
Q2-16,2015-06-30,6.1,11-30-2015,Lloyds Bank Commercial Banking
Q2-16,2015-07-22,6.1,11-30-2015,Lloyds Bank Commercial Banking
Q2-16,2015-08-17,6.25,11-30-2015,Lloyds Bank Commercial Banking
Q2-16,2015-09-25,6.6,11-30-2015,Lloyds Bank Commercial Banking
Q3-16,2015-09-25,6.6,11-30-2015,Lloyds Bank Commercial Banking
2016,2014-12-01,5.8,11-30-2015,Lloyds Bank Commercial Banking
2016,2014-12-23,6.1,11-30-2015,Lloyds Bank Commercial Banking
2016,2015-01-14,6.1,11-30-2015,Lloyds Bank Commercial Banking
2016,2015-02-20,6.1,11-30-2015,Lloyds Bank Commercial Banking
2016,2015-03-30,6.1,11-30-2015,Lloyds Bank Commercial Banking
2016,2015-04-29,6.1,11-30-2015,Lloyds Bank Commercial Banking
2016,2015-06-30,6.1,11-30-2015,Lloyds Bank Commercial Banking
2016,2015-07-22,6.1,11-30-2015,Lloyds Bank Commercial Banking
2016,2015-08-17,6.18,11-30-2015,Lloyds Bank Commercial Banking
2016,2015-09-25,6.6,11-30-2015,Lloyds Bank Commercial Banking
