period,change_date,change,file,company
Q3-20,2019-09-10,7.1,08-31-2020,Maybank Singapore
Q3-20,2019-10-23,7.1,08-31-2020,Maybank Singapore
Q3-20,2019-11-21,7.03,08-31-2020,Maybank Singapore
Q3-20,2020-01-22,7.03,08-31-2020,Maybank Singapore
Q3-20,2020-05-13,7.03,08-31-2020,Maybank Singapore
Q3-20,2020-07-02,7.05,08-31-2020,Maybank Singapore
Q4-20,2018-09-06,6.4,08-31-2020,Maybank Singapore
Q4-20,2018-11-20,7.02,08-31-2020,Maybank Singapore
Q4-20,2018-11-29,7.02,08-31-2020,Maybank Singapore
Q4-20,2018-12-24,6.9,08-31-2020,Maybank Singapore
Q4-20,2019-02-27,6.88,08-31-2020,Maybank Singapore
Q4-20,2019-03-12,6.88,08-31-2020,Maybank Singapore
Q4-20,2019-05-07,6.65,08-31-2020,Maybank Singapore
Q4-20,2019-07-02,6.75,08-31-2020,Maybank Singapore
Q4-20,2019-08-19,6.83,08-31-2020,Maybank Singapore
Q4-20,2019-09-10,7.05,08-31-2020,Maybank Singapore
Q4-20,2019-10-23,7.05,08-31-2020,Maybank Singapore
Q4-20,2019-11-21,7.05,08-31-2020,Maybank Singapore
Q4-20,2020-01-22,7.03,08-31-2020,Maybank Singapore
Q4-20,2020-05-13,7.03,08-31-2020,Maybank Singapore
Q4-20,2020-07-02,7.0,08-31-2020,Maybank Singapore
Q1-21,2020-05-13,7.03,08-31-2020,Maybank Singapore
Q1-21,2020-07-02,6.95,08-31-2020,Maybank Singapore
Q2-21,2020-07-02,6.9,08-31-2020,Maybank Singapore
2021,2018-11-20,6.98,08-31-2020,Maybank Singapore
2021,2018-11-29,6.98,08-31-2020,Maybank Singapore
2021,2018-12-24,6.8,08-31-2020,Maybank Singapore
2021,2019-02-27,6.7,08-31-2020,Maybank Singapore
2021,2019-03-12,6.7,08-31-2020,Maybank Singapore
2021,2019-05-07,6.45,08-31-2020,Maybank Singapore
2021,2019-08-19,6.78,08-31-2020,Maybank Singapore
2021,2019-09-10,7.0,08-31-2020,Maybank Singapore
2021,2019-10-23,7.0,08-31-2020,Maybank Singapore
2021,2019-11-21,7.1,08-31-2020,Maybank Singapore
2021,2020-01-22,7.0,08-31-2020,Maybank Singapore
2021,2020-05-13,7.0,08-31-2020,Maybank Singapore
2021,2020-07-02,6.95,08-31-2020,Maybank Singapore
2022,2018-12-24,6.7,08-31-2020,Maybank Singapore
2022,2019-02-27,6.5,08-31-2020,Maybank Singapore
2022,2019-03-12,6.5,08-31-2020,Maybank Singapore
2022,2019-05-07,6.25,08-31-2020,Maybank Singapore
2022,2019-09-10,6.95,08-31-2020,Maybank Singapore
2022,2019-10-23,6.95,08-31-2020,Maybank Singapore
2022,2019-11-21,7.0,08-31-2020,Maybank Singapore
2022,2020-01-22,6.95,08-31-2020,Maybank Singapore
2022,2020-05-13,6.95,08-31-2020,Maybank Singapore
2022,2020-07-02,6.95,08-31-2020,Maybank Singapore
2023,2019-05-07,6.6,08-31-2020,Maybank Singapore
2023,2019-09-10,6.9,08-31-2020,Maybank Singapore
2023,2019-10-23,6.9,08-31-2020,Maybank Singapore
2023,2019-11-21,6.9,08-31-2020,Maybank Singapore
2023,2020-01-22,6.9,08-31-2020,Maybank Singapore
2023,2020-05-13,6.9,08-31-2020,Maybank Singapore
2023,2020-07-02,6.95,08-31-2020,Maybank Singapore
2024,2019-05-07,6.6,08-31-2020,Maybank Singapore
2024,2020-01-22,6.9,08-31-2020,Maybank Singapore
2024,2020-05-13,6.9,08-31-2020,Maybank Singapore
2024,2020-07-02,6.95,08-31-2020,Maybank Singapore
Q4-16,2014-12-15,6.05,11-30-2016,Maybank Singapore
Q4-16,2015-02-02,6.15,11-30-2016,Maybank Singapore
Q4-16,2015-03-04,6.15,11-30-2016,Maybank Singapore
Q4-16,2015-04-01,6.15,11-30-2016,Maybank Singapore
Q4-16,2015-05-11,6.15,11-30-2016,Maybank Singapore
Q4-16,2015-05-29,6.15,11-30-2016,Maybank Singapore
Q4-16,2015-07-01,6.2,11-30-2016,Maybank Singapore
Q4-16,2015-07-31,6.22,11-30-2016,Maybank Singapore
Q4-16,2015-08-19,6.22,11-30-2016,Maybank Singapore
Q4-16,2015-08-20,6.22,11-30-2016,Maybank Singapore
Q4-16,2015-09-02,6.65,11-30-2016,Maybank Singapore
Q4-16,2015-10-06,6.65,11-30-2016,Maybank Singapore
Q4-16,2015-11-16,6.8,11-30-2016,Maybank Singapore
Q4-16,2015-12-14,6.7,11-30-2016,Maybank Singapore
Q4-16,2016-02-02,6.7,11-30-2016,Maybank Singapore
Q4-16,2016-03-02,6.75,11-30-2016,Maybank Singapore
Q4-16,2016-04-04,6.5,11-30-2016,Maybank Singapore
Q4-16,2016-05-06,6.5,11-30-2016,Maybank Singapore
Q4-16,2016-06-02,6.55,11-30-2016,Maybank Singapore
Q4-16,2016-07-01,6.67,11-30-2016,Maybank Singapore
Q4-16,2016-09-05,6.67,11-30-2016,Maybank Singapore
Q4-16,2016-10-06,6.67,11-30-2016,Maybank Singapore
Q4-16,2016-11-01,6.8,11-30-2016,Maybank Singapore
Q1-17,2016-04-04,6.55,11-30-2016,Maybank Singapore
Q1-17,2016-05-06,6.55,11-30-2016,Maybank Singapore
Q1-17,2016-06-02,6.5,11-30-2016,Maybank Singapore
Q1-17,2016-07-01,6.7,11-30-2016,Maybank Singapore
Q1-17,2016-09-05,6.7,11-30-2016,Maybank Singapore
Q1-17,2016-10-06,6.65,11-30-2016,Maybank Singapore
Q1-17,2016-11-01,6.82,11-30-2016,Maybank Singapore
Q2-17,2016-06-02,6.5,11-30-2016,Maybank Singapore
Q2-17,2016-07-01,6.7,11-30-2016,Maybank Singapore
Q2-17,2016-09-05,6.7,11-30-2016,Maybank Singapore
Q2-17,2016-10-06,6.72,11-30-2016,Maybank Singapore
Q2-17,2016-11-01,6.86,11-30-2016,Maybank Singapore
Q3-17,2016-09-05,6.65,11-30-2016,Maybank Singapore
Q3-17,2016-10-06,6.7,11-30-2016,Maybank Singapore
Q3-17,2016-11-01,6.84,11-30-2016,Maybank Singapore
2017,2015-02-02,6.1,11-30-2016,Maybank Singapore
2017,2015-03-04,6.1,11-30-2016,Maybank Singapore
2017,2015-04-01,6.1,11-30-2016,Maybank Singapore
2017,2015-05-11,6.1,11-30-2016,Maybank Singapore
2017,2015-05-29,6.1,11-30-2016,Maybank Singapore
2017,2015-07-01,6.1,11-30-2016,Maybank Singapore
2017,2015-07-31,6.2,11-30-2016,Maybank Singapore
2017,2015-08-19,6.2,11-30-2016,Maybank Singapore
2017,2015-08-20,6.2,11-30-2016,Maybank Singapore
2017,2015-09-02,6.55,11-30-2016,Maybank Singapore
2017,2015-10-06,6.55,11-30-2016,Maybank Singapore
2017,2015-11-16,6.6,11-30-2016,Maybank Singapore
2017,2015-12-14,6.6,11-30-2016,Maybank Singapore
2017,2016-02-02,6.6,11-30-2016,Maybank Singapore
2017,2016-03-02,6.8,11-30-2016,Maybank Singapore
2017,2016-04-04,6.45,11-30-2016,Maybank Singapore
2017,2016-05-06,6.45,11-30-2016,Maybank Singapore
2017,2016-06-02,6.45,11-30-2016,Maybank Singapore
2017,2016-07-01,6.63,11-30-2016,Maybank Singapore
2017,2016-09-05,6.6,11-30-2016,Maybank Singapore
2017,2016-10-06,6.72,11-30-2016,Maybank Singapore
2017,2016-11-01,6.83,11-30-2016,Maybank Singapore
2018,2015-02-02,6.05,11-30-2016,Maybank Singapore
2018,2015-03-04,6.05,11-30-2016,Maybank Singapore
2018,2015-04-01,6.05,11-30-2016,Maybank Singapore
2018,2015-05-11,6.05,11-30-2016,Maybank Singapore
2018,2015-05-29,6.05,11-30-2016,Maybank Singapore
2018,2015-07-01,6.05,11-30-2016,Maybank Singapore
2018,2015-07-31,6.18,11-30-2016,Maybank Singapore
2018,2015-08-19,6.18,11-30-2016,Maybank Singapore
2018,2015-08-20,6.18,11-30-2016,Maybank Singapore
2018,2015-09-02,6.43,11-30-2016,Maybank Singapore
2018,2015-10-06,6.43,11-30-2016,Maybank Singapore
2018,2015-11-16,6.43,11-30-2016,Maybank Singapore
2018,2015-12-14,6.43,11-30-2016,Maybank Singapore
2018,2016-02-02,6.43,11-30-2016,Maybank Singapore
2018,2016-03-02,6.8,11-30-2016,Maybank Singapore
2018,2016-04-04,6.4,11-30-2016,Maybank Singapore
2018,2016-05-06,6.4,11-30-2016,Maybank Singapore
2018,2016-06-02,6.4,11-30-2016,Maybank Singapore
2018,2016-07-01,6.5,11-30-2016,Maybank Singapore
2018,2016-09-05,6.5,11-30-2016,Maybank Singapore
2018,2016-10-06,6.5,11-30-2016,Maybank Singapore
2018,2016-11-01,6.8,11-30-2016,Maybank Singapore
2019,2015-02-02,6.0,11-30-2016,Maybank Singapore
2019,2015-03-04,6.0,11-30-2016,Maybank Singapore
2019,2015-04-01,6.0,11-30-2016,Maybank Singapore
2019,2015-05-11,6.0,11-30-2016,Maybank Singapore
2019,2015-05-29,6.0,11-30-2016,Maybank Singapore
2019,2015-07-01,6.0,11-30-2016,Maybank Singapore
2019,2015-07-31,6.15,11-30-2016,Maybank Singapore
2019,2015-08-19,6.15,11-30-2016,Maybank Singapore
2019,2015-08-20,6.15,11-30-2016,Maybank Singapore
2019,2015-09-02,6.25,11-30-2016,Maybank Singapore
2019,2015-12-14,6.25,11-30-2016,Maybank Singapore
2019,2016-02-02,6.25,11-30-2016,Maybank Singapore
2019,2016-03-02,6.7,11-30-2016,Maybank Singapore
2019,2016-04-04,6.4,11-30-2016,Maybank Singapore
2019,2016-05-06,6.4,11-30-2016,Maybank Singapore
2019,2016-06-02,6.4,11-30-2016,Maybank Singapore
2019,2016-07-01,6.4,11-30-2016,Maybank Singapore
2019,2016-09-05,6.4,11-30-2016,Maybank Singapore
2019,2016-10-06,6.4,11-30-2016,Maybank Singapore
2019,2016-11-01,6.75,11-30-2016,Maybank Singapore
2020,2015-02-02,5.95,11-30-2016,Maybank Singapore
2020,2015-03-04,5.95,11-30-2016,Maybank Singapore
2020,2015-04-01,5.95,11-30-2016,Maybank Singapore
2020,2015-05-11,5.95,11-30-2016,Maybank Singapore
2020,2015-05-29,5.95,11-30-2016,Maybank Singapore
2020,2015-07-01,5.95,11-30-2016,Maybank Singapore
2020,2015-07-31,6.1,11-30-2016,Maybank Singapore
2020,2015-08-19,6.1,11-30-2016,Maybank Singapore
2020,2015-08-20,6.1,11-30-2016,Maybank Singapore
2020,2015-09-02,6.25,11-30-2016,Maybank Singapore
2020,2015-12-14,6.25,11-30-2016,Maybank Singapore
2020,2016-03-02,6.55,11-30-2016,Maybank Singapore
2020,2016-04-04,6.4,11-30-2016,Maybank Singapore
2020,2016-05-06,6.4,11-30-2016,Maybank Singapore
2020,2016-06-02,6.4,11-30-2016,Maybank Singapore
2020,2016-07-01,6.4,11-30-2016,Maybank Singapore
2020,2016-09-05,6.4,11-30-2016,Maybank Singapore
2020,2016-10-06,6.4,11-30-2016,Maybank Singapore
2020,2016-11-01,6.75,11-30-2016,Maybank Singapore
Q3-16,2015-10-06,6.65,08-31-2016,Maybank Singapore
Q3-16,2015-11-16,6.8,08-31-2016,Maybank Singapore
Q3-16,2015-12-14,6.8,08-31-2016,Maybank Singapore
Q3-16,2016-02-02,6.75,08-31-2016,Maybank Singapore
Q3-16,2016-03-02,6.65,08-31-2016,Maybank Singapore
Q3-16,2016-04-04,6.55,08-31-2016,Maybank Singapore
Q3-16,2016-05-06,6.55,08-31-2016,Maybank Singapore
Q3-16,2016-06-02,6.5,08-31-2016,Maybank Singapore
Q3-16,2016-07-01,6.65,08-31-2016,Maybank Singapore
Q4-16,2014-09-01,6.0,08-31-2016,Maybank Singapore
Q4-16,2014-10-02,6.0,08-31-2016,Maybank Singapore
Q4-16,2014-11-07,6.0,08-31-2016,Maybank Singapore
Q4-16,2014-12-15,6.05,08-31-2016,Maybank Singapore
Q4-16,2015-02-02,6.15,08-31-2016,Maybank Singapore
Q4-16,2015-03-04,6.15,08-31-2016,Maybank Singapore
Q4-16,2015-04-01,6.15,08-31-2016,Maybank Singapore
Q4-16,2015-05-11,6.15,08-31-2016,Maybank Singapore
Q4-16,2015-05-29,6.15,08-31-2016,Maybank Singapore
Q4-16,2015-07-01,6.2,08-31-2016,Maybank Singapore
Q4-16,2015-07-31,6.22,08-31-2016,Maybank Singapore
Q4-16,2015-08-19,6.22,08-31-2016,Maybank Singapore
Q4-16,2015-08-20,6.22,08-31-2016,Maybank Singapore
Q4-16,2015-09-02,6.65,08-31-2016,Maybank Singapore
Q4-16,2015-10-06,6.65,08-31-2016,Maybank Singapore
Q4-16,2015-11-16,6.8,08-31-2016,Maybank Singapore
Q4-16,2015-12-14,6.7,08-31-2016,Maybank Singapore
Q4-16,2016-02-02,6.7,08-31-2016,Maybank Singapore
Q4-16,2016-03-02,6.75,08-31-2016,Maybank Singapore
Q4-16,2016-04-04,6.5,08-31-2016,Maybank Singapore
Q4-16,2016-05-06,6.5,08-31-2016,Maybank Singapore
Q4-16,2016-06-02,6.55,08-31-2016,Maybank Singapore
Q4-16,2016-07-01,6.67,08-31-2016,Maybank Singapore
Q1-17,2016-04-04,6.55,08-31-2016,Maybank Singapore
Q1-17,2016-05-06,6.55,08-31-2016,Maybank Singapore
Q1-17,2016-06-02,6.5,08-31-2016,Maybank Singapore
Q1-17,2016-07-01,6.7,08-31-2016,Maybank Singapore
Q2-17,2016-06-02,6.5,08-31-2016,Maybank Singapore
Q2-17,2016-07-01,6.7,08-31-2016,Maybank Singapore
2017,2014-09-01,5.96,08-31-2016,Maybank Singapore
2017,2014-10-02,5.96,08-31-2016,Maybank Singapore
2017,2014-11-07,5.96,08-31-2016,Maybank Singapore
2017,2015-02-02,6.1,08-31-2016,Maybank Singapore
2017,2015-03-04,6.1,08-31-2016,Maybank Singapore
2017,2015-04-01,6.1,08-31-2016,Maybank Singapore
2017,2015-05-11,6.1,08-31-2016,Maybank Singapore
2017,2015-05-29,6.1,08-31-2016,Maybank Singapore
2017,2015-07-01,6.1,08-31-2016,Maybank Singapore
2017,2015-07-31,6.2,08-31-2016,Maybank Singapore
2017,2015-08-19,6.2,08-31-2016,Maybank Singapore
2017,2015-08-20,6.2,08-31-2016,Maybank Singapore
2017,2015-09-02,6.55,08-31-2016,Maybank Singapore
2017,2015-10-06,6.55,08-31-2016,Maybank Singapore
2017,2015-11-16,6.6,08-31-2016,Maybank Singapore
2017,2015-12-14,6.6,08-31-2016,Maybank Singapore
2017,2016-02-02,6.6,08-31-2016,Maybank Singapore
2017,2016-03-02,6.8,08-31-2016,Maybank Singapore
2017,2016-04-04,6.45,08-31-2016,Maybank Singapore
2017,2016-05-06,6.45,08-31-2016,Maybank Singapore
2017,2016-06-02,6.45,08-31-2016,Maybank Singapore
2017,2016-07-01,6.63,08-31-2016,Maybank Singapore
2018,2014-09-01,5.92,08-31-2016,Maybank Singapore
2018,2014-10-02,5.92,08-31-2016,Maybank Singapore
2018,2014-11-07,5.92,08-31-2016,Maybank Singapore
2018,2015-02-02,6.05,08-31-2016,Maybank Singapore
2018,2015-03-04,6.05,08-31-2016,Maybank Singapore
2018,2015-04-01,6.05,08-31-2016,Maybank Singapore
2018,2015-05-11,6.05,08-31-2016,Maybank Singapore
2018,2015-05-29,6.05,08-31-2016,Maybank Singapore
2018,2015-07-01,6.05,08-31-2016,Maybank Singapore
2018,2015-07-31,6.18,08-31-2016,Maybank Singapore
2018,2015-08-19,6.18,08-31-2016,Maybank Singapore
2018,2015-08-20,6.18,08-31-2016,Maybank Singapore
2018,2015-09-02,6.43,08-31-2016,Maybank Singapore
2018,2015-10-06,6.43,08-31-2016,Maybank Singapore
2018,2015-11-16,6.43,08-31-2016,Maybank Singapore
2018,2015-12-14,6.43,08-31-2016,Maybank Singapore
2018,2016-02-02,6.43,08-31-2016,Maybank Singapore
2018,2016-03-02,6.8,08-31-2016,Maybank Singapore
2018,2016-04-04,6.4,08-31-2016,Maybank Singapore
2018,2016-05-06,6.4,08-31-2016,Maybank Singapore
2018,2016-06-02,6.4,08-31-2016,Maybank Singapore
2018,2016-07-01,6.5,08-31-2016,Maybank Singapore
2019,2014-09-01,5.9,08-31-2016,Maybank Singapore
2019,2014-10-02,5.9,08-31-2016,Maybank Singapore
2019,2014-11-07,5.9,08-31-2016,Maybank Singapore
2019,2015-02-02,6.0,08-31-2016,Maybank Singapore
2019,2015-03-04,6.0,08-31-2016,Maybank Singapore
2019,2015-04-01,6.0,08-31-2016,Maybank Singapore
2019,2015-05-11,6.0,08-31-2016,Maybank Singapore
2019,2015-05-29,6.0,08-31-2016,Maybank Singapore
2019,2015-07-01,6.0,08-31-2016,Maybank Singapore
2019,2015-07-31,6.15,08-31-2016,Maybank Singapore
2019,2015-08-19,6.15,08-31-2016,Maybank Singapore
2019,2015-08-20,6.15,08-31-2016,Maybank Singapore
2019,2015-09-02,6.25,08-31-2016,Maybank Singapore
2019,2015-12-14,6.25,08-31-2016,Maybank Singapore
2019,2016-02-02,6.25,08-31-2016,Maybank Singapore
2019,2016-03-02,6.7,08-31-2016,Maybank Singapore
2019,2016-04-04,6.4,08-31-2016,Maybank Singapore
2019,2016-05-06,6.4,08-31-2016,Maybank Singapore
2019,2016-06-02,6.4,08-31-2016,Maybank Singapore
2019,2016-07-01,6.4,08-31-2016,Maybank Singapore
2020,2015-02-02,5.95,08-31-2016,Maybank Singapore
2020,2015-03-04,5.95,08-31-2016,Maybank Singapore
2020,2015-04-01,5.95,08-31-2016,Maybank Singapore
2020,2015-05-11,5.95,08-31-2016,Maybank Singapore
2020,2015-05-29,5.95,08-31-2016,Maybank Singapore
2020,2015-07-01,5.95,08-31-2016,Maybank Singapore
2020,2015-07-31,6.1,08-31-2016,Maybank Singapore
2020,2015-08-19,6.1,08-31-2016,Maybank Singapore
2020,2015-08-20,6.1,08-31-2016,Maybank Singapore
2020,2015-09-02,6.25,08-31-2016,Maybank Singapore
2020,2015-12-14,6.25,08-31-2016,Maybank Singapore
2020,2016-03-02,6.55,08-31-2016,Maybank Singapore
2020,2016-04-04,6.4,08-31-2016,Maybank Singapore
2020,2016-05-06,6.4,08-31-2016,Maybank Singapore
2020,2016-06-02,6.4,08-31-2016,Maybank Singapore
2020,2016-07-01,6.4,08-31-2016,Maybank Singapore
Q4-20,2018-12-24,6.9,11-30-2020,Maybank Singapore
Q4-20,2019-02-27,6.88,11-30-2020,Maybank Singapore
Q4-20,2019-03-12,6.88,11-30-2020,Maybank Singapore
Q4-20,2019-05-07,6.65,11-30-2020,Maybank Singapore
Q4-20,2019-07-02,6.75,11-30-2020,Maybank Singapore
Q4-20,2019-08-19,6.83,11-30-2020,Maybank Singapore
Q4-20,2019-09-10,7.05,11-30-2020,Maybank Singapore
Q4-20,2019-10-23,7.05,11-30-2020,Maybank Singapore
Q4-20,2019-11-21,7.05,11-30-2020,Maybank Singapore
Q4-20,2020-01-22,7.03,11-30-2020,Maybank Singapore
Q4-20,2020-05-13,7.03,11-30-2020,Maybank Singapore
Q4-20,2020-07-02,7.0,11-30-2020,Maybank Singapore
Q4-20,2020-09-24,6.8,11-30-2020,Maybank Singapore
Q4-20,2020-11-10,6.6,11-30-2020,Maybank Singapore
Q1-21,2020-05-13,7.03,11-30-2020,Maybank Singapore
Q1-21,2020-07-02,6.95,11-30-2020,Maybank Singapore
Q1-21,2020-09-24,6.75,11-30-2020,Maybank Singapore
Q1-21,2020-11-10,6.55,11-30-2020,Maybank Singapore
Q2-21,2020-07-02,6.9,11-30-2020,Maybank Singapore
Q2-21,2020-09-24,6.75,11-30-2020,Maybank Singapore
Q2-21,2020-11-10,6.5,11-30-2020,Maybank Singapore
Q3-21,2020-09-24,6.7,11-30-2020,Maybank Singapore
Q3-21,2020-11-10,6.45,11-30-2020,Maybank Singapore
2021,2018-12-24,6.8,11-30-2020,Maybank Singapore
2021,2019-02-27,6.7,11-30-2020,Maybank Singapore
2021,2019-03-12,6.7,11-30-2020,Maybank Singapore
2021,2019-05-07,6.45,11-30-2020,Maybank Singapore
2021,2019-08-19,6.78,11-30-2020,Maybank Singapore
2021,2019-09-10,7.0,11-30-2020,Maybank Singapore
2021,2019-10-23,7.0,11-30-2020,Maybank Singapore
2021,2019-11-21,7.1,11-30-2020,Maybank Singapore
2021,2020-01-22,7.0,11-30-2020,Maybank Singapore
2021,2020-05-13,7.0,11-30-2020,Maybank Singapore
2021,2020-07-02,6.95,11-30-2020,Maybank Singapore
2021,2020-09-24,6.7,11-30-2020,Maybank Singapore
2021,2020-11-10,6.45,11-30-2020,Maybank Singapore
2022,2018-12-24,6.7,11-30-2020,Maybank Singapore
2022,2019-02-27,6.5,11-30-2020,Maybank Singapore
2022,2019-03-12,6.5,11-30-2020,Maybank Singapore
2022,2019-05-07,6.25,11-30-2020,Maybank Singapore
2022,2019-09-10,6.95,11-30-2020,Maybank Singapore
2022,2019-10-23,6.95,11-30-2020,Maybank Singapore
2022,2019-11-21,7.0,11-30-2020,Maybank Singapore
2022,2020-01-22,6.95,11-30-2020,Maybank Singapore
2022,2020-05-13,6.95,11-30-2020,Maybank Singapore
2022,2020-07-02,6.95,11-30-2020,Maybank Singapore
2022,2020-09-24,6.7,11-30-2020,Maybank Singapore
2022,2020-11-10,6.5,11-30-2020,Maybank Singapore
2023,2019-05-07,6.6,11-30-2020,Maybank Singapore
2023,2019-09-10,6.9,11-30-2020,Maybank Singapore
2023,2019-10-23,6.9,11-30-2020,Maybank Singapore
2023,2019-11-21,6.9,11-30-2020,Maybank Singapore
2023,2020-01-22,6.9,11-30-2020,Maybank Singapore
2023,2020-05-13,6.9,11-30-2020,Maybank Singapore
2023,2020-07-02,6.95,11-30-2020,Maybank Singapore
2023,2020-09-24,6.7,11-30-2020,Maybank Singapore
2023,2020-11-10,6.5,11-30-2020,Maybank Singapore
2024,2019-05-07,6.6,11-30-2020,Maybank Singapore
2024,2020-01-22,6.9,11-30-2020,Maybank Singapore
2024,2020-05-13,6.9,11-30-2020,Maybank Singapore
2024,2020-07-02,6.95,11-30-2020,Maybank Singapore
2024,2020-09-24,6.7,11-30-2020,Maybank Singapore
2024,2020-11-10,6.5,11-30-2020,Maybank Singapore
Q4-21,2020-01-22,7.0,11-30-2021,Maybank Singapore
Q4-21,2020-05-13,7.0,11-30-2021,Maybank Singapore
Q4-21,2020-07-02,6.95,11-30-2021,Maybank Singapore
Q4-21,2020-09-24,6.7,11-30-2021,Maybank Singapore
Q4-21,2020-11-10,6.45,11-30-2021,Maybank Singapore
Q4-21,2020-12-31,6.25,11-30-2021,Maybank Singapore
Q4-21,2021-04-08,6.35,11-30-2021,Maybank Singapore
Q4-21,2021-04-15,6.35,11-30-2021,Maybank Singapore
Q4-21,2021-06-10,6.25,11-30-2021,Maybank Singapore
Q4-21,2021-08-04,6.32,11-30-2021,Maybank Singapore
Q4-21,2021-11-22,6.46,11-30-2021,Maybank Singapore
Q1-22,2021-04-08,6.35,11-30-2021,Maybank Singapore
Q1-22,2021-04-15,6.35,11-30-2021,Maybank Singapore
Q1-22,2021-06-10,6.25,11-30-2021,Maybank Singapore
Q1-22,2021-08-04,6.25,11-30-2021,Maybank Singapore
Q1-22,2021-11-22,6.43,11-30-2021,Maybank Singapore
Q2-22,2021-06-10,6.25,11-30-2021,Maybank Singapore
Q2-22,2021-08-04,6.25,11-30-2021,Maybank Singapore
Q2-22,2021-11-22,6.43,11-30-2021,Maybank Singapore
Q3-22,2021-11-22,6.4,11-30-2021,Maybank Singapore
2022,2020-01-22,6.95,11-30-2021,Maybank Singapore
2022,2020-05-13,6.95,11-30-2021,Maybank Singapore
2022,2020-07-02,6.95,11-30-2021,Maybank Singapore
2022,2020-09-24,6.7,11-30-2021,Maybank Singapore
2022,2020-11-10,6.5,11-30-2021,Maybank Singapore
2022,2020-12-31,6.1,11-30-2021,Maybank Singapore
2022,2021-04-08,6.25,11-30-2021,Maybank Singapore
2022,2021-04-15,6.25,11-30-2021,Maybank Singapore
2022,2021-06-10,6.25,11-30-2021,Maybank Singapore
2022,2021-08-04,6.25,11-30-2021,Maybank Singapore
2022,2021-11-22,6.4,11-30-2021,Maybank Singapore
2023,2020-01-22,6.9,11-30-2021,Maybank Singapore
2023,2020-05-13,6.9,11-30-2021,Maybank Singapore
2023,2020-07-02,6.95,11-30-2021,Maybank Singapore
2023,2020-09-24,6.7,11-30-2021,Maybank Singapore
2023,2020-11-10,6.5,11-30-2021,Maybank Singapore
2023,2020-12-31,6.0,11-30-2021,Maybank Singapore
2023,2021-04-08,6.15,11-30-2021,Maybank Singapore
2023,2021-04-15,6.15,11-30-2021,Maybank Singapore
2023,2021-06-10,6.15,11-30-2021,Maybank Singapore
2023,2021-08-04,6.15,11-30-2021,Maybank Singapore
2023,2021-11-22,6.35,11-30-2021,Maybank Singapore
2024,2020-01-22,6.9,11-30-2021,Maybank Singapore
2024,2020-05-13,6.9,11-30-2021,Maybank Singapore
2024,2020-07-02,6.95,11-30-2021,Maybank Singapore
2024,2020-09-24,6.7,11-30-2021,Maybank Singapore
2024,2020-11-10,6.5,11-30-2021,Maybank Singapore
2024,2020-12-31,6.0,11-30-2021,Maybank Singapore
2024,2021-04-08,6.05,11-30-2021,Maybank Singapore
2024,2021-04-15,6.05,11-30-2021,Maybank Singapore
2024,2021-06-10,6.05,11-30-2021,Maybank Singapore
2024,2021-08-04,6.05,11-30-2021,Maybank Singapore
2024,2021-11-22,6.35,11-30-2021,Maybank Singapore
2025,2020-11-10,6.5,11-30-2021,Maybank Singapore
2025,2020-12-31,6.0,11-30-2021,Maybank Singapore
2025,2021-04-08,6.0,11-30-2021,Maybank Singapore
2025,2021-04-15,6.0,11-30-2021,Maybank Singapore
2025,2021-06-10,6.0,11-30-2021,Maybank Singapore
2025,2021-08-04,6.0,11-30-2021,Maybank Singapore
Q3-17,2016-09-05,6.65,08-31-2017,Maybank Singapore
Q3-17,2016-10-06,6.7,08-31-2017,Maybank Singapore
Q3-17,2016-11-01,6.84,08-31-2017,Maybank Singapore
Q3-17,2016-12-07,7.1,08-31-2017,Maybank Singapore
Q3-17,2017-02-06,7.1,08-31-2017,Maybank Singapore
Q3-17,2017-02-28,7.08,08-31-2017,Maybank Singapore
Q3-17,2017-04-04,7.02,08-31-2017,Maybank Singapore
Q3-17,2017-05-16,7.01,08-31-2017,Maybank Singapore
Q3-17,2017-05-31,6.83,08-31-2017,Maybank Singapore
Q3-17,2017-06-12,6.83,08-31-2017,Maybank Singapore
Q3-17,2017-07-17,6.8,08-31-2017,Maybank Singapore
Q3-17,2017-07-31,6.77,08-31-2017,Maybank Singapore
Q4-17,2015-09-02,6.55,08-31-2017,Maybank Singapore
Q4-17,2015-10-06,6.55,08-31-2017,Maybank Singapore
Q4-17,2015-11-16,6.6,08-31-2017,Maybank Singapore
Q4-17,2015-12-14,6.6,08-31-2017,Maybank Singapore
Q4-17,2016-02-02,6.6,08-31-2017,Maybank Singapore
Q4-17,2016-03-02,6.8,08-31-2017,Maybank Singapore
Q4-17,2016-04-04,6.45,08-31-2017,Maybank Singapore
Q4-17,2016-05-06,6.45,08-31-2017,Maybank Singapore
Q4-17,2016-06-02,6.45,08-31-2017,Maybank Singapore
Q4-17,2016-07-01,6.63,08-31-2017,Maybank Singapore
Q4-17,2016-09-05,6.6,08-31-2017,Maybank Singapore
Q4-17,2016-10-06,6.72,08-31-2017,Maybank Singapore
Q4-17,2016-11-01,6.83,08-31-2017,Maybank Singapore
Q4-17,2016-12-07,7.1,08-31-2017,Maybank Singapore
Q4-17,2017-02-06,7.1,08-31-2017,Maybank Singapore
Q4-17,2017-02-28,7.04,08-31-2017,Maybank Singapore
Q4-17,2017-04-04,7.05,08-31-2017,Maybank Singapore
Q4-17,2017-05-16,7.04,08-31-2017,Maybank Singapore
Q4-17,2017-05-31,6.9,08-31-2017,Maybank Singapore
Q4-17,2017-06-12,6.9,08-31-2017,Maybank Singapore
Q4-17,2017-07-17,6.87,08-31-2017,Maybank Singapore
Q4-17,2017-07-31,6.8,08-31-2017,Maybank Singapore
Q1-18,2017-04-04,7.05,08-31-2017,Maybank Singapore
Q1-18,2017-05-16,7.04,08-31-2017,Maybank Singapore
Q1-18,2017-05-31,6.85,08-31-2017,Maybank Singapore
Q1-18,2017-06-12,6.85,08-31-2017,Maybank Singapore
Q1-18,2017-07-17,6.85,08-31-2017,Maybank Singapore
Q1-18,2017-07-31,6.81,08-31-2017,Maybank Singapore
Q2-18,2017-07-17,6.9,08-31-2017,Maybank Singapore
Q2-18,2017-07-31,6.83,08-31-2017,Maybank Singapore
2018,2015-09-02,6.43,08-31-2017,Maybank Singapore
2018,2015-10-06,6.43,08-31-2017,Maybank Singapore
2018,2015-11-16,6.43,08-31-2017,Maybank Singapore
2018,2015-12-14,6.43,08-31-2017,Maybank Singapore
2018,2016-02-02,6.43,08-31-2017,Maybank Singapore
2018,2016-03-02,6.8,08-31-2017,Maybank Singapore
2018,2016-04-04,6.4,08-31-2017,Maybank Singapore
2018,2016-05-06,6.4,08-31-2017,Maybank Singapore
2018,2016-06-02,6.4,08-31-2017,Maybank Singapore
2018,2016-07-01,6.5,08-31-2017,Maybank Singapore
2018,2016-09-05,6.5,08-31-2017,Maybank Singapore
2018,2016-10-06,6.5,08-31-2017,Maybank Singapore
2018,2016-11-01,6.8,08-31-2017,Maybank Singapore
2018,2016-12-07,7.0,08-31-2017,Maybank Singapore
2018,2017-02-06,6.85,08-31-2017,Maybank Singapore
2018,2017-04-04,6.9,08-31-2017,Maybank Singapore
2018,2017-05-16,6.9,08-31-2017,Maybank Singapore
2018,2017-05-31,6.75,08-31-2017,Maybank Singapore
2018,2017-06-12,6.75,08-31-2017,Maybank Singapore
2018,2017-07-17,6.8,08-31-2017,Maybank Singapore
2018,2017-07-31,6.8,08-31-2017,Maybank Singapore
2019,2015-09-02,6.25,08-31-2017,Maybank Singapore
2019,2015-12-14,6.25,08-31-2017,Maybank Singapore
2019,2016-02-02,6.25,08-31-2017,Maybank Singapore
2019,2016-03-02,6.7,08-31-2017,Maybank Singapore
2019,2016-04-04,6.4,08-31-2017,Maybank Singapore
2019,2016-05-06,6.4,08-31-2017,Maybank Singapore
2019,2016-06-02,6.4,08-31-2017,Maybank Singapore
2019,2016-07-01,6.4,08-31-2017,Maybank Singapore
2019,2016-09-05,6.4,08-31-2017,Maybank Singapore
2019,2016-10-06,6.4,08-31-2017,Maybank Singapore
2019,2016-11-01,6.75,08-31-2017,Maybank Singapore
2019,2016-12-07,7.0,08-31-2017,Maybank Singapore
2019,2017-02-06,6.8,08-31-2017,Maybank Singapore
2019,2017-04-04,6.8,08-31-2017,Maybank Singapore
2019,2017-07-17,6.7,08-31-2017,Maybank Singapore
2019,2017-07-31,6.75,08-31-2017,Maybank Singapore
2020,2015-09-02,6.25,08-31-2017,Maybank Singapore
2020,2015-12-14,6.25,08-31-2017,Maybank Singapore
2020,2016-03-02,6.55,08-31-2017,Maybank Singapore
2020,2016-04-04,6.4,08-31-2017,Maybank Singapore
2020,2016-05-06,6.4,08-31-2017,Maybank Singapore
2020,2016-06-02,6.4,08-31-2017,Maybank Singapore
2020,2016-07-01,6.4,08-31-2017,Maybank Singapore
2020,2016-09-05,6.4,08-31-2017,Maybank Singapore
2020,2016-10-06,6.4,08-31-2017,Maybank Singapore
2020,2016-11-01,6.75,08-31-2017,Maybank Singapore
2020,2016-12-07,7.0,08-31-2017,Maybank Singapore
2020,2017-02-06,6.8,08-31-2017,Maybank Singapore
2020,2017-04-04,6.7,08-31-2017,Maybank Singapore
2020,2017-07-17,6.65,08-31-2017,Maybank Singapore
2020,2017-07-31,6.65,08-31-2017,Maybank Singapore
2021,2015-12-14,6.25,08-31-2017,Maybank Singapore
2021,2016-03-02,6.5,08-31-2017,Maybank Singapore
2021,2016-04-04,6.4,08-31-2017,Maybank Singapore
2021,2016-05-06,6.4,08-31-2017,Maybank Singapore
2021,2016-06-02,6.4,08-31-2017,Maybank Singapore
2021,2016-07-01,6.4,08-31-2017,Maybank Singapore
2021,2016-09-05,6.4,08-31-2017,Maybank Singapore
2021,2016-10-06,6.4,08-31-2017,Maybank Singapore
2021,2016-11-01,6.75,08-31-2017,Maybank Singapore
2021,2016-12-07,7.0,08-31-2017,Maybank Singapore
2021,2017-02-06,6.8,08-31-2017,Maybank Singapore
2021,2017-04-04,6.7,08-31-2017,Maybank Singapore
2021,2017-07-17,6.6,08-31-2017,Maybank Singapore
2021,2017-07-31,6.6,08-31-2017,Maybank Singapore
Q4-17,2015-12-14,6.6,11-30-2017,Maybank Singapore
Q4-17,2016-02-02,6.6,11-30-2017,Maybank Singapore
Q4-17,2016-03-02,6.8,11-30-2017,Maybank Singapore
Q4-17,2016-04-04,6.45,11-30-2017,Maybank Singapore
Q4-17,2016-05-06,6.45,11-30-2017,Maybank Singapore
Q4-17,2016-06-02,6.45,11-30-2017,Maybank Singapore
Q4-17,2016-07-01,6.63,11-30-2017,Maybank Singapore
Q4-17,2016-09-05,6.6,11-30-2017,Maybank Singapore
Q4-17,2016-10-06,6.72,11-30-2017,Maybank Singapore
Q4-17,2016-11-01,6.83,11-30-2017,Maybank Singapore
Q4-17,2016-12-07,7.1,11-30-2017,Maybank Singapore
Q4-17,2017-02-06,7.1,11-30-2017,Maybank Singapore
Q4-17,2017-02-28,7.04,11-30-2017,Maybank Singapore
Q4-17,2017-04-04,7.05,11-30-2017,Maybank Singapore
Q4-17,2017-05-16,7.04,11-30-2017,Maybank Singapore
Q4-17,2017-05-31,6.9,11-30-2017,Maybank Singapore
Q4-17,2017-06-12,6.9,11-30-2017,Maybank Singapore
Q4-17,2017-07-17,6.87,11-30-2017,Maybank Singapore
Q4-17,2017-07-31,6.8,11-30-2017,Maybank Singapore
Q4-17,2017-09-07,6.6,11-30-2017,Maybank Singapore
Q4-17,2017-10-12,6.6,11-30-2017,Maybank Singapore
Q1-18,2017-04-04,7.05,11-30-2017,Maybank Singapore
Q1-18,2017-05-16,7.04,11-30-2017,Maybank Singapore
Q1-18,2017-05-31,6.85,11-30-2017,Maybank Singapore
Q1-18,2017-06-12,6.85,11-30-2017,Maybank Singapore
Q1-18,2017-07-17,6.85,11-30-2017,Maybank Singapore
Q1-18,2017-07-31,6.81,11-30-2017,Maybank Singapore
Q1-18,2017-09-07,6.63,11-30-2017,Maybank Singapore
Q1-18,2017-10-12,6.6,11-30-2017,Maybank Singapore
Q2-18,2017-07-17,6.9,11-30-2017,Maybank Singapore
Q2-18,2017-07-31,6.83,11-30-2017,Maybank Singapore
Q2-18,2017-09-07,6.58,11-30-2017,Maybank Singapore
Q2-18,2017-10-12,6.65,11-30-2017,Maybank Singapore
Q3-18,2017-09-07,6.55,11-30-2017,Maybank Singapore
Q3-18,2017-10-12,6.6,11-30-2017,Maybank Singapore
2018,2015-12-14,6.43,11-30-2017,Maybank Singapore
2018,2016-02-02,6.43,11-30-2017,Maybank Singapore
2018,2016-03-02,6.8,11-30-2017,Maybank Singapore
2018,2016-04-04,6.4,11-30-2017,Maybank Singapore
2018,2016-05-06,6.4,11-30-2017,Maybank Singapore
2018,2016-06-02,6.4,11-30-2017,Maybank Singapore
2018,2016-07-01,6.5,11-30-2017,Maybank Singapore
2018,2016-09-05,6.5,11-30-2017,Maybank Singapore
2018,2016-10-06,6.5,11-30-2017,Maybank Singapore
2018,2016-11-01,6.8,11-30-2017,Maybank Singapore
2018,2016-12-07,7.0,11-30-2017,Maybank Singapore
2018,2017-02-06,6.85,11-30-2017,Maybank Singapore
2018,2017-04-04,6.9,11-30-2017,Maybank Singapore
2018,2017-05-16,6.9,11-30-2017,Maybank Singapore
2018,2017-05-31,6.75,11-30-2017,Maybank Singapore
2018,2017-06-12,6.75,11-30-2017,Maybank Singapore
2018,2017-07-17,6.8,11-30-2017,Maybank Singapore
2018,2017-07-31,6.8,11-30-2017,Maybank Singapore
2018,2017-09-07,6.5,11-30-2017,Maybank Singapore
2018,2017-10-12,6.55,11-30-2017,Maybank Singapore
2019,2015-12-14,6.25,11-30-2017,Maybank Singapore
2019,2016-02-02,6.25,11-30-2017,Maybank Singapore
2019,2016-03-02,6.7,11-30-2017,Maybank Singapore
2019,2016-04-04,6.4,11-30-2017,Maybank Singapore
2019,2016-05-06,6.4,11-30-2017,Maybank Singapore
2019,2016-06-02,6.4,11-30-2017,Maybank Singapore
2019,2016-07-01,6.4,11-30-2017,Maybank Singapore
2019,2016-09-05,6.4,11-30-2017,Maybank Singapore
2019,2016-10-06,6.4,11-30-2017,Maybank Singapore
2019,2016-11-01,6.75,11-30-2017,Maybank Singapore
2019,2016-12-07,7.0,11-30-2017,Maybank Singapore
2019,2017-02-06,6.8,11-30-2017,Maybank Singapore
2019,2017-04-04,6.8,11-30-2017,Maybank Singapore
2019,2017-07-17,6.7,11-30-2017,Maybank Singapore
2019,2017-07-31,6.75,11-30-2017,Maybank Singapore
2019,2017-09-07,6.45,11-30-2017,Maybank Singapore
2019,2017-10-12,6.45,11-30-2017,Maybank Singapore
2020,2015-12-14,6.25,11-30-2017,Maybank Singapore
2020,2016-03-02,6.55,11-30-2017,Maybank Singapore
2020,2016-04-04,6.4,11-30-2017,Maybank Singapore
2020,2016-05-06,6.4,11-30-2017,Maybank Singapore
2020,2016-06-02,6.4,11-30-2017,Maybank Singapore
2020,2016-07-01,6.4,11-30-2017,Maybank Singapore
2020,2016-09-05,6.4,11-30-2017,Maybank Singapore
2020,2016-10-06,6.4,11-30-2017,Maybank Singapore
2020,2016-11-01,6.75,11-30-2017,Maybank Singapore
2020,2016-12-07,7.0,11-30-2017,Maybank Singapore
2020,2017-02-06,6.8,11-30-2017,Maybank Singapore
2020,2017-04-04,6.7,11-30-2017,Maybank Singapore
2020,2017-07-17,6.65,11-30-2017,Maybank Singapore
2020,2017-07-31,6.65,11-30-2017,Maybank Singapore
2020,2017-09-07,6.35,11-30-2017,Maybank Singapore
2020,2017-10-12,6.35,11-30-2017,Maybank Singapore
2021,2015-12-14,6.25,11-30-2017,Maybank Singapore
2021,2016-03-02,6.5,11-30-2017,Maybank Singapore
2021,2016-04-04,6.4,11-30-2017,Maybank Singapore
2021,2016-05-06,6.4,11-30-2017,Maybank Singapore
2021,2016-06-02,6.4,11-30-2017,Maybank Singapore
2021,2016-07-01,6.4,11-30-2017,Maybank Singapore
2021,2016-09-05,6.4,11-30-2017,Maybank Singapore
2021,2016-10-06,6.4,11-30-2017,Maybank Singapore
2021,2016-11-01,6.75,11-30-2017,Maybank Singapore
2021,2016-12-07,7.0,11-30-2017,Maybank Singapore
2021,2017-02-06,6.8,11-30-2017,Maybank Singapore
2021,2017-04-04,6.7,11-30-2017,Maybank Singapore
2021,2017-07-17,6.6,11-30-2017,Maybank Singapore
2021,2017-07-31,6.6,11-30-2017,Maybank Singapore
2021,2017-09-07,6.3,11-30-2017,Maybank Singapore
2021,2017-10-12,6.3,11-30-2017,Maybank Singapore
Q3-21,2020-09-24,6.7,08-31-2021,Maybank Singapore
Q3-21,2020-11-10,6.45,08-31-2021,Maybank Singapore
Q3-21,2020-12-31,6.25,08-31-2021,Maybank Singapore
Q3-21,2021-04-08,6.4,08-31-2021,Maybank Singapore
Q3-21,2021-04-15,6.4,08-31-2021,Maybank Singapore
Q3-21,2021-06-10,6.28,08-31-2021,Maybank Singapore
Q3-21,2021-08-04,6.37,08-31-2021,Maybank Singapore
Q4-21,2019-09-10,7.0,08-31-2021,Maybank Singapore
Q4-21,2019-10-23,7.0,08-31-2021,Maybank Singapore
Q4-21,2019-11-21,7.1,08-31-2021,Maybank Singapore
Q4-21,2020-01-22,7.0,08-31-2021,Maybank Singapore
Q4-21,2020-05-13,7.0,08-31-2021,Maybank Singapore
Q4-21,2020-07-02,6.95,08-31-2021,Maybank Singapore
Q4-21,2020-09-24,6.7,08-31-2021,Maybank Singapore
Q4-21,2020-11-10,6.45,08-31-2021,Maybank Singapore
Q4-21,2020-12-31,6.25,08-31-2021,Maybank Singapore
Q4-21,2021-04-08,6.35,08-31-2021,Maybank Singapore
Q4-21,2021-04-15,6.35,08-31-2021,Maybank Singapore
Q4-21,2021-06-10,6.25,08-31-2021,Maybank Singapore
Q4-21,2021-08-04,6.32,08-31-2021,Maybank Singapore
Q1-22,2021-04-08,6.35,08-31-2021,Maybank Singapore
Q1-22,2021-04-15,6.35,08-31-2021,Maybank Singapore
Q1-22,2021-06-10,6.25,08-31-2021,Maybank Singapore
Q1-22,2021-08-04,6.25,08-31-2021,Maybank Singapore
Q2-22,2021-06-10,6.25,08-31-2021,Maybank Singapore
Q2-22,2021-08-04,6.25,08-31-2021,Maybank Singapore
2022,2019-09-10,6.95,08-31-2021,Maybank Singapore
2022,2019-10-23,6.95,08-31-2021,Maybank Singapore
2022,2019-11-21,7.0,08-31-2021,Maybank Singapore
2022,2020-01-22,6.95,08-31-2021,Maybank Singapore
2022,2020-05-13,6.95,08-31-2021,Maybank Singapore
2022,2020-07-02,6.95,08-31-2021,Maybank Singapore
2022,2020-09-24,6.7,08-31-2021,Maybank Singapore
2022,2020-11-10,6.5,08-31-2021,Maybank Singapore
2022,2020-12-31,6.1,08-31-2021,Maybank Singapore
2022,2021-04-08,6.25,08-31-2021,Maybank Singapore
2022,2021-04-15,6.25,08-31-2021,Maybank Singapore
2022,2021-06-10,6.25,08-31-2021,Maybank Singapore
2022,2021-08-04,6.25,08-31-2021,Maybank Singapore
2023,2019-09-10,6.9,08-31-2021,Maybank Singapore
2023,2019-10-23,6.9,08-31-2021,Maybank Singapore
2023,2019-11-21,6.9,08-31-2021,Maybank Singapore
2023,2020-01-22,6.9,08-31-2021,Maybank Singapore
2023,2020-05-13,6.9,08-31-2021,Maybank Singapore
2023,2020-07-02,6.95,08-31-2021,Maybank Singapore
2023,2020-09-24,6.7,08-31-2021,Maybank Singapore
2023,2020-11-10,6.5,08-31-2021,Maybank Singapore
2023,2020-12-31,6.0,08-31-2021,Maybank Singapore
2023,2021-04-08,6.15,08-31-2021,Maybank Singapore
2023,2021-04-15,6.15,08-31-2021,Maybank Singapore
2023,2021-06-10,6.15,08-31-2021,Maybank Singapore
2023,2021-08-04,6.15,08-31-2021,Maybank Singapore
2024,2020-01-22,6.9,08-31-2021,Maybank Singapore
2024,2020-05-13,6.9,08-31-2021,Maybank Singapore
2024,2020-07-02,6.95,08-31-2021,Maybank Singapore
2024,2020-09-24,6.7,08-31-2021,Maybank Singapore
2024,2020-11-10,6.5,08-31-2021,Maybank Singapore
2024,2020-12-31,6.0,08-31-2021,Maybank Singapore
2024,2021-04-08,6.05,08-31-2021,Maybank Singapore
2024,2021-04-15,6.05,08-31-2021,Maybank Singapore
2024,2021-06-10,6.05,08-31-2021,Maybank Singapore
2024,2021-08-04,6.05,08-31-2021,Maybank Singapore
2025,2020-11-10,6.5,08-31-2021,Maybank Singapore
2025,2020-12-31,6.0,08-31-2021,Maybank Singapore
2025,2021-04-08,6.0,08-31-2021,Maybank Singapore
2025,2021-04-15,6.0,08-31-2021,Maybank Singapore
2025,2021-06-10,6.0,08-31-2021,Maybank Singapore
2025,2021-08-04,6.0,08-31-2021,Maybank Singapore
Q1-17,2016-04-04,6.55,02-28-2017,Maybank Singapore
Q1-17,2016-05-06,6.55,02-28-2017,Maybank Singapore
Q1-17,2016-06-02,6.5,02-28-2017,Maybank Singapore
Q1-17,2016-07-01,6.7,02-28-2017,Maybank Singapore
Q1-17,2016-09-05,6.7,02-28-2017,Maybank Singapore
Q1-17,2016-10-06,6.65,02-28-2017,Maybank Singapore
Q1-17,2016-11-01,6.82,02-28-2017,Maybank Singapore
Q1-17,2016-12-07,7.0,02-28-2017,Maybank Singapore
Q1-17,2017-02-06,7.0,02-28-2017,Maybank Singapore
Q1-17,2017-02-28,6.92,02-28-2017,Maybank Singapore
Q2-17,2016-06-02,6.5,02-28-2017,Maybank Singapore
Q2-17,2016-07-01,6.7,02-28-2017,Maybank Singapore
Q2-17,2016-09-05,6.7,02-28-2017,Maybank Singapore
Q2-17,2016-10-06,6.72,02-28-2017,Maybank Singapore
Q2-17,2016-11-01,6.86,02-28-2017,Maybank Singapore
Q2-17,2016-12-07,7.05,02-28-2017,Maybank Singapore
Q2-17,2017-02-06,7.05,02-28-2017,Maybank Singapore
Q2-17,2017-02-28,7.03,02-28-2017,Maybank Singapore
Q3-17,2016-09-05,6.65,02-28-2017,Maybank Singapore
Q3-17,2016-10-06,6.7,02-28-2017,Maybank Singapore
Q3-17,2016-11-01,6.84,02-28-2017,Maybank Singapore
Q3-17,2016-12-07,7.1,02-28-2017,Maybank Singapore
Q3-17,2017-02-06,7.1,02-28-2017,Maybank Singapore
Q3-17,2017-02-28,7.08,02-28-2017,Maybank Singapore
Q4-17,2015-03-04,6.1,02-28-2017,Maybank Singapore
Q4-17,2015-04-01,6.1,02-28-2017,Maybank Singapore
Q4-17,2015-05-11,6.1,02-28-2017,Maybank Singapore
Q4-17,2015-05-29,6.1,02-28-2017,Maybank Singapore
Q4-17,2015-07-01,6.1,02-28-2017,Maybank Singapore
Q4-17,2015-07-31,6.2,02-28-2017,Maybank Singapore
Q4-17,2015-08-19,6.2,02-28-2017,Maybank Singapore
Q4-17,2015-08-20,6.2,02-28-2017,Maybank Singapore
Q4-17,2015-09-02,6.55,02-28-2017,Maybank Singapore
Q4-17,2015-10-06,6.55,02-28-2017,Maybank Singapore
Q4-17,2015-11-16,6.6,02-28-2017,Maybank Singapore
Q4-17,2015-12-14,6.6,02-28-2017,Maybank Singapore
Q4-17,2016-02-02,6.6,02-28-2017,Maybank Singapore
Q4-17,2016-03-02,6.8,02-28-2017,Maybank Singapore
Q4-17,2016-04-04,6.45,02-28-2017,Maybank Singapore
Q4-17,2016-05-06,6.45,02-28-2017,Maybank Singapore
Q4-17,2016-06-02,6.45,02-28-2017,Maybank Singapore
Q4-17,2016-07-01,6.63,02-28-2017,Maybank Singapore
Q4-17,2016-09-05,6.6,02-28-2017,Maybank Singapore
Q4-17,2016-10-06,6.72,02-28-2017,Maybank Singapore
Q4-17,2016-11-01,6.83,02-28-2017,Maybank Singapore
Q4-17,2016-12-07,7.1,02-28-2017,Maybank Singapore
Q4-17,2017-02-06,7.1,02-28-2017,Maybank Singapore
Q4-17,2017-02-28,7.04,02-28-2017,Maybank Singapore
2018,2015-03-04,6.05,02-28-2017,Maybank Singapore
2018,2015-04-01,6.05,02-28-2017,Maybank Singapore
2018,2015-05-11,6.05,02-28-2017,Maybank Singapore
2018,2015-05-29,6.05,02-28-2017,Maybank Singapore
2018,2015-07-01,6.05,02-28-2017,Maybank Singapore
2018,2015-07-31,6.18,02-28-2017,Maybank Singapore
2018,2015-08-19,6.18,02-28-2017,Maybank Singapore
2018,2015-08-20,6.18,02-28-2017,Maybank Singapore
2018,2015-09-02,6.43,02-28-2017,Maybank Singapore
2018,2015-10-06,6.43,02-28-2017,Maybank Singapore
2018,2015-11-16,6.43,02-28-2017,Maybank Singapore
2018,2015-12-14,6.43,02-28-2017,Maybank Singapore
2018,2016-02-02,6.43,02-28-2017,Maybank Singapore
2018,2016-03-02,6.8,02-28-2017,Maybank Singapore
2018,2016-04-04,6.4,02-28-2017,Maybank Singapore
2018,2016-05-06,6.4,02-28-2017,Maybank Singapore
2018,2016-06-02,6.4,02-28-2017,Maybank Singapore
2018,2016-07-01,6.5,02-28-2017,Maybank Singapore
2018,2016-09-05,6.5,02-28-2017,Maybank Singapore
2018,2016-10-06,6.5,02-28-2017,Maybank Singapore
2018,2016-11-01,6.8,02-28-2017,Maybank Singapore
2018,2016-12-07,7.0,02-28-2017,Maybank Singapore
2018,2017-02-06,6.85,02-28-2017,Maybank Singapore
2019,2015-03-04,6.0,02-28-2017,Maybank Singapore
2019,2015-04-01,6.0,02-28-2017,Maybank Singapore
2019,2015-05-11,6.0,02-28-2017,Maybank Singapore
2019,2015-05-29,6.0,02-28-2017,Maybank Singapore
2019,2015-07-01,6.0,02-28-2017,Maybank Singapore
2019,2015-07-31,6.15,02-28-2017,Maybank Singapore
2019,2015-08-19,6.15,02-28-2017,Maybank Singapore
2019,2015-08-20,6.15,02-28-2017,Maybank Singapore
2019,2015-09-02,6.25,02-28-2017,Maybank Singapore
2019,2015-12-14,6.25,02-28-2017,Maybank Singapore
2019,2016-02-02,6.25,02-28-2017,Maybank Singapore
2019,2016-03-02,6.7,02-28-2017,Maybank Singapore
2019,2016-04-04,6.4,02-28-2017,Maybank Singapore
2019,2016-05-06,6.4,02-28-2017,Maybank Singapore
2019,2016-06-02,6.4,02-28-2017,Maybank Singapore
2019,2016-07-01,6.4,02-28-2017,Maybank Singapore
2019,2016-09-05,6.4,02-28-2017,Maybank Singapore
2019,2016-10-06,6.4,02-28-2017,Maybank Singapore
2019,2016-11-01,6.75,02-28-2017,Maybank Singapore
2019,2016-12-07,7.0,02-28-2017,Maybank Singapore
2019,2017-02-06,6.8,02-28-2017,Maybank Singapore
2020,2015-03-04,5.95,02-28-2017,Maybank Singapore
2020,2015-04-01,5.95,02-28-2017,Maybank Singapore
2020,2015-05-11,5.95,02-28-2017,Maybank Singapore
2020,2015-05-29,5.95,02-28-2017,Maybank Singapore
2020,2015-07-01,5.95,02-28-2017,Maybank Singapore
2020,2015-07-31,6.1,02-28-2017,Maybank Singapore
2020,2015-08-19,6.1,02-28-2017,Maybank Singapore
2020,2015-08-20,6.1,02-28-2017,Maybank Singapore
2020,2015-09-02,6.25,02-28-2017,Maybank Singapore
2020,2015-12-14,6.25,02-28-2017,Maybank Singapore
2020,2016-03-02,6.55,02-28-2017,Maybank Singapore
2020,2016-04-04,6.4,02-28-2017,Maybank Singapore
2020,2016-05-06,6.4,02-28-2017,Maybank Singapore
2020,2016-06-02,6.4,02-28-2017,Maybank Singapore
2020,2016-07-01,6.4,02-28-2017,Maybank Singapore
2020,2016-09-05,6.4,02-28-2017,Maybank Singapore
2020,2016-10-06,6.4,02-28-2017,Maybank Singapore
2020,2016-11-01,6.75,02-28-2017,Maybank Singapore
2020,2016-12-07,7.0,02-28-2017,Maybank Singapore
2020,2017-02-06,6.8,02-28-2017,Maybank Singapore
2021,2015-12-14,6.25,02-28-2017,Maybank Singapore
2021,2016-03-02,6.5,02-28-2017,Maybank Singapore
2021,2016-04-04,6.4,02-28-2017,Maybank Singapore
2021,2016-05-06,6.4,02-28-2017,Maybank Singapore
2021,2016-06-02,6.4,02-28-2017,Maybank Singapore
2021,2016-07-01,6.4,02-28-2017,Maybank Singapore
2021,2016-09-05,6.4,02-28-2017,Maybank Singapore
2021,2016-10-06,6.4,02-28-2017,Maybank Singapore
2021,2016-11-01,6.75,02-28-2017,Maybank Singapore
2021,2016-12-07,7.0,02-28-2017,Maybank Singapore
2021,2017-02-06,6.8,02-28-2017,Maybank Singapore
Q2-21,2020-07-02,6.9,05-31-2021,Maybank Singapore
Q2-21,2020-09-24,6.75,05-31-2021,Maybank Singapore
Q2-21,2020-11-10,6.5,05-31-2021,Maybank Singapore
Q2-21,2020-12-31,6.35,05-31-2021,Maybank Singapore
Q2-21,2021-04-08,6.45,05-31-2021,Maybank Singapore
Q2-21,2021-04-15,6.45,05-31-2021,Maybank Singapore
Q3-21,2020-09-24,6.7,05-31-2021,Maybank Singapore
Q3-21,2020-11-10,6.45,05-31-2021,Maybank Singapore
Q3-21,2020-12-31,6.25,05-31-2021,Maybank Singapore
Q3-21,2021-04-08,6.4,05-31-2021,Maybank Singapore
Q3-21,2021-04-15,6.4,05-31-2021,Maybank Singapore
Q4-21,2019-08-19,6.78,05-31-2021,Maybank Singapore
Q4-21,2019-09-10,7.0,05-31-2021,Maybank Singapore
Q4-21,2019-10-23,7.0,05-31-2021,Maybank Singapore
Q4-21,2019-11-21,7.1,05-31-2021,Maybank Singapore
Q4-21,2020-01-22,7.0,05-31-2021,Maybank Singapore
Q4-21,2020-05-13,7.0,05-31-2021,Maybank Singapore
Q4-21,2020-07-02,6.95,05-31-2021,Maybank Singapore
Q4-21,2020-09-24,6.7,05-31-2021,Maybank Singapore
Q4-21,2020-11-10,6.45,05-31-2021,Maybank Singapore
Q4-21,2020-12-31,6.25,05-31-2021,Maybank Singapore
Q4-21,2021-04-08,6.35,05-31-2021,Maybank Singapore
Q4-21,2021-04-15,6.35,05-31-2021,Maybank Singapore
Q1-22,2021-04-08,6.35,05-31-2021,Maybank Singapore
Q1-22,2021-04-15,6.35,05-31-2021,Maybank Singapore
2022,2019-09-10,6.95,05-31-2021,Maybank Singapore
2022,2019-10-23,6.95,05-31-2021,Maybank Singapore
2022,2019-11-21,7.0,05-31-2021,Maybank Singapore
2022,2020-01-22,6.95,05-31-2021,Maybank Singapore
2022,2020-05-13,6.95,05-31-2021,Maybank Singapore
2022,2020-07-02,6.95,05-31-2021,Maybank Singapore
2022,2020-09-24,6.7,05-31-2021,Maybank Singapore
2022,2020-11-10,6.5,05-31-2021,Maybank Singapore
2022,2020-12-31,6.1,05-31-2021,Maybank Singapore
2022,2021-04-08,6.25,05-31-2021,Maybank Singapore
2022,2021-04-15,6.25,05-31-2021,Maybank Singapore
2023,2019-09-10,6.9,05-31-2021,Maybank Singapore
2023,2019-10-23,6.9,05-31-2021,Maybank Singapore
2023,2019-11-21,6.9,05-31-2021,Maybank Singapore
2023,2020-01-22,6.9,05-31-2021,Maybank Singapore
2023,2020-05-13,6.9,05-31-2021,Maybank Singapore
2023,2020-07-02,6.95,05-31-2021,Maybank Singapore
2023,2020-09-24,6.7,05-31-2021,Maybank Singapore
2023,2020-11-10,6.5,05-31-2021,Maybank Singapore
2023,2020-12-31,6.0,05-31-2021,Maybank Singapore
2023,2021-04-08,6.15,05-31-2021,Maybank Singapore
2023,2021-04-15,6.15,05-31-2021,Maybank Singapore
2024,2020-01-22,6.9,05-31-2021,Maybank Singapore
2024,2020-05-13,6.9,05-31-2021,Maybank Singapore
2024,2020-07-02,6.95,05-31-2021,Maybank Singapore
2024,2020-09-24,6.7,05-31-2021,Maybank Singapore
2024,2020-11-10,6.5,05-31-2021,Maybank Singapore
2024,2020-12-31,6.0,05-31-2021,Maybank Singapore
2024,2021-04-08,6.05,05-31-2021,Maybank Singapore
2024,2021-04-15,6.05,05-31-2021,Maybank Singapore
2025,2020-11-10,6.5,05-31-2021,Maybank Singapore
2025,2020-12-31,6.0,05-31-2021,Maybank Singapore
2025,2021-04-08,6.0,05-31-2021,Maybank Singapore
2025,2021-04-15,6.0,05-31-2021,Maybank Singapore
Q2-17,2016-06-02,6.5,05-31-2017,Maybank Singapore
Q2-17,2016-07-01,6.7,05-31-2017,Maybank Singapore
Q2-17,2016-09-05,6.7,05-31-2017,Maybank Singapore
Q2-17,2016-10-06,6.72,05-31-2017,Maybank Singapore
Q2-17,2016-11-01,6.86,05-31-2017,Maybank Singapore
Q2-17,2016-12-07,7.05,05-31-2017,Maybank Singapore
Q2-17,2017-02-06,7.05,05-31-2017,Maybank Singapore
Q2-17,2017-02-28,7.03,05-31-2017,Maybank Singapore
Q2-17,2017-04-04,6.96,05-31-2017,Maybank Singapore
Q2-17,2017-05-16,6.95,05-31-2017,Maybank Singapore
Q2-17,2017-05-31,6.8,05-31-2017,Maybank Singapore
Q3-17,2016-09-05,6.65,05-31-2017,Maybank Singapore
Q3-17,2016-10-06,6.7,05-31-2017,Maybank Singapore
Q3-17,2016-11-01,6.84,05-31-2017,Maybank Singapore
Q3-17,2016-12-07,7.1,05-31-2017,Maybank Singapore
Q3-17,2017-02-06,7.1,05-31-2017,Maybank Singapore
Q3-17,2017-02-28,7.08,05-31-2017,Maybank Singapore
Q3-17,2017-04-04,7.02,05-31-2017,Maybank Singapore
Q3-17,2017-05-16,7.01,05-31-2017,Maybank Singapore
Q3-17,2017-05-31,6.83,05-31-2017,Maybank Singapore
Q4-17,2015-07-01,6.1,05-31-2017,Maybank Singapore
Q4-17,2015-07-31,6.2,05-31-2017,Maybank Singapore
Q4-17,2015-08-19,6.2,05-31-2017,Maybank Singapore
Q4-17,2015-08-20,6.2,05-31-2017,Maybank Singapore
Q4-17,2015-09-02,6.55,05-31-2017,Maybank Singapore
Q4-17,2015-10-06,6.55,05-31-2017,Maybank Singapore
Q4-17,2015-11-16,6.6,05-31-2017,Maybank Singapore
Q4-17,2015-12-14,6.6,05-31-2017,Maybank Singapore
Q4-17,2016-02-02,6.6,05-31-2017,Maybank Singapore
Q4-17,2016-03-02,6.8,05-31-2017,Maybank Singapore
Q4-17,2016-04-04,6.45,05-31-2017,Maybank Singapore
Q4-17,2016-05-06,6.45,05-31-2017,Maybank Singapore
Q4-17,2016-06-02,6.45,05-31-2017,Maybank Singapore
Q4-17,2016-07-01,6.63,05-31-2017,Maybank Singapore
Q4-17,2016-09-05,6.6,05-31-2017,Maybank Singapore
Q4-17,2016-10-06,6.72,05-31-2017,Maybank Singapore
Q4-17,2016-11-01,6.83,05-31-2017,Maybank Singapore
Q4-17,2016-12-07,7.1,05-31-2017,Maybank Singapore
Q4-17,2017-02-06,7.1,05-31-2017,Maybank Singapore
Q4-17,2017-02-28,7.04,05-31-2017,Maybank Singapore
Q4-17,2017-04-04,7.05,05-31-2017,Maybank Singapore
Q4-17,2017-05-16,7.04,05-31-2017,Maybank Singapore
Q4-17,2017-05-31,6.9,05-31-2017,Maybank Singapore
Q1-18,2017-04-04,7.05,05-31-2017,Maybank Singapore
Q1-18,2017-05-16,7.04,05-31-2017,Maybank Singapore
Q1-18,2017-05-31,6.85,05-31-2017,Maybank Singapore
2018,2015-07-01,6.05,05-31-2017,Maybank Singapore
2018,2015-07-31,6.18,05-31-2017,Maybank Singapore
2018,2015-08-19,6.18,05-31-2017,Maybank Singapore
2018,2015-08-20,6.18,05-31-2017,Maybank Singapore
2018,2015-09-02,6.43,05-31-2017,Maybank Singapore
2018,2015-10-06,6.43,05-31-2017,Maybank Singapore
2018,2015-11-16,6.43,05-31-2017,Maybank Singapore
2018,2015-12-14,6.43,05-31-2017,Maybank Singapore
2018,2016-02-02,6.43,05-31-2017,Maybank Singapore
2018,2016-03-02,6.8,05-31-2017,Maybank Singapore
2018,2016-04-04,6.4,05-31-2017,Maybank Singapore
2018,2016-05-06,6.4,05-31-2017,Maybank Singapore
2018,2016-06-02,6.4,05-31-2017,Maybank Singapore
2018,2016-07-01,6.5,05-31-2017,Maybank Singapore
2018,2016-09-05,6.5,05-31-2017,Maybank Singapore
2018,2016-10-06,6.5,05-31-2017,Maybank Singapore
2018,2016-11-01,6.8,05-31-2017,Maybank Singapore
2018,2016-12-07,7.0,05-31-2017,Maybank Singapore
2018,2017-02-06,6.85,05-31-2017,Maybank Singapore
2018,2017-04-04,6.9,05-31-2017,Maybank Singapore
2018,2017-05-16,6.9,05-31-2017,Maybank Singapore
2018,2017-05-31,6.75,05-31-2017,Maybank Singapore
2019,2015-07-01,6.0,05-31-2017,Maybank Singapore
2019,2015-07-31,6.15,05-31-2017,Maybank Singapore
2019,2015-08-19,6.15,05-31-2017,Maybank Singapore
2019,2015-08-20,6.15,05-31-2017,Maybank Singapore
2019,2015-09-02,6.25,05-31-2017,Maybank Singapore
2019,2015-12-14,6.25,05-31-2017,Maybank Singapore
2019,2016-02-02,6.25,05-31-2017,Maybank Singapore
2019,2016-03-02,6.7,05-31-2017,Maybank Singapore
2019,2016-04-04,6.4,05-31-2017,Maybank Singapore
2019,2016-05-06,6.4,05-31-2017,Maybank Singapore
2019,2016-06-02,6.4,05-31-2017,Maybank Singapore
2019,2016-07-01,6.4,05-31-2017,Maybank Singapore
2019,2016-09-05,6.4,05-31-2017,Maybank Singapore
2019,2016-10-06,6.4,05-31-2017,Maybank Singapore
2019,2016-11-01,6.75,05-31-2017,Maybank Singapore
2019,2016-12-07,7.0,05-31-2017,Maybank Singapore
2019,2017-02-06,6.8,05-31-2017,Maybank Singapore
2019,2017-04-04,6.8,05-31-2017,Maybank Singapore
2020,2015-07-01,5.95,05-31-2017,Maybank Singapore
2020,2015-07-31,6.1,05-31-2017,Maybank Singapore
2020,2015-08-19,6.1,05-31-2017,Maybank Singapore
2020,2015-08-20,6.1,05-31-2017,Maybank Singapore
2020,2015-09-02,6.25,05-31-2017,Maybank Singapore
2020,2015-12-14,6.25,05-31-2017,Maybank Singapore
2020,2016-03-02,6.55,05-31-2017,Maybank Singapore
2020,2016-04-04,6.4,05-31-2017,Maybank Singapore
2020,2016-05-06,6.4,05-31-2017,Maybank Singapore
2020,2016-06-02,6.4,05-31-2017,Maybank Singapore
2020,2016-07-01,6.4,05-31-2017,Maybank Singapore
2020,2016-09-05,6.4,05-31-2017,Maybank Singapore
2020,2016-10-06,6.4,05-31-2017,Maybank Singapore
2020,2016-11-01,6.75,05-31-2017,Maybank Singapore
2020,2016-12-07,7.0,05-31-2017,Maybank Singapore
2020,2017-02-06,6.8,05-31-2017,Maybank Singapore
2020,2017-04-04,6.7,05-31-2017,Maybank Singapore
2021,2015-12-14,6.25,05-31-2017,Maybank Singapore
2021,2016-03-02,6.5,05-31-2017,Maybank Singapore
2021,2016-04-04,6.4,05-31-2017,Maybank Singapore
2021,2016-05-06,6.4,05-31-2017,Maybank Singapore
2021,2016-06-02,6.4,05-31-2017,Maybank Singapore
2021,2016-07-01,6.4,05-31-2017,Maybank Singapore
2021,2016-09-05,6.4,05-31-2017,Maybank Singapore
2021,2016-10-06,6.4,05-31-2017,Maybank Singapore
2021,2016-11-01,6.75,05-31-2017,Maybank Singapore
2021,2016-12-07,7.0,05-31-2017,Maybank Singapore
2021,2017-02-06,6.8,05-31-2017,Maybank Singapore
2021,2017-04-04,6.7,05-31-2017,Maybank Singapore
Q1-21,2020-05-13,7.03,02-28-2021,Maybank Singapore
Q1-21,2020-07-02,6.95,02-28-2021,Maybank Singapore
Q1-21,2020-09-24,6.75,02-28-2021,Maybank Singapore
Q1-21,2020-11-10,6.55,02-28-2021,Maybank Singapore
Q1-21,2020-12-31,6.45,02-28-2021,Maybank Singapore
Q2-21,2020-07-02,6.9,02-28-2021,Maybank Singapore
Q2-21,2020-09-24,6.75,02-28-2021,Maybank Singapore
Q2-21,2020-11-10,6.5,02-28-2021,Maybank Singapore
Q2-21,2020-12-31,6.35,02-28-2021,Maybank Singapore
Q3-21,2020-09-24,6.7,02-28-2021,Maybank Singapore
Q3-21,2020-11-10,6.45,02-28-2021,Maybank Singapore
Q3-21,2020-12-31,6.25,02-28-2021,Maybank Singapore
Q4-21,2019-03-12,6.7,02-28-2021,Maybank Singapore
Q4-21,2019-05-07,6.45,02-28-2021,Maybank Singapore
Q4-21,2019-08-19,6.78,02-28-2021,Maybank Singapore
Q4-21,2019-09-10,7.0,02-28-2021,Maybank Singapore
Q4-21,2019-10-23,7.0,02-28-2021,Maybank Singapore
Q4-21,2019-11-21,7.1,02-28-2021,Maybank Singapore
Q4-21,2020-01-22,7.0,02-28-2021,Maybank Singapore
Q4-21,2020-05-13,7.0,02-28-2021,Maybank Singapore
Q4-21,2020-07-02,6.95,02-28-2021,Maybank Singapore
Q4-21,2020-09-24,6.7,02-28-2021,Maybank Singapore
Q4-21,2020-11-10,6.45,02-28-2021,Maybank Singapore
Q4-21,2020-12-31,6.25,02-28-2021,Maybank Singapore
2022,2019-03-12,6.7,02-28-2021,Maybank Singapore
2022,2019-05-07,6.45,02-28-2021,Maybank Singapore
2022,2019-08-19,6.78,02-28-2021,Maybank Singapore
2022,2019-09-10,7.0,02-28-2021,Maybank Singapore
2022,2019-10-23,7.0,02-28-2021,Maybank Singapore
2022,2019-11-21,7.1,02-28-2021,Maybank Singapore
2022,2020-01-22,7.0,02-28-2021,Maybank Singapore
2022,2020-05-13,7.0,02-28-2021,Maybank Singapore
2022,2020-07-02,6.95,02-28-2021,Maybank Singapore
2022,2020-09-24,6.7,02-28-2021,Maybank Singapore
2022,2020-11-10,6.45,02-28-2021,Maybank Singapore
2022,2020-12-31,6.25,02-28-2021,Maybank Singapore
2023,2019-05-07,6.6,02-28-2021,Maybank Singapore
2023,2019-09-10,6.9,02-28-2021,Maybank Singapore
2023,2019-10-23,6.9,02-28-2021,Maybank Singapore
2023,2019-11-21,6.9,02-28-2021,Maybank Singapore
2023,2020-01-22,6.9,02-28-2021,Maybank Singapore
2023,2020-05-13,6.9,02-28-2021,Maybank Singapore
2023,2020-07-02,6.95,02-28-2021,Maybank Singapore
2023,2020-09-24,6.7,02-28-2021,Maybank Singapore
2023,2020-11-10,6.5,02-28-2021,Maybank Singapore
2023,2020-12-31,6.0,02-28-2021,Maybank Singapore
2024,2019-05-07,6.6,02-28-2021,Maybank Singapore
2024,2020-01-22,6.9,02-28-2021,Maybank Singapore
2024,2020-05-13,6.9,02-28-2021,Maybank Singapore
2024,2020-07-02,6.95,02-28-2021,Maybank Singapore
2024,2020-09-24,6.7,02-28-2021,Maybank Singapore
2024,2020-11-10,6.5,02-28-2021,Maybank Singapore
2024,2020-12-31,6.0,02-28-2021,Maybank Singapore
2025,2020-11-10,6.5,02-28-2021,Maybank Singapore
2025,2020-12-31,6.0,02-28-2021,Maybank Singapore
Q1-20,2019-03-12,6.78,02-28-2020,Maybank Singapore
Q1-20,2019-05-07,6.68,02-28-2020,Maybank Singapore
Q1-20,2019-07-02,6.75,02-28-2020,Maybank Singapore
Q1-20,2019-08-19,6.9,02-28-2020,Maybank Singapore
Q1-20,2019-09-10,7.18,02-28-2020,Maybank Singapore
Q1-20,2019-10-23,7.18,02-28-2020,Maybank Singapore
Q1-20,2019-11-21,7.08,02-28-2020,Maybank Singapore
Q1-20,2020-01-22,7.08,02-28-2020,Maybank Singapore
Q2-20,2019-07-02,6.72,02-28-2020,Maybank Singapore
Q2-20,2019-08-19,6.85,02-28-2020,Maybank Singapore
Q2-20,2019-09-10,7.15,02-28-2020,Maybank Singapore
Q2-20,2019-10-23,7.15,02-28-2020,Maybank Singapore
Q2-20,2019-11-21,7.05,02-28-2020,Maybank Singapore
Q2-20,2020-01-22,7.05,02-28-2020,Maybank Singapore
Q3-20,2019-09-10,7.1,02-28-2020,Maybank Singapore
Q3-20,2019-10-23,7.1,02-28-2020,Maybank Singapore
Q3-20,2019-11-21,7.03,02-28-2020,Maybank Singapore
Q3-20,2020-01-22,7.03,02-28-2020,Maybank Singapore
Q4-20,2018-04-12,5.3,02-28-2020,Maybank Singapore
Q4-20,2018-04-25,5.3,02-28-2020,Maybank Singapore
Q4-20,2018-05-07,5.3,02-28-2020,Maybank Singapore
Q4-20,2018-05-30,6.1,02-28-2020,Maybank Singapore
Q4-20,2018-08-02,6.4,02-28-2020,Maybank Singapore
Q4-20,2018-09-06,6.4,02-28-2020,Maybank Singapore
Q4-20,2018-11-20,7.02,02-28-2020,Maybank Singapore
Q4-20,2018-11-29,7.02,02-28-2020,Maybank Singapore
Q4-20,2018-12-24,6.9,02-28-2020,Maybank Singapore
Q4-20,2019-02-27,6.88,02-28-2020,Maybank Singapore
Q4-20,2019-03-12,6.88,02-28-2020,Maybank Singapore
Q4-20,2019-05-07,6.65,02-28-2020,Maybank Singapore
Q4-20,2019-07-02,6.75,02-28-2020,Maybank Singapore
Q4-20,2019-08-19,6.83,02-28-2020,Maybank Singapore
Q4-20,2019-09-10,7.05,02-28-2020,Maybank Singapore
Q4-20,2019-10-23,7.05,02-28-2020,Maybank Singapore
Q4-20,2019-11-21,7.05,02-28-2020,Maybank Singapore
Q4-20,2020-01-22,7.03,02-28-2020,Maybank Singapore
2021,2018-08-02,6.35,02-28-2020,Maybank Singapore
2021,2018-11-20,6.98,02-28-2020,Maybank Singapore
2021,2018-11-29,6.98,02-28-2020,Maybank Singapore
2021,2018-12-24,6.8,02-28-2020,Maybank Singapore
2021,2019-02-27,6.7,02-28-2020,Maybank Singapore
2021,2019-03-12,6.7,02-28-2020,Maybank Singapore
2021,2019-05-07,6.45,02-28-2020,Maybank Singapore
2021,2019-08-19,6.78,02-28-2020,Maybank Singapore
2021,2019-09-10,7.0,02-28-2020,Maybank Singapore
2021,2019-10-23,7.0,02-28-2020,Maybank Singapore
2021,2019-11-21,7.1,02-28-2020,Maybank Singapore
2021,2020-01-22,7.0,02-28-2020,Maybank Singapore
2022,2018-12-24,6.7,02-28-2020,Maybank Singapore
2022,2019-02-27,6.5,02-28-2020,Maybank Singapore
2022,2019-03-12,6.5,02-28-2020,Maybank Singapore
2022,2019-05-07,6.25,02-28-2020,Maybank Singapore
2022,2019-09-10,6.95,02-28-2020,Maybank Singapore
2022,2019-10-23,6.95,02-28-2020,Maybank Singapore
2022,2019-11-21,7.0,02-28-2020,Maybank Singapore
2022,2020-01-22,6.95,02-28-2020,Maybank Singapore
2023,2019-05-07,6.6,02-28-2020,Maybank Singapore
2023,2019-09-10,6.9,02-28-2020,Maybank Singapore
2023,2019-10-23,6.9,02-28-2020,Maybank Singapore
2023,2019-11-21,6.9,02-28-2020,Maybank Singapore
2023,2020-01-22,6.9,02-28-2020,Maybank Singapore
2024,2019-05-07,6.6,02-28-2020,Maybank Singapore
2024,2020-01-22,6.9,02-28-2020,Maybank Singapore
Q2-16,2015-07-01,6.2,05-31-2016,Maybank Singapore
Q2-16,2015-07-31,6.26,05-31-2016,Maybank Singapore
Q2-16,2015-08-19,6.3,05-31-2016,Maybank Singapore
Q2-16,2015-08-20,6.3,05-31-2016,Maybank Singapore
Q2-16,2015-09-02,6.65,05-31-2016,Maybank Singapore
Q2-16,2015-10-06,6.65,05-31-2016,Maybank Singapore
Q2-16,2015-11-16,6.6,05-31-2016,Maybank Singapore
Q2-16,2015-12-14,6.6,05-31-2016,Maybank Singapore
Q2-16,2016-02-02,6.75,05-31-2016,Maybank Singapore
Q2-16,2016-03-02,6.6,05-31-2016,Maybank Singapore
Q2-16,2016-04-04,6.5,05-31-2016,Maybank Singapore
Q2-16,2016-05-06,6.5,05-31-2016,Maybank Singapore
Q3-16,2015-10-06,6.65,05-31-2016,Maybank Singapore
Q3-16,2015-11-16,6.8,05-31-2016,Maybank Singapore
Q3-16,2015-12-14,6.8,05-31-2016,Maybank Singapore
Q3-16,2016-02-02,6.75,05-31-2016,Maybank Singapore
Q3-16,2016-03-02,6.65,05-31-2016,Maybank Singapore
Q3-16,2016-04-04,6.55,05-31-2016,Maybank Singapore
Q3-16,2016-05-06,6.55,05-31-2016,Maybank Singapore
Q4-16,2014-06-11,6.08,05-31-2016,Maybank Singapore
Q4-16,2014-07-25,6.03,05-31-2016,Maybank Singapore
Q4-16,2014-09-01,6.0,05-31-2016,Maybank Singapore
Q4-16,2014-10-02,6.0,05-31-2016,Maybank Singapore
Q4-16,2014-11-07,6.0,05-31-2016,Maybank Singapore
Q4-16,2014-12-15,6.05,05-31-2016,Maybank Singapore
Q4-16,2015-02-02,6.15,05-31-2016,Maybank Singapore
Q4-16,2015-03-04,6.15,05-31-2016,Maybank Singapore
Q4-16,2015-04-01,6.15,05-31-2016,Maybank Singapore
Q4-16,2015-05-11,6.15,05-31-2016,Maybank Singapore
Q4-16,2015-05-29,6.15,05-31-2016,Maybank Singapore
Q4-16,2015-07-01,6.2,05-31-2016,Maybank Singapore
Q4-16,2015-07-31,6.22,05-31-2016,Maybank Singapore
Q4-16,2015-08-19,6.22,05-31-2016,Maybank Singapore
Q4-16,2015-08-20,6.22,05-31-2016,Maybank Singapore
Q4-16,2015-09-02,6.65,05-31-2016,Maybank Singapore
Q4-16,2015-10-06,6.65,05-31-2016,Maybank Singapore
Q4-16,2015-11-16,6.8,05-31-2016,Maybank Singapore
Q4-16,2015-12-14,6.7,05-31-2016,Maybank Singapore
Q4-16,2016-02-02,6.7,05-31-2016,Maybank Singapore
Q4-16,2016-03-02,6.75,05-31-2016,Maybank Singapore
Q4-16,2016-04-04,6.5,05-31-2016,Maybank Singapore
Q4-16,2016-05-06,6.5,05-31-2016,Maybank Singapore
Q1-17,2016-04-04,6.55,05-31-2016,Maybank Singapore
Q1-17,2016-05-06,6.55,05-31-2016,Maybank Singapore
2017,2014-06-11,6.08,05-31-2016,Maybank Singapore
2017,2014-07-25,6.0,05-31-2016,Maybank Singapore
2017,2014-09-01,5.96,05-31-2016,Maybank Singapore
2017,2014-10-02,5.96,05-31-2016,Maybank Singapore
2017,2014-11-07,5.96,05-31-2016,Maybank Singapore
2017,2015-02-02,6.1,05-31-2016,Maybank Singapore
2017,2015-03-04,6.1,05-31-2016,Maybank Singapore
2017,2015-04-01,6.1,05-31-2016,Maybank Singapore
2017,2015-05-11,6.1,05-31-2016,Maybank Singapore
2017,2015-05-29,6.1,05-31-2016,Maybank Singapore
2017,2015-07-01,6.1,05-31-2016,Maybank Singapore
2017,2015-07-31,6.2,05-31-2016,Maybank Singapore
2017,2015-08-19,6.2,05-31-2016,Maybank Singapore
2017,2015-08-20,6.2,05-31-2016,Maybank Singapore
2017,2015-09-02,6.55,05-31-2016,Maybank Singapore
2017,2015-10-06,6.55,05-31-2016,Maybank Singapore
2017,2015-11-16,6.6,05-31-2016,Maybank Singapore
2017,2015-12-14,6.6,05-31-2016,Maybank Singapore
2017,2016-02-02,6.6,05-31-2016,Maybank Singapore
2017,2016-03-02,6.8,05-31-2016,Maybank Singapore
2017,2016-04-04,6.45,05-31-2016,Maybank Singapore
2017,2016-05-06,6.45,05-31-2016,Maybank Singapore
2018,2014-06-11,6.08,05-31-2016,Maybank Singapore
2018,2014-07-25,5.98,05-31-2016,Maybank Singapore
2018,2014-09-01,5.92,05-31-2016,Maybank Singapore
2018,2014-10-02,5.92,05-31-2016,Maybank Singapore
2018,2014-11-07,5.92,05-31-2016,Maybank Singapore
2018,2015-02-02,6.05,05-31-2016,Maybank Singapore
2018,2015-03-04,6.05,05-31-2016,Maybank Singapore
2018,2015-04-01,6.05,05-31-2016,Maybank Singapore
2018,2015-05-11,6.05,05-31-2016,Maybank Singapore
2018,2015-05-29,6.05,05-31-2016,Maybank Singapore
2018,2015-07-01,6.05,05-31-2016,Maybank Singapore
2018,2015-07-31,6.18,05-31-2016,Maybank Singapore
2018,2015-08-19,6.18,05-31-2016,Maybank Singapore
2018,2015-08-20,6.18,05-31-2016,Maybank Singapore
2018,2015-09-02,6.43,05-31-2016,Maybank Singapore
2018,2015-10-06,6.43,05-31-2016,Maybank Singapore
2018,2015-11-16,6.43,05-31-2016,Maybank Singapore
2018,2015-12-14,6.43,05-31-2016,Maybank Singapore
2018,2016-02-02,6.43,05-31-2016,Maybank Singapore
2018,2016-03-02,6.8,05-31-2016,Maybank Singapore
2018,2016-04-04,6.4,05-31-2016,Maybank Singapore
2018,2016-05-06,6.4,05-31-2016,Maybank Singapore
2019,2014-06-11,6.08,05-31-2016,Maybank Singapore
2019,2014-07-25,5.98,05-31-2016,Maybank Singapore
2019,2014-09-01,5.9,05-31-2016,Maybank Singapore
2019,2014-10-02,5.9,05-31-2016,Maybank Singapore
2019,2014-11-07,5.9,05-31-2016,Maybank Singapore
2019,2015-02-02,6.0,05-31-2016,Maybank Singapore
2019,2015-03-04,6.0,05-31-2016,Maybank Singapore
2019,2015-04-01,6.0,05-31-2016,Maybank Singapore
2019,2015-05-11,6.0,05-31-2016,Maybank Singapore
2019,2015-05-29,6.0,05-31-2016,Maybank Singapore
2019,2015-07-01,6.0,05-31-2016,Maybank Singapore
2019,2015-07-31,6.15,05-31-2016,Maybank Singapore
2019,2015-08-19,6.15,05-31-2016,Maybank Singapore
2019,2015-08-20,6.15,05-31-2016,Maybank Singapore
2019,2015-09-02,6.25,05-31-2016,Maybank Singapore
2019,2015-12-14,6.25,05-31-2016,Maybank Singapore
2019,2016-02-02,6.25,05-31-2016,Maybank Singapore
2019,2016-03-02,6.7,05-31-2016,Maybank Singapore
2019,2016-04-04,6.4,05-31-2016,Maybank Singapore
2019,2016-05-06,6.4,05-31-2016,Maybank Singapore
2020,2015-02-02,5.95,05-31-2016,Maybank Singapore
2020,2015-03-04,5.95,05-31-2016,Maybank Singapore
2020,2015-04-01,5.95,05-31-2016,Maybank Singapore
2020,2015-05-11,5.95,05-31-2016,Maybank Singapore
2020,2015-05-29,5.95,05-31-2016,Maybank Singapore
2020,2015-07-01,5.95,05-31-2016,Maybank Singapore
2020,2015-07-31,6.1,05-31-2016,Maybank Singapore
2020,2015-08-19,6.1,05-31-2016,Maybank Singapore
2020,2015-08-20,6.1,05-31-2016,Maybank Singapore
2020,2015-09-02,6.25,05-31-2016,Maybank Singapore
2020,2015-12-14,6.25,05-31-2016,Maybank Singapore
2020,2016-03-02,6.55,05-31-2016,Maybank Singapore
2020,2016-04-04,6.4,05-31-2016,Maybank Singapore
2020,2016-05-06,6.4,05-31-2016,Maybank Singapore
Q2-20,2019-07-02,6.72,05-31-2020,Maybank Singapore
Q2-20,2019-08-19,6.85,05-31-2020,Maybank Singapore
Q2-20,2019-09-10,7.15,05-31-2020,Maybank Singapore
Q2-20,2019-10-23,7.15,05-31-2020,Maybank Singapore
Q2-20,2019-11-21,7.05,05-31-2020,Maybank Singapore
Q2-20,2020-01-22,7.05,05-31-2020,Maybank Singapore
Q2-20,2020-05-13,7.05,05-31-2020,Maybank Singapore
Q3-20,2019-09-10,7.1,05-31-2020,Maybank Singapore
Q3-20,2019-10-23,7.1,05-31-2020,Maybank Singapore
Q3-20,2019-11-21,7.03,05-31-2020,Maybank Singapore
Q3-20,2020-01-22,7.03,05-31-2020,Maybank Singapore
Q3-20,2020-05-13,7.03,05-31-2020,Maybank Singapore
Q4-20,2018-08-02,6.4,05-31-2020,Maybank Singapore
Q4-20,2018-09-06,6.4,05-31-2020,Maybank Singapore
Q4-20,2018-11-20,7.02,05-31-2020,Maybank Singapore
Q4-20,2018-11-29,7.02,05-31-2020,Maybank Singapore
Q4-20,2018-12-24,6.9,05-31-2020,Maybank Singapore
Q4-20,2019-02-27,6.88,05-31-2020,Maybank Singapore
Q4-20,2019-03-12,6.88,05-31-2020,Maybank Singapore
Q4-20,2019-05-07,6.65,05-31-2020,Maybank Singapore
Q4-20,2019-07-02,6.75,05-31-2020,Maybank Singapore
Q4-20,2019-08-19,6.83,05-31-2020,Maybank Singapore
Q4-20,2019-09-10,7.05,05-31-2020,Maybank Singapore
Q4-20,2019-10-23,7.05,05-31-2020,Maybank Singapore
Q4-20,2019-11-21,7.05,05-31-2020,Maybank Singapore
Q4-20,2020-01-22,7.03,05-31-2020,Maybank Singapore
Q4-20,2020-05-13,7.03,05-31-2020,Maybank Singapore
Q1-21,2020-05-13,7.03,05-31-2020,Maybank Singapore
2021,2018-08-02,6.35,05-31-2020,Maybank Singapore
2021,2018-11-20,6.98,05-31-2020,Maybank Singapore
2021,2018-11-29,6.98,05-31-2020,Maybank Singapore
2021,2018-12-24,6.8,05-31-2020,Maybank Singapore
2021,2019-02-27,6.7,05-31-2020,Maybank Singapore
2021,2019-03-12,6.7,05-31-2020,Maybank Singapore
2021,2019-05-07,6.45,05-31-2020,Maybank Singapore
2021,2019-08-19,6.78,05-31-2020,Maybank Singapore
2021,2019-09-10,7.0,05-31-2020,Maybank Singapore
2021,2019-10-23,7.0,05-31-2020,Maybank Singapore
2021,2019-11-21,7.1,05-31-2020,Maybank Singapore
2021,2020-01-22,7.0,05-31-2020,Maybank Singapore
2021,2020-05-13,7.0,05-31-2020,Maybank Singapore
2022,2018-12-24,6.7,05-31-2020,Maybank Singapore
2022,2019-02-27,6.5,05-31-2020,Maybank Singapore
2022,2019-03-12,6.5,05-31-2020,Maybank Singapore
2022,2019-05-07,6.25,05-31-2020,Maybank Singapore
2022,2019-09-10,6.95,05-31-2020,Maybank Singapore
2022,2019-10-23,6.95,05-31-2020,Maybank Singapore
2022,2019-11-21,7.0,05-31-2020,Maybank Singapore
2022,2020-01-22,6.95,05-31-2020,Maybank Singapore
2022,2020-05-13,6.95,05-31-2020,Maybank Singapore
2023,2019-05-07,6.6,05-31-2020,Maybank Singapore
2023,2019-09-10,6.9,05-31-2020,Maybank Singapore
2023,2019-10-23,6.9,05-31-2020,Maybank Singapore
2023,2019-11-21,6.9,05-31-2020,Maybank Singapore
2023,2020-01-22,6.9,05-31-2020,Maybank Singapore
2023,2020-05-13,6.9,05-31-2020,Maybank Singapore
2024,2019-05-07,6.6,05-31-2020,Maybank Singapore
2024,2020-01-22,6.9,05-31-2020,Maybank Singapore
2024,2020-05-13,6.9,05-31-2020,Maybank Singapore
Q1-16,2015-04-01,6.15,02-28-2016,Maybank Singapore
Q1-16,2015-05-11,6.15,02-28-2016,Maybank Singapore
Q1-16,2015-05-29,6.15,02-28-2016,Maybank Singapore
Q1-16,2015-07-01,6.2,02-28-2016,Maybank Singapore
Q1-16,2015-07-31,6.24,02-28-2016,Maybank Singapore
Q1-16,2015-08-19,6.35,02-28-2016,Maybank Singapore
Q1-16,2015-08-20,6.35,02-28-2016,Maybank Singapore
Q1-16,2015-09-02,6.6,02-28-2016,Maybank Singapore
Q1-16,2015-10-06,6.6,02-28-2016,Maybank Singapore
Q1-16,2015-11-16,6.45,02-28-2016,Maybank Singapore
Q1-16,2015-12-14,6.45,02-28-2016,Maybank Singapore
Q1-16,2016-02-02,6.6,02-28-2016,Maybank Singapore
Q2-16,2015-07-01,6.2,02-28-2016,Maybank Singapore
Q2-16,2015-07-31,6.26,02-28-2016,Maybank Singapore
Q2-16,2015-08-19,6.3,02-28-2016,Maybank Singapore
Q2-16,2015-08-20,6.3,02-28-2016,Maybank Singapore
Q2-16,2015-09-02,6.65,02-28-2016,Maybank Singapore
Q2-16,2015-10-06,6.65,02-28-2016,Maybank Singapore
Q2-16,2015-11-16,6.6,02-28-2016,Maybank Singapore
Q2-16,2015-12-14,6.6,02-28-2016,Maybank Singapore
Q2-16,2016-02-02,6.75,02-28-2016,Maybank Singapore
Q3-16,2015-10-06,6.65,02-28-2016,Maybank Singapore
Q3-16,2015-11-16,6.8,02-28-2016,Maybank Singapore
Q3-16,2015-12-14,6.8,02-28-2016,Maybank Singapore
Q3-16,2016-02-02,6.75,02-28-2016,Maybank Singapore
Q4-16,2014-03-05,5.85,02-28-2016,Maybank Singapore
Q4-16,2014-04-30,6.08,02-28-2016,Maybank Singapore
Q4-16,2014-06-11,6.08,02-28-2016,Maybank Singapore
Q4-16,2014-07-25,6.03,02-28-2016,Maybank Singapore
Q4-16,2014-09-01,6.0,02-28-2016,Maybank Singapore
Q4-16,2014-10-02,6.0,02-28-2016,Maybank Singapore
Q4-16,2014-11-07,6.0,02-28-2016,Maybank Singapore
Q4-16,2014-12-15,6.05,02-28-2016,Maybank Singapore
Q4-16,2015-02-02,6.15,02-28-2016,Maybank Singapore
Q4-16,2015-03-04,6.15,02-28-2016,Maybank Singapore
Q4-16,2015-04-01,6.15,02-28-2016,Maybank Singapore
Q4-16,2015-05-11,6.15,02-28-2016,Maybank Singapore
Q4-16,2015-05-29,6.15,02-28-2016,Maybank Singapore
Q4-16,2015-07-01,6.2,02-28-2016,Maybank Singapore
Q4-16,2015-07-31,6.22,02-28-2016,Maybank Singapore
Q4-16,2015-08-19,6.22,02-28-2016,Maybank Singapore
Q4-16,2015-08-20,6.22,02-28-2016,Maybank Singapore
Q4-16,2015-09-02,6.65,02-28-2016,Maybank Singapore
Q4-16,2015-10-06,6.65,02-28-2016,Maybank Singapore
Q4-16,2015-11-16,6.8,02-28-2016,Maybank Singapore
Q4-16,2015-12-14,6.7,02-28-2016,Maybank Singapore
Q4-16,2016-02-02,6.7,02-28-2016,Maybank Singapore
2017,2014-03-05,5.85,02-28-2016,Maybank Singapore
2017,2014-04-30,6.08,02-28-2016,Maybank Singapore
2017,2014-06-11,6.08,02-28-2016,Maybank Singapore
2017,2014-07-25,6.0,02-28-2016,Maybank Singapore
2017,2014-09-01,5.96,02-28-2016,Maybank Singapore
2017,2014-10-02,5.96,02-28-2016,Maybank Singapore
2017,2014-11-07,5.96,02-28-2016,Maybank Singapore
2017,2015-02-02,6.1,02-28-2016,Maybank Singapore
2017,2015-03-04,6.1,02-28-2016,Maybank Singapore
2017,2015-04-01,6.1,02-28-2016,Maybank Singapore
2017,2015-05-11,6.1,02-28-2016,Maybank Singapore
2017,2015-05-29,6.1,02-28-2016,Maybank Singapore
2017,2015-07-01,6.1,02-28-2016,Maybank Singapore
2017,2015-07-31,6.2,02-28-2016,Maybank Singapore
2017,2015-08-19,6.2,02-28-2016,Maybank Singapore
2017,2015-08-20,6.2,02-28-2016,Maybank Singapore
2017,2015-09-02,6.55,02-28-2016,Maybank Singapore
2017,2015-10-06,6.55,02-28-2016,Maybank Singapore
2017,2015-11-16,6.6,02-28-2016,Maybank Singapore
2017,2015-12-14,6.6,02-28-2016,Maybank Singapore
2017,2016-02-02,6.6,02-28-2016,Maybank Singapore
2018,2014-03-05,5.85,02-28-2016,Maybank Singapore
2018,2014-04-30,6.08,02-28-2016,Maybank Singapore
2018,2014-06-11,6.08,02-28-2016,Maybank Singapore
2018,2014-07-25,5.98,02-28-2016,Maybank Singapore
2018,2014-09-01,5.92,02-28-2016,Maybank Singapore
2018,2014-10-02,5.92,02-28-2016,Maybank Singapore
2018,2014-11-07,5.92,02-28-2016,Maybank Singapore
2018,2015-02-02,6.05,02-28-2016,Maybank Singapore
2018,2015-03-04,6.05,02-28-2016,Maybank Singapore
2018,2015-04-01,6.05,02-28-2016,Maybank Singapore
2018,2015-05-11,6.05,02-28-2016,Maybank Singapore
2018,2015-05-29,6.05,02-28-2016,Maybank Singapore
2018,2015-07-01,6.05,02-28-2016,Maybank Singapore
2018,2015-07-31,6.18,02-28-2016,Maybank Singapore
2018,2015-08-19,6.18,02-28-2016,Maybank Singapore
2018,2015-08-20,6.18,02-28-2016,Maybank Singapore
2018,2015-09-02,6.43,02-28-2016,Maybank Singapore
2018,2015-10-06,6.43,02-28-2016,Maybank Singapore
2018,2015-11-16,6.43,02-28-2016,Maybank Singapore
2018,2015-12-14,6.43,02-28-2016,Maybank Singapore
2018,2016-02-02,6.43,02-28-2016,Maybank Singapore
2019,2014-03-05,5.85,02-28-2016,Maybank Singapore
2019,2014-04-30,6.08,02-28-2016,Maybank Singapore
2019,2014-06-11,6.08,02-28-2016,Maybank Singapore
2019,2014-07-25,5.98,02-28-2016,Maybank Singapore
2019,2014-09-01,5.9,02-28-2016,Maybank Singapore
2019,2014-10-02,5.9,02-28-2016,Maybank Singapore
2019,2014-11-07,5.9,02-28-2016,Maybank Singapore
2019,2015-02-02,6.0,02-28-2016,Maybank Singapore
2019,2015-03-04,6.0,02-28-2016,Maybank Singapore
2019,2015-04-01,6.0,02-28-2016,Maybank Singapore
2019,2015-05-11,6.0,02-28-2016,Maybank Singapore
2019,2015-05-29,6.0,02-28-2016,Maybank Singapore
2019,2015-07-01,6.0,02-28-2016,Maybank Singapore
2019,2015-07-31,6.15,02-28-2016,Maybank Singapore
2019,2015-08-19,6.15,02-28-2016,Maybank Singapore
2019,2015-08-20,6.15,02-28-2016,Maybank Singapore
2019,2015-09-02,6.25,02-28-2016,Maybank Singapore
2019,2015-12-14,6.25,02-28-2016,Maybank Singapore
2019,2016-02-02,6.25,02-28-2016,Maybank Singapore
2020,2015-02-02,5.95,02-28-2016,Maybank Singapore
2020,2015-03-04,5.95,02-28-2016,Maybank Singapore
2020,2015-04-01,5.95,02-28-2016,Maybank Singapore
2020,2015-05-11,5.95,02-28-2016,Maybank Singapore
2020,2015-05-29,5.95,02-28-2016,Maybank Singapore
2020,2015-07-01,5.95,02-28-2016,Maybank Singapore
2020,2015-07-31,6.1,02-28-2016,Maybank Singapore
2020,2015-08-19,6.1,02-28-2016,Maybank Singapore
2020,2015-08-20,6.1,02-28-2016,Maybank Singapore
2020,2015-09-02,6.25,02-28-2016,Maybank Singapore
2020,2015-12-14,6.25,02-28-2016,Maybank Singapore
Q2-19,2018-08-02,6.62,05-31-2019,Maybank Singapore
Q2-19,2018-09-06,6.62,05-31-2019,Maybank Singapore
Q2-19,2018-11-20,6.95,05-31-2019,Maybank Singapore
Q2-19,2018-11-29,6.95,05-31-2019,Maybank Singapore
Q2-19,2018-12-24,6.95,05-31-2019,Maybank Singapore
Q2-19,2019-02-27,6.7,05-31-2019,Maybank Singapore
Q2-19,2019-03-12,6.7,05-31-2019,Maybank Singapore
Q2-19,2019-05-07,6.7,05-31-2019,Maybank Singapore
Q3-19,2018-09-06,6.57,05-31-2019,Maybank Singapore
Q3-19,2018-11-20,6.92,05-31-2019,Maybank Singapore
Q3-19,2018-11-29,6.92,05-31-2019,Maybank Singapore
Q3-19,2018-12-24,6.92,05-31-2019,Maybank Singapore
Q3-19,2019-02-27,6.65,05-31-2019,Maybank Singapore
Q3-19,2019-03-12,6.65,05-31-2019,Maybank Singapore
Q3-19,2019-05-07,6.65,05-31-2019,Maybank Singapore
Q4-19,2017-07-17,6.7,05-31-2019,Maybank Singapore
Q4-19,2017-07-31,6.75,05-31-2019,Maybank Singapore
Q4-19,2017-09-07,6.45,05-31-2019,Maybank Singapore
Q4-19,2017-10-12,6.45,05-31-2019,Maybank Singapore
Q4-19,2017-12-12,6.45,05-31-2019,Maybank Singapore
Q4-19,2018-02-28,5.6,05-31-2019,Maybank Singapore
Q4-19,2018-04-12,5.6,05-31-2019,Maybank Singapore
Q4-19,2018-04-25,5.6,05-31-2019,Maybank Singapore
Q4-19,2018-05-07,5.6,05-31-2019,Maybank Singapore
Q4-19,2018-05-30,6.15,05-31-2019,Maybank Singapore
Q4-19,2018-08-02,6.52,05-31-2019,Maybank Singapore
Q4-19,2018-09-06,6.52,05-31-2019,Maybank Singapore
Q4-19,2018-11-20,7.0,05-31-2019,Maybank Singapore
Q4-19,2018-11-29,7.0,05-31-2019,Maybank Singapore
Q4-19,2018-12-24,7.0,05-31-2019,Maybank Singapore
Q4-19,2019-02-27,6.7,05-31-2019,Maybank Singapore
Q4-19,2019-03-12,6.7,05-31-2019,Maybank Singapore
Q4-19,2019-05-07,6.7,05-31-2019,Maybank Singapore
Q1-20,2019-03-12,6.78,05-31-2019,Maybank Singapore
Q1-20,2019-05-07,6.68,05-31-2019,Maybank Singapore
2020,2017-07-17,6.65,05-31-2019,Maybank Singapore
2020,2017-07-31,6.65,05-31-2019,Maybank Singapore
2020,2017-09-07,6.35,05-31-2019,Maybank Singapore
2020,2017-10-12,6.35,05-31-2019,Maybank Singapore
2020,2017-12-12,6.35,05-31-2019,Maybank Singapore
2020,2018-02-28,5.3,05-31-2019,Maybank Singapore
2020,2018-04-12,5.3,05-31-2019,Maybank Singapore
2020,2018-04-25,5.3,05-31-2019,Maybank Singapore
2020,2018-05-07,5.3,05-31-2019,Maybank Singapore
2020,2018-05-30,6.1,05-31-2019,Maybank Singapore
2020,2018-08-02,6.4,05-31-2019,Maybank Singapore
2020,2018-09-06,6.4,05-31-2019,Maybank Singapore
2020,2018-11-20,7.02,05-31-2019,Maybank Singapore
2020,2018-11-29,7.02,05-31-2019,Maybank Singapore
2020,2018-12-24,6.9,05-31-2019,Maybank Singapore
2020,2019-02-27,6.88,05-31-2019,Maybank Singapore
2020,2019-03-12,6.88,05-31-2019,Maybank Singapore
2020,2019-05-07,6.65,05-31-2019,Maybank Singapore
2021,2017-07-17,6.6,05-31-2019,Maybank Singapore
2021,2017-07-31,6.6,05-31-2019,Maybank Singapore
2021,2017-09-07,6.3,05-31-2019,Maybank Singapore
2021,2017-10-12,6.3,05-31-2019,Maybank Singapore
2021,2017-12-12,6.3,05-31-2019,Maybank Singapore
2021,2018-08-02,6.35,05-31-2019,Maybank Singapore
2021,2018-11-20,6.98,05-31-2019,Maybank Singapore
2021,2018-11-29,6.98,05-31-2019,Maybank Singapore
2021,2018-12-24,6.8,05-31-2019,Maybank Singapore
2021,2019-02-27,6.7,05-31-2019,Maybank Singapore
2021,2019-03-12,6.7,05-31-2019,Maybank Singapore
2021,2019-05-07,6.45,05-31-2019,Maybank Singapore
2022,2017-07-17,6.6,05-31-2019,Maybank Singapore
2022,2017-07-31,6.7,05-31-2019,Maybank Singapore
2022,2017-09-07,6.3,05-31-2019,Maybank Singapore
2022,2017-10-12,6.3,05-31-2019,Maybank Singapore
2022,2017-12-12,6.25,05-31-2019,Maybank Singapore
2022,2018-12-24,6.7,05-31-2019,Maybank Singapore
2022,2019-02-27,6.5,05-31-2019,Maybank Singapore
2022,2019-03-12,6.5,05-31-2019,Maybank Singapore
2022,2019-05-07,6.25,05-31-2019,Maybank Singapore
2023,2017-12-12,6.2,05-31-2019,Maybank Singapore
2023,2019-05-07,6.6,05-31-2019,Maybank Singapore
Q3-12,2012-04-19,6.23,08-31-2012,Maybank Singapore
Q3-12,2012-05-24,6.32,08-31-2012,Maybank Singapore
Q3-12,2012-05-31,6.32,08-31-2012,Maybank Singapore
Q3-12,2012-08-03,6.34,08-31-2012,Maybank Singapore
Q3-12,2012-08-31,6.36,08-31-2012,Maybank Singapore
Q4-12,2012-04-19,6.2,08-31-2012,Maybank Singapore
Q4-12,2012-05-24,6.3,08-31-2012,Maybank Singapore
Q4-12,2012-05-31,6.3,08-31-2012,Maybank Singapore
Q4-12,2012-08-03,6.36,08-31-2012,Maybank Singapore
Q4-12,2012-08-31,6.38,08-31-2012,Maybank Singapore
Q1-13,2012-04-19,6.18,08-31-2012,Maybank Singapore
Q1-13,2012-05-24,6.29,08-31-2012,Maybank Singapore
Q1-13,2012-05-31,6.29,08-31-2012,Maybank Singapore
Q1-13,2012-08-03,6.37,08-31-2012,Maybank Singapore
Q1-13,2012-08-31,6.4,08-31-2012,Maybank Singapore
Q2-13,2012-08-03,6.33,08-31-2012,Maybank Singapore
Q2-13,2012-08-31,6.38,08-31-2012,Maybank Singapore
2013,2012-04-19,6.12,08-31-2012,Maybank Singapore
2013,2012-05-24,6.26,08-31-2012,Maybank Singapore
2013,2012-05-31,6.26,08-31-2012,Maybank Singapore
2013,2012-08-03,6.25,08-31-2012,Maybank Singapore
2013,2012-08-31,6.35,08-31-2012,Maybank Singapore
2014,2012-04-19,5.65,08-31-2012,Maybank Singapore
2014,2012-05-24,5.65,08-31-2012,Maybank Singapore
2014,2012-05-31,5.65,08-31-2012,Maybank Singapore
2014,2012-08-03,5.65,08-31-2012,Maybank Singapore
2014,2012-08-31,5.65,08-31-2012,Maybank Singapore
2015,2012-04-19,5.65,08-31-2012,Maybank Singapore
2015,2012-05-24,5.65,08-31-2012,Maybank Singapore
2015,2012-05-31,5.65,08-31-2012,Maybank Singapore
2015,2012-08-03,5.65,08-31-2012,Maybank Singapore
2015,2012-08-31,5.65,08-31-2012,Maybank Singapore
2016,2012-05-24,5.43,08-31-2012,Maybank Singapore
2016,2012-05-31,5.43,08-31-2012,Maybank Singapore
2016,2012-08-03,5.43,08-31-2012,Maybank Singapore
2016,2012-08-31,5.43,08-31-2012,Maybank Singapore
Q1-15,2014-03-05,5.9,02-28-2015,Maybank Singapore
Q1-15,2014-04-30,6.15,02-28-2015,Maybank Singapore
Q1-15,2014-06-11,6.15,02-28-2015,Maybank Singapore
Q1-15,2014-07-25,6.12,02-28-2015,Maybank Singapore
Q1-15,2014-09-01,6.1,02-28-2015,Maybank Singapore
Q1-15,2014-10-02,6.1,02-28-2015,Maybank Singapore
Q1-15,2014-11-07,6.08,02-28-2015,Maybank Singapore
Q1-15,2014-12-15,6.18,02-28-2015,Maybank Singapore
Q1-15,2015-02-02,6.32,02-28-2015,Maybank Singapore
Q2-15,2014-06-11,6.18,02-28-2015,Maybank Singapore
Q2-15,2014-07-25,6.12,02-28-2015,Maybank Singapore
Q2-15,2014-09-01,6.05,02-28-2015,Maybank Singapore
Q2-15,2014-10-02,6.1,02-28-2015,Maybank Singapore
Q2-15,2014-11-07,6.08,02-28-2015,Maybank Singapore
Q2-15,2014-12-15,6.2,02-28-2015,Maybank Singapore
Q2-15,2015-02-02,6.38,02-28-2015,Maybank Singapore
Q3-15,2014-10-02,6.05,02-28-2015,Maybank Singapore
Q3-15,2014-11-07,6.05,02-28-2015,Maybank Singapore
Q3-15,2014-12-15,6.15,02-28-2015,Maybank Singapore
Q3-15,2015-02-02,6.3,02-28-2015,Maybank Singapore
Q4-15,2013-04-30,6.0,02-28-2015,Maybank Singapore
Q4-15,2013-06-21,6.0,02-28-2015,Maybank Singapore
Q4-15,2013-07-31,6.0,02-28-2015,Maybank Singapore
Q4-15,2013-09-10,6.0,02-28-2015,Maybank Singapore
Q4-15,2013-10-14,6.0,02-28-2015,Maybank Singapore
Q4-15,2013-12-05,6.0,02-28-2015,Maybank Singapore
Q4-15,2014-01-16,5.9,02-28-2015,Maybank Singapore
Q4-15,2014-03-05,5.9,02-28-2015,Maybank Singapore
Q4-15,2014-04-30,6.08,02-28-2015,Maybank Singapore
Q4-15,2014-06-11,6.08,02-28-2015,Maybank Singapore
Q4-15,2014-07-25,6.08,02-28-2015,Maybank Singapore
Q4-15,2014-09-01,6.0,02-28-2015,Maybank Singapore
Q4-15,2014-10-02,6.0,02-28-2015,Maybank Singapore
Q4-15,2014-11-07,6.0,02-28-2015,Maybank Singapore
Q4-15,2014-12-15,6.08,02-28-2015,Maybank Singapore
Q4-15,2015-02-02,6.25,02-28-2015,Maybank Singapore
2016,2013-04-30,6.0,02-28-2015,Maybank Singapore
2016,2013-06-21,6.0,02-28-2015,Maybank Singapore
2016,2013-07-31,6.0,02-28-2015,Maybank Singapore
2016,2013-09-10,6.0,02-28-2015,Maybank Singapore
2016,2013-10-14,6.0,02-28-2015,Maybank Singapore
2016,2013-12-05,6.0,02-28-2015,Maybank Singapore
2016,2014-01-16,5.85,02-28-2015,Maybank Singapore
2016,2014-03-05,5.85,02-28-2015,Maybank Singapore
2016,2014-04-30,6.08,02-28-2015,Maybank Singapore
2016,2014-06-11,6.08,02-28-2015,Maybank Singapore
2016,2014-07-25,6.03,02-28-2015,Maybank Singapore
2016,2014-09-01,6.0,02-28-2015,Maybank Singapore
2016,2014-10-02,6.0,02-28-2015,Maybank Singapore
2016,2014-11-07,6.0,02-28-2015,Maybank Singapore
2016,2014-12-15,6.05,02-28-2015,Maybank Singapore
2016,2015-02-02,6.15,02-28-2015,Maybank Singapore
2017,2013-04-30,6.0,02-28-2015,Maybank Singapore
2017,2013-06-21,6.0,02-28-2015,Maybank Singapore
2017,2013-07-31,6.0,02-28-2015,Maybank Singapore
2017,2013-09-10,6.0,02-28-2015,Maybank Singapore
2017,2013-10-14,6.0,02-28-2015,Maybank Singapore
2017,2013-12-05,6.0,02-28-2015,Maybank Singapore
2017,2014-01-16,6.0,02-28-2015,Maybank Singapore
2017,2014-03-05,5.85,02-28-2015,Maybank Singapore
2017,2014-04-30,6.08,02-28-2015,Maybank Singapore
2017,2014-06-11,6.08,02-28-2015,Maybank Singapore
2017,2014-07-25,6.0,02-28-2015,Maybank Singapore
2017,2014-09-01,5.96,02-28-2015,Maybank Singapore
2017,2014-10-02,5.96,02-28-2015,Maybank Singapore
2017,2014-11-07,5.96,02-28-2015,Maybank Singapore
2017,2015-02-02,6.1,02-28-2015,Maybank Singapore
2018,2013-04-30,6.0,02-28-2015,Maybank Singapore
2018,2013-06-21,6.0,02-28-2015,Maybank Singapore
2018,2013-07-31,6.0,02-28-2015,Maybank Singapore
2018,2013-09-10,6.0,02-28-2015,Maybank Singapore
2018,2013-10-14,6.0,02-28-2015,Maybank Singapore
2018,2013-12-05,6.0,02-28-2015,Maybank Singapore
2018,2014-01-16,6.0,02-28-2015,Maybank Singapore
2018,2014-03-05,5.85,02-28-2015,Maybank Singapore
2018,2014-04-30,6.08,02-28-2015,Maybank Singapore
2018,2014-06-11,6.08,02-28-2015,Maybank Singapore
2018,2014-07-25,5.98,02-28-2015,Maybank Singapore
2018,2014-09-01,5.92,02-28-2015,Maybank Singapore
2018,2014-10-02,5.92,02-28-2015,Maybank Singapore
2018,2014-11-07,5.92,02-28-2015,Maybank Singapore
2018,2015-02-02,6.05,02-28-2015,Maybank Singapore
2019,2014-03-05,5.85,02-28-2015,Maybank Singapore
2019,2014-04-30,6.08,02-28-2015,Maybank Singapore
2019,2014-06-11,6.08,02-28-2015,Maybank Singapore
2019,2014-07-25,5.98,02-28-2015,Maybank Singapore
2019,2014-09-01,5.9,02-28-2015,Maybank Singapore
2019,2014-10-02,5.9,02-28-2015,Maybank Singapore
2019,2014-11-07,5.9,02-28-2015,Maybank Singapore
2019,2015-02-02,6.0,02-28-2015,Maybank Singapore
Q4-12,2012-04-19,6.2,11-30-2012,Maybank Singapore
Q4-12,2012-05-24,6.3,11-30-2012,Maybank Singapore
Q4-12,2012-05-31,6.3,11-30-2012,Maybank Singapore
Q4-12,2012-08-03,6.36,11-30-2012,Maybank Singapore
Q4-12,2012-08-31,6.38,11-30-2012,Maybank Singapore
Q4-12,2012-10-08,6.29,11-30-2012,Maybank Singapore
Q4-12,2012-11-09,6.26,11-30-2012,Maybank Singapore
Q1-13,2012-04-19,6.18,11-30-2012,Maybank Singapore
Q1-13,2012-05-24,6.29,11-30-2012,Maybank Singapore
Q1-13,2012-05-31,6.29,11-30-2012,Maybank Singapore
Q1-13,2012-08-03,6.37,11-30-2012,Maybank Singapore
Q1-13,2012-08-31,6.4,11-30-2012,Maybank Singapore
Q1-13,2012-10-08,6.32,11-30-2012,Maybank Singapore
Q1-13,2012-11-09,6.29,11-30-2012,Maybank Singapore
Q2-13,2012-08-03,6.33,11-30-2012,Maybank Singapore
Q2-13,2012-08-31,6.38,11-30-2012,Maybank Singapore
Q2-13,2012-10-08,6.28,11-30-2012,Maybank Singapore
Q2-13,2012-11-09,6.25,11-30-2012,Maybank Singapore
Q3-13,2012-11-09,6.23,11-30-2012,Maybank Singapore
2013,2012-04-19,6.12,11-30-2012,Maybank Singapore
2013,2012-05-24,6.26,11-30-2012,Maybank Singapore
2013,2012-05-31,6.26,11-30-2012,Maybank Singapore
2013,2012-08-03,6.25,11-30-2012,Maybank Singapore
2013,2012-08-31,6.35,11-30-2012,Maybank Singapore
2013,2012-10-08,6.26,11-30-2012,Maybank Singapore
2013,2012-11-09,6.21,11-30-2012,Maybank Singapore
2014,2012-04-19,5.65,11-30-2012,Maybank Singapore
2014,2012-05-24,5.65,11-30-2012,Maybank Singapore
2014,2012-05-31,5.65,11-30-2012,Maybank Singapore
2014,2012-08-03,5.65,11-30-2012,Maybank Singapore
2014,2012-08-31,5.65,11-30-2012,Maybank Singapore
2014,2012-10-08,6.29,11-30-2012,Maybank Singapore
2014,2012-11-09,6.29,11-30-2012,Maybank Singapore
2015,2012-04-19,5.65,11-30-2012,Maybank Singapore
2015,2012-05-24,5.65,11-30-2012,Maybank Singapore
2015,2012-05-31,5.65,11-30-2012,Maybank Singapore
2015,2012-08-03,5.65,11-30-2012,Maybank Singapore
2015,2012-08-31,5.65,11-30-2012,Maybank Singapore
2015,2012-10-08,6.2,11-30-2012,Maybank Singapore
2015,2012-11-09,6.2,11-30-2012,Maybank Singapore
2016,2012-05-24,5.43,11-30-2012,Maybank Singapore
2016,2012-05-31,5.43,11-30-2012,Maybank Singapore
2016,2012-08-03,5.43,11-30-2012,Maybank Singapore
2016,2012-08-31,5.43,11-30-2012,Maybank Singapore
2016,2012-10-08,6.1,11-30-2012,Maybank Singapore
2016,2012-11-09,6.1,11-30-2012,Maybank Singapore
Q2-15,2014-06-11,6.18,05-31-2015,Maybank Singapore
Q2-15,2014-07-25,6.12,05-31-2015,Maybank Singapore
Q2-15,2014-09-01,6.05,05-31-2015,Maybank Singapore
Q2-15,2014-10-02,6.1,05-31-2015,Maybank Singapore
Q2-15,2014-11-07,6.08,05-31-2015,Maybank Singapore
Q2-15,2014-12-15,6.2,05-31-2015,Maybank Singapore
Q2-15,2015-02-02,6.38,05-31-2015,Maybank Singapore
Q2-15,2015-03-04,6.38,05-31-2015,Maybank Singapore
Q2-15,2015-04-01,6.25,05-31-2015,Maybank Singapore
Q2-15,2015-05-11,6.25,05-31-2015,Maybank Singapore
Q2-15,2015-05-29,6.25,05-31-2015,Maybank Singapore
Q3-15,2014-10-02,6.05,05-31-2015,Maybank Singapore
Q3-15,2014-11-07,6.05,05-31-2015,Maybank Singapore
Q3-15,2014-12-15,6.15,05-31-2015,Maybank Singapore
Q3-15,2015-02-02,6.3,05-31-2015,Maybank Singapore
Q3-15,2015-03-04,6.3,05-31-2015,Maybank Singapore
Q3-15,2015-04-01,6.2,05-31-2015,Maybank Singapore
Q3-15,2015-05-11,6.2,05-31-2015,Maybank Singapore
Q3-15,2015-05-29,6.2,05-31-2015,Maybank Singapore
Q4-15,2013-06-21,6.0,05-31-2015,Maybank Singapore
Q4-15,2013-07-31,6.0,05-31-2015,Maybank Singapore
Q4-15,2013-09-10,6.0,05-31-2015,Maybank Singapore
Q4-15,2013-10-14,6.0,05-31-2015,Maybank Singapore
Q4-15,2013-12-05,6.0,05-31-2015,Maybank Singapore
Q4-15,2014-01-16,5.9,05-31-2015,Maybank Singapore
Q4-15,2014-03-05,5.9,05-31-2015,Maybank Singapore
Q4-15,2014-04-30,6.08,05-31-2015,Maybank Singapore
Q4-15,2014-06-11,6.08,05-31-2015,Maybank Singapore
Q4-15,2014-07-25,6.08,05-31-2015,Maybank Singapore
Q4-15,2014-09-01,6.0,05-31-2015,Maybank Singapore
Q4-15,2014-10-02,6.0,05-31-2015,Maybank Singapore
Q4-15,2014-11-07,6.0,05-31-2015,Maybank Singapore
Q4-15,2014-12-15,6.08,05-31-2015,Maybank Singapore
Q4-15,2015-02-02,6.25,05-31-2015,Maybank Singapore
Q4-15,2015-03-04,6.25,05-31-2015,Maybank Singapore
Q4-15,2015-04-01,6.15,05-31-2015,Maybank Singapore
Q4-15,2015-05-11,6.15,05-31-2015,Maybank Singapore
Q4-15,2015-05-29,6.15,05-31-2015,Maybank Singapore
Q1-16,2015-04-01,6.15,05-31-2015,Maybank Singapore
Q1-16,2015-05-11,6.15,05-31-2015,Maybank Singapore
Q1-16,2015-05-29,6.15,05-31-2015,Maybank Singapore
2016,2013-06-21,6.0,05-31-2015,Maybank Singapore
2016,2013-07-31,6.0,05-31-2015,Maybank Singapore
2016,2013-09-10,6.0,05-31-2015,Maybank Singapore
2016,2013-10-14,6.0,05-31-2015,Maybank Singapore
2016,2013-12-05,6.0,05-31-2015,Maybank Singapore
2016,2014-01-16,5.85,05-31-2015,Maybank Singapore
2016,2014-03-05,5.85,05-31-2015,Maybank Singapore
2016,2014-04-30,6.08,05-31-2015,Maybank Singapore
2016,2014-06-11,6.08,05-31-2015,Maybank Singapore
2016,2014-07-25,6.03,05-31-2015,Maybank Singapore
2016,2014-09-01,6.0,05-31-2015,Maybank Singapore
2016,2014-10-02,6.0,05-31-2015,Maybank Singapore
2016,2014-11-07,6.0,05-31-2015,Maybank Singapore
2016,2014-12-15,6.05,05-31-2015,Maybank Singapore
2016,2015-02-02,6.15,05-31-2015,Maybank Singapore
2016,2015-03-04,6.15,05-31-2015,Maybank Singapore
2016,2015-04-01,6.15,05-31-2015,Maybank Singapore
2016,2015-05-11,6.15,05-31-2015,Maybank Singapore
2016,2015-05-29,6.15,05-31-2015,Maybank Singapore
2017,2013-06-21,6.0,05-31-2015,Maybank Singapore
2017,2013-07-31,6.0,05-31-2015,Maybank Singapore
2017,2013-09-10,6.0,05-31-2015,Maybank Singapore
2017,2013-10-14,6.0,05-31-2015,Maybank Singapore
2017,2013-12-05,6.0,05-31-2015,Maybank Singapore
2017,2014-01-16,6.0,05-31-2015,Maybank Singapore
2017,2014-03-05,5.85,05-31-2015,Maybank Singapore
2017,2014-04-30,6.08,05-31-2015,Maybank Singapore
2017,2014-06-11,6.08,05-31-2015,Maybank Singapore
2017,2014-07-25,6.0,05-31-2015,Maybank Singapore
2017,2014-09-01,5.96,05-31-2015,Maybank Singapore
2017,2014-10-02,5.96,05-31-2015,Maybank Singapore
2017,2014-11-07,5.96,05-31-2015,Maybank Singapore
2017,2015-02-02,6.1,05-31-2015,Maybank Singapore
2017,2015-03-04,6.1,05-31-2015,Maybank Singapore
2017,2015-04-01,6.1,05-31-2015,Maybank Singapore
2017,2015-05-11,6.1,05-31-2015,Maybank Singapore
2017,2015-05-29,6.1,05-31-2015,Maybank Singapore
2018,2013-06-21,6.0,05-31-2015,Maybank Singapore
2018,2013-07-31,6.0,05-31-2015,Maybank Singapore
2018,2013-09-10,6.0,05-31-2015,Maybank Singapore
2018,2013-10-14,6.0,05-31-2015,Maybank Singapore
2018,2013-12-05,6.0,05-31-2015,Maybank Singapore
2018,2014-01-16,6.0,05-31-2015,Maybank Singapore
2018,2014-03-05,5.85,05-31-2015,Maybank Singapore
2018,2014-04-30,6.08,05-31-2015,Maybank Singapore
2018,2014-06-11,6.08,05-31-2015,Maybank Singapore
2018,2014-07-25,5.98,05-31-2015,Maybank Singapore
2018,2014-09-01,5.92,05-31-2015,Maybank Singapore
2018,2014-10-02,5.92,05-31-2015,Maybank Singapore
2018,2014-11-07,5.92,05-31-2015,Maybank Singapore
2018,2015-02-02,6.05,05-31-2015,Maybank Singapore
2018,2015-03-04,6.05,05-31-2015,Maybank Singapore
2018,2015-04-01,6.05,05-31-2015,Maybank Singapore
2018,2015-05-11,6.05,05-31-2015,Maybank Singapore
2018,2015-05-29,6.05,05-31-2015,Maybank Singapore
2019,2014-03-05,5.85,05-31-2015,Maybank Singapore
2019,2014-04-30,6.08,05-31-2015,Maybank Singapore
2019,2014-06-11,6.08,05-31-2015,Maybank Singapore
2019,2014-07-25,5.98,05-31-2015,Maybank Singapore
2019,2014-09-01,5.9,05-31-2015,Maybank Singapore
2019,2014-10-02,5.9,05-31-2015,Maybank Singapore
2019,2014-11-07,5.9,05-31-2015,Maybank Singapore
2019,2015-02-02,6.0,05-31-2015,Maybank Singapore
2019,2015-03-04,6.0,05-31-2015,Maybank Singapore
2019,2015-04-01,6.0,05-31-2015,Maybank Singapore
2019,2015-05-11,6.0,05-31-2015,Maybank Singapore
2019,2015-05-29,6.0,05-31-2015,Maybank Singapore
Q1-19,2018-04-12,5.9,02-28-2019,Maybank Singapore
Q1-19,2018-04-25,5.9,02-28-2019,Maybank Singapore
Q1-19,2018-05-07,5.9,02-28-2019,Maybank Singapore
Q1-19,2018-05-30,6.25,02-28-2019,Maybank Singapore
Q1-19,2018-08-02,6.65,02-28-2019,Maybank Singapore
Q1-19,2018-09-06,6.65,02-28-2019,Maybank Singapore
Q1-19,2018-11-20,7.05,02-28-2019,Maybank Singapore
Q1-19,2018-11-29,7.05,02-28-2019,Maybank Singapore
Q1-19,2018-12-24,7.05,02-28-2019,Maybank Singapore
Q1-19,2019-02-27,6.75,02-28-2019,Maybank Singapore
Q2-19,2018-08-02,6.62,02-28-2019,Maybank Singapore
Q2-19,2018-09-06,6.62,02-28-2019,Maybank Singapore
Q2-19,2018-11-20,6.95,02-28-2019,Maybank Singapore
Q2-19,2018-11-29,6.95,02-28-2019,Maybank Singapore
Q2-19,2018-12-24,6.95,02-28-2019,Maybank Singapore
Q2-19,2019-02-27,6.7,02-28-2019,Maybank Singapore
Q3-19,2018-09-06,6.57,02-28-2019,Maybank Singapore
Q3-19,2018-11-20,6.92,02-28-2019,Maybank Singapore
Q3-19,2018-11-29,6.92,02-28-2019,Maybank Singapore
Q3-19,2018-12-24,6.92,02-28-2019,Maybank Singapore
Q3-19,2019-02-27,6.65,02-28-2019,Maybank Singapore
Q4-19,2017-04-04,6.8,02-28-2019,Maybank Singapore
Q4-19,2017-07-17,6.7,02-28-2019,Maybank Singapore
Q4-19,2017-07-31,6.75,02-28-2019,Maybank Singapore
Q4-19,2017-09-07,6.45,02-28-2019,Maybank Singapore
Q4-19,2017-10-12,6.45,02-28-2019,Maybank Singapore
Q4-19,2017-12-12,6.45,02-28-2019,Maybank Singapore
Q4-19,2018-02-28,5.6,02-28-2019,Maybank Singapore
Q4-19,2018-04-12,5.6,02-28-2019,Maybank Singapore
Q4-19,2018-04-25,5.6,02-28-2019,Maybank Singapore
Q4-19,2018-05-07,5.6,02-28-2019,Maybank Singapore
Q4-19,2018-05-30,6.15,02-28-2019,Maybank Singapore
Q4-19,2018-08-02,6.52,02-28-2019,Maybank Singapore
Q4-19,2018-09-06,6.52,02-28-2019,Maybank Singapore
Q4-19,2018-11-20,7.0,02-28-2019,Maybank Singapore
Q4-19,2018-11-29,7.0,02-28-2019,Maybank Singapore
Q4-19,2018-12-24,7.0,02-28-2019,Maybank Singapore
Q4-19,2019-02-27,6.7,02-28-2019,Maybank Singapore
2020,2017-04-04,6.7,02-28-2019,Maybank Singapore
2020,2017-07-17,6.65,02-28-2019,Maybank Singapore
2020,2017-07-31,6.65,02-28-2019,Maybank Singapore
2020,2017-09-07,6.35,02-28-2019,Maybank Singapore
2020,2017-10-12,6.35,02-28-2019,Maybank Singapore
2020,2017-12-12,6.35,02-28-2019,Maybank Singapore
2020,2018-02-28,5.3,02-28-2019,Maybank Singapore
2020,2018-04-12,5.3,02-28-2019,Maybank Singapore
2020,2018-04-25,5.3,02-28-2019,Maybank Singapore
2020,2018-05-07,5.3,02-28-2019,Maybank Singapore
2020,2018-05-30,6.1,02-28-2019,Maybank Singapore
2020,2018-08-02,6.4,02-28-2019,Maybank Singapore
2020,2018-09-06,6.4,02-28-2019,Maybank Singapore
2020,2018-11-20,7.02,02-28-2019,Maybank Singapore
2020,2018-11-29,7.02,02-28-2019,Maybank Singapore
2020,2018-12-24,6.9,02-28-2019,Maybank Singapore
2020,2019-02-27,6.88,02-28-2019,Maybank Singapore
2021,2017-04-04,6.7,02-28-2019,Maybank Singapore
2021,2017-07-17,6.6,02-28-2019,Maybank Singapore
2021,2017-07-31,6.6,02-28-2019,Maybank Singapore
2021,2017-09-07,6.3,02-28-2019,Maybank Singapore
2021,2017-10-12,6.3,02-28-2019,Maybank Singapore
2021,2017-12-12,6.3,02-28-2019,Maybank Singapore
2021,2018-08-02,6.35,02-28-2019,Maybank Singapore
2021,2018-11-20,6.98,02-28-2019,Maybank Singapore
2021,2018-11-29,6.98,02-28-2019,Maybank Singapore
2021,2018-12-24,6.8,02-28-2019,Maybank Singapore
2021,2019-02-27,6.7,02-28-2019,Maybank Singapore
2022,2017-07-17,6.6,02-28-2019,Maybank Singapore
2022,2017-07-31,6.7,02-28-2019,Maybank Singapore
2022,2017-09-07,6.3,02-28-2019,Maybank Singapore
2022,2017-10-12,6.3,02-28-2019,Maybank Singapore
2022,2017-12-12,6.25,02-28-2019,Maybank Singapore
2022,2018-12-24,6.7,02-28-2019,Maybank Singapore
2022,2019-02-27,6.5,02-28-2019,Maybank Singapore
2023,2017-12-12,6.2,02-28-2019,Maybank Singapore
Q1-18,2017-04-04,7.05,02-28-2018,Maybank Singapore
Q1-18,2017-05-16,7.04,02-28-2018,Maybank Singapore
Q1-18,2017-05-31,6.85,02-28-2018,Maybank Singapore
Q1-18,2017-06-12,6.85,02-28-2018,Maybank Singapore
Q1-18,2017-07-17,6.85,02-28-2018,Maybank Singapore
Q1-18,2017-07-31,6.81,02-28-2018,Maybank Singapore
Q1-18,2017-09-07,6.63,02-28-2018,Maybank Singapore
Q1-18,2017-10-12,6.6,02-28-2018,Maybank Singapore
Q1-18,2017-12-12,6.65,02-28-2018,Maybank Singapore
Q1-18,2018-02-28,6.25,02-28-2018,Maybank Singapore
Q2-18,2017-07-17,6.9,02-28-2018,Maybank Singapore
Q2-18,2017-07-31,6.83,02-28-2018,Maybank Singapore
Q2-18,2017-09-07,6.58,02-28-2018,Maybank Singapore
Q2-18,2017-10-12,6.65,02-28-2018,Maybank Singapore
Q2-18,2017-12-12,6.6,02-28-2018,Maybank Singapore
Q2-18,2018-02-28,6.2,02-28-2018,Maybank Singapore
Q3-18,2017-09-07,6.55,02-28-2018,Maybank Singapore
Q3-18,2017-10-12,6.6,02-28-2018,Maybank Singapore
Q3-18,2017-12-12,6.6,02-28-2018,Maybank Singapore
Q3-18,2018-02-28,6.2,02-28-2018,Maybank Singapore
Q4-18,2016-03-02,6.8,02-28-2018,Maybank Singapore
Q4-18,2016-04-04,6.4,02-28-2018,Maybank Singapore
Q4-18,2016-05-06,6.4,02-28-2018,Maybank Singapore
Q4-18,2016-06-02,6.4,02-28-2018,Maybank Singapore
Q4-18,2016-07-01,6.5,02-28-2018,Maybank Singapore
Q4-18,2016-09-05,6.5,02-28-2018,Maybank Singapore
Q4-18,2016-10-06,6.5,02-28-2018,Maybank Singapore
Q4-18,2016-11-01,6.8,02-28-2018,Maybank Singapore
Q4-18,2016-12-07,7.0,02-28-2018,Maybank Singapore
Q4-18,2017-02-06,6.85,02-28-2018,Maybank Singapore
Q4-18,2017-04-04,6.9,02-28-2018,Maybank Singapore
Q4-18,2017-05-16,6.9,02-28-2018,Maybank Singapore
Q4-18,2017-05-31,6.75,02-28-2018,Maybank Singapore
Q4-18,2017-06-12,6.75,02-28-2018,Maybank Singapore
Q4-18,2017-07-17,6.8,02-28-2018,Maybank Singapore
Q4-18,2017-07-31,6.8,02-28-2018,Maybank Singapore
Q4-18,2017-09-07,6.5,02-28-2018,Maybank Singapore
Q4-18,2017-10-12,6.55,02-28-2018,Maybank Singapore
Q4-18,2017-12-12,6.55,02-28-2018,Maybank Singapore
Q4-18,2018-02-28,6.1,02-28-2018,Maybank Singapore
2019,2016-03-02,6.7,02-28-2018,Maybank Singapore
2019,2016-04-04,6.4,02-28-2018,Maybank Singapore
2019,2016-05-06,6.4,02-28-2018,Maybank Singapore
2019,2016-06-02,6.4,02-28-2018,Maybank Singapore
2019,2016-07-01,6.4,02-28-2018,Maybank Singapore
2019,2016-09-05,6.4,02-28-2018,Maybank Singapore
2019,2016-10-06,6.4,02-28-2018,Maybank Singapore
2019,2016-11-01,6.75,02-28-2018,Maybank Singapore
2019,2016-12-07,7.0,02-28-2018,Maybank Singapore
2019,2017-02-06,6.8,02-28-2018,Maybank Singapore
2019,2017-04-04,6.8,02-28-2018,Maybank Singapore
2019,2017-07-17,6.7,02-28-2018,Maybank Singapore
2019,2017-07-31,6.75,02-28-2018,Maybank Singapore
2019,2017-09-07,6.45,02-28-2018,Maybank Singapore
2019,2017-10-12,6.45,02-28-2018,Maybank Singapore
2019,2017-12-12,6.45,02-28-2018,Maybank Singapore
2019,2018-02-28,5.6,02-28-2018,Maybank Singapore
2020,2016-03-02,6.55,02-28-2018,Maybank Singapore
2020,2016-04-04,6.4,02-28-2018,Maybank Singapore
2020,2016-05-06,6.4,02-28-2018,Maybank Singapore
2020,2016-06-02,6.4,02-28-2018,Maybank Singapore
2020,2016-07-01,6.4,02-28-2018,Maybank Singapore
2020,2016-09-05,6.4,02-28-2018,Maybank Singapore
2020,2016-10-06,6.4,02-28-2018,Maybank Singapore
2020,2016-11-01,6.75,02-28-2018,Maybank Singapore
2020,2016-12-07,7.0,02-28-2018,Maybank Singapore
2020,2017-02-06,6.8,02-28-2018,Maybank Singapore
2020,2017-04-04,6.7,02-28-2018,Maybank Singapore
2020,2017-07-17,6.65,02-28-2018,Maybank Singapore
2020,2017-07-31,6.65,02-28-2018,Maybank Singapore
2020,2017-09-07,6.35,02-28-2018,Maybank Singapore
2020,2017-10-12,6.35,02-28-2018,Maybank Singapore
2020,2017-12-12,6.35,02-28-2018,Maybank Singapore
2020,2018-02-28,5.3,02-28-2018,Maybank Singapore
2021,2016-03-02,6.5,02-28-2018,Maybank Singapore
2021,2016-04-04,6.4,02-28-2018,Maybank Singapore
2021,2016-05-06,6.4,02-28-2018,Maybank Singapore
2021,2016-06-02,6.4,02-28-2018,Maybank Singapore
2021,2016-07-01,6.4,02-28-2018,Maybank Singapore
2021,2016-09-05,6.4,02-28-2018,Maybank Singapore
2021,2016-10-06,6.4,02-28-2018,Maybank Singapore
2021,2016-11-01,6.75,02-28-2018,Maybank Singapore
2021,2016-12-07,7.0,02-28-2018,Maybank Singapore
2021,2017-02-06,6.8,02-28-2018,Maybank Singapore
2021,2017-04-04,6.7,02-28-2018,Maybank Singapore
2021,2017-07-17,6.6,02-28-2018,Maybank Singapore
2021,2017-07-31,6.6,02-28-2018,Maybank Singapore
2021,2017-09-07,6.3,02-28-2018,Maybank Singapore
2021,2017-10-12,6.3,02-28-2018,Maybank Singapore
2021,2017-12-12,6.3,02-28-2018,Maybank Singapore
2022,2016-12-07,7.0,02-28-2018,Maybank Singapore
2022,2017-02-06,6.8,02-28-2018,Maybank Singapore
2022,2017-07-17,6.6,02-28-2018,Maybank Singapore
2022,2017-07-31,6.7,02-28-2018,Maybank Singapore
2022,2017-09-07,6.3,02-28-2018,Maybank Singapore
2022,2017-10-12,6.3,02-28-2018,Maybank Singapore
2022,2017-12-12,6.25,02-28-2018,Maybank Singapore
Q2-14,2013-06-21,6.08,05-31-2014,Maybank Singapore
Q2-14,2013-07-31,6.08,05-31-2014,Maybank Singapore
Q2-14,2013-09-10,6.08,05-31-2014,Maybank Singapore
Q2-14,2013-10-14,6.08,05-31-2014,Maybank Singapore
Q2-14,2013-12-05,6.08,05-31-2014,Maybank Singapore
Q2-14,2014-01-16,6.0,05-31-2014,Maybank Singapore
Q2-14,2014-03-05,6.0,05-31-2014,Maybank Singapore
Q2-14,2014-04-30,6.25,05-31-2014,Maybank Singapore
Q3-14,2013-09-10,6.05,05-31-2014,Maybank Singapore
Q3-14,2013-10-14,6.05,05-31-2014,Maybank Singapore
Q3-14,2013-12-05,6.06,05-31-2014,Maybank Singapore
Q3-14,2014-01-16,5.95,05-31-2014,Maybank Singapore
Q3-14,2014-03-05,5.95,05-31-2014,Maybank Singapore
Q3-14,2014-04-30,6.15,05-31-2014,Maybank Singapore
Q4-14,2012-05-31,5.65,05-31-2014,Maybank Singapore
Q4-14,2012-08-03,5.65,05-31-2014,Maybank Singapore
Q4-14,2012-08-31,5.65,05-31-2014,Maybank Singapore
Q4-14,2012-10-08,6.29,05-31-2014,Maybank Singapore
Q4-14,2012-11-09,6.29,05-31-2014,Maybank Singapore
Q4-14,2012-12-14,6.14,05-31-2014,Maybank Singapore
Q4-14,2013-01-14,6.14,05-31-2014,Maybank Singapore
Q4-14,2013-02-20,6.14,05-31-2014,Maybank Singapore
Q4-14,2013-04-30,6.05,05-31-2014,Maybank Singapore
Q4-14,2013-06-21,6.0,05-31-2014,Maybank Singapore
Q4-14,2013-07-31,6.0,05-31-2014,Maybank Singapore
Q4-14,2013-09-10,6.0,05-31-2014,Maybank Singapore
Q4-14,2013-10-14,6.0,05-31-2014,Maybank Singapore
Q4-14,2013-12-05,6.02,05-31-2014,Maybank Singapore
Q4-14,2014-01-16,5.85,05-31-2014,Maybank Singapore
Q4-14,2014-03-05,5.85,05-31-2014,Maybank Singapore
Q4-14,2014-04-30,6.15,05-31-2014,Maybank Singapore
Q1-15,2014-03-05,5.9,05-31-2014,Maybank Singapore
Q1-15,2014-04-30,6.15,05-31-2014,Maybank Singapore
2015,2012-05-31,5.65,05-31-2014,Maybank Singapore
2015,2012-08-03,5.65,05-31-2014,Maybank Singapore
2015,2012-08-31,5.65,05-31-2014,Maybank Singapore
2015,2012-10-08,6.2,05-31-2014,Maybank Singapore
2015,2012-11-09,6.2,05-31-2014,Maybank Singapore
2015,2012-12-14,6.1,05-31-2014,Maybank Singapore
2015,2013-01-14,6.1,05-31-2014,Maybank Singapore
2015,2013-02-20,6.1,05-31-2014,Maybank Singapore
2015,2013-04-30,6.0,05-31-2014,Maybank Singapore
2015,2013-06-21,6.0,05-31-2014,Maybank Singapore
2015,2013-07-31,6.0,05-31-2014,Maybank Singapore
2015,2013-09-10,6.0,05-31-2014,Maybank Singapore
2015,2013-10-14,6.0,05-31-2014,Maybank Singapore
2015,2013-12-05,6.0,05-31-2014,Maybank Singapore
2015,2014-01-16,5.9,05-31-2014,Maybank Singapore
2015,2014-03-05,5.9,05-31-2014,Maybank Singapore
2015,2014-04-30,6.08,05-31-2014,Maybank Singapore
2016,2012-05-31,5.43,05-31-2014,Maybank Singapore
2016,2012-08-03,5.43,05-31-2014,Maybank Singapore
2016,2012-08-31,5.43,05-31-2014,Maybank Singapore
2016,2012-10-08,6.1,05-31-2014,Maybank Singapore
2016,2012-11-09,6.1,05-31-2014,Maybank Singapore
2016,2012-12-14,6.05,05-31-2014,Maybank Singapore
2016,2013-01-14,6.05,05-31-2014,Maybank Singapore
2016,2013-02-20,6.05,05-31-2014,Maybank Singapore
2016,2013-04-30,6.0,05-31-2014,Maybank Singapore
2016,2013-06-21,6.0,05-31-2014,Maybank Singapore
2016,2013-07-31,6.0,05-31-2014,Maybank Singapore
2016,2013-09-10,6.0,05-31-2014,Maybank Singapore
2016,2013-10-14,6.0,05-31-2014,Maybank Singapore
2016,2013-12-05,6.0,05-31-2014,Maybank Singapore
2016,2014-01-16,5.85,05-31-2014,Maybank Singapore
2016,2014-03-05,5.85,05-31-2014,Maybank Singapore
2016,2014-04-30,6.08,05-31-2014,Maybank Singapore
2017,2012-10-08,6.1,05-31-2014,Maybank Singapore
2017,2012-11-09,6.1,05-31-2014,Maybank Singapore
2017,2012-12-14,6.05,05-31-2014,Maybank Singapore
2017,2013-01-14,6.05,05-31-2014,Maybank Singapore
2017,2013-02-20,6.05,05-31-2014,Maybank Singapore
2017,2013-04-30,6.0,05-31-2014,Maybank Singapore
2017,2013-06-21,6.0,05-31-2014,Maybank Singapore
2017,2013-07-31,6.0,05-31-2014,Maybank Singapore
2017,2013-09-10,6.0,05-31-2014,Maybank Singapore
2017,2013-10-14,6.0,05-31-2014,Maybank Singapore
2017,2013-12-05,6.0,05-31-2014,Maybank Singapore
2017,2014-01-16,6.0,05-31-2014,Maybank Singapore
2017,2014-03-05,5.85,05-31-2014,Maybank Singapore
2017,2014-04-30,6.08,05-31-2014,Maybank Singapore
2018,2012-12-14,6.05,05-31-2014,Maybank Singapore
2018,2013-01-14,6.05,05-31-2014,Maybank Singapore
2018,2013-02-20,6.05,05-31-2014,Maybank Singapore
2018,2013-04-30,6.0,05-31-2014,Maybank Singapore
2018,2013-06-21,6.0,05-31-2014,Maybank Singapore
2018,2013-07-31,6.0,05-31-2014,Maybank Singapore
2018,2013-09-10,6.0,05-31-2014,Maybank Singapore
2018,2013-10-14,6.0,05-31-2014,Maybank Singapore
2018,2013-12-05,6.0,05-31-2014,Maybank Singapore
2018,2014-01-16,6.0,05-31-2014,Maybank Singapore
2018,2014-03-05,5.85,05-31-2014,Maybank Singapore
2018,2014-04-30,6.08,05-31-2014,Maybank Singapore
Q1-22,2021-04-08,6.35,02-28-2022,Maybank Singapore
Q1-22,2021-04-15,6.35,02-28-2022,Maybank Singapore
Q1-22,2021-06-10,6.25,02-28-2022,Maybank Singapore
Q1-22,2021-08-04,6.25,02-28-2022,Maybank Singapore
Q1-22,2021-11-22,6.43,02-28-2022,Maybank Singapore
Q1-22,2022-02-16,6.38,02-28-2022,Maybank Singapore
Q2-22,2021-06-10,6.25,02-28-2022,Maybank Singapore
Q2-22,2021-08-04,6.25,02-28-2022,Maybank Singapore
Q2-22,2021-11-22,6.43,02-28-2022,Maybank Singapore
Q2-22,2022-02-16,6.36,02-28-2022,Maybank Singapore
Q3-22,2021-11-22,6.4,02-28-2022,Maybank Singapore
Q3-22,2022-02-16,6.35,02-28-2022,Maybank Singapore
Q4-22,2020-05-13,6.95,02-28-2022,Maybank Singapore
Q4-22,2020-07-02,6.95,02-28-2022,Maybank Singapore
Q4-22,2020-09-24,6.7,02-28-2022,Maybank Singapore
Q4-22,2020-11-10,6.5,02-28-2022,Maybank Singapore
Q4-22,2020-12-31,6.1,02-28-2022,Maybank Singapore
Q4-22,2021-04-08,6.25,02-28-2022,Maybank Singapore
Q4-22,2021-04-15,6.25,02-28-2022,Maybank Singapore
Q4-22,2021-06-10,6.25,02-28-2022,Maybank Singapore
Q4-22,2021-08-04,6.25,02-28-2022,Maybank Singapore
Q4-22,2021-11-22,6.4,02-28-2022,Maybank Singapore
Q4-22,2022-02-16,6.35,02-28-2022,Maybank Singapore
2023,2020-05-13,6.9,02-28-2022,Maybank Singapore
2023,2020-07-02,6.95,02-28-2022,Maybank Singapore
2023,2020-09-24,6.7,02-28-2022,Maybank Singapore
2023,2020-11-10,6.5,02-28-2022,Maybank Singapore
2023,2020-12-31,6.0,02-28-2022,Maybank Singapore
2023,2021-04-08,6.15,02-28-2022,Maybank Singapore
2023,2021-04-15,6.15,02-28-2022,Maybank Singapore
2023,2021-06-10,6.15,02-28-2022,Maybank Singapore
2023,2021-08-04,6.15,02-28-2022,Maybank Singapore
2023,2021-11-22,6.35,02-28-2022,Maybank Singapore
2023,2022-02-16,6.28,02-28-2022,Maybank Singapore
2024,2020-05-13,6.9,02-28-2022,Maybank Singapore
2024,2020-07-02,6.95,02-28-2022,Maybank Singapore
2024,2020-09-24,6.7,02-28-2022,Maybank Singapore
2024,2020-11-10,6.5,02-28-2022,Maybank Singapore
2024,2020-12-31,6.0,02-28-2022,Maybank Singapore
2024,2021-04-08,6.05,02-28-2022,Maybank Singapore
2024,2021-04-15,6.05,02-28-2022,Maybank Singapore
2024,2021-06-10,6.05,02-28-2022,Maybank Singapore
2024,2021-08-04,6.05,02-28-2022,Maybank Singapore
2024,2021-11-22,6.35,02-28-2022,Maybank Singapore
2024,2022-02-16,6.25,02-28-2022,Maybank Singapore
2025,2020-11-10,6.5,02-28-2022,Maybank Singapore
2025,2020-12-31,6.0,02-28-2022,Maybank Singapore
2025,2021-04-08,6.0,02-28-2022,Maybank Singapore
2025,2021-04-15,6.0,02-28-2022,Maybank Singapore
2025,2021-06-10,6.0,02-28-2022,Maybank Singapore
2025,2021-08-04,6.0,02-28-2022,Maybank Singapore
2025,2022-02-16,6.25,02-28-2022,Maybank Singapore
Q4-13,2012-04-19,6.12,11-30-2013,Maybank Singapore
Q4-13,2012-05-24,6.26,11-30-2013,Maybank Singapore
Q4-13,2012-05-31,6.26,11-30-2013,Maybank Singapore
Q4-13,2012-08-03,6.25,11-30-2013,Maybank Singapore
Q4-13,2012-08-31,6.35,11-30-2013,Maybank Singapore
Q4-13,2012-10-08,6.26,11-30-2013,Maybank Singapore
Q4-13,2012-11-09,6.21,11-30-2013,Maybank Singapore
Q4-13,2012-12-14,6.14,11-30-2013,Maybank Singapore
Q4-13,2013-01-14,6.11,11-30-2013,Maybank Singapore
Q4-13,2013-02-20,6.15,11-30-2013,Maybank Singapore
Q4-13,2013-04-30,6.1,11-30-2013,Maybank Singapore
Q4-13,2013-06-21,6.1,11-30-2013,Maybank Singapore
Q4-13,2013-07-31,6.1,11-30-2013,Maybank Singapore
Q4-13,2013-09-10,6.1,11-30-2013,Maybank Singapore
Q4-13,2013-10-14,6.1,11-30-2013,Maybank Singapore
Q1-14,2013-04-30,6.1,11-30-2013,Maybank Singapore
Q1-14,2013-06-21,6.1,11-30-2013,Maybank Singapore
Q1-14,2013-07-31,6.1,11-30-2013,Maybank Singapore
Q1-14,2013-09-10,6.1,11-30-2013,Maybank Singapore
Q1-14,2013-10-14,6.1,11-30-2013,Maybank Singapore
Q2-14,2013-06-21,6.08,11-30-2013,Maybank Singapore
Q2-14,2013-07-31,6.08,11-30-2013,Maybank Singapore
Q2-14,2013-09-10,6.08,11-30-2013,Maybank Singapore
Q2-14,2013-10-14,6.08,11-30-2013,Maybank Singapore
Q3-14,2013-09-10,6.05,11-30-2013,Maybank Singapore
Q3-14,2013-10-14,6.05,11-30-2013,Maybank Singapore
2014,2012-04-19,5.65,11-30-2013,Maybank Singapore
2014,2012-05-24,5.65,11-30-2013,Maybank Singapore
2014,2012-05-31,5.65,11-30-2013,Maybank Singapore
2014,2012-08-03,5.65,11-30-2013,Maybank Singapore
2014,2012-08-31,5.65,11-30-2013,Maybank Singapore
2014,2012-10-08,6.29,11-30-2013,Maybank Singapore
2014,2012-11-09,6.29,11-30-2013,Maybank Singapore
2014,2012-12-14,6.14,11-30-2013,Maybank Singapore
2014,2013-01-14,6.14,11-30-2013,Maybank Singapore
2014,2013-02-20,6.14,11-30-2013,Maybank Singapore
2014,2013-04-30,6.05,11-30-2013,Maybank Singapore
2014,2013-06-21,6.0,11-30-2013,Maybank Singapore
2014,2013-07-31,6.0,11-30-2013,Maybank Singapore
2014,2013-09-10,6.0,11-30-2013,Maybank Singapore
2014,2013-10-14,6.0,11-30-2013,Maybank Singapore
2015,2012-04-19,5.65,11-30-2013,Maybank Singapore
2015,2012-05-24,5.65,11-30-2013,Maybank Singapore
2015,2012-05-31,5.65,11-30-2013,Maybank Singapore
2015,2012-08-03,5.65,11-30-2013,Maybank Singapore
2015,2012-08-31,5.65,11-30-2013,Maybank Singapore
2015,2012-10-08,6.2,11-30-2013,Maybank Singapore
2015,2012-11-09,6.2,11-30-2013,Maybank Singapore
2015,2012-12-14,6.1,11-30-2013,Maybank Singapore
2015,2013-01-14,6.1,11-30-2013,Maybank Singapore
2015,2013-02-20,6.1,11-30-2013,Maybank Singapore
2015,2013-04-30,6.0,11-30-2013,Maybank Singapore
2015,2013-06-21,6.0,11-30-2013,Maybank Singapore
2015,2013-07-31,6.0,11-30-2013,Maybank Singapore
2015,2013-09-10,6.0,11-30-2013,Maybank Singapore
2015,2013-10-14,6.0,11-30-2013,Maybank Singapore
2016,2012-05-24,5.43,11-30-2013,Maybank Singapore
2016,2012-05-31,5.43,11-30-2013,Maybank Singapore
2016,2012-08-03,5.43,11-30-2013,Maybank Singapore
2016,2012-08-31,5.43,11-30-2013,Maybank Singapore
2016,2012-10-08,6.1,11-30-2013,Maybank Singapore
2016,2012-11-09,6.1,11-30-2013,Maybank Singapore
2016,2012-12-14,6.05,11-30-2013,Maybank Singapore
2016,2013-01-14,6.05,11-30-2013,Maybank Singapore
2016,2013-02-20,6.05,11-30-2013,Maybank Singapore
2016,2013-04-30,6.0,11-30-2013,Maybank Singapore
2016,2013-06-21,6.0,11-30-2013,Maybank Singapore
2016,2013-07-31,6.0,11-30-2013,Maybank Singapore
2016,2013-09-10,6.0,11-30-2013,Maybank Singapore
2016,2013-10-14,6.0,11-30-2013,Maybank Singapore
2017,2012-10-08,6.1,11-30-2013,Maybank Singapore
2017,2012-11-09,6.1,11-30-2013,Maybank Singapore
2017,2012-12-14,6.05,11-30-2013,Maybank Singapore
2017,2013-01-14,6.05,11-30-2013,Maybank Singapore
2017,2013-02-20,6.05,11-30-2013,Maybank Singapore
2017,2013-04-30,6.0,11-30-2013,Maybank Singapore
2017,2013-06-21,6.0,11-30-2013,Maybank Singapore
2017,2013-07-31,6.0,11-30-2013,Maybank Singapore
2017,2013-09-10,6.0,11-30-2013,Maybank Singapore
2017,2013-10-14,6.0,11-30-2013,Maybank Singapore
Q1-14,2013-04-30,6.1,02-28-2014,Maybank Singapore
Q1-14,2013-06-21,6.1,02-28-2014,Maybank Singapore
Q1-14,2013-07-31,6.1,02-28-2014,Maybank Singapore
Q1-14,2013-09-10,6.1,02-28-2014,Maybank Singapore
Q1-14,2013-10-14,6.1,02-28-2014,Maybank Singapore
Q1-14,2013-12-05,6.1,02-28-2014,Maybank Singapore
Q1-14,2014-01-16,6.05,02-28-2014,Maybank Singapore
Q2-14,2013-06-21,6.08,02-28-2014,Maybank Singapore
Q2-14,2013-07-31,6.08,02-28-2014,Maybank Singapore
Q2-14,2013-09-10,6.08,02-28-2014,Maybank Singapore
Q2-14,2013-10-14,6.08,02-28-2014,Maybank Singapore
Q2-14,2013-12-05,6.08,02-28-2014,Maybank Singapore
Q2-14,2014-01-16,6.0,02-28-2014,Maybank Singapore
Q3-14,2013-09-10,6.05,02-28-2014,Maybank Singapore
Q3-14,2013-10-14,6.05,02-28-2014,Maybank Singapore
Q3-14,2013-12-05,6.06,02-28-2014,Maybank Singapore
Q3-14,2014-01-16,5.95,02-28-2014,Maybank Singapore
Q4-14,2012-04-19,5.65,02-28-2014,Maybank Singapore
Q4-14,2012-05-24,5.65,02-28-2014,Maybank Singapore
Q4-14,2012-05-31,5.65,02-28-2014,Maybank Singapore
Q4-14,2012-08-03,5.65,02-28-2014,Maybank Singapore
Q4-14,2012-08-31,5.65,02-28-2014,Maybank Singapore
Q4-14,2012-10-08,6.29,02-28-2014,Maybank Singapore
Q4-14,2012-11-09,6.29,02-28-2014,Maybank Singapore
Q4-14,2012-12-14,6.14,02-28-2014,Maybank Singapore
Q4-14,2013-01-14,6.14,02-28-2014,Maybank Singapore
Q4-14,2013-02-20,6.14,02-28-2014,Maybank Singapore
Q4-14,2013-04-30,6.05,02-28-2014,Maybank Singapore
Q4-14,2013-06-21,6.0,02-28-2014,Maybank Singapore
Q4-14,2013-07-31,6.0,02-28-2014,Maybank Singapore
Q4-14,2013-09-10,6.0,02-28-2014,Maybank Singapore
Q4-14,2013-10-14,6.0,02-28-2014,Maybank Singapore
Q4-14,2013-12-05,6.02,02-28-2014,Maybank Singapore
Q4-14,2014-01-16,5.85,02-28-2014,Maybank Singapore
2015,2012-04-19,5.65,02-28-2014,Maybank Singapore
2015,2012-05-24,5.65,02-28-2014,Maybank Singapore
2015,2012-05-31,5.65,02-28-2014,Maybank Singapore
2015,2012-08-03,5.65,02-28-2014,Maybank Singapore
2015,2012-08-31,5.65,02-28-2014,Maybank Singapore
2015,2012-10-08,6.2,02-28-2014,Maybank Singapore
2015,2012-11-09,6.2,02-28-2014,Maybank Singapore
2015,2012-12-14,6.1,02-28-2014,Maybank Singapore
2015,2013-01-14,6.1,02-28-2014,Maybank Singapore
2015,2013-02-20,6.1,02-28-2014,Maybank Singapore
2015,2013-04-30,6.0,02-28-2014,Maybank Singapore
2015,2013-06-21,6.0,02-28-2014,Maybank Singapore
2015,2013-07-31,6.0,02-28-2014,Maybank Singapore
2015,2013-09-10,6.0,02-28-2014,Maybank Singapore
2015,2013-10-14,6.0,02-28-2014,Maybank Singapore
2015,2013-12-05,6.0,02-28-2014,Maybank Singapore
2015,2014-01-16,5.9,02-28-2014,Maybank Singapore
2016,2012-05-24,5.43,02-28-2014,Maybank Singapore
2016,2012-05-31,5.43,02-28-2014,Maybank Singapore
2016,2012-08-03,5.43,02-28-2014,Maybank Singapore
2016,2012-08-31,5.43,02-28-2014,Maybank Singapore
2016,2012-10-08,6.1,02-28-2014,Maybank Singapore
2016,2012-11-09,6.1,02-28-2014,Maybank Singapore
2016,2012-12-14,6.05,02-28-2014,Maybank Singapore
2016,2013-01-14,6.05,02-28-2014,Maybank Singapore
2016,2013-02-20,6.05,02-28-2014,Maybank Singapore
2016,2013-04-30,6.0,02-28-2014,Maybank Singapore
2016,2013-06-21,6.0,02-28-2014,Maybank Singapore
2016,2013-07-31,6.0,02-28-2014,Maybank Singapore
2016,2013-09-10,6.0,02-28-2014,Maybank Singapore
2016,2013-10-14,6.0,02-28-2014,Maybank Singapore
2016,2013-12-05,6.0,02-28-2014,Maybank Singapore
2016,2014-01-16,5.85,02-28-2014,Maybank Singapore
2017,2012-10-08,6.1,02-28-2014,Maybank Singapore
2017,2012-11-09,6.1,02-28-2014,Maybank Singapore
2017,2012-12-14,6.05,02-28-2014,Maybank Singapore
2017,2013-01-14,6.05,02-28-2014,Maybank Singapore
2017,2013-02-20,6.05,02-28-2014,Maybank Singapore
2017,2013-04-30,6.0,02-28-2014,Maybank Singapore
2017,2013-06-21,6.0,02-28-2014,Maybank Singapore
2017,2013-07-31,6.0,02-28-2014,Maybank Singapore
2017,2013-09-10,6.0,02-28-2014,Maybank Singapore
2017,2013-10-14,6.0,02-28-2014,Maybank Singapore
2017,2013-12-05,6.0,02-28-2014,Maybank Singapore
2017,2014-01-16,6.0,02-28-2014,Maybank Singapore
2018,2012-12-14,6.05,02-28-2014,Maybank Singapore
2018,2013-01-14,6.05,02-28-2014,Maybank Singapore
2018,2013-02-20,6.05,02-28-2014,Maybank Singapore
2018,2013-04-30,6.0,02-28-2014,Maybank Singapore
2018,2013-06-21,6.0,02-28-2014,Maybank Singapore
2018,2013-07-31,6.0,02-28-2014,Maybank Singapore
2018,2013-09-10,6.0,02-28-2014,Maybank Singapore
2018,2013-10-14,6.0,02-28-2014,Maybank Singapore
2018,2013-12-05,6.0,02-28-2014,Maybank Singapore
2018,2014-01-16,6.0,02-28-2014,Maybank Singapore
Q3-13,2012-11-09,6.23,08-31-2013,Maybank Singapore
Q3-13,2012-12-14,6.16,08-31-2013,Maybank Singapore
Q3-13,2013-01-14,6.13,08-31-2013,Maybank Singapore
Q3-13,2013-02-20,6.19,08-31-2013,Maybank Singapore
Q3-13,2013-04-30,6.13,08-31-2013,Maybank Singapore
Q3-13,2013-06-21,6.13,08-31-2013,Maybank Singapore
Q3-13,2013-07-31,6.13,08-31-2013,Maybank Singapore
Q4-13,2012-04-19,6.12,08-31-2013,Maybank Singapore
Q4-13,2012-05-24,6.26,08-31-2013,Maybank Singapore
Q4-13,2012-05-31,6.26,08-31-2013,Maybank Singapore
Q4-13,2012-08-03,6.25,08-31-2013,Maybank Singapore
Q4-13,2012-08-31,6.35,08-31-2013,Maybank Singapore
Q4-13,2012-10-08,6.26,08-31-2013,Maybank Singapore
Q4-13,2012-11-09,6.21,08-31-2013,Maybank Singapore
Q4-13,2012-12-14,6.14,08-31-2013,Maybank Singapore
Q4-13,2013-01-14,6.11,08-31-2013,Maybank Singapore
Q4-13,2013-02-20,6.15,08-31-2013,Maybank Singapore
Q4-13,2013-04-30,6.1,08-31-2013,Maybank Singapore
Q4-13,2013-06-21,6.1,08-31-2013,Maybank Singapore
Q4-13,2013-07-31,6.1,08-31-2013,Maybank Singapore
Q1-14,2013-04-30,6.1,08-31-2013,Maybank Singapore
Q1-14,2013-06-21,6.1,08-31-2013,Maybank Singapore
Q1-14,2013-07-31,6.1,08-31-2013,Maybank Singapore
Q2-14,2013-06-21,6.08,08-31-2013,Maybank Singapore
Q2-14,2013-07-31,6.08,08-31-2013,Maybank Singapore
2014,2012-04-19,5.65,08-31-2013,Maybank Singapore
2014,2012-05-24,5.65,08-31-2013,Maybank Singapore
2014,2012-05-31,5.65,08-31-2013,Maybank Singapore
2014,2012-08-03,5.65,08-31-2013,Maybank Singapore
2014,2012-08-31,5.65,08-31-2013,Maybank Singapore
2014,2012-10-08,6.29,08-31-2013,Maybank Singapore
2014,2012-11-09,6.29,08-31-2013,Maybank Singapore
2014,2012-12-14,6.14,08-31-2013,Maybank Singapore
2014,2013-01-14,6.14,08-31-2013,Maybank Singapore
2014,2013-02-20,6.14,08-31-2013,Maybank Singapore
2014,2013-04-30,6.05,08-31-2013,Maybank Singapore
2014,2013-06-21,6.0,08-31-2013,Maybank Singapore
2014,2013-07-31,6.0,08-31-2013,Maybank Singapore
2015,2012-04-19,5.65,08-31-2013,Maybank Singapore
2015,2012-05-24,5.65,08-31-2013,Maybank Singapore
2015,2012-05-31,5.65,08-31-2013,Maybank Singapore
2015,2012-08-03,5.65,08-31-2013,Maybank Singapore
2015,2012-08-31,5.65,08-31-2013,Maybank Singapore
2015,2012-10-08,6.2,08-31-2013,Maybank Singapore
2015,2012-11-09,6.2,08-31-2013,Maybank Singapore
2015,2012-12-14,6.1,08-31-2013,Maybank Singapore
2015,2013-01-14,6.1,08-31-2013,Maybank Singapore
2015,2013-02-20,6.1,08-31-2013,Maybank Singapore
2015,2013-04-30,6.0,08-31-2013,Maybank Singapore
2015,2013-06-21,6.0,08-31-2013,Maybank Singapore
2015,2013-07-31,6.0,08-31-2013,Maybank Singapore
2016,2012-05-24,5.43,08-31-2013,Maybank Singapore
2016,2012-05-31,5.43,08-31-2013,Maybank Singapore
2016,2012-08-03,5.43,08-31-2013,Maybank Singapore
2016,2012-08-31,5.43,08-31-2013,Maybank Singapore
2016,2012-10-08,6.1,08-31-2013,Maybank Singapore
2016,2012-11-09,6.1,08-31-2013,Maybank Singapore
2016,2012-12-14,6.05,08-31-2013,Maybank Singapore
2016,2013-01-14,6.05,08-31-2013,Maybank Singapore
2016,2013-02-20,6.05,08-31-2013,Maybank Singapore
2016,2013-04-30,6.0,08-31-2013,Maybank Singapore
2016,2013-06-21,6.0,08-31-2013,Maybank Singapore
2016,2013-07-31,6.0,08-31-2013,Maybank Singapore
2017,2012-10-08,6.1,08-31-2013,Maybank Singapore
2017,2012-11-09,6.1,08-31-2013,Maybank Singapore
2017,2012-12-14,6.05,08-31-2013,Maybank Singapore
2017,2013-01-14,6.05,08-31-2013,Maybank Singapore
2017,2013-02-20,6.05,08-31-2013,Maybank Singapore
2017,2013-04-30,6.0,08-31-2013,Maybank Singapore
2017,2013-06-21,6.0,08-31-2013,Maybank Singapore
2017,2013-07-31,6.0,08-31-2013,Maybank Singapore
Q2-18,2017-07-17,6.9,05-31-2018,Maybank Singapore
Q2-18,2017-07-31,6.83,05-31-2018,Maybank Singapore
Q2-18,2017-09-07,6.58,05-31-2018,Maybank Singapore
Q2-18,2017-10-12,6.65,05-31-2018,Maybank Singapore
Q2-18,2017-12-12,6.6,05-31-2018,Maybank Singapore
Q2-18,2018-02-28,6.2,05-31-2018,Maybank Singapore
Q2-18,2018-04-12,6.2,05-31-2018,Maybank Singapore
Q2-18,2018-04-25,6.2,05-31-2018,Maybank Singapore
Q2-18,2018-05-07,6.2,05-31-2018,Maybank Singapore
Q2-18,2018-05-30,6.41,05-31-2018,Maybank Singapore
Q3-18,2017-09-07,6.55,05-31-2018,Maybank Singapore
Q3-18,2017-10-12,6.6,05-31-2018,Maybank Singapore
Q3-18,2017-12-12,6.6,05-31-2018,Maybank Singapore
Q3-18,2018-02-28,6.2,05-31-2018,Maybank Singapore
Q3-18,2018-04-12,6.2,05-31-2018,Maybank Singapore
Q3-18,2018-04-25,6.2,05-31-2018,Maybank Singapore
Q3-18,2018-05-07,6.2,05-31-2018,Maybank Singapore
Q3-18,2018-05-30,6.35,05-31-2018,Maybank Singapore
Q4-18,2016-06-02,6.4,05-31-2018,Maybank Singapore
Q4-18,2016-07-01,6.5,05-31-2018,Maybank Singapore
Q4-18,2016-09-05,6.5,05-31-2018,Maybank Singapore
Q4-18,2016-10-06,6.5,05-31-2018,Maybank Singapore
Q4-18,2016-11-01,6.8,05-31-2018,Maybank Singapore
Q4-18,2016-12-07,7.0,05-31-2018,Maybank Singapore
Q4-18,2017-02-06,6.85,05-31-2018,Maybank Singapore
Q4-18,2017-04-04,6.9,05-31-2018,Maybank Singapore
Q4-18,2017-05-16,6.9,05-31-2018,Maybank Singapore
Q4-18,2017-05-31,6.75,05-31-2018,Maybank Singapore
Q4-18,2017-06-12,6.75,05-31-2018,Maybank Singapore
Q4-18,2017-07-17,6.8,05-31-2018,Maybank Singapore
Q4-18,2017-07-31,6.8,05-31-2018,Maybank Singapore
Q4-18,2017-09-07,6.5,05-31-2018,Maybank Singapore
Q4-18,2017-10-12,6.55,05-31-2018,Maybank Singapore
Q4-18,2017-12-12,6.55,05-31-2018,Maybank Singapore
Q4-18,2018-02-28,6.1,05-31-2018,Maybank Singapore
Q4-18,2018-04-12,6.1,05-31-2018,Maybank Singapore
Q4-18,2018-04-25,6.1,05-31-2018,Maybank Singapore
Q4-18,2018-05-07,6.1,05-31-2018,Maybank Singapore
Q4-18,2018-05-30,6.3,05-31-2018,Maybank Singapore
Q1-19,2018-04-12,5.9,05-31-2018,Maybank Singapore
Q1-19,2018-04-25,5.9,05-31-2018,Maybank Singapore
Q1-19,2018-05-07,5.9,05-31-2018,Maybank Singapore
Q1-19,2018-05-30,6.25,05-31-2018,Maybank Singapore
2019,2016-06-02,6.4,05-31-2018,Maybank Singapore
2019,2016-07-01,6.4,05-31-2018,Maybank Singapore
2019,2016-09-05,6.4,05-31-2018,Maybank Singapore
2019,2016-10-06,6.4,05-31-2018,Maybank Singapore
2019,2016-11-01,6.75,05-31-2018,Maybank Singapore
2019,2016-12-07,7.0,05-31-2018,Maybank Singapore
2019,2017-02-06,6.8,05-31-2018,Maybank Singapore
2019,2017-04-04,6.8,05-31-2018,Maybank Singapore
2019,2017-07-17,6.7,05-31-2018,Maybank Singapore
2019,2017-07-31,6.75,05-31-2018,Maybank Singapore
2019,2017-09-07,6.45,05-31-2018,Maybank Singapore
2019,2017-10-12,6.45,05-31-2018,Maybank Singapore
2019,2017-12-12,6.45,05-31-2018,Maybank Singapore
2019,2018-02-28,5.6,05-31-2018,Maybank Singapore
2019,2018-04-12,5.6,05-31-2018,Maybank Singapore
2019,2018-04-25,5.6,05-31-2018,Maybank Singapore
2019,2018-05-07,5.6,05-31-2018,Maybank Singapore
2019,2018-05-30,6.15,05-31-2018,Maybank Singapore
2020,2016-06-02,6.4,05-31-2018,Maybank Singapore
2020,2016-07-01,6.4,05-31-2018,Maybank Singapore
2020,2016-09-05,6.4,05-31-2018,Maybank Singapore
2020,2016-10-06,6.4,05-31-2018,Maybank Singapore
2020,2016-11-01,6.75,05-31-2018,Maybank Singapore
2020,2016-12-07,7.0,05-31-2018,Maybank Singapore
2020,2017-02-06,6.8,05-31-2018,Maybank Singapore
2020,2017-04-04,6.7,05-31-2018,Maybank Singapore
2020,2017-07-17,6.65,05-31-2018,Maybank Singapore
2020,2017-07-31,6.65,05-31-2018,Maybank Singapore
2020,2017-09-07,6.35,05-31-2018,Maybank Singapore
2020,2017-10-12,6.35,05-31-2018,Maybank Singapore
2020,2017-12-12,6.35,05-31-2018,Maybank Singapore
2020,2018-02-28,5.3,05-31-2018,Maybank Singapore
2020,2018-04-12,5.3,05-31-2018,Maybank Singapore
2020,2018-04-25,5.3,05-31-2018,Maybank Singapore
2020,2018-05-07,5.3,05-31-2018,Maybank Singapore
2020,2018-05-30,6.1,05-31-2018,Maybank Singapore
2021,2016-06-02,6.4,05-31-2018,Maybank Singapore
2021,2016-07-01,6.4,05-31-2018,Maybank Singapore
2021,2016-09-05,6.4,05-31-2018,Maybank Singapore
2021,2016-10-06,6.4,05-31-2018,Maybank Singapore
2021,2016-11-01,6.75,05-31-2018,Maybank Singapore
2021,2016-12-07,7.0,05-31-2018,Maybank Singapore
2021,2017-02-06,6.8,05-31-2018,Maybank Singapore
2021,2017-04-04,6.7,05-31-2018,Maybank Singapore
2021,2017-07-17,6.6,05-31-2018,Maybank Singapore
2021,2017-07-31,6.6,05-31-2018,Maybank Singapore
2021,2017-09-07,6.3,05-31-2018,Maybank Singapore
2021,2017-10-12,6.3,05-31-2018,Maybank Singapore
2021,2017-12-12,6.3,05-31-2018,Maybank Singapore
2022,2016-12-07,7.0,05-31-2018,Maybank Singapore
2022,2017-02-06,6.8,05-31-2018,Maybank Singapore
2022,2017-07-17,6.6,05-31-2018,Maybank Singapore
2022,2017-07-31,6.7,05-31-2018,Maybank Singapore
2022,2017-09-07,6.3,05-31-2018,Maybank Singapore
2022,2017-10-12,6.3,05-31-2018,Maybank Singapore
2022,2017-12-12,6.25,05-31-2018,Maybank Singapore
Q4-14,2012-12-14,6.14,11-30-2014,Maybank Singapore
Q4-14,2013-01-14,6.14,11-30-2014,Maybank Singapore
Q4-14,2013-02-20,6.14,11-30-2014,Maybank Singapore
Q4-14,2013-04-30,6.05,11-30-2014,Maybank Singapore
Q4-14,2013-06-21,6.0,11-30-2014,Maybank Singapore
Q4-14,2013-07-31,6.0,11-30-2014,Maybank Singapore
Q4-14,2013-09-10,6.0,11-30-2014,Maybank Singapore
Q4-14,2013-10-14,6.0,11-30-2014,Maybank Singapore
Q4-14,2013-12-05,6.02,11-30-2014,Maybank Singapore
Q4-14,2014-01-16,5.85,11-30-2014,Maybank Singapore
Q4-14,2014-03-05,5.85,11-30-2014,Maybank Singapore
Q4-14,2014-04-30,6.15,11-30-2014,Maybank Singapore
Q4-14,2014-06-11,6.15,11-30-2014,Maybank Singapore
Q4-14,2014-07-25,6.15,11-30-2014,Maybank Singapore
Q4-14,2014-09-01,6.12,11-30-2014,Maybank Singapore
Q4-14,2014-10-02,6.12,11-30-2014,Maybank Singapore
Q4-14,2014-11-07,6.1,11-30-2014,Maybank Singapore
Q1-15,2014-03-05,5.9,11-30-2014,Maybank Singapore
Q1-15,2014-04-30,6.15,11-30-2014,Maybank Singapore
Q1-15,2014-06-11,6.15,11-30-2014,Maybank Singapore
Q1-15,2014-07-25,6.12,11-30-2014,Maybank Singapore
Q1-15,2014-09-01,6.1,11-30-2014,Maybank Singapore
Q1-15,2014-10-02,6.1,11-30-2014,Maybank Singapore
Q1-15,2014-11-07,6.08,11-30-2014,Maybank Singapore
Q2-15,2014-06-11,6.18,11-30-2014,Maybank Singapore
Q2-15,2014-07-25,6.12,11-30-2014,Maybank Singapore
Q2-15,2014-09-01,6.05,11-30-2014,Maybank Singapore
Q2-15,2014-10-02,6.1,11-30-2014,Maybank Singapore
Q2-15,2014-11-07,6.08,11-30-2014,Maybank Singapore
Q3-15,2014-10-02,6.05,11-30-2014,Maybank Singapore
Q3-15,2014-11-07,6.05,11-30-2014,Maybank Singapore
2015,2012-12-14,6.1,11-30-2014,Maybank Singapore
2015,2013-01-14,6.1,11-30-2014,Maybank Singapore
2015,2013-02-20,6.1,11-30-2014,Maybank Singapore
2015,2013-04-30,6.0,11-30-2014,Maybank Singapore
2015,2013-06-21,6.0,11-30-2014,Maybank Singapore
2015,2013-07-31,6.0,11-30-2014,Maybank Singapore
2015,2013-09-10,6.0,11-30-2014,Maybank Singapore
2015,2013-10-14,6.0,11-30-2014,Maybank Singapore
2015,2013-12-05,6.0,11-30-2014,Maybank Singapore
2015,2014-01-16,5.9,11-30-2014,Maybank Singapore
2015,2014-03-05,5.9,11-30-2014,Maybank Singapore
2015,2014-04-30,6.08,11-30-2014,Maybank Singapore
2015,2014-06-11,6.08,11-30-2014,Maybank Singapore
2015,2014-07-25,6.08,11-30-2014,Maybank Singapore
2015,2014-09-01,6.0,11-30-2014,Maybank Singapore
2015,2014-10-02,6.0,11-30-2014,Maybank Singapore
2015,2014-11-07,6.0,11-30-2014,Maybank Singapore
2016,2012-12-14,6.05,11-30-2014,Maybank Singapore
2016,2013-01-14,6.05,11-30-2014,Maybank Singapore
2016,2013-02-20,6.05,11-30-2014,Maybank Singapore
2016,2013-04-30,6.0,11-30-2014,Maybank Singapore
2016,2013-06-21,6.0,11-30-2014,Maybank Singapore
2016,2013-07-31,6.0,11-30-2014,Maybank Singapore
2016,2013-09-10,6.0,11-30-2014,Maybank Singapore
2016,2013-10-14,6.0,11-30-2014,Maybank Singapore
2016,2013-12-05,6.0,11-30-2014,Maybank Singapore
2016,2014-01-16,5.85,11-30-2014,Maybank Singapore
2016,2014-03-05,5.85,11-30-2014,Maybank Singapore
2016,2014-04-30,6.08,11-30-2014,Maybank Singapore
2016,2014-06-11,6.08,11-30-2014,Maybank Singapore
2016,2014-07-25,6.03,11-30-2014,Maybank Singapore
2016,2014-09-01,6.0,11-30-2014,Maybank Singapore
2016,2014-10-02,6.0,11-30-2014,Maybank Singapore
2016,2014-11-07,6.0,11-30-2014,Maybank Singapore
2017,2012-12-14,6.05,11-30-2014,Maybank Singapore
2017,2013-01-14,6.05,11-30-2014,Maybank Singapore
2017,2013-02-20,6.05,11-30-2014,Maybank Singapore
2017,2013-04-30,6.0,11-30-2014,Maybank Singapore
2017,2013-06-21,6.0,11-30-2014,Maybank Singapore
2017,2013-07-31,6.0,11-30-2014,Maybank Singapore
2017,2013-09-10,6.0,11-30-2014,Maybank Singapore
2017,2013-10-14,6.0,11-30-2014,Maybank Singapore
2017,2013-12-05,6.0,11-30-2014,Maybank Singapore
2017,2014-01-16,6.0,11-30-2014,Maybank Singapore
2017,2014-03-05,5.85,11-30-2014,Maybank Singapore
2017,2014-04-30,6.08,11-30-2014,Maybank Singapore
2017,2014-06-11,6.08,11-30-2014,Maybank Singapore
2017,2014-07-25,6.0,11-30-2014,Maybank Singapore
2017,2014-09-01,5.96,11-30-2014,Maybank Singapore
2017,2014-10-02,5.96,11-30-2014,Maybank Singapore
2017,2014-11-07,5.96,11-30-2014,Maybank Singapore
2018,2012-12-14,6.05,11-30-2014,Maybank Singapore
2018,2013-01-14,6.05,11-30-2014,Maybank Singapore
2018,2013-02-20,6.05,11-30-2014,Maybank Singapore
2018,2013-04-30,6.0,11-30-2014,Maybank Singapore
2018,2013-06-21,6.0,11-30-2014,Maybank Singapore
2018,2013-07-31,6.0,11-30-2014,Maybank Singapore
2018,2013-09-10,6.0,11-30-2014,Maybank Singapore
2018,2013-10-14,6.0,11-30-2014,Maybank Singapore
2018,2013-12-05,6.0,11-30-2014,Maybank Singapore
2018,2014-01-16,6.0,11-30-2014,Maybank Singapore
2018,2014-03-05,5.85,11-30-2014,Maybank Singapore
2018,2014-04-30,6.08,11-30-2014,Maybank Singapore
2018,2014-06-11,6.08,11-30-2014,Maybank Singapore
2018,2014-07-25,5.98,11-30-2014,Maybank Singapore
2018,2014-09-01,5.92,11-30-2014,Maybank Singapore
2018,2014-10-02,5.92,11-30-2014,Maybank Singapore
2018,2014-11-07,5.92,11-30-2014,Maybank Singapore
Q2-13,2012-08-03,6.33,05-31-2013,Maybank Singapore
Q2-13,2012-08-31,6.38,05-31-2013,Maybank Singapore
Q2-13,2012-10-08,6.28,05-31-2013,Maybank Singapore
Q2-13,2012-11-09,6.25,05-31-2013,Maybank Singapore
Q2-13,2012-12-14,6.18,05-31-2013,Maybank Singapore
Q2-13,2013-01-14,6.15,05-31-2013,Maybank Singapore
Q2-13,2013-02-20,6.22,05-31-2013,Maybank Singapore
Q2-13,2013-04-30,6.15,05-31-2013,Maybank Singapore
Q3-13,2012-11-09,6.23,05-31-2013,Maybank Singapore
Q3-13,2012-12-14,6.16,05-31-2013,Maybank Singapore
Q3-13,2013-01-14,6.13,05-31-2013,Maybank Singapore
Q3-13,2013-02-20,6.19,05-31-2013,Maybank Singapore
Q3-13,2013-04-30,6.13,05-31-2013,Maybank Singapore
Q4-13,2012-04-19,6.12,05-31-2013,Maybank Singapore
Q4-13,2012-05-24,6.26,05-31-2013,Maybank Singapore
Q4-13,2012-05-31,6.26,05-31-2013,Maybank Singapore
Q4-13,2012-08-03,6.25,05-31-2013,Maybank Singapore
Q4-13,2012-08-31,6.35,05-31-2013,Maybank Singapore
Q4-13,2012-10-08,6.26,05-31-2013,Maybank Singapore
Q4-13,2012-11-09,6.21,05-31-2013,Maybank Singapore
Q4-13,2012-12-14,6.14,05-31-2013,Maybank Singapore
Q4-13,2013-01-14,6.11,05-31-2013,Maybank Singapore
Q4-13,2013-02-20,6.15,05-31-2013,Maybank Singapore
Q4-13,2013-04-30,6.1,05-31-2013,Maybank Singapore
Q1-14,2013-04-30,6.1,05-31-2013,Maybank Singapore
2014,2012-04-19,5.65,05-31-2013,Maybank Singapore
2014,2012-05-24,5.65,05-31-2013,Maybank Singapore
2014,2012-05-31,5.65,05-31-2013,Maybank Singapore
2014,2012-08-03,5.65,05-31-2013,Maybank Singapore
2014,2012-08-31,5.65,05-31-2013,Maybank Singapore
2014,2012-10-08,6.29,05-31-2013,Maybank Singapore
2014,2012-11-09,6.29,05-31-2013,Maybank Singapore
2014,2012-12-14,6.14,05-31-2013,Maybank Singapore
2014,2013-01-14,6.14,05-31-2013,Maybank Singapore
2014,2013-02-20,6.14,05-31-2013,Maybank Singapore
2014,2013-04-30,6.05,05-31-2013,Maybank Singapore
2015,2012-04-19,5.65,05-31-2013,Maybank Singapore
2015,2012-05-24,5.65,05-31-2013,Maybank Singapore
2015,2012-05-31,5.65,05-31-2013,Maybank Singapore
2015,2012-08-03,5.65,05-31-2013,Maybank Singapore
2015,2012-08-31,5.65,05-31-2013,Maybank Singapore
2015,2012-10-08,6.2,05-31-2013,Maybank Singapore
2015,2012-11-09,6.2,05-31-2013,Maybank Singapore
2015,2012-12-14,6.1,05-31-2013,Maybank Singapore
2015,2013-01-14,6.1,05-31-2013,Maybank Singapore
2015,2013-02-20,6.1,05-31-2013,Maybank Singapore
2015,2013-04-30,6.0,05-31-2013,Maybank Singapore
2016,2012-05-24,5.43,05-31-2013,Maybank Singapore
2016,2012-05-31,5.43,05-31-2013,Maybank Singapore
2016,2012-08-03,5.43,05-31-2013,Maybank Singapore
2016,2012-08-31,5.43,05-31-2013,Maybank Singapore
2016,2012-10-08,6.1,05-31-2013,Maybank Singapore
2016,2012-11-09,6.1,05-31-2013,Maybank Singapore
2016,2012-12-14,6.05,05-31-2013,Maybank Singapore
2016,2013-01-14,6.05,05-31-2013,Maybank Singapore
2016,2013-02-20,6.05,05-31-2013,Maybank Singapore
2016,2013-04-30,6.0,05-31-2013,Maybank Singapore
2017,2012-10-08,6.1,05-31-2013,Maybank Singapore
2017,2012-11-09,6.1,05-31-2013,Maybank Singapore
2017,2012-12-14,6.05,05-31-2013,Maybank Singapore
2017,2013-01-14,6.05,05-31-2013,Maybank Singapore
2017,2013-02-20,6.05,05-31-2013,Maybank Singapore
2017,2013-04-30,6.0,05-31-2013,Maybank Singapore
Q3-18,2017-09-07,6.55,08-31-2018,Maybank Singapore
Q3-18,2017-10-12,6.6,08-31-2018,Maybank Singapore
Q3-18,2017-12-12,6.6,08-31-2018,Maybank Singapore
Q3-18,2018-02-28,6.2,08-31-2018,Maybank Singapore
Q3-18,2018-04-12,6.2,08-31-2018,Maybank Singapore
Q3-18,2018-04-25,6.2,08-31-2018,Maybank Singapore
Q3-18,2018-05-07,6.2,08-31-2018,Maybank Singapore
Q3-18,2018-05-30,6.35,08-31-2018,Maybank Singapore
Q3-18,2018-08-02,6.75,08-31-2018,Maybank Singapore
Q4-18,2016-09-05,6.5,08-31-2018,Maybank Singapore
Q4-18,2016-10-06,6.5,08-31-2018,Maybank Singapore
Q4-18,2016-11-01,6.8,08-31-2018,Maybank Singapore
Q4-18,2016-12-07,7.0,08-31-2018,Maybank Singapore
Q4-18,2017-02-06,6.85,08-31-2018,Maybank Singapore
Q4-18,2017-04-04,6.9,08-31-2018,Maybank Singapore
Q4-18,2017-05-16,6.9,08-31-2018,Maybank Singapore
Q4-18,2017-05-31,6.75,08-31-2018,Maybank Singapore
Q4-18,2017-06-12,6.75,08-31-2018,Maybank Singapore
Q4-18,2017-07-17,6.8,08-31-2018,Maybank Singapore
Q4-18,2017-07-31,6.8,08-31-2018,Maybank Singapore
Q4-18,2017-09-07,6.5,08-31-2018,Maybank Singapore
Q4-18,2017-10-12,6.55,08-31-2018,Maybank Singapore
Q4-18,2017-12-12,6.55,08-31-2018,Maybank Singapore
Q4-18,2018-02-28,6.1,08-31-2018,Maybank Singapore
Q4-18,2018-04-12,6.1,08-31-2018,Maybank Singapore
Q4-18,2018-04-25,6.1,08-31-2018,Maybank Singapore
Q4-18,2018-05-07,6.1,08-31-2018,Maybank Singapore
Q4-18,2018-05-30,6.3,08-31-2018,Maybank Singapore
Q4-18,2018-08-02,6.72,08-31-2018,Maybank Singapore
Q1-19,2018-04-12,5.9,08-31-2018,Maybank Singapore
Q1-19,2018-04-25,5.9,08-31-2018,Maybank Singapore
Q1-19,2018-05-07,5.9,08-31-2018,Maybank Singapore
Q1-19,2018-05-30,6.25,08-31-2018,Maybank Singapore
Q1-19,2018-08-02,6.65,08-31-2018,Maybank Singapore
Q2-19,2018-08-02,6.62,08-31-2018,Maybank Singapore
2019,2016-09-05,6.4,08-31-2018,Maybank Singapore
2019,2016-10-06,6.4,08-31-2018,Maybank Singapore
2019,2016-11-01,6.75,08-31-2018,Maybank Singapore
2019,2016-12-07,7.0,08-31-2018,Maybank Singapore
2019,2017-02-06,6.8,08-31-2018,Maybank Singapore
2019,2017-04-04,6.8,08-31-2018,Maybank Singapore
2019,2017-07-17,6.7,08-31-2018,Maybank Singapore
2019,2017-07-31,6.75,08-31-2018,Maybank Singapore
2019,2017-09-07,6.45,08-31-2018,Maybank Singapore
2019,2017-10-12,6.45,08-31-2018,Maybank Singapore
2019,2017-12-12,6.45,08-31-2018,Maybank Singapore
2019,2018-02-28,5.6,08-31-2018,Maybank Singapore
2019,2018-04-12,5.6,08-31-2018,Maybank Singapore
2019,2018-04-25,5.6,08-31-2018,Maybank Singapore
2019,2018-05-07,5.6,08-31-2018,Maybank Singapore
2019,2018-05-30,6.15,08-31-2018,Maybank Singapore
2019,2018-08-02,6.52,08-31-2018,Maybank Singapore
2020,2016-09-05,6.4,08-31-2018,Maybank Singapore
2020,2016-10-06,6.4,08-31-2018,Maybank Singapore
2020,2016-11-01,6.75,08-31-2018,Maybank Singapore
2020,2016-12-07,7.0,08-31-2018,Maybank Singapore
2020,2017-02-06,6.8,08-31-2018,Maybank Singapore
2020,2017-04-04,6.7,08-31-2018,Maybank Singapore
2020,2017-07-17,6.65,08-31-2018,Maybank Singapore
2020,2017-07-31,6.65,08-31-2018,Maybank Singapore
2020,2017-09-07,6.35,08-31-2018,Maybank Singapore
2020,2017-10-12,6.35,08-31-2018,Maybank Singapore
2020,2017-12-12,6.35,08-31-2018,Maybank Singapore
2020,2018-02-28,5.3,08-31-2018,Maybank Singapore
2020,2018-04-12,5.3,08-31-2018,Maybank Singapore
2020,2018-04-25,5.3,08-31-2018,Maybank Singapore
2020,2018-05-07,5.3,08-31-2018,Maybank Singapore
2020,2018-05-30,6.1,08-31-2018,Maybank Singapore
2020,2018-08-02,6.4,08-31-2018,Maybank Singapore
2021,2016-09-05,6.4,08-31-2018,Maybank Singapore
2021,2016-10-06,6.4,08-31-2018,Maybank Singapore
2021,2016-11-01,6.75,08-31-2018,Maybank Singapore
2021,2016-12-07,7.0,08-31-2018,Maybank Singapore
2021,2017-02-06,6.8,08-31-2018,Maybank Singapore
2021,2017-04-04,6.7,08-31-2018,Maybank Singapore
2021,2017-07-17,6.6,08-31-2018,Maybank Singapore
2021,2017-07-31,6.6,08-31-2018,Maybank Singapore
2021,2017-09-07,6.3,08-31-2018,Maybank Singapore
2021,2017-10-12,6.3,08-31-2018,Maybank Singapore
2021,2017-12-12,6.3,08-31-2018,Maybank Singapore
2021,2018-08-02,6.35,08-31-2018,Maybank Singapore
2022,2016-12-07,7.0,08-31-2018,Maybank Singapore
2022,2017-02-06,6.8,08-31-2018,Maybank Singapore
2022,2017-07-17,6.6,08-31-2018,Maybank Singapore
2022,2017-07-31,6.7,08-31-2018,Maybank Singapore
2022,2017-09-07,6.3,08-31-2018,Maybank Singapore
2022,2017-10-12,6.3,08-31-2018,Maybank Singapore
2022,2017-12-12,6.25,08-31-2018,Maybank Singapore
Q4-18,2016-12-07,7.0,11-30-2018,Maybank Singapore
Q4-18,2017-02-06,6.85,11-30-2018,Maybank Singapore
Q4-18,2017-04-04,6.9,11-30-2018,Maybank Singapore
Q4-18,2017-05-16,6.9,11-30-2018,Maybank Singapore
Q4-18,2017-05-31,6.75,11-30-2018,Maybank Singapore
Q4-18,2017-06-12,6.75,11-30-2018,Maybank Singapore
Q4-18,2017-07-17,6.8,11-30-2018,Maybank Singapore
Q4-18,2017-07-31,6.8,11-30-2018,Maybank Singapore
Q4-18,2017-09-07,6.5,11-30-2018,Maybank Singapore
Q4-18,2017-10-12,6.55,11-30-2018,Maybank Singapore
Q4-18,2017-12-12,6.55,11-30-2018,Maybank Singapore
Q4-18,2018-02-28,6.1,11-30-2018,Maybank Singapore
Q4-18,2018-04-12,6.1,11-30-2018,Maybank Singapore
Q4-18,2018-04-25,6.1,11-30-2018,Maybank Singapore
Q4-18,2018-05-07,6.1,11-30-2018,Maybank Singapore
Q4-18,2018-05-30,6.3,11-30-2018,Maybank Singapore
Q4-18,2018-08-02,6.72,11-30-2018,Maybank Singapore
Q4-18,2018-09-06,6.72,11-30-2018,Maybank Singapore
Q4-18,2018-11-20,6.95,11-30-2018,Maybank Singapore
Q4-18,2018-11-29,6.95,11-30-2018,Maybank Singapore
Q1-19,2018-04-12,5.9,11-30-2018,Maybank Singapore
Q1-19,2018-04-25,5.9,11-30-2018,Maybank Singapore
Q1-19,2018-05-07,5.9,11-30-2018,Maybank Singapore
Q1-19,2018-05-30,6.25,11-30-2018,Maybank Singapore
Q1-19,2018-08-02,6.65,11-30-2018,Maybank Singapore
Q1-19,2018-09-06,6.65,11-30-2018,Maybank Singapore
Q1-19,2018-11-20,7.05,11-30-2018,Maybank Singapore
Q1-19,2018-11-29,7.05,11-30-2018,Maybank Singapore
Q2-19,2018-08-02,6.62,11-30-2018,Maybank Singapore
Q2-19,2018-09-06,6.62,11-30-2018,Maybank Singapore
Q2-19,2018-11-20,6.95,11-30-2018,Maybank Singapore
Q2-19,2018-11-29,6.95,11-30-2018,Maybank Singapore
Q3-19,2018-09-06,6.57,11-30-2018,Maybank Singapore
Q3-19,2018-11-20,6.92,11-30-2018,Maybank Singapore
Q3-19,2018-11-29,6.92,11-30-2018,Maybank Singapore
2019,2016-12-07,7.0,11-30-2018,Maybank Singapore
2019,2017-02-06,6.8,11-30-2018,Maybank Singapore
2019,2017-04-04,6.8,11-30-2018,Maybank Singapore
2019,2017-07-17,6.7,11-30-2018,Maybank Singapore
2019,2017-07-31,6.75,11-30-2018,Maybank Singapore
2019,2017-09-07,6.45,11-30-2018,Maybank Singapore
2019,2017-10-12,6.45,11-30-2018,Maybank Singapore
2019,2017-12-12,6.45,11-30-2018,Maybank Singapore
2019,2018-02-28,5.6,11-30-2018,Maybank Singapore
2019,2018-04-12,5.6,11-30-2018,Maybank Singapore
2019,2018-04-25,5.6,11-30-2018,Maybank Singapore
2019,2018-05-07,5.6,11-30-2018,Maybank Singapore
2019,2018-05-30,6.15,11-30-2018,Maybank Singapore
2019,2018-08-02,6.52,11-30-2018,Maybank Singapore
2019,2018-09-06,6.52,11-30-2018,Maybank Singapore
2019,2018-11-20,7.0,11-30-2018,Maybank Singapore
2019,2018-11-29,7.0,11-30-2018,Maybank Singapore
2020,2016-12-07,7.0,11-30-2018,Maybank Singapore
2020,2017-02-06,6.8,11-30-2018,Maybank Singapore
2020,2017-04-04,6.7,11-30-2018,Maybank Singapore
2020,2017-07-17,6.65,11-30-2018,Maybank Singapore
2020,2017-07-31,6.65,11-30-2018,Maybank Singapore
2020,2017-09-07,6.35,11-30-2018,Maybank Singapore
2020,2017-10-12,6.35,11-30-2018,Maybank Singapore
2020,2017-12-12,6.35,11-30-2018,Maybank Singapore
2020,2018-02-28,5.3,11-30-2018,Maybank Singapore
2020,2018-04-12,5.3,11-30-2018,Maybank Singapore
2020,2018-04-25,5.3,11-30-2018,Maybank Singapore
2020,2018-05-07,5.3,11-30-2018,Maybank Singapore
2020,2018-05-30,6.1,11-30-2018,Maybank Singapore
2020,2018-08-02,6.4,11-30-2018,Maybank Singapore
2020,2018-09-06,6.4,11-30-2018,Maybank Singapore
2020,2018-11-20,7.02,11-30-2018,Maybank Singapore
2020,2018-11-29,7.02,11-30-2018,Maybank Singapore
2021,2016-12-07,7.0,11-30-2018,Maybank Singapore
2021,2017-02-06,6.8,11-30-2018,Maybank Singapore
2021,2017-04-04,6.7,11-30-2018,Maybank Singapore
2021,2017-07-17,6.6,11-30-2018,Maybank Singapore
2021,2017-07-31,6.6,11-30-2018,Maybank Singapore
2021,2017-09-07,6.3,11-30-2018,Maybank Singapore
2021,2017-10-12,6.3,11-30-2018,Maybank Singapore
2021,2017-12-12,6.3,11-30-2018,Maybank Singapore
2021,2018-08-02,6.35,11-30-2018,Maybank Singapore
2021,2018-11-20,6.98,11-30-2018,Maybank Singapore
2021,2018-11-29,6.98,11-30-2018,Maybank Singapore
2022,2016-12-07,7.0,11-30-2018,Maybank Singapore
2022,2017-02-06,6.8,11-30-2018,Maybank Singapore
2022,2017-07-17,6.6,11-30-2018,Maybank Singapore
2022,2017-07-31,6.7,11-30-2018,Maybank Singapore
2022,2017-09-07,6.3,11-30-2018,Maybank Singapore
2022,2017-10-12,6.3,11-30-2018,Maybank Singapore
2022,2017-12-12,6.25,11-30-2018,Maybank Singapore
Q3-14,2013-09-10,6.05,08-31-2014,Maybank Singapore
Q3-14,2013-10-14,6.05,08-31-2014,Maybank Singapore
Q3-14,2013-12-05,6.06,08-31-2014,Maybank Singapore
Q3-14,2014-01-16,5.95,08-31-2014,Maybank Singapore
Q3-14,2014-03-05,5.95,08-31-2014,Maybank Singapore
Q3-14,2014-04-30,6.15,08-31-2014,Maybank Singapore
Q3-14,2014-06-11,6.15,08-31-2014,Maybank Singapore
Q3-14,2014-07-25,6.18,08-31-2014,Maybank Singapore
Q4-14,2012-08-31,5.65,08-31-2014,Maybank Singapore
Q4-14,2012-10-08,6.29,08-31-2014,Maybank Singapore
Q4-14,2012-11-09,6.29,08-31-2014,Maybank Singapore
Q4-14,2012-12-14,6.14,08-31-2014,Maybank Singapore
Q4-14,2013-01-14,6.14,08-31-2014,Maybank Singapore
Q4-14,2013-02-20,6.14,08-31-2014,Maybank Singapore
Q4-14,2013-04-30,6.05,08-31-2014,Maybank Singapore
Q4-14,2013-06-21,6.0,08-31-2014,Maybank Singapore
Q4-14,2013-07-31,6.0,08-31-2014,Maybank Singapore
Q4-14,2013-09-10,6.0,08-31-2014,Maybank Singapore
Q4-14,2013-10-14,6.0,08-31-2014,Maybank Singapore
Q4-14,2013-12-05,6.02,08-31-2014,Maybank Singapore
Q4-14,2014-01-16,5.85,08-31-2014,Maybank Singapore
Q4-14,2014-03-05,5.85,08-31-2014,Maybank Singapore
Q4-14,2014-04-30,6.15,08-31-2014,Maybank Singapore
Q4-14,2014-06-11,6.15,08-31-2014,Maybank Singapore
Q4-14,2014-07-25,6.15,08-31-2014,Maybank Singapore
Q1-15,2014-03-05,5.9,08-31-2014,Maybank Singapore
Q1-15,2014-04-30,6.15,08-31-2014,Maybank Singapore
Q1-15,2014-06-11,6.15,08-31-2014,Maybank Singapore
Q1-15,2014-07-25,6.12,08-31-2014,Maybank Singapore
Q2-15,2014-06-11,6.18,08-31-2014,Maybank Singapore
Q2-15,2014-07-25,6.12,08-31-2014,Maybank Singapore
2015,2012-08-31,5.65,08-31-2014,Maybank Singapore
2015,2012-10-08,6.2,08-31-2014,Maybank Singapore
2015,2012-11-09,6.2,08-31-2014,Maybank Singapore
2015,2012-12-14,6.1,08-31-2014,Maybank Singapore
2015,2013-01-14,6.1,08-31-2014,Maybank Singapore
2015,2013-02-20,6.1,08-31-2014,Maybank Singapore
2015,2013-04-30,6.0,08-31-2014,Maybank Singapore
2015,2013-06-21,6.0,08-31-2014,Maybank Singapore
2015,2013-07-31,6.0,08-31-2014,Maybank Singapore
2015,2013-09-10,6.0,08-31-2014,Maybank Singapore
2015,2013-10-14,6.0,08-31-2014,Maybank Singapore
2015,2013-12-05,6.0,08-31-2014,Maybank Singapore
2015,2014-01-16,5.9,08-31-2014,Maybank Singapore
2015,2014-03-05,5.9,08-31-2014,Maybank Singapore
2015,2014-04-30,6.08,08-31-2014,Maybank Singapore
2015,2014-06-11,6.08,08-31-2014,Maybank Singapore
2015,2014-07-25,6.08,08-31-2014,Maybank Singapore
2016,2012-08-31,5.43,08-31-2014,Maybank Singapore
2016,2012-10-08,6.1,08-31-2014,Maybank Singapore
2016,2012-11-09,6.1,08-31-2014,Maybank Singapore
2016,2012-12-14,6.05,08-31-2014,Maybank Singapore
2016,2013-01-14,6.05,08-31-2014,Maybank Singapore
2016,2013-02-20,6.05,08-31-2014,Maybank Singapore
2016,2013-04-30,6.0,08-31-2014,Maybank Singapore
2016,2013-06-21,6.0,08-31-2014,Maybank Singapore
2016,2013-07-31,6.0,08-31-2014,Maybank Singapore
2016,2013-09-10,6.0,08-31-2014,Maybank Singapore
2016,2013-10-14,6.0,08-31-2014,Maybank Singapore
2016,2013-12-05,6.0,08-31-2014,Maybank Singapore
2016,2014-01-16,5.85,08-31-2014,Maybank Singapore
2016,2014-03-05,5.85,08-31-2014,Maybank Singapore
2016,2014-04-30,6.08,08-31-2014,Maybank Singapore
2016,2014-06-11,6.08,08-31-2014,Maybank Singapore
2016,2014-07-25,6.03,08-31-2014,Maybank Singapore
2017,2012-10-08,6.1,08-31-2014,Maybank Singapore
2017,2012-11-09,6.1,08-31-2014,Maybank Singapore
2017,2012-12-14,6.05,08-31-2014,Maybank Singapore
2017,2013-01-14,6.05,08-31-2014,Maybank Singapore
2017,2013-02-20,6.05,08-31-2014,Maybank Singapore
2017,2013-04-30,6.0,08-31-2014,Maybank Singapore
2017,2013-06-21,6.0,08-31-2014,Maybank Singapore
2017,2013-07-31,6.0,08-31-2014,Maybank Singapore
2017,2013-09-10,6.0,08-31-2014,Maybank Singapore
2017,2013-10-14,6.0,08-31-2014,Maybank Singapore
2017,2013-12-05,6.0,08-31-2014,Maybank Singapore
2017,2014-01-16,6.0,08-31-2014,Maybank Singapore
2017,2014-03-05,5.85,08-31-2014,Maybank Singapore
2017,2014-04-30,6.08,08-31-2014,Maybank Singapore
2017,2014-06-11,6.08,08-31-2014,Maybank Singapore
2017,2014-07-25,6.0,08-31-2014,Maybank Singapore
2018,2012-12-14,6.05,08-31-2014,Maybank Singapore
2018,2013-01-14,6.05,08-31-2014,Maybank Singapore
2018,2013-02-20,6.05,08-31-2014,Maybank Singapore
2018,2013-04-30,6.0,08-31-2014,Maybank Singapore
2018,2013-06-21,6.0,08-31-2014,Maybank Singapore
2018,2013-07-31,6.0,08-31-2014,Maybank Singapore
2018,2013-09-10,6.0,08-31-2014,Maybank Singapore
2018,2013-10-14,6.0,08-31-2014,Maybank Singapore
2018,2013-12-05,6.0,08-31-2014,Maybank Singapore
2018,2014-01-16,6.0,08-31-2014,Maybank Singapore
2018,2014-03-05,5.85,08-31-2014,Maybank Singapore
2018,2014-04-30,6.08,08-31-2014,Maybank Singapore
2018,2014-06-11,6.08,08-31-2014,Maybank Singapore
2018,2014-07-25,5.98,08-31-2014,Maybank Singapore
Q1-13,2012-04-19,6.18,02-28-2013,Maybank Singapore
Q1-13,2012-05-24,6.29,02-28-2013,Maybank Singapore
Q1-13,2012-05-31,6.29,02-28-2013,Maybank Singapore
Q1-13,2012-08-03,6.37,02-28-2013,Maybank Singapore
Q1-13,2012-08-31,6.4,02-28-2013,Maybank Singapore
Q1-13,2012-10-08,6.32,02-28-2013,Maybank Singapore
Q1-13,2012-11-09,6.29,02-28-2013,Maybank Singapore
Q1-13,2012-12-14,6.19,02-28-2013,Maybank Singapore
Q1-13,2013-01-14,6.17,02-28-2013,Maybank Singapore
Q1-13,2013-02-20,6.25,02-28-2013,Maybank Singapore
Q2-13,2012-08-03,6.33,02-28-2013,Maybank Singapore
Q2-13,2012-08-31,6.38,02-28-2013,Maybank Singapore
Q2-13,2012-10-08,6.28,02-28-2013,Maybank Singapore
Q2-13,2012-11-09,6.25,02-28-2013,Maybank Singapore
Q2-13,2012-12-14,6.18,02-28-2013,Maybank Singapore
Q2-13,2013-01-14,6.15,02-28-2013,Maybank Singapore
Q2-13,2013-02-20,6.22,02-28-2013,Maybank Singapore
Q3-13,2012-11-09,6.23,02-28-2013,Maybank Singapore
Q3-13,2012-12-14,6.16,02-28-2013,Maybank Singapore
Q3-13,2013-01-14,6.13,02-28-2013,Maybank Singapore
Q3-13,2013-02-20,6.19,02-28-2013,Maybank Singapore
Q4-13,2012-04-19,6.12,02-28-2013,Maybank Singapore
Q4-13,2012-05-24,6.26,02-28-2013,Maybank Singapore
Q4-13,2012-05-31,6.26,02-28-2013,Maybank Singapore
Q4-13,2012-08-03,6.25,02-28-2013,Maybank Singapore
Q4-13,2012-08-31,6.35,02-28-2013,Maybank Singapore
Q4-13,2012-10-08,6.26,02-28-2013,Maybank Singapore
Q4-13,2012-11-09,6.21,02-28-2013,Maybank Singapore
Q4-13,2012-12-14,6.14,02-28-2013,Maybank Singapore
Q4-13,2013-01-14,6.11,02-28-2013,Maybank Singapore
Q4-13,2013-02-20,6.15,02-28-2013,Maybank Singapore
2014,2012-04-19,5.65,02-28-2013,Maybank Singapore
2014,2012-05-24,5.65,02-28-2013,Maybank Singapore
2014,2012-05-31,5.65,02-28-2013,Maybank Singapore
2014,2012-08-03,5.65,02-28-2013,Maybank Singapore
2014,2012-08-31,5.65,02-28-2013,Maybank Singapore
2014,2012-10-08,6.29,02-28-2013,Maybank Singapore
2014,2012-11-09,6.29,02-28-2013,Maybank Singapore
2014,2012-12-14,6.14,02-28-2013,Maybank Singapore
2014,2013-01-14,6.14,02-28-2013,Maybank Singapore
2014,2013-02-20,6.14,02-28-2013,Maybank Singapore
2015,2012-04-19,5.65,02-28-2013,Maybank Singapore
2015,2012-05-24,5.65,02-28-2013,Maybank Singapore
2015,2012-05-31,5.65,02-28-2013,Maybank Singapore
2015,2012-08-03,5.65,02-28-2013,Maybank Singapore
2015,2012-08-31,5.65,02-28-2013,Maybank Singapore
2015,2012-10-08,6.2,02-28-2013,Maybank Singapore
2015,2012-11-09,6.2,02-28-2013,Maybank Singapore
2015,2012-12-14,6.1,02-28-2013,Maybank Singapore
2015,2013-01-14,6.1,02-28-2013,Maybank Singapore
2015,2013-02-20,6.1,02-28-2013,Maybank Singapore
2016,2012-05-24,5.43,02-28-2013,Maybank Singapore
2016,2012-05-31,5.43,02-28-2013,Maybank Singapore
2016,2012-08-03,5.43,02-28-2013,Maybank Singapore
2016,2012-08-31,5.43,02-28-2013,Maybank Singapore
2016,2012-10-08,6.1,02-28-2013,Maybank Singapore
2016,2012-11-09,6.1,02-28-2013,Maybank Singapore
2016,2012-12-14,6.05,02-28-2013,Maybank Singapore
2016,2013-01-14,6.05,02-28-2013,Maybank Singapore
2016,2013-02-20,6.05,02-28-2013,Maybank Singapore
2017,2012-10-08,6.1,02-28-2013,Maybank Singapore
2017,2012-11-09,6.1,02-28-2013,Maybank Singapore
2017,2012-12-14,6.05,02-28-2013,Maybank Singapore
2017,2013-01-14,6.05,02-28-2013,Maybank Singapore
2017,2013-02-20,6.05,02-28-2013,Maybank Singapore
Q3-15,2014-10-02,6.05,08-31-2015,Maybank Singapore
Q3-15,2014-11-07,6.05,08-31-2015,Maybank Singapore
Q3-15,2014-12-15,6.15,08-31-2015,Maybank Singapore
Q3-15,2015-02-02,6.3,08-31-2015,Maybank Singapore
Q3-15,2015-03-04,6.3,08-31-2015,Maybank Singapore
Q3-15,2015-04-01,6.2,08-31-2015,Maybank Singapore
Q3-15,2015-05-11,6.2,08-31-2015,Maybank Singapore
Q3-15,2015-05-29,6.2,08-31-2015,Maybank Singapore
Q3-15,2015-07-01,6.2,08-31-2015,Maybank Singapore
Q3-15,2015-07-31,6.28,08-31-2015,Maybank Singapore
Q3-15,2015-08-19,6.5,08-31-2015,Maybank Singapore
Q3-15,2015-08-20,6.5,08-31-2015,Maybank Singapore
Q4-15,2013-09-10,6.0,08-31-2015,Maybank Singapore
Q4-15,2013-10-14,6.0,08-31-2015,Maybank Singapore
Q4-15,2013-12-05,6.0,08-31-2015,Maybank Singapore
Q4-15,2014-01-16,5.9,08-31-2015,Maybank Singapore
Q4-15,2014-03-05,5.9,08-31-2015,Maybank Singapore
Q4-15,2014-04-30,6.08,08-31-2015,Maybank Singapore
Q4-15,2014-06-11,6.08,08-31-2015,Maybank Singapore
Q4-15,2014-07-25,6.08,08-31-2015,Maybank Singapore
Q4-15,2014-09-01,6.0,08-31-2015,Maybank Singapore
Q4-15,2014-10-02,6.0,08-31-2015,Maybank Singapore
Q4-15,2014-11-07,6.0,08-31-2015,Maybank Singapore
Q4-15,2014-12-15,6.08,08-31-2015,Maybank Singapore
Q4-15,2015-02-02,6.25,08-31-2015,Maybank Singapore
Q4-15,2015-03-04,6.25,08-31-2015,Maybank Singapore
Q4-15,2015-04-01,6.15,08-31-2015,Maybank Singapore
Q4-15,2015-05-11,6.15,08-31-2015,Maybank Singapore
Q4-15,2015-05-29,6.15,08-31-2015,Maybank Singapore
Q4-15,2015-07-01,6.2,08-31-2015,Maybank Singapore
Q4-15,2015-07-31,6.26,08-31-2015,Maybank Singapore
Q4-15,2015-08-19,6.4,08-31-2015,Maybank Singapore
Q4-15,2015-08-20,6.4,08-31-2015,Maybank Singapore
Q1-16,2015-04-01,6.15,08-31-2015,Maybank Singapore
Q1-16,2015-05-11,6.15,08-31-2015,Maybank Singapore
Q1-16,2015-05-29,6.15,08-31-2015,Maybank Singapore
Q1-16,2015-07-01,6.2,08-31-2015,Maybank Singapore
Q1-16,2015-07-31,6.24,08-31-2015,Maybank Singapore
Q1-16,2015-08-19,6.35,08-31-2015,Maybank Singapore
Q1-16,2015-08-20,6.35,08-31-2015,Maybank Singapore
Q2-16,2015-07-01,6.2,08-31-2015,Maybank Singapore
Q2-16,2015-07-31,6.26,08-31-2015,Maybank Singapore
Q2-16,2015-08-19,6.3,08-31-2015,Maybank Singapore
Q2-16,2015-08-20,6.3,08-31-2015,Maybank Singapore
2016,2013-09-10,6.0,08-31-2015,Maybank Singapore
2016,2013-10-14,6.0,08-31-2015,Maybank Singapore
2016,2013-12-05,6.0,08-31-2015,Maybank Singapore
2016,2014-01-16,5.85,08-31-2015,Maybank Singapore
2016,2014-03-05,5.85,08-31-2015,Maybank Singapore
2016,2014-04-30,6.08,08-31-2015,Maybank Singapore
2016,2014-06-11,6.08,08-31-2015,Maybank Singapore
2016,2014-07-25,6.03,08-31-2015,Maybank Singapore
2016,2014-09-01,6.0,08-31-2015,Maybank Singapore
2016,2014-10-02,6.0,08-31-2015,Maybank Singapore
2016,2014-11-07,6.0,08-31-2015,Maybank Singapore
2016,2014-12-15,6.05,08-31-2015,Maybank Singapore
2016,2015-02-02,6.15,08-31-2015,Maybank Singapore
2016,2015-03-04,6.15,08-31-2015,Maybank Singapore
2016,2015-04-01,6.15,08-31-2015,Maybank Singapore
2016,2015-05-11,6.15,08-31-2015,Maybank Singapore
2016,2015-05-29,6.15,08-31-2015,Maybank Singapore
2016,2015-07-01,6.2,08-31-2015,Maybank Singapore
2016,2015-07-31,6.22,08-31-2015,Maybank Singapore
2016,2015-08-19,6.22,08-31-2015,Maybank Singapore
2016,2015-08-20,6.22,08-31-2015,Maybank Singapore
2017,2013-09-10,6.0,08-31-2015,Maybank Singapore
2017,2013-10-14,6.0,08-31-2015,Maybank Singapore
2017,2013-12-05,6.0,08-31-2015,Maybank Singapore
2017,2014-01-16,6.0,08-31-2015,Maybank Singapore
2017,2014-03-05,5.85,08-31-2015,Maybank Singapore
2017,2014-04-30,6.08,08-31-2015,Maybank Singapore
2017,2014-06-11,6.08,08-31-2015,Maybank Singapore
2017,2014-07-25,6.0,08-31-2015,Maybank Singapore
2017,2014-09-01,5.96,08-31-2015,Maybank Singapore
2017,2014-10-02,5.96,08-31-2015,Maybank Singapore
2017,2014-11-07,5.96,08-31-2015,Maybank Singapore
2017,2015-02-02,6.1,08-31-2015,Maybank Singapore
2017,2015-03-04,6.1,08-31-2015,Maybank Singapore
2017,2015-04-01,6.1,08-31-2015,Maybank Singapore
2017,2015-05-11,6.1,08-31-2015,Maybank Singapore
2017,2015-05-29,6.1,08-31-2015,Maybank Singapore
2017,2015-07-01,6.1,08-31-2015,Maybank Singapore
2017,2015-07-31,6.2,08-31-2015,Maybank Singapore
2017,2015-08-19,6.2,08-31-2015,Maybank Singapore
2017,2015-08-20,6.2,08-31-2015,Maybank Singapore
2018,2013-09-10,6.0,08-31-2015,Maybank Singapore
2018,2013-10-14,6.0,08-31-2015,Maybank Singapore
2018,2013-12-05,6.0,08-31-2015,Maybank Singapore
2018,2014-01-16,6.0,08-31-2015,Maybank Singapore
2018,2014-03-05,5.85,08-31-2015,Maybank Singapore
2018,2014-04-30,6.08,08-31-2015,Maybank Singapore
2018,2014-06-11,6.08,08-31-2015,Maybank Singapore
2018,2014-07-25,5.98,08-31-2015,Maybank Singapore
2018,2014-09-01,5.92,08-31-2015,Maybank Singapore
2018,2014-10-02,5.92,08-31-2015,Maybank Singapore
2018,2014-11-07,5.92,08-31-2015,Maybank Singapore
2018,2015-02-02,6.05,08-31-2015,Maybank Singapore
2018,2015-03-04,6.05,08-31-2015,Maybank Singapore
2018,2015-04-01,6.05,08-31-2015,Maybank Singapore
2018,2015-05-11,6.05,08-31-2015,Maybank Singapore
2018,2015-05-29,6.05,08-31-2015,Maybank Singapore
2018,2015-07-01,6.05,08-31-2015,Maybank Singapore
2018,2015-07-31,6.18,08-31-2015,Maybank Singapore
2018,2015-08-19,6.18,08-31-2015,Maybank Singapore
2018,2015-08-20,6.18,08-31-2015,Maybank Singapore
2019,2014-03-05,5.85,08-31-2015,Maybank Singapore
2019,2014-04-30,6.08,08-31-2015,Maybank Singapore
2019,2014-06-11,6.08,08-31-2015,Maybank Singapore
2019,2014-07-25,5.98,08-31-2015,Maybank Singapore
2019,2014-09-01,5.9,08-31-2015,Maybank Singapore
2019,2014-10-02,5.9,08-31-2015,Maybank Singapore
2019,2014-11-07,5.9,08-31-2015,Maybank Singapore
2019,2015-02-02,6.0,08-31-2015,Maybank Singapore
2019,2015-03-04,6.0,08-31-2015,Maybank Singapore
2019,2015-04-01,6.0,08-31-2015,Maybank Singapore
2019,2015-05-11,6.0,08-31-2015,Maybank Singapore
2019,2015-05-29,6.0,08-31-2015,Maybank Singapore
2019,2015-07-01,6.0,08-31-2015,Maybank Singapore
2019,2015-07-31,6.15,08-31-2015,Maybank Singapore
2019,2015-08-19,6.15,08-31-2015,Maybank Singapore
2019,2015-08-20,6.15,08-31-2015,Maybank Singapore
2023,2017-12-12,6.2,11-30-2019,Maybank Singapore
2023,2019-05-07,6.6,11-30-2019,Maybank Singapore
2023,2019-09-10,6.9,11-30-2019,Maybank Singapore
2023,2019-10-23,6.9,11-30-2019,Maybank Singapore
2023,2019-11-21,6.9,11-30-2019,Maybank Singapore
2022,2017-12-12,6.25,11-30-2019,Maybank Singapore
2022,2018-12-24,6.7,11-30-2019,Maybank Singapore
2022,2019-02-27,6.5,11-30-2019,Maybank Singapore
2022,2019-03-12,6.5,11-30-2019,Maybank Singapore
2022,2019-05-07,6.25,11-30-2019,Maybank Singapore
2022,2019-09-10,6.95,11-30-2019,Maybank Singapore
2022,2019-10-23,6.95,11-30-2019,Maybank Singapore
2022,2019-11-21,7.0,11-30-2019,Maybank Singapore
2021,2017-12-12,6.3,11-30-2019,Maybank Singapore
2021,2018-08-02,6.35,11-30-2019,Maybank Singapore
2021,2018-11-20,6.98,11-30-2019,Maybank Singapore
2021,2018-11-29,6.98,11-30-2019,Maybank Singapore
2021,2018-12-24,6.8,11-30-2019,Maybank Singapore
2021,2019-02-27,6.7,11-30-2019,Maybank Singapore
2021,2019-03-12,6.7,11-30-2019,Maybank Singapore
2021,2019-05-07,6.45,11-30-2019,Maybank Singapore
2021,2019-08-19,6.78,11-30-2019,Maybank Singapore
2021,2019-09-10,7.0,11-30-2019,Maybank Singapore
2021,2019-10-23,7.0,11-30-2019,Maybank Singapore
2021,2019-11-21,7.1,11-30-2019,Maybank Singapore
2020,2017-12-12,6.35,11-30-2019,Maybank Singapore
2020,2018-02-28,5.3,11-30-2019,Maybank Singapore
2020,2018-04-12,5.3,11-30-2019,Maybank Singapore
2020,2018-04-25,5.3,11-30-2019,Maybank Singapore
2020,2018-05-07,5.3,11-30-2019,Maybank Singapore
2020,2018-05-30,6.1,11-30-2019,Maybank Singapore
2020,2018-08-02,6.4,11-30-2019,Maybank Singapore
2020,2018-09-06,6.4,11-30-2019,Maybank Singapore
2020,2018-11-20,7.02,11-30-2019,Maybank Singapore
2020,2018-11-29,7.02,11-30-2019,Maybank Singapore
2020,2018-12-24,6.9,11-30-2019,Maybank Singapore
2020,2019-02-27,6.88,11-30-2019,Maybank Singapore
2020,2019-03-12,6.88,11-30-2019,Maybank Singapore
2020,2019-05-07,6.65,11-30-2019,Maybank Singapore
2020,2019-07-02,6.75,11-30-2019,Maybank Singapore
2020,2019-08-19,6.83,11-30-2019,Maybank Singapore
2020,2019-09-10,7.05,11-30-2019,Maybank Singapore
2020,2019-10-23,7.05,11-30-2019,Maybank Singapore
2020,2019-11-21,7.05,11-30-2019,Maybank Singapore
Q4-19,2017-12-12,6.45,11-30-2019,Maybank Singapore
Q4-19,2018-02-28,5.6,11-30-2019,Maybank Singapore
Q4-19,2018-04-12,5.6,11-30-2019,Maybank Singapore
Q4-19,2018-04-25,5.6,11-30-2019,Maybank Singapore
Q4-19,2018-05-07,5.6,11-30-2019,Maybank Singapore
Q4-19,2018-05-30,6.15,11-30-2019,Maybank Singapore
Q4-19,2018-08-02,6.52,11-30-2019,Maybank Singapore
Q4-19,2018-09-06,6.52,11-30-2019,Maybank Singapore
Q4-19,2018-11-20,7.0,11-30-2019,Maybank Singapore
Q4-19,2018-11-29,7.0,11-30-2019,Maybank Singapore
Q4-19,2018-12-24,7.0,11-30-2019,Maybank Singapore
Q4-19,2019-02-27,6.7,11-30-2019,Maybank Singapore
Q4-19,2019-03-12,6.7,11-30-2019,Maybank Singapore
Q4-19,2019-05-07,6.7,11-30-2019,Maybank Singapore
Q4-19,2019-07-02,6.78,11-30-2019,Maybank Singapore
Q4-19,2019-08-19,6.96,11-30-2019,Maybank Singapore
Q4-19,2019-09-10,7.2,11-30-2019,Maybank Singapore
Q4-19,2019-10-23,7.2,11-30-2019,Maybank Singapore
Q4-19,2019-11-21,7.1,11-30-2019,Maybank Singapore
Q3-20,2019-09-10,7.1,11-30-2019,Maybank Singapore
Q3-20,2019-10-23,7.1,11-30-2019,Maybank Singapore
Q3-20,2019-11-21,7.03,11-30-2019,Maybank Singapore
Q2-20,2019-07-02,6.72,11-30-2019,Maybank Singapore
Q2-20,2019-08-19,6.85,11-30-2019,Maybank Singapore
Q2-20,2019-09-10,7.15,11-30-2019,Maybank Singapore
Q2-20,2019-10-23,7.15,11-30-2019,Maybank Singapore
Q2-20,2019-11-21,7.05,11-30-2019,Maybank Singapore
Q1-20,2019-03-12,6.78,11-30-2019,Maybank Singapore
Q1-20,2019-05-07,6.68,11-30-2019,Maybank Singapore
Q1-20,2019-07-02,6.75,11-30-2019,Maybank Singapore
Q1-20,2019-08-19,6.9,11-30-2019,Maybank Singapore
Q1-20,2019-09-10,7.18,11-30-2019,Maybank Singapore
Q1-20,2019-10-23,7.18,11-30-2019,Maybank Singapore
Q1-20,2019-11-21,7.08,11-30-2019,Maybank Singapore
Q3-19,2018-09-06,6.57,08-31-2019,Maybank Singapore
Q3-19,2018-11-20,6.92,08-31-2019,Maybank Singapore
Q3-19,2018-11-29,6.92,08-31-2019,Maybank Singapore
Q3-19,2018-12-24,6.92,08-31-2019,Maybank Singapore
Q3-19,2019-02-27,6.65,08-31-2019,Maybank Singapore
Q3-19,2019-03-12,6.65,08-31-2019,Maybank Singapore
Q3-19,2019-05-07,6.65,08-31-2019,Maybank Singapore
Q3-19,2019-07-02,6.8,08-31-2019,Maybank Singapore
Q3-19,2019-08-19,7.0,08-31-2019,Maybank Singapore
Q4-19,2017-09-07,6.45,08-31-2019,Maybank Singapore
Q4-19,2017-10-12,6.45,08-31-2019,Maybank Singapore
Q4-19,2017-12-12,6.45,08-31-2019,Maybank Singapore
Q4-19,2018-02-28,5.6,08-31-2019,Maybank Singapore
Q4-19,2018-04-12,5.6,08-31-2019,Maybank Singapore
Q4-19,2018-04-25,5.6,08-31-2019,Maybank Singapore
Q4-19,2018-05-07,5.6,08-31-2019,Maybank Singapore
Q4-19,2018-05-30,6.15,08-31-2019,Maybank Singapore
Q4-19,2018-08-02,6.52,08-31-2019,Maybank Singapore
Q4-19,2018-09-06,6.52,08-31-2019,Maybank Singapore
Q4-19,2018-11-20,7.0,08-31-2019,Maybank Singapore
Q4-19,2018-11-29,7.0,08-31-2019,Maybank Singapore
Q4-19,2018-12-24,7.0,08-31-2019,Maybank Singapore
Q4-19,2019-02-27,6.7,08-31-2019,Maybank Singapore
Q4-19,2019-03-12,6.7,08-31-2019,Maybank Singapore
Q4-19,2019-05-07,6.7,08-31-2019,Maybank Singapore
Q4-19,2019-07-02,6.78,08-31-2019,Maybank Singapore
Q4-19,2019-08-19,6.96,08-31-2019,Maybank Singapore
Q1-20,2019-03-12,6.78,08-31-2019,Maybank Singapore
Q1-20,2019-05-07,6.68,08-31-2019,Maybank Singapore
Q1-20,2019-07-02,6.75,08-31-2019,Maybank Singapore
Q1-20,2019-08-19,6.9,08-31-2019,Maybank Singapore
Q2-20,2019-07-02,6.72,08-31-2019,Maybank Singapore
Q2-20,2019-08-19,6.85,08-31-2019,Maybank Singapore
2020,2017-09-07,6.35,08-31-2019,Maybank Singapore
2020,2017-10-12,6.35,08-31-2019,Maybank Singapore
2020,2017-12-12,6.35,08-31-2019,Maybank Singapore
2020,2018-02-28,5.3,08-31-2019,Maybank Singapore
2020,2018-04-12,5.3,08-31-2019,Maybank Singapore
2020,2018-04-25,5.3,08-31-2019,Maybank Singapore
2020,2018-05-07,5.3,08-31-2019,Maybank Singapore
2020,2018-05-30,6.1,08-31-2019,Maybank Singapore
2020,2018-08-02,6.4,08-31-2019,Maybank Singapore
2020,2018-09-06,6.4,08-31-2019,Maybank Singapore
2020,2018-11-20,7.02,08-31-2019,Maybank Singapore
2020,2018-11-29,7.02,08-31-2019,Maybank Singapore
2020,2018-12-24,6.9,08-31-2019,Maybank Singapore
2020,2019-02-27,6.88,08-31-2019,Maybank Singapore
2020,2019-03-12,6.88,08-31-2019,Maybank Singapore
2020,2019-05-07,6.65,08-31-2019,Maybank Singapore
2020,2019-07-02,6.75,08-31-2019,Maybank Singapore
2020,2019-08-19,6.83,08-31-2019,Maybank Singapore
2021,2017-09-07,6.3,08-31-2019,Maybank Singapore
2021,2017-10-12,6.3,08-31-2019,Maybank Singapore
2021,2017-12-12,6.3,08-31-2019,Maybank Singapore
2021,2018-08-02,6.35,08-31-2019,Maybank Singapore
2021,2018-11-20,6.98,08-31-2019,Maybank Singapore
2021,2018-11-29,6.98,08-31-2019,Maybank Singapore
2021,2018-12-24,6.8,08-31-2019,Maybank Singapore
2021,2019-02-27,6.7,08-31-2019,Maybank Singapore
2021,2019-03-12,6.7,08-31-2019,Maybank Singapore
2021,2019-05-07,6.45,08-31-2019,Maybank Singapore
2021,2019-08-19,6.78,08-31-2019,Maybank Singapore
2022,2017-09-07,6.3,08-31-2019,Maybank Singapore
2022,2017-10-12,6.3,08-31-2019,Maybank Singapore
2022,2017-12-12,6.25,08-31-2019,Maybank Singapore
2022,2018-12-24,6.7,08-31-2019,Maybank Singapore
2022,2019-02-27,6.5,08-31-2019,Maybank Singapore
2022,2019-03-12,6.5,08-31-2019,Maybank Singapore
2022,2019-05-07,6.25,08-31-2019,Maybank Singapore
2023,2017-12-12,6.2,08-31-2019,Maybank Singapore
2023,2019-05-07,6.6,08-31-2019,Maybank Singapore
Q2-12,2012-04-19,6.26,05-31-2012,Maybank Singapore
Q2-12,2012-05-24,6.34,05-31-2012,Maybank Singapore
Q3-12,2012-04-19,6.23,05-31-2012,Maybank Singapore
Q3-12,2012-05-24,6.32,05-31-2012,Maybank Singapore
Q3-12,2012-05-31,6.32,05-31-2012,Maybank Singapore
Q4-12,2012-04-19,6.2,05-31-2012,Maybank Singapore
Q4-12,2012-05-24,6.3,05-31-2012,Maybank Singapore
Q4-12,2012-05-31,6.3,05-31-2012,Maybank Singapore
Q1-13,2012-04-19,6.18,05-31-2012,Maybank Singapore
Q1-13,2012-05-24,6.29,05-31-2012,Maybank Singapore
Q1-13,2012-05-31,6.29,05-31-2012,Maybank Singapore
2013,2012-04-19,6.12,05-31-2012,Maybank Singapore
2013,2012-05-24,6.26,05-31-2012,Maybank Singapore
2013,2012-05-31,6.26,05-31-2012,Maybank Singapore
2014,2012-04-19,5.65,05-31-2012,Maybank Singapore
2014,2012-05-24,5.65,05-31-2012,Maybank Singapore
2014,2012-05-31,5.65,05-31-2012,Maybank Singapore
2015,2012-04-19,5.65,05-31-2012,Maybank Singapore
2015,2012-05-24,5.65,05-31-2012,Maybank Singapore
2015,2012-05-31,5.65,05-31-2012,Maybank Singapore
2016,2012-05-24,5.43,05-31-2012,Maybank Singapore
2016,2012-05-31,5.43,05-31-2012,Maybank Singapore
Q4-15,2013-12-05,6.0,11-30-2015,Maybank Singapore
Q4-15,2014-01-16,5.9,11-30-2015,Maybank Singapore
Q4-15,2014-03-05,5.9,11-30-2015,Maybank Singapore
Q4-15,2014-04-30,6.08,11-30-2015,Maybank Singapore
Q4-15,2014-06-11,6.08,11-30-2015,Maybank Singapore
Q4-15,2014-07-25,6.08,11-30-2015,Maybank Singapore
Q4-15,2014-09-01,6.0,11-30-2015,Maybank Singapore
Q4-15,2014-10-02,6.0,11-30-2015,Maybank Singapore
Q4-15,2014-11-07,6.0,11-30-2015,Maybank Singapore
Q4-15,2014-12-15,6.08,11-30-2015,Maybank Singapore
Q4-15,2015-02-02,6.25,11-30-2015,Maybank Singapore
Q4-15,2015-03-04,6.25,11-30-2015,Maybank Singapore
Q4-15,2015-04-01,6.15,11-30-2015,Maybank Singapore
Q4-15,2015-05-11,6.15,11-30-2015,Maybank Singapore
Q4-15,2015-05-29,6.15,11-30-2015,Maybank Singapore
Q4-15,2015-07-01,6.2,11-30-2015,Maybank Singapore
Q4-15,2015-07-31,6.26,11-30-2015,Maybank Singapore
Q4-15,2015-08-19,6.4,11-30-2015,Maybank Singapore
Q4-15,2015-08-20,6.4,11-30-2015,Maybank Singapore
Q4-15,2015-09-02,6.52,11-30-2015,Maybank Singapore
Q4-15,2015-10-06,6.52,11-30-2015,Maybank Singapore
Q4-15,2015-11-16,6.4,11-30-2015,Maybank Singapore
Q1-16,2015-04-01,6.15,11-30-2015,Maybank Singapore
Q1-16,2015-05-11,6.15,11-30-2015,Maybank Singapore
Q1-16,2015-05-29,6.15,11-30-2015,Maybank Singapore
Q1-16,2015-07-01,6.2,11-30-2015,Maybank Singapore
Q1-16,2015-07-31,6.24,11-30-2015,Maybank Singapore
Q1-16,2015-08-19,6.35,11-30-2015,Maybank Singapore
Q1-16,2015-08-20,6.35,11-30-2015,Maybank Singapore
Q1-16,2015-09-02,6.6,11-30-2015,Maybank Singapore
Q1-16,2015-10-06,6.6,11-30-2015,Maybank Singapore
Q1-16,2015-11-16,6.45,11-30-2015,Maybank Singapore
Q2-16,2015-07-01,6.2,11-30-2015,Maybank Singapore
Q2-16,2015-07-31,6.26,11-30-2015,Maybank Singapore
Q2-16,2015-08-19,6.3,11-30-2015,Maybank Singapore
Q2-16,2015-08-20,6.3,11-30-2015,Maybank Singapore
Q2-16,2015-09-02,6.65,11-30-2015,Maybank Singapore
Q2-16,2015-10-06,6.65,11-30-2015,Maybank Singapore
Q2-16,2015-11-16,6.6,11-30-2015,Maybank Singapore
Q3-16,2015-10-06,6.65,11-30-2015,Maybank Singapore
Q3-16,2015-11-16,6.8,11-30-2015,Maybank Singapore
2016,2013-12-05,6.0,11-30-2015,Maybank Singapore
2016,2014-01-16,5.85,11-30-2015,Maybank Singapore
2016,2014-03-05,5.85,11-30-2015,Maybank Singapore
2016,2014-04-30,6.08,11-30-2015,Maybank Singapore
2016,2014-06-11,6.08,11-30-2015,Maybank Singapore
2016,2014-07-25,6.03,11-30-2015,Maybank Singapore
2016,2014-09-01,6.0,11-30-2015,Maybank Singapore
2016,2014-10-02,6.0,11-30-2015,Maybank Singapore
2016,2014-11-07,6.0,11-30-2015,Maybank Singapore
2016,2014-12-15,6.05,11-30-2015,Maybank Singapore
2016,2015-02-02,6.15,11-30-2015,Maybank Singapore
2016,2015-03-04,6.15,11-30-2015,Maybank Singapore
2016,2015-04-01,6.15,11-30-2015,Maybank Singapore
2016,2015-05-11,6.15,11-30-2015,Maybank Singapore
2016,2015-05-29,6.15,11-30-2015,Maybank Singapore
2016,2015-07-01,6.2,11-30-2015,Maybank Singapore
2016,2015-07-31,6.22,11-30-2015,Maybank Singapore
2016,2015-08-19,6.22,11-30-2015,Maybank Singapore
2016,2015-08-20,6.22,11-30-2015,Maybank Singapore
2016,2015-09-02,6.65,11-30-2015,Maybank Singapore
2016,2015-10-06,6.65,11-30-2015,Maybank Singapore
2016,2015-11-16,6.8,11-30-2015,Maybank Singapore
2017,2013-12-05,6.0,11-30-2015,Maybank Singapore
2017,2014-01-16,6.0,11-30-2015,Maybank Singapore
2017,2014-03-05,5.85,11-30-2015,Maybank Singapore
2017,2014-04-30,6.08,11-30-2015,Maybank Singapore
2017,2014-06-11,6.08,11-30-2015,Maybank Singapore
2017,2014-07-25,6.0,11-30-2015,Maybank Singapore
2017,2014-09-01,5.96,11-30-2015,Maybank Singapore
2017,2014-10-02,5.96,11-30-2015,Maybank Singapore
2017,2014-11-07,5.96,11-30-2015,Maybank Singapore
2017,2015-02-02,6.1,11-30-2015,Maybank Singapore
2017,2015-03-04,6.1,11-30-2015,Maybank Singapore
2017,2015-04-01,6.1,11-30-2015,Maybank Singapore
2017,2015-05-11,6.1,11-30-2015,Maybank Singapore
2017,2015-05-29,6.1,11-30-2015,Maybank Singapore
2017,2015-07-01,6.1,11-30-2015,Maybank Singapore
2017,2015-07-31,6.2,11-30-2015,Maybank Singapore
2017,2015-08-19,6.2,11-30-2015,Maybank Singapore
2017,2015-08-20,6.2,11-30-2015,Maybank Singapore
2017,2015-09-02,6.55,11-30-2015,Maybank Singapore
2017,2015-10-06,6.55,11-30-2015,Maybank Singapore
2017,2015-11-16,6.6,11-30-2015,Maybank Singapore
2018,2013-12-05,6.0,11-30-2015,Maybank Singapore
2018,2014-01-16,6.0,11-30-2015,Maybank Singapore
2018,2014-03-05,5.85,11-30-2015,Maybank Singapore
2018,2014-04-30,6.08,11-30-2015,Maybank Singapore
2018,2014-06-11,6.08,11-30-2015,Maybank Singapore
2018,2014-07-25,5.98,11-30-2015,Maybank Singapore
2018,2014-09-01,5.92,11-30-2015,Maybank Singapore
2018,2014-10-02,5.92,11-30-2015,Maybank Singapore
2018,2014-11-07,5.92,11-30-2015,Maybank Singapore
2018,2015-02-02,6.05,11-30-2015,Maybank Singapore
2018,2015-03-04,6.05,11-30-2015,Maybank Singapore
2018,2015-04-01,6.05,11-30-2015,Maybank Singapore
2018,2015-05-11,6.05,11-30-2015,Maybank Singapore
2018,2015-05-29,6.05,11-30-2015,Maybank Singapore
2018,2015-07-01,6.05,11-30-2015,Maybank Singapore
2018,2015-07-31,6.18,11-30-2015,Maybank Singapore
2018,2015-08-19,6.18,11-30-2015,Maybank Singapore
2018,2015-08-20,6.18,11-30-2015,Maybank Singapore
2018,2015-09-02,6.43,11-30-2015,Maybank Singapore
2018,2015-10-06,6.43,11-30-2015,Maybank Singapore
2018,2015-11-16,6.43,11-30-2015,Maybank Singapore
2019,2014-03-05,5.85,11-30-2015,Maybank Singapore
2019,2014-04-30,6.08,11-30-2015,Maybank Singapore
2019,2014-06-11,6.08,11-30-2015,Maybank Singapore
2019,2014-07-25,5.98,11-30-2015,Maybank Singapore
2019,2014-09-01,5.9,11-30-2015,Maybank Singapore
2019,2014-10-02,5.9,11-30-2015,Maybank Singapore
2019,2014-11-07,5.9,11-30-2015,Maybank Singapore
2019,2015-02-02,6.0,11-30-2015,Maybank Singapore
2019,2015-03-04,6.0,11-30-2015,Maybank Singapore
2019,2015-04-01,6.0,11-30-2015,Maybank Singapore
2019,2015-05-11,6.0,11-30-2015,Maybank Singapore
2019,2015-05-29,6.0,11-30-2015,Maybank Singapore
2019,2015-07-01,6.0,11-30-2015,Maybank Singapore
2019,2015-07-31,6.15,11-30-2015,Maybank Singapore
2019,2015-08-19,6.15,11-30-2015,Maybank Singapore
2019,2015-08-20,6.15,11-30-2015,Maybank Singapore
2019,2015-09-02,6.25,11-30-2015,Maybank Singapore
