period,change_date,change,file,company
Q2-07,2006-03-09,7.25,05-31-2007,Morgan Stanley
Q2-07,2006-03-23,7.25,05-31-2007,Morgan Stanley
Q2-07,2006-04-06,7.25,05-31-2007,Morgan Stanley
Q2-07,2006-04-12,7.25,05-31-2007,Morgan Stanley
Q2-07,2006-04-20,7.25,05-31-2007,Morgan Stanley
Q2-07,2006-05-18,7.25,05-31-2007,Morgan Stanley
Q2-07,2006-07-06,7.5,05-31-2007,Morgan Stanley
Q2-07,2006-07-13,7.25,05-31-2007,Morgan Stanley
Q2-07,2006-07-14,7.35,05-31-2007,Morgan Stanley
Q2-07,2006-07-19,7.35,05-31-2007,Morgan Stanley
Q2-07,2006-08-31,7.25,05-31-2007,Morgan Stanley
Q2-07,2006-09-01,7.35,05-31-2007,Morgan Stanley
Q2-07,2006-09-07,7.35,05-31-2007,Morgan Stanley
Q2-07,2006-09-15,7.5,05-31-2007,Morgan Stanley
Q2-07,2006-10-06,7.25,05-31-2007,Morgan Stanley
Q2-07,2006-10-26,7.65,05-31-2007,Morgan Stanley
Q2-07,2006-11-02,7.65,05-31-2007,Morgan Stanley
Q2-07,2006-11-08,7.7,05-31-2007,Morgan Stanley
Q2-07,2006-11-09,7.65,05-31-2007,Morgan Stanley
Q2-07,2006-11-27,7.7,05-31-2007,Morgan Stanley
Q2-07,2007-01-03,7.75,05-31-2007,Morgan Stanley
Q2-07,2007-01-16,7.75,05-31-2007,Morgan Stanley
Q2-07,2007-02-09,7.55,05-31-2007,Morgan Stanley
Q2-07,2007-03-16,7.55,05-31-2007,Morgan Stanley
Q2-07,2007-04-05,7.55,05-31-2007,Morgan Stanley
Q2-07,2007-05-04,7.55,05-31-2007,Morgan Stanley
Q3-07,2006-04-06,7.1,05-31-2007,Morgan Stanley
Q3-07,2006-04-12,7.1,05-31-2007,Morgan Stanley
Q3-07,2006-04-20,7.1,05-31-2007,Morgan Stanley
Q3-07,2006-05-18,7.1,05-31-2007,Morgan Stanley
Q3-07,2006-07-13,7.1,05-31-2007,Morgan Stanley
Q3-07,2006-08-31,7.1,05-31-2007,Morgan Stanley
Q3-07,2006-09-15,7.35,05-31-2007,Morgan Stanley
Q3-07,2006-10-06,7.1,05-31-2007,Morgan Stanley
Q3-07,2006-10-26,7.6,05-31-2007,Morgan Stanley
Q3-07,2006-11-02,7.6,05-31-2007,Morgan Stanley
Q3-07,2006-11-08,7.7,05-31-2007,Morgan Stanley
Q3-07,2006-11-09,7.6,05-31-2007,Morgan Stanley
Q3-07,2006-11-27,7.7,05-31-2007,Morgan Stanley
Q3-07,2007-01-03,7.7,05-31-2007,Morgan Stanley
Q3-07,2007-01-16,7.7,05-31-2007,Morgan Stanley
Q3-07,2007-02-09,7.4,05-31-2007,Morgan Stanley
Q3-07,2007-03-16,7.4,05-31-2007,Morgan Stanley
Q3-07,2007-04-05,7.4,05-31-2007,Morgan Stanley
Q3-07,2007-05-04,7.4,05-31-2007,Morgan Stanley
Q4-07,2006-03-09,7.0,05-31-2007,Morgan Stanley
Q4-07,2006-03-23,7.0,05-31-2007,Morgan Stanley
Q4-07,2006-04-06,7.23,05-31-2007,Morgan Stanley
Q4-07,2006-04-12,7.23,05-31-2007,Morgan Stanley
Q4-07,2006-04-20,7.23,05-31-2007,Morgan Stanley
Q4-07,2006-04-24,7.0,05-31-2007,Morgan Stanley
Q4-07,2006-05-18,7.28,05-31-2007,Morgan Stanley
Q4-07,2006-05-25,7.0,05-31-2007,Morgan Stanley
Q4-07,2006-06-01,7.0,05-31-2007,Morgan Stanley
Q4-07,2006-06-07,7.0,05-31-2007,Morgan Stanley
Q4-07,2006-07-06,7.0,05-31-2007,Morgan Stanley
Q4-07,2006-07-13,7.0,05-31-2007,Morgan Stanley
Q4-07,2006-07-14,7.0,05-31-2007,Morgan Stanley
Q4-07,2006-07-19,7.0,05-31-2007,Morgan Stanley
Q4-07,2006-08-31,7.0,05-31-2007,Morgan Stanley
Q4-07,2006-09-01,7.0,05-31-2007,Morgan Stanley
Q4-07,2006-09-07,7.0,05-31-2007,Morgan Stanley
Q4-07,2006-09-15,7.0,05-31-2007,Morgan Stanley
Q4-07,2006-10-06,7.0,05-31-2007,Morgan Stanley
Q4-07,2006-10-26,7.5,05-31-2007,Morgan Stanley
Q4-07,2006-11-02,7.5,05-31-2007,Morgan Stanley
Q4-07,2006-11-08,7.5,05-31-2007,Morgan Stanley
Q4-07,2006-11-09,7.5,05-31-2007,Morgan Stanley
Q4-07,2006-11-27,7.5,05-31-2007,Morgan Stanley
Q4-07,2007-01-03,7.7,05-31-2007,Morgan Stanley
Q4-07,2007-01-16,7.7,05-31-2007,Morgan Stanley
Q4-07,2007-02-09,7.25,05-31-2007,Morgan Stanley
Q4-07,2007-03-16,7.25,05-31-2007,Morgan Stanley
Q4-07,2007-04-05,7.25,05-31-2007,Morgan Stanley
Q4-07,2007-05-04,7.25,05-31-2007,Morgan Stanley
Q1-08,2007-03-16,7.1,05-31-2007,Morgan Stanley
Q1-08,2007-04-05,7.1,05-31-2007,Morgan Stanley
Q1-08,2007-05-04,7.1,05-31-2007,Morgan Stanley
2008,2006-03-09,6.67,05-31-2007,Morgan Stanley
2008,2006-03-23,6.67,05-31-2007,Morgan Stanley
2008,2006-04-24,6.67,05-31-2007,Morgan Stanley
2008,2006-05-25,6.67,05-31-2007,Morgan Stanley
2008,2006-06-01,6.67,05-31-2007,Morgan Stanley
2008,2006-06-07,6.67,05-31-2007,Morgan Stanley
2008,2006-07-14,6.67,05-31-2007,Morgan Stanley
2008,2006-07-19,6.67,05-31-2007,Morgan Stanley
2008,2006-09-01,6.67,05-31-2007,Morgan Stanley
2008,2006-09-07,6.67,05-31-2007,Morgan Stanley
2008,2006-09-15,6.67,05-31-2007,Morgan Stanley
2008,2006-11-08,7.14,05-31-2007,Morgan Stanley
2008,2006-11-27,7.14,05-31-2007,Morgan Stanley
2008,2007-01-03,7.4,05-31-2007,Morgan Stanley
2008,2007-01-16,7.4,05-31-2007,Morgan Stanley
2008,2007-02-09,7.25,05-31-2007,Morgan Stanley
2008,2007-03-16,7.25,05-31-2007,Morgan Stanley
2008,2007-04-05,7.25,05-31-2007,Morgan Stanley
2008,2007-05-04,7.25,05-31-2007,Morgan Stanley
2009,2006-03-09,6.35,05-31-2007,Morgan Stanley
2009,2006-03-23,6.35,05-31-2007,Morgan Stanley
2009,2006-04-24,6.35,05-31-2007,Morgan Stanley
2009,2006-05-25,6.35,05-31-2007,Morgan Stanley
2009,2006-06-01,6.35,05-31-2007,Morgan Stanley
2009,2006-06-07,6.35,05-31-2007,Morgan Stanley
2009,2006-07-14,6.35,05-31-2007,Morgan Stanley
2009,2006-07-19,6.35,05-31-2007,Morgan Stanley
2009,2006-09-01,6.35,05-31-2007,Morgan Stanley
2009,2006-09-07,6.35,05-31-2007,Morgan Stanley
2009,2006-09-15,6.35,05-31-2007,Morgan Stanley
2009,2006-11-08,6.8,05-31-2007,Morgan Stanley
2009,2006-11-27,6.8,05-31-2007,Morgan Stanley
2009,2007-01-03,7.05,05-31-2007,Morgan Stanley
2009,2007-01-16,7.05,05-31-2007,Morgan Stanley
2009,2007-02-09,6.9,05-31-2007,Morgan Stanley
2009,2007-03-16,6.9,05-31-2007,Morgan Stanley
2009,2007-04-05,6.9,05-31-2007,Morgan Stanley
2009,2007-05-04,6.9,05-31-2007,Morgan Stanley
2010,2006-04-24,6.05,05-31-2007,Morgan Stanley
2010,2006-05-25,6.05,05-31-2007,Morgan Stanley
2010,2006-06-01,6.05,05-31-2007,Morgan Stanley
2010,2006-06-07,6.05,05-31-2007,Morgan Stanley
2010,2006-07-14,6.05,05-31-2007,Morgan Stanley
2010,2006-07-19,6.05,05-31-2007,Morgan Stanley
2010,2006-09-01,6.05,05-31-2007,Morgan Stanley
2010,2006-09-07,6.05,05-31-2007,Morgan Stanley
2010,2006-09-15,6.05,05-31-2007,Morgan Stanley
2010,2006-11-08,6.48,05-31-2007,Morgan Stanley
2010,2006-11-27,6.48,05-31-2007,Morgan Stanley
2010,2007-01-03,6.71,05-31-2007,Morgan Stanley
2010,2007-01-16,6.71,05-31-2007,Morgan Stanley
2010,2007-02-09,6.58,05-31-2007,Morgan Stanley
2010,2007-03-16,6.58,05-31-2007,Morgan Stanley
2010,2007-04-05,6.58,05-31-2007,Morgan Stanley
2010,2007-05-04,6.58,05-31-2007,Morgan Stanley
2011,2006-04-24,5.76,05-31-2007,Morgan Stanley
2011,2006-05-25,5.76,05-31-2007,Morgan Stanley
2011,2006-06-01,5.76,05-31-2007,Morgan Stanley
2011,2006-06-07,5.76,05-31-2007,Morgan Stanley
2011,2006-07-14,5.76,05-31-2007,Morgan Stanley
2011,2006-07-19,5.76,05-31-2007,Morgan Stanley
2011,2006-09-01,5.76,05-31-2007,Morgan Stanley
2011,2006-09-07,5.76,05-31-2007,Morgan Stanley
2011,2006-09-15,5.76,05-31-2007,Morgan Stanley
2011,2006-11-08,6.17,05-31-2007,Morgan Stanley
2011,2006-11-27,6.17,05-31-2007,Morgan Stanley
2011,2007-01-03,6.39,05-31-2007,Morgan Stanley
2011,2007-01-16,6.39,05-31-2007,Morgan Stanley
2011,2007-02-09,6.26,05-31-2007,Morgan Stanley
2011,2007-03-16,6.26,05-31-2007,Morgan Stanley
2011,2007-04-05,6.26,05-31-2007,Morgan Stanley
2011,2007-05-04,6.26,05-31-2007,Morgan Stanley
Q2-11,2009-09-10,6.33,05-31-2011,Morgan Stanley
Q2-11,2009-09-17,6.33,05-31-2011,Morgan Stanley
Q2-11,2009-10-02,6.33,05-31-2011,Morgan Stanley
Q2-11,2009-10-08,6.33,05-31-2011,Morgan Stanley
Q2-11,2009-10-15,6.33,05-31-2011,Morgan Stanley
Q2-11,2009-10-22,6.33,05-31-2011,Morgan Stanley
Q2-11,2009-10-29,6.33,05-31-2011,Morgan Stanley
Q2-11,2010-04-06,6.4,05-31-2011,Morgan Stanley
Q2-11,2010-04-08,6.36,05-31-2011,Morgan Stanley
Q2-11,2010-05-14,6.36,05-31-2011,Morgan Stanley
Q2-11,2010-05-27,6.4,05-31-2011,Morgan Stanley
Q2-11,2010-06-04,6.4,05-31-2011,Morgan Stanley
Q2-11,2010-06-18,6.4,05-31-2011,Morgan Stanley
Q2-11,2010-06-25,6.4,05-31-2011,Morgan Stanley
Q2-11,2010-07-02,6.4,05-31-2011,Morgan Stanley
Q2-11,2010-08-05,6.4,05-31-2011,Morgan Stanley
Q2-11,2010-08-23,6.4,05-31-2011,Morgan Stanley
Q2-11,2010-09-07,6.4,05-31-2011,Morgan Stanley
Q2-11,2010-09-17,6.4,05-31-2011,Morgan Stanley
Q2-11,2010-09-24,6.4,05-31-2011,Morgan Stanley
Q2-11,2010-09-30,6.4,05-31-2011,Morgan Stanley
Q2-11,2010-10-28,6.4,05-31-2011,Morgan Stanley
Q2-11,2010-12-13,6.4,05-31-2011,Morgan Stanley
Q2-11,2011-01-31,6.4,05-31-2011,Morgan Stanley
Q2-11,2011-03-03,6.4,05-31-2011,Morgan Stanley
Q2-11,2011-03-04,6.4,05-31-2011,Morgan Stanley
Q2-11,2011-03-07,6.4,05-31-2011,Morgan Stanley
Q2-11,2011-04-01,6.4,05-31-2011,Morgan Stanley
Q2-11,2011-04-28,6.4,05-31-2011,Morgan Stanley
Q3-11,2010-04-08,6.26,05-31-2011,Morgan Stanley
Q3-11,2010-05-14,6.26,05-31-2011,Morgan Stanley
Q3-11,2010-05-27,6.3,05-31-2011,Morgan Stanley
Q3-11,2010-06-18,6.3,05-31-2011,Morgan Stanley
Q3-11,2010-06-25,6.3,05-31-2011,Morgan Stanley
Q3-11,2010-07-02,6.3,05-31-2011,Morgan Stanley
Q3-11,2010-08-05,6.3,05-31-2011,Morgan Stanley
Q3-11,2010-08-23,6.3,05-31-2011,Morgan Stanley
Q3-11,2010-09-07,6.3,05-31-2011,Morgan Stanley
Q3-11,2010-09-17,6.3,05-31-2011,Morgan Stanley
Q3-11,2010-09-24,6.3,05-31-2011,Morgan Stanley
Q3-11,2010-09-30,6.3,05-31-2011,Morgan Stanley
Q3-11,2010-10-28,6.3,05-31-2011,Morgan Stanley
Q3-11,2010-12-13,6.3,05-31-2011,Morgan Stanley
Q3-11,2011-01-31,6.3,05-31-2011,Morgan Stanley
Q3-11,2011-03-03,6.3,05-31-2011,Morgan Stanley
Q3-11,2011-03-04,6.3,05-31-2011,Morgan Stanley
Q3-11,2011-03-07,6.3,05-31-2011,Morgan Stanley
Q3-11,2011-04-01,6.3,05-31-2011,Morgan Stanley
Q3-11,2011-04-28,6.3,05-31-2011,Morgan Stanley
Q4-11,2010-04-06,6.3,05-31-2011,Morgan Stanley
Q4-11,2010-04-08,6.17,05-31-2011,Morgan Stanley
Q4-11,2010-05-14,6.17,05-31-2011,Morgan Stanley
Q4-11,2010-05-27,6.2,05-31-2011,Morgan Stanley
Q4-11,2010-06-04,6.3,05-31-2011,Morgan Stanley
Q4-11,2010-06-18,6.2,05-31-2011,Morgan Stanley
Q4-11,2010-06-25,6.2,05-31-2011,Morgan Stanley
Q4-11,2010-07-02,6.2,05-31-2011,Morgan Stanley
Q4-11,2010-08-05,6.2,05-31-2011,Morgan Stanley
Q4-11,2010-08-23,6.2,05-31-2011,Morgan Stanley
Q4-11,2010-09-07,6.2,05-31-2011,Morgan Stanley
Q4-11,2010-09-17,6.2,05-31-2011,Morgan Stanley
Q4-11,2010-09-24,6.2,05-31-2011,Morgan Stanley
Q4-11,2010-09-30,6.2,05-31-2011,Morgan Stanley
Q4-11,2010-10-28,6.2,05-31-2011,Morgan Stanley
Q4-11,2010-12-13,6.2,05-31-2011,Morgan Stanley
Q4-11,2011-01-31,6.2,05-31-2011,Morgan Stanley
Q4-11,2011-03-03,6.2,05-31-2011,Morgan Stanley
Q4-11,2011-03-04,6.2,05-31-2011,Morgan Stanley
Q4-11,2011-03-07,6.2,05-31-2011,Morgan Stanley
Q4-11,2011-04-01,6.2,05-31-2011,Morgan Stanley
Q4-11,2011-04-28,6.2,05-31-2011,Morgan Stanley
Q1-12,2010-12-13,6.11,05-31-2011,Morgan Stanley
Q1-12,2011-01-31,6.11,05-31-2011,Morgan Stanley
Q1-12,2011-03-03,6.11,05-31-2011,Morgan Stanley
Q1-12,2011-03-04,6.11,05-31-2011,Morgan Stanley
Q1-12,2011-03-07,6.11,05-31-2011,Morgan Stanley
Q1-12,2011-04-01,6.11,05-31-2011,Morgan Stanley
Q1-12,2011-04-28,6.11,05-31-2011,Morgan Stanley
2012,2010-04-06,6.2,05-31-2011,Morgan Stanley
2012,2010-06-04,6.2,05-31-2011,Morgan Stanley
2012,2010-12-13,5.82,05-31-2011,Morgan Stanley
2012,2011-01-31,5.82,05-31-2011,Morgan Stanley
2012,2011-03-03,5.82,05-31-2011,Morgan Stanley
2012,2011-03-04,5.82,05-31-2011,Morgan Stanley
2012,2011-03-07,5.82,05-31-2011,Morgan Stanley
2012,2011-04-01,5.82,05-31-2011,Morgan Stanley
2012,2011-04-28,5.82,05-31-2011,Morgan Stanley
Q3-20,2019-10-09,7.2,08-31-2020,Morgan Stanley
Q3-20,2019-11-18,6.83,08-31-2020,Morgan Stanley
Q3-20,2020-01-02,6.83,08-31-2020,Morgan Stanley
Q3-20,2020-02-13,6.83,08-31-2020,Morgan Stanley
Q3-20,2020-04-01,6.83,08-31-2020,Morgan Stanley
Q3-20,2020-06-15,7.15,08-31-2020,Morgan Stanley
Q3-20,2020-07-29,7.15,08-31-2020,Morgan Stanley
Q4-20,2018-11-26,6.75,08-31-2020,Morgan Stanley
Q4-20,2019-01-03,6.75,08-31-2020,Morgan Stanley
Q4-20,2019-02-11,6.75,08-31-2020,Morgan Stanley
Q4-20,2019-02-12,6.3,08-31-2020,Morgan Stanley
Q4-20,2019-03-27,6.75,08-31-2020,Morgan Stanley
Q4-20,2019-05-13,6.45,08-31-2020,Morgan Stanley
Q4-20,2019-05-31,6.45,08-31-2020,Morgan Stanley
Q4-20,2019-06-05,6.7,08-31-2020,Morgan Stanley
Q4-20,2019-08-30,7.15,08-31-2020,Morgan Stanley
Q4-20,2019-10-09,7.15,08-31-2020,Morgan Stanley
Q4-20,2019-11-18,6.85,08-31-2020,Morgan Stanley
Q4-20,2020-01-02,6.85,08-31-2020,Morgan Stanley
Q4-20,2020-02-13,6.85,08-31-2020,Morgan Stanley
Q4-20,2020-04-01,6.85,08-31-2020,Morgan Stanley
Q4-20,2020-06-15,7.1,08-31-2020,Morgan Stanley
Q4-20,2020-07-29,7.1,08-31-2020,Morgan Stanley
Q1-21,2020-04-01,6.81,08-31-2020,Morgan Stanley
Q1-21,2020-06-15,7.1,08-31-2020,Morgan Stanley
Q1-21,2020-07-29,7.1,08-31-2020,Morgan Stanley
Q2-21,2020-06-15,7.08,08-31-2020,Morgan Stanley
Q2-21,2020-07-29,7.08,08-31-2020,Morgan Stanley
2021,2019-11-18,6.75,08-31-2020,Morgan Stanley
2021,2020-01-02,6.75,08-31-2020,Morgan Stanley
2021,2020-02-13,6.75,08-31-2020,Morgan Stanley
2021,2020-04-01,6.75,08-31-2020,Morgan Stanley
2021,2020-06-15,7.0,08-31-2020,Morgan Stanley
2021,2020-07-29,7.0,08-31-2020,Morgan Stanley
Q4-16,2014-12-01,6.07,11-30-2016,Morgan Stanley
Q4-16,2015-01-23,6.07,11-30-2016,Morgan Stanley
Q4-16,2015-02-06,6.07,11-30-2016,Morgan Stanley
Q4-16,2015-03-23,6.07,11-30-2016,Morgan Stanley
Q4-16,2015-04-12,6.07,11-30-2016,Morgan Stanley
Q4-16,2015-04-13,6.07,11-30-2016,Morgan Stanley
Q4-16,2015-07-09,6.07,11-30-2016,Morgan Stanley
Q4-16,2015-08-17,6.91,11-30-2016,Morgan Stanley
Q4-16,2015-09-02,6.91,11-30-2016,Morgan Stanley
Q4-16,2015-09-14,6.91,11-30-2016,Morgan Stanley
Q4-16,2015-11-02,6.91,11-30-2016,Morgan Stanley
Q4-16,2015-11-09,6.91,11-30-2016,Morgan Stanley
Q4-16,2015-11-30,6.8,11-30-2016,Morgan Stanley
Q4-16,2016-01-11,6.98,11-30-2016,Morgan Stanley
Q4-16,2016-07-18,6.82,11-30-2016,Morgan Stanley
Q4-16,2016-08-24,6.82,11-30-2016,Morgan Stanley
Q4-16,2016-09-30,6.82,11-30-2016,Morgan Stanley
Q4-16,2016-10-14,6.82,11-30-2016,Morgan Stanley
Q4-16,2016-10-25,6.82,11-30-2016,Morgan Stanley
Q4-16,2016-11-28,6.98,11-30-2016,Morgan Stanley
Q1-17,2015-11-30,6.86,11-30-2016,Morgan Stanley
Q1-17,2016-07-18,6.94,11-30-2016,Morgan Stanley
Q1-17,2016-08-24,6.94,11-30-2016,Morgan Stanley
Q1-17,2016-09-30,6.94,11-30-2016,Morgan Stanley
Q1-17,2016-10-14,6.94,11-30-2016,Morgan Stanley
Q1-17,2016-10-25,6.94,11-30-2016,Morgan Stanley
Q1-17,2016-11-28,7.08,11-30-2016,Morgan Stanley
Q2-17,2015-11-30,6.92,11-30-2016,Morgan Stanley
Q2-17,2016-07-18,7.05,11-30-2016,Morgan Stanley
Q2-17,2016-08-24,7.05,11-30-2016,Morgan Stanley
Q2-17,2016-09-30,7.05,11-30-2016,Morgan Stanley
Q2-17,2016-10-14,7.05,11-30-2016,Morgan Stanley
Q2-17,2016-10-25,7.05,11-30-2016,Morgan Stanley
Q2-17,2016-11-28,7.16,11-30-2016,Morgan Stanley
Q3-17,2015-11-30,6.98,11-30-2016,Morgan Stanley
Q3-17,2016-09-30,7.17,11-30-2016,Morgan Stanley
Q3-17,2016-10-14,7.17,11-30-2016,Morgan Stanley
Q3-17,2016-10-25,7.17,11-30-2016,Morgan Stanley
Q3-17,2016-11-28,7.23,11-30-2016,Morgan Stanley
2017,2015-11-30,7.07,11-30-2016,Morgan Stanley
2017,2016-01-11,7.15,11-30-2016,Morgan Stanley
2017,2016-07-18,7.26,11-30-2016,Morgan Stanley
2017,2016-08-24,7.26,11-30-2016,Morgan Stanley
2017,2016-09-30,7.26,11-30-2016,Morgan Stanley
2017,2016-10-14,7.26,11-30-2016,Morgan Stanley
2017,2016-10-25,7.26,11-30-2016,Morgan Stanley
2017,2016-11-28,7.3,11-30-2016,Morgan Stanley
2018,2016-01-11,7.23,11-30-2016,Morgan Stanley
2018,2016-11-28,7.43,11-30-2016,Morgan Stanley
2019,2016-01-11,7.31,11-30-2016,Morgan Stanley
Q1-11,2009-09-10,6.44,02-28-2011,Morgan Stanley
Q1-11,2009-09-17,6.44,02-28-2011,Morgan Stanley
Q1-11,2009-10-02,6.44,02-28-2011,Morgan Stanley
Q1-11,2009-10-08,6.44,02-28-2011,Morgan Stanley
Q1-11,2009-10-15,6.44,02-28-2011,Morgan Stanley
Q1-11,2009-10-22,6.44,02-28-2011,Morgan Stanley
Q1-11,2009-10-29,6.44,02-28-2011,Morgan Stanley
Q1-11,2010-04-06,6.5,02-28-2011,Morgan Stanley
Q1-11,2010-04-08,6.45,02-28-2011,Morgan Stanley
Q1-11,2010-04-30,6.45,02-28-2011,Morgan Stanley
Q1-11,2010-05-14,6.45,02-28-2011,Morgan Stanley
Q1-11,2010-05-27,6.5,02-28-2011,Morgan Stanley
Q1-11,2010-06-04,6.5,02-28-2011,Morgan Stanley
Q1-11,2010-06-18,6.5,02-28-2011,Morgan Stanley
Q1-11,2010-06-25,6.5,02-28-2011,Morgan Stanley
Q1-11,2010-07-02,6.5,02-28-2011,Morgan Stanley
Q1-11,2010-08-05,6.5,02-28-2011,Morgan Stanley
Q1-11,2010-08-23,6.5,02-28-2011,Morgan Stanley
Q1-11,2010-09-07,6.5,02-28-2011,Morgan Stanley
Q1-11,2010-09-17,6.5,02-28-2011,Morgan Stanley
Q1-11,2010-09-24,6.5,02-28-2011,Morgan Stanley
Q1-11,2010-09-30,6.5,02-28-2011,Morgan Stanley
Q1-11,2010-10-28,6.5,02-28-2011,Morgan Stanley
Q1-11,2010-12-13,6.5,02-28-2011,Morgan Stanley
Q1-11,2011-01-31,6.5,02-28-2011,Morgan Stanley
Q2-11,2009-09-10,6.33,02-28-2011,Morgan Stanley
Q2-11,2009-09-17,6.33,02-28-2011,Morgan Stanley
Q2-11,2009-10-02,6.33,02-28-2011,Morgan Stanley
Q2-11,2009-10-08,6.33,02-28-2011,Morgan Stanley
Q2-11,2009-10-15,6.33,02-28-2011,Morgan Stanley
Q2-11,2009-10-22,6.33,02-28-2011,Morgan Stanley
Q2-11,2009-10-29,6.33,02-28-2011,Morgan Stanley
Q2-11,2010-04-06,6.4,02-28-2011,Morgan Stanley
Q2-11,2010-04-08,6.36,02-28-2011,Morgan Stanley
Q2-11,2010-05-14,6.36,02-28-2011,Morgan Stanley
Q2-11,2010-05-27,6.4,02-28-2011,Morgan Stanley
Q2-11,2010-06-04,6.4,02-28-2011,Morgan Stanley
Q2-11,2010-06-18,6.4,02-28-2011,Morgan Stanley
Q2-11,2010-06-25,6.4,02-28-2011,Morgan Stanley
Q2-11,2010-07-02,6.4,02-28-2011,Morgan Stanley
Q2-11,2010-08-05,6.4,02-28-2011,Morgan Stanley
Q2-11,2010-08-23,6.4,02-28-2011,Morgan Stanley
Q2-11,2010-09-07,6.4,02-28-2011,Morgan Stanley
Q2-11,2010-09-17,6.4,02-28-2011,Morgan Stanley
Q2-11,2010-09-24,6.4,02-28-2011,Morgan Stanley
Q2-11,2010-09-30,6.4,02-28-2011,Morgan Stanley
Q2-11,2010-10-28,6.4,02-28-2011,Morgan Stanley
Q2-11,2010-12-13,6.4,02-28-2011,Morgan Stanley
Q2-11,2011-01-31,6.4,02-28-2011,Morgan Stanley
Q3-11,2010-04-08,6.26,02-28-2011,Morgan Stanley
Q3-11,2010-05-14,6.26,02-28-2011,Morgan Stanley
Q3-11,2010-05-27,6.3,02-28-2011,Morgan Stanley
Q3-11,2010-06-18,6.3,02-28-2011,Morgan Stanley
Q3-11,2010-06-25,6.3,02-28-2011,Morgan Stanley
Q3-11,2010-07-02,6.3,02-28-2011,Morgan Stanley
Q3-11,2010-08-05,6.3,02-28-2011,Morgan Stanley
Q3-11,2010-08-23,6.3,02-28-2011,Morgan Stanley
Q3-11,2010-09-07,6.3,02-28-2011,Morgan Stanley
Q3-11,2010-09-17,6.3,02-28-2011,Morgan Stanley
Q3-11,2010-09-24,6.3,02-28-2011,Morgan Stanley
Q3-11,2010-09-30,6.3,02-28-2011,Morgan Stanley
Q3-11,2010-10-28,6.3,02-28-2011,Morgan Stanley
Q3-11,2010-12-13,6.3,02-28-2011,Morgan Stanley
Q3-11,2011-01-31,6.3,02-28-2011,Morgan Stanley
Q4-11,2010-04-06,6.3,02-28-2011,Morgan Stanley
Q4-11,2010-04-08,6.17,02-28-2011,Morgan Stanley
Q4-11,2010-05-14,6.17,02-28-2011,Morgan Stanley
Q4-11,2010-05-27,6.2,02-28-2011,Morgan Stanley
Q4-11,2010-06-04,6.3,02-28-2011,Morgan Stanley
Q4-11,2010-06-18,6.2,02-28-2011,Morgan Stanley
Q4-11,2010-06-25,6.2,02-28-2011,Morgan Stanley
Q4-11,2010-07-02,6.2,02-28-2011,Morgan Stanley
Q4-11,2010-08-05,6.2,02-28-2011,Morgan Stanley
Q4-11,2010-08-23,6.2,02-28-2011,Morgan Stanley
Q4-11,2010-09-07,6.2,02-28-2011,Morgan Stanley
Q4-11,2010-09-17,6.2,02-28-2011,Morgan Stanley
Q4-11,2010-09-24,6.2,02-28-2011,Morgan Stanley
Q4-11,2010-09-30,6.2,02-28-2011,Morgan Stanley
Q4-11,2010-10-28,6.2,02-28-2011,Morgan Stanley
Q4-11,2010-12-13,6.2,02-28-2011,Morgan Stanley
Q4-11,2011-01-31,6.2,02-28-2011,Morgan Stanley
2012,2010-04-06,6.2,02-28-2011,Morgan Stanley
2012,2010-06-04,6.2,02-28-2011,Morgan Stanley
2012,2010-12-13,5.82,02-28-2011,Morgan Stanley
2012,2011-01-31,5.82,02-28-2011,Morgan Stanley
Q3-16,2014-12-01,6.07,08-31-2016,Morgan Stanley
Q3-16,2015-01-23,6.07,08-31-2016,Morgan Stanley
Q3-16,2015-02-06,6.07,08-31-2016,Morgan Stanley
Q3-16,2015-03-23,6.07,08-31-2016,Morgan Stanley
Q3-16,2015-04-12,6.07,08-31-2016,Morgan Stanley
Q3-16,2015-04-13,6.07,08-31-2016,Morgan Stanley
Q3-16,2015-07-09,6.07,08-31-2016,Morgan Stanley
Q3-16,2015-08-17,6.85,08-31-2016,Morgan Stanley
Q3-16,2015-09-02,6.85,08-31-2016,Morgan Stanley
Q3-16,2015-09-14,6.85,08-31-2016,Morgan Stanley
Q3-16,2015-11-02,6.85,08-31-2016,Morgan Stanley
Q3-16,2015-11-09,6.85,08-31-2016,Morgan Stanley
Q3-16,2015-11-30,6.75,08-31-2016,Morgan Stanley
Q3-16,2016-01-11,6.91,08-31-2016,Morgan Stanley
Q3-16,2016-07-18,6.78,08-31-2016,Morgan Stanley
Q3-16,2016-08-24,6.78,08-31-2016,Morgan Stanley
Q4-16,2014-12-01,6.07,08-31-2016,Morgan Stanley
Q4-16,2015-01-23,6.07,08-31-2016,Morgan Stanley
Q4-16,2015-02-06,6.07,08-31-2016,Morgan Stanley
Q4-16,2015-03-23,6.07,08-31-2016,Morgan Stanley
Q4-16,2015-04-12,6.07,08-31-2016,Morgan Stanley
Q4-16,2015-04-13,6.07,08-31-2016,Morgan Stanley
Q4-16,2015-07-09,6.07,08-31-2016,Morgan Stanley
Q4-16,2015-08-17,6.91,08-31-2016,Morgan Stanley
Q4-16,2015-09-02,6.91,08-31-2016,Morgan Stanley
Q4-16,2015-09-14,6.91,08-31-2016,Morgan Stanley
Q4-16,2015-11-02,6.91,08-31-2016,Morgan Stanley
Q4-16,2015-11-09,6.91,08-31-2016,Morgan Stanley
Q4-16,2015-11-30,6.8,08-31-2016,Morgan Stanley
Q4-16,2016-01-11,6.98,08-31-2016,Morgan Stanley
Q4-16,2016-07-18,6.82,08-31-2016,Morgan Stanley
Q4-16,2016-08-24,6.82,08-31-2016,Morgan Stanley
Q1-17,2015-11-30,6.86,08-31-2016,Morgan Stanley
Q1-17,2016-07-18,6.94,08-31-2016,Morgan Stanley
Q1-17,2016-08-24,6.94,08-31-2016,Morgan Stanley
Q2-17,2015-11-30,6.92,08-31-2016,Morgan Stanley
Q2-17,2016-07-18,7.05,08-31-2016,Morgan Stanley
Q2-17,2016-08-24,7.05,08-31-2016,Morgan Stanley
2017,2015-11-30,7.07,08-31-2016,Morgan Stanley
2017,2016-01-11,7.15,08-31-2016,Morgan Stanley
2017,2016-07-18,7.26,08-31-2016,Morgan Stanley
2017,2016-08-24,7.26,08-31-2016,Morgan Stanley
2018,2016-01-11,7.23,08-31-2016,Morgan Stanley
2019,2016-01-11,7.31,08-31-2016,Morgan Stanley
Q4-20,2019-01-03,6.75,11-30-2020,Morgan Stanley
Q4-20,2019-02-11,6.75,11-30-2020,Morgan Stanley
Q4-20,2019-02-12,6.3,11-30-2020,Morgan Stanley
Q4-20,2019-03-27,6.75,11-30-2020,Morgan Stanley
Q4-20,2019-05-13,6.45,11-30-2020,Morgan Stanley
Q4-20,2019-05-31,6.45,11-30-2020,Morgan Stanley
Q4-20,2019-06-05,6.7,11-30-2020,Morgan Stanley
Q4-20,2019-08-30,7.15,11-30-2020,Morgan Stanley
Q4-20,2019-10-09,7.15,11-30-2020,Morgan Stanley
Q4-20,2019-11-18,6.85,11-30-2020,Morgan Stanley
Q4-20,2020-01-02,6.85,11-30-2020,Morgan Stanley
Q4-20,2020-02-13,6.85,11-30-2020,Morgan Stanley
Q4-20,2020-04-01,6.85,11-30-2020,Morgan Stanley
Q4-20,2020-06-15,7.1,11-30-2020,Morgan Stanley
Q4-20,2020-07-29,7.1,11-30-2020,Morgan Stanley
Q4-20,2020-09-11,6.8,11-30-2020,Morgan Stanley
Q4-20,2020-10-29,7.1,11-30-2020,Morgan Stanley
Q4-20,2020-11-16,6.6,11-30-2020,Morgan Stanley
Q1-21,2020-04-01,6.81,11-30-2020,Morgan Stanley
Q1-21,2020-06-15,7.1,11-30-2020,Morgan Stanley
Q1-21,2020-07-29,7.1,11-30-2020,Morgan Stanley
Q1-21,2020-09-11,6.75,11-30-2020,Morgan Stanley
Q1-21,2020-10-29,7.1,11-30-2020,Morgan Stanley
Q1-21,2020-11-16,6.55,11-30-2020,Morgan Stanley
Q2-21,2020-06-15,7.08,11-30-2020,Morgan Stanley
Q2-21,2020-07-29,7.08,11-30-2020,Morgan Stanley
Q2-21,2020-09-11,6.7,11-30-2020,Morgan Stanley
Q2-21,2020-10-29,7.08,11-30-2020,Morgan Stanley
Q2-21,2020-11-16,6.5,11-30-2020,Morgan Stanley
Q3-21,2020-09-11,6.65,11-30-2020,Morgan Stanley
Q3-21,2020-10-29,7.02,11-30-2020,Morgan Stanley
Q3-21,2020-11-16,6.45,11-30-2020,Morgan Stanley
2021,2019-11-18,6.75,11-30-2020,Morgan Stanley
2021,2020-01-02,6.75,11-30-2020,Morgan Stanley
2021,2020-02-13,6.75,11-30-2020,Morgan Stanley
2021,2020-04-01,6.75,11-30-2020,Morgan Stanley
2021,2020-06-15,7.0,11-30-2020,Morgan Stanley
2021,2020-07-29,7.0,11-30-2020,Morgan Stanley
2021,2020-09-11,6.6,11-30-2020,Morgan Stanley
2021,2020-10-29,7.0,11-30-2020,Morgan Stanley
2021,2020-11-16,6.4,11-30-2020,Morgan Stanley
2022,2020-11-16,6.35,11-30-2020,Morgan Stanley
Q1-07,2006-03-09,7.35,02-28-2007,Morgan Stanley
Q1-07,2006-03-23,7.35,02-28-2007,Morgan Stanley
Q1-07,2006-04-06,7.35,02-28-2007,Morgan Stanley
Q1-07,2006-04-12,7.35,02-28-2007,Morgan Stanley
Q1-07,2006-04-20,7.35,02-28-2007,Morgan Stanley
Q1-07,2006-04-24,7.35,02-28-2007,Morgan Stanley
Q1-07,2006-05-18,7.35,02-28-2007,Morgan Stanley
Q1-07,2006-05-25,7.35,02-28-2007,Morgan Stanley
Q1-07,2006-06-01,7.35,02-28-2007,Morgan Stanley
Q1-07,2006-06-07,7.35,02-28-2007,Morgan Stanley
Q1-07,2006-07-13,7.35,02-28-2007,Morgan Stanley
Q1-07,2006-07-14,7.5,02-28-2007,Morgan Stanley
Q1-07,2006-07-19,7.5,02-28-2007,Morgan Stanley
Q1-07,2006-08-31,7.35,02-28-2007,Morgan Stanley
Q1-07,2006-09-01,7.5,02-28-2007,Morgan Stanley
Q1-07,2006-09-07,7.5,02-28-2007,Morgan Stanley
Q1-07,2006-09-15,7.75,02-28-2007,Morgan Stanley
Q1-07,2006-10-06,7.35,02-28-2007,Morgan Stanley
Q1-07,2006-10-26,7.7,02-28-2007,Morgan Stanley
Q1-07,2006-11-02,7.7,02-28-2007,Morgan Stanley
Q1-07,2006-11-08,7.75,02-28-2007,Morgan Stanley
Q1-07,2006-11-09,7.7,02-28-2007,Morgan Stanley
Q1-07,2006-11-27,7.75,02-28-2007,Morgan Stanley
Q1-07,2007-01-03,7.8,02-28-2007,Morgan Stanley
Q1-07,2007-01-16,7.8,02-28-2007,Morgan Stanley
Q1-07,2007-02-09,7.7,02-28-2007,Morgan Stanley
Q2-07,2006-03-09,7.25,02-28-2007,Morgan Stanley
Q2-07,2006-03-23,7.25,02-28-2007,Morgan Stanley
Q2-07,2006-04-06,7.25,02-28-2007,Morgan Stanley
Q2-07,2006-04-12,7.25,02-28-2007,Morgan Stanley
Q2-07,2006-04-20,7.25,02-28-2007,Morgan Stanley
Q2-07,2006-05-18,7.25,02-28-2007,Morgan Stanley
Q2-07,2006-07-06,7.5,02-28-2007,Morgan Stanley
Q2-07,2006-07-13,7.25,02-28-2007,Morgan Stanley
Q2-07,2006-07-14,7.35,02-28-2007,Morgan Stanley
Q2-07,2006-07-19,7.35,02-28-2007,Morgan Stanley
Q2-07,2006-08-31,7.25,02-28-2007,Morgan Stanley
Q2-07,2006-09-01,7.35,02-28-2007,Morgan Stanley
Q2-07,2006-09-07,7.35,02-28-2007,Morgan Stanley
Q2-07,2006-09-15,7.5,02-28-2007,Morgan Stanley
Q2-07,2006-10-06,7.25,02-28-2007,Morgan Stanley
Q2-07,2006-10-26,7.65,02-28-2007,Morgan Stanley
Q2-07,2006-11-02,7.65,02-28-2007,Morgan Stanley
Q2-07,2006-11-08,7.7,02-28-2007,Morgan Stanley
Q2-07,2006-11-09,7.65,02-28-2007,Morgan Stanley
Q2-07,2006-11-27,7.7,02-28-2007,Morgan Stanley
Q2-07,2007-01-03,7.75,02-28-2007,Morgan Stanley
Q2-07,2007-01-16,7.75,02-28-2007,Morgan Stanley
Q2-07,2007-02-09,7.55,02-28-2007,Morgan Stanley
Q3-07,2006-04-06,7.1,02-28-2007,Morgan Stanley
Q3-07,2006-04-12,7.1,02-28-2007,Morgan Stanley
Q3-07,2006-04-20,7.1,02-28-2007,Morgan Stanley
Q3-07,2006-05-18,7.1,02-28-2007,Morgan Stanley
Q3-07,2006-07-13,7.1,02-28-2007,Morgan Stanley
Q3-07,2006-08-31,7.1,02-28-2007,Morgan Stanley
Q3-07,2006-09-15,7.35,02-28-2007,Morgan Stanley
Q3-07,2006-10-06,7.1,02-28-2007,Morgan Stanley
Q3-07,2006-10-26,7.6,02-28-2007,Morgan Stanley
Q3-07,2006-11-02,7.6,02-28-2007,Morgan Stanley
Q3-07,2006-11-08,7.7,02-28-2007,Morgan Stanley
Q3-07,2006-11-09,7.6,02-28-2007,Morgan Stanley
Q3-07,2006-11-27,7.7,02-28-2007,Morgan Stanley
Q3-07,2007-01-03,7.7,02-28-2007,Morgan Stanley
Q3-07,2007-01-16,7.7,02-28-2007,Morgan Stanley
Q3-07,2007-02-09,7.4,02-28-2007,Morgan Stanley
Q4-07,2006-03-09,7.0,02-28-2007,Morgan Stanley
Q4-07,2006-03-23,7.0,02-28-2007,Morgan Stanley
Q4-07,2006-04-06,7.23,02-28-2007,Morgan Stanley
Q4-07,2006-04-12,7.23,02-28-2007,Morgan Stanley
Q4-07,2006-04-20,7.23,02-28-2007,Morgan Stanley
Q4-07,2006-04-24,7.0,02-28-2007,Morgan Stanley
Q4-07,2006-05-18,7.28,02-28-2007,Morgan Stanley
Q4-07,2006-05-25,7.0,02-28-2007,Morgan Stanley
Q4-07,2006-06-01,7.0,02-28-2007,Morgan Stanley
Q4-07,2006-06-07,7.0,02-28-2007,Morgan Stanley
Q4-07,2006-07-06,7.0,02-28-2007,Morgan Stanley
Q4-07,2006-07-13,7.0,02-28-2007,Morgan Stanley
Q4-07,2006-07-14,7.0,02-28-2007,Morgan Stanley
Q4-07,2006-07-19,7.0,02-28-2007,Morgan Stanley
Q4-07,2006-08-31,7.0,02-28-2007,Morgan Stanley
Q4-07,2006-09-01,7.0,02-28-2007,Morgan Stanley
Q4-07,2006-09-07,7.0,02-28-2007,Morgan Stanley
Q4-07,2006-09-15,7.0,02-28-2007,Morgan Stanley
Q4-07,2006-10-06,7.0,02-28-2007,Morgan Stanley
Q4-07,2006-10-26,7.5,02-28-2007,Morgan Stanley
Q4-07,2006-11-02,7.5,02-28-2007,Morgan Stanley
Q4-07,2006-11-08,7.5,02-28-2007,Morgan Stanley
Q4-07,2006-11-09,7.5,02-28-2007,Morgan Stanley
Q4-07,2006-11-27,7.5,02-28-2007,Morgan Stanley
Q4-07,2007-01-03,7.7,02-28-2007,Morgan Stanley
Q4-07,2007-01-16,7.7,02-28-2007,Morgan Stanley
Q4-07,2007-02-09,7.25,02-28-2007,Morgan Stanley
2008,2006-03-09,6.67,02-28-2007,Morgan Stanley
2008,2006-03-23,6.67,02-28-2007,Morgan Stanley
2008,2006-04-24,6.67,02-28-2007,Morgan Stanley
2008,2006-05-25,6.67,02-28-2007,Morgan Stanley
2008,2006-06-01,6.67,02-28-2007,Morgan Stanley
2008,2006-06-07,6.67,02-28-2007,Morgan Stanley
2008,2006-07-14,6.67,02-28-2007,Morgan Stanley
2008,2006-07-19,6.67,02-28-2007,Morgan Stanley
2008,2006-09-01,6.67,02-28-2007,Morgan Stanley
2008,2006-09-07,6.67,02-28-2007,Morgan Stanley
2008,2006-09-15,6.67,02-28-2007,Morgan Stanley
2008,2006-11-08,7.14,02-28-2007,Morgan Stanley
2008,2006-11-27,7.14,02-28-2007,Morgan Stanley
2008,2007-01-03,7.4,02-28-2007,Morgan Stanley
2008,2007-01-16,7.4,02-28-2007,Morgan Stanley
2008,2007-02-09,7.25,02-28-2007,Morgan Stanley
2009,2006-03-09,6.35,02-28-2007,Morgan Stanley
2009,2006-03-23,6.35,02-28-2007,Morgan Stanley
2009,2006-04-24,6.35,02-28-2007,Morgan Stanley
2009,2006-05-25,6.35,02-28-2007,Morgan Stanley
2009,2006-06-01,6.35,02-28-2007,Morgan Stanley
2009,2006-06-07,6.35,02-28-2007,Morgan Stanley
2009,2006-07-14,6.35,02-28-2007,Morgan Stanley
2009,2006-07-19,6.35,02-28-2007,Morgan Stanley
2009,2006-09-01,6.35,02-28-2007,Morgan Stanley
2009,2006-09-07,6.35,02-28-2007,Morgan Stanley
2009,2006-09-15,6.35,02-28-2007,Morgan Stanley
2009,2006-11-08,6.8,02-28-2007,Morgan Stanley
2009,2006-11-27,6.8,02-28-2007,Morgan Stanley
2009,2007-01-03,7.05,02-28-2007,Morgan Stanley
2009,2007-01-16,7.05,02-28-2007,Morgan Stanley
2009,2007-02-09,6.9,02-28-2007,Morgan Stanley
2010,2006-04-24,6.05,02-28-2007,Morgan Stanley
2010,2006-05-25,6.05,02-28-2007,Morgan Stanley
2010,2006-06-01,6.05,02-28-2007,Morgan Stanley
2010,2006-06-07,6.05,02-28-2007,Morgan Stanley
2010,2006-07-14,6.05,02-28-2007,Morgan Stanley
2010,2006-07-19,6.05,02-28-2007,Morgan Stanley
2010,2006-09-01,6.05,02-28-2007,Morgan Stanley
2010,2006-09-07,6.05,02-28-2007,Morgan Stanley
2010,2006-09-15,6.05,02-28-2007,Morgan Stanley
2010,2006-11-08,6.48,02-28-2007,Morgan Stanley
2010,2006-11-27,6.48,02-28-2007,Morgan Stanley
2010,2007-01-03,6.71,02-28-2007,Morgan Stanley
2010,2007-01-16,6.71,02-28-2007,Morgan Stanley
2010,2007-02-09,6.58,02-28-2007,Morgan Stanley
2011,2006-04-24,5.76,02-28-2007,Morgan Stanley
2011,2006-05-25,5.76,02-28-2007,Morgan Stanley
2011,2006-06-01,5.76,02-28-2007,Morgan Stanley
2011,2006-06-07,5.76,02-28-2007,Morgan Stanley
2011,2006-07-14,5.76,02-28-2007,Morgan Stanley
2011,2006-07-19,5.76,02-28-2007,Morgan Stanley
2011,2006-09-01,5.76,02-28-2007,Morgan Stanley
2011,2006-09-07,5.76,02-28-2007,Morgan Stanley
2011,2006-09-15,5.76,02-28-2007,Morgan Stanley
2011,2006-11-08,6.17,02-28-2007,Morgan Stanley
2011,2006-11-27,6.17,02-28-2007,Morgan Stanley
2011,2007-01-03,6.39,02-28-2007,Morgan Stanley
2011,2007-01-16,6.39,02-28-2007,Morgan Stanley
2011,2007-02-09,6.26,02-28-2007,Morgan Stanley
Q4-21,2020-01-02,6.75,11-30-2021,Morgan Stanley
Q4-21,2020-02-13,6.75,11-30-2021,Morgan Stanley
Q4-21,2020-04-01,6.75,11-30-2021,Morgan Stanley
Q4-21,2020-06-15,7.0,11-30-2021,Morgan Stanley
Q4-21,2020-07-29,7.0,11-30-2021,Morgan Stanley
Q4-21,2020-09-11,6.6,11-30-2021,Morgan Stanley
Q4-21,2020-10-29,7.0,11-30-2021,Morgan Stanley
Q4-21,2020-11-16,6.4,11-30-2021,Morgan Stanley
Q4-21,2021-01-20,6.25,11-30-2021,Morgan Stanley
Q4-21,2021-03-05,6.25,11-30-2021,Morgan Stanley
Q4-21,2021-04-14,6.25,11-30-2021,Morgan Stanley
Q4-21,2021-05-17,6.48,11-30-2021,Morgan Stanley
Q4-21,2021-07-05,6.48,11-30-2021,Morgan Stanley
Q4-21,2021-08-13,6.48,11-30-2021,Morgan Stanley
Q4-21,2021-09-21,6.48,11-30-2021,Morgan Stanley
Q4-21,2021-11-15,6.42,11-30-2021,Morgan Stanley
Q1-22,2021-03-05,6.24,11-30-2021,Morgan Stanley
Q1-22,2021-04-14,6.24,11-30-2021,Morgan Stanley
Q1-22,2021-05-17,6.53,11-30-2021,Morgan Stanley
Q1-22,2021-07-05,6.53,11-30-2021,Morgan Stanley
Q1-22,2021-08-13,6.53,11-30-2021,Morgan Stanley
Q1-22,2021-09-21,6.53,11-30-2021,Morgan Stanley
Q1-22,2021-11-15,6.48,11-30-2021,Morgan Stanley
Q2-22,2021-07-05,6.55,11-30-2021,Morgan Stanley
Q2-22,2021-08-13,6.55,11-30-2021,Morgan Stanley
Q2-22,2021-09-21,6.55,11-30-2021,Morgan Stanley
Q2-22,2021-11-15,6.45,11-30-2021,Morgan Stanley
Q3-22,2021-07-05,6.47,11-30-2021,Morgan Stanley
Q3-22,2021-08-13,6.47,11-30-2021,Morgan Stanley
Q3-22,2021-09-21,6.47,11-30-2021,Morgan Stanley
Q3-22,2021-11-15,6.43,11-30-2021,Morgan Stanley
2022,2020-11-16,6.35,11-30-2021,Morgan Stanley
2022,2021-01-20,6.2,11-30-2021,Morgan Stanley
2022,2021-03-05,6.2,11-30-2021,Morgan Stanley
2022,2021-04-14,6.2,11-30-2021,Morgan Stanley
2022,2021-05-17,6.4,11-30-2021,Morgan Stanley
2022,2021-07-05,6.4,11-30-2021,Morgan Stanley
2022,2021-08-13,6.4,11-30-2021,Morgan Stanley
2022,2021-09-21,6.4,11-30-2021,Morgan Stanley
2022,2021-11-15,6.4,11-30-2021,Morgan Stanley
2023,2021-11-15,6.4,11-30-2021,Morgan Stanley
Q3-17,2015-11-30,6.98,08-31-2017,Morgan Stanley
Q3-17,2016-09-30,7.17,08-31-2017,Morgan Stanley
Q3-17,2016-10-14,7.17,08-31-2017,Morgan Stanley
Q3-17,2016-10-25,7.17,08-31-2017,Morgan Stanley
Q3-17,2016-11-28,7.23,08-31-2017,Morgan Stanley
Q3-17,2017-01-04,7.23,08-31-2017,Morgan Stanley
Q3-17,2017-01-05,7.23,08-31-2017,Morgan Stanley
Q3-17,2017-02-07,7.23,08-31-2017,Morgan Stanley
Q3-17,2017-02-09,7.23,08-31-2017,Morgan Stanley
Q3-17,2017-02-23,7.05,08-31-2017,Morgan Stanley
Q3-17,2017-03-09,7.05,08-31-2017,Morgan Stanley
Q3-17,2017-04-10,7.05,08-31-2017,Morgan Stanley
Q3-17,2017-06-06,6.86,08-31-2017,Morgan Stanley
Q3-17,2017-07-18,6.86,08-31-2017,Morgan Stanley
Q3-17,2017-08-11,6.63,08-31-2017,Morgan Stanley
Q4-17,2015-11-30,7.07,08-31-2017,Morgan Stanley
Q4-17,2016-01-11,7.15,08-31-2017,Morgan Stanley
Q4-17,2016-07-18,7.26,08-31-2017,Morgan Stanley
Q4-17,2016-08-24,7.26,08-31-2017,Morgan Stanley
Q4-17,2016-09-30,7.26,08-31-2017,Morgan Stanley
Q4-17,2016-10-14,7.26,08-31-2017,Morgan Stanley
Q4-17,2016-10-25,7.26,08-31-2017,Morgan Stanley
Q4-17,2016-11-28,7.3,08-31-2017,Morgan Stanley
Q4-17,2017-01-04,7.3,08-31-2017,Morgan Stanley
Q4-17,2017-01-05,7.3,08-31-2017,Morgan Stanley
Q4-17,2017-02-07,7.3,08-31-2017,Morgan Stanley
Q4-17,2017-02-09,7.3,08-31-2017,Morgan Stanley
Q4-17,2017-02-23,7.1,08-31-2017,Morgan Stanley
Q4-17,2017-03-09,7.1,08-31-2017,Morgan Stanley
Q4-17,2017-04-10,7.1,08-31-2017,Morgan Stanley
Q4-17,2017-06-06,6.9,08-31-2017,Morgan Stanley
Q4-17,2017-07-18,6.9,08-31-2017,Morgan Stanley
Q4-17,2017-08-11,6.6,08-31-2017,Morgan Stanley
Q1-18,2017-04-10,7.14,08-31-2017,Morgan Stanley
Q1-18,2017-06-06,6.93,08-31-2017,Morgan Stanley
Q1-18,2017-07-18,6.93,08-31-2017,Morgan Stanley
Q1-18,2017-08-11,6.63,08-31-2017,Morgan Stanley
Q2-18,2017-06-06,6.95,08-31-2017,Morgan Stanley
Q2-18,2017-07-18,6.95,08-31-2017,Morgan Stanley
Q2-18,2017-08-11,6.7,08-31-2017,Morgan Stanley
2018,2016-01-11,7.23,08-31-2017,Morgan Stanley
2018,2016-11-28,7.43,08-31-2017,Morgan Stanley
2018,2017-01-04,7.43,08-31-2017,Morgan Stanley
2018,2017-01-05,7.3,08-31-2017,Morgan Stanley
2018,2017-02-07,7.3,08-31-2017,Morgan Stanley
2018,2017-02-09,7.43,08-31-2017,Morgan Stanley
2018,2017-02-23,7.24,08-31-2017,Morgan Stanley
2018,2017-03-09,7.24,08-31-2017,Morgan Stanley
2018,2017-04-10,7.24,08-31-2017,Morgan Stanley
2018,2017-06-06,7.0,08-31-2017,Morgan Stanley
2018,2017-07-18,7.0,08-31-2017,Morgan Stanley
2018,2017-08-11,6.8,08-31-2017,Morgan Stanley
2019,2016-01-11,7.31,08-31-2017,Morgan Stanley
2019,2017-02-07,7.43,08-31-2017,Morgan Stanley
Q1-10,2009-02-19,6.65,02-28-2010,Morgan Stanley
Q1-10,2009-03-05,6.6,02-28-2010,Morgan Stanley
Q1-10,2009-03-13,6.6,02-28-2010,Morgan Stanley
Q1-10,2009-03-20,6.6,02-28-2010,Morgan Stanley
Q1-10,2009-03-27,6.6,02-28-2010,Morgan Stanley
Q1-10,2009-04-09,6.6,02-28-2010,Morgan Stanley
Q1-10,2009-04-17,6.6,02-28-2010,Morgan Stanley
Q1-10,2009-04-24,6.6,02-28-2010,Morgan Stanley
Q1-10,2009-04-30,6.6,02-28-2010,Morgan Stanley
Q1-10,2009-05-08,6.6,02-28-2010,Morgan Stanley
Q1-10,2009-05-15,6.6,02-28-2010,Morgan Stanley
Q1-10,2009-05-21,6.6,02-28-2010,Morgan Stanley
Q1-10,2009-05-29,6.6,02-28-2010,Morgan Stanley
Q1-10,2009-06-05,6.6,02-28-2010,Morgan Stanley
Q1-10,2009-06-11,6.6,02-28-2010,Morgan Stanley
Q1-10,2009-06-18,6.6,02-28-2010,Morgan Stanley
Q1-10,2009-06-26,6.6,02-28-2010,Morgan Stanley
Q1-10,2009-07-01,6.6,02-28-2010,Morgan Stanley
Q1-10,2009-07-02,6.6,02-28-2010,Morgan Stanley
Q1-10,2009-07-09,6.74,02-28-2010,Morgan Stanley
Q1-10,2009-07-23,6.74,02-28-2010,Morgan Stanley
Q1-10,2009-07-30,6.74,02-28-2010,Morgan Stanley
Q1-10,2009-08-06,6.74,02-28-2010,Morgan Stanley
Q1-10,2009-08-14,6.74,02-28-2010,Morgan Stanley
Q1-10,2009-08-20,6.74,02-28-2010,Morgan Stanley
Q1-10,2009-08-27,6.74,02-28-2010,Morgan Stanley
Q1-10,2009-09-03,6.74,02-28-2010,Morgan Stanley
Q1-10,2009-09-10,6.74,02-28-2010,Morgan Stanley
Q1-10,2009-09-17,6.74,02-28-2010,Morgan Stanley
Q1-10,2009-10-02,6.74,02-28-2010,Morgan Stanley
Q1-10,2009-10-08,6.74,02-28-2010,Morgan Stanley
Q1-10,2009-10-15,6.74,02-28-2010,Morgan Stanley
Q1-10,2009-10-22,6.74,02-28-2010,Morgan Stanley
Q1-10,2009-10-29,6.74,02-28-2010,Morgan Stanley
Q2-10,2009-03-05,6.55,02-28-2010,Morgan Stanley
Q2-10,2009-03-27,6.55,02-28-2010,Morgan Stanley
Q2-10,2009-04-09,6.55,02-28-2010,Morgan Stanley
Q2-10,2009-04-17,6.55,02-28-2010,Morgan Stanley
Q2-10,2009-04-24,6.55,02-28-2010,Morgan Stanley
Q2-10,2009-04-30,6.55,02-28-2010,Morgan Stanley
Q2-10,2009-05-15,6.55,02-28-2010,Morgan Stanley
Q2-10,2009-05-21,6.55,02-28-2010,Morgan Stanley
Q2-10,2009-05-29,6.55,02-28-2010,Morgan Stanley
Q2-10,2009-06-05,6.55,02-28-2010,Morgan Stanley
Q2-10,2009-06-11,6.55,02-28-2010,Morgan Stanley
Q2-10,2009-06-18,6.55,02-28-2010,Morgan Stanley
Q2-10,2009-06-26,6.55,02-28-2010,Morgan Stanley
Q2-10,2009-07-01,6.55,02-28-2010,Morgan Stanley
Q2-10,2009-07-02,6.55,02-28-2010,Morgan Stanley
Q2-10,2009-07-09,6.68,02-28-2010,Morgan Stanley
Q2-10,2009-07-23,6.68,02-28-2010,Morgan Stanley
Q2-10,2009-07-30,6.68,02-28-2010,Morgan Stanley
Q2-10,2009-08-06,6.68,02-28-2010,Morgan Stanley
Q2-10,2009-08-14,6.68,02-28-2010,Morgan Stanley
Q2-10,2009-08-20,6.68,02-28-2010,Morgan Stanley
Q2-10,2009-08-27,6.68,02-28-2010,Morgan Stanley
Q2-10,2009-09-03,6.68,02-28-2010,Morgan Stanley
Q2-10,2009-09-10,6.68,02-28-2010,Morgan Stanley
Q2-10,2009-09-17,6.68,02-28-2010,Morgan Stanley
Q2-10,2009-10-02,6.68,02-28-2010,Morgan Stanley
Q2-10,2009-10-08,6.68,02-28-2010,Morgan Stanley
Q2-10,2009-10-15,6.68,02-28-2010,Morgan Stanley
Q2-10,2009-10-22,6.68,02-28-2010,Morgan Stanley
Q2-10,2009-10-29,6.68,02-28-2010,Morgan Stanley
Q3-10,2009-03-05,6.5,02-28-2010,Morgan Stanley
Q3-10,2009-03-27,6.5,02-28-2010,Morgan Stanley
Q3-10,2009-04-09,6.5,02-28-2010,Morgan Stanley
Q3-10,2009-04-17,6.5,02-28-2010,Morgan Stanley
Q3-10,2009-04-24,6.5,02-28-2010,Morgan Stanley
Q3-10,2009-04-30,6.5,02-28-2010,Morgan Stanley
Q3-10,2009-05-15,6.5,02-28-2010,Morgan Stanley
Q3-10,2009-05-21,6.5,02-28-2010,Morgan Stanley
Q3-10,2009-05-29,6.5,02-28-2010,Morgan Stanley
Q3-10,2009-06-05,6.5,02-28-2010,Morgan Stanley
Q3-10,2009-06-11,6.5,02-28-2010,Morgan Stanley
Q3-10,2009-06-18,6.5,02-28-2010,Morgan Stanley
Q3-10,2009-06-26,6.5,02-28-2010,Morgan Stanley
Q3-10,2009-07-01,6.5,02-28-2010,Morgan Stanley
Q3-10,2009-07-02,6.5,02-28-2010,Morgan Stanley
Q3-10,2009-07-23,6.61,02-28-2010,Morgan Stanley
Q3-10,2009-07-30,6.61,02-28-2010,Morgan Stanley
Q3-10,2009-08-06,6.61,02-28-2010,Morgan Stanley
Q3-10,2009-08-14,6.61,02-28-2010,Morgan Stanley
Q3-10,2009-08-20,6.61,02-28-2010,Morgan Stanley
Q3-10,2009-08-27,6.61,02-28-2010,Morgan Stanley
Q3-10,2009-09-03,6.61,02-28-2010,Morgan Stanley
Q3-10,2009-09-10,6.61,02-28-2010,Morgan Stanley
Q3-10,2009-09-17,6.61,02-28-2010,Morgan Stanley
Q3-10,2009-10-02,6.61,02-28-2010,Morgan Stanley
Q3-10,2009-10-08,6.61,02-28-2010,Morgan Stanley
Q3-10,2009-10-15,6.61,02-28-2010,Morgan Stanley
Q3-10,2009-10-22,6.61,02-28-2010,Morgan Stanley
Q3-10,2009-10-29,6.61,02-28-2010,Morgan Stanley
Q4-10,2008-03-07,5.89,02-28-2010,Morgan Stanley
Q4-10,2008-03-13,5.89,02-28-2010,Morgan Stanley
Q4-10,2008-04-28,5.89,02-28-2010,Morgan Stanley
Q4-10,2008-11-26,6.54,02-28-2010,Morgan Stanley
Q4-10,2009-01-16,6.5,02-28-2010,Morgan Stanley
Q4-10,2009-01-29,6.54,02-28-2010,Morgan Stanley
Q4-10,2009-02-19,6.4,02-28-2010,Morgan Stanley
Q4-10,2009-04-09,6.4,02-28-2010,Morgan Stanley
Q4-10,2009-04-17,6.4,02-28-2010,Morgan Stanley
Q4-10,2009-04-24,6.4,02-28-2010,Morgan Stanley
Q4-10,2009-04-30,6.4,02-28-2010,Morgan Stanley
Q4-10,2009-05-15,6.4,02-28-2010,Morgan Stanley
Q4-10,2009-05-21,6.4,02-28-2010,Morgan Stanley
Q4-10,2009-05-29,6.4,02-28-2010,Morgan Stanley
Q4-10,2009-06-05,6.4,02-28-2010,Morgan Stanley
Q4-10,2009-06-11,6.4,02-28-2010,Morgan Stanley
Q4-10,2009-06-18,6.4,02-28-2010,Morgan Stanley
Q4-10,2009-06-26,6.4,02-28-2010,Morgan Stanley
Q4-10,2009-07-01,6.4,02-28-2010,Morgan Stanley
Q4-10,2009-07-02,6.4,02-28-2010,Morgan Stanley
Q4-10,2009-07-09,6.67,02-28-2010,Morgan Stanley
Q4-10,2009-07-23,6.55,02-28-2010,Morgan Stanley
Q4-10,2009-07-30,6.55,02-28-2010,Morgan Stanley
Q4-10,2009-08-06,6.55,02-28-2010,Morgan Stanley
Q4-10,2009-08-14,6.55,02-28-2010,Morgan Stanley
Q4-10,2009-08-20,6.55,02-28-2010,Morgan Stanley
Q4-10,2009-08-27,6.55,02-28-2010,Morgan Stanley
Q4-10,2009-09-03,6.55,02-28-2010,Morgan Stanley
Q4-10,2009-09-10,6.55,02-28-2010,Morgan Stanley
Q4-10,2009-09-17,6.55,02-28-2010,Morgan Stanley
Q4-10,2009-10-02,6.55,02-28-2010,Morgan Stanley
Q4-10,2009-10-08,6.55,02-28-2010,Morgan Stanley
Q4-10,2009-10-15,6.55,02-28-2010,Morgan Stanley
Q4-10,2009-10-22,6.55,02-28-2010,Morgan Stanley
Q4-10,2009-10-29,6.55,02-28-2010,Morgan Stanley
2011,2008-03-07,5.61,02-28-2010,Morgan Stanley
2011,2008-03-13,5.61,02-28-2010,Morgan Stanley
2011,2008-04-28,5.61,02-28-2010,Morgan Stanley
2012,2008-03-07,5.34,02-28-2010,Morgan Stanley
2012,2008-03-13,5.34,02-28-2010,Morgan Stanley
2012,2008-04-28,5.34,02-28-2010,Morgan Stanley
Q4-17,2015-11-30,7.07,11-30-2017,Morgan Stanley
Q4-17,2016-01-11,7.15,11-30-2017,Morgan Stanley
Q4-17,2016-07-18,7.26,11-30-2017,Morgan Stanley
Q4-17,2016-08-24,7.26,11-30-2017,Morgan Stanley
Q4-17,2016-09-30,7.26,11-30-2017,Morgan Stanley
Q4-17,2016-10-14,7.26,11-30-2017,Morgan Stanley
Q4-17,2016-10-25,7.26,11-30-2017,Morgan Stanley
Q4-17,2016-11-28,7.3,11-30-2017,Morgan Stanley
Q4-17,2017-01-04,7.3,11-30-2017,Morgan Stanley
Q4-17,2017-01-05,7.3,11-30-2017,Morgan Stanley
Q4-17,2017-02-07,7.3,11-30-2017,Morgan Stanley
Q4-17,2017-02-09,7.3,11-30-2017,Morgan Stanley
Q4-17,2017-02-23,7.1,11-30-2017,Morgan Stanley
Q4-17,2017-03-09,7.1,11-30-2017,Morgan Stanley
Q4-17,2017-04-10,7.1,11-30-2017,Morgan Stanley
Q4-17,2017-06-06,6.9,11-30-2017,Morgan Stanley
Q4-17,2017-07-18,6.9,11-30-2017,Morgan Stanley
Q4-17,2017-08-11,6.6,11-30-2017,Morgan Stanley
Q4-17,2017-09-15,6.6,11-30-2017,Morgan Stanley
Q4-17,2017-10-31,6.6,11-30-2017,Morgan Stanley
Q4-17,2017-11-27,6.65,11-30-2017,Morgan Stanley
Q1-18,2017-04-10,7.14,11-30-2017,Morgan Stanley
Q1-18,2017-06-06,6.93,11-30-2017,Morgan Stanley
Q1-18,2017-07-18,6.93,11-30-2017,Morgan Stanley
Q1-18,2017-08-11,6.63,11-30-2017,Morgan Stanley
Q1-18,2017-09-15,6.63,11-30-2017,Morgan Stanley
Q1-18,2017-10-31,6.63,11-30-2017,Morgan Stanley
Q1-18,2017-11-27,6.63,11-30-2017,Morgan Stanley
Q2-18,2017-06-06,6.95,11-30-2017,Morgan Stanley
Q2-18,2017-07-18,6.95,11-30-2017,Morgan Stanley
Q2-18,2017-08-11,6.7,11-30-2017,Morgan Stanley
Q2-18,2017-09-15,6.7,11-30-2017,Morgan Stanley
Q2-18,2017-10-31,6.7,11-30-2017,Morgan Stanley
Q2-18,2017-11-27,6.62,11-30-2017,Morgan Stanley
Q3-18,2017-09-15,6.77,11-30-2017,Morgan Stanley
Q3-18,2017-10-31,6.77,11-30-2017,Morgan Stanley
Q3-18,2017-11-27,6.68,11-30-2017,Morgan Stanley
2018,2016-01-11,7.23,11-30-2017,Morgan Stanley
2018,2016-11-28,7.43,11-30-2017,Morgan Stanley
2018,2017-01-04,7.43,11-30-2017,Morgan Stanley
2018,2017-01-05,7.3,11-30-2017,Morgan Stanley
2018,2017-02-07,7.3,11-30-2017,Morgan Stanley
2018,2017-02-09,7.43,11-30-2017,Morgan Stanley
2018,2017-02-23,7.24,11-30-2017,Morgan Stanley
2018,2017-03-09,7.24,11-30-2017,Morgan Stanley
2018,2017-04-10,7.24,11-30-2017,Morgan Stanley
2018,2017-06-06,7.0,11-30-2017,Morgan Stanley
2018,2017-07-18,7.0,11-30-2017,Morgan Stanley
2018,2017-08-11,6.8,11-30-2017,Morgan Stanley
2018,2017-09-15,6.8,11-30-2017,Morgan Stanley
2018,2017-10-31,6.8,11-30-2017,Morgan Stanley
2018,2017-11-27,6.7,11-30-2017,Morgan Stanley
2019,2016-01-11,7.31,11-30-2017,Morgan Stanley
2019,2017-02-07,7.43,11-30-2017,Morgan Stanley
2019,2017-11-27,6.5,11-30-2017,Morgan Stanley
Q3-21,2020-09-11,6.65,08-31-2021,Morgan Stanley
Q3-21,2020-10-29,7.02,08-31-2021,Morgan Stanley
Q3-21,2020-11-16,6.45,08-31-2021,Morgan Stanley
Q3-21,2021-01-20,6.3,08-31-2021,Morgan Stanley
Q3-21,2021-03-05,6.3,08-31-2021,Morgan Stanley
Q3-21,2021-04-14,6.3,08-31-2021,Morgan Stanley
Q3-21,2021-05-17,6.45,08-31-2021,Morgan Stanley
Q3-21,2021-07-05,6.45,08-31-2021,Morgan Stanley
Q3-21,2021-08-13,6.45,08-31-2021,Morgan Stanley
Q4-21,2019-11-18,6.75,08-31-2021,Morgan Stanley
Q4-21,2020-01-02,6.75,08-31-2021,Morgan Stanley
Q4-21,2020-02-13,6.75,08-31-2021,Morgan Stanley
Q4-21,2020-04-01,6.75,08-31-2021,Morgan Stanley
Q4-21,2020-06-15,7.0,08-31-2021,Morgan Stanley
Q4-21,2020-07-29,7.0,08-31-2021,Morgan Stanley
Q4-21,2020-09-11,6.6,08-31-2021,Morgan Stanley
Q4-21,2020-10-29,7.0,08-31-2021,Morgan Stanley
Q4-21,2020-11-16,6.4,08-31-2021,Morgan Stanley
Q4-21,2021-01-20,6.25,08-31-2021,Morgan Stanley
Q4-21,2021-03-05,6.25,08-31-2021,Morgan Stanley
Q4-21,2021-04-14,6.25,08-31-2021,Morgan Stanley
Q4-21,2021-05-17,6.48,08-31-2021,Morgan Stanley
Q4-21,2021-07-05,6.48,08-31-2021,Morgan Stanley
Q4-21,2021-08-13,6.48,08-31-2021,Morgan Stanley
Q1-22,2021-03-05,6.24,08-31-2021,Morgan Stanley
Q1-22,2021-04-14,6.24,08-31-2021,Morgan Stanley
Q1-22,2021-05-17,6.53,08-31-2021,Morgan Stanley
Q1-22,2021-07-05,6.53,08-31-2021,Morgan Stanley
Q1-22,2021-08-13,6.53,08-31-2021,Morgan Stanley
Q2-22,2021-07-05,6.55,08-31-2021,Morgan Stanley
Q2-22,2021-08-13,6.55,08-31-2021,Morgan Stanley
2022,2020-11-16,6.35,08-31-2021,Morgan Stanley
2022,2021-01-20,6.2,08-31-2021,Morgan Stanley
2022,2021-03-05,6.2,08-31-2021,Morgan Stanley
2022,2021-04-14,6.2,08-31-2021,Morgan Stanley
2022,2021-05-17,6.4,08-31-2021,Morgan Stanley
2022,2021-07-05,6.4,08-31-2021,Morgan Stanley
2022,2021-08-13,6.4,08-31-2021,Morgan Stanley
Q2-10,2009-03-05,6.55,05-31-2010,Morgan Stanley
Q2-10,2009-03-27,6.55,05-31-2010,Morgan Stanley
Q2-10,2009-04-09,6.55,05-31-2010,Morgan Stanley
Q2-10,2009-04-17,6.55,05-31-2010,Morgan Stanley
Q2-10,2009-04-24,6.55,05-31-2010,Morgan Stanley
Q2-10,2009-04-30,6.55,05-31-2010,Morgan Stanley
Q2-10,2009-05-15,6.55,05-31-2010,Morgan Stanley
Q2-10,2009-05-21,6.55,05-31-2010,Morgan Stanley
Q2-10,2009-05-29,6.55,05-31-2010,Morgan Stanley
Q2-10,2009-06-05,6.55,05-31-2010,Morgan Stanley
Q2-10,2009-06-11,6.55,05-31-2010,Morgan Stanley
Q2-10,2009-06-18,6.55,05-31-2010,Morgan Stanley
Q2-10,2009-06-26,6.55,05-31-2010,Morgan Stanley
Q2-10,2009-07-01,6.55,05-31-2010,Morgan Stanley
Q2-10,2009-07-02,6.55,05-31-2010,Morgan Stanley
Q2-10,2009-07-09,6.68,05-31-2010,Morgan Stanley
Q2-10,2009-07-23,6.68,05-31-2010,Morgan Stanley
Q2-10,2009-07-30,6.68,05-31-2010,Morgan Stanley
Q2-10,2009-08-06,6.68,05-31-2010,Morgan Stanley
Q2-10,2009-08-14,6.68,05-31-2010,Morgan Stanley
Q2-10,2009-08-20,6.68,05-31-2010,Morgan Stanley
Q2-10,2009-08-27,6.68,05-31-2010,Morgan Stanley
Q2-10,2009-09-03,6.68,05-31-2010,Morgan Stanley
Q2-10,2009-09-10,6.68,05-31-2010,Morgan Stanley
Q2-10,2009-09-17,6.68,05-31-2010,Morgan Stanley
Q2-10,2009-10-02,6.68,05-31-2010,Morgan Stanley
Q2-10,2009-10-08,6.68,05-31-2010,Morgan Stanley
Q2-10,2009-10-15,6.68,05-31-2010,Morgan Stanley
Q2-10,2009-10-22,6.68,05-31-2010,Morgan Stanley
Q2-10,2009-10-29,6.68,05-31-2010,Morgan Stanley
Q2-10,2010-04-08,6.8,05-31-2010,Morgan Stanley
Q2-10,2010-04-30,6.8,05-31-2010,Morgan Stanley
Q2-10,2010-05-14,6.8,05-31-2010,Morgan Stanley
Q2-10,2010-05-27,6.83,05-31-2010,Morgan Stanley
Q3-10,2009-03-05,6.5,05-31-2010,Morgan Stanley
Q3-10,2009-03-27,6.5,05-31-2010,Morgan Stanley
Q3-10,2009-04-09,6.5,05-31-2010,Morgan Stanley
Q3-10,2009-04-17,6.5,05-31-2010,Morgan Stanley
Q3-10,2009-04-24,6.5,05-31-2010,Morgan Stanley
Q3-10,2009-04-30,6.5,05-31-2010,Morgan Stanley
Q3-10,2009-05-15,6.5,05-31-2010,Morgan Stanley
Q3-10,2009-05-21,6.5,05-31-2010,Morgan Stanley
Q3-10,2009-05-29,6.5,05-31-2010,Morgan Stanley
Q3-10,2009-06-05,6.5,05-31-2010,Morgan Stanley
Q3-10,2009-06-11,6.5,05-31-2010,Morgan Stanley
Q3-10,2009-06-18,6.5,05-31-2010,Morgan Stanley
Q3-10,2009-06-26,6.5,05-31-2010,Morgan Stanley
Q3-10,2009-07-01,6.5,05-31-2010,Morgan Stanley
Q3-10,2009-07-02,6.5,05-31-2010,Morgan Stanley
Q3-10,2009-07-23,6.61,05-31-2010,Morgan Stanley
Q3-10,2009-07-30,6.61,05-31-2010,Morgan Stanley
Q3-10,2009-08-06,6.61,05-31-2010,Morgan Stanley
Q3-10,2009-08-14,6.61,05-31-2010,Morgan Stanley
Q3-10,2009-08-20,6.61,05-31-2010,Morgan Stanley
Q3-10,2009-08-27,6.61,05-31-2010,Morgan Stanley
Q3-10,2009-09-03,6.61,05-31-2010,Morgan Stanley
Q3-10,2009-09-10,6.61,05-31-2010,Morgan Stanley
Q3-10,2009-09-17,6.61,05-31-2010,Morgan Stanley
Q3-10,2009-10-02,6.61,05-31-2010,Morgan Stanley
Q3-10,2009-10-08,6.61,05-31-2010,Morgan Stanley
Q3-10,2009-10-15,6.61,05-31-2010,Morgan Stanley
Q3-10,2009-10-22,6.61,05-31-2010,Morgan Stanley
Q3-10,2009-10-29,6.61,05-31-2010,Morgan Stanley
Q3-10,2010-04-06,6.7,05-31-2010,Morgan Stanley
Q3-10,2010-04-08,6.64,05-31-2010,Morgan Stanley
Q3-10,2010-04-30,6.64,05-31-2010,Morgan Stanley
Q3-10,2010-05-14,6.64,05-31-2010,Morgan Stanley
Q3-10,2010-05-27,6.7,05-31-2010,Morgan Stanley
Q4-10,2008-11-26,6.54,05-31-2010,Morgan Stanley
Q4-10,2009-01-16,6.5,05-31-2010,Morgan Stanley
Q4-10,2009-01-29,6.54,05-31-2010,Morgan Stanley
Q4-10,2009-02-19,6.4,05-31-2010,Morgan Stanley
Q4-10,2009-04-09,6.4,05-31-2010,Morgan Stanley
Q4-10,2009-04-17,6.4,05-31-2010,Morgan Stanley
Q4-10,2009-04-24,6.4,05-31-2010,Morgan Stanley
Q4-10,2009-04-30,6.4,05-31-2010,Morgan Stanley
Q4-10,2009-05-15,6.4,05-31-2010,Morgan Stanley
Q4-10,2009-05-21,6.4,05-31-2010,Morgan Stanley
Q4-10,2009-05-29,6.4,05-31-2010,Morgan Stanley
Q4-10,2009-06-05,6.4,05-31-2010,Morgan Stanley
Q4-10,2009-06-11,6.4,05-31-2010,Morgan Stanley
Q4-10,2009-06-18,6.4,05-31-2010,Morgan Stanley
Q4-10,2009-06-26,6.4,05-31-2010,Morgan Stanley
Q4-10,2009-07-01,6.4,05-31-2010,Morgan Stanley
Q4-10,2009-07-02,6.4,05-31-2010,Morgan Stanley
Q4-10,2009-07-09,6.67,05-31-2010,Morgan Stanley
Q4-10,2009-07-23,6.55,05-31-2010,Morgan Stanley
Q4-10,2009-07-30,6.55,05-31-2010,Morgan Stanley
Q4-10,2009-08-06,6.55,05-31-2010,Morgan Stanley
Q4-10,2009-08-14,6.55,05-31-2010,Morgan Stanley
Q4-10,2009-08-20,6.55,05-31-2010,Morgan Stanley
Q4-10,2009-08-27,6.55,05-31-2010,Morgan Stanley
Q4-10,2009-09-03,6.55,05-31-2010,Morgan Stanley
Q4-10,2009-09-10,6.55,05-31-2010,Morgan Stanley
Q4-10,2009-09-17,6.55,05-31-2010,Morgan Stanley
Q4-10,2009-10-02,6.55,05-31-2010,Morgan Stanley
Q4-10,2009-10-08,6.55,05-31-2010,Morgan Stanley
Q4-10,2009-10-15,6.55,05-31-2010,Morgan Stanley
Q4-10,2009-10-22,6.55,05-31-2010,Morgan Stanley
Q4-10,2009-10-29,6.55,05-31-2010,Morgan Stanley
Q4-10,2010-04-06,6.6,05-31-2010,Morgan Stanley
Q4-10,2010-04-08,6.54,05-31-2010,Morgan Stanley
Q4-10,2010-04-30,6.54,05-31-2010,Morgan Stanley
Q4-10,2010-05-14,6.54,05-31-2010,Morgan Stanley
Q4-10,2010-05-27,6.6,05-31-2010,Morgan Stanley
Q1-11,2009-09-10,6.44,05-31-2010,Morgan Stanley
Q1-11,2009-09-17,6.44,05-31-2010,Morgan Stanley
Q1-11,2009-10-02,6.44,05-31-2010,Morgan Stanley
Q1-11,2009-10-08,6.44,05-31-2010,Morgan Stanley
Q1-11,2009-10-15,6.44,05-31-2010,Morgan Stanley
Q1-11,2009-10-22,6.44,05-31-2010,Morgan Stanley
Q1-11,2009-10-29,6.44,05-31-2010,Morgan Stanley
Q1-11,2010-04-06,6.5,05-31-2010,Morgan Stanley
Q1-11,2010-04-08,6.45,05-31-2010,Morgan Stanley
Q1-11,2010-04-30,6.45,05-31-2010,Morgan Stanley
Q1-11,2010-05-14,6.45,05-31-2010,Morgan Stanley
Q1-11,2010-05-27,6.5,05-31-2010,Morgan Stanley
2011,2010-04-06,6.3,05-31-2010,Morgan Stanley
2011,2010-04-08,6.17,05-31-2010,Morgan Stanley
2011,2010-05-14,6.17,05-31-2010,Morgan Stanley
2011,2010-05-27,6.2,05-31-2010,Morgan Stanley
2012,2010-04-06,6.2,05-31-2010,Morgan Stanley
Q1-17,2015-11-30,6.86,02-28-2017,Morgan Stanley
Q1-17,2016-07-18,6.94,02-28-2017,Morgan Stanley
Q1-17,2016-08-24,6.94,02-28-2017,Morgan Stanley
Q1-17,2016-09-30,6.94,02-28-2017,Morgan Stanley
Q1-17,2016-10-14,6.94,02-28-2017,Morgan Stanley
Q1-17,2016-10-25,6.94,02-28-2017,Morgan Stanley
Q1-17,2016-11-28,7.08,02-28-2017,Morgan Stanley
Q1-17,2017-01-04,7.08,02-28-2017,Morgan Stanley
Q1-17,2017-01-05,7.08,02-28-2017,Morgan Stanley
Q1-17,2017-02-07,7.08,02-28-2017,Morgan Stanley
Q1-17,2017-02-09,7.08,02-28-2017,Morgan Stanley
Q1-17,2017-02-23,6.95,02-28-2017,Morgan Stanley
Q2-17,2015-11-30,6.92,02-28-2017,Morgan Stanley
Q2-17,2016-07-18,7.05,02-28-2017,Morgan Stanley
Q2-17,2016-08-24,7.05,02-28-2017,Morgan Stanley
Q2-17,2016-09-30,7.05,02-28-2017,Morgan Stanley
Q2-17,2016-10-14,7.05,02-28-2017,Morgan Stanley
Q2-17,2016-10-25,7.05,02-28-2017,Morgan Stanley
Q2-17,2016-11-28,7.16,02-28-2017,Morgan Stanley
Q2-17,2017-01-04,7.16,02-28-2017,Morgan Stanley
Q2-17,2017-01-05,7.16,02-28-2017,Morgan Stanley
Q2-17,2017-02-07,7.16,02-28-2017,Morgan Stanley
Q2-17,2017-02-09,7.16,02-28-2017,Morgan Stanley
Q2-17,2017-02-23,7.0,02-28-2017,Morgan Stanley
Q3-17,2015-11-30,6.98,02-28-2017,Morgan Stanley
Q3-17,2016-09-30,7.17,02-28-2017,Morgan Stanley
Q3-17,2016-10-14,7.17,02-28-2017,Morgan Stanley
Q3-17,2016-10-25,7.17,02-28-2017,Morgan Stanley
Q3-17,2016-11-28,7.23,02-28-2017,Morgan Stanley
Q3-17,2017-01-04,7.23,02-28-2017,Morgan Stanley
Q3-17,2017-01-05,7.23,02-28-2017,Morgan Stanley
Q3-17,2017-02-07,7.23,02-28-2017,Morgan Stanley
Q3-17,2017-02-09,7.23,02-28-2017,Morgan Stanley
Q3-17,2017-02-23,7.05,02-28-2017,Morgan Stanley
Q4-17,2015-11-30,7.07,02-28-2017,Morgan Stanley
Q4-17,2016-01-11,7.15,02-28-2017,Morgan Stanley
Q4-17,2016-07-18,7.26,02-28-2017,Morgan Stanley
Q4-17,2016-08-24,7.26,02-28-2017,Morgan Stanley
Q4-17,2016-09-30,7.26,02-28-2017,Morgan Stanley
Q4-17,2016-10-14,7.26,02-28-2017,Morgan Stanley
Q4-17,2016-10-25,7.26,02-28-2017,Morgan Stanley
Q4-17,2016-11-28,7.3,02-28-2017,Morgan Stanley
Q4-17,2017-01-04,7.3,02-28-2017,Morgan Stanley
Q4-17,2017-01-05,7.3,02-28-2017,Morgan Stanley
Q4-17,2017-02-07,7.3,02-28-2017,Morgan Stanley
Q4-17,2017-02-09,7.3,02-28-2017,Morgan Stanley
Q4-17,2017-02-23,7.1,02-28-2017,Morgan Stanley
2018,2016-01-11,7.23,02-28-2017,Morgan Stanley
2018,2016-11-28,7.43,02-28-2017,Morgan Stanley
2018,2017-01-04,7.43,02-28-2017,Morgan Stanley
2018,2017-01-05,7.3,02-28-2017,Morgan Stanley
2018,2017-02-07,7.3,02-28-2017,Morgan Stanley
2018,2017-02-09,7.43,02-28-2017,Morgan Stanley
2018,2017-02-23,7.24,02-28-2017,Morgan Stanley
2019,2016-01-11,7.31,02-28-2017,Morgan Stanley
2019,2017-02-07,7.43,02-28-2017,Morgan Stanley
Q3-10,2009-03-05,6.5,08-31-2010,Morgan Stanley
Q3-10,2009-03-27,6.5,08-31-2010,Morgan Stanley
Q3-10,2009-04-09,6.5,08-31-2010,Morgan Stanley
Q3-10,2009-04-17,6.5,08-31-2010,Morgan Stanley
Q3-10,2009-04-24,6.5,08-31-2010,Morgan Stanley
Q3-10,2009-04-30,6.5,08-31-2010,Morgan Stanley
Q3-10,2009-05-15,6.5,08-31-2010,Morgan Stanley
Q3-10,2009-05-21,6.5,08-31-2010,Morgan Stanley
Q3-10,2009-05-29,6.5,08-31-2010,Morgan Stanley
Q3-10,2009-06-05,6.5,08-31-2010,Morgan Stanley
Q3-10,2009-06-11,6.5,08-31-2010,Morgan Stanley
Q3-10,2009-06-18,6.5,08-31-2010,Morgan Stanley
Q3-10,2009-06-26,6.5,08-31-2010,Morgan Stanley
Q3-10,2009-07-01,6.5,08-31-2010,Morgan Stanley
Q3-10,2009-07-02,6.5,08-31-2010,Morgan Stanley
Q3-10,2009-07-23,6.61,08-31-2010,Morgan Stanley
Q3-10,2009-07-30,6.61,08-31-2010,Morgan Stanley
Q3-10,2009-08-06,6.61,08-31-2010,Morgan Stanley
Q3-10,2009-08-14,6.61,08-31-2010,Morgan Stanley
Q3-10,2009-08-20,6.61,08-31-2010,Morgan Stanley
Q3-10,2009-08-27,6.61,08-31-2010,Morgan Stanley
Q3-10,2009-09-03,6.61,08-31-2010,Morgan Stanley
Q3-10,2009-09-10,6.61,08-31-2010,Morgan Stanley
Q3-10,2009-09-17,6.61,08-31-2010,Morgan Stanley
Q3-10,2009-10-02,6.61,08-31-2010,Morgan Stanley
Q3-10,2009-10-08,6.61,08-31-2010,Morgan Stanley
Q3-10,2009-10-15,6.61,08-31-2010,Morgan Stanley
Q3-10,2009-10-22,6.61,08-31-2010,Morgan Stanley
Q3-10,2009-10-29,6.61,08-31-2010,Morgan Stanley
Q3-10,2010-04-06,6.7,08-31-2010,Morgan Stanley
Q3-10,2010-04-08,6.64,08-31-2010,Morgan Stanley
Q3-10,2010-04-30,6.64,08-31-2010,Morgan Stanley
Q3-10,2010-05-14,6.64,08-31-2010,Morgan Stanley
Q3-10,2010-05-27,6.7,08-31-2010,Morgan Stanley
Q3-10,2010-06-04,6.7,08-31-2010,Morgan Stanley
Q3-10,2010-06-18,6.64,08-31-2010,Morgan Stanley
Q3-10,2010-06-25,6.64,08-31-2010,Morgan Stanley
Q3-10,2010-07-02,6.64,08-31-2010,Morgan Stanley
Q3-10,2010-08-05,6.7,08-31-2010,Morgan Stanley
Q3-10,2010-08-23,6.7,08-31-2010,Morgan Stanley
Q4-10,2008-11-26,6.54,08-31-2010,Morgan Stanley
Q4-10,2009-01-16,6.5,08-31-2010,Morgan Stanley
Q4-10,2009-01-29,6.54,08-31-2010,Morgan Stanley
Q4-10,2009-02-19,6.4,08-31-2010,Morgan Stanley
Q4-10,2009-04-09,6.4,08-31-2010,Morgan Stanley
Q4-10,2009-04-17,6.4,08-31-2010,Morgan Stanley
Q4-10,2009-04-24,6.4,08-31-2010,Morgan Stanley
Q4-10,2009-04-30,6.4,08-31-2010,Morgan Stanley
Q4-10,2009-05-15,6.4,08-31-2010,Morgan Stanley
Q4-10,2009-05-21,6.4,08-31-2010,Morgan Stanley
Q4-10,2009-05-29,6.4,08-31-2010,Morgan Stanley
Q4-10,2009-06-05,6.4,08-31-2010,Morgan Stanley
Q4-10,2009-06-11,6.4,08-31-2010,Morgan Stanley
Q4-10,2009-06-18,6.4,08-31-2010,Morgan Stanley
Q4-10,2009-06-26,6.4,08-31-2010,Morgan Stanley
Q4-10,2009-07-01,6.4,08-31-2010,Morgan Stanley
Q4-10,2009-07-02,6.4,08-31-2010,Morgan Stanley
Q4-10,2009-07-09,6.67,08-31-2010,Morgan Stanley
Q4-10,2009-07-23,6.55,08-31-2010,Morgan Stanley
Q4-10,2009-07-30,6.55,08-31-2010,Morgan Stanley
Q4-10,2009-08-06,6.55,08-31-2010,Morgan Stanley
Q4-10,2009-08-14,6.55,08-31-2010,Morgan Stanley
Q4-10,2009-08-20,6.55,08-31-2010,Morgan Stanley
Q4-10,2009-08-27,6.55,08-31-2010,Morgan Stanley
Q4-10,2009-09-03,6.55,08-31-2010,Morgan Stanley
Q4-10,2009-09-10,6.55,08-31-2010,Morgan Stanley
Q4-10,2009-09-17,6.55,08-31-2010,Morgan Stanley
Q4-10,2009-10-02,6.55,08-31-2010,Morgan Stanley
Q4-10,2009-10-08,6.55,08-31-2010,Morgan Stanley
Q4-10,2009-10-15,6.55,08-31-2010,Morgan Stanley
Q4-10,2009-10-22,6.55,08-31-2010,Morgan Stanley
Q4-10,2009-10-29,6.55,08-31-2010,Morgan Stanley
Q4-10,2010-04-06,6.6,08-31-2010,Morgan Stanley
Q4-10,2010-04-08,6.54,08-31-2010,Morgan Stanley
Q4-10,2010-04-30,6.54,08-31-2010,Morgan Stanley
Q4-10,2010-05-14,6.54,08-31-2010,Morgan Stanley
Q4-10,2010-05-27,6.6,08-31-2010,Morgan Stanley
Q4-10,2010-06-04,6.6,08-31-2010,Morgan Stanley
Q4-10,2010-06-18,6.6,08-31-2010,Morgan Stanley
Q4-10,2010-06-25,6.6,08-31-2010,Morgan Stanley
Q4-10,2010-07-02,6.6,08-31-2010,Morgan Stanley
Q4-10,2010-08-05,6.6,08-31-2010,Morgan Stanley
Q4-10,2010-08-23,6.6,08-31-2010,Morgan Stanley
Q1-11,2009-09-10,6.44,08-31-2010,Morgan Stanley
Q1-11,2009-09-17,6.44,08-31-2010,Morgan Stanley
Q1-11,2009-10-02,6.44,08-31-2010,Morgan Stanley
Q1-11,2009-10-08,6.44,08-31-2010,Morgan Stanley
Q1-11,2009-10-15,6.44,08-31-2010,Morgan Stanley
Q1-11,2009-10-22,6.44,08-31-2010,Morgan Stanley
Q1-11,2009-10-29,6.44,08-31-2010,Morgan Stanley
Q1-11,2010-04-06,6.5,08-31-2010,Morgan Stanley
Q1-11,2010-04-08,6.45,08-31-2010,Morgan Stanley
Q1-11,2010-04-30,6.45,08-31-2010,Morgan Stanley
Q1-11,2010-05-14,6.45,08-31-2010,Morgan Stanley
Q1-11,2010-05-27,6.5,08-31-2010,Morgan Stanley
Q1-11,2010-06-04,6.5,08-31-2010,Morgan Stanley
Q1-11,2010-06-18,6.5,08-31-2010,Morgan Stanley
Q1-11,2010-06-25,6.5,08-31-2010,Morgan Stanley
Q1-11,2010-07-02,6.5,08-31-2010,Morgan Stanley
Q1-11,2010-08-05,6.5,08-31-2010,Morgan Stanley
Q1-11,2010-08-23,6.5,08-31-2010,Morgan Stanley
Q2-11,2009-09-10,6.33,08-31-2010,Morgan Stanley
Q2-11,2009-09-17,6.33,08-31-2010,Morgan Stanley
Q2-11,2009-10-02,6.33,08-31-2010,Morgan Stanley
Q2-11,2009-10-08,6.33,08-31-2010,Morgan Stanley
Q2-11,2009-10-15,6.33,08-31-2010,Morgan Stanley
Q2-11,2009-10-22,6.33,08-31-2010,Morgan Stanley
Q2-11,2009-10-29,6.33,08-31-2010,Morgan Stanley
Q2-11,2010-04-06,6.4,08-31-2010,Morgan Stanley
Q2-11,2010-04-08,6.36,08-31-2010,Morgan Stanley
Q2-11,2010-05-14,6.36,08-31-2010,Morgan Stanley
Q2-11,2010-05-27,6.4,08-31-2010,Morgan Stanley
Q2-11,2010-06-04,6.4,08-31-2010,Morgan Stanley
Q2-11,2010-06-18,6.4,08-31-2010,Morgan Stanley
Q2-11,2010-06-25,6.4,08-31-2010,Morgan Stanley
Q2-11,2010-07-02,6.4,08-31-2010,Morgan Stanley
Q2-11,2010-08-05,6.4,08-31-2010,Morgan Stanley
Q2-11,2010-08-23,6.4,08-31-2010,Morgan Stanley
2011,2010-04-06,6.3,08-31-2010,Morgan Stanley
2011,2010-04-08,6.17,08-31-2010,Morgan Stanley
2011,2010-05-14,6.17,08-31-2010,Morgan Stanley
2011,2010-05-27,6.2,08-31-2010,Morgan Stanley
2011,2010-06-04,6.3,08-31-2010,Morgan Stanley
2011,2010-06-18,6.2,08-31-2010,Morgan Stanley
2011,2010-06-25,6.2,08-31-2010,Morgan Stanley
2011,2010-07-02,6.2,08-31-2010,Morgan Stanley
2011,2010-08-05,6.2,08-31-2010,Morgan Stanley
2011,2010-08-23,6.2,08-31-2010,Morgan Stanley
2012,2010-04-06,6.2,08-31-2010,Morgan Stanley
2012,2010-06-04,6.2,08-31-2010,Morgan Stanley
Q3-06,2006-03-09,7.65,08-31-2006,Morgan Stanley
Q3-06,2006-03-23,7.65,08-31-2006,Morgan Stanley
Q3-06,2006-04-06,7.65,08-31-2006,Morgan Stanley
Q3-06,2006-04-12,7.65,08-31-2006,Morgan Stanley
Q3-06,2006-04-20,7.65,08-31-2006,Morgan Stanley
Q3-06,2006-04-24,7.65,08-31-2006,Morgan Stanley
Q3-06,2006-05-18,7.65,08-31-2006,Morgan Stanley
Q3-06,2006-05-25,7.65,08-31-2006,Morgan Stanley
Q3-06,2006-06-01,7.65,08-31-2006,Morgan Stanley
Q3-06,2006-06-07,7.65,08-31-2006,Morgan Stanley
Q3-06,2006-07-06,7.8,08-31-2006,Morgan Stanley
Q3-06,2006-07-13,7.75,08-31-2006,Morgan Stanley
Q3-06,2006-07-14,7.8,08-31-2006,Morgan Stanley
Q3-06,2006-07-19,7.8,08-31-2006,Morgan Stanley
Q4-06,2006-03-09,7.5,08-31-2006,Morgan Stanley
Q4-06,2006-03-23,7.5,08-31-2006,Morgan Stanley
Q4-06,2006-04-06,7.5,08-31-2006,Morgan Stanley
Q4-06,2006-04-12,7.5,08-31-2006,Morgan Stanley
Q4-06,2006-04-20,7.5,08-31-2006,Morgan Stanley
Q4-06,2006-04-24,7.5,08-31-2006,Morgan Stanley
Q4-06,2006-05-18,7.5,08-31-2006,Morgan Stanley
Q4-06,2006-05-25,7.5,08-31-2006,Morgan Stanley
Q4-06,2006-06-01,7.5,08-31-2006,Morgan Stanley
Q4-06,2006-06-07,7.5,08-31-2006,Morgan Stanley
Q4-06,2006-07-06,7.65,08-31-2006,Morgan Stanley
Q4-06,2006-07-13,7.5,08-31-2006,Morgan Stanley
Q4-06,2006-07-14,7.75,08-31-2006,Morgan Stanley
Q4-06,2006-07-19,7.75,08-31-2006,Morgan Stanley
Q4-06,2006-08-31,7.5,08-31-2006,Morgan Stanley
Q1-07,2006-03-09,7.35,08-31-2006,Morgan Stanley
Q1-07,2006-03-23,7.35,08-31-2006,Morgan Stanley
Q1-07,2006-04-06,7.35,08-31-2006,Morgan Stanley
Q1-07,2006-04-12,7.35,08-31-2006,Morgan Stanley
Q1-07,2006-04-20,7.35,08-31-2006,Morgan Stanley
Q1-07,2006-04-24,7.35,08-31-2006,Morgan Stanley
Q1-07,2006-05-18,7.35,08-31-2006,Morgan Stanley
Q1-07,2006-05-25,7.35,08-31-2006,Morgan Stanley
Q1-07,2006-06-01,7.35,08-31-2006,Morgan Stanley
Q1-07,2006-06-07,7.35,08-31-2006,Morgan Stanley
Q1-07,2006-07-13,7.35,08-31-2006,Morgan Stanley
Q1-07,2006-07-14,7.5,08-31-2006,Morgan Stanley
Q1-07,2006-07-19,7.5,08-31-2006,Morgan Stanley
Q1-07,2006-08-31,7.35,08-31-2006,Morgan Stanley
Q2-07,2006-03-09,7.25,08-31-2006,Morgan Stanley
Q2-07,2006-03-23,7.25,08-31-2006,Morgan Stanley
Q2-07,2006-04-06,7.25,08-31-2006,Morgan Stanley
Q2-07,2006-04-12,7.25,08-31-2006,Morgan Stanley
Q2-07,2006-04-20,7.25,08-31-2006,Morgan Stanley
Q2-07,2006-05-18,7.25,08-31-2006,Morgan Stanley
Q2-07,2006-07-06,7.5,08-31-2006,Morgan Stanley
Q2-07,2006-07-13,7.25,08-31-2006,Morgan Stanley
Q2-07,2006-07-14,7.35,08-31-2006,Morgan Stanley
Q2-07,2006-07-19,7.35,08-31-2006,Morgan Stanley
Q2-07,2006-08-31,7.25,08-31-2006,Morgan Stanley
2007,2006-03-09,7.0,08-31-2006,Morgan Stanley
2007,2006-03-23,7.0,08-31-2006,Morgan Stanley
2007,2006-04-06,7.23,08-31-2006,Morgan Stanley
2007,2006-04-12,7.23,08-31-2006,Morgan Stanley
2007,2006-04-20,7.23,08-31-2006,Morgan Stanley
2007,2006-04-24,7.0,08-31-2006,Morgan Stanley
2007,2006-05-18,7.28,08-31-2006,Morgan Stanley
2007,2006-05-25,7.0,08-31-2006,Morgan Stanley
2007,2006-06-01,7.0,08-31-2006,Morgan Stanley
2007,2006-06-07,7.0,08-31-2006,Morgan Stanley
2007,2006-07-06,7.0,08-31-2006,Morgan Stanley
2007,2006-07-13,7.0,08-31-2006,Morgan Stanley
2007,2006-07-14,7.0,08-31-2006,Morgan Stanley
2007,2006-07-19,7.0,08-31-2006,Morgan Stanley
2007,2006-08-31,7.0,08-31-2006,Morgan Stanley
2008,2006-03-09,6.67,08-31-2006,Morgan Stanley
2008,2006-03-23,6.67,08-31-2006,Morgan Stanley
2008,2006-04-24,6.67,08-31-2006,Morgan Stanley
2008,2006-05-25,6.67,08-31-2006,Morgan Stanley
2008,2006-06-01,6.67,08-31-2006,Morgan Stanley
2008,2006-06-07,6.67,08-31-2006,Morgan Stanley
2008,2006-07-14,6.67,08-31-2006,Morgan Stanley
2008,2006-07-19,6.67,08-31-2006,Morgan Stanley
2009,2006-03-09,6.35,08-31-2006,Morgan Stanley
2009,2006-03-23,6.35,08-31-2006,Morgan Stanley
2009,2006-04-24,6.35,08-31-2006,Morgan Stanley
2009,2006-05-25,6.35,08-31-2006,Morgan Stanley
2009,2006-06-01,6.35,08-31-2006,Morgan Stanley
2009,2006-06-07,6.35,08-31-2006,Morgan Stanley
2009,2006-07-14,6.35,08-31-2006,Morgan Stanley
2009,2006-07-19,6.35,08-31-2006,Morgan Stanley
2010,2006-04-24,6.05,08-31-2006,Morgan Stanley
2010,2006-05-25,6.05,08-31-2006,Morgan Stanley
2010,2006-06-01,6.05,08-31-2006,Morgan Stanley
2010,2006-06-07,6.05,08-31-2006,Morgan Stanley
2010,2006-07-14,6.05,08-31-2006,Morgan Stanley
2010,2006-07-19,6.05,08-31-2006,Morgan Stanley
Q2-21,2020-06-15,7.08,05-31-2021,Morgan Stanley
Q2-21,2020-07-29,7.08,05-31-2021,Morgan Stanley
Q2-21,2020-09-11,6.7,05-31-2021,Morgan Stanley
Q2-21,2020-10-29,7.08,05-31-2021,Morgan Stanley
Q2-21,2020-11-16,6.5,05-31-2021,Morgan Stanley
Q2-21,2021-01-20,6.35,05-31-2021,Morgan Stanley
Q2-21,2021-03-05,6.35,05-31-2021,Morgan Stanley
Q2-21,2021-04-14,6.35,05-31-2021,Morgan Stanley
Q2-21,2021-05-17,6.4,05-31-2021,Morgan Stanley
Q3-21,2020-09-11,6.65,05-31-2021,Morgan Stanley
Q3-21,2020-10-29,7.02,05-31-2021,Morgan Stanley
Q3-21,2020-11-16,6.45,05-31-2021,Morgan Stanley
Q3-21,2021-01-20,6.3,05-31-2021,Morgan Stanley
Q3-21,2021-03-05,6.3,05-31-2021,Morgan Stanley
Q3-21,2021-04-14,6.3,05-31-2021,Morgan Stanley
Q3-21,2021-05-17,6.45,05-31-2021,Morgan Stanley
Q4-21,2019-11-18,6.75,05-31-2021,Morgan Stanley
Q4-21,2020-01-02,6.75,05-31-2021,Morgan Stanley
Q4-21,2020-02-13,6.75,05-31-2021,Morgan Stanley
Q4-21,2020-04-01,6.75,05-31-2021,Morgan Stanley
Q4-21,2020-06-15,7.0,05-31-2021,Morgan Stanley
Q4-21,2020-07-29,7.0,05-31-2021,Morgan Stanley
Q4-21,2020-09-11,6.6,05-31-2021,Morgan Stanley
Q4-21,2020-10-29,7.0,05-31-2021,Morgan Stanley
Q4-21,2020-11-16,6.4,05-31-2021,Morgan Stanley
Q4-21,2021-01-20,6.25,05-31-2021,Morgan Stanley
Q4-21,2021-03-05,6.25,05-31-2021,Morgan Stanley
Q4-21,2021-04-14,6.25,05-31-2021,Morgan Stanley
Q4-21,2021-05-17,6.48,05-31-2021,Morgan Stanley
Q1-22,2021-03-05,6.24,05-31-2021,Morgan Stanley
Q1-22,2021-04-14,6.24,05-31-2021,Morgan Stanley
Q1-22,2021-05-17,6.53,05-31-2021,Morgan Stanley
2022,2020-11-16,6.35,05-31-2021,Morgan Stanley
2022,2021-01-20,6.2,05-31-2021,Morgan Stanley
2022,2021-03-05,6.2,05-31-2021,Morgan Stanley
2022,2021-04-14,6.2,05-31-2021,Morgan Stanley
2022,2021-05-17,6.4,05-31-2021,Morgan Stanley
Q2-17,2015-11-30,6.92,05-31-2017,Morgan Stanley
Q2-17,2016-07-18,7.05,05-31-2017,Morgan Stanley
Q2-17,2016-08-24,7.05,05-31-2017,Morgan Stanley
Q2-17,2016-09-30,7.05,05-31-2017,Morgan Stanley
Q2-17,2016-10-14,7.05,05-31-2017,Morgan Stanley
Q2-17,2016-10-25,7.05,05-31-2017,Morgan Stanley
Q2-17,2016-11-28,7.16,05-31-2017,Morgan Stanley
Q2-17,2017-01-04,7.16,05-31-2017,Morgan Stanley
Q2-17,2017-01-05,7.16,05-31-2017,Morgan Stanley
Q2-17,2017-02-07,7.16,05-31-2017,Morgan Stanley
Q2-17,2017-02-09,7.16,05-31-2017,Morgan Stanley
Q2-17,2017-02-23,7.0,05-31-2017,Morgan Stanley
Q2-17,2017-03-09,7.0,05-31-2017,Morgan Stanley
Q2-17,2017-04-10,7.0,05-31-2017,Morgan Stanley
Q3-17,2015-11-30,6.98,05-31-2017,Morgan Stanley
Q3-17,2016-09-30,7.17,05-31-2017,Morgan Stanley
Q3-17,2016-10-14,7.17,05-31-2017,Morgan Stanley
Q3-17,2016-10-25,7.17,05-31-2017,Morgan Stanley
Q3-17,2016-11-28,7.23,05-31-2017,Morgan Stanley
Q3-17,2017-01-04,7.23,05-31-2017,Morgan Stanley
Q3-17,2017-01-05,7.23,05-31-2017,Morgan Stanley
Q3-17,2017-02-07,7.23,05-31-2017,Morgan Stanley
Q3-17,2017-02-09,7.23,05-31-2017,Morgan Stanley
Q3-17,2017-02-23,7.05,05-31-2017,Morgan Stanley
Q3-17,2017-03-09,7.05,05-31-2017,Morgan Stanley
Q3-17,2017-04-10,7.05,05-31-2017,Morgan Stanley
Q4-17,2015-11-30,7.07,05-31-2017,Morgan Stanley
Q4-17,2016-01-11,7.15,05-31-2017,Morgan Stanley
Q4-17,2016-07-18,7.26,05-31-2017,Morgan Stanley
Q4-17,2016-08-24,7.26,05-31-2017,Morgan Stanley
Q4-17,2016-09-30,7.26,05-31-2017,Morgan Stanley
Q4-17,2016-10-14,7.26,05-31-2017,Morgan Stanley
Q4-17,2016-10-25,7.26,05-31-2017,Morgan Stanley
Q4-17,2016-11-28,7.3,05-31-2017,Morgan Stanley
Q4-17,2017-01-04,7.3,05-31-2017,Morgan Stanley
Q4-17,2017-01-05,7.3,05-31-2017,Morgan Stanley
Q4-17,2017-02-07,7.3,05-31-2017,Morgan Stanley
Q4-17,2017-02-09,7.3,05-31-2017,Morgan Stanley
Q4-17,2017-02-23,7.1,05-31-2017,Morgan Stanley
Q4-17,2017-03-09,7.1,05-31-2017,Morgan Stanley
Q4-17,2017-04-10,7.1,05-31-2017,Morgan Stanley
Q1-18,2017-04-10,7.14,05-31-2017,Morgan Stanley
2018,2016-01-11,7.23,05-31-2017,Morgan Stanley
2018,2016-11-28,7.43,05-31-2017,Morgan Stanley
2018,2017-01-04,7.43,05-31-2017,Morgan Stanley
2018,2017-01-05,7.3,05-31-2017,Morgan Stanley
2018,2017-02-07,7.3,05-31-2017,Morgan Stanley
2018,2017-02-09,7.43,05-31-2017,Morgan Stanley
2018,2017-02-23,7.24,05-31-2017,Morgan Stanley
2018,2017-03-09,7.24,05-31-2017,Morgan Stanley
2018,2017-04-10,7.24,05-31-2017,Morgan Stanley
2019,2016-01-11,7.31,05-31-2017,Morgan Stanley
2019,2017-02-07,7.43,05-31-2017,Morgan Stanley
Q4-06,2006-03-09,7.5,11-30-2006,Morgan Stanley
Q4-06,2006-03-23,7.5,11-30-2006,Morgan Stanley
Q4-06,2006-04-06,7.5,11-30-2006,Morgan Stanley
Q4-06,2006-04-12,7.5,11-30-2006,Morgan Stanley
Q4-06,2006-04-20,7.5,11-30-2006,Morgan Stanley
Q4-06,2006-04-24,7.5,11-30-2006,Morgan Stanley
Q4-06,2006-05-18,7.5,11-30-2006,Morgan Stanley
Q4-06,2006-05-25,7.5,11-30-2006,Morgan Stanley
Q4-06,2006-06-01,7.5,11-30-2006,Morgan Stanley
Q4-06,2006-06-07,7.5,11-30-2006,Morgan Stanley
Q4-06,2006-07-06,7.65,11-30-2006,Morgan Stanley
Q4-06,2006-07-13,7.5,11-30-2006,Morgan Stanley
Q4-06,2006-07-14,7.75,11-30-2006,Morgan Stanley
Q4-06,2006-07-19,7.75,11-30-2006,Morgan Stanley
Q4-06,2006-08-31,7.5,11-30-2006,Morgan Stanley
Q4-06,2006-09-01,7.75,11-30-2006,Morgan Stanley
Q4-06,2006-09-07,7.75,11-30-2006,Morgan Stanley
Q4-06,2006-09-15,7.8,11-30-2006,Morgan Stanley
Q4-06,2006-10-06,7.5,11-30-2006,Morgan Stanley
Q4-06,2006-10-26,7.7,11-30-2006,Morgan Stanley
Q4-06,2006-11-02,7.7,11-30-2006,Morgan Stanley
Q4-06,2006-11-08,7.8,11-30-2006,Morgan Stanley
Q4-06,2006-11-09,7.7,11-30-2006,Morgan Stanley
Q4-06,2006-11-27,7.8,11-30-2006,Morgan Stanley
Q1-07,2006-03-09,7.35,11-30-2006,Morgan Stanley
Q1-07,2006-03-23,7.35,11-30-2006,Morgan Stanley
Q1-07,2006-04-06,7.35,11-30-2006,Morgan Stanley
Q1-07,2006-04-12,7.35,11-30-2006,Morgan Stanley
Q1-07,2006-04-20,7.35,11-30-2006,Morgan Stanley
Q1-07,2006-04-24,7.35,11-30-2006,Morgan Stanley
Q1-07,2006-05-18,7.35,11-30-2006,Morgan Stanley
Q1-07,2006-05-25,7.35,11-30-2006,Morgan Stanley
Q1-07,2006-06-01,7.35,11-30-2006,Morgan Stanley
Q1-07,2006-06-07,7.35,11-30-2006,Morgan Stanley
Q1-07,2006-07-13,7.35,11-30-2006,Morgan Stanley
Q1-07,2006-07-14,7.5,11-30-2006,Morgan Stanley
Q1-07,2006-07-19,7.5,11-30-2006,Morgan Stanley
Q1-07,2006-08-31,7.35,11-30-2006,Morgan Stanley
Q1-07,2006-09-01,7.5,11-30-2006,Morgan Stanley
Q1-07,2006-09-07,7.5,11-30-2006,Morgan Stanley
Q1-07,2006-09-15,7.75,11-30-2006,Morgan Stanley
Q1-07,2006-10-06,7.35,11-30-2006,Morgan Stanley
Q1-07,2006-10-26,7.7,11-30-2006,Morgan Stanley
Q1-07,2006-11-02,7.7,11-30-2006,Morgan Stanley
Q1-07,2006-11-08,7.75,11-30-2006,Morgan Stanley
Q1-07,2006-11-09,7.7,11-30-2006,Morgan Stanley
Q1-07,2006-11-27,7.75,11-30-2006,Morgan Stanley
Q2-07,2006-03-09,7.25,11-30-2006,Morgan Stanley
Q2-07,2006-03-23,7.25,11-30-2006,Morgan Stanley
Q2-07,2006-04-06,7.25,11-30-2006,Morgan Stanley
Q2-07,2006-04-12,7.25,11-30-2006,Morgan Stanley
Q2-07,2006-04-20,7.25,11-30-2006,Morgan Stanley
Q2-07,2006-05-18,7.25,11-30-2006,Morgan Stanley
Q2-07,2006-07-06,7.5,11-30-2006,Morgan Stanley
Q2-07,2006-07-13,7.25,11-30-2006,Morgan Stanley
Q2-07,2006-07-14,7.35,11-30-2006,Morgan Stanley
Q2-07,2006-07-19,7.35,11-30-2006,Morgan Stanley
Q2-07,2006-08-31,7.25,11-30-2006,Morgan Stanley
Q2-07,2006-09-01,7.35,11-30-2006,Morgan Stanley
Q2-07,2006-09-07,7.35,11-30-2006,Morgan Stanley
Q2-07,2006-09-15,7.5,11-30-2006,Morgan Stanley
Q2-07,2006-10-06,7.25,11-30-2006,Morgan Stanley
Q2-07,2006-10-26,7.65,11-30-2006,Morgan Stanley
Q2-07,2006-11-02,7.65,11-30-2006,Morgan Stanley
Q2-07,2006-11-08,7.7,11-30-2006,Morgan Stanley
Q2-07,2006-11-09,7.65,11-30-2006,Morgan Stanley
Q2-07,2006-11-27,7.7,11-30-2006,Morgan Stanley
Q3-07,2006-04-06,7.1,11-30-2006,Morgan Stanley
Q3-07,2006-04-12,7.1,11-30-2006,Morgan Stanley
Q3-07,2006-04-20,7.1,11-30-2006,Morgan Stanley
Q3-07,2006-05-18,7.1,11-30-2006,Morgan Stanley
Q3-07,2006-07-13,7.1,11-30-2006,Morgan Stanley
Q3-07,2006-08-31,7.1,11-30-2006,Morgan Stanley
Q3-07,2006-09-15,7.35,11-30-2006,Morgan Stanley
Q3-07,2006-10-06,7.1,11-30-2006,Morgan Stanley
Q3-07,2006-10-26,7.6,11-30-2006,Morgan Stanley
Q3-07,2006-11-02,7.6,11-30-2006,Morgan Stanley
Q3-07,2006-11-08,7.7,11-30-2006,Morgan Stanley
Q3-07,2006-11-09,7.6,11-30-2006,Morgan Stanley
Q3-07,2006-11-27,7.7,11-30-2006,Morgan Stanley
2007,2006-03-09,7.0,11-30-2006,Morgan Stanley
2007,2006-03-23,7.0,11-30-2006,Morgan Stanley
2007,2006-04-06,7.23,11-30-2006,Morgan Stanley
2007,2006-04-12,7.23,11-30-2006,Morgan Stanley
2007,2006-04-20,7.23,11-30-2006,Morgan Stanley
2007,2006-04-24,7.0,11-30-2006,Morgan Stanley
2007,2006-05-18,7.28,11-30-2006,Morgan Stanley
2007,2006-05-25,7.0,11-30-2006,Morgan Stanley
2007,2006-06-01,7.0,11-30-2006,Morgan Stanley
2007,2006-06-07,7.0,11-30-2006,Morgan Stanley
2007,2006-07-06,7.0,11-30-2006,Morgan Stanley
2007,2006-07-13,7.0,11-30-2006,Morgan Stanley
2007,2006-07-14,7.0,11-30-2006,Morgan Stanley
2007,2006-07-19,7.0,11-30-2006,Morgan Stanley
2007,2006-08-31,7.0,11-30-2006,Morgan Stanley
2007,2006-09-01,7.0,11-30-2006,Morgan Stanley
2007,2006-09-07,7.0,11-30-2006,Morgan Stanley
2007,2006-09-15,7.0,11-30-2006,Morgan Stanley
2007,2006-10-06,7.0,11-30-2006,Morgan Stanley
2007,2006-10-26,7.5,11-30-2006,Morgan Stanley
2007,2006-11-02,7.5,11-30-2006,Morgan Stanley
2007,2006-11-08,7.5,11-30-2006,Morgan Stanley
2007,2006-11-09,7.5,11-30-2006,Morgan Stanley
2007,2006-11-27,7.5,11-30-2006,Morgan Stanley
2008,2006-03-09,6.67,11-30-2006,Morgan Stanley
2008,2006-03-23,6.67,11-30-2006,Morgan Stanley
2008,2006-04-24,6.67,11-30-2006,Morgan Stanley
2008,2006-05-25,6.67,11-30-2006,Morgan Stanley
2008,2006-06-01,6.67,11-30-2006,Morgan Stanley
2008,2006-06-07,6.67,11-30-2006,Morgan Stanley
2008,2006-07-14,6.67,11-30-2006,Morgan Stanley
2008,2006-07-19,6.67,11-30-2006,Morgan Stanley
2008,2006-09-01,6.67,11-30-2006,Morgan Stanley
2008,2006-09-07,6.67,11-30-2006,Morgan Stanley
2008,2006-09-15,6.67,11-30-2006,Morgan Stanley
2008,2006-11-08,7.14,11-30-2006,Morgan Stanley
2008,2006-11-27,7.14,11-30-2006,Morgan Stanley
2009,2006-03-09,6.35,11-30-2006,Morgan Stanley
2009,2006-03-23,6.35,11-30-2006,Morgan Stanley
2009,2006-04-24,6.35,11-30-2006,Morgan Stanley
2009,2006-05-25,6.35,11-30-2006,Morgan Stanley
2009,2006-06-01,6.35,11-30-2006,Morgan Stanley
2009,2006-06-07,6.35,11-30-2006,Morgan Stanley
2009,2006-07-14,6.35,11-30-2006,Morgan Stanley
2009,2006-07-19,6.35,11-30-2006,Morgan Stanley
2009,2006-09-01,6.35,11-30-2006,Morgan Stanley
2009,2006-09-07,6.35,11-30-2006,Morgan Stanley
2009,2006-09-15,6.35,11-30-2006,Morgan Stanley
2009,2006-11-08,6.8,11-30-2006,Morgan Stanley
2009,2006-11-27,6.8,11-30-2006,Morgan Stanley
2010,2006-04-24,6.05,11-30-2006,Morgan Stanley
2010,2006-05-25,6.05,11-30-2006,Morgan Stanley
2010,2006-06-01,6.05,11-30-2006,Morgan Stanley
2010,2006-06-07,6.05,11-30-2006,Morgan Stanley
2010,2006-07-14,6.05,11-30-2006,Morgan Stanley
2010,2006-07-19,6.05,11-30-2006,Morgan Stanley
2010,2006-09-01,6.05,11-30-2006,Morgan Stanley
2010,2006-09-07,6.05,11-30-2006,Morgan Stanley
2010,2006-09-15,6.05,11-30-2006,Morgan Stanley
2010,2006-11-08,6.48,11-30-2006,Morgan Stanley
2010,2006-11-27,6.48,11-30-2006,Morgan Stanley
Q1-21,2020-04-01,6.81,02-28-2021,Morgan Stanley
Q1-21,2020-06-15,7.1,02-28-2021,Morgan Stanley
Q1-21,2020-07-29,7.1,02-28-2021,Morgan Stanley
Q1-21,2020-09-11,6.75,02-28-2021,Morgan Stanley
Q1-21,2020-10-29,7.1,02-28-2021,Morgan Stanley
Q1-21,2020-11-16,6.55,02-28-2021,Morgan Stanley
Q1-21,2021-01-20,6.4,02-28-2021,Morgan Stanley
Q2-21,2020-06-15,7.08,02-28-2021,Morgan Stanley
Q2-21,2020-07-29,7.08,02-28-2021,Morgan Stanley
Q2-21,2020-09-11,6.7,02-28-2021,Morgan Stanley
Q2-21,2020-10-29,7.08,02-28-2021,Morgan Stanley
Q2-21,2020-11-16,6.5,02-28-2021,Morgan Stanley
Q2-21,2021-01-20,6.35,02-28-2021,Morgan Stanley
Q3-21,2020-09-11,6.65,02-28-2021,Morgan Stanley
Q3-21,2020-10-29,7.02,02-28-2021,Morgan Stanley
Q3-21,2020-11-16,6.45,02-28-2021,Morgan Stanley
Q3-21,2021-01-20,6.3,02-28-2021,Morgan Stanley
Q4-21,2019-11-18,6.75,02-28-2021,Morgan Stanley
Q4-21,2020-01-02,6.75,02-28-2021,Morgan Stanley
Q4-21,2020-02-13,6.75,02-28-2021,Morgan Stanley
Q4-21,2020-04-01,6.75,02-28-2021,Morgan Stanley
Q4-21,2020-06-15,7.0,02-28-2021,Morgan Stanley
Q4-21,2020-07-29,7.0,02-28-2021,Morgan Stanley
Q4-21,2020-09-11,6.6,02-28-2021,Morgan Stanley
Q4-21,2020-10-29,7.0,02-28-2021,Morgan Stanley
Q4-21,2020-11-16,6.4,02-28-2021,Morgan Stanley
Q4-21,2021-01-20,6.25,02-28-2021,Morgan Stanley
2022,2019-11-18,6.75,02-28-2021,Morgan Stanley
2022,2020-01-02,6.75,02-28-2021,Morgan Stanley
2022,2020-02-13,6.75,02-28-2021,Morgan Stanley
2022,2020-04-01,6.75,02-28-2021,Morgan Stanley
2022,2020-06-15,7.0,02-28-2021,Morgan Stanley
2022,2020-07-29,7.0,02-28-2021,Morgan Stanley
2022,2020-09-11,6.6,02-28-2021,Morgan Stanley
2022,2020-10-29,7.0,02-28-2021,Morgan Stanley
2022,2020-11-16,6.4,02-28-2021,Morgan Stanley
2022,2021-01-20,6.25,02-28-2021,Morgan Stanley
Q4-10,2009-01-16,6.5,11-30-2010,Morgan Stanley
Q4-10,2009-01-29,6.54,11-30-2010,Morgan Stanley
Q4-10,2009-02-19,6.4,11-30-2010,Morgan Stanley
Q4-10,2009-04-09,6.4,11-30-2010,Morgan Stanley
Q4-10,2009-04-17,6.4,11-30-2010,Morgan Stanley
Q4-10,2009-04-24,6.4,11-30-2010,Morgan Stanley
Q4-10,2009-04-30,6.4,11-30-2010,Morgan Stanley
Q4-10,2009-05-15,6.4,11-30-2010,Morgan Stanley
Q4-10,2009-05-21,6.4,11-30-2010,Morgan Stanley
Q4-10,2009-05-29,6.4,11-30-2010,Morgan Stanley
Q4-10,2009-06-05,6.4,11-30-2010,Morgan Stanley
Q4-10,2009-06-11,6.4,11-30-2010,Morgan Stanley
Q4-10,2009-06-18,6.4,11-30-2010,Morgan Stanley
Q4-10,2009-06-26,6.4,11-30-2010,Morgan Stanley
Q4-10,2009-07-01,6.4,11-30-2010,Morgan Stanley
Q4-10,2009-07-02,6.4,11-30-2010,Morgan Stanley
Q4-10,2009-07-09,6.67,11-30-2010,Morgan Stanley
Q4-10,2009-07-23,6.55,11-30-2010,Morgan Stanley
Q4-10,2009-07-30,6.55,11-30-2010,Morgan Stanley
Q4-10,2009-08-06,6.55,11-30-2010,Morgan Stanley
Q4-10,2009-08-14,6.55,11-30-2010,Morgan Stanley
Q4-10,2009-08-20,6.55,11-30-2010,Morgan Stanley
Q4-10,2009-08-27,6.55,11-30-2010,Morgan Stanley
Q4-10,2009-09-03,6.55,11-30-2010,Morgan Stanley
Q4-10,2009-09-10,6.55,11-30-2010,Morgan Stanley
Q4-10,2009-09-17,6.55,11-30-2010,Morgan Stanley
Q4-10,2009-10-02,6.55,11-30-2010,Morgan Stanley
Q4-10,2009-10-08,6.55,11-30-2010,Morgan Stanley
Q4-10,2009-10-15,6.55,11-30-2010,Morgan Stanley
Q4-10,2009-10-22,6.55,11-30-2010,Morgan Stanley
Q4-10,2009-10-29,6.55,11-30-2010,Morgan Stanley
Q4-10,2010-04-06,6.6,11-30-2010,Morgan Stanley
Q4-10,2010-04-08,6.54,11-30-2010,Morgan Stanley
Q4-10,2010-04-30,6.54,11-30-2010,Morgan Stanley
Q4-10,2010-05-14,6.54,11-30-2010,Morgan Stanley
Q4-10,2010-05-27,6.6,11-30-2010,Morgan Stanley
Q4-10,2010-06-04,6.6,11-30-2010,Morgan Stanley
Q4-10,2010-06-18,6.6,11-30-2010,Morgan Stanley
Q4-10,2010-06-25,6.6,11-30-2010,Morgan Stanley
Q4-10,2010-07-02,6.6,11-30-2010,Morgan Stanley
Q4-10,2010-08-05,6.6,11-30-2010,Morgan Stanley
Q4-10,2010-08-23,6.6,11-30-2010,Morgan Stanley
Q4-10,2010-09-07,6.6,11-30-2010,Morgan Stanley
Q4-10,2010-09-17,6.6,11-30-2010,Morgan Stanley
Q4-10,2010-09-24,6.6,11-30-2010,Morgan Stanley
Q4-10,2010-09-30,6.6,11-30-2010,Morgan Stanley
Q4-10,2010-10-28,6.6,11-30-2010,Morgan Stanley
Q1-11,2009-09-10,6.44,11-30-2010,Morgan Stanley
Q1-11,2009-09-17,6.44,11-30-2010,Morgan Stanley
Q1-11,2009-10-02,6.44,11-30-2010,Morgan Stanley
Q1-11,2009-10-08,6.44,11-30-2010,Morgan Stanley
Q1-11,2009-10-15,6.44,11-30-2010,Morgan Stanley
Q1-11,2009-10-22,6.44,11-30-2010,Morgan Stanley
Q1-11,2009-10-29,6.44,11-30-2010,Morgan Stanley
Q1-11,2010-04-06,6.5,11-30-2010,Morgan Stanley
Q1-11,2010-04-08,6.45,11-30-2010,Morgan Stanley
Q1-11,2010-04-30,6.45,11-30-2010,Morgan Stanley
Q1-11,2010-05-14,6.45,11-30-2010,Morgan Stanley
Q1-11,2010-05-27,6.5,11-30-2010,Morgan Stanley
Q1-11,2010-06-04,6.5,11-30-2010,Morgan Stanley
Q1-11,2010-06-18,6.5,11-30-2010,Morgan Stanley
Q1-11,2010-06-25,6.5,11-30-2010,Morgan Stanley
Q1-11,2010-07-02,6.5,11-30-2010,Morgan Stanley
Q1-11,2010-08-05,6.5,11-30-2010,Morgan Stanley
Q1-11,2010-08-23,6.5,11-30-2010,Morgan Stanley
Q1-11,2010-09-07,6.5,11-30-2010,Morgan Stanley
Q1-11,2010-09-17,6.5,11-30-2010,Morgan Stanley
Q1-11,2010-09-24,6.5,11-30-2010,Morgan Stanley
Q1-11,2010-09-30,6.5,11-30-2010,Morgan Stanley
Q1-11,2010-10-28,6.5,11-30-2010,Morgan Stanley
Q2-11,2009-09-10,6.33,11-30-2010,Morgan Stanley
Q2-11,2009-09-17,6.33,11-30-2010,Morgan Stanley
Q2-11,2009-10-02,6.33,11-30-2010,Morgan Stanley
Q2-11,2009-10-08,6.33,11-30-2010,Morgan Stanley
Q2-11,2009-10-15,6.33,11-30-2010,Morgan Stanley
Q2-11,2009-10-22,6.33,11-30-2010,Morgan Stanley
Q2-11,2009-10-29,6.33,11-30-2010,Morgan Stanley
Q2-11,2010-04-06,6.4,11-30-2010,Morgan Stanley
Q2-11,2010-04-08,6.36,11-30-2010,Morgan Stanley
Q2-11,2010-05-14,6.36,11-30-2010,Morgan Stanley
Q2-11,2010-05-27,6.4,11-30-2010,Morgan Stanley
Q2-11,2010-06-04,6.4,11-30-2010,Morgan Stanley
Q2-11,2010-06-18,6.4,11-30-2010,Morgan Stanley
Q2-11,2010-06-25,6.4,11-30-2010,Morgan Stanley
Q2-11,2010-07-02,6.4,11-30-2010,Morgan Stanley
Q2-11,2010-08-05,6.4,11-30-2010,Morgan Stanley
Q2-11,2010-08-23,6.4,11-30-2010,Morgan Stanley
Q2-11,2010-09-07,6.4,11-30-2010,Morgan Stanley
Q2-11,2010-09-17,6.4,11-30-2010,Morgan Stanley
Q2-11,2010-09-24,6.4,11-30-2010,Morgan Stanley
Q2-11,2010-09-30,6.4,11-30-2010,Morgan Stanley
Q2-11,2010-10-28,6.4,11-30-2010,Morgan Stanley
Q3-11,2010-04-08,6.26,11-30-2010,Morgan Stanley
Q3-11,2010-05-14,6.26,11-30-2010,Morgan Stanley
Q3-11,2010-05-27,6.3,11-30-2010,Morgan Stanley
Q3-11,2010-06-18,6.3,11-30-2010,Morgan Stanley
Q3-11,2010-06-25,6.3,11-30-2010,Morgan Stanley
Q3-11,2010-07-02,6.3,11-30-2010,Morgan Stanley
Q3-11,2010-08-05,6.3,11-30-2010,Morgan Stanley
Q3-11,2010-08-23,6.3,11-30-2010,Morgan Stanley
Q3-11,2010-09-07,6.3,11-30-2010,Morgan Stanley
Q3-11,2010-09-17,6.3,11-30-2010,Morgan Stanley
Q3-11,2010-09-24,6.3,11-30-2010,Morgan Stanley
Q3-11,2010-09-30,6.3,11-30-2010,Morgan Stanley
Q3-11,2010-10-28,6.3,11-30-2010,Morgan Stanley
2011,2010-04-06,6.3,11-30-2010,Morgan Stanley
2011,2010-04-08,6.17,11-30-2010,Morgan Stanley
2011,2010-05-14,6.17,11-30-2010,Morgan Stanley
2011,2010-05-27,6.2,11-30-2010,Morgan Stanley
2011,2010-06-04,6.3,11-30-2010,Morgan Stanley
2011,2010-06-18,6.2,11-30-2010,Morgan Stanley
2011,2010-06-25,6.2,11-30-2010,Morgan Stanley
2011,2010-07-02,6.2,11-30-2010,Morgan Stanley
2011,2010-08-05,6.2,11-30-2010,Morgan Stanley
2011,2010-08-23,6.2,11-30-2010,Morgan Stanley
2011,2010-09-07,6.2,11-30-2010,Morgan Stanley
2011,2010-09-17,6.2,11-30-2010,Morgan Stanley
2011,2010-09-24,6.2,11-30-2010,Morgan Stanley
2011,2010-09-30,6.2,11-30-2010,Morgan Stanley
2011,2010-10-28,6.2,11-30-2010,Morgan Stanley
2012,2010-04-06,6.2,11-30-2010,Morgan Stanley
2012,2010-06-04,6.2,11-30-2010,Morgan Stanley
Q4-11,2010-04-06,6.3,11-30-2011,Morgan Stanley
Q4-11,2010-04-08,6.17,11-30-2011,Morgan Stanley
Q4-11,2010-05-14,6.17,11-30-2011,Morgan Stanley
Q4-11,2010-05-27,6.2,11-30-2011,Morgan Stanley
Q4-11,2010-06-04,6.3,11-30-2011,Morgan Stanley
Q4-11,2010-06-18,6.2,11-30-2011,Morgan Stanley
Q4-11,2010-06-25,6.2,11-30-2011,Morgan Stanley
Q4-11,2010-07-02,6.2,11-30-2011,Morgan Stanley
Q4-11,2010-08-05,6.2,11-30-2011,Morgan Stanley
Q4-11,2010-08-23,6.2,11-30-2011,Morgan Stanley
Q4-11,2010-09-07,6.2,11-30-2011,Morgan Stanley
Q4-11,2010-09-17,6.2,11-30-2011,Morgan Stanley
Q4-11,2010-09-24,6.2,11-30-2011,Morgan Stanley
Q4-11,2010-09-30,6.2,11-30-2011,Morgan Stanley
Q4-11,2010-10-28,6.2,11-30-2011,Morgan Stanley
Q4-11,2010-12-13,6.2,11-30-2011,Morgan Stanley
Q4-11,2011-01-31,6.2,11-30-2011,Morgan Stanley
Q4-11,2011-03-03,6.2,11-30-2011,Morgan Stanley
Q4-11,2011-03-04,6.2,11-30-2011,Morgan Stanley
Q4-11,2011-03-07,6.2,11-30-2011,Morgan Stanley
Q4-11,2011-04-01,6.2,11-30-2011,Morgan Stanley
Q4-11,2011-04-28,6.2,11-30-2011,Morgan Stanley
Q4-11,2011-06-02,6.2,11-30-2011,Morgan Stanley
Q4-11,2011-08-18,6.3,11-30-2011,Morgan Stanley
Q4-11,2011-11-10,6.2,11-30-2011,Morgan Stanley
Q4-11,2011-11-28,6.28,11-30-2011,Morgan Stanley
Q1-12,2010-12-13,6.11,11-30-2011,Morgan Stanley
Q1-12,2011-01-31,6.11,11-30-2011,Morgan Stanley
Q1-12,2011-03-03,6.11,11-30-2011,Morgan Stanley
Q1-12,2011-03-04,6.11,11-30-2011,Morgan Stanley
Q1-12,2011-03-07,6.11,11-30-2011,Morgan Stanley
Q1-12,2011-04-01,6.11,11-30-2011,Morgan Stanley
Q1-12,2011-04-28,6.11,11-30-2011,Morgan Stanley
Q1-12,2011-06-02,6.11,11-30-2011,Morgan Stanley
Q1-12,2011-08-18,6.2,11-30-2011,Morgan Stanley
Q1-12,2011-11-10,6.11,11-30-2011,Morgan Stanley
Q1-12,2011-11-28,6.25,11-30-2011,Morgan Stanley
Q2-12,2010-12-13,6.01,11-30-2011,Morgan Stanley
Q2-12,2011-01-31,6.01,11-30-2011,Morgan Stanley
Q2-12,2011-03-03,6.01,11-30-2011,Morgan Stanley
Q2-12,2011-03-04,6.01,11-30-2011,Morgan Stanley
Q2-12,2011-03-07,6.01,11-30-2011,Morgan Stanley
Q2-12,2011-04-01,6.01,11-30-2011,Morgan Stanley
Q2-12,2011-04-28,6.01,11-30-2011,Morgan Stanley
Q2-12,2011-06-02,6.01,11-30-2011,Morgan Stanley
Q2-12,2011-08-18,6.11,11-30-2011,Morgan Stanley
Q2-12,2011-11-10,6.01,11-30-2011,Morgan Stanley
Q2-12,2011-11-28,6.17,11-30-2011,Morgan Stanley
Q3-12,2010-12-13,5.92,11-30-2011,Morgan Stanley
Q3-12,2011-01-31,5.92,11-30-2011,Morgan Stanley
Q3-12,2011-03-03,5.92,11-30-2011,Morgan Stanley
Q3-12,2011-03-04,5.92,11-30-2011,Morgan Stanley
Q3-12,2011-03-07,5.92,11-30-2011,Morgan Stanley
Q3-12,2011-04-01,5.92,11-30-2011,Morgan Stanley
Q3-12,2011-04-28,5.92,11-30-2011,Morgan Stanley
Q3-12,2011-06-02,5.92,11-30-2011,Morgan Stanley
Q3-12,2011-08-18,6.01,11-30-2011,Morgan Stanley
Q3-12,2011-11-10,5.92,11-30-2011,Morgan Stanley
Q3-12,2011-11-28,6.09,11-30-2011,Morgan Stanley
2012,2010-04-06,6.2,11-30-2011,Morgan Stanley
2012,2010-06-04,6.2,11-30-2011,Morgan Stanley
2012,2010-12-13,5.82,11-30-2011,Morgan Stanley
2012,2011-01-31,5.82,11-30-2011,Morgan Stanley
2012,2011-03-03,5.82,11-30-2011,Morgan Stanley
2012,2011-03-04,5.82,11-30-2011,Morgan Stanley
2012,2011-03-07,5.82,11-30-2011,Morgan Stanley
2012,2011-04-01,5.82,11-30-2011,Morgan Stanley
2012,2011-04-28,5.82,11-30-2011,Morgan Stanley
2012,2011-06-02,5.82,11-30-2011,Morgan Stanley
2012,2011-08-18,5.82,11-30-2011,Morgan Stanley
2012,2011-11-10,5.82,11-30-2011,Morgan Stanley
2012,2011-11-28,5.99,11-30-2011,Morgan Stanley
2013,2011-11-28,5.66,11-30-2011,Morgan Stanley
Q1-20,2019-03-27,6.81,02-28-2020,Morgan Stanley
Q1-20,2019-05-13,6.54,02-28-2020,Morgan Stanley
Q1-20,2019-05-31,6.54,02-28-2020,Morgan Stanley
Q1-20,2019-06-05,6.81,02-28-2020,Morgan Stanley
Q1-20,2019-08-30,7.26,02-28-2020,Morgan Stanley
Q1-20,2019-10-09,7.26,02-28-2020,Morgan Stanley
Q1-20,2019-11-18,6.85,02-28-2020,Morgan Stanley
Q1-20,2020-01-02,6.85,02-28-2020,Morgan Stanley
Q1-20,2020-02-13,6.85,02-28-2020,Morgan Stanley
Q2-20,2019-06-05,6.75,02-28-2020,Morgan Stanley
Q2-20,2019-08-30,7.24,02-28-2020,Morgan Stanley
Q2-20,2019-10-09,7.24,02-28-2020,Morgan Stanley
Q2-20,2019-11-18,6.8,02-28-2020,Morgan Stanley
Q2-20,2020-01-02,6.8,02-28-2020,Morgan Stanley
Q2-20,2020-02-13,6.8,02-28-2020,Morgan Stanley
Q3-20,2019-10-09,7.2,02-28-2020,Morgan Stanley
Q3-20,2019-11-18,6.83,02-28-2020,Morgan Stanley
Q3-20,2020-01-02,6.83,02-28-2020,Morgan Stanley
Q3-20,2020-02-13,6.83,02-28-2020,Morgan Stanley
Q4-20,2018-11-26,6.75,02-28-2020,Morgan Stanley
Q4-20,2019-01-03,6.75,02-28-2020,Morgan Stanley
Q4-20,2019-02-11,6.75,02-28-2020,Morgan Stanley
Q4-20,2019-02-12,6.3,02-28-2020,Morgan Stanley
Q4-20,2019-03-27,6.75,02-28-2020,Morgan Stanley
Q4-20,2019-05-13,6.45,02-28-2020,Morgan Stanley
Q4-20,2019-05-31,6.45,02-28-2020,Morgan Stanley
Q4-20,2019-06-05,6.7,02-28-2020,Morgan Stanley
Q4-20,2019-08-30,7.15,02-28-2020,Morgan Stanley
Q4-20,2019-10-09,7.15,02-28-2020,Morgan Stanley
Q4-20,2019-11-18,6.85,02-28-2020,Morgan Stanley
Q4-20,2020-01-02,6.85,02-28-2020,Morgan Stanley
Q4-20,2020-02-13,6.85,02-28-2020,Morgan Stanley
2021,2019-11-18,6.75,02-28-2020,Morgan Stanley
2021,2020-01-02,6.75,02-28-2020,Morgan Stanley
2021,2020-02-13,6.75,02-28-2020,Morgan Stanley
Q4-07,2006-03-09,7.0,11-30-2007,Morgan Stanley
Q4-07,2006-03-23,7.0,11-30-2007,Morgan Stanley
Q4-07,2006-04-06,7.23,11-30-2007,Morgan Stanley
Q4-07,2006-04-12,7.23,11-30-2007,Morgan Stanley
Q4-07,2006-04-20,7.23,11-30-2007,Morgan Stanley
Q4-07,2006-04-24,7.0,11-30-2007,Morgan Stanley
Q4-07,2006-05-18,7.28,11-30-2007,Morgan Stanley
Q4-07,2006-05-25,7.0,11-30-2007,Morgan Stanley
Q4-07,2006-06-01,7.0,11-30-2007,Morgan Stanley
Q4-07,2006-06-07,7.0,11-30-2007,Morgan Stanley
Q4-07,2006-07-06,7.0,11-30-2007,Morgan Stanley
Q4-07,2006-07-13,7.0,11-30-2007,Morgan Stanley
Q4-07,2006-07-14,7.0,11-30-2007,Morgan Stanley
Q4-07,2006-07-19,7.0,11-30-2007,Morgan Stanley
Q4-07,2006-08-31,7.0,11-30-2007,Morgan Stanley
Q4-07,2006-09-01,7.0,11-30-2007,Morgan Stanley
Q4-07,2006-09-07,7.0,11-30-2007,Morgan Stanley
Q4-07,2006-09-15,7.0,11-30-2007,Morgan Stanley
Q4-07,2006-10-06,7.0,11-30-2007,Morgan Stanley
Q4-07,2006-10-26,7.5,11-30-2007,Morgan Stanley
Q4-07,2006-11-02,7.5,11-30-2007,Morgan Stanley
Q4-07,2006-11-08,7.5,11-30-2007,Morgan Stanley
Q4-07,2006-11-09,7.5,11-30-2007,Morgan Stanley
Q4-07,2006-11-27,7.5,11-30-2007,Morgan Stanley
Q4-07,2007-01-03,7.7,11-30-2007,Morgan Stanley
Q4-07,2007-01-16,7.7,11-30-2007,Morgan Stanley
Q4-07,2007-02-09,7.25,11-30-2007,Morgan Stanley
Q4-07,2007-03-16,7.25,11-30-2007,Morgan Stanley
Q4-07,2007-04-05,7.25,11-30-2007,Morgan Stanley
Q4-07,2007-05-04,7.25,11-30-2007,Morgan Stanley
Q4-07,2007-06-08,7.25,11-30-2007,Morgan Stanley
Q4-07,2007-06-22,7.25,11-30-2007,Morgan Stanley
Q4-07,2007-07-30,7.25,11-30-2007,Morgan Stanley
Q4-07,2007-08-23,7.25,11-30-2007,Morgan Stanley
Q4-07,2007-09-25,7.45,11-30-2007,Morgan Stanley
Q4-07,2007-10-12,7.3,11-30-2007,Morgan Stanley
Q1-08,2007-03-16,7.1,11-30-2007,Morgan Stanley
Q1-08,2007-04-05,7.1,11-30-2007,Morgan Stanley
Q1-08,2007-05-04,7.1,11-30-2007,Morgan Stanley
Q1-08,2007-06-08,7.1,11-30-2007,Morgan Stanley
Q1-08,2007-06-22,7.1,11-30-2007,Morgan Stanley
Q1-08,2007-07-30,7.1,11-30-2007,Morgan Stanley
Q1-08,2007-08-23,7.1,11-30-2007,Morgan Stanley
Q1-08,2007-09-25,7.3,11-30-2007,Morgan Stanley
Q1-08,2007-10-12,7.35,11-30-2007,Morgan Stanley
Q2-08,2007-06-08,7.0,11-30-2007,Morgan Stanley
Q2-08,2007-06-22,7.0,11-30-2007,Morgan Stanley
Q2-08,2007-07-30,7.0,11-30-2007,Morgan Stanley
Q2-08,2007-08-23,7.0,11-30-2007,Morgan Stanley
Q2-08,2007-09-25,7.35,11-30-2007,Morgan Stanley
Q2-08,2007-10-12,7.3,11-30-2007,Morgan Stanley
Q3-08,2007-09-25,7.4,11-30-2007,Morgan Stanley
Q3-08,2007-10-12,7.25,11-30-2007,Morgan Stanley
2008,2006-03-09,6.67,11-30-2007,Morgan Stanley
2008,2006-03-23,6.67,11-30-2007,Morgan Stanley
2008,2006-04-24,6.67,11-30-2007,Morgan Stanley
2008,2006-05-25,6.67,11-30-2007,Morgan Stanley
2008,2006-06-01,6.67,11-30-2007,Morgan Stanley
2008,2006-06-07,6.67,11-30-2007,Morgan Stanley
2008,2006-07-14,6.67,11-30-2007,Morgan Stanley
2008,2006-07-19,6.67,11-30-2007,Morgan Stanley
2008,2006-09-01,6.67,11-30-2007,Morgan Stanley
2008,2006-09-07,6.67,11-30-2007,Morgan Stanley
2008,2006-09-15,6.67,11-30-2007,Morgan Stanley
2008,2006-11-08,7.14,11-30-2007,Morgan Stanley
2008,2006-11-27,7.14,11-30-2007,Morgan Stanley
2008,2007-01-03,7.4,11-30-2007,Morgan Stanley
2008,2007-01-16,7.4,11-30-2007,Morgan Stanley
2008,2007-02-09,7.25,11-30-2007,Morgan Stanley
2008,2007-03-16,7.25,11-30-2007,Morgan Stanley
2008,2007-04-05,7.25,11-30-2007,Morgan Stanley
2008,2007-05-04,7.25,11-30-2007,Morgan Stanley
2008,2007-06-08,7.25,11-30-2007,Morgan Stanley
2008,2007-06-22,7.25,11-30-2007,Morgan Stanley
2008,2007-07-30,7.25,11-30-2007,Morgan Stanley
2008,2007-08-23,7.25,11-30-2007,Morgan Stanley
2008,2007-09-25,7.3,11-30-2007,Morgan Stanley
2008,2007-10-12,7.3,11-30-2007,Morgan Stanley
2009,2006-03-09,6.35,11-30-2007,Morgan Stanley
2009,2006-03-23,6.35,11-30-2007,Morgan Stanley
2009,2006-04-24,6.35,11-30-2007,Morgan Stanley
2009,2006-05-25,6.35,11-30-2007,Morgan Stanley
2009,2006-06-01,6.35,11-30-2007,Morgan Stanley
2009,2006-06-07,6.35,11-30-2007,Morgan Stanley
2009,2006-07-14,6.35,11-30-2007,Morgan Stanley
2009,2006-07-19,6.35,11-30-2007,Morgan Stanley
2009,2006-09-01,6.35,11-30-2007,Morgan Stanley
2009,2006-09-07,6.35,11-30-2007,Morgan Stanley
2009,2006-09-15,6.35,11-30-2007,Morgan Stanley
2009,2006-11-08,6.8,11-30-2007,Morgan Stanley
2009,2006-11-27,6.8,11-30-2007,Morgan Stanley
2009,2007-01-03,7.05,11-30-2007,Morgan Stanley
2009,2007-01-16,7.05,11-30-2007,Morgan Stanley
2009,2007-02-09,6.9,11-30-2007,Morgan Stanley
2009,2007-03-16,6.9,11-30-2007,Morgan Stanley
2009,2007-04-05,6.9,11-30-2007,Morgan Stanley
2009,2007-05-04,6.9,11-30-2007,Morgan Stanley
2009,2007-06-08,6.9,11-30-2007,Morgan Stanley
2009,2007-06-22,7.1,11-30-2007,Morgan Stanley
2009,2007-07-30,7.1,11-30-2007,Morgan Stanley
2009,2007-08-23,7.1,11-30-2007,Morgan Stanley
2009,2007-09-25,7.2,11-30-2007,Morgan Stanley
2009,2007-10-12,7.2,11-30-2007,Morgan Stanley
2010,2006-04-24,6.05,11-30-2007,Morgan Stanley
2010,2006-05-25,6.05,11-30-2007,Morgan Stanley
2010,2006-06-01,6.05,11-30-2007,Morgan Stanley
2010,2006-06-07,6.05,11-30-2007,Morgan Stanley
2010,2006-07-14,6.05,11-30-2007,Morgan Stanley
2010,2006-07-19,6.05,11-30-2007,Morgan Stanley
2010,2006-09-01,6.05,11-30-2007,Morgan Stanley
2010,2006-09-07,6.05,11-30-2007,Morgan Stanley
2010,2006-09-15,6.05,11-30-2007,Morgan Stanley
2010,2006-11-08,6.48,11-30-2007,Morgan Stanley
2010,2006-11-27,6.48,11-30-2007,Morgan Stanley
2010,2007-01-03,6.71,11-30-2007,Morgan Stanley
2010,2007-01-16,6.71,11-30-2007,Morgan Stanley
2010,2007-02-09,6.58,11-30-2007,Morgan Stanley
2010,2007-03-16,6.58,11-30-2007,Morgan Stanley
2010,2007-04-05,6.58,11-30-2007,Morgan Stanley
2010,2007-05-04,6.58,11-30-2007,Morgan Stanley
2010,2007-06-08,6.58,11-30-2007,Morgan Stanley
2010,2007-06-22,6.76,11-30-2007,Morgan Stanley
2010,2007-07-30,6.76,11-30-2007,Morgan Stanley
2010,2007-08-23,6.76,11-30-2007,Morgan Stanley
2010,2007-09-25,6.9,11-30-2007,Morgan Stanley
2010,2007-10-12,6.9,11-30-2007,Morgan Stanley
2011,2006-04-24,5.76,11-30-2007,Morgan Stanley
2011,2006-05-25,5.76,11-30-2007,Morgan Stanley
2011,2006-06-01,5.76,11-30-2007,Morgan Stanley
2011,2006-06-07,5.76,11-30-2007,Morgan Stanley
2011,2006-07-14,5.76,11-30-2007,Morgan Stanley
2011,2006-07-19,5.76,11-30-2007,Morgan Stanley
2011,2006-09-01,5.76,11-30-2007,Morgan Stanley
2011,2006-09-07,5.76,11-30-2007,Morgan Stanley
2011,2006-09-15,5.76,11-30-2007,Morgan Stanley
2011,2006-11-08,6.17,11-30-2007,Morgan Stanley
2011,2006-11-27,6.17,11-30-2007,Morgan Stanley
2011,2007-01-03,6.39,11-30-2007,Morgan Stanley
2011,2007-01-16,6.39,11-30-2007,Morgan Stanley
2011,2007-02-09,6.26,11-30-2007,Morgan Stanley
2011,2007-03-16,6.26,11-30-2007,Morgan Stanley
2011,2007-04-05,6.26,11-30-2007,Morgan Stanley
2011,2007-05-04,6.26,11-30-2007,Morgan Stanley
2011,2007-06-08,6.26,11-30-2007,Morgan Stanley
2011,2007-06-22,6.44,11-30-2007,Morgan Stanley
2011,2007-07-30,6.44,11-30-2007,Morgan Stanley
2011,2007-08-23,6.44,11-30-2007,Morgan Stanley
2011,2007-09-25,6.57,11-30-2007,Morgan Stanley
2011,2007-10-12,6.57,11-30-2007,Morgan Stanley
Q2-16,2014-09-08,6.09,05-31-2016,Morgan Stanley
Q2-16,2014-10-03,6.09,05-31-2016,Morgan Stanley
Q2-16,2014-11-07,6.09,05-31-2016,Morgan Stanley
Q2-16,2014-12-01,6.09,05-31-2016,Morgan Stanley
Q2-16,2015-01-23,6.09,05-31-2016,Morgan Stanley
Q2-16,2015-02-06,6.09,05-31-2016,Morgan Stanley
Q2-16,2015-03-23,6.09,05-31-2016,Morgan Stanley
Q2-16,2015-04-12,6.09,05-31-2016,Morgan Stanley
Q2-16,2015-04-13,6.09,05-31-2016,Morgan Stanley
Q2-16,2015-07-09,6.09,05-31-2016,Morgan Stanley
Q2-16,2015-08-17,6.77,05-31-2016,Morgan Stanley
Q2-16,2015-09-02,6.77,05-31-2016,Morgan Stanley
Q2-16,2015-09-14,6.77,05-31-2016,Morgan Stanley
Q2-16,2015-11-02,6.77,05-31-2016,Morgan Stanley
Q2-16,2015-11-09,6.77,05-31-2016,Morgan Stanley
Q2-16,2015-11-30,6.65,05-31-2016,Morgan Stanley
Q2-16,2016-01-11,6.81,05-31-2016,Morgan Stanley
Q3-16,2014-12-01,6.07,05-31-2016,Morgan Stanley
Q3-16,2015-01-23,6.07,05-31-2016,Morgan Stanley
Q3-16,2015-02-06,6.07,05-31-2016,Morgan Stanley
Q3-16,2015-03-23,6.07,05-31-2016,Morgan Stanley
Q3-16,2015-04-12,6.07,05-31-2016,Morgan Stanley
Q3-16,2015-04-13,6.07,05-31-2016,Morgan Stanley
Q3-16,2015-07-09,6.07,05-31-2016,Morgan Stanley
Q3-16,2015-08-17,6.85,05-31-2016,Morgan Stanley
Q3-16,2015-09-02,6.85,05-31-2016,Morgan Stanley
Q3-16,2015-09-14,6.85,05-31-2016,Morgan Stanley
Q3-16,2015-11-02,6.85,05-31-2016,Morgan Stanley
Q3-16,2015-11-09,6.85,05-31-2016,Morgan Stanley
Q3-16,2015-11-30,6.75,05-31-2016,Morgan Stanley
Q3-16,2016-01-11,6.91,05-31-2016,Morgan Stanley
Q4-16,2014-12-01,6.07,05-31-2016,Morgan Stanley
Q4-16,2015-01-23,6.07,05-31-2016,Morgan Stanley
Q4-16,2015-02-06,6.07,05-31-2016,Morgan Stanley
Q4-16,2015-03-23,6.07,05-31-2016,Morgan Stanley
Q4-16,2015-04-12,6.07,05-31-2016,Morgan Stanley
Q4-16,2015-04-13,6.07,05-31-2016,Morgan Stanley
Q4-16,2015-07-09,6.07,05-31-2016,Morgan Stanley
Q4-16,2015-08-17,6.91,05-31-2016,Morgan Stanley
Q4-16,2015-09-02,6.91,05-31-2016,Morgan Stanley
Q4-16,2015-09-14,6.91,05-31-2016,Morgan Stanley
Q4-16,2015-11-02,6.91,05-31-2016,Morgan Stanley
Q4-16,2015-11-09,6.91,05-31-2016,Morgan Stanley
Q4-16,2015-11-30,6.8,05-31-2016,Morgan Stanley
Q4-16,2016-01-11,6.98,05-31-2016,Morgan Stanley
2017,2015-11-30,7.07,05-31-2016,Morgan Stanley
2017,2016-01-11,7.15,05-31-2016,Morgan Stanley
2018,2016-01-11,7.23,05-31-2016,Morgan Stanley
2019,2016-01-11,7.31,05-31-2016,Morgan Stanley
Q2-20,2019-06-05,6.75,05-31-2020,Morgan Stanley
Q2-20,2019-08-30,7.24,05-31-2020,Morgan Stanley
Q2-20,2019-10-09,7.24,05-31-2020,Morgan Stanley
Q2-20,2019-11-18,6.8,05-31-2020,Morgan Stanley
Q2-20,2020-01-02,6.8,05-31-2020,Morgan Stanley
Q2-20,2020-02-13,6.8,05-31-2020,Morgan Stanley
Q2-20,2020-04-01,6.8,05-31-2020,Morgan Stanley
Q3-20,2019-10-09,7.2,05-31-2020,Morgan Stanley
Q3-20,2019-11-18,6.83,05-31-2020,Morgan Stanley
Q3-20,2020-01-02,6.83,05-31-2020,Morgan Stanley
Q3-20,2020-02-13,6.83,05-31-2020,Morgan Stanley
Q3-20,2020-04-01,6.83,05-31-2020,Morgan Stanley
Q4-20,2018-11-26,6.75,05-31-2020,Morgan Stanley
Q4-20,2019-01-03,6.75,05-31-2020,Morgan Stanley
Q4-20,2019-02-11,6.75,05-31-2020,Morgan Stanley
Q4-20,2019-02-12,6.3,05-31-2020,Morgan Stanley
Q4-20,2019-03-27,6.75,05-31-2020,Morgan Stanley
Q4-20,2019-05-13,6.45,05-31-2020,Morgan Stanley
Q4-20,2019-05-31,6.45,05-31-2020,Morgan Stanley
Q4-20,2019-06-05,6.7,05-31-2020,Morgan Stanley
Q4-20,2019-08-30,7.15,05-31-2020,Morgan Stanley
Q4-20,2019-10-09,7.15,05-31-2020,Morgan Stanley
Q4-20,2019-11-18,6.85,05-31-2020,Morgan Stanley
Q4-20,2020-01-02,6.85,05-31-2020,Morgan Stanley
Q4-20,2020-02-13,6.85,05-31-2020,Morgan Stanley
Q4-20,2020-04-01,6.85,05-31-2020,Morgan Stanley
Q1-21,2020-04-01,6.81,05-31-2020,Morgan Stanley
2021,2019-11-18,6.75,05-31-2020,Morgan Stanley
2021,2020-01-02,6.75,05-31-2020,Morgan Stanley
2021,2020-02-13,6.75,05-31-2020,Morgan Stanley
2021,2020-04-01,6.75,05-31-2020,Morgan Stanley
Q3-07,2006-04-06,7.1,08-31-2007,Morgan Stanley
Q3-07,2006-04-12,7.1,08-31-2007,Morgan Stanley
Q3-07,2006-04-20,7.1,08-31-2007,Morgan Stanley
Q3-07,2006-05-18,7.1,08-31-2007,Morgan Stanley
Q3-07,2006-07-13,7.1,08-31-2007,Morgan Stanley
Q3-07,2006-08-31,7.1,08-31-2007,Morgan Stanley
Q3-07,2006-09-15,7.35,08-31-2007,Morgan Stanley
Q3-07,2006-10-06,7.1,08-31-2007,Morgan Stanley
Q3-07,2006-10-26,7.6,08-31-2007,Morgan Stanley
Q3-07,2006-11-02,7.6,08-31-2007,Morgan Stanley
Q3-07,2006-11-08,7.7,08-31-2007,Morgan Stanley
Q3-07,2006-11-09,7.6,08-31-2007,Morgan Stanley
Q3-07,2006-11-27,7.7,08-31-2007,Morgan Stanley
Q3-07,2007-01-03,7.7,08-31-2007,Morgan Stanley
Q3-07,2007-01-16,7.7,08-31-2007,Morgan Stanley
Q3-07,2007-02-09,7.4,08-31-2007,Morgan Stanley
Q3-07,2007-03-16,7.4,08-31-2007,Morgan Stanley
Q3-07,2007-04-05,7.4,08-31-2007,Morgan Stanley
Q3-07,2007-05-04,7.4,08-31-2007,Morgan Stanley
Q3-07,2007-06-08,7.4,08-31-2007,Morgan Stanley
Q3-07,2007-06-22,7.4,08-31-2007,Morgan Stanley
Q3-07,2007-07-30,7.4,08-31-2007,Morgan Stanley
Q3-07,2007-08-23,7.4,08-31-2007,Morgan Stanley
Q4-07,2006-03-09,7.0,08-31-2007,Morgan Stanley
Q4-07,2006-03-23,7.0,08-31-2007,Morgan Stanley
Q4-07,2006-04-06,7.23,08-31-2007,Morgan Stanley
Q4-07,2006-04-12,7.23,08-31-2007,Morgan Stanley
Q4-07,2006-04-20,7.23,08-31-2007,Morgan Stanley
Q4-07,2006-04-24,7.0,08-31-2007,Morgan Stanley
Q4-07,2006-05-18,7.28,08-31-2007,Morgan Stanley
Q4-07,2006-05-25,7.0,08-31-2007,Morgan Stanley
Q4-07,2006-06-01,7.0,08-31-2007,Morgan Stanley
Q4-07,2006-06-07,7.0,08-31-2007,Morgan Stanley
Q4-07,2006-07-06,7.0,08-31-2007,Morgan Stanley
Q4-07,2006-07-13,7.0,08-31-2007,Morgan Stanley
Q4-07,2006-07-14,7.0,08-31-2007,Morgan Stanley
Q4-07,2006-07-19,7.0,08-31-2007,Morgan Stanley
Q4-07,2006-08-31,7.0,08-31-2007,Morgan Stanley
Q4-07,2006-09-01,7.0,08-31-2007,Morgan Stanley
Q4-07,2006-09-07,7.0,08-31-2007,Morgan Stanley
Q4-07,2006-09-15,7.0,08-31-2007,Morgan Stanley
Q4-07,2006-10-06,7.0,08-31-2007,Morgan Stanley
Q4-07,2006-10-26,7.5,08-31-2007,Morgan Stanley
Q4-07,2006-11-02,7.5,08-31-2007,Morgan Stanley
Q4-07,2006-11-08,7.5,08-31-2007,Morgan Stanley
Q4-07,2006-11-09,7.5,08-31-2007,Morgan Stanley
Q4-07,2006-11-27,7.5,08-31-2007,Morgan Stanley
Q4-07,2007-01-03,7.7,08-31-2007,Morgan Stanley
Q4-07,2007-01-16,7.7,08-31-2007,Morgan Stanley
Q4-07,2007-02-09,7.25,08-31-2007,Morgan Stanley
Q4-07,2007-03-16,7.25,08-31-2007,Morgan Stanley
Q4-07,2007-04-05,7.25,08-31-2007,Morgan Stanley
Q4-07,2007-05-04,7.25,08-31-2007,Morgan Stanley
Q4-07,2007-06-08,7.25,08-31-2007,Morgan Stanley
Q4-07,2007-06-22,7.25,08-31-2007,Morgan Stanley
Q4-07,2007-07-30,7.25,08-31-2007,Morgan Stanley
Q4-07,2007-08-23,7.25,08-31-2007,Morgan Stanley
Q1-08,2007-03-16,7.1,08-31-2007,Morgan Stanley
Q1-08,2007-04-05,7.1,08-31-2007,Morgan Stanley
Q1-08,2007-05-04,7.1,08-31-2007,Morgan Stanley
Q1-08,2007-06-08,7.1,08-31-2007,Morgan Stanley
Q1-08,2007-06-22,7.1,08-31-2007,Morgan Stanley
Q1-08,2007-07-30,7.1,08-31-2007,Morgan Stanley
Q1-08,2007-08-23,7.1,08-31-2007,Morgan Stanley
Q2-08,2007-06-08,7.0,08-31-2007,Morgan Stanley
Q2-08,2007-06-22,7.0,08-31-2007,Morgan Stanley
Q2-08,2007-07-30,7.0,08-31-2007,Morgan Stanley
Q2-08,2007-08-23,7.0,08-31-2007,Morgan Stanley
2008,2006-03-09,6.67,08-31-2007,Morgan Stanley
2008,2006-03-23,6.67,08-31-2007,Morgan Stanley
2008,2006-04-24,6.67,08-31-2007,Morgan Stanley
2008,2006-05-25,6.67,08-31-2007,Morgan Stanley
2008,2006-06-01,6.67,08-31-2007,Morgan Stanley
2008,2006-06-07,6.67,08-31-2007,Morgan Stanley
2008,2006-07-14,6.67,08-31-2007,Morgan Stanley
2008,2006-07-19,6.67,08-31-2007,Morgan Stanley
2008,2006-09-01,6.67,08-31-2007,Morgan Stanley
2008,2006-09-07,6.67,08-31-2007,Morgan Stanley
2008,2006-09-15,6.67,08-31-2007,Morgan Stanley
2008,2006-11-08,7.14,08-31-2007,Morgan Stanley
2008,2006-11-27,7.14,08-31-2007,Morgan Stanley
2008,2007-01-03,7.4,08-31-2007,Morgan Stanley
2008,2007-01-16,7.4,08-31-2007,Morgan Stanley
2008,2007-02-09,7.25,08-31-2007,Morgan Stanley
2008,2007-03-16,7.25,08-31-2007,Morgan Stanley
2008,2007-04-05,7.25,08-31-2007,Morgan Stanley
2008,2007-05-04,7.25,08-31-2007,Morgan Stanley
2008,2007-06-08,7.25,08-31-2007,Morgan Stanley
2008,2007-06-22,7.25,08-31-2007,Morgan Stanley
2008,2007-07-30,7.25,08-31-2007,Morgan Stanley
2008,2007-08-23,7.25,08-31-2007,Morgan Stanley
2009,2006-03-09,6.35,08-31-2007,Morgan Stanley
2009,2006-03-23,6.35,08-31-2007,Morgan Stanley
2009,2006-04-24,6.35,08-31-2007,Morgan Stanley
2009,2006-05-25,6.35,08-31-2007,Morgan Stanley
2009,2006-06-01,6.35,08-31-2007,Morgan Stanley
2009,2006-06-07,6.35,08-31-2007,Morgan Stanley
2009,2006-07-14,6.35,08-31-2007,Morgan Stanley
2009,2006-07-19,6.35,08-31-2007,Morgan Stanley
2009,2006-09-01,6.35,08-31-2007,Morgan Stanley
2009,2006-09-07,6.35,08-31-2007,Morgan Stanley
2009,2006-09-15,6.35,08-31-2007,Morgan Stanley
2009,2006-11-08,6.8,08-31-2007,Morgan Stanley
2009,2006-11-27,6.8,08-31-2007,Morgan Stanley
2009,2007-01-03,7.05,08-31-2007,Morgan Stanley
2009,2007-01-16,7.05,08-31-2007,Morgan Stanley
2009,2007-02-09,6.9,08-31-2007,Morgan Stanley
2009,2007-03-16,6.9,08-31-2007,Morgan Stanley
2009,2007-04-05,6.9,08-31-2007,Morgan Stanley
2009,2007-05-04,6.9,08-31-2007,Morgan Stanley
2009,2007-06-08,6.9,08-31-2007,Morgan Stanley
2009,2007-06-22,7.1,08-31-2007,Morgan Stanley
2009,2007-07-30,7.1,08-31-2007,Morgan Stanley
2009,2007-08-23,7.1,08-31-2007,Morgan Stanley
2010,2006-04-24,6.05,08-31-2007,Morgan Stanley
2010,2006-05-25,6.05,08-31-2007,Morgan Stanley
2010,2006-06-01,6.05,08-31-2007,Morgan Stanley
2010,2006-06-07,6.05,08-31-2007,Morgan Stanley
2010,2006-07-14,6.05,08-31-2007,Morgan Stanley
2010,2006-07-19,6.05,08-31-2007,Morgan Stanley
2010,2006-09-01,6.05,08-31-2007,Morgan Stanley
2010,2006-09-07,6.05,08-31-2007,Morgan Stanley
2010,2006-09-15,6.05,08-31-2007,Morgan Stanley
2010,2006-11-08,6.48,08-31-2007,Morgan Stanley
2010,2006-11-27,6.48,08-31-2007,Morgan Stanley
2010,2007-01-03,6.71,08-31-2007,Morgan Stanley
2010,2007-01-16,6.71,08-31-2007,Morgan Stanley
2010,2007-02-09,6.58,08-31-2007,Morgan Stanley
2010,2007-03-16,6.58,08-31-2007,Morgan Stanley
2010,2007-04-05,6.58,08-31-2007,Morgan Stanley
2010,2007-05-04,6.58,08-31-2007,Morgan Stanley
2010,2007-06-08,6.58,08-31-2007,Morgan Stanley
2010,2007-06-22,6.76,08-31-2007,Morgan Stanley
2010,2007-07-30,6.76,08-31-2007,Morgan Stanley
2010,2007-08-23,6.76,08-31-2007,Morgan Stanley
2011,2006-04-24,5.76,08-31-2007,Morgan Stanley
2011,2006-05-25,5.76,08-31-2007,Morgan Stanley
2011,2006-06-01,5.76,08-31-2007,Morgan Stanley
2011,2006-06-07,5.76,08-31-2007,Morgan Stanley
2011,2006-07-14,5.76,08-31-2007,Morgan Stanley
2011,2006-07-19,5.76,08-31-2007,Morgan Stanley
2011,2006-09-01,5.76,08-31-2007,Morgan Stanley
2011,2006-09-07,5.76,08-31-2007,Morgan Stanley
2011,2006-09-15,5.76,08-31-2007,Morgan Stanley
2011,2006-11-08,6.17,08-31-2007,Morgan Stanley
2011,2006-11-27,6.17,08-31-2007,Morgan Stanley
2011,2007-01-03,6.39,08-31-2007,Morgan Stanley
2011,2007-01-16,6.39,08-31-2007,Morgan Stanley
2011,2007-02-09,6.26,08-31-2007,Morgan Stanley
2011,2007-03-16,6.26,08-31-2007,Morgan Stanley
2011,2007-04-05,6.26,08-31-2007,Morgan Stanley
2011,2007-05-04,6.26,08-31-2007,Morgan Stanley
2011,2007-06-08,6.26,08-31-2007,Morgan Stanley
2011,2007-06-22,6.44,08-31-2007,Morgan Stanley
2011,2007-07-30,6.44,08-31-2007,Morgan Stanley
2011,2007-08-23,6.44,08-31-2007,Morgan Stanley
Q3-11,2010-04-08,6.26,08-31-2011,Morgan Stanley
Q3-11,2010-05-14,6.26,08-31-2011,Morgan Stanley
Q3-11,2010-05-27,6.3,08-31-2011,Morgan Stanley
Q3-11,2010-06-18,6.3,08-31-2011,Morgan Stanley
Q3-11,2010-06-25,6.3,08-31-2011,Morgan Stanley
Q3-11,2010-07-02,6.3,08-31-2011,Morgan Stanley
Q3-11,2010-08-05,6.3,08-31-2011,Morgan Stanley
Q3-11,2010-08-23,6.3,08-31-2011,Morgan Stanley
Q3-11,2010-09-07,6.3,08-31-2011,Morgan Stanley
Q3-11,2010-09-17,6.3,08-31-2011,Morgan Stanley
Q3-11,2010-09-24,6.3,08-31-2011,Morgan Stanley
Q3-11,2010-09-30,6.3,08-31-2011,Morgan Stanley
Q3-11,2010-10-28,6.3,08-31-2011,Morgan Stanley
Q3-11,2010-12-13,6.3,08-31-2011,Morgan Stanley
Q3-11,2011-01-31,6.3,08-31-2011,Morgan Stanley
Q3-11,2011-03-03,6.3,08-31-2011,Morgan Stanley
Q3-11,2011-03-04,6.3,08-31-2011,Morgan Stanley
Q3-11,2011-03-07,6.3,08-31-2011,Morgan Stanley
Q3-11,2011-04-01,6.3,08-31-2011,Morgan Stanley
Q3-11,2011-04-28,6.3,08-31-2011,Morgan Stanley
Q3-11,2011-06-02,6.3,08-31-2011,Morgan Stanley
Q3-11,2011-08-18,6.26,08-31-2011,Morgan Stanley
Q4-11,2010-04-06,6.3,08-31-2011,Morgan Stanley
Q4-11,2010-04-08,6.17,08-31-2011,Morgan Stanley
Q4-11,2010-05-14,6.17,08-31-2011,Morgan Stanley
Q4-11,2010-05-27,6.2,08-31-2011,Morgan Stanley
Q4-11,2010-06-04,6.3,08-31-2011,Morgan Stanley
Q4-11,2010-06-18,6.2,08-31-2011,Morgan Stanley
Q4-11,2010-06-25,6.2,08-31-2011,Morgan Stanley
Q4-11,2010-07-02,6.2,08-31-2011,Morgan Stanley
Q4-11,2010-08-05,6.2,08-31-2011,Morgan Stanley
Q4-11,2010-08-23,6.2,08-31-2011,Morgan Stanley
Q4-11,2010-09-07,6.2,08-31-2011,Morgan Stanley
Q4-11,2010-09-17,6.2,08-31-2011,Morgan Stanley
Q4-11,2010-09-24,6.2,08-31-2011,Morgan Stanley
Q4-11,2010-09-30,6.2,08-31-2011,Morgan Stanley
Q4-11,2010-10-28,6.2,08-31-2011,Morgan Stanley
Q4-11,2010-12-13,6.2,08-31-2011,Morgan Stanley
Q4-11,2011-01-31,6.2,08-31-2011,Morgan Stanley
Q4-11,2011-03-03,6.2,08-31-2011,Morgan Stanley
Q4-11,2011-03-04,6.2,08-31-2011,Morgan Stanley
Q4-11,2011-03-07,6.2,08-31-2011,Morgan Stanley
Q4-11,2011-04-01,6.2,08-31-2011,Morgan Stanley
Q4-11,2011-04-28,6.2,08-31-2011,Morgan Stanley
Q4-11,2011-06-02,6.2,08-31-2011,Morgan Stanley
Q4-11,2011-08-18,6.3,08-31-2011,Morgan Stanley
Q1-12,2010-12-13,6.11,08-31-2011,Morgan Stanley
Q1-12,2011-01-31,6.11,08-31-2011,Morgan Stanley
Q1-12,2011-03-03,6.11,08-31-2011,Morgan Stanley
Q1-12,2011-03-04,6.11,08-31-2011,Morgan Stanley
Q1-12,2011-03-07,6.11,08-31-2011,Morgan Stanley
Q1-12,2011-04-01,6.11,08-31-2011,Morgan Stanley
Q1-12,2011-04-28,6.11,08-31-2011,Morgan Stanley
Q1-12,2011-06-02,6.11,08-31-2011,Morgan Stanley
Q1-12,2011-08-18,6.2,08-31-2011,Morgan Stanley
Q2-12,2010-12-13,6.01,08-31-2011,Morgan Stanley
Q2-12,2011-01-31,6.01,08-31-2011,Morgan Stanley
Q2-12,2011-03-03,6.01,08-31-2011,Morgan Stanley
Q2-12,2011-03-04,6.01,08-31-2011,Morgan Stanley
Q2-12,2011-03-07,6.01,08-31-2011,Morgan Stanley
Q2-12,2011-04-01,6.01,08-31-2011,Morgan Stanley
Q2-12,2011-04-28,6.01,08-31-2011,Morgan Stanley
Q2-12,2011-06-02,6.01,08-31-2011,Morgan Stanley
Q2-12,2011-08-18,6.11,08-31-2011,Morgan Stanley
2012,2010-04-06,6.2,08-31-2011,Morgan Stanley
2012,2010-06-04,6.2,08-31-2011,Morgan Stanley
2012,2010-12-13,5.82,08-31-2011,Morgan Stanley
2012,2011-01-31,5.82,08-31-2011,Morgan Stanley
2012,2011-03-03,5.82,08-31-2011,Morgan Stanley
2012,2011-03-04,5.82,08-31-2011,Morgan Stanley
2012,2011-03-07,5.82,08-31-2011,Morgan Stanley
2012,2011-04-01,5.82,08-31-2011,Morgan Stanley
2012,2011-04-28,5.82,08-31-2011,Morgan Stanley
2012,2011-06-02,5.82,08-31-2011,Morgan Stanley
2012,2011-08-18,5.82,08-31-2011,Morgan Stanley
Q1-16,2014-09-08,6.1,02-28-2016,Morgan Stanley
Q1-16,2014-10-03,6.1,02-28-2016,Morgan Stanley
Q1-16,2014-11-07,6.1,02-28-2016,Morgan Stanley
Q1-16,2014-12-01,6.14,02-28-2016,Morgan Stanley
Q1-16,2015-01-23,6.14,02-28-2016,Morgan Stanley
Q1-16,2015-02-06,6.14,02-28-2016,Morgan Stanley
Q1-16,2015-03-23,6.14,02-28-2016,Morgan Stanley
Q1-16,2015-04-12,6.14,02-28-2016,Morgan Stanley
Q1-16,2015-04-13,6.14,02-28-2016,Morgan Stanley
Q1-16,2015-07-09,6.14,02-28-2016,Morgan Stanley
Q1-16,2015-08-17,6.69,02-28-2016,Morgan Stanley
Q1-16,2015-09-02,6.69,02-28-2016,Morgan Stanley
Q1-16,2015-09-14,6.69,02-28-2016,Morgan Stanley
Q1-16,2015-11-02,6.69,02-28-2016,Morgan Stanley
Q1-16,2015-11-09,6.69,02-28-2016,Morgan Stanley
Q1-16,2015-11-30,6.54,02-28-2016,Morgan Stanley
Q1-16,2016-01-11,6.73,02-28-2016,Morgan Stanley
Q2-16,2014-09-08,6.09,02-28-2016,Morgan Stanley
Q2-16,2014-10-03,6.09,02-28-2016,Morgan Stanley
Q2-16,2014-11-07,6.09,02-28-2016,Morgan Stanley
Q2-16,2014-12-01,6.09,02-28-2016,Morgan Stanley
Q2-16,2015-01-23,6.09,02-28-2016,Morgan Stanley
Q2-16,2015-02-06,6.09,02-28-2016,Morgan Stanley
Q2-16,2015-03-23,6.09,02-28-2016,Morgan Stanley
Q2-16,2015-04-12,6.09,02-28-2016,Morgan Stanley
Q2-16,2015-04-13,6.09,02-28-2016,Morgan Stanley
Q2-16,2015-07-09,6.09,02-28-2016,Morgan Stanley
Q2-16,2015-08-17,6.77,02-28-2016,Morgan Stanley
Q2-16,2015-09-02,6.77,02-28-2016,Morgan Stanley
Q2-16,2015-09-14,6.77,02-28-2016,Morgan Stanley
Q2-16,2015-11-02,6.77,02-28-2016,Morgan Stanley
Q2-16,2015-11-09,6.77,02-28-2016,Morgan Stanley
Q2-16,2015-11-30,6.65,02-28-2016,Morgan Stanley
Q2-16,2016-01-11,6.81,02-28-2016,Morgan Stanley
Q3-16,2014-12-01,6.07,02-28-2016,Morgan Stanley
Q3-16,2015-01-23,6.07,02-28-2016,Morgan Stanley
Q3-16,2015-02-06,6.07,02-28-2016,Morgan Stanley
Q3-16,2015-03-23,6.07,02-28-2016,Morgan Stanley
Q3-16,2015-04-12,6.07,02-28-2016,Morgan Stanley
Q3-16,2015-04-13,6.07,02-28-2016,Morgan Stanley
Q3-16,2015-07-09,6.07,02-28-2016,Morgan Stanley
Q3-16,2015-08-17,6.85,02-28-2016,Morgan Stanley
Q3-16,2015-09-02,6.85,02-28-2016,Morgan Stanley
Q3-16,2015-09-14,6.85,02-28-2016,Morgan Stanley
Q3-16,2015-11-02,6.85,02-28-2016,Morgan Stanley
Q3-16,2015-11-09,6.85,02-28-2016,Morgan Stanley
Q3-16,2015-11-30,6.75,02-28-2016,Morgan Stanley
Q3-16,2016-01-11,6.91,02-28-2016,Morgan Stanley
Q4-16,2014-12-01,6.07,02-28-2016,Morgan Stanley
Q4-16,2015-01-23,6.07,02-28-2016,Morgan Stanley
Q4-16,2015-02-06,6.07,02-28-2016,Morgan Stanley
Q4-16,2015-03-23,6.07,02-28-2016,Morgan Stanley
Q4-16,2015-04-12,6.07,02-28-2016,Morgan Stanley
Q4-16,2015-04-13,6.07,02-28-2016,Morgan Stanley
Q4-16,2015-07-09,6.07,02-28-2016,Morgan Stanley
Q4-16,2015-08-17,6.91,02-28-2016,Morgan Stanley
Q4-16,2015-09-02,6.91,02-28-2016,Morgan Stanley
Q4-16,2015-09-14,6.91,02-28-2016,Morgan Stanley
Q4-16,2015-11-02,6.91,02-28-2016,Morgan Stanley
Q4-16,2015-11-09,6.91,02-28-2016,Morgan Stanley
Q4-16,2015-11-30,6.8,02-28-2016,Morgan Stanley
Q4-16,2016-01-11,6.98,02-28-2016,Morgan Stanley
2017,2015-11-30,7.07,02-28-2016,Morgan Stanley
2017,2016-01-11,7.15,02-28-2016,Morgan Stanley
2018,2016-01-11,7.23,02-28-2016,Morgan Stanley
2019,2016-01-11,7.31,02-28-2016,Morgan Stanley
Q4-08,2007-01-03,7.4,11-30-2008,Morgan Stanley
Q4-08,2007-01-16,7.4,11-30-2008,Morgan Stanley
Q4-08,2007-02-09,7.25,11-30-2008,Morgan Stanley
Q4-08,2007-03-16,7.25,11-30-2008,Morgan Stanley
Q4-08,2007-04-05,7.25,11-30-2008,Morgan Stanley
Q4-08,2007-05-04,7.25,11-30-2008,Morgan Stanley
Q4-08,2007-06-08,7.25,11-30-2008,Morgan Stanley
Q4-08,2007-06-22,7.25,11-30-2008,Morgan Stanley
Q4-08,2007-07-30,7.25,11-30-2008,Morgan Stanley
Q4-08,2007-08-23,7.25,11-30-2008,Morgan Stanley
Q4-08,2007-09-25,7.3,11-30-2008,Morgan Stanley
Q4-08,2007-10-12,7.3,11-30-2008,Morgan Stanley
Q4-08,2007-12-26,6.95,11-30-2008,Morgan Stanley
Q4-08,2008-02-21,6.95,11-30-2008,Morgan Stanley
Q4-08,2008-03-07,6.57,11-30-2008,Morgan Stanley
Q4-08,2008-03-13,6.57,11-30-2008,Morgan Stanley
Q4-08,2008-04-28,6.57,11-30-2008,Morgan Stanley
Q4-08,2008-07-07,6.63,11-30-2008,Morgan Stanley
Q4-08,2008-11-26,6.8,11-30-2008,Morgan Stanley
Q1-09,2008-04-28,6.47,11-30-2008,Morgan Stanley
Q1-09,2008-07-07,6.53,11-30-2008,Morgan Stanley
Q1-09,2008-11-26,6.8,11-30-2008,Morgan Stanley
Q2-09,2008-07-07,6.46,11-30-2008,Morgan Stanley
Q2-09,2008-11-26,6.75,11-30-2008,Morgan Stanley
Q3-09,2008-11-26,6.7,11-30-2008,Morgan Stanley
2009,2007-01-03,7.05,11-30-2008,Morgan Stanley
2009,2007-01-16,7.05,11-30-2008,Morgan Stanley
2009,2007-02-09,6.9,11-30-2008,Morgan Stanley
2009,2007-03-16,6.9,11-30-2008,Morgan Stanley
2009,2007-04-05,6.9,11-30-2008,Morgan Stanley
2009,2007-05-04,6.9,11-30-2008,Morgan Stanley
2009,2007-06-08,6.9,11-30-2008,Morgan Stanley
2009,2007-06-22,7.1,11-30-2008,Morgan Stanley
2009,2007-07-30,7.1,11-30-2008,Morgan Stanley
2009,2007-08-23,7.1,11-30-2008,Morgan Stanley
2009,2007-09-25,7.2,11-30-2008,Morgan Stanley
2009,2007-10-12,7.2,11-30-2008,Morgan Stanley
2009,2007-12-26,6.95,11-30-2008,Morgan Stanley
2009,2008-02-21,7.3,11-30-2008,Morgan Stanley
2009,2008-03-07,6.18,11-30-2008,Morgan Stanley
2009,2008-03-13,6.18,11-30-2008,Morgan Stanley
2009,2008-04-28,6.18,11-30-2008,Morgan Stanley
2009,2008-11-26,6.65,11-30-2008,Morgan Stanley
2010,2007-01-03,6.71,11-30-2008,Morgan Stanley
2010,2007-01-16,6.71,11-30-2008,Morgan Stanley
2010,2007-02-09,6.58,11-30-2008,Morgan Stanley
2010,2007-03-16,6.58,11-30-2008,Morgan Stanley
2010,2007-04-05,6.58,11-30-2008,Morgan Stanley
2010,2007-05-04,6.58,11-30-2008,Morgan Stanley
2010,2007-06-08,6.58,11-30-2008,Morgan Stanley
2010,2007-06-22,6.76,11-30-2008,Morgan Stanley
2010,2007-07-30,6.76,11-30-2008,Morgan Stanley
2010,2007-08-23,6.76,11-30-2008,Morgan Stanley
2010,2007-09-25,6.9,11-30-2008,Morgan Stanley
2010,2007-10-12,6.9,11-30-2008,Morgan Stanley
2010,2007-12-26,6.4,11-30-2008,Morgan Stanley
2010,2008-02-21,6.95,11-30-2008,Morgan Stanley
2010,2008-03-07,5.89,11-30-2008,Morgan Stanley
2010,2008-03-13,5.89,11-30-2008,Morgan Stanley
2010,2008-04-28,5.89,11-30-2008,Morgan Stanley
2010,2008-11-26,6.54,11-30-2008,Morgan Stanley
2011,2007-01-03,6.39,11-30-2008,Morgan Stanley
2011,2007-01-16,6.39,11-30-2008,Morgan Stanley
2011,2007-02-09,6.26,11-30-2008,Morgan Stanley
2011,2007-03-16,6.26,11-30-2008,Morgan Stanley
2011,2007-04-05,6.26,11-30-2008,Morgan Stanley
2011,2007-05-04,6.26,11-30-2008,Morgan Stanley
2011,2007-06-08,6.26,11-30-2008,Morgan Stanley
2011,2007-06-22,6.44,11-30-2008,Morgan Stanley
2011,2007-07-30,6.44,11-30-2008,Morgan Stanley
2011,2007-08-23,6.44,11-30-2008,Morgan Stanley
2011,2007-09-25,6.57,11-30-2008,Morgan Stanley
2011,2007-10-12,6.57,11-30-2008,Morgan Stanley
2011,2007-12-26,6.1,11-30-2008,Morgan Stanley
2011,2008-02-21,6.4,11-30-2008,Morgan Stanley
2011,2008-03-07,5.61,11-30-2008,Morgan Stanley
2011,2008-03-13,5.61,11-30-2008,Morgan Stanley
2011,2008-04-28,5.61,11-30-2008,Morgan Stanley
2012,2007-01-03,6.09,11-30-2008,Morgan Stanley
2012,2007-01-16,6.09,11-30-2008,Morgan Stanley
2012,2007-02-09,5.96,11-30-2008,Morgan Stanley
2012,2007-03-16,5.96,11-30-2008,Morgan Stanley
2012,2007-04-05,5.96,11-30-2008,Morgan Stanley
2012,2007-05-04,5.96,11-30-2008,Morgan Stanley
2012,2007-06-08,5.96,11-30-2008,Morgan Stanley
2012,2007-06-22,6.13,11-30-2008,Morgan Stanley
2012,2007-07-30,6.13,11-30-2008,Morgan Stanley
2012,2007-08-23,6.13,11-30-2008,Morgan Stanley
2012,2007-09-25,6.26,11-30-2008,Morgan Stanley
2012,2007-10-12,6.26,11-30-2008,Morgan Stanley
2012,2007-12-26,5.8,11-30-2008,Morgan Stanley
2012,2008-02-21,6.1,11-30-2008,Morgan Stanley
2012,2008-03-07,5.34,11-30-2008,Morgan Stanley
2012,2008-03-13,5.34,11-30-2008,Morgan Stanley
2012,2008-04-28,5.34,11-30-2008,Morgan Stanley
Q2-19,2018-06-07,6.17,05-31-2019,Morgan Stanley
Q2-19,2018-06-15,6.17,05-31-2019,Morgan Stanley
Q2-19,2018-06-22,6.4,05-31-2019,Morgan Stanley
Q2-19,2018-06-28,6.4,05-31-2019,Morgan Stanley
Q2-19,2018-07-19,6.4,05-31-2019,Morgan Stanley
Q2-19,2018-09-06,6.4,05-31-2019,Morgan Stanley
Q2-19,2018-09-13,6.4,05-31-2019,Morgan Stanley
Q2-19,2018-09-21,6.4,05-31-2019,Morgan Stanley
Q2-19,2018-11-02,6.4,05-31-2019,Morgan Stanley
Q2-19,2018-11-26,7.03,05-31-2019,Morgan Stanley
Q2-19,2019-01-03,7.03,05-31-2019,Morgan Stanley
Q2-19,2019-02-11,7.03,05-31-2019,Morgan Stanley
Q2-19,2019-02-12,6.63,05-31-2019,Morgan Stanley
Q2-19,2019-03-27,7.03,05-31-2019,Morgan Stanley
Q2-19,2019-05-13,6.82,05-31-2019,Morgan Stanley
Q2-19,2019-05-31,6.82,05-31-2019,Morgan Stanley
Q3-19,2018-09-06,6.32,05-31-2019,Morgan Stanley
Q3-19,2018-09-13,6.32,05-31-2019,Morgan Stanley
Q3-19,2018-09-21,6.32,05-31-2019,Morgan Stanley
Q3-19,2018-11-02,6.32,05-31-2019,Morgan Stanley
Q3-19,2018-11-26,6.92,05-31-2019,Morgan Stanley
Q3-19,2019-01-03,6.92,05-31-2019,Morgan Stanley
Q3-19,2019-02-11,6.92,05-31-2019,Morgan Stanley
Q3-19,2019-02-12,6.57,05-31-2019,Morgan Stanley
Q3-19,2019-03-27,6.92,05-31-2019,Morgan Stanley
Q3-19,2019-05-13,6.72,05-31-2019,Morgan Stanley
Q3-19,2019-05-31,6.72,05-31-2019,Morgan Stanley
Q4-19,2017-11-27,6.5,05-31-2019,Morgan Stanley
Q4-19,2017-12-19,6.5,05-31-2019,Morgan Stanley
Q4-19,2018-02-23,6.15,05-31-2019,Morgan Stanley
Q4-19,2018-04-27,6.15,05-31-2019,Morgan Stanley
Q4-19,2018-05-14,6.1,05-31-2019,Morgan Stanley
Q4-19,2018-06-07,6.1,05-31-2019,Morgan Stanley
Q4-19,2018-06-15,6.1,05-31-2019,Morgan Stanley
Q4-19,2018-06-22,6.25,05-31-2019,Morgan Stanley
Q4-19,2018-06-28,6.25,05-31-2019,Morgan Stanley
Q4-19,2018-07-19,6.25,05-31-2019,Morgan Stanley
Q4-19,2018-09-06,6.25,05-31-2019,Morgan Stanley
Q4-19,2018-09-13,6.25,05-31-2019,Morgan Stanley
Q4-19,2018-09-21,6.25,05-31-2019,Morgan Stanley
Q4-19,2018-11-02,6.25,05-31-2019,Morgan Stanley
Q4-19,2018-11-26,6.85,05-31-2019,Morgan Stanley
Q4-19,2019-01-03,6.85,05-31-2019,Morgan Stanley
Q4-19,2019-02-11,6.85,05-31-2019,Morgan Stanley
Q4-19,2019-02-12,6.55,05-31-2019,Morgan Stanley
Q4-19,2019-03-27,6.85,05-31-2019,Morgan Stanley
Q4-19,2019-05-13,6.6,05-31-2019,Morgan Stanley
Q4-19,2019-05-31,6.6,05-31-2019,Morgan Stanley
Q1-20,2019-03-27,6.81,05-31-2019,Morgan Stanley
Q1-20,2019-05-13,6.54,05-31-2019,Morgan Stanley
Q1-20,2019-05-31,6.54,05-31-2019,Morgan Stanley
2020,2017-12-19,6.75,05-31-2019,Morgan Stanley
2020,2018-11-26,6.75,05-31-2019,Morgan Stanley
2020,2019-01-03,6.75,05-31-2019,Morgan Stanley
2020,2019-02-11,6.75,05-31-2019,Morgan Stanley
2020,2019-02-12,6.3,05-31-2019,Morgan Stanley
2020,2019-03-27,6.75,05-31-2019,Morgan Stanley
2020,2019-05-13,6.45,05-31-2019,Morgan Stanley
2020,2019-05-31,6.45,05-31-2019,Morgan Stanley
Q3-12,2010-12-13,5.92,08-31-2012,Morgan Stanley
Q3-12,2011-01-31,5.92,08-31-2012,Morgan Stanley
Q3-12,2011-03-03,5.92,08-31-2012,Morgan Stanley
Q3-12,2011-03-04,5.92,08-31-2012,Morgan Stanley
Q3-12,2011-03-07,5.92,08-31-2012,Morgan Stanley
Q3-12,2011-04-01,5.92,08-31-2012,Morgan Stanley
Q3-12,2011-04-28,5.92,08-31-2012,Morgan Stanley
Q3-12,2011-06-02,5.92,08-31-2012,Morgan Stanley
Q3-12,2011-08-18,6.01,08-31-2012,Morgan Stanley
Q3-12,2011-11-10,5.92,08-31-2012,Morgan Stanley
Q3-12,2011-11-28,6.09,08-31-2012,Morgan Stanley
Q3-12,2011-12-22,6.09,08-31-2012,Morgan Stanley
Q3-12,2012-02-03,6.09,08-31-2012,Morgan Stanley
Q3-12,2012-03-01,6.09,08-31-2012,Morgan Stanley
Q3-12,2012-04-05,6.09,08-31-2012,Morgan Stanley
Q3-12,2012-05-03,6.08,08-31-2012,Morgan Stanley
Q3-12,2012-06-13,6.3,08-31-2012,Morgan Stanley
Q3-12,2012-07-06,6.3,08-31-2012,Morgan Stanley
Q3-12,2012-08-10,6.3,08-31-2012,Morgan Stanley
Q3-12,2012-08-31,6.3,08-31-2012,Morgan Stanley
Q4-12,2010-12-13,5.82,08-31-2012,Morgan Stanley
Q4-12,2011-01-31,5.82,08-31-2012,Morgan Stanley
Q4-12,2011-03-03,5.82,08-31-2012,Morgan Stanley
Q4-12,2011-03-04,5.82,08-31-2012,Morgan Stanley
Q4-12,2011-03-07,5.82,08-31-2012,Morgan Stanley
Q4-12,2011-04-01,5.82,08-31-2012,Morgan Stanley
Q4-12,2011-04-28,5.82,08-31-2012,Morgan Stanley
Q4-12,2011-06-02,5.82,08-31-2012,Morgan Stanley
Q4-12,2011-08-18,5.82,08-31-2012,Morgan Stanley
Q4-12,2011-11-10,5.82,08-31-2012,Morgan Stanley
Q4-12,2011-11-28,5.99,08-31-2012,Morgan Stanley
Q4-12,2011-12-22,5.99,08-31-2012,Morgan Stanley
Q4-12,2012-02-03,5.99,08-31-2012,Morgan Stanley
Q4-12,2012-03-01,5.99,08-31-2012,Morgan Stanley
Q4-12,2012-04-05,5.99,08-31-2012,Morgan Stanley
Q4-12,2012-05-03,6.0,08-31-2012,Morgan Stanley
Q4-12,2012-06-13,6.3,08-31-2012,Morgan Stanley
Q4-12,2012-07-06,6.3,08-31-2012,Morgan Stanley
Q4-12,2012-08-10,6.3,08-31-2012,Morgan Stanley
Q4-12,2012-08-31,6.3,08-31-2012,Morgan Stanley
Q1-13,2011-12-22,5.91,08-31-2012,Morgan Stanley
Q1-13,2012-02-03,5.91,08-31-2012,Morgan Stanley
Q1-13,2012-03-01,5.91,08-31-2012,Morgan Stanley
Q1-13,2012-04-05,5.91,08-31-2012,Morgan Stanley
Q1-13,2012-05-03,5.98,08-31-2012,Morgan Stanley
Q1-13,2012-06-13,6.3,08-31-2012,Morgan Stanley
Q1-13,2012-07-06,6.3,08-31-2012,Morgan Stanley
Q1-13,2012-08-10,6.3,08-31-2012,Morgan Stanley
Q1-13,2012-08-31,6.3,08-31-2012,Morgan Stanley
Q2-13,2011-12-22,5.83,08-31-2012,Morgan Stanley
Q2-13,2012-02-03,5.83,08-31-2012,Morgan Stanley
Q2-13,2012-03-01,5.83,08-31-2012,Morgan Stanley
Q2-13,2012-04-05,5.83,08-31-2012,Morgan Stanley
Q2-13,2012-05-03,5.97,08-31-2012,Morgan Stanley
Q2-13,2012-06-13,6.3,08-31-2012,Morgan Stanley
Q2-13,2012-07-06,6.3,08-31-2012,Morgan Stanley
Q2-13,2012-08-10,6.3,08-31-2012,Morgan Stanley
Q2-13,2012-08-31,6.3,08-31-2012,Morgan Stanley
2013,2011-11-28,5.66,08-31-2012,Morgan Stanley
2013,2012-02-03,5.66,08-31-2012,Morgan Stanley
2013,2012-03-01,5.66,08-31-2012,Morgan Stanley
2013,2012-04-05,5.66,08-31-2012,Morgan Stanley
2013,2012-05-03,5.94,08-31-2012,Morgan Stanley
2013,2012-06-13,6.24,08-31-2012,Morgan Stanley
2013,2012-07-06,6.24,08-31-2012,Morgan Stanley
2013,2012-08-10,6.24,08-31-2012,Morgan Stanley
2013,2012-08-31,6.24,08-31-2012,Morgan Stanley
Q1-15,2013-09-06,6.12,02-28-2015,Morgan Stanley
Q1-15,2013-10-18,6.12,02-28-2015,Morgan Stanley
Q1-15,2013-11-21,6.12,02-28-2015,Morgan Stanley
Q1-15,2013-12-06,5.84,02-28-2015,Morgan Stanley
Q1-15,2014-01-09,5.84,02-28-2015,Morgan Stanley
Q1-15,2014-02-07,5.84,02-28-2015,Morgan Stanley
Q1-15,2014-03-06,5.84,02-28-2015,Morgan Stanley
Q1-15,2014-03-17,5.84,02-28-2015,Morgan Stanley
Q1-15,2014-03-20,5.84,02-28-2015,Morgan Stanley
Q1-15,2014-05-06,5.84,02-28-2015,Morgan Stanley
Q1-15,2014-06-06,6.12,02-28-2015,Morgan Stanley
Q1-15,2014-07-17,6.12,02-28-2015,Morgan Stanley
Q1-15,2014-07-18,6.12,02-28-2015,Morgan Stanley
Q1-15,2014-08-26,6.12,02-28-2015,Morgan Stanley
Q1-15,2014-09-08,6.12,02-28-2015,Morgan Stanley
Q1-15,2014-10-03,6.12,02-28-2015,Morgan Stanley
Q1-15,2014-11-07,6.12,02-28-2015,Morgan Stanley
Q1-15,2014-11-14,6.16,02-28-2015,Morgan Stanley
Q1-15,2014-12-01,6.16,02-28-2015,Morgan Stanley
Q1-15,2015-01-23,6.16,02-28-2015,Morgan Stanley
Q1-15,2015-02-06,6.16,02-28-2015,Morgan Stanley
Q2-15,2013-09-06,6.04,02-28-2015,Morgan Stanley
Q2-15,2013-10-18,6.04,02-28-2015,Morgan Stanley
Q2-15,2013-11-21,6.04,02-28-2015,Morgan Stanley
Q2-15,2013-12-06,5.87,02-28-2015,Morgan Stanley
Q2-15,2014-01-09,5.87,02-28-2015,Morgan Stanley
Q2-15,2014-02-07,5.87,02-28-2015,Morgan Stanley
Q2-15,2014-03-06,5.87,02-28-2015,Morgan Stanley
Q2-15,2014-03-17,5.87,02-28-2015,Morgan Stanley
Q2-15,2014-03-20,6.13,02-28-2015,Morgan Stanley
Q2-15,2014-06-06,6.13,02-28-2015,Morgan Stanley
Q2-15,2014-07-17,6.13,02-28-2015,Morgan Stanley
Q2-15,2014-07-18,6.13,02-28-2015,Morgan Stanley
Q2-15,2014-08-26,6.13,02-28-2015,Morgan Stanley
Q2-15,2014-09-08,6.13,02-28-2015,Morgan Stanley
Q2-15,2014-10-03,6.13,02-28-2015,Morgan Stanley
Q2-15,2014-11-07,6.13,02-28-2015,Morgan Stanley
Q2-15,2014-11-14,6.13,02-28-2015,Morgan Stanley
Q2-15,2014-12-01,6.13,02-28-2015,Morgan Stanley
Q2-15,2015-01-23,6.13,02-28-2015,Morgan Stanley
Q2-15,2015-02-06,6.13,02-28-2015,Morgan Stanley
Q3-15,2013-09-06,6.0,02-28-2015,Morgan Stanley
Q3-15,2013-10-18,6.0,02-28-2015,Morgan Stanley
Q3-15,2013-11-21,6.0,02-28-2015,Morgan Stanley
Q3-15,2013-12-06,5.81,02-28-2015,Morgan Stanley
Q3-15,2014-01-09,5.81,02-28-2015,Morgan Stanley
Q3-15,2014-02-07,5.81,02-28-2015,Morgan Stanley
Q3-15,2014-03-06,5.81,02-28-2015,Morgan Stanley
Q3-15,2014-03-17,5.81,02-28-2015,Morgan Stanley
Q3-15,2014-03-20,6.14,02-28-2015,Morgan Stanley
Q3-15,2014-09-08,6.14,02-28-2015,Morgan Stanley
Q3-15,2014-10-03,6.14,02-28-2015,Morgan Stanley
Q3-15,2014-11-07,6.14,02-28-2015,Morgan Stanley
Q3-15,2014-11-14,6.12,02-28-2015,Morgan Stanley
Q3-15,2014-12-01,6.12,02-28-2015,Morgan Stanley
Q3-15,2015-01-23,6.12,02-28-2015,Morgan Stanley
Q3-15,2015-02-06,6.12,02-28-2015,Morgan Stanley
Q4-15,2014-01-09,5.74,02-28-2015,Morgan Stanley
Q4-15,2014-02-07,5.74,02-28-2015,Morgan Stanley
Q4-15,2014-03-06,5.74,02-28-2015,Morgan Stanley
Q4-15,2014-03-17,5.74,02-28-2015,Morgan Stanley
Q4-15,2014-03-20,5.74,02-28-2015,Morgan Stanley
Q4-15,2014-05-06,5.74,02-28-2015,Morgan Stanley
Q4-15,2014-06-06,6.09,02-28-2015,Morgan Stanley
Q4-15,2014-07-17,6.09,02-28-2015,Morgan Stanley
Q4-15,2014-07-18,6.09,02-28-2015,Morgan Stanley
Q4-15,2014-08-26,6.09,02-28-2015,Morgan Stanley
Q4-15,2014-09-08,6.09,02-28-2015,Morgan Stanley
Q4-15,2014-10-03,6.09,02-28-2015,Morgan Stanley
Q4-15,2014-11-07,6.09,02-28-2015,Morgan Stanley
Q4-15,2014-12-01,6.09,02-28-2015,Morgan Stanley
Q4-15,2015-01-23,6.09,02-28-2015,Morgan Stanley
Q4-15,2015-02-06,6.09,02-28-2015,Morgan Stanley
2016,2014-12-01,6.07,02-28-2015,Morgan Stanley
2016,2015-01-23,6.07,02-28-2015,Morgan Stanley
2016,2015-02-06,6.07,02-28-2015,Morgan Stanley
Q4-12,2010-12-13,5.82,11-30-2012,Morgan Stanley
Q4-12,2011-01-31,5.82,11-30-2012,Morgan Stanley
Q4-12,2011-03-03,5.82,11-30-2012,Morgan Stanley
Q4-12,2011-03-04,5.82,11-30-2012,Morgan Stanley
Q4-12,2011-03-07,5.82,11-30-2012,Morgan Stanley
Q4-12,2011-04-01,5.82,11-30-2012,Morgan Stanley
Q4-12,2011-04-28,5.82,11-30-2012,Morgan Stanley
Q4-12,2011-06-02,5.82,11-30-2012,Morgan Stanley
Q4-12,2011-08-18,5.82,11-30-2012,Morgan Stanley
Q4-12,2011-11-10,5.82,11-30-2012,Morgan Stanley
Q4-12,2011-11-28,5.99,11-30-2012,Morgan Stanley
Q4-12,2011-12-22,5.99,11-30-2012,Morgan Stanley
Q4-12,2012-02-03,5.99,11-30-2012,Morgan Stanley
Q4-12,2012-03-01,5.99,11-30-2012,Morgan Stanley
Q4-12,2012-04-05,5.99,11-30-2012,Morgan Stanley
Q4-12,2012-05-03,6.0,11-30-2012,Morgan Stanley
Q4-12,2012-06-13,6.3,11-30-2012,Morgan Stanley
Q4-12,2012-07-06,6.3,11-30-2012,Morgan Stanley
Q4-12,2012-08-10,6.3,11-30-2012,Morgan Stanley
Q4-12,2012-08-31,6.3,11-30-2012,Morgan Stanley
Q4-12,2012-10-22,6.3,11-30-2012,Morgan Stanley
Q4-12,2012-11-02,6.3,11-30-2012,Morgan Stanley
Q1-13,2011-12-22,5.91,11-30-2012,Morgan Stanley
Q1-13,2012-02-03,5.91,11-30-2012,Morgan Stanley
Q1-13,2012-03-01,5.91,11-30-2012,Morgan Stanley
Q1-13,2012-04-05,5.91,11-30-2012,Morgan Stanley
Q1-13,2012-05-03,5.98,11-30-2012,Morgan Stanley
Q1-13,2012-06-13,6.3,11-30-2012,Morgan Stanley
Q1-13,2012-07-06,6.3,11-30-2012,Morgan Stanley
Q1-13,2012-08-10,6.3,11-30-2012,Morgan Stanley
Q1-13,2012-08-31,6.3,11-30-2012,Morgan Stanley
Q1-13,2012-10-22,6.3,11-30-2012,Morgan Stanley
Q1-13,2012-11-02,6.3,11-30-2012,Morgan Stanley
Q2-13,2011-12-22,5.83,11-30-2012,Morgan Stanley
Q2-13,2012-02-03,5.83,11-30-2012,Morgan Stanley
Q2-13,2012-03-01,5.83,11-30-2012,Morgan Stanley
Q2-13,2012-04-05,5.83,11-30-2012,Morgan Stanley
Q2-13,2012-05-03,5.97,11-30-2012,Morgan Stanley
Q2-13,2012-06-13,6.3,11-30-2012,Morgan Stanley
Q2-13,2012-07-06,6.3,11-30-2012,Morgan Stanley
Q2-13,2012-08-10,6.3,11-30-2012,Morgan Stanley
Q2-13,2012-08-31,6.3,11-30-2012,Morgan Stanley
Q2-13,2012-10-22,6.3,11-30-2012,Morgan Stanley
Q2-13,2012-11-02,6.3,11-30-2012,Morgan Stanley
Q3-13,2011-12-22,5.76,11-30-2012,Morgan Stanley
Q3-13,2012-02-03,5.76,11-30-2012,Morgan Stanley
Q3-13,2012-03-01,5.76,11-30-2012,Morgan Stanley
Q3-13,2012-04-05,5.76,11-30-2012,Morgan Stanley
Q3-13,2012-05-03,5.95,11-30-2012,Morgan Stanley
Q3-13,2012-06-13,6.27,11-30-2012,Morgan Stanley
Q3-13,2012-07-06,6.27,11-30-2012,Morgan Stanley
Q3-13,2012-08-10,6.27,11-30-2012,Morgan Stanley
Q3-13,2012-08-31,6.27,11-30-2012,Morgan Stanley
Q3-13,2012-10-22,6.27,11-30-2012,Morgan Stanley
Q3-13,2012-11-02,6.27,11-30-2012,Morgan Stanley
2013,2011-11-28,5.66,11-30-2012,Morgan Stanley
2013,2012-02-03,5.66,11-30-2012,Morgan Stanley
2013,2012-03-01,5.66,11-30-2012,Morgan Stanley
2013,2012-04-05,5.66,11-30-2012,Morgan Stanley
2013,2012-05-03,5.94,11-30-2012,Morgan Stanley
2013,2012-06-13,6.24,11-30-2012,Morgan Stanley
2013,2012-07-06,6.24,11-30-2012,Morgan Stanley
2013,2012-08-10,6.24,11-30-2012,Morgan Stanley
2013,2012-08-31,6.24,11-30-2012,Morgan Stanley
2013,2012-10-22,6.24,11-30-2012,Morgan Stanley
2013,2012-11-02,6.24,11-30-2012,Morgan Stanley
Q2-15,2013-09-06,6.04,05-31-2015,Morgan Stanley
Q2-15,2013-10-18,6.04,05-31-2015,Morgan Stanley
Q2-15,2013-11-21,6.04,05-31-2015,Morgan Stanley
Q2-15,2013-12-06,5.87,05-31-2015,Morgan Stanley
Q2-15,2014-01-09,5.87,05-31-2015,Morgan Stanley
Q2-15,2014-02-07,5.87,05-31-2015,Morgan Stanley
Q2-15,2014-03-06,5.87,05-31-2015,Morgan Stanley
Q2-15,2014-03-17,5.87,05-31-2015,Morgan Stanley
Q2-15,2014-03-20,6.13,05-31-2015,Morgan Stanley
Q2-15,2014-06-06,6.13,05-31-2015,Morgan Stanley
Q2-15,2014-07-17,6.13,05-31-2015,Morgan Stanley
Q2-15,2014-07-18,6.13,05-31-2015,Morgan Stanley
Q2-15,2014-08-26,6.13,05-31-2015,Morgan Stanley
Q2-15,2014-09-08,6.13,05-31-2015,Morgan Stanley
Q2-15,2014-10-03,6.13,05-31-2015,Morgan Stanley
Q2-15,2014-11-07,6.13,05-31-2015,Morgan Stanley
Q2-15,2014-11-14,6.13,05-31-2015,Morgan Stanley
Q2-15,2014-12-01,6.13,05-31-2015,Morgan Stanley
Q2-15,2015-01-23,6.13,05-31-2015,Morgan Stanley
Q2-15,2015-02-06,6.13,05-31-2015,Morgan Stanley
Q2-15,2015-03-23,6.13,05-31-2015,Morgan Stanley
Q2-15,2015-04-12,6.13,05-31-2015,Morgan Stanley
Q2-15,2015-04-13,6.13,05-31-2015,Morgan Stanley
Q3-15,2013-09-06,6.0,05-31-2015,Morgan Stanley
Q3-15,2013-10-18,6.0,05-31-2015,Morgan Stanley
Q3-15,2013-11-21,6.0,05-31-2015,Morgan Stanley
Q3-15,2013-12-06,5.81,05-31-2015,Morgan Stanley
Q3-15,2014-01-09,5.81,05-31-2015,Morgan Stanley
Q3-15,2014-02-07,5.81,05-31-2015,Morgan Stanley
Q3-15,2014-03-06,5.81,05-31-2015,Morgan Stanley
Q3-15,2014-03-17,5.81,05-31-2015,Morgan Stanley
Q3-15,2014-03-20,6.14,05-31-2015,Morgan Stanley
Q3-15,2014-09-08,6.14,05-31-2015,Morgan Stanley
Q3-15,2014-10-03,6.14,05-31-2015,Morgan Stanley
Q3-15,2014-11-07,6.14,05-31-2015,Morgan Stanley
Q3-15,2014-11-14,6.12,05-31-2015,Morgan Stanley
Q3-15,2014-12-01,6.12,05-31-2015,Morgan Stanley
Q3-15,2015-01-23,6.12,05-31-2015,Morgan Stanley
Q3-15,2015-02-06,6.12,05-31-2015,Morgan Stanley
Q3-15,2015-03-23,6.12,05-31-2015,Morgan Stanley
Q3-15,2015-04-12,6.12,05-31-2015,Morgan Stanley
Q3-15,2015-04-13,6.12,05-31-2015,Morgan Stanley
Q4-15,2014-01-09,5.74,05-31-2015,Morgan Stanley
Q4-15,2014-02-07,5.74,05-31-2015,Morgan Stanley
Q4-15,2014-03-06,5.74,05-31-2015,Morgan Stanley
Q4-15,2014-03-17,5.74,05-31-2015,Morgan Stanley
Q4-15,2014-03-20,5.74,05-31-2015,Morgan Stanley
Q4-15,2014-05-06,5.74,05-31-2015,Morgan Stanley
Q4-15,2014-06-06,6.09,05-31-2015,Morgan Stanley
Q4-15,2014-07-17,6.09,05-31-2015,Morgan Stanley
Q4-15,2014-07-18,6.09,05-31-2015,Morgan Stanley
Q4-15,2014-08-26,6.09,05-31-2015,Morgan Stanley
Q4-15,2014-09-08,6.09,05-31-2015,Morgan Stanley
Q4-15,2014-10-03,6.09,05-31-2015,Morgan Stanley
Q4-15,2014-11-07,6.09,05-31-2015,Morgan Stanley
Q4-15,2014-12-01,6.09,05-31-2015,Morgan Stanley
Q4-15,2015-01-23,6.09,05-31-2015,Morgan Stanley
Q4-15,2015-02-06,6.09,05-31-2015,Morgan Stanley
Q4-15,2015-03-23,6.09,05-31-2015,Morgan Stanley
Q4-15,2015-04-12,6.09,05-31-2015,Morgan Stanley
Q4-15,2015-04-13,6.09,05-31-2015,Morgan Stanley
Q1-16,2014-09-08,6.1,05-31-2015,Morgan Stanley
Q1-16,2014-10-03,6.1,05-31-2015,Morgan Stanley
Q1-16,2014-11-07,6.1,05-31-2015,Morgan Stanley
Q1-16,2014-12-01,6.14,05-31-2015,Morgan Stanley
Q1-16,2015-01-23,6.14,05-31-2015,Morgan Stanley
Q1-16,2015-02-06,6.14,05-31-2015,Morgan Stanley
Q1-16,2015-03-23,6.14,05-31-2015,Morgan Stanley
Q1-16,2015-04-12,6.14,05-31-2015,Morgan Stanley
Q1-16,2015-04-13,6.14,05-31-2015,Morgan Stanley
2016,2014-12-01,6.07,05-31-2015,Morgan Stanley
2016,2015-01-23,6.07,05-31-2015,Morgan Stanley
2016,2015-02-06,6.07,05-31-2015,Morgan Stanley
2016,2015-03-23,6.07,05-31-2015,Morgan Stanley
2016,2015-04-12,6.07,05-31-2015,Morgan Stanley
2016,2015-04-13,6.07,05-31-2015,Morgan Stanley
Q3-08,2007-09-25,7.4,08-31-2008,Morgan Stanley
Q3-08,2007-10-12,7.25,08-31-2008,Morgan Stanley
Q3-08,2007-12-26,7.1,08-31-2008,Morgan Stanley
Q3-08,2008-02-21,7.1,08-31-2008,Morgan Stanley
Q3-08,2008-03-07,6.67,08-31-2008,Morgan Stanley
Q3-08,2008-03-13,6.67,08-31-2008,Morgan Stanley
Q3-08,2008-04-28,6.67,08-31-2008,Morgan Stanley
Q3-08,2008-07-07,6.73,08-31-2008,Morgan Stanley
Q4-08,2006-09-01,6.67,08-31-2008,Morgan Stanley
Q4-08,2006-09-07,6.67,08-31-2008,Morgan Stanley
Q4-08,2006-09-15,6.67,08-31-2008,Morgan Stanley
Q4-08,2006-11-08,7.14,08-31-2008,Morgan Stanley
Q4-08,2006-11-27,7.14,08-31-2008,Morgan Stanley
Q4-08,2007-01-03,7.4,08-31-2008,Morgan Stanley
Q4-08,2007-01-16,7.4,08-31-2008,Morgan Stanley
Q4-08,2007-02-09,7.25,08-31-2008,Morgan Stanley
Q4-08,2007-03-16,7.25,08-31-2008,Morgan Stanley
Q4-08,2007-04-05,7.25,08-31-2008,Morgan Stanley
Q4-08,2007-05-04,7.25,08-31-2008,Morgan Stanley
Q4-08,2007-06-08,7.25,08-31-2008,Morgan Stanley
Q4-08,2007-06-22,7.25,08-31-2008,Morgan Stanley
Q4-08,2007-07-30,7.25,08-31-2008,Morgan Stanley
Q4-08,2007-08-23,7.25,08-31-2008,Morgan Stanley
Q4-08,2007-09-25,7.3,08-31-2008,Morgan Stanley
Q4-08,2007-10-12,7.3,08-31-2008,Morgan Stanley
Q4-08,2007-12-26,6.95,08-31-2008,Morgan Stanley
Q4-08,2008-02-21,6.95,08-31-2008,Morgan Stanley
Q4-08,2008-03-07,6.57,08-31-2008,Morgan Stanley
Q4-08,2008-03-13,6.57,08-31-2008,Morgan Stanley
Q4-08,2008-04-28,6.57,08-31-2008,Morgan Stanley
Q4-08,2008-07-07,6.63,08-31-2008,Morgan Stanley
Q1-09,2008-04-28,6.47,08-31-2008,Morgan Stanley
Q1-09,2008-07-07,6.53,08-31-2008,Morgan Stanley
Q2-09,2008-07-07,6.46,08-31-2008,Morgan Stanley
2009,2006-09-01,6.35,08-31-2008,Morgan Stanley
2009,2006-09-07,6.35,08-31-2008,Morgan Stanley
2009,2006-09-15,6.35,08-31-2008,Morgan Stanley
2009,2006-11-08,6.8,08-31-2008,Morgan Stanley
2009,2006-11-27,6.8,08-31-2008,Morgan Stanley
2009,2007-01-03,7.05,08-31-2008,Morgan Stanley
2009,2007-01-16,7.05,08-31-2008,Morgan Stanley
2009,2007-02-09,6.9,08-31-2008,Morgan Stanley
2009,2007-03-16,6.9,08-31-2008,Morgan Stanley
2009,2007-04-05,6.9,08-31-2008,Morgan Stanley
2009,2007-05-04,6.9,08-31-2008,Morgan Stanley
2009,2007-06-08,6.9,08-31-2008,Morgan Stanley
2009,2007-06-22,7.1,08-31-2008,Morgan Stanley
2009,2007-07-30,7.1,08-31-2008,Morgan Stanley
2009,2007-08-23,7.1,08-31-2008,Morgan Stanley
2009,2007-09-25,7.2,08-31-2008,Morgan Stanley
2009,2007-10-12,7.2,08-31-2008,Morgan Stanley
2009,2007-12-26,6.95,08-31-2008,Morgan Stanley
2009,2008-02-21,7.3,08-31-2008,Morgan Stanley
2009,2008-03-07,6.18,08-31-2008,Morgan Stanley
2009,2008-03-13,6.18,08-31-2008,Morgan Stanley
2009,2008-04-28,6.18,08-31-2008,Morgan Stanley
2010,2006-09-01,6.05,08-31-2008,Morgan Stanley
2010,2006-09-07,6.05,08-31-2008,Morgan Stanley
2010,2006-09-15,6.05,08-31-2008,Morgan Stanley
2010,2006-11-08,6.48,08-31-2008,Morgan Stanley
2010,2006-11-27,6.48,08-31-2008,Morgan Stanley
2010,2007-01-03,6.71,08-31-2008,Morgan Stanley
2010,2007-01-16,6.71,08-31-2008,Morgan Stanley
2010,2007-02-09,6.58,08-31-2008,Morgan Stanley
2010,2007-03-16,6.58,08-31-2008,Morgan Stanley
2010,2007-04-05,6.58,08-31-2008,Morgan Stanley
2010,2007-05-04,6.58,08-31-2008,Morgan Stanley
2010,2007-06-08,6.58,08-31-2008,Morgan Stanley
2010,2007-06-22,6.76,08-31-2008,Morgan Stanley
2010,2007-07-30,6.76,08-31-2008,Morgan Stanley
2010,2007-08-23,6.76,08-31-2008,Morgan Stanley
2010,2007-09-25,6.9,08-31-2008,Morgan Stanley
2010,2007-10-12,6.9,08-31-2008,Morgan Stanley
2010,2007-12-26,6.4,08-31-2008,Morgan Stanley
2010,2008-02-21,6.95,08-31-2008,Morgan Stanley
2010,2008-03-07,5.89,08-31-2008,Morgan Stanley
2010,2008-03-13,5.89,08-31-2008,Morgan Stanley
2010,2008-04-28,5.89,08-31-2008,Morgan Stanley
2011,2006-09-01,5.76,08-31-2008,Morgan Stanley
2011,2006-09-07,5.76,08-31-2008,Morgan Stanley
2011,2006-09-15,5.76,08-31-2008,Morgan Stanley
2011,2006-11-08,6.17,08-31-2008,Morgan Stanley
2011,2006-11-27,6.17,08-31-2008,Morgan Stanley
2011,2007-01-03,6.39,08-31-2008,Morgan Stanley
2011,2007-01-16,6.39,08-31-2008,Morgan Stanley
2011,2007-02-09,6.26,08-31-2008,Morgan Stanley
2011,2007-03-16,6.26,08-31-2008,Morgan Stanley
2011,2007-04-05,6.26,08-31-2008,Morgan Stanley
2011,2007-05-04,6.26,08-31-2008,Morgan Stanley
2011,2007-06-08,6.26,08-31-2008,Morgan Stanley
2011,2007-06-22,6.44,08-31-2008,Morgan Stanley
2011,2007-07-30,6.44,08-31-2008,Morgan Stanley
2011,2007-08-23,6.44,08-31-2008,Morgan Stanley
2011,2007-09-25,6.57,08-31-2008,Morgan Stanley
2011,2007-10-12,6.57,08-31-2008,Morgan Stanley
2011,2007-12-26,6.1,08-31-2008,Morgan Stanley
2011,2008-02-21,6.4,08-31-2008,Morgan Stanley
2011,2008-03-07,5.61,08-31-2008,Morgan Stanley
2011,2008-03-13,5.61,08-31-2008,Morgan Stanley
2011,2008-04-28,5.61,08-31-2008,Morgan Stanley
2012,2007-01-03,6.09,08-31-2008,Morgan Stanley
2012,2007-01-16,6.09,08-31-2008,Morgan Stanley
2012,2007-02-09,5.96,08-31-2008,Morgan Stanley
2012,2007-03-16,5.96,08-31-2008,Morgan Stanley
2012,2007-04-05,5.96,08-31-2008,Morgan Stanley
2012,2007-05-04,5.96,08-31-2008,Morgan Stanley
2012,2007-06-08,5.96,08-31-2008,Morgan Stanley
2012,2007-06-22,6.13,08-31-2008,Morgan Stanley
2012,2007-07-30,6.13,08-31-2008,Morgan Stanley
2012,2007-08-23,6.13,08-31-2008,Morgan Stanley
2012,2007-09-25,6.26,08-31-2008,Morgan Stanley
2012,2007-10-12,6.26,08-31-2008,Morgan Stanley
2012,2007-12-26,5.8,08-31-2008,Morgan Stanley
2012,2008-02-21,6.1,08-31-2008,Morgan Stanley
2012,2008-03-07,5.34,08-31-2008,Morgan Stanley
2012,2008-03-13,5.34,08-31-2008,Morgan Stanley
2012,2008-04-28,5.34,08-31-2008,Morgan Stanley
Q1-19,2018-04-27,6.23,02-28-2019,Morgan Stanley
Q1-19,2018-05-14,6.2,02-28-2019,Morgan Stanley
Q1-19,2018-06-07,6.2,02-28-2019,Morgan Stanley
Q1-19,2018-06-15,6.2,02-28-2019,Morgan Stanley
Q1-19,2018-06-22,6.47,02-28-2019,Morgan Stanley
Q1-19,2018-06-28,6.47,02-28-2019,Morgan Stanley
Q1-19,2018-07-19,6.47,02-28-2019,Morgan Stanley
Q1-19,2018-09-06,6.47,02-28-2019,Morgan Stanley
Q1-19,2018-09-13,6.47,02-28-2019,Morgan Stanley
Q1-19,2018-09-21,6.47,02-28-2019,Morgan Stanley
Q1-19,2018-11-02,6.47,02-28-2019,Morgan Stanley
Q1-19,2018-11-26,7.05,02-28-2019,Morgan Stanley
Q1-19,2019-01-03,7.05,02-28-2019,Morgan Stanley
Q1-19,2019-02-11,7.05,02-28-2019,Morgan Stanley
Q1-19,2019-02-12,6.71,02-28-2019,Morgan Stanley
Q2-19,2018-06-07,6.17,02-28-2019,Morgan Stanley
Q2-19,2018-06-15,6.17,02-28-2019,Morgan Stanley
Q2-19,2018-06-22,6.4,02-28-2019,Morgan Stanley
Q2-19,2018-06-28,6.4,02-28-2019,Morgan Stanley
Q2-19,2018-07-19,6.4,02-28-2019,Morgan Stanley
Q2-19,2018-09-06,6.4,02-28-2019,Morgan Stanley
Q2-19,2018-09-13,6.4,02-28-2019,Morgan Stanley
Q2-19,2018-09-21,6.4,02-28-2019,Morgan Stanley
Q2-19,2018-11-02,6.4,02-28-2019,Morgan Stanley
Q2-19,2018-11-26,7.03,02-28-2019,Morgan Stanley
Q2-19,2019-01-03,7.03,02-28-2019,Morgan Stanley
Q2-19,2019-02-11,7.03,02-28-2019,Morgan Stanley
Q2-19,2019-02-12,6.63,02-28-2019,Morgan Stanley
Q3-19,2018-09-06,6.32,02-28-2019,Morgan Stanley
Q3-19,2018-09-13,6.32,02-28-2019,Morgan Stanley
Q3-19,2018-09-21,6.32,02-28-2019,Morgan Stanley
Q3-19,2018-11-02,6.32,02-28-2019,Morgan Stanley
Q3-19,2018-11-26,6.92,02-28-2019,Morgan Stanley
Q3-19,2019-01-03,6.92,02-28-2019,Morgan Stanley
Q3-19,2019-02-11,6.92,02-28-2019,Morgan Stanley
Q3-19,2019-02-12,6.57,02-28-2019,Morgan Stanley
Q4-19,2017-11-27,6.5,02-28-2019,Morgan Stanley
Q4-19,2017-12-19,6.5,02-28-2019,Morgan Stanley
Q4-19,2018-02-23,6.15,02-28-2019,Morgan Stanley
Q4-19,2018-04-27,6.15,02-28-2019,Morgan Stanley
Q4-19,2018-05-14,6.1,02-28-2019,Morgan Stanley
Q4-19,2018-06-07,6.1,02-28-2019,Morgan Stanley
Q4-19,2018-06-15,6.1,02-28-2019,Morgan Stanley
Q4-19,2018-06-22,6.25,02-28-2019,Morgan Stanley
Q4-19,2018-06-28,6.25,02-28-2019,Morgan Stanley
Q4-19,2018-07-19,6.25,02-28-2019,Morgan Stanley
Q4-19,2018-09-06,6.25,02-28-2019,Morgan Stanley
Q4-19,2018-09-13,6.25,02-28-2019,Morgan Stanley
Q4-19,2018-09-21,6.25,02-28-2019,Morgan Stanley
Q4-19,2018-11-02,6.25,02-28-2019,Morgan Stanley
Q4-19,2018-11-26,6.85,02-28-2019,Morgan Stanley
Q4-19,2019-01-03,6.85,02-28-2019,Morgan Stanley
Q4-19,2019-02-11,6.85,02-28-2019,Morgan Stanley
Q4-19,2019-02-12,6.55,02-28-2019,Morgan Stanley
2020,2017-12-19,6.75,02-28-2019,Morgan Stanley
2020,2018-11-26,6.75,02-28-2019,Morgan Stanley
2020,2019-01-03,6.75,02-28-2019,Morgan Stanley
2020,2019-02-11,6.75,02-28-2019,Morgan Stanley
2020,2019-02-12,6.3,02-28-2019,Morgan Stanley
Q1-18,2017-04-10,7.14,02-28-2018,Morgan Stanley
Q1-18,2017-06-06,6.93,02-28-2018,Morgan Stanley
Q1-18,2017-07-18,6.93,02-28-2018,Morgan Stanley
Q1-18,2017-08-11,6.63,02-28-2018,Morgan Stanley
Q1-18,2017-09-15,6.63,02-28-2018,Morgan Stanley
Q1-18,2017-10-31,6.63,02-28-2018,Morgan Stanley
Q1-18,2017-11-27,6.63,02-28-2018,Morgan Stanley
Q1-18,2017-12-19,6.63,02-28-2018,Morgan Stanley
Q1-18,2018-02-23,6.35,02-28-2018,Morgan Stanley
Q2-18,2017-06-06,6.95,02-28-2018,Morgan Stanley
Q2-18,2017-07-18,6.95,02-28-2018,Morgan Stanley
Q2-18,2017-08-11,6.7,02-28-2018,Morgan Stanley
Q2-18,2017-09-15,6.7,02-28-2018,Morgan Stanley
Q2-18,2017-10-31,6.7,02-28-2018,Morgan Stanley
Q2-18,2017-11-27,6.62,02-28-2018,Morgan Stanley
Q2-18,2017-12-19,6.62,02-28-2018,Morgan Stanley
Q2-18,2018-02-23,6.4,02-28-2018,Morgan Stanley
Q3-18,2017-09-15,6.77,02-28-2018,Morgan Stanley
Q3-18,2017-10-31,6.77,02-28-2018,Morgan Stanley
Q3-18,2017-11-27,6.68,02-28-2018,Morgan Stanley
Q3-18,2017-12-19,6.68,02-28-2018,Morgan Stanley
Q3-18,2018-02-23,6.32,02-28-2018,Morgan Stanley
Q4-18,2016-11-28,7.43,02-28-2018,Morgan Stanley
Q4-18,2017-01-04,7.43,02-28-2018,Morgan Stanley
Q4-18,2017-01-05,7.3,02-28-2018,Morgan Stanley
Q4-18,2017-02-07,7.3,02-28-2018,Morgan Stanley
Q4-18,2017-02-09,7.43,02-28-2018,Morgan Stanley
Q4-18,2017-02-23,7.24,02-28-2018,Morgan Stanley
Q4-18,2017-03-09,7.24,02-28-2018,Morgan Stanley
Q4-18,2017-04-10,7.24,02-28-2018,Morgan Stanley
Q4-18,2017-06-06,7.0,02-28-2018,Morgan Stanley
Q4-18,2017-07-18,7.0,02-28-2018,Morgan Stanley
Q4-18,2017-08-11,6.8,02-28-2018,Morgan Stanley
Q4-18,2017-09-15,6.8,02-28-2018,Morgan Stanley
Q4-18,2017-10-31,6.8,02-28-2018,Morgan Stanley
Q4-18,2017-11-27,6.7,02-28-2018,Morgan Stanley
Q4-18,2017-12-19,6.7,02-28-2018,Morgan Stanley
Q4-18,2018-02-23,6.25,02-28-2018,Morgan Stanley
2019,2017-02-07,7.43,02-28-2018,Morgan Stanley
2019,2017-11-27,6.5,02-28-2018,Morgan Stanley
2019,2017-12-19,6.5,02-28-2018,Morgan Stanley
2019,2018-02-23,6.15,02-28-2018,Morgan Stanley
Q3-09,2008-11-26,6.7,08-31-2009,Morgan Stanley
Q3-09,2008-12-04,6.7,08-31-2009,Morgan Stanley
Q3-09,2008-12-11,6.7,08-31-2009,Morgan Stanley
Q3-09,2009-01-08,6.7,08-31-2009,Morgan Stanley
Q3-09,2009-01-16,6.7,08-31-2009,Morgan Stanley
Q3-09,2009-01-22,6.7,08-31-2009,Morgan Stanley
Q3-09,2009-01-29,6.7,08-31-2009,Morgan Stanley
Q3-09,2009-02-05,6.7,08-31-2009,Morgan Stanley
Q3-09,2009-02-12,6.7,08-31-2009,Morgan Stanley
Q3-09,2009-02-19,6.75,08-31-2009,Morgan Stanley
Q3-09,2009-03-05,6.7,08-31-2009,Morgan Stanley
Q3-09,2009-03-13,6.81,08-31-2009,Morgan Stanley
Q3-09,2009-03-20,6.81,08-31-2009,Morgan Stanley
Q3-09,2009-03-27,6.81,08-31-2009,Morgan Stanley
Q3-09,2009-04-03,6.81,08-31-2009,Morgan Stanley
Q3-09,2009-04-09,6.81,08-31-2009,Morgan Stanley
Q3-09,2009-04-17,6.81,08-31-2009,Morgan Stanley
Q3-09,2009-04-24,6.81,08-31-2009,Morgan Stanley
Q3-09,2009-04-30,6.81,08-31-2009,Morgan Stanley
Q3-09,2009-05-08,6.81,08-31-2009,Morgan Stanley
Q3-09,2009-05-15,6.81,08-31-2009,Morgan Stanley
Q3-09,2009-05-21,6.81,08-31-2009,Morgan Stanley
Q3-09,2009-05-29,6.81,08-31-2009,Morgan Stanley
Q3-09,2009-06-05,6.81,08-31-2009,Morgan Stanley
Q3-09,2009-06-11,6.81,08-31-2009,Morgan Stanley
Q3-09,2009-06-18,6.81,08-31-2009,Morgan Stanley
Q3-09,2009-06-26,6.81,08-31-2009,Morgan Stanley
Q3-09,2009-07-01,6.81,08-31-2009,Morgan Stanley
Q3-09,2009-07-02,6.81,08-31-2009,Morgan Stanley
Q3-09,2009-07-09,6.82,08-31-2009,Morgan Stanley
Q3-09,2009-07-23,6.82,08-31-2009,Morgan Stanley
Q3-09,2009-07-30,6.82,08-31-2009,Morgan Stanley
Q3-09,2009-08-06,6.82,08-31-2009,Morgan Stanley
Q3-09,2009-08-14,6.82,08-31-2009,Morgan Stanley
Q3-09,2009-08-20,6.82,08-31-2009,Morgan Stanley
Q3-09,2009-08-27,6.82,08-31-2009,Morgan Stanley
Q4-09,2007-09-25,7.2,08-31-2009,Morgan Stanley
Q4-09,2007-10-12,7.2,08-31-2009,Morgan Stanley
Q4-09,2007-12-26,6.95,08-31-2009,Morgan Stanley
Q4-09,2008-02-21,7.3,08-31-2009,Morgan Stanley
Q4-09,2008-03-07,6.18,08-31-2009,Morgan Stanley
Q4-09,2008-03-13,6.18,08-31-2009,Morgan Stanley
Q4-09,2008-04-28,6.18,08-31-2009,Morgan Stanley
Q4-09,2008-11-26,6.65,08-31-2009,Morgan Stanley
Q4-09,2008-12-04,6.65,08-31-2009,Morgan Stanley
Q4-09,2008-12-11,6.65,08-31-2009,Morgan Stanley
Q4-09,2009-01-08,6.65,08-31-2009,Morgan Stanley
Q4-09,2009-01-16,6.65,08-31-2009,Morgan Stanley
Q4-09,2009-01-22,6.65,08-31-2009,Morgan Stanley
Q4-09,2009-01-29,6.65,08-31-2009,Morgan Stanley
Q4-09,2009-02-05,6.65,08-31-2009,Morgan Stanley
Q4-09,2009-02-12,6.65,08-31-2009,Morgan Stanley
Q4-09,2009-02-19,6.7,08-31-2009,Morgan Stanley
Q4-09,2009-03-05,6.65,08-31-2009,Morgan Stanley
Q4-09,2009-03-13,6.8,08-31-2009,Morgan Stanley
Q4-09,2009-03-20,6.8,08-31-2009,Morgan Stanley
Q4-09,2009-03-27,6.8,08-31-2009,Morgan Stanley
Q4-09,2009-04-03,6.8,08-31-2009,Morgan Stanley
Q4-09,2009-04-09,6.8,08-31-2009,Morgan Stanley
Q4-09,2009-04-17,6.8,08-31-2009,Morgan Stanley
Q4-09,2009-04-24,6.8,08-31-2009,Morgan Stanley
Q4-09,2009-04-30,6.8,08-31-2009,Morgan Stanley
Q4-09,2009-05-08,6.8,08-31-2009,Morgan Stanley
Q4-09,2009-05-15,6.8,08-31-2009,Morgan Stanley
Q4-09,2009-05-21,6.8,08-31-2009,Morgan Stanley
Q4-09,2009-05-29,6.8,08-31-2009,Morgan Stanley
Q4-09,2009-06-05,6.8,08-31-2009,Morgan Stanley
Q4-09,2009-06-11,6.8,08-31-2009,Morgan Stanley
Q4-09,2009-06-18,6.8,08-31-2009,Morgan Stanley
Q4-09,2009-06-26,6.8,08-31-2009,Morgan Stanley
Q4-09,2009-07-01,6.8,08-31-2009,Morgan Stanley
Q4-09,2009-07-02,6.8,08-31-2009,Morgan Stanley
Q4-09,2009-07-09,6.8,08-31-2009,Morgan Stanley
Q4-09,2009-07-23,6.8,08-31-2009,Morgan Stanley
Q4-09,2009-07-30,6.8,08-31-2009,Morgan Stanley
Q4-09,2009-08-06,6.8,08-31-2009,Morgan Stanley
Q4-09,2009-08-14,6.8,08-31-2009,Morgan Stanley
Q4-09,2009-08-20,6.8,08-31-2009,Morgan Stanley
Q4-09,2009-08-27,6.8,08-31-2009,Morgan Stanley
Q1-10,2009-02-19,6.65,08-31-2009,Morgan Stanley
Q1-10,2009-03-05,6.6,08-31-2009,Morgan Stanley
Q1-10,2009-03-13,6.6,08-31-2009,Morgan Stanley
Q1-10,2009-03-20,6.6,08-31-2009,Morgan Stanley
Q1-10,2009-03-27,6.6,08-31-2009,Morgan Stanley
Q1-10,2009-04-09,6.6,08-31-2009,Morgan Stanley
Q1-10,2009-04-17,6.6,08-31-2009,Morgan Stanley
Q1-10,2009-04-24,6.6,08-31-2009,Morgan Stanley
Q1-10,2009-04-30,6.6,08-31-2009,Morgan Stanley
Q1-10,2009-05-08,6.6,08-31-2009,Morgan Stanley
Q1-10,2009-05-15,6.6,08-31-2009,Morgan Stanley
Q1-10,2009-05-21,6.6,08-31-2009,Morgan Stanley
Q1-10,2009-05-29,6.6,08-31-2009,Morgan Stanley
Q1-10,2009-06-05,6.6,08-31-2009,Morgan Stanley
Q1-10,2009-06-11,6.6,08-31-2009,Morgan Stanley
Q1-10,2009-06-18,6.6,08-31-2009,Morgan Stanley
Q1-10,2009-06-26,6.6,08-31-2009,Morgan Stanley
Q1-10,2009-07-01,6.6,08-31-2009,Morgan Stanley
Q1-10,2009-07-02,6.6,08-31-2009,Morgan Stanley
Q1-10,2009-07-09,6.74,08-31-2009,Morgan Stanley
Q1-10,2009-07-23,6.74,08-31-2009,Morgan Stanley
Q1-10,2009-07-30,6.74,08-31-2009,Morgan Stanley
Q1-10,2009-08-06,6.74,08-31-2009,Morgan Stanley
Q1-10,2009-08-14,6.74,08-31-2009,Morgan Stanley
Q1-10,2009-08-20,6.74,08-31-2009,Morgan Stanley
Q1-10,2009-08-27,6.74,08-31-2009,Morgan Stanley
Q2-10,2009-03-05,6.55,08-31-2009,Morgan Stanley
Q2-10,2009-03-27,6.55,08-31-2009,Morgan Stanley
Q2-10,2009-04-09,6.55,08-31-2009,Morgan Stanley
Q2-10,2009-04-17,6.55,08-31-2009,Morgan Stanley
Q2-10,2009-04-24,6.55,08-31-2009,Morgan Stanley
Q2-10,2009-04-30,6.55,08-31-2009,Morgan Stanley
Q2-10,2009-05-15,6.55,08-31-2009,Morgan Stanley
Q2-10,2009-05-21,6.55,08-31-2009,Morgan Stanley
Q2-10,2009-05-29,6.55,08-31-2009,Morgan Stanley
Q2-10,2009-06-05,6.55,08-31-2009,Morgan Stanley
Q2-10,2009-06-11,6.55,08-31-2009,Morgan Stanley
Q2-10,2009-06-18,6.55,08-31-2009,Morgan Stanley
Q2-10,2009-06-26,6.55,08-31-2009,Morgan Stanley
Q2-10,2009-07-01,6.55,08-31-2009,Morgan Stanley
Q2-10,2009-07-02,6.55,08-31-2009,Morgan Stanley
Q2-10,2009-07-09,6.68,08-31-2009,Morgan Stanley
Q2-10,2009-07-23,6.68,08-31-2009,Morgan Stanley
Q2-10,2009-07-30,6.68,08-31-2009,Morgan Stanley
Q2-10,2009-08-06,6.68,08-31-2009,Morgan Stanley
Q2-10,2009-08-14,6.68,08-31-2009,Morgan Stanley
Q2-10,2009-08-20,6.68,08-31-2009,Morgan Stanley
Q2-10,2009-08-27,6.68,08-31-2009,Morgan Stanley
2010,2007-09-25,6.9,08-31-2009,Morgan Stanley
2010,2007-10-12,6.9,08-31-2009,Morgan Stanley
2010,2007-12-26,6.4,08-31-2009,Morgan Stanley
2010,2008-02-21,6.95,08-31-2009,Morgan Stanley
2010,2008-03-07,5.89,08-31-2009,Morgan Stanley
2010,2008-03-13,5.89,08-31-2009,Morgan Stanley
2010,2008-04-28,5.89,08-31-2009,Morgan Stanley
2010,2008-11-26,6.54,08-31-2009,Morgan Stanley
2010,2009-01-16,6.5,08-31-2009,Morgan Stanley
2010,2009-01-29,6.54,08-31-2009,Morgan Stanley
2010,2009-02-19,6.4,08-31-2009,Morgan Stanley
2010,2009-04-09,6.4,08-31-2009,Morgan Stanley
2010,2009-04-17,6.4,08-31-2009,Morgan Stanley
2010,2009-04-24,6.4,08-31-2009,Morgan Stanley
2010,2009-04-30,6.4,08-31-2009,Morgan Stanley
2010,2009-05-15,6.4,08-31-2009,Morgan Stanley
2010,2009-05-21,6.4,08-31-2009,Morgan Stanley
2010,2009-05-29,6.4,08-31-2009,Morgan Stanley
2010,2009-06-05,6.4,08-31-2009,Morgan Stanley
2010,2009-06-11,6.4,08-31-2009,Morgan Stanley
2010,2009-06-18,6.4,08-31-2009,Morgan Stanley
2010,2009-06-26,6.4,08-31-2009,Morgan Stanley
2010,2009-07-01,6.4,08-31-2009,Morgan Stanley
2010,2009-07-02,6.4,08-31-2009,Morgan Stanley
2010,2009-07-09,6.67,08-31-2009,Morgan Stanley
2010,2009-07-23,6.55,08-31-2009,Morgan Stanley
2010,2009-07-30,6.55,08-31-2009,Morgan Stanley
2010,2009-08-06,6.55,08-31-2009,Morgan Stanley
2010,2009-08-14,6.55,08-31-2009,Morgan Stanley
2010,2009-08-20,6.55,08-31-2009,Morgan Stanley
2010,2009-08-27,6.55,08-31-2009,Morgan Stanley
2011,2007-09-25,6.57,08-31-2009,Morgan Stanley
2011,2007-10-12,6.57,08-31-2009,Morgan Stanley
2011,2007-12-26,6.1,08-31-2009,Morgan Stanley
2011,2008-02-21,6.4,08-31-2009,Morgan Stanley
2011,2008-03-07,5.61,08-31-2009,Morgan Stanley
2011,2008-03-13,5.61,08-31-2009,Morgan Stanley
2011,2008-04-28,5.61,08-31-2009,Morgan Stanley
2012,2007-09-25,6.26,08-31-2009,Morgan Stanley
2012,2007-10-12,6.26,08-31-2009,Morgan Stanley
2012,2007-12-26,5.8,08-31-2009,Morgan Stanley
2012,2008-02-21,6.1,08-31-2009,Morgan Stanley
2012,2008-03-07,5.34,08-31-2009,Morgan Stanley
2012,2008-03-13,5.34,08-31-2009,Morgan Stanley
2012,2008-04-28,5.34,08-31-2009,Morgan Stanley
2013,2008-02-21,5.8,08-31-2009,Morgan Stanley
Q2-14,2012-12-04,6.2,05-31-2014,Morgan Stanley
Q2-14,2013-01-11,6.2,05-31-2014,Morgan Stanley
Q2-14,2013-01-31,6.2,05-31-2014,Morgan Stanley
Q2-14,2013-03-11,6.2,05-31-2014,Morgan Stanley
Q2-14,2013-03-20,6.2,05-31-2014,Morgan Stanley
Q2-14,2013-04-26,6.2,05-31-2014,Morgan Stanley
Q2-14,2013-06-07,6.0,05-31-2014,Morgan Stanley
Q2-14,2013-07-05,6.0,05-31-2014,Morgan Stanley
Q2-14,2013-08-02,6.0,05-31-2014,Morgan Stanley
Q2-14,2013-09-06,6.13,05-31-2014,Morgan Stanley
Q2-14,2013-10-18,6.13,05-31-2014,Morgan Stanley
Q2-14,2013-11-21,6.13,05-31-2014,Morgan Stanley
Q2-14,2013-12-06,5.99,05-31-2014,Morgan Stanley
Q2-14,2014-01-09,5.99,05-31-2014,Morgan Stanley
Q2-14,2014-02-07,5.99,05-31-2014,Morgan Stanley
Q2-14,2014-03-06,5.99,05-31-2014,Morgan Stanley
Q2-14,2014-03-17,5.99,05-31-2014,Morgan Stanley
Q2-14,2014-03-20,5.99,05-31-2014,Morgan Stanley
Q2-14,2014-05-06,5.99,05-31-2014,Morgan Stanley
Q3-14,2013-01-11,6.18,05-31-2014,Morgan Stanley
Q3-14,2013-01-31,6.18,05-31-2014,Morgan Stanley
Q3-14,2013-03-11,6.18,05-31-2014,Morgan Stanley
Q3-14,2013-03-20,6.18,05-31-2014,Morgan Stanley
Q3-14,2013-04-26,6.18,05-31-2014,Morgan Stanley
Q3-14,2013-06-07,5.95,05-31-2014,Morgan Stanley
Q3-14,2013-07-05,5.95,05-31-2014,Morgan Stanley
Q3-14,2013-08-02,5.95,05-31-2014,Morgan Stanley
Q3-14,2013-09-06,6.1,05-31-2014,Morgan Stanley
Q3-14,2013-10-18,6.1,05-31-2014,Morgan Stanley
Q3-14,2013-11-21,6.1,05-31-2014,Morgan Stanley
Q3-14,2013-12-06,5.99,05-31-2014,Morgan Stanley
Q3-14,2014-01-09,5.99,05-31-2014,Morgan Stanley
Q3-14,2014-02-07,5.99,05-31-2014,Morgan Stanley
Q3-14,2014-03-06,5.99,05-31-2014,Morgan Stanley
Q3-14,2014-03-17,5.99,05-31-2014,Morgan Stanley
Q3-14,2014-03-20,5.99,05-31-2014,Morgan Stanley
Q3-14,2014-05-06,5.99,05-31-2014,Morgan Stanley
Q4-14,2012-11-02,6.15,05-31-2014,Morgan Stanley
Q4-14,2012-12-04,6.15,05-31-2014,Morgan Stanley
Q4-14,2013-01-11,6.15,05-31-2014,Morgan Stanley
Q4-14,2013-04-26,6.15,05-31-2014,Morgan Stanley
Q4-14,2013-06-07,5.9,05-31-2014,Morgan Stanley
Q4-14,2013-07-05,5.9,05-31-2014,Morgan Stanley
Q4-14,2013-08-02,5.9,05-31-2014,Morgan Stanley
Q4-14,2013-09-06,6.1,05-31-2014,Morgan Stanley
Q4-14,2013-10-18,6.1,05-31-2014,Morgan Stanley
Q4-14,2013-11-21,6.1,05-31-2014,Morgan Stanley
Q4-14,2013-12-06,5.91,05-31-2014,Morgan Stanley
Q4-14,2014-01-09,5.91,05-31-2014,Morgan Stanley
Q4-14,2014-02-07,5.91,05-31-2014,Morgan Stanley
Q4-14,2014-03-06,5.91,05-31-2014,Morgan Stanley
Q4-14,2014-03-17,5.91,05-31-2014,Morgan Stanley
Q4-14,2014-03-20,5.91,05-31-2014,Morgan Stanley
Q4-14,2014-05-06,5.91,05-31-2014,Morgan Stanley
Q1-15,2013-09-06,6.12,05-31-2014,Morgan Stanley
Q1-15,2013-10-18,6.12,05-31-2014,Morgan Stanley
Q1-15,2013-11-21,6.12,05-31-2014,Morgan Stanley
Q1-15,2013-12-06,5.84,05-31-2014,Morgan Stanley
Q1-15,2014-01-09,5.84,05-31-2014,Morgan Stanley
Q1-15,2014-02-07,5.84,05-31-2014,Morgan Stanley
Q1-15,2014-03-06,5.84,05-31-2014,Morgan Stanley
Q1-15,2014-03-17,5.84,05-31-2014,Morgan Stanley
Q1-15,2014-03-20,5.84,05-31-2014,Morgan Stanley
Q1-15,2014-05-06,5.84,05-31-2014,Morgan Stanley
2015,2012-12-04,5.74,05-31-2014,Morgan Stanley
2015,2013-01-11,5.74,05-31-2014,Morgan Stanley
2015,2014-01-09,5.74,05-31-2014,Morgan Stanley
2015,2014-02-07,5.74,05-31-2014,Morgan Stanley
2015,2014-03-06,5.74,05-31-2014,Morgan Stanley
2015,2014-03-17,5.74,05-31-2014,Morgan Stanley
2015,2014-03-20,5.74,05-31-2014,Morgan Stanley
2015,2014-05-06,5.74,05-31-2014,Morgan Stanley
Q1-22,2021-03-05,6.24,02-28-2022,Morgan Stanley
Q1-22,2021-04-14,6.24,02-28-2022,Morgan Stanley
Q1-22,2021-05-17,6.53,02-28-2022,Morgan Stanley
Q1-22,2021-07-05,6.53,02-28-2022,Morgan Stanley
Q1-22,2021-08-13,6.53,02-28-2022,Morgan Stanley
Q1-22,2021-09-21,6.53,02-28-2022,Morgan Stanley
Q1-22,2021-11-15,6.48,02-28-2022,Morgan Stanley
Q1-22,2022-01-04,6.48,02-28-2022,Morgan Stanley
Q2-22,2021-07-05,6.55,02-28-2022,Morgan Stanley
Q2-22,2021-08-13,6.55,02-28-2022,Morgan Stanley
Q2-22,2021-09-21,6.55,02-28-2022,Morgan Stanley
Q2-22,2021-11-15,6.45,02-28-2022,Morgan Stanley
Q2-22,2022-01-04,6.45,02-28-2022,Morgan Stanley
Q3-22,2021-07-05,6.47,02-28-2022,Morgan Stanley
Q3-22,2021-08-13,6.47,02-28-2022,Morgan Stanley
Q3-22,2021-09-21,6.47,02-28-2022,Morgan Stanley
Q3-22,2021-11-15,6.43,02-28-2022,Morgan Stanley
Q3-22,2022-01-04,6.43,02-28-2022,Morgan Stanley
Q4-22,2020-11-16,6.35,02-28-2022,Morgan Stanley
Q4-22,2021-01-20,6.2,02-28-2022,Morgan Stanley
Q4-22,2021-03-05,6.2,02-28-2022,Morgan Stanley
Q4-22,2021-04-14,6.2,02-28-2022,Morgan Stanley
Q4-22,2021-05-17,6.4,02-28-2022,Morgan Stanley
Q4-22,2021-07-05,6.4,02-28-2022,Morgan Stanley
Q4-22,2021-08-13,6.4,02-28-2022,Morgan Stanley
Q4-22,2021-09-21,6.4,02-28-2022,Morgan Stanley
Q4-22,2021-11-15,6.4,02-28-2022,Morgan Stanley
Q4-22,2022-01-04,6.4,02-28-2022,Morgan Stanley
2023,2021-11-15,6.4,02-28-2022,Morgan Stanley
2023,2022-01-04,6.4,02-28-2022,Morgan Stanley
Q4-13,2012-02-03,5.66,11-30-2013,Morgan Stanley
Q4-13,2012-03-01,5.66,11-30-2013,Morgan Stanley
Q4-13,2012-04-05,5.66,11-30-2013,Morgan Stanley
Q4-13,2012-05-03,5.94,11-30-2013,Morgan Stanley
Q4-13,2012-06-13,6.24,11-30-2013,Morgan Stanley
Q4-13,2012-07-06,6.24,11-30-2013,Morgan Stanley
Q4-13,2012-08-10,6.24,11-30-2013,Morgan Stanley
Q4-13,2012-08-31,6.24,11-30-2013,Morgan Stanley
Q4-13,2012-10-22,6.24,11-30-2013,Morgan Stanley
Q4-13,2012-11-02,6.24,11-30-2013,Morgan Stanley
Q4-13,2012-12-04,6.3,11-30-2013,Morgan Stanley
Q4-13,2013-01-11,6.3,11-30-2013,Morgan Stanley
Q4-13,2013-01-31,6.3,11-30-2013,Morgan Stanley
Q4-13,2013-03-11,6.3,11-30-2013,Morgan Stanley
Q4-13,2013-03-20,6.3,11-30-2013,Morgan Stanley
Q4-13,2013-04-26,6.3,11-30-2013,Morgan Stanley
Q4-13,2013-06-07,6.1,11-30-2013,Morgan Stanley
Q4-13,2013-07-05,6.1,11-30-2013,Morgan Stanley
Q4-13,2013-08-02,6.1,11-30-2013,Morgan Stanley
Q4-13,2013-09-06,6.15,11-30-2013,Morgan Stanley
Q4-13,2013-10-18,6.15,11-30-2013,Morgan Stanley
Q4-13,2013-11-21,6.15,11-30-2013,Morgan Stanley
Q1-14,2012-12-04,6.22,11-30-2013,Morgan Stanley
Q1-14,2013-01-11,6.22,11-30-2013,Morgan Stanley
Q1-14,2013-01-31,6.22,11-30-2013,Morgan Stanley
Q1-14,2013-03-11,6.22,11-30-2013,Morgan Stanley
Q1-14,2013-03-20,6.22,11-30-2013,Morgan Stanley
Q1-14,2013-04-26,6.22,11-30-2013,Morgan Stanley
Q1-14,2013-06-07,6.09,11-30-2013,Morgan Stanley
Q1-14,2013-07-05,6.09,11-30-2013,Morgan Stanley
Q1-14,2013-08-02,6.09,11-30-2013,Morgan Stanley
Q1-14,2013-09-06,6.18,11-30-2013,Morgan Stanley
Q1-14,2013-10-18,6.18,11-30-2013,Morgan Stanley
Q1-14,2013-11-21,6.18,11-30-2013,Morgan Stanley
Q2-14,2012-12-04,6.2,11-30-2013,Morgan Stanley
Q2-14,2013-01-11,6.2,11-30-2013,Morgan Stanley
Q2-14,2013-01-31,6.2,11-30-2013,Morgan Stanley
Q2-14,2013-03-11,6.2,11-30-2013,Morgan Stanley
Q2-14,2013-03-20,6.2,11-30-2013,Morgan Stanley
Q2-14,2013-04-26,6.2,11-30-2013,Morgan Stanley
Q2-14,2013-06-07,6.0,11-30-2013,Morgan Stanley
Q2-14,2013-07-05,6.0,11-30-2013,Morgan Stanley
Q2-14,2013-08-02,6.0,11-30-2013,Morgan Stanley
Q2-14,2013-09-06,6.13,11-30-2013,Morgan Stanley
Q2-14,2013-10-18,6.13,11-30-2013,Morgan Stanley
Q2-14,2013-11-21,6.13,11-30-2013,Morgan Stanley
Q3-14,2013-01-11,6.18,11-30-2013,Morgan Stanley
Q3-14,2013-01-31,6.18,11-30-2013,Morgan Stanley
Q3-14,2013-03-11,6.18,11-30-2013,Morgan Stanley
Q3-14,2013-03-20,6.18,11-30-2013,Morgan Stanley
Q3-14,2013-04-26,6.18,11-30-2013,Morgan Stanley
Q3-14,2013-06-07,5.95,11-30-2013,Morgan Stanley
Q3-14,2013-07-05,5.95,11-30-2013,Morgan Stanley
Q3-14,2013-08-02,5.95,11-30-2013,Morgan Stanley
Q3-14,2013-09-06,6.1,11-30-2013,Morgan Stanley
Q3-14,2013-10-18,6.1,11-30-2013,Morgan Stanley
Q3-14,2013-11-21,6.1,11-30-2013,Morgan Stanley
2014,2012-11-02,6.15,11-30-2013,Morgan Stanley
2014,2012-12-04,6.15,11-30-2013,Morgan Stanley
2014,2013-01-11,6.15,11-30-2013,Morgan Stanley
2014,2013-04-26,6.15,11-30-2013,Morgan Stanley
2014,2013-06-07,5.9,11-30-2013,Morgan Stanley
2014,2013-07-05,5.9,11-30-2013,Morgan Stanley
2014,2013-08-02,5.9,11-30-2013,Morgan Stanley
2014,2013-09-06,6.1,11-30-2013,Morgan Stanley
2014,2013-10-18,6.1,11-30-2013,Morgan Stanley
2014,2013-11-21,6.1,11-30-2013,Morgan Stanley
Q1-14,2012-12-04,6.22,02-28-2014,Morgan Stanley
Q1-14,2013-01-11,6.22,02-28-2014,Morgan Stanley
Q1-14,2013-01-31,6.22,02-28-2014,Morgan Stanley
Q1-14,2013-03-11,6.22,02-28-2014,Morgan Stanley
Q1-14,2013-03-20,6.22,02-28-2014,Morgan Stanley
Q1-14,2013-04-26,6.22,02-28-2014,Morgan Stanley
Q1-14,2013-06-07,6.09,02-28-2014,Morgan Stanley
Q1-14,2013-07-05,6.09,02-28-2014,Morgan Stanley
Q1-14,2013-08-02,6.09,02-28-2014,Morgan Stanley
Q1-14,2013-09-06,6.18,02-28-2014,Morgan Stanley
Q1-14,2013-10-18,6.18,02-28-2014,Morgan Stanley
Q1-14,2013-11-21,6.18,02-28-2014,Morgan Stanley
Q1-14,2013-12-06,6.08,02-28-2014,Morgan Stanley
Q1-14,2014-01-09,6.08,02-28-2014,Morgan Stanley
Q1-14,2014-02-07,6.08,02-28-2014,Morgan Stanley
Q2-14,2012-12-04,6.2,02-28-2014,Morgan Stanley
Q2-14,2013-01-11,6.2,02-28-2014,Morgan Stanley
Q2-14,2013-01-31,6.2,02-28-2014,Morgan Stanley
Q2-14,2013-03-11,6.2,02-28-2014,Morgan Stanley
Q2-14,2013-03-20,6.2,02-28-2014,Morgan Stanley
Q2-14,2013-04-26,6.2,02-28-2014,Morgan Stanley
Q2-14,2013-06-07,6.0,02-28-2014,Morgan Stanley
Q2-14,2013-07-05,6.0,02-28-2014,Morgan Stanley
Q2-14,2013-08-02,6.0,02-28-2014,Morgan Stanley
Q2-14,2013-09-06,6.13,02-28-2014,Morgan Stanley
Q2-14,2013-10-18,6.13,02-28-2014,Morgan Stanley
Q2-14,2013-11-21,6.13,02-28-2014,Morgan Stanley
Q2-14,2013-12-06,5.99,02-28-2014,Morgan Stanley
Q2-14,2014-01-09,5.99,02-28-2014,Morgan Stanley
Q2-14,2014-02-07,5.99,02-28-2014,Morgan Stanley
Q3-14,2013-01-11,6.18,02-28-2014,Morgan Stanley
Q3-14,2013-01-31,6.18,02-28-2014,Morgan Stanley
Q3-14,2013-03-11,6.18,02-28-2014,Morgan Stanley
Q3-14,2013-03-20,6.18,02-28-2014,Morgan Stanley
Q3-14,2013-04-26,6.18,02-28-2014,Morgan Stanley
Q3-14,2013-06-07,5.95,02-28-2014,Morgan Stanley
Q3-14,2013-07-05,5.95,02-28-2014,Morgan Stanley
Q3-14,2013-08-02,5.95,02-28-2014,Morgan Stanley
Q3-14,2013-09-06,6.1,02-28-2014,Morgan Stanley
Q3-14,2013-10-18,6.1,02-28-2014,Morgan Stanley
Q3-14,2013-11-21,6.1,02-28-2014,Morgan Stanley
Q3-14,2013-12-06,5.99,02-28-2014,Morgan Stanley
Q3-14,2014-01-09,5.99,02-28-2014,Morgan Stanley
Q3-14,2014-02-07,5.99,02-28-2014,Morgan Stanley
Q4-14,2012-11-02,6.15,02-28-2014,Morgan Stanley
Q4-14,2012-12-04,6.15,02-28-2014,Morgan Stanley
Q4-14,2013-01-11,6.15,02-28-2014,Morgan Stanley
Q4-14,2013-04-26,6.15,02-28-2014,Morgan Stanley
Q4-14,2013-06-07,5.9,02-28-2014,Morgan Stanley
Q4-14,2013-07-05,5.9,02-28-2014,Morgan Stanley
Q4-14,2013-08-02,5.9,02-28-2014,Morgan Stanley
Q4-14,2013-09-06,6.1,02-28-2014,Morgan Stanley
Q4-14,2013-10-18,6.1,02-28-2014,Morgan Stanley
Q4-14,2013-11-21,6.1,02-28-2014,Morgan Stanley
Q4-14,2013-12-06,5.91,02-28-2014,Morgan Stanley
Q4-14,2014-01-09,5.91,02-28-2014,Morgan Stanley
Q4-14,2014-02-07,5.91,02-28-2014,Morgan Stanley
2015,2012-12-04,5.74,02-28-2014,Morgan Stanley
2015,2013-01-11,5.74,02-28-2014,Morgan Stanley
2015,2014-01-09,5.74,02-28-2014,Morgan Stanley
2015,2014-02-07,5.74,02-28-2014,Morgan Stanley
Q3-13,2011-12-22,5.76,08-31-2013,Morgan Stanley
Q3-13,2012-02-03,5.76,08-31-2013,Morgan Stanley
Q3-13,2012-03-01,5.76,08-31-2013,Morgan Stanley
Q3-13,2012-04-05,5.76,08-31-2013,Morgan Stanley
Q3-13,2012-05-03,5.95,08-31-2013,Morgan Stanley
Q3-13,2012-06-13,6.27,08-31-2013,Morgan Stanley
Q3-13,2012-07-06,6.27,08-31-2013,Morgan Stanley
Q3-13,2012-08-10,6.27,08-31-2013,Morgan Stanley
Q3-13,2012-08-31,6.27,08-31-2013,Morgan Stanley
Q3-13,2012-10-22,6.27,08-31-2013,Morgan Stanley
Q3-13,2012-11-02,6.27,08-31-2013,Morgan Stanley
Q3-13,2012-12-04,6.3,08-31-2013,Morgan Stanley
Q3-13,2013-01-11,6.3,08-31-2013,Morgan Stanley
Q3-13,2013-01-31,6.3,08-31-2013,Morgan Stanley
Q3-13,2013-03-11,6.3,08-31-2013,Morgan Stanley
Q3-13,2013-03-20,6.3,08-31-2013,Morgan Stanley
Q3-13,2013-04-26,6.3,08-31-2013,Morgan Stanley
Q3-13,2013-06-07,6.15,08-31-2013,Morgan Stanley
Q3-13,2013-07-05,6.19,08-31-2013,Morgan Stanley
Q3-13,2013-08-02,6.19,08-31-2013,Morgan Stanley
Q4-13,2011-11-28,5.66,08-31-2013,Morgan Stanley
Q4-13,2012-02-03,5.66,08-31-2013,Morgan Stanley
Q4-13,2012-03-01,5.66,08-31-2013,Morgan Stanley
Q4-13,2012-04-05,5.66,08-31-2013,Morgan Stanley
Q4-13,2012-05-03,5.94,08-31-2013,Morgan Stanley
Q4-13,2012-06-13,6.24,08-31-2013,Morgan Stanley
Q4-13,2012-07-06,6.24,08-31-2013,Morgan Stanley
Q4-13,2012-08-10,6.24,08-31-2013,Morgan Stanley
Q4-13,2012-08-31,6.24,08-31-2013,Morgan Stanley
Q4-13,2012-10-22,6.24,08-31-2013,Morgan Stanley
Q4-13,2012-11-02,6.24,08-31-2013,Morgan Stanley
Q4-13,2012-12-04,6.3,08-31-2013,Morgan Stanley
Q4-13,2013-01-11,6.3,08-31-2013,Morgan Stanley
Q4-13,2013-01-31,6.3,08-31-2013,Morgan Stanley
Q4-13,2013-03-11,6.3,08-31-2013,Morgan Stanley
Q4-13,2013-03-20,6.3,08-31-2013,Morgan Stanley
Q4-13,2013-04-26,6.3,08-31-2013,Morgan Stanley
Q4-13,2013-06-07,6.1,08-31-2013,Morgan Stanley
Q4-13,2013-07-05,6.1,08-31-2013,Morgan Stanley
Q4-13,2013-08-02,6.1,08-31-2013,Morgan Stanley
Q1-14,2012-12-04,6.22,08-31-2013,Morgan Stanley
Q1-14,2013-01-11,6.22,08-31-2013,Morgan Stanley
Q1-14,2013-01-31,6.22,08-31-2013,Morgan Stanley
Q1-14,2013-03-11,6.22,08-31-2013,Morgan Stanley
Q1-14,2013-03-20,6.22,08-31-2013,Morgan Stanley
Q1-14,2013-04-26,6.22,08-31-2013,Morgan Stanley
Q1-14,2013-06-07,6.09,08-31-2013,Morgan Stanley
Q1-14,2013-07-05,6.09,08-31-2013,Morgan Stanley
Q1-14,2013-08-02,6.09,08-31-2013,Morgan Stanley
Q2-14,2012-12-04,6.2,08-31-2013,Morgan Stanley
Q2-14,2013-01-11,6.2,08-31-2013,Morgan Stanley
Q2-14,2013-01-31,6.2,08-31-2013,Morgan Stanley
Q2-14,2013-03-11,6.2,08-31-2013,Morgan Stanley
Q2-14,2013-03-20,6.2,08-31-2013,Morgan Stanley
Q2-14,2013-04-26,6.2,08-31-2013,Morgan Stanley
Q2-14,2013-06-07,6.0,08-31-2013,Morgan Stanley
Q2-14,2013-07-05,6.0,08-31-2013,Morgan Stanley
Q2-14,2013-08-02,6.0,08-31-2013,Morgan Stanley
2014,2012-11-02,6.15,08-31-2013,Morgan Stanley
2014,2012-12-04,6.15,08-31-2013,Morgan Stanley
2014,2013-01-11,6.15,08-31-2013,Morgan Stanley
2014,2013-04-26,6.15,08-31-2013,Morgan Stanley
2014,2013-06-07,5.9,08-31-2013,Morgan Stanley
2014,2013-07-05,5.9,08-31-2013,Morgan Stanley
2014,2013-08-02,5.9,08-31-2013,Morgan Stanley
Q2-18,2017-06-06,6.95,05-31-2018,Morgan Stanley
Q2-18,2017-07-18,6.95,05-31-2018,Morgan Stanley
Q2-18,2017-08-11,6.7,05-31-2018,Morgan Stanley
Q2-18,2017-09-15,6.7,05-31-2018,Morgan Stanley
Q2-18,2017-10-31,6.7,05-31-2018,Morgan Stanley
Q2-18,2017-11-27,6.62,05-31-2018,Morgan Stanley
Q2-18,2017-12-19,6.62,05-31-2018,Morgan Stanley
Q2-18,2018-02-23,6.4,05-31-2018,Morgan Stanley
Q2-18,2018-04-27,6.4,05-31-2018,Morgan Stanley
Q2-18,2018-05-14,6.4,05-31-2018,Morgan Stanley
Q3-18,2017-09-15,6.77,05-31-2018,Morgan Stanley
Q3-18,2017-10-31,6.77,05-31-2018,Morgan Stanley
Q3-18,2017-11-27,6.68,05-31-2018,Morgan Stanley
Q3-18,2017-12-19,6.68,05-31-2018,Morgan Stanley
Q3-18,2018-02-23,6.32,05-31-2018,Morgan Stanley
Q3-18,2018-04-27,6.32,05-31-2018,Morgan Stanley
Q3-18,2018-05-14,6.32,05-31-2018,Morgan Stanley
Q4-18,2016-11-28,7.43,05-31-2018,Morgan Stanley
Q4-18,2017-01-04,7.43,05-31-2018,Morgan Stanley
Q4-18,2017-01-05,7.3,05-31-2018,Morgan Stanley
Q4-18,2017-02-07,7.3,05-31-2018,Morgan Stanley
Q4-18,2017-02-09,7.43,05-31-2018,Morgan Stanley
Q4-18,2017-02-23,7.24,05-31-2018,Morgan Stanley
Q4-18,2017-03-09,7.24,05-31-2018,Morgan Stanley
Q4-18,2017-04-10,7.24,05-31-2018,Morgan Stanley
Q4-18,2017-06-06,7.0,05-31-2018,Morgan Stanley
Q4-18,2017-07-18,7.0,05-31-2018,Morgan Stanley
Q4-18,2017-08-11,6.8,05-31-2018,Morgan Stanley
Q4-18,2017-09-15,6.8,05-31-2018,Morgan Stanley
Q4-18,2017-10-31,6.8,05-31-2018,Morgan Stanley
Q4-18,2017-11-27,6.7,05-31-2018,Morgan Stanley
Q4-18,2017-12-19,6.7,05-31-2018,Morgan Stanley
Q4-18,2018-02-23,6.25,05-31-2018,Morgan Stanley
Q4-18,2018-04-27,6.25,05-31-2018,Morgan Stanley
Q4-18,2018-05-14,6.25,05-31-2018,Morgan Stanley
Q1-19,2018-04-27,6.23,05-31-2018,Morgan Stanley
Q1-19,2018-05-14,6.2,05-31-2018,Morgan Stanley
2019,2017-02-07,7.43,05-31-2018,Morgan Stanley
2019,2017-11-27,6.5,05-31-2018,Morgan Stanley
2019,2017-12-19,6.5,05-31-2018,Morgan Stanley
2019,2018-02-23,6.15,05-31-2018,Morgan Stanley
2019,2018-04-27,6.15,05-31-2018,Morgan Stanley
2019,2018-05-14,6.1,05-31-2018,Morgan Stanley
Q4-09,2007-12-26,6.95,11-30-2009,Morgan Stanley
Q4-09,2008-02-21,7.3,11-30-2009,Morgan Stanley
Q4-09,2008-03-07,6.18,11-30-2009,Morgan Stanley
Q4-09,2008-03-13,6.18,11-30-2009,Morgan Stanley
Q4-09,2008-04-28,6.18,11-30-2009,Morgan Stanley
Q4-09,2008-11-26,6.65,11-30-2009,Morgan Stanley
Q4-09,2008-12-04,6.65,11-30-2009,Morgan Stanley
Q4-09,2008-12-11,6.65,11-30-2009,Morgan Stanley
Q4-09,2009-01-08,6.65,11-30-2009,Morgan Stanley
Q4-09,2009-01-16,6.65,11-30-2009,Morgan Stanley
Q4-09,2009-01-22,6.65,11-30-2009,Morgan Stanley
Q4-09,2009-01-29,6.65,11-30-2009,Morgan Stanley
Q4-09,2009-02-05,6.65,11-30-2009,Morgan Stanley
Q4-09,2009-02-12,6.65,11-30-2009,Morgan Stanley
Q4-09,2009-02-19,6.7,11-30-2009,Morgan Stanley
Q4-09,2009-03-05,6.65,11-30-2009,Morgan Stanley
Q4-09,2009-03-13,6.8,11-30-2009,Morgan Stanley
Q4-09,2009-03-20,6.8,11-30-2009,Morgan Stanley
Q4-09,2009-03-27,6.8,11-30-2009,Morgan Stanley
Q4-09,2009-04-03,6.8,11-30-2009,Morgan Stanley
Q4-09,2009-04-09,6.8,11-30-2009,Morgan Stanley
Q4-09,2009-04-17,6.8,11-30-2009,Morgan Stanley
Q4-09,2009-04-24,6.8,11-30-2009,Morgan Stanley
Q4-09,2009-04-30,6.8,11-30-2009,Morgan Stanley
Q4-09,2009-05-08,6.8,11-30-2009,Morgan Stanley
Q4-09,2009-05-15,6.8,11-30-2009,Morgan Stanley
Q4-09,2009-05-21,6.8,11-30-2009,Morgan Stanley
Q4-09,2009-05-29,6.8,11-30-2009,Morgan Stanley
Q4-09,2009-06-05,6.8,11-30-2009,Morgan Stanley
Q4-09,2009-06-11,6.8,11-30-2009,Morgan Stanley
Q4-09,2009-06-18,6.8,11-30-2009,Morgan Stanley
Q4-09,2009-06-26,6.8,11-30-2009,Morgan Stanley
Q4-09,2009-07-01,6.8,11-30-2009,Morgan Stanley
Q4-09,2009-07-02,6.8,11-30-2009,Morgan Stanley
Q4-09,2009-07-09,6.8,11-30-2009,Morgan Stanley
Q4-09,2009-07-23,6.8,11-30-2009,Morgan Stanley
Q4-09,2009-07-30,6.8,11-30-2009,Morgan Stanley
Q4-09,2009-08-06,6.8,11-30-2009,Morgan Stanley
Q4-09,2009-08-14,6.8,11-30-2009,Morgan Stanley
Q4-09,2009-08-20,6.8,11-30-2009,Morgan Stanley
Q4-09,2009-08-27,6.8,11-30-2009,Morgan Stanley
Q4-09,2009-09-03,6.8,11-30-2009,Morgan Stanley
Q4-09,2009-09-10,6.8,11-30-2009,Morgan Stanley
Q4-09,2009-09-17,6.8,11-30-2009,Morgan Stanley
Q4-09,2009-10-02,6.8,11-30-2009,Morgan Stanley
Q4-09,2009-10-08,6.8,11-30-2009,Morgan Stanley
Q4-09,2009-10-15,6.8,11-30-2009,Morgan Stanley
Q4-09,2009-10-22,6.8,11-30-2009,Morgan Stanley
Q4-09,2009-10-29,6.8,11-30-2009,Morgan Stanley
Q1-10,2009-02-19,6.65,11-30-2009,Morgan Stanley
Q1-10,2009-03-05,6.6,11-30-2009,Morgan Stanley
Q1-10,2009-03-13,6.6,11-30-2009,Morgan Stanley
Q1-10,2009-03-20,6.6,11-30-2009,Morgan Stanley
Q1-10,2009-03-27,6.6,11-30-2009,Morgan Stanley
Q1-10,2009-04-09,6.6,11-30-2009,Morgan Stanley
Q1-10,2009-04-17,6.6,11-30-2009,Morgan Stanley
Q1-10,2009-04-24,6.6,11-30-2009,Morgan Stanley
Q1-10,2009-04-30,6.6,11-30-2009,Morgan Stanley
Q1-10,2009-05-08,6.6,11-30-2009,Morgan Stanley
Q1-10,2009-05-15,6.6,11-30-2009,Morgan Stanley
Q1-10,2009-05-21,6.6,11-30-2009,Morgan Stanley
Q1-10,2009-05-29,6.6,11-30-2009,Morgan Stanley
Q1-10,2009-06-05,6.6,11-30-2009,Morgan Stanley
Q1-10,2009-06-11,6.6,11-30-2009,Morgan Stanley
Q1-10,2009-06-18,6.6,11-30-2009,Morgan Stanley
Q1-10,2009-06-26,6.6,11-30-2009,Morgan Stanley
Q1-10,2009-07-01,6.6,11-30-2009,Morgan Stanley
Q1-10,2009-07-02,6.6,11-30-2009,Morgan Stanley
Q1-10,2009-07-09,6.74,11-30-2009,Morgan Stanley
Q1-10,2009-07-23,6.74,11-30-2009,Morgan Stanley
Q1-10,2009-07-30,6.74,11-30-2009,Morgan Stanley
Q1-10,2009-08-06,6.74,11-30-2009,Morgan Stanley
Q1-10,2009-08-14,6.74,11-30-2009,Morgan Stanley
Q1-10,2009-08-20,6.74,11-30-2009,Morgan Stanley
Q1-10,2009-08-27,6.74,11-30-2009,Morgan Stanley
Q1-10,2009-09-03,6.74,11-30-2009,Morgan Stanley
Q1-10,2009-09-10,6.74,11-30-2009,Morgan Stanley
Q1-10,2009-09-17,6.74,11-30-2009,Morgan Stanley
Q1-10,2009-10-02,6.74,11-30-2009,Morgan Stanley
Q1-10,2009-10-08,6.74,11-30-2009,Morgan Stanley
Q1-10,2009-10-15,6.74,11-30-2009,Morgan Stanley
Q1-10,2009-10-22,6.74,11-30-2009,Morgan Stanley
Q1-10,2009-10-29,6.74,11-30-2009,Morgan Stanley
Q2-10,2009-03-05,6.55,11-30-2009,Morgan Stanley
Q2-10,2009-03-27,6.55,11-30-2009,Morgan Stanley
Q2-10,2009-04-09,6.55,11-30-2009,Morgan Stanley
Q2-10,2009-04-17,6.55,11-30-2009,Morgan Stanley
Q2-10,2009-04-24,6.55,11-30-2009,Morgan Stanley
Q2-10,2009-04-30,6.55,11-30-2009,Morgan Stanley
Q2-10,2009-05-15,6.55,11-30-2009,Morgan Stanley
Q2-10,2009-05-21,6.55,11-30-2009,Morgan Stanley
Q2-10,2009-05-29,6.55,11-30-2009,Morgan Stanley
Q2-10,2009-06-05,6.55,11-30-2009,Morgan Stanley
Q2-10,2009-06-11,6.55,11-30-2009,Morgan Stanley
Q2-10,2009-06-18,6.55,11-30-2009,Morgan Stanley
Q2-10,2009-06-26,6.55,11-30-2009,Morgan Stanley
Q2-10,2009-07-01,6.55,11-30-2009,Morgan Stanley
Q2-10,2009-07-02,6.55,11-30-2009,Morgan Stanley
Q2-10,2009-07-09,6.68,11-30-2009,Morgan Stanley
Q2-10,2009-07-23,6.68,11-30-2009,Morgan Stanley
Q2-10,2009-07-30,6.68,11-30-2009,Morgan Stanley
Q2-10,2009-08-06,6.68,11-30-2009,Morgan Stanley
Q2-10,2009-08-14,6.68,11-30-2009,Morgan Stanley
Q2-10,2009-08-20,6.68,11-30-2009,Morgan Stanley
Q2-10,2009-08-27,6.68,11-30-2009,Morgan Stanley
Q2-10,2009-09-03,6.68,11-30-2009,Morgan Stanley
Q2-10,2009-09-10,6.68,11-30-2009,Morgan Stanley
Q2-10,2009-09-17,6.68,11-30-2009,Morgan Stanley
Q2-10,2009-10-02,6.68,11-30-2009,Morgan Stanley
Q2-10,2009-10-08,6.68,11-30-2009,Morgan Stanley
Q2-10,2009-10-15,6.68,11-30-2009,Morgan Stanley
Q2-10,2009-10-22,6.68,11-30-2009,Morgan Stanley
Q2-10,2009-10-29,6.68,11-30-2009,Morgan Stanley
Q3-10,2009-03-05,6.5,11-30-2009,Morgan Stanley
Q3-10,2009-03-27,6.5,11-30-2009,Morgan Stanley
Q3-10,2009-04-09,6.5,11-30-2009,Morgan Stanley
Q3-10,2009-04-17,6.5,11-30-2009,Morgan Stanley
Q3-10,2009-04-24,6.5,11-30-2009,Morgan Stanley
Q3-10,2009-04-30,6.5,11-30-2009,Morgan Stanley
Q3-10,2009-05-15,6.5,11-30-2009,Morgan Stanley
Q3-10,2009-05-21,6.5,11-30-2009,Morgan Stanley
Q3-10,2009-05-29,6.5,11-30-2009,Morgan Stanley
Q3-10,2009-06-05,6.5,11-30-2009,Morgan Stanley
Q3-10,2009-06-11,6.5,11-30-2009,Morgan Stanley
Q3-10,2009-06-18,6.5,11-30-2009,Morgan Stanley
Q3-10,2009-06-26,6.5,11-30-2009,Morgan Stanley
Q3-10,2009-07-01,6.5,11-30-2009,Morgan Stanley
Q3-10,2009-07-02,6.5,11-30-2009,Morgan Stanley
Q3-10,2009-07-23,6.61,11-30-2009,Morgan Stanley
Q3-10,2009-07-30,6.61,11-30-2009,Morgan Stanley
Q3-10,2009-08-06,6.61,11-30-2009,Morgan Stanley
Q3-10,2009-08-14,6.61,11-30-2009,Morgan Stanley
Q3-10,2009-08-20,6.61,11-30-2009,Morgan Stanley
Q3-10,2009-08-27,6.61,11-30-2009,Morgan Stanley
Q3-10,2009-09-03,6.61,11-30-2009,Morgan Stanley
Q3-10,2009-09-10,6.61,11-30-2009,Morgan Stanley
Q3-10,2009-09-17,6.61,11-30-2009,Morgan Stanley
Q3-10,2009-10-02,6.61,11-30-2009,Morgan Stanley
Q3-10,2009-10-08,6.61,11-30-2009,Morgan Stanley
Q3-10,2009-10-15,6.61,11-30-2009,Morgan Stanley
Q3-10,2009-10-22,6.61,11-30-2009,Morgan Stanley
Q3-10,2009-10-29,6.61,11-30-2009,Morgan Stanley
2010,2007-12-26,6.4,11-30-2009,Morgan Stanley
2010,2008-02-21,6.95,11-30-2009,Morgan Stanley
2010,2008-03-07,5.89,11-30-2009,Morgan Stanley
2010,2008-03-13,5.89,11-30-2009,Morgan Stanley
2010,2008-04-28,5.89,11-30-2009,Morgan Stanley
2010,2008-11-26,6.54,11-30-2009,Morgan Stanley
2010,2009-01-16,6.5,11-30-2009,Morgan Stanley
2010,2009-01-29,6.54,11-30-2009,Morgan Stanley
2010,2009-02-19,6.4,11-30-2009,Morgan Stanley
2010,2009-04-09,6.4,11-30-2009,Morgan Stanley
2010,2009-04-17,6.4,11-30-2009,Morgan Stanley
2010,2009-04-24,6.4,11-30-2009,Morgan Stanley
2010,2009-04-30,6.4,11-30-2009,Morgan Stanley
2010,2009-05-15,6.4,11-30-2009,Morgan Stanley
2010,2009-05-21,6.4,11-30-2009,Morgan Stanley
2010,2009-05-29,6.4,11-30-2009,Morgan Stanley
2010,2009-06-05,6.4,11-30-2009,Morgan Stanley
2010,2009-06-11,6.4,11-30-2009,Morgan Stanley
2010,2009-06-18,6.4,11-30-2009,Morgan Stanley
2010,2009-06-26,6.4,11-30-2009,Morgan Stanley
2010,2009-07-01,6.4,11-30-2009,Morgan Stanley
2010,2009-07-02,6.4,11-30-2009,Morgan Stanley
2010,2009-07-09,6.67,11-30-2009,Morgan Stanley
2010,2009-07-23,6.55,11-30-2009,Morgan Stanley
2010,2009-07-30,6.55,11-30-2009,Morgan Stanley
2010,2009-08-06,6.55,11-30-2009,Morgan Stanley
2010,2009-08-14,6.55,11-30-2009,Morgan Stanley
2010,2009-08-20,6.55,11-30-2009,Morgan Stanley
2010,2009-08-27,6.55,11-30-2009,Morgan Stanley
2010,2009-09-03,6.55,11-30-2009,Morgan Stanley
2010,2009-09-10,6.55,11-30-2009,Morgan Stanley
2010,2009-09-17,6.55,11-30-2009,Morgan Stanley
2010,2009-10-02,6.55,11-30-2009,Morgan Stanley
2010,2009-10-08,6.55,11-30-2009,Morgan Stanley
2010,2009-10-15,6.55,11-30-2009,Morgan Stanley
2010,2009-10-22,6.55,11-30-2009,Morgan Stanley
2010,2009-10-29,6.55,11-30-2009,Morgan Stanley
2011,2007-12-26,6.1,11-30-2009,Morgan Stanley
2011,2008-02-21,6.4,11-30-2009,Morgan Stanley
2011,2008-03-07,5.61,11-30-2009,Morgan Stanley
2011,2008-03-13,5.61,11-30-2009,Morgan Stanley
2011,2008-04-28,5.61,11-30-2009,Morgan Stanley
2012,2007-12-26,5.8,11-30-2009,Morgan Stanley
2012,2008-02-21,6.1,11-30-2009,Morgan Stanley
2012,2008-03-07,5.34,11-30-2009,Morgan Stanley
2012,2008-03-13,5.34,11-30-2009,Morgan Stanley
2012,2008-04-28,5.34,11-30-2009,Morgan Stanley
2013,2008-02-21,5.8,11-30-2009,Morgan Stanley
Q4-14,2012-12-04,6.15,11-30-2014,Morgan Stanley
Q4-14,2013-01-11,6.15,11-30-2014,Morgan Stanley
Q4-14,2013-04-26,6.15,11-30-2014,Morgan Stanley
Q4-14,2013-06-07,5.9,11-30-2014,Morgan Stanley
Q4-14,2013-07-05,5.9,11-30-2014,Morgan Stanley
Q4-14,2013-08-02,5.9,11-30-2014,Morgan Stanley
Q4-14,2013-09-06,6.1,11-30-2014,Morgan Stanley
Q4-14,2013-10-18,6.1,11-30-2014,Morgan Stanley
Q4-14,2013-11-21,6.1,11-30-2014,Morgan Stanley
Q4-14,2013-12-06,5.91,11-30-2014,Morgan Stanley
Q4-14,2014-01-09,5.91,11-30-2014,Morgan Stanley
Q4-14,2014-02-07,5.91,11-30-2014,Morgan Stanley
Q4-14,2014-03-06,5.91,11-30-2014,Morgan Stanley
Q4-14,2014-03-17,5.91,11-30-2014,Morgan Stanley
Q4-14,2014-03-20,5.91,11-30-2014,Morgan Stanley
Q4-14,2014-05-06,5.91,11-30-2014,Morgan Stanley
Q4-14,2014-06-06,6.14,11-30-2014,Morgan Stanley
Q4-14,2014-07-17,6.14,11-30-2014,Morgan Stanley
Q4-14,2014-07-18,6.14,11-30-2014,Morgan Stanley
Q4-14,2014-08-26,6.14,11-30-2014,Morgan Stanley
Q4-14,2014-09-08,6.14,11-30-2014,Morgan Stanley
Q4-14,2014-10-03,6.14,11-30-2014,Morgan Stanley
Q4-14,2014-11-07,6.14,11-30-2014,Morgan Stanley
Q4-14,2014-11-14,6.15,11-30-2014,Morgan Stanley
Q1-15,2013-09-06,6.12,11-30-2014,Morgan Stanley
Q1-15,2013-10-18,6.12,11-30-2014,Morgan Stanley
Q1-15,2013-11-21,6.12,11-30-2014,Morgan Stanley
Q1-15,2013-12-06,5.84,11-30-2014,Morgan Stanley
Q1-15,2014-01-09,5.84,11-30-2014,Morgan Stanley
Q1-15,2014-02-07,5.84,11-30-2014,Morgan Stanley
Q1-15,2014-03-06,5.84,11-30-2014,Morgan Stanley
Q1-15,2014-03-17,5.84,11-30-2014,Morgan Stanley
Q1-15,2014-03-20,5.84,11-30-2014,Morgan Stanley
Q1-15,2014-05-06,5.84,11-30-2014,Morgan Stanley
Q1-15,2014-06-06,6.12,11-30-2014,Morgan Stanley
Q1-15,2014-07-17,6.12,11-30-2014,Morgan Stanley
Q1-15,2014-07-18,6.12,11-30-2014,Morgan Stanley
Q1-15,2014-08-26,6.12,11-30-2014,Morgan Stanley
Q1-15,2014-09-08,6.12,11-30-2014,Morgan Stanley
Q1-15,2014-10-03,6.12,11-30-2014,Morgan Stanley
Q1-15,2014-11-07,6.12,11-30-2014,Morgan Stanley
Q1-15,2014-11-14,6.12,11-30-2014,Morgan Stanley
Q2-15,2013-09-06,6.04,11-30-2014,Morgan Stanley
Q2-15,2013-10-18,6.04,11-30-2014,Morgan Stanley
Q2-15,2013-11-21,6.04,11-30-2014,Morgan Stanley
Q2-15,2013-12-06,5.87,11-30-2014,Morgan Stanley
Q2-15,2014-01-09,5.87,11-30-2014,Morgan Stanley
Q2-15,2014-02-07,5.87,11-30-2014,Morgan Stanley
Q2-15,2014-03-06,5.87,11-30-2014,Morgan Stanley
Q2-15,2014-03-17,5.87,11-30-2014,Morgan Stanley
Q2-15,2014-03-20,6.13,11-30-2014,Morgan Stanley
Q2-15,2014-06-06,6.13,11-30-2014,Morgan Stanley
Q2-15,2014-07-17,6.13,11-30-2014,Morgan Stanley
Q2-15,2014-07-18,6.13,11-30-2014,Morgan Stanley
Q2-15,2014-08-26,6.13,11-30-2014,Morgan Stanley
Q2-15,2014-09-08,6.13,11-30-2014,Morgan Stanley
Q2-15,2014-10-03,6.13,11-30-2014,Morgan Stanley
Q2-15,2014-11-07,6.13,11-30-2014,Morgan Stanley
Q2-15,2014-11-14,6.04,11-30-2014,Morgan Stanley
Q3-15,2013-09-06,6.0,11-30-2014,Morgan Stanley
Q3-15,2013-10-18,6.0,11-30-2014,Morgan Stanley
Q3-15,2013-11-21,6.0,11-30-2014,Morgan Stanley
Q3-15,2013-12-06,5.81,11-30-2014,Morgan Stanley
Q3-15,2014-01-09,5.81,11-30-2014,Morgan Stanley
Q3-15,2014-02-07,5.81,11-30-2014,Morgan Stanley
Q3-15,2014-03-06,5.81,11-30-2014,Morgan Stanley
Q3-15,2014-03-17,5.81,11-30-2014,Morgan Stanley
Q3-15,2014-03-20,6.14,11-30-2014,Morgan Stanley
Q3-15,2014-09-08,6.14,11-30-2014,Morgan Stanley
Q3-15,2014-10-03,6.14,11-30-2014,Morgan Stanley
Q3-15,2014-11-07,6.14,11-30-2014,Morgan Stanley
Q3-15,2014-11-14,6.0,11-30-2014,Morgan Stanley
2015,2012-12-04,5.74,11-30-2014,Morgan Stanley
2015,2013-01-11,5.74,11-30-2014,Morgan Stanley
2015,2014-01-09,5.74,11-30-2014,Morgan Stanley
2015,2014-02-07,5.74,11-30-2014,Morgan Stanley
2015,2014-03-06,5.74,11-30-2014,Morgan Stanley
2015,2014-03-17,5.74,11-30-2014,Morgan Stanley
2015,2014-03-20,5.74,11-30-2014,Morgan Stanley
2015,2014-05-06,5.74,11-30-2014,Morgan Stanley
2015,2014-06-06,6.09,11-30-2014,Morgan Stanley
2015,2014-07-17,6.09,11-30-2014,Morgan Stanley
2015,2014-07-18,6.09,11-30-2014,Morgan Stanley
2015,2014-08-26,6.09,11-30-2014,Morgan Stanley
2015,2014-09-08,6.09,11-30-2014,Morgan Stanley
2015,2014-10-03,6.09,11-30-2014,Morgan Stanley
2015,2014-11-07,6.09,11-30-2014,Morgan Stanley
Q1-09,2008-04-28,6.47,02-28-2009,Morgan Stanley
Q1-09,2008-07-07,6.53,02-28-2009,Morgan Stanley
Q1-09,2008-11-26,6.8,02-28-2009,Morgan Stanley
Q1-09,2008-12-04,6.8,02-28-2009,Morgan Stanley
Q1-09,2008-12-11,6.8,02-28-2009,Morgan Stanley
Q1-09,2009-01-08,6.8,02-28-2009,Morgan Stanley
Q1-09,2009-01-16,6.8,02-28-2009,Morgan Stanley
Q1-09,2009-01-22,6.8,02-28-2009,Morgan Stanley
Q1-09,2009-01-29,6.8,02-28-2009,Morgan Stanley
Q1-09,2009-02-05,6.8,02-28-2009,Morgan Stanley
Q1-09,2009-02-12,6.8,02-28-2009,Morgan Stanley
Q1-09,2009-02-19,6.47,02-28-2009,Morgan Stanley
Q2-09,2008-07-07,6.46,02-28-2009,Morgan Stanley
Q2-09,2008-11-26,6.75,02-28-2009,Morgan Stanley
Q2-09,2008-12-04,6.75,02-28-2009,Morgan Stanley
Q2-09,2008-12-11,6.75,02-28-2009,Morgan Stanley
Q2-09,2009-01-08,6.75,02-28-2009,Morgan Stanley
Q2-09,2009-01-16,6.75,02-28-2009,Morgan Stanley
Q2-09,2009-01-22,6.75,02-28-2009,Morgan Stanley
Q2-09,2009-01-29,6.75,02-28-2009,Morgan Stanley
Q2-09,2009-02-05,6.75,02-28-2009,Morgan Stanley
Q2-09,2009-02-12,6.75,02-28-2009,Morgan Stanley
Q2-09,2009-02-19,6.8,02-28-2009,Morgan Stanley
Q3-09,2008-11-26,6.7,02-28-2009,Morgan Stanley
Q3-09,2008-12-04,6.7,02-28-2009,Morgan Stanley
Q3-09,2008-12-11,6.7,02-28-2009,Morgan Stanley
Q3-09,2009-01-08,6.7,02-28-2009,Morgan Stanley
Q3-09,2009-01-16,6.7,02-28-2009,Morgan Stanley
Q3-09,2009-01-22,6.7,02-28-2009,Morgan Stanley
Q3-09,2009-01-29,6.7,02-28-2009,Morgan Stanley
Q3-09,2009-02-05,6.7,02-28-2009,Morgan Stanley
Q3-09,2009-02-12,6.7,02-28-2009,Morgan Stanley
Q3-09,2009-02-19,6.75,02-28-2009,Morgan Stanley
Q4-09,2007-03-16,6.9,02-28-2009,Morgan Stanley
Q4-09,2007-04-05,6.9,02-28-2009,Morgan Stanley
Q4-09,2007-05-04,6.9,02-28-2009,Morgan Stanley
Q4-09,2007-06-08,6.9,02-28-2009,Morgan Stanley
Q4-09,2007-06-22,7.1,02-28-2009,Morgan Stanley
Q4-09,2007-07-30,7.1,02-28-2009,Morgan Stanley
Q4-09,2007-08-23,7.1,02-28-2009,Morgan Stanley
Q4-09,2007-09-25,7.2,02-28-2009,Morgan Stanley
Q4-09,2007-10-12,7.2,02-28-2009,Morgan Stanley
Q4-09,2007-12-26,6.95,02-28-2009,Morgan Stanley
Q4-09,2008-02-21,7.3,02-28-2009,Morgan Stanley
Q4-09,2008-03-07,6.18,02-28-2009,Morgan Stanley
Q4-09,2008-03-13,6.18,02-28-2009,Morgan Stanley
Q4-09,2008-04-28,6.18,02-28-2009,Morgan Stanley
Q4-09,2008-11-26,6.65,02-28-2009,Morgan Stanley
Q4-09,2008-12-04,6.65,02-28-2009,Morgan Stanley
Q4-09,2008-12-11,6.65,02-28-2009,Morgan Stanley
Q4-09,2009-01-08,6.65,02-28-2009,Morgan Stanley
Q4-09,2009-01-16,6.65,02-28-2009,Morgan Stanley
Q4-09,2009-01-22,6.65,02-28-2009,Morgan Stanley
Q4-09,2009-01-29,6.65,02-28-2009,Morgan Stanley
Q4-09,2009-02-05,6.65,02-28-2009,Morgan Stanley
Q4-09,2009-02-12,6.65,02-28-2009,Morgan Stanley
Q4-09,2009-02-19,6.7,02-28-2009,Morgan Stanley
2010,2007-03-16,6.58,02-28-2009,Morgan Stanley
2010,2007-04-05,6.58,02-28-2009,Morgan Stanley
2010,2007-05-04,6.58,02-28-2009,Morgan Stanley
2010,2007-06-08,6.58,02-28-2009,Morgan Stanley
2010,2007-06-22,6.76,02-28-2009,Morgan Stanley
2010,2007-07-30,6.76,02-28-2009,Morgan Stanley
2010,2007-08-23,6.76,02-28-2009,Morgan Stanley
2010,2007-09-25,6.9,02-28-2009,Morgan Stanley
2010,2007-10-12,6.9,02-28-2009,Morgan Stanley
2010,2007-12-26,6.4,02-28-2009,Morgan Stanley
2010,2008-02-21,6.95,02-28-2009,Morgan Stanley
2010,2008-03-07,5.89,02-28-2009,Morgan Stanley
2010,2008-03-13,5.89,02-28-2009,Morgan Stanley
2010,2008-04-28,5.89,02-28-2009,Morgan Stanley
2010,2008-11-26,6.54,02-28-2009,Morgan Stanley
2010,2009-01-16,6.5,02-28-2009,Morgan Stanley
2010,2009-01-29,6.54,02-28-2009,Morgan Stanley
2010,2009-02-19,6.58,02-28-2009,Morgan Stanley
2011,2007-03-16,6.26,02-28-2009,Morgan Stanley
2011,2007-04-05,6.26,02-28-2009,Morgan Stanley
2011,2007-05-04,6.26,02-28-2009,Morgan Stanley
2011,2007-06-08,6.26,02-28-2009,Morgan Stanley
2011,2007-06-22,6.44,02-28-2009,Morgan Stanley
2011,2007-07-30,6.44,02-28-2009,Morgan Stanley
2011,2007-08-23,6.44,02-28-2009,Morgan Stanley
2011,2007-09-25,6.57,02-28-2009,Morgan Stanley
2011,2007-10-12,6.57,02-28-2009,Morgan Stanley
2011,2007-12-26,6.1,02-28-2009,Morgan Stanley
2011,2008-02-21,6.4,02-28-2009,Morgan Stanley
2011,2008-03-07,5.61,02-28-2009,Morgan Stanley
2011,2008-03-13,5.61,02-28-2009,Morgan Stanley
2011,2008-04-28,5.61,02-28-2009,Morgan Stanley
2012,2007-03-16,5.96,02-28-2009,Morgan Stanley
2012,2007-04-05,5.96,02-28-2009,Morgan Stanley
2012,2007-05-04,5.96,02-28-2009,Morgan Stanley
2012,2007-06-08,5.96,02-28-2009,Morgan Stanley
2012,2007-06-22,6.13,02-28-2009,Morgan Stanley
2012,2007-07-30,6.13,02-28-2009,Morgan Stanley
2012,2007-08-23,6.13,02-28-2009,Morgan Stanley
2012,2007-09-25,6.26,02-28-2009,Morgan Stanley
2012,2007-10-12,6.26,02-28-2009,Morgan Stanley
2012,2007-12-26,5.8,02-28-2009,Morgan Stanley
2012,2008-02-21,6.1,02-28-2009,Morgan Stanley
2012,2008-03-07,5.34,02-28-2009,Morgan Stanley
2012,2008-03-13,5.34,02-28-2009,Morgan Stanley
2012,2008-04-28,5.34,02-28-2009,Morgan Stanley
2013,2008-02-21,5.8,02-28-2009,Morgan Stanley
Q2-13,2011-12-22,5.83,05-31-2013,Morgan Stanley
Q2-13,2012-02-03,5.83,05-31-2013,Morgan Stanley
Q2-13,2012-03-01,5.83,05-31-2013,Morgan Stanley
Q2-13,2012-04-05,5.83,05-31-2013,Morgan Stanley
Q2-13,2012-05-03,5.97,05-31-2013,Morgan Stanley
Q2-13,2012-06-13,6.3,05-31-2013,Morgan Stanley
Q2-13,2012-07-06,6.3,05-31-2013,Morgan Stanley
Q2-13,2012-08-10,6.3,05-31-2013,Morgan Stanley
Q2-13,2012-08-31,6.3,05-31-2013,Morgan Stanley
Q2-13,2012-10-22,6.3,05-31-2013,Morgan Stanley
Q2-13,2012-11-02,6.3,05-31-2013,Morgan Stanley
Q2-13,2012-12-04,6.3,05-31-2013,Morgan Stanley
Q2-13,2013-01-11,6.3,05-31-2013,Morgan Stanley
Q2-13,2013-01-31,6.3,05-31-2013,Morgan Stanley
Q2-13,2013-03-11,6.3,05-31-2013,Morgan Stanley
Q2-13,2013-03-20,6.3,05-31-2013,Morgan Stanley
Q2-13,2013-04-26,6.3,05-31-2013,Morgan Stanley
Q3-13,2011-12-22,5.76,05-31-2013,Morgan Stanley
Q3-13,2012-02-03,5.76,05-31-2013,Morgan Stanley
Q3-13,2012-03-01,5.76,05-31-2013,Morgan Stanley
Q3-13,2012-04-05,5.76,05-31-2013,Morgan Stanley
Q3-13,2012-05-03,5.95,05-31-2013,Morgan Stanley
Q3-13,2012-06-13,6.27,05-31-2013,Morgan Stanley
Q3-13,2012-07-06,6.27,05-31-2013,Morgan Stanley
Q3-13,2012-08-10,6.27,05-31-2013,Morgan Stanley
Q3-13,2012-08-31,6.27,05-31-2013,Morgan Stanley
Q3-13,2012-10-22,6.27,05-31-2013,Morgan Stanley
Q3-13,2012-11-02,6.27,05-31-2013,Morgan Stanley
Q3-13,2012-12-04,6.3,05-31-2013,Morgan Stanley
Q3-13,2013-01-11,6.3,05-31-2013,Morgan Stanley
Q3-13,2013-01-31,6.3,05-31-2013,Morgan Stanley
Q3-13,2013-03-11,6.3,05-31-2013,Morgan Stanley
Q3-13,2013-03-20,6.3,05-31-2013,Morgan Stanley
Q3-13,2013-04-26,6.3,05-31-2013,Morgan Stanley
Q4-13,2011-11-28,5.66,05-31-2013,Morgan Stanley
Q4-13,2012-02-03,5.66,05-31-2013,Morgan Stanley
Q4-13,2012-03-01,5.66,05-31-2013,Morgan Stanley
Q4-13,2012-04-05,5.66,05-31-2013,Morgan Stanley
Q4-13,2012-05-03,5.94,05-31-2013,Morgan Stanley
Q4-13,2012-06-13,6.24,05-31-2013,Morgan Stanley
Q4-13,2012-07-06,6.24,05-31-2013,Morgan Stanley
Q4-13,2012-08-10,6.24,05-31-2013,Morgan Stanley
Q4-13,2012-08-31,6.24,05-31-2013,Morgan Stanley
Q4-13,2012-10-22,6.24,05-31-2013,Morgan Stanley
Q4-13,2012-11-02,6.24,05-31-2013,Morgan Stanley
Q4-13,2012-12-04,6.3,05-31-2013,Morgan Stanley
Q4-13,2013-01-11,6.3,05-31-2013,Morgan Stanley
Q4-13,2013-01-31,6.3,05-31-2013,Morgan Stanley
Q4-13,2013-03-11,6.3,05-31-2013,Morgan Stanley
Q4-13,2013-03-20,6.3,05-31-2013,Morgan Stanley
Q4-13,2013-04-26,6.3,05-31-2013,Morgan Stanley
Q1-14,2012-12-04,6.22,05-31-2013,Morgan Stanley
Q1-14,2013-01-11,6.22,05-31-2013,Morgan Stanley
Q1-14,2013-01-31,6.22,05-31-2013,Morgan Stanley
Q1-14,2013-03-11,6.22,05-31-2013,Morgan Stanley
Q1-14,2013-03-20,6.22,05-31-2013,Morgan Stanley
Q1-14,2013-04-26,6.22,05-31-2013,Morgan Stanley
2014,2012-11-02,6.15,05-31-2013,Morgan Stanley
2014,2012-12-04,6.15,05-31-2013,Morgan Stanley
2014,2013-01-11,6.15,05-31-2013,Morgan Stanley
2014,2013-04-26,6.15,05-31-2013,Morgan Stanley
Q3-18,2017-09-15,6.77,08-31-2018,Morgan Stanley
Q3-18,2017-10-31,6.77,08-31-2018,Morgan Stanley
Q3-18,2017-11-27,6.68,08-31-2018,Morgan Stanley
Q3-18,2017-12-19,6.68,08-31-2018,Morgan Stanley
Q3-18,2018-02-23,6.32,08-31-2018,Morgan Stanley
Q3-18,2018-04-27,6.32,08-31-2018,Morgan Stanley
Q3-18,2018-05-14,6.32,08-31-2018,Morgan Stanley
Q3-18,2018-06-07,6.32,08-31-2018,Morgan Stanley
Q3-18,2018-06-15,6.32,08-31-2018,Morgan Stanley
Q3-18,2018-06-22,6.65,08-31-2018,Morgan Stanley
Q3-18,2018-06-28,6.65,08-31-2018,Morgan Stanley
Q3-18,2018-07-19,6.65,08-31-2018,Morgan Stanley
Q4-18,2016-11-28,7.43,08-31-2018,Morgan Stanley
Q4-18,2017-01-04,7.43,08-31-2018,Morgan Stanley
Q4-18,2017-01-05,7.3,08-31-2018,Morgan Stanley
Q4-18,2017-02-07,7.3,08-31-2018,Morgan Stanley
Q4-18,2017-02-09,7.43,08-31-2018,Morgan Stanley
Q4-18,2017-02-23,7.24,08-31-2018,Morgan Stanley
Q4-18,2017-03-09,7.24,08-31-2018,Morgan Stanley
Q4-18,2017-04-10,7.24,08-31-2018,Morgan Stanley
Q4-18,2017-06-06,7.0,08-31-2018,Morgan Stanley
Q4-18,2017-07-18,7.0,08-31-2018,Morgan Stanley
Q4-18,2017-08-11,6.8,08-31-2018,Morgan Stanley
Q4-18,2017-09-15,6.8,08-31-2018,Morgan Stanley
Q4-18,2017-10-31,6.8,08-31-2018,Morgan Stanley
Q4-18,2017-11-27,6.7,08-31-2018,Morgan Stanley
Q4-18,2017-12-19,6.7,08-31-2018,Morgan Stanley
Q4-18,2018-02-23,6.25,08-31-2018,Morgan Stanley
Q4-18,2018-04-27,6.25,08-31-2018,Morgan Stanley
Q4-18,2018-05-14,6.25,08-31-2018,Morgan Stanley
Q4-18,2018-06-07,6.25,08-31-2018,Morgan Stanley
Q4-18,2018-06-15,6.25,08-31-2018,Morgan Stanley
Q4-18,2018-06-22,6.6,08-31-2018,Morgan Stanley
Q4-18,2018-06-28,6.6,08-31-2018,Morgan Stanley
Q4-18,2018-07-19,6.6,08-31-2018,Morgan Stanley
Q1-19,2018-04-27,6.23,08-31-2018,Morgan Stanley
Q1-19,2018-05-14,6.2,08-31-2018,Morgan Stanley
Q1-19,2018-06-07,6.2,08-31-2018,Morgan Stanley
Q1-19,2018-06-15,6.2,08-31-2018,Morgan Stanley
Q1-19,2018-06-22,6.47,08-31-2018,Morgan Stanley
Q1-19,2018-06-28,6.47,08-31-2018,Morgan Stanley
Q1-19,2018-07-19,6.47,08-31-2018,Morgan Stanley
Q2-19,2018-06-07,6.17,08-31-2018,Morgan Stanley
Q2-19,2018-06-15,6.17,08-31-2018,Morgan Stanley
Q2-19,2018-06-22,6.4,08-31-2018,Morgan Stanley
Q2-19,2018-06-28,6.4,08-31-2018,Morgan Stanley
Q2-19,2018-07-19,6.4,08-31-2018,Morgan Stanley
2019,2017-02-07,7.43,08-31-2018,Morgan Stanley
2019,2017-11-27,6.5,08-31-2018,Morgan Stanley
2019,2017-12-19,6.5,08-31-2018,Morgan Stanley
2019,2018-02-23,6.15,08-31-2018,Morgan Stanley
2019,2018-04-27,6.15,08-31-2018,Morgan Stanley
2019,2018-05-14,6.1,08-31-2018,Morgan Stanley
2019,2018-06-07,6.1,08-31-2018,Morgan Stanley
2019,2018-06-15,6.1,08-31-2018,Morgan Stanley
2019,2018-06-22,6.25,08-31-2018,Morgan Stanley
2019,2018-06-28,6.25,08-31-2018,Morgan Stanley
2019,2018-07-19,6.25,08-31-2018,Morgan Stanley
Q4-18,2017-01-04,7.43,11-30-2018,Morgan Stanley
Q4-18,2017-01-05,7.3,11-30-2018,Morgan Stanley
Q4-18,2017-02-07,7.3,11-30-2018,Morgan Stanley
Q4-18,2017-02-09,7.43,11-30-2018,Morgan Stanley
Q4-18,2017-02-23,7.24,11-30-2018,Morgan Stanley
Q4-18,2017-03-09,7.24,11-30-2018,Morgan Stanley
Q4-18,2017-04-10,7.24,11-30-2018,Morgan Stanley
Q4-18,2017-06-06,7.0,11-30-2018,Morgan Stanley
Q4-18,2017-07-18,7.0,11-30-2018,Morgan Stanley
Q4-18,2017-08-11,6.8,11-30-2018,Morgan Stanley
Q4-18,2017-09-15,6.8,11-30-2018,Morgan Stanley
Q4-18,2017-10-31,6.8,11-30-2018,Morgan Stanley
Q4-18,2017-11-27,6.7,11-30-2018,Morgan Stanley
Q4-18,2017-12-19,6.7,11-30-2018,Morgan Stanley
Q4-18,2018-02-23,6.25,11-30-2018,Morgan Stanley
Q4-18,2018-04-27,6.25,11-30-2018,Morgan Stanley
Q4-18,2018-05-14,6.25,11-30-2018,Morgan Stanley
Q4-18,2018-06-07,6.25,11-30-2018,Morgan Stanley
Q4-18,2018-06-15,6.25,11-30-2018,Morgan Stanley
Q4-18,2018-06-22,6.6,11-30-2018,Morgan Stanley
Q4-18,2018-06-28,6.6,11-30-2018,Morgan Stanley
Q4-18,2018-07-19,6.6,11-30-2018,Morgan Stanley
Q4-18,2018-09-06,6.6,11-30-2018,Morgan Stanley
Q4-18,2018-09-13,6.6,11-30-2018,Morgan Stanley
Q4-18,2018-09-21,6.6,11-30-2018,Morgan Stanley
Q4-18,2018-11-02,6.6,11-30-2018,Morgan Stanley
Q4-18,2018-11-26,6.97,11-30-2018,Morgan Stanley
Q1-19,2018-04-27,6.23,11-30-2018,Morgan Stanley
Q1-19,2018-05-14,6.2,11-30-2018,Morgan Stanley
Q1-19,2018-06-07,6.2,11-30-2018,Morgan Stanley
Q1-19,2018-06-15,6.2,11-30-2018,Morgan Stanley
Q1-19,2018-06-22,6.47,11-30-2018,Morgan Stanley
Q1-19,2018-06-28,6.47,11-30-2018,Morgan Stanley
Q1-19,2018-07-19,6.47,11-30-2018,Morgan Stanley
Q1-19,2018-09-06,6.47,11-30-2018,Morgan Stanley
Q1-19,2018-09-13,6.47,11-30-2018,Morgan Stanley
Q1-19,2018-09-21,6.47,11-30-2018,Morgan Stanley
Q1-19,2018-11-02,6.47,11-30-2018,Morgan Stanley
Q1-19,2018-11-26,7.05,11-30-2018,Morgan Stanley
Q2-19,2018-06-07,6.17,11-30-2018,Morgan Stanley
Q2-19,2018-06-15,6.17,11-30-2018,Morgan Stanley
Q2-19,2018-06-22,6.4,11-30-2018,Morgan Stanley
Q2-19,2018-06-28,6.4,11-30-2018,Morgan Stanley
Q2-19,2018-07-19,6.4,11-30-2018,Morgan Stanley
Q2-19,2018-09-06,6.4,11-30-2018,Morgan Stanley
Q2-19,2018-09-13,6.4,11-30-2018,Morgan Stanley
Q2-19,2018-09-21,6.4,11-30-2018,Morgan Stanley
Q2-19,2018-11-02,6.4,11-30-2018,Morgan Stanley
Q2-19,2018-11-26,7.03,11-30-2018,Morgan Stanley
Q3-19,2018-09-06,6.32,11-30-2018,Morgan Stanley
Q3-19,2018-09-13,6.32,11-30-2018,Morgan Stanley
Q3-19,2018-09-21,6.32,11-30-2018,Morgan Stanley
Q3-19,2018-11-02,6.32,11-30-2018,Morgan Stanley
Q3-19,2018-11-26,6.92,11-30-2018,Morgan Stanley
2019,2017-02-07,7.43,11-30-2018,Morgan Stanley
2019,2017-11-27,6.5,11-30-2018,Morgan Stanley
2019,2017-12-19,6.5,11-30-2018,Morgan Stanley
2019,2018-02-23,6.15,11-30-2018,Morgan Stanley
2019,2018-04-27,6.15,11-30-2018,Morgan Stanley
2019,2018-05-14,6.1,11-30-2018,Morgan Stanley
2019,2018-06-07,6.1,11-30-2018,Morgan Stanley
2019,2018-06-15,6.1,11-30-2018,Morgan Stanley
2019,2018-06-22,6.25,11-30-2018,Morgan Stanley
2019,2018-06-28,6.25,11-30-2018,Morgan Stanley
2019,2018-07-19,6.25,11-30-2018,Morgan Stanley
2019,2018-09-06,6.25,11-30-2018,Morgan Stanley
2019,2018-09-13,6.25,11-30-2018,Morgan Stanley
2019,2018-09-21,6.25,11-30-2018,Morgan Stanley
2019,2018-11-02,6.25,11-30-2018,Morgan Stanley
2019,2018-11-26,6.85,11-30-2018,Morgan Stanley
2020,2017-12-19,6.75,11-30-2018,Morgan Stanley
2020,2018-11-26,6.75,11-30-2018,Morgan Stanley
Q3-14,2013-01-11,6.18,08-31-2014,Morgan Stanley
Q3-14,2013-01-31,6.18,08-31-2014,Morgan Stanley
Q3-14,2013-03-11,6.18,08-31-2014,Morgan Stanley
Q3-14,2013-03-20,6.18,08-31-2014,Morgan Stanley
Q3-14,2013-04-26,6.18,08-31-2014,Morgan Stanley
Q3-14,2013-06-07,5.95,08-31-2014,Morgan Stanley
Q3-14,2013-07-05,5.95,08-31-2014,Morgan Stanley
Q3-14,2013-08-02,5.95,08-31-2014,Morgan Stanley
Q3-14,2013-09-06,6.1,08-31-2014,Morgan Stanley
Q3-14,2013-10-18,6.1,08-31-2014,Morgan Stanley
Q3-14,2013-11-21,6.1,08-31-2014,Morgan Stanley
Q3-14,2013-12-06,5.99,08-31-2014,Morgan Stanley
Q3-14,2014-01-09,5.99,08-31-2014,Morgan Stanley
Q3-14,2014-02-07,5.99,08-31-2014,Morgan Stanley
Q3-14,2014-03-06,5.99,08-31-2014,Morgan Stanley
Q3-14,2014-03-17,5.99,08-31-2014,Morgan Stanley
Q3-14,2014-03-20,5.99,08-31-2014,Morgan Stanley
Q3-14,2014-05-06,5.99,08-31-2014,Morgan Stanley
Q3-14,2014-06-06,6.17,08-31-2014,Morgan Stanley
Q3-14,2014-07-17,6.17,08-31-2014,Morgan Stanley
Q3-14,2014-07-18,6.17,08-31-2014,Morgan Stanley
Q3-14,2014-08-26,6.17,08-31-2014,Morgan Stanley
Q4-14,2012-11-02,6.15,08-31-2014,Morgan Stanley
Q4-14,2012-12-04,6.15,08-31-2014,Morgan Stanley
Q4-14,2013-01-11,6.15,08-31-2014,Morgan Stanley
Q4-14,2013-04-26,6.15,08-31-2014,Morgan Stanley
Q4-14,2013-06-07,5.9,08-31-2014,Morgan Stanley
Q4-14,2013-07-05,5.9,08-31-2014,Morgan Stanley
Q4-14,2013-08-02,5.9,08-31-2014,Morgan Stanley
Q4-14,2013-09-06,6.1,08-31-2014,Morgan Stanley
Q4-14,2013-10-18,6.1,08-31-2014,Morgan Stanley
Q4-14,2013-11-21,6.1,08-31-2014,Morgan Stanley
Q4-14,2013-12-06,5.91,08-31-2014,Morgan Stanley
Q4-14,2014-01-09,5.91,08-31-2014,Morgan Stanley
Q4-14,2014-02-07,5.91,08-31-2014,Morgan Stanley
Q4-14,2014-03-06,5.91,08-31-2014,Morgan Stanley
Q4-14,2014-03-17,5.91,08-31-2014,Morgan Stanley
Q4-14,2014-03-20,5.91,08-31-2014,Morgan Stanley
Q4-14,2014-05-06,5.91,08-31-2014,Morgan Stanley
Q4-14,2014-06-06,6.14,08-31-2014,Morgan Stanley
Q4-14,2014-07-17,6.14,08-31-2014,Morgan Stanley
Q4-14,2014-07-18,6.14,08-31-2014,Morgan Stanley
Q4-14,2014-08-26,6.14,08-31-2014,Morgan Stanley
Q1-15,2013-09-06,6.12,08-31-2014,Morgan Stanley
Q1-15,2013-10-18,6.12,08-31-2014,Morgan Stanley
Q1-15,2013-11-21,6.12,08-31-2014,Morgan Stanley
Q1-15,2013-12-06,5.84,08-31-2014,Morgan Stanley
Q1-15,2014-01-09,5.84,08-31-2014,Morgan Stanley
Q1-15,2014-02-07,5.84,08-31-2014,Morgan Stanley
Q1-15,2014-03-06,5.84,08-31-2014,Morgan Stanley
Q1-15,2014-03-17,5.84,08-31-2014,Morgan Stanley
Q1-15,2014-03-20,5.84,08-31-2014,Morgan Stanley
Q1-15,2014-05-06,5.84,08-31-2014,Morgan Stanley
Q1-15,2014-06-06,6.12,08-31-2014,Morgan Stanley
Q1-15,2014-07-17,6.12,08-31-2014,Morgan Stanley
Q1-15,2014-07-18,6.12,08-31-2014,Morgan Stanley
Q1-15,2014-08-26,6.12,08-31-2014,Morgan Stanley
Q2-15,2013-09-06,6.04,08-31-2014,Morgan Stanley
Q2-15,2013-10-18,6.04,08-31-2014,Morgan Stanley
Q2-15,2013-11-21,6.04,08-31-2014,Morgan Stanley
Q2-15,2013-12-06,5.87,08-31-2014,Morgan Stanley
Q2-15,2014-01-09,5.87,08-31-2014,Morgan Stanley
Q2-15,2014-02-07,5.87,08-31-2014,Morgan Stanley
Q2-15,2014-03-06,5.87,08-31-2014,Morgan Stanley
Q2-15,2014-03-17,5.87,08-31-2014,Morgan Stanley
Q2-15,2014-03-20,6.13,08-31-2014,Morgan Stanley
Q2-15,2014-06-06,6.13,08-31-2014,Morgan Stanley
Q2-15,2014-07-17,6.13,08-31-2014,Morgan Stanley
Q2-15,2014-07-18,6.13,08-31-2014,Morgan Stanley
Q2-15,2014-08-26,6.13,08-31-2014,Morgan Stanley
2015,2012-12-04,5.74,08-31-2014,Morgan Stanley
2015,2013-01-11,5.74,08-31-2014,Morgan Stanley
2015,2014-01-09,5.74,08-31-2014,Morgan Stanley
2015,2014-02-07,5.74,08-31-2014,Morgan Stanley
2015,2014-03-06,5.74,08-31-2014,Morgan Stanley
2015,2014-03-17,5.74,08-31-2014,Morgan Stanley
2015,2014-03-20,5.74,08-31-2014,Morgan Stanley
2015,2014-05-06,5.74,08-31-2014,Morgan Stanley
2015,2014-06-06,6.09,08-31-2014,Morgan Stanley
2015,2014-07-17,6.09,08-31-2014,Morgan Stanley
2015,2014-07-18,6.09,08-31-2014,Morgan Stanley
2015,2014-08-26,6.09,08-31-2014,Morgan Stanley
Q2-09,2008-07-07,6.46,05-31-2009,Morgan Stanley
Q2-09,2008-11-26,6.75,05-31-2009,Morgan Stanley
Q2-09,2008-12-04,6.75,05-31-2009,Morgan Stanley
Q2-09,2008-12-11,6.75,05-31-2009,Morgan Stanley
Q2-09,2009-01-08,6.75,05-31-2009,Morgan Stanley
Q2-09,2009-01-16,6.75,05-31-2009,Morgan Stanley
Q2-09,2009-01-22,6.75,05-31-2009,Morgan Stanley
Q2-09,2009-01-29,6.75,05-31-2009,Morgan Stanley
Q2-09,2009-02-05,6.75,05-31-2009,Morgan Stanley
Q2-09,2009-02-12,6.75,05-31-2009,Morgan Stanley
Q2-09,2009-02-19,6.8,05-31-2009,Morgan Stanley
Q2-09,2009-03-05,6.75,05-31-2009,Morgan Stanley
Q2-09,2009-03-13,6.82,05-31-2009,Morgan Stanley
Q2-09,2009-03-20,6.82,05-31-2009,Morgan Stanley
Q2-09,2009-03-27,6.82,05-31-2009,Morgan Stanley
Q2-09,2009-04-03,6.82,05-31-2009,Morgan Stanley
Q2-09,2009-04-09,6.82,05-31-2009,Morgan Stanley
Q2-09,2009-04-17,6.82,05-31-2009,Morgan Stanley
Q2-09,2009-04-24,6.82,05-31-2009,Morgan Stanley
Q2-09,2009-04-30,6.82,05-31-2009,Morgan Stanley
Q2-09,2009-05-08,6.82,05-31-2009,Morgan Stanley
Q2-09,2009-05-15,6.82,05-31-2009,Morgan Stanley
Q2-09,2009-05-21,6.82,05-31-2009,Morgan Stanley
Q2-09,2009-05-29,6.82,05-31-2009,Morgan Stanley
Q3-09,2008-11-26,6.7,05-31-2009,Morgan Stanley
Q3-09,2008-12-04,6.7,05-31-2009,Morgan Stanley
Q3-09,2008-12-11,6.7,05-31-2009,Morgan Stanley
Q3-09,2009-01-08,6.7,05-31-2009,Morgan Stanley
Q3-09,2009-01-16,6.7,05-31-2009,Morgan Stanley
Q3-09,2009-01-22,6.7,05-31-2009,Morgan Stanley
Q3-09,2009-01-29,6.7,05-31-2009,Morgan Stanley
Q3-09,2009-02-05,6.7,05-31-2009,Morgan Stanley
Q3-09,2009-02-12,6.7,05-31-2009,Morgan Stanley
Q3-09,2009-02-19,6.75,05-31-2009,Morgan Stanley
Q3-09,2009-03-05,6.7,05-31-2009,Morgan Stanley
Q3-09,2009-03-13,6.81,05-31-2009,Morgan Stanley
Q3-09,2009-03-20,6.81,05-31-2009,Morgan Stanley
Q3-09,2009-03-27,6.81,05-31-2009,Morgan Stanley
Q3-09,2009-04-03,6.81,05-31-2009,Morgan Stanley
Q3-09,2009-04-09,6.81,05-31-2009,Morgan Stanley
Q3-09,2009-04-17,6.81,05-31-2009,Morgan Stanley
Q3-09,2009-04-24,6.81,05-31-2009,Morgan Stanley
Q3-09,2009-04-30,6.81,05-31-2009,Morgan Stanley
Q3-09,2009-05-08,6.81,05-31-2009,Morgan Stanley
Q3-09,2009-05-15,6.81,05-31-2009,Morgan Stanley
Q3-09,2009-05-21,6.81,05-31-2009,Morgan Stanley
Q3-09,2009-05-29,6.81,05-31-2009,Morgan Stanley
Q4-09,2007-06-08,6.9,05-31-2009,Morgan Stanley
Q4-09,2007-06-22,7.1,05-31-2009,Morgan Stanley
Q4-09,2007-07-30,7.1,05-31-2009,Morgan Stanley
Q4-09,2007-08-23,7.1,05-31-2009,Morgan Stanley
Q4-09,2007-09-25,7.2,05-31-2009,Morgan Stanley
Q4-09,2007-10-12,7.2,05-31-2009,Morgan Stanley
Q4-09,2007-12-26,6.95,05-31-2009,Morgan Stanley
Q4-09,2008-02-21,7.3,05-31-2009,Morgan Stanley
Q4-09,2008-03-07,6.18,05-31-2009,Morgan Stanley
Q4-09,2008-03-13,6.18,05-31-2009,Morgan Stanley
Q4-09,2008-04-28,6.18,05-31-2009,Morgan Stanley
Q4-09,2008-11-26,6.65,05-31-2009,Morgan Stanley
Q4-09,2008-12-04,6.65,05-31-2009,Morgan Stanley
Q4-09,2008-12-11,6.65,05-31-2009,Morgan Stanley
Q4-09,2009-01-08,6.65,05-31-2009,Morgan Stanley
Q4-09,2009-01-16,6.65,05-31-2009,Morgan Stanley
Q4-09,2009-01-22,6.65,05-31-2009,Morgan Stanley
Q4-09,2009-01-29,6.65,05-31-2009,Morgan Stanley
Q4-09,2009-02-05,6.65,05-31-2009,Morgan Stanley
Q4-09,2009-02-12,6.65,05-31-2009,Morgan Stanley
Q4-09,2009-02-19,6.7,05-31-2009,Morgan Stanley
Q4-09,2009-03-05,6.65,05-31-2009,Morgan Stanley
Q4-09,2009-03-13,6.8,05-31-2009,Morgan Stanley
Q4-09,2009-03-20,6.8,05-31-2009,Morgan Stanley
Q4-09,2009-03-27,6.8,05-31-2009,Morgan Stanley
Q4-09,2009-04-03,6.8,05-31-2009,Morgan Stanley
Q4-09,2009-04-09,6.8,05-31-2009,Morgan Stanley
Q4-09,2009-04-17,6.8,05-31-2009,Morgan Stanley
Q4-09,2009-04-24,6.8,05-31-2009,Morgan Stanley
Q4-09,2009-04-30,6.8,05-31-2009,Morgan Stanley
Q4-09,2009-05-08,6.8,05-31-2009,Morgan Stanley
Q4-09,2009-05-15,6.8,05-31-2009,Morgan Stanley
Q4-09,2009-05-21,6.8,05-31-2009,Morgan Stanley
Q4-09,2009-05-29,6.8,05-31-2009,Morgan Stanley
Q1-10,2009-02-19,6.65,05-31-2009,Morgan Stanley
Q1-10,2009-03-05,6.6,05-31-2009,Morgan Stanley
Q1-10,2009-03-13,6.6,05-31-2009,Morgan Stanley
Q1-10,2009-03-20,6.6,05-31-2009,Morgan Stanley
Q1-10,2009-03-27,6.6,05-31-2009,Morgan Stanley
Q1-10,2009-04-09,6.6,05-31-2009,Morgan Stanley
Q1-10,2009-04-17,6.6,05-31-2009,Morgan Stanley
Q1-10,2009-04-24,6.6,05-31-2009,Morgan Stanley
Q1-10,2009-04-30,6.6,05-31-2009,Morgan Stanley
Q1-10,2009-05-08,6.6,05-31-2009,Morgan Stanley
Q1-10,2009-05-15,6.6,05-31-2009,Morgan Stanley
Q1-10,2009-05-21,6.6,05-31-2009,Morgan Stanley
Q1-10,2009-05-29,6.6,05-31-2009,Morgan Stanley
2010,2007-06-08,6.58,05-31-2009,Morgan Stanley
2010,2007-06-22,6.76,05-31-2009,Morgan Stanley
2010,2007-07-30,6.76,05-31-2009,Morgan Stanley
2010,2007-08-23,6.76,05-31-2009,Morgan Stanley
2010,2007-09-25,6.9,05-31-2009,Morgan Stanley
2010,2007-10-12,6.9,05-31-2009,Morgan Stanley
2010,2007-12-26,6.4,05-31-2009,Morgan Stanley
2010,2008-02-21,6.95,05-31-2009,Morgan Stanley
2010,2008-03-07,5.89,05-31-2009,Morgan Stanley
2010,2008-03-13,5.89,05-31-2009,Morgan Stanley
2010,2008-04-28,5.89,05-31-2009,Morgan Stanley
2010,2008-11-26,6.54,05-31-2009,Morgan Stanley
2010,2009-01-16,6.5,05-31-2009,Morgan Stanley
2010,2009-01-29,6.54,05-31-2009,Morgan Stanley
2010,2009-02-19,6.4,05-31-2009,Morgan Stanley
2010,2009-04-09,6.4,05-31-2009,Morgan Stanley
2010,2009-04-17,6.4,05-31-2009,Morgan Stanley
2010,2009-04-24,6.4,05-31-2009,Morgan Stanley
2010,2009-04-30,6.4,05-31-2009,Morgan Stanley
2010,2009-05-15,6.4,05-31-2009,Morgan Stanley
2010,2009-05-21,6.4,05-31-2009,Morgan Stanley
2010,2009-05-29,6.4,05-31-2009,Morgan Stanley
2011,2007-06-08,6.26,05-31-2009,Morgan Stanley
2011,2007-06-22,6.44,05-31-2009,Morgan Stanley
2011,2007-07-30,6.44,05-31-2009,Morgan Stanley
2011,2007-08-23,6.44,05-31-2009,Morgan Stanley
2011,2007-09-25,6.57,05-31-2009,Morgan Stanley
2011,2007-10-12,6.57,05-31-2009,Morgan Stanley
2011,2007-12-26,6.1,05-31-2009,Morgan Stanley
2011,2008-02-21,6.4,05-31-2009,Morgan Stanley
2011,2008-03-07,5.61,05-31-2009,Morgan Stanley
2011,2008-03-13,5.61,05-31-2009,Morgan Stanley
2011,2008-04-28,5.61,05-31-2009,Morgan Stanley
2012,2007-06-08,5.96,05-31-2009,Morgan Stanley
2012,2007-06-22,6.13,05-31-2009,Morgan Stanley
2012,2007-07-30,6.13,05-31-2009,Morgan Stanley
2012,2007-08-23,6.13,05-31-2009,Morgan Stanley
2012,2007-09-25,6.26,05-31-2009,Morgan Stanley
2012,2007-10-12,6.26,05-31-2009,Morgan Stanley
2012,2007-12-26,5.8,05-31-2009,Morgan Stanley
2012,2008-02-21,6.1,05-31-2009,Morgan Stanley
2012,2008-03-07,5.34,05-31-2009,Morgan Stanley
2012,2008-03-13,5.34,05-31-2009,Morgan Stanley
2012,2008-04-28,5.34,05-31-2009,Morgan Stanley
2013,2008-02-21,5.8,05-31-2009,Morgan Stanley
Q1-13,2011-12-22,5.91,02-28-2013,Morgan Stanley
Q1-13,2012-02-03,5.91,02-28-2013,Morgan Stanley
Q1-13,2012-03-01,5.91,02-28-2013,Morgan Stanley
Q1-13,2012-04-05,5.91,02-28-2013,Morgan Stanley
Q1-13,2012-05-03,5.98,02-28-2013,Morgan Stanley
Q1-13,2012-06-13,6.3,02-28-2013,Morgan Stanley
Q1-13,2012-07-06,6.3,02-28-2013,Morgan Stanley
Q1-13,2012-08-10,6.3,02-28-2013,Morgan Stanley
Q1-13,2012-08-31,6.3,02-28-2013,Morgan Stanley
Q1-13,2012-10-22,6.3,02-28-2013,Morgan Stanley
Q1-13,2012-11-02,6.3,02-28-2013,Morgan Stanley
Q1-13,2012-12-04,6.3,02-28-2013,Morgan Stanley
Q1-13,2013-01-11,6.3,02-28-2013,Morgan Stanley
Q1-13,2013-01-31,6.3,02-28-2013,Morgan Stanley
Q2-13,2011-12-22,5.83,02-28-2013,Morgan Stanley
Q2-13,2012-02-03,5.83,02-28-2013,Morgan Stanley
Q2-13,2012-03-01,5.83,02-28-2013,Morgan Stanley
Q2-13,2012-04-05,5.83,02-28-2013,Morgan Stanley
Q2-13,2012-05-03,5.97,02-28-2013,Morgan Stanley
Q2-13,2012-06-13,6.3,02-28-2013,Morgan Stanley
Q2-13,2012-07-06,6.3,02-28-2013,Morgan Stanley
Q2-13,2012-08-10,6.3,02-28-2013,Morgan Stanley
Q2-13,2012-08-31,6.3,02-28-2013,Morgan Stanley
Q2-13,2012-10-22,6.3,02-28-2013,Morgan Stanley
Q2-13,2012-11-02,6.3,02-28-2013,Morgan Stanley
Q2-13,2012-12-04,6.3,02-28-2013,Morgan Stanley
Q2-13,2013-01-11,6.3,02-28-2013,Morgan Stanley
Q2-13,2013-01-31,6.3,02-28-2013,Morgan Stanley
Q3-13,2011-12-22,5.76,02-28-2013,Morgan Stanley
Q3-13,2012-02-03,5.76,02-28-2013,Morgan Stanley
Q3-13,2012-03-01,5.76,02-28-2013,Morgan Stanley
Q3-13,2012-04-05,5.76,02-28-2013,Morgan Stanley
Q3-13,2012-05-03,5.95,02-28-2013,Morgan Stanley
Q3-13,2012-06-13,6.27,02-28-2013,Morgan Stanley
Q3-13,2012-07-06,6.27,02-28-2013,Morgan Stanley
Q3-13,2012-08-10,6.27,02-28-2013,Morgan Stanley
Q3-13,2012-08-31,6.27,02-28-2013,Morgan Stanley
Q3-13,2012-10-22,6.27,02-28-2013,Morgan Stanley
Q3-13,2012-11-02,6.27,02-28-2013,Morgan Stanley
Q3-13,2012-12-04,6.3,02-28-2013,Morgan Stanley
Q3-13,2013-01-11,6.3,02-28-2013,Morgan Stanley
Q3-13,2013-01-31,6.3,02-28-2013,Morgan Stanley
Q4-13,2011-11-28,5.66,02-28-2013,Morgan Stanley
Q4-13,2012-02-03,5.66,02-28-2013,Morgan Stanley
Q4-13,2012-03-01,5.66,02-28-2013,Morgan Stanley
Q4-13,2012-04-05,5.66,02-28-2013,Morgan Stanley
Q4-13,2012-05-03,5.94,02-28-2013,Morgan Stanley
Q4-13,2012-06-13,6.24,02-28-2013,Morgan Stanley
Q4-13,2012-07-06,6.24,02-28-2013,Morgan Stanley
Q4-13,2012-08-10,6.24,02-28-2013,Morgan Stanley
Q4-13,2012-08-31,6.24,02-28-2013,Morgan Stanley
Q4-13,2012-10-22,6.24,02-28-2013,Morgan Stanley
Q4-13,2012-11-02,6.24,02-28-2013,Morgan Stanley
Q4-13,2012-12-04,6.3,02-28-2013,Morgan Stanley
Q4-13,2013-01-11,6.3,02-28-2013,Morgan Stanley
Q4-13,2013-01-31,6.3,02-28-2013,Morgan Stanley
Q1-12,2010-12-13,6.11,02-28-2012,Morgan Stanley
Q1-12,2011-01-31,6.11,02-28-2012,Morgan Stanley
Q1-12,2011-03-03,6.11,02-28-2012,Morgan Stanley
Q1-12,2011-03-04,6.11,02-28-2012,Morgan Stanley
Q1-12,2011-03-07,6.11,02-28-2012,Morgan Stanley
Q1-12,2011-04-01,6.11,02-28-2012,Morgan Stanley
Q1-12,2011-04-28,6.11,02-28-2012,Morgan Stanley
Q1-12,2011-06-02,6.11,02-28-2012,Morgan Stanley
Q1-12,2011-08-18,6.2,02-28-2012,Morgan Stanley
Q1-12,2011-11-10,6.11,02-28-2012,Morgan Stanley
Q1-12,2011-11-28,6.25,02-28-2012,Morgan Stanley
Q1-12,2011-12-22,6.25,02-28-2012,Morgan Stanley
Q1-12,2012-02-03,6.25,02-28-2012,Morgan Stanley
Q2-12,2010-12-13,6.01,02-28-2012,Morgan Stanley
Q2-12,2011-01-31,6.01,02-28-2012,Morgan Stanley
Q2-12,2011-03-03,6.01,02-28-2012,Morgan Stanley
Q2-12,2011-03-04,6.01,02-28-2012,Morgan Stanley
Q2-12,2011-03-07,6.01,02-28-2012,Morgan Stanley
Q2-12,2011-04-01,6.01,02-28-2012,Morgan Stanley
Q2-12,2011-04-28,6.01,02-28-2012,Morgan Stanley
Q2-12,2011-06-02,6.01,02-28-2012,Morgan Stanley
Q2-12,2011-08-18,6.11,02-28-2012,Morgan Stanley
Q2-12,2011-11-10,6.01,02-28-2012,Morgan Stanley
Q2-12,2011-11-28,6.17,02-28-2012,Morgan Stanley
Q2-12,2011-12-22,6.17,02-28-2012,Morgan Stanley
Q2-12,2012-02-03,6.17,02-28-2012,Morgan Stanley
Q3-12,2010-12-13,5.92,02-28-2012,Morgan Stanley
Q3-12,2011-01-31,5.92,02-28-2012,Morgan Stanley
Q3-12,2011-03-03,5.92,02-28-2012,Morgan Stanley
Q3-12,2011-03-04,5.92,02-28-2012,Morgan Stanley
Q3-12,2011-03-07,5.92,02-28-2012,Morgan Stanley
Q3-12,2011-04-01,5.92,02-28-2012,Morgan Stanley
Q3-12,2011-04-28,5.92,02-28-2012,Morgan Stanley
Q3-12,2011-06-02,5.92,02-28-2012,Morgan Stanley
Q3-12,2011-08-18,6.01,02-28-2012,Morgan Stanley
Q3-12,2011-11-10,5.92,02-28-2012,Morgan Stanley
Q3-12,2011-11-28,6.09,02-28-2012,Morgan Stanley
Q3-12,2011-12-22,6.09,02-28-2012,Morgan Stanley
Q3-12,2012-02-03,6.09,02-28-2012,Morgan Stanley
Q4-12,2010-04-06,6.2,02-28-2012,Morgan Stanley
Q4-12,2010-06-04,6.2,02-28-2012,Morgan Stanley
Q4-12,2010-12-13,5.82,02-28-2012,Morgan Stanley
Q4-12,2011-01-31,5.82,02-28-2012,Morgan Stanley
Q4-12,2011-03-03,5.82,02-28-2012,Morgan Stanley
Q4-12,2011-03-04,5.82,02-28-2012,Morgan Stanley
Q4-12,2011-03-07,5.82,02-28-2012,Morgan Stanley
Q4-12,2011-04-01,5.82,02-28-2012,Morgan Stanley
Q4-12,2011-04-28,5.82,02-28-2012,Morgan Stanley
Q4-12,2011-06-02,5.82,02-28-2012,Morgan Stanley
Q4-12,2011-08-18,5.82,02-28-2012,Morgan Stanley
Q4-12,2011-11-10,5.82,02-28-2012,Morgan Stanley
Q4-12,2011-11-28,5.99,02-28-2012,Morgan Stanley
Q4-12,2011-12-22,5.99,02-28-2012,Morgan Stanley
Q4-12,2012-02-03,5.99,02-28-2012,Morgan Stanley
2013,2011-11-28,5.66,02-28-2012,Morgan Stanley
2013,2012-02-03,5.66,02-28-2012,Morgan Stanley
Q2-08,2007-06-08,7.0,05-31-2008,Morgan Stanley
Q2-08,2007-06-22,7.0,05-31-2008,Morgan Stanley
Q2-08,2007-07-30,7.0,05-31-2008,Morgan Stanley
Q2-08,2007-08-23,7.0,05-31-2008,Morgan Stanley
Q2-08,2007-09-25,7.35,05-31-2008,Morgan Stanley
Q2-08,2007-10-12,7.3,05-31-2008,Morgan Stanley
Q2-08,2007-12-26,7.2,05-31-2008,Morgan Stanley
Q2-08,2008-02-21,7.2,05-31-2008,Morgan Stanley
Q2-08,2008-03-07,6.8,05-31-2008,Morgan Stanley
Q2-08,2008-03-13,6.8,05-31-2008,Morgan Stanley
Q2-08,2008-04-28,6.8,05-31-2008,Morgan Stanley
Q3-08,2007-09-25,7.4,05-31-2008,Morgan Stanley
Q3-08,2007-10-12,7.25,05-31-2008,Morgan Stanley
Q3-08,2007-12-26,7.1,05-31-2008,Morgan Stanley
Q3-08,2008-02-21,7.1,05-31-2008,Morgan Stanley
Q3-08,2008-03-07,6.67,05-31-2008,Morgan Stanley
Q3-08,2008-03-13,6.67,05-31-2008,Morgan Stanley
Q3-08,2008-04-28,6.67,05-31-2008,Morgan Stanley
Q4-08,2006-06-01,6.67,05-31-2008,Morgan Stanley
Q4-08,2006-06-07,6.67,05-31-2008,Morgan Stanley
Q4-08,2006-07-14,6.67,05-31-2008,Morgan Stanley
Q4-08,2006-07-19,6.67,05-31-2008,Morgan Stanley
Q4-08,2006-09-01,6.67,05-31-2008,Morgan Stanley
Q4-08,2006-09-07,6.67,05-31-2008,Morgan Stanley
Q4-08,2006-09-15,6.67,05-31-2008,Morgan Stanley
Q4-08,2006-11-08,7.14,05-31-2008,Morgan Stanley
Q4-08,2006-11-27,7.14,05-31-2008,Morgan Stanley
Q4-08,2007-01-03,7.4,05-31-2008,Morgan Stanley
Q4-08,2007-01-16,7.4,05-31-2008,Morgan Stanley
Q4-08,2007-02-09,7.25,05-31-2008,Morgan Stanley
Q4-08,2007-03-16,7.25,05-31-2008,Morgan Stanley
Q4-08,2007-04-05,7.25,05-31-2008,Morgan Stanley
Q4-08,2007-05-04,7.25,05-31-2008,Morgan Stanley
Q4-08,2007-06-08,7.25,05-31-2008,Morgan Stanley
Q4-08,2007-06-22,7.25,05-31-2008,Morgan Stanley
Q4-08,2007-07-30,7.25,05-31-2008,Morgan Stanley
Q4-08,2007-08-23,7.25,05-31-2008,Morgan Stanley
Q4-08,2007-09-25,7.3,05-31-2008,Morgan Stanley
Q4-08,2007-10-12,7.3,05-31-2008,Morgan Stanley
Q4-08,2007-12-26,6.95,05-31-2008,Morgan Stanley
Q4-08,2008-02-21,6.95,05-31-2008,Morgan Stanley
Q4-08,2008-03-07,6.57,05-31-2008,Morgan Stanley
Q4-08,2008-03-13,6.57,05-31-2008,Morgan Stanley
Q4-08,2008-04-28,6.57,05-31-2008,Morgan Stanley
Q1-09,2008-04-28,6.47,05-31-2008,Morgan Stanley
2009,2006-06-01,6.35,05-31-2008,Morgan Stanley
2009,2006-06-07,6.35,05-31-2008,Morgan Stanley
2009,2006-07-14,6.35,05-31-2008,Morgan Stanley
2009,2006-07-19,6.35,05-31-2008,Morgan Stanley
2009,2006-09-01,6.35,05-31-2008,Morgan Stanley
2009,2006-09-07,6.35,05-31-2008,Morgan Stanley
2009,2006-09-15,6.35,05-31-2008,Morgan Stanley
2009,2006-11-08,6.8,05-31-2008,Morgan Stanley
2009,2006-11-27,6.8,05-31-2008,Morgan Stanley
2009,2007-01-03,7.05,05-31-2008,Morgan Stanley
2009,2007-01-16,7.05,05-31-2008,Morgan Stanley
2009,2007-02-09,6.9,05-31-2008,Morgan Stanley
2009,2007-03-16,6.9,05-31-2008,Morgan Stanley
2009,2007-04-05,6.9,05-31-2008,Morgan Stanley
2009,2007-05-04,6.9,05-31-2008,Morgan Stanley
2009,2007-06-08,6.9,05-31-2008,Morgan Stanley
2009,2007-06-22,7.1,05-31-2008,Morgan Stanley
2009,2007-07-30,7.1,05-31-2008,Morgan Stanley
2009,2007-08-23,7.1,05-31-2008,Morgan Stanley
2009,2007-09-25,7.2,05-31-2008,Morgan Stanley
2009,2007-10-12,7.2,05-31-2008,Morgan Stanley
2009,2007-12-26,6.95,05-31-2008,Morgan Stanley
2009,2008-02-21,7.3,05-31-2008,Morgan Stanley
2009,2008-03-07,6.18,05-31-2008,Morgan Stanley
2009,2008-03-13,6.18,05-31-2008,Morgan Stanley
2009,2008-04-28,6.18,05-31-2008,Morgan Stanley
2010,2006-06-01,6.05,05-31-2008,Morgan Stanley
2010,2006-06-07,6.05,05-31-2008,Morgan Stanley
2010,2006-07-14,6.05,05-31-2008,Morgan Stanley
2010,2006-07-19,6.05,05-31-2008,Morgan Stanley
2010,2006-09-01,6.05,05-31-2008,Morgan Stanley
2010,2006-09-07,6.05,05-31-2008,Morgan Stanley
2010,2006-09-15,6.05,05-31-2008,Morgan Stanley
2010,2006-11-08,6.48,05-31-2008,Morgan Stanley
2010,2006-11-27,6.48,05-31-2008,Morgan Stanley
2010,2007-01-03,6.71,05-31-2008,Morgan Stanley
2010,2007-01-16,6.71,05-31-2008,Morgan Stanley
2010,2007-02-09,6.58,05-31-2008,Morgan Stanley
2010,2007-03-16,6.58,05-31-2008,Morgan Stanley
2010,2007-04-05,6.58,05-31-2008,Morgan Stanley
2010,2007-05-04,6.58,05-31-2008,Morgan Stanley
2010,2007-06-08,6.58,05-31-2008,Morgan Stanley
2010,2007-06-22,6.76,05-31-2008,Morgan Stanley
2010,2007-07-30,6.76,05-31-2008,Morgan Stanley
2010,2007-08-23,6.76,05-31-2008,Morgan Stanley
2010,2007-09-25,6.9,05-31-2008,Morgan Stanley
2010,2007-10-12,6.9,05-31-2008,Morgan Stanley
2010,2007-12-26,6.4,05-31-2008,Morgan Stanley
2010,2008-02-21,6.95,05-31-2008,Morgan Stanley
2010,2008-03-07,5.89,05-31-2008,Morgan Stanley
2010,2008-03-13,5.89,05-31-2008,Morgan Stanley
2010,2008-04-28,5.89,05-31-2008,Morgan Stanley
2011,2006-06-01,5.76,05-31-2008,Morgan Stanley
2011,2006-06-07,5.76,05-31-2008,Morgan Stanley
2011,2006-07-14,5.76,05-31-2008,Morgan Stanley
2011,2006-07-19,5.76,05-31-2008,Morgan Stanley
2011,2006-09-01,5.76,05-31-2008,Morgan Stanley
2011,2006-09-07,5.76,05-31-2008,Morgan Stanley
2011,2006-09-15,5.76,05-31-2008,Morgan Stanley
2011,2006-11-08,6.17,05-31-2008,Morgan Stanley
2011,2006-11-27,6.17,05-31-2008,Morgan Stanley
2011,2007-01-03,6.39,05-31-2008,Morgan Stanley
2011,2007-01-16,6.39,05-31-2008,Morgan Stanley
2011,2007-02-09,6.26,05-31-2008,Morgan Stanley
2011,2007-03-16,6.26,05-31-2008,Morgan Stanley
2011,2007-04-05,6.26,05-31-2008,Morgan Stanley
2011,2007-05-04,6.26,05-31-2008,Morgan Stanley
2011,2007-06-08,6.26,05-31-2008,Morgan Stanley
2011,2007-06-22,6.44,05-31-2008,Morgan Stanley
2011,2007-07-30,6.44,05-31-2008,Morgan Stanley
2011,2007-08-23,6.44,05-31-2008,Morgan Stanley
2011,2007-09-25,6.57,05-31-2008,Morgan Stanley
2011,2007-10-12,6.57,05-31-2008,Morgan Stanley
2011,2007-12-26,6.1,05-31-2008,Morgan Stanley
2011,2008-02-21,6.4,05-31-2008,Morgan Stanley
2011,2008-03-07,5.61,05-31-2008,Morgan Stanley
2011,2008-03-13,5.61,05-31-2008,Morgan Stanley
2011,2008-04-28,5.61,05-31-2008,Morgan Stanley
2012,2007-01-03,6.09,05-31-2008,Morgan Stanley
2012,2007-01-16,6.09,05-31-2008,Morgan Stanley
2012,2007-02-09,5.96,05-31-2008,Morgan Stanley
2012,2007-03-16,5.96,05-31-2008,Morgan Stanley
2012,2007-04-05,5.96,05-31-2008,Morgan Stanley
2012,2007-05-04,5.96,05-31-2008,Morgan Stanley
2012,2007-06-08,5.96,05-31-2008,Morgan Stanley
2012,2007-06-22,6.13,05-31-2008,Morgan Stanley
2012,2007-07-30,6.13,05-31-2008,Morgan Stanley
2012,2007-08-23,6.13,05-31-2008,Morgan Stanley
2012,2007-09-25,6.26,05-31-2008,Morgan Stanley
2012,2007-10-12,6.26,05-31-2008,Morgan Stanley
2012,2007-12-26,5.8,05-31-2008,Morgan Stanley
2012,2008-02-21,6.1,05-31-2008,Morgan Stanley
2012,2008-03-07,5.34,05-31-2008,Morgan Stanley
2012,2008-03-13,5.34,05-31-2008,Morgan Stanley
2012,2008-04-28,5.34,05-31-2008,Morgan Stanley
Q3-15,2013-09-06,6.0,08-31-2015,Morgan Stanley
Q3-15,2013-10-18,6.0,08-31-2015,Morgan Stanley
Q3-15,2013-11-21,6.0,08-31-2015,Morgan Stanley
Q3-15,2013-12-06,5.81,08-31-2015,Morgan Stanley
Q3-15,2014-01-09,5.81,08-31-2015,Morgan Stanley
Q3-15,2014-02-07,5.81,08-31-2015,Morgan Stanley
Q3-15,2014-03-06,5.81,08-31-2015,Morgan Stanley
Q3-15,2014-03-17,5.81,08-31-2015,Morgan Stanley
Q3-15,2014-03-20,6.14,08-31-2015,Morgan Stanley
Q3-15,2014-09-08,6.14,08-31-2015,Morgan Stanley
Q3-15,2014-10-03,6.14,08-31-2015,Morgan Stanley
Q3-15,2014-11-07,6.14,08-31-2015,Morgan Stanley
Q3-15,2014-11-14,6.12,08-31-2015,Morgan Stanley
Q3-15,2014-12-01,6.12,08-31-2015,Morgan Stanley
Q3-15,2015-01-23,6.12,08-31-2015,Morgan Stanley
Q3-15,2015-02-06,6.12,08-31-2015,Morgan Stanley
Q3-15,2015-03-23,6.12,08-31-2015,Morgan Stanley
Q3-15,2015-04-12,6.12,08-31-2015,Morgan Stanley
Q3-15,2015-04-13,6.12,08-31-2015,Morgan Stanley
Q3-15,2015-07-09,6.12,08-31-2015,Morgan Stanley
Q4-15,2014-01-09,5.74,08-31-2015,Morgan Stanley
Q4-15,2014-02-07,5.74,08-31-2015,Morgan Stanley
Q4-15,2014-03-06,5.74,08-31-2015,Morgan Stanley
Q4-15,2014-03-17,5.74,08-31-2015,Morgan Stanley
Q4-15,2014-03-20,5.74,08-31-2015,Morgan Stanley
Q4-15,2014-05-06,5.74,08-31-2015,Morgan Stanley
Q4-15,2014-06-06,6.09,08-31-2015,Morgan Stanley
Q4-15,2014-07-17,6.09,08-31-2015,Morgan Stanley
Q4-15,2014-07-18,6.09,08-31-2015,Morgan Stanley
Q4-15,2014-08-26,6.09,08-31-2015,Morgan Stanley
Q4-15,2014-09-08,6.09,08-31-2015,Morgan Stanley
Q4-15,2014-10-03,6.09,08-31-2015,Morgan Stanley
Q4-15,2014-11-07,6.09,08-31-2015,Morgan Stanley
Q4-15,2014-12-01,6.09,08-31-2015,Morgan Stanley
Q4-15,2015-01-23,6.09,08-31-2015,Morgan Stanley
Q4-15,2015-02-06,6.09,08-31-2015,Morgan Stanley
Q4-15,2015-03-23,6.09,08-31-2015,Morgan Stanley
Q4-15,2015-04-12,6.09,08-31-2015,Morgan Stanley
Q4-15,2015-04-13,6.09,08-31-2015,Morgan Stanley
Q4-15,2015-07-09,6.09,08-31-2015,Morgan Stanley
Q4-15,2015-08-17,6.6,08-31-2015,Morgan Stanley
Q1-16,2014-09-08,6.1,08-31-2015,Morgan Stanley
Q1-16,2014-10-03,6.1,08-31-2015,Morgan Stanley
Q1-16,2014-11-07,6.1,08-31-2015,Morgan Stanley
Q1-16,2014-12-01,6.14,08-31-2015,Morgan Stanley
Q1-16,2015-01-23,6.14,08-31-2015,Morgan Stanley
Q1-16,2015-02-06,6.14,08-31-2015,Morgan Stanley
Q1-16,2015-03-23,6.14,08-31-2015,Morgan Stanley
Q1-16,2015-04-12,6.14,08-31-2015,Morgan Stanley
Q1-16,2015-04-13,6.14,08-31-2015,Morgan Stanley
Q1-16,2015-07-09,6.14,08-31-2015,Morgan Stanley
Q1-16,2015-08-17,6.69,08-31-2015,Morgan Stanley
Q2-16,2014-09-08,6.09,08-31-2015,Morgan Stanley
Q2-16,2014-10-03,6.09,08-31-2015,Morgan Stanley
Q2-16,2014-11-07,6.09,08-31-2015,Morgan Stanley
Q2-16,2014-12-01,6.09,08-31-2015,Morgan Stanley
Q2-16,2015-01-23,6.09,08-31-2015,Morgan Stanley
Q2-16,2015-02-06,6.09,08-31-2015,Morgan Stanley
Q2-16,2015-03-23,6.09,08-31-2015,Morgan Stanley
Q2-16,2015-04-12,6.09,08-31-2015,Morgan Stanley
Q2-16,2015-04-13,6.09,08-31-2015,Morgan Stanley
Q2-16,2015-07-09,6.09,08-31-2015,Morgan Stanley
Q2-16,2015-08-17,6.77,08-31-2015,Morgan Stanley
2016,2014-12-01,6.07,08-31-2015,Morgan Stanley
2016,2015-01-23,6.07,08-31-2015,Morgan Stanley
2016,2015-02-06,6.07,08-31-2015,Morgan Stanley
2016,2015-03-23,6.07,08-31-2015,Morgan Stanley
2016,2015-04-12,6.07,08-31-2015,Morgan Stanley
2016,2015-04-13,6.07,08-31-2015,Morgan Stanley
2016,2015-07-09,6.07,08-31-2015,Morgan Stanley
2016,2015-08-17,6.91,08-31-2015,Morgan Stanley
2021,2017-12-19,6.75,11-30-2019,Morgan Stanley
2021,2019-11-18,6.75,11-30-2019,Morgan Stanley
2020,2017-12-19,6.75,11-30-2019,Morgan Stanley
2020,2018-11-26,6.75,11-30-2019,Morgan Stanley
2020,2019-01-03,6.75,11-30-2019,Morgan Stanley
2020,2019-02-11,6.75,11-30-2019,Morgan Stanley
2020,2019-02-12,6.3,11-30-2019,Morgan Stanley
2020,2019-03-27,6.75,11-30-2019,Morgan Stanley
2020,2019-05-13,6.45,11-30-2019,Morgan Stanley
2020,2019-05-31,6.45,11-30-2019,Morgan Stanley
2020,2019-06-05,6.7,11-30-2019,Morgan Stanley
2020,2019-08-30,7.15,11-30-2019,Morgan Stanley
2020,2019-10-09,7.15,11-30-2019,Morgan Stanley
2020,2019-11-18,6.85,11-30-2019,Morgan Stanley
Q4-19,2017-12-19,6.5,11-30-2019,Morgan Stanley
Q4-19,2018-02-23,6.15,11-30-2019,Morgan Stanley
Q4-19,2018-04-27,6.15,11-30-2019,Morgan Stanley
Q4-19,2018-05-14,6.1,11-30-2019,Morgan Stanley
Q4-19,2018-06-07,6.1,11-30-2019,Morgan Stanley
Q4-19,2018-06-15,6.1,11-30-2019,Morgan Stanley
Q4-19,2018-06-22,6.25,11-30-2019,Morgan Stanley
Q4-19,2018-06-28,6.25,11-30-2019,Morgan Stanley
Q4-19,2018-07-19,6.25,11-30-2019,Morgan Stanley
Q4-19,2018-09-06,6.25,11-30-2019,Morgan Stanley
Q4-19,2018-09-13,6.25,11-30-2019,Morgan Stanley
Q4-19,2018-09-21,6.25,11-30-2019,Morgan Stanley
Q4-19,2018-11-02,6.25,11-30-2019,Morgan Stanley
Q4-19,2018-11-26,6.85,11-30-2019,Morgan Stanley
Q4-19,2019-01-03,6.85,11-30-2019,Morgan Stanley
Q4-19,2019-02-11,6.85,11-30-2019,Morgan Stanley
Q4-19,2019-02-12,6.55,11-30-2019,Morgan Stanley
Q4-19,2019-03-27,6.85,11-30-2019,Morgan Stanley
Q4-19,2019-05-13,6.6,11-30-2019,Morgan Stanley
Q4-19,2019-05-31,6.6,11-30-2019,Morgan Stanley
Q4-19,2019-06-05,6.85,11-30-2019,Morgan Stanley
Q4-19,2019-08-30,7.3,11-30-2019,Morgan Stanley
Q4-19,2019-10-09,7.3,11-30-2019,Morgan Stanley
Q4-19,2019-11-18,6.98,11-30-2019,Morgan Stanley
Q3-20,2019-10-09,7.2,11-30-2019,Morgan Stanley
Q3-20,2019-11-18,6.83,11-30-2019,Morgan Stanley
Q2-20,2019-06-05,6.75,11-30-2019,Morgan Stanley
Q2-20,2019-08-30,7.24,11-30-2019,Morgan Stanley
Q2-20,2019-10-09,7.24,11-30-2019,Morgan Stanley
Q2-20,2019-11-18,6.8,11-30-2019,Morgan Stanley
Q1-20,2019-03-27,6.81,11-30-2019,Morgan Stanley
Q1-20,2019-05-13,6.54,11-30-2019,Morgan Stanley
Q1-20,2019-05-31,6.54,11-30-2019,Morgan Stanley
Q1-20,2019-06-05,6.81,11-30-2019,Morgan Stanley
Q1-20,2019-08-30,7.26,11-30-2019,Morgan Stanley
Q1-20,2019-10-09,7.26,11-30-2019,Morgan Stanley
Q1-20,2019-11-18,6.85,11-30-2019,Morgan Stanley
Q3-19,2018-09-06,6.32,08-31-2019,Morgan Stanley
Q3-19,2018-09-13,6.32,08-31-2019,Morgan Stanley
Q3-19,2018-09-21,6.32,08-31-2019,Morgan Stanley
Q3-19,2018-11-02,6.32,08-31-2019,Morgan Stanley
Q3-19,2018-11-26,6.92,08-31-2019,Morgan Stanley
Q3-19,2019-01-03,6.92,08-31-2019,Morgan Stanley
Q3-19,2019-02-11,6.92,08-31-2019,Morgan Stanley
Q3-19,2019-02-12,6.57,08-31-2019,Morgan Stanley
Q3-19,2019-03-27,6.92,08-31-2019,Morgan Stanley
Q3-19,2019-05-13,6.72,08-31-2019,Morgan Stanley
Q3-19,2019-05-31,6.72,08-31-2019,Morgan Stanley
Q3-19,2019-06-05,6.92,08-31-2019,Morgan Stanley
Q3-19,2019-08-30,7.23,08-31-2019,Morgan Stanley
Q4-19,2017-11-27,6.5,08-31-2019,Morgan Stanley
Q4-19,2017-12-19,6.5,08-31-2019,Morgan Stanley
Q4-19,2018-02-23,6.15,08-31-2019,Morgan Stanley
Q4-19,2018-04-27,6.15,08-31-2019,Morgan Stanley
Q4-19,2018-05-14,6.1,08-31-2019,Morgan Stanley
Q4-19,2018-06-07,6.1,08-31-2019,Morgan Stanley
Q4-19,2018-06-15,6.1,08-31-2019,Morgan Stanley
Q4-19,2018-06-22,6.25,08-31-2019,Morgan Stanley
Q4-19,2018-06-28,6.25,08-31-2019,Morgan Stanley
Q4-19,2018-07-19,6.25,08-31-2019,Morgan Stanley
Q4-19,2018-09-06,6.25,08-31-2019,Morgan Stanley
Q4-19,2018-09-13,6.25,08-31-2019,Morgan Stanley
Q4-19,2018-09-21,6.25,08-31-2019,Morgan Stanley
Q4-19,2018-11-02,6.25,08-31-2019,Morgan Stanley
Q4-19,2018-11-26,6.85,08-31-2019,Morgan Stanley
Q4-19,2019-01-03,6.85,08-31-2019,Morgan Stanley
Q4-19,2019-02-11,6.85,08-31-2019,Morgan Stanley
Q4-19,2019-02-12,6.55,08-31-2019,Morgan Stanley
Q4-19,2019-03-27,6.85,08-31-2019,Morgan Stanley
Q4-19,2019-05-13,6.6,08-31-2019,Morgan Stanley
Q4-19,2019-05-31,6.6,08-31-2019,Morgan Stanley
Q4-19,2019-06-05,6.85,08-31-2019,Morgan Stanley
Q4-19,2019-08-30,7.3,08-31-2019,Morgan Stanley
Q1-20,2019-03-27,6.81,08-31-2019,Morgan Stanley
Q1-20,2019-05-13,6.54,08-31-2019,Morgan Stanley
Q1-20,2019-05-31,6.54,08-31-2019,Morgan Stanley
Q1-20,2019-06-05,6.81,08-31-2019,Morgan Stanley
Q1-20,2019-08-30,7.26,08-31-2019,Morgan Stanley
Q2-20,2019-06-05,6.75,08-31-2019,Morgan Stanley
Q2-20,2019-08-30,7.24,08-31-2019,Morgan Stanley
2020,2017-12-19,6.75,08-31-2019,Morgan Stanley
2020,2018-11-26,6.75,08-31-2019,Morgan Stanley
2020,2019-01-03,6.75,08-31-2019,Morgan Stanley
2020,2019-02-11,6.75,08-31-2019,Morgan Stanley
2020,2019-02-12,6.3,08-31-2019,Morgan Stanley
2020,2019-03-27,6.75,08-31-2019,Morgan Stanley
2020,2019-05-13,6.45,08-31-2019,Morgan Stanley
2020,2019-05-31,6.45,08-31-2019,Morgan Stanley
2020,2019-06-05,6.7,08-31-2019,Morgan Stanley
2020,2019-08-30,7.15,08-31-2019,Morgan Stanley
Q2-12,2010-12-13,6.01,05-31-2012,Morgan Stanley
Q2-12,2011-01-31,6.01,05-31-2012,Morgan Stanley
Q2-12,2011-03-03,6.01,05-31-2012,Morgan Stanley
Q2-12,2011-03-04,6.01,05-31-2012,Morgan Stanley
Q2-12,2011-03-07,6.01,05-31-2012,Morgan Stanley
Q2-12,2011-04-01,6.01,05-31-2012,Morgan Stanley
Q2-12,2011-04-28,6.01,05-31-2012,Morgan Stanley
Q2-12,2011-06-02,6.01,05-31-2012,Morgan Stanley
Q2-12,2011-08-18,6.11,05-31-2012,Morgan Stanley
Q2-12,2011-11-10,6.01,05-31-2012,Morgan Stanley
Q2-12,2011-11-28,6.17,05-31-2012,Morgan Stanley
Q2-12,2011-12-22,6.17,05-31-2012,Morgan Stanley
Q2-12,2012-02-03,6.17,05-31-2012,Morgan Stanley
Q2-12,2012-03-01,6.17,05-31-2012,Morgan Stanley
Q2-12,2012-04-05,6.17,05-31-2012,Morgan Stanley
Q2-12,2012-05-03,6.16,05-31-2012,Morgan Stanley
Q3-12,2010-12-13,5.92,05-31-2012,Morgan Stanley
Q3-12,2011-01-31,5.92,05-31-2012,Morgan Stanley
Q3-12,2011-03-03,5.92,05-31-2012,Morgan Stanley
Q3-12,2011-03-04,5.92,05-31-2012,Morgan Stanley
Q3-12,2011-03-07,5.92,05-31-2012,Morgan Stanley
Q3-12,2011-04-01,5.92,05-31-2012,Morgan Stanley
Q3-12,2011-04-28,5.92,05-31-2012,Morgan Stanley
Q3-12,2011-06-02,5.92,05-31-2012,Morgan Stanley
Q3-12,2011-08-18,6.01,05-31-2012,Morgan Stanley
Q3-12,2011-11-10,5.92,05-31-2012,Morgan Stanley
Q3-12,2011-11-28,6.09,05-31-2012,Morgan Stanley
Q3-12,2011-12-22,6.09,05-31-2012,Morgan Stanley
Q3-12,2012-02-03,6.09,05-31-2012,Morgan Stanley
Q3-12,2012-03-01,6.09,05-31-2012,Morgan Stanley
Q3-12,2012-04-05,6.09,05-31-2012,Morgan Stanley
Q3-12,2012-05-03,6.08,05-31-2012,Morgan Stanley
Q4-12,2010-06-04,6.2,05-31-2012,Morgan Stanley
Q4-12,2010-12-13,5.82,05-31-2012,Morgan Stanley
Q4-12,2011-01-31,5.82,05-31-2012,Morgan Stanley
Q4-12,2011-03-03,5.82,05-31-2012,Morgan Stanley
Q4-12,2011-03-04,5.82,05-31-2012,Morgan Stanley
Q4-12,2011-03-07,5.82,05-31-2012,Morgan Stanley
Q4-12,2011-04-01,5.82,05-31-2012,Morgan Stanley
Q4-12,2011-04-28,5.82,05-31-2012,Morgan Stanley
Q4-12,2011-06-02,5.82,05-31-2012,Morgan Stanley
Q4-12,2011-08-18,5.82,05-31-2012,Morgan Stanley
Q4-12,2011-11-10,5.82,05-31-2012,Morgan Stanley
Q4-12,2011-11-28,5.99,05-31-2012,Morgan Stanley
Q4-12,2011-12-22,5.99,05-31-2012,Morgan Stanley
Q4-12,2012-02-03,5.99,05-31-2012,Morgan Stanley
Q4-12,2012-03-01,5.99,05-31-2012,Morgan Stanley
Q4-12,2012-04-05,5.99,05-31-2012,Morgan Stanley
Q4-12,2012-05-03,6.0,05-31-2012,Morgan Stanley
Q1-13,2011-12-22,5.91,05-31-2012,Morgan Stanley
Q1-13,2012-02-03,5.91,05-31-2012,Morgan Stanley
Q1-13,2012-03-01,5.91,05-31-2012,Morgan Stanley
Q1-13,2012-04-05,5.91,05-31-2012,Morgan Stanley
Q1-13,2012-05-03,5.98,05-31-2012,Morgan Stanley
2013,2011-11-28,5.66,05-31-2012,Morgan Stanley
2013,2012-02-03,5.66,05-31-2012,Morgan Stanley
2013,2012-03-01,5.66,05-31-2012,Morgan Stanley
2013,2012-04-05,5.66,05-31-2012,Morgan Stanley
2013,2012-05-03,5.94,05-31-2012,Morgan Stanley
Q1-08,2007-03-16,7.1,02-28-2008,Morgan Stanley
Q1-08,2007-04-05,7.1,02-28-2008,Morgan Stanley
Q1-08,2007-05-04,7.1,02-28-2008,Morgan Stanley
Q1-08,2007-06-08,7.1,02-28-2008,Morgan Stanley
Q1-08,2007-06-22,7.1,02-28-2008,Morgan Stanley
Q1-08,2007-07-30,7.1,02-28-2008,Morgan Stanley
Q1-08,2007-08-23,7.1,02-28-2008,Morgan Stanley
Q1-08,2007-09-25,7.3,02-28-2008,Morgan Stanley
Q1-08,2007-10-12,7.35,02-28-2008,Morgan Stanley
Q1-08,2007-12-26,7.3,02-28-2008,Morgan Stanley
Q1-08,2008-02-21,7.3,02-28-2008,Morgan Stanley
Q2-08,2007-06-08,7.0,02-28-2008,Morgan Stanley
Q2-08,2007-06-22,7.0,02-28-2008,Morgan Stanley
Q2-08,2007-07-30,7.0,02-28-2008,Morgan Stanley
Q2-08,2007-08-23,7.0,02-28-2008,Morgan Stanley
Q2-08,2007-09-25,7.35,02-28-2008,Morgan Stanley
Q2-08,2007-10-12,7.3,02-28-2008,Morgan Stanley
Q2-08,2007-12-26,7.2,02-28-2008,Morgan Stanley
Q2-08,2008-02-21,7.2,02-28-2008,Morgan Stanley
Q3-08,2007-09-25,7.4,02-28-2008,Morgan Stanley
Q3-08,2007-10-12,7.25,02-28-2008,Morgan Stanley
Q3-08,2007-12-26,7.1,02-28-2008,Morgan Stanley
Q3-08,2008-02-21,7.1,02-28-2008,Morgan Stanley
Q4-08,2006-03-09,6.67,02-28-2008,Morgan Stanley
Q4-08,2006-03-23,6.67,02-28-2008,Morgan Stanley
Q4-08,2006-04-24,6.67,02-28-2008,Morgan Stanley
Q4-08,2006-05-25,6.67,02-28-2008,Morgan Stanley
Q4-08,2006-06-01,6.67,02-28-2008,Morgan Stanley
Q4-08,2006-06-07,6.67,02-28-2008,Morgan Stanley
Q4-08,2006-07-14,6.67,02-28-2008,Morgan Stanley
Q4-08,2006-07-19,6.67,02-28-2008,Morgan Stanley
Q4-08,2006-09-01,6.67,02-28-2008,Morgan Stanley
Q4-08,2006-09-07,6.67,02-28-2008,Morgan Stanley
Q4-08,2006-09-15,6.67,02-28-2008,Morgan Stanley
Q4-08,2006-11-08,7.14,02-28-2008,Morgan Stanley
Q4-08,2006-11-27,7.14,02-28-2008,Morgan Stanley
Q4-08,2007-01-03,7.4,02-28-2008,Morgan Stanley
Q4-08,2007-01-16,7.4,02-28-2008,Morgan Stanley
Q4-08,2007-02-09,7.25,02-28-2008,Morgan Stanley
Q4-08,2007-03-16,7.25,02-28-2008,Morgan Stanley
Q4-08,2007-04-05,7.25,02-28-2008,Morgan Stanley
Q4-08,2007-05-04,7.25,02-28-2008,Morgan Stanley
Q4-08,2007-06-08,7.25,02-28-2008,Morgan Stanley
Q4-08,2007-06-22,7.25,02-28-2008,Morgan Stanley
Q4-08,2007-07-30,7.25,02-28-2008,Morgan Stanley
Q4-08,2007-08-23,7.25,02-28-2008,Morgan Stanley
Q4-08,2007-09-25,7.3,02-28-2008,Morgan Stanley
Q4-08,2007-10-12,7.3,02-28-2008,Morgan Stanley
Q4-08,2007-12-26,6.95,02-28-2008,Morgan Stanley
Q4-08,2008-02-21,6.95,02-28-2008,Morgan Stanley
2009,2006-03-09,6.35,02-28-2008,Morgan Stanley
2009,2006-03-23,6.35,02-28-2008,Morgan Stanley
2009,2006-04-24,6.35,02-28-2008,Morgan Stanley
2009,2006-05-25,6.35,02-28-2008,Morgan Stanley
2009,2006-06-01,6.35,02-28-2008,Morgan Stanley
2009,2006-06-07,6.35,02-28-2008,Morgan Stanley
2009,2006-07-14,6.35,02-28-2008,Morgan Stanley
2009,2006-07-19,6.35,02-28-2008,Morgan Stanley
2009,2006-09-01,6.35,02-28-2008,Morgan Stanley
2009,2006-09-07,6.35,02-28-2008,Morgan Stanley
2009,2006-09-15,6.35,02-28-2008,Morgan Stanley
2009,2006-11-08,6.8,02-28-2008,Morgan Stanley
2009,2006-11-27,6.8,02-28-2008,Morgan Stanley
2009,2007-01-03,7.05,02-28-2008,Morgan Stanley
2009,2007-01-16,7.05,02-28-2008,Morgan Stanley
2009,2007-02-09,6.9,02-28-2008,Morgan Stanley
2009,2007-03-16,6.9,02-28-2008,Morgan Stanley
2009,2007-04-05,6.9,02-28-2008,Morgan Stanley
2009,2007-05-04,6.9,02-28-2008,Morgan Stanley
2009,2007-06-08,6.9,02-28-2008,Morgan Stanley
2009,2007-06-22,7.1,02-28-2008,Morgan Stanley
2009,2007-07-30,7.1,02-28-2008,Morgan Stanley
2009,2007-08-23,7.1,02-28-2008,Morgan Stanley
2009,2007-09-25,7.2,02-28-2008,Morgan Stanley
2009,2007-10-12,7.2,02-28-2008,Morgan Stanley
2009,2007-12-26,6.95,02-28-2008,Morgan Stanley
2009,2008-02-21,7.3,02-28-2008,Morgan Stanley
2010,2006-04-24,6.05,02-28-2008,Morgan Stanley
2010,2006-05-25,6.05,02-28-2008,Morgan Stanley
2010,2006-06-01,6.05,02-28-2008,Morgan Stanley
2010,2006-06-07,6.05,02-28-2008,Morgan Stanley
2010,2006-07-14,6.05,02-28-2008,Morgan Stanley
2010,2006-07-19,6.05,02-28-2008,Morgan Stanley
2010,2006-09-01,6.05,02-28-2008,Morgan Stanley
2010,2006-09-07,6.05,02-28-2008,Morgan Stanley
2010,2006-09-15,6.05,02-28-2008,Morgan Stanley
2010,2006-11-08,6.48,02-28-2008,Morgan Stanley
2010,2006-11-27,6.48,02-28-2008,Morgan Stanley
2010,2007-01-03,6.71,02-28-2008,Morgan Stanley
2010,2007-01-16,6.71,02-28-2008,Morgan Stanley
2010,2007-02-09,6.58,02-28-2008,Morgan Stanley
2010,2007-03-16,6.58,02-28-2008,Morgan Stanley
2010,2007-04-05,6.58,02-28-2008,Morgan Stanley
2010,2007-05-04,6.58,02-28-2008,Morgan Stanley
2010,2007-06-08,6.58,02-28-2008,Morgan Stanley
2010,2007-06-22,6.76,02-28-2008,Morgan Stanley
2010,2007-07-30,6.76,02-28-2008,Morgan Stanley
2010,2007-08-23,6.76,02-28-2008,Morgan Stanley
2010,2007-09-25,6.9,02-28-2008,Morgan Stanley
2010,2007-10-12,6.9,02-28-2008,Morgan Stanley
2010,2007-12-26,6.4,02-28-2008,Morgan Stanley
2010,2008-02-21,6.95,02-28-2008,Morgan Stanley
2011,2006-04-24,5.76,02-28-2008,Morgan Stanley
2011,2006-05-25,5.76,02-28-2008,Morgan Stanley
2011,2006-06-01,5.76,02-28-2008,Morgan Stanley
2011,2006-06-07,5.76,02-28-2008,Morgan Stanley
2011,2006-07-14,5.76,02-28-2008,Morgan Stanley
2011,2006-07-19,5.76,02-28-2008,Morgan Stanley
2011,2006-09-01,5.76,02-28-2008,Morgan Stanley
2011,2006-09-07,5.76,02-28-2008,Morgan Stanley
2011,2006-09-15,5.76,02-28-2008,Morgan Stanley
2011,2006-11-08,6.17,02-28-2008,Morgan Stanley
2011,2006-11-27,6.17,02-28-2008,Morgan Stanley
2011,2007-01-03,6.39,02-28-2008,Morgan Stanley
2011,2007-01-16,6.39,02-28-2008,Morgan Stanley
2011,2007-02-09,6.26,02-28-2008,Morgan Stanley
2011,2007-03-16,6.26,02-28-2008,Morgan Stanley
2011,2007-04-05,6.26,02-28-2008,Morgan Stanley
2011,2007-05-04,6.26,02-28-2008,Morgan Stanley
2011,2007-06-08,6.26,02-28-2008,Morgan Stanley
2011,2007-06-22,6.44,02-28-2008,Morgan Stanley
2011,2007-07-30,6.44,02-28-2008,Morgan Stanley
2011,2007-08-23,6.44,02-28-2008,Morgan Stanley
2011,2007-09-25,6.57,02-28-2008,Morgan Stanley
2011,2007-10-12,6.57,02-28-2008,Morgan Stanley
2011,2007-12-26,6.1,02-28-2008,Morgan Stanley
2011,2008-02-21,6.4,02-28-2008,Morgan Stanley
2012,2007-01-03,6.09,02-28-2008,Morgan Stanley
2012,2007-01-16,6.09,02-28-2008,Morgan Stanley
2012,2007-02-09,5.96,02-28-2008,Morgan Stanley
2012,2007-03-16,5.96,02-28-2008,Morgan Stanley
2012,2007-04-05,5.96,02-28-2008,Morgan Stanley
2012,2007-05-04,5.96,02-28-2008,Morgan Stanley
2012,2007-06-08,5.96,02-28-2008,Morgan Stanley
2012,2007-06-22,6.13,02-28-2008,Morgan Stanley
2012,2007-07-30,6.13,02-28-2008,Morgan Stanley
2012,2007-08-23,6.13,02-28-2008,Morgan Stanley
2012,2007-09-25,6.26,02-28-2008,Morgan Stanley
2012,2007-10-12,6.26,02-28-2008,Morgan Stanley
2012,2007-12-26,5.8,02-28-2008,Morgan Stanley
2012,2008-02-21,6.1,02-28-2008,Morgan Stanley
Q4-15,2014-01-09,5.74,11-30-2015,Morgan Stanley
Q4-15,2014-02-07,5.74,11-30-2015,Morgan Stanley
Q4-15,2014-03-06,5.74,11-30-2015,Morgan Stanley
Q4-15,2014-03-17,5.74,11-30-2015,Morgan Stanley
Q4-15,2014-03-20,5.74,11-30-2015,Morgan Stanley
Q4-15,2014-05-06,5.74,11-30-2015,Morgan Stanley
Q4-15,2014-06-06,6.09,11-30-2015,Morgan Stanley
Q4-15,2014-07-17,6.09,11-30-2015,Morgan Stanley
Q4-15,2014-07-18,6.09,11-30-2015,Morgan Stanley
Q4-15,2014-08-26,6.09,11-30-2015,Morgan Stanley
Q4-15,2014-09-08,6.09,11-30-2015,Morgan Stanley
Q4-15,2014-10-03,6.09,11-30-2015,Morgan Stanley
Q4-15,2014-11-07,6.09,11-30-2015,Morgan Stanley
Q4-15,2014-12-01,6.09,11-30-2015,Morgan Stanley
Q4-15,2015-01-23,6.09,11-30-2015,Morgan Stanley
Q4-15,2015-02-06,6.09,11-30-2015,Morgan Stanley
Q4-15,2015-03-23,6.09,11-30-2015,Morgan Stanley
Q4-15,2015-04-12,6.09,11-30-2015,Morgan Stanley
Q4-15,2015-04-13,6.09,11-30-2015,Morgan Stanley
Q4-15,2015-07-09,6.09,11-30-2015,Morgan Stanley
Q4-15,2015-08-17,6.6,11-30-2015,Morgan Stanley
Q4-15,2015-09-02,6.6,11-30-2015,Morgan Stanley
Q4-15,2015-09-14,6.6,11-30-2015,Morgan Stanley
Q4-15,2015-11-02,6.6,11-30-2015,Morgan Stanley
Q4-15,2015-11-09,6.6,11-30-2015,Morgan Stanley
Q1-16,2014-09-08,6.1,11-30-2015,Morgan Stanley
Q1-16,2014-10-03,6.1,11-30-2015,Morgan Stanley
Q1-16,2014-11-07,6.1,11-30-2015,Morgan Stanley
Q1-16,2014-12-01,6.14,11-30-2015,Morgan Stanley
Q1-16,2015-01-23,6.14,11-30-2015,Morgan Stanley
Q1-16,2015-02-06,6.14,11-30-2015,Morgan Stanley
Q1-16,2015-03-23,6.14,11-30-2015,Morgan Stanley
Q1-16,2015-04-12,6.14,11-30-2015,Morgan Stanley
Q1-16,2015-04-13,6.14,11-30-2015,Morgan Stanley
Q1-16,2015-07-09,6.14,11-30-2015,Morgan Stanley
Q1-16,2015-08-17,6.69,11-30-2015,Morgan Stanley
Q1-16,2015-09-02,6.69,11-30-2015,Morgan Stanley
Q1-16,2015-09-14,6.69,11-30-2015,Morgan Stanley
Q1-16,2015-11-02,6.69,11-30-2015,Morgan Stanley
Q1-16,2015-11-09,6.69,11-30-2015,Morgan Stanley
Q2-16,2014-09-08,6.09,11-30-2015,Morgan Stanley
Q2-16,2014-10-03,6.09,11-30-2015,Morgan Stanley
Q2-16,2014-11-07,6.09,11-30-2015,Morgan Stanley
Q2-16,2014-12-01,6.09,11-30-2015,Morgan Stanley
Q2-16,2015-01-23,6.09,11-30-2015,Morgan Stanley
Q2-16,2015-02-06,6.09,11-30-2015,Morgan Stanley
Q2-16,2015-03-23,6.09,11-30-2015,Morgan Stanley
Q2-16,2015-04-12,6.09,11-30-2015,Morgan Stanley
Q2-16,2015-04-13,6.09,11-30-2015,Morgan Stanley
Q2-16,2015-07-09,6.09,11-30-2015,Morgan Stanley
Q2-16,2015-08-17,6.77,11-30-2015,Morgan Stanley
Q2-16,2015-09-02,6.77,11-30-2015,Morgan Stanley
Q2-16,2015-09-14,6.77,11-30-2015,Morgan Stanley
Q2-16,2015-11-02,6.77,11-30-2015,Morgan Stanley
Q2-16,2015-11-09,6.77,11-30-2015,Morgan Stanley
Q3-16,2014-12-01,6.07,11-30-2015,Morgan Stanley
Q3-16,2015-01-23,6.07,11-30-2015,Morgan Stanley
Q3-16,2015-02-06,6.07,11-30-2015,Morgan Stanley
Q3-16,2015-03-23,6.07,11-30-2015,Morgan Stanley
Q3-16,2015-04-12,6.07,11-30-2015,Morgan Stanley
Q3-16,2015-04-13,6.07,11-30-2015,Morgan Stanley
Q3-16,2015-07-09,6.07,11-30-2015,Morgan Stanley
Q3-16,2015-08-17,6.85,11-30-2015,Morgan Stanley
Q3-16,2015-09-02,6.85,11-30-2015,Morgan Stanley
Q3-16,2015-09-14,6.85,11-30-2015,Morgan Stanley
Q3-16,2015-11-02,6.85,11-30-2015,Morgan Stanley
Q3-16,2015-11-09,6.85,11-30-2015,Morgan Stanley
2016,2014-12-01,6.07,11-30-2015,Morgan Stanley
2016,2015-01-23,6.07,11-30-2015,Morgan Stanley
2016,2015-02-06,6.07,11-30-2015,Morgan Stanley
2016,2015-03-23,6.07,11-30-2015,Morgan Stanley
2016,2015-04-12,6.07,11-30-2015,Morgan Stanley
2016,2015-04-13,6.07,11-30-2015,Morgan Stanley
2016,2015-07-09,6.07,11-30-2015,Morgan Stanley
2016,2015-08-17,6.91,11-30-2015,Morgan Stanley
2016,2015-09-02,6.91,11-30-2015,Morgan Stanley
2016,2015-09-14,6.91,11-30-2015,Morgan Stanley
2016,2015-11-02,6.91,11-30-2015,Morgan Stanley
2016,2015-11-09,6.91,11-30-2015,Morgan Stanley
