period,change_date,change,file,company
Q2-11,2011-03-22,6.4,05-31-2011,Nomura Bank International
Q2-11,2011-04-04,6.4,05-31-2011,Nomura Bank International
Q2-11,2011-05-05,6.4,05-31-2011,Nomura Bank International
Q2-11,2011-05-23,6.4,05-31-2011,Nomura Bank International
Q3-11,2011-03-22,6.32,05-31-2011,Nomura Bank International
Q3-11,2011-04-04,6.32,05-31-2011,Nomura Bank International
Q3-11,2011-05-05,6.32,05-31-2011,Nomura Bank International
Q3-11,2011-05-23,6.32,05-31-2011,Nomura Bank International
Q4-11,2009-11-30,6.1,05-31-2011,Nomura Bank International
Q4-11,2010-04-07,6.1,05-31-2011,Nomura Bank International
Q4-11,2010-05-20,6.1,05-31-2011,Nomura Bank International
Q4-11,2011-03-22,6.22,05-31-2011,Nomura Bank International
Q4-11,2011-04-04,6.22,05-31-2011,Nomura Bank International
Q4-11,2011-05-05,6.22,05-31-2011,Nomura Bank International
Q4-11,2011-05-23,6.22,05-31-2011,Nomura Bank International
Q1-12,2011-03-22,6.14,05-31-2011,Nomura Bank International
Q1-12,2011-04-04,6.14,05-31-2011,Nomura Bank International
Q1-12,2011-05-05,6.14,05-31-2011,Nomura Bank International
Q1-12,2011-05-23,6.14,05-31-2011,Nomura Bank International
2012,2010-05-20,5.9,05-31-2011,Nomura Bank International
2012,2011-03-22,5.9,05-31-2011,Nomura Bank International
2012,2011-04-04,5.9,05-31-2011,Nomura Bank International
2012,2011-05-05,5.9,05-31-2011,Nomura Bank International
2012,2011-05-23,5.9,05-31-2011,Nomura Bank International
Q3-20,2019-12-10,7.08,08-31-2020,Nomura Bank International
Q3-20,2019-12-12,7.08,08-31-2020,Nomura Bank International
Q3-20,2019-12-13,7.08,08-31-2020,Nomura Bank International
Q3-20,2020-01-09,7.08,08-31-2020,Nomura Bank International
Q3-20,2020-01-10,7.08,08-31-2020,Nomura Bank International
Q3-20,2020-02-20,7.03,08-31-2020,Nomura Bank International
Q3-20,2020-02-28,7.03,08-31-2020,Nomura Bank International
Q3-20,2020-03-09,7.03,08-31-2020,Nomura Bank International
Q3-20,2020-03-10,7.03,08-31-2020,Nomura Bank International
Q3-20,2020-03-26,7.03,08-31-2020,Nomura Bank International
Q3-20,2020-04-09,7.16,08-31-2020,Nomura Bank International
Q3-20,2020-05-07,7.16,08-31-2020,Nomura Bank International
Q3-20,2020-06-05,7.16,08-31-2020,Nomura Bank International
Q3-20,2020-06-12,7.16,08-31-2020,Nomura Bank International
Q3-20,2020-06-16,7.16,08-31-2020,Nomura Bank International
Q3-20,2020-06-19,7.16,08-31-2020,Nomura Bank International
Q3-20,2020-06-25,7.18,08-31-2020,Nomura Bank International
Q3-20,2020-06-26,7.18,08-31-2020,Nomura Bank International
Q3-20,2020-07-15,7.18,08-31-2020,Nomura Bank International
Q3-20,2020-07-16,7.18,08-31-2020,Nomura Bank International
Q3-20,2020-07-30,7.18,08-31-2020,Nomura Bank International
Q3-20,2020-08-07,7.03,08-31-2020,Nomura Bank International
Q4-20,2018-11-08,7.28,08-31-2020,Nomura Bank International
Q4-20,2018-11-30,7.28,08-31-2020,Nomura Bank International
Q4-20,2019-11-27,7.28,08-31-2020,Nomura Bank International
Q4-20,2019-12-10,7.15,08-31-2020,Nomura Bank International
Q4-20,2019-12-12,7.15,08-31-2020,Nomura Bank International
Q4-20,2019-12-13,7.15,08-31-2020,Nomura Bank International
Q4-20,2020-01-09,7.15,08-31-2020,Nomura Bank International
Q4-20,2020-01-10,7.15,08-31-2020,Nomura Bank International
Q4-20,2020-02-20,7.1,08-31-2020,Nomura Bank International
Q4-20,2020-02-28,7.1,08-31-2020,Nomura Bank International
Q4-20,2020-03-09,7.1,08-31-2020,Nomura Bank International
Q4-20,2020-03-10,7.1,08-31-2020,Nomura Bank International
Q4-20,2020-03-26,7.1,08-31-2020,Nomura Bank International
Q4-20,2020-04-09,7.18,08-31-2020,Nomura Bank International
Q4-20,2020-05-07,7.18,08-31-2020,Nomura Bank International
Q4-20,2020-06-05,7.18,08-31-2020,Nomura Bank International
Q4-20,2020-06-12,7.18,08-31-2020,Nomura Bank International
Q4-20,2020-06-16,7.18,08-31-2020,Nomura Bank International
Q4-20,2020-06-19,7.18,08-31-2020,Nomura Bank International
Q4-20,2020-06-25,7.2,08-31-2020,Nomura Bank International
Q4-20,2020-06-26,7.2,08-31-2020,Nomura Bank International
Q4-20,2020-07-15,7.2,08-31-2020,Nomura Bank International
Q4-20,2020-07-16,7.2,08-31-2020,Nomura Bank International
Q4-20,2020-07-30,7.2,08-31-2020,Nomura Bank International
Q4-20,2020-08-07,7.05,08-31-2020,Nomura Bank International
Q1-21,2020-05-07,7.19,08-31-2020,Nomura Bank International
Q1-21,2020-06-05,7.19,08-31-2020,Nomura Bank International
Q1-21,2020-06-12,7.19,08-31-2020,Nomura Bank International
Q1-21,2020-06-16,7.19,08-31-2020,Nomura Bank International
Q1-21,2020-06-19,7.19,08-31-2020,Nomura Bank International
Q1-21,2020-06-25,7.2,08-31-2020,Nomura Bank International
Q1-21,2020-06-26,7.2,08-31-2020,Nomura Bank International
Q1-21,2020-07-15,7.2,08-31-2020,Nomura Bank International
Q1-21,2020-07-16,7.2,08-31-2020,Nomura Bank International
Q1-21,2020-07-30,7.2,08-31-2020,Nomura Bank International
Q1-21,2020-08-07,7.08,08-31-2020,Nomura Bank International
2021,2018-11-08,7.25,08-31-2020,Nomura Bank International
2021,2018-11-30,7.25,08-31-2020,Nomura Bank International
2021,2019-12-10,7.25,08-31-2020,Nomura Bank International
2021,2019-12-12,7.25,08-31-2020,Nomura Bank International
2021,2019-12-13,7.25,08-31-2020,Nomura Bank International
2021,2020-01-09,7.25,08-31-2020,Nomura Bank International
2021,2020-01-10,7.25,08-31-2020,Nomura Bank International
2021,2020-02-28,7.2,08-31-2020,Nomura Bank International
2021,2020-03-09,7.2,08-31-2020,Nomura Bank International
2021,2020-03-10,7.2,08-31-2020,Nomura Bank International
2021,2020-03-26,7.2,08-31-2020,Nomura Bank International
2021,2020-04-09,7.2,08-31-2020,Nomura Bank International
2021,2020-05-07,7.2,08-31-2020,Nomura Bank International
2021,2020-06-05,7.2,08-31-2020,Nomura Bank International
2021,2020-06-12,7.2,08-31-2020,Nomura Bank International
2021,2020-06-16,7.2,08-31-2020,Nomura Bank International
2021,2020-06-19,7.2,08-31-2020,Nomura Bank International
2021,2020-06-25,7.2,08-31-2020,Nomura Bank International
2021,2020-06-26,7.2,08-31-2020,Nomura Bank International
2021,2020-07-15,7.2,08-31-2020,Nomura Bank International
2021,2020-07-16,7.2,08-31-2020,Nomura Bank International
2021,2020-07-30,7.2,08-31-2020,Nomura Bank International
2021,2020-08-07,7.15,08-31-2020,Nomura Bank International
Q4-16,2015-01-05,6.1,11-30-2016,Nomura Bank International
Q4-16,2015-03-02,6.1,11-30-2016,Nomura Bank International
Q4-16,2015-04-08,6.16,11-30-2016,Nomura Bank International
Q4-16,2015-05-27,6.16,11-30-2016,Nomura Bank International
Q4-16,2015-07-23,6.14,11-30-2016,Nomura Bank International
Q4-16,2015-10-02,6.6,11-30-2016,Nomura Bank International
Q4-16,2015-11-04,6.75,11-30-2016,Nomura Bank International
Q4-16,2015-11-30,6.75,11-30-2016,Nomura Bank International
Q4-16,2016-01-04,6.8,11-30-2016,Nomura Bank International
Q4-16,2016-01-14,6.9,11-30-2016,Nomura Bank International
Q4-16,2016-02-15,6.9,11-30-2016,Nomura Bank International
Q4-16,2016-03-03,6.9,11-30-2016,Nomura Bank International
Q4-16,2016-03-30,6.8,11-30-2016,Nomura Bank International
Q4-16,2016-05-18,6.8,11-30-2016,Nomura Bank International
Q4-16,2016-07-08,6.94,11-30-2016,Nomura Bank International
Q4-16,2016-08-10,6.94,11-30-2016,Nomura Bank International
Q1-17,2016-03-03,6.9,11-30-2016,Nomura Bank International
Q1-17,2016-03-30,6.8,11-30-2016,Nomura Bank International
Q1-17,2016-05-18,6.8,11-30-2016,Nomura Bank International
Q1-17,2016-07-08,6.99,11-30-2016,Nomura Bank International
Q1-17,2016-08-10,6.99,11-30-2016,Nomura Bank International
Q2-17,2016-07-08,7.05,11-30-2016,Nomura Bank International
Q2-17,2016-08-10,7.05,11-30-2016,Nomura Bank International
2017,2016-01-04,6.79,11-30-2016,Nomura Bank International
2017,2016-01-14,6.89,11-30-2016,Nomura Bank International
2017,2016-02-15,6.89,11-30-2016,Nomura Bank International
2017,2016-03-03,6.89,11-30-2016,Nomura Bank International
2017,2016-03-30,6.79,11-30-2016,Nomura Bank International
2017,2016-05-18,6.79,11-30-2016,Nomura Bank International
2017,2016-07-08,7.15,11-30-2016,Nomura Bank International
2017,2016-08-10,7.15,11-30-2016,Nomura Bank International
Q1-11,2010-04-07,6.36,02-28-2011,Nomura Bank International
Q1-11,2010-05-20,6.36,02-28-2011,Nomura Bank International
Q4-11,2009-11-30,6.1,02-28-2011,Nomura Bank International
Q4-11,2010-04-07,6.1,02-28-2011,Nomura Bank International
Q4-11,2010-05-20,6.1,02-28-2011,Nomura Bank International
Q3-16,2015-10-02,6.55,08-31-2016,Nomura Bank International
Q3-16,2015-11-04,6.75,08-31-2016,Nomura Bank International
Q3-16,2015-11-30,6.75,08-31-2016,Nomura Bank International
Q3-16,2016-01-04,6.72,08-31-2016,Nomura Bank International
Q3-16,2016-01-14,6.95,08-31-2016,Nomura Bank International
Q3-16,2016-02-15,6.95,08-31-2016,Nomura Bank International
Q3-16,2016-03-03,6.95,08-31-2016,Nomura Bank International
Q3-16,2016-03-30,6.75,08-31-2016,Nomura Bank International
Q3-16,2016-05-18,6.75,08-31-2016,Nomura Bank International
Q3-16,2016-07-08,6.8,08-31-2016,Nomura Bank International
Q3-16,2016-08-10,6.8,08-31-2016,Nomura Bank International
Q4-16,2015-01-05,6.1,08-31-2016,Nomura Bank International
Q4-16,2015-03-02,6.1,08-31-2016,Nomura Bank International
Q4-16,2015-04-08,6.16,08-31-2016,Nomura Bank International
Q4-16,2015-05-27,6.16,08-31-2016,Nomura Bank International
Q4-16,2015-07-23,6.14,08-31-2016,Nomura Bank International
Q4-16,2015-10-02,6.6,08-31-2016,Nomura Bank International
Q4-16,2015-11-04,6.75,08-31-2016,Nomura Bank International
Q4-16,2015-11-30,6.75,08-31-2016,Nomura Bank International
Q4-16,2016-01-04,6.8,08-31-2016,Nomura Bank International
Q4-16,2016-01-14,6.9,08-31-2016,Nomura Bank International
Q4-16,2016-02-15,6.9,08-31-2016,Nomura Bank International
Q4-16,2016-03-03,6.9,08-31-2016,Nomura Bank International
Q4-16,2016-03-30,6.8,08-31-2016,Nomura Bank International
Q4-16,2016-05-18,6.8,08-31-2016,Nomura Bank International
Q4-16,2016-07-08,6.94,08-31-2016,Nomura Bank International
Q4-16,2016-08-10,6.94,08-31-2016,Nomura Bank International
Q1-17,2016-03-03,6.9,08-31-2016,Nomura Bank International
Q1-17,2016-03-30,6.8,08-31-2016,Nomura Bank International
Q1-17,2016-05-18,6.8,08-31-2016,Nomura Bank International
Q1-17,2016-07-08,6.99,08-31-2016,Nomura Bank International
Q1-17,2016-08-10,6.99,08-31-2016,Nomura Bank International
Q2-17,2016-07-08,7.05,08-31-2016,Nomura Bank International
Q2-17,2016-08-10,7.05,08-31-2016,Nomura Bank International
2017,2016-01-04,6.79,08-31-2016,Nomura Bank International
2017,2016-01-14,6.89,08-31-2016,Nomura Bank International
2017,2016-02-15,6.89,08-31-2016,Nomura Bank International
2017,2016-03-03,6.89,08-31-2016,Nomura Bank International
2017,2016-03-30,6.79,08-31-2016,Nomura Bank International
2017,2016-05-18,6.79,08-31-2016,Nomura Bank International
2017,2016-07-08,7.15,08-31-2016,Nomura Bank International
2017,2016-08-10,7.15,08-31-2016,Nomura Bank International
Q4-20,2018-11-30,7.28,11-30-2020,Nomura Bank International
Q4-20,2019-11-27,7.28,11-30-2020,Nomura Bank International
Q4-20,2019-12-10,7.15,11-30-2020,Nomura Bank International
Q4-20,2019-12-12,7.15,11-30-2020,Nomura Bank International
Q4-20,2019-12-13,7.15,11-30-2020,Nomura Bank International
Q4-20,2020-01-09,7.15,11-30-2020,Nomura Bank International
Q4-20,2020-01-10,7.15,11-30-2020,Nomura Bank International
Q4-20,2020-02-20,7.1,11-30-2020,Nomura Bank International
Q4-20,2020-02-28,7.1,11-30-2020,Nomura Bank International
Q4-20,2020-03-09,7.1,11-30-2020,Nomura Bank International
Q4-20,2020-03-10,7.1,11-30-2020,Nomura Bank International
Q4-20,2020-03-26,7.1,11-30-2020,Nomura Bank International
Q4-20,2020-04-09,7.18,11-30-2020,Nomura Bank International
Q4-20,2020-05-07,7.18,11-30-2020,Nomura Bank International
Q4-20,2020-06-05,7.18,11-30-2020,Nomura Bank International
Q4-20,2020-06-12,7.18,11-30-2020,Nomura Bank International
Q4-20,2020-06-16,7.18,11-30-2020,Nomura Bank International
Q4-20,2020-06-19,7.18,11-30-2020,Nomura Bank International
Q4-20,2020-06-25,7.2,11-30-2020,Nomura Bank International
Q4-20,2020-06-26,7.2,11-30-2020,Nomura Bank International
Q4-20,2020-07-15,7.2,11-30-2020,Nomura Bank International
Q4-20,2020-07-16,7.2,11-30-2020,Nomura Bank International
Q4-20,2020-07-30,7.2,11-30-2020,Nomura Bank International
Q4-20,2020-08-07,7.05,11-30-2020,Nomura Bank International
Q4-20,2020-09-03,6.7,11-30-2020,Nomura Bank International
Q4-20,2020-09-04,6.7,11-30-2020,Nomura Bank International
Q4-20,2020-09-18,6.7,11-30-2020,Nomura Bank International
Q4-20,2020-09-25,6.7,11-30-2020,Nomura Bank International
Q4-20,2020-10-01,6.7,11-30-2020,Nomura Bank International
Q4-20,2020-10-02,6.7,11-30-2020,Nomura Bank International
Q4-20,2020-10-12,6.7,11-30-2020,Nomura Bank International
Q4-20,2020-10-16,6.7,11-30-2020,Nomura Bank International
Q4-20,2020-10-29,6.55,11-30-2020,Nomura Bank International
Q4-20,2020-10-30,6.55,11-30-2020,Nomura Bank International
Q4-20,2020-11-06,6.55,11-30-2020,Nomura Bank International
Q4-20,2020-11-09,6.55,11-30-2020,Nomura Bank International
Q1-21,2020-05-07,7.19,11-30-2020,Nomura Bank International
Q1-21,2020-06-05,7.19,11-30-2020,Nomura Bank International
Q1-21,2020-06-12,7.19,11-30-2020,Nomura Bank International
Q1-21,2020-06-16,7.19,11-30-2020,Nomura Bank International
Q1-21,2020-06-19,7.19,11-30-2020,Nomura Bank International
Q1-21,2020-06-25,7.2,11-30-2020,Nomura Bank International
Q1-21,2020-06-26,7.2,11-30-2020,Nomura Bank International
Q1-21,2020-07-15,7.2,11-30-2020,Nomura Bank International
Q1-21,2020-07-16,7.2,11-30-2020,Nomura Bank International
Q1-21,2020-07-30,7.2,11-30-2020,Nomura Bank International
Q1-21,2020-08-07,7.08,11-30-2020,Nomura Bank International
Q1-21,2020-09-03,6.65,11-30-2020,Nomura Bank International
Q1-21,2020-09-04,6.65,11-30-2020,Nomura Bank International
Q1-21,2020-09-18,6.65,11-30-2020,Nomura Bank International
Q1-21,2020-09-25,6.65,11-30-2020,Nomura Bank International
Q1-21,2020-10-01,6.65,11-30-2020,Nomura Bank International
Q1-21,2020-10-02,6.65,11-30-2020,Nomura Bank International
Q1-21,2020-10-12,6.65,11-30-2020,Nomura Bank International
Q1-21,2020-10-16,6.65,11-30-2020,Nomura Bank International
Q1-21,2020-10-29,6.4,11-30-2020,Nomura Bank International
Q1-21,2020-10-30,6.4,11-30-2020,Nomura Bank International
Q1-21,2020-11-06,6.4,11-30-2020,Nomura Bank International
Q1-21,2020-11-09,6.4,11-30-2020,Nomura Bank International
Q2-21,2020-06-12,6.65,11-30-2020,Nomura Bank International
Q2-21,2020-06-16,6.65,11-30-2020,Nomura Bank International
Q2-21,2020-06-26,6.65,11-30-2020,Nomura Bank International
Q2-21,2020-09-03,6.65,11-30-2020,Nomura Bank International
Q2-21,2020-10-01,6.65,11-30-2020,Nomura Bank International
Q2-21,2020-10-02,6.65,11-30-2020,Nomura Bank International
Q2-21,2020-10-12,6.65,11-30-2020,Nomura Bank International
Q2-21,2020-10-16,6.65,11-30-2020,Nomura Bank International
Q2-21,2020-10-29,6.3,11-30-2020,Nomura Bank International
Q2-21,2020-10-30,6.3,11-30-2020,Nomura Bank International
Q2-21,2020-11-06,6.3,11-30-2020,Nomura Bank International
Q2-21,2020-11-09,6.3,11-30-2020,Nomura Bank International
Q3-21,2020-06-12,6.65,11-30-2020,Nomura Bank International
Q3-21,2020-06-16,6.65,11-30-2020,Nomura Bank International
Q3-21,2020-06-26,6.65,11-30-2020,Nomura Bank International
Q3-21,2020-09-03,6.65,11-30-2020,Nomura Bank International
Q3-21,2020-10-01,6.65,11-30-2020,Nomura Bank International
Q3-21,2020-10-02,6.65,11-30-2020,Nomura Bank International
Q3-21,2020-10-12,6.65,11-30-2020,Nomura Bank International
Q3-21,2020-10-16,6.65,11-30-2020,Nomura Bank International
Q3-21,2020-10-29,6.5,11-30-2020,Nomura Bank International
Q3-21,2020-10-30,6.5,11-30-2020,Nomura Bank International
Q3-21,2020-11-06,6.5,11-30-2020,Nomura Bank International
Q3-21,2020-11-09,6.5,11-30-2020,Nomura Bank International
2021,2018-11-30,7.25,11-30-2020,Nomura Bank International
2021,2019-12-10,7.25,11-30-2020,Nomura Bank International
2021,2019-12-12,7.25,11-30-2020,Nomura Bank International
2021,2019-12-13,7.25,11-30-2020,Nomura Bank International
2021,2020-01-09,7.25,11-30-2020,Nomura Bank International
2021,2020-01-10,7.25,11-30-2020,Nomura Bank International
2021,2020-02-28,7.2,11-30-2020,Nomura Bank International
2021,2020-03-09,7.2,11-30-2020,Nomura Bank International
2021,2020-03-10,7.2,11-30-2020,Nomura Bank International
2021,2020-03-26,7.2,11-30-2020,Nomura Bank International
2021,2020-04-09,7.2,11-30-2020,Nomura Bank International
2021,2020-05-07,7.2,11-30-2020,Nomura Bank International
2021,2020-06-05,7.2,11-30-2020,Nomura Bank International
2021,2020-06-12,7.2,11-30-2020,Nomura Bank International
2021,2020-06-16,7.2,11-30-2020,Nomura Bank International
2021,2020-06-19,7.2,11-30-2020,Nomura Bank International
2021,2020-06-25,7.2,11-30-2020,Nomura Bank International
2021,2020-06-26,7.2,11-30-2020,Nomura Bank International
2021,2020-07-15,7.2,11-30-2020,Nomura Bank International
2021,2020-07-16,7.2,11-30-2020,Nomura Bank International
2021,2020-07-30,7.2,11-30-2020,Nomura Bank International
2021,2020-08-07,7.15,11-30-2020,Nomura Bank International
2021,2020-09-03,6.7,11-30-2020,Nomura Bank International
2021,2020-09-04,6.7,11-30-2020,Nomura Bank International
2021,2020-09-18,6.7,11-30-2020,Nomura Bank International
2021,2020-09-25,6.7,11-30-2020,Nomura Bank International
2021,2020-10-01,6.7,11-30-2020,Nomura Bank International
2021,2020-10-02,6.7,11-30-2020,Nomura Bank International
2021,2020-10-12,6.7,11-30-2020,Nomura Bank International
2021,2020-10-16,6.7,11-30-2020,Nomura Bank International
2021,2020-10-29,6.7,11-30-2020,Nomura Bank International
2021,2020-10-30,6.7,11-30-2020,Nomura Bank International
2021,2020-11-06,6.7,11-30-2020,Nomura Bank International
2021,2020-11-09,6.7,11-30-2020,Nomura Bank International
2022,2018-11-30,6.65,11-30-2020,Nomura Bank International
2022,2020-09-18,6.65,11-30-2020,Nomura Bank International
2022,2020-09-25,6.65,11-30-2020,Nomura Bank International
2022,2020-10-01,6.65,11-30-2020,Nomura Bank International
2022,2020-10-02,6.65,11-30-2020,Nomura Bank International
2022,2020-10-12,6.65,11-30-2020,Nomura Bank International
2022,2020-10-29,6.8,11-30-2020,Nomura Bank International
2022,2020-10-30,6.8,11-30-2020,Nomura Bank International
2022,2020-11-06,6.8,11-30-2020,Nomura Bank International
2022,2020-11-09,6.8,11-30-2020,Nomura Bank International
Q4-21,2019-12-10,7.25,11-30-2021,Nomura Bank International
Q4-21,2019-12-12,7.25,11-30-2021,Nomura Bank International
Q4-21,2019-12-13,7.25,11-30-2021,Nomura Bank International
Q4-21,2020-01-09,7.25,11-30-2021,Nomura Bank International
Q4-21,2020-01-10,7.25,11-30-2021,Nomura Bank International
Q4-21,2020-02-28,7.2,11-30-2021,Nomura Bank International
Q4-21,2020-03-09,7.2,11-30-2021,Nomura Bank International
Q4-21,2020-03-10,7.2,11-30-2021,Nomura Bank International
Q4-21,2020-03-26,7.2,11-30-2021,Nomura Bank International
Q4-21,2020-04-09,7.2,11-30-2021,Nomura Bank International
Q4-21,2020-05-07,7.2,11-30-2021,Nomura Bank International
Q4-21,2020-06-05,7.2,11-30-2021,Nomura Bank International
Q4-21,2020-06-12,7.2,11-30-2021,Nomura Bank International
Q4-21,2020-06-16,7.2,11-30-2021,Nomura Bank International
Q4-21,2020-06-19,7.2,11-30-2021,Nomura Bank International
Q4-21,2020-06-25,7.2,11-30-2021,Nomura Bank International
Q4-21,2020-06-26,7.2,11-30-2021,Nomura Bank International
Q4-21,2020-07-15,7.2,11-30-2021,Nomura Bank International
Q4-21,2020-07-16,7.2,11-30-2021,Nomura Bank International
Q4-21,2020-07-30,7.2,11-30-2021,Nomura Bank International
Q4-21,2020-08-07,7.15,11-30-2021,Nomura Bank International
Q4-21,2020-09-03,6.7,11-30-2021,Nomura Bank International
Q4-21,2020-09-04,6.7,11-30-2021,Nomura Bank International
Q4-21,2020-09-18,6.7,11-30-2021,Nomura Bank International
Q4-21,2020-09-25,6.7,11-30-2021,Nomura Bank International
Q4-21,2020-10-01,6.7,11-30-2021,Nomura Bank International
Q4-21,2020-10-02,6.7,11-30-2021,Nomura Bank International
Q4-21,2020-10-12,6.7,11-30-2021,Nomura Bank International
Q4-21,2020-10-16,6.7,11-30-2021,Nomura Bank International
Q4-21,2020-10-29,6.7,11-30-2021,Nomura Bank International
Q4-21,2020-10-30,6.7,11-30-2021,Nomura Bank International
Q4-21,2020-11-06,6.7,11-30-2021,Nomura Bank International
Q4-21,2020-11-09,6.7,11-30-2021,Nomura Bank International
Q4-21,2020-12-08,6.25,11-30-2021,Nomura Bank International
Q4-21,2021-02-17,6.25,11-30-2021,Nomura Bank International
Q4-21,2021-03-04,6.25,11-30-2021,Nomura Bank International
Q4-21,2021-03-05,6.25,11-30-2021,Nomura Bank International
Q4-21,2021-03-10,6.25,11-30-2021,Nomura Bank International
Q4-21,2021-04-08,6.4,11-30-2021,Nomura Bank International
Q4-21,2021-04-21,6.4,11-30-2021,Nomura Bank International
Q4-21,2021-05-27,6.4,11-30-2021,Nomura Bank International
Q4-21,2021-06-03,6.25,11-30-2021,Nomura Bank International
Q4-21,2021-06-04,6.25,11-30-2021,Nomura Bank International
Q4-21,2021-07-21,6.25,11-30-2021,Nomura Bank International
Q4-21,2021-07-30,6.43,11-30-2021,Nomura Bank International
Q4-21,2021-08-02,6.43,11-30-2021,Nomura Bank International
Q4-21,2021-09-16,6.36,11-30-2021,Nomura Bank International
Q4-21,2021-10-08,6.4,11-30-2021,Nomura Bank International
Q4-21,2021-11-17,6.4,11-30-2021,Nomura Bank International
Q4-21,2021-11-18,6.4,11-30-2021,Nomura Bank International
Q4-21,2021-11-25,6.4,11-30-2021,Nomura Bank International
Q1-22,2021-05-27,6.36,11-30-2021,Nomura Bank International
Q1-22,2021-06-03,6.29,11-30-2021,Nomura Bank International
Q1-22,2021-06-04,6.29,11-30-2021,Nomura Bank International
Q1-22,2021-07-21,6.29,11-30-2021,Nomura Bank International
Q1-22,2021-07-30,6.36,11-30-2021,Nomura Bank International
Q1-22,2021-08-02,6.36,11-30-2021,Nomura Bank International
Q1-22,2021-09-16,6.32,11-30-2021,Nomura Bank International
Q1-22,2021-10-08,6.35,11-30-2021,Nomura Bank International
Q1-22,2021-11-17,6.35,11-30-2021,Nomura Bank International
Q1-22,2021-11-18,6.35,11-30-2021,Nomura Bank International
Q1-22,2021-11-25,6.35,11-30-2021,Nomura Bank International
Q2-22,2021-06-03,6.26,11-30-2021,Nomura Bank International
Q2-22,2021-06-04,6.26,11-30-2021,Nomura Bank International
Q2-22,2021-07-30,6.33,11-30-2021,Nomura Bank International
Q2-22,2021-08-02,6.33,11-30-2021,Nomura Bank International
Q2-22,2021-09-16,6.3,11-30-2021,Nomura Bank International
Q2-22,2021-10-08,6.3,11-30-2021,Nomura Bank International
Q2-22,2021-11-17,6.3,11-30-2021,Nomura Bank International
Q2-22,2021-11-18,6.3,11-30-2021,Nomura Bank International
Q2-22,2021-11-25,6.3,11-30-2021,Nomura Bank International
Q3-22,2021-06-03,6.23,11-30-2021,Nomura Bank International
Q3-22,2021-06-04,6.23,11-30-2021,Nomura Bank International
Q3-22,2021-07-30,6.35,11-30-2021,Nomura Bank International
Q3-22,2021-08-02,6.35,11-30-2021,Nomura Bank International
Q3-22,2021-09-16,6.31,11-30-2021,Nomura Bank International
Q3-22,2021-10-08,6.35,11-30-2021,Nomura Bank International
Q3-22,2021-11-17,6.35,11-30-2021,Nomura Bank International
Q3-22,2021-11-18,6.35,11-30-2021,Nomura Bank International
Q3-22,2021-11-25,6.35,11-30-2021,Nomura Bank International
2022,2020-09-18,6.65,11-30-2021,Nomura Bank International
2022,2020-09-25,6.65,11-30-2021,Nomura Bank International
2022,2020-10-01,6.65,11-30-2021,Nomura Bank International
2022,2020-10-02,6.65,11-30-2021,Nomura Bank International
2022,2020-10-12,6.65,11-30-2021,Nomura Bank International
2022,2020-10-29,6.8,11-30-2021,Nomura Bank International
2022,2020-10-30,6.8,11-30-2021,Nomura Bank International
2022,2020-11-06,6.8,11-30-2021,Nomura Bank International
2022,2020-11-09,6.8,11-30-2021,Nomura Bank International
2022,2020-12-08,6.45,11-30-2021,Nomura Bank International
2022,2021-02-17,6.45,11-30-2021,Nomura Bank International
2022,2021-03-04,6.15,11-30-2021,Nomura Bank International
2022,2021-03-05,6.15,11-30-2021,Nomura Bank International
2022,2021-03-10,6.15,11-30-2021,Nomura Bank International
2022,2021-04-08,6.25,11-30-2021,Nomura Bank International
2022,2021-04-21,6.25,11-30-2021,Nomura Bank International
2022,2021-05-27,6.25,11-30-2021,Nomura Bank International
2022,2021-06-03,6.2,11-30-2021,Nomura Bank International
2022,2021-06-04,6.2,11-30-2021,Nomura Bank International
2022,2021-07-21,6.2,11-30-2021,Nomura Bank International
2022,2021-07-30,6.36,11-30-2021,Nomura Bank International
2022,2021-08-02,6.36,11-30-2021,Nomura Bank International
2022,2021-09-16,6.33,11-30-2021,Nomura Bank International
2022,2021-10-08,6.4,11-30-2021,Nomura Bank International
2022,2021-11-17,6.4,11-30-2021,Nomura Bank International
2022,2021-11-18,6.4,11-30-2021,Nomura Bank International
2022,2021-11-25,6.4,11-30-2021,Nomura Bank International
2023,2021-11-17,6.35,11-30-2021,Nomura Bank International
2023,2021-11-18,6.35,11-30-2021,Nomura Bank International
2023,2021-11-25,6.35,11-30-2021,Nomura Bank International
Q3-17,2017-01-04,6.85,08-31-2017,Nomura Bank International
Q3-17,2017-07-10,6.85,08-31-2017,Nomura Bank International
Q4-17,2016-01-04,6.79,08-31-2017,Nomura Bank International
Q4-17,2016-01-14,6.89,08-31-2017,Nomura Bank International
Q4-17,2016-02-15,6.89,08-31-2017,Nomura Bank International
Q4-17,2016-03-03,6.89,08-31-2017,Nomura Bank International
Q4-17,2016-03-30,6.79,08-31-2017,Nomura Bank International
Q4-17,2016-05-18,6.79,08-31-2017,Nomura Bank International
Q4-17,2016-07-08,7.15,08-31-2017,Nomura Bank International
Q4-17,2016-08-10,7.15,08-31-2017,Nomura Bank International
Q4-17,2017-01-04,6.95,08-31-2017,Nomura Bank International
Q4-17,2017-07-10,6.95,08-31-2017,Nomura Bank International
2018,2017-01-04,7.1,08-31-2017,Nomura Bank International
2018,2017-07-10,7.1,08-31-2017,Nomura Bank International
Q1-10,2009-11-30,6.82,02-28-2010,Nomura Bank International
Q2-10,2009-11-30,6.68,02-28-2010,Nomura Bank International
Q3-10,2009-11-30,6.55,02-28-2010,Nomura Bank International
Q4-10,2009-02-18,6.4,02-28-2010,Nomura Bank International
Q4-10,2009-11-30,6.45,02-28-2010,Nomura Bank International
2011,2009-11-30,6.1,02-28-2010,Nomura Bank International
Q4-17,2016-01-04,6.79,11-30-2017,Nomura Bank International
Q4-17,2016-01-14,6.89,11-30-2017,Nomura Bank International
Q4-17,2016-02-15,6.89,11-30-2017,Nomura Bank International
Q4-17,2016-03-03,6.89,11-30-2017,Nomura Bank International
Q4-17,2016-03-30,6.79,11-30-2017,Nomura Bank International
Q4-17,2016-05-18,6.79,11-30-2017,Nomura Bank International
Q4-17,2016-07-08,7.15,11-30-2017,Nomura Bank International
Q4-17,2016-08-10,7.15,11-30-2017,Nomura Bank International
Q4-17,2017-01-04,6.95,11-30-2017,Nomura Bank International
Q4-17,2017-07-10,6.95,11-30-2017,Nomura Bank International
Q4-17,2017-09-15,6.65,11-30-2017,Nomura Bank International
Q4-17,2017-09-19,6.65,11-30-2017,Nomura Bank International
Q4-17,2017-11-24,6.6,11-30-2017,Nomura Bank International
Q1-18,2017-09-15,6.7,11-30-2017,Nomura Bank International
Q1-18,2017-09-19,6.7,11-30-2017,Nomura Bank International
Q1-18,2017-11-24,6.64,11-30-2017,Nomura Bank International
Q2-18,2017-09-15,6.75,11-30-2017,Nomura Bank International
Q2-18,2017-09-19,6.75,11-30-2017,Nomura Bank International
Q2-18,2017-11-24,6.68,11-30-2017,Nomura Bank International
Q3-18,2017-09-15,6.8,11-30-2017,Nomura Bank International
Q3-18,2017-09-19,6.8,11-30-2017,Nomura Bank International
Q3-18,2017-11-24,6.71,11-30-2017,Nomura Bank International
2018,2017-01-04,7.1,11-30-2017,Nomura Bank International
2018,2017-07-10,7.1,11-30-2017,Nomura Bank International
2018,2017-09-15,6.85,11-30-2017,Nomura Bank International
2018,2017-09-19,6.85,11-30-2017,Nomura Bank International
2018,2017-11-24,6.75,11-30-2017,Nomura Bank International
2019,2017-01-04,6.8,11-30-2017,Nomura Bank International
2019,2017-09-15,6.8,11-30-2017,Nomura Bank International
2019,2017-09-19,6.8,11-30-2017,Nomura Bank International
2019,2017-11-24,6.8,11-30-2017,Nomura Bank International
Q3-21,2020-06-12,6.65,08-31-2021,Nomura Bank International
Q3-21,2020-06-16,6.65,08-31-2021,Nomura Bank International
Q3-21,2020-06-26,6.65,08-31-2021,Nomura Bank International
Q3-21,2020-09-03,6.65,08-31-2021,Nomura Bank International
Q3-21,2020-10-01,6.65,08-31-2021,Nomura Bank International
Q3-21,2020-10-02,6.65,08-31-2021,Nomura Bank International
Q3-21,2020-10-12,6.65,08-31-2021,Nomura Bank International
Q3-21,2020-10-16,6.65,08-31-2021,Nomura Bank International
Q3-21,2020-10-29,6.5,08-31-2021,Nomura Bank International
Q3-21,2020-10-30,6.5,08-31-2021,Nomura Bank International
Q3-21,2020-11-06,6.5,08-31-2021,Nomura Bank International
Q3-21,2020-11-09,6.5,08-31-2021,Nomura Bank International
Q3-21,2020-12-08,6.26,08-31-2021,Nomura Bank International
Q3-21,2021-02-17,6.26,08-31-2021,Nomura Bank International
Q3-21,2021-03-04,6.28,08-31-2021,Nomura Bank International
Q3-21,2021-03-05,6.28,08-31-2021,Nomura Bank International
Q3-21,2021-03-10,6.28,08-31-2021,Nomura Bank International
Q3-21,2021-04-08,6.5,08-31-2021,Nomura Bank International
Q3-21,2021-04-21,6.5,08-31-2021,Nomura Bank International
Q3-21,2021-05-27,6.5,08-31-2021,Nomura Bank International
Q3-21,2021-06-03,6.35,08-31-2021,Nomura Bank International
Q3-21,2021-06-04,6.35,08-31-2021,Nomura Bank International
Q3-21,2021-07-21,6.35,08-31-2021,Nomura Bank International
Q3-21,2021-07-30,6.5,08-31-2021,Nomura Bank International
Q3-21,2021-08-02,6.5,08-31-2021,Nomura Bank International
Q4-21,2019-12-10,7.25,08-31-2021,Nomura Bank International
Q4-21,2019-12-12,7.25,08-31-2021,Nomura Bank International
Q4-21,2019-12-13,7.25,08-31-2021,Nomura Bank International
Q4-21,2020-01-09,7.25,08-31-2021,Nomura Bank International
Q4-21,2020-01-10,7.25,08-31-2021,Nomura Bank International
Q4-21,2020-02-28,7.2,08-31-2021,Nomura Bank International
Q4-21,2020-03-09,7.2,08-31-2021,Nomura Bank International
Q4-21,2020-03-10,7.2,08-31-2021,Nomura Bank International
Q4-21,2020-03-26,7.2,08-31-2021,Nomura Bank International
Q4-21,2020-04-09,7.2,08-31-2021,Nomura Bank International
Q4-21,2020-05-07,7.2,08-31-2021,Nomura Bank International
Q4-21,2020-06-05,7.2,08-31-2021,Nomura Bank International
Q4-21,2020-06-12,7.2,08-31-2021,Nomura Bank International
Q4-21,2020-06-16,7.2,08-31-2021,Nomura Bank International
Q4-21,2020-06-19,7.2,08-31-2021,Nomura Bank International
Q4-21,2020-06-25,7.2,08-31-2021,Nomura Bank International
Q4-21,2020-06-26,7.2,08-31-2021,Nomura Bank International
Q4-21,2020-07-15,7.2,08-31-2021,Nomura Bank International
Q4-21,2020-07-16,7.2,08-31-2021,Nomura Bank International
Q4-21,2020-07-30,7.2,08-31-2021,Nomura Bank International
Q4-21,2020-08-07,7.15,08-31-2021,Nomura Bank International
Q4-21,2020-09-03,6.7,08-31-2021,Nomura Bank International
Q4-21,2020-09-04,6.7,08-31-2021,Nomura Bank International
Q4-21,2020-09-18,6.7,08-31-2021,Nomura Bank International
Q4-21,2020-09-25,6.7,08-31-2021,Nomura Bank International
Q4-21,2020-10-01,6.7,08-31-2021,Nomura Bank International
Q4-21,2020-10-02,6.7,08-31-2021,Nomura Bank International
Q4-21,2020-10-12,6.7,08-31-2021,Nomura Bank International
Q4-21,2020-10-16,6.7,08-31-2021,Nomura Bank International
Q4-21,2020-10-29,6.7,08-31-2021,Nomura Bank International
Q4-21,2020-10-30,6.7,08-31-2021,Nomura Bank International
Q4-21,2020-11-06,6.7,08-31-2021,Nomura Bank International
Q4-21,2020-11-09,6.7,08-31-2021,Nomura Bank International
Q4-21,2020-12-08,6.25,08-31-2021,Nomura Bank International
Q4-21,2021-02-17,6.25,08-31-2021,Nomura Bank International
Q4-21,2021-03-04,6.25,08-31-2021,Nomura Bank International
Q4-21,2021-03-05,6.25,08-31-2021,Nomura Bank International
Q4-21,2021-03-10,6.25,08-31-2021,Nomura Bank International
Q4-21,2021-04-08,6.4,08-31-2021,Nomura Bank International
Q4-21,2021-04-21,6.4,08-31-2021,Nomura Bank International
Q4-21,2021-05-27,6.4,08-31-2021,Nomura Bank International
Q4-21,2021-06-03,6.25,08-31-2021,Nomura Bank International
Q4-21,2021-06-04,6.25,08-31-2021,Nomura Bank International
Q4-21,2021-07-21,6.25,08-31-2021,Nomura Bank International
Q4-21,2021-07-30,6.43,08-31-2021,Nomura Bank International
Q4-21,2021-08-02,6.43,08-31-2021,Nomura Bank International
Q1-22,2021-05-27,6.36,08-31-2021,Nomura Bank International
Q1-22,2021-06-03,6.29,08-31-2021,Nomura Bank International
Q1-22,2021-06-04,6.29,08-31-2021,Nomura Bank International
Q1-22,2021-07-21,6.29,08-31-2021,Nomura Bank International
Q1-22,2021-07-30,6.36,08-31-2021,Nomura Bank International
Q1-22,2021-08-02,6.36,08-31-2021,Nomura Bank International
Q2-22,2021-06-03,6.26,08-31-2021,Nomura Bank International
Q2-22,2021-06-04,6.26,08-31-2021,Nomura Bank International
Q2-22,2021-07-30,6.33,08-31-2021,Nomura Bank International
Q2-22,2021-08-02,6.33,08-31-2021,Nomura Bank International
2022,2020-09-18,6.65,08-31-2021,Nomura Bank International
2022,2020-09-25,6.65,08-31-2021,Nomura Bank International
2022,2020-10-01,6.65,08-31-2021,Nomura Bank International
2022,2020-10-02,6.65,08-31-2021,Nomura Bank International
2022,2020-10-12,6.65,08-31-2021,Nomura Bank International
2022,2020-10-29,6.8,08-31-2021,Nomura Bank International
2022,2020-10-30,6.8,08-31-2021,Nomura Bank International
2022,2020-11-06,6.8,08-31-2021,Nomura Bank International
2022,2020-11-09,6.8,08-31-2021,Nomura Bank International
2022,2020-12-08,6.45,08-31-2021,Nomura Bank International
2022,2021-02-17,6.45,08-31-2021,Nomura Bank International
2022,2021-03-04,6.15,08-31-2021,Nomura Bank International
2022,2021-03-05,6.15,08-31-2021,Nomura Bank International
2022,2021-03-10,6.15,08-31-2021,Nomura Bank International
2022,2021-04-08,6.25,08-31-2021,Nomura Bank International
2022,2021-04-21,6.25,08-31-2021,Nomura Bank International
2022,2021-05-27,6.25,08-31-2021,Nomura Bank International
2022,2021-06-03,6.2,08-31-2021,Nomura Bank International
2022,2021-06-04,6.2,08-31-2021,Nomura Bank International
2022,2021-07-21,6.2,08-31-2021,Nomura Bank International
2022,2021-07-30,6.36,08-31-2021,Nomura Bank International
2022,2021-08-02,6.36,08-31-2021,Nomura Bank International
Q2-10,2009-11-30,6.68,05-31-2010,Nomura Bank International
Q2-10,2010-04-07,6.68,05-31-2010,Nomura Bank International
Q2-10,2010-05-20,6.68,05-31-2010,Nomura Bank International
Q3-10,2009-11-30,6.55,05-31-2010,Nomura Bank International
Q3-10,2010-04-07,6.55,05-31-2010,Nomura Bank International
Q3-10,2010-05-20,6.55,05-31-2010,Nomura Bank International
Q4-10,2009-02-18,6.4,05-31-2010,Nomura Bank International
Q4-10,2009-11-30,6.45,05-31-2010,Nomura Bank International
Q4-10,2010-04-07,6.45,05-31-2010,Nomura Bank International
Q4-10,2010-05-20,6.45,05-31-2010,Nomura Bank International
Q1-11,2010-04-07,6.36,05-31-2010,Nomura Bank International
Q1-11,2010-05-20,6.36,05-31-2010,Nomura Bank International
2011,2009-11-30,6.1,05-31-2010,Nomura Bank International
2011,2010-04-07,6.1,05-31-2010,Nomura Bank International
2011,2010-05-20,6.1,05-31-2010,Nomura Bank International
Q1-17,2016-03-03,6.9,02-28-2017,Nomura Bank International
Q1-17,2016-03-30,6.8,02-28-2017,Nomura Bank International
Q1-17,2016-05-18,6.8,02-28-2017,Nomura Bank International
Q1-17,2016-07-08,6.99,02-28-2017,Nomura Bank International
Q1-17,2016-08-10,6.99,02-28-2017,Nomura Bank International
Q1-17,2017-01-04,6.9,02-28-2017,Nomura Bank International
Q2-17,2016-07-08,7.05,02-28-2017,Nomura Bank International
Q2-17,2016-08-10,7.05,02-28-2017,Nomura Bank International
Q2-17,2017-01-04,7.05,02-28-2017,Nomura Bank International
Q4-17,2016-01-04,6.79,02-28-2017,Nomura Bank International
Q4-17,2016-01-14,6.89,02-28-2017,Nomura Bank International
Q4-17,2016-02-15,6.89,02-28-2017,Nomura Bank International
Q4-17,2016-03-03,6.89,02-28-2017,Nomura Bank International
Q4-17,2016-03-30,6.79,02-28-2017,Nomura Bank International
Q4-17,2016-05-18,6.79,02-28-2017,Nomura Bank International
Q4-17,2016-07-08,7.15,02-28-2017,Nomura Bank International
Q4-17,2016-08-10,7.15,02-28-2017,Nomura Bank International
Q4-17,2017-01-04,6.79,02-28-2017,Nomura Bank International
Q3-10,2009-11-30,6.55,08-31-2010,Nomura Bank International
Q3-10,2010-04-07,6.55,08-31-2010,Nomura Bank International
Q3-10,2010-05-20,6.55,08-31-2010,Nomura Bank International
Q4-10,2009-02-18,6.4,08-31-2010,Nomura Bank International
Q4-10,2009-11-30,6.45,08-31-2010,Nomura Bank International
Q4-10,2010-04-07,6.45,08-31-2010,Nomura Bank International
Q4-10,2010-05-20,6.45,08-31-2010,Nomura Bank International
Q1-11,2010-04-07,6.36,08-31-2010,Nomura Bank International
Q1-11,2010-05-20,6.36,08-31-2010,Nomura Bank International
2011,2009-11-30,6.1,08-31-2010,Nomura Bank International
2011,2010-04-07,6.1,08-31-2010,Nomura Bank International
2011,2010-05-20,6.1,08-31-2010,Nomura Bank International
Q2-21,2020-06-12,6.65,05-31-2021,Nomura Bank International
Q2-21,2020-06-16,6.65,05-31-2021,Nomura Bank International
Q2-21,2020-06-26,6.65,05-31-2021,Nomura Bank International
Q2-21,2020-09-03,6.65,05-31-2021,Nomura Bank International
Q2-21,2020-10-01,6.65,05-31-2021,Nomura Bank International
Q2-21,2020-10-02,6.65,05-31-2021,Nomura Bank International
Q2-21,2020-10-12,6.65,05-31-2021,Nomura Bank International
Q2-21,2020-10-16,6.65,05-31-2021,Nomura Bank International
Q2-21,2020-10-29,6.3,05-31-2021,Nomura Bank International
Q2-21,2020-10-30,6.3,05-31-2021,Nomura Bank International
Q2-21,2020-11-06,6.3,05-31-2021,Nomura Bank International
Q2-21,2020-11-09,6.3,05-31-2021,Nomura Bank International
Q2-21,2020-12-08,6.28,05-31-2021,Nomura Bank International
Q2-21,2021-02-17,6.28,05-31-2021,Nomura Bank International
Q2-21,2021-03-04,6.28,05-31-2021,Nomura Bank International
Q2-21,2021-03-05,6.28,05-31-2021,Nomura Bank International
Q2-21,2021-03-10,6.28,05-31-2021,Nomura Bank International
Q2-21,2021-04-08,6.4,05-31-2021,Nomura Bank International
Q2-21,2021-04-21,6.4,05-31-2021,Nomura Bank International
Q2-21,2021-05-27,6.4,05-31-2021,Nomura Bank International
Q3-21,2020-06-12,6.65,05-31-2021,Nomura Bank International
Q3-21,2020-06-16,6.65,05-31-2021,Nomura Bank International
Q3-21,2020-06-26,6.65,05-31-2021,Nomura Bank International
Q3-21,2020-09-03,6.65,05-31-2021,Nomura Bank International
Q3-21,2020-10-01,6.65,05-31-2021,Nomura Bank International
Q3-21,2020-10-02,6.65,05-31-2021,Nomura Bank International
Q3-21,2020-10-12,6.65,05-31-2021,Nomura Bank International
Q3-21,2020-10-16,6.65,05-31-2021,Nomura Bank International
Q3-21,2020-10-29,6.5,05-31-2021,Nomura Bank International
Q3-21,2020-10-30,6.5,05-31-2021,Nomura Bank International
Q3-21,2020-11-06,6.5,05-31-2021,Nomura Bank International
Q3-21,2020-11-09,6.5,05-31-2021,Nomura Bank International
Q3-21,2020-12-08,6.26,05-31-2021,Nomura Bank International
Q3-21,2021-02-17,6.26,05-31-2021,Nomura Bank International
Q3-21,2021-03-04,6.28,05-31-2021,Nomura Bank International
Q3-21,2021-03-05,6.28,05-31-2021,Nomura Bank International
Q3-21,2021-03-10,6.28,05-31-2021,Nomura Bank International
Q3-21,2021-04-08,6.5,05-31-2021,Nomura Bank International
Q3-21,2021-04-21,6.5,05-31-2021,Nomura Bank International
Q3-21,2021-05-27,6.5,05-31-2021,Nomura Bank International
Q4-21,2019-12-10,7.25,05-31-2021,Nomura Bank International
Q4-21,2019-12-12,7.25,05-31-2021,Nomura Bank International
Q4-21,2019-12-13,7.25,05-31-2021,Nomura Bank International
Q4-21,2020-01-09,7.25,05-31-2021,Nomura Bank International
Q4-21,2020-01-10,7.25,05-31-2021,Nomura Bank International
Q4-21,2020-02-28,7.2,05-31-2021,Nomura Bank International
Q4-21,2020-03-09,7.2,05-31-2021,Nomura Bank International
Q4-21,2020-03-10,7.2,05-31-2021,Nomura Bank International
Q4-21,2020-03-26,7.2,05-31-2021,Nomura Bank International
Q4-21,2020-04-09,7.2,05-31-2021,Nomura Bank International
Q4-21,2020-05-07,7.2,05-31-2021,Nomura Bank International
Q4-21,2020-06-05,7.2,05-31-2021,Nomura Bank International
Q4-21,2020-06-12,7.2,05-31-2021,Nomura Bank International
Q4-21,2020-06-16,7.2,05-31-2021,Nomura Bank International
Q4-21,2020-06-19,7.2,05-31-2021,Nomura Bank International
Q4-21,2020-06-25,7.2,05-31-2021,Nomura Bank International
Q4-21,2020-06-26,7.2,05-31-2021,Nomura Bank International
Q4-21,2020-07-15,7.2,05-31-2021,Nomura Bank International
Q4-21,2020-07-16,7.2,05-31-2021,Nomura Bank International
Q4-21,2020-07-30,7.2,05-31-2021,Nomura Bank International
Q4-21,2020-08-07,7.15,05-31-2021,Nomura Bank International
Q4-21,2020-09-03,6.7,05-31-2021,Nomura Bank International
Q4-21,2020-09-04,6.7,05-31-2021,Nomura Bank International
Q4-21,2020-09-18,6.7,05-31-2021,Nomura Bank International
Q4-21,2020-09-25,6.7,05-31-2021,Nomura Bank International
Q4-21,2020-10-01,6.7,05-31-2021,Nomura Bank International
Q4-21,2020-10-02,6.7,05-31-2021,Nomura Bank International
Q4-21,2020-10-12,6.7,05-31-2021,Nomura Bank International
Q4-21,2020-10-16,6.7,05-31-2021,Nomura Bank International
Q4-21,2020-10-29,6.7,05-31-2021,Nomura Bank International
Q4-21,2020-10-30,6.7,05-31-2021,Nomura Bank International
Q4-21,2020-11-06,6.7,05-31-2021,Nomura Bank International
Q4-21,2020-11-09,6.7,05-31-2021,Nomura Bank International
Q4-21,2020-12-08,6.25,05-31-2021,Nomura Bank International
Q4-21,2021-02-17,6.25,05-31-2021,Nomura Bank International
Q4-21,2021-03-04,6.25,05-31-2021,Nomura Bank International
Q4-21,2021-03-05,6.25,05-31-2021,Nomura Bank International
Q4-21,2021-03-10,6.25,05-31-2021,Nomura Bank International
Q4-21,2021-04-08,6.4,05-31-2021,Nomura Bank International
Q4-21,2021-04-21,6.4,05-31-2021,Nomura Bank International
Q4-21,2021-05-27,6.4,05-31-2021,Nomura Bank International
Q1-22,2021-05-27,6.36,05-31-2021,Nomura Bank International
2022,2020-09-18,6.65,05-31-2021,Nomura Bank International
2022,2020-09-25,6.65,05-31-2021,Nomura Bank International
2022,2020-10-01,6.65,05-31-2021,Nomura Bank International
2022,2020-10-02,6.65,05-31-2021,Nomura Bank International
2022,2020-10-12,6.65,05-31-2021,Nomura Bank International
2022,2020-10-29,6.8,05-31-2021,Nomura Bank International
2022,2020-10-30,6.8,05-31-2021,Nomura Bank International
2022,2020-11-06,6.8,05-31-2021,Nomura Bank International
2022,2020-11-09,6.8,05-31-2021,Nomura Bank International
2022,2020-12-08,6.45,05-31-2021,Nomura Bank International
2022,2021-02-17,6.45,05-31-2021,Nomura Bank International
2022,2021-03-04,6.15,05-31-2021,Nomura Bank International
2022,2021-03-05,6.15,05-31-2021,Nomura Bank International
2022,2021-03-10,6.15,05-31-2021,Nomura Bank International
2022,2021-04-08,6.25,05-31-2021,Nomura Bank International
2022,2021-04-21,6.25,05-31-2021,Nomura Bank International
2022,2021-05-27,6.25,05-31-2021,Nomura Bank International
Q2-17,2016-07-08,7.05,05-31-2017,Nomura Bank International
Q2-17,2016-08-10,7.05,05-31-2017,Nomura Bank International
Q2-17,2017-01-04,7.05,05-31-2017,Nomura Bank International
Q4-17,2016-01-04,6.79,05-31-2017,Nomura Bank International
Q4-17,2016-01-14,6.89,05-31-2017,Nomura Bank International
Q4-17,2016-02-15,6.89,05-31-2017,Nomura Bank International
Q4-17,2016-03-03,6.89,05-31-2017,Nomura Bank International
Q4-17,2016-03-30,6.79,05-31-2017,Nomura Bank International
Q4-17,2016-05-18,6.79,05-31-2017,Nomura Bank International
Q4-17,2016-07-08,7.15,05-31-2017,Nomura Bank International
Q4-17,2016-08-10,7.15,05-31-2017,Nomura Bank International
Q4-17,2017-01-04,6.79,05-31-2017,Nomura Bank International
Q1-21,2020-05-07,7.19,02-28-2021,Nomura Bank International
Q1-21,2020-06-05,7.19,02-28-2021,Nomura Bank International
Q1-21,2020-06-12,7.19,02-28-2021,Nomura Bank International
Q1-21,2020-06-16,7.19,02-28-2021,Nomura Bank International
Q1-21,2020-06-19,7.19,02-28-2021,Nomura Bank International
Q1-21,2020-06-25,7.2,02-28-2021,Nomura Bank International
Q1-21,2020-06-26,7.2,02-28-2021,Nomura Bank International
Q1-21,2020-07-15,7.2,02-28-2021,Nomura Bank International
Q1-21,2020-07-16,7.2,02-28-2021,Nomura Bank International
Q1-21,2020-07-30,7.2,02-28-2021,Nomura Bank International
Q1-21,2020-08-07,7.08,02-28-2021,Nomura Bank International
Q1-21,2020-09-03,6.65,02-28-2021,Nomura Bank International
Q1-21,2020-09-04,6.65,02-28-2021,Nomura Bank International
Q1-21,2020-09-18,6.65,02-28-2021,Nomura Bank International
Q1-21,2020-09-25,6.65,02-28-2021,Nomura Bank International
Q1-21,2020-10-01,6.65,02-28-2021,Nomura Bank International
Q1-21,2020-10-02,6.65,02-28-2021,Nomura Bank International
Q1-21,2020-10-12,6.65,02-28-2021,Nomura Bank International
Q1-21,2020-10-16,6.65,02-28-2021,Nomura Bank International
Q1-21,2020-10-29,6.4,02-28-2021,Nomura Bank International
Q1-21,2020-10-30,6.4,02-28-2021,Nomura Bank International
Q1-21,2020-11-06,6.4,02-28-2021,Nomura Bank International
Q1-21,2020-11-09,6.4,02-28-2021,Nomura Bank International
Q1-21,2020-12-08,6.3,02-28-2021,Nomura Bank International
Q1-21,2021-02-17,6.3,02-28-2021,Nomura Bank International
Q2-21,2020-06-12,6.65,02-28-2021,Nomura Bank International
Q2-21,2020-06-16,6.65,02-28-2021,Nomura Bank International
Q2-21,2020-06-26,6.65,02-28-2021,Nomura Bank International
Q2-21,2020-09-03,6.65,02-28-2021,Nomura Bank International
Q2-21,2020-10-01,6.65,02-28-2021,Nomura Bank International
Q2-21,2020-10-02,6.65,02-28-2021,Nomura Bank International
Q2-21,2020-10-12,6.65,02-28-2021,Nomura Bank International
Q2-21,2020-10-16,6.65,02-28-2021,Nomura Bank International
Q2-21,2020-10-29,6.3,02-28-2021,Nomura Bank International
Q2-21,2020-10-30,6.3,02-28-2021,Nomura Bank International
Q2-21,2020-11-06,6.3,02-28-2021,Nomura Bank International
Q2-21,2020-11-09,6.3,02-28-2021,Nomura Bank International
Q2-21,2020-12-08,6.28,02-28-2021,Nomura Bank International
Q2-21,2021-02-17,6.28,02-28-2021,Nomura Bank International
Q3-21,2020-06-12,6.65,02-28-2021,Nomura Bank International
Q3-21,2020-06-16,6.65,02-28-2021,Nomura Bank International
Q3-21,2020-06-26,6.65,02-28-2021,Nomura Bank International
Q3-21,2020-09-03,6.65,02-28-2021,Nomura Bank International
Q3-21,2020-10-01,6.65,02-28-2021,Nomura Bank International
Q3-21,2020-10-02,6.65,02-28-2021,Nomura Bank International
Q3-21,2020-10-12,6.65,02-28-2021,Nomura Bank International
Q3-21,2020-10-16,6.65,02-28-2021,Nomura Bank International
Q3-21,2020-10-29,6.5,02-28-2021,Nomura Bank International
Q3-21,2020-10-30,6.5,02-28-2021,Nomura Bank International
Q3-21,2020-11-06,6.5,02-28-2021,Nomura Bank International
Q3-21,2020-11-09,6.5,02-28-2021,Nomura Bank International
Q3-21,2020-12-08,6.26,02-28-2021,Nomura Bank International
Q3-21,2021-02-17,6.26,02-28-2021,Nomura Bank International
Q4-21,2019-12-10,7.25,02-28-2021,Nomura Bank International
Q4-21,2019-12-12,7.25,02-28-2021,Nomura Bank International
Q4-21,2019-12-13,7.25,02-28-2021,Nomura Bank International
Q4-21,2020-01-09,7.25,02-28-2021,Nomura Bank International
Q4-21,2020-01-10,7.25,02-28-2021,Nomura Bank International
Q4-21,2020-02-28,7.2,02-28-2021,Nomura Bank International
Q4-21,2020-03-09,7.2,02-28-2021,Nomura Bank International
Q4-21,2020-03-10,7.2,02-28-2021,Nomura Bank International
Q4-21,2020-03-26,7.2,02-28-2021,Nomura Bank International
Q4-21,2020-04-09,7.2,02-28-2021,Nomura Bank International
Q4-21,2020-05-07,7.2,02-28-2021,Nomura Bank International
Q4-21,2020-06-05,7.2,02-28-2021,Nomura Bank International
Q4-21,2020-06-12,7.2,02-28-2021,Nomura Bank International
Q4-21,2020-06-16,7.2,02-28-2021,Nomura Bank International
Q4-21,2020-06-19,7.2,02-28-2021,Nomura Bank International
Q4-21,2020-06-25,7.2,02-28-2021,Nomura Bank International
Q4-21,2020-06-26,7.2,02-28-2021,Nomura Bank International
Q4-21,2020-07-15,7.2,02-28-2021,Nomura Bank International
Q4-21,2020-07-16,7.2,02-28-2021,Nomura Bank International
Q4-21,2020-07-30,7.2,02-28-2021,Nomura Bank International
Q4-21,2020-08-07,7.15,02-28-2021,Nomura Bank International
Q4-21,2020-09-03,6.7,02-28-2021,Nomura Bank International
Q4-21,2020-09-04,6.7,02-28-2021,Nomura Bank International
Q4-21,2020-09-18,6.7,02-28-2021,Nomura Bank International
Q4-21,2020-09-25,6.7,02-28-2021,Nomura Bank International
Q4-21,2020-10-01,6.7,02-28-2021,Nomura Bank International
Q4-21,2020-10-02,6.7,02-28-2021,Nomura Bank International
Q4-21,2020-10-12,6.7,02-28-2021,Nomura Bank International
Q4-21,2020-10-16,6.7,02-28-2021,Nomura Bank International
Q4-21,2020-10-29,6.7,02-28-2021,Nomura Bank International
Q4-21,2020-10-30,6.7,02-28-2021,Nomura Bank International
Q4-21,2020-11-06,6.7,02-28-2021,Nomura Bank International
Q4-21,2020-11-09,6.7,02-28-2021,Nomura Bank International
Q4-21,2020-12-08,6.25,02-28-2021,Nomura Bank International
Q4-21,2021-02-17,6.25,02-28-2021,Nomura Bank International
2022,2019-12-10,7.25,02-28-2021,Nomura Bank International
2022,2019-12-12,7.25,02-28-2021,Nomura Bank International
2022,2019-12-13,7.25,02-28-2021,Nomura Bank International
2022,2020-01-09,7.25,02-28-2021,Nomura Bank International
2022,2020-01-10,7.25,02-28-2021,Nomura Bank International
2022,2020-02-28,7.2,02-28-2021,Nomura Bank International
2022,2020-03-09,7.2,02-28-2021,Nomura Bank International
2022,2020-03-10,7.2,02-28-2021,Nomura Bank International
2022,2020-03-26,7.2,02-28-2021,Nomura Bank International
2022,2020-04-09,7.2,02-28-2021,Nomura Bank International
2022,2020-05-07,7.2,02-28-2021,Nomura Bank International
2022,2020-06-05,7.2,02-28-2021,Nomura Bank International
2022,2020-06-12,7.2,02-28-2021,Nomura Bank International
2022,2020-06-16,7.2,02-28-2021,Nomura Bank International
2022,2020-06-19,7.2,02-28-2021,Nomura Bank International
2022,2020-06-25,7.2,02-28-2021,Nomura Bank International
2022,2020-06-26,7.2,02-28-2021,Nomura Bank International
2022,2020-07-15,7.2,02-28-2021,Nomura Bank International
2022,2020-07-16,7.2,02-28-2021,Nomura Bank International
2022,2020-07-30,7.2,02-28-2021,Nomura Bank International
2022,2020-08-07,7.15,02-28-2021,Nomura Bank International
2022,2020-09-03,6.7,02-28-2021,Nomura Bank International
2022,2020-09-04,6.7,02-28-2021,Nomura Bank International
2022,2020-09-18,6.7,02-28-2021,Nomura Bank International
2022,2020-09-25,6.7,02-28-2021,Nomura Bank International
2022,2020-10-01,6.7,02-28-2021,Nomura Bank International
2022,2020-10-02,6.7,02-28-2021,Nomura Bank International
2022,2020-10-12,6.7,02-28-2021,Nomura Bank International
2022,2020-10-16,6.7,02-28-2021,Nomura Bank International
2022,2020-10-29,6.7,02-28-2021,Nomura Bank International
2022,2020-10-30,6.7,02-28-2021,Nomura Bank International
2022,2020-11-06,6.7,02-28-2021,Nomura Bank International
2022,2020-11-09,6.7,02-28-2021,Nomura Bank International
2022,2020-12-08,6.25,02-28-2021,Nomura Bank International
2022,2021-02-17,6.25,02-28-2021,Nomura Bank International
Q4-10,2009-02-18,6.4,11-30-2010,Nomura Bank International
Q4-10,2009-11-30,6.45,11-30-2010,Nomura Bank International
Q4-10,2010-04-07,6.45,11-30-2010,Nomura Bank International
Q4-10,2010-05-20,6.45,11-30-2010,Nomura Bank International
Q1-11,2010-04-07,6.36,11-30-2010,Nomura Bank International
Q1-11,2010-05-20,6.36,11-30-2010,Nomura Bank International
2011,2009-11-30,6.1,11-30-2010,Nomura Bank International
2011,2010-04-07,6.1,11-30-2010,Nomura Bank International
2011,2010-05-20,6.1,11-30-2010,Nomura Bank International
Q4-11,2009-11-30,6.1,11-30-2011,Nomura Bank International
Q4-11,2010-04-07,6.1,11-30-2011,Nomura Bank International
Q4-11,2010-05-20,6.1,11-30-2011,Nomura Bank International
Q4-11,2011-03-22,6.22,11-30-2011,Nomura Bank International
Q4-11,2011-04-04,6.22,11-30-2011,Nomura Bank International
Q4-11,2011-05-05,6.22,11-30-2011,Nomura Bank International
Q4-11,2011-05-23,6.22,11-30-2011,Nomura Bank International
Q4-11,2011-06-10,6.22,11-30-2011,Nomura Bank International
Q4-11,2011-07-05,6.22,11-30-2011,Nomura Bank International
Q4-11,2011-07-25,6.25,11-30-2011,Nomura Bank International
Q4-11,2011-09-19,6.25,11-30-2011,Nomura Bank International
Q4-11,2011-10-25,6.33,11-30-2011,Nomura Bank International
Q1-12,2011-03-22,6.14,11-30-2011,Nomura Bank International
Q1-12,2011-04-04,6.14,11-30-2011,Nomura Bank International
Q1-12,2011-05-05,6.14,11-30-2011,Nomura Bank International
Q1-12,2011-05-23,6.14,11-30-2011,Nomura Bank International
Q1-12,2011-06-10,6.14,11-30-2011,Nomura Bank International
Q1-12,2011-07-05,6.14,11-30-2011,Nomura Bank International
Q1-12,2011-07-25,6.16,11-30-2011,Nomura Bank International
Q1-12,2011-09-19,6.16,11-30-2011,Nomura Bank International
Q1-12,2011-10-25,6.25,11-30-2011,Nomura Bank International
Q2-12,2011-07-25,6.08,11-30-2011,Nomura Bank International
Q2-12,2011-09-19,6.08,11-30-2011,Nomura Bank International
Q2-12,2011-10-25,6.16,11-30-2011,Nomura Bank International
Q3-12,2011-09-19,6.02,11-30-2011,Nomura Bank International
Q3-12,2011-10-25,6.1,11-30-2011,Nomura Bank International
2012,2010-05-20,5.9,11-30-2011,Nomura Bank International
2012,2011-03-22,5.9,11-30-2011,Nomura Bank International
2012,2011-04-04,5.9,11-30-2011,Nomura Bank International
2012,2011-05-05,5.9,11-30-2011,Nomura Bank International
2012,2011-05-23,5.9,11-30-2011,Nomura Bank International
2012,2011-06-10,5.9,11-30-2011,Nomura Bank International
2012,2011-07-05,5.9,11-30-2011,Nomura Bank International
2012,2011-07-25,5.95,11-30-2011,Nomura Bank International
2012,2011-09-19,5.95,11-30-2011,Nomura Bank International
2012,2011-10-25,6.08,11-30-2011,Nomura Bank International
2013,2011-09-19,5.75,11-30-2011,Nomura Bank International
2013,2011-10-25,5.88,11-30-2011,Nomura Bank International
Q1-20,2019-11-19,7.19,02-28-2020,Nomura Bank International
Q1-20,2019-11-27,7.19,02-28-2020,Nomura Bank International
Q1-20,2019-12-10,6.9,02-28-2020,Nomura Bank International
Q1-20,2019-12-12,6.9,02-28-2020,Nomura Bank International
Q1-20,2019-12-13,6.9,02-28-2020,Nomura Bank International
Q1-20,2020-01-09,6.9,02-28-2020,Nomura Bank International
Q1-20,2020-01-10,6.9,02-28-2020,Nomura Bank International
Q1-20,2020-02-20,7.05,02-28-2020,Nomura Bank International
Q1-20,2020-02-28,7.05,02-28-2020,Nomura Bank International
Q2-20,2019-11-19,7.29,02-28-2020,Nomura Bank International
Q2-20,2019-11-27,7.29,02-28-2020,Nomura Bank International
Q2-20,2019-12-10,7.0,02-28-2020,Nomura Bank International
Q2-20,2019-12-12,7.0,02-28-2020,Nomura Bank International
Q2-20,2019-12-13,7.0,02-28-2020,Nomura Bank International
Q2-20,2020-01-09,7.0,02-28-2020,Nomura Bank International
Q2-20,2020-01-10,7.0,02-28-2020,Nomura Bank International
Q2-20,2020-02-20,6.94,02-28-2020,Nomura Bank International
Q2-20,2020-02-28,6.94,02-28-2020,Nomura Bank International
Q3-20,2019-12-10,7.08,02-28-2020,Nomura Bank International
Q3-20,2019-12-12,7.08,02-28-2020,Nomura Bank International
Q3-20,2019-12-13,7.08,02-28-2020,Nomura Bank International
Q3-20,2020-01-09,7.08,02-28-2020,Nomura Bank International
Q3-20,2020-01-10,7.08,02-28-2020,Nomura Bank International
Q3-20,2020-02-20,7.03,02-28-2020,Nomura Bank International
Q3-20,2020-02-28,7.03,02-28-2020,Nomura Bank International
Q4-20,2018-11-08,7.28,02-28-2020,Nomura Bank International
Q4-20,2018-11-30,7.28,02-28-2020,Nomura Bank International
Q4-20,2019-11-27,7.28,02-28-2020,Nomura Bank International
Q4-20,2019-12-10,7.15,02-28-2020,Nomura Bank International
Q4-20,2019-12-12,7.15,02-28-2020,Nomura Bank International
Q4-20,2019-12-13,7.15,02-28-2020,Nomura Bank International
Q4-20,2020-01-09,7.15,02-28-2020,Nomura Bank International
Q4-20,2020-01-10,7.15,02-28-2020,Nomura Bank International
Q4-20,2020-02-20,7.1,02-28-2020,Nomura Bank International
Q4-20,2020-02-28,7.1,02-28-2020,Nomura Bank International
2021,2018-11-08,7.25,02-28-2020,Nomura Bank International
2021,2018-11-30,7.25,02-28-2020,Nomura Bank International
2021,2019-12-10,7.25,02-28-2020,Nomura Bank International
2021,2019-12-12,7.25,02-28-2020,Nomura Bank International
2021,2019-12-13,7.25,02-28-2020,Nomura Bank International
2021,2020-01-09,7.25,02-28-2020,Nomura Bank International
2021,2020-01-10,7.25,02-28-2020,Nomura Bank International
2021,2020-02-28,7.2,02-28-2020,Nomura Bank International
Q2-16,2015-07-23,6.13,05-31-2016,Nomura Bank International
Q2-16,2015-10-02,6.5,05-31-2016,Nomura Bank International
Q2-16,2015-11-04,6.65,05-31-2016,Nomura Bank International
Q2-16,2015-11-30,6.65,05-31-2016,Nomura Bank International
Q2-16,2016-01-04,6.64,05-31-2016,Nomura Bank International
Q2-16,2016-01-14,6.9,05-31-2016,Nomura Bank International
Q2-16,2016-02-15,6.9,05-31-2016,Nomura Bank International
Q2-16,2016-03-03,6.9,05-31-2016,Nomura Bank International
Q2-16,2016-03-30,6.6,05-31-2016,Nomura Bank International
Q2-16,2016-05-18,6.6,05-31-2016,Nomura Bank International
Q3-16,2015-10-02,6.55,05-31-2016,Nomura Bank International
Q3-16,2015-11-04,6.75,05-31-2016,Nomura Bank International
Q3-16,2015-11-30,6.75,05-31-2016,Nomura Bank International
Q3-16,2016-01-04,6.72,05-31-2016,Nomura Bank International
Q3-16,2016-01-14,6.95,05-31-2016,Nomura Bank International
Q3-16,2016-02-15,6.95,05-31-2016,Nomura Bank International
Q3-16,2016-03-03,6.95,05-31-2016,Nomura Bank International
Q3-16,2016-03-30,6.75,05-31-2016,Nomura Bank International
Q3-16,2016-05-18,6.75,05-31-2016,Nomura Bank International
Q4-16,2015-01-05,6.1,05-31-2016,Nomura Bank International
Q4-16,2015-03-02,6.1,05-31-2016,Nomura Bank International
Q4-16,2015-04-08,6.16,05-31-2016,Nomura Bank International
Q4-16,2015-05-27,6.16,05-31-2016,Nomura Bank International
Q4-16,2015-07-23,6.14,05-31-2016,Nomura Bank International
Q4-16,2015-10-02,6.6,05-31-2016,Nomura Bank International
Q4-16,2015-11-04,6.75,05-31-2016,Nomura Bank International
Q4-16,2015-11-30,6.75,05-31-2016,Nomura Bank International
Q4-16,2016-01-04,6.8,05-31-2016,Nomura Bank International
Q4-16,2016-01-14,6.9,05-31-2016,Nomura Bank International
Q4-16,2016-02-15,6.9,05-31-2016,Nomura Bank International
Q4-16,2016-03-03,6.9,05-31-2016,Nomura Bank International
Q4-16,2016-03-30,6.8,05-31-2016,Nomura Bank International
Q4-16,2016-05-18,6.8,05-31-2016,Nomura Bank International
Q1-17,2016-03-03,6.9,05-31-2016,Nomura Bank International
Q1-17,2016-03-30,6.8,05-31-2016,Nomura Bank International
Q1-17,2016-05-18,6.8,05-31-2016,Nomura Bank International
2017,2016-01-04,6.79,05-31-2016,Nomura Bank International
2017,2016-01-14,6.89,05-31-2016,Nomura Bank International
2017,2016-02-15,6.89,05-31-2016,Nomura Bank International
2017,2016-03-03,6.89,05-31-2016,Nomura Bank International
2017,2016-03-30,6.79,05-31-2016,Nomura Bank International
2017,2016-05-18,6.79,05-31-2016,Nomura Bank International
Q2-20,2019-11-19,7.29,05-31-2020,Nomura Bank International
Q2-20,2019-11-27,7.29,05-31-2020,Nomura Bank International
Q2-20,2019-12-10,7.0,05-31-2020,Nomura Bank International
Q2-20,2019-12-12,7.0,05-31-2020,Nomura Bank International
Q2-20,2019-12-13,7.0,05-31-2020,Nomura Bank International
Q2-20,2020-01-09,7.0,05-31-2020,Nomura Bank International
Q2-20,2020-01-10,7.0,05-31-2020,Nomura Bank International
Q2-20,2020-02-20,6.94,05-31-2020,Nomura Bank International
Q2-20,2020-02-28,6.94,05-31-2020,Nomura Bank International
Q2-20,2020-03-09,6.94,05-31-2020,Nomura Bank International
Q2-20,2020-03-10,6.94,05-31-2020,Nomura Bank International
Q2-20,2020-03-26,6.95,05-31-2020,Nomura Bank International
Q2-20,2020-04-09,7.16,05-31-2020,Nomura Bank International
Q2-20,2020-05-07,7.16,05-31-2020,Nomura Bank International
Q3-20,2019-12-10,7.08,05-31-2020,Nomura Bank International
Q3-20,2019-12-12,7.08,05-31-2020,Nomura Bank International
Q3-20,2019-12-13,7.08,05-31-2020,Nomura Bank International
Q3-20,2020-01-09,7.08,05-31-2020,Nomura Bank International
Q3-20,2020-01-10,7.08,05-31-2020,Nomura Bank International
Q3-20,2020-02-20,7.03,05-31-2020,Nomura Bank International
Q3-20,2020-02-28,7.03,05-31-2020,Nomura Bank International
Q3-20,2020-03-09,7.03,05-31-2020,Nomura Bank International
Q3-20,2020-03-10,7.03,05-31-2020,Nomura Bank International
Q3-20,2020-03-26,7.03,05-31-2020,Nomura Bank International
Q3-20,2020-04-09,7.16,05-31-2020,Nomura Bank International
Q3-20,2020-05-07,7.16,05-31-2020,Nomura Bank International
Q4-20,2018-11-08,7.28,05-31-2020,Nomura Bank International
Q4-20,2018-11-30,7.28,05-31-2020,Nomura Bank International
Q4-20,2019-11-27,7.28,05-31-2020,Nomura Bank International
Q4-20,2019-12-10,7.15,05-31-2020,Nomura Bank International
Q4-20,2019-12-12,7.15,05-31-2020,Nomura Bank International
Q4-20,2019-12-13,7.15,05-31-2020,Nomura Bank International
Q4-20,2020-01-09,7.15,05-31-2020,Nomura Bank International
Q4-20,2020-01-10,7.15,05-31-2020,Nomura Bank International
Q4-20,2020-02-20,7.1,05-31-2020,Nomura Bank International
Q4-20,2020-02-28,7.1,05-31-2020,Nomura Bank International
Q4-20,2020-03-09,7.1,05-31-2020,Nomura Bank International
Q4-20,2020-03-10,7.1,05-31-2020,Nomura Bank International
Q4-20,2020-03-26,7.1,05-31-2020,Nomura Bank International
Q4-20,2020-04-09,7.18,05-31-2020,Nomura Bank International
Q4-20,2020-05-07,7.18,05-31-2020,Nomura Bank International
Q1-21,2020-05-07,7.19,05-31-2020,Nomura Bank International
2021,2018-11-08,7.25,05-31-2020,Nomura Bank International
2021,2018-11-30,7.25,05-31-2020,Nomura Bank International
2021,2019-12-10,7.25,05-31-2020,Nomura Bank International
2021,2019-12-12,7.25,05-31-2020,Nomura Bank International
2021,2019-12-13,7.25,05-31-2020,Nomura Bank International
2021,2020-01-09,7.25,05-31-2020,Nomura Bank International
2021,2020-01-10,7.25,05-31-2020,Nomura Bank International
2021,2020-02-28,7.2,05-31-2020,Nomura Bank International
2021,2020-03-09,7.2,05-31-2020,Nomura Bank International
2021,2020-03-10,7.2,05-31-2020,Nomura Bank International
2021,2020-03-26,7.2,05-31-2020,Nomura Bank International
2021,2020-04-09,7.2,05-31-2020,Nomura Bank International
2021,2020-05-07,7.2,05-31-2020,Nomura Bank International
Q3-11,2011-03-22,6.32,08-31-2011,Nomura Bank International
Q3-11,2011-04-04,6.32,08-31-2011,Nomura Bank International
Q3-11,2011-05-05,6.32,08-31-2011,Nomura Bank International
Q3-11,2011-05-23,6.32,08-31-2011,Nomura Bank International
Q3-11,2011-06-10,6.32,08-31-2011,Nomura Bank International
Q3-11,2011-07-05,6.32,08-31-2011,Nomura Bank International
Q3-11,2011-07-25,6.35,08-31-2011,Nomura Bank International
Q4-11,2009-11-30,6.1,08-31-2011,Nomura Bank International
Q4-11,2010-04-07,6.1,08-31-2011,Nomura Bank International
Q4-11,2010-05-20,6.1,08-31-2011,Nomura Bank International
Q4-11,2011-03-22,6.22,08-31-2011,Nomura Bank International
Q4-11,2011-04-04,6.22,08-31-2011,Nomura Bank International
Q4-11,2011-05-05,6.22,08-31-2011,Nomura Bank International
Q4-11,2011-05-23,6.22,08-31-2011,Nomura Bank International
Q4-11,2011-06-10,6.22,08-31-2011,Nomura Bank International
Q4-11,2011-07-05,6.22,08-31-2011,Nomura Bank International
Q4-11,2011-07-25,6.25,08-31-2011,Nomura Bank International
Q1-12,2011-03-22,6.14,08-31-2011,Nomura Bank International
Q1-12,2011-04-04,6.14,08-31-2011,Nomura Bank International
Q1-12,2011-05-05,6.14,08-31-2011,Nomura Bank International
Q1-12,2011-05-23,6.14,08-31-2011,Nomura Bank International
Q1-12,2011-06-10,6.14,08-31-2011,Nomura Bank International
Q1-12,2011-07-05,6.14,08-31-2011,Nomura Bank International
Q1-12,2011-07-25,6.16,08-31-2011,Nomura Bank International
Q2-12,2011-07-25,6.08,08-31-2011,Nomura Bank International
2012,2010-05-20,5.9,08-31-2011,Nomura Bank International
2012,2011-03-22,5.9,08-31-2011,Nomura Bank International
2012,2011-04-04,5.9,08-31-2011,Nomura Bank International
2012,2011-05-05,5.9,08-31-2011,Nomura Bank International
2012,2011-05-23,5.9,08-31-2011,Nomura Bank International
2012,2011-06-10,5.9,08-31-2011,Nomura Bank International
2012,2011-07-05,5.9,08-31-2011,Nomura Bank International
2012,2011-07-25,5.95,08-31-2011,Nomura Bank International
Q1-16,2015-04-08,6.16,02-28-2016,Nomura Bank International
Q1-16,2015-05-27,6.16,02-28-2016,Nomura Bank International
Q1-16,2015-07-23,6.12,02-28-2016,Nomura Bank International
Q1-16,2015-10-02,6.54,02-28-2016,Nomura Bank International
Q1-16,2015-11-04,6.6,02-28-2016,Nomura Bank International
Q1-16,2015-11-30,6.6,02-28-2016,Nomura Bank International
Q1-16,2016-01-04,6.54,02-28-2016,Nomura Bank International
Q1-16,2016-01-14,6.7,02-28-2016,Nomura Bank International
Q1-16,2016-02-15,6.7,02-28-2016,Nomura Bank International
Q2-16,2015-07-23,6.13,02-28-2016,Nomura Bank International
Q2-16,2015-10-02,6.5,02-28-2016,Nomura Bank International
Q2-16,2015-11-04,6.65,02-28-2016,Nomura Bank International
Q2-16,2015-11-30,6.65,02-28-2016,Nomura Bank International
Q2-16,2016-01-04,6.64,02-28-2016,Nomura Bank International
Q2-16,2016-01-14,6.9,02-28-2016,Nomura Bank International
Q2-16,2016-02-15,6.9,02-28-2016,Nomura Bank International
Q3-16,2015-10-02,6.55,02-28-2016,Nomura Bank International
Q3-16,2015-11-04,6.75,02-28-2016,Nomura Bank International
Q3-16,2015-11-30,6.75,02-28-2016,Nomura Bank International
Q3-16,2016-01-04,6.72,02-28-2016,Nomura Bank International
Q3-16,2016-01-14,6.95,02-28-2016,Nomura Bank International
Q3-16,2016-02-15,6.95,02-28-2016,Nomura Bank International
Q4-16,2015-01-05,6.1,02-28-2016,Nomura Bank International
Q4-16,2015-03-02,6.1,02-28-2016,Nomura Bank International
Q4-16,2015-04-08,6.16,02-28-2016,Nomura Bank International
Q4-16,2015-05-27,6.16,02-28-2016,Nomura Bank International
Q4-16,2015-07-23,6.14,02-28-2016,Nomura Bank International
Q4-16,2015-10-02,6.6,02-28-2016,Nomura Bank International
Q4-16,2015-11-04,6.75,02-28-2016,Nomura Bank International
Q4-16,2015-11-30,6.75,02-28-2016,Nomura Bank International
Q4-16,2016-01-04,6.8,02-28-2016,Nomura Bank International
Q4-16,2016-01-14,6.9,02-28-2016,Nomura Bank International
Q4-16,2016-02-15,6.9,02-28-2016,Nomura Bank International
2017,2016-01-04,6.79,02-28-2016,Nomura Bank International
2017,2016-01-14,6.89,02-28-2016,Nomura Bank International
2017,2016-02-15,6.89,02-28-2016,Nomura Bank International
Q2-19,2018-11-08,7.1,05-31-2019,Nomura Bank International
Q2-19,2018-11-30,7.1,05-31-2019,Nomura Bank International
Q2-19,2019-01-07,7.1,05-31-2019,Nomura Bank International
Q3-19,2018-11-08,7.05,05-31-2019,Nomura Bank International
Q3-19,2018-11-30,7.05,05-31-2019,Nomura Bank International
Q3-19,2019-01-07,7.05,05-31-2019,Nomura Bank International
Q4-19,2017-09-15,6.8,05-31-2019,Nomura Bank International
Q4-19,2017-09-19,6.8,05-31-2019,Nomura Bank International
Q4-19,2017-11-24,6.8,05-31-2019,Nomura Bank International
Q4-19,2018-01-23,6.9,05-31-2019,Nomura Bank International
Q4-19,2018-02-01,6.7,05-31-2019,Nomura Bank International
Q4-19,2018-03-08,6.35,05-31-2019,Nomura Bank International
Q4-19,2018-07-23,6.68,05-31-2019,Nomura Bank International
Q4-19,2018-10-29,7.0,05-31-2019,Nomura Bank International
Q4-19,2018-11-08,7.1,05-31-2019,Nomura Bank International
Q4-19,2018-11-30,7.1,05-31-2019,Nomura Bank International
Q4-19,2019-01-07,7.1,05-31-2019,Nomura Bank International
Q3-12,2011-09-19,6.02,08-31-2012,Nomura Bank International
Q3-12,2011-10-25,6.1,08-31-2012,Nomura Bank International
Q3-12,2011-12-06,6.23,08-31-2012,Nomura Bank International
Q3-12,2012-01-23,6.17,08-31-2012,Nomura Bank International
Q3-12,2012-02-07,6.17,08-31-2012,Nomura Bank International
Q3-12,2012-03-20,6.17,08-31-2012,Nomura Bank International
Q3-12,2012-05-10,6.17,08-31-2012,Nomura Bank International
Q3-12,2012-06-29,6.28,08-31-2012,Nomura Bank International
Q3-12,2012-08-06,6.28,08-31-2012,Nomura Bank International
Q4-12,2011-03-22,5.9,08-31-2012,Nomura Bank International
Q4-12,2011-04-04,5.9,08-31-2012,Nomura Bank International
Q4-12,2011-05-05,5.9,08-31-2012,Nomura Bank International
Q4-12,2011-05-23,5.9,08-31-2012,Nomura Bank International
Q4-12,2011-06-10,5.9,08-31-2012,Nomura Bank International
Q4-12,2011-07-05,5.9,08-31-2012,Nomura Bank International
Q4-12,2011-07-25,5.95,08-31-2012,Nomura Bank International
Q4-12,2011-09-19,5.95,08-31-2012,Nomura Bank International
Q4-12,2011-10-25,6.08,08-31-2012,Nomura Bank International
Q4-12,2011-12-06,6.17,08-31-2012,Nomura Bank International
Q4-12,2012-01-23,6.15,08-31-2012,Nomura Bank International
Q4-12,2012-02-07,6.15,08-31-2012,Nomura Bank International
Q4-12,2012-03-20,6.15,08-31-2012,Nomura Bank International
Q4-12,2012-05-10,6.15,08-31-2012,Nomura Bank International
Q4-12,2012-06-29,6.27,08-31-2012,Nomura Bank International
Q4-12,2012-08-06,6.27,08-31-2012,Nomura Bank International
Q1-13,2012-03-20,6.11,08-31-2012,Nomura Bank International
Q1-13,2012-05-10,6.11,08-31-2012,Nomura Bank International
Q1-13,2012-06-29,6.24,08-31-2012,Nomura Bank International
Q1-13,2012-08-06,6.24,08-31-2012,Nomura Bank International
Q2-13,2012-06-29,6.21,08-31-2012,Nomura Bank International
Q2-13,2012-08-06,6.21,08-31-2012,Nomura Bank International
2013,2011-09-19,5.75,08-31-2012,Nomura Bank International
2013,2011-10-25,5.88,08-31-2012,Nomura Bank International
2013,2011-12-06,5.96,08-31-2012,Nomura Bank International
2013,2012-01-23,5.94,08-31-2012,Nomura Bank International
2013,2012-02-07,5.94,08-31-2012,Nomura Bank International
2013,2012-03-20,6.0,08-31-2012,Nomura Bank International
2013,2012-05-10,6.0,08-31-2012,Nomura Bank International
2013,2012-06-29,6.15,08-31-2012,Nomura Bank International
2013,2012-08-06,6.15,08-31-2012,Nomura Bank International
Q1-15,2014-07-10,6.05,02-28-2015,Nomura Bank International
Q1-15,2014-08-12,6.05,02-28-2015,Nomura Bank International
Q1-15,2014-10-27,6.1,02-28-2015,Nomura Bank International
Q1-15,2015-01-05,6.08,02-28-2015,Nomura Bank International
Q2-15,2014-07-10,6.04,02-28-2015,Nomura Bank International
Q2-15,2014-08-12,6.04,02-28-2015,Nomura Bank International
Q2-15,2014-10-27,6.12,02-28-2015,Nomura Bank International
Q2-15,2015-01-05,6.11,02-28-2015,Nomura Bank International
Q3-15,2014-10-27,6.11,02-28-2015,Nomura Bank International
Q3-15,2015-01-05,6.12,02-28-2015,Nomura Bank International
Q4-15,2014-03-13,6.0,02-28-2015,Nomura Bank International
Q4-15,2014-07-10,6.02,02-28-2015,Nomura Bank International
Q4-15,2014-08-12,6.02,02-28-2015,Nomura Bank International
Q4-15,2014-10-27,6.1,02-28-2015,Nomura Bank International
Q4-15,2015-01-05,6.12,02-28-2015,Nomura Bank International
2016,2015-01-05,6.1,02-28-2015,Nomura Bank International
Q4-12,2011-03-22,5.9,11-30-2012,Nomura Bank International
Q4-12,2011-04-04,5.9,11-30-2012,Nomura Bank International
Q4-12,2011-05-05,5.9,11-30-2012,Nomura Bank International
Q4-12,2011-05-23,5.9,11-30-2012,Nomura Bank International
Q4-12,2011-06-10,5.9,11-30-2012,Nomura Bank International
Q4-12,2011-07-05,5.9,11-30-2012,Nomura Bank International
Q4-12,2011-07-25,5.95,11-30-2012,Nomura Bank International
Q4-12,2011-09-19,5.95,11-30-2012,Nomura Bank International
Q4-12,2011-10-25,6.08,11-30-2012,Nomura Bank International
Q4-12,2011-12-06,6.17,11-30-2012,Nomura Bank International
Q4-12,2012-01-23,6.15,11-30-2012,Nomura Bank International
Q4-12,2012-02-07,6.15,11-30-2012,Nomura Bank International
Q4-12,2012-03-20,6.15,11-30-2012,Nomura Bank International
Q4-12,2012-05-10,6.15,11-30-2012,Nomura Bank International
Q4-12,2012-06-29,6.27,11-30-2012,Nomura Bank International
Q4-12,2012-08-06,6.27,11-30-2012,Nomura Bank International
Q4-12,2012-09-24,6.3,11-30-2012,Nomura Bank International
Q4-12,2012-11-09,6.28,11-30-2012,Nomura Bank International
Q1-13,2012-03-20,6.11,11-30-2012,Nomura Bank International
Q1-13,2012-05-10,6.11,11-30-2012,Nomura Bank International
Q1-13,2012-06-29,6.24,11-30-2012,Nomura Bank International
Q1-13,2012-08-06,6.24,11-30-2012,Nomura Bank International
Q1-13,2012-09-24,6.29,11-30-2012,Nomura Bank International
Q1-13,2012-11-09,6.26,11-30-2012,Nomura Bank International
Q2-13,2012-06-29,6.21,11-30-2012,Nomura Bank International
Q2-13,2012-08-06,6.21,11-30-2012,Nomura Bank International
Q2-13,2012-09-24,6.28,11-30-2012,Nomura Bank International
Q2-13,2012-11-09,6.26,11-30-2012,Nomura Bank International
Q3-13,2012-09-24,6.26,11-30-2012,Nomura Bank International
Q3-13,2012-11-09,6.25,11-30-2012,Nomura Bank International
2013,2011-09-19,5.75,11-30-2012,Nomura Bank International
2013,2011-10-25,5.88,11-30-2012,Nomura Bank International
2013,2011-12-06,5.96,11-30-2012,Nomura Bank International
2013,2012-01-23,5.94,11-30-2012,Nomura Bank International
2013,2012-02-07,5.94,11-30-2012,Nomura Bank International
2013,2012-03-20,6.0,11-30-2012,Nomura Bank International
2013,2012-05-10,6.0,11-30-2012,Nomura Bank International
2013,2012-06-29,6.15,11-30-2012,Nomura Bank International
2013,2012-08-06,6.15,11-30-2012,Nomura Bank International
2013,2012-09-24,6.25,11-30-2012,Nomura Bank International
2013,2012-11-09,6.24,11-30-2012,Nomura Bank International
Q2-15,2014-07-10,6.04,05-31-2015,Nomura Bank International
Q2-15,2014-08-12,6.04,05-31-2015,Nomura Bank International
Q2-15,2014-10-27,6.12,05-31-2015,Nomura Bank International
Q2-15,2015-01-05,6.11,05-31-2015,Nomura Bank International
Q2-15,2015-03-02,6.11,05-31-2015,Nomura Bank International
Q2-15,2015-04-08,6.14,05-31-2015,Nomura Bank International
Q2-15,2015-05-27,6.14,05-31-2015,Nomura Bank International
Q3-15,2014-10-27,6.11,05-31-2015,Nomura Bank International
Q3-15,2015-01-05,6.12,05-31-2015,Nomura Bank International
Q3-15,2015-03-02,6.12,05-31-2015,Nomura Bank International
Q3-15,2015-04-08,6.17,05-31-2015,Nomura Bank International
Q3-15,2015-05-27,6.17,05-31-2015,Nomura Bank International
Q4-15,2014-03-13,6.0,05-31-2015,Nomura Bank International
Q4-15,2014-07-10,6.02,05-31-2015,Nomura Bank International
Q4-15,2014-08-12,6.02,05-31-2015,Nomura Bank International
Q4-15,2014-10-27,6.1,05-31-2015,Nomura Bank International
Q4-15,2015-01-05,6.12,05-31-2015,Nomura Bank International
Q4-15,2015-03-02,6.12,05-31-2015,Nomura Bank International
Q4-15,2015-04-08,6.16,05-31-2015,Nomura Bank International
Q4-15,2015-05-27,6.16,05-31-2015,Nomura Bank International
Q1-16,2015-04-08,6.16,05-31-2015,Nomura Bank International
Q1-16,2015-05-27,6.16,05-31-2015,Nomura Bank International
2016,2015-01-05,6.1,05-31-2015,Nomura Bank International
2016,2015-03-02,6.1,05-31-2015,Nomura Bank International
2016,2015-04-08,6.16,05-31-2015,Nomura Bank International
2016,2015-05-27,6.16,05-31-2015,Nomura Bank International
Q1-19,2018-10-29,7.04,02-28-2019,Nomura Bank International
Q1-19,2018-11-08,7.0,02-28-2019,Nomura Bank International
Q1-19,2018-11-30,7.0,02-28-2019,Nomura Bank International
Q1-19,2019-01-07,7.0,02-28-2019,Nomura Bank International
Q2-19,2018-11-08,7.1,02-28-2019,Nomura Bank International
Q2-19,2018-11-30,7.1,02-28-2019,Nomura Bank International
Q2-19,2019-01-07,7.1,02-28-2019,Nomura Bank International
Q3-19,2018-11-08,7.05,02-28-2019,Nomura Bank International
Q3-19,2018-11-30,7.05,02-28-2019,Nomura Bank International
Q3-19,2019-01-07,7.05,02-28-2019,Nomura Bank International
Q4-19,2017-09-15,6.8,02-28-2019,Nomura Bank International
Q4-19,2017-09-19,6.8,02-28-2019,Nomura Bank International
Q4-19,2017-11-24,6.8,02-28-2019,Nomura Bank International
Q4-19,2018-01-23,6.9,02-28-2019,Nomura Bank International
Q4-19,2018-02-01,6.7,02-28-2019,Nomura Bank International
Q4-19,2018-03-08,6.35,02-28-2019,Nomura Bank International
Q4-19,2018-07-23,6.68,02-28-2019,Nomura Bank International
Q4-19,2018-10-29,7.0,02-28-2019,Nomura Bank International
Q4-19,2018-11-08,7.1,02-28-2019,Nomura Bank International
Q4-19,2018-11-30,7.1,02-28-2019,Nomura Bank International
Q4-19,2019-01-07,7.1,02-28-2019,Nomura Bank International
Q1-18,2017-09-15,6.7,02-28-2018,Nomura Bank International
Q1-18,2017-09-19,6.7,02-28-2018,Nomura Bank International
Q1-18,2017-11-24,6.64,02-28-2018,Nomura Bank International
Q1-18,2018-01-23,6.62,02-28-2018,Nomura Bank International
Q1-18,2018-02-01,6.4,02-28-2018,Nomura Bank International
Q2-18,2017-09-15,6.75,02-28-2018,Nomura Bank International
Q2-18,2017-09-19,6.75,02-28-2018,Nomura Bank International
Q2-18,2017-11-24,6.68,02-28-2018,Nomura Bank International
Q2-18,2018-01-23,6.65,02-28-2018,Nomura Bank International
Q2-18,2018-02-01,6.38,02-28-2018,Nomura Bank International
Q3-18,2017-09-15,6.8,02-28-2018,Nomura Bank International
Q3-18,2017-09-19,6.8,02-28-2018,Nomura Bank International
Q3-18,2017-11-24,6.71,02-28-2018,Nomura Bank International
Q3-18,2018-01-23,6.75,02-28-2018,Nomura Bank International
Q3-18,2018-02-01,6.55,02-28-2018,Nomura Bank International
Q4-18,2017-01-04,7.1,02-28-2018,Nomura Bank International
Q4-18,2017-07-10,7.1,02-28-2018,Nomura Bank International
Q4-18,2017-09-15,6.85,02-28-2018,Nomura Bank International
Q4-18,2017-09-19,6.85,02-28-2018,Nomura Bank International
Q4-18,2017-11-24,6.75,02-28-2018,Nomura Bank International
Q4-18,2018-01-23,6.8,02-28-2018,Nomura Bank International
Q4-18,2018-02-01,6.6,02-28-2018,Nomura Bank International
2019,2017-01-04,6.8,02-28-2018,Nomura Bank International
2019,2017-09-15,6.8,02-28-2018,Nomura Bank International
2019,2017-09-19,6.8,02-28-2018,Nomura Bank International
2019,2017-11-24,6.8,02-28-2018,Nomura Bank International
2019,2018-01-23,6.9,02-28-2018,Nomura Bank International
2019,2018-02-01,6.7,02-28-2018,Nomura Bank International
Q3-09,2009-02-18,6.8,08-31-2009,Nomura Bank International
Q4-09,2009-02-18,6.7,08-31-2009,Nomura Bank International
2010,2009-02-18,6.4,08-31-2009,Nomura Bank International
Q2-14,2013-07-01,6.18,05-31-2014,Nomura Bank International
Q2-14,2013-09-03,6.16,05-31-2014,Nomura Bank International
Q2-14,2013-10-18,6.16,05-31-2014,Nomura Bank International
Q2-14,2013-11-15,6.13,05-31-2014,Nomura Bank International
Q2-14,2014-03-13,6.06,05-31-2014,Nomura Bank International
Q3-14,2013-10-18,6.16,05-31-2014,Nomura Bank International
Q3-14,2013-11-15,6.13,05-31-2014,Nomura Bank International
Q3-14,2014-03-13,6.03,05-31-2014,Nomura Bank International
Q4-14,2013-05-07,6.18,05-31-2014,Nomura Bank International
Q4-14,2013-07-01,6.18,05-31-2014,Nomura Bank International
Q4-14,2013-09-03,6.16,05-31-2014,Nomura Bank International
Q4-14,2013-10-18,6.16,05-31-2014,Nomura Bank International
Q4-14,2013-11-15,6.13,05-31-2014,Nomura Bank International
Q4-14,2014-03-13,6.0,05-31-2014,Nomura Bank International
2015,2014-03-13,6.0,05-31-2014,Nomura Bank International
Q1-22,2021-05-27,6.36,02-28-2022,Nomura Bank International
Q1-22,2021-06-03,6.29,02-28-2022,Nomura Bank International
Q1-22,2021-06-04,6.29,02-28-2022,Nomura Bank International
Q1-22,2021-07-21,6.29,02-28-2022,Nomura Bank International
Q1-22,2021-07-30,6.36,02-28-2022,Nomura Bank International
Q1-22,2021-08-02,6.36,02-28-2022,Nomura Bank International
Q1-22,2021-09-16,6.32,02-28-2022,Nomura Bank International
Q1-22,2021-10-08,6.35,02-28-2022,Nomura Bank International
Q1-22,2021-11-17,6.35,02-28-2022,Nomura Bank International
Q1-22,2021-11-18,6.35,02-28-2022,Nomura Bank International
Q1-22,2021-11-25,6.35,02-28-2022,Nomura Bank International
Q1-22,2021-12-03,6.41,02-28-2022,Nomura Bank International
Q1-22,2022-02-11,6.41,02-28-2022,Nomura Bank International
Q1-22,2022-02-14,6.41,02-28-2022,Nomura Bank International
Q1-22,2022-02-17,6.41,02-28-2022,Nomura Bank International
Q1-22,2022-02-22,6.41,02-28-2022,Nomura Bank International
Q2-22,2021-06-03,6.26,02-28-2022,Nomura Bank International
Q2-22,2021-06-04,6.26,02-28-2022,Nomura Bank International
Q2-22,2021-07-30,6.33,02-28-2022,Nomura Bank International
Q2-22,2021-08-02,6.33,02-28-2022,Nomura Bank International
Q2-22,2021-09-16,6.3,02-28-2022,Nomura Bank International
Q2-22,2021-10-08,6.3,02-28-2022,Nomura Bank International
Q2-22,2021-11-17,6.3,02-28-2022,Nomura Bank International
Q2-22,2021-11-18,6.3,02-28-2022,Nomura Bank International
Q2-22,2021-11-25,6.3,02-28-2022,Nomura Bank International
Q2-22,2021-12-03,6.34,02-28-2022,Nomura Bank International
Q2-22,2022-02-11,6.34,02-28-2022,Nomura Bank International
Q2-22,2022-02-14,6.34,02-28-2022,Nomura Bank International
Q2-22,2022-02-17,6.34,02-28-2022,Nomura Bank International
Q2-22,2022-02-22,6.34,02-28-2022,Nomura Bank International
Q3-22,2021-06-03,6.23,02-28-2022,Nomura Bank International
Q3-22,2021-06-04,6.23,02-28-2022,Nomura Bank International
Q3-22,2021-07-30,6.35,02-28-2022,Nomura Bank International
Q3-22,2021-08-02,6.35,02-28-2022,Nomura Bank International
Q3-22,2021-09-16,6.31,02-28-2022,Nomura Bank International
Q3-22,2021-10-08,6.35,02-28-2022,Nomura Bank International
Q3-22,2021-11-17,6.35,02-28-2022,Nomura Bank International
Q3-22,2021-11-18,6.35,02-28-2022,Nomura Bank International
Q3-22,2021-11-25,6.35,02-28-2022,Nomura Bank International
Q3-22,2021-12-03,6.28,02-28-2022,Nomura Bank International
Q3-22,2022-02-11,6.28,02-28-2022,Nomura Bank International
Q3-22,2022-02-14,6.28,02-28-2022,Nomura Bank International
Q3-22,2022-02-17,6.28,02-28-2022,Nomura Bank International
Q3-22,2022-02-22,6.28,02-28-2022,Nomura Bank International
Q4-22,2020-09-18,6.65,02-28-2022,Nomura Bank International
Q4-22,2020-09-25,6.65,02-28-2022,Nomura Bank International
Q4-22,2020-10-01,6.65,02-28-2022,Nomura Bank International
Q4-22,2020-10-02,6.65,02-28-2022,Nomura Bank International
Q4-22,2020-10-12,6.65,02-28-2022,Nomura Bank International
Q4-22,2020-10-29,6.8,02-28-2022,Nomura Bank International
Q4-22,2020-10-30,6.8,02-28-2022,Nomura Bank International
Q4-22,2020-11-06,6.8,02-28-2022,Nomura Bank International
Q4-22,2020-11-09,6.8,02-28-2022,Nomura Bank International
Q4-22,2020-12-08,6.45,02-28-2022,Nomura Bank International
Q4-22,2021-02-17,6.45,02-28-2022,Nomura Bank International
Q4-22,2021-03-04,6.15,02-28-2022,Nomura Bank International
Q4-22,2021-03-05,6.15,02-28-2022,Nomura Bank International
Q4-22,2021-03-10,6.15,02-28-2022,Nomura Bank International
Q4-22,2021-04-08,6.25,02-28-2022,Nomura Bank International
Q4-22,2021-04-21,6.25,02-28-2022,Nomura Bank International
Q4-22,2021-05-27,6.25,02-28-2022,Nomura Bank International
Q4-22,2021-06-03,6.2,02-28-2022,Nomura Bank International
Q4-22,2021-06-04,6.2,02-28-2022,Nomura Bank International
Q4-22,2021-07-21,6.2,02-28-2022,Nomura Bank International
Q4-22,2021-07-30,6.36,02-28-2022,Nomura Bank International
Q4-22,2021-08-02,6.36,02-28-2022,Nomura Bank International
Q4-22,2021-09-16,6.33,02-28-2022,Nomura Bank International
Q4-22,2021-10-08,6.4,02-28-2022,Nomura Bank International
Q4-22,2021-11-17,6.4,02-28-2022,Nomura Bank International
Q4-22,2021-11-18,6.4,02-28-2022,Nomura Bank International
Q4-22,2021-11-25,6.4,02-28-2022,Nomura Bank International
Q4-22,2021-12-03,6.25,02-28-2022,Nomura Bank International
Q4-22,2022-02-11,6.25,02-28-2022,Nomura Bank International
Q4-22,2022-02-14,6.25,02-28-2022,Nomura Bank International
Q4-22,2022-02-17,6.25,02-28-2022,Nomura Bank International
Q4-22,2022-02-22,6.25,02-28-2022,Nomura Bank International
2023,2021-11-17,6.35,02-28-2022,Nomura Bank International
2023,2021-11-18,6.35,02-28-2022,Nomura Bank International
2023,2021-11-25,6.35,02-28-2022,Nomura Bank International
2023,2021-12-03,6.2,02-28-2022,Nomura Bank International
2023,2022-02-11,6.2,02-28-2022,Nomura Bank International
2023,2022-02-14,6.2,02-28-2022,Nomura Bank International
2023,2022-02-17,6.2,02-28-2022,Nomura Bank International
2023,2022-02-22,6.2,02-28-2022,Nomura Bank International
Q4-13,2011-12-06,5.96,11-30-2013,Nomura Bank International
Q4-13,2012-01-23,5.94,11-30-2013,Nomura Bank International
Q4-13,2012-02-07,5.94,11-30-2013,Nomura Bank International
Q4-13,2012-03-20,6.0,11-30-2013,Nomura Bank International
Q4-13,2012-05-10,6.0,11-30-2013,Nomura Bank International
Q4-13,2012-06-29,6.15,11-30-2013,Nomura Bank International
Q4-13,2012-08-06,6.15,11-30-2013,Nomura Bank International
Q4-13,2012-09-24,6.25,11-30-2013,Nomura Bank International
Q4-13,2012-11-09,6.24,11-30-2013,Nomura Bank International
Q4-13,2012-12-06,6.15,11-30-2013,Nomura Bank International
Q4-13,2013-01-21,6.15,11-30-2013,Nomura Bank International
Q4-13,2013-01-29,6.15,11-30-2013,Nomura Bank International
Q4-13,2013-03-13,6.17,11-30-2013,Nomura Bank International
Q4-13,2013-05-07,6.18,11-30-2013,Nomura Bank International
Q4-13,2013-07-01,6.18,11-30-2013,Nomura Bank International
Q4-13,2013-09-03,6.16,11-30-2013,Nomura Bank International
Q4-13,2013-10-18,6.16,11-30-2013,Nomura Bank International
Q4-13,2013-11-15,6.13,11-30-2013,Nomura Bank International
Q1-14,2013-03-13,6.15,11-30-2013,Nomura Bank International
Q1-14,2013-05-07,6.18,11-30-2013,Nomura Bank International
Q1-14,2013-07-01,6.18,11-30-2013,Nomura Bank International
Q1-14,2013-09-03,6.16,11-30-2013,Nomura Bank International
Q1-14,2013-10-18,6.16,11-30-2013,Nomura Bank International
Q1-14,2013-11-15,6.12,11-30-2013,Nomura Bank International
Q2-14,2013-07-01,6.18,11-30-2013,Nomura Bank International
Q2-14,2013-09-03,6.16,11-30-2013,Nomura Bank International
Q2-14,2013-10-18,6.16,11-30-2013,Nomura Bank International
Q2-14,2013-11-15,6.13,11-30-2013,Nomura Bank International
Q3-14,2013-10-18,6.16,11-30-2013,Nomura Bank International
Q3-14,2013-11-15,6.13,11-30-2013,Nomura Bank International
2014,2013-05-07,6.18,11-30-2013,Nomura Bank International
2014,2013-07-01,6.18,11-30-2013,Nomura Bank International
2014,2013-09-03,6.16,11-30-2013,Nomura Bank International
2014,2013-10-18,6.16,11-30-2013,Nomura Bank International
2014,2013-11-15,6.13,11-30-2013,Nomura Bank International
Q1-14,2013-03-13,6.15,02-28-2014,Nomura Bank International
Q1-14,2013-05-07,6.18,02-28-2014,Nomura Bank International
Q1-14,2013-07-01,6.18,02-28-2014,Nomura Bank International
Q1-14,2013-09-03,6.16,02-28-2014,Nomura Bank International
Q1-14,2013-10-18,6.16,02-28-2014,Nomura Bank International
Q1-14,2013-11-15,6.12,02-28-2014,Nomura Bank International
Q2-14,2013-07-01,6.18,02-28-2014,Nomura Bank International
Q2-14,2013-09-03,6.16,02-28-2014,Nomura Bank International
Q2-14,2013-10-18,6.16,02-28-2014,Nomura Bank International
Q2-14,2013-11-15,6.13,02-28-2014,Nomura Bank International
Q3-14,2013-10-18,6.16,02-28-2014,Nomura Bank International
Q3-14,2013-11-15,6.13,02-28-2014,Nomura Bank International
Q4-14,2013-05-07,6.18,02-28-2014,Nomura Bank International
Q4-14,2013-07-01,6.18,02-28-2014,Nomura Bank International
Q4-14,2013-09-03,6.16,02-28-2014,Nomura Bank International
Q4-14,2013-10-18,6.16,02-28-2014,Nomura Bank International
Q4-14,2013-11-15,6.13,02-28-2014,Nomura Bank International
Q3-13,2012-09-24,6.26,08-31-2013,Nomura Bank International
Q3-13,2012-11-09,6.25,08-31-2013,Nomura Bank International
Q3-13,2012-12-06,6.16,08-31-2013,Nomura Bank International
Q3-13,2013-01-21,6.16,08-31-2013,Nomura Bank International
Q3-13,2013-01-29,6.17,08-31-2013,Nomura Bank International
Q3-13,2013-03-13,6.18,08-31-2013,Nomura Bank International
Q3-13,2013-05-07,6.18,08-31-2013,Nomura Bank International
Q3-13,2013-07-01,6.18,08-31-2013,Nomura Bank International
Q4-13,2011-09-19,5.75,08-31-2013,Nomura Bank International
Q4-13,2011-10-25,5.88,08-31-2013,Nomura Bank International
Q4-13,2011-12-06,5.96,08-31-2013,Nomura Bank International
Q4-13,2012-01-23,5.94,08-31-2013,Nomura Bank International
Q4-13,2012-02-07,5.94,08-31-2013,Nomura Bank International
Q4-13,2012-03-20,6.0,08-31-2013,Nomura Bank International
Q4-13,2012-05-10,6.0,08-31-2013,Nomura Bank International
Q4-13,2012-06-29,6.15,08-31-2013,Nomura Bank International
Q4-13,2012-08-06,6.15,08-31-2013,Nomura Bank International
Q4-13,2012-09-24,6.25,08-31-2013,Nomura Bank International
Q4-13,2012-11-09,6.24,08-31-2013,Nomura Bank International
Q4-13,2012-12-06,6.15,08-31-2013,Nomura Bank International
Q4-13,2013-01-21,6.15,08-31-2013,Nomura Bank International
Q4-13,2013-01-29,6.15,08-31-2013,Nomura Bank International
Q4-13,2013-03-13,6.17,08-31-2013,Nomura Bank International
Q4-13,2013-05-07,6.18,08-31-2013,Nomura Bank International
Q4-13,2013-07-01,6.18,08-31-2013,Nomura Bank International
Q1-14,2013-03-13,6.15,08-31-2013,Nomura Bank International
Q1-14,2013-05-07,6.18,08-31-2013,Nomura Bank International
Q1-14,2013-07-01,6.18,08-31-2013,Nomura Bank International
Q2-14,2013-07-01,6.18,08-31-2013,Nomura Bank International
2014,2013-05-07,6.18,08-31-2013,Nomura Bank International
2014,2013-07-01,6.18,08-31-2013,Nomura Bank International
Q2-18,2017-09-15,6.75,05-31-2018,Nomura Bank International
Q2-18,2017-09-19,6.75,05-31-2018,Nomura Bank International
Q2-18,2017-11-24,6.68,05-31-2018,Nomura Bank International
Q2-18,2018-01-23,6.65,05-31-2018,Nomura Bank International
Q2-18,2018-02-01,6.38,05-31-2018,Nomura Bank International
Q2-18,2018-03-08,6.25,05-31-2018,Nomura Bank International
Q3-18,2017-09-15,6.8,05-31-2018,Nomura Bank International
Q3-18,2017-09-19,6.8,05-31-2018,Nomura Bank International
Q3-18,2017-11-24,6.71,05-31-2018,Nomura Bank International
Q3-18,2018-01-23,6.75,05-31-2018,Nomura Bank International
Q3-18,2018-02-01,6.55,05-31-2018,Nomura Bank International
Q3-18,2018-03-08,6.29,05-31-2018,Nomura Bank International
Q4-18,2017-01-04,7.1,05-31-2018,Nomura Bank International
Q4-18,2017-07-10,7.1,05-31-2018,Nomura Bank International
Q4-18,2017-09-15,6.85,05-31-2018,Nomura Bank International
Q4-18,2017-09-19,6.85,05-31-2018,Nomura Bank International
Q4-18,2017-11-24,6.75,05-31-2018,Nomura Bank International
Q4-18,2018-01-23,6.8,05-31-2018,Nomura Bank International
Q4-18,2018-02-01,6.6,05-31-2018,Nomura Bank International
Q4-18,2018-03-08,6.35,05-31-2018,Nomura Bank International
2019,2017-01-04,6.8,05-31-2018,Nomura Bank International
2019,2017-09-15,6.8,05-31-2018,Nomura Bank International
2019,2017-09-19,6.8,05-31-2018,Nomura Bank International
2019,2017-11-24,6.8,05-31-2018,Nomura Bank International
2019,2018-01-23,6.9,05-31-2018,Nomura Bank International
2019,2018-02-01,6.7,05-31-2018,Nomura Bank International
2019,2018-03-08,6.35,05-31-2018,Nomura Bank International
Q4-09,2009-02-18,6.7,11-30-2009,Nomura Bank International
Q4-09,2009-11-30,6.82,11-30-2009,Nomura Bank International
Q1-10,2009-11-30,6.82,11-30-2009,Nomura Bank International
Q2-10,2009-11-30,6.68,11-30-2009,Nomura Bank International
Q3-10,2009-11-30,6.55,11-30-2009,Nomura Bank International
2010,2009-02-18,6.4,11-30-2009,Nomura Bank International
2010,2009-11-30,6.45,11-30-2009,Nomura Bank International
2011,2009-11-30,6.1,11-30-2009,Nomura Bank International
Q4-14,2013-05-07,6.18,11-30-2014,Nomura Bank International
Q4-14,2013-07-01,6.18,11-30-2014,Nomura Bank International
Q4-14,2013-09-03,6.16,11-30-2014,Nomura Bank International
Q4-14,2013-10-18,6.16,11-30-2014,Nomura Bank International
Q4-14,2013-11-15,6.13,11-30-2014,Nomura Bank International
Q4-14,2014-03-13,6.0,11-30-2014,Nomura Bank International
Q4-14,2014-07-10,6.05,11-30-2014,Nomura Bank International
Q4-14,2014-08-12,6.05,11-30-2014,Nomura Bank International
Q4-14,2014-10-27,6.1,11-30-2014,Nomura Bank International
Q1-15,2014-07-10,6.05,11-30-2014,Nomura Bank International
Q1-15,2014-08-12,6.05,11-30-2014,Nomura Bank International
Q1-15,2014-10-27,6.1,11-30-2014,Nomura Bank International
Q2-15,2014-07-10,6.04,11-30-2014,Nomura Bank International
Q2-15,2014-08-12,6.04,11-30-2014,Nomura Bank International
Q2-15,2014-10-27,6.12,11-30-2014,Nomura Bank International
Q3-15,2014-10-27,6.11,11-30-2014,Nomura Bank International
2015,2014-03-13,6.0,11-30-2014,Nomura Bank International
2015,2014-07-10,6.02,11-30-2014,Nomura Bank International
2015,2014-08-12,6.02,11-30-2014,Nomura Bank International
2015,2014-10-27,6.1,11-30-2014,Nomura Bank International
Q1-09,2009-02-18,6.85,02-28-2009,Nomura Bank International
Q2-09,2009-02-18,6.85,02-28-2009,Nomura Bank International
Q3-09,2009-02-18,6.8,02-28-2009,Nomura Bank International
Q4-09,2009-02-18,6.7,02-28-2009,Nomura Bank International
2010,2009-02-18,6.4,02-28-2009,Nomura Bank International
Q2-13,2012-06-29,6.21,05-31-2013,Nomura Bank International
Q2-13,2012-08-06,6.21,05-31-2013,Nomura Bank International
Q2-13,2012-09-24,6.28,05-31-2013,Nomura Bank International
Q2-13,2012-11-09,6.26,05-31-2013,Nomura Bank International
Q2-13,2012-12-06,6.18,05-31-2013,Nomura Bank International
Q2-13,2013-01-21,6.18,05-31-2013,Nomura Bank International
Q2-13,2013-01-29,6.18,05-31-2013,Nomura Bank International
Q2-13,2013-05-07,6.19,05-31-2013,Nomura Bank International
Q3-13,2012-09-24,6.26,05-31-2013,Nomura Bank International
Q3-13,2012-11-09,6.25,05-31-2013,Nomura Bank International
Q3-13,2012-12-06,6.16,05-31-2013,Nomura Bank International
Q3-13,2013-01-21,6.16,05-31-2013,Nomura Bank International
Q3-13,2013-01-29,6.17,05-31-2013,Nomura Bank International
Q3-13,2013-03-13,6.18,05-31-2013,Nomura Bank International
Q3-13,2013-05-07,6.18,05-31-2013,Nomura Bank International
Q4-13,2011-09-19,5.75,05-31-2013,Nomura Bank International
Q4-13,2011-10-25,5.88,05-31-2013,Nomura Bank International
Q4-13,2011-12-06,5.96,05-31-2013,Nomura Bank International
Q4-13,2012-01-23,5.94,05-31-2013,Nomura Bank International
Q4-13,2012-02-07,5.94,05-31-2013,Nomura Bank International
Q4-13,2012-03-20,6.0,05-31-2013,Nomura Bank International
Q4-13,2012-05-10,6.0,05-31-2013,Nomura Bank International
Q4-13,2012-06-29,6.15,05-31-2013,Nomura Bank International
Q4-13,2012-08-06,6.15,05-31-2013,Nomura Bank International
Q4-13,2012-09-24,6.25,05-31-2013,Nomura Bank International
Q4-13,2012-11-09,6.24,05-31-2013,Nomura Bank International
Q4-13,2012-12-06,6.15,05-31-2013,Nomura Bank International
Q4-13,2013-01-21,6.15,05-31-2013,Nomura Bank International
Q4-13,2013-01-29,6.15,05-31-2013,Nomura Bank International
Q4-13,2013-03-13,6.17,05-31-2013,Nomura Bank International
Q4-13,2013-05-07,6.18,05-31-2013,Nomura Bank International
Q1-14,2013-03-13,6.15,05-31-2013,Nomura Bank International
Q1-14,2013-05-07,6.18,05-31-2013,Nomura Bank International
2014,2013-05-07,6.18,05-31-2013,Nomura Bank International
Q3-18,2017-09-15,6.8,08-31-2018,Nomura Bank International
Q3-18,2017-09-19,6.8,08-31-2018,Nomura Bank International
Q3-18,2017-11-24,6.71,08-31-2018,Nomura Bank International
Q3-18,2018-01-23,6.75,08-31-2018,Nomura Bank International
Q3-18,2018-02-01,6.55,08-31-2018,Nomura Bank International
Q3-18,2018-03-08,6.29,08-31-2018,Nomura Bank International
Q3-18,2018-07-23,6.7,08-31-2018,Nomura Bank International
Q4-18,2017-01-04,7.1,08-31-2018,Nomura Bank International
Q4-18,2017-07-10,7.1,08-31-2018,Nomura Bank International
Q4-18,2017-09-15,6.85,08-31-2018,Nomura Bank International
Q4-18,2017-09-19,6.85,08-31-2018,Nomura Bank International
Q4-18,2017-11-24,6.75,08-31-2018,Nomura Bank International
Q4-18,2018-01-23,6.8,08-31-2018,Nomura Bank International
Q4-18,2018-02-01,6.6,08-31-2018,Nomura Bank International
Q4-18,2018-03-08,6.35,08-31-2018,Nomura Bank International
Q4-18,2018-07-23,6.5,08-31-2018,Nomura Bank International
2019,2017-01-04,6.8,08-31-2018,Nomura Bank International
2019,2017-09-15,6.8,08-31-2018,Nomura Bank International
2019,2017-09-19,6.8,08-31-2018,Nomura Bank International
2019,2017-11-24,6.8,08-31-2018,Nomura Bank International
2019,2018-01-23,6.9,08-31-2018,Nomura Bank International
2019,2018-02-01,6.7,08-31-2018,Nomura Bank International
2019,2018-03-08,6.35,08-31-2018,Nomura Bank International
2019,2018-07-23,6.68,08-31-2018,Nomura Bank International
Q4-18,2017-01-04,7.1,11-30-2018,Nomura Bank International
Q4-18,2017-07-10,7.1,11-30-2018,Nomura Bank International
Q4-18,2017-09-15,6.85,11-30-2018,Nomura Bank International
Q4-18,2017-09-19,6.85,11-30-2018,Nomura Bank International
Q4-18,2017-11-24,6.75,11-30-2018,Nomura Bank International
Q4-18,2018-01-23,6.8,11-30-2018,Nomura Bank International
Q4-18,2018-02-01,6.6,11-30-2018,Nomura Bank International
Q4-18,2018-03-08,6.35,11-30-2018,Nomura Bank International
Q4-18,2018-07-23,6.5,11-30-2018,Nomura Bank International
Q4-18,2018-10-29,7.09,11-30-2018,Nomura Bank International
Q4-18,2018-11-08,7.1,11-30-2018,Nomura Bank International
Q4-18,2018-11-30,7.1,11-30-2018,Nomura Bank International
Q1-19,2018-10-29,7.04,11-30-2018,Nomura Bank International
Q1-19,2018-11-08,7.04,11-30-2018,Nomura Bank International
Q1-19,2018-11-30,7.04,11-30-2018,Nomura Bank International
2019,2017-01-04,6.8,11-30-2018,Nomura Bank International
2019,2017-09-15,6.8,11-30-2018,Nomura Bank International
2019,2017-09-19,6.8,11-30-2018,Nomura Bank International
2019,2017-11-24,6.8,11-30-2018,Nomura Bank International
2019,2018-01-23,6.9,11-30-2018,Nomura Bank International
2019,2018-02-01,6.7,11-30-2018,Nomura Bank International
2019,2018-03-08,6.35,11-30-2018,Nomura Bank International
2019,2018-07-23,6.68,11-30-2018,Nomura Bank International
2019,2018-10-29,7.0,11-30-2018,Nomura Bank International
2019,2018-11-08,6.8,11-30-2018,Nomura Bank International
2019,2018-11-30,6.8,11-30-2018,Nomura Bank International
Q3-14,2013-10-18,6.16,08-31-2014,Nomura Bank International
Q3-14,2013-11-15,6.13,08-31-2014,Nomura Bank International
Q3-14,2014-03-13,6.03,08-31-2014,Nomura Bank International
Q3-14,2014-07-10,6.1,08-31-2014,Nomura Bank International
Q3-14,2014-08-12,6.1,08-31-2014,Nomura Bank International
Q4-14,2013-05-07,6.18,08-31-2014,Nomura Bank International
Q4-14,2013-07-01,6.18,08-31-2014,Nomura Bank International
Q4-14,2013-09-03,6.16,08-31-2014,Nomura Bank International
Q4-14,2013-10-18,6.16,08-31-2014,Nomura Bank International
Q4-14,2013-11-15,6.13,08-31-2014,Nomura Bank International
Q4-14,2014-03-13,6.0,08-31-2014,Nomura Bank International
Q4-14,2014-07-10,6.05,08-31-2014,Nomura Bank International
Q4-14,2014-08-12,6.05,08-31-2014,Nomura Bank International
Q1-15,2014-07-10,6.05,08-31-2014,Nomura Bank International
Q1-15,2014-08-12,6.05,08-31-2014,Nomura Bank International
Q2-15,2014-07-10,6.04,08-31-2014,Nomura Bank International
Q2-15,2014-08-12,6.04,08-31-2014,Nomura Bank International
2015,2014-03-13,6.0,08-31-2014,Nomura Bank International
2015,2014-07-10,6.02,08-31-2014,Nomura Bank International
2015,2014-08-12,6.02,08-31-2014,Nomura Bank International
Q2-09,2009-02-18,6.85,05-31-2009,Nomura Bank International
Q3-09,2009-02-18,6.8,05-31-2009,Nomura Bank International
Q4-09,2009-02-18,6.7,05-31-2009,Nomura Bank International
2010,2009-02-18,6.4,05-31-2009,Nomura Bank International
Q1-13,2012-03-20,6.11,02-28-2013,Nomura Bank International
Q1-13,2012-05-10,6.11,02-28-2013,Nomura Bank International
Q1-13,2012-06-29,6.24,02-28-2013,Nomura Bank International
Q1-13,2012-08-06,6.24,02-28-2013,Nomura Bank International
Q1-13,2012-09-24,6.29,02-28-2013,Nomura Bank International
Q1-13,2012-11-09,6.26,02-28-2013,Nomura Bank International
Q1-13,2012-12-06,6.22,02-28-2013,Nomura Bank International
Q1-13,2013-01-21,6.22,02-28-2013,Nomura Bank International
Q1-13,2013-01-29,6.22,02-28-2013,Nomura Bank International
Q2-13,2012-06-29,6.21,02-28-2013,Nomura Bank International
Q2-13,2012-08-06,6.21,02-28-2013,Nomura Bank International
Q2-13,2012-09-24,6.28,02-28-2013,Nomura Bank International
Q2-13,2012-11-09,6.26,02-28-2013,Nomura Bank International
Q2-13,2012-12-06,6.18,02-28-2013,Nomura Bank International
Q2-13,2013-01-21,6.18,02-28-2013,Nomura Bank International
Q2-13,2013-01-29,6.18,02-28-2013,Nomura Bank International
Q3-13,2012-09-24,6.26,02-28-2013,Nomura Bank International
Q3-13,2012-11-09,6.25,02-28-2013,Nomura Bank International
Q3-13,2012-12-06,6.16,02-28-2013,Nomura Bank International
Q3-13,2013-01-21,6.16,02-28-2013,Nomura Bank International
Q3-13,2013-01-29,6.17,02-28-2013,Nomura Bank International
Q4-13,2011-09-19,5.75,02-28-2013,Nomura Bank International
Q4-13,2011-10-25,5.88,02-28-2013,Nomura Bank International
Q4-13,2011-12-06,5.96,02-28-2013,Nomura Bank International
Q4-13,2012-01-23,5.94,02-28-2013,Nomura Bank International
Q4-13,2012-02-07,5.94,02-28-2013,Nomura Bank International
Q4-13,2012-03-20,6.0,02-28-2013,Nomura Bank International
Q4-13,2012-05-10,6.0,02-28-2013,Nomura Bank International
Q4-13,2012-06-29,6.15,02-28-2013,Nomura Bank International
Q4-13,2012-08-06,6.15,02-28-2013,Nomura Bank International
Q4-13,2012-09-24,6.25,02-28-2013,Nomura Bank International
Q4-13,2012-11-09,6.24,02-28-2013,Nomura Bank International
Q4-13,2012-12-06,6.15,02-28-2013,Nomura Bank International
Q4-13,2013-01-21,6.15,02-28-2013,Nomura Bank International
Q4-13,2013-01-29,6.15,02-28-2013,Nomura Bank International
Q1-12,2011-03-22,6.14,02-28-2012,Nomura Bank International
Q1-12,2011-04-04,6.14,02-28-2012,Nomura Bank International
Q1-12,2011-05-05,6.14,02-28-2012,Nomura Bank International
Q1-12,2011-05-23,6.14,02-28-2012,Nomura Bank International
Q1-12,2011-06-10,6.14,02-28-2012,Nomura Bank International
Q1-12,2011-07-05,6.14,02-28-2012,Nomura Bank International
Q1-12,2011-07-25,6.16,02-28-2012,Nomura Bank International
Q1-12,2011-09-19,6.16,02-28-2012,Nomura Bank International
Q1-12,2011-10-25,6.25,02-28-2012,Nomura Bank International
Q1-12,2011-12-06,6.32,02-28-2012,Nomura Bank International
Q1-12,2012-01-23,6.25,02-28-2012,Nomura Bank International
Q1-12,2012-02-07,6.25,02-28-2012,Nomura Bank International
Q2-12,2011-07-25,6.08,02-28-2012,Nomura Bank International
Q2-12,2011-09-19,6.08,02-28-2012,Nomura Bank International
Q2-12,2011-10-25,6.16,02-28-2012,Nomura Bank International
Q2-12,2011-12-06,6.25,02-28-2012,Nomura Bank International
Q2-12,2012-01-23,6.19,02-28-2012,Nomura Bank International
Q2-12,2012-02-07,6.19,02-28-2012,Nomura Bank International
Q3-12,2011-09-19,6.02,02-28-2012,Nomura Bank International
Q3-12,2011-10-25,6.1,02-28-2012,Nomura Bank International
Q3-12,2011-12-06,6.23,02-28-2012,Nomura Bank International
Q3-12,2012-01-23,6.17,02-28-2012,Nomura Bank International
Q3-12,2012-02-07,6.17,02-28-2012,Nomura Bank International
Q4-12,2010-05-20,5.9,02-28-2012,Nomura Bank International
Q4-12,2011-03-22,5.9,02-28-2012,Nomura Bank International
Q4-12,2011-04-04,5.9,02-28-2012,Nomura Bank International
Q4-12,2011-05-05,5.9,02-28-2012,Nomura Bank International
Q4-12,2011-05-23,5.9,02-28-2012,Nomura Bank International
Q4-12,2011-06-10,5.9,02-28-2012,Nomura Bank International
Q4-12,2011-07-05,5.9,02-28-2012,Nomura Bank International
Q4-12,2011-07-25,5.95,02-28-2012,Nomura Bank International
Q4-12,2011-09-19,5.95,02-28-2012,Nomura Bank International
Q4-12,2011-10-25,6.08,02-28-2012,Nomura Bank International
Q4-12,2011-12-06,6.17,02-28-2012,Nomura Bank International
Q4-12,2012-01-23,6.15,02-28-2012,Nomura Bank International
Q4-12,2012-02-07,6.15,02-28-2012,Nomura Bank International
2013,2011-09-19,5.75,02-28-2012,Nomura Bank International
2013,2011-10-25,5.88,02-28-2012,Nomura Bank International
2013,2011-12-06,5.96,02-28-2012,Nomura Bank International
2013,2012-01-23,5.94,02-28-2012,Nomura Bank International
2013,2012-02-07,5.94,02-28-2012,Nomura Bank International
Q3-15,2014-10-27,6.11,08-31-2015,Nomura Bank International
Q3-15,2015-01-05,6.12,08-31-2015,Nomura Bank International
Q3-15,2015-03-02,6.12,08-31-2015,Nomura Bank International
Q3-15,2015-04-08,6.17,08-31-2015,Nomura Bank International
Q3-15,2015-05-27,6.17,08-31-2015,Nomura Bank International
Q3-15,2015-07-23,6.12,08-31-2015,Nomura Bank International
Q4-15,2014-03-13,6.0,08-31-2015,Nomura Bank International
Q4-15,2014-07-10,6.02,08-31-2015,Nomura Bank International
Q4-15,2014-08-12,6.02,08-31-2015,Nomura Bank International
Q4-15,2014-10-27,6.1,08-31-2015,Nomura Bank International
Q4-15,2015-01-05,6.12,08-31-2015,Nomura Bank International
Q4-15,2015-03-02,6.12,08-31-2015,Nomura Bank International
Q4-15,2015-04-08,6.16,08-31-2015,Nomura Bank International
Q4-15,2015-05-27,6.16,08-31-2015,Nomura Bank International
Q4-15,2015-07-23,6.13,08-31-2015,Nomura Bank International
Q1-16,2015-04-08,6.16,08-31-2015,Nomura Bank International
Q1-16,2015-05-27,6.16,08-31-2015,Nomura Bank International
Q1-16,2015-07-23,6.12,08-31-2015,Nomura Bank International
Q2-16,2015-07-23,6.13,08-31-2015,Nomura Bank International
2016,2015-01-05,6.1,08-31-2015,Nomura Bank International
2016,2015-03-02,6.1,08-31-2015,Nomura Bank International
2016,2015-04-08,6.16,08-31-2015,Nomura Bank International
2016,2015-05-27,6.16,08-31-2015,Nomura Bank International
2016,2015-07-23,6.14,08-31-2015,Nomura Bank International
2020,2018-11-08,7.28,11-30-2019,Nomura Bank International
2020,2018-11-30,7.28,11-30-2019,Nomura Bank International
2020,2019-11-27,7.28,11-30-2019,Nomura Bank International
Q4-19,2018-01-23,6.9,11-30-2019,Nomura Bank International
Q4-19,2018-02-01,6.7,11-30-2019,Nomura Bank International
Q4-19,2018-03-08,6.35,11-30-2019,Nomura Bank International
Q4-19,2018-07-23,6.68,11-30-2019,Nomura Bank International
Q4-19,2018-10-29,7.0,11-30-2019,Nomura Bank International
Q4-19,2018-11-08,7.1,11-30-2019,Nomura Bank International
Q4-19,2018-11-30,7.1,11-30-2019,Nomura Bank International
Q4-19,2019-01-07,7.1,11-30-2019,Nomura Bank International
Q4-19,2019-11-19,7.0,11-30-2019,Nomura Bank International
Q4-19,2019-11-27,7.0,11-30-2019,Nomura Bank International
Q2-20,2019-11-19,7.29,11-30-2019,Nomura Bank International
Q2-20,2019-11-27,7.29,11-30-2019,Nomura Bank International
Q1-20,2019-11-19,7.19,11-30-2019,Nomura Bank International
Q1-20,2019-11-27,7.19,11-30-2019,Nomura Bank International
Q3-19,2018-11-08,7.05,08-31-2019,Nomura Bank International
Q3-19,2018-11-30,7.05,08-31-2019,Nomura Bank International
Q3-19,2019-01-07,7.05,08-31-2019,Nomura Bank International
Q4-19,2017-09-15,6.8,08-31-2019,Nomura Bank International
Q4-19,2017-09-19,6.8,08-31-2019,Nomura Bank International
Q4-19,2017-11-24,6.8,08-31-2019,Nomura Bank International
Q4-19,2018-01-23,6.9,08-31-2019,Nomura Bank International
Q4-19,2018-02-01,6.7,08-31-2019,Nomura Bank International
Q4-19,2018-03-08,6.35,08-31-2019,Nomura Bank International
Q4-19,2018-07-23,6.68,08-31-2019,Nomura Bank International
Q4-19,2018-10-29,7.0,08-31-2019,Nomura Bank International
Q4-19,2018-11-08,7.1,08-31-2019,Nomura Bank International
Q4-19,2018-11-30,7.1,08-31-2019,Nomura Bank International
Q4-19,2019-01-07,7.1,08-31-2019,Nomura Bank International
Q2-12,2011-07-25,6.08,05-31-2012,Nomura Bank International
Q2-12,2011-09-19,6.08,05-31-2012,Nomura Bank International
Q2-12,2011-10-25,6.16,05-31-2012,Nomura Bank International
Q2-12,2011-12-06,6.25,05-31-2012,Nomura Bank International
Q2-12,2012-01-23,6.19,05-31-2012,Nomura Bank International
Q2-12,2012-02-07,6.19,05-31-2012,Nomura Bank International
Q2-12,2012-03-20,6.18,05-31-2012,Nomura Bank International
Q2-12,2012-05-10,6.18,05-31-2012,Nomura Bank International
Q3-12,2011-09-19,6.02,05-31-2012,Nomura Bank International
Q3-12,2011-10-25,6.1,05-31-2012,Nomura Bank International
Q3-12,2011-12-06,6.23,05-31-2012,Nomura Bank International
Q3-12,2012-01-23,6.17,05-31-2012,Nomura Bank International
Q3-12,2012-02-07,6.17,05-31-2012,Nomura Bank International
Q3-12,2012-03-20,6.17,05-31-2012,Nomura Bank International
Q3-12,2012-05-10,6.17,05-31-2012,Nomura Bank International
Q4-12,2011-03-22,5.9,05-31-2012,Nomura Bank International
Q4-12,2011-04-04,5.9,05-31-2012,Nomura Bank International
Q4-12,2011-05-05,5.9,05-31-2012,Nomura Bank International
Q4-12,2011-05-23,5.9,05-31-2012,Nomura Bank International
Q4-12,2011-06-10,5.9,05-31-2012,Nomura Bank International
Q4-12,2011-07-05,5.9,05-31-2012,Nomura Bank International
Q4-12,2011-07-25,5.95,05-31-2012,Nomura Bank International
Q4-12,2011-09-19,5.95,05-31-2012,Nomura Bank International
Q4-12,2011-10-25,6.08,05-31-2012,Nomura Bank International
Q4-12,2011-12-06,6.17,05-31-2012,Nomura Bank International
Q4-12,2012-01-23,6.15,05-31-2012,Nomura Bank International
Q4-12,2012-02-07,6.15,05-31-2012,Nomura Bank International
Q4-12,2012-03-20,6.15,05-31-2012,Nomura Bank International
Q4-12,2012-05-10,6.15,05-31-2012,Nomura Bank International
Q1-13,2012-03-20,6.11,05-31-2012,Nomura Bank International
Q1-13,2012-05-10,6.11,05-31-2012,Nomura Bank International
2013,2011-09-19,5.75,05-31-2012,Nomura Bank International
2013,2011-10-25,5.88,05-31-2012,Nomura Bank International
2013,2011-12-06,5.96,05-31-2012,Nomura Bank International
2013,2012-01-23,5.94,05-31-2012,Nomura Bank International
2013,2012-02-07,5.94,05-31-2012,Nomura Bank International
2013,2012-03-20,6.0,05-31-2012,Nomura Bank International
2013,2012-05-10,6.0,05-31-2012,Nomura Bank International
Q4-15,2014-03-13,6.0,11-30-2015,Nomura Bank International
Q4-15,2014-07-10,6.02,11-30-2015,Nomura Bank International
Q4-15,2014-08-12,6.02,11-30-2015,Nomura Bank International
Q4-15,2014-10-27,6.1,11-30-2015,Nomura Bank International
Q4-15,2015-01-05,6.12,11-30-2015,Nomura Bank International
Q4-15,2015-03-02,6.12,11-30-2015,Nomura Bank International
Q4-15,2015-04-08,6.16,11-30-2015,Nomura Bank International
Q4-15,2015-05-27,6.16,11-30-2015,Nomura Bank International
Q4-15,2015-07-23,6.13,11-30-2015,Nomura Bank International
Q4-15,2015-10-02,6.6,11-30-2015,Nomura Bank International
Q4-15,2015-11-04,6.5,11-30-2015,Nomura Bank International
Q1-16,2015-04-08,6.16,11-30-2015,Nomura Bank International
Q1-16,2015-05-27,6.16,11-30-2015,Nomura Bank International
Q1-16,2015-07-23,6.12,11-30-2015,Nomura Bank International
Q1-16,2015-10-02,6.54,11-30-2015,Nomura Bank International
Q1-16,2015-11-04,6.6,11-30-2015,Nomura Bank International
Q2-16,2015-07-23,6.13,11-30-2015,Nomura Bank International
Q2-16,2015-10-02,6.5,11-30-2015,Nomura Bank International
Q2-16,2015-11-04,6.65,11-30-2015,Nomura Bank International
Q3-16,2015-10-02,6.55,11-30-2015,Nomura Bank International
Q3-16,2015-11-04,6.75,11-30-2015,Nomura Bank International
2016,2015-01-05,6.1,11-30-2015,Nomura Bank International
2016,2015-03-02,6.1,11-30-2015,Nomura Bank International
2016,2015-04-08,6.16,11-30-2015,Nomura Bank International
2016,2015-05-27,6.16,11-30-2015,Nomura Bank International
2016,2015-07-23,6.14,11-30-2015,Nomura Bank International
2016,2015-10-02,6.6,11-30-2015,Nomura Bank International
2016,2015-11-04,6.75,11-30-2015,Nomura Bank International
