period,change_date,change,file,company
Q3-20,2019-12-25,6.94,08-31-2020,Prestige Economics LLC
Q3-20,2020-01-31,6.92,08-31-2020,Prestige Economics LLC
Q3-20,2020-03-02,6.92,08-31-2020,Prestige Economics LLC
Q3-20,2020-03-31,7.02,08-31-2020,Prestige Economics LLC
Q3-20,2020-04-30,7.02,08-31-2020,Prestige Economics LLC
Q3-20,2020-06-01,7.02,08-31-2020,Prestige Economics LLC
Q3-20,2020-06-29,7.02,08-31-2020,Prestige Economics LLC
Q3-20,2020-07-31,6.94,08-31-2020,Prestige Economics LLC
Q3-20,2020-08-31,6.82,08-31-2020,Prestige Economics LLC
Q4-20,2019-12-25,6.9,08-31-2020,Prestige Economics LLC
Q4-20,2020-01-31,6.9,08-31-2020,Prestige Economics LLC
Q4-20,2020-03-02,6.9,08-31-2020,Prestige Economics LLC
Q4-20,2020-03-31,7.0,08-31-2020,Prestige Economics LLC
Q4-20,2020-04-30,7.0,08-31-2020,Prestige Economics LLC
Q4-20,2020-06-01,7.0,08-31-2020,Prestige Economics LLC
Q4-20,2020-06-29,7.0,08-31-2020,Prestige Economics LLC
Q4-20,2020-07-31,6.98,08-31-2020,Prestige Economics LLC
Q4-20,2020-08-31,6.9,08-31-2020,Prestige Economics LLC
Q1-21,2020-03-31,6.98,08-31-2020,Prestige Economics LLC
Q1-21,2020-04-30,6.98,08-31-2020,Prestige Economics LLC
Q1-21,2020-06-01,6.98,08-31-2020,Prestige Economics LLC
Q1-21,2020-06-29,6.98,08-31-2020,Prestige Economics LLC
Q1-21,2020-07-31,6.96,08-31-2020,Prestige Economics LLC
Q1-21,2020-08-31,6.85,08-31-2020,Prestige Economics LLC
Q2-21,2020-06-29,6.96,08-31-2020,Prestige Economics LLC
Q2-21,2020-07-31,6.95,08-31-2020,Prestige Economics LLC
Q2-21,2020-08-31,6.82,08-31-2020,Prestige Economics LLC
Q4-16,2014-12-31,5.95,11-30-2016,Prestige Economics LLC
Q4-16,2015-01-15,5.95,11-30-2016,Prestige Economics LLC
Q4-16,2015-02-02,6.02,11-30-2016,Prestige Economics LLC
Q4-16,2015-03-02,6.04,11-30-2016,Prestige Economics LLC
Q4-16,2015-03-30,6.04,11-30-2016,Prestige Economics LLC
Q4-16,2015-05-01,6.04,11-30-2016,Prestige Economics LLC
Q4-16,2015-06-01,6.04,11-30-2016,Prestige Economics LLC
Q4-16,2015-06-29,6.06,11-30-2016,Prestige Economics LLC
Q4-16,2015-07-31,6.16,11-30-2016,Prestige Economics LLC
Q4-16,2015-08-31,6.3,11-30-2016,Prestige Economics LLC
Q4-16,2015-09-28,6.3,11-30-2016,Prestige Economics LLC
Q4-16,2015-11-02,6.24,11-30-2016,Prestige Economics LLC
Q4-16,2015-12-01,6.24,11-30-2016,Prestige Economics LLC
Q4-16,2015-12-31,6.24,11-30-2016,Prestige Economics LLC
Q4-16,2016-01-29,6.4,11-30-2016,Prestige Economics LLC
Q4-16,2016-02-26,6.4,11-30-2016,Prestige Economics LLC
Q4-16,2016-03-31,6.36,11-30-2016,Prestige Economics LLC
Q4-16,2016-05-02,6.36,11-30-2016,Prestige Economics LLC
Q4-16,2016-05-23,6.4,11-30-2016,Prestige Economics LLC
Q4-16,2016-06-30,6.4,11-30-2016,Prestige Economics LLC
Q4-16,2016-08-01,6.55,11-30-2016,Prestige Economics LLC
Q4-16,2016-08-29,6.55,11-30-2016,Prestige Economics LLC
Q4-16,2016-09-30,6.55,11-30-2016,Prestige Economics LLC
Q4-16,2016-10-31,6.72,11-30-2016,Prestige Economics LLC
Q4-16,2016-11-28,6.75,11-30-2016,Prestige Economics LLC
Q1-17,2016-03-31,6.33,11-30-2016,Prestige Economics LLC
Q1-17,2016-05-02,6.33,11-30-2016,Prestige Economics LLC
Q1-17,2016-05-23,6.35,11-30-2016,Prestige Economics LLC
Q1-17,2016-06-30,6.35,11-30-2016,Prestige Economics LLC
Q1-17,2016-08-01,6.55,11-30-2016,Prestige Economics LLC
Q1-17,2016-08-29,6.55,11-30-2016,Prestige Economics LLC
Q1-17,2016-09-30,6.55,11-30-2016,Prestige Economics LLC
Q1-17,2016-10-31,6.64,11-30-2016,Prestige Economics LLC
Q1-17,2016-11-28,6.64,11-30-2016,Prestige Economics LLC
Q2-17,2016-03-31,6.3,11-30-2016,Prestige Economics LLC
Q2-17,2016-05-02,6.3,11-30-2016,Prestige Economics LLC
Q2-17,2016-05-23,6.3,11-30-2016,Prestige Economics LLC
Q2-17,2016-06-30,6.3,11-30-2016,Prestige Economics LLC
Q2-17,2016-08-01,6.5,11-30-2016,Prestige Economics LLC
Q2-17,2016-08-29,6.5,11-30-2016,Prestige Economics LLC
Q2-17,2016-09-30,6.5,11-30-2016,Prestige Economics LLC
Q2-17,2016-10-31,6.58,11-30-2016,Prestige Economics LLC
Q2-17,2016-11-28,6.58,11-30-2016,Prestige Economics LLC
Q3-17,2016-09-30,6.5,11-30-2016,Prestige Economics LLC
Q3-17,2016-10-31,6.52,11-30-2016,Prestige Economics LLC
Q3-17,2016-11-28,6.52,11-30-2016,Prestige Economics LLC
2017,2015-03-02,6.22,11-30-2016,Prestige Economics LLC
2017,2015-08-31,6.22,11-30-2016,Prestige Economics LLC
2017,2015-09-28,6.22,11-30-2016,Prestige Economics LLC
2017,2015-11-02,6.16,11-30-2016,Prestige Economics LLC
2017,2015-12-01,6.18,11-30-2016,Prestige Economics LLC
2017,2015-12-31,6.18,11-30-2016,Prestige Economics LLC
2017,2016-01-29,6.4,11-30-2016,Prestige Economics LLC
2017,2016-02-26,6.2,11-30-2016,Prestige Economics LLC
2017,2016-03-31,6.2,11-30-2016,Prestige Economics LLC
2017,2016-05-02,6.2,11-30-2016,Prestige Economics LLC
2017,2016-05-23,6.2,11-30-2016,Prestige Economics LLC
2017,2016-06-30,6.2,11-30-2016,Prestige Economics LLC
2017,2016-08-01,6.4,11-30-2016,Prestige Economics LLC
2017,2016-08-29,6.4,11-30-2016,Prestige Economics LLC
2017,2016-09-30,6.4,11-30-2016,Prestige Economics LLC
2017,2016-10-31,6.48,11-30-2016,Prestige Economics LLC
2017,2016-11-28,6.48,11-30-2016,Prestige Economics LLC
2018,2015-03-02,6.2,11-30-2016,Prestige Economics LLC
2018,2016-01-29,6.2,11-30-2016,Prestige Economics LLC
2018,2016-08-01,6.25,11-30-2016,Prestige Economics LLC
2018,2016-08-29,6.25,11-30-2016,Prestige Economics LLC
2018,2016-09-30,6.25,11-30-2016,Prestige Economics LLC
2018,2016-10-31,6.4,11-30-2016,Prestige Economics LLC
2018,2016-11-28,6.4,11-30-2016,Prestige Economics LLC
Q3-16,2014-12-31,5.96,08-31-2016,Prestige Economics LLC
Q3-16,2015-01-15,5.96,08-31-2016,Prestige Economics LLC
Q3-16,2015-02-02,6.06,08-31-2016,Prestige Economics LLC
Q3-16,2015-03-02,6.06,08-31-2016,Prestige Economics LLC
Q3-16,2015-03-30,6.06,08-31-2016,Prestige Economics LLC
Q3-16,2015-05-01,6.06,08-31-2016,Prestige Economics LLC
Q3-16,2015-06-01,6.06,08-31-2016,Prestige Economics LLC
Q3-16,2015-06-29,6.08,08-31-2016,Prestige Economics LLC
Q3-16,2015-07-31,6.17,08-31-2016,Prestige Economics LLC
Q3-16,2015-08-31,6.32,08-31-2016,Prestige Economics LLC
Q3-16,2015-09-28,6.32,08-31-2016,Prestige Economics LLC
Q3-16,2015-11-02,6.26,08-31-2016,Prestige Economics LLC
Q3-16,2015-12-01,6.26,08-31-2016,Prestige Economics LLC
Q3-16,2015-12-31,6.28,08-31-2016,Prestige Economics LLC
Q3-16,2016-01-29,6.45,08-31-2016,Prestige Economics LLC
Q3-16,2016-02-26,6.44,08-31-2016,Prestige Economics LLC
Q3-16,2016-03-31,6.39,08-31-2016,Prestige Economics LLC
Q3-16,2016-05-02,6.39,08-31-2016,Prestige Economics LLC
Q3-16,2016-05-23,6.45,08-31-2016,Prestige Economics LLC
Q3-16,2016-06-30,6.45,08-31-2016,Prestige Economics LLC
Q3-16,2016-08-01,6.58,08-31-2016,Prestige Economics LLC
Q4-16,2014-12-31,5.95,08-31-2016,Prestige Economics LLC
Q4-16,2015-01-15,5.95,08-31-2016,Prestige Economics LLC
Q4-16,2015-02-02,6.02,08-31-2016,Prestige Economics LLC
Q4-16,2015-03-02,6.04,08-31-2016,Prestige Economics LLC
Q4-16,2015-03-30,6.04,08-31-2016,Prestige Economics LLC
Q4-16,2015-05-01,6.04,08-31-2016,Prestige Economics LLC
Q4-16,2015-06-01,6.04,08-31-2016,Prestige Economics LLC
Q4-16,2015-06-29,6.06,08-31-2016,Prestige Economics LLC
Q4-16,2015-07-31,6.16,08-31-2016,Prestige Economics LLC
Q4-16,2015-08-31,6.3,08-31-2016,Prestige Economics LLC
Q4-16,2015-09-28,6.3,08-31-2016,Prestige Economics LLC
Q4-16,2015-11-02,6.24,08-31-2016,Prestige Economics LLC
Q4-16,2015-12-01,6.24,08-31-2016,Prestige Economics LLC
Q4-16,2015-12-31,6.24,08-31-2016,Prestige Economics LLC
Q4-16,2016-01-29,6.4,08-31-2016,Prestige Economics LLC
Q4-16,2016-02-26,6.4,08-31-2016,Prestige Economics LLC
Q4-16,2016-03-31,6.36,08-31-2016,Prestige Economics LLC
Q4-16,2016-05-02,6.36,08-31-2016,Prestige Economics LLC
Q4-16,2016-05-23,6.4,08-31-2016,Prestige Economics LLC
Q4-16,2016-06-30,6.4,08-31-2016,Prestige Economics LLC
Q4-16,2016-08-01,6.55,08-31-2016,Prestige Economics LLC
Q4-16,2016-08-29,6.55,08-31-2016,Prestige Economics LLC
Q1-17,2016-03-31,6.33,08-31-2016,Prestige Economics LLC
Q1-17,2016-05-02,6.33,08-31-2016,Prestige Economics LLC
Q1-17,2016-05-23,6.35,08-31-2016,Prestige Economics LLC
Q1-17,2016-06-30,6.35,08-31-2016,Prestige Economics LLC
Q1-17,2016-08-01,6.55,08-31-2016,Prestige Economics LLC
Q1-17,2016-08-29,6.55,08-31-2016,Prestige Economics LLC
Q2-17,2016-03-31,6.3,08-31-2016,Prestige Economics LLC
Q2-17,2016-05-02,6.3,08-31-2016,Prestige Economics LLC
Q2-17,2016-05-23,6.3,08-31-2016,Prestige Economics LLC
Q2-17,2016-06-30,6.3,08-31-2016,Prestige Economics LLC
Q2-17,2016-08-01,6.5,08-31-2016,Prestige Economics LLC
Q2-17,2016-08-29,6.5,08-31-2016,Prestige Economics LLC
2017,2015-03-02,6.22,08-31-2016,Prestige Economics LLC
2017,2015-08-31,6.22,08-31-2016,Prestige Economics LLC
2017,2015-09-28,6.22,08-31-2016,Prestige Economics LLC
2017,2015-11-02,6.16,08-31-2016,Prestige Economics LLC
2017,2015-12-01,6.18,08-31-2016,Prestige Economics LLC
2017,2015-12-31,6.18,08-31-2016,Prestige Economics LLC
2017,2016-01-29,6.4,08-31-2016,Prestige Economics LLC
2017,2016-02-26,6.2,08-31-2016,Prestige Economics LLC
2017,2016-03-31,6.2,08-31-2016,Prestige Economics LLC
2017,2016-05-02,6.2,08-31-2016,Prestige Economics LLC
2017,2016-05-23,6.2,08-31-2016,Prestige Economics LLC
2017,2016-06-30,6.2,08-31-2016,Prestige Economics LLC
2017,2016-08-01,6.4,08-31-2016,Prestige Economics LLC
2017,2016-08-29,6.4,08-31-2016,Prestige Economics LLC
2018,2015-03-02,6.2,08-31-2016,Prestige Economics LLC
2018,2016-01-29,6.2,08-31-2016,Prestige Economics LLC
2018,2016-08-01,6.25,08-31-2016,Prestige Economics LLC
2018,2016-08-29,6.25,08-31-2016,Prestige Economics LLC
Q4-20,2019-12-25,6.9,11-30-2020,Prestige Economics LLC
Q4-20,2020-01-31,6.9,11-30-2020,Prestige Economics LLC
Q4-20,2020-03-02,6.9,11-30-2020,Prestige Economics LLC
Q4-20,2020-03-31,7.0,11-30-2020,Prestige Economics LLC
Q4-20,2020-04-30,7.0,11-30-2020,Prestige Economics LLC
Q4-20,2020-06-01,7.0,11-30-2020,Prestige Economics LLC
Q4-20,2020-06-29,7.0,11-30-2020,Prestige Economics LLC
Q4-20,2020-07-31,6.98,11-30-2020,Prestige Economics LLC
Q4-20,2020-08-31,6.9,11-30-2020,Prestige Economics LLC
Q4-20,2020-09-28,6.88,11-30-2020,Prestige Economics LLC
Q4-20,2020-10-30,6.75,11-30-2020,Prestige Economics LLC
Q4-20,2020-11-30,6.55,11-30-2020,Prestige Economics LLC
Q1-21,2020-03-31,6.98,11-30-2020,Prestige Economics LLC
Q1-21,2020-04-30,6.98,11-30-2020,Prestige Economics LLC
Q1-21,2020-06-01,6.98,11-30-2020,Prestige Economics LLC
Q1-21,2020-06-29,6.98,11-30-2020,Prestige Economics LLC
Q1-21,2020-07-31,6.96,11-30-2020,Prestige Economics LLC
Q1-21,2020-08-31,6.85,11-30-2020,Prestige Economics LLC
Q1-21,2020-09-28,6.84,11-30-2020,Prestige Economics LLC
Q1-21,2020-10-30,6.7,11-30-2020,Prestige Economics LLC
Q1-21,2020-11-30,6.5,11-30-2020,Prestige Economics LLC
Q2-21,2020-06-29,6.96,11-30-2020,Prestige Economics LLC
Q2-21,2020-07-31,6.95,11-30-2020,Prestige Economics LLC
Q2-21,2020-08-31,6.82,11-30-2020,Prestige Economics LLC
Q2-21,2020-09-28,6.82,11-30-2020,Prestige Economics LLC
Q2-21,2020-10-30,6.65,11-30-2020,Prestige Economics LLC
Q2-21,2020-11-30,6.45,11-30-2020,Prestige Economics LLC
Q3-21,2020-09-28,6.8,11-30-2020,Prestige Economics LLC
Q3-21,2020-10-30,6.62,11-30-2020,Prestige Economics LLC
Q3-21,2020-11-30,6.4,11-30-2020,Prestige Economics LLC
2021,2020-11-30,6.35,11-30-2020,Prestige Economics LLC
Q4-21,2020-11-30,6.35,11-30-2021,Prestige Economics LLC
Q4-21,2020-12-31,6.35,11-30-2021,Prestige Economics LLC
Q4-21,2021-02-02,6.3,11-30-2021,Prestige Economics LLC
Q4-21,2021-03-01,6.3,11-30-2021,Prestige Economics LLC
Q4-21,2021-05-03,6.45,11-30-2021,Prestige Economics LLC
Q4-21,2021-06-01,6.32,11-30-2021,Prestige Economics LLC
Q4-21,2021-06-29,6.35,11-30-2021,Prestige Economics LLC
Q4-21,2021-08-02,6.35,11-30-2021,Prestige Economics LLC
Q4-21,2021-08-03,6.38,11-30-2021,Prestige Economics LLC
Q4-21,2021-09-01,6.38,11-30-2021,Prestige Economics LLC
Q4-21,2021-10-04,6.5,11-30-2021,Prestige Economics LLC
Q4-21,2021-10-29,6.5,11-30-2021,Prestige Economics LLC
Q4-21,2021-11-29,6.42,11-30-2021,Prestige Economics LLC
Q1-22,2021-05-03,6.4,11-30-2021,Prestige Economics LLC
Q1-22,2021-06-01,6.3,11-30-2021,Prestige Economics LLC
Q1-22,2021-06-29,6.32,11-30-2021,Prestige Economics LLC
Q1-22,2021-08-02,6.35,11-30-2021,Prestige Economics LLC
Q1-22,2021-08-03,6.38,11-30-2021,Prestige Economics LLC
Q1-22,2021-09-01,6.38,11-30-2021,Prestige Economics LLC
Q1-22,2021-10-04,6.48,11-30-2021,Prestige Economics LLC
Q1-22,2021-10-29,6.48,11-30-2021,Prestige Economics LLC
Q1-22,2021-11-29,6.45,11-30-2021,Prestige Economics LLC
Q2-22,2021-06-29,6.32,11-30-2021,Prestige Economics LLC
Q2-22,2021-08-02,6.34,11-30-2021,Prestige Economics LLC
Q2-22,2021-08-03,6.42,11-30-2021,Prestige Economics LLC
Q2-22,2021-09-01,6.42,11-30-2021,Prestige Economics LLC
Q2-22,2021-10-04,6.48,11-30-2021,Prestige Economics LLC
Q2-22,2021-10-29,6.48,11-30-2021,Prestige Economics LLC
Q2-22,2021-11-29,6.45,11-30-2021,Prestige Economics LLC
Q3-22,2021-09-01,6.45,11-30-2021,Prestige Economics LLC
Q3-22,2021-10-04,6.45,11-30-2021,Prestige Economics LLC
Q3-22,2021-10-29,6.45,11-30-2021,Prestige Economics LLC
Q3-22,2021-11-29,6.42,11-30-2021,Prestige Economics LLC
2022,2021-11-29,6.41,11-30-2021,Prestige Economics LLC
Q3-17,2016-09-30,6.5,08-31-2017,Prestige Economics LLC
Q3-17,2016-10-31,6.52,08-31-2017,Prestige Economics LLC
Q3-17,2016-11-28,6.52,08-31-2017,Prestige Economics LLC
Q3-17,2016-12-29,6.6,08-31-2017,Prestige Economics LLC
Q3-17,2017-01-27,6.6,08-31-2017,Prestige Economics LLC
Q3-17,2017-02-27,6.65,08-31-2017,Prestige Economics LLC
Q3-17,2017-03-30,6.7,08-31-2017,Prestige Economics LLC
Q3-17,2017-05-31,6.85,08-31-2017,Prestige Economics LLC
Q3-17,2017-06-30,6.75,08-31-2017,Prestige Economics LLC
Q3-17,2017-08-03,6.7,08-31-2017,Prestige Economics LLC
Q3-17,2017-08-31,6.6,08-31-2017,Prestige Economics LLC
Q4-17,2015-08-31,6.22,08-31-2017,Prestige Economics LLC
Q4-17,2015-09-28,6.22,08-31-2017,Prestige Economics LLC
Q4-17,2015-11-02,6.16,08-31-2017,Prestige Economics LLC
Q4-17,2015-12-01,6.18,08-31-2017,Prestige Economics LLC
Q4-17,2015-12-31,6.18,08-31-2017,Prestige Economics LLC
Q4-17,2016-01-29,6.4,08-31-2017,Prestige Economics LLC
Q4-17,2016-02-26,6.2,08-31-2017,Prestige Economics LLC
Q4-17,2016-03-31,6.2,08-31-2017,Prestige Economics LLC
Q4-17,2016-05-02,6.2,08-31-2017,Prestige Economics LLC
Q4-17,2016-05-23,6.2,08-31-2017,Prestige Economics LLC
Q4-17,2016-06-30,6.2,08-31-2017,Prestige Economics LLC
Q4-17,2016-08-01,6.4,08-31-2017,Prestige Economics LLC
Q4-17,2016-08-29,6.4,08-31-2017,Prestige Economics LLC
Q4-17,2016-09-30,6.4,08-31-2017,Prestige Economics LLC
Q4-17,2016-10-31,6.48,08-31-2017,Prestige Economics LLC
Q4-17,2016-11-28,6.48,08-31-2017,Prestige Economics LLC
Q4-17,2016-12-29,6.5,08-31-2017,Prestige Economics LLC
Q4-17,2017-01-27,6.5,08-31-2017,Prestige Economics LLC
Q4-17,2017-02-27,6.55,08-31-2017,Prestige Economics LLC
Q4-17,2017-03-30,6.6,08-31-2017,Prestige Economics LLC
Q4-17,2017-05-31,6.8,08-31-2017,Prestige Economics LLC
Q4-17,2017-06-30,6.72,08-31-2017,Prestige Economics LLC
Q4-17,2017-08-03,6.68,08-31-2017,Prestige Economics LLC
Q4-17,2017-08-31,6.55,08-31-2017,Prestige Economics LLC
Q1-18,2016-12-29,6.45,08-31-2017,Prestige Economics LLC
Q1-18,2017-03-30,6.5,08-31-2017,Prestige Economics LLC
Q1-18,2017-05-31,6.75,08-31-2017,Prestige Economics LLC
Q1-18,2017-06-30,6.7,08-31-2017,Prestige Economics LLC
Q1-18,2017-08-03,6.66,08-31-2017,Prestige Economics LLC
Q1-18,2017-08-31,6.5,08-31-2017,Prestige Economics LLC
Q2-18,2016-12-29,6.45,08-31-2017,Prestige Economics LLC
Q2-18,2017-03-30,6.5,08-31-2017,Prestige Economics LLC
Q2-18,2017-05-31,6.7,08-31-2017,Prestige Economics LLC
Q2-18,2017-06-30,6.65,08-31-2017,Prestige Economics LLC
Q2-18,2017-08-03,6.64,08-31-2017,Prestige Economics LLC
Q2-18,2017-08-31,6.45,08-31-2017,Prestige Economics LLC
2018,2016-01-29,6.2,08-31-2017,Prestige Economics LLC
2018,2016-08-01,6.25,08-31-2017,Prestige Economics LLC
2018,2016-08-29,6.25,08-31-2017,Prestige Economics LLC
2018,2016-09-30,6.25,08-31-2017,Prestige Economics LLC
2018,2016-10-31,6.4,08-31-2017,Prestige Economics LLC
2018,2016-11-28,6.4,08-31-2017,Prestige Economics LLC
2018,2016-12-29,6.4,08-31-2017,Prestige Economics LLC
2018,2017-01-27,6.4,08-31-2017,Prestige Economics LLC
2018,2017-02-27,6.4,08-31-2017,Prestige Economics LLC
2018,2017-03-30,6.45,08-31-2017,Prestige Economics LLC
2018,2017-05-31,6.55,08-31-2017,Prestige Economics LLC
2018,2017-06-30,6.55,08-31-2017,Prestige Economics LLC
2018,2017-08-03,6.55,08-31-2017,Prestige Economics LLC
2018,2017-08-31,6.4,08-31-2017,Prestige Economics LLC
Q4-17,2015-12-01,6.18,11-30-2017,Prestige Economics LLC
Q4-17,2015-12-31,6.18,11-30-2017,Prestige Economics LLC
Q4-17,2016-01-29,6.4,11-30-2017,Prestige Economics LLC
Q4-17,2016-02-26,6.2,11-30-2017,Prestige Economics LLC
Q4-17,2016-03-31,6.2,11-30-2017,Prestige Economics LLC
Q4-17,2016-05-02,6.2,11-30-2017,Prestige Economics LLC
Q4-17,2016-05-23,6.2,11-30-2017,Prestige Economics LLC
Q4-17,2016-06-30,6.2,11-30-2017,Prestige Economics LLC
Q4-17,2016-08-01,6.4,11-30-2017,Prestige Economics LLC
Q4-17,2016-08-29,6.4,11-30-2017,Prestige Economics LLC
Q4-17,2016-09-30,6.4,11-30-2017,Prestige Economics LLC
Q4-17,2016-10-31,6.48,11-30-2017,Prestige Economics LLC
Q4-17,2016-11-28,6.48,11-30-2017,Prestige Economics LLC
Q4-17,2016-12-29,6.5,11-30-2017,Prestige Economics LLC
Q4-17,2017-01-27,6.5,11-30-2017,Prestige Economics LLC
Q4-17,2017-02-27,6.55,11-30-2017,Prestige Economics LLC
Q4-17,2017-03-30,6.6,11-30-2017,Prestige Economics LLC
Q4-17,2017-05-31,6.8,11-30-2017,Prestige Economics LLC
Q4-17,2017-06-30,6.72,11-30-2017,Prestige Economics LLC
Q4-17,2017-08-03,6.68,11-30-2017,Prestige Economics LLC
Q4-17,2017-08-31,6.55,11-30-2017,Prestige Economics LLC
Q4-17,2017-09-29,6.55,11-30-2017,Prestige Economics LLC
Q4-17,2017-10-31,6.55,11-30-2017,Prestige Economics LLC
Q4-17,2017-11-27,6.55,11-30-2017,Prestige Economics LLC
Q1-18,2016-12-29,6.45,11-30-2017,Prestige Economics LLC
Q1-18,2017-03-30,6.5,11-30-2017,Prestige Economics LLC
Q1-18,2017-05-31,6.75,11-30-2017,Prestige Economics LLC
Q1-18,2017-06-30,6.7,11-30-2017,Prestige Economics LLC
Q1-18,2017-08-03,6.66,11-30-2017,Prestige Economics LLC
Q1-18,2017-08-31,6.5,11-30-2017,Prestige Economics LLC
Q1-18,2017-09-29,6.5,11-30-2017,Prestige Economics LLC
Q1-18,2017-10-31,6.5,11-30-2017,Prestige Economics LLC
Q1-18,2017-11-27,6.5,11-30-2017,Prestige Economics LLC
Q2-18,2016-12-29,6.45,11-30-2017,Prestige Economics LLC
Q2-18,2017-03-30,6.5,11-30-2017,Prestige Economics LLC
Q2-18,2017-05-31,6.7,11-30-2017,Prestige Economics LLC
Q2-18,2017-06-30,6.65,11-30-2017,Prestige Economics LLC
Q2-18,2017-08-03,6.64,11-30-2017,Prestige Economics LLC
Q2-18,2017-08-31,6.45,11-30-2017,Prestige Economics LLC
Q2-18,2017-09-29,6.45,11-30-2017,Prestige Economics LLC
Q2-18,2017-10-31,6.45,11-30-2017,Prestige Economics LLC
Q2-18,2017-11-27,6.45,11-30-2017,Prestige Economics LLC
Q3-18,2016-12-29,6.4,11-30-2017,Prestige Economics LLC
Q3-18,2017-03-30,6.45,11-30-2017,Prestige Economics LLC
Q3-18,2017-05-31,6.6,11-30-2017,Prestige Economics LLC
Q3-18,2017-06-30,6.6,11-30-2017,Prestige Economics LLC
Q3-18,2017-08-03,6.6,11-30-2017,Prestige Economics LLC
Q3-18,2017-08-31,6.4,11-30-2017,Prestige Economics LLC
Q3-18,2017-09-29,6.4,11-30-2017,Prestige Economics LLC
Q3-18,2017-10-31,6.4,11-30-2017,Prestige Economics LLC
Q3-18,2017-11-27,6.4,11-30-2017,Prestige Economics LLC
2018,2016-01-29,6.2,11-30-2017,Prestige Economics LLC
2018,2016-08-01,6.25,11-30-2017,Prestige Economics LLC
2018,2016-08-29,6.25,11-30-2017,Prestige Economics LLC
2018,2016-09-30,6.25,11-30-2017,Prestige Economics LLC
2018,2016-10-31,6.4,11-30-2017,Prestige Economics LLC
2018,2016-11-28,6.4,11-30-2017,Prestige Economics LLC
2018,2016-12-29,6.4,11-30-2017,Prestige Economics LLC
2018,2017-01-27,6.4,11-30-2017,Prestige Economics LLC
2018,2017-02-27,6.4,11-30-2017,Prestige Economics LLC
2018,2017-03-30,6.45,11-30-2017,Prestige Economics LLC
2018,2017-05-31,6.55,11-30-2017,Prestige Economics LLC
2018,2017-06-30,6.55,11-30-2017,Prestige Economics LLC
2018,2017-08-03,6.55,11-30-2017,Prestige Economics LLC
2018,2017-08-31,6.4,11-30-2017,Prestige Economics LLC
2018,2017-09-29,6.4,11-30-2017,Prestige Economics LLC
2018,2017-10-31,6.4,11-30-2017,Prestige Economics LLC
2018,2017-11-27,6.4,11-30-2017,Prestige Economics LLC
Q3-21,2020-09-28,6.8,08-31-2021,Prestige Economics LLC
Q3-21,2020-10-30,6.62,08-31-2021,Prestige Economics LLC
Q3-21,2020-11-30,6.4,08-31-2021,Prestige Economics LLC
Q3-21,2020-12-31,6.4,08-31-2021,Prestige Economics LLC
Q3-21,2021-02-02,6.37,08-31-2021,Prestige Economics LLC
Q3-21,2021-03-01,6.38,08-31-2021,Prestige Economics LLC
Q3-21,2021-05-03,6.52,08-31-2021,Prestige Economics LLC
Q3-21,2021-06-01,6.34,08-31-2021,Prestige Economics LLC
Q3-21,2021-06-29,6.4,08-31-2021,Prestige Economics LLC
Q3-21,2021-08-02,6.4,08-31-2021,Prestige Economics LLC
Q3-21,2021-08-03,6.8,08-31-2021,Prestige Economics LLC
Q4-21,2020-11-30,6.35,08-31-2021,Prestige Economics LLC
Q4-21,2020-12-31,6.35,08-31-2021,Prestige Economics LLC
Q4-21,2021-02-02,6.3,08-31-2021,Prestige Economics LLC
Q4-21,2021-03-01,6.3,08-31-2021,Prestige Economics LLC
Q4-21,2021-05-03,6.45,08-31-2021,Prestige Economics LLC
Q4-21,2021-06-01,6.32,08-31-2021,Prestige Economics LLC
Q4-21,2021-06-29,6.35,08-31-2021,Prestige Economics LLC
Q4-21,2021-08-02,6.35,08-31-2021,Prestige Economics LLC
Q4-21,2021-08-03,6.35,08-31-2021,Prestige Economics LLC
Q1-22,2021-05-03,6.4,08-31-2021,Prestige Economics LLC
Q1-22,2021-06-01,6.3,08-31-2021,Prestige Economics LLC
Q1-22,2021-06-29,6.32,08-31-2021,Prestige Economics LLC
Q1-22,2021-08-02,6.35,08-31-2021,Prestige Economics LLC
Q1-22,2021-08-03,6.4,08-31-2021,Prestige Economics LLC
Q2-22,2021-06-29,6.32,08-31-2021,Prestige Economics LLC
Q2-22,2021-08-02,6.34,08-31-2021,Prestige Economics LLC
Q2-22,2021-08-03,6.32,08-31-2021,Prestige Economics LLC
Q1-17,2016-03-31,6.33,02-28-2017,Prestige Economics LLC
Q1-17,2016-05-02,6.33,02-28-2017,Prestige Economics LLC
Q1-17,2016-05-23,6.35,02-28-2017,Prestige Economics LLC
Q1-17,2016-06-30,6.35,02-28-2017,Prestige Economics LLC
Q1-17,2016-08-01,6.55,02-28-2017,Prestige Economics LLC
Q1-17,2016-08-29,6.55,02-28-2017,Prestige Economics LLC
Q1-17,2016-09-30,6.55,02-28-2017,Prestige Economics LLC
Q1-17,2016-10-31,6.64,02-28-2017,Prestige Economics LLC
Q1-17,2016-11-28,6.64,02-28-2017,Prestige Economics LLC
Q1-17,2016-12-29,6.8,02-28-2017,Prestige Economics LLC
Q1-17,2017-01-27,6.82,02-28-2017,Prestige Economics LLC
Q1-17,2017-02-27,6.85,02-28-2017,Prestige Economics LLC
Q2-17,2016-03-31,6.3,02-28-2017,Prestige Economics LLC
Q2-17,2016-05-02,6.3,02-28-2017,Prestige Economics LLC
Q2-17,2016-05-23,6.3,02-28-2017,Prestige Economics LLC
Q2-17,2016-06-30,6.3,02-28-2017,Prestige Economics LLC
Q2-17,2016-08-01,6.5,02-28-2017,Prestige Economics LLC
Q2-17,2016-08-29,6.5,02-28-2017,Prestige Economics LLC
Q2-17,2016-09-30,6.5,02-28-2017,Prestige Economics LLC
Q2-17,2016-10-31,6.58,02-28-2017,Prestige Economics LLC
Q2-17,2016-11-28,6.58,02-28-2017,Prestige Economics LLC
Q2-17,2016-12-29,6.7,02-28-2017,Prestige Economics LLC
Q2-17,2017-01-27,6.7,02-28-2017,Prestige Economics LLC
Q2-17,2017-02-27,6.75,02-28-2017,Prestige Economics LLC
Q3-17,2016-09-30,6.5,02-28-2017,Prestige Economics LLC
Q3-17,2016-10-31,6.52,02-28-2017,Prestige Economics LLC
Q3-17,2016-11-28,6.52,02-28-2017,Prestige Economics LLC
Q3-17,2016-12-29,6.6,02-28-2017,Prestige Economics LLC
Q3-17,2017-01-27,6.6,02-28-2017,Prestige Economics LLC
Q3-17,2017-02-27,6.65,02-28-2017,Prestige Economics LLC
Q4-17,2015-03-02,6.22,02-28-2017,Prestige Economics LLC
Q4-17,2015-08-31,6.22,02-28-2017,Prestige Economics LLC
Q4-17,2015-09-28,6.22,02-28-2017,Prestige Economics LLC
Q4-17,2015-11-02,6.16,02-28-2017,Prestige Economics LLC
Q4-17,2015-12-01,6.18,02-28-2017,Prestige Economics LLC
Q4-17,2015-12-31,6.18,02-28-2017,Prestige Economics LLC
Q4-17,2016-01-29,6.4,02-28-2017,Prestige Economics LLC
Q4-17,2016-02-26,6.2,02-28-2017,Prestige Economics LLC
Q4-17,2016-03-31,6.2,02-28-2017,Prestige Economics LLC
Q4-17,2016-05-02,6.2,02-28-2017,Prestige Economics LLC
Q4-17,2016-05-23,6.2,02-28-2017,Prestige Economics LLC
Q4-17,2016-06-30,6.2,02-28-2017,Prestige Economics LLC
Q4-17,2016-08-01,6.4,02-28-2017,Prestige Economics LLC
Q4-17,2016-08-29,6.4,02-28-2017,Prestige Economics LLC
Q4-17,2016-09-30,6.4,02-28-2017,Prestige Economics LLC
Q4-17,2016-10-31,6.48,02-28-2017,Prestige Economics LLC
Q4-17,2016-11-28,6.48,02-28-2017,Prestige Economics LLC
Q4-17,2016-12-29,6.5,02-28-2017,Prestige Economics LLC
Q4-17,2017-01-27,6.5,02-28-2017,Prestige Economics LLC
Q4-17,2017-02-27,6.55,02-28-2017,Prestige Economics LLC
2018,2015-03-02,6.2,02-28-2017,Prestige Economics LLC
2018,2016-01-29,6.2,02-28-2017,Prestige Economics LLC
2018,2016-08-01,6.25,02-28-2017,Prestige Economics LLC
2018,2016-08-29,6.25,02-28-2017,Prestige Economics LLC
2018,2016-09-30,6.25,02-28-2017,Prestige Economics LLC
2018,2016-10-31,6.4,02-28-2017,Prestige Economics LLC
2018,2016-11-28,6.4,02-28-2017,Prestige Economics LLC
2018,2016-12-29,6.4,02-28-2017,Prestige Economics LLC
2018,2017-01-27,6.4,02-28-2017,Prestige Economics LLC
2018,2017-02-27,6.4,02-28-2017,Prestige Economics LLC
Q2-21,2020-06-29,6.96,05-31-2021,Prestige Economics LLC
Q2-21,2020-07-31,6.95,05-31-2021,Prestige Economics LLC
Q2-21,2020-08-31,6.82,05-31-2021,Prestige Economics LLC
Q2-21,2020-09-28,6.82,05-31-2021,Prestige Economics LLC
Q2-21,2020-10-30,6.65,05-31-2021,Prestige Economics LLC
Q2-21,2020-11-30,6.45,05-31-2021,Prestige Economics LLC
Q2-21,2020-12-31,6.45,05-31-2021,Prestige Economics LLC
Q2-21,2021-02-02,6.45,05-31-2021,Prestige Economics LLC
Q2-21,2021-03-01,6.45,05-31-2021,Prestige Economics LLC
Q2-21,2021-05-03,6.6,05-31-2021,Prestige Economics LLC
Q3-21,2020-09-28,6.8,05-31-2021,Prestige Economics LLC
Q3-21,2020-10-30,6.62,05-31-2021,Prestige Economics LLC
Q3-21,2020-11-30,6.4,05-31-2021,Prestige Economics LLC
Q3-21,2020-12-31,6.4,05-31-2021,Prestige Economics LLC
Q3-21,2021-02-02,6.37,05-31-2021,Prestige Economics LLC
Q3-21,2021-03-01,6.38,05-31-2021,Prestige Economics LLC
Q3-21,2021-05-03,6.52,05-31-2021,Prestige Economics LLC
Q4-21,2020-11-30,6.35,05-31-2021,Prestige Economics LLC
Q4-21,2020-12-31,6.35,05-31-2021,Prestige Economics LLC
Q4-21,2021-02-02,6.3,05-31-2021,Prestige Economics LLC
Q4-21,2021-03-01,6.3,05-31-2021,Prestige Economics LLC
Q4-21,2021-05-03,6.45,05-31-2021,Prestige Economics LLC
Q1-22,2021-05-03,6.4,05-31-2021,Prestige Economics LLC
Q2-17,2016-03-31,6.3,05-31-2017,Prestige Economics LLC
Q2-17,2016-05-02,6.3,05-31-2017,Prestige Economics LLC
Q2-17,2016-05-23,6.3,05-31-2017,Prestige Economics LLC
Q2-17,2016-06-30,6.3,05-31-2017,Prestige Economics LLC
Q2-17,2016-08-01,6.5,05-31-2017,Prestige Economics LLC
Q2-17,2016-08-29,6.5,05-31-2017,Prestige Economics LLC
Q2-17,2016-09-30,6.5,05-31-2017,Prestige Economics LLC
Q2-17,2016-10-31,6.58,05-31-2017,Prestige Economics LLC
Q2-17,2016-11-28,6.58,05-31-2017,Prestige Economics LLC
Q2-17,2016-12-29,6.7,05-31-2017,Prestige Economics LLC
Q2-17,2017-01-27,6.7,05-31-2017,Prestige Economics LLC
Q2-17,2017-02-27,6.75,05-31-2017,Prestige Economics LLC
Q2-17,2017-03-30,6.8,05-31-2017,Prestige Economics LLC
Q3-17,2016-09-30,6.5,05-31-2017,Prestige Economics LLC
Q3-17,2016-10-31,6.52,05-31-2017,Prestige Economics LLC
Q3-17,2016-11-28,6.52,05-31-2017,Prestige Economics LLC
Q3-17,2016-12-29,6.6,05-31-2017,Prestige Economics LLC
Q3-17,2017-01-27,6.6,05-31-2017,Prestige Economics LLC
Q3-17,2017-02-27,6.65,05-31-2017,Prestige Economics LLC
Q3-17,2017-03-30,6.7,05-31-2017,Prestige Economics LLC
Q3-17,2017-05-31,6.85,05-31-2017,Prestige Economics LLC
Q4-17,2015-08-31,6.22,05-31-2017,Prestige Economics LLC
Q4-17,2015-09-28,6.22,05-31-2017,Prestige Economics LLC
Q4-17,2015-11-02,6.16,05-31-2017,Prestige Economics LLC
Q4-17,2015-12-01,6.18,05-31-2017,Prestige Economics LLC
Q4-17,2015-12-31,6.18,05-31-2017,Prestige Economics LLC
Q4-17,2016-01-29,6.4,05-31-2017,Prestige Economics LLC
Q4-17,2016-02-26,6.2,05-31-2017,Prestige Economics LLC
Q4-17,2016-03-31,6.2,05-31-2017,Prestige Economics LLC
Q4-17,2016-05-02,6.2,05-31-2017,Prestige Economics LLC
Q4-17,2016-05-23,6.2,05-31-2017,Prestige Economics LLC
Q4-17,2016-06-30,6.2,05-31-2017,Prestige Economics LLC
Q4-17,2016-08-01,6.4,05-31-2017,Prestige Economics LLC
Q4-17,2016-08-29,6.4,05-31-2017,Prestige Economics LLC
Q4-17,2016-09-30,6.4,05-31-2017,Prestige Economics LLC
Q4-17,2016-10-31,6.48,05-31-2017,Prestige Economics LLC
Q4-17,2016-11-28,6.48,05-31-2017,Prestige Economics LLC
Q4-17,2016-12-29,6.5,05-31-2017,Prestige Economics LLC
Q4-17,2017-01-27,6.5,05-31-2017,Prestige Economics LLC
Q4-17,2017-02-27,6.55,05-31-2017,Prestige Economics LLC
Q4-17,2017-03-30,6.6,05-31-2017,Prestige Economics LLC
Q4-17,2017-05-31,6.8,05-31-2017,Prestige Economics LLC
Q1-18,2016-12-29,6.45,05-31-2017,Prestige Economics LLC
Q1-18,2017-03-30,6.5,05-31-2017,Prestige Economics LLC
Q1-18,2017-05-31,6.75,05-31-2017,Prestige Economics LLC
2018,2016-01-29,6.2,05-31-2017,Prestige Economics LLC
2018,2016-08-01,6.25,05-31-2017,Prestige Economics LLC
2018,2016-08-29,6.25,05-31-2017,Prestige Economics LLC
2018,2016-09-30,6.25,05-31-2017,Prestige Economics LLC
2018,2016-10-31,6.4,05-31-2017,Prestige Economics LLC
2018,2016-11-28,6.4,05-31-2017,Prestige Economics LLC
2018,2016-12-29,6.4,05-31-2017,Prestige Economics LLC
2018,2017-01-27,6.4,05-31-2017,Prestige Economics LLC
2018,2017-02-27,6.4,05-31-2017,Prestige Economics LLC
2018,2017-03-30,6.45,05-31-2017,Prestige Economics LLC
2018,2017-05-31,6.55,05-31-2017,Prestige Economics LLC
Q1-21,2020-03-31,6.98,02-28-2021,Prestige Economics LLC
Q1-21,2020-04-30,6.98,02-28-2021,Prestige Economics LLC
Q1-21,2020-06-01,6.98,02-28-2021,Prestige Economics LLC
Q1-21,2020-06-29,6.98,02-28-2021,Prestige Economics LLC
Q1-21,2020-07-31,6.96,02-28-2021,Prestige Economics LLC
Q1-21,2020-08-31,6.85,02-28-2021,Prestige Economics LLC
Q1-21,2020-09-28,6.84,02-28-2021,Prestige Economics LLC
Q1-21,2020-10-30,6.7,02-28-2021,Prestige Economics LLC
Q1-21,2020-11-30,6.5,02-28-2021,Prestige Economics LLC
Q1-21,2020-12-31,6.5,02-28-2021,Prestige Economics LLC
Q1-21,2021-02-02,6.38,02-28-2021,Prestige Economics LLC
Q2-21,2020-06-29,6.96,02-28-2021,Prestige Economics LLC
Q2-21,2020-07-31,6.95,02-28-2021,Prestige Economics LLC
Q2-21,2020-08-31,6.82,02-28-2021,Prestige Economics LLC
Q2-21,2020-09-28,6.82,02-28-2021,Prestige Economics LLC
Q2-21,2020-10-30,6.65,02-28-2021,Prestige Economics LLC
Q2-21,2020-11-30,6.45,02-28-2021,Prestige Economics LLC
Q2-21,2020-12-31,6.45,02-28-2021,Prestige Economics LLC
Q2-21,2021-02-02,6.45,02-28-2021,Prestige Economics LLC
Q3-21,2020-09-28,6.8,02-28-2021,Prestige Economics LLC
Q3-21,2020-10-30,6.62,02-28-2021,Prestige Economics LLC
Q3-21,2020-11-30,6.4,02-28-2021,Prestige Economics LLC
Q3-21,2020-12-31,6.4,02-28-2021,Prestige Economics LLC
Q3-21,2021-02-02,6.37,02-28-2021,Prestige Economics LLC
Q4-21,2020-11-30,6.35,02-28-2021,Prestige Economics LLC
Q4-21,2020-12-31,6.35,02-28-2021,Prestige Economics LLC
Q4-21,2021-02-02,6.3,02-28-2021,Prestige Economics LLC
2022,2020-11-30,6.35,02-28-2021,Prestige Economics LLC
2022,2020-12-31,6.35,02-28-2021,Prestige Economics LLC
2022,2021-02-02,6.3,02-28-2021,Prestige Economics LLC
Q1-20,2019-03-29,6.65,02-28-2020,Prestige Economics LLC
Q1-20,2019-04-30,6.65,02-28-2020,Prestige Economics LLC
Q1-20,2019-05-31,6.9,02-28-2020,Prestige Economics LLC
Q1-20,2019-06-28,6.9,02-28-2020,Prestige Economics LLC
Q1-20,2019-08-01,6.9,02-28-2020,Prestige Economics LLC
Q1-20,2019-09-30,6.95,02-28-2020,Prestige Economics LLC
Q1-20,2019-11-04,6.95,02-28-2020,Prestige Economics LLC
Q1-20,2019-11-29,6.95,02-28-2020,Prestige Economics LLC
Q1-20,2019-12-25,6.98,02-28-2020,Prestige Economics LLC
Q1-20,2020-01-31,6.96,02-28-2020,Prestige Economics LLC
Q2-20,2019-05-31,6.85,02-28-2020,Prestige Economics LLC
Q2-20,2019-06-28,6.85,02-28-2020,Prestige Economics LLC
Q2-20,2019-08-01,6.85,02-28-2020,Prestige Economics LLC
Q2-20,2019-09-30,7.0,02-28-2020,Prestige Economics LLC
Q2-20,2019-11-04,7.0,02-28-2020,Prestige Economics LLC
Q2-20,2019-11-29,7.0,02-28-2020,Prestige Economics LLC
Q2-20,2019-12-25,6.96,02-28-2020,Prestige Economics LLC
Q2-20,2020-01-31,6.94,02-28-2020,Prestige Economics LLC
Q3-20,2019-12-25,6.94,02-28-2020,Prestige Economics LLC
Q3-20,2020-01-31,6.92,02-28-2020,Prestige Economics LLC
Q4-20,2019-12-25,6.9,02-28-2020,Prestige Economics LLC
Q4-20,2020-01-31,6.9,02-28-2020,Prestige Economics LLC
Q2-16,2014-12-31,5.98,05-31-2016,Prestige Economics LLC
Q2-16,2015-01-15,5.98,05-31-2016,Prestige Economics LLC
Q2-16,2015-02-02,6.08,05-31-2016,Prestige Economics LLC
Q2-16,2015-03-02,6.08,05-31-2016,Prestige Economics LLC
Q2-16,2015-03-30,6.08,05-31-2016,Prestige Economics LLC
Q2-16,2015-05-01,6.08,05-31-2016,Prestige Economics LLC
Q2-16,2015-06-01,6.08,05-31-2016,Prestige Economics LLC
Q2-16,2015-06-29,6.1,05-31-2016,Prestige Economics LLC
Q2-16,2015-07-31,6.18,05-31-2016,Prestige Economics LLC
Q2-16,2015-08-31,6.34,05-31-2016,Prestige Economics LLC
Q2-16,2015-09-28,6.34,05-31-2016,Prestige Economics LLC
Q2-16,2015-11-02,6.28,05-31-2016,Prestige Economics LLC
Q2-16,2015-12-01,6.28,05-31-2016,Prestige Economics LLC
Q2-16,2015-12-31,6.32,05-31-2016,Prestige Economics LLC
Q2-16,2016-01-29,6.52,05-31-2016,Prestige Economics LLC
Q2-16,2016-02-26,6.47,05-31-2016,Prestige Economics LLC
Q2-16,2016-03-31,6.42,05-31-2016,Prestige Economics LLC
Q2-16,2016-05-02,6.42,05-31-2016,Prestige Economics LLC
Q2-16,2016-05-23,6.5,05-31-2016,Prestige Economics LLC
Q3-16,2014-12-31,5.96,05-31-2016,Prestige Economics LLC
Q3-16,2015-01-15,5.96,05-31-2016,Prestige Economics LLC
Q3-16,2015-02-02,6.06,05-31-2016,Prestige Economics LLC
Q3-16,2015-03-02,6.06,05-31-2016,Prestige Economics LLC
Q3-16,2015-03-30,6.06,05-31-2016,Prestige Economics LLC
Q3-16,2015-05-01,6.06,05-31-2016,Prestige Economics LLC
Q3-16,2015-06-01,6.06,05-31-2016,Prestige Economics LLC
Q3-16,2015-06-29,6.08,05-31-2016,Prestige Economics LLC
Q3-16,2015-07-31,6.17,05-31-2016,Prestige Economics LLC
Q3-16,2015-08-31,6.32,05-31-2016,Prestige Economics LLC
Q3-16,2015-09-28,6.32,05-31-2016,Prestige Economics LLC
Q3-16,2015-11-02,6.26,05-31-2016,Prestige Economics LLC
Q3-16,2015-12-01,6.26,05-31-2016,Prestige Economics LLC
Q3-16,2015-12-31,6.28,05-31-2016,Prestige Economics LLC
Q3-16,2016-01-29,6.45,05-31-2016,Prestige Economics LLC
Q3-16,2016-02-26,6.44,05-31-2016,Prestige Economics LLC
Q3-16,2016-03-31,6.39,05-31-2016,Prestige Economics LLC
Q3-16,2016-05-02,6.39,05-31-2016,Prestige Economics LLC
Q3-16,2016-05-23,6.45,05-31-2016,Prestige Economics LLC
Q4-16,2014-12-31,5.95,05-31-2016,Prestige Economics LLC
Q4-16,2015-01-15,5.95,05-31-2016,Prestige Economics LLC
Q4-16,2015-02-02,6.02,05-31-2016,Prestige Economics LLC
Q4-16,2015-03-02,6.04,05-31-2016,Prestige Economics LLC
Q4-16,2015-03-30,6.04,05-31-2016,Prestige Economics LLC
Q4-16,2015-05-01,6.04,05-31-2016,Prestige Economics LLC
Q4-16,2015-06-01,6.04,05-31-2016,Prestige Economics LLC
Q4-16,2015-06-29,6.06,05-31-2016,Prestige Economics LLC
Q4-16,2015-07-31,6.16,05-31-2016,Prestige Economics LLC
Q4-16,2015-08-31,6.3,05-31-2016,Prestige Economics LLC
Q4-16,2015-09-28,6.3,05-31-2016,Prestige Economics LLC
Q4-16,2015-11-02,6.24,05-31-2016,Prestige Economics LLC
Q4-16,2015-12-01,6.24,05-31-2016,Prestige Economics LLC
Q4-16,2015-12-31,6.24,05-31-2016,Prestige Economics LLC
Q4-16,2016-01-29,6.4,05-31-2016,Prestige Economics LLC
Q4-16,2016-02-26,6.4,05-31-2016,Prestige Economics LLC
Q4-16,2016-03-31,6.36,05-31-2016,Prestige Economics LLC
Q4-16,2016-05-02,6.36,05-31-2016,Prestige Economics LLC
Q4-16,2016-05-23,6.4,05-31-2016,Prestige Economics LLC
Q1-17,2016-03-31,6.33,05-31-2016,Prestige Economics LLC
Q1-17,2016-05-02,6.33,05-31-2016,Prestige Economics LLC
Q1-17,2016-05-23,6.35,05-31-2016,Prestige Economics LLC
2017,2015-03-02,6.22,05-31-2016,Prestige Economics LLC
2017,2015-08-31,6.22,05-31-2016,Prestige Economics LLC
2017,2015-09-28,6.22,05-31-2016,Prestige Economics LLC
2017,2015-11-02,6.16,05-31-2016,Prestige Economics LLC
2017,2015-12-01,6.18,05-31-2016,Prestige Economics LLC
2017,2015-12-31,6.18,05-31-2016,Prestige Economics LLC
2017,2016-01-29,6.4,05-31-2016,Prestige Economics LLC
2017,2016-02-26,6.2,05-31-2016,Prestige Economics LLC
2017,2016-03-31,6.2,05-31-2016,Prestige Economics LLC
2017,2016-05-02,6.2,05-31-2016,Prestige Economics LLC
2017,2016-05-23,6.2,05-31-2016,Prestige Economics LLC
2018,2015-03-02,6.2,05-31-2016,Prestige Economics LLC
2018,2016-01-29,6.2,05-31-2016,Prestige Economics LLC
Q2-20,2019-05-31,6.85,05-31-2020,Prestige Economics LLC
Q2-20,2019-06-28,6.85,05-31-2020,Prestige Economics LLC
Q2-20,2019-08-01,6.85,05-31-2020,Prestige Economics LLC
Q2-20,2019-09-30,7.0,05-31-2020,Prestige Economics LLC
Q2-20,2019-11-04,7.0,05-31-2020,Prestige Economics LLC
Q2-20,2019-11-29,7.0,05-31-2020,Prestige Economics LLC
Q2-20,2019-12-25,6.96,05-31-2020,Prestige Economics LLC
Q2-20,2020-01-31,6.94,05-31-2020,Prestige Economics LLC
Q2-20,2020-03-02,6.94,05-31-2020,Prestige Economics LLC
Q2-20,2020-03-31,7.04,05-31-2020,Prestige Economics LLC
Q2-20,2020-04-30,7.04,05-31-2020,Prestige Economics LLC
Q3-20,2019-12-25,6.94,05-31-2020,Prestige Economics LLC
Q3-20,2020-01-31,6.92,05-31-2020,Prestige Economics LLC
Q3-20,2020-03-02,6.92,05-31-2020,Prestige Economics LLC
Q3-20,2020-03-31,7.02,05-31-2020,Prestige Economics LLC
Q3-20,2020-04-30,7.02,05-31-2020,Prestige Economics LLC
Q4-20,2019-12-25,6.9,05-31-2020,Prestige Economics LLC
Q4-20,2020-01-31,6.9,05-31-2020,Prestige Economics LLC
Q4-20,2020-03-02,6.9,05-31-2020,Prestige Economics LLC
Q4-20,2020-03-31,7.0,05-31-2020,Prestige Economics LLC
Q4-20,2020-04-30,7.0,05-31-2020,Prestige Economics LLC
Q1-21,2020-03-31,6.98,05-31-2020,Prestige Economics LLC
Q1-21,2020-04-30,6.98,05-31-2020,Prestige Economics LLC
Q1-16,2014-12-31,6.0,02-28-2016,Prestige Economics LLC
Q1-16,2015-01-15,6.0,02-28-2016,Prestige Economics LLC
Q1-16,2015-02-02,6.1,02-28-2016,Prestige Economics LLC
Q1-16,2015-03-02,6.1,02-28-2016,Prestige Economics LLC
Q1-16,2015-03-30,6.1,02-28-2016,Prestige Economics LLC
Q1-16,2015-05-01,6.1,02-28-2016,Prestige Economics LLC
Q1-16,2015-06-01,6.1,02-28-2016,Prestige Economics LLC
Q1-16,2015-06-29,6.12,02-28-2016,Prestige Economics LLC
Q1-16,2015-07-31,6.19,02-28-2016,Prestige Economics LLC
Q1-16,2015-08-31,6.36,02-28-2016,Prestige Economics LLC
Q1-16,2015-09-28,6.36,02-28-2016,Prestige Economics LLC
Q1-16,2015-11-02,6.3,02-28-2016,Prestige Economics LLC
Q1-16,2015-12-01,6.32,02-28-2016,Prestige Economics LLC
Q1-16,2015-12-31,6.38,02-28-2016,Prestige Economics LLC
Q1-16,2016-01-29,6.62,02-28-2016,Prestige Economics LLC
Q1-16,2016-02-26,6.5,02-28-2016,Prestige Economics LLC
Q2-16,2014-12-31,5.98,02-28-2016,Prestige Economics LLC
Q2-16,2015-01-15,5.98,02-28-2016,Prestige Economics LLC
Q2-16,2015-02-02,6.08,02-28-2016,Prestige Economics LLC
Q2-16,2015-03-02,6.08,02-28-2016,Prestige Economics LLC
Q2-16,2015-03-30,6.08,02-28-2016,Prestige Economics LLC
Q2-16,2015-05-01,6.08,02-28-2016,Prestige Economics LLC
Q2-16,2015-06-01,6.08,02-28-2016,Prestige Economics LLC
Q2-16,2015-06-29,6.1,02-28-2016,Prestige Economics LLC
Q2-16,2015-07-31,6.18,02-28-2016,Prestige Economics LLC
Q2-16,2015-08-31,6.34,02-28-2016,Prestige Economics LLC
Q2-16,2015-09-28,6.34,02-28-2016,Prestige Economics LLC
Q2-16,2015-11-02,6.28,02-28-2016,Prestige Economics LLC
Q2-16,2015-12-01,6.28,02-28-2016,Prestige Economics LLC
Q2-16,2015-12-31,6.32,02-28-2016,Prestige Economics LLC
Q2-16,2016-01-29,6.52,02-28-2016,Prestige Economics LLC
Q2-16,2016-02-26,6.47,02-28-2016,Prestige Economics LLC
Q3-16,2014-12-31,5.96,02-28-2016,Prestige Economics LLC
Q3-16,2015-01-15,5.96,02-28-2016,Prestige Economics LLC
Q3-16,2015-02-02,6.06,02-28-2016,Prestige Economics LLC
Q3-16,2015-03-02,6.06,02-28-2016,Prestige Economics LLC
Q3-16,2015-03-30,6.06,02-28-2016,Prestige Economics LLC
Q3-16,2015-05-01,6.06,02-28-2016,Prestige Economics LLC
Q3-16,2015-06-01,6.06,02-28-2016,Prestige Economics LLC
Q3-16,2015-06-29,6.08,02-28-2016,Prestige Economics LLC
Q3-16,2015-07-31,6.17,02-28-2016,Prestige Economics LLC
Q3-16,2015-08-31,6.32,02-28-2016,Prestige Economics LLC
Q3-16,2015-09-28,6.32,02-28-2016,Prestige Economics LLC
Q3-16,2015-11-02,6.26,02-28-2016,Prestige Economics LLC
Q3-16,2015-12-01,6.26,02-28-2016,Prestige Economics LLC
Q3-16,2015-12-31,6.28,02-28-2016,Prestige Economics LLC
Q3-16,2016-01-29,6.45,02-28-2016,Prestige Economics LLC
Q3-16,2016-02-26,6.44,02-28-2016,Prestige Economics LLC
Q4-16,2014-12-31,5.95,02-28-2016,Prestige Economics LLC
Q4-16,2015-01-15,5.95,02-28-2016,Prestige Economics LLC
Q4-16,2015-02-02,6.02,02-28-2016,Prestige Economics LLC
Q4-16,2015-03-02,6.04,02-28-2016,Prestige Economics LLC
Q4-16,2015-03-30,6.04,02-28-2016,Prestige Economics LLC
Q4-16,2015-05-01,6.04,02-28-2016,Prestige Economics LLC
Q4-16,2015-06-01,6.04,02-28-2016,Prestige Economics LLC
Q4-16,2015-06-29,6.06,02-28-2016,Prestige Economics LLC
Q4-16,2015-07-31,6.16,02-28-2016,Prestige Economics LLC
Q4-16,2015-08-31,6.3,02-28-2016,Prestige Economics LLC
Q4-16,2015-09-28,6.3,02-28-2016,Prestige Economics LLC
Q4-16,2015-11-02,6.24,02-28-2016,Prestige Economics LLC
Q4-16,2015-12-01,6.24,02-28-2016,Prestige Economics LLC
Q4-16,2015-12-31,6.24,02-28-2016,Prestige Economics LLC
Q4-16,2016-01-29,6.4,02-28-2016,Prestige Economics LLC
Q4-16,2016-02-26,6.4,02-28-2016,Prestige Economics LLC
2017,2015-03-02,6.22,02-28-2016,Prestige Economics LLC
2017,2015-08-31,6.22,02-28-2016,Prestige Economics LLC
2017,2015-09-28,6.22,02-28-2016,Prestige Economics LLC
2017,2015-11-02,6.16,02-28-2016,Prestige Economics LLC
2017,2015-12-01,6.18,02-28-2016,Prestige Economics LLC
2017,2015-12-31,6.18,02-28-2016,Prestige Economics LLC
2017,2016-01-29,6.4,02-28-2016,Prestige Economics LLC
2017,2016-02-26,6.2,02-28-2016,Prestige Economics LLC
2018,2015-03-02,6.2,02-28-2016,Prestige Economics LLC
2018,2016-01-29,6.2,02-28-2016,Prestige Economics LLC
Q2-19,2018-06-29,7.0,05-31-2019,Prestige Economics LLC
Q2-19,2018-08-02,7.0,05-31-2019,Prestige Economics LLC
Q2-19,2018-08-31,7.0,05-31-2019,Prestige Economics LLC
Q2-19,2018-10-01,7.0,05-31-2019,Prestige Economics LLC
Q2-19,2018-10-31,7.0,05-31-2019,Prestige Economics LLC
Q2-19,2018-11-27,7.0,05-31-2019,Prestige Economics LLC
Q2-19,2018-12-31,6.9,05-31-2019,Prestige Economics LLC
Q2-19,2019-01-31,6.7,05-31-2019,Prestige Economics LLC
Q2-19,2019-02-28,6.7,05-31-2019,Prestige Economics LLC
Q2-19,2019-03-29,6.75,05-31-2019,Prestige Economics LLC
Q2-19,2019-04-30,6.75,05-31-2019,Prestige Economics LLC
Q2-19,2019-05-31,6.95,05-31-2019,Prestige Economics LLC
Q3-19,2018-10-01,6.95,05-31-2019,Prestige Economics LLC
Q3-19,2018-10-31,6.95,05-31-2019,Prestige Economics LLC
Q3-19,2018-11-27,6.95,05-31-2019,Prestige Economics LLC
Q3-19,2018-12-31,6.85,05-31-2019,Prestige Economics LLC
Q3-19,2019-01-31,6.7,05-31-2019,Prestige Economics LLC
Q3-19,2019-02-28,6.7,05-31-2019,Prestige Economics LLC
Q3-19,2019-03-29,6.7,05-31-2019,Prestige Economics LLC
Q3-19,2019-04-30,6.7,05-31-2019,Prestige Economics LLC
Q3-19,2019-05-31,7.0,05-31-2019,Prestige Economics LLC
Q4-19,2018-12-31,6.8,05-31-2019,Prestige Economics LLC
Q4-19,2019-01-31,6.65,05-31-2019,Prestige Economics LLC
Q4-19,2019-02-28,6.65,05-31-2019,Prestige Economics LLC
Q4-19,2019-03-29,6.7,05-31-2019,Prestige Economics LLC
Q4-19,2019-04-30,6.7,05-31-2019,Prestige Economics LLC
Q4-19,2019-05-31,7.0,05-31-2019,Prestige Economics LLC
Q1-20,2019-03-29,6.65,05-31-2019,Prestige Economics LLC
Q1-20,2019-04-30,6.65,05-31-2019,Prestige Economics LLC
Q1-20,2019-05-31,6.9,05-31-2019,Prestige Economics LLC
Q1-15,2013-10-28,5.8,02-28-2015,Prestige Economics LLC
Q1-15,2013-11-07,5.8,02-28-2015,Prestige Economics LLC
Q1-15,2013-12-10,5.85,02-28-2015,Prestige Economics LLC
Q1-15,2013-12-31,5.85,02-28-2015,Prestige Economics LLC
Q1-15,2014-01-27,5.85,02-28-2015,Prestige Economics LLC
Q1-15,2014-02-26,5.85,02-28-2015,Prestige Economics LLC
Q1-15,2014-03-31,6.05,02-28-2015,Prestige Economics LLC
Q1-15,2014-04-30,6.05,02-28-2015,Prestige Economics LLC
Q1-15,2014-05-30,6.05,02-28-2015,Prestige Economics LLC
Q1-15,2014-06-30,6.05,02-28-2015,Prestige Economics LLC
Q1-15,2014-07-29,6.05,02-28-2015,Prestige Economics LLC
Q1-15,2014-08-27,6.05,02-28-2015,Prestige Economics LLC
Q1-15,2014-09-29,6.1,02-28-2015,Prestige Economics LLC
Q1-15,2014-10-31,6.09,02-28-2015,Prestige Economics LLC
Q1-15,2014-11-28,6.1,02-28-2015,Prestige Economics LLC
Q1-15,2014-12-31,6.2,02-28-2015,Prestige Economics LLC
Q1-15,2015-01-15,6.2,02-28-2015,Prestige Economics LLC
Q1-15,2015-02-02,6.22,02-28-2015,Prestige Economics LLC
Q2-15,2013-10-28,5.76,02-28-2015,Prestige Economics LLC
Q2-15,2013-11-07,5.76,02-28-2015,Prestige Economics LLC
Q2-15,2013-12-10,5.75,02-28-2015,Prestige Economics LLC
Q2-15,2013-12-31,5.75,02-28-2015,Prestige Economics LLC
Q2-15,2014-01-27,5.75,02-28-2015,Prestige Economics LLC
Q2-15,2014-02-26,5.75,02-28-2015,Prestige Economics LLC
Q2-15,2014-03-31,6.0,02-28-2015,Prestige Economics LLC
Q2-15,2014-04-30,6.0,02-28-2015,Prestige Economics LLC
Q2-15,2014-05-30,6.0,02-28-2015,Prestige Economics LLC
Q2-15,2014-06-30,6.0,02-28-2015,Prestige Economics LLC
Q2-15,2014-07-29,6.0,02-28-2015,Prestige Economics LLC
Q2-15,2014-08-27,6.0,02-28-2015,Prestige Economics LLC
Q2-15,2014-09-29,6.05,02-28-2015,Prestige Economics LLC
Q2-15,2014-10-31,6.05,02-28-2015,Prestige Economics LLC
Q2-15,2014-11-28,6.08,02-28-2015,Prestige Economics LLC
Q2-15,2014-12-31,6.15,02-28-2015,Prestige Economics LLC
Q2-15,2015-01-15,6.15,02-28-2015,Prestige Economics LLC
Q2-15,2015-02-02,6.22,02-28-2015,Prestige Economics LLC
Q3-15,2013-10-28,5.76,02-28-2015,Prestige Economics LLC
Q3-15,2013-11-07,5.76,02-28-2015,Prestige Economics LLC
Q3-15,2013-12-10,5.75,02-28-2015,Prestige Economics LLC
Q3-15,2013-12-31,5.75,02-28-2015,Prestige Economics LLC
Q3-15,2014-01-27,5.75,02-28-2015,Prestige Economics LLC
Q3-15,2014-02-26,5.75,02-28-2015,Prestige Economics LLC
Q3-15,2014-03-31,5.95,02-28-2015,Prestige Economics LLC
Q3-15,2014-04-30,5.95,02-28-2015,Prestige Economics LLC
Q3-15,2014-05-30,5.95,02-28-2015,Prestige Economics LLC
Q3-15,2014-06-30,5.95,02-28-2015,Prestige Economics LLC
Q3-15,2014-07-29,6.0,02-28-2015,Prestige Economics LLC
Q3-15,2014-08-27,6.0,02-28-2015,Prestige Economics LLC
Q3-15,2014-09-29,6.0,02-28-2015,Prestige Economics LLC
Q3-15,2014-10-31,6.0,02-28-2015,Prestige Economics LLC
Q3-15,2014-11-28,6.02,02-28-2015,Prestige Economics LLC
Q3-15,2014-12-31,6.1,02-28-2015,Prestige Economics LLC
Q3-15,2015-01-15,6.1,02-28-2015,Prestige Economics LLC
Q3-15,2015-02-02,6.18,02-28-2015,Prestige Economics LLC
Q4-15,2013-10-28,5.72,02-28-2015,Prestige Economics LLC
Q4-15,2013-11-07,5.72,02-28-2015,Prestige Economics LLC
Q4-15,2013-12-10,5.75,02-28-2015,Prestige Economics LLC
Q4-15,2013-12-31,5.75,02-28-2015,Prestige Economics LLC
Q4-15,2014-01-27,5.75,02-28-2015,Prestige Economics LLC
Q4-15,2014-02-26,5.75,02-28-2015,Prestige Economics LLC
Q4-15,2014-03-31,5.95,02-28-2015,Prestige Economics LLC
Q4-15,2014-04-30,5.95,02-28-2015,Prestige Economics LLC
Q4-15,2014-05-30,5.95,02-28-2015,Prestige Economics LLC
Q4-15,2014-06-30,5.95,02-28-2015,Prestige Economics LLC
Q4-15,2014-07-29,5.95,02-28-2015,Prestige Economics LLC
Q4-15,2014-08-27,5.95,02-28-2015,Prestige Economics LLC
Q4-15,2014-09-29,5.95,02-28-2015,Prestige Economics LLC
Q4-15,2014-10-31,5.95,02-28-2015,Prestige Economics LLC
Q4-15,2014-11-28,5.95,02-28-2015,Prestige Economics LLC
Q4-15,2014-12-31,6.05,02-28-2015,Prestige Economics LLC
Q4-15,2015-01-15,6.05,02-28-2015,Prestige Economics LLC
Q4-15,2015-02-02,6.15,02-28-2015,Prestige Economics LLC
2016,2013-07-01,5.95,02-28-2015,Prestige Economics LLC
2016,2014-12-31,5.95,02-28-2015,Prestige Economics LLC
2016,2015-01-15,5.95,02-28-2015,Prestige Economics LLC
2016,2015-02-02,6.02,02-28-2015,Prestige Economics LLC
Q2-15,2013-10-28,5.76,05-31-2015,Prestige Economics LLC
Q2-15,2013-11-07,5.76,05-31-2015,Prestige Economics LLC
Q2-15,2013-12-10,5.75,05-31-2015,Prestige Economics LLC
Q2-15,2013-12-31,5.75,05-31-2015,Prestige Economics LLC
Q2-15,2014-01-27,5.75,05-31-2015,Prestige Economics LLC
Q2-15,2014-02-26,5.75,05-31-2015,Prestige Economics LLC
Q2-15,2014-03-31,6.0,05-31-2015,Prestige Economics LLC
Q2-15,2014-04-30,6.0,05-31-2015,Prestige Economics LLC
Q2-15,2014-05-30,6.0,05-31-2015,Prestige Economics LLC
Q2-15,2014-06-30,6.0,05-31-2015,Prestige Economics LLC
Q2-15,2014-07-29,6.0,05-31-2015,Prestige Economics LLC
Q2-15,2014-08-27,6.0,05-31-2015,Prestige Economics LLC
Q2-15,2014-09-29,6.05,05-31-2015,Prestige Economics LLC
Q2-15,2014-10-31,6.05,05-31-2015,Prestige Economics LLC
Q2-15,2014-11-28,6.08,05-31-2015,Prestige Economics LLC
Q2-15,2014-12-31,6.15,05-31-2015,Prestige Economics LLC
Q2-15,2015-01-15,6.15,05-31-2015,Prestige Economics LLC
Q2-15,2015-02-02,6.22,05-31-2015,Prestige Economics LLC
Q2-15,2015-03-02,6.22,05-31-2015,Prestige Economics LLC
Q2-15,2015-03-30,6.2,05-31-2015,Prestige Economics LLC
Q2-15,2015-05-01,6.2,05-31-2015,Prestige Economics LLC
Q3-15,2013-10-28,5.76,05-31-2015,Prestige Economics LLC
Q3-15,2013-11-07,5.76,05-31-2015,Prestige Economics LLC
Q3-15,2013-12-10,5.75,05-31-2015,Prestige Economics LLC
Q3-15,2013-12-31,5.75,05-31-2015,Prestige Economics LLC
Q3-15,2014-01-27,5.75,05-31-2015,Prestige Economics LLC
Q3-15,2014-02-26,5.75,05-31-2015,Prestige Economics LLC
Q3-15,2014-03-31,5.95,05-31-2015,Prestige Economics LLC
Q3-15,2014-04-30,5.95,05-31-2015,Prestige Economics LLC
Q3-15,2014-05-30,5.95,05-31-2015,Prestige Economics LLC
Q3-15,2014-06-30,5.95,05-31-2015,Prestige Economics LLC
Q3-15,2014-07-29,6.0,05-31-2015,Prestige Economics LLC
Q3-15,2014-08-27,6.0,05-31-2015,Prestige Economics LLC
Q3-15,2014-09-29,6.0,05-31-2015,Prestige Economics LLC
Q3-15,2014-10-31,6.0,05-31-2015,Prestige Economics LLC
Q3-15,2014-11-28,6.02,05-31-2015,Prestige Economics LLC
Q3-15,2014-12-31,6.1,05-31-2015,Prestige Economics LLC
Q3-15,2015-01-15,6.1,05-31-2015,Prestige Economics LLC
Q3-15,2015-02-02,6.18,05-31-2015,Prestige Economics LLC
Q3-15,2015-03-02,6.2,05-31-2015,Prestige Economics LLC
Q3-15,2015-03-30,6.18,05-31-2015,Prestige Economics LLC
Q3-15,2015-05-01,6.18,05-31-2015,Prestige Economics LLC
Q4-15,2013-10-28,5.72,05-31-2015,Prestige Economics LLC
Q4-15,2013-11-07,5.72,05-31-2015,Prestige Economics LLC
Q4-15,2013-12-10,5.75,05-31-2015,Prestige Economics LLC
Q4-15,2013-12-31,5.75,05-31-2015,Prestige Economics LLC
Q4-15,2014-01-27,5.75,05-31-2015,Prestige Economics LLC
Q4-15,2014-02-26,5.75,05-31-2015,Prestige Economics LLC
Q4-15,2014-03-31,5.95,05-31-2015,Prestige Economics LLC
Q4-15,2014-04-30,5.95,05-31-2015,Prestige Economics LLC
Q4-15,2014-05-30,5.95,05-31-2015,Prestige Economics LLC
Q4-15,2014-06-30,5.95,05-31-2015,Prestige Economics LLC
Q4-15,2014-07-29,5.95,05-31-2015,Prestige Economics LLC
Q4-15,2014-08-27,5.95,05-31-2015,Prestige Economics LLC
Q4-15,2014-09-29,5.95,05-31-2015,Prestige Economics LLC
Q4-15,2014-10-31,5.95,05-31-2015,Prestige Economics LLC
Q4-15,2014-11-28,5.95,05-31-2015,Prestige Economics LLC
Q4-15,2014-12-31,6.05,05-31-2015,Prestige Economics LLC
Q4-15,2015-01-15,6.05,05-31-2015,Prestige Economics LLC
Q4-15,2015-02-02,6.15,05-31-2015,Prestige Economics LLC
Q4-15,2015-03-02,6.15,05-31-2015,Prestige Economics LLC
Q4-15,2015-03-30,6.15,05-31-2015,Prestige Economics LLC
Q4-15,2015-05-01,6.15,05-31-2015,Prestige Economics LLC
Q1-16,2014-12-31,6.0,05-31-2015,Prestige Economics LLC
Q1-16,2015-01-15,6.0,05-31-2015,Prestige Economics LLC
Q1-16,2015-02-02,6.1,05-31-2015,Prestige Economics LLC
Q1-16,2015-03-02,6.1,05-31-2015,Prestige Economics LLC
Q1-16,2015-03-30,6.1,05-31-2015,Prestige Economics LLC
Q1-16,2015-05-01,6.1,05-31-2015,Prestige Economics LLC
2016,2013-07-01,5.95,05-31-2015,Prestige Economics LLC
2016,2014-12-31,5.95,05-31-2015,Prestige Economics LLC
2016,2015-01-15,5.95,05-31-2015,Prestige Economics LLC
2016,2015-02-02,6.02,05-31-2015,Prestige Economics LLC
2016,2015-03-02,6.04,05-31-2015,Prestige Economics LLC
2016,2015-03-30,6.04,05-31-2015,Prestige Economics LLC
2016,2015-05-01,6.04,05-31-2015,Prestige Economics LLC
Q1-19,2018-03-29,6.35,02-28-2019,Prestige Economics LLC
Q1-19,2018-05-01,6.45,02-28-2019,Prestige Economics LLC
Q1-19,2018-05-31,6.45,02-28-2019,Prestige Economics LLC
Q1-19,2018-06-29,7.05,02-28-2019,Prestige Economics LLC
Q1-19,2018-08-02,7.05,02-28-2019,Prestige Economics LLC
Q1-19,2018-08-31,7.05,02-28-2019,Prestige Economics LLC
Q1-19,2018-10-01,7.05,02-28-2019,Prestige Economics LLC
Q1-19,2018-10-31,7.05,02-28-2019,Prestige Economics LLC
Q1-19,2018-11-27,7.05,02-28-2019,Prestige Economics LLC
Q1-19,2018-12-31,7.0,02-28-2019,Prestige Economics LLC
Q1-19,2019-01-31,6.75,02-28-2019,Prestige Economics LLC
Q1-19,2019-02-28,6.75,02-28-2019,Prestige Economics LLC
Q2-19,2018-06-29,7.0,02-28-2019,Prestige Economics LLC
Q2-19,2018-08-02,7.0,02-28-2019,Prestige Economics LLC
Q2-19,2018-08-31,7.0,02-28-2019,Prestige Economics LLC
Q2-19,2018-10-01,7.0,02-28-2019,Prestige Economics LLC
Q2-19,2018-10-31,7.0,02-28-2019,Prestige Economics LLC
Q2-19,2018-11-27,7.0,02-28-2019,Prestige Economics LLC
Q2-19,2018-12-31,6.9,02-28-2019,Prestige Economics LLC
Q2-19,2019-01-31,6.7,02-28-2019,Prestige Economics LLC
Q2-19,2019-02-28,6.7,02-28-2019,Prestige Economics LLC
Q3-19,2018-10-01,6.95,02-28-2019,Prestige Economics LLC
Q3-19,2018-10-31,6.95,02-28-2019,Prestige Economics LLC
Q3-19,2018-11-27,6.95,02-28-2019,Prestige Economics LLC
Q3-19,2018-12-31,6.85,02-28-2019,Prestige Economics LLC
Q3-19,2019-01-31,6.7,02-28-2019,Prestige Economics LLC
Q3-19,2019-02-28,6.7,02-28-2019,Prestige Economics LLC
Q4-19,2018-12-31,6.8,02-28-2019,Prestige Economics LLC
Q4-19,2019-01-31,6.65,02-28-2019,Prestige Economics LLC
Q4-19,2019-02-28,6.65,02-28-2019,Prestige Economics LLC
Q1-18,2016-12-29,6.45,02-28-2018,Prestige Economics LLC
Q1-18,2017-03-30,6.5,02-28-2018,Prestige Economics LLC
Q1-18,2017-05-31,6.75,02-28-2018,Prestige Economics LLC
Q1-18,2017-06-30,6.7,02-28-2018,Prestige Economics LLC
Q1-18,2017-08-03,6.66,02-28-2018,Prestige Economics LLC
Q1-18,2017-08-31,6.5,02-28-2018,Prestige Economics LLC
Q1-18,2017-09-29,6.5,02-28-2018,Prestige Economics LLC
Q1-18,2017-10-31,6.5,02-28-2018,Prestige Economics LLC
Q1-18,2017-11-27,6.5,02-28-2018,Prestige Economics LLC
Q1-18,2017-12-29,6.48,02-28-2018,Prestige Economics LLC
Q1-18,2018-02-01,6.25,02-28-2018,Prestige Economics LLC
Q1-18,2018-02-26,6.27,02-28-2018,Prestige Economics LLC
Q2-18,2016-12-29,6.45,02-28-2018,Prestige Economics LLC
Q2-18,2017-03-30,6.5,02-28-2018,Prestige Economics LLC
Q2-18,2017-05-31,6.7,02-28-2018,Prestige Economics LLC
Q2-18,2017-06-30,6.65,02-28-2018,Prestige Economics LLC
Q2-18,2017-08-03,6.64,02-28-2018,Prestige Economics LLC
Q2-18,2017-08-31,6.45,02-28-2018,Prestige Economics LLC
Q2-18,2017-09-29,6.45,02-28-2018,Prestige Economics LLC
Q2-18,2017-10-31,6.45,02-28-2018,Prestige Economics LLC
Q2-18,2017-11-27,6.45,02-28-2018,Prestige Economics LLC
Q2-18,2017-12-29,6.44,02-28-2018,Prestige Economics LLC
Q2-18,2018-02-01,6.2,02-28-2018,Prestige Economics LLC
Q2-18,2018-02-26,6.22,02-28-2018,Prestige Economics LLC
Q3-18,2016-12-29,6.4,02-28-2018,Prestige Economics LLC
Q3-18,2017-03-30,6.45,02-28-2018,Prestige Economics LLC
Q3-18,2017-05-31,6.6,02-28-2018,Prestige Economics LLC
Q3-18,2017-06-30,6.6,02-28-2018,Prestige Economics LLC
Q3-18,2017-08-03,6.6,02-28-2018,Prestige Economics LLC
Q3-18,2017-08-31,6.4,02-28-2018,Prestige Economics LLC
Q3-18,2017-09-29,6.4,02-28-2018,Prestige Economics LLC
Q3-18,2017-10-31,6.4,02-28-2018,Prestige Economics LLC
Q3-18,2017-11-27,6.4,02-28-2018,Prestige Economics LLC
Q3-18,2017-12-29,6.4,02-28-2018,Prestige Economics LLC
Q3-18,2018-02-01,6.15,02-28-2018,Prestige Economics LLC
Q3-18,2018-02-26,6.19,02-28-2018,Prestige Economics LLC
Q4-18,2016-08-01,6.25,02-28-2018,Prestige Economics LLC
Q4-18,2016-08-29,6.25,02-28-2018,Prestige Economics LLC
Q4-18,2016-09-30,6.25,02-28-2018,Prestige Economics LLC
Q4-18,2016-10-31,6.4,02-28-2018,Prestige Economics LLC
Q4-18,2016-11-28,6.4,02-28-2018,Prestige Economics LLC
Q4-18,2016-12-29,6.4,02-28-2018,Prestige Economics LLC
Q4-18,2017-01-27,6.4,02-28-2018,Prestige Economics LLC
Q4-18,2017-02-27,6.4,02-28-2018,Prestige Economics LLC
Q4-18,2017-03-30,6.45,02-28-2018,Prestige Economics LLC
Q4-18,2017-05-31,6.55,02-28-2018,Prestige Economics LLC
Q4-18,2017-06-30,6.55,02-28-2018,Prestige Economics LLC
Q4-18,2017-08-03,6.55,02-28-2018,Prestige Economics LLC
Q4-18,2017-08-31,6.4,02-28-2018,Prestige Economics LLC
Q4-18,2017-09-29,6.4,02-28-2018,Prestige Economics LLC
Q4-18,2017-10-31,6.4,02-28-2018,Prestige Economics LLC
Q4-18,2017-11-27,6.4,02-28-2018,Prestige Economics LLC
Q4-18,2017-12-29,6.4,02-28-2018,Prestige Economics LLC
Q4-18,2018-02-01,6.1,02-28-2018,Prestige Economics LLC
Q4-18,2018-02-26,6.13,02-28-2018,Prestige Economics LLC
Q2-14,2013-01-28,5.8,05-31-2014,Prestige Economics LLC
Q2-14,2013-02-25,5.8,05-31-2014,Prestige Economics LLC
Q2-14,2013-03-29,5.8,05-31-2014,Prestige Economics LLC
Q2-14,2013-04-29,5.8,05-31-2014,Prestige Economics LLC
Q2-14,2013-05-28,5.8,05-31-2014,Prestige Economics LLC
Q2-14,2013-07-01,5.8,05-31-2014,Prestige Economics LLC
Q2-14,2013-07-29,5.85,05-31-2014,Prestige Economics LLC
Q2-14,2013-08-02,5.85,05-31-2014,Prestige Economics LLC
Q2-14,2013-09-06,5.85,05-31-2014,Prestige Economics LLC
Q2-14,2013-09-30,5.92,05-31-2014,Prestige Economics LLC
Q2-14,2013-10-28,5.92,05-31-2014,Prestige Economics LLC
Q2-14,2013-11-07,5.92,05-31-2014,Prestige Economics LLC
Q2-14,2013-12-10,6.03,05-31-2014,Prestige Economics LLC
Q2-14,2013-12-31,6.02,05-31-2014,Prestige Economics LLC
Q2-14,2014-01-27,6.02,05-31-2014,Prestige Economics LLC
Q2-14,2014-02-26,6.03,05-31-2014,Prestige Economics LLC
Q2-14,2014-03-31,6.18,05-31-2014,Prestige Economics LLC
Q2-14,2014-04-30,6.2,05-31-2014,Prestige Economics LLC
Q3-14,2013-01-28,5.75,05-31-2014,Prestige Economics LLC
Q3-14,2013-02-25,5.75,05-31-2014,Prestige Economics LLC
Q3-14,2013-03-29,5.75,05-31-2014,Prestige Economics LLC
Q3-14,2013-04-29,5.75,05-31-2014,Prestige Economics LLC
Q3-14,2013-05-28,5.75,05-31-2014,Prestige Economics LLC
Q3-14,2013-07-01,5.75,05-31-2014,Prestige Economics LLC
Q3-14,2013-07-29,5.75,05-31-2014,Prestige Economics LLC
Q3-14,2013-08-02,5.75,05-31-2014,Prestige Economics LLC
Q3-14,2013-09-06,5.75,05-31-2014,Prestige Economics LLC
Q3-14,2013-09-30,5.86,05-31-2014,Prestige Economics LLC
Q3-14,2013-10-28,5.86,05-31-2014,Prestige Economics LLC
Q3-14,2013-11-07,5.86,05-31-2014,Prestige Economics LLC
Q3-14,2013-12-10,6.0,05-31-2014,Prestige Economics LLC
Q3-14,2013-12-31,6.0,05-31-2014,Prestige Economics LLC
Q3-14,2014-01-27,6.0,05-31-2014,Prestige Economics LLC
Q3-14,2014-02-26,6.01,05-31-2014,Prestige Economics LLC
Q3-14,2014-03-31,6.1,05-31-2014,Prestige Economics LLC
Q3-14,2014-04-30,6.15,05-31-2014,Prestige Economics LLC
Q3-14,2014-05-30,6.15,05-31-2014,Prestige Economics LLC
Q4-14,2013-01-28,5.75,05-31-2014,Prestige Economics LLC
Q4-14,2013-02-25,5.75,05-31-2014,Prestige Economics LLC
Q4-14,2013-03-29,5.75,05-31-2014,Prestige Economics LLC
Q4-14,2013-04-29,5.75,05-31-2014,Prestige Economics LLC
Q4-14,2013-05-28,5.75,05-31-2014,Prestige Economics LLC
Q4-14,2013-07-01,5.75,05-31-2014,Prestige Economics LLC
Q4-14,2013-07-29,5.75,05-31-2014,Prestige Economics LLC
Q4-14,2013-08-02,5.75,05-31-2014,Prestige Economics LLC
Q4-14,2013-09-06,5.75,05-31-2014,Prestige Economics LLC
Q4-14,2013-09-30,5.8,05-31-2014,Prestige Economics LLC
Q4-14,2013-10-28,5.8,05-31-2014,Prestige Economics LLC
Q4-14,2013-11-07,5.8,05-31-2014,Prestige Economics LLC
Q4-14,2013-12-10,5.95,05-31-2014,Prestige Economics LLC
Q4-14,2013-12-31,5.95,05-31-2014,Prestige Economics LLC
Q4-14,2014-01-27,5.95,05-31-2014,Prestige Economics LLC
Q4-14,2014-02-26,5.97,05-31-2014,Prestige Economics LLC
Q4-14,2014-03-31,6.05,05-31-2014,Prestige Economics LLC
Q4-14,2014-04-30,6.05,05-31-2014,Prestige Economics LLC
Q4-14,2014-05-30,6.05,05-31-2014,Prestige Economics LLC
Q1-15,2013-10-28,5.8,05-31-2014,Prestige Economics LLC
Q1-15,2013-11-07,5.8,05-31-2014,Prestige Economics LLC
Q1-15,2013-12-10,5.85,05-31-2014,Prestige Economics LLC
Q1-15,2013-12-31,5.85,05-31-2014,Prestige Economics LLC
Q1-15,2014-01-27,5.85,05-31-2014,Prestige Economics LLC
Q1-15,2014-02-26,5.85,05-31-2014,Prestige Economics LLC
Q1-15,2014-03-31,6.05,05-31-2014,Prestige Economics LLC
Q1-15,2014-04-30,6.05,05-31-2014,Prestige Economics LLC
Q1-15,2014-05-30,6.05,05-31-2014,Prestige Economics LLC
2015,2013-10-28,5.72,05-31-2014,Prestige Economics LLC
2015,2013-11-07,5.72,05-31-2014,Prestige Economics LLC
2015,2013-12-10,5.75,05-31-2014,Prestige Economics LLC
2015,2013-12-31,5.75,05-31-2014,Prestige Economics LLC
2015,2014-01-27,5.75,05-31-2014,Prestige Economics LLC
2015,2014-02-26,5.75,05-31-2014,Prestige Economics LLC
2015,2014-03-31,5.95,05-31-2014,Prestige Economics LLC
2015,2014-04-30,5.95,05-31-2014,Prestige Economics LLC
2015,2014-05-30,5.95,05-31-2014,Prestige Economics LLC
Q1-22,2021-05-03,6.4,02-28-2022,Prestige Economics LLC
Q1-22,2021-06-01,6.3,02-28-2022,Prestige Economics LLC
Q1-22,2021-06-29,6.32,02-28-2022,Prestige Economics LLC
Q1-22,2021-08-02,6.35,02-28-2022,Prestige Economics LLC
Q1-22,2021-08-03,6.38,02-28-2022,Prestige Economics LLC
Q1-22,2021-09-01,6.38,02-28-2022,Prestige Economics LLC
Q1-22,2021-10-04,6.48,02-28-2022,Prestige Economics LLC
Q1-22,2021-10-29,6.48,02-28-2022,Prestige Economics LLC
Q1-22,2021-11-29,6.45,02-28-2022,Prestige Economics LLC
Q1-22,2021-12-28,6.4,02-28-2022,Prestige Economics LLC
Q1-22,2022-02-28,6.28,02-28-2022,Prestige Economics LLC
Q2-22,2021-06-29,6.32,02-28-2022,Prestige Economics LLC
Q2-22,2021-08-02,6.34,02-28-2022,Prestige Economics LLC
Q2-22,2021-08-03,6.42,02-28-2022,Prestige Economics LLC
Q2-22,2021-09-01,6.42,02-28-2022,Prestige Economics LLC
Q2-22,2021-10-04,6.48,02-28-2022,Prestige Economics LLC
Q2-22,2021-10-29,6.48,02-28-2022,Prestige Economics LLC
Q2-22,2021-11-29,6.45,02-28-2022,Prestige Economics LLC
Q2-22,2021-12-28,6.39,02-28-2022,Prestige Economics LLC
Q2-22,2022-02-28,6.31,02-28-2022,Prestige Economics LLC
Q3-22,2021-09-01,6.45,02-28-2022,Prestige Economics LLC
Q3-22,2021-10-04,6.45,02-28-2022,Prestige Economics LLC
Q3-22,2021-10-29,6.45,02-28-2022,Prestige Economics LLC
Q3-22,2021-11-29,6.42,02-28-2022,Prestige Economics LLC
Q3-22,2021-12-28,6.38,02-28-2022,Prestige Economics LLC
Q3-22,2022-02-28,6.33,02-28-2022,Prestige Economics LLC
Q4-22,2021-11-29,6.41,02-28-2022,Prestige Economics LLC
Q4-22,2021-12-28,6.36,02-28-2022,Prestige Economics LLC
Q4-22,2022-02-28,6.35,02-28-2022,Prestige Economics LLC
Q4-13,2013-01-28,5.9,11-30-2013,Prestige Economics LLC
Q4-13,2013-02-25,6.0,11-30-2013,Prestige Economics LLC
Q4-13,2013-03-29,6.0,11-30-2013,Prestige Economics LLC
Q4-13,2013-04-29,6.0,11-30-2013,Prestige Economics LLC
Q4-13,2013-05-28,6.0,11-30-2013,Prestige Economics LLC
Q4-13,2013-07-01,6.0,11-30-2013,Prestige Economics LLC
Q4-13,2013-07-29,6.03,11-30-2013,Prestige Economics LLC
Q4-13,2013-08-02,6.03,11-30-2013,Prestige Economics LLC
Q4-13,2013-09-06,6.03,11-30-2013,Prestige Economics LLC
Q4-13,2013-09-30,6.04,11-30-2013,Prestige Economics LLC
Q4-13,2013-10-28,6.04,11-30-2013,Prestige Economics LLC
Q4-13,2013-11-07,6.04,11-30-2013,Prestige Economics LLC
Q1-14,2013-01-28,5.85,11-30-2013,Prestige Economics LLC
Q1-14,2013-02-25,5.9,11-30-2013,Prestige Economics LLC
Q1-14,2013-03-29,5.9,11-30-2013,Prestige Economics LLC
Q1-14,2013-04-29,5.9,11-30-2013,Prestige Economics LLC
Q1-14,2013-05-28,5.9,11-30-2013,Prestige Economics LLC
Q1-14,2013-07-01,5.9,11-30-2013,Prestige Economics LLC
Q1-14,2013-07-29,5.95,11-30-2013,Prestige Economics LLC
Q1-14,2013-08-02,5.95,11-30-2013,Prestige Economics LLC
Q1-14,2013-09-06,5.95,11-30-2013,Prestige Economics LLC
Q1-14,2013-09-30,5.99,11-30-2013,Prestige Economics LLC
Q1-14,2013-10-28,5.99,11-30-2013,Prestige Economics LLC
Q1-14,2013-11-07,5.99,11-30-2013,Prestige Economics LLC
Q2-14,2013-01-28,5.8,11-30-2013,Prestige Economics LLC
Q2-14,2013-02-25,5.8,11-30-2013,Prestige Economics LLC
Q2-14,2013-03-29,5.8,11-30-2013,Prestige Economics LLC
Q2-14,2013-04-29,5.8,11-30-2013,Prestige Economics LLC
Q2-14,2013-05-28,5.8,11-30-2013,Prestige Economics LLC
Q2-14,2013-07-01,5.8,11-30-2013,Prestige Economics LLC
Q2-14,2013-07-29,5.85,11-30-2013,Prestige Economics LLC
Q2-14,2013-08-02,5.85,11-30-2013,Prestige Economics LLC
Q2-14,2013-09-06,5.85,11-30-2013,Prestige Economics LLC
Q2-14,2013-09-30,5.92,11-30-2013,Prestige Economics LLC
Q2-14,2013-10-28,5.92,11-30-2013,Prestige Economics LLC
Q2-14,2013-11-07,5.92,11-30-2013,Prestige Economics LLC
Q3-14,2013-01-28,5.75,11-30-2013,Prestige Economics LLC
Q3-14,2013-02-25,5.75,11-30-2013,Prestige Economics LLC
Q3-14,2013-03-29,5.75,11-30-2013,Prestige Economics LLC
Q3-14,2013-04-29,5.75,11-30-2013,Prestige Economics LLC
Q3-14,2013-05-28,5.75,11-30-2013,Prestige Economics LLC
Q3-14,2013-07-01,5.75,11-30-2013,Prestige Economics LLC
Q3-14,2013-07-29,5.75,11-30-2013,Prestige Economics LLC
Q3-14,2013-08-02,5.75,11-30-2013,Prestige Economics LLC
Q3-14,2013-09-06,5.75,11-30-2013,Prestige Economics LLC
Q3-14,2013-09-30,5.86,11-30-2013,Prestige Economics LLC
Q3-14,2013-10-28,5.86,11-30-2013,Prestige Economics LLC
Q3-14,2013-11-07,5.86,11-30-2013,Prestige Economics LLC
2014,2013-01-28,5.75,11-30-2013,Prestige Economics LLC
2014,2013-02-25,5.75,11-30-2013,Prestige Economics LLC
2014,2013-03-29,5.75,11-30-2013,Prestige Economics LLC
2014,2013-04-29,5.75,11-30-2013,Prestige Economics LLC
2014,2013-05-28,5.75,11-30-2013,Prestige Economics LLC
2014,2013-07-01,5.75,11-30-2013,Prestige Economics LLC
2014,2013-07-29,5.75,11-30-2013,Prestige Economics LLC
2014,2013-08-02,5.75,11-30-2013,Prestige Economics LLC
2014,2013-09-06,5.75,11-30-2013,Prestige Economics LLC
2014,2013-09-30,5.8,11-30-2013,Prestige Economics LLC
2014,2013-10-28,5.8,11-30-2013,Prestige Economics LLC
2014,2013-11-07,5.8,11-30-2013,Prestige Economics LLC
2015,2013-10-28,5.72,11-30-2013,Prestige Economics LLC
2015,2013-11-07,5.72,11-30-2013,Prestige Economics LLC
Q1-14,2013-01-28,5.85,02-28-2014,Prestige Economics LLC
Q1-14,2013-02-25,5.9,02-28-2014,Prestige Economics LLC
Q1-14,2013-03-29,5.9,02-28-2014,Prestige Economics LLC
Q1-14,2013-04-29,5.9,02-28-2014,Prestige Economics LLC
Q1-14,2013-05-28,5.9,02-28-2014,Prestige Economics LLC
Q1-14,2013-07-01,5.9,02-28-2014,Prestige Economics LLC
Q1-14,2013-07-29,5.95,02-28-2014,Prestige Economics LLC
Q1-14,2013-08-02,5.95,02-28-2014,Prestige Economics LLC
Q1-14,2013-09-06,5.95,02-28-2014,Prestige Economics LLC
Q1-14,2013-09-30,5.99,02-28-2014,Prestige Economics LLC
Q1-14,2013-10-28,5.99,02-28-2014,Prestige Economics LLC
Q1-14,2013-11-07,5.99,02-28-2014,Prestige Economics LLC
Q1-14,2013-12-10,6.05,02-28-2014,Prestige Economics LLC
Q1-14,2013-12-31,6.04,02-28-2014,Prestige Economics LLC
Q1-14,2014-01-27,6.04,02-28-2014,Prestige Economics LLC
Q1-14,2014-02-26,6.06,02-28-2014,Prestige Economics LLC
Q2-14,2013-01-28,5.8,02-28-2014,Prestige Economics LLC
Q2-14,2013-02-25,5.8,02-28-2014,Prestige Economics LLC
Q2-14,2013-03-29,5.8,02-28-2014,Prestige Economics LLC
Q2-14,2013-04-29,5.8,02-28-2014,Prestige Economics LLC
Q2-14,2013-05-28,5.8,02-28-2014,Prestige Economics LLC
Q2-14,2013-07-01,5.8,02-28-2014,Prestige Economics LLC
Q2-14,2013-07-29,5.85,02-28-2014,Prestige Economics LLC
Q2-14,2013-08-02,5.85,02-28-2014,Prestige Economics LLC
Q2-14,2013-09-06,5.85,02-28-2014,Prestige Economics LLC
Q2-14,2013-09-30,5.92,02-28-2014,Prestige Economics LLC
Q2-14,2013-10-28,5.92,02-28-2014,Prestige Economics LLC
Q2-14,2013-11-07,5.92,02-28-2014,Prestige Economics LLC
Q2-14,2013-12-10,6.03,02-28-2014,Prestige Economics LLC
Q2-14,2013-12-31,6.02,02-28-2014,Prestige Economics LLC
Q2-14,2014-01-27,6.02,02-28-2014,Prestige Economics LLC
Q2-14,2014-02-26,6.03,02-28-2014,Prestige Economics LLC
Q3-14,2013-01-28,5.75,02-28-2014,Prestige Economics LLC
Q3-14,2013-02-25,5.75,02-28-2014,Prestige Economics LLC
Q3-14,2013-03-29,5.75,02-28-2014,Prestige Economics LLC
Q3-14,2013-04-29,5.75,02-28-2014,Prestige Economics LLC
Q3-14,2013-05-28,5.75,02-28-2014,Prestige Economics LLC
Q3-14,2013-07-01,5.75,02-28-2014,Prestige Economics LLC
Q3-14,2013-07-29,5.75,02-28-2014,Prestige Economics LLC
Q3-14,2013-08-02,5.75,02-28-2014,Prestige Economics LLC
Q3-14,2013-09-06,5.75,02-28-2014,Prestige Economics LLC
Q3-14,2013-09-30,5.86,02-28-2014,Prestige Economics LLC
Q3-14,2013-10-28,5.86,02-28-2014,Prestige Economics LLC
Q3-14,2013-11-07,5.86,02-28-2014,Prestige Economics LLC
Q3-14,2013-12-10,6.0,02-28-2014,Prestige Economics LLC
Q3-14,2013-12-31,6.0,02-28-2014,Prestige Economics LLC
Q3-14,2014-01-27,6.0,02-28-2014,Prestige Economics LLC
Q3-14,2014-02-26,6.01,02-28-2014,Prestige Economics LLC
Q4-14,2013-01-28,5.75,02-28-2014,Prestige Economics LLC
Q4-14,2013-02-25,5.75,02-28-2014,Prestige Economics LLC
Q4-14,2013-03-29,5.75,02-28-2014,Prestige Economics LLC
Q4-14,2013-04-29,5.75,02-28-2014,Prestige Economics LLC
Q4-14,2013-05-28,5.75,02-28-2014,Prestige Economics LLC
Q4-14,2013-07-01,5.75,02-28-2014,Prestige Economics LLC
Q4-14,2013-07-29,5.75,02-28-2014,Prestige Economics LLC
Q4-14,2013-08-02,5.75,02-28-2014,Prestige Economics LLC
Q4-14,2013-09-06,5.75,02-28-2014,Prestige Economics LLC
Q4-14,2013-09-30,5.8,02-28-2014,Prestige Economics LLC
Q4-14,2013-10-28,5.8,02-28-2014,Prestige Economics LLC
Q4-14,2013-11-07,5.8,02-28-2014,Prestige Economics LLC
Q4-14,2013-12-10,5.95,02-28-2014,Prestige Economics LLC
Q4-14,2013-12-31,5.95,02-28-2014,Prestige Economics LLC
Q4-14,2014-01-27,5.95,02-28-2014,Prestige Economics LLC
Q4-14,2014-02-26,5.97,02-28-2014,Prestige Economics LLC
2015,2013-10-28,5.72,02-28-2014,Prestige Economics LLC
2015,2013-11-07,5.72,02-28-2014,Prestige Economics LLC
2015,2013-12-10,5.75,02-28-2014,Prestige Economics LLC
2015,2013-12-31,5.75,02-28-2014,Prestige Economics LLC
2015,2014-01-27,5.75,02-28-2014,Prestige Economics LLC
2015,2014-02-26,5.75,02-28-2014,Prestige Economics LLC
Q3-13,2013-01-28,5.95,08-31-2013,Prestige Economics LLC
Q3-13,2013-02-25,6.1,08-31-2013,Prestige Economics LLC
Q3-13,2013-03-29,6.1,08-31-2013,Prestige Economics LLC
Q3-13,2013-04-29,6.1,08-31-2013,Prestige Economics LLC
Q3-13,2013-05-28,6.1,08-31-2013,Prestige Economics LLC
Q3-13,2013-07-01,6.1,08-31-2013,Prestige Economics LLC
Q3-13,2013-07-29,6.11,08-31-2013,Prestige Economics LLC
Q3-13,2013-08-02,6.11,08-31-2013,Prestige Economics LLC
Q4-13,2013-01-28,5.9,08-31-2013,Prestige Economics LLC
Q4-13,2013-02-25,6.0,08-31-2013,Prestige Economics LLC
Q4-13,2013-03-29,6.0,08-31-2013,Prestige Economics LLC
Q4-13,2013-04-29,6.0,08-31-2013,Prestige Economics LLC
Q4-13,2013-05-28,6.0,08-31-2013,Prestige Economics LLC
Q4-13,2013-07-01,6.0,08-31-2013,Prestige Economics LLC
Q4-13,2013-07-29,6.03,08-31-2013,Prestige Economics LLC
Q4-13,2013-08-02,6.03,08-31-2013,Prestige Economics LLC
Q1-14,2013-01-28,5.85,08-31-2013,Prestige Economics LLC
Q1-14,2013-02-25,5.9,08-31-2013,Prestige Economics LLC
Q1-14,2013-03-29,5.9,08-31-2013,Prestige Economics LLC
Q1-14,2013-04-29,5.9,08-31-2013,Prestige Economics LLC
Q1-14,2013-05-28,5.9,08-31-2013,Prestige Economics LLC
Q1-14,2013-07-01,5.9,08-31-2013,Prestige Economics LLC
Q1-14,2013-07-29,5.95,08-31-2013,Prestige Economics LLC
Q1-14,2013-08-02,5.95,08-31-2013,Prestige Economics LLC
Q2-14,2013-01-28,5.8,08-31-2013,Prestige Economics LLC
Q2-14,2013-02-25,5.8,08-31-2013,Prestige Economics LLC
Q2-14,2013-03-29,5.8,08-31-2013,Prestige Economics LLC
Q2-14,2013-04-29,5.8,08-31-2013,Prestige Economics LLC
Q2-14,2013-05-28,5.8,08-31-2013,Prestige Economics LLC
Q2-14,2013-07-01,5.8,08-31-2013,Prestige Economics LLC
Q2-14,2013-07-29,5.85,08-31-2013,Prestige Economics LLC
Q2-14,2013-08-02,5.85,08-31-2013,Prestige Economics LLC
2014,2013-01-28,5.75,08-31-2013,Prestige Economics LLC
2014,2013-02-25,5.75,08-31-2013,Prestige Economics LLC
2014,2013-03-29,5.75,08-31-2013,Prestige Economics LLC
2014,2013-04-29,5.75,08-31-2013,Prestige Economics LLC
2014,2013-05-28,5.75,08-31-2013,Prestige Economics LLC
2014,2013-07-01,5.75,08-31-2013,Prestige Economics LLC
2014,2013-07-29,5.75,08-31-2013,Prestige Economics LLC
2014,2013-08-02,5.75,08-31-2013,Prestige Economics LLC
Q2-18,2016-12-29,6.45,05-31-2018,Prestige Economics LLC
Q2-18,2017-03-30,6.5,05-31-2018,Prestige Economics LLC
Q2-18,2017-05-31,6.7,05-31-2018,Prestige Economics LLC
Q2-18,2017-06-30,6.65,05-31-2018,Prestige Economics LLC
Q2-18,2017-08-03,6.64,05-31-2018,Prestige Economics LLC
Q2-18,2017-08-31,6.45,05-31-2018,Prestige Economics LLC
Q2-18,2017-09-29,6.45,05-31-2018,Prestige Economics LLC
Q2-18,2017-10-31,6.45,05-31-2018,Prestige Economics LLC
Q2-18,2017-11-27,6.45,05-31-2018,Prestige Economics LLC
Q2-18,2017-12-29,6.44,05-31-2018,Prestige Economics LLC
Q2-18,2018-02-01,6.2,05-31-2018,Prestige Economics LLC
Q2-18,2018-02-26,6.22,05-31-2018,Prestige Economics LLC
Q2-18,2018-03-29,6.3,05-31-2018,Prestige Economics LLC
Q2-18,2018-05-01,6.32,05-31-2018,Prestige Economics LLC
Q2-18,2018-05-31,6.36,05-31-2018,Prestige Economics LLC
Q3-18,2016-12-29,6.4,05-31-2018,Prestige Economics LLC
Q3-18,2017-03-30,6.45,05-31-2018,Prestige Economics LLC
Q3-18,2017-05-31,6.6,05-31-2018,Prestige Economics LLC
Q3-18,2017-06-30,6.6,05-31-2018,Prestige Economics LLC
Q3-18,2017-08-03,6.6,05-31-2018,Prestige Economics LLC
Q3-18,2017-08-31,6.4,05-31-2018,Prestige Economics LLC
Q3-18,2017-09-29,6.4,05-31-2018,Prestige Economics LLC
Q3-18,2017-10-31,6.4,05-31-2018,Prestige Economics LLC
Q3-18,2017-11-27,6.4,05-31-2018,Prestige Economics LLC
Q3-18,2017-12-29,6.4,05-31-2018,Prestige Economics LLC
Q3-18,2018-02-01,6.15,05-31-2018,Prestige Economics LLC
Q3-18,2018-02-26,6.19,05-31-2018,Prestige Economics LLC
Q3-18,2018-03-29,6.3,05-31-2018,Prestige Economics LLC
Q3-18,2018-05-01,6.36,05-31-2018,Prestige Economics LLC
Q3-18,2018-05-31,6.38,05-31-2018,Prestige Economics LLC
Q4-18,2016-08-01,6.25,05-31-2018,Prestige Economics LLC
Q4-18,2016-08-29,6.25,05-31-2018,Prestige Economics LLC
Q4-18,2016-09-30,6.25,05-31-2018,Prestige Economics LLC
Q4-18,2016-10-31,6.4,05-31-2018,Prestige Economics LLC
Q4-18,2016-11-28,6.4,05-31-2018,Prestige Economics LLC
Q4-18,2016-12-29,6.4,05-31-2018,Prestige Economics LLC
Q4-18,2017-01-27,6.4,05-31-2018,Prestige Economics LLC
Q4-18,2017-02-27,6.4,05-31-2018,Prestige Economics LLC
Q4-18,2017-03-30,6.45,05-31-2018,Prestige Economics LLC
Q4-18,2017-05-31,6.55,05-31-2018,Prestige Economics LLC
Q4-18,2017-06-30,6.55,05-31-2018,Prestige Economics LLC
Q4-18,2017-08-03,6.55,05-31-2018,Prestige Economics LLC
Q4-18,2017-08-31,6.4,05-31-2018,Prestige Economics LLC
Q4-18,2017-09-29,6.4,05-31-2018,Prestige Economics LLC
Q4-18,2017-10-31,6.4,05-31-2018,Prestige Economics LLC
Q4-18,2017-11-27,6.4,05-31-2018,Prestige Economics LLC
Q4-18,2017-12-29,6.4,05-31-2018,Prestige Economics LLC
Q4-18,2018-02-01,6.1,05-31-2018,Prestige Economics LLC
Q4-18,2018-02-26,6.13,05-31-2018,Prestige Economics LLC
Q4-18,2018-03-29,6.35,05-31-2018,Prestige Economics LLC
Q4-18,2018-05-01,6.4,05-31-2018,Prestige Economics LLC
Q4-18,2018-05-31,6.4,05-31-2018,Prestige Economics LLC
Q1-19,2018-03-29,6.35,05-31-2018,Prestige Economics LLC
Q1-19,2018-05-01,6.45,05-31-2018,Prestige Economics LLC
Q1-19,2018-05-31,6.45,05-31-2018,Prestige Economics LLC
Q4-14,2013-01-28,5.75,11-30-2014,Prestige Economics LLC
Q4-14,2013-02-25,5.75,11-30-2014,Prestige Economics LLC
Q4-14,2013-03-29,5.75,11-30-2014,Prestige Economics LLC
Q4-14,2013-04-29,5.75,11-30-2014,Prestige Economics LLC
Q4-14,2013-05-28,5.75,11-30-2014,Prestige Economics LLC
Q4-14,2013-07-01,5.75,11-30-2014,Prestige Economics LLC
Q4-14,2013-07-29,5.75,11-30-2014,Prestige Economics LLC
Q4-14,2013-08-02,5.75,11-30-2014,Prestige Economics LLC
Q4-14,2013-09-06,5.75,11-30-2014,Prestige Economics LLC
Q4-14,2013-09-30,5.8,11-30-2014,Prestige Economics LLC
Q4-14,2013-10-28,5.8,11-30-2014,Prestige Economics LLC
Q4-14,2013-11-07,5.8,11-30-2014,Prestige Economics LLC
Q4-14,2013-12-10,5.95,11-30-2014,Prestige Economics LLC
Q4-14,2013-12-31,5.95,11-30-2014,Prestige Economics LLC
Q4-14,2014-01-27,5.95,11-30-2014,Prestige Economics LLC
Q4-14,2014-02-26,5.97,11-30-2014,Prestige Economics LLC
Q4-14,2014-03-31,6.05,11-30-2014,Prestige Economics LLC
Q4-14,2014-04-30,6.05,11-30-2014,Prestige Economics LLC
Q4-14,2014-05-30,6.05,11-30-2014,Prestige Economics LLC
Q4-14,2014-06-30,6.05,11-30-2014,Prestige Economics LLC
Q4-14,2014-07-29,6.05,11-30-2014,Prestige Economics LLC
Q4-14,2014-08-27,6.05,11-30-2014,Prestige Economics LLC
Q4-14,2014-09-29,6.15,11-30-2014,Prestige Economics LLC
Q4-14,2014-10-31,6.12,11-30-2014,Prestige Economics LLC
Q4-14,2014-11-28,6.12,11-30-2014,Prestige Economics LLC
Q1-15,2013-10-28,5.8,11-30-2014,Prestige Economics LLC
Q1-15,2013-11-07,5.8,11-30-2014,Prestige Economics LLC
Q1-15,2013-12-10,5.85,11-30-2014,Prestige Economics LLC
Q1-15,2013-12-31,5.85,11-30-2014,Prestige Economics LLC
Q1-15,2014-01-27,5.85,11-30-2014,Prestige Economics LLC
Q1-15,2014-02-26,5.85,11-30-2014,Prestige Economics LLC
Q1-15,2014-03-31,6.05,11-30-2014,Prestige Economics LLC
Q1-15,2014-04-30,6.05,11-30-2014,Prestige Economics LLC
Q1-15,2014-05-30,6.05,11-30-2014,Prestige Economics LLC
Q1-15,2014-06-30,6.05,11-30-2014,Prestige Economics LLC
Q1-15,2014-07-29,6.05,11-30-2014,Prestige Economics LLC
Q1-15,2014-08-27,6.05,11-30-2014,Prestige Economics LLC
Q1-15,2014-09-29,6.1,11-30-2014,Prestige Economics LLC
Q1-15,2014-10-31,6.09,11-30-2014,Prestige Economics LLC
Q1-15,2014-11-28,6.1,11-30-2014,Prestige Economics LLC
Q2-15,2013-10-28,5.76,11-30-2014,Prestige Economics LLC
Q2-15,2013-11-07,5.76,11-30-2014,Prestige Economics LLC
Q2-15,2013-12-10,5.75,11-30-2014,Prestige Economics LLC
Q2-15,2013-12-31,5.75,11-30-2014,Prestige Economics LLC
Q2-15,2014-01-27,5.75,11-30-2014,Prestige Economics LLC
Q2-15,2014-02-26,5.75,11-30-2014,Prestige Economics LLC
Q2-15,2014-03-31,6.0,11-30-2014,Prestige Economics LLC
Q2-15,2014-04-30,6.0,11-30-2014,Prestige Economics LLC
Q2-15,2014-05-30,6.0,11-30-2014,Prestige Economics LLC
Q2-15,2014-06-30,6.0,11-30-2014,Prestige Economics LLC
Q2-15,2014-07-29,6.0,11-30-2014,Prestige Economics LLC
Q2-15,2014-08-27,6.0,11-30-2014,Prestige Economics LLC
Q2-15,2014-09-29,6.05,11-30-2014,Prestige Economics LLC
Q2-15,2014-10-31,6.05,11-30-2014,Prestige Economics LLC
Q2-15,2014-11-28,6.08,11-30-2014,Prestige Economics LLC
Q3-15,2013-10-28,5.76,11-30-2014,Prestige Economics LLC
Q3-15,2013-11-07,5.76,11-30-2014,Prestige Economics LLC
Q3-15,2013-12-10,5.75,11-30-2014,Prestige Economics LLC
Q3-15,2013-12-31,5.75,11-30-2014,Prestige Economics LLC
Q3-15,2014-01-27,5.75,11-30-2014,Prestige Economics LLC
Q3-15,2014-02-26,5.75,11-30-2014,Prestige Economics LLC
Q3-15,2014-03-31,5.95,11-30-2014,Prestige Economics LLC
Q3-15,2014-04-30,5.95,11-30-2014,Prestige Economics LLC
Q3-15,2014-05-30,5.95,11-30-2014,Prestige Economics LLC
Q3-15,2014-06-30,5.95,11-30-2014,Prestige Economics LLC
Q3-15,2014-07-29,6.0,11-30-2014,Prestige Economics LLC
Q3-15,2014-08-27,6.0,11-30-2014,Prestige Economics LLC
Q3-15,2014-09-29,6.0,11-30-2014,Prestige Economics LLC
Q3-15,2014-10-31,6.0,11-30-2014,Prestige Economics LLC
Q3-15,2014-11-28,6.02,11-30-2014,Prestige Economics LLC
2015,2013-10-28,5.72,11-30-2014,Prestige Economics LLC
2015,2013-11-07,5.72,11-30-2014,Prestige Economics LLC
2015,2013-12-10,5.75,11-30-2014,Prestige Economics LLC
2015,2013-12-31,5.75,11-30-2014,Prestige Economics LLC
2015,2014-01-27,5.75,11-30-2014,Prestige Economics LLC
2015,2014-02-26,5.75,11-30-2014,Prestige Economics LLC
2015,2014-03-31,5.95,11-30-2014,Prestige Economics LLC
2015,2014-04-30,5.95,11-30-2014,Prestige Economics LLC
2015,2014-05-30,5.95,11-30-2014,Prestige Economics LLC
2015,2014-06-30,5.95,11-30-2014,Prestige Economics LLC
2015,2014-07-29,5.95,11-30-2014,Prestige Economics LLC
2015,2014-08-27,5.95,11-30-2014,Prestige Economics LLC
2015,2014-09-29,5.95,11-30-2014,Prestige Economics LLC
2015,2014-10-31,5.95,11-30-2014,Prestige Economics LLC
2015,2014-11-28,5.95,11-30-2014,Prestige Economics LLC
Q2-13,2013-01-28,6.0,05-31-2013,Prestige Economics LLC
Q2-13,2013-02-25,6.17,05-31-2013,Prestige Economics LLC
Q2-13,2013-03-29,6.17,05-31-2013,Prestige Economics LLC
Q2-13,2013-04-29,6.17,05-31-2013,Prestige Economics LLC
Q2-13,2013-05-28,6.15,05-31-2013,Prestige Economics LLC
Q3-13,2013-01-28,5.95,05-31-2013,Prestige Economics LLC
Q3-13,2013-02-25,6.1,05-31-2013,Prestige Economics LLC
Q3-13,2013-03-29,6.1,05-31-2013,Prestige Economics LLC
Q3-13,2013-04-29,6.1,05-31-2013,Prestige Economics LLC
Q3-13,2013-05-28,6.1,05-31-2013,Prestige Economics LLC
Q4-13,2013-01-28,5.9,05-31-2013,Prestige Economics LLC
Q4-13,2013-02-25,6.0,05-31-2013,Prestige Economics LLC
Q4-13,2013-03-29,6.0,05-31-2013,Prestige Economics LLC
Q4-13,2013-04-29,6.0,05-31-2013,Prestige Economics LLC
Q4-13,2013-05-28,6.0,05-31-2013,Prestige Economics LLC
Q1-14,2013-01-28,5.85,05-31-2013,Prestige Economics LLC
Q1-14,2013-02-25,5.9,05-31-2013,Prestige Economics LLC
Q1-14,2013-03-29,5.9,05-31-2013,Prestige Economics LLC
Q1-14,2013-04-29,5.9,05-31-2013,Prestige Economics LLC
Q1-14,2013-05-28,5.9,05-31-2013,Prestige Economics LLC
2014,2013-01-28,5.75,05-31-2013,Prestige Economics LLC
2014,2013-02-25,5.75,05-31-2013,Prestige Economics LLC
2014,2013-03-29,5.75,05-31-2013,Prestige Economics LLC
2014,2013-04-29,5.75,05-31-2013,Prestige Economics LLC
2014,2013-05-28,5.75,05-31-2013,Prestige Economics LLC
Q3-18,2016-12-29,6.4,08-31-2018,Prestige Economics LLC
Q3-18,2017-03-30,6.45,08-31-2018,Prestige Economics LLC
Q3-18,2017-05-31,6.6,08-31-2018,Prestige Economics LLC
Q3-18,2017-06-30,6.6,08-31-2018,Prestige Economics LLC
Q3-18,2017-08-03,6.6,08-31-2018,Prestige Economics LLC
Q3-18,2017-08-31,6.4,08-31-2018,Prestige Economics LLC
Q3-18,2017-09-29,6.4,08-31-2018,Prestige Economics LLC
Q3-18,2017-10-31,6.4,08-31-2018,Prestige Economics LLC
Q3-18,2017-11-27,6.4,08-31-2018,Prestige Economics LLC
Q3-18,2017-12-29,6.4,08-31-2018,Prestige Economics LLC
Q3-18,2018-02-01,6.15,08-31-2018,Prestige Economics LLC
Q3-18,2018-02-26,6.19,08-31-2018,Prestige Economics LLC
Q3-18,2018-03-29,6.3,08-31-2018,Prestige Economics LLC
Q3-18,2018-05-01,6.36,08-31-2018,Prestige Economics LLC
Q3-18,2018-05-31,6.38,08-31-2018,Prestige Economics LLC
Q3-18,2018-06-29,6.95,08-31-2018,Prestige Economics LLC
Q3-18,2018-08-02,6.95,08-31-2018,Prestige Economics LLC
Q3-18,2018-08-31,6.95,08-31-2018,Prestige Economics LLC
Q4-18,2016-09-30,6.25,08-31-2018,Prestige Economics LLC
Q4-18,2016-10-31,6.4,08-31-2018,Prestige Economics LLC
Q4-18,2016-11-28,6.4,08-31-2018,Prestige Economics LLC
Q4-18,2016-12-29,6.4,08-31-2018,Prestige Economics LLC
Q4-18,2017-01-27,6.4,08-31-2018,Prestige Economics LLC
Q4-18,2017-02-27,6.4,08-31-2018,Prestige Economics LLC
Q4-18,2017-03-30,6.45,08-31-2018,Prestige Economics LLC
Q4-18,2017-05-31,6.55,08-31-2018,Prestige Economics LLC
Q4-18,2017-06-30,6.55,08-31-2018,Prestige Economics LLC
Q4-18,2017-08-03,6.55,08-31-2018,Prestige Economics LLC
Q4-18,2017-08-31,6.4,08-31-2018,Prestige Economics LLC
Q4-18,2017-09-29,6.4,08-31-2018,Prestige Economics LLC
Q4-18,2017-10-31,6.4,08-31-2018,Prestige Economics LLC
Q4-18,2017-11-27,6.4,08-31-2018,Prestige Economics LLC
Q4-18,2017-12-29,6.4,08-31-2018,Prestige Economics LLC
Q4-18,2018-02-01,6.1,08-31-2018,Prestige Economics LLC
Q4-18,2018-02-26,6.13,08-31-2018,Prestige Economics LLC
Q4-18,2018-03-29,6.35,08-31-2018,Prestige Economics LLC
Q4-18,2018-05-01,6.4,08-31-2018,Prestige Economics LLC
Q4-18,2018-05-31,6.4,08-31-2018,Prestige Economics LLC
Q4-18,2018-06-29,7.05,08-31-2018,Prestige Economics LLC
Q4-18,2018-08-02,7.05,08-31-2018,Prestige Economics LLC
Q4-18,2018-08-31,7.05,08-31-2018,Prestige Economics LLC
Q1-19,2018-03-29,6.35,08-31-2018,Prestige Economics LLC
Q1-19,2018-05-01,6.45,08-31-2018,Prestige Economics LLC
Q1-19,2018-05-31,6.45,08-31-2018,Prestige Economics LLC
Q1-19,2018-06-29,7.05,08-31-2018,Prestige Economics LLC
Q1-19,2018-08-02,7.05,08-31-2018,Prestige Economics LLC
Q1-19,2018-08-31,7.05,08-31-2018,Prestige Economics LLC
Q2-19,2018-06-29,7.0,08-31-2018,Prestige Economics LLC
Q2-19,2018-08-02,7.0,08-31-2018,Prestige Economics LLC
Q2-19,2018-08-31,7.0,08-31-2018,Prestige Economics LLC
Q4-18,2016-12-29,6.4,11-30-2018,Prestige Economics LLC
Q4-18,2017-01-27,6.4,11-30-2018,Prestige Economics LLC
Q4-18,2017-02-27,6.4,11-30-2018,Prestige Economics LLC
Q4-18,2017-03-30,6.45,11-30-2018,Prestige Economics LLC
Q4-18,2017-05-31,6.55,11-30-2018,Prestige Economics LLC
Q4-18,2017-06-30,6.55,11-30-2018,Prestige Economics LLC
Q4-18,2017-08-03,6.55,11-30-2018,Prestige Economics LLC
Q4-18,2017-08-31,6.4,11-30-2018,Prestige Economics LLC
Q4-18,2017-09-29,6.4,11-30-2018,Prestige Economics LLC
Q4-18,2017-10-31,6.4,11-30-2018,Prestige Economics LLC
Q4-18,2017-11-27,6.4,11-30-2018,Prestige Economics LLC
Q4-18,2017-12-29,6.4,11-30-2018,Prestige Economics LLC
Q4-18,2018-02-01,6.1,11-30-2018,Prestige Economics LLC
Q4-18,2018-02-26,6.13,11-30-2018,Prestige Economics LLC
Q4-18,2018-03-29,6.35,11-30-2018,Prestige Economics LLC
Q4-18,2018-05-01,6.4,11-30-2018,Prestige Economics LLC
Q4-18,2018-05-31,6.4,11-30-2018,Prestige Economics LLC
Q4-18,2018-06-29,7.05,11-30-2018,Prestige Economics LLC
Q4-18,2018-08-02,7.05,11-30-2018,Prestige Economics LLC
Q4-18,2018-08-31,7.05,11-30-2018,Prestige Economics LLC
Q4-18,2018-10-01,7.05,11-30-2018,Prestige Economics LLC
Q4-18,2018-10-31,7.05,11-30-2018,Prestige Economics LLC
Q4-18,2018-11-27,7.05,11-30-2018,Prestige Economics LLC
Q1-19,2018-03-29,6.35,11-30-2018,Prestige Economics LLC
Q1-19,2018-05-01,6.45,11-30-2018,Prestige Economics LLC
Q1-19,2018-05-31,6.45,11-30-2018,Prestige Economics LLC
Q1-19,2018-06-29,7.05,11-30-2018,Prestige Economics LLC
Q1-19,2018-08-02,7.05,11-30-2018,Prestige Economics LLC
Q1-19,2018-08-31,7.05,11-30-2018,Prestige Economics LLC
Q1-19,2018-10-01,7.05,11-30-2018,Prestige Economics LLC
Q1-19,2018-10-31,7.05,11-30-2018,Prestige Economics LLC
Q1-19,2018-11-27,7.05,11-30-2018,Prestige Economics LLC
Q2-19,2018-06-29,7.0,11-30-2018,Prestige Economics LLC
Q2-19,2018-08-02,7.0,11-30-2018,Prestige Economics LLC
Q2-19,2018-08-31,7.0,11-30-2018,Prestige Economics LLC
Q2-19,2018-10-01,7.0,11-30-2018,Prestige Economics LLC
Q2-19,2018-10-31,7.0,11-30-2018,Prestige Economics LLC
Q2-19,2018-11-27,7.0,11-30-2018,Prestige Economics LLC
Q3-19,2018-10-01,6.95,11-30-2018,Prestige Economics LLC
Q3-19,2018-10-31,6.95,11-30-2018,Prestige Economics LLC
Q3-19,2018-11-27,6.95,11-30-2018,Prestige Economics LLC
Q3-14,2013-01-28,5.75,08-31-2014,Prestige Economics LLC
Q3-14,2013-02-25,5.75,08-31-2014,Prestige Economics LLC
Q3-14,2013-03-29,5.75,08-31-2014,Prestige Economics LLC
Q3-14,2013-04-29,5.75,08-31-2014,Prestige Economics LLC
Q3-14,2013-05-28,5.75,08-31-2014,Prestige Economics LLC
Q3-14,2013-07-01,5.75,08-31-2014,Prestige Economics LLC
Q3-14,2013-07-29,5.75,08-31-2014,Prestige Economics LLC
Q3-14,2013-08-02,5.75,08-31-2014,Prestige Economics LLC
Q3-14,2013-09-06,5.75,08-31-2014,Prestige Economics LLC
Q3-14,2013-09-30,5.86,08-31-2014,Prestige Economics LLC
Q3-14,2013-10-28,5.86,08-31-2014,Prestige Economics LLC
Q3-14,2013-11-07,5.86,08-31-2014,Prestige Economics LLC
Q3-14,2013-12-10,6.0,08-31-2014,Prestige Economics LLC
Q3-14,2013-12-31,6.0,08-31-2014,Prestige Economics LLC
Q3-14,2014-01-27,6.0,08-31-2014,Prestige Economics LLC
Q3-14,2014-02-26,6.01,08-31-2014,Prestige Economics LLC
Q3-14,2014-03-31,6.1,08-31-2014,Prestige Economics LLC
Q3-14,2014-04-30,6.15,08-31-2014,Prestige Economics LLC
Q3-14,2014-05-30,6.15,08-31-2014,Prestige Economics LLC
Q3-14,2014-06-30,6.15,08-31-2014,Prestige Economics LLC
Q3-14,2014-07-29,6.15,08-31-2014,Prestige Economics LLC
Q3-14,2014-08-27,6.15,08-31-2014,Prestige Economics LLC
Q4-14,2013-01-28,5.75,08-31-2014,Prestige Economics LLC
Q4-14,2013-02-25,5.75,08-31-2014,Prestige Economics LLC
Q4-14,2013-03-29,5.75,08-31-2014,Prestige Economics LLC
Q4-14,2013-04-29,5.75,08-31-2014,Prestige Economics LLC
Q4-14,2013-05-28,5.75,08-31-2014,Prestige Economics LLC
Q4-14,2013-07-01,5.75,08-31-2014,Prestige Economics LLC
Q4-14,2013-07-29,5.75,08-31-2014,Prestige Economics LLC
Q4-14,2013-08-02,5.75,08-31-2014,Prestige Economics LLC
Q4-14,2013-09-06,5.75,08-31-2014,Prestige Economics LLC
Q4-14,2013-09-30,5.8,08-31-2014,Prestige Economics LLC
Q4-14,2013-10-28,5.8,08-31-2014,Prestige Economics LLC
Q4-14,2013-11-07,5.8,08-31-2014,Prestige Economics LLC
Q4-14,2013-12-10,5.95,08-31-2014,Prestige Economics LLC
Q4-14,2013-12-31,5.95,08-31-2014,Prestige Economics LLC
Q4-14,2014-01-27,5.95,08-31-2014,Prestige Economics LLC
Q4-14,2014-02-26,5.97,08-31-2014,Prestige Economics LLC
Q4-14,2014-03-31,6.05,08-31-2014,Prestige Economics LLC
Q4-14,2014-04-30,6.05,08-31-2014,Prestige Economics LLC
Q4-14,2014-05-30,6.05,08-31-2014,Prestige Economics LLC
Q4-14,2014-06-30,6.05,08-31-2014,Prestige Economics LLC
Q4-14,2014-07-29,6.05,08-31-2014,Prestige Economics LLC
Q4-14,2014-08-27,6.05,08-31-2014,Prestige Economics LLC
Q1-15,2013-10-28,5.8,08-31-2014,Prestige Economics LLC
Q1-15,2013-11-07,5.8,08-31-2014,Prestige Economics LLC
Q1-15,2013-12-10,5.85,08-31-2014,Prestige Economics LLC
Q1-15,2013-12-31,5.85,08-31-2014,Prestige Economics LLC
Q1-15,2014-01-27,5.85,08-31-2014,Prestige Economics LLC
Q1-15,2014-02-26,5.85,08-31-2014,Prestige Economics LLC
Q1-15,2014-03-31,6.05,08-31-2014,Prestige Economics LLC
Q1-15,2014-04-30,6.05,08-31-2014,Prestige Economics LLC
Q1-15,2014-05-30,6.05,08-31-2014,Prestige Economics LLC
Q1-15,2014-06-30,6.05,08-31-2014,Prestige Economics LLC
Q1-15,2014-07-29,6.05,08-31-2014,Prestige Economics LLC
Q1-15,2014-08-27,6.05,08-31-2014,Prestige Economics LLC
Q2-15,2013-10-28,5.76,08-31-2014,Prestige Economics LLC
Q2-15,2013-11-07,5.76,08-31-2014,Prestige Economics LLC
Q2-15,2013-12-10,5.75,08-31-2014,Prestige Economics LLC
Q2-15,2013-12-31,5.75,08-31-2014,Prestige Economics LLC
Q2-15,2014-01-27,5.75,08-31-2014,Prestige Economics LLC
Q2-15,2014-02-26,5.75,08-31-2014,Prestige Economics LLC
Q2-15,2014-03-31,6.0,08-31-2014,Prestige Economics LLC
Q2-15,2014-04-30,6.0,08-31-2014,Prestige Economics LLC
Q2-15,2014-05-30,6.0,08-31-2014,Prestige Economics LLC
Q2-15,2014-06-30,6.0,08-31-2014,Prestige Economics LLC
Q2-15,2014-07-29,6.0,08-31-2014,Prestige Economics LLC
Q2-15,2014-08-27,6.0,08-31-2014,Prestige Economics LLC
2015,2013-10-28,5.72,08-31-2014,Prestige Economics LLC
2015,2013-11-07,5.72,08-31-2014,Prestige Economics LLC
2015,2013-12-10,5.75,08-31-2014,Prestige Economics LLC
2015,2013-12-31,5.75,08-31-2014,Prestige Economics LLC
2015,2014-01-27,5.75,08-31-2014,Prestige Economics LLC
2015,2014-02-26,5.75,08-31-2014,Prestige Economics LLC
2015,2014-03-31,5.95,08-31-2014,Prestige Economics LLC
2015,2014-04-30,5.95,08-31-2014,Prestige Economics LLC
2015,2014-05-30,5.95,08-31-2014,Prestige Economics LLC
2015,2014-06-30,5.95,08-31-2014,Prestige Economics LLC
2015,2014-07-29,5.95,08-31-2014,Prestige Economics LLC
2015,2014-08-27,5.95,08-31-2014,Prestige Economics LLC
Q1-13,2013-01-28,6.1,02-28-2013,Prestige Economics LLC
Q2-13,2013-01-28,6.0,02-28-2013,Prestige Economics LLC
Q2-13,2013-02-25,6.17,02-28-2013,Prestige Economics LLC
Q3-13,2013-01-28,5.95,02-28-2013,Prestige Economics LLC
Q3-13,2013-02-25,6.1,02-28-2013,Prestige Economics LLC
Q4-13,2013-01-28,5.9,02-28-2013,Prestige Economics LLC
Q4-13,2013-02-25,6.0,02-28-2013,Prestige Economics LLC
2014,2013-01-28,5.75,02-28-2013,Prestige Economics LLC
2014,2013-02-25,5.75,02-28-2013,Prestige Economics LLC
Q3-15,2013-10-28,5.76,08-31-2015,Prestige Economics LLC
Q3-15,2013-11-07,5.76,08-31-2015,Prestige Economics LLC
Q3-15,2013-12-10,5.75,08-31-2015,Prestige Economics LLC
Q3-15,2013-12-31,5.75,08-31-2015,Prestige Economics LLC
Q3-15,2014-01-27,5.75,08-31-2015,Prestige Economics LLC
Q3-15,2014-02-26,5.75,08-31-2015,Prestige Economics LLC
Q3-15,2014-03-31,5.95,08-31-2015,Prestige Economics LLC
Q3-15,2014-04-30,5.95,08-31-2015,Prestige Economics LLC
Q3-15,2014-05-30,5.95,08-31-2015,Prestige Economics LLC
Q3-15,2014-06-30,5.95,08-31-2015,Prestige Economics LLC
Q3-15,2014-07-29,6.0,08-31-2015,Prestige Economics LLC
Q3-15,2014-08-27,6.0,08-31-2015,Prestige Economics LLC
Q3-15,2014-09-29,6.0,08-31-2015,Prestige Economics LLC
Q3-15,2014-10-31,6.0,08-31-2015,Prestige Economics LLC
Q3-15,2014-11-28,6.02,08-31-2015,Prestige Economics LLC
Q3-15,2014-12-31,6.1,08-31-2015,Prestige Economics LLC
Q3-15,2015-01-15,6.1,08-31-2015,Prestige Economics LLC
Q3-15,2015-02-02,6.18,08-31-2015,Prestige Economics LLC
Q3-15,2015-03-02,6.2,08-31-2015,Prestige Economics LLC
Q3-15,2015-03-30,6.18,08-31-2015,Prestige Economics LLC
Q3-15,2015-05-01,6.18,08-31-2015,Prestige Economics LLC
Q3-15,2015-06-01,6.18,08-31-2015,Prestige Economics LLC
Q3-15,2015-06-29,6.18,08-31-2015,Prestige Economics LLC
Q3-15,2015-07-31,6.22,08-31-2015,Prestige Economics LLC
Q4-15,2013-10-28,5.72,08-31-2015,Prestige Economics LLC
Q4-15,2013-11-07,5.72,08-31-2015,Prestige Economics LLC
Q4-15,2013-12-10,5.75,08-31-2015,Prestige Economics LLC
Q4-15,2013-12-31,5.75,08-31-2015,Prestige Economics LLC
Q4-15,2014-01-27,5.75,08-31-2015,Prestige Economics LLC
Q4-15,2014-02-26,5.75,08-31-2015,Prestige Economics LLC
Q4-15,2014-03-31,5.95,08-31-2015,Prestige Economics LLC
Q4-15,2014-04-30,5.95,08-31-2015,Prestige Economics LLC
Q4-15,2014-05-30,5.95,08-31-2015,Prestige Economics LLC
Q4-15,2014-06-30,5.95,08-31-2015,Prestige Economics LLC
Q4-15,2014-07-29,5.95,08-31-2015,Prestige Economics LLC
Q4-15,2014-08-27,5.95,08-31-2015,Prestige Economics LLC
Q4-15,2014-09-29,5.95,08-31-2015,Prestige Economics LLC
Q4-15,2014-10-31,5.95,08-31-2015,Prestige Economics LLC
Q4-15,2014-11-28,5.95,08-31-2015,Prestige Economics LLC
Q4-15,2014-12-31,6.05,08-31-2015,Prestige Economics LLC
Q4-15,2015-01-15,6.05,08-31-2015,Prestige Economics LLC
Q4-15,2015-02-02,6.15,08-31-2015,Prestige Economics LLC
Q4-15,2015-03-02,6.15,08-31-2015,Prestige Economics LLC
Q4-15,2015-03-30,6.15,08-31-2015,Prestige Economics LLC
Q4-15,2015-05-01,6.15,08-31-2015,Prestige Economics LLC
Q4-15,2015-06-01,6.15,08-31-2015,Prestige Economics LLC
Q4-15,2015-06-29,6.15,08-31-2015,Prestige Economics LLC
Q4-15,2015-07-31,6.2,08-31-2015,Prestige Economics LLC
Q4-15,2015-08-31,6.38,08-31-2015,Prestige Economics LLC
Q1-16,2014-12-31,6.0,08-31-2015,Prestige Economics LLC
Q1-16,2015-01-15,6.0,08-31-2015,Prestige Economics LLC
Q1-16,2015-02-02,6.1,08-31-2015,Prestige Economics LLC
Q1-16,2015-03-02,6.1,08-31-2015,Prestige Economics LLC
Q1-16,2015-03-30,6.1,08-31-2015,Prestige Economics LLC
Q1-16,2015-05-01,6.1,08-31-2015,Prestige Economics LLC
Q1-16,2015-06-01,6.1,08-31-2015,Prestige Economics LLC
Q1-16,2015-06-29,6.12,08-31-2015,Prestige Economics LLC
Q1-16,2015-07-31,6.19,08-31-2015,Prestige Economics LLC
Q1-16,2015-08-31,6.36,08-31-2015,Prestige Economics LLC
Q2-16,2014-12-31,5.98,08-31-2015,Prestige Economics LLC
Q2-16,2015-01-15,5.98,08-31-2015,Prestige Economics LLC
Q2-16,2015-02-02,6.08,08-31-2015,Prestige Economics LLC
Q2-16,2015-03-02,6.08,08-31-2015,Prestige Economics LLC
Q2-16,2015-03-30,6.08,08-31-2015,Prestige Economics LLC
Q2-16,2015-05-01,6.08,08-31-2015,Prestige Economics LLC
Q2-16,2015-06-01,6.08,08-31-2015,Prestige Economics LLC
Q2-16,2015-06-29,6.1,08-31-2015,Prestige Economics LLC
Q2-16,2015-07-31,6.18,08-31-2015,Prestige Economics LLC
Q2-16,2015-08-31,6.34,08-31-2015,Prestige Economics LLC
2016,2014-12-31,5.95,08-31-2015,Prestige Economics LLC
2016,2015-01-15,5.95,08-31-2015,Prestige Economics LLC
2016,2015-02-02,6.02,08-31-2015,Prestige Economics LLC
2016,2015-03-02,6.04,08-31-2015,Prestige Economics LLC
2016,2015-03-30,6.04,08-31-2015,Prestige Economics LLC
2016,2015-05-01,6.04,08-31-2015,Prestige Economics LLC
2016,2015-06-01,6.04,08-31-2015,Prestige Economics LLC
2016,2015-06-29,6.06,08-31-2015,Prestige Economics LLC
2016,2015-07-31,6.16,08-31-2015,Prestige Economics LLC
2016,2015-08-31,6.3,08-31-2015,Prestige Economics LLC
2017,2015-03-02,6.22,08-31-2015,Prestige Economics LLC
2017,2015-08-31,6.22,08-31-2015,Prestige Economics LLC
Q4-19,2018-12-31,6.8,11-30-2019,Prestige Economics LLC
Q4-19,2019-01-31,6.65,11-30-2019,Prestige Economics LLC
Q4-19,2019-02-28,6.65,11-30-2019,Prestige Economics LLC
Q4-19,2019-03-29,6.7,11-30-2019,Prestige Economics LLC
Q4-19,2019-04-30,6.7,11-30-2019,Prestige Economics LLC
Q4-19,2019-05-31,7.0,11-30-2019,Prestige Economics LLC
Q4-19,2019-06-28,7.0,11-30-2019,Prestige Economics LLC
Q4-19,2019-08-01,7.0,11-30-2019,Prestige Economics LLC
Q4-19,2019-09-30,7.1,11-30-2019,Prestige Economics LLC
Q4-19,2019-11-04,7.08,11-30-2019,Prestige Economics LLC
Q4-19,2019-11-29,7.08,11-30-2019,Prestige Economics LLC
Q2-20,2019-05-31,6.85,11-30-2019,Prestige Economics LLC
Q2-20,2019-06-28,6.85,11-30-2019,Prestige Economics LLC
Q2-20,2019-08-01,6.85,11-30-2019,Prestige Economics LLC
Q2-20,2019-09-30,7.0,11-30-2019,Prestige Economics LLC
Q2-20,2019-11-04,7.0,11-30-2019,Prestige Economics LLC
Q2-20,2019-11-29,7.0,11-30-2019,Prestige Economics LLC
Q1-20,2019-03-29,6.65,11-30-2019,Prestige Economics LLC
Q1-20,2019-04-30,6.65,11-30-2019,Prestige Economics LLC
Q1-20,2019-05-31,6.9,11-30-2019,Prestige Economics LLC
Q1-20,2019-06-28,6.9,11-30-2019,Prestige Economics LLC
Q1-20,2019-08-01,6.9,11-30-2019,Prestige Economics LLC
Q1-20,2019-09-30,6.95,11-30-2019,Prestige Economics LLC
Q1-20,2019-11-04,6.95,11-30-2019,Prestige Economics LLC
Q1-20,2019-11-29,6.95,11-30-2019,Prestige Economics LLC
Q3-19,2018-10-01,6.95,08-31-2019,Prestige Economics LLC
Q3-19,2018-10-31,6.95,08-31-2019,Prestige Economics LLC
Q3-19,2018-11-27,6.95,08-31-2019,Prestige Economics LLC
Q3-19,2018-12-31,6.85,08-31-2019,Prestige Economics LLC
Q3-19,2019-01-31,6.7,08-31-2019,Prestige Economics LLC
Q3-19,2019-02-28,6.7,08-31-2019,Prestige Economics LLC
Q3-19,2019-03-29,6.7,08-31-2019,Prestige Economics LLC
Q3-19,2019-04-30,6.7,08-31-2019,Prestige Economics LLC
Q3-19,2019-05-31,7.0,08-31-2019,Prestige Economics LLC
Q3-19,2019-06-28,7.0,08-31-2019,Prestige Economics LLC
Q3-19,2019-08-01,7.0,08-31-2019,Prestige Economics LLC
Q4-19,2018-12-31,6.8,08-31-2019,Prestige Economics LLC
Q4-19,2019-01-31,6.65,08-31-2019,Prestige Economics LLC
Q4-19,2019-02-28,6.65,08-31-2019,Prestige Economics LLC
Q4-19,2019-03-29,6.7,08-31-2019,Prestige Economics LLC
Q4-19,2019-04-30,6.7,08-31-2019,Prestige Economics LLC
Q4-19,2019-05-31,7.0,08-31-2019,Prestige Economics LLC
Q4-19,2019-06-28,7.0,08-31-2019,Prestige Economics LLC
Q4-19,2019-08-01,7.0,08-31-2019,Prestige Economics LLC
Q1-20,2019-03-29,6.65,08-31-2019,Prestige Economics LLC
Q1-20,2019-04-30,6.65,08-31-2019,Prestige Economics LLC
Q1-20,2019-05-31,6.9,08-31-2019,Prestige Economics LLC
Q1-20,2019-06-28,6.9,08-31-2019,Prestige Economics LLC
Q1-20,2019-08-01,6.9,08-31-2019,Prestige Economics LLC
Q2-20,2019-05-31,6.85,08-31-2019,Prestige Economics LLC
Q2-20,2019-06-28,6.85,08-31-2019,Prestige Economics LLC
Q2-20,2019-08-01,6.85,08-31-2019,Prestige Economics LLC
Q4-15,2013-12-10,5.75,11-30-2015,Prestige Economics LLC
Q4-15,2013-12-31,5.75,11-30-2015,Prestige Economics LLC
Q4-15,2014-01-27,5.75,11-30-2015,Prestige Economics LLC
Q4-15,2014-02-26,5.75,11-30-2015,Prestige Economics LLC
Q4-15,2014-03-31,5.95,11-30-2015,Prestige Economics LLC
Q4-15,2014-04-30,5.95,11-30-2015,Prestige Economics LLC
Q4-15,2014-05-30,5.95,11-30-2015,Prestige Economics LLC
Q4-15,2014-06-30,5.95,11-30-2015,Prestige Economics LLC
Q4-15,2014-07-29,5.95,11-30-2015,Prestige Economics LLC
Q4-15,2014-08-27,5.95,11-30-2015,Prestige Economics LLC
Q4-15,2014-09-29,5.95,11-30-2015,Prestige Economics LLC
Q4-15,2014-10-31,5.95,11-30-2015,Prestige Economics LLC
Q4-15,2014-11-28,5.95,11-30-2015,Prestige Economics LLC
Q4-15,2014-12-31,6.05,11-30-2015,Prestige Economics LLC
Q4-15,2015-01-15,6.05,11-30-2015,Prestige Economics LLC
Q4-15,2015-02-02,6.15,11-30-2015,Prestige Economics LLC
Q4-15,2015-03-02,6.15,11-30-2015,Prestige Economics LLC
Q4-15,2015-03-30,6.15,11-30-2015,Prestige Economics LLC
Q4-15,2015-05-01,6.15,11-30-2015,Prestige Economics LLC
Q4-15,2015-06-01,6.15,11-30-2015,Prestige Economics LLC
Q4-15,2015-06-29,6.15,11-30-2015,Prestige Economics LLC
Q4-15,2015-07-31,6.2,11-30-2015,Prestige Economics LLC
Q4-15,2015-08-31,6.38,11-30-2015,Prestige Economics LLC
Q4-15,2015-09-28,6.38,11-30-2015,Prestige Economics LLC
Q4-15,2015-11-02,6.34,11-30-2015,Prestige Economics LLC
Q1-16,2014-12-31,6.0,11-30-2015,Prestige Economics LLC
Q1-16,2015-01-15,6.0,11-30-2015,Prestige Economics LLC
Q1-16,2015-02-02,6.1,11-30-2015,Prestige Economics LLC
Q1-16,2015-03-02,6.1,11-30-2015,Prestige Economics LLC
Q1-16,2015-03-30,6.1,11-30-2015,Prestige Economics LLC
Q1-16,2015-05-01,6.1,11-30-2015,Prestige Economics LLC
Q1-16,2015-06-01,6.1,11-30-2015,Prestige Economics LLC
Q1-16,2015-06-29,6.12,11-30-2015,Prestige Economics LLC
Q1-16,2015-07-31,6.19,11-30-2015,Prestige Economics LLC
Q1-16,2015-08-31,6.36,11-30-2015,Prestige Economics LLC
Q1-16,2015-09-28,6.36,11-30-2015,Prestige Economics LLC
Q1-16,2015-11-02,6.3,11-30-2015,Prestige Economics LLC
Q2-16,2014-12-31,5.98,11-30-2015,Prestige Economics LLC
Q2-16,2015-01-15,5.98,11-30-2015,Prestige Economics LLC
Q2-16,2015-02-02,6.08,11-30-2015,Prestige Economics LLC
Q2-16,2015-03-02,6.08,11-30-2015,Prestige Economics LLC
Q2-16,2015-03-30,6.08,11-30-2015,Prestige Economics LLC
Q2-16,2015-05-01,6.08,11-30-2015,Prestige Economics LLC
Q2-16,2015-06-01,6.08,11-30-2015,Prestige Economics LLC
Q2-16,2015-06-29,6.1,11-30-2015,Prestige Economics LLC
Q2-16,2015-07-31,6.18,11-30-2015,Prestige Economics LLC
Q2-16,2015-08-31,6.34,11-30-2015,Prestige Economics LLC
Q2-16,2015-09-28,6.34,11-30-2015,Prestige Economics LLC
Q2-16,2015-11-02,6.28,11-30-2015,Prestige Economics LLC
Q3-16,2014-12-31,5.96,11-30-2015,Prestige Economics LLC
Q3-16,2015-01-15,5.96,11-30-2015,Prestige Economics LLC
Q3-16,2015-02-02,6.06,11-30-2015,Prestige Economics LLC
Q3-16,2015-03-02,6.06,11-30-2015,Prestige Economics LLC
Q3-16,2015-03-30,6.06,11-30-2015,Prestige Economics LLC
Q3-16,2015-05-01,6.06,11-30-2015,Prestige Economics LLC
Q3-16,2015-06-01,6.06,11-30-2015,Prestige Economics LLC
Q3-16,2015-06-29,6.08,11-30-2015,Prestige Economics LLC
Q3-16,2015-07-31,6.17,11-30-2015,Prestige Economics LLC
Q3-16,2015-08-31,6.32,11-30-2015,Prestige Economics LLC
Q3-16,2015-09-28,6.32,11-30-2015,Prestige Economics LLC
Q3-16,2015-11-02,6.26,11-30-2015,Prestige Economics LLC
2016,2014-12-31,5.95,11-30-2015,Prestige Economics LLC
2016,2015-01-15,5.95,11-30-2015,Prestige Economics LLC
2016,2015-02-02,6.02,11-30-2015,Prestige Economics LLC
2016,2015-03-02,6.04,11-30-2015,Prestige Economics LLC
2016,2015-03-30,6.04,11-30-2015,Prestige Economics LLC
2016,2015-05-01,6.04,11-30-2015,Prestige Economics LLC
2016,2015-06-01,6.04,11-30-2015,Prestige Economics LLC
2016,2015-06-29,6.06,11-30-2015,Prestige Economics LLC
2016,2015-07-31,6.16,11-30-2015,Prestige Economics LLC
2016,2015-08-31,6.3,11-30-2015,Prestige Economics LLC
2016,2015-09-28,6.3,11-30-2015,Prestige Economics LLC
2016,2015-11-02,6.24,11-30-2015,Prestige Economics LLC
2017,2015-03-02,6.22,11-30-2015,Prestige Economics LLC
2017,2015-08-31,6.22,11-30-2015,Prestige Economics LLC
2017,2015-09-28,6.22,11-30-2015,Prestige Economics LLC
2017,2015-11-02,6.16,11-30-2015,Prestige Economics LLC
