period,change_date,change,file,company
Q2-07,2006-06-01,7.7,05-31-2007,Rabobank
Q2-07,2006-07-26,7.7,05-31-2007,Rabobank
Q2-07,2006-08-11,7.7,05-31-2007,Rabobank
Q2-07,2006-09-18,7.7,05-31-2007,Rabobank
Q2-07,2006-10-27,7.7,05-31-2007,Rabobank
Q2-07,2006-12-06,7.7,05-31-2007,Rabobank
Q2-07,2007-01-08,7.7,05-31-2007,Rabobank
Q2-07,2007-02-08,7.61,05-31-2007,Rabobank
Q3-07,2006-09-18,7.55,05-31-2007,Rabobank
Q3-07,2006-10-27,7.55,05-31-2007,Rabobank
Q3-07,2006-12-06,7.55,05-31-2007,Rabobank
Q3-07,2007-01-08,7.6,05-31-2007,Rabobank
Q3-07,2007-02-08,7.53,05-31-2007,Rabobank
Q4-07,2006-04-26,7.49,05-31-2007,Rabobank
Q4-07,2006-05-03,7.49,05-31-2007,Rabobank
Q4-07,2006-06-01,7.5,05-31-2007,Rabobank
Q4-07,2006-07-26,7.5,05-31-2007,Rabobank
Q4-07,2006-08-11,7.5,05-31-2007,Rabobank
Q4-07,2006-09-18,7.5,05-31-2007,Rabobank
Q4-07,2006-10-27,7.5,05-31-2007,Rabobank
Q4-07,2006-12-06,7.49,05-31-2007,Rabobank
Q4-07,2007-01-08,7.49,05-31-2007,Rabobank
Q4-07,2007-02-08,7.45,05-31-2007,Rabobank
2008,2006-07-26,7.5,05-31-2007,Rabobank
2008,2006-08-11,7.5,05-31-2007,Rabobank
2008,2006-09-18,7.5,05-31-2007,Rabobank
2008,2006-10-27,7.5,05-31-2007,Rabobank
Q2-11,2010-07-01,6.56,05-31-2011,Rabobank
Q2-11,2010-08-05,6.62,05-31-2011,Rabobank
Q2-11,2011-01-21,6.47,05-31-2011,Rabobank
Q3-11,2011-01-21,6.37,05-31-2011,Rabobank
Q4-11,2010-08-05,6.74,05-31-2011,Rabobank
Q4-11,2011-01-21,6.32,05-31-2011,Rabobank
2012,2010-08-05,6.55,05-31-2011,Rabobank
Q3-20,2019-10-01,7.75,08-31-2020,Rabobank
Q3-20,2019-10-22,7.7,08-31-2020,Rabobank
Q3-20,2019-11-06,7.7,08-31-2020,Rabobank
Q3-20,2019-11-21,7.65,08-31-2020,Rabobank
Q3-20,2019-11-22,7.65,08-31-2020,Rabobank
Q3-20,2019-11-29,7.65,08-31-2020,Rabobank
Q3-20,2019-12-03,7.65,08-31-2020,Rabobank
Q3-20,2019-12-06,7.65,08-31-2020,Rabobank
Q3-20,2019-12-16,7.6,08-31-2020,Rabobank
Q3-20,2019-12-24,7.45,08-31-2020,Rabobank
Q3-20,2020-01-17,7.4,08-31-2020,Rabobank
Q3-20,2020-02-13,7.4,08-31-2020,Rabobank
Q3-20,2020-02-19,7.35,08-31-2020,Rabobank
Q3-20,2020-02-28,7.35,08-31-2020,Rabobank
Q3-20,2020-03-17,7.3,08-31-2020,Rabobank
Q3-20,2020-03-24,7.3,08-31-2020,Rabobank
Q3-20,2020-03-26,7.3,08-31-2020,Rabobank
Q3-20,2020-04-03,7.3,08-31-2020,Rabobank
Q3-20,2020-04-17,7.22,08-31-2020,Rabobank
Q3-20,2020-05-06,7.22,08-31-2020,Rabobank
Q3-20,2020-05-15,7.22,08-31-2020,Rabobank
Q3-20,2020-05-22,7.15,08-31-2020,Rabobank
Q3-20,2020-05-26,7.15,08-31-2020,Rabobank
Q3-20,2020-05-29,7.15,08-31-2020,Rabobank
Q3-20,2020-06-02,7.15,08-31-2020,Rabobank
Q3-20,2020-06-08,7.15,08-31-2020,Rabobank
Q3-20,2020-06-09,7.15,08-31-2020,Rabobank
Q3-20,2020-06-10,7.15,08-31-2020,Rabobank
Q3-20,2020-06-26,7.07,08-31-2020,Rabobank
Q3-20,2020-07-17,7.05,08-31-2020,Rabobank
Q3-20,2020-07-24,7.05,08-31-2020,Rabobank
Q3-20,2020-07-31,7.05,08-31-2020,Rabobank
Q3-20,2020-08-20,7.02,08-31-2020,Rabobank
Q4-20,2019-01-09,8.5,08-31-2020,Rabobank
Q4-20,2019-11-21,7.8,08-31-2020,Rabobank
Q4-20,2019-11-22,7.8,08-31-2020,Rabobank
Q4-20,2019-12-03,7.8,08-31-2020,Rabobank
Q4-20,2019-12-06,7.8,08-31-2020,Rabobank
Q4-20,2019-12-16,7.75,08-31-2020,Rabobank
Q4-20,2019-12-24,7.6,08-31-2020,Rabobank
Q4-20,2020-01-17,7.55,08-31-2020,Rabobank
Q4-20,2020-02-13,7.55,08-31-2020,Rabobank
Q4-20,2020-02-19,7.5,08-31-2020,Rabobank
Q4-20,2020-02-28,7.5,08-31-2020,Rabobank
Q4-20,2020-03-17,7.45,08-31-2020,Rabobank
Q4-20,2020-03-24,7.45,08-31-2020,Rabobank
Q4-20,2020-03-26,7.45,08-31-2020,Rabobank
Q4-20,2020-04-03,7.45,08-31-2020,Rabobank
Q4-20,2020-04-17,7.4,08-31-2020,Rabobank
Q4-20,2020-05-06,7.4,08-31-2020,Rabobank
Q4-20,2020-05-15,7.4,08-31-2020,Rabobank
Q4-20,2020-05-22,7.35,08-31-2020,Rabobank
Q4-20,2020-05-26,7.35,08-31-2020,Rabobank
Q4-20,2020-05-29,7.35,08-31-2020,Rabobank
Q4-20,2020-06-02,7.35,08-31-2020,Rabobank
Q4-20,2020-06-08,7.35,08-31-2020,Rabobank
Q4-20,2020-06-09,7.35,08-31-2020,Rabobank
Q4-20,2020-06-10,7.35,08-31-2020,Rabobank
Q4-20,2020-06-26,7.3,08-31-2020,Rabobank
Q4-20,2020-07-17,7.22,08-31-2020,Rabobank
Q4-20,2020-07-24,7.22,08-31-2020,Rabobank
Q4-20,2020-07-31,7.22,08-31-2020,Rabobank
Q4-20,2020-08-20,7.15,08-31-2020,Rabobank
Q1-21,2020-03-17,7.6,08-31-2020,Rabobank
Q1-21,2020-03-24,7.6,08-31-2020,Rabobank
Q1-21,2020-03-26,7.6,08-31-2020,Rabobank
Q1-21,2020-04-03,7.6,08-31-2020,Rabobank
Q1-21,2020-04-17,7.55,08-31-2020,Rabobank
Q1-21,2020-05-06,7.55,08-31-2020,Rabobank
Q1-21,2020-05-15,7.55,08-31-2020,Rabobank
Q1-21,2020-05-22,7.5,08-31-2020,Rabobank
Q1-21,2020-05-26,7.5,08-31-2020,Rabobank
Q1-21,2020-05-29,7.5,08-31-2020,Rabobank
Q1-21,2020-06-02,7.5,08-31-2020,Rabobank
Q1-21,2020-06-08,7.5,08-31-2020,Rabobank
Q1-21,2020-06-09,7.5,08-31-2020,Rabobank
Q1-21,2020-06-10,7.5,08-31-2020,Rabobank
Q1-21,2020-06-26,7.45,08-31-2020,Rabobank
Q1-21,2020-07-17,7.4,08-31-2020,Rabobank
Q1-21,2020-07-24,7.4,08-31-2020,Rabobank
Q1-21,2020-07-31,7.4,08-31-2020,Rabobank
Q1-21,2020-08-20,7.35,08-31-2020,Rabobank
Q2-21,2020-07-17,7.55,08-31-2020,Rabobank
Q2-21,2020-07-24,7.55,08-31-2020,Rabobank
Q2-21,2020-07-31,7.55,08-31-2020,Rabobank
Q2-21,2020-08-20,7.5,08-31-2020,Rabobank
2021,2019-01-09,8.5,08-31-2020,Rabobank
2021,2019-11-21,8.5,08-31-2020,Rabobank
2021,2019-11-22,8.5,08-31-2020,Rabobank
2021,2020-01-17,8.17,08-31-2020,Rabobank
2021,2020-03-24,8.0,08-31-2020,Rabobank
2021,2020-03-26,8.0,08-31-2020,Rabobank
2021,2020-04-03,8.0,08-31-2020,Rabobank
2021,2020-04-17,7.95,08-31-2020,Rabobank
2021,2020-05-06,7.95,08-31-2020,Rabobank
2021,2020-05-15,7.95,08-31-2020,Rabobank
2021,2020-05-22,7.9,08-31-2020,Rabobank
2021,2020-05-26,7.9,08-31-2020,Rabobank
2021,2020-05-29,7.9,08-31-2020,Rabobank
2021,2020-06-02,7.9,08-31-2020,Rabobank
2021,2020-06-08,7.9,08-31-2020,Rabobank
2021,2020-06-09,7.9,08-31-2020,Rabobank
2021,2020-06-10,7.9,08-31-2020,Rabobank
2021,2020-06-26,7.85,08-31-2020,Rabobank
2021,2020-07-17,7.82,08-31-2020,Rabobank
2021,2020-07-24,7.82,08-31-2020,Rabobank
2021,2020-07-31,7.82,08-31-2020,Rabobank
2021,2020-08-20,7.78,08-31-2020,Rabobank
2022,2019-11-21,8.5,08-31-2020,Rabobank
2022,2019-11-22,8.5,08-31-2020,Rabobank
2022,2020-01-17,8.48,08-31-2020,Rabobank
2022,2020-03-26,8.44,08-31-2020,Rabobank
2022,2020-04-03,8.44,08-31-2020,Rabobank
2022,2020-04-17,8.42,08-31-2020,Rabobank
2022,2020-05-06,8.42,08-31-2020,Rabobank
2022,2020-05-15,8.42,08-31-2020,Rabobank
2022,2020-05-22,8.4,08-31-2020,Rabobank
2022,2020-05-26,8.4,08-31-2020,Rabobank
2022,2020-05-29,8.4,08-31-2020,Rabobank
2022,2020-06-02,8.4,08-31-2020,Rabobank
2022,2020-06-08,8.4,08-31-2020,Rabobank
2022,2020-06-09,8.4,08-31-2020,Rabobank
2022,2020-06-10,8.4,08-31-2020,Rabobank
2022,2020-06-26,8.38,08-31-2020,Rabobank
2022,2020-07-17,8.35,08-31-2020,Rabobank
2022,2020-07-24,8.35,08-31-2020,Rabobank
2022,2020-07-31,8.35,08-31-2020,Rabobank
2022,2020-08-20,8.33,08-31-2020,Rabobank
2023,2019-11-21,8.5,08-31-2020,Rabobank
2023,2019-11-22,8.5,08-31-2020,Rabobank
2023,2020-01-17,8.5,08-31-2020,Rabobank
2023,2020-03-26,8.5,08-31-2020,Rabobank
2023,2020-04-03,8.5,08-31-2020,Rabobank
2023,2020-04-17,8.5,08-31-2020,Rabobank
2023,2020-05-06,8.5,08-31-2020,Rabobank
2023,2020-05-15,8.5,08-31-2020,Rabobank
2023,2020-05-22,8.5,08-31-2020,Rabobank
2023,2020-05-26,8.5,08-31-2020,Rabobank
2023,2020-05-29,8.5,08-31-2020,Rabobank
2023,2020-06-02,8.5,08-31-2020,Rabobank
2023,2020-06-08,8.5,08-31-2020,Rabobank
2023,2020-06-09,8.5,08-31-2020,Rabobank
2023,2020-06-10,8.5,08-31-2020,Rabobank
2023,2020-06-26,8.5,08-31-2020,Rabobank
2023,2020-07-17,8.5,08-31-2020,Rabobank
2023,2020-07-24,8.5,08-31-2020,Rabobank
2023,2020-07-31,8.5,08-31-2020,Rabobank
2023,2020-08-20,8.5,08-31-2020,Rabobank
2024,2020-01-17,8.5,08-31-2020,Rabobank
2024,2020-03-26,8.5,08-31-2020,Rabobank
2024,2020-04-03,8.5,08-31-2020,Rabobank
2024,2020-05-06,8.5,08-31-2020,Rabobank
2024,2020-05-15,8.5,08-31-2020,Rabobank
2024,2020-05-22,8.5,08-31-2020,Rabobank
2024,2020-05-26,8.5,08-31-2020,Rabobank
2024,2020-05-29,8.5,08-31-2020,Rabobank
2024,2020-06-02,8.5,08-31-2020,Rabobank
2024,2020-06-08,8.5,08-31-2020,Rabobank
2024,2020-06-09,8.5,08-31-2020,Rabobank
2024,2020-06-10,8.5,08-31-2020,Rabobank
2024,2020-06-26,8.5,08-31-2020,Rabobank
2024,2020-07-17,8.5,08-31-2020,Rabobank
2024,2020-07-24,8.5,08-31-2020,Rabobank
2024,2020-07-31,8.5,08-31-2020,Rabobank
2024,2020-08-20,8.5,08-31-2020,Rabobank
Q4-16,2015-03-06,6.47,11-30-2016,Rabobank
Q4-16,2015-04-22,6.38,11-30-2016,Rabobank
Q4-16,2015-05-13,6.33,11-30-2016,Rabobank
Q4-16,2015-06-17,6.48,11-30-2016,Rabobank
Q4-16,2015-08-19,6.77,11-30-2016,Rabobank
Q4-16,2015-08-21,6.77,11-30-2016,Rabobank
Q4-16,2015-09-02,7.83,11-30-2016,Rabobank
Q4-16,2015-09-11,7.83,11-30-2016,Rabobank
Q4-16,2015-10-22,7.85,11-30-2016,Rabobank
Q4-16,2015-11-26,7.65,11-30-2016,Rabobank
Q4-16,2015-12-07,7.65,11-30-2016,Rabobank
Q4-16,2015-12-23,7.6,11-30-2016,Rabobank
Q4-16,2016-01-07,7.6,11-30-2016,Rabobank
Q4-16,2016-01-22,7.53,11-30-2016,Rabobank
Q4-16,2016-02-05,7.53,11-30-2016,Rabobank
Q4-16,2016-02-24,7.47,11-30-2016,Rabobank
Q4-16,2016-03-22,7.4,11-30-2016,Rabobank
Q4-16,2016-04-04,7.4,11-30-2016,Rabobank
Q4-16,2016-04-08,7.4,11-30-2016,Rabobank
Q4-16,2016-05-16,7.13,11-30-2016,Rabobank
Q4-16,2016-06-06,7.13,11-30-2016,Rabobank
Q4-16,2016-06-29,7.0,11-30-2016,Rabobank
Q4-16,2016-08-09,6.93,11-30-2016,Rabobank
Q4-16,2016-08-12,6.93,11-30-2016,Rabobank
Q4-16,2016-09-06,6.87,11-30-2016,Rabobank
Q4-16,2016-09-16,6.8,11-30-2016,Rabobank
Q4-16,2016-09-28,6.8,11-30-2016,Rabobank
Q4-16,2016-10-19,6.78,11-30-2016,Rabobank
Q4-16,2016-11-11,6.87,11-30-2016,Rabobank
Q4-16,2016-11-18,6.83,11-30-2016,Rabobank
Q4-16,2016-11-24,6.95,11-30-2016,Rabobank
Q1-17,2016-03-22,7.6,11-30-2016,Rabobank
Q1-17,2016-04-04,7.6,11-30-2016,Rabobank
Q1-17,2016-04-08,7.6,11-30-2016,Rabobank
Q1-17,2016-05-16,7.47,11-30-2016,Rabobank
Q1-17,2016-06-06,7.47,11-30-2016,Rabobank
Q1-17,2016-06-29,7.4,11-30-2016,Rabobank
Q1-17,2016-08-09,7.27,11-30-2016,Rabobank
Q1-17,2016-08-12,7.27,11-30-2016,Rabobank
Q1-17,2016-09-06,7.13,11-30-2016,Rabobank
Q1-17,2016-09-16,7.0,11-30-2016,Rabobank
Q1-17,2016-09-28,7.0,11-30-2016,Rabobank
Q1-17,2016-10-19,6.93,11-30-2016,Rabobank
Q1-17,2016-11-11,7.03,11-30-2016,Rabobank
Q1-17,2016-11-18,6.97,11-30-2016,Rabobank
Q1-17,2016-11-24,7.15,11-30-2016,Rabobank
Q2-17,2016-06-06,7.65,11-30-2016,Rabobank
Q2-17,2016-06-29,7.6,11-30-2016,Rabobank
Q2-17,2016-08-09,7.53,11-30-2016,Rabobank
Q2-17,2016-08-12,7.53,11-30-2016,Rabobank
Q2-17,2016-09-06,7.47,11-30-2016,Rabobank
Q2-17,2016-09-16,7.4,11-30-2016,Rabobank
Q2-17,2016-09-28,7.4,11-30-2016,Rabobank
Q2-17,2016-10-19,7.27,11-30-2016,Rabobank
Q2-17,2016-11-11,7.3,11-30-2016,Rabobank
Q2-17,2016-11-18,7.2,11-30-2016,Rabobank
Q2-17,2016-11-24,7.3,11-30-2016,Rabobank
Q3-17,2016-09-06,7.65,11-30-2016,Rabobank
Q3-17,2016-09-16,7.6,11-30-2016,Rabobank
Q3-17,2016-09-28,7.6,11-30-2016,Rabobank
Q3-17,2016-10-19,7.53,11-30-2016,Rabobank
Q3-17,2016-11-11,7.53,11-30-2016,Rabobank
Q3-17,2016-11-18,7.47,11-30-2016,Rabobank
Q3-17,2016-11-24,7.47,11-30-2016,Rabobank
2017,2015-03-06,6.55,11-30-2016,Rabobank
2017,2015-08-21,6.97,11-30-2016,Rabobank
2017,2015-10-22,7.73,11-30-2016,Rabobank
2017,2015-11-26,7.74,11-30-2016,Rabobank
2017,2016-01-22,7.75,11-30-2016,Rabobank
2017,2016-02-05,7.75,11-30-2016,Rabobank
2017,2016-04-04,7.75,11-30-2016,Rabobank
2017,2016-05-16,7.75,11-30-2016,Rabobank
2017,2016-06-06,7.75,11-30-2016,Rabobank
2017,2016-06-29,7.75,11-30-2016,Rabobank
2017,2016-08-09,7.75,11-30-2016,Rabobank
2017,2016-08-12,7.75,11-30-2016,Rabobank
2017,2016-09-06,7.75,11-30-2016,Rabobank
2017,2016-09-16,7.75,11-30-2016,Rabobank
2017,2016-10-19,7.7,11-30-2016,Rabobank
2017,2016-11-11,7.7,11-30-2016,Rabobank
2017,2016-11-18,7.65,11-30-2016,Rabobank
2017,2016-11-24,7.65,11-30-2016,Rabobank
2018,2015-03-06,6.62,11-30-2016,Rabobank
2018,2015-08-21,7.17,11-30-2016,Rabobank
2018,2015-10-22,7.61,11-30-2016,Rabobank
2018,2015-11-26,7.64,11-30-2016,Rabobank
2018,2016-01-22,7.66,11-30-2016,Rabobank
2018,2016-02-05,7.66,11-30-2016,Rabobank
2018,2016-04-04,7.68,11-30-2016,Rabobank
2018,2016-05-16,7.69,11-30-2016,Rabobank
2018,2016-06-06,7.69,11-30-2016,Rabobank
2018,2016-06-29,7.7,11-30-2016,Rabobank
2018,2016-08-09,7.71,11-30-2016,Rabobank
2018,2016-08-12,7.71,11-30-2016,Rabobank
2018,2016-09-06,7.72,11-30-2016,Rabobank
2018,2016-09-16,7.73,11-30-2016,Rabobank
2018,2016-11-11,8.21,11-30-2016,Rabobank
2018,2016-11-18,8.2,11-30-2016,Rabobank
2018,2016-11-24,8.2,11-30-2016,Rabobank
2019,2015-03-06,6.69,11-30-2016,Rabobank
2019,2015-08-21,7.37,11-30-2016,Rabobank
2019,2015-10-22,7.5,11-30-2016,Rabobank
2019,2015-11-26,7.5,11-30-2016,Rabobank
2019,2016-01-22,7.51,11-30-2016,Rabobank
2019,2016-02-05,7.51,11-30-2016,Rabobank
2019,2016-04-04,7.54,11-30-2016,Rabobank
2019,2016-05-16,7.56,11-30-2016,Rabobank
2019,2016-06-06,7.56,11-30-2016,Rabobank
2019,2016-06-29,7.58,11-30-2016,Rabobank
2019,2016-08-09,7.59,11-30-2016,Rabobank
2019,2016-08-12,7.59,11-30-2016,Rabobank
2019,2016-09-06,7.6,11-30-2016,Rabobank
2019,2016-09-16,7.61,11-30-2016,Rabobank
2019,2016-11-11,8.25,11-30-2016,Rabobank
2019,2016-11-18,8.25,11-30-2016,Rabobank
2019,2016-11-24,8.25,11-30-2016,Rabobank
2020,2016-01-22,7.5,11-30-2016,Rabobank
2020,2016-02-05,7.5,11-30-2016,Rabobank
2020,2016-04-04,7.5,11-30-2016,Rabobank
2020,2016-05-16,7.5,11-30-2016,Rabobank
2020,2016-06-06,7.5,11-30-2016,Rabobank
2020,2016-06-29,7.5,11-30-2016,Rabobank
2020,2016-08-09,7.5,11-30-2016,Rabobank
2020,2016-08-12,7.5,11-30-2016,Rabobank
2020,2016-09-06,7.5,11-30-2016,Rabobank
2020,2016-09-16,7.5,11-30-2016,Rabobank
2020,2016-11-11,8.25,11-30-2016,Rabobank
2020,2016-11-18,8.25,11-30-2016,Rabobank
2020,2016-11-24,8.25,11-30-2016,Rabobank
Q1-11,2010-03-05,6.66,02-28-2011,Rabobank
Q1-11,2010-07-01,6.63,02-28-2011,Rabobank
Q1-11,2010-08-05,6.69,02-28-2011,Rabobank
Q1-11,2011-01-21,6.62,02-28-2011,Rabobank
Q2-11,2010-07-01,6.56,02-28-2011,Rabobank
Q2-11,2010-08-05,6.62,02-28-2011,Rabobank
Q2-11,2011-01-21,6.47,02-28-2011,Rabobank
Q3-11,2011-01-21,6.37,02-28-2011,Rabobank
Q4-11,2010-08-05,6.74,02-28-2011,Rabobank
Q4-11,2011-01-21,6.32,02-28-2011,Rabobank
2012,2010-08-05,6.55,02-28-2011,Rabobank
Q3-16,2015-09-02,7.68,08-31-2016,Rabobank
Q3-16,2015-10-22,7.6,08-31-2016,Rabobank
Q3-16,2015-11-26,7.47,08-31-2016,Rabobank
Q3-16,2015-12-07,7.47,08-31-2016,Rabobank
Q3-16,2015-12-23,7.4,08-31-2016,Rabobank
Q3-16,2016-01-07,7.4,08-31-2016,Rabobank
Q3-16,2016-01-22,7.33,08-31-2016,Rabobank
Q3-16,2016-02-05,7.33,08-31-2016,Rabobank
Q3-16,2016-02-24,7.27,08-31-2016,Rabobank
Q3-16,2016-03-22,7.2,08-31-2016,Rabobank
Q3-16,2016-04-04,7.0,08-31-2016,Rabobank
Q3-16,2016-04-08,7.0,08-31-2016,Rabobank
Q3-16,2016-05-16,6.83,08-31-2016,Rabobank
Q3-16,2016-06-06,6.83,08-31-2016,Rabobank
Q3-16,2016-06-29,6.75,08-31-2016,Rabobank
Q3-16,2016-08-09,6.75,08-31-2016,Rabobank
Q3-16,2016-08-12,6.75,08-31-2016,Rabobank
Q4-16,2015-03-06,6.47,08-31-2016,Rabobank
Q4-16,2015-04-22,6.38,08-31-2016,Rabobank
Q4-16,2015-05-13,6.33,08-31-2016,Rabobank
Q4-16,2015-06-17,6.48,08-31-2016,Rabobank
Q4-16,2015-08-19,6.77,08-31-2016,Rabobank
Q4-16,2015-08-21,6.77,08-31-2016,Rabobank
Q4-16,2015-09-02,7.83,08-31-2016,Rabobank
Q4-16,2015-09-11,7.83,08-31-2016,Rabobank
Q4-16,2015-10-22,7.85,08-31-2016,Rabobank
Q4-16,2015-11-26,7.65,08-31-2016,Rabobank
Q4-16,2015-12-07,7.65,08-31-2016,Rabobank
Q4-16,2015-12-23,7.6,08-31-2016,Rabobank
Q4-16,2016-01-07,7.6,08-31-2016,Rabobank
Q4-16,2016-01-22,7.53,08-31-2016,Rabobank
Q4-16,2016-02-05,7.53,08-31-2016,Rabobank
Q4-16,2016-02-24,7.47,08-31-2016,Rabobank
Q4-16,2016-03-22,7.4,08-31-2016,Rabobank
Q4-16,2016-04-04,7.4,08-31-2016,Rabobank
Q4-16,2016-04-08,7.4,08-31-2016,Rabobank
Q4-16,2016-05-16,7.13,08-31-2016,Rabobank
Q4-16,2016-06-06,7.13,08-31-2016,Rabobank
Q4-16,2016-06-29,7.0,08-31-2016,Rabobank
Q4-16,2016-08-09,6.93,08-31-2016,Rabobank
Q4-16,2016-08-12,6.93,08-31-2016,Rabobank
Q1-17,2016-03-22,7.6,08-31-2016,Rabobank
Q1-17,2016-04-04,7.6,08-31-2016,Rabobank
Q1-17,2016-04-08,7.6,08-31-2016,Rabobank
Q1-17,2016-05-16,7.47,08-31-2016,Rabobank
Q1-17,2016-06-06,7.47,08-31-2016,Rabobank
Q1-17,2016-06-29,7.4,08-31-2016,Rabobank
Q1-17,2016-08-09,7.27,08-31-2016,Rabobank
Q1-17,2016-08-12,7.27,08-31-2016,Rabobank
Q2-17,2016-06-06,7.65,08-31-2016,Rabobank
Q2-17,2016-06-29,7.6,08-31-2016,Rabobank
Q2-17,2016-08-09,7.53,08-31-2016,Rabobank
Q2-17,2016-08-12,7.53,08-31-2016,Rabobank
2017,2015-03-06,6.55,08-31-2016,Rabobank
2017,2015-08-21,6.97,08-31-2016,Rabobank
2017,2015-10-22,7.73,08-31-2016,Rabobank
2017,2015-11-26,7.74,08-31-2016,Rabobank
2017,2016-01-22,7.75,08-31-2016,Rabobank
2017,2016-02-05,7.75,08-31-2016,Rabobank
2017,2016-04-04,7.75,08-31-2016,Rabobank
2017,2016-05-16,7.75,08-31-2016,Rabobank
2017,2016-06-06,7.75,08-31-2016,Rabobank
2017,2016-06-29,7.75,08-31-2016,Rabobank
2017,2016-08-09,7.75,08-31-2016,Rabobank
2017,2016-08-12,7.75,08-31-2016,Rabobank
2018,2015-03-06,6.62,08-31-2016,Rabobank
2018,2015-08-21,7.17,08-31-2016,Rabobank
2018,2015-10-22,7.61,08-31-2016,Rabobank
2018,2015-11-26,7.64,08-31-2016,Rabobank
2018,2016-01-22,7.66,08-31-2016,Rabobank
2018,2016-02-05,7.66,08-31-2016,Rabobank
2018,2016-04-04,7.68,08-31-2016,Rabobank
2018,2016-05-16,7.69,08-31-2016,Rabobank
2018,2016-06-06,7.69,08-31-2016,Rabobank
2018,2016-06-29,7.7,08-31-2016,Rabobank
2018,2016-08-09,7.71,08-31-2016,Rabobank
2018,2016-08-12,7.71,08-31-2016,Rabobank
2019,2015-03-06,6.69,08-31-2016,Rabobank
2019,2015-08-21,7.37,08-31-2016,Rabobank
2019,2015-10-22,7.5,08-31-2016,Rabobank
2019,2015-11-26,7.5,08-31-2016,Rabobank
2019,2016-01-22,7.51,08-31-2016,Rabobank
2019,2016-02-05,7.51,08-31-2016,Rabobank
2019,2016-04-04,7.54,08-31-2016,Rabobank
2019,2016-05-16,7.56,08-31-2016,Rabobank
2019,2016-06-06,7.56,08-31-2016,Rabobank
2019,2016-06-29,7.58,08-31-2016,Rabobank
2019,2016-08-09,7.59,08-31-2016,Rabobank
2019,2016-08-12,7.59,08-31-2016,Rabobank
2020,2016-01-22,7.5,08-31-2016,Rabobank
2020,2016-02-05,7.5,08-31-2016,Rabobank
2020,2016-04-04,7.5,08-31-2016,Rabobank
2020,2016-05-16,7.5,08-31-2016,Rabobank
2020,2016-06-06,7.5,08-31-2016,Rabobank
2020,2016-06-29,7.5,08-31-2016,Rabobank
2020,2016-08-09,7.5,08-31-2016,Rabobank
2020,2016-08-12,7.5,08-31-2016,Rabobank
Q4-20,2019-01-09,8.5,11-30-2020,Rabobank
Q4-20,2019-11-21,7.8,11-30-2020,Rabobank
Q4-20,2019-11-22,7.8,11-30-2020,Rabobank
Q4-20,2019-12-03,7.8,11-30-2020,Rabobank
Q4-20,2019-12-06,7.8,11-30-2020,Rabobank
Q4-20,2019-12-16,7.75,11-30-2020,Rabobank
Q4-20,2019-12-24,7.6,11-30-2020,Rabobank
Q4-20,2020-01-17,7.55,11-30-2020,Rabobank
Q4-20,2020-02-13,7.55,11-30-2020,Rabobank
Q4-20,2020-02-19,7.5,11-30-2020,Rabobank
Q4-20,2020-02-28,7.5,11-30-2020,Rabobank
Q4-20,2020-03-17,7.45,11-30-2020,Rabobank
Q4-20,2020-03-24,7.45,11-30-2020,Rabobank
Q4-20,2020-03-26,7.45,11-30-2020,Rabobank
Q4-20,2020-04-03,7.45,11-30-2020,Rabobank
Q4-20,2020-04-17,7.4,11-30-2020,Rabobank
Q4-20,2020-05-06,7.4,11-30-2020,Rabobank
Q4-20,2020-05-15,7.4,11-30-2020,Rabobank
Q4-20,2020-05-22,7.35,11-30-2020,Rabobank
Q4-20,2020-05-26,7.35,11-30-2020,Rabobank
Q4-20,2020-05-29,7.35,11-30-2020,Rabobank
Q4-20,2020-06-02,7.35,11-30-2020,Rabobank
Q4-20,2020-06-08,7.35,11-30-2020,Rabobank
Q4-20,2020-06-09,7.35,11-30-2020,Rabobank
Q4-20,2020-06-10,7.35,11-30-2020,Rabobank
Q4-20,2020-06-26,7.3,11-30-2020,Rabobank
Q4-20,2020-07-17,7.22,11-30-2020,Rabobank
Q4-20,2020-07-24,7.22,11-30-2020,Rabobank
Q4-20,2020-07-31,7.22,11-30-2020,Rabobank
Q4-20,2020-08-20,7.15,11-30-2020,Rabobank
Q4-20,2020-09-14,7.15,11-30-2020,Rabobank
Q4-20,2020-09-18,7.07,11-30-2020,Rabobank
Q4-20,2020-09-28,7.07,11-30-2020,Rabobank
Q4-20,2020-10-12,7.07,11-30-2020,Rabobank
Q4-20,2020-10-30,7.05,11-30-2020,Rabobank
Q4-20,2020-11-13,7.05,11-30-2020,Rabobank
Q4-20,2020-11-20,7.02,11-30-2020,Rabobank
Q4-20,2020-11-27,6.65,11-30-2020,Rabobank
Q1-21,2020-03-17,7.6,11-30-2020,Rabobank
Q1-21,2020-03-24,7.6,11-30-2020,Rabobank
Q1-21,2020-03-26,7.6,11-30-2020,Rabobank
Q1-21,2020-04-03,7.6,11-30-2020,Rabobank
Q1-21,2020-04-17,7.55,11-30-2020,Rabobank
Q1-21,2020-05-06,7.55,11-30-2020,Rabobank
Q1-21,2020-05-15,7.55,11-30-2020,Rabobank
Q1-21,2020-05-22,7.5,11-30-2020,Rabobank
Q1-21,2020-05-26,7.5,11-30-2020,Rabobank
Q1-21,2020-05-29,7.5,11-30-2020,Rabobank
Q1-21,2020-06-02,7.5,11-30-2020,Rabobank
Q1-21,2020-06-08,7.5,11-30-2020,Rabobank
Q1-21,2020-06-09,7.5,11-30-2020,Rabobank
Q1-21,2020-06-10,7.5,11-30-2020,Rabobank
Q1-21,2020-06-26,7.45,11-30-2020,Rabobank
Q1-21,2020-07-17,7.4,11-30-2020,Rabobank
Q1-21,2020-07-24,7.4,11-30-2020,Rabobank
Q1-21,2020-07-31,7.4,11-30-2020,Rabobank
Q1-21,2020-08-20,7.35,11-30-2020,Rabobank
Q1-21,2020-09-14,7.35,11-30-2020,Rabobank
Q1-21,2020-09-18,7.3,11-30-2020,Rabobank
Q1-21,2020-09-28,7.3,11-30-2020,Rabobank
Q1-21,2020-10-12,7.3,11-30-2020,Rabobank
Q1-21,2020-10-30,7.22,11-30-2020,Rabobank
Q1-21,2020-11-13,7.22,11-30-2020,Rabobank
Q1-21,2020-11-20,7.15,11-30-2020,Rabobank
Q1-21,2020-11-27,6.55,11-30-2020,Rabobank
Q2-21,2020-07-17,7.55,11-30-2020,Rabobank
Q2-21,2020-07-24,7.55,11-30-2020,Rabobank
Q2-21,2020-07-31,7.55,11-30-2020,Rabobank
Q2-21,2020-08-20,7.5,11-30-2020,Rabobank
Q2-21,2020-09-14,7.5,11-30-2020,Rabobank
Q2-21,2020-09-18,7.45,11-30-2020,Rabobank
Q2-21,2020-09-28,7.45,11-30-2020,Rabobank
Q2-21,2020-10-12,7.45,11-30-2020,Rabobank
Q2-21,2020-10-30,7.4,11-30-2020,Rabobank
Q2-21,2020-11-13,7.4,11-30-2020,Rabobank
Q2-21,2020-11-20,7.35,11-30-2020,Rabobank
Q2-21,2020-11-27,6.55,11-30-2020,Rabobank
Q3-21,2020-10-12,7.6,11-30-2020,Rabobank
Q3-21,2020-10-30,7.55,11-30-2020,Rabobank
Q3-21,2020-11-13,7.55,11-30-2020,Rabobank
Q3-21,2020-11-20,7.5,11-30-2020,Rabobank
Q3-21,2020-11-27,6.55,11-30-2020,Rabobank
2021,2019-01-09,8.5,11-30-2020,Rabobank
2021,2019-11-21,8.5,11-30-2020,Rabobank
2021,2019-11-22,8.5,11-30-2020,Rabobank
2021,2020-01-17,8.17,11-30-2020,Rabobank
2021,2020-03-24,8.0,11-30-2020,Rabobank
2021,2020-03-26,8.0,11-30-2020,Rabobank
2021,2020-04-03,8.0,11-30-2020,Rabobank
2021,2020-04-17,7.95,11-30-2020,Rabobank
2021,2020-05-06,7.95,11-30-2020,Rabobank
2021,2020-05-15,7.95,11-30-2020,Rabobank
2021,2020-05-22,7.9,11-30-2020,Rabobank
2021,2020-05-26,7.9,11-30-2020,Rabobank
2021,2020-05-29,7.9,11-30-2020,Rabobank
2021,2020-06-02,7.9,11-30-2020,Rabobank
2021,2020-06-08,7.9,11-30-2020,Rabobank
2021,2020-06-09,7.9,11-30-2020,Rabobank
2021,2020-06-10,7.9,11-30-2020,Rabobank
2021,2020-06-26,7.85,11-30-2020,Rabobank
2021,2020-07-17,7.82,11-30-2020,Rabobank
2021,2020-07-24,7.82,11-30-2020,Rabobank
2021,2020-07-31,7.82,11-30-2020,Rabobank
2021,2020-08-20,7.78,11-30-2020,Rabobank
2021,2020-09-14,7.78,11-30-2020,Rabobank
2021,2020-09-18,7.75,11-30-2020,Rabobank
2021,2020-09-28,7.75,11-30-2020,Rabobank
2021,2020-10-12,7.75,11-30-2020,Rabobank
2021,2020-10-30,7.7,11-30-2020,Rabobank
2021,2020-11-13,7.7,11-30-2020,Rabobank
2021,2020-11-20,7.65,11-30-2020,Rabobank
2021,2020-11-27,6.57,11-30-2020,Rabobank
2022,2019-11-21,8.5,11-30-2020,Rabobank
2022,2019-11-22,8.5,11-30-2020,Rabobank
2022,2020-01-17,8.48,11-30-2020,Rabobank
2022,2020-03-26,8.44,11-30-2020,Rabobank
2022,2020-04-03,8.44,11-30-2020,Rabobank
2022,2020-04-17,8.42,11-30-2020,Rabobank
2022,2020-05-06,8.42,11-30-2020,Rabobank
2022,2020-05-15,8.42,11-30-2020,Rabobank
2022,2020-05-22,8.4,11-30-2020,Rabobank
2022,2020-05-26,8.4,11-30-2020,Rabobank
2022,2020-05-29,8.4,11-30-2020,Rabobank
2022,2020-06-02,8.4,11-30-2020,Rabobank
2022,2020-06-08,8.4,11-30-2020,Rabobank
2022,2020-06-09,8.4,11-30-2020,Rabobank
2022,2020-06-10,8.4,11-30-2020,Rabobank
2022,2020-06-26,8.38,11-30-2020,Rabobank
2022,2020-07-17,8.35,11-30-2020,Rabobank
2022,2020-07-24,8.35,11-30-2020,Rabobank
2022,2020-07-31,8.35,11-30-2020,Rabobank
2022,2020-08-20,8.33,11-30-2020,Rabobank
2022,2020-09-14,8.33,11-30-2020,Rabobank
2022,2020-09-18,8.31,11-30-2020,Rabobank
2022,2020-09-28,8.31,11-30-2020,Rabobank
2022,2020-10-12,8.31,11-30-2020,Rabobank
2022,2020-10-30,8.29,11-30-2020,Rabobank
2022,2020-11-13,8.29,11-30-2020,Rabobank
2022,2020-11-20,8.27,11-30-2020,Rabobank
2022,2020-11-27,6.77,11-30-2020,Rabobank
2023,2019-11-21,8.5,11-30-2020,Rabobank
2023,2019-11-22,8.5,11-30-2020,Rabobank
2023,2020-01-17,8.5,11-30-2020,Rabobank
2023,2020-03-26,8.5,11-30-2020,Rabobank
2023,2020-04-03,8.5,11-30-2020,Rabobank
2023,2020-04-17,8.5,11-30-2020,Rabobank
2023,2020-05-06,8.5,11-30-2020,Rabobank
2023,2020-05-15,8.5,11-30-2020,Rabobank
2023,2020-05-22,8.5,11-30-2020,Rabobank
2023,2020-05-26,8.5,11-30-2020,Rabobank
2023,2020-05-29,8.5,11-30-2020,Rabobank
2023,2020-06-02,8.5,11-30-2020,Rabobank
2023,2020-06-08,8.5,11-30-2020,Rabobank
2023,2020-06-09,8.5,11-30-2020,Rabobank
2023,2020-06-10,8.5,11-30-2020,Rabobank
2023,2020-06-26,8.5,11-30-2020,Rabobank
2023,2020-07-17,8.5,11-30-2020,Rabobank
2023,2020-07-24,8.5,11-30-2020,Rabobank
2023,2020-07-31,8.5,11-30-2020,Rabobank
2023,2020-08-20,8.5,11-30-2020,Rabobank
2023,2020-09-14,8.5,11-30-2020,Rabobank
2023,2020-09-18,8.5,11-30-2020,Rabobank
2023,2020-09-28,8.5,11-30-2020,Rabobank
2023,2020-10-12,8.5,11-30-2020,Rabobank
2023,2020-10-30,8.5,11-30-2020,Rabobank
2023,2020-11-13,8.5,11-30-2020,Rabobank
2023,2020-11-20,8.5,11-30-2020,Rabobank
2023,2020-11-27,7.02,11-30-2020,Rabobank
2024,2020-01-17,8.5,11-30-2020,Rabobank
2024,2020-03-26,8.5,11-30-2020,Rabobank
2024,2020-04-03,8.5,11-30-2020,Rabobank
2024,2020-05-06,8.5,11-30-2020,Rabobank
2024,2020-05-15,8.5,11-30-2020,Rabobank
2024,2020-05-22,8.5,11-30-2020,Rabobank
2024,2020-05-26,8.5,11-30-2020,Rabobank
2024,2020-05-29,8.5,11-30-2020,Rabobank
2024,2020-06-02,8.5,11-30-2020,Rabobank
2024,2020-06-08,8.5,11-30-2020,Rabobank
2024,2020-06-09,8.5,11-30-2020,Rabobank
2024,2020-06-10,8.5,11-30-2020,Rabobank
2024,2020-06-26,8.5,11-30-2020,Rabobank
2024,2020-07-17,8.5,11-30-2020,Rabobank
2024,2020-07-24,8.5,11-30-2020,Rabobank
2024,2020-07-31,8.5,11-30-2020,Rabobank
2024,2020-08-20,8.5,11-30-2020,Rabobank
2024,2020-09-14,8.5,11-30-2020,Rabobank
2024,2020-09-18,8.5,11-30-2020,Rabobank
2024,2020-09-28,8.5,11-30-2020,Rabobank
2024,2020-10-12,8.5,11-30-2020,Rabobank
2024,2020-10-30,8.5,11-30-2020,Rabobank
2024,2020-11-13,8.5,11-30-2020,Rabobank
2024,2020-11-20,8.5,11-30-2020,Rabobank
2024,2020-11-27,7.25,11-30-2020,Rabobank
Q1-07,2006-04-26,7.72,02-28-2007,Rabobank
Q1-07,2006-05-03,7.72,02-28-2007,Rabobank
Q1-07,2006-06-01,7.75,02-28-2007,Rabobank
Q1-07,2006-07-26,7.75,02-28-2007,Rabobank
Q1-07,2006-08-11,7.75,02-28-2007,Rabobank
Q1-07,2006-09-18,7.76,02-28-2007,Rabobank
Q1-07,2006-10-27,7.76,02-28-2007,Rabobank
Q1-07,2006-12-06,7.76,02-28-2007,Rabobank
Q1-07,2007-01-08,7.76,02-28-2007,Rabobank
Q1-07,2007-02-08,7.69,02-28-2007,Rabobank
Q2-07,2006-06-01,7.7,02-28-2007,Rabobank
Q2-07,2006-07-26,7.7,02-28-2007,Rabobank
Q2-07,2006-08-11,7.7,02-28-2007,Rabobank
Q2-07,2006-09-18,7.7,02-28-2007,Rabobank
Q2-07,2006-10-27,7.7,02-28-2007,Rabobank
Q2-07,2006-12-06,7.7,02-28-2007,Rabobank
Q2-07,2007-01-08,7.7,02-28-2007,Rabobank
Q2-07,2007-02-08,7.61,02-28-2007,Rabobank
Q3-07,2006-09-18,7.55,02-28-2007,Rabobank
Q3-07,2006-10-27,7.55,02-28-2007,Rabobank
Q3-07,2006-12-06,7.55,02-28-2007,Rabobank
Q3-07,2007-01-08,7.6,02-28-2007,Rabobank
Q3-07,2007-02-08,7.53,02-28-2007,Rabobank
Q4-07,2006-04-26,7.49,02-28-2007,Rabobank
Q4-07,2006-05-03,7.49,02-28-2007,Rabobank
Q4-07,2006-06-01,7.5,02-28-2007,Rabobank
Q4-07,2006-07-26,7.5,02-28-2007,Rabobank
Q4-07,2006-08-11,7.5,02-28-2007,Rabobank
Q4-07,2006-09-18,7.5,02-28-2007,Rabobank
Q4-07,2006-10-27,7.5,02-28-2007,Rabobank
Q4-07,2006-12-06,7.49,02-28-2007,Rabobank
Q4-07,2007-01-08,7.49,02-28-2007,Rabobank
Q4-07,2007-02-08,7.45,02-28-2007,Rabobank
2008,2006-07-26,7.5,02-28-2007,Rabobank
2008,2006-08-11,7.5,02-28-2007,Rabobank
2008,2006-09-18,7.5,02-28-2007,Rabobank
2008,2006-10-27,7.5,02-28-2007,Rabobank
Q4-21,2020-01-17,8.17,11-30-2021,Rabobank
Q4-21,2020-03-24,8.0,11-30-2021,Rabobank
Q4-21,2020-03-26,8.0,11-30-2021,Rabobank
Q4-21,2020-04-03,8.0,11-30-2021,Rabobank
Q4-21,2020-04-17,7.95,11-30-2021,Rabobank
Q4-21,2020-05-06,7.95,11-30-2021,Rabobank
Q4-21,2020-05-15,7.95,11-30-2021,Rabobank
Q4-21,2020-05-22,7.9,11-30-2021,Rabobank
Q4-21,2020-05-26,7.9,11-30-2021,Rabobank
Q4-21,2020-05-29,7.9,11-30-2021,Rabobank
Q4-21,2020-06-02,7.9,11-30-2021,Rabobank
Q4-21,2020-06-08,7.9,11-30-2021,Rabobank
Q4-21,2020-06-09,7.9,11-30-2021,Rabobank
Q4-21,2020-06-10,7.9,11-30-2021,Rabobank
Q4-21,2020-06-26,7.85,11-30-2021,Rabobank
Q4-21,2020-07-17,7.82,11-30-2021,Rabobank
Q4-21,2020-07-24,7.82,11-30-2021,Rabobank
Q4-21,2020-07-31,7.82,11-30-2021,Rabobank
Q4-21,2020-08-20,7.78,11-30-2021,Rabobank
Q4-21,2020-09-14,7.78,11-30-2021,Rabobank
Q4-21,2020-09-18,7.75,11-30-2021,Rabobank
Q4-21,2020-09-28,7.75,11-30-2021,Rabobank
Q4-21,2020-10-12,7.75,11-30-2021,Rabobank
Q4-21,2020-10-30,7.7,11-30-2021,Rabobank
Q4-21,2020-11-13,7.7,11-30-2021,Rabobank
Q4-21,2020-11-20,7.65,11-30-2021,Rabobank
Q4-21,2020-11-27,6.57,11-30-2021,Rabobank
Q4-21,2020-12-04,6.6,11-30-2021,Rabobank
Q4-21,2020-12-18,6.6,11-30-2021,Rabobank
Q4-21,2021-01-08,6.6,11-30-2021,Rabobank
Q4-21,2021-01-11,6.6,11-30-2021,Rabobank
Q4-21,2021-01-14,6.6,11-30-2021,Rabobank
Q4-21,2021-01-15,6.6,11-30-2021,Rabobank
Q4-21,2021-02-05,6.58,11-30-2021,Rabobank
Q4-21,2021-02-08,6.58,11-30-2021,Rabobank
Q4-21,2021-02-17,6.57,11-30-2021,Rabobank
Q4-21,2021-02-22,6.57,11-30-2021,Rabobank
Q4-21,2021-03-03,6.57,11-30-2021,Rabobank
Q4-21,2021-03-05,6.57,11-30-2021,Rabobank
Q4-21,2021-03-19,6.55,11-30-2021,Rabobank
Q4-21,2021-03-23,6.55,11-30-2021,Rabobank
Q4-21,2021-03-26,6.55,11-30-2021,Rabobank
Q4-21,2021-04-01,6.55,11-30-2021,Rabobank
Q4-21,2021-04-16,6.55,11-30-2021,Rabobank
Q4-21,2021-04-23,6.55,11-30-2021,Rabobank
Q4-21,2021-05-07,6.55,11-30-2021,Rabobank
Q4-21,2021-05-14,6.55,11-30-2021,Rabobank
Q4-21,2021-05-20,6.55,11-30-2021,Rabobank
Q4-21,2021-05-21,6.55,11-30-2021,Rabobank
Q4-21,2021-05-27,6.55,11-30-2021,Rabobank
Q4-21,2021-06-11,6.55,11-30-2021,Rabobank
Q4-21,2021-06-28,6.55,11-30-2021,Rabobank
Q4-21,2021-06-29,6.55,11-30-2021,Rabobank
Q4-21,2021-07-07,6.55,11-30-2021,Rabobank
Q4-21,2021-07-13,6.55,11-30-2021,Rabobank
Q4-21,2021-07-16,6.55,11-30-2021,Rabobank
Q4-21,2021-07-23,6.55,11-30-2021,Rabobank
Q4-21,2021-08-09,6.55,11-30-2021,Rabobank
Q4-21,2021-08-13,6.55,11-30-2021,Rabobank
Q4-21,2021-08-19,6.55,11-30-2021,Rabobank
Q4-21,2021-08-20,6.55,11-30-2021,Rabobank
Q4-21,2021-09-10,6.55,11-30-2021,Rabobank
Q4-21,2021-09-17,6.55,11-30-2021,Rabobank
Q4-21,2021-09-30,6.55,11-30-2021,Rabobank
Q4-21,2021-10-08,6.55,11-30-2021,Rabobank
Q4-21,2021-10-14,6.55,11-30-2021,Rabobank
Q4-21,2021-10-15,6.55,11-30-2021,Rabobank
Q4-21,2021-10-22,6.6,11-30-2021,Rabobank
Q4-21,2021-10-29,6.6,11-30-2021,Rabobank
Q4-21,2021-11-18,6.65,11-30-2021,Rabobank
Q4-21,2021-11-26,6.65,11-30-2021,Rabobank
Q1-22,2021-03-03,6.6,11-30-2021,Rabobank
Q1-22,2021-03-05,6.6,11-30-2021,Rabobank
Q1-22,2021-03-19,6.6,11-30-2021,Rabobank
Q1-22,2021-03-23,6.6,11-30-2021,Rabobank
Q1-22,2021-03-26,6.6,11-30-2021,Rabobank
Q1-22,2021-04-01,6.6,11-30-2021,Rabobank
Q1-22,2021-04-16,6.58,11-30-2021,Rabobank
Q1-22,2021-04-23,6.58,11-30-2021,Rabobank
Q1-22,2021-05-07,6.58,11-30-2021,Rabobank
Q1-22,2021-05-14,6.58,11-30-2021,Rabobank
Q1-22,2021-05-20,6.57,11-30-2021,Rabobank
Q1-22,2021-05-21,6.57,11-30-2021,Rabobank
Q1-22,2021-05-27,6.57,11-30-2021,Rabobank
Q1-22,2021-06-11,6.57,11-30-2021,Rabobank
Q1-22,2021-06-28,6.55,11-30-2021,Rabobank
Q1-22,2021-06-29,6.55,11-30-2021,Rabobank
Q1-22,2021-07-07,6.55,11-30-2021,Rabobank
Q1-22,2021-07-13,6.55,11-30-2021,Rabobank
Q1-22,2021-07-16,6.55,11-30-2021,Rabobank
Q1-22,2021-07-23,6.55,11-30-2021,Rabobank
Q1-22,2021-08-09,6.55,11-30-2021,Rabobank
Q1-22,2021-08-13,6.55,11-30-2021,Rabobank
Q1-22,2021-08-19,6.55,11-30-2021,Rabobank
Q1-22,2021-08-20,6.55,11-30-2021,Rabobank
Q1-22,2021-09-10,6.55,11-30-2021,Rabobank
Q1-22,2021-09-17,6.55,11-30-2021,Rabobank
Q1-22,2021-09-30,6.55,11-30-2021,Rabobank
Q1-22,2021-10-08,6.55,11-30-2021,Rabobank
Q1-22,2021-10-14,6.55,11-30-2021,Rabobank
Q1-22,2021-10-15,6.55,11-30-2021,Rabobank
Q1-22,2021-10-22,6.55,11-30-2021,Rabobank
Q1-22,2021-10-29,6.55,11-30-2021,Rabobank
Q1-22,2021-11-18,6.55,11-30-2021,Rabobank
Q1-22,2021-11-26,6.55,11-30-2021,Rabobank
Q2-22,2021-07-07,6.6,11-30-2021,Rabobank
Q2-22,2021-07-13,6.6,11-30-2021,Rabobank
Q2-22,2021-07-16,6.58,11-30-2021,Rabobank
Q2-22,2021-07-23,6.58,11-30-2021,Rabobank
Q2-22,2021-08-09,6.58,11-30-2021,Rabobank
Q2-22,2021-08-13,6.58,11-30-2021,Rabobank
Q2-22,2021-08-19,6.57,11-30-2021,Rabobank
Q2-22,2021-08-20,6.57,11-30-2021,Rabobank
Q2-22,2021-09-10,6.57,11-30-2021,Rabobank
Q2-22,2021-09-17,6.55,11-30-2021,Rabobank
Q2-22,2021-09-30,6.55,11-30-2021,Rabobank
Q2-22,2021-10-08,6.55,11-30-2021,Rabobank
Q2-22,2021-10-14,6.55,11-30-2021,Rabobank
Q2-22,2021-10-15,6.55,11-30-2021,Rabobank
Q2-22,2021-10-22,6.55,11-30-2021,Rabobank
Q2-22,2021-10-29,6.55,11-30-2021,Rabobank
Q2-22,2021-11-18,6.55,11-30-2021,Rabobank
Q2-22,2021-11-26,6.55,11-30-2021,Rabobank
Q3-22,2021-09-30,6.6,11-30-2021,Rabobank
Q3-22,2021-10-08,6.6,11-30-2021,Rabobank
Q3-22,2021-10-14,6.6,11-30-2021,Rabobank
Q3-22,2021-10-15,6.6,11-30-2021,Rabobank
Q3-22,2021-10-22,6.58,11-30-2021,Rabobank
Q3-22,2021-10-29,6.58,11-30-2021,Rabobank
Q3-22,2021-11-18,6.57,11-30-2021,Rabobank
Q3-22,2021-11-26,6.57,11-30-2021,Rabobank
2022,2020-01-17,8.48,11-30-2021,Rabobank
2022,2020-03-26,8.44,11-30-2021,Rabobank
2022,2020-04-03,8.44,11-30-2021,Rabobank
2022,2020-04-17,8.42,11-30-2021,Rabobank
2022,2020-05-06,8.42,11-30-2021,Rabobank
2022,2020-05-15,8.42,11-30-2021,Rabobank
2022,2020-05-22,8.4,11-30-2021,Rabobank
2022,2020-05-26,8.4,11-30-2021,Rabobank
2022,2020-05-29,8.4,11-30-2021,Rabobank
2022,2020-06-02,8.4,11-30-2021,Rabobank
2022,2020-06-08,8.4,11-30-2021,Rabobank
2022,2020-06-09,8.4,11-30-2021,Rabobank
2022,2020-06-10,8.4,11-30-2021,Rabobank
2022,2020-06-26,8.38,11-30-2021,Rabobank
2022,2020-07-17,8.35,11-30-2021,Rabobank
2022,2020-07-24,8.35,11-30-2021,Rabobank
2022,2020-07-31,8.35,11-30-2021,Rabobank
2022,2020-08-20,8.33,11-30-2021,Rabobank
2022,2020-09-14,8.33,11-30-2021,Rabobank
2022,2020-09-18,8.31,11-30-2021,Rabobank
2022,2020-09-28,8.31,11-30-2021,Rabobank
2022,2020-10-12,8.31,11-30-2021,Rabobank
2022,2020-10-30,8.29,11-30-2021,Rabobank
2022,2020-11-13,8.29,11-30-2021,Rabobank
2022,2020-11-20,8.27,11-30-2021,Rabobank
2022,2020-11-27,6.77,11-30-2021,Rabobank
2022,2020-12-04,6.91,11-30-2021,Rabobank
2022,2020-12-18,6.9,11-30-2021,Rabobank
2022,2021-01-08,6.9,11-30-2021,Rabobank
2022,2021-01-11,6.9,11-30-2021,Rabobank
2022,2021-01-14,6.9,11-30-2021,Rabobank
2022,2021-01-15,6.9,11-30-2021,Rabobank
2022,2021-02-05,6.87,11-30-2021,Rabobank
2022,2021-02-08,6.87,11-30-2021,Rabobank
2022,2021-02-17,6.83,11-30-2021,Rabobank
2022,2021-02-22,6.83,11-30-2021,Rabobank
2022,2021-03-03,6.83,11-30-2021,Rabobank
2022,2021-03-05,6.83,11-30-2021,Rabobank
2022,2021-03-19,6.8,11-30-2021,Rabobank
2022,2021-03-23,6.8,11-30-2021,Rabobank
2022,2021-03-26,6.8,11-30-2021,Rabobank
2022,2021-04-01,6.8,11-30-2021,Rabobank
2022,2021-04-16,6.75,11-30-2021,Rabobank
2022,2021-04-23,6.75,11-30-2021,Rabobank
2022,2021-05-07,6.75,11-30-2021,Rabobank
2022,2021-05-14,6.75,11-30-2021,Rabobank
2022,2021-09-30,6.6,11-30-2021,Rabobank
2022,2021-10-08,6.6,11-30-2021,Rabobank
2022,2021-10-14,6.6,11-30-2021,Rabobank
2022,2021-10-15,6.6,11-30-2021,Rabobank
2022,2021-10-22,6.6,11-30-2021,Rabobank
2022,2021-10-29,6.6,11-30-2021,Rabobank
2022,2021-11-18,6.6,11-30-2021,Rabobank
2022,2021-11-26,6.6,11-30-2021,Rabobank
2023,2020-01-17,8.5,11-30-2021,Rabobank
2023,2020-03-26,8.5,11-30-2021,Rabobank
2023,2020-04-03,8.5,11-30-2021,Rabobank
2023,2020-04-17,8.5,11-30-2021,Rabobank
2023,2020-05-06,8.5,11-30-2021,Rabobank
2023,2020-05-15,8.5,11-30-2021,Rabobank
2023,2020-05-22,8.5,11-30-2021,Rabobank
2023,2020-05-26,8.5,11-30-2021,Rabobank
2023,2020-05-29,8.5,11-30-2021,Rabobank
2023,2020-06-02,8.5,11-30-2021,Rabobank
2023,2020-06-08,8.5,11-30-2021,Rabobank
2023,2020-06-09,8.5,11-30-2021,Rabobank
2023,2020-06-10,8.5,11-30-2021,Rabobank
2023,2020-06-26,8.5,11-30-2021,Rabobank
2023,2020-07-17,8.5,11-30-2021,Rabobank
2023,2020-07-24,8.5,11-30-2021,Rabobank
2023,2020-07-31,8.5,11-30-2021,Rabobank
2023,2020-08-20,8.5,11-30-2021,Rabobank
2023,2020-09-14,8.5,11-30-2021,Rabobank
2023,2020-09-18,8.5,11-30-2021,Rabobank
2023,2020-09-28,8.5,11-30-2021,Rabobank
2023,2020-10-12,8.5,11-30-2021,Rabobank
2023,2020-10-30,8.5,11-30-2021,Rabobank
2023,2020-11-13,8.5,11-30-2021,Rabobank
2023,2020-11-20,8.5,11-30-2021,Rabobank
2023,2020-11-27,7.02,11-30-2021,Rabobank
2023,2020-12-04,7.02,11-30-2021,Rabobank
2023,2020-12-18,7.0,11-30-2021,Rabobank
2023,2021-01-08,7.0,11-30-2021,Rabobank
2023,2021-01-11,7.0,11-30-2021,Rabobank
2023,2021-01-14,7.0,11-30-2021,Rabobank
2023,2021-01-15,7.0,11-30-2021,Rabobank
2023,2021-02-05,6.99,11-30-2021,Rabobank
2023,2021-03-03,6.98,11-30-2021,Rabobank
2023,2021-03-05,6.98,11-30-2021,Rabobank
2023,2021-03-19,6.98,11-30-2021,Rabobank
2023,2021-03-23,6.98,11-30-2021,Rabobank
2023,2021-03-26,6.98,11-30-2021,Rabobank
2023,2021-04-01,6.98,11-30-2021,Rabobank
2023,2021-04-16,6.97,11-30-2021,Rabobank
2023,2021-04-23,6.97,11-30-2021,Rabobank
2023,2021-09-30,6.93,11-30-2021,Rabobank
2023,2021-10-14,6.93,11-30-2021,Rabobank
2023,2021-10-29,6.92,11-30-2021,Rabobank
2023,2021-11-18,6.91,11-30-2021,Rabobank
2024,2020-01-17,8.5,11-30-2021,Rabobank
2024,2020-03-26,8.5,11-30-2021,Rabobank
2024,2020-04-03,8.5,11-30-2021,Rabobank
2024,2020-05-06,8.5,11-30-2021,Rabobank
2024,2020-05-15,8.5,11-30-2021,Rabobank
2024,2020-05-22,8.5,11-30-2021,Rabobank
2024,2020-05-26,8.5,11-30-2021,Rabobank
2024,2020-05-29,8.5,11-30-2021,Rabobank
2024,2020-06-02,8.5,11-30-2021,Rabobank
2024,2020-06-08,8.5,11-30-2021,Rabobank
2024,2020-06-09,8.5,11-30-2021,Rabobank
2024,2020-06-10,8.5,11-30-2021,Rabobank
2024,2020-06-26,8.5,11-30-2021,Rabobank
2024,2020-07-17,8.5,11-30-2021,Rabobank
2024,2020-07-24,8.5,11-30-2021,Rabobank
2024,2020-07-31,8.5,11-30-2021,Rabobank
2024,2020-08-20,8.5,11-30-2021,Rabobank
2024,2020-09-14,8.5,11-30-2021,Rabobank
2024,2020-09-18,8.5,11-30-2021,Rabobank
2024,2020-09-28,8.5,11-30-2021,Rabobank
2024,2020-10-12,8.5,11-30-2021,Rabobank
2024,2020-10-30,8.5,11-30-2021,Rabobank
2024,2020-11-13,8.5,11-30-2021,Rabobank
2024,2020-11-20,8.5,11-30-2021,Rabobank
2024,2020-11-27,7.25,11-30-2021,Rabobank
2024,2020-12-04,7.25,11-30-2021,Rabobank
2024,2020-12-18,7.2,11-30-2021,Rabobank
2024,2021-01-08,7.2,11-30-2021,Rabobank
2024,2021-01-11,7.2,11-30-2021,Rabobank
2024,2021-01-14,7.2,11-30-2021,Rabobank
2024,2021-01-15,7.2,11-30-2021,Rabobank
2024,2021-02-05,7.18,11-30-2021,Rabobank
2024,2021-03-03,7.17,11-30-2021,Rabobank
2024,2021-03-05,7.17,11-30-2021,Rabobank
2024,2021-03-19,7.15,11-30-2021,Rabobank
2024,2021-03-23,7.15,11-30-2021,Rabobank
2024,2021-03-26,7.15,11-30-2021,Rabobank
2024,2021-04-01,7.15,11-30-2021,Rabobank
2024,2021-04-16,7.13,11-30-2021,Rabobank
2024,2021-04-23,7.13,11-30-2021,Rabobank
2024,2021-09-30,7.05,11-30-2021,Rabobank
2024,2021-10-14,7.05,11-30-2021,Rabobank
2024,2021-10-29,7.03,11-30-2021,Rabobank
2024,2021-11-18,7.02,11-30-2021,Rabobank
2025,2020-12-18,7.75,11-30-2021,Rabobank
2025,2021-01-08,7.75,11-30-2021,Rabobank
2025,2021-01-11,7.75,11-30-2021,Rabobank
2025,2021-01-14,7.75,11-30-2021,Rabobank
2025,2021-01-15,7.75,11-30-2021,Rabobank
2025,2021-02-05,7.7,11-30-2021,Rabobank
2025,2021-04-16,7.57,11-30-2021,Rabobank
2025,2021-04-23,7.57,11-30-2021,Rabobank
2025,2021-09-30,7.34,11-30-2021,Rabobank
2025,2021-10-14,7.34,11-30-2021,Rabobank
2025,2021-10-29,7.29,11-30-2021,Rabobank
2025,2021-11-18,7.25,11-30-2021,Rabobank
Q3-17,2016-09-06,7.65,08-31-2017,Rabobank
Q3-17,2016-09-16,7.6,08-31-2017,Rabobank
Q3-17,2016-09-28,7.6,08-31-2017,Rabobank
Q3-17,2016-10-19,7.53,08-31-2017,Rabobank
Q3-17,2016-11-11,7.53,08-31-2017,Rabobank
Q3-17,2016-11-18,7.47,08-31-2017,Rabobank
Q3-17,2016-11-24,7.47,08-31-2017,Rabobank
Q3-17,2016-12-15,7.47,08-31-2017,Rabobank
Q3-17,2017-01-10,7.4,08-31-2017,Rabobank
Q3-17,2017-02-06,7.35,08-31-2017,Rabobank
Q3-17,2017-03-10,7.3,08-31-2017,Rabobank
Q3-17,2017-03-22,7.25,08-31-2017,Rabobank
Q3-17,2017-04-21,7.17,08-31-2017,Rabobank
Q3-17,2017-05-05,7.17,08-31-2017,Rabobank
Q3-17,2017-05-31,7.08,08-31-2017,Rabobank
Q3-17,2017-06-12,7.08,08-31-2017,Rabobank
Q3-17,2017-06-29,7.0,08-31-2017,Rabobank
Q3-17,2017-07-11,7.0,08-31-2017,Rabobank
Q3-17,2017-07-31,6.95,08-31-2017,Rabobank
Q3-17,2017-08-22,6.75,08-31-2017,Rabobank
Q3-17,2017-08-24,6.75,08-31-2017,Rabobank
Q4-17,2015-10-22,7.73,08-31-2017,Rabobank
Q4-17,2015-11-26,7.74,08-31-2017,Rabobank
Q4-17,2016-01-22,7.75,08-31-2017,Rabobank
Q4-17,2016-02-05,7.75,08-31-2017,Rabobank
Q4-17,2016-04-04,7.75,08-31-2017,Rabobank
Q4-17,2016-05-16,7.75,08-31-2017,Rabobank
Q4-17,2016-06-06,7.75,08-31-2017,Rabobank
Q4-17,2016-06-29,7.75,08-31-2017,Rabobank
Q4-17,2016-08-09,7.75,08-31-2017,Rabobank
Q4-17,2016-08-12,7.75,08-31-2017,Rabobank
Q4-17,2016-09-06,7.75,08-31-2017,Rabobank
Q4-17,2016-09-16,7.75,08-31-2017,Rabobank
Q4-17,2016-10-19,7.7,08-31-2017,Rabobank
Q4-17,2016-11-11,7.7,08-31-2017,Rabobank
Q4-17,2016-11-18,7.65,08-31-2017,Rabobank
Q4-17,2016-11-24,7.65,08-31-2017,Rabobank
Q4-17,2016-12-15,7.65,08-31-2017,Rabobank
Q4-17,2017-01-10,7.75,08-31-2017,Rabobank
Q4-17,2017-02-06,7.63,08-31-2017,Rabobank
Q4-17,2017-03-10,7.52,08-31-2017,Rabobank
Q4-17,2017-03-22,7.4,08-31-2017,Rabobank
Q4-17,2017-04-21,7.35,08-31-2017,Rabobank
Q4-17,2017-05-05,7.35,08-31-2017,Rabobank
Q4-17,2017-05-31,7.3,08-31-2017,Rabobank
Q4-17,2017-06-12,7.3,08-31-2017,Rabobank
Q4-17,2017-06-29,7.25,08-31-2017,Rabobank
Q4-17,2017-07-11,7.25,08-31-2017,Rabobank
Q4-17,2017-07-31,7.17,08-31-2017,Rabobank
Q4-17,2017-08-22,6.85,08-31-2017,Rabobank
Q4-17,2017-08-24,6.85,08-31-2017,Rabobank
Q1-18,2017-03-10,7.77,08-31-2017,Rabobank
Q1-18,2017-03-22,7.75,08-31-2017,Rabobank
Q1-18,2017-04-21,7.63,08-31-2017,Rabobank
Q1-18,2017-05-05,7.63,08-31-2017,Rabobank
Q1-18,2017-05-31,7.52,08-31-2017,Rabobank
Q1-18,2017-06-12,7.52,08-31-2017,Rabobank
Q1-18,2017-06-29,7.4,08-31-2017,Rabobank
Q1-18,2017-07-11,7.4,08-31-2017,Rabobank
Q1-18,2017-07-31,7.35,08-31-2017,Rabobank
Q1-18,2017-08-22,7.05,08-31-2017,Rabobank
Q1-18,2017-08-24,7.05,08-31-2017,Rabobank
Q2-18,2017-06-12,7.77,08-31-2017,Rabobank
Q2-18,2017-06-29,7.75,08-31-2017,Rabobank
Q2-18,2017-07-11,7.75,08-31-2017,Rabobank
Q2-18,2017-07-31,7.63,08-31-2017,Rabobank
Q2-18,2017-08-22,7.33,08-31-2017,Rabobank
Q2-18,2017-08-24,7.33,08-31-2017,Rabobank
2018,2015-10-22,7.61,08-31-2017,Rabobank
2018,2015-11-26,7.64,08-31-2017,Rabobank
2018,2016-01-22,7.66,08-31-2017,Rabobank
2018,2016-02-05,7.66,08-31-2017,Rabobank
2018,2016-04-04,7.68,08-31-2017,Rabobank
2018,2016-05-16,7.69,08-31-2017,Rabobank
2018,2016-06-06,7.69,08-31-2017,Rabobank
2018,2016-06-29,7.7,08-31-2017,Rabobank
2018,2016-08-09,7.71,08-31-2017,Rabobank
2018,2016-08-12,7.71,08-31-2017,Rabobank
2018,2016-09-06,7.72,08-31-2017,Rabobank
2018,2016-09-16,7.73,08-31-2017,Rabobank
2018,2016-11-11,8.21,08-31-2017,Rabobank
2018,2016-11-18,8.2,08-31-2017,Rabobank
2018,2016-11-24,8.2,08-31-2017,Rabobank
2018,2017-01-10,8.2,08-31-2017,Rabobank
2018,2017-02-06,8.15,08-31-2017,Rabobank
2018,2017-04-21,8.0,08-31-2017,Rabobank
2018,2017-05-05,8.0,08-31-2017,Rabobank
2018,2017-05-31,7.95,08-31-2017,Rabobank
2018,2017-06-12,7.95,08-31-2017,Rabobank
2018,2017-07-31,7.87,08-31-2017,Rabobank
2018,2017-08-22,7.83,08-31-2017,Rabobank
2018,2017-08-24,7.83,08-31-2017,Rabobank
2019,2015-10-22,7.5,08-31-2017,Rabobank
2019,2015-11-26,7.5,08-31-2017,Rabobank
2019,2016-01-22,7.51,08-31-2017,Rabobank
2019,2016-02-05,7.51,08-31-2017,Rabobank
2019,2016-04-04,7.54,08-31-2017,Rabobank
2019,2016-05-16,7.56,08-31-2017,Rabobank
2019,2016-06-06,7.56,08-31-2017,Rabobank
2019,2016-06-29,7.58,08-31-2017,Rabobank
2019,2016-08-09,7.59,08-31-2017,Rabobank
2019,2016-08-12,7.59,08-31-2017,Rabobank
2019,2016-09-06,7.6,08-31-2017,Rabobank
2019,2016-09-16,7.61,08-31-2017,Rabobank
2019,2016-11-11,8.25,08-31-2017,Rabobank
2019,2016-11-18,8.25,08-31-2017,Rabobank
2019,2016-11-24,8.25,08-31-2017,Rabobank
2019,2017-01-10,8.25,08-31-2017,Rabobank
2019,2017-02-06,8.25,08-31-2017,Rabobank
2019,2017-04-21,8.23,08-31-2017,Rabobank
2019,2017-05-05,8.23,08-31-2017,Rabobank
2019,2017-05-31,8.23,08-31-2017,Rabobank
2019,2017-06-12,8.23,08-31-2017,Rabobank
2019,2017-07-31,8.22,08-31-2017,Rabobank
2020,2016-01-22,7.5,08-31-2017,Rabobank
2020,2016-02-05,7.5,08-31-2017,Rabobank
2020,2016-04-04,7.5,08-31-2017,Rabobank
2020,2016-05-16,7.5,08-31-2017,Rabobank
2020,2016-06-06,7.5,08-31-2017,Rabobank
2020,2016-06-29,7.5,08-31-2017,Rabobank
2020,2016-08-09,7.5,08-31-2017,Rabobank
2020,2016-08-12,7.5,08-31-2017,Rabobank
2020,2016-09-06,7.5,08-31-2017,Rabobank
2020,2016-09-16,7.5,08-31-2017,Rabobank
2020,2016-11-11,8.25,08-31-2017,Rabobank
2020,2016-11-18,8.25,08-31-2017,Rabobank
2020,2016-11-24,8.25,08-31-2017,Rabobank
2020,2017-01-10,8.25,08-31-2017,Rabobank
2020,2017-02-06,8.25,08-31-2017,Rabobank
2020,2017-04-21,8.25,08-31-2017,Rabobank
2020,2017-05-05,8.25,08-31-2017,Rabobank
2020,2017-05-31,8.25,08-31-2017,Rabobank
2020,2017-06-12,8.25,08-31-2017,Rabobank
2021,2017-01-10,8.25,08-31-2017,Rabobank
2021,2017-02-06,8.25,08-31-2017,Rabobank
2021,2017-04-21,8.25,08-31-2017,Rabobank
2021,2017-05-05,8.25,08-31-2017,Rabobank
2021,2017-05-31,8.25,08-31-2017,Rabobank
2021,2017-06-12,8.25,08-31-2017,Rabobank
Q1-10,2009-10-19,6.83,02-28-2010,Rabobank
Q1-10,2009-12-18,6.83,02-28-2010,Rabobank
Q2-10,2009-10-19,6.83,02-28-2010,Rabobank
Q2-10,2009-12-18,6.83,02-28-2010,Rabobank
Q3-10,2009-10-19,6.81,02-28-2010,Rabobank
Q3-10,2009-12-18,6.83,02-28-2010,Rabobank
Q4-10,2009-10-19,6.8,02-28-2010,Rabobank
Q4-10,2009-12-18,6.8,02-28-2010,Rabobank
Q4-17,2016-01-22,7.75,11-30-2017,Rabobank
Q4-17,2016-02-05,7.75,11-30-2017,Rabobank
Q4-17,2016-04-04,7.75,11-30-2017,Rabobank
Q4-17,2016-05-16,7.75,11-30-2017,Rabobank
Q4-17,2016-06-06,7.75,11-30-2017,Rabobank
Q4-17,2016-06-29,7.75,11-30-2017,Rabobank
Q4-17,2016-08-09,7.75,11-30-2017,Rabobank
Q4-17,2016-08-12,7.75,11-30-2017,Rabobank
Q4-17,2016-09-06,7.75,11-30-2017,Rabobank
Q4-17,2016-09-16,7.75,11-30-2017,Rabobank
Q4-17,2016-10-19,7.7,11-30-2017,Rabobank
Q4-17,2016-11-11,7.7,11-30-2017,Rabobank
Q4-17,2016-11-18,7.65,11-30-2017,Rabobank
Q4-17,2016-11-24,7.65,11-30-2017,Rabobank
Q4-17,2016-12-15,7.65,11-30-2017,Rabobank
Q4-17,2017-01-10,7.75,11-30-2017,Rabobank
Q4-17,2017-02-06,7.63,11-30-2017,Rabobank
Q4-17,2017-03-10,7.52,11-30-2017,Rabobank
Q4-17,2017-03-22,7.4,11-30-2017,Rabobank
Q4-17,2017-04-21,7.35,11-30-2017,Rabobank
Q4-17,2017-05-05,7.35,11-30-2017,Rabobank
Q4-17,2017-05-31,7.3,11-30-2017,Rabobank
Q4-17,2017-06-12,7.3,11-30-2017,Rabobank
Q4-17,2017-06-29,7.25,11-30-2017,Rabobank
Q4-17,2017-07-11,7.25,11-30-2017,Rabobank
Q4-17,2017-07-31,7.17,11-30-2017,Rabobank
Q4-17,2017-08-22,6.85,11-30-2017,Rabobank
Q4-17,2017-08-24,6.85,11-30-2017,Rabobank
Q4-17,2017-09-08,6.85,11-30-2017,Rabobank
Q4-17,2017-10-03,6.8,11-30-2017,Rabobank
Q4-17,2017-10-09,6.8,11-30-2017,Rabobank
Q4-17,2017-11-03,6.7,11-30-2017,Rabobank
Q1-18,2017-03-10,7.77,11-30-2017,Rabobank
Q1-18,2017-03-22,7.75,11-30-2017,Rabobank
Q1-18,2017-04-21,7.63,11-30-2017,Rabobank
Q1-18,2017-05-05,7.63,11-30-2017,Rabobank
Q1-18,2017-05-31,7.52,11-30-2017,Rabobank
Q1-18,2017-06-12,7.52,11-30-2017,Rabobank
Q1-18,2017-06-29,7.4,11-30-2017,Rabobank
Q1-18,2017-07-11,7.4,11-30-2017,Rabobank
Q1-18,2017-07-31,7.35,11-30-2017,Rabobank
Q1-18,2017-08-22,7.05,11-30-2017,Rabobank
Q1-18,2017-08-24,7.05,11-30-2017,Rabobank
Q1-18,2017-09-08,7.05,11-30-2017,Rabobank
Q1-18,2017-10-03,6.95,11-30-2017,Rabobank
Q1-18,2017-10-09,6.95,11-30-2017,Rabobank
Q1-18,2017-11-03,6.9,11-30-2017,Rabobank
Q2-18,2017-06-12,7.77,11-30-2017,Rabobank
Q2-18,2017-06-29,7.75,11-30-2017,Rabobank
Q2-18,2017-07-11,7.75,11-30-2017,Rabobank
Q2-18,2017-07-31,7.63,11-30-2017,Rabobank
Q2-18,2017-08-22,7.33,11-30-2017,Rabobank
Q2-18,2017-08-24,7.33,11-30-2017,Rabobank
Q2-18,2017-09-08,7.33,11-30-2017,Rabobank
Q2-18,2017-10-03,7.25,11-30-2017,Rabobank
Q2-18,2017-10-09,7.25,11-30-2017,Rabobank
Q2-18,2017-11-03,7.15,11-30-2017,Rabobank
Q3-18,2017-09-08,7.6,11-30-2017,Rabobank
Q3-18,2017-10-03,7.5,11-30-2017,Rabobank
Q3-18,2017-10-09,7.5,11-30-2017,Rabobank
Q3-18,2017-11-03,7.42,11-30-2017,Rabobank
2018,2016-01-22,7.66,11-30-2017,Rabobank
2018,2016-02-05,7.66,11-30-2017,Rabobank
2018,2016-04-04,7.68,11-30-2017,Rabobank
2018,2016-05-16,7.69,11-30-2017,Rabobank
2018,2016-06-06,7.69,11-30-2017,Rabobank
2018,2016-06-29,7.7,11-30-2017,Rabobank
2018,2016-08-09,7.71,11-30-2017,Rabobank
2018,2016-08-12,7.71,11-30-2017,Rabobank
2018,2016-09-06,7.72,11-30-2017,Rabobank
2018,2016-09-16,7.73,11-30-2017,Rabobank
2018,2016-11-11,8.21,11-30-2017,Rabobank
2018,2016-11-18,8.2,11-30-2017,Rabobank
2018,2016-11-24,8.2,11-30-2017,Rabobank
2018,2017-01-10,8.2,11-30-2017,Rabobank
2018,2017-02-06,8.15,11-30-2017,Rabobank
2018,2017-04-21,8.0,11-30-2017,Rabobank
2018,2017-05-05,8.0,11-30-2017,Rabobank
2018,2017-05-31,7.95,11-30-2017,Rabobank
2018,2017-06-12,7.95,11-30-2017,Rabobank
2018,2017-07-31,7.87,11-30-2017,Rabobank
2018,2017-08-22,7.83,11-30-2017,Rabobank
2018,2017-08-24,7.83,11-30-2017,Rabobank
2018,2017-09-08,7.83,11-30-2017,Rabobank
2019,2016-01-22,7.51,11-30-2017,Rabobank
2019,2016-02-05,7.51,11-30-2017,Rabobank
2019,2016-04-04,7.54,11-30-2017,Rabobank
2019,2016-05-16,7.56,11-30-2017,Rabobank
2019,2016-06-06,7.56,11-30-2017,Rabobank
2019,2016-06-29,7.58,11-30-2017,Rabobank
2019,2016-08-09,7.59,11-30-2017,Rabobank
2019,2016-08-12,7.59,11-30-2017,Rabobank
2019,2016-09-06,7.6,11-30-2017,Rabobank
2019,2016-09-16,7.61,11-30-2017,Rabobank
2019,2016-11-11,8.25,11-30-2017,Rabobank
2019,2016-11-18,8.25,11-30-2017,Rabobank
2019,2016-11-24,8.25,11-30-2017,Rabobank
2019,2017-01-10,8.25,11-30-2017,Rabobank
2019,2017-02-06,8.25,11-30-2017,Rabobank
2019,2017-04-21,8.23,11-30-2017,Rabobank
2019,2017-05-05,8.23,11-30-2017,Rabobank
2019,2017-05-31,8.23,11-30-2017,Rabobank
2019,2017-06-12,8.23,11-30-2017,Rabobank
2019,2017-07-31,8.22,11-30-2017,Rabobank
2020,2016-01-22,7.5,11-30-2017,Rabobank
2020,2016-02-05,7.5,11-30-2017,Rabobank
2020,2016-04-04,7.5,11-30-2017,Rabobank
2020,2016-05-16,7.5,11-30-2017,Rabobank
2020,2016-06-06,7.5,11-30-2017,Rabobank
2020,2016-06-29,7.5,11-30-2017,Rabobank
2020,2016-08-09,7.5,11-30-2017,Rabobank
2020,2016-08-12,7.5,11-30-2017,Rabobank
2020,2016-09-06,7.5,11-30-2017,Rabobank
2020,2016-09-16,7.5,11-30-2017,Rabobank
2020,2016-11-11,8.25,11-30-2017,Rabobank
2020,2016-11-18,8.25,11-30-2017,Rabobank
2020,2016-11-24,8.25,11-30-2017,Rabobank
2020,2017-01-10,8.25,11-30-2017,Rabobank
2020,2017-02-06,8.25,11-30-2017,Rabobank
2020,2017-04-21,8.25,11-30-2017,Rabobank
2020,2017-05-05,8.25,11-30-2017,Rabobank
2020,2017-05-31,8.25,11-30-2017,Rabobank
2020,2017-06-12,8.25,11-30-2017,Rabobank
2021,2017-01-10,8.25,11-30-2017,Rabobank
2021,2017-02-06,8.25,11-30-2017,Rabobank
2021,2017-04-21,8.25,11-30-2017,Rabobank
2021,2017-05-05,8.25,11-30-2017,Rabobank
2021,2017-05-31,8.25,11-30-2017,Rabobank
2021,2017-06-12,8.25,11-30-2017,Rabobank
Q3-21,2020-10-12,7.6,08-31-2021,Rabobank
Q3-21,2020-10-30,7.55,08-31-2021,Rabobank
Q3-21,2020-11-13,7.55,08-31-2021,Rabobank
Q3-21,2020-11-20,7.5,08-31-2021,Rabobank
Q3-21,2020-11-27,6.55,08-31-2021,Rabobank
Q3-21,2020-12-04,6.57,08-31-2021,Rabobank
Q3-21,2020-12-18,6.55,08-31-2021,Rabobank
Q3-21,2021-01-08,6.55,08-31-2021,Rabobank
Q3-21,2021-01-11,6.55,08-31-2021,Rabobank
Q3-21,2021-01-14,6.55,08-31-2021,Rabobank
Q3-21,2021-01-15,6.55,08-31-2021,Rabobank
Q3-21,2021-02-05,6.55,08-31-2021,Rabobank
Q3-21,2021-02-08,6.55,08-31-2021,Rabobank
Q3-21,2021-02-17,6.55,08-31-2021,Rabobank
Q3-21,2021-02-22,6.55,08-31-2021,Rabobank
Q3-21,2021-03-03,6.55,08-31-2021,Rabobank
Q3-21,2021-03-05,6.55,08-31-2021,Rabobank
Q3-21,2021-03-19,6.55,08-31-2021,Rabobank
Q3-21,2021-03-23,6.55,08-31-2021,Rabobank
Q3-21,2021-03-26,6.55,08-31-2021,Rabobank
Q3-21,2021-04-01,6.55,08-31-2021,Rabobank
Q3-21,2021-04-16,6.55,08-31-2021,Rabobank
Q3-21,2021-04-23,6.55,08-31-2021,Rabobank
Q3-21,2021-05-07,6.55,08-31-2021,Rabobank
Q3-21,2021-05-14,6.55,08-31-2021,Rabobank
Q3-21,2021-05-20,6.55,08-31-2021,Rabobank
Q3-21,2021-05-21,6.55,08-31-2021,Rabobank
Q3-21,2021-05-27,6.55,08-31-2021,Rabobank
Q3-21,2021-06-11,6.55,08-31-2021,Rabobank
Q3-21,2021-06-28,6.55,08-31-2021,Rabobank
Q3-21,2021-06-29,6.55,08-31-2021,Rabobank
Q3-21,2021-07-07,6.55,08-31-2021,Rabobank
Q3-21,2021-07-13,6.55,08-31-2021,Rabobank
Q3-21,2021-07-16,6.6,08-31-2021,Rabobank
Q3-21,2021-07-23,6.6,08-31-2021,Rabobank
Q3-21,2021-08-09,6.6,08-31-2021,Rabobank
Q3-21,2021-08-13,6.6,08-31-2021,Rabobank
Q3-21,2021-08-19,6.65,08-31-2021,Rabobank
Q3-21,2021-08-20,6.65,08-31-2021,Rabobank
Q4-21,2019-11-21,8.5,08-31-2021,Rabobank
Q4-21,2019-11-22,8.5,08-31-2021,Rabobank
Q4-21,2020-01-17,8.17,08-31-2021,Rabobank
Q4-21,2020-03-24,8.0,08-31-2021,Rabobank
Q4-21,2020-03-26,8.0,08-31-2021,Rabobank
Q4-21,2020-04-03,8.0,08-31-2021,Rabobank
Q4-21,2020-04-17,7.95,08-31-2021,Rabobank
Q4-21,2020-05-06,7.95,08-31-2021,Rabobank
Q4-21,2020-05-15,7.95,08-31-2021,Rabobank
Q4-21,2020-05-22,7.9,08-31-2021,Rabobank
Q4-21,2020-05-26,7.9,08-31-2021,Rabobank
Q4-21,2020-05-29,7.9,08-31-2021,Rabobank
Q4-21,2020-06-02,7.9,08-31-2021,Rabobank
Q4-21,2020-06-08,7.9,08-31-2021,Rabobank
Q4-21,2020-06-09,7.9,08-31-2021,Rabobank
Q4-21,2020-06-10,7.9,08-31-2021,Rabobank
Q4-21,2020-06-26,7.85,08-31-2021,Rabobank
Q4-21,2020-07-17,7.82,08-31-2021,Rabobank
Q4-21,2020-07-24,7.82,08-31-2021,Rabobank
Q4-21,2020-07-31,7.82,08-31-2021,Rabobank
Q4-21,2020-08-20,7.78,08-31-2021,Rabobank
Q4-21,2020-09-14,7.78,08-31-2021,Rabobank
Q4-21,2020-09-18,7.75,08-31-2021,Rabobank
Q4-21,2020-09-28,7.75,08-31-2021,Rabobank
Q4-21,2020-10-12,7.75,08-31-2021,Rabobank
Q4-21,2020-10-30,7.7,08-31-2021,Rabobank
Q4-21,2020-11-13,7.7,08-31-2021,Rabobank
Q4-21,2020-11-20,7.65,08-31-2021,Rabobank
Q4-21,2020-11-27,6.57,08-31-2021,Rabobank
Q4-21,2020-12-04,6.6,08-31-2021,Rabobank
Q4-21,2020-12-18,6.6,08-31-2021,Rabobank
Q4-21,2021-01-08,6.6,08-31-2021,Rabobank
Q4-21,2021-01-11,6.6,08-31-2021,Rabobank
Q4-21,2021-01-14,6.6,08-31-2021,Rabobank
Q4-21,2021-01-15,6.6,08-31-2021,Rabobank
Q4-21,2021-02-05,6.58,08-31-2021,Rabobank
Q4-21,2021-02-08,6.58,08-31-2021,Rabobank
Q4-21,2021-02-17,6.57,08-31-2021,Rabobank
Q4-21,2021-02-22,6.57,08-31-2021,Rabobank
Q4-21,2021-03-03,6.57,08-31-2021,Rabobank
Q4-21,2021-03-05,6.57,08-31-2021,Rabobank
Q4-21,2021-03-19,6.55,08-31-2021,Rabobank
Q4-21,2021-03-23,6.55,08-31-2021,Rabobank
Q4-21,2021-03-26,6.55,08-31-2021,Rabobank
Q4-21,2021-04-01,6.55,08-31-2021,Rabobank
Q4-21,2021-04-16,6.55,08-31-2021,Rabobank
Q4-21,2021-04-23,6.55,08-31-2021,Rabobank
Q4-21,2021-05-07,6.55,08-31-2021,Rabobank
Q4-21,2021-05-14,6.55,08-31-2021,Rabobank
Q4-21,2021-05-20,6.55,08-31-2021,Rabobank
Q4-21,2021-05-21,6.55,08-31-2021,Rabobank
Q4-21,2021-05-27,6.55,08-31-2021,Rabobank
Q4-21,2021-06-11,6.55,08-31-2021,Rabobank
Q4-21,2021-06-28,6.55,08-31-2021,Rabobank
Q4-21,2021-06-29,6.55,08-31-2021,Rabobank
Q4-21,2021-07-07,6.55,08-31-2021,Rabobank
Q4-21,2021-07-13,6.55,08-31-2021,Rabobank
Q4-21,2021-07-16,6.55,08-31-2021,Rabobank
Q4-21,2021-07-23,6.55,08-31-2021,Rabobank
Q4-21,2021-08-09,6.55,08-31-2021,Rabobank
Q4-21,2021-08-13,6.55,08-31-2021,Rabobank
Q4-21,2021-08-19,6.55,08-31-2021,Rabobank
Q4-21,2021-08-20,6.55,08-31-2021,Rabobank
Q1-22,2021-03-03,6.6,08-31-2021,Rabobank
Q1-22,2021-03-05,6.6,08-31-2021,Rabobank
Q1-22,2021-03-19,6.6,08-31-2021,Rabobank
Q1-22,2021-03-23,6.6,08-31-2021,Rabobank
Q1-22,2021-03-26,6.6,08-31-2021,Rabobank
Q1-22,2021-04-01,6.6,08-31-2021,Rabobank
Q1-22,2021-04-16,6.58,08-31-2021,Rabobank
Q1-22,2021-04-23,6.58,08-31-2021,Rabobank
Q1-22,2021-05-07,6.58,08-31-2021,Rabobank
Q1-22,2021-05-14,6.58,08-31-2021,Rabobank
Q1-22,2021-05-20,6.57,08-31-2021,Rabobank
Q1-22,2021-05-21,6.57,08-31-2021,Rabobank
Q1-22,2021-05-27,6.57,08-31-2021,Rabobank
Q1-22,2021-06-11,6.57,08-31-2021,Rabobank
Q1-22,2021-06-28,6.55,08-31-2021,Rabobank
Q1-22,2021-06-29,6.55,08-31-2021,Rabobank
Q1-22,2021-07-07,6.55,08-31-2021,Rabobank
Q1-22,2021-07-13,6.55,08-31-2021,Rabobank
Q1-22,2021-07-16,6.55,08-31-2021,Rabobank
Q1-22,2021-07-23,6.55,08-31-2021,Rabobank
Q1-22,2021-08-09,6.55,08-31-2021,Rabobank
Q1-22,2021-08-13,6.55,08-31-2021,Rabobank
Q1-22,2021-08-19,6.55,08-31-2021,Rabobank
Q1-22,2021-08-20,6.55,08-31-2021,Rabobank
Q2-22,2021-07-07,6.6,08-31-2021,Rabobank
Q2-22,2021-07-13,6.6,08-31-2021,Rabobank
Q2-22,2021-07-16,6.58,08-31-2021,Rabobank
Q2-22,2021-07-23,6.58,08-31-2021,Rabobank
Q2-22,2021-08-09,6.58,08-31-2021,Rabobank
Q2-22,2021-08-13,6.58,08-31-2021,Rabobank
Q2-22,2021-08-19,6.57,08-31-2021,Rabobank
Q2-22,2021-08-20,6.57,08-31-2021,Rabobank
2022,2019-11-21,8.5,08-31-2021,Rabobank
2022,2019-11-22,8.5,08-31-2021,Rabobank
2022,2020-01-17,8.48,08-31-2021,Rabobank
2022,2020-03-26,8.44,08-31-2021,Rabobank
2022,2020-04-03,8.44,08-31-2021,Rabobank
2022,2020-04-17,8.42,08-31-2021,Rabobank
2022,2020-05-06,8.42,08-31-2021,Rabobank
2022,2020-05-15,8.42,08-31-2021,Rabobank
2022,2020-05-22,8.4,08-31-2021,Rabobank
2022,2020-05-26,8.4,08-31-2021,Rabobank
2022,2020-05-29,8.4,08-31-2021,Rabobank
2022,2020-06-02,8.4,08-31-2021,Rabobank
2022,2020-06-08,8.4,08-31-2021,Rabobank
2022,2020-06-09,8.4,08-31-2021,Rabobank
2022,2020-06-10,8.4,08-31-2021,Rabobank
2022,2020-06-26,8.38,08-31-2021,Rabobank
2022,2020-07-17,8.35,08-31-2021,Rabobank
2022,2020-07-24,8.35,08-31-2021,Rabobank
2022,2020-07-31,8.35,08-31-2021,Rabobank
2022,2020-08-20,8.33,08-31-2021,Rabobank
2022,2020-09-14,8.33,08-31-2021,Rabobank
2022,2020-09-18,8.31,08-31-2021,Rabobank
2022,2020-09-28,8.31,08-31-2021,Rabobank
2022,2020-10-12,8.31,08-31-2021,Rabobank
2022,2020-10-30,8.29,08-31-2021,Rabobank
2022,2020-11-13,8.29,08-31-2021,Rabobank
2022,2020-11-20,8.27,08-31-2021,Rabobank
2022,2020-11-27,6.77,08-31-2021,Rabobank
2022,2020-12-04,6.91,08-31-2021,Rabobank
2022,2020-12-18,6.9,08-31-2021,Rabobank
2022,2021-01-08,6.9,08-31-2021,Rabobank
2022,2021-01-11,6.9,08-31-2021,Rabobank
2022,2021-01-14,6.9,08-31-2021,Rabobank
2022,2021-01-15,6.9,08-31-2021,Rabobank
2022,2021-02-05,6.87,08-31-2021,Rabobank
2022,2021-02-08,6.87,08-31-2021,Rabobank
2022,2021-02-17,6.83,08-31-2021,Rabobank
2022,2021-02-22,6.83,08-31-2021,Rabobank
2022,2021-03-03,6.83,08-31-2021,Rabobank
2022,2021-03-05,6.83,08-31-2021,Rabobank
2022,2021-03-19,6.8,08-31-2021,Rabobank
2022,2021-03-23,6.8,08-31-2021,Rabobank
2022,2021-03-26,6.8,08-31-2021,Rabobank
2022,2021-04-01,6.8,08-31-2021,Rabobank
2022,2021-04-16,6.75,08-31-2021,Rabobank
2022,2021-04-23,6.75,08-31-2021,Rabobank
2022,2021-05-07,6.75,08-31-2021,Rabobank
2022,2021-05-14,6.75,08-31-2021,Rabobank
2023,2019-11-21,8.5,08-31-2021,Rabobank
2023,2019-11-22,8.5,08-31-2021,Rabobank
2023,2020-01-17,8.5,08-31-2021,Rabobank
2023,2020-03-26,8.5,08-31-2021,Rabobank
2023,2020-04-03,8.5,08-31-2021,Rabobank
2023,2020-04-17,8.5,08-31-2021,Rabobank
2023,2020-05-06,8.5,08-31-2021,Rabobank
2023,2020-05-15,8.5,08-31-2021,Rabobank
2023,2020-05-22,8.5,08-31-2021,Rabobank
2023,2020-05-26,8.5,08-31-2021,Rabobank
2023,2020-05-29,8.5,08-31-2021,Rabobank
2023,2020-06-02,8.5,08-31-2021,Rabobank
2023,2020-06-08,8.5,08-31-2021,Rabobank
2023,2020-06-09,8.5,08-31-2021,Rabobank
2023,2020-06-10,8.5,08-31-2021,Rabobank
2023,2020-06-26,8.5,08-31-2021,Rabobank
2023,2020-07-17,8.5,08-31-2021,Rabobank
2023,2020-07-24,8.5,08-31-2021,Rabobank
2023,2020-07-31,8.5,08-31-2021,Rabobank
2023,2020-08-20,8.5,08-31-2021,Rabobank
2023,2020-09-14,8.5,08-31-2021,Rabobank
2023,2020-09-18,8.5,08-31-2021,Rabobank
2023,2020-09-28,8.5,08-31-2021,Rabobank
2023,2020-10-12,8.5,08-31-2021,Rabobank
2023,2020-10-30,8.5,08-31-2021,Rabobank
2023,2020-11-13,8.5,08-31-2021,Rabobank
2023,2020-11-20,8.5,08-31-2021,Rabobank
2023,2020-11-27,7.02,08-31-2021,Rabobank
2023,2020-12-04,7.02,08-31-2021,Rabobank
2023,2020-12-18,7.0,08-31-2021,Rabobank
2023,2021-01-08,7.0,08-31-2021,Rabobank
2023,2021-01-11,7.0,08-31-2021,Rabobank
2023,2021-01-14,7.0,08-31-2021,Rabobank
2023,2021-01-15,7.0,08-31-2021,Rabobank
2023,2021-02-05,6.99,08-31-2021,Rabobank
2023,2021-03-03,6.98,08-31-2021,Rabobank
2023,2021-03-05,6.98,08-31-2021,Rabobank
2023,2021-03-19,6.98,08-31-2021,Rabobank
2023,2021-03-23,6.98,08-31-2021,Rabobank
2023,2021-03-26,6.98,08-31-2021,Rabobank
2023,2021-04-01,6.98,08-31-2021,Rabobank
2023,2021-04-16,6.97,08-31-2021,Rabobank
2023,2021-04-23,6.97,08-31-2021,Rabobank
2024,2020-01-17,8.5,08-31-2021,Rabobank
2024,2020-03-26,8.5,08-31-2021,Rabobank
2024,2020-04-03,8.5,08-31-2021,Rabobank
2024,2020-05-06,8.5,08-31-2021,Rabobank
2024,2020-05-15,8.5,08-31-2021,Rabobank
2024,2020-05-22,8.5,08-31-2021,Rabobank
2024,2020-05-26,8.5,08-31-2021,Rabobank
2024,2020-05-29,8.5,08-31-2021,Rabobank
2024,2020-06-02,8.5,08-31-2021,Rabobank
2024,2020-06-08,8.5,08-31-2021,Rabobank
2024,2020-06-09,8.5,08-31-2021,Rabobank
2024,2020-06-10,8.5,08-31-2021,Rabobank
2024,2020-06-26,8.5,08-31-2021,Rabobank
2024,2020-07-17,8.5,08-31-2021,Rabobank
2024,2020-07-24,8.5,08-31-2021,Rabobank
2024,2020-07-31,8.5,08-31-2021,Rabobank
2024,2020-08-20,8.5,08-31-2021,Rabobank
2024,2020-09-14,8.5,08-31-2021,Rabobank
2024,2020-09-18,8.5,08-31-2021,Rabobank
2024,2020-09-28,8.5,08-31-2021,Rabobank
2024,2020-10-12,8.5,08-31-2021,Rabobank
2024,2020-10-30,8.5,08-31-2021,Rabobank
2024,2020-11-13,8.5,08-31-2021,Rabobank
2024,2020-11-20,8.5,08-31-2021,Rabobank
2024,2020-11-27,7.25,08-31-2021,Rabobank
2024,2020-12-04,7.25,08-31-2021,Rabobank
2024,2020-12-18,7.2,08-31-2021,Rabobank
2024,2021-01-08,7.2,08-31-2021,Rabobank
2024,2021-01-11,7.2,08-31-2021,Rabobank
2024,2021-01-14,7.2,08-31-2021,Rabobank
2024,2021-01-15,7.2,08-31-2021,Rabobank
2024,2021-02-05,7.18,08-31-2021,Rabobank
2024,2021-03-03,7.17,08-31-2021,Rabobank
2024,2021-03-05,7.17,08-31-2021,Rabobank
2024,2021-03-19,7.15,08-31-2021,Rabobank
2024,2021-03-23,7.15,08-31-2021,Rabobank
2024,2021-03-26,7.15,08-31-2021,Rabobank
2024,2021-04-01,7.15,08-31-2021,Rabobank
2024,2021-04-16,7.13,08-31-2021,Rabobank
2024,2021-04-23,7.13,08-31-2021,Rabobank
2025,2020-12-18,7.75,08-31-2021,Rabobank
2025,2021-01-08,7.75,08-31-2021,Rabobank
2025,2021-01-11,7.75,08-31-2021,Rabobank
2025,2021-01-14,7.75,08-31-2021,Rabobank
2025,2021-01-15,7.75,08-31-2021,Rabobank
2025,2021-02-05,7.7,08-31-2021,Rabobank
2025,2021-04-16,7.57,08-31-2021,Rabobank
2025,2021-04-23,7.57,08-31-2021,Rabobank
Q2-10,2009-10-19,6.83,05-31-2010,Rabobank
Q2-10,2009-12-18,6.83,05-31-2010,Rabobank
Q2-10,2010-03-05,6.83,05-31-2010,Rabobank
Q3-10,2009-10-19,6.81,05-31-2010,Rabobank
Q3-10,2009-12-18,6.83,05-31-2010,Rabobank
Q3-10,2010-03-05,6.76,05-31-2010,Rabobank
Q4-10,2009-10-19,6.8,05-31-2010,Rabobank
Q4-10,2009-12-18,6.8,05-31-2010,Rabobank
Q4-10,2010-03-05,6.7,05-31-2010,Rabobank
Q1-11,2010-03-05,6.66,05-31-2010,Rabobank
Q1-17,2016-03-22,7.6,02-28-2017,Rabobank
Q1-17,2016-04-04,7.6,02-28-2017,Rabobank
Q1-17,2016-04-08,7.6,02-28-2017,Rabobank
Q1-17,2016-05-16,7.47,02-28-2017,Rabobank
Q1-17,2016-06-06,7.47,02-28-2017,Rabobank
Q1-17,2016-06-29,7.4,02-28-2017,Rabobank
Q1-17,2016-08-09,7.27,02-28-2017,Rabobank
Q1-17,2016-08-12,7.27,02-28-2017,Rabobank
Q1-17,2016-09-06,7.13,02-28-2017,Rabobank
Q1-17,2016-09-16,7.0,02-28-2017,Rabobank
Q1-17,2016-09-28,7.0,02-28-2017,Rabobank
Q1-17,2016-10-19,6.93,02-28-2017,Rabobank
Q1-17,2016-11-11,7.03,02-28-2017,Rabobank
Q1-17,2016-11-18,6.97,02-28-2017,Rabobank
Q1-17,2016-11-24,7.15,02-28-2017,Rabobank
Q1-17,2016-12-15,7.15,02-28-2017,Rabobank
Q1-17,2017-01-10,7.1,02-28-2017,Rabobank
Q1-17,2017-02-06,6.95,02-28-2017,Rabobank
Q2-17,2016-06-06,7.65,02-28-2017,Rabobank
Q2-17,2016-06-29,7.6,02-28-2017,Rabobank
Q2-17,2016-08-09,7.53,02-28-2017,Rabobank
Q2-17,2016-08-12,7.53,02-28-2017,Rabobank
Q2-17,2016-09-06,7.47,02-28-2017,Rabobank
Q2-17,2016-09-16,7.4,02-28-2017,Rabobank
Q2-17,2016-09-28,7.4,02-28-2017,Rabobank
Q2-17,2016-10-19,7.27,02-28-2017,Rabobank
Q2-17,2016-11-11,7.3,02-28-2017,Rabobank
Q2-17,2016-11-18,7.2,02-28-2017,Rabobank
Q2-17,2016-11-24,7.3,02-28-2017,Rabobank
Q2-17,2016-12-15,7.3,02-28-2017,Rabobank
Q2-17,2017-01-10,7.25,02-28-2017,Rabobank
Q2-17,2017-02-06,7.17,02-28-2017,Rabobank
Q3-17,2016-09-06,7.65,02-28-2017,Rabobank
Q3-17,2016-09-16,7.6,02-28-2017,Rabobank
Q3-17,2016-09-28,7.6,02-28-2017,Rabobank
Q3-17,2016-10-19,7.53,02-28-2017,Rabobank
Q3-17,2016-11-11,7.53,02-28-2017,Rabobank
Q3-17,2016-11-18,7.47,02-28-2017,Rabobank
Q3-17,2016-11-24,7.47,02-28-2017,Rabobank
Q3-17,2016-12-15,7.47,02-28-2017,Rabobank
Q3-17,2017-01-10,7.4,02-28-2017,Rabobank
Q3-17,2017-02-06,7.35,02-28-2017,Rabobank
Q4-17,2015-03-06,6.55,02-28-2017,Rabobank
Q4-17,2015-08-21,6.97,02-28-2017,Rabobank
Q4-17,2015-10-22,7.73,02-28-2017,Rabobank
Q4-17,2015-11-26,7.74,02-28-2017,Rabobank
Q4-17,2016-01-22,7.75,02-28-2017,Rabobank
Q4-17,2016-02-05,7.75,02-28-2017,Rabobank
Q4-17,2016-04-04,7.75,02-28-2017,Rabobank
Q4-17,2016-05-16,7.75,02-28-2017,Rabobank
Q4-17,2016-06-06,7.75,02-28-2017,Rabobank
Q4-17,2016-06-29,7.75,02-28-2017,Rabobank
Q4-17,2016-08-09,7.75,02-28-2017,Rabobank
Q4-17,2016-08-12,7.75,02-28-2017,Rabobank
Q4-17,2016-09-06,7.75,02-28-2017,Rabobank
Q4-17,2016-09-16,7.75,02-28-2017,Rabobank
Q4-17,2016-10-19,7.7,02-28-2017,Rabobank
Q4-17,2016-11-11,7.7,02-28-2017,Rabobank
Q4-17,2016-11-18,7.65,02-28-2017,Rabobank
Q4-17,2016-11-24,7.65,02-28-2017,Rabobank
Q4-17,2016-12-15,7.65,02-28-2017,Rabobank
Q4-17,2017-01-10,7.75,02-28-2017,Rabobank
Q4-17,2017-02-06,7.63,02-28-2017,Rabobank
2018,2015-03-06,6.62,02-28-2017,Rabobank
2018,2015-08-21,7.17,02-28-2017,Rabobank
2018,2015-10-22,7.61,02-28-2017,Rabobank
2018,2015-11-26,7.64,02-28-2017,Rabobank
2018,2016-01-22,7.66,02-28-2017,Rabobank
2018,2016-02-05,7.66,02-28-2017,Rabobank
2018,2016-04-04,7.68,02-28-2017,Rabobank
2018,2016-05-16,7.69,02-28-2017,Rabobank
2018,2016-06-06,7.69,02-28-2017,Rabobank
2018,2016-06-29,7.7,02-28-2017,Rabobank
2018,2016-08-09,7.71,02-28-2017,Rabobank
2018,2016-08-12,7.71,02-28-2017,Rabobank
2018,2016-09-06,7.72,02-28-2017,Rabobank
2018,2016-09-16,7.73,02-28-2017,Rabobank
2018,2016-11-11,8.21,02-28-2017,Rabobank
2018,2016-11-18,8.2,02-28-2017,Rabobank
2018,2016-11-24,8.2,02-28-2017,Rabobank
2018,2017-01-10,8.2,02-28-2017,Rabobank
2018,2017-02-06,8.15,02-28-2017,Rabobank
2019,2015-03-06,6.69,02-28-2017,Rabobank
2019,2015-08-21,7.37,02-28-2017,Rabobank
2019,2015-10-22,7.5,02-28-2017,Rabobank
2019,2015-11-26,7.5,02-28-2017,Rabobank
2019,2016-01-22,7.51,02-28-2017,Rabobank
2019,2016-02-05,7.51,02-28-2017,Rabobank
2019,2016-04-04,7.54,02-28-2017,Rabobank
2019,2016-05-16,7.56,02-28-2017,Rabobank
2019,2016-06-06,7.56,02-28-2017,Rabobank
2019,2016-06-29,7.58,02-28-2017,Rabobank
2019,2016-08-09,7.59,02-28-2017,Rabobank
2019,2016-08-12,7.59,02-28-2017,Rabobank
2019,2016-09-06,7.6,02-28-2017,Rabobank
2019,2016-09-16,7.61,02-28-2017,Rabobank
2019,2016-11-11,8.25,02-28-2017,Rabobank
2019,2016-11-18,8.25,02-28-2017,Rabobank
2019,2016-11-24,8.25,02-28-2017,Rabobank
2019,2017-01-10,8.25,02-28-2017,Rabobank
2019,2017-02-06,8.25,02-28-2017,Rabobank
2020,2016-01-22,7.5,02-28-2017,Rabobank
2020,2016-02-05,7.5,02-28-2017,Rabobank
2020,2016-04-04,7.5,02-28-2017,Rabobank
2020,2016-05-16,7.5,02-28-2017,Rabobank
2020,2016-06-06,7.5,02-28-2017,Rabobank
2020,2016-06-29,7.5,02-28-2017,Rabobank
2020,2016-08-09,7.5,02-28-2017,Rabobank
2020,2016-08-12,7.5,02-28-2017,Rabobank
2020,2016-09-06,7.5,02-28-2017,Rabobank
2020,2016-09-16,7.5,02-28-2017,Rabobank
2020,2016-11-11,8.25,02-28-2017,Rabobank
2020,2016-11-18,8.25,02-28-2017,Rabobank
2020,2016-11-24,8.25,02-28-2017,Rabobank
2020,2017-01-10,8.25,02-28-2017,Rabobank
2020,2017-02-06,8.25,02-28-2017,Rabobank
2021,2017-01-10,8.25,02-28-2017,Rabobank
2021,2017-02-06,8.25,02-28-2017,Rabobank
Q3-10,2009-10-19,6.81,08-31-2010,Rabobank
Q3-10,2009-12-18,6.83,08-31-2010,Rabobank
Q3-10,2010-03-05,6.76,08-31-2010,Rabobank
Q3-10,2010-07-01,6.75,08-31-2010,Rabobank
Q3-10,2010-08-05,6.76,08-31-2010,Rabobank
Q4-10,2009-10-19,6.8,08-31-2010,Rabobank
Q4-10,2009-12-18,6.8,08-31-2010,Rabobank
Q4-10,2010-03-05,6.7,08-31-2010,Rabobank
Q4-10,2010-07-01,6.7,08-31-2010,Rabobank
Q4-10,2010-08-05,6.74,08-31-2010,Rabobank
Q1-11,2010-03-05,6.66,08-31-2010,Rabobank
Q1-11,2010-07-01,6.63,08-31-2010,Rabobank
Q1-11,2010-08-05,6.69,08-31-2010,Rabobank
Q2-11,2010-07-01,6.56,08-31-2010,Rabobank
Q2-11,2010-08-05,6.62,08-31-2010,Rabobank
2011,2010-08-05,6.74,08-31-2010,Rabobank
2012,2010-08-05,6.55,08-31-2010,Rabobank
Q3-06,2006-04-26,7.91,08-31-2006,Rabobank
Q3-06,2006-05-03,7.91,08-31-2006,Rabobank
Q3-06,2006-06-01,7.9,08-31-2006,Rabobank
Q3-06,2006-07-26,7.9,08-31-2006,Rabobank
Q3-06,2006-08-11,7.9,08-31-2006,Rabobank
Q4-06,2006-04-26,7.84,08-31-2006,Rabobank
Q4-06,2006-05-03,7.84,08-31-2006,Rabobank
Q4-06,2006-06-01,7.8,08-31-2006,Rabobank
Q4-06,2006-07-26,7.8,08-31-2006,Rabobank
Q4-06,2006-08-11,7.8,08-31-2006,Rabobank
Q1-07,2006-04-26,7.72,08-31-2006,Rabobank
Q1-07,2006-05-03,7.72,08-31-2006,Rabobank
Q1-07,2006-06-01,7.75,08-31-2006,Rabobank
Q1-07,2006-07-26,7.75,08-31-2006,Rabobank
Q1-07,2006-08-11,7.75,08-31-2006,Rabobank
Q2-07,2006-06-01,7.7,08-31-2006,Rabobank
Q2-07,2006-07-26,7.7,08-31-2006,Rabobank
Q2-07,2006-08-11,7.7,08-31-2006,Rabobank
2007,2006-04-26,7.49,08-31-2006,Rabobank
2007,2006-05-03,7.49,08-31-2006,Rabobank
2007,2006-06-01,7.5,08-31-2006,Rabobank
2007,2006-07-26,7.5,08-31-2006,Rabobank
2007,2006-08-11,7.5,08-31-2006,Rabobank
2008,2006-07-26,7.5,08-31-2006,Rabobank
2008,2006-08-11,7.5,08-31-2006,Rabobank
Q2-21,2020-07-17,7.55,05-31-2021,Rabobank
Q2-21,2020-07-24,7.55,05-31-2021,Rabobank
Q2-21,2020-07-31,7.55,05-31-2021,Rabobank
Q2-21,2020-08-20,7.5,05-31-2021,Rabobank
Q2-21,2020-09-14,7.5,05-31-2021,Rabobank
Q2-21,2020-09-18,7.45,05-31-2021,Rabobank
Q2-21,2020-09-28,7.45,05-31-2021,Rabobank
Q2-21,2020-10-12,7.45,05-31-2021,Rabobank
Q2-21,2020-10-30,7.4,05-31-2021,Rabobank
Q2-21,2020-11-13,7.4,05-31-2021,Rabobank
Q2-21,2020-11-20,7.35,05-31-2021,Rabobank
Q2-21,2020-11-27,6.55,05-31-2021,Rabobank
Q2-21,2020-12-04,6.55,05-31-2021,Rabobank
Q2-21,2020-12-18,6.55,05-31-2021,Rabobank
Q2-21,2021-01-08,6.55,05-31-2021,Rabobank
Q2-21,2021-01-11,6.55,05-31-2021,Rabobank
Q2-21,2021-01-14,6.55,05-31-2021,Rabobank
Q2-21,2021-01-15,6.55,05-31-2021,Rabobank
Q2-21,2021-02-05,6.55,05-31-2021,Rabobank
Q2-21,2021-02-08,6.55,05-31-2021,Rabobank
Q2-21,2021-02-17,6.55,05-31-2021,Rabobank
Q2-21,2021-02-22,6.55,05-31-2021,Rabobank
Q2-21,2021-03-03,6.55,05-31-2021,Rabobank
Q2-21,2021-03-05,6.55,05-31-2021,Rabobank
Q2-21,2021-03-19,6.55,05-31-2021,Rabobank
Q2-21,2021-03-23,6.55,05-31-2021,Rabobank
Q2-21,2021-03-26,6.55,05-31-2021,Rabobank
Q2-21,2021-04-01,6.55,05-31-2021,Rabobank
Q2-21,2021-04-16,6.6,05-31-2021,Rabobank
Q2-21,2021-04-23,6.6,05-31-2021,Rabobank
Q2-21,2021-05-07,6.6,05-31-2021,Rabobank
Q2-21,2021-05-14,6.6,05-31-2021,Rabobank
Q2-21,2021-05-20,6.65,05-31-2021,Rabobank
Q2-21,2021-05-21,6.65,05-31-2021,Rabobank
Q2-21,2021-05-27,6.65,05-31-2021,Rabobank
Q3-21,2020-10-12,7.6,05-31-2021,Rabobank
Q3-21,2020-10-30,7.55,05-31-2021,Rabobank
Q3-21,2020-11-13,7.55,05-31-2021,Rabobank
Q3-21,2020-11-20,7.5,05-31-2021,Rabobank
Q3-21,2020-11-27,6.55,05-31-2021,Rabobank
Q3-21,2020-12-04,6.57,05-31-2021,Rabobank
Q3-21,2020-12-18,6.55,05-31-2021,Rabobank
Q3-21,2021-01-08,6.55,05-31-2021,Rabobank
Q3-21,2021-01-11,6.55,05-31-2021,Rabobank
Q3-21,2021-01-14,6.55,05-31-2021,Rabobank
Q3-21,2021-01-15,6.55,05-31-2021,Rabobank
Q3-21,2021-02-05,6.55,05-31-2021,Rabobank
Q3-21,2021-02-08,6.55,05-31-2021,Rabobank
Q3-21,2021-02-17,6.55,05-31-2021,Rabobank
Q3-21,2021-02-22,6.55,05-31-2021,Rabobank
Q3-21,2021-03-03,6.55,05-31-2021,Rabobank
Q3-21,2021-03-05,6.55,05-31-2021,Rabobank
Q3-21,2021-03-19,6.55,05-31-2021,Rabobank
Q3-21,2021-03-23,6.55,05-31-2021,Rabobank
Q3-21,2021-03-26,6.55,05-31-2021,Rabobank
Q3-21,2021-04-01,6.55,05-31-2021,Rabobank
Q3-21,2021-04-16,6.55,05-31-2021,Rabobank
Q3-21,2021-04-23,6.55,05-31-2021,Rabobank
Q3-21,2021-05-07,6.55,05-31-2021,Rabobank
Q3-21,2021-05-14,6.55,05-31-2021,Rabobank
Q3-21,2021-05-20,6.55,05-31-2021,Rabobank
Q3-21,2021-05-21,6.55,05-31-2021,Rabobank
Q3-21,2021-05-27,6.55,05-31-2021,Rabobank
Q4-21,2019-11-21,8.5,05-31-2021,Rabobank
Q4-21,2019-11-22,8.5,05-31-2021,Rabobank
Q4-21,2020-01-17,8.17,05-31-2021,Rabobank
Q4-21,2020-03-24,8.0,05-31-2021,Rabobank
Q4-21,2020-03-26,8.0,05-31-2021,Rabobank
Q4-21,2020-04-03,8.0,05-31-2021,Rabobank
Q4-21,2020-04-17,7.95,05-31-2021,Rabobank
Q4-21,2020-05-06,7.95,05-31-2021,Rabobank
Q4-21,2020-05-15,7.95,05-31-2021,Rabobank
Q4-21,2020-05-22,7.9,05-31-2021,Rabobank
Q4-21,2020-05-26,7.9,05-31-2021,Rabobank
Q4-21,2020-05-29,7.9,05-31-2021,Rabobank
Q4-21,2020-06-02,7.9,05-31-2021,Rabobank
Q4-21,2020-06-08,7.9,05-31-2021,Rabobank
Q4-21,2020-06-09,7.9,05-31-2021,Rabobank
Q4-21,2020-06-10,7.9,05-31-2021,Rabobank
Q4-21,2020-06-26,7.85,05-31-2021,Rabobank
Q4-21,2020-07-17,7.82,05-31-2021,Rabobank
Q4-21,2020-07-24,7.82,05-31-2021,Rabobank
Q4-21,2020-07-31,7.82,05-31-2021,Rabobank
Q4-21,2020-08-20,7.78,05-31-2021,Rabobank
Q4-21,2020-09-14,7.78,05-31-2021,Rabobank
Q4-21,2020-09-18,7.75,05-31-2021,Rabobank
Q4-21,2020-09-28,7.75,05-31-2021,Rabobank
Q4-21,2020-10-12,7.75,05-31-2021,Rabobank
Q4-21,2020-10-30,7.7,05-31-2021,Rabobank
Q4-21,2020-11-13,7.7,05-31-2021,Rabobank
Q4-21,2020-11-20,7.65,05-31-2021,Rabobank
Q4-21,2020-11-27,6.57,05-31-2021,Rabobank
Q4-21,2020-12-04,6.6,05-31-2021,Rabobank
Q4-21,2020-12-18,6.6,05-31-2021,Rabobank
Q4-21,2021-01-08,6.6,05-31-2021,Rabobank
Q4-21,2021-01-11,6.6,05-31-2021,Rabobank
Q4-21,2021-01-14,6.6,05-31-2021,Rabobank
Q4-21,2021-01-15,6.6,05-31-2021,Rabobank
Q4-21,2021-02-05,6.58,05-31-2021,Rabobank
Q4-21,2021-02-08,6.58,05-31-2021,Rabobank
Q4-21,2021-02-17,6.57,05-31-2021,Rabobank
Q4-21,2021-02-22,6.57,05-31-2021,Rabobank
Q4-21,2021-03-03,6.57,05-31-2021,Rabobank
Q4-21,2021-03-05,6.57,05-31-2021,Rabobank
Q4-21,2021-03-19,6.55,05-31-2021,Rabobank
Q4-21,2021-03-23,6.55,05-31-2021,Rabobank
Q4-21,2021-03-26,6.55,05-31-2021,Rabobank
Q4-21,2021-04-01,6.55,05-31-2021,Rabobank
Q4-21,2021-04-16,6.55,05-31-2021,Rabobank
Q4-21,2021-04-23,6.55,05-31-2021,Rabobank
Q4-21,2021-05-07,6.55,05-31-2021,Rabobank
Q4-21,2021-05-14,6.55,05-31-2021,Rabobank
Q4-21,2021-05-20,6.55,05-31-2021,Rabobank
Q4-21,2021-05-21,6.55,05-31-2021,Rabobank
Q4-21,2021-05-27,6.55,05-31-2021,Rabobank
Q1-22,2021-03-03,6.6,05-31-2021,Rabobank
Q1-22,2021-03-05,6.6,05-31-2021,Rabobank
Q1-22,2021-03-19,6.6,05-31-2021,Rabobank
Q1-22,2021-03-23,6.6,05-31-2021,Rabobank
Q1-22,2021-03-26,6.6,05-31-2021,Rabobank
Q1-22,2021-04-01,6.6,05-31-2021,Rabobank
Q1-22,2021-04-16,6.58,05-31-2021,Rabobank
Q1-22,2021-04-23,6.58,05-31-2021,Rabobank
Q1-22,2021-05-07,6.58,05-31-2021,Rabobank
Q1-22,2021-05-14,6.58,05-31-2021,Rabobank
Q1-22,2021-05-20,6.57,05-31-2021,Rabobank
Q1-22,2021-05-21,6.57,05-31-2021,Rabobank
Q1-22,2021-05-27,6.57,05-31-2021,Rabobank
2022,2019-11-21,8.5,05-31-2021,Rabobank
2022,2019-11-22,8.5,05-31-2021,Rabobank
2022,2020-01-17,8.48,05-31-2021,Rabobank
2022,2020-03-26,8.44,05-31-2021,Rabobank
2022,2020-04-03,8.44,05-31-2021,Rabobank
2022,2020-04-17,8.42,05-31-2021,Rabobank
2022,2020-05-06,8.42,05-31-2021,Rabobank
2022,2020-05-15,8.42,05-31-2021,Rabobank
2022,2020-05-22,8.4,05-31-2021,Rabobank
2022,2020-05-26,8.4,05-31-2021,Rabobank
2022,2020-05-29,8.4,05-31-2021,Rabobank
2022,2020-06-02,8.4,05-31-2021,Rabobank
2022,2020-06-08,8.4,05-31-2021,Rabobank
2022,2020-06-09,8.4,05-31-2021,Rabobank
2022,2020-06-10,8.4,05-31-2021,Rabobank
2022,2020-06-26,8.38,05-31-2021,Rabobank
2022,2020-07-17,8.35,05-31-2021,Rabobank
2022,2020-07-24,8.35,05-31-2021,Rabobank
2022,2020-07-31,8.35,05-31-2021,Rabobank
2022,2020-08-20,8.33,05-31-2021,Rabobank
2022,2020-09-14,8.33,05-31-2021,Rabobank
2022,2020-09-18,8.31,05-31-2021,Rabobank
2022,2020-09-28,8.31,05-31-2021,Rabobank
2022,2020-10-12,8.31,05-31-2021,Rabobank
2022,2020-10-30,8.29,05-31-2021,Rabobank
2022,2020-11-13,8.29,05-31-2021,Rabobank
2022,2020-11-20,8.27,05-31-2021,Rabobank
2022,2020-11-27,6.77,05-31-2021,Rabobank
2022,2020-12-04,6.91,05-31-2021,Rabobank
2022,2020-12-18,6.9,05-31-2021,Rabobank
2022,2021-01-08,6.9,05-31-2021,Rabobank
2022,2021-01-11,6.9,05-31-2021,Rabobank
2022,2021-01-14,6.9,05-31-2021,Rabobank
2022,2021-01-15,6.9,05-31-2021,Rabobank
2022,2021-02-05,6.87,05-31-2021,Rabobank
2022,2021-02-08,6.87,05-31-2021,Rabobank
2022,2021-02-17,6.83,05-31-2021,Rabobank
2022,2021-02-22,6.83,05-31-2021,Rabobank
2022,2021-03-03,6.83,05-31-2021,Rabobank
2022,2021-03-05,6.83,05-31-2021,Rabobank
2022,2021-03-19,6.8,05-31-2021,Rabobank
2022,2021-03-23,6.8,05-31-2021,Rabobank
2022,2021-03-26,6.8,05-31-2021,Rabobank
2022,2021-04-01,6.8,05-31-2021,Rabobank
2022,2021-04-16,6.75,05-31-2021,Rabobank
2022,2021-04-23,6.75,05-31-2021,Rabobank
2022,2021-05-07,6.75,05-31-2021,Rabobank
2022,2021-05-14,6.75,05-31-2021,Rabobank
2023,2019-11-21,8.5,05-31-2021,Rabobank
2023,2019-11-22,8.5,05-31-2021,Rabobank
2023,2020-01-17,8.5,05-31-2021,Rabobank
2023,2020-03-26,8.5,05-31-2021,Rabobank
2023,2020-04-03,8.5,05-31-2021,Rabobank
2023,2020-04-17,8.5,05-31-2021,Rabobank
2023,2020-05-06,8.5,05-31-2021,Rabobank
2023,2020-05-15,8.5,05-31-2021,Rabobank
2023,2020-05-22,8.5,05-31-2021,Rabobank
2023,2020-05-26,8.5,05-31-2021,Rabobank
2023,2020-05-29,8.5,05-31-2021,Rabobank
2023,2020-06-02,8.5,05-31-2021,Rabobank
2023,2020-06-08,8.5,05-31-2021,Rabobank
2023,2020-06-09,8.5,05-31-2021,Rabobank
2023,2020-06-10,8.5,05-31-2021,Rabobank
2023,2020-06-26,8.5,05-31-2021,Rabobank
2023,2020-07-17,8.5,05-31-2021,Rabobank
2023,2020-07-24,8.5,05-31-2021,Rabobank
2023,2020-07-31,8.5,05-31-2021,Rabobank
2023,2020-08-20,8.5,05-31-2021,Rabobank
2023,2020-09-14,8.5,05-31-2021,Rabobank
2023,2020-09-18,8.5,05-31-2021,Rabobank
2023,2020-09-28,8.5,05-31-2021,Rabobank
2023,2020-10-12,8.5,05-31-2021,Rabobank
2023,2020-10-30,8.5,05-31-2021,Rabobank
2023,2020-11-13,8.5,05-31-2021,Rabobank
2023,2020-11-20,8.5,05-31-2021,Rabobank
2023,2020-11-27,7.02,05-31-2021,Rabobank
2023,2020-12-04,7.02,05-31-2021,Rabobank
2023,2020-12-18,7.0,05-31-2021,Rabobank
2023,2021-01-08,7.0,05-31-2021,Rabobank
2023,2021-01-11,7.0,05-31-2021,Rabobank
2023,2021-01-14,7.0,05-31-2021,Rabobank
2023,2021-01-15,7.0,05-31-2021,Rabobank
2023,2021-02-05,6.99,05-31-2021,Rabobank
2023,2021-03-03,6.98,05-31-2021,Rabobank
2023,2021-03-05,6.98,05-31-2021,Rabobank
2023,2021-03-19,6.98,05-31-2021,Rabobank
2023,2021-03-23,6.98,05-31-2021,Rabobank
2023,2021-03-26,6.98,05-31-2021,Rabobank
2023,2021-04-01,6.98,05-31-2021,Rabobank
2023,2021-04-16,6.97,05-31-2021,Rabobank
2023,2021-04-23,6.97,05-31-2021,Rabobank
2024,2020-01-17,8.5,05-31-2021,Rabobank
2024,2020-03-26,8.5,05-31-2021,Rabobank
2024,2020-04-03,8.5,05-31-2021,Rabobank
2024,2020-05-06,8.5,05-31-2021,Rabobank
2024,2020-05-15,8.5,05-31-2021,Rabobank
2024,2020-05-22,8.5,05-31-2021,Rabobank
2024,2020-05-26,8.5,05-31-2021,Rabobank
2024,2020-05-29,8.5,05-31-2021,Rabobank
2024,2020-06-02,8.5,05-31-2021,Rabobank
2024,2020-06-08,8.5,05-31-2021,Rabobank
2024,2020-06-09,8.5,05-31-2021,Rabobank
2024,2020-06-10,8.5,05-31-2021,Rabobank
2024,2020-06-26,8.5,05-31-2021,Rabobank
2024,2020-07-17,8.5,05-31-2021,Rabobank
2024,2020-07-24,8.5,05-31-2021,Rabobank
2024,2020-07-31,8.5,05-31-2021,Rabobank
2024,2020-08-20,8.5,05-31-2021,Rabobank
2024,2020-09-14,8.5,05-31-2021,Rabobank
2024,2020-09-18,8.5,05-31-2021,Rabobank
2024,2020-09-28,8.5,05-31-2021,Rabobank
2024,2020-10-12,8.5,05-31-2021,Rabobank
2024,2020-10-30,8.5,05-31-2021,Rabobank
2024,2020-11-13,8.5,05-31-2021,Rabobank
2024,2020-11-20,8.5,05-31-2021,Rabobank
2024,2020-11-27,7.25,05-31-2021,Rabobank
2024,2020-12-04,7.25,05-31-2021,Rabobank
2024,2020-12-18,7.2,05-31-2021,Rabobank
2024,2021-01-08,7.2,05-31-2021,Rabobank
2024,2021-01-11,7.2,05-31-2021,Rabobank
2024,2021-01-14,7.2,05-31-2021,Rabobank
2024,2021-01-15,7.2,05-31-2021,Rabobank
2024,2021-02-05,7.18,05-31-2021,Rabobank
2024,2021-03-03,7.17,05-31-2021,Rabobank
2024,2021-03-05,7.17,05-31-2021,Rabobank
2024,2021-03-19,7.15,05-31-2021,Rabobank
2024,2021-03-23,7.15,05-31-2021,Rabobank
2024,2021-03-26,7.15,05-31-2021,Rabobank
2024,2021-04-01,7.15,05-31-2021,Rabobank
2024,2021-04-16,7.13,05-31-2021,Rabobank
2024,2021-04-23,7.13,05-31-2021,Rabobank
2025,2020-12-18,7.75,05-31-2021,Rabobank
2025,2021-01-08,7.75,05-31-2021,Rabobank
2025,2021-01-11,7.75,05-31-2021,Rabobank
2025,2021-01-14,7.75,05-31-2021,Rabobank
2025,2021-01-15,7.75,05-31-2021,Rabobank
2025,2021-02-05,7.7,05-31-2021,Rabobank
2025,2021-04-16,7.57,05-31-2021,Rabobank
2025,2021-04-23,7.57,05-31-2021,Rabobank
Q2-17,2016-06-06,7.65,05-31-2017,Rabobank
Q2-17,2016-06-29,7.6,05-31-2017,Rabobank
Q2-17,2016-08-09,7.53,05-31-2017,Rabobank
Q2-17,2016-08-12,7.53,05-31-2017,Rabobank
Q2-17,2016-09-06,7.47,05-31-2017,Rabobank
Q2-17,2016-09-16,7.4,05-31-2017,Rabobank
Q2-17,2016-09-28,7.4,05-31-2017,Rabobank
Q2-17,2016-10-19,7.27,05-31-2017,Rabobank
Q2-17,2016-11-11,7.3,05-31-2017,Rabobank
Q2-17,2016-11-18,7.2,05-31-2017,Rabobank
Q2-17,2016-11-24,7.3,05-31-2017,Rabobank
Q2-17,2016-12-15,7.3,05-31-2017,Rabobank
Q2-17,2017-01-10,7.25,05-31-2017,Rabobank
Q2-17,2017-02-06,7.17,05-31-2017,Rabobank
Q2-17,2017-03-10,7.08,05-31-2017,Rabobank
Q2-17,2017-03-22,7.0,05-31-2017,Rabobank
Q2-17,2017-04-21,6.95,05-31-2017,Rabobank
Q2-17,2017-05-05,6.95,05-31-2017,Rabobank
Q2-17,2017-05-31,6.9,05-31-2017,Rabobank
Q3-17,2016-09-06,7.65,05-31-2017,Rabobank
Q3-17,2016-09-16,7.6,05-31-2017,Rabobank
Q3-17,2016-09-28,7.6,05-31-2017,Rabobank
Q3-17,2016-10-19,7.53,05-31-2017,Rabobank
Q3-17,2016-11-11,7.53,05-31-2017,Rabobank
Q3-17,2016-11-18,7.47,05-31-2017,Rabobank
Q3-17,2016-11-24,7.47,05-31-2017,Rabobank
Q3-17,2016-12-15,7.47,05-31-2017,Rabobank
Q3-17,2017-01-10,7.4,05-31-2017,Rabobank
Q3-17,2017-02-06,7.35,05-31-2017,Rabobank
Q3-17,2017-03-10,7.3,05-31-2017,Rabobank
Q3-17,2017-03-22,7.25,05-31-2017,Rabobank
Q3-17,2017-04-21,7.17,05-31-2017,Rabobank
Q3-17,2017-05-05,7.17,05-31-2017,Rabobank
Q3-17,2017-05-31,7.08,05-31-2017,Rabobank
Q4-17,2015-08-21,6.97,05-31-2017,Rabobank
Q4-17,2015-10-22,7.73,05-31-2017,Rabobank
Q4-17,2015-11-26,7.74,05-31-2017,Rabobank
Q4-17,2016-01-22,7.75,05-31-2017,Rabobank
Q4-17,2016-02-05,7.75,05-31-2017,Rabobank
Q4-17,2016-04-04,7.75,05-31-2017,Rabobank
Q4-17,2016-05-16,7.75,05-31-2017,Rabobank
Q4-17,2016-06-06,7.75,05-31-2017,Rabobank
Q4-17,2016-06-29,7.75,05-31-2017,Rabobank
Q4-17,2016-08-09,7.75,05-31-2017,Rabobank
Q4-17,2016-08-12,7.75,05-31-2017,Rabobank
Q4-17,2016-09-06,7.75,05-31-2017,Rabobank
Q4-17,2016-09-16,7.75,05-31-2017,Rabobank
Q4-17,2016-10-19,7.7,05-31-2017,Rabobank
Q4-17,2016-11-11,7.7,05-31-2017,Rabobank
Q4-17,2016-11-18,7.65,05-31-2017,Rabobank
Q4-17,2016-11-24,7.65,05-31-2017,Rabobank
Q4-17,2016-12-15,7.65,05-31-2017,Rabobank
Q4-17,2017-01-10,7.75,05-31-2017,Rabobank
Q4-17,2017-02-06,7.63,05-31-2017,Rabobank
Q4-17,2017-03-10,7.52,05-31-2017,Rabobank
Q4-17,2017-03-22,7.4,05-31-2017,Rabobank
Q4-17,2017-04-21,7.35,05-31-2017,Rabobank
Q4-17,2017-05-05,7.35,05-31-2017,Rabobank
Q4-17,2017-05-31,7.3,05-31-2017,Rabobank
Q1-18,2017-03-10,7.77,05-31-2017,Rabobank
Q1-18,2017-03-22,7.75,05-31-2017,Rabobank
Q1-18,2017-04-21,7.63,05-31-2017,Rabobank
Q1-18,2017-05-05,7.63,05-31-2017,Rabobank
Q1-18,2017-05-31,7.52,05-31-2017,Rabobank
2018,2015-08-21,7.17,05-31-2017,Rabobank
2018,2015-10-22,7.61,05-31-2017,Rabobank
2018,2015-11-26,7.64,05-31-2017,Rabobank
2018,2016-01-22,7.66,05-31-2017,Rabobank
2018,2016-02-05,7.66,05-31-2017,Rabobank
2018,2016-04-04,7.68,05-31-2017,Rabobank
2018,2016-05-16,7.69,05-31-2017,Rabobank
2018,2016-06-06,7.69,05-31-2017,Rabobank
2018,2016-06-29,7.7,05-31-2017,Rabobank
2018,2016-08-09,7.71,05-31-2017,Rabobank
2018,2016-08-12,7.71,05-31-2017,Rabobank
2018,2016-09-06,7.72,05-31-2017,Rabobank
2018,2016-09-16,7.73,05-31-2017,Rabobank
2018,2016-11-11,8.21,05-31-2017,Rabobank
2018,2016-11-18,8.2,05-31-2017,Rabobank
2018,2016-11-24,8.2,05-31-2017,Rabobank
2018,2017-01-10,8.2,05-31-2017,Rabobank
2018,2017-02-06,8.15,05-31-2017,Rabobank
2018,2017-04-21,8.0,05-31-2017,Rabobank
2018,2017-05-05,8.0,05-31-2017,Rabobank
2018,2017-05-31,7.95,05-31-2017,Rabobank
2019,2015-08-21,7.37,05-31-2017,Rabobank
2019,2015-10-22,7.5,05-31-2017,Rabobank
2019,2015-11-26,7.5,05-31-2017,Rabobank
2019,2016-01-22,7.51,05-31-2017,Rabobank
2019,2016-02-05,7.51,05-31-2017,Rabobank
2019,2016-04-04,7.54,05-31-2017,Rabobank
2019,2016-05-16,7.56,05-31-2017,Rabobank
2019,2016-06-06,7.56,05-31-2017,Rabobank
2019,2016-06-29,7.58,05-31-2017,Rabobank
2019,2016-08-09,7.59,05-31-2017,Rabobank
2019,2016-08-12,7.59,05-31-2017,Rabobank
2019,2016-09-06,7.6,05-31-2017,Rabobank
2019,2016-09-16,7.61,05-31-2017,Rabobank
2019,2016-11-11,8.25,05-31-2017,Rabobank
2019,2016-11-18,8.25,05-31-2017,Rabobank
2019,2016-11-24,8.25,05-31-2017,Rabobank
2019,2017-01-10,8.25,05-31-2017,Rabobank
2019,2017-02-06,8.25,05-31-2017,Rabobank
2019,2017-04-21,8.23,05-31-2017,Rabobank
2019,2017-05-05,8.23,05-31-2017,Rabobank
2019,2017-05-31,8.23,05-31-2017,Rabobank
2020,2016-01-22,7.5,05-31-2017,Rabobank
2020,2016-02-05,7.5,05-31-2017,Rabobank
2020,2016-04-04,7.5,05-31-2017,Rabobank
2020,2016-05-16,7.5,05-31-2017,Rabobank
2020,2016-06-06,7.5,05-31-2017,Rabobank
2020,2016-06-29,7.5,05-31-2017,Rabobank
2020,2016-08-09,7.5,05-31-2017,Rabobank
2020,2016-08-12,7.5,05-31-2017,Rabobank
2020,2016-09-06,7.5,05-31-2017,Rabobank
2020,2016-09-16,7.5,05-31-2017,Rabobank
2020,2016-11-11,8.25,05-31-2017,Rabobank
2020,2016-11-18,8.25,05-31-2017,Rabobank
2020,2016-11-24,8.25,05-31-2017,Rabobank
2020,2017-01-10,8.25,05-31-2017,Rabobank
2020,2017-02-06,8.25,05-31-2017,Rabobank
2020,2017-04-21,8.25,05-31-2017,Rabobank
2020,2017-05-05,8.25,05-31-2017,Rabobank
2020,2017-05-31,8.25,05-31-2017,Rabobank
2021,2017-01-10,8.25,05-31-2017,Rabobank
2021,2017-02-06,8.25,05-31-2017,Rabobank
2021,2017-04-21,8.25,05-31-2017,Rabobank
2021,2017-05-05,8.25,05-31-2017,Rabobank
2021,2017-05-31,8.25,05-31-2017,Rabobank
Q4-06,2006-04-26,7.84,11-30-2006,Rabobank
Q4-06,2006-05-03,7.84,11-30-2006,Rabobank
Q4-06,2006-06-01,7.8,11-30-2006,Rabobank
Q4-06,2006-07-26,7.8,11-30-2006,Rabobank
Q4-06,2006-08-11,7.8,11-30-2006,Rabobank
Q4-06,2006-09-18,7.82,11-30-2006,Rabobank
Q4-06,2006-10-27,7.82,11-30-2006,Rabobank
Q1-07,2006-04-26,7.72,11-30-2006,Rabobank
Q1-07,2006-05-03,7.72,11-30-2006,Rabobank
Q1-07,2006-06-01,7.75,11-30-2006,Rabobank
Q1-07,2006-07-26,7.75,11-30-2006,Rabobank
Q1-07,2006-08-11,7.75,11-30-2006,Rabobank
Q1-07,2006-09-18,7.76,11-30-2006,Rabobank
Q1-07,2006-10-27,7.76,11-30-2006,Rabobank
Q2-07,2006-06-01,7.7,11-30-2006,Rabobank
Q2-07,2006-07-26,7.7,11-30-2006,Rabobank
Q2-07,2006-08-11,7.7,11-30-2006,Rabobank
Q2-07,2006-09-18,7.7,11-30-2006,Rabobank
Q2-07,2006-10-27,7.7,11-30-2006,Rabobank
Q3-07,2006-09-18,7.55,11-30-2006,Rabobank
Q3-07,2006-10-27,7.55,11-30-2006,Rabobank
2007,2006-04-26,7.49,11-30-2006,Rabobank
2007,2006-05-03,7.49,11-30-2006,Rabobank
2007,2006-06-01,7.5,11-30-2006,Rabobank
2007,2006-07-26,7.5,11-30-2006,Rabobank
2007,2006-08-11,7.5,11-30-2006,Rabobank
2007,2006-09-18,7.5,11-30-2006,Rabobank
2007,2006-10-27,7.5,11-30-2006,Rabobank
2008,2006-07-26,7.5,11-30-2006,Rabobank
2008,2006-08-11,7.5,11-30-2006,Rabobank
2008,2006-09-18,7.5,11-30-2006,Rabobank
2008,2006-10-27,7.5,11-30-2006,Rabobank
Q1-21,2020-03-17,7.6,02-28-2021,Rabobank
Q1-21,2020-03-24,7.6,02-28-2021,Rabobank
Q1-21,2020-03-26,7.6,02-28-2021,Rabobank
Q1-21,2020-04-03,7.6,02-28-2021,Rabobank
Q1-21,2020-04-17,7.55,02-28-2021,Rabobank
Q1-21,2020-05-06,7.55,02-28-2021,Rabobank
Q1-21,2020-05-15,7.55,02-28-2021,Rabobank
Q1-21,2020-05-22,7.5,02-28-2021,Rabobank
Q1-21,2020-05-26,7.5,02-28-2021,Rabobank
Q1-21,2020-05-29,7.5,02-28-2021,Rabobank
Q1-21,2020-06-02,7.5,02-28-2021,Rabobank
Q1-21,2020-06-08,7.5,02-28-2021,Rabobank
Q1-21,2020-06-09,7.5,02-28-2021,Rabobank
Q1-21,2020-06-10,7.5,02-28-2021,Rabobank
Q1-21,2020-06-26,7.45,02-28-2021,Rabobank
Q1-21,2020-07-17,7.4,02-28-2021,Rabobank
Q1-21,2020-07-24,7.4,02-28-2021,Rabobank
Q1-21,2020-07-31,7.4,02-28-2021,Rabobank
Q1-21,2020-08-20,7.35,02-28-2021,Rabobank
Q1-21,2020-09-14,7.35,02-28-2021,Rabobank
Q1-21,2020-09-18,7.3,02-28-2021,Rabobank
Q1-21,2020-09-28,7.3,02-28-2021,Rabobank
Q1-21,2020-10-12,7.3,02-28-2021,Rabobank
Q1-21,2020-10-30,7.22,02-28-2021,Rabobank
Q1-21,2020-11-13,7.22,02-28-2021,Rabobank
Q1-21,2020-11-20,7.15,02-28-2021,Rabobank
Q1-21,2020-11-27,6.55,02-28-2021,Rabobank
Q1-21,2020-12-04,6.55,02-28-2021,Rabobank
Q1-21,2020-12-18,6.55,02-28-2021,Rabobank
Q1-21,2021-01-08,6.55,02-28-2021,Rabobank
Q1-21,2021-01-11,6.55,02-28-2021,Rabobank
Q1-21,2021-01-14,6.55,02-28-2021,Rabobank
Q1-21,2021-01-15,6.55,02-28-2021,Rabobank
Q1-21,2021-02-05,6.6,02-28-2021,Rabobank
Q1-21,2021-02-08,6.6,02-28-2021,Rabobank
Q1-21,2021-02-17,6.65,02-28-2021,Rabobank
Q1-21,2021-02-22,6.65,02-28-2021,Rabobank
Q2-21,2020-07-17,7.55,02-28-2021,Rabobank
Q2-21,2020-07-24,7.55,02-28-2021,Rabobank
Q2-21,2020-07-31,7.55,02-28-2021,Rabobank
Q2-21,2020-08-20,7.5,02-28-2021,Rabobank
Q2-21,2020-09-14,7.5,02-28-2021,Rabobank
Q2-21,2020-09-18,7.45,02-28-2021,Rabobank
Q2-21,2020-09-28,7.45,02-28-2021,Rabobank
Q2-21,2020-10-12,7.45,02-28-2021,Rabobank
Q2-21,2020-10-30,7.4,02-28-2021,Rabobank
Q2-21,2020-11-13,7.4,02-28-2021,Rabobank
Q2-21,2020-11-20,7.35,02-28-2021,Rabobank
Q2-21,2020-11-27,6.55,02-28-2021,Rabobank
Q2-21,2020-12-04,6.55,02-28-2021,Rabobank
Q2-21,2020-12-18,6.55,02-28-2021,Rabobank
Q2-21,2021-01-08,6.55,02-28-2021,Rabobank
Q2-21,2021-01-11,6.55,02-28-2021,Rabobank
Q2-21,2021-01-14,6.55,02-28-2021,Rabobank
Q2-21,2021-01-15,6.55,02-28-2021,Rabobank
Q2-21,2021-02-05,6.55,02-28-2021,Rabobank
Q2-21,2021-02-08,6.55,02-28-2021,Rabobank
Q2-21,2021-02-17,6.55,02-28-2021,Rabobank
Q2-21,2021-02-22,6.55,02-28-2021,Rabobank
Q3-21,2020-10-12,7.6,02-28-2021,Rabobank
Q3-21,2020-10-30,7.55,02-28-2021,Rabobank
Q3-21,2020-11-13,7.55,02-28-2021,Rabobank
Q3-21,2020-11-20,7.5,02-28-2021,Rabobank
Q3-21,2020-11-27,6.55,02-28-2021,Rabobank
Q3-21,2020-12-04,6.57,02-28-2021,Rabobank
Q3-21,2020-12-18,6.55,02-28-2021,Rabobank
Q3-21,2021-01-08,6.55,02-28-2021,Rabobank
Q3-21,2021-01-11,6.55,02-28-2021,Rabobank
Q3-21,2021-01-14,6.55,02-28-2021,Rabobank
Q3-21,2021-01-15,6.55,02-28-2021,Rabobank
Q3-21,2021-02-05,6.55,02-28-2021,Rabobank
Q3-21,2021-02-08,6.55,02-28-2021,Rabobank
Q3-21,2021-02-17,6.55,02-28-2021,Rabobank
Q3-21,2021-02-22,6.55,02-28-2021,Rabobank
Q4-21,2019-11-21,8.5,02-28-2021,Rabobank
Q4-21,2019-11-22,8.5,02-28-2021,Rabobank
Q4-21,2020-01-17,8.17,02-28-2021,Rabobank
Q4-21,2020-03-24,8.0,02-28-2021,Rabobank
Q4-21,2020-03-26,8.0,02-28-2021,Rabobank
Q4-21,2020-04-03,8.0,02-28-2021,Rabobank
Q4-21,2020-04-17,7.95,02-28-2021,Rabobank
Q4-21,2020-05-06,7.95,02-28-2021,Rabobank
Q4-21,2020-05-15,7.95,02-28-2021,Rabobank
Q4-21,2020-05-22,7.9,02-28-2021,Rabobank
Q4-21,2020-05-26,7.9,02-28-2021,Rabobank
Q4-21,2020-05-29,7.9,02-28-2021,Rabobank
Q4-21,2020-06-02,7.9,02-28-2021,Rabobank
Q4-21,2020-06-08,7.9,02-28-2021,Rabobank
Q4-21,2020-06-09,7.9,02-28-2021,Rabobank
Q4-21,2020-06-10,7.9,02-28-2021,Rabobank
Q4-21,2020-06-26,7.85,02-28-2021,Rabobank
Q4-21,2020-07-17,7.82,02-28-2021,Rabobank
Q4-21,2020-07-24,7.82,02-28-2021,Rabobank
Q4-21,2020-07-31,7.82,02-28-2021,Rabobank
Q4-21,2020-08-20,7.78,02-28-2021,Rabobank
Q4-21,2020-09-14,7.78,02-28-2021,Rabobank
Q4-21,2020-09-18,7.75,02-28-2021,Rabobank
Q4-21,2020-09-28,7.75,02-28-2021,Rabobank
Q4-21,2020-10-12,7.75,02-28-2021,Rabobank
Q4-21,2020-10-30,7.7,02-28-2021,Rabobank
Q4-21,2020-11-13,7.7,02-28-2021,Rabobank
Q4-21,2020-11-20,7.65,02-28-2021,Rabobank
Q4-21,2020-11-27,6.57,02-28-2021,Rabobank
Q4-21,2020-12-04,6.6,02-28-2021,Rabobank
Q4-21,2020-12-18,6.6,02-28-2021,Rabobank
Q4-21,2021-01-08,6.6,02-28-2021,Rabobank
Q4-21,2021-01-11,6.6,02-28-2021,Rabobank
Q4-21,2021-01-14,6.6,02-28-2021,Rabobank
Q4-21,2021-01-15,6.6,02-28-2021,Rabobank
Q4-21,2021-02-05,6.58,02-28-2021,Rabobank
Q4-21,2021-02-08,6.58,02-28-2021,Rabobank
Q4-21,2021-02-17,6.57,02-28-2021,Rabobank
Q4-21,2021-02-22,6.57,02-28-2021,Rabobank
2022,2019-11-21,8.5,02-28-2021,Rabobank
2022,2019-11-22,8.5,02-28-2021,Rabobank
2022,2020-01-17,8.17,02-28-2021,Rabobank
2022,2020-03-24,8.0,02-28-2021,Rabobank
2022,2020-03-26,8.0,02-28-2021,Rabobank
2022,2020-04-03,8.0,02-28-2021,Rabobank
2022,2020-04-17,7.95,02-28-2021,Rabobank
2022,2020-05-06,7.95,02-28-2021,Rabobank
2022,2020-05-15,7.95,02-28-2021,Rabobank
2022,2020-05-22,7.9,02-28-2021,Rabobank
2022,2020-05-26,7.9,02-28-2021,Rabobank
2022,2020-05-29,7.9,02-28-2021,Rabobank
2022,2020-06-02,7.9,02-28-2021,Rabobank
2022,2020-06-08,7.9,02-28-2021,Rabobank
2022,2020-06-09,7.9,02-28-2021,Rabobank
2022,2020-06-10,7.9,02-28-2021,Rabobank
2022,2020-06-26,7.85,02-28-2021,Rabobank
2022,2020-07-17,7.82,02-28-2021,Rabobank
2022,2020-07-24,7.82,02-28-2021,Rabobank
2022,2020-07-31,7.82,02-28-2021,Rabobank
2022,2020-08-20,7.78,02-28-2021,Rabobank
2022,2020-09-14,7.78,02-28-2021,Rabobank
2022,2020-09-18,7.75,02-28-2021,Rabobank
2022,2020-09-28,7.75,02-28-2021,Rabobank
2022,2020-10-12,7.75,02-28-2021,Rabobank
2022,2020-10-30,7.7,02-28-2021,Rabobank
2022,2020-11-13,7.7,02-28-2021,Rabobank
2022,2020-11-20,7.65,02-28-2021,Rabobank
2022,2020-11-27,6.57,02-28-2021,Rabobank
2022,2020-12-04,6.6,02-28-2021,Rabobank
2022,2020-12-18,6.6,02-28-2021,Rabobank
2022,2021-01-08,6.6,02-28-2021,Rabobank
2022,2021-01-11,6.6,02-28-2021,Rabobank
2022,2021-01-14,6.6,02-28-2021,Rabobank
2022,2021-01-15,6.6,02-28-2021,Rabobank
2022,2021-02-05,6.58,02-28-2021,Rabobank
2022,2021-02-08,6.58,02-28-2021,Rabobank
2022,2021-02-17,6.57,02-28-2021,Rabobank
2022,2021-02-22,6.57,02-28-2021,Rabobank
2023,2019-11-21,8.5,02-28-2021,Rabobank
2023,2019-11-22,8.5,02-28-2021,Rabobank
2023,2020-01-17,8.5,02-28-2021,Rabobank
2023,2020-03-26,8.5,02-28-2021,Rabobank
2023,2020-04-03,8.5,02-28-2021,Rabobank
2023,2020-04-17,8.5,02-28-2021,Rabobank
2023,2020-05-06,8.5,02-28-2021,Rabobank
2023,2020-05-15,8.5,02-28-2021,Rabobank
2023,2020-05-22,8.5,02-28-2021,Rabobank
2023,2020-05-26,8.5,02-28-2021,Rabobank
2023,2020-05-29,8.5,02-28-2021,Rabobank
2023,2020-06-02,8.5,02-28-2021,Rabobank
2023,2020-06-08,8.5,02-28-2021,Rabobank
2023,2020-06-09,8.5,02-28-2021,Rabobank
2023,2020-06-10,8.5,02-28-2021,Rabobank
2023,2020-06-26,8.5,02-28-2021,Rabobank
2023,2020-07-17,8.5,02-28-2021,Rabobank
2023,2020-07-24,8.5,02-28-2021,Rabobank
2023,2020-07-31,8.5,02-28-2021,Rabobank
2023,2020-08-20,8.5,02-28-2021,Rabobank
2023,2020-09-14,8.5,02-28-2021,Rabobank
2023,2020-09-18,8.5,02-28-2021,Rabobank
2023,2020-09-28,8.5,02-28-2021,Rabobank
2023,2020-10-12,8.5,02-28-2021,Rabobank
2023,2020-10-30,8.5,02-28-2021,Rabobank
2023,2020-11-13,8.5,02-28-2021,Rabobank
2023,2020-11-20,8.5,02-28-2021,Rabobank
2023,2020-11-27,7.02,02-28-2021,Rabobank
2023,2020-12-04,7.02,02-28-2021,Rabobank
2023,2020-12-18,7.0,02-28-2021,Rabobank
2023,2021-01-08,7.0,02-28-2021,Rabobank
2023,2021-01-11,7.0,02-28-2021,Rabobank
2023,2021-01-14,7.0,02-28-2021,Rabobank
2023,2021-01-15,7.0,02-28-2021,Rabobank
2023,2021-02-05,6.99,02-28-2021,Rabobank
2024,2020-01-17,8.5,02-28-2021,Rabobank
2024,2020-03-26,8.5,02-28-2021,Rabobank
2024,2020-04-03,8.5,02-28-2021,Rabobank
2024,2020-05-06,8.5,02-28-2021,Rabobank
2024,2020-05-15,8.5,02-28-2021,Rabobank
2024,2020-05-22,8.5,02-28-2021,Rabobank
2024,2020-05-26,8.5,02-28-2021,Rabobank
2024,2020-05-29,8.5,02-28-2021,Rabobank
2024,2020-06-02,8.5,02-28-2021,Rabobank
2024,2020-06-08,8.5,02-28-2021,Rabobank
2024,2020-06-09,8.5,02-28-2021,Rabobank
2024,2020-06-10,8.5,02-28-2021,Rabobank
2024,2020-06-26,8.5,02-28-2021,Rabobank
2024,2020-07-17,8.5,02-28-2021,Rabobank
2024,2020-07-24,8.5,02-28-2021,Rabobank
2024,2020-07-31,8.5,02-28-2021,Rabobank
2024,2020-08-20,8.5,02-28-2021,Rabobank
2024,2020-09-14,8.5,02-28-2021,Rabobank
2024,2020-09-18,8.5,02-28-2021,Rabobank
2024,2020-09-28,8.5,02-28-2021,Rabobank
2024,2020-10-12,8.5,02-28-2021,Rabobank
2024,2020-10-30,8.5,02-28-2021,Rabobank
2024,2020-11-13,8.5,02-28-2021,Rabobank
2024,2020-11-20,8.5,02-28-2021,Rabobank
2024,2020-11-27,7.25,02-28-2021,Rabobank
2024,2020-12-04,7.25,02-28-2021,Rabobank
2024,2020-12-18,7.2,02-28-2021,Rabobank
2024,2021-01-08,7.2,02-28-2021,Rabobank
2024,2021-01-11,7.2,02-28-2021,Rabobank
2024,2021-01-14,7.2,02-28-2021,Rabobank
2024,2021-01-15,7.2,02-28-2021,Rabobank
2024,2021-02-05,7.18,02-28-2021,Rabobank
2025,2020-12-18,7.75,02-28-2021,Rabobank
2025,2021-01-08,7.75,02-28-2021,Rabobank
2025,2021-01-11,7.75,02-28-2021,Rabobank
2025,2021-01-14,7.75,02-28-2021,Rabobank
2025,2021-01-15,7.75,02-28-2021,Rabobank
2025,2021-02-05,7.7,02-28-2021,Rabobank
Q4-10,2009-10-19,6.8,11-30-2010,Rabobank
Q4-10,2009-12-18,6.8,11-30-2010,Rabobank
Q4-10,2010-03-05,6.7,11-30-2010,Rabobank
Q4-10,2010-07-01,6.7,11-30-2010,Rabobank
Q4-10,2010-08-05,6.74,11-30-2010,Rabobank
Q1-11,2010-03-05,6.66,11-30-2010,Rabobank
Q1-11,2010-07-01,6.63,11-30-2010,Rabobank
Q1-11,2010-08-05,6.69,11-30-2010,Rabobank
Q2-11,2010-07-01,6.56,11-30-2010,Rabobank
Q2-11,2010-08-05,6.62,11-30-2010,Rabobank
2011,2010-08-05,6.74,11-30-2010,Rabobank
2012,2010-08-05,6.55,11-30-2010,Rabobank
Q4-11,2010-08-05,6.74,11-30-2011,Rabobank
Q4-11,2011-01-21,6.32,11-30-2011,Rabobank
Q4-11,2011-07-04,6.35,11-30-2011,Rabobank
Q1-12,2011-07-04,6.3,11-30-2011,Rabobank
Q2-12,2011-07-04,6.3,11-30-2011,Rabobank
2012,2010-08-05,6.55,11-30-2011,Rabobank
Q1-20,2019-03-08,7.58,02-28-2020,Rabobank
Q1-20,2019-03-13,7.58,02-28-2020,Rabobank
Q1-20,2019-03-29,7.5,02-28-2020,Rabobank
Q1-20,2019-04-11,7.5,02-28-2020,Rabobank
Q1-20,2019-04-24,7.42,02-28-2020,Rabobank
Q1-20,2019-05-15,7.42,02-28-2020,Rabobank
Q1-20,2019-05-30,7.33,02-28-2020,Rabobank
Q1-20,2019-06-13,7.33,02-28-2020,Rabobank
Q1-20,2019-07-01,7.25,02-28-2020,Rabobank
Q1-20,2019-07-17,7.17,02-28-2020,Rabobank
Q1-20,2019-08-23,7.5,02-28-2020,Rabobank
Q1-20,2019-09-13,7.5,02-28-2020,Rabobank
Q1-20,2019-10-01,7.45,02-28-2020,Rabobank
Q1-20,2019-10-22,7.38,02-28-2020,Rabobank
Q1-20,2019-11-06,7.38,02-28-2020,Rabobank
Q1-20,2019-11-21,7.32,02-28-2020,Rabobank
Q1-20,2019-11-22,7.32,02-28-2020,Rabobank
Q1-20,2019-11-29,7.32,02-28-2020,Rabobank
Q1-20,2019-12-03,7.32,02-28-2020,Rabobank
Q1-20,2019-12-06,7.32,02-28-2020,Rabobank
Q1-20,2019-12-16,7.25,02-28-2020,Rabobank
Q1-20,2019-12-24,7.07,02-28-2020,Rabobank
Q1-20,2020-01-17,7.05,02-28-2020,Rabobank
Q1-20,2020-02-13,7.05,02-28-2020,Rabobank
Q1-20,2020-02-19,7.02,02-28-2020,Rabobank
Q1-20,2020-02-28,7.02,02-28-2020,Rabobank
Q2-20,2019-06-13,7.58,02-28-2020,Rabobank
Q2-20,2019-07-01,7.5,02-28-2020,Rabobank
Q2-20,2019-07-17,7.42,02-28-2020,Rabobank
Q2-20,2019-08-23,7.65,02-28-2020,Rabobank
Q2-20,2019-09-13,7.65,02-28-2020,Rabobank
Q2-20,2019-10-01,7.6,02-28-2020,Rabobank
Q2-20,2019-10-22,7.55,02-28-2020,Rabobank
Q2-20,2019-11-06,7.55,02-28-2020,Rabobank
Q2-20,2019-11-21,7.5,02-28-2020,Rabobank
Q2-20,2019-11-22,7.5,02-28-2020,Rabobank
Q2-20,2019-11-29,7.5,02-28-2020,Rabobank
Q2-20,2019-12-03,7.5,02-28-2020,Rabobank
Q2-20,2019-12-06,7.5,02-28-2020,Rabobank
Q2-20,2019-12-16,7.45,02-28-2020,Rabobank
Q2-20,2019-12-24,7.3,02-28-2020,Rabobank
Q2-20,2020-01-17,7.22,02-28-2020,Rabobank
Q2-20,2020-02-13,7.22,02-28-2020,Rabobank
Q2-20,2020-02-19,7.15,02-28-2020,Rabobank
Q2-20,2020-02-28,7.15,02-28-2020,Rabobank
Q3-20,2019-10-01,7.75,02-28-2020,Rabobank
Q3-20,2019-10-22,7.7,02-28-2020,Rabobank
Q3-20,2019-11-06,7.7,02-28-2020,Rabobank
Q3-20,2019-11-21,7.65,02-28-2020,Rabobank
Q3-20,2019-11-22,7.65,02-28-2020,Rabobank
Q3-20,2019-11-29,7.65,02-28-2020,Rabobank
Q3-20,2019-12-03,7.65,02-28-2020,Rabobank
Q3-20,2019-12-06,7.65,02-28-2020,Rabobank
Q3-20,2019-12-16,7.6,02-28-2020,Rabobank
Q3-20,2019-12-24,7.45,02-28-2020,Rabobank
Q3-20,2020-01-17,7.4,02-28-2020,Rabobank
Q3-20,2020-02-13,7.4,02-28-2020,Rabobank
Q3-20,2020-02-19,7.35,02-28-2020,Rabobank
Q3-20,2020-02-28,7.35,02-28-2020,Rabobank
Q4-20,2018-05-18,7.92,02-28-2020,Rabobank
Q4-20,2018-07-17,7.88,02-28-2020,Rabobank
Q4-20,2019-01-09,8.5,02-28-2020,Rabobank
Q4-20,2019-11-21,7.8,02-28-2020,Rabobank
Q4-20,2019-11-22,7.8,02-28-2020,Rabobank
Q4-20,2019-12-03,7.8,02-28-2020,Rabobank
Q4-20,2019-12-06,7.8,02-28-2020,Rabobank
Q4-20,2019-12-16,7.75,02-28-2020,Rabobank
Q4-20,2019-12-24,7.6,02-28-2020,Rabobank
Q4-20,2020-01-17,7.55,02-28-2020,Rabobank
Q4-20,2020-02-13,7.55,02-28-2020,Rabobank
Q4-20,2020-02-19,7.5,02-28-2020,Rabobank
Q4-20,2020-02-28,7.5,02-28-2020,Rabobank
2021,2018-05-18,8.09,02-28-2020,Rabobank
2021,2018-07-17,8.06,02-28-2020,Rabobank
2021,2019-01-09,8.5,02-28-2020,Rabobank
2021,2019-11-21,8.5,02-28-2020,Rabobank
2021,2019-11-22,8.5,02-28-2020,Rabobank
2021,2020-01-17,8.17,02-28-2020,Rabobank
2022,2018-05-18,8.15,02-28-2020,Rabobank
2022,2018-07-17,8.15,02-28-2020,Rabobank
2022,2019-11-21,8.5,02-28-2020,Rabobank
2022,2019-11-22,8.5,02-28-2020,Rabobank
2022,2020-01-17,8.48,02-28-2020,Rabobank
2023,2019-11-21,8.5,02-28-2020,Rabobank
2023,2019-11-22,8.5,02-28-2020,Rabobank
2023,2020-01-17,8.5,02-28-2020,Rabobank
2024,2020-01-17,8.5,02-28-2020,Rabobank
Q4-07,2006-04-26,7.49,11-30-2007,Rabobank
Q4-07,2006-05-03,7.49,11-30-2007,Rabobank
Q4-07,2006-06-01,7.5,11-30-2007,Rabobank
Q4-07,2006-07-26,7.5,11-30-2007,Rabobank
Q4-07,2006-08-11,7.5,11-30-2007,Rabobank
Q4-07,2006-09-18,7.5,11-30-2007,Rabobank
Q4-07,2006-10-27,7.5,11-30-2007,Rabobank
Q4-07,2006-12-06,7.49,11-30-2007,Rabobank
Q4-07,2007-01-08,7.49,11-30-2007,Rabobank
Q4-07,2007-02-08,7.45,11-30-2007,Rabobank
2008,2006-07-26,7.5,11-30-2007,Rabobank
2008,2006-08-11,7.5,11-30-2007,Rabobank
2008,2006-09-18,7.5,11-30-2007,Rabobank
2008,2006-10-27,7.5,11-30-2007,Rabobank
Q2-16,2015-06-17,6.4,05-31-2016,Rabobank
Q2-16,2015-07-08,6.4,05-31-2016,Rabobank
Q2-16,2015-07-28,6.38,05-31-2016,Rabobank
Q2-16,2015-08-04,6.38,05-31-2016,Rabobank
Q2-16,2015-08-19,6.67,05-31-2016,Rabobank
Q2-16,2015-08-21,6.67,05-31-2016,Rabobank
Q2-16,2015-09-02,7.47,05-31-2016,Rabobank
Q2-16,2015-09-11,7.47,05-31-2016,Rabobank
Q2-16,2015-10-22,7.4,05-31-2016,Rabobank
Q2-16,2015-11-26,7.27,05-31-2016,Rabobank
Q2-16,2015-12-07,7.27,05-31-2016,Rabobank
Q2-16,2015-12-23,7.2,05-31-2016,Rabobank
Q2-16,2016-01-07,7.2,05-31-2016,Rabobank
Q2-16,2016-01-22,7.07,05-31-2016,Rabobank
Q2-16,2016-02-05,7.07,05-31-2016,Rabobank
Q2-16,2016-02-24,6.93,05-31-2016,Rabobank
Q2-16,2016-03-22,6.8,05-31-2016,Rabobank
Q2-16,2016-04-04,6.75,05-31-2016,Rabobank
Q2-16,2016-04-08,6.75,05-31-2016,Rabobank
Q2-16,2016-05-16,6.5,05-31-2016,Rabobank
Q3-16,2015-09-02,7.68,05-31-2016,Rabobank
Q3-16,2015-10-22,7.6,05-31-2016,Rabobank
Q3-16,2015-11-26,7.47,05-31-2016,Rabobank
Q3-16,2015-12-07,7.47,05-31-2016,Rabobank
Q3-16,2015-12-23,7.4,05-31-2016,Rabobank
Q3-16,2016-01-07,7.4,05-31-2016,Rabobank
Q3-16,2016-01-22,7.33,05-31-2016,Rabobank
Q3-16,2016-02-05,7.33,05-31-2016,Rabobank
Q3-16,2016-02-24,7.27,05-31-2016,Rabobank
Q3-16,2016-03-22,7.2,05-31-2016,Rabobank
Q3-16,2016-04-04,7.0,05-31-2016,Rabobank
Q3-16,2016-04-08,7.0,05-31-2016,Rabobank
Q3-16,2016-05-16,6.83,05-31-2016,Rabobank
Q4-16,2015-03-06,6.47,05-31-2016,Rabobank
Q4-16,2015-04-22,6.38,05-31-2016,Rabobank
Q4-16,2015-05-13,6.33,05-31-2016,Rabobank
Q4-16,2015-06-17,6.48,05-31-2016,Rabobank
Q4-16,2015-08-19,6.77,05-31-2016,Rabobank
Q4-16,2015-08-21,6.77,05-31-2016,Rabobank
Q4-16,2015-09-02,7.83,05-31-2016,Rabobank
Q4-16,2015-09-11,7.83,05-31-2016,Rabobank
Q4-16,2015-10-22,7.85,05-31-2016,Rabobank
Q4-16,2015-11-26,7.65,05-31-2016,Rabobank
Q4-16,2015-12-07,7.65,05-31-2016,Rabobank
Q4-16,2015-12-23,7.6,05-31-2016,Rabobank
Q4-16,2016-01-07,7.6,05-31-2016,Rabobank
Q4-16,2016-01-22,7.53,05-31-2016,Rabobank
Q4-16,2016-02-05,7.53,05-31-2016,Rabobank
Q4-16,2016-02-24,7.47,05-31-2016,Rabobank
Q4-16,2016-03-22,7.4,05-31-2016,Rabobank
Q4-16,2016-04-04,7.4,05-31-2016,Rabobank
Q4-16,2016-04-08,7.4,05-31-2016,Rabobank
Q4-16,2016-05-16,7.13,05-31-2016,Rabobank
Q1-17,2016-03-22,7.6,05-31-2016,Rabobank
Q1-17,2016-04-04,7.6,05-31-2016,Rabobank
Q1-17,2016-04-08,7.6,05-31-2016,Rabobank
Q1-17,2016-05-16,7.47,05-31-2016,Rabobank
2017,2015-03-06,6.55,05-31-2016,Rabobank
2017,2015-08-21,6.97,05-31-2016,Rabobank
2017,2015-10-22,7.73,05-31-2016,Rabobank
2017,2015-11-26,7.74,05-31-2016,Rabobank
2017,2016-01-22,7.75,05-31-2016,Rabobank
2017,2016-02-05,7.75,05-31-2016,Rabobank
2017,2016-04-04,7.75,05-31-2016,Rabobank
2017,2016-05-16,7.75,05-31-2016,Rabobank
2018,2015-03-06,6.62,05-31-2016,Rabobank
2018,2015-08-21,7.17,05-31-2016,Rabobank
2018,2015-10-22,7.61,05-31-2016,Rabobank
2018,2015-11-26,7.64,05-31-2016,Rabobank
2018,2016-01-22,7.66,05-31-2016,Rabobank
2018,2016-02-05,7.66,05-31-2016,Rabobank
2018,2016-04-04,7.68,05-31-2016,Rabobank
2018,2016-05-16,7.69,05-31-2016,Rabobank
2019,2015-03-06,6.69,05-31-2016,Rabobank
2019,2015-08-21,7.37,05-31-2016,Rabobank
2019,2015-10-22,7.5,05-31-2016,Rabobank
2019,2015-11-26,7.5,05-31-2016,Rabobank
2019,2016-01-22,7.51,05-31-2016,Rabobank
2019,2016-02-05,7.51,05-31-2016,Rabobank
2019,2016-04-04,7.54,05-31-2016,Rabobank
2019,2016-05-16,7.56,05-31-2016,Rabobank
2020,2016-01-22,7.5,05-31-2016,Rabobank
2020,2016-02-05,7.5,05-31-2016,Rabobank
2020,2016-04-04,7.5,05-31-2016,Rabobank
2020,2016-05-16,7.5,05-31-2016,Rabobank
Q2-20,2019-06-13,7.58,05-31-2020,Rabobank
Q2-20,2019-07-01,7.5,05-31-2020,Rabobank
Q2-20,2019-07-17,7.42,05-31-2020,Rabobank
Q2-20,2019-08-23,7.65,05-31-2020,Rabobank
Q2-20,2019-09-13,7.65,05-31-2020,Rabobank
Q2-20,2019-10-01,7.6,05-31-2020,Rabobank
Q2-20,2019-10-22,7.55,05-31-2020,Rabobank
Q2-20,2019-11-06,7.55,05-31-2020,Rabobank
Q2-20,2019-11-21,7.5,05-31-2020,Rabobank
Q2-20,2019-11-22,7.5,05-31-2020,Rabobank
Q2-20,2019-11-29,7.5,05-31-2020,Rabobank
Q2-20,2019-12-03,7.5,05-31-2020,Rabobank
Q2-20,2019-12-06,7.5,05-31-2020,Rabobank
Q2-20,2019-12-16,7.45,05-31-2020,Rabobank
Q2-20,2019-12-24,7.3,05-31-2020,Rabobank
Q2-20,2020-01-17,7.22,05-31-2020,Rabobank
Q2-20,2020-02-13,7.22,05-31-2020,Rabobank
Q2-20,2020-02-19,7.15,05-31-2020,Rabobank
Q2-20,2020-02-28,7.15,05-31-2020,Rabobank
Q2-20,2020-03-17,7.07,05-31-2020,Rabobank
Q2-20,2020-03-24,7.07,05-31-2020,Rabobank
Q2-20,2020-03-26,7.07,05-31-2020,Rabobank
Q2-20,2020-04-03,7.07,05-31-2020,Rabobank
Q2-20,2020-04-17,7.05,05-31-2020,Rabobank
Q2-20,2020-05-06,7.05,05-31-2020,Rabobank
Q2-20,2020-05-15,7.05,05-31-2020,Rabobank
Q2-20,2020-05-22,7.02,05-31-2020,Rabobank
Q2-20,2020-05-26,7.02,05-31-2020,Rabobank
Q2-20,2020-05-29,7.02,05-31-2020,Rabobank
Q3-20,2019-10-01,7.75,05-31-2020,Rabobank
Q3-20,2019-10-22,7.7,05-31-2020,Rabobank
Q3-20,2019-11-06,7.7,05-31-2020,Rabobank
Q3-20,2019-11-21,7.65,05-31-2020,Rabobank
Q3-20,2019-11-22,7.65,05-31-2020,Rabobank
Q3-20,2019-11-29,7.65,05-31-2020,Rabobank
Q3-20,2019-12-03,7.65,05-31-2020,Rabobank
Q3-20,2019-12-06,7.65,05-31-2020,Rabobank
Q3-20,2019-12-16,7.6,05-31-2020,Rabobank
Q3-20,2019-12-24,7.45,05-31-2020,Rabobank
Q3-20,2020-01-17,7.4,05-31-2020,Rabobank
Q3-20,2020-02-13,7.4,05-31-2020,Rabobank
Q3-20,2020-02-19,7.35,05-31-2020,Rabobank
Q3-20,2020-02-28,7.35,05-31-2020,Rabobank
Q3-20,2020-03-17,7.3,05-31-2020,Rabobank
Q3-20,2020-03-24,7.3,05-31-2020,Rabobank
Q3-20,2020-03-26,7.3,05-31-2020,Rabobank
Q3-20,2020-04-03,7.3,05-31-2020,Rabobank
Q3-20,2020-04-17,7.22,05-31-2020,Rabobank
Q3-20,2020-05-06,7.22,05-31-2020,Rabobank
Q3-20,2020-05-15,7.22,05-31-2020,Rabobank
Q3-20,2020-05-22,7.15,05-31-2020,Rabobank
Q3-20,2020-05-26,7.15,05-31-2020,Rabobank
Q3-20,2020-05-29,7.15,05-31-2020,Rabobank
Q4-20,2018-07-17,7.88,05-31-2020,Rabobank
Q4-20,2019-01-09,8.5,05-31-2020,Rabobank
Q4-20,2019-11-21,7.8,05-31-2020,Rabobank
Q4-20,2019-11-22,7.8,05-31-2020,Rabobank
Q4-20,2019-12-03,7.8,05-31-2020,Rabobank
Q4-20,2019-12-06,7.8,05-31-2020,Rabobank
Q4-20,2019-12-16,7.75,05-31-2020,Rabobank
Q4-20,2019-12-24,7.6,05-31-2020,Rabobank
Q4-20,2020-01-17,7.55,05-31-2020,Rabobank
Q4-20,2020-02-13,7.55,05-31-2020,Rabobank
Q4-20,2020-02-19,7.5,05-31-2020,Rabobank
Q4-20,2020-02-28,7.5,05-31-2020,Rabobank
Q4-20,2020-03-17,7.45,05-31-2020,Rabobank
Q4-20,2020-03-24,7.45,05-31-2020,Rabobank
Q4-20,2020-03-26,7.45,05-31-2020,Rabobank
Q4-20,2020-04-03,7.45,05-31-2020,Rabobank
Q4-20,2020-04-17,7.4,05-31-2020,Rabobank
Q4-20,2020-05-06,7.4,05-31-2020,Rabobank
Q4-20,2020-05-15,7.4,05-31-2020,Rabobank
Q4-20,2020-05-22,7.35,05-31-2020,Rabobank
Q4-20,2020-05-26,7.35,05-31-2020,Rabobank
Q4-20,2020-05-29,7.35,05-31-2020,Rabobank
Q1-21,2020-03-17,7.6,05-31-2020,Rabobank
Q1-21,2020-03-24,7.6,05-31-2020,Rabobank
Q1-21,2020-03-26,7.6,05-31-2020,Rabobank
Q1-21,2020-04-03,7.6,05-31-2020,Rabobank
Q1-21,2020-04-17,7.55,05-31-2020,Rabobank
Q1-21,2020-05-06,7.55,05-31-2020,Rabobank
Q1-21,2020-05-15,7.55,05-31-2020,Rabobank
Q1-21,2020-05-22,7.5,05-31-2020,Rabobank
Q1-21,2020-05-26,7.5,05-31-2020,Rabobank
Q1-21,2020-05-29,7.5,05-31-2020,Rabobank
2021,2018-07-17,8.06,05-31-2020,Rabobank
2021,2019-01-09,8.5,05-31-2020,Rabobank
2021,2019-11-21,8.5,05-31-2020,Rabobank
2021,2019-11-22,8.5,05-31-2020,Rabobank
2021,2020-01-17,8.17,05-31-2020,Rabobank
2021,2020-03-24,8.0,05-31-2020,Rabobank
2021,2020-03-26,8.0,05-31-2020,Rabobank
2021,2020-04-03,8.0,05-31-2020,Rabobank
2021,2020-04-17,7.95,05-31-2020,Rabobank
2021,2020-05-06,7.95,05-31-2020,Rabobank
2021,2020-05-15,7.95,05-31-2020,Rabobank
2021,2020-05-22,7.9,05-31-2020,Rabobank
2021,2020-05-26,7.9,05-31-2020,Rabobank
2021,2020-05-29,7.9,05-31-2020,Rabobank
2022,2018-07-17,8.15,05-31-2020,Rabobank
2022,2019-11-21,8.5,05-31-2020,Rabobank
2022,2019-11-22,8.5,05-31-2020,Rabobank
2022,2020-01-17,8.48,05-31-2020,Rabobank
2022,2020-03-26,8.44,05-31-2020,Rabobank
2022,2020-04-03,8.44,05-31-2020,Rabobank
2022,2020-04-17,8.42,05-31-2020,Rabobank
2022,2020-05-06,8.42,05-31-2020,Rabobank
2022,2020-05-15,8.42,05-31-2020,Rabobank
2022,2020-05-22,8.4,05-31-2020,Rabobank
2022,2020-05-26,8.4,05-31-2020,Rabobank
2022,2020-05-29,8.4,05-31-2020,Rabobank
2023,2019-11-21,8.5,05-31-2020,Rabobank
2023,2019-11-22,8.5,05-31-2020,Rabobank
2023,2020-01-17,8.5,05-31-2020,Rabobank
2023,2020-03-26,8.5,05-31-2020,Rabobank
2023,2020-04-03,8.5,05-31-2020,Rabobank
2023,2020-04-17,8.5,05-31-2020,Rabobank
2023,2020-05-06,8.5,05-31-2020,Rabobank
2023,2020-05-15,8.5,05-31-2020,Rabobank
2023,2020-05-22,8.5,05-31-2020,Rabobank
2023,2020-05-26,8.5,05-31-2020,Rabobank
2023,2020-05-29,8.5,05-31-2020,Rabobank
2024,2020-01-17,8.5,05-31-2020,Rabobank
2024,2020-03-26,8.5,05-31-2020,Rabobank
2024,2020-04-03,8.5,05-31-2020,Rabobank
2024,2020-05-06,8.5,05-31-2020,Rabobank
2024,2020-05-15,8.5,05-31-2020,Rabobank
2024,2020-05-22,8.5,05-31-2020,Rabobank
2024,2020-05-26,8.5,05-31-2020,Rabobank
2024,2020-05-29,8.5,05-31-2020,Rabobank
Q3-07,2006-09-18,7.55,08-31-2007,Rabobank
Q3-07,2006-10-27,7.55,08-31-2007,Rabobank
Q3-07,2006-12-06,7.55,08-31-2007,Rabobank
Q3-07,2007-01-08,7.6,08-31-2007,Rabobank
Q3-07,2007-02-08,7.53,08-31-2007,Rabobank
Q4-07,2006-04-26,7.49,08-31-2007,Rabobank
Q4-07,2006-05-03,7.49,08-31-2007,Rabobank
Q4-07,2006-06-01,7.5,08-31-2007,Rabobank
Q4-07,2006-07-26,7.5,08-31-2007,Rabobank
Q4-07,2006-08-11,7.5,08-31-2007,Rabobank
Q4-07,2006-09-18,7.5,08-31-2007,Rabobank
Q4-07,2006-10-27,7.5,08-31-2007,Rabobank
Q4-07,2006-12-06,7.49,08-31-2007,Rabobank
Q4-07,2007-01-08,7.49,08-31-2007,Rabobank
Q4-07,2007-02-08,7.45,08-31-2007,Rabobank
2008,2006-07-26,7.5,08-31-2007,Rabobank
2008,2006-08-11,7.5,08-31-2007,Rabobank
2008,2006-09-18,7.5,08-31-2007,Rabobank
2008,2006-10-27,7.5,08-31-2007,Rabobank
Q3-11,2011-01-21,6.37,08-31-2011,Rabobank
Q3-11,2011-07-04,6.45,08-31-2011,Rabobank
Q4-11,2010-08-05,6.74,08-31-2011,Rabobank
Q4-11,2011-01-21,6.32,08-31-2011,Rabobank
Q4-11,2011-07-04,6.35,08-31-2011,Rabobank
Q1-12,2011-07-04,6.3,08-31-2011,Rabobank
Q2-12,2011-07-04,6.3,08-31-2011,Rabobank
2012,2010-08-05,6.55,08-31-2011,Rabobank
Q1-16,2015-03-06,6.32,02-28-2016,Rabobank
Q1-16,2015-04-02,6.42,02-28-2016,Rabobank
Q1-16,2015-04-22,6.41,02-28-2016,Rabobank
Q1-16,2015-05-13,6.38,02-28-2016,Rabobank
Q1-16,2015-06-03,6.37,02-28-2016,Rabobank
Q1-16,2015-06-17,6.35,02-28-2016,Rabobank
Q1-16,2015-07-08,6.35,02-28-2016,Rabobank
Q1-16,2015-07-28,6.33,02-28-2016,Rabobank
Q1-16,2015-08-04,6.33,02-28-2016,Rabobank
Q1-16,2015-08-19,6.62,02-28-2016,Rabobank
Q1-16,2015-08-21,6.62,02-28-2016,Rabobank
Q1-16,2015-09-02,7.27,02-28-2016,Rabobank
Q1-16,2015-09-11,7.27,02-28-2016,Rabobank
Q1-16,2015-10-22,7.2,02-28-2016,Rabobank
Q1-16,2015-11-26,6.93,02-28-2016,Rabobank
Q1-16,2015-12-07,6.93,02-28-2016,Rabobank
Q1-16,2015-12-23,6.8,02-28-2016,Rabobank
Q1-16,2016-01-07,6.8,02-28-2016,Rabobank
Q1-16,2016-01-22,6.68,02-28-2016,Rabobank
Q1-16,2016-02-05,6.73,02-28-2016,Rabobank
Q1-16,2016-02-24,6.65,02-28-2016,Rabobank
Q2-16,2015-06-17,6.4,02-28-2016,Rabobank
Q2-16,2015-07-08,6.4,02-28-2016,Rabobank
Q2-16,2015-07-28,6.38,02-28-2016,Rabobank
Q2-16,2015-08-04,6.38,02-28-2016,Rabobank
Q2-16,2015-08-19,6.67,02-28-2016,Rabobank
Q2-16,2015-08-21,6.67,02-28-2016,Rabobank
Q2-16,2015-09-02,7.47,02-28-2016,Rabobank
Q2-16,2015-09-11,7.47,02-28-2016,Rabobank
Q2-16,2015-10-22,7.4,02-28-2016,Rabobank
Q2-16,2015-11-26,7.27,02-28-2016,Rabobank
Q2-16,2015-12-07,7.27,02-28-2016,Rabobank
Q2-16,2015-12-23,7.2,02-28-2016,Rabobank
Q2-16,2016-01-07,7.2,02-28-2016,Rabobank
Q2-16,2016-01-22,7.07,02-28-2016,Rabobank
Q2-16,2016-02-05,7.07,02-28-2016,Rabobank
Q2-16,2016-02-24,6.93,02-28-2016,Rabobank
Q3-16,2015-09-02,7.68,02-28-2016,Rabobank
Q3-16,2015-10-22,7.6,02-28-2016,Rabobank
Q3-16,2015-11-26,7.47,02-28-2016,Rabobank
Q3-16,2015-12-07,7.47,02-28-2016,Rabobank
Q3-16,2015-12-23,7.4,02-28-2016,Rabobank
Q3-16,2016-01-07,7.4,02-28-2016,Rabobank
Q3-16,2016-01-22,7.33,02-28-2016,Rabobank
Q3-16,2016-02-05,7.33,02-28-2016,Rabobank
Q3-16,2016-02-24,7.27,02-28-2016,Rabobank
Q4-16,2015-03-06,6.47,02-28-2016,Rabobank
Q4-16,2015-04-22,6.38,02-28-2016,Rabobank
Q4-16,2015-05-13,6.33,02-28-2016,Rabobank
Q4-16,2015-06-17,6.48,02-28-2016,Rabobank
Q4-16,2015-08-19,6.77,02-28-2016,Rabobank
Q4-16,2015-08-21,6.77,02-28-2016,Rabobank
Q4-16,2015-09-02,7.83,02-28-2016,Rabobank
Q4-16,2015-09-11,7.83,02-28-2016,Rabobank
Q4-16,2015-10-22,7.85,02-28-2016,Rabobank
Q4-16,2015-11-26,7.65,02-28-2016,Rabobank
Q4-16,2015-12-07,7.65,02-28-2016,Rabobank
Q4-16,2015-12-23,7.6,02-28-2016,Rabobank
Q4-16,2016-01-07,7.6,02-28-2016,Rabobank
Q4-16,2016-01-22,7.53,02-28-2016,Rabobank
Q4-16,2016-02-05,7.53,02-28-2016,Rabobank
Q4-16,2016-02-24,7.47,02-28-2016,Rabobank
2017,2015-03-06,6.55,02-28-2016,Rabobank
2017,2015-08-21,6.97,02-28-2016,Rabobank
2017,2015-10-22,7.73,02-28-2016,Rabobank
2017,2015-11-26,7.74,02-28-2016,Rabobank
2017,2016-01-22,7.75,02-28-2016,Rabobank
2017,2016-02-05,7.75,02-28-2016,Rabobank
2018,2015-03-06,6.62,02-28-2016,Rabobank
2018,2015-08-21,7.17,02-28-2016,Rabobank
2018,2015-10-22,7.61,02-28-2016,Rabobank
2018,2015-11-26,7.64,02-28-2016,Rabobank
2018,2016-01-22,7.66,02-28-2016,Rabobank
2018,2016-02-05,7.66,02-28-2016,Rabobank
2019,2015-03-06,6.69,02-28-2016,Rabobank
2019,2015-08-21,7.37,02-28-2016,Rabobank
2019,2015-10-22,7.5,02-28-2016,Rabobank
2019,2015-11-26,7.5,02-28-2016,Rabobank
2019,2016-01-22,7.51,02-28-2016,Rabobank
2019,2016-02-05,7.51,02-28-2016,Rabobank
2020,2016-01-22,7.5,02-28-2016,Rabobank
2020,2016-02-05,7.5,02-28-2016,Rabobank
Q4-08,2008-02-21,6.85,11-30-2008,Rabobank
Q4-08,2008-03-20,6.79,11-30-2008,Rabobank
Q4-08,2008-11-21,6.8,11-30-2008,Rabobank
Q1-09,2008-03-20,6.75,11-30-2008,Rabobank
Q1-09,2008-11-21,6.75,11-30-2008,Rabobank
Q2-09,2008-11-21,6.7,11-30-2008,Rabobank
Q3-09,2008-11-21,6.65,11-30-2008,Rabobank
2009,2008-11-21,6.6,11-30-2008,Rabobank
Q2-19,2018-06-01,6.73,05-31-2019,Rabobank
Q2-19,2018-06-08,6.73,05-31-2019,Rabobank
Q2-19,2018-07-17,6.8,05-31-2019,Rabobank
Q2-19,2018-08-01,6.95,05-31-2019,Rabobank
Q2-19,2018-08-21,6.95,05-31-2019,Rabobank
Q2-19,2018-09-20,6.95,05-31-2019,Rabobank
Q2-19,2018-10-19,6.95,05-31-2019,Rabobank
Q2-19,2018-11-09,7.58,05-31-2019,Rabobank
Q2-19,2018-12-13,7.42,05-31-2019,Rabobank
Q2-19,2019-01-09,7.0,05-31-2019,Rabobank
Q2-19,2019-02-12,6.98,05-31-2019,Rabobank
Q2-19,2019-03-08,6.97,05-31-2019,Rabobank
Q2-19,2019-03-13,6.97,05-31-2019,Rabobank
Q2-19,2019-03-29,6.95,05-31-2019,Rabobank
Q2-19,2019-04-11,6.95,05-31-2019,Rabobank
Q2-19,2019-04-24,6.93,05-31-2019,Rabobank
Q2-19,2019-05-15,6.93,05-31-2019,Rabobank
Q2-19,2019-05-30,6.95,05-31-2019,Rabobank
Q3-19,2018-10-19,6.95,05-31-2019,Rabobank
Q3-19,2018-11-09,7.82,05-31-2019,Rabobank
Q3-19,2018-12-13,7.78,05-31-2019,Rabobank
Q3-19,2019-01-09,7.25,05-31-2019,Rabobank
Q3-19,2019-02-12,7.17,05-31-2019,Rabobank
Q3-19,2019-03-08,7.08,05-31-2019,Rabobank
Q3-19,2019-03-13,7.08,05-31-2019,Rabobank
Q3-19,2019-03-29,7.0,05-31-2019,Rabobank
Q3-19,2019-04-11,7.0,05-31-2019,Rabobank
Q3-19,2019-04-24,6.98,05-31-2019,Rabobank
Q3-19,2019-05-15,6.98,05-31-2019,Rabobank
Q3-19,2019-05-30,7.0,05-31-2019,Rabobank
Q4-19,2017-05-31,8.23,05-31-2019,Rabobank
Q4-19,2017-06-12,8.23,05-31-2019,Rabobank
Q4-19,2017-07-31,8.22,05-31-2019,Rabobank
Q4-19,2018-05-18,7.07,05-31-2019,Rabobank
Q4-19,2018-07-17,6.83,05-31-2019,Rabobank
Q4-19,2018-12-13,7.9,05-31-2019,Rabobank
Q4-19,2019-01-09,7.5,05-31-2019,Rabobank
Q4-19,2019-02-12,7.42,05-31-2019,Rabobank
Q4-19,2019-03-08,7.33,05-31-2019,Rabobank
Q4-19,2019-03-13,7.33,05-31-2019,Rabobank
Q4-19,2019-03-29,7.25,05-31-2019,Rabobank
Q4-19,2019-04-11,7.25,05-31-2019,Rabobank
Q4-19,2019-04-24,7.17,05-31-2019,Rabobank
Q4-19,2019-05-15,7.17,05-31-2019,Rabobank
Q4-19,2019-05-30,7.08,05-31-2019,Rabobank
Q1-20,2019-03-08,7.58,05-31-2019,Rabobank
Q1-20,2019-03-13,7.58,05-31-2019,Rabobank
Q1-20,2019-03-29,7.5,05-31-2019,Rabobank
Q1-20,2019-04-11,7.5,05-31-2019,Rabobank
Q1-20,2019-04-24,7.42,05-31-2019,Rabobank
Q1-20,2019-05-15,7.42,05-31-2019,Rabobank
Q1-20,2019-05-30,7.33,05-31-2019,Rabobank
2020,2017-05-31,8.25,05-31-2019,Rabobank
2020,2017-06-12,8.25,05-31-2019,Rabobank
2020,2018-05-18,7.92,05-31-2019,Rabobank
2020,2018-07-17,7.88,05-31-2019,Rabobank
2020,2019-01-09,8.5,05-31-2019,Rabobank
2021,2017-05-31,8.25,05-31-2019,Rabobank
2021,2017-06-12,8.25,05-31-2019,Rabobank
2021,2018-05-18,8.09,05-31-2019,Rabobank
2021,2018-07-17,8.06,05-31-2019,Rabobank
2021,2019-01-09,8.5,05-31-2019,Rabobank
2022,2018-05-18,8.15,05-31-2019,Rabobank
2022,2018-07-17,8.15,05-31-2019,Rabobank
Q3-12,2012-02-03,6.24,08-31-2012,Rabobank
Q4-12,2012-02-03,6.17,08-31-2012,Rabobank
Q1-15,2014-04-25,6.31,02-28-2015,Rabobank
Q1-15,2014-06-17,6.32,02-28-2015,Rabobank
Q1-15,2014-07-17,6.31,02-28-2015,Rabobank
Q1-15,2014-08-22,6.31,02-28-2015,Rabobank
Q1-15,2014-09-03,6.31,02-28-2015,Rabobank
Q1-15,2014-09-16,6.3,02-28-2015,Rabobank
Q1-15,2014-10-06,6.3,02-28-2015,Rabobank
Q1-15,2014-10-17,6.27,02-28-2015,Rabobank
Q1-15,2014-11-04,6.27,02-28-2015,Rabobank
Q1-15,2014-11-14,6.27,02-28-2015,Rabobank
Q1-15,2014-11-21,6.33,02-28-2015,Rabobank
Q1-15,2014-12-08,6.33,02-28-2015,Rabobank
Q1-15,2014-12-18,6.3,02-28-2015,Rabobank
Q1-15,2015-01-05,6.3,02-28-2015,Rabobank
Q1-15,2015-01-06,6.3,02-28-2015,Rabobank
Q1-15,2015-01-19,6.27,02-28-2015,Rabobank
Q1-15,2015-01-29,6.27,02-28-2015,Rabobank
Q2-15,2014-07-17,6.34,02-28-2015,Rabobank
Q2-15,2014-08-22,6.33,02-28-2015,Rabobank
Q2-15,2014-09-03,6.33,02-28-2015,Rabobank
Q2-15,2014-09-16,6.32,02-28-2015,Rabobank
Q2-15,2014-10-06,6.32,02-28-2015,Rabobank
Q2-15,2014-10-17,6.31,02-28-2015,Rabobank
Q2-15,2014-11-04,6.31,02-28-2015,Rabobank
Q2-15,2014-11-14,6.31,02-28-2015,Rabobank
Q2-15,2014-11-21,6.37,02-28-2015,Rabobank
Q2-15,2014-12-08,6.37,02-28-2015,Rabobank
Q2-15,2014-12-18,6.4,02-28-2015,Rabobank
Q2-15,2015-01-05,6.4,02-28-2015,Rabobank
Q2-15,2015-01-06,6.4,02-28-2015,Rabobank
Q2-15,2015-01-19,6.37,02-28-2015,Rabobank
Q2-15,2015-01-29,6.37,02-28-2015,Rabobank
Q3-15,2014-09-16,6.35,02-28-2015,Rabobank
Q3-15,2014-10-06,6.35,02-28-2015,Rabobank
Q3-15,2014-10-17,6.34,02-28-2015,Rabobank
Q3-15,2014-11-04,6.34,02-28-2015,Rabobank
Q3-15,2014-11-14,6.34,02-28-2015,Rabobank
Q3-15,2014-11-21,6.28,02-28-2015,Rabobank
Q3-15,2014-12-08,6.28,02-28-2015,Rabobank
Q3-15,2014-12-18,6.3,02-28-2015,Rabobank
Q3-15,2015-01-05,6.3,02-28-2015,Rabobank
Q3-15,2015-01-06,6.3,02-28-2015,Rabobank
Q3-15,2015-01-19,6.33,02-28-2015,Rabobank
Q3-15,2015-01-29,6.33,02-28-2015,Rabobank
Q4-15,2014-07-17,6.38,02-28-2015,Rabobank
Q4-15,2014-10-06,6.35,02-28-2015,Rabobank
Q4-15,2014-10-17,6.35,02-28-2015,Rabobank
Q4-15,2014-11-21,6.28,02-28-2015,Rabobank
Q4-15,2014-12-08,6.28,02-28-2015,Rabobank
Q4-15,2014-12-18,6.25,02-28-2015,Rabobank
Q4-15,2015-01-05,6.25,02-28-2015,Rabobank
Q4-15,2015-01-06,6.25,02-28-2015,Rabobank
Q4-15,2015-01-19,6.27,02-28-2015,Rabobank
Q4-15,2015-01-29,6.27,02-28-2015,Rabobank
Q4-12,2012-02-03,6.17,11-30-2012,Rabobank
Q2-15,2014-07-17,6.34,05-31-2015,Rabobank
Q2-15,2014-08-22,6.33,05-31-2015,Rabobank
Q2-15,2014-09-03,6.33,05-31-2015,Rabobank
Q2-15,2014-09-16,6.32,05-31-2015,Rabobank
Q2-15,2014-10-06,6.32,05-31-2015,Rabobank
Q2-15,2014-10-17,6.31,05-31-2015,Rabobank
Q2-15,2014-11-04,6.31,05-31-2015,Rabobank
Q2-15,2014-11-14,6.31,05-31-2015,Rabobank
Q2-15,2014-11-21,6.37,05-31-2015,Rabobank
Q2-15,2014-12-08,6.37,05-31-2015,Rabobank
Q2-15,2014-12-18,6.4,05-31-2015,Rabobank
Q2-15,2015-01-05,6.4,05-31-2015,Rabobank
Q2-15,2015-01-06,6.4,05-31-2015,Rabobank
Q2-15,2015-01-19,6.37,05-31-2015,Rabobank
Q2-15,2015-01-29,6.37,05-31-2015,Rabobank
Q2-15,2015-03-02,6.38,05-31-2015,Rabobank
Q2-15,2015-03-06,6.38,05-31-2015,Rabobank
Q2-15,2015-04-02,6.3,05-31-2015,Rabobank
Q2-15,2015-04-22,6.29,05-31-2015,Rabobank
Q2-15,2015-05-13,6.24,05-31-2015,Rabobank
Q3-15,2014-09-16,6.35,05-31-2015,Rabobank
Q3-15,2014-10-06,6.35,05-31-2015,Rabobank
Q3-15,2014-10-17,6.34,05-31-2015,Rabobank
Q3-15,2014-11-04,6.34,05-31-2015,Rabobank
Q3-15,2014-11-14,6.34,05-31-2015,Rabobank
Q3-15,2014-11-21,6.28,05-31-2015,Rabobank
Q3-15,2014-12-08,6.28,05-31-2015,Rabobank
Q3-15,2014-12-18,6.3,05-31-2015,Rabobank
Q3-15,2015-01-05,6.3,05-31-2015,Rabobank
Q3-15,2015-01-06,6.3,05-31-2015,Rabobank
Q3-15,2015-01-19,6.33,05-31-2015,Rabobank
Q3-15,2015-01-29,6.33,05-31-2015,Rabobank
Q3-15,2015-03-02,6.33,05-31-2015,Rabobank
Q3-15,2015-03-06,6.33,05-31-2015,Rabobank
Q3-15,2015-04-02,6.35,05-31-2015,Rabobank
Q3-15,2015-04-22,6.33,05-31-2015,Rabobank
Q3-15,2015-05-13,6.28,05-31-2015,Rabobank
Q4-15,2014-07-17,6.38,05-31-2015,Rabobank
Q4-15,2014-10-06,6.35,05-31-2015,Rabobank
Q4-15,2014-10-17,6.35,05-31-2015,Rabobank
Q4-15,2014-11-21,6.28,05-31-2015,Rabobank
Q4-15,2014-12-08,6.28,05-31-2015,Rabobank
Q4-15,2014-12-18,6.25,05-31-2015,Rabobank
Q4-15,2015-01-05,6.25,05-31-2015,Rabobank
Q4-15,2015-01-06,6.25,05-31-2015,Rabobank
Q4-15,2015-01-19,6.27,05-31-2015,Rabobank
Q4-15,2015-01-29,6.27,05-31-2015,Rabobank
Q4-15,2015-03-02,6.32,05-31-2015,Rabobank
Q4-15,2015-03-06,6.32,05-31-2015,Rabobank
Q4-15,2015-04-02,6.4,05-31-2015,Rabobank
Q4-15,2015-04-22,6.38,05-31-2015,Rabobank
Q4-15,2015-05-13,6.33,05-31-2015,Rabobank
Q1-16,2015-03-06,6.32,05-31-2015,Rabobank
Q1-16,2015-04-02,6.42,05-31-2015,Rabobank
Q1-16,2015-04-22,6.41,05-31-2015,Rabobank
Q1-16,2015-05-13,6.38,05-31-2015,Rabobank
2016,2015-03-06,6.47,05-31-2015,Rabobank
2016,2015-04-22,6.38,05-31-2015,Rabobank
2016,2015-05-13,6.33,05-31-2015,Rabobank
2017,2015-03-06,6.55,05-31-2015,Rabobank
2018,2015-03-06,6.62,05-31-2015,Rabobank
2019,2015-03-06,6.69,05-31-2015,Rabobank
Q3-08,2008-02-21,6.93,08-31-2008,Rabobank
Q3-08,2008-03-20,6.87,08-31-2008,Rabobank
Q4-08,2006-09-18,7.5,08-31-2008,Rabobank
Q4-08,2006-10-27,7.5,08-31-2008,Rabobank
Q4-08,2008-02-21,6.85,08-31-2008,Rabobank
Q4-08,2008-03-20,6.79,08-31-2008,Rabobank
Q1-09,2008-03-20,6.75,08-31-2008,Rabobank
Q1-19,2018-03-01,6.8,02-28-2019,Rabobank
Q1-19,2018-03-13,6.8,02-28-2019,Rabobank
Q1-19,2018-03-23,6.8,02-28-2019,Rabobank
Q1-19,2018-03-27,6.8,02-28-2019,Rabobank
Q1-19,2018-04-23,6.63,02-28-2019,Rabobank
Q1-19,2018-05-16,6.57,02-28-2019,Rabobank
Q1-19,2018-05-18,6.57,02-28-2019,Rabobank
Q1-19,2018-06-01,6.57,02-28-2019,Rabobank
Q1-19,2018-06-08,6.57,02-28-2019,Rabobank
Q1-19,2018-07-17,6.78,02-28-2019,Rabobank
Q1-19,2018-08-01,6.95,02-28-2019,Rabobank
Q1-19,2018-08-21,6.95,02-28-2019,Rabobank
Q1-19,2018-09-20,6.95,02-28-2019,Rabobank
Q1-19,2018-10-19,6.92,02-28-2019,Rabobank
Q1-19,2018-11-09,7.15,02-28-2019,Rabobank
Q1-19,2018-12-13,7.05,02-28-2019,Rabobank
Q1-19,2019-01-09,6.95,02-28-2019,Rabobank
Q1-19,2019-02-12,6.93,02-28-2019,Rabobank
Q2-19,2018-06-01,6.73,02-28-2019,Rabobank
Q2-19,2018-06-08,6.73,02-28-2019,Rabobank
Q2-19,2018-07-17,6.8,02-28-2019,Rabobank
Q2-19,2018-08-01,6.95,02-28-2019,Rabobank
Q2-19,2018-08-21,6.95,02-28-2019,Rabobank
Q2-19,2018-09-20,6.95,02-28-2019,Rabobank
Q2-19,2018-10-19,6.95,02-28-2019,Rabobank
Q2-19,2018-11-09,7.58,02-28-2019,Rabobank
Q2-19,2018-12-13,7.42,02-28-2019,Rabobank
Q2-19,2019-01-09,7.0,02-28-2019,Rabobank
Q2-19,2019-02-12,6.98,02-28-2019,Rabobank
Q3-19,2018-10-19,6.95,02-28-2019,Rabobank
Q3-19,2018-11-09,7.82,02-28-2019,Rabobank
Q3-19,2018-12-13,7.78,02-28-2019,Rabobank
Q3-19,2019-01-09,7.25,02-28-2019,Rabobank
Q3-19,2019-02-12,7.17,02-28-2019,Rabobank
Q4-19,2017-04-21,8.23,02-28-2019,Rabobank
Q4-19,2017-05-05,8.23,02-28-2019,Rabobank
Q4-19,2017-05-31,8.23,02-28-2019,Rabobank
Q4-19,2017-06-12,8.23,02-28-2019,Rabobank
Q4-19,2017-07-31,8.22,02-28-2019,Rabobank
Q4-19,2018-05-18,7.07,02-28-2019,Rabobank
Q4-19,2018-07-17,6.83,02-28-2019,Rabobank
Q4-19,2018-12-13,7.9,02-28-2019,Rabobank
Q4-19,2019-01-09,7.5,02-28-2019,Rabobank
Q4-19,2019-02-12,7.42,02-28-2019,Rabobank
2020,2017-04-21,8.25,02-28-2019,Rabobank
2020,2017-05-05,8.25,02-28-2019,Rabobank
2020,2017-05-31,8.25,02-28-2019,Rabobank
2020,2017-06-12,8.25,02-28-2019,Rabobank
2020,2018-05-18,7.92,02-28-2019,Rabobank
2020,2018-07-17,7.88,02-28-2019,Rabobank
2020,2019-01-09,8.5,02-28-2019,Rabobank
2021,2017-04-21,8.25,02-28-2019,Rabobank
2021,2017-05-05,8.25,02-28-2019,Rabobank
2021,2017-05-31,8.25,02-28-2019,Rabobank
2021,2017-06-12,8.25,02-28-2019,Rabobank
2021,2018-05-18,8.09,02-28-2019,Rabobank
2021,2018-07-17,8.06,02-28-2019,Rabobank
2021,2019-01-09,8.5,02-28-2019,Rabobank
2022,2018-05-18,8.15,02-28-2019,Rabobank
2022,2018-07-17,8.15,02-28-2019,Rabobank
Q1-18,2017-03-10,7.77,02-28-2018,Rabobank
Q1-18,2017-03-22,7.75,02-28-2018,Rabobank
Q1-18,2017-04-21,7.63,02-28-2018,Rabobank
Q1-18,2017-05-05,7.63,02-28-2018,Rabobank
Q1-18,2017-05-31,7.52,02-28-2018,Rabobank
Q1-18,2017-06-12,7.52,02-28-2018,Rabobank
Q1-18,2017-06-29,7.4,02-28-2018,Rabobank
Q1-18,2017-07-11,7.4,02-28-2018,Rabobank
Q1-18,2017-07-31,7.35,02-28-2018,Rabobank
Q1-18,2017-08-22,7.05,02-28-2018,Rabobank
Q1-18,2017-08-24,7.05,02-28-2018,Rabobank
Q1-18,2017-09-08,7.05,02-28-2018,Rabobank
Q1-18,2017-10-03,6.95,02-28-2018,Rabobank
Q1-18,2017-10-09,6.95,02-28-2018,Rabobank
Q1-18,2017-11-03,6.9,02-28-2018,Rabobank
Q1-18,2017-12-04,6.85,02-28-2018,Rabobank
Q1-18,2018-01-03,6.8,02-28-2018,Rabobank
Q1-18,2018-01-29,6.58,02-28-2018,Rabobank
Q2-18,2017-06-12,7.77,02-28-2018,Rabobank
Q2-18,2017-06-29,7.75,02-28-2018,Rabobank
Q2-18,2017-07-11,7.75,02-28-2018,Rabobank
Q2-18,2017-07-31,7.63,02-28-2018,Rabobank
Q2-18,2017-08-22,7.33,02-28-2018,Rabobank
Q2-18,2017-08-24,7.33,02-28-2018,Rabobank
Q2-18,2017-09-08,7.33,02-28-2018,Rabobank
Q2-18,2017-10-03,7.25,02-28-2018,Rabobank
Q2-18,2017-10-09,7.25,02-28-2018,Rabobank
Q2-18,2017-11-03,7.15,02-28-2018,Rabobank
Q2-18,2017-12-04,7.05,02-28-2018,Rabobank
Q2-18,2018-01-03,6.95,02-28-2018,Rabobank
Q2-18,2018-01-29,6.67,02-28-2018,Rabobank
Q3-18,2017-09-08,7.6,02-28-2018,Rabobank
Q3-18,2017-10-03,7.5,02-28-2018,Rabobank
Q3-18,2017-10-09,7.5,02-28-2018,Rabobank
Q3-18,2017-11-03,7.42,02-28-2018,Rabobank
Q3-18,2017-12-04,7.33,02-28-2018,Rabobank
Q3-18,2018-01-03,7.25,02-28-2018,Rabobank
Q3-18,2018-01-29,6.73,02-28-2018,Rabobank
Q4-18,2016-04-04,7.68,02-28-2018,Rabobank
Q4-18,2016-05-16,7.69,02-28-2018,Rabobank
Q4-18,2016-06-06,7.69,02-28-2018,Rabobank
Q4-18,2016-06-29,7.7,02-28-2018,Rabobank
Q4-18,2016-08-09,7.71,02-28-2018,Rabobank
Q4-18,2016-08-12,7.71,02-28-2018,Rabobank
Q4-18,2016-09-06,7.72,02-28-2018,Rabobank
Q4-18,2016-09-16,7.73,02-28-2018,Rabobank
Q4-18,2016-11-11,8.21,02-28-2018,Rabobank
Q4-18,2016-11-18,8.2,02-28-2018,Rabobank
Q4-18,2016-11-24,8.2,02-28-2018,Rabobank
Q4-18,2017-01-10,8.2,02-28-2018,Rabobank
Q4-18,2017-02-06,8.15,02-28-2018,Rabobank
Q4-18,2017-04-21,8.0,02-28-2018,Rabobank
Q4-18,2017-05-05,8.0,02-28-2018,Rabobank
Q4-18,2017-05-31,7.95,02-28-2018,Rabobank
Q4-18,2017-06-12,7.95,02-28-2018,Rabobank
Q4-18,2017-07-31,7.87,02-28-2018,Rabobank
Q4-18,2017-08-22,7.83,02-28-2018,Rabobank
Q4-18,2017-08-24,7.83,02-28-2018,Rabobank
Q4-18,2017-09-08,7.83,02-28-2018,Rabobank
Q4-18,2017-12-04,7.6,02-28-2018,Rabobank
Q4-18,2018-01-03,7.5,02-28-2018,Rabobank
Q4-18,2018-01-29,6.78,02-28-2018,Rabobank
2019,2016-04-04,7.54,02-28-2018,Rabobank
2019,2016-05-16,7.56,02-28-2018,Rabobank
2019,2016-06-06,7.56,02-28-2018,Rabobank
2019,2016-06-29,7.58,02-28-2018,Rabobank
2019,2016-08-09,7.59,02-28-2018,Rabobank
2019,2016-08-12,7.59,02-28-2018,Rabobank
2019,2016-09-06,7.6,02-28-2018,Rabobank
2019,2016-09-16,7.61,02-28-2018,Rabobank
2019,2016-11-11,8.25,02-28-2018,Rabobank
2019,2016-11-18,8.25,02-28-2018,Rabobank
2019,2016-11-24,8.25,02-28-2018,Rabobank
2019,2017-01-10,8.25,02-28-2018,Rabobank
2019,2017-02-06,8.25,02-28-2018,Rabobank
2019,2017-04-21,8.23,02-28-2018,Rabobank
2019,2017-05-05,8.23,02-28-2018,Rabobank
2019,2017-05-31,8.23,02-28-2018,Rabobank
2019,2017-06-12,8.23,02-28-2018,Rabobank
2019,2017-07-31,8.22,02-28-2018,Rabobank
2020,2016-04-04,7.5,02-28-2018,Rabobank
2020,2016-05-16,7.5,02-28-2018,Rabobank
2020,2016-06-06,7.5,02-28-2018,Rabobank
2020,2016-06-29,7.5,02-28-2018,Rabobank
2020,2016-08-09,7.5,02-28-2018,Rabobank
2020,2016-08-12,7.5,02-28-2018,Rabobank
2020,2016-09-06,7.5,02-28-2018,Rabobank
2020,2016-09-16,7.5,02-28-2018,Rabobank
2020,2016-11-11,8.25,02-28-2018,Rabobank
2020,2016-11-18,8.25,02-28-2018,Rabobank
2020,2016-11-24,8.25,02-28-2018,Rabobank
2020,2017-01-10,8.25,02-28-2018,Rabobank
2020,2017-02-06,8.25,02-28-2018,Rabobank
2020,2017-04-21,8.25,02-28-2018,Rabobank
2020,2017-05-05,8.25,02-28-2018,Rabobank
2020,2017-05-31,8.25,02-28-2018,Rabobank
2020,2017-06-12,8.25,02-28-2018,Rabobank
2021,2017-01-10,8.25,02-28-2018,Rabobank
2021,2017-02-06,8.25,02-28-2018,Rabobank
2021,2017-04-21,8.25,02-28-2018,Rabobank
2021,2017-05-05,8.25,02-28-2018,Rabobank
2021,2017-05-31,8.25,02-28-2018,Rabobank
2021,2017-06-12,8.25,02-28-2018,Rabobank
Q3-09,2008-11-21,6.65,08-31-2009,Rabobank
Q3-09,2009-01-20,6.8,08-31-2009,Rabobank
Q4-09,2008-11-21,6.6,08-31-2009,Rabobank
Q4-09,2009-01-20,6.8,08-31-2009,Rabobank
Q2-14,2013-09-06,6.08,05-31-2014,Rabobank
Q2-14,2013-10-02,6.07,05-31-2014,Rabobank
Q2-14,2013-10-07,6.07,05-31-2014,Rabobank
Q2-14,2013-11-08,6.06,05-31-2014,Rabobank
Q2-14,2013-12-17,6.06,05-31-2014,Rabobank
Q2-14,2014-01-14,6.0,05-31-2014,Rabobank
Q2-14,2014-01-29,6.01,05-31-2014,Rabobank
Q2-14,2014-02-14,6.01,05-31-2014,Rabobank
Q2-14,2014-03-21,6.16,05-31-2014,Rabobank
Q2-14,2014-04-25,6.22,05-31-2014,Rabobank
Q3-14,2013-10-02,6.08,05-31-2014,Rabobank
Q3-14,2013-10-07,6.08,05-31-2014,Rabobank
Q3-14,2013-11-08,6.08,05-31-2014,Rabobank
Q3-14,2013-12-17,6.08,05-31-2014,Rabobank
Q3-14,2014-01-14,6.02,05-31-2014,Rabobank
Q3-14,2014-01-29,6.01,05-31-2014,Rabobank
Q3-14,2014-02-14,6.01,05-31-2014,Rabobank
Q3-14,2014-03-21,6.19,05-31-2014,Rabobank
Q3-14,2014-04-25,6.23,05-31-2014,Rabobank
Q4-14,2013-04-22,6.2,05-31-2014,Rabobank
Q4-14,2013-11-08,6.08,05-31-2014,Rabobank
Q4-14,2013-12-17,6.08,05-31-2014,Rabobank
Q4-14,2014-01-14,6.03,05-31-2014,Rabobank
Q4-14,2014-01-29,6.03,05-31-2014,Rabobank
Q4-14,2014-02-14,6.03,05-31-2014,Rabobank
Q4-14,2014-03-21,6.23,05-31-2014,Rabobank
Q4-14,2014-04-25,6.28,05-31-2014,Rabobank
Q1-15,2014-04-25,6.31,05-31-2014,Rabobank
Q1-22,2021-03-03,6.6,02-28-2022,Rabobank
Q1-22,2021-03-05,6.6,02-28-2022,Rabobank
Q1-22,2021-03-19,6.6,02-28-2022,Rabobank
Q1-22,2021-03-23,6.6,02-28-2022,Rabobank
Q1-22,2021-03-26,6.6,02-28-2022,Rabobank
Q1-22,2021-04-01,6.6,02-28-2022,Rabobank
Q1-22,2021-04-16,6.58,02-28-2022,Rabobank
Q1-22,2021-04-23,6.58,02-28-2022,Rabobank
Q1-22,2021-05-07,6.58,02-28-2022,Rabobank
Q1-22,2021-05-14,6.58,02-28-2022,Rabobank
Q1-22,2021-05-20,6.57,02-28-2022,Rabobank
Q1-22,2021-05-21,6.57,02-28-2022,Rabobank
Q1-22,2021-05-27,6.57,02-28-2022,Rabobank
Q1-22,2021-06-11,6.57,02-28-2022,Rabobank
Q1-22,2021-06-28,6.55,02-28-2022,Rabobank
Q1-22,2021-06-29,6.55,02-28-2022,Rabobank
Q1-22,2021-07-07,6.55,02-28-2022,Rabobank
Q1-22,2021-07-13,6.55,02-28-2022,Rabobank
Q1-22,2021-07-16,6.55,02-28-2022,Rabobank
Q1-22,2021-07-23,6.55,02-28-2022,Rabobank
Q1-22,2021-08-09,6.55,02-28-2022,Rabobank
Q1-22,2021-08-13,6.55,02-28-2022,Rabobank
Q1-22,2021-08-19,6.55,02-28-2022,Rabobank
Q1-22,2021-08-20,6.55,02-28-2022,Rabobank
Q1-22,2021-09-10,6.55,02-28-2022,Rabobank
Q1-22,2021-09-17,6.55,02-28-2022,Rabobank
Q1-22,2021-09-30,6.55,02-28-2022,Rabobank
Q1-22,2021-10-08,6.55,02-28-2022,Rabobank
Q1-22,2021-10-14,6.55,02-28-2022,Rabobank
Q1-22,2021-10-15,6.55,02-28-2022,Rabobank
Q1-22,2021-10-22,6.55,02-28-2022,Rabobank
Q1-22,2021-10-29,6.55,02-28-2022,Rabobank
Q1-22,2021-11-18,6.55,02-28-2022,Rabobank
Q1-22,2021-11-26,6.55,02-28-2022,Rabobank
Q1-22,2021-12-03,6.55,02-28-2022,Rabobank
Q1-22,2021-12-10,6.55,02-28-2022,Rabobank
Q1-22,2021-12-17,6.55,02-28-2022,Rabobank
Q1-22,2022-01-07,6.55,02-28-2022,Rabobank
Q1-22,2022-01-14,6.55,02-28-2022,Rabobank
Q1-22,2022-01-28,6.6,02-28-2022,Rabobank
Q1-22,2022-02-04,6.6,02-28-2022,Rabobank
Q1-22,2022-02-10,6.6,02-28-2022,Rabobank
Q1-22,2022-02-25,6.4,02-28-2022,Rabobank
Q2-22,2021-07-07,6.6,02-28-2022,Rabobank
Q2-22,2021-07-13,6.6,02-28-2022,Rabobank
Q2-22,2021-07-16,6.58,02-28-2022,Rabobank
Q2-22,2021-07-23,6.58,02-28-2022,Rabobank
Q2-22,2021-08-09,6.58,02-28-2022,Rabobank
Q2-22,2021-08-13,6.58,02-28-2022,Rabobank
Q2-22,2021-08-19,6.57,02-28-2022,Rabobank
Q2-22,2021-08-20,6.57,02-28-2022,Rabobank
Q2-22,2021-09-10,6.57,02-28-2022,Rabobank
Q2-22,2021-09-17,6.55,02-28-2022,Rabobank
Q2-22,2021-09-30,6.55,02-28-2022,Rabobank
Q2-22,2021-10-08,6.55,02-28-2022,Rabobank
Q2-22,2021-10-14,6.55,02-28-2022,Rabobank
Q2-22,2021-10-15,6.55,02-28-2022,Rabobank
Q2-22,2021-10-22,6.55,02-28-2022,Rabobank
Q2-22,2021-10-29,6.55,02-28-2022,Rabobank
Q2-22,2021-11-18,6.55,02-28-2022,Rabobank
Q2-22,2021-11-26,6.55,02-28-2022,Rabobank
Q2-22,2021-12-03,6.55,02-28-2022,Rabobank
Q2-22,2021-12-10,6.55,02-28-2022,Rabobank
Q2-22,2021-12-17,6.55,02-28-2022,Rabobank
Q2-22,2022-01-07,6.55,02-28-2022,Rabobank
Q2-22,2022-01-14,6.55,02-28-2022,Rabobank
Q2-22,2022-01-28,6.55,02-28-2022,Rabobank
Q2-22,2022-02-04,6.55,02-28-2022,Rabobank
Q2-22,2022-02-10,6.55,02-28-2022,Rabobank
Q2-22,2022-02-25,6.43,02-28-2022,Rabobank
Q3-22,2021-09-30,6.6,02-28-2022,Rabobank
Q3-22,2021-10-08,6.6,02-28-2022,Rabobank
Q3-22,2021-10-14,6.6,02-28-2022,Rabobank
Q3-22,2021-10-15,6.6,02-28-2022,Rabobank
Q3-22,2021-10-22,6.58,02-28-2022,Rabobank
Q3-22,2021-10-29,6.58,02-28-2022,Rabobank
Q3-22,2021-11-18,6.57,02-28-2022,Rabobank
Q3-22,2021-11-26,6.57,02-28-2022,Rabobank
Q3-22,2021-12-03,6.57,02-28-2022,Rabobank
Q3-22,2021-12-10,6.57,02-28-2022,Rabobank
Q3-22,2021-12-17,6.55,02-28-2022,Rabobank
Q3-22,2022-01-07,6.55,02-28-2022,Rabobank
Q3-22,2022-01-14,6.55,02-28-2022,Rabobank
Q3-22,2022-01-28,6.55,02-28-2022,Rabobank
Q3-22,2022-02-04,6.55,02-28-2022,Rabobank
Q3-22,2022-02-10,6.55,02-28-2022,Rabobank
Q3-22,2022-02-25,6.52,02-28-2022,Rabobank
Q4-22,2020-03-26,8.44,02-28-2022,Rabobank
Q4-22,2020-04-03,8.44,02-28-2022,Rabobank
Q4-22,2020-04-17,8.42,02-28-2022,Rabobank
Q4-22,2020-05-06,8.42,02-28-2022,Rabobank
Q4-22,2020-05-15,8.42,02-28-2022,Rabobank
Q4-22,2020-05-22,8.4,02-28-2022,Rabobank
Q4-22,2020-05-26,8.4,02-28-2022,Rabobank
Q4-22,2020-05-29,8.4,02-28-2022,Rabobank
Q4-22,2020-06-02,8.4,02-28-2022,Rabobank
Q4-22,2020-06-08,8.4,02-28-2022,Rabobank
Q4-22,2020-06-09,8.4,02-28-2022,Rabobank
Q4-22,2020-06-10,8.4,02-28-2022,Rabobank
Q4-22,2020-06-26,8.38,02-28-2022,Rabobank
Q4-22,2020-07-17,8.35,02-28-2022,Rabobank
Q4-22,2020-07-24,8.35,02-28-2022,Rabobank
Q4-22,2020-07-31,8.35,02-28-2022,Rabobank
Q4-22,2020-08-20,8.33,02-28-2022,Rabobank
Q4-22,2020-09-14,8.33,02-28-2022,Rabobank
Q4-22,2020-09-18,8.31,02-28-2022,Rabobank
Q4-22,2020-09-28,8.31,02-28-2022,Rabobank
Q4-22,2020-10-12,8.31,02-28-2022,Rabobank
Q4-22,2020-10-30,8.29,02-28-2022,Rabobank
Q4-22,2020-11-13,8.29,02-28-2022,Rabobank
Q4-22,2020-11-20,8.27,02-28-2022,Rabobank
Q4-22,2020-11-27,6.77,02-28-2022,Rabobank
Q4-22,2020-12-04,6.91,02-28-2022,Rabobank
Q4-22,2020-12-18,6.9,02-28-2022,Rabobank
Q4-22,2021-01-08,6.9,02-28-2022,Rabobank
Q4-22,2021-01-11,6.9,02-28-2022,Rabobank
Q4-22,2021-01-14,6.9,02-28-2022,Rabobank
Q4-22,2021-01-15,6.9,02-28-2022,Rabobank
Q4-22,2021-02-05,6.87,02-28-2022,Rabobank
Q4-22,2021-02-08,6.87,02-28-2022,Rabobank
Q4-22,2021-02-17,6.83,02-28-2022,Rabobank
Q4-22,2021-02-22,6.83,02-28-2022,Rabobank
Q4-22,2021-03-03,6.83,02-28-2022,Rabobank
Q4-22,2021-03-05,6.83,02-28-2022,Rabobank
Q4-22,2021-03-19,6.8,02-28-2022,Rabobank
Q4-22,2021-03-23,6.8,02-28-2022,Rabobank
Q4-22,2021-03-26,6.8,02-28-2022,Rabobank
Q4-22,2021-04-01,6.8,02-28-2022,Rabobank
Q4-22,2021-04-16,6.75,02-28-2022,Rabobank
Q4-22,2021-04-23,6.75,02-28-2022,Rabobank
Q4-22,2021-05-07,6.75,02-28-2022,Rabobank
Q4-22,2021-05-14,6.75,02-28-2022,Rabobank
Q4-22,2021-09-30,6.6,02-28-2022,Rabobank
Q4-22,2021-10-08,6.6,02-28-2022,Rabobank
Q4-22,2021-10-14,6.6,02-28-2022,Rabobank
Q4-22,2021-10-15,6.6,02-28-2022,Rabobank
Q4-22,2021-10-22,6.6,02-28-2022,Rabobank
Q4-22,2021-10-29,6.6,02-28-2022,Rabobank
Q4-22,2021-11-18,6.6,02-28-2022,Rabobank
Q4-22,2021-11-26,6.6,02-28-2022,Rabobank
Q4-22,2021-12-03,6.6,02-28-2022,Rabobank
Q4-22,2021-12-17,6.6,02-28-2022,Rabobank
Q4-22,2022-01-07,6.6,02-28-2022,Rabobank
Q4-22,2022-01-14,6.6,02-28-2022,Rabobank
Q4-22,2022-01-28,6.58,02-28-2022,Rabobank
Q4-22,2022-02-04,6.58,02-28-2022,Rabobank
Q4-22,2022-02-10,6.58,02-28-2022,Rabobank
Q4-22,2022-02-25,6.57,02-28-2022,Rabobank
2023,2020-03-26,8.5,02-28-2022,Rabobank
2023,2020-04-03,8.5,02-28-2022,Rabobank
2023,2020-04-17,8.5,02-28-2022,Rabobank
2023,2020-05-06,8.5,02-28-2022,Rabobank
2023,2020-05-15,8.5,02-28-2022,Rabobank
2023,2020-05-22,8.5,02-28-2022,Rabobank
2023,2020-05-26,8.5,02-28-2022,Rabobank
2023,2020-05-29,8.5,02-28-2022,Rabobank
2023,2020-06-02,8.5,02-28-2022,Rabobank
2023,2020-06-08,8.5,02-28-2022,Rabobank
2023,2020-06-09,8.5,02-28-2022,Rabobank
2023,2020-06-10,8.5,02-28-2022,Rabobank
2023,2020-06-26,8.5,02-28-2022,Rabobank
2023,2020-07-17,8.5,02-28-2022,Rabobank
2023,2020-07-24,8.5,02-28-2022,Rabobank
2023,2020-07-31,8.5,02-28-2022,Rabobank
2023,2020-08-20,8.5,02-28-2022,Rabobank
2023,2020-09-14,8.5,02-28-2022,Rabobank
2023,2020-09-18,8.5,02-28-2022,Rabobank
2023,2020-09-28,8.5,02-28-2022,Rabobank
2023,2020-10-12,8.5,02-28-2022,Rabobank
2023,2020-10-30,8.5,02-28-2022,Rabobank
2023,2020-11-13,8.5,02-28-2022,Rabobank
2023,2020-11-20,8.5,02-28-2022,Rabobank
2023,2020-11-27,7.02,02-28-2022,Rabobank
2023,2020-12-04,7.02,02-28-2022,Rabobank
2023,2020-12-18,7.0,02-28-2022,Rabobank
2023,2021-01-08,7.0,02-28-2022,Rabobank
2023,2021-01-11,7.0,02-28-2022,Rabobank
2023,2021-01-14,7.0,02-28-2022,Rabobank
2023,2021-01-15,7.0,02-28-2022,Rabobank
2023,2021-02-05,6.99,02-28-2022,Rabobank
2023,2021-03-03,6.98,02-28-2022,Rabobank
2023,2021-03-05,6.98,02-28-2022,Rabobank
2023,2021-03-19,6.98,02-28-2022,Rabobank
2023,2021-03-23,6.98,02-28-2022,Rabobank
2023,2021-03-26,6.98,02-28-2022,Rabobank
2023,2021-04-01,6.98,02-28-2022,Rabobank
2023,2021-04-16,6.97,02-28-2022,Rabobank
2023,2021-04-23,6.97,02-28-2022,Rabobank
2023,2021-09-30,6.93,02-28-2022,Rabobank
2023,2021-10-14,6.93,02-28-2022,Rabobank
2023,2021-10-29,6.92,02-28-2022,Rabobank
2023,2021-11-18,6.91,02-28-2022,Rabobank
2023,2022-01-14,6.9,02-28-2022,Rabobank
2023,2022-01-28,6.87,02-28-2022,Rabobank
2023,2022-02-04,6.87,02-28-2022,Rabobank
2023,2022-02-10,6.87,02-28-2022,Rabobank
2023,2022-02-25,6.83,02-28-2022,Rabobank
2024,2020-03-26,8.5,02-28-2022,Rabobank
2024,2020-04-03,8.5,02-28-2022,Rabobank
2024,2020-05-06,8.5,02-28-2022,Rabobank
2024,2020-05-15,8.5,02-28-2022,Rabobank
2024,2020-05-22,8.5,02-28-2022,Rabobank
2024,2020-05-26,8.5,02-28-2022,Rabobank
2024,2020-05-29,8.5,02-28-2022,Rabobank
2024,2020-06-02,8.5,02-28-2022,Rabobank
2024,2020-06-08,8.5,02-28-2022,Rabobank
2024,2020-06-09,8.5,02-28-2022,Rabobank
2024,2020-06-10,8.5,02-28-2022,Rabobank
2024,2020-06-26,8.5,02-28-2022,Rabobank
2024,2020-07-17,8.5,02-28-2022,Rabobank
2024,2020-07-24,8.5,02-28-2022,Rabobank
2024,2020-07-31,8.5,02-28-2022,Rabobank
2024,2020-08-20,8.5,02-28-2022,Rabobank
2024,2020-09-14,8.5,02-28-2022,Rabobank
2024,2020-09-18,8.5,02-28-2022,Rabobank
2024,2020-09-28,8.5,02-28-2022,Rabobank
2024,2020-10-12,8.5,02-28-2022,Rabobank
2024,2020-10-30,8.5,02-28-2022,Rabobank
2024,2020-11-13,8.5,02-28-2022,Rabobank
2024,2020-11-20,8.5,02-28-2022,Rabobank
2024,2020-11-27,7.25,02-28-2022,Rabobank
2024,2020-12-04,7.25,02-28-2022,Rabobank
2024,2020-12-18,7.2,02-28-2022,Rabobank
2024,2021-01-08,7.2,02-28-2022,Rabobank
2024,2021-01-11,7.2,02-28-2022,Rabobank
2024,2021-01-14,7.2,02-28-2022,Rabobank
2024,2021-01-15,7.2,02-28-2022,Rabobank
2024,2021-02-05,7.18,02-28-2022,Rabobank
2024,2021-03-03,7.17,02-28-2022,Rabobank
2024,2021-03-05,7.17,02-28-2022,Rabobank
2024,2021-03-19,7.15,02-28-2022,Rabobank
2024,2021-03-23,7.15,02-28-2022,Rabobank
2024,2021-03-26,7.15,02-28-2022,Rabobank
2024,2021-04-01,7.15,02-28-2022,Rabobank
2024,2021-04-16,7.13,02-28-2022,Rabobank
2024,2021-04-23,7.13,02-28-2022,Rabobank
2024,2021-09-30,7.05,02-28-2022,Rabobank
2024,2021-10-14,7.05,02-28-2022,Rabobank
2024,2021-10-29,7.03,02-28-2022,Rabobank
2024,2021-11-18,7.02,02-28-2022,Rabobank
2025,2020-12-18,7.75,02-28-2022,Rabobank
2025,2021-01-08,7.75,02-28-2022,Rabobank
2025,2021-01-11,7.75,02-28-2022,Rabobank
2025,2021-01-14,7.75,02-28-2022,Rabobank
2025,2021-01-15,7.75,02-28-2022,Rabobank
2025,2021-02-05,7.7,02-28-2022,Rabobank
2025,2021-04-16,7.57,02-28-2022,Rabobank
2025,2021-04-23,7.57,02-28-2022,Rabobank
2025,2021-09-30,7.34,02-28-2022,Rabobank
2025,2021-10-14,7.34,02-28-2022,Rabobank
2025,2021-10-29,7.29,02-28-2022,Rabobank
2025,2021-11-18,7.25,02-28-2022,Rabobank
Q4-13,2013-04-22,6.17,11-30-2013,Rabobank
Q4-13,2013-09-06,6.08,11-30-2013,Rabobank
Q4-13,2013-10-02,6.11,11-30-2013,Rabobank
Q4-13,2013-10-07,6.11,11-30-2013,Rabobank
Q4-13,2013-11-08,6.08,11-30-2013,Rabobank
Q1-14,2013-04-22,6.15,11-30-2013,Rabobank
Q1-14,2013-09-06,6.06,11-30-2013,Rabobank
Q1-14,2013-10-02,6.07,11-30-2013,Rabobank
Q1-14,2013-10-07,6.07,11-30-2013,Rabobank
Q1-14,2013-11-08,6.06,11-30-2013,Rabobank
Q2-14,2013-09-06,6.08,11-30-2013,Rabobank
Q2-14,2013-10-02,6.07,11-30-2013,Rabobank
Q2-14,2013-10-07,6.07,11-30-2013,Rabobank
Q2-14,2013-11-08,6.06,11-30-2013,Rabobank
Q3-14,2013-10-02,6.08,11-30-2013,Rabobank
Q3-14,2013-10-07,6.08,11-30-2013,Rabobank
Q3-14,2013-11-08,6.08,11-30-2013,Rabobank
2014,2013-04-22,6.2,11-30-2013,Rabobank
2014,2013-11-08,6.08,11-30-2013,Rabobank
Q1-14,2013-04-22,6.15,02-28-2014,Rabobank
Q1-14,2013-09-06,6.06,02-28-2014,Rabobank
Q1-14,2013-10-02,6.07,02-28-2014,Rabobank
Q1-14,2013-10-07,6.07,02-28-2014,Rabobank
Q1-14,2013-11-08,6.06,02-28-2014,Rabobank
Q1-14,2013-12-17,6.06,02-28-2014,Rabobank
Q1-14,2014-01-14,6.03,02-28-2014,Rabobank
Q1-14,2014-01-29,6.03,02-28-2014,Rabobank
Q1-14,2014-02-14,6.03,02-28-2014,Rabobank
Q2-14,2013-09-06,6.08,02-28-2014,Rabobank
Q2-14,2013-10-02,6.07,02-28-2014,Rabobank
Q2-14,2013-10-07,6.07,02-28-2014,Rabobank
Q2-14,2013-11-08,6.06,02-28-2014,Rabobank
Q2-14,2013-12-17,6.06,02-28-2014,Rabobank
Q2-14,2014-01-14,6.0,02-28-2014,Rabobank
Q2-14,2014-01-29,6.01,02-28-2014,Rabobank
Q2-14,2014-02-14,6.01,02-28-2014,Rabobank
Q3-14,2013-10-02,6.08,02-28-2014,Rabobank
Q3-14,2013-10-07,6.08,02-28-2014,Rabobank
Q3-14,2013-11-08,6.08,02-28-2014,Rabobank
Q3-14,2013-12-17,6.08,02-28-2014,Rabobank
Q3-14,2014-01-14,6.02,02-28-2014,Rabobank
Q3-14,2014-01-29,6.01,02-28-2014,Rabobank
Q3-14,2014-02-14,6.01,02-28-2014,Rabobank
Q4-14,2013-04-22,6.2,02-28-2014,Rabobank
Q4-14,2013-11-08,6.08,02-28-2014,Rabobank
Q4-14,2013-12-17,6.08,02-28-2014,Rabobank
Q4-14,2014-01-14,6.03,02-28-2014,Rabobank
Q4-14,2014-01-29,6.03,02-28-2014,Rabobank
Q4-14,2014-02-14,6.03,02-28-2014,Rabobank
Q3-13,2013-04-22,6.2,08-31-2013,Rabobank
Q4-13,2013-04-22,6.17,08-31-2013,Rabobank
Q1-14,2013-04-22,6.15,08-31-2013,Rabobank
2014,2013-04-22,6.2,08-31-2013,Rabobank
Q2-18,2017-06-12,7.77,05-31-2018,Rabobank
Q2-18,2017-06-29,7.75,05-31-2018,Rabobank
Q2-18,2017-07-11,7.75,05-31-2018,Rabobank
Q2-18,2017-07-31,7.63,05-31-2018,Rabobank
Q2-18,2017-08-22,7.33,05-31-2018,Rabobank
Q2-18,2017-08-24,7.33,05-31-2018,Rabobank
Q2-18,2017-09-08,7.33,05-31-2018,Rabobank
Q2-18,2017-10-03,7.25,05-31-2018,Rabobank
Q2-18,2017-10-09,7.25,05-31-2018,Rabobank
Q2-18,2017-11-03,7.15,05-31-2018,Rabobank
Q2-18,2017-12-04,7.05,05-31-2018,Rabobank
Q2-18,2018-01-03,6.95,05-31-2018,Rabobank
Q2-18,2018-01-29,6.67,05-31-2018,Rabobank
Q2-18,2018-03-01,6.63,05-31-2018,Rabobank
Q2-18,2018-03-13,6.63,05-31-2018,Rabobank
Q2-18,2018-03-23,6.6,05-31-2018,Rabobank
Q2-18,2018-03-27,6.6,05-31-2018,Rabobank
Q2-18,2018-04-23,6.37,05-31-2018,Rabobank
Q2-18,2018-05-16,6.33,05-31-2018,Rabobank
Q2-18,2018-05-18,6.33,05-31-2018,Rabobank
Q3-18,2017-09-08,7.6,05-31-2018,Rabobank
Q3-18,2017-10-03,7.5,05-31-2018,Rabobank
Q3-18,2017-10-09,7.5,05-31-2018,Rabobank
Q3-18,2017-11-03,7.42,05-31-2018,Rabobank
Q3-18,2017-12-04,7.33,05-31-2018,Rabobank
Q3-18,2018-01-03,7.25,05-31-2018,Rabobank
Q3-18,2018-01-29,6.73,05-31-2018,Rabobank
Q3-18,2018-03-01,6.72,05-31-2018,Rabobank
Q3-18,2018-03-13,6.72,05-31-2018,Rabobank
Q3-18,2018-03-23,6.7,05-31-2018,Rabobank
Q3-18,2018-03-27,6.7,05-31-2018,Rabobank
Q3-18,2018-04-23,6.43,05-31-2018,Rabobank
Q3-18,2018-05-16,6.42,05-31-2018,Rabobank
Q3-18,2018-05-18,6.42,05-31-2018,Rabobank
Q4-18,2016-06-06,7.69,05-31-2018,Rabobank
Q4-18,2016-06-29,7.7,05-31-2018,Rabobank
Q4-18,2016-08-09,7.71,05-31-2018,Rabobank
Q4-18,2016-08-12,7.71,05-31-2018,Rabobank
Q4-18,2016-09-06,7.72,05-31-2018,Rabobank
Q4-18,2016-09-16,7.73,05-31-2018,Rabobank
Q4-18,2016-11-11,8.21,05-31-2018,Rabobank
Q4-18,2016-11-18,8.2,05-31-2018,Rabobank
Q4-18,2016-11-24,8.2,05-31-2018,Rabobank
Q4-18,2017-01-10,8.2,05-31-2018,Rabobank
Q4-18,2017-02-06,8.15,05-31-2018,Rabobank
Q4-18,2017-04-21,8.0,05-31-2018,Rabobank
Q4-18,2017-05-05,8.0,05-31-2018,Rabobank
Q4-18,2017-05-31,7.95,05-31-2018,Rabobank
Q4-18,2017-06-12,7.95,05-31-2018,Rabobank
Q4-18,2017-07-31,7.87,05-31-2018,Rabobank
Q4-18,2017-08-22,7.83,05-31-2018,Rabobank
Q4-18,2017-08-24,7.83,05-31-2018,Rabobank
Q4-18,2017-09-08,7.83,05-31-2018,Rabobank
Q4-18,2017-12-04,7.6,05-31-2018,Rabobank
Q4-18,2018-01-03,7.5,05-31-2018,Rabobank
Q4-18,2018-01-29,6.78,05-31-2018,Rabobank
Q4-18,2018-03-01,6.77,05-31-2018,Rabobank
Q4-18,2018-03-13,6.77,05-31-2018,Rabobank
Q4-18,2018-03-23,6.75,05-31-2018,Rabobank
Q4-18,2018-03-27,6.75,05-31-2018,Rabobank
Q4-18,2018-04-23,6.48,05-31-2018,Rabobank
Q4-18,2018-05-16,6.47,05-31-2018,Rabobank
Q4-18,2018-05-18,6.47,05-31-2018,Rabobank
Q1-19,2018-03-01,6.8,05-31-2018,Rabobank
Q1-19,2018-03-13,6.8,05-31-2018,Rabobank
Q1-19,2018-03-23,6.8,05-31-2018,Rabobank
Q1-19,2018-03-27,6.8,05-31-2018,Rabobank
Q1-19,2018-04-23,6.63,05-31-2018,Rabobank
Q1-19,2018-05-16,6.57,05-31-2018,Rabobank
Q1-19,2018-05-18,6.57,05-31-2018,Rabobank
2019,2016-06-06,7.56,05-31-2018,Rabobank
2019,2016-06-29,7.58,05-31-2018,Rabobank
2019,2016-08-09,7.59,05-31-2018,Rabobank
2019,2016-08-12,7.59,05-31-2018,Rabobank
2019,2016-09-06,7.6,05-31-2018,Rabobank
2019,2016-09-16,7.61,05-31-2018,Rabobank
2019,2016-11-11,8.25,05-31-2018,Rabobank
2019,2016-11-18,8.25,05-31-2018,Rabobank
2019,2016-11-24,8.25,05-31-2018,Rabobank
2019,2017-01-10,8.25,05-31-2018,Rabobank
2019,2017-02-06,8.25,05-31-2018,Rabobank
2019,2017-04-21,8.23,05-31-2018,Rabobank
2019,2017-05-05,8.23,05-31-2018,Rabobank
2019,2017-05-31,8.23,05-31-2018,Rabobank
2019,2017-06-12,8.23,05-31-2018,Rabobank
2019,2017-07-31,8.22,05-31-2018,Rabobank
2019,2018-05-18,7.07,05-31-2018,Rabobank
2020,2016-06-06,7.5,05-31-2018,Rabobank
2020,2016-06-29,7.5,05-31-2018,Rabobank
2020,2016-08-09,7.5,05-31-2018,Rabobank
2020,2016-08-12,7.5,05-31-2018,Rabobank
2020,2016-09-06,7.5,05-31-2018,Rabobank
2020,2016-09-16,7.5,05-31-2018,Rabobank
2020,2016-11-11,8.25,05-31-2018,Rabobank
2020,2016-11-18,8.25,05-31-2018,Rabobank
2020,2016-11-24,8.25,05-31-2018,Rabobank
2020,2017-01-10,8.25,05-31-2018,Rabobank
2020,2017-02-06,8.25,05-31-2018,Rabobank
2020,2017-04-21,8.25,05-31-2018,Rabobank
2020,2017-05-05,8.25,05-31-2018,Rabobank
2020,2017-05-31,8.25,05-31-2018,Rabobank
2020,2017-06-12,8.25,05-31-2018,Rabobank
2020,2018-05-18,7.92,05-31-2018,Rabobank
2021,2017-01-10,8.25,05-31-2018,Rabobank
2021,2017-02-06,8.25,05-31-2018,Rabobank
2021,2017-04-21,8.25,05-31-2018,Rabobank
2021,2017-05-05,8.25,05-31-2018,Rabobank
2021,2017-05-31,8.25,05-31-2018,Rabobank
2021,2017-06-12,8.25,05-31-2018,Rabobank
2021,2018-05-18,8.09,05-31-2018,Rabobank
2022,2018-05-18,8.15,05-31-2018,Rabobank
Q4-09,2008-11-21,6.6,11-30-2009,Rabobank
Q4-09,2009-01-20,6.8,11-30-2009,Rabobank
Q4-09,2009-10-19,6.83,11-30-2009,Rabobank
Q1-10,2009-10-19,6.83,11-30-2009,Rabobank
Q2-10,2009-10-19,6.83,11-30-2009,Rabobank
Q3-10,2009-10-19,6.81,11-30-2009,Rabobank
2010,2009-10-19,6.8,11-30-2009,Rabobank
Q4-14,2013-04-22,6.2,11-30-2014,Rabobank
Q4-14,2013-11-08,6.08,11-30-2014,Rabobank
Q4-14,2013-12-17,6.08,11-30-2014,Rabobank
Q4-14,2014-01-14,6.03,11-30-2014,Rabobank
Q4-14,2014-01-29,6.03,11-30-2014,Rabobank
Q4-14,2014-02-14,6.03,11-30-2014,Rabobank
Q4-14,2014-03-21,6.23,11-30-2014,Rabobank
Q4-14,2014-04-25,6.28,11-30-2014,Rabobank
Q4-14,2014-06-17,6.3,11-30-2014,Rabobank
Q4-14,2014-07-17,6.29,11-30-2014,Rabobank
Q4-14,2014-08-22,6.29,11-30-2014,Rabobank
Q4-14,2014-09-03,6.29,11-30-2014,Rabobank
Q4-14,2014-09-16,6.28,11-30-2014,Rabobank
Q4-14,2014-10-06,6.2,11-30-2014,Rabobank
Q4-14,2014-10-17,6.18,11-30-2014,Rabobank
Q4-14,2014-11-04,6.18,11-30-2014,Rabobank
Q4-14,2014-11-14,6.18,11-30-2014,Rabobank
Q4-14,2014-11-21,6.15,11-30-2014,Rabobank
Q1-15,2014-04-25,6.31,11-30-2014,Rabobank
Q1-15,2014-06-17,6.32,11-30-2014,Rabobank
Q1-15,2014-07-17,6.31,11-30-2014,Rabobank
Q1-15,2014-08-22,6.31,11-30-2014,Rabobank
Q1-15,2014-09-03,6.31,11-30-2014,Rabobank
Q1-15,2014-09-16,6.3,11-30-2014,Rabobank
Q1-15,2014-10-06,6.3,11-30-2014,Rabobank
Q1-15,2014-10-17,6.27,11-30-2014,Rabobank
Q1-15,2014-11-04,6.27,11-30-2014,Rabobank
Q1-15,2014-11-14,6.27,11-30-2014,Rabobank
Q1-15,2014-11-21,6.33,11-30-2014,Rabobank
Q2-15,2014-07-17,6.34,11-30-2014,Rabobank
Q2-15,2014-08-22,6.33,11-30-2014,Rabobank
Q2-15,2014-09-03,6.33,11-30-2014,Rabobank
Q2-15,2014-09-16,6.32,11-30-2014,Rabobank
Q2-15,2014-10-06,6.32,11-30-2014,Rabobank
Q2-15,2014-10-17,6.31,11-30-2014,Rabobank
Q2-15,2014-11-04,6.31,11-30-2014,Rabobank
Q2-15,2014-11-14,6.31,11-30-2014,Rabobank
Q2-15,2014-11-21,6.37,11-30-2014,Rabobank
Q3-15,2014-09-16,6.35,11-30-2014,Rabobank
Q3-15,2014-10-06,6.35,11-30-2014,Rabobank
Q3-15,2014-10-17,6.34,11-30-2014,Rabobank
Q3-15,2014-11-04,6.34,11-30-2014,Rabobank
Q3-15,2014-11-14,6.34,11-30-2014,Rabobank
Q3-15,2014-11-21,6.28,11-30-2014,Rabobank
2015,2014-07-17,6.38,11-30-2014,Rabobank
2015,2014-10-06,6.35,11-30-2014,Rabobank
2015,2014-10-17,6.35,11-30-2014,Rabobank
2015,2014-11-21,6.28,11-30-2014,Rabobank
Q1-09,2008-03-20,6.75,02-28-2009,Rabobank
Q1-09,2008-11-21,6.75,02-28-2009,Rabobank
Q1-09,2009-01-20,6.8,02-28-2009,Rabobank
Q2-09,2008-11-21,6.7,02-28-2009,Rabobank
Q2-09,2009-01-20,6.8,02-28-2009,Rabobank
Q3-09,2008-11-21,6.65,02-28-2009,Rabobank
Q3-09,2009-01-20,6.8,02-28-2009,Rabobank
Q4-09,2008-11-21,6.6,02-28-2009,Rabobank
Q4-09,2009-01-20,6.8,02-28-2009,Rabobank
Q2-13,2013-04-22,6.2,05-31-2013,Rabobank
Q3-13,2013-04-22,6.2,05-31-2013,Rabobank
Q4-13,2013-04-22,6.17,05-31-2013,Rabobank
Q1-14,2013-04-22,6.15,05-31-2013,Rabobank
2014,2013-04-22,6.2,05-31-2013,Rabobank
Q3-18,2017-09-08,7.6,08-31-2018,Rabobank
Q3-18,2017-10-03,7.5,08-31-2018,Rabobank
Q3-18,2017-10-09,7.5,08-31-2018,Rabobank
Q3-18,2017-11-03,7.42,08-31-2018,Rabobank
Q3-18,2017-12-04,7.33,08-31-2018,Rabobank
Q3-18,2018-01-03,7.25,08-31-2018,Rabobank
Q3-18,2018-01-29,6.73,08-31-2018,Rabobank
Q3-18,2018-03-01,6.72,08-31-2018,Rabobank
Q3-18,2018-03-13,6.72,08-31-2018,Rabobank
Q3-18,2018-03-23,6.7,08-31-2018,Rabobank
Q3-18,2018-03-27,6.7,08-31-2018,Rabobank
Q3-18,2018-04-23,6.43,08-31-2018,Rabobank
Q3-18,2018-05-16,6.42,08-31-2018,Rabobank
Q3-18,2018-05-18,6.42,08-31-2018,Rabobank
Q3-18,2018-06-01,6.42,08-31-2018,Rabobank
Q3-18,2018-06-08,6.42,08-31-2018,Rabobank
Q3-18,2018-07-17,6.65,08-31-2018,Rabobank
Q3-18,2018-08-01,6.85,08-31-2018,Rabobank
Q3-18,2018-08-21,6.85,08-31-2018,Rabobank
Q4-18,2016-09-06,7.72,08-31-2018,Rabobank
Q4-18,2016-09-16,7.73,08-31-2018,Rabobank
Q4-18,2016-11-11,8.21,08-31-2018,Rabobank
Q4-18,2016-11-18,8.2,08-31-2018,Rabobank
Q4-18,2016-11-24,8.2,08-31-2018,Rabobank
Q4-18,2017-01-10,8.2,08-31-2018,Rabobank
Q4-18,2017-02-06,8.15,08-31-2018,Rabobank
Q4-18,2017-04-21,8.0,08-31-2018,Rabobank
Q4-18,2017-05-05,8.0,08-31-2018,Rabobank
Q4-18,2017-05-31,7.95,08-31-2018,Rabobank
Q4-18,2017-06-12,7.95,08-31-2018,Rabobank
Q4-18,2017-07-31,7.87,08-31-2018,Rabobank
Q4-18,2017-08-22,7.83,08-31-2018,Rabobank
Q4-18,2017-08-24,7.83,08-31-2018,Rabobank
Q4-18,2017-09-08,7.83,08-31-2018,Rabobank
Q4-18,2017-12-04,7.6,08-31-2018,Rabobank
Q4-18,2018-01-03,7.5,08-31-2018,Rabobank
Q4-18,2018-01-29,6.78,08-31-2018,Rabobank
Q4-18,2018-03-01,6.77,08-31-2018,Rabobank
Q4-18,2018-03-13,6.77,08-31-2018,Rabobank
Q4-18,2018-03-23,6.75,08-31-2018,Rabobank
Q4-18,2018-03-27,6.75,08-31-2018,Rabobank
Q4-18,2018-04-23,6.48,08-31-2018,Rabobank
Q4-18,2018-05-16,6.47,08-31-2018,Rabobank
Q4-18,2018-05-18,6.47,08-31-2018,Rabobank
Q4-18,2018-06-01,6.47,08-31-2018,Rabobank
Q4-18,2018-06-08,6.47,08-31-2018,Rabobank
Q4-18,2018-07-17,6.72,08-31-2018,Rabobank
Q4-18,2018-08-01,6.92,08-31-2018,Rabobank
Q4-18,2018-08-21,6.88,08-31-2018,Rabobank
Q1-19,2018-03-01,6.8,08-31-2018,Rabobank
Q1-19,2018-03-13,6.8,08-31-2018,Rabobank
Q1-19,2018-03-23,6.8,08-31-2018,Rabobank
Q1-19,2018-03-27,6.8,08-31-2018,Rabobank
Q1-19,2018-04-23,6.63,08-31-2018,Rabobank
Q1-19,2018-05-16,6.57,08-31-2018,Rabobank
Q1-19,2018-05-18,6.57,08-31-2018,Rabobank
Q1-19,2018-06-01,6.57,08-31-2018,Rabobank
Q1-19,2018-06-08,6.57,08-31-2018,Rabobank
Q1-19,2018-07-17,6.78,08-31-2018,Rabobank
Q1-19,2018-08-01,6.95,08-31-2018,Rabobank
Q1-19,2018-08-21,6.95,08-31-2018,Rabobank
Q2-19,2018-06-01,6.73,08-31-2018,Rabobank
Q2-19,2018-06-08,6.73,08-31-2018,Rabobank
Q2-19,2018-07-17,6.8,08-31-2018,Rabobank
Q2-19,2018-08-01,6.95,08-31-2018,Rabobank
Q2-19,2018-08-21,6.95,08-31-2018,Rabobank
2019,2016-09-06,7.6,08-31-2018,Rabobank
2019,2016-09-16,7.61,08-31-2018,Rabobank
2019,2016-11-11,8.25,08-31-2018,Rabobank
2019,2016-11-18,8.25,08-31-2018,Rabobank
2019,2016-11-24,8.25,08-31-2018,Rabobank
2019,2017-01-10,8.25,08-31-2018,Rabobank
2019,2017-02-06,8.25,08-31-2018,Rabobank
2019,2017-04-21,8.23,08-31-2018,Rabobank
2019,2017-05-05,8.23,08-31-2018,Rabobank
2019,2017-05-31,8.23,08-31-2018,Rabobank
2019,2017-06-12,8.23,08-31-2018,Rabobank
2019,2017-07-31,8.22,08-31-2018,Rabobank
2019,2018-05-18,7.07,08-31-2018,Rabobank
2019,2018-07-17,6.83,08-31-2018,Rabobank
2020,2016-09-06,7.5,08-31-2018,Rabobank
2020,2016-09-16,7.5,08-31-2018,Rabobank
2020,2016-11-11,8.25,08-31-2018,Rabobank
2020,2016-11-18,8.25,08-31-2018,Rabobank
2020,2016-11-24,8.25,08-31-2018,Rabobank
2020,2017-01-10,8.25,08-31-2018,Rabobank
2020,2017-02-06,8.25,08-31-2018,Rabobank
2020,2017-04-21,8.25,08-31-2018,Rabobank
2020,2017-05-05,8.25,08-31-2018,Rabobank
2020,2017-05-31,8.25,08-31-2018,Rabobank
2020,2017-06-12,8.25,08-31-2018,Rabobank
2020,2018-05-18,7.92,08-31-2018,Rabobank
2020,2018-07-17,7.88,08-31-2018,Rabobank
2021,2017-01-10,8.25,08-31-2018,Rabobank
2021,2017-02-06,8.25,08-31-2018,Rabobank
2021,2017-04-21,8.25,08-31-2018,Rabobank
2021,2017-05-05,8.25,08-31-2018,Rabobank
2021,2017-05-31,8.25,08-31-2018,Rabobank
2021,2017-06-12,8.25,08-31-2018,Rabobank
2021,2018-05-18,8.09,08-31-2018,Rabobank
2021,2018-07-17,8.06,08-31-2018,Rabobank
2022,2018-05-18,8.15,08-31-2018,Rabobank
2022,2018-07-17,8.15,08-31-2018,Rabobank
Q4-18,2017-01-10,8.2,11-30-2018,Rabobank
Q4-18,2017-02-06,8.15,11-30-2018,Rabobank
Q4-18,2017-04-21,8.0,11-30-2018,Rabobank
Q4-18,2017-05-05,8.0,11-30-2018,Rabobank
Q4-18,2017-05-31,7.95,11-30-2018,Rabobank
Q4-18,2017-06-12,7.95,11-30-2018,Rabobank
Q4-18,2017-07-31,7.87,11-30-2018,Rabobank
Q4-18,2017-08-22,7.83,11-30-2018,Rabobank
Q4-18,2017-08-24,7.83,11-30-2018,Rabobank
Q4-18,2017-09-08,7.83,11-30-2018,Rabobank
Q4-18,2017-12-04,7.6,11-30-2018,Rabobank
Q4-18,2018-01-03,7.5,11-30-2018,Rabobank
Q4-18,2018-01-29,6.78,11-30-2018,Rabobank
Q4-18,2018-03-01,6.77,11-30-2018,Rabobank
Q4-18,2018-03-13,6.77,11-30-2018,Rabobank
Q4-18,2018-03-23,6.75,11-30-2018,Rabobank
Q4-18,2018-03-27,6.75,11-30-2018,Rabobank
Q4-18,2018-04-23,6.48,11-30-2018,Rabobank
Q4-18,2018-05-16,6.47,11-30-2018,Rabobank
Q4-18,2018-05-18,6.47,11-30-2018,Rabobank
Q4-18,2018-06-01,6.47,11-30-2018,Rabobank
Q4-18,2018-06-08,6.47,11-30-2018,Rabobank
Q4-18,2018-07-17,6.72,11-30-2018,Rabobank
Q4-18,2018-08-01,6.92,11-30-2018,Rabobank
Q4-18,2018-08-21,6.88,11-30-2018,Rabobank
Q4-18,2018-09-20,6.85,11-30-2018,Rabobank
Q4-18,2018-10-19,6.85,11-30-2018,Rabobank
Q4-18,2018-11-09,6.95,11-30-2018,Rabobank
Q1-19,2018-03-01,6.8,11-30-2018,Rabobank
Q1-19,2018-03-13,6.8,11-30-2018,Rabobank
Q1-19,2018-03-23,6.8,11-30-2018,Rabobank
Q1-19,2018-03-27,6.8,11-30-2018,Rabobank
Q1-19,2018-04-23,6.63,11-30-2018,Rabobank
Q1-19,2018-05-16,6.57,11-30-2018,Rabobank
Q1-19,2018-05-18,6.57,11-30-2018,Rabobank
Q1-19,2018-06-01,6.57,11-30-2018,Rabobank
Q1-19,2018-06-08,6.57,11-30-2018,Rabobank
Q1-19,2018-07-17,6.78,11-30-2018,Rabobank
Q1-19,2018-08-01,6.95,11-30-2018,Rabobank
Q1-19,2018-08-21,6.95,11-30-2018,Rabobank
Q1-19,2018-09-20,6.95,11-30-2018,Rabobank
Q1-19,2018-10-19,6.92,11-30-2018,Rabobank
Q1-19,2018-11-09,7.15,11-30-2018,Rabobank
Q2-19,2018-06-01,6.73,11-30-2018,Rabobank
Q2-19,2018-06-08,6.73,11-30-2018,Rabobank
Q2-19,2018-07-17,6.8,11-30-2018,Rabobank
Q2-19,2018-08-01,6.95,11-30-2018,Rabobank
Q2-19,2018-08-21,6.95,11-30-2018,Rabobank
Q2-19,2018-09-20,6.95,11-30-2018,Rabobank
Q2-19,2018-10-19,6.95,11-30-2018,Rabobank
Q2-19,2018-11-09,7.58,11-30-2018,Rabobank
Q3-19,2018-10-19,6.95,11-30-2018,Rabobank
Q3-19,2018-11-09,7.82,11-30-2018,Rabobank
2019,2017-01-10,8.25,11-30-2018,Rabobank
2019,2017-02-06,8.25,11-30-2018,Rabobank
2019,2017-04-21,8.23,11-30-2018,Rabobank
2019,2017-05-05,8.23,11-30-2018,Rabobank
2019,2017-05-31,8.23,11-30-2018,Rabobank
2019,2017-06-12,8.23,11-30-2018,Rabobank
2019,2017-07-31,8.22,11-30-2018,Rabobank
2019,2018-05-18,7.07,11-30-2018,Rabobank
2019,2018-07-17,6.83,11-30-2018,Rabobank
2020,2017-01-10,8.25,11-30-2018,Rabobank
2020,2017-02-06,8.25,11-30-2018,Rabobank
2020,2017-04-21,8.25,11-30-2018,Rabobank
2020,2017-05-05,8.25,11-30-2018,Rabobank
2020,2017-05-31,8.25,11-30-2018,Rabobank
2020,2017-06-12,8.25,11-30-2018,Rabobank
2020,2018-05-18,7.92,11-30-2018,Rabobank
2020,2018-07-17,7.88,11-30-2018,Rabobank
2021,2017-01-10,8.25,11-30-2018,Rabobank
2021,2017-02-06,8.25,11-30-2018,Rabobank
2021,2017-04-21,8.25,11-30-2018,Rabobank
2021,2017-05-05,8.25,11-30-2018,Rabobank
2021,2017-05-31,8.25,11-30-2018,Rabobank
2021,2017-06-12,8.25,11-30-2018,Rabobank
2021,2018-05-18,8.09,11-30-2018,Rabobank
2021,2018-07-17,8.06,11-30-2018,Rabobank
2022,2018-05-18,8.15,11-30-2018,Rabobank
2022,2018-07-17,8.15,11-30-2018,Rabobank
Q3-14,2013-10-02,6.08,08-31-2014,Rabobank
Q3-14,2013-10-07,6.08,08-31-2014,Rabobank
Q3-14,2013-11-08,6.08,08-31-2014,Rabobank
Q3-14,2013-12-17,6.08,08-31-2014,Rabobank
Q3-14,2014-01-14,6.02,08-31-2014,Rabobank
Q3-14,2014-01-29,6.01,08-31-2014,Rabobank
Q3-14,2014-02-14,6.01,08-31-2014,Rabobank
Q3-14,2014-03-21,6.19,08-31-2014,Rabobank
Q3-14,2014-04-25,6.23,08-31-2014,Rabobank
Q3-14,2014-06-17,6.28,08-31-2014,Rabobank
Q3-14,2014-07-17,6.28,08-31-2014,Rabobank
Q3-14,2014-08-22,6.23,08-31-2014,Rabobank
Q4-14,2013-04-22,6.2,08-31-2014,Rabobank
Q4-14,2013-11-08,6.08,08-31-2014,Rabobank
Q4-14,2013-12-17,6.08,08-31-2014,Rabobank
Q4-14,2014-01-14,6.03,08-31-2014,Rabobank
Q4-14,2014-01-29,6.03,08-31-2014,Rabobank
Q4-14,2014-02-14,6.03,08-31-2014,Rabobank
Q4-14,2014-03-21,6.23,08-31-2014,Rabobank
Q4-14,2014-04-25,6.28,08-31-2014,Rabobank
Q4-14,2014-06-17,6.3,08-31-2014,Rabobank
Q4-14,2014-07-17,6.29,08-31-2014,Rabobank
Q4-14,2014-08-22,6.29,08-31-2014,Rabobank
Q1-15,2014-04-25,6.31,08-31-2014,Rabobank
Q1-15,2014-06-17,6.32,08-31-2014,Rabobank
Q1-15,2014-07-17,6.31,08-31-2014,Rabobank
Q1-15,2014-08-22,6.31,08-31-2014,Rabobank
Q2-15,2014-07-17,6.34,08-31-2014,Rabobank
Q2-15,2014-08-22,6.33,08-31-2014,Rabobank
2015,2014-07-17,6.38,08-31-2014,Rabobank
Q2-09,2008-11-21,6.7,05-31-2009,Rabobank
Q2-09,2009-01-20,6.8,05-31-2009,Rabobank
Q3-09,2008-11-21,6.65,05-31-2009,Rabobank
Q3-09,2009-01-20,6.8,05-31-2009,Rabobank
Q4-09,2008-11-21,6.6,05-31-2009,Rabobank
Q4-09,2009-01-20,6.8,05-31-2009,Rabobank
Q1-12,2011-07-04,6.3,02-28-2012,Rabobank
Q1-12,2012-02-03,6.3,02-28-2012,Rabobank
Q2-12,2011-07-04,6.3,02-28-2012,Rabobank
Q2-12,2012-02-03,6.27,02-28-2012,Rabobank
Q3-12,2012-02-03,6.24,02-28-2012,Rabobank
Q4-12,2010-08-05,6.55,02-28-2012,Rabobank
Q4-12,2012-02-03,6.17,02-28-2012,Rabobank
Q2-08,2008-02-21,7.03,05-31-2008,Rabobank
Q2-08,2008-03-20,6.95,05-31-2008,Rabobank
Q3-08,2008-02-21,6.93,05-31-2008,Rabobank
Q3-08,2008-03-20,6.87,05-31-2008,Rabobank
Q4-08,2006-07-26,7.5,05-31-2008,Rabobank
Q4-08,2006-08-11,7.5,05-31-2008,Rabobank
Q4-08,2006-09-18,7.5,05-31-2008,Rabobank
Q4-08,2006-10-27,7.5,05-31-2008,Rabobank
Q4-08,2008-02-21,6.85,05-31-2008,Rabobank
Q4-08,2008-03-20,6.79,05-31-2008,Rabobank
Q1-09,2008-03-20,6.75,05-31-2008,Rabobank
Q3-15,2014-09-16,6.35,08-31-2015,Rabobank
Q3-15,2014-10-06,6.35,08-31-2015,Rabobank
Q3-15,2014-10-17,6.34,08-31-2015,Rabobank
Q3-15,2014-11-04,6.34,08-31-2015,Rabobank
Q3-15,2014-11-14,6.34,08-31-2015,Rabobank
Q3-15,2014-11-21,6.28,08-31-2015,Rabobank
Q3-15,2014-12-08,6.28,08-31-2015,Rabobank
Q3-15,2014-12-18,6.3,08-31-2015,Rabobank
Q3-15,2015-01-05,6.3,08-31-2015,Rabobank
Q3-15,2015-01-06,6.3,08-31-2015,Rabobank
Q3-15,2015-01-19,6.33,08-31-2015,Rabobank
Q3-15,2015-01-29,6.33,08-31-2015,Rabobank
Q3-15,2015-03-02,6.33,08-31-2015,Rabobank
Q3-15,2015-03-06,6.33,08-31-2015,Rabobank
Q3-15,2015-04-02,6.35,08-31-2015,Rabobank
Q3-15,2015-04-22,6.33,08-31-2015,Rabobank
Q3-15,2015-05-13,6.28,08-31-2015,Rabobank
Q3-15,2015-06-03,6.26,08-31-2015,Rabobank
Q3-15,2015-06-17,6.24,08-31-2015,Rabobank
Q3-15,2015-07-08,6.24,08-31-2015,Rabobank
Q3-15,2015-07-28,6.23,08-31-2015,Rabobank
Q3-15,2015-08-04,6.23,08-31-2015,Rabobank
Q3-15,2015-08-19,6.45,08-31-2015,Rabobank
Q3-15,2015-08-21,6.45,08-31-2015,Rabobank
Q4-15,2014-07-17,6.38,08-31-2015,Rabobank
Q4-15,2014-10-06,6.35,08-31-2015,Rabobank
Q4-15,2014-10-17,6.35,08-31-2015,Rabobank
Q4-15,2014-11-21,6.28,08-31-2015,Rabobank
Q4-15,2014-12-08,6.28,08-31-2015,Rabobank
Q4-15,2014-12-18,6.25,08-31-2015,Rabobank
Q4-15,2015-01-05,6.25,08-31-2015,Rabobank
Q4-15,2015-01-06,6.25,08-31-2015,Rabobank
Q4-15,2015-01-19,6.27,08-31-2015,Rabobank
Q4-15,2015-01-29,6.27,08-31-2015,Rabobank
Q4-15,2015-03-02,6.32,08-31-2015,Rabobank
Q4-15,2015-03-06,6.32,08-31-2015,Rabobank
Q4-15,2015-04-02,6.4,08-31-2015,Rabobank
Q4-15,2015-04-22,6.38,08-31-2015,Rabobank
Q4-15,2015-05-13,6.33,08-31-2015,Rabobank
Q4-15,2015-06-03,6.32,08-31-2015,Rabobank
Q4-15,2015-06-17,6.3,08-31-2015,Rabobank
Q4-15,2015-07-08,6.3,08-31-2015,Rabobank
Q4-15,2015-07-28,6.28,08-31-2015,Rabobank
Q4-15,2015-08-04,6.28,08-31-2015,Rabobank
Q4-15,2015-08-19,6.53,08-31-2015,Rabobank
Q4-15,2015-08-21,6.53,08-31-2015,Rabobank
Q1-16,2015-03-06,6.32,08-31-2015,Rabobank
Q1-16,2015-04-02,6.42,08-31-2015,Rabobank
Q1-16,2015-04-22,6.41,08-31-2015,Rabobank
Q1-16,2015-05-13,6.38,08-31-2015,Rabobank
Q1-16,2015-06-03,6.37,08-31-2015,Rabobank
Q1-16,2015-06-17,6.35,08-31-2015,Rabobank
Q1-16,2015-07-08,6.35,08-31-2015,Rabobank
Q1-16,2015-07-28,6.33,08-31-2015,Rabobank
Q1-16,2015-08-04,6.33,08-31-2015,Rabobank
Q1-16,2015-08-19,6.62,08-31-2015,Rabobank
Q1-16,2015-08-21,6.62,08-31-2015,Rabobank
Q2-16,2015-06-17,6.4,08-31-2015,Rabobank
Q2-16,2015-07-08,6.4,08-31-2015,Rabobank
Q2-16,2015-07-28,6.38,08-31-2015,Rabobank
Q2-16,2015-08-04,6.38,08-31-2015,Rabobank
Q2-16,2015-08-19,6.67,08-31-2015,Rabobank
Q2-16,2015-08-21,6.67,08-31-2015,Rabobank
2016,2015-03-06,6.47,08-31-2015,Rabobank
2016,2015-04-22,6.38,08-31-2015,Rabobank
2016,2015-05-13,6.33,08-31-2015,Rabobank
2016,2015-06-17,6.48,08-31-2015,Rabobank
2016,2015-08-19,6.77,08-31-2015,Rabobank
2016,2015-08-21,6.77,08-31-2015,Rabobank
2017,2015-03-06,6.55,08-31-2015,Rabobank
2017,2015-08-21,6.97,08-31-2015,Rabobank
2018,2015-03-06,6.62,08-31-2015,Rabobank
2018,2015-08-21,7.17,08-31-2015,Rabobank
2019,2015-03-06,6.69,08-31-2015,Rabobank
2019,2015-08-21,7.37,08-31-2015,Rabobank
2023,2019-11-21,8.5,11-30-2019,Rabobank
2023,2019-11-22,8.5,11-30-2019,Rabobank
2022,2018-05-18,8.15,11-30-2019,Rabobank
2022,2018-07-17,8.15,11-30-2019,Rabobank
2022,2019-11-21,8.5,11-30-2019,Rabobank
2022,2019-11-22,8.5,11-30-2019,Rabobank
2021,2018-05-18,8.09,11-30-2019,Rabobank
2021,2018-07-17,8.06,11-30-2019,Rabobank
2021,2019-01-09,8.5,11-30-2019,Rabobank
2021,2019-11-21,8.5,11-30-2019,Rabobank
2021,2019-11-22,8.5,11-30-2019,Rabobank
2020,2018-05-18,7.92,11-30-2019,Rabobank
2020,2018-07-17,7.88,11-30-2019,Rabobank
2020,2019-01-09,8.5,11-30-2019,Rabobank
2020,2019-11-21,7.8,11-30-2019,Rabobank
2020,2019-11-22,7.8,11-30-2019,Rabobank
Q4-19,2018-05-18,7.07,11-30-2019,Rabobank
Q4-19,2018-07-17,6.83,11-30-2019,Rabobank
Q4-19,2018-12-13,7.9,11-30-2019,Rabobank
Q4-19,2019-01-09,7.5,11-30-2019,Rabobank
Q4-19,2019-02-12,7.42,11-30-2019,Rabobank
Q4-19,2019-03-08,7.33,11-30-2019,Rabobank
Q4-19,2019-03-13,7.33,11-30-2019,Rabobank
Q4-19,2019-03-29,7.25,11-30-2019,Rabobank
Q4-19,2019-04-11,7.25,11-30-2019,Rabobank
Q4-19,2019-04-24,7.17,11-30-2019,Rabobank
Q4-19,2019-05-15,7.17,11-30-2019,Rabobank
Q4-19,2019-05-30,7.08,11-30-2019,Rabobank
Q4-19,2019-06-13,7.08,11-30-2019,Rabobank
Q4-19,2019-07-01,7.0,11-30-2019,Rabobank
Q4-19,2019-07-17,7.0,11-30-2019,Rabobank
Q4-19,2019-08-23,7.32,11-30-2019,Rabobank
Q4-19,2019-09-13,7.32,11-30-2019,Rabobank
Q4-19,2019-10-01,7.25,11-30-2019,Rabobank
Q4-19,2019-10-22,7.18,11-30-2019,Rabobank
Q4-19,2019-11-06,7.18,11-30-2019,Rabobank
Q4-19,2019-11-21,7.1,11-30-2019,Rabobank
Q4-19,2019-11-22,7.1,11-30-2019,Rabobank
Q4-19,2019-11-29,7.1,11-30-2019,Rabobank
Q3-20,2019-10-01,7.75,11-30-2019,Rabobank
Q3-20,2019-10-22,7.7,11-30-2019,Rabobank
Q3-20,2019-11-06,7.7,11-30-2019,Rabobank
Q3-20,2019-11-21,7.65,11-30-2019,Rabobank
Q3-20,2019-11-22,7.65,11-30-2019,Rabobank
Q3-20,2019-11-29,7.65,11-30-2019,Rabobank
Q2-20,2019-06-13,7.58,11-30-2019,Rabobank
Q2-20,2019-07-01,7.5,11-30-2019,Rabobank
Q2-20,2019-07-17,7.42,11-30-2019,Rabobank
Q2-20,2019-08-23,7.65,11-30-2019,Rabobank
Q2-20,2019-09-13,7.65,11-30-2019,Rabobank
Q2-20,2019-10-01,7.6,11-30-2019,Rabobank
Q2-20,2019-10-22,7.55,11-30-2019,Rabobank
Q2-20,2019-11-06,7.55,11-30-2019,Rabobank
Q2-20,2019-11-21,7.5,11-30-2019,Rabobank
Q2-20,2019-11-22,7.5,11-30-2019,Rabobank
Q2-20,2019-11-29,7.5,11-30-2019,Rabobank
Q1-20,2019-03-08,7.58,11-30-2019,Rabobank
Q1-20,2019-03-13,7.58,11-30-2019,Rabobank
Q1-20,2019-03-29,7.5,11-30-2019,Rabobank
Q1-20,2019-04-11,7.5,11-30-2019,Rabobank
Q1-20,2019-04-24,7.42,11-30-2019,Rabobank
Q1-20,2019-05-15,7.42,11-30-2019,Rabobank
Q1-20,2019-05-30,7.33,11-30-2019,Rabobank
Q1-20,2019-06-13,7.33,11-30-2019,Rabobank
Q1-20,2019-07-01,7.25,11-30-2019,Rabobank
Q1-20,2019-07-17,7.17,11-30-2019,Rabobank
Q1-20,2019-08-23,7.5,11-30-2019,Rabobank
Q1-20,2019-09-13,7.5,11-30-2019,Rabobank
Q1-20,2019-10-01,7.45,11-30-2019,Rabobank
Q1-20,2019-10-22,7.38,11-30-2019,Rabobank
Q1-20,2019-11-06,7.38,11-30-2019,Rabobank
Q1-20,2019-11-21,7.32,11-30-2019,Rabobank
Q1-20,2019-11-22,7.32,11-30-2019,Rabobank
Q1-20,2019-11-29,7.32,11-30-2019,Rabobank
Q3-19,2018-10-19,6.95,08-31-2019,Rabobank
Q3-19,2018-11-09,7.82,08-31-2019,Rabobank
Q3-19,2018-12-13,7.78,08-31-2019,Rabobank
Q3-19,2019-01-09,7.25,08-31-2019,Rabobank
Q3-19,2019-02-12,7.17,08-31-2019,Rabobank
Q3-19,2019-03-08,7.08,08-31-2019,Rabobank
Q3-19,2019-03-13,7.08,08-31-2019,Rabobank
Q3-19,2019-03-29,7.0,08-31-2019,Rabobank
Q3-19,2019-04-11,7.0,08-31-2019,Rabobank
Q3-19,2019-04-24,6.98,08-31-2019,Rabobank
Q3-19,2019-05-15,6.98,08-31-2019,Rabobank
Q3-19,2019-05-30,7.0,08-31-2019,Rabobank
Q3-19,2019-06-13,7.0,08-31-2019,Rabobank
Q3-19,2019-07-01,7.0,08-31-2019,Rabobank
Q3-19,2019-07-17,6.98,08-31-2019,Rabobank
Q3-19,2019-08-23,7.1,08-31-2019,Rabobank
Q4-19,2018-05-18,7.07,08-31-2019,Rabobank
Q4-19,2018-07-17,6.83,08-31-2019,Rabobank
Q4-19,2018-12-13,7.9,08-31-2019,Rabobank
Q4-19,2019-01-09,7.5,08-31-2019,Rabobank
Q4-19,2019-02-12,7.42,08-31-2019,Rabobank
Q4-19,2019-03-08,7.33,08-31-2019,Rabobank
Q4-19,2019-03-13,7.33,08-31-2019,Rabobank
Q4-19,2019-03-29,7.25,08-31-2019,Rabobank
Q4-19,2019-04-11,7.25,08-31-2019,Rabobank
Q4-19,2019-04-24,7.17,08-31-2019,Rabobank
Q4-19,2019-05-15,7.17,08-31-2019,Rabobank
Q4-19,2019-05-30,7.08,08-31-2019,Rabobank
Q4-19,2019-06-13,7.08,08-31-2019,Rabobank
Q4-19,2019-07-01,7.0,08-31-2019,Rabobank
Q4-19,2019-07-17,7.0,08-31-2019,Rabobank
Q4-19,2019-08-23,7.32,08-31-2019,Rabobank
Q1-20,2019-03-08,7.58,08-31-2019,Rabobank
Q1-20,2019-03-13,7.58,08-31-2019,Rabobank
Q1-20,2019-03-29,7.5,08-31-2019,Rabobank
Q1-20,2019-04-11,7.5,08-31-2019,Rabobank
Q1-20,2019-04-24,7.42,08-31-2019,Rabobank
Q1-20,2019-05-15,7.42,08-31-2019,Rabobank
Q1-20,2019-05-30,7.33,08-31-2019,Rabobank
Q1-20,2019-06-13,7.33,08-31-2019,Rabobank
Q1-20,2019-07-01,7.25,08-31-2019,Rabobank
Q1-20,2019-07-17,7.17,08-31-2019,Rabobank
Q1-20,2019-08-23,7.5,08-31-2019,Rabobank
Q2-20,2019-06-13,7.58,08-31-2019,Rabobank
Q2-20,2019-07-01,7.5,08-31-2019,Rabobank
Q2-20,2019-07-17,7.42,08-31-2019,Rabobank
Q2-20,2019-08-23,7.65,08-31-2019,Rabobank
2020,2018-05-18,7.92,08-31-2019,Rabobank
2020,2018-07-17,7.88,08-31-2019,Rabobank
2020,2019-01-09,8.5,08-31-2019,Rabobank
2021,2018-05-18,8.09,08-31-2019,Rabobank
2021,2018-07-17,8.06,08-31-2019,Rabobank
2021,2019-01-09,8.5,08-31-2019,Rabobank
2022,2018-05-18,8.15,08-31-2019,Rabobank
2022,2018-07-17,8.15,08-31-2019,Rabobank
Q2-12,2011-07-04,6.3,05-31-2012,Rabobank
Q2-12,2012-02-03,6.27,05-31-2012,Rabobank
Q3-12,2012-02-03,6.24,05-31-2012,Rabobank
Q4-12,2010-08-05,6.55,05-31-2012,Rabobank
Q4-12,2012-02-03,6.17,05-31-2012,Rabobank
Q1-08,2008-02-21,7.11,02-28-2008,Rabobank
Q2-08,2008-02-21,7.03,02-28-2008,Rabobank
Q3-08,2008-02-21,6.93,02-28-2008,Rabobank
Q4-08,2006-07-26,7.5,02-28-2008,Rabobank
Q4-08,2006-08-11,7.5,02-28-2008,Rabobank
Q4-08,2006-09-18,7.5,02-28-2008,Rabobank
Q4-08,2006-10-27,7.5,02-28-2008,Rabobank
Q4-08,2008-02-21,6.85,02-28-2008,Rabobank
Q4-15,2014-07-17,6.38,11-30-2015,Rabobank
Q4-15,2014-10-06,6.35,11-30-2015,Rabobank
Q4-15,2014-10-17,6.35,11-30-2015,Rabobank
Q4-15,2014-11-21,6.28,11-30-2015,Rabobank
Q4-15,2014-12-08,6.28,11-30-2015,Rabobank
Q4-15,2014-12-18,6.25,11-30-2015,Rabobank
Q4-15,2015-01-05,6.25,11-30-2015,Rabobank
Q4-15,2015-01-06,6.25,11-30-2015,Rabobank
Q4-15,2015-01-19,6.27,11-30-2015,Rabobank
Q4-15,2015-01-29,6.27,11-30-2015,Rabobank
Q4-15,2015-03-02,6.32,11-30-2015,Rabobank
Q4-15,2015-03-06,6.32,11-30-2015,Rabobank
Q4-15,2015-04-02,6.4,11-30-2015,Rabobank
Q4-15,2015-04-22,6.38,11-30-2015,Rabobank
Q4-15,2015-05-13,6.33,11-30-2015,Rabobank
Q4-15,2015-06-03,6.32,11-30-2015,Rabobank
Q4-15,2015-06-17,6.3,11-30-2015,Rabobank
Q4-15,2015-07-08,6.3,11-30-2015,Rabobank
Q4-15,2015-07-28,6.28,11-30-2015,Rabobank
Q4-15,2015-08-04,6.28,11-30-2015,Rabobank
Q4-15,2015-08-19,6.53,11-30-2015,Rabobank
Q4-15,2015-08-21,6.53,11-30-2015,Rabobank
Q4-15,2015-09-02,6.93,11-30-2015,Rabobank
Q4-15,2015-09-11,6.93,11-30-2015,Rabobank
Q4-15,2015-10-22,6.8,11-30-2015,Rabobank
Q4-15,2015-11-26,6.4,11-30-2015,Rabobank
Q1-16,2015-03-06,6.32,11-30-2015,Rabobank
Q1-16,2015-04-02,6.42,11-30-2015,Rabobank
Q1-16,2015-04-22,6.41,11-30-2015,Rabobank
Q1-16,2015-05-13,6.38,11-30-2015,Rabobank
Q1-16,2015-06-03,6.37,11-30-2015,Rabobank
Q1-16,2015-06-17,6.35,11-30-2015,Rabobank
Q1-16,2015-07-08,6.35,11-30-2015,Rabobank
Q1-16,2015-07-28,6.33,11-30-2015,Rabobank
Q1-16,2015-08-04,6.33,11-30-2015,Rabobank
Q1-16,2015-08-19,6.62,11-30-2015,Rabobank
Q1-16,2015-08-21,6.62,11-30-2015,Rabobank
Q1-16,2015-09-02,7.27,11-30-2015,Rabobank
Q1-16,2015-09-11,7.27,11-30-2015,Rabobank
Q1-16,2015-10-22,7.2,11-30-2015,Rabobank
Q1-16,2015-11-26,6.93,11-30-2015,Rabobank
Q2-16,2015-06-17,6.4,11-30-2015,Rabobank
Q2-16,2015-07-08,6.4,11-30-2015,Rabobank
Q2-16,2015-07-28,6.38,11-30-2015,Rabobank
Q2-16,2015-08-04,6.38,11-30-2015,Rabobank
Q2-16,2015-08-19,6.67,11-30-2015,Rabobank
Q2-16,2015-08-21,6.67,11-30-2015,Rabobank
Q2-16,2015-09-02,7.47,11-30-2015,Rabobank
Q2-16,2015-09-11,7.47,11-30-2015,Rabobank
Q2-16,2015-10-22,7.4,11-30-2015,Rabobank
Q2-16,2015-11-26,7.27,11-30-2015,Rabobank
Q3-16,2015-09-02,7.68,11-30-2015,Rabobank
Q3-16,2015-10-22,7.6,11-30-2015,Rabobank
Q3-16,2015-11-26,7.47,11-30-2015,Rabobank
2016,2015-03-06,6.47,11-30-2015,Rabobank
2016,2015-04-22,6.38,11-30-2015,Rabobank
2016,2015-05-13,6.33,11-30-2015,Rabobank
2016,2015-06-17,6.48,11-30-2015,Rabobank
2016,2015-08-19,6.77,11-30-2015,Rabobank
2016,2015-08-21,6.77,11-30-2015,Rabobank
2016,2015-09-02,7.83,11-30-2015,Rabobank
2016,2015-09-11,7.83,11-30-2015,Rabobank
2016,2015-10-22,7.85,11-30-2015,Rabobank
2016,2015-11-26,7.65,11-30-2015,Rabobank
2017,2015-03-06,6.55,11-30-2015,Rabobank
2017,2015-08-21,6.97,11-30-2015,Rabobank
2017,2015-10-22,7.73,11-30-2015,Rabobank
2017,2015-11-26,7.74,11-30-2015,Rabobank
2018,2015-03-06,6.62,11-30-2015,Rabobank
2018,2015-08-21,7.17,11-30-2015,Rabobank
2018,2015-10-22,7.61,11-30-2015,Rabobank
2018,2015-11-26,7.64,11-30-2015,Rabobank
2019,2015-03-06,6.69,11-30-2015,Rabobank
2019,2015-08-21,7.37,11-30-2015,Rabobank
2019,2015-10-22,7.5,11-30-2015,Rabobank
2019,2015-11-26,7.5,11-30-2015,Rabobank
