period,change_date,change,file,company
Q2-07,2006-06-19,7.5,05-31-2007,RBC Capital Markets
Q2-07,2006-08-03,7.5,05-31-2007,RBC Capital Markets
Q2-07,2006-09-12,7.5,05-31-2007,RBC Capital Markets
Q2-07,2006-11-20,7.7,05-31-2007,RBC Capital Markets
Q2-07,2006-12-14,7.7,05-31-2007,RBC Capital Markets
Q2-07,2007-01-26,7.7,05-31-2007,RBC Capital Markets
Q2-07,2007-02-02,7.7,05-31-2007,RBC Capital Markets
Q2-07,2007-03-08,7.7,05-31-2007,RBC Capital Markets
Q2-07,2007-04-11,7.7,05-31-2007,RBC Capital Markets
Q2-07,2007-05-04,7.55,05-31-2007,RBC Capital Markets
Q3-07,2006-09-12,7.3,05-31-2007,RBC Capital Markets
Q3-07,2006-11-20,7.65,05-31-2007,RBC Capital Markets
Q3-07,2006-12-14,7.65,05-31-2007,RBC Capital Markets
Q3-07,2007-01-26,7.65,05-31-2007,RBC Capital Markets
Q3-07,2007-02-02,7.65,05-31-2007,RBC Capital Markets
Q3-07,2007-03-08,7.65,05-31-2007,RBC Capital Markets
Q3-07,2007-04-11,7.65,05-31-2007,RBC Capital Markets
Q3-07,2007-05-04,7.45,05-31-2007,RBC Capital Markets
Q4-07,2006-05-11,7.3,05-31-2007,RBC Capital Markets
Q4-07,2006-06-19,7.3,05-31-2007,RBC Capital Markets
Q4-07,2006-08-03,7.3,05-31-2007,RBC Capital Markets
Q4-07,2006-09-12,7.3,05-31-2007,RBC Capital Markets
Q4-07,2006-11-20,7.5,05-31-2007,RBC Capital Markets
Q4-07,2006-12-14,7.5,05-31-2007,RBC Capital Markets
Q4-07,2007-01-26,7.5,05-31-2007,RBC Capital Markets
Q4-07,2007-02-02,7.5,05-31-2007,RBC Capital Markets
Q4-07,2007-03-08,7.5,05-31-2007,RBC Capital Markets
Q4-07,2007-04-11,7.5,05-31-2007,RBC Capital Markets
Q4-07,2007-05-04,7.35,05-31-2007,RBC Capital Markets
Q1-08,2007-03-08,7.5,05-31-2007,RBC Capital Markets
Q1-08,2007-04-11,7.5,05-31-2007,RBC Capital Markets
Q1-08,2007-05-04,7.3,05-31-2007,RBC Capital Markets
2008,2006-12-14,7.3,05-31-2007,RBC Capital Markets
2008,2007-01-26,7.3,05-31-2007,RBC Capital Markets
2008,2007-02-02,7.3,05-31-2007,RBC Capital Markets
2008,2007-03-08,7.3,05-31-2007,RBC Capital Markets
2008,2007-04-11,7.3,05-31-2007,RBC Capital Markets
2008,2007-05-04,7.1,05-31-2007,RBC Capital Markets
Q2-11,2010-07-14,6.3,05-31-2011,RBC Capital Markets
Q2-11,2010-08-10,6.4,05-31-2011,RBC Capital Markets
Q2-11,2010-09-10,6.4,05-31-2011,RBC Capital Markets
Q2-11,2010-10-29,6.4,05-31-2011,RBC Capital Markets
Q2-11,2010-12-10,6.4,05-31-2011,RBC Capital Markets
Q2-11,2011-02-01,6.4,05-31-2011,RBC Capital Markets
Q2-11,2011-04-12,6.4,05-31-2011,RBC Capital Markets
Q2-11,2011-05-12,6.4,05-31-2011,RBC Capital Markets
Q3-11,2010-09-10,6.3,05-31-2011,RBC Capital Markets
Q3-11,2010-10-29,6.3,05-31-2011,RBC Capital Markets
Q3-11,2010-12-10,6.3,05-31-2011,RBC Capital Markets
Q3-11,2011-02-01,6.3,05-31-2011,RBC Capital Markets
Q3-11,2011-04-12,6.3,05-31-2011,RBC Capital Markets
Q3-11,2011-05-12,6.3,05-31-2011,RBC Capital Markets
Q4-11,2009-12-16,6.1,05-31-2011,RBC Capital Markets
Q4-11,2010-01-29,6.1,05-31-2011,RBC Capital Markets
Q4-11,2010-03-05,6.1,05-31-2011,RBC Capital Markets
Q4-11,2010-04-07,6.1,05-31-2011,RBC Capital Markets
Q4-11,2010-05-07,6.1,05-31-2011,RBC Capital Markets
Q4-11,2010-06-08,6.1,05-31-2011,RBC Capital Markets
Q4-11,2010-07-14,6.1,05-31-2011,RBC Capital Markets
Q4-11,2010-08-10,6.2,05-31-2011,RBC Capital Markets
Q4-11,2010-09-10,6.2,05-31-2011,RBC Capital Markets
Q4-11,2010-10-29,6.2,05-31-2011,RBC Capital Markets
Q4-11,2010-12-10,6.2,05-31-2011,RBC Capital Markets
Q4-11,2011-02-01,6.2,05-31-2011,RBC Capital Markets
Q4-11,2011-04-12,6.2,05-31-2011,RBC Capital Markets
Q4-11,2011-05-12,6.2,05-31-2011,RBC Capital Markets
Q1-12,2011-04-12,6.1,05-31-2011,RBC Capital Markets
Q1-12,2011-05-12,6.1,05-31-2011,RBC Capital Markets
2012,2010-12-10,6.2,05-31-2011,RBC Capital Markets
2012,2011-02-01,5.8,05-31-2011,RBC Capital Markets
2012,2011-04-12,5.8,05-31-2011,RBC Capital Markets
2012,2011-05-12,5.8,05-31-2011,RBC Capital Markets
Q3-20,2020-08-07,6.97,08-31-2020,RBC Capital Markets
Q4-20,2018-12-14,7.8,08-31-2020,RBC Capital Markets
Q4-20,2019-02-05,7.8,08-31-2020,RBC Capital Markets
Q4-20,2019-03-08,7.7,08-31-2020,RBC Capital Markets
Q4-20,2020-08-07,6.92,08-31-2020,RBC Capital Markets
Q1-21,2020-08-07,6.89,08-31-2020,RBC Capital Markets
Q2-21,2020-08-07,6.85,08-31-2020,RBC Capital Markets
2021,2020-08-07,6.76,08-31-2020,RBC Capital Markets
Q4-16,2015-01-05,6.4,11-30-2016,RBC Capital Markets
Q4-16,2015-03-04,7.0,11-30-2016,RBC Capital Markets
Q4-16,2015-03-10,7.0,11-30-2016,RBC Capital Markets
Q4-16,2015-04-07,7.0,11-30-2016,RBC Capital Markets
Q4-16,2015-06-10,6.95,11-30-2016,RBC Capital Markets
Q4-16,2015-07-06,6.95,11-30-2016,RBC Capital Markets
Q4-16,2015-07-13,6.95,11-30-2016,RBC Capital Markets
Q4-16,2015-08-07,6.95,11-30-2016,RBC Capital Markets
Q4-16,2015-10-07,6.95,11-30-2016,RBC Capital Markets
Q4-16,2015-11-12,6.95,11-30-2016,RBC Capital Markets
Q4-16,2015-12-28,6.95,11-30-2016,RBC Capital Markets
Q4-16,2016-02-16,6.95,11-30-2016,RBC Capital Markets
Q4-16,2016-03-09,6.95,11-30-2016,RBC Capital Markets
Q4-16,2016-08-30,6.95,11-30-2016,RBC Capital Markets
Q4-16,2016-09-09,6.95,11-30-2016,RBC Capital Markets
Q4-16,2016-10-10,6.95,11-30-2016,RBC Capital Markets
Q4-16,2016-11-08,6.95,11-30-2016,RBC Capital Markets
Q1-17,2016-03-09,7.0,11-30-2016,RBC Capital Markets
Q1-17,2016-08-30,7.0,11-30-2016,RBC Capital Markets
Q1-17,2016-09-09,7.0,11-30-2016,RBC Capital Markets
Q1-17,2016-10-10,7.0,11-30-2016,RBC Capital Markets
Q1-17,2016-11-08,7.0,11-30-2016,RBC Capital Markets
Q2-17,2016-08-30,7.2,11-30-2016,RBC Capital Markets
Q2-17,2016-09-09,7.2,11-30-2016,RBC Capital Markets
Q2-17,2016-10-10,7.2,11-30-2016,RBC Capital Markets
Q2-17,2016-11-08,7.2,11-30-2016,RBC Capital Markets
Q3-17,2016-10-10,7.4,11-30-2016,RBC Capital Markets
Q3-17,2016-11-08,7.4,11-30-2016,RBC Capital Markets
2017,2015-12-28,7.5,11-30-2016,RBC Capital Markets
2017,2016-02-16,7.5,11-30-2016,RBC Capital Markets
2017,2016-03-09,7.5,11-30-2016,RBC Capital Markets
2017,2016-08-30,7.5,11-30-2016,RBC Capital Markets
2017,2016-09-09,7.5,11-30-2016,RBC Capital Markets
2017,2016-10-10,7.5,11-30-2016,RBC Capital Markets
2017,2016-11-08,7.5,11-30-2016,RBC Capital Markets
Q1-11,2010-03-05,6.4,02-28-2011,RBC Capital Markets
Q1-11,2010-04-07,6.4,02-28-2011,RBC Capital Markets
Q1-11,2010-05-07,6.4,02-28-2011,RBC Capital Markets
Q1-11,2010-06-08,6.4,02-28-2011,RBC Capital Markets
Q1-11,2010-07-14,6.4,02-28-2011,RBC Capital Markets
Q1-11,2010-08-10,6.5,02-28-2011,RBC Capital Markets
Q1-11,2010-09-10,6.5,02-28-2011,RBC Capital Markets
Q1-11,2010-10-29,6.5,02-28-2011,RBC Capital Markets
Q1-11,2010-12-10,6.5,02-28-2011,RBC Capital Markets
Q1-11,2011-02-01,6.5,02-28-2011,RBC Capital Markets
Q2-11,2010-07-14,6.3,02-28-2011,RBC Capital Markets
Q2-11,2010-08-10,6.4,02-28-2011,RBC Capital Markets
Q2-11,2010-09-10,6.4,02-28-2011,RBC Capital Markets
Q2-11,2010-10-29,6.4,02-28-2011,RBC Capital Markets
Q2-11,2010-12-10,6.4,02-28-2011,RBC Capital Markets
Q2-11,2011-02-01,6.4,02-28-2011,RBC Capital Markets
Q3-11,2010-09-10,6.3,02-28-2011,RBC Capital Markets
Q3-11,2010-10-29,6.3,02-28-2011,RBC Capital Markets
Q3-11,2010-12-10,6.3,02-28-2011,RBC Capital Markets
Q3-11,2011-02-01,6.3,02-28-2011,RBC Capital Markets
Q4-11,2009-12-16,6.1,02-28-2011,RBC Capital Markets
Q4-11,2010-01-29,6.1,02-28-2011,RBC Capital Markets
Q4-11,2010-03-05,6.1,02-28-2011,RBC Capital Markets
Q4-11,2010-04-07,6.1,02-28-2011,RBC Capital Markets
Q4-11,2010-05-07,6.1,02-28-2011,RBC Capital Markets
Q4-11,2010-06-08,6.1,02-28-2011,RBC Capital Markets
Q4-11,2010-07-14,6.1,02-28-2011,RBC Capital Markets
Q4-11,2010-08-10,6.2,02-28-2011,RBC Capital Markets
Q4-11,2010-09-10,6.2,02-28-2011,RBC Capital Markets
Q4-11,2010-10-29,6.2,02-28-2011,RBC Capital Markets
Q4-11,2010-12-10,6.2,02-28-2011,RBC Capital Markets
Q4-11,2011-02-01,6.2,02-28-2011,RBC Capital Markets
2012,2010-12-10,6.2,02-28-2011,RBC Capital Markets
2012,2011-02-01,5.8,02-28-2011,RBC Capital Markets
Q3-16,2015-10-07,6.9,08-31-2016,RBC Capital Markets
Q3-16,2015-11-12,6.9,08-31-2016,RBC Capital Markets
Q3-16,2015-12-28,6.9,08-31-2016,RBC Capital Markets
Q3-16,2016-02-16,6.9,08-31-2016,RBC Capital Markets
Q3-16,2016-03-09,6.9,08-31-2016,RBC Capital Markets
Q3-16,2016-08-30,6.9,08-31-2016,RBC Capital Markets
Q4-16,2015-01-05,6.4,08-31-2016,RBC Capital Markets
Q4-16,2015-03-04,7.0,08-31-2016,RBC Capital Markets
Q4-16,2015-03-10,7.0,08-31-2016,RBC Capital Markets
Q4-16,2015-04-07,7.0,08-31-2016,RBC Capital Markets
Q4-16,2015-06-10,6.95,08-31-2016,RBC Capital Markets
Q4-16,2015-07-06,6.95,08-31-2016,RBC Capital Markets
Q4-16,2015-07-13,6.95,08-31-2016,RBC Capital Markets
Q4-16,2015-08-07,6.95,08-31-2016,RBC Capital Markets
Q4-16,2015-10-07,6.95,08-31-2016,RBC Capital Markets
Q4-16,2015-11-12,6.95,08-31-2016,RBC Capital Markets
Q4-16,2015-12-28,6.95,08-31-2016,RBC Capital Markets
Q4-16,2016-02-16,6.95,08-31-2016,RBC Capital Markets
Q4-16,2016-03-09,6.95,08-31-2016,RBC Capital Markets
Q4-16,2016-08-30,6.95,08-31-2016,RBC Capital Markets
Q1-17,2016-03-09,7.0,08-31-2016,RBC Capital Markets
Q1-17,2016-08-30,7.0,08-31-2016,RBC Capital Markets
Q2-17,2016-08-30,7.2,08-31-2016,RBC Capital Markets
2017,2015-12-28,7.5,08-31-2016,RBC Capital Markets
2017,2016-02-16,7.5,08-31-2016,RBC Capital Markets
2017,2016-03-09,7.5,08-31-2016,RBC Capital Markets
2017,2016-08-30,7.5,08-31-2016,RBC Capital Markets
Q4-20,2018-12-14,7.8,11-30-2020,RBC Capital Markets
Q4-20,2019-02-05,7.8,11-30-2020,RBC Capital Markets
Q4-20,2019-03-08,7.7,11-30-2020,RBC Capital Markets
Q4-20,2020-08-07,6.92,11-30-2020,RBC Capital Markets
Q4-20,2020-09-04,6.8,11-30-2020,RBC Capital Markets
Q4-20,2020-11-06,6.55,11-30-2020,RBC Capital Markets
Q1-21,2020-08-07,6.89,11-30-2020,RBC Capital Markets
Q1-21,2020-09-04,6.7,11-30-2020,RBC Capital Markets
Q1-21,2020-11-06,6.5,11-30-2020,RBC Capital Markets
Q2-21,2020-08-07,6.85,11-30-2020,RBC Capital Markets
Q2-21,2020-09-04,6.6,11-30-2020,RBC Capital Markets
Q2-21,2020-11-06,6.45,11-30-2020,RBC Capital Markets
Q3-21,2020-09-04,6.6,11-30-2020,RBC Capital Markets
Q3-21,2020-11-06,6.45,11-30-2020,RBC Capital Markets
2021,2020-08-07,6.76,11-30-2020,RBC Capital Markets
2021,2020-09-04,6.5,11-30-2020,RBC Capital Markets
2021,2020-11-06,6.4,11-30-2020,RBC Capital Markets
Q1-07,2006-05-11,7.5,02-28-2007,RBC Capital Markets
Q1-07,2006-06-19,7.5,02-28-2007,RBC Capital Markets
Q1-07,2006-08-03,7.5,02-28-2007,RBC Capital Markets
Q1-07,2006-09-12,7.5,02-28-2007,RBC Capital Markets
Q1-07,2006-11-20,7.75,02-28-2007,RBC Capital Markets
Q1-07,2006-12-14,7.75,02-28-2007,RBC Capital Markets
Q1-07,2007-01-26,7.75,02-28-2007,RBC Capital Markets
Q1-07,2007-02-02,7.75,02-28-2007,RBC Capital Markets
Q2-07,2006-06-19,7.5,02-28-2007,RBC Capital Markets
Q2-07,2006-08-03,7.5,02-28-2007,RBC Capital Markets
Q2-07,2006-09-12,7.5,02-28-2007,RBC Capital Markets
Q2-07,2006-11-20,7.7,02-28-2007,RBC Capital Markets
Q2-07,2006-12-14,7.7,02-28-2007,RBC Capital Markets
Q2-07,2007-01-26,7.7,02-28-2007,RBC Capital Markets
Q2-07,2007-02-02,7.7,02-28-2007,RBC Capital Markets
Q3-07,2006-09-12,7.3,02-28-2007,RBC Capital Markets
Q3-07,2006-11-20,7.65,02-28-2007,RBC Capital Markets
Q3-07,2006-12-14,7.65,02-28-2007,RBC Capital Markets
Q3-07,2007-01-26,7.65,02-28-2007,RBC Capital Markets
Q3-07,2007-02-02,7.65,02-28-2007,RBC Capital Markets
Q4-07,2006-05-11,7.3,02-28-2007,RBC Capital Markets
Q4-07,2006-06-19,7.3,02-28-2007,RBC Capital Markets
Q4-07,2006-08-03,7.3,02-28-2007,RBC Capital Markets
Q4-07,2006-09-12,7.3,02-28-2007,RBC Capital Markets
Q4-07,2006-11-20,7.5,02-28-2007,RBC Capital Markets
Q4-07,2006-12-14,7.5,02-28-2007,RBC Capital Markets
Q4-07,2007-01-26,7.5,02-28-2007,RBC Capital Markets
Q4-07,2007-02-02,7.5,02-28-2007,RBC Capital Markets
2008,2006-12-14,7.3,02-28-2007,RBC Capital Markets
2008,2007-01-26,7.3,02-28-2007,RBC Capital Markets
2008,2007-02-02,7.3,02-28-2007,RBC Capital Markets
Q4-21,2020-08-07,6.76,11-30-2021,RBC Capital Markets
Q4-21,2020-09-04,6.5,11-30-2021,RBC Capital Markets
Q4-21,2020-11-06,6.4,11-30-2021,RBC Capital Markets
Q4-21,2021-02-04,6.45,11-30-2021,RBC Capital Markets
Q4-21,2021-07-09,6.4,11-30-2021,RBC Capital Markets
Q4-21,2021-08-05,6.45,11-30-2021,RBC Capital Markets
Q4-21,2021-09-02,6.49,11-30-2021,RBC Capital Markets
Q4-21,2021-10-07,6.49,11-30-2021,RBC Capital Markets
Q1-22,2021-07-09,6.35,11-30-2021,RBC Capital Markets
Q1-22,2021-08-05,6.42,11-30-2021,RBC Capital Markets
Q1-22,2021-09-02,6.53,11-30-2021,RBC Capital Markets
Q1-22,2021-10-07,6.53,11-30-2021,RBC Capital Markets
Q2-22,2021-07-09,6.35,11-30-2021,RBC Capital Markets
Q2-22,2021-08-05,6.4,11-30-2021,RBC Capital Markets
Q2-22,2021-09-02,6.5,11-30-2021,RBC Capital Markets
Q2-22,2021-10-07,6.5,11-30-2021,RBC Capital Markets
Q3-22,2021-09-02,6.47,11-30-2021,RBC Capital Markets
Q3-22,2021-10-07,6.47,11-30-2021,RBC Capital Markets
2022,2021-07-09,6.3,11-30-2021,RBC Capital Markets
2022,2021-08-05,6.35,11-30-2021,RBC Capital Markets
2022,2021-09-02,6.45,11-30-2021,RBC Capital Markets
2022,2021-10-07,6.45,11-30-2021,RBC Capital Markets
Q3-17,2016-10-10,7.4,08-31-2017,RBC Capital Markets
Q3-17,2016-11-08,7.4,08-31-2017,RBC Capital Markets
Q3-17,2016-12-16,7.4,08-31-2017,RBC Capital Markets
Q3-17,2017-02-03,7.4,08-31-2017,RBC Capital Markets
Q3-17,2017-03-07,7.4,08-31-2017,RBC Capital Markets
Q3-17,2017-04-12,7.4,08-31-2017,RBC Capital Markets
Q3-17,2017-05-09,7.4,08-31-2017,RBC Capital Markets
Q3-17,2017-06-16,7.4,08-31-2017,RBC Capital Markets
Q3-17,2017-07-11,7.0,08-31-2017,RBC Capital Markets
Q3-17,2017-08-10,7.0,08-31-2017,RBC Capital Markets
Q4-17,2015-12-28,7.5,08-31-2017,RBC Capital Markets
Q4-17,2016-02-16,7.5,08-31-2017,RBC Capital Markets
Q4-17,2016-03-09,7.5,08-31-2017,RBC Capital Markets
Q4-17,2016-08-30,7.5,08-31-2017,RBC Capital Markets
Q4-17,2016-09-09,7.5,08-31-2017,RBC Capital Markets
Q4-17,2016-10-10,7.5,08-31-2017,RBC Capital Markets
Q4-17,2016-11-08,7.5,08-31-2017,RBC Capital Markets
Q4-17,2016-12-16,7.5,08-31-2017,RBC Capital Markets
Q4-17,2017-02-03,7.5,08-31-2017,RBC Capital Markets
Q4-17,2017-03-07,7.5,08-31-2017,RBC Capital Markets
Q4-17,2017-04-12,7.5,08-31-2017,RBC Capital Markets
Q4-17,2017-05-09,7.5,08-31-2017,RBC Capital Markets
Q4-17,2017-06-16,7.5,08-31-2017,RBC Capital Markets
Q4-17,2017-07-11,7.2,08-31-2017,RBC Capital Markets
Q4-17,2017-08-10,7.2,08-31-2017,RBC Capital Markets
Q1-18,2017-03-07,7.6,08-31-2017,RBC Capital Markets
Q1-18,2017-04-12,7.6,08-31-2017,RBC Capital Markets
Q1-18,2017-05-09,7.6,08-31-2017,RBC Capital Markets
Q1-18,2017-06-16,7.6,08-31-2017,RBC Capital Markets
Q1-18,2017-07-11,7.4,08-31-2017,RBC Capital Markets
Q1-18,2017-08-10,7.4,08-31-2017,RBC Capital Markets
Q2-18,2017-06-16,7.7,08-31-2017,RBC Capital Markets
Q2-18,2017-07-11,7.5,08-31-2017,RBC Capital Markets
Q2-18,2017-08-10,7.5,08-31-2017,RBC Capital Markets
2018,2016-12-16,7.75,08-31-2017,RBC Capital Markets
2018,2017-02-03,7.75,08-31-2017,RBC Capital Markets
2018,2017-03-07,7.75,08-31-2017,RBC Capital Markets
2018,2017-04-12,7.75,08-31-2017,RBC Capital Markets
2018,2017-05-09,7.75,08-31-2017,RBC Capital Markets
2018,2017-06-16,7.75,08-31-2017,RBC Capital Markets
2018,2017-07-11,7.7,08-31-2017,RBC Capital Markets
2018,2017-08-10,7.7,08-31-2017,RBC Capital Markets
Q1-10,2009-04-22,6.8,02-28-2010,RBC Capital Markets
Q1-10,2009-05-13,6.8,02-28-2010,RBC Capital Markets
Q1-10,2009-06-05,6.8,02-28-2010,RBC Capital Markets
Q1-10,2009-07-20,6.8,02-28-2010,RBC Capital Markets
Q1-10,2009-08-05,6.8,02-28-2010,RBC Capital Markets
Q1-10,2009-09-09,6.8,02-28-2010,RBC Capital Markets
Q1-10,2009-10-07,6.8,02-28-2010,RBC Capital Markets
Q1-10,2009-11-13,6.8,02-28-2010,RBC Capital Markets
Q1-10,2009-12-16,6.8,02-28-2010,RBC Capital Markets
Q1-10,2010-01-29,6.8,02-28-2010,RBC Capital Markets
Q2-10,2009-07-20,6.7,02-28-2010,RBC Capital Markets
Q2-10,2009-08-05,6.67,02-28-2010,RBC Capital Markets
Q2-10,2009-09-09,6.67,02-28-2010,RBC Capital Markets
Q2-10,2009-10-07,6.67,02-28-2010,RBC Capital Markets
Q2-10,2009-11-13,6.7,02-28-2010,RBC Capital Markets
Q2-10,2009-12-16,6.7,02-28-2010,RBC Capital Markets
Q2-10,2010-01-29,6.7,02-28-2010,RBC Capital Markets
Q3-10,2009-09-09,6.6,02-28-2010,RBC Capital Markets
Q3-10,2009-10-07,6.6,02-28-2010,RBC Capital Markets
Q3-10,2009-11-13,6.6,02-28-2010,RBC Capital Markets
Q3-10,2009-12-16,6.6,02-28-2010,RBC Capital Markets
Q3-10,2010-01-29,6.6,02-28-2010,RBC Capital Markets
Q4-10,2008-12-11,6.5,02-28-2010,RBC Capital Markets
Q4-10,2009-01-15,6.5,02-28-2010,RBC Capital Markets
Q4-10,2009-02-06,6.5,02-28-2010,RBC Capital Markets
Q4-10,2009-03-16,6.5,02-28-2010,RBC Capital Markets
Q4-10,2009-04-22,6.5,02-28-2010,RBC Capital Markets
Q4-10,2009-05-13,6.5,02-28-2010,RBC Capital Markets
Q4-10,2009-06-05,6.5,02-28-2010,RBC Capital Markets
Q4-10,2009-07-20,6.5,02-28-2010,RBC Capital Markets
Q4-10,2009-08-05,6.5,02-28-2010,RBC Capital Markets
Q4-10,2009-09-09,6.5,02-28-2010,RBC Capital Markets
Q4-10,2009-10-07,6.5,02-28-2010,RBC Capital Markets
Q4-10,2009-11-13,6.5,02-28-2010,RBC Capital Markets
Q4-10,2009-12-16,6.5,02-28-2010,RBC Capital Markets
Q4-10,2010-01-29,6.5,02-28-2010,RBC Capital Markets
2011,2009-12-16,6.1,02-28-2010,RBC Capital Markets
2011,2010-01-29,6.1,02-28-2010,RBC Capital Markets
Q4-17,2015-12-28,7.5,11-30-2017,RBC Capital Markets
Q4-17,2016-02-16,7.5,11-30-2017,RBC Capital Markets
Q4-17,2016-03-09,7.5,11-30-2017,RBC Capital Markets
Q4-17,2016-08-30,7.5,11-30-2017,RBC Capital Markets
Q4-17,2016-09-09,7.5,11-30-2017,RBC Capital Markets
Q4-17,2016-10-10,7.5,11-30-2017,RBC Capital Markets
Q4-17,2016-11-08,7.5,11-30-2017,RBC Capital Markets
Q4-17,2016-12-16,7.5,11-30-2017,RBC Capital Markets
Q4-17,2017-02-03,7.5,11-30-2017,RBC Capital Markets
Q4-17,2017-03-07,7.5,11-30-2017,RBC Capital Markets
Q4-17,2017-04-12,7.5,11-30-2017,RBC Capital Markets
Q4-17,2017-05-09,7.5,11-30-2017,RBC Capital Markets
Q4-17,2017-06-16,7.5,11-30-2017,RBC Capital Markets
Q4-17,2017-07-11,7.2,11-30-2017,RBC Capital Markets
Q4-17,2017-08-10,7.2,11-30-2017,RBC Capital Markets
Q4-17,2017-09-14,7.2,11-30-2017,RBC Capital Markets
Q4-17,2017-10-06,7.2,11-30-2017,RBC Capital Markets
Q4-17,2017-11-08,6.7,11-30-2017,RBC Capital Markets
Q1-18,2017-03-07,7.6,11-30-2017,RBC Capital Markets
Q1-18,2017-04-12,7.6,11-30-2017,RBC Capital Markets
Q1-18,2017-05-09,7.6,11-30-2017,RBC Capital Markets
Q1-18,2017-06-16,7.6,11-30-2017,RBC Capital Markets
Q1-18,2017-07-11,7.4,11-30-2017,RBC Capital Markets
Q1-18,2017-08-10,7.4,11-30-2017,RBC Capital Markets
Q1-18,2017-09-14,7.4,11-30-2017,RBC Capital Markets
Q1-18,2017-10-06,7.4,11-30-2017,RBC Capital Markets
Q1-18,2017-11-08,6.8,11-30-2017,RBC Capital Markets
Q2-18,2017-06-16,7.7,11-30-2017,RBC Capital Markets
Q2-18,2017-07-11,7.5,11-30-2017,RBC Capital Markets
Q2-18,2017-08-10,7.5,11-30-2017,RBC Capital Markets
Q2-18,2017-09-14,7.5,11-30-2017,RBC Capital Markets
Q2-18,2017-10-06,7.5,11-30-2017,RBC Capital Markets
Q2-18,2017-11-08,6.9,11-30-2017,RBC Capital Markets
Q3-18,2017-09-14,7.6,11-30-2017,RBC Capital Markets
Q3-18,2017-10-06,7.6,11-30-2017,RBC Capital Markets
Q3-18,2017-11-08,7.1,11-30-2017,RBC Capital Markets
2018,2016-12-16,7.75,11-30-2017,RBC Capital Markets
2018,2017-02-03,7.75,11-30-2017,RBC Capital Markets
2018,2017-03-07,7.75,11-30-2017,RBC Capital Markets
2018,2017-04-12,7.75,11-30-2017,RBC Capital Markets
2018,2017-05-09,7.75,11-30-2017,RBC Capital Markets
2018,2017-06-16,7.75,11-30-2017,RBC Capital Markets
2018,2017-07-11,7.7,11-30-2017,RBC Capital Markets
2018,2017-08-10,7.7,11-30-2017,RBC Capital Markets
2018,2017-09-14,7.7,11-30-2017,RBC Capital Markets
2018,2017-10-06,7.7,11-30-2017,RBC Capital Markets
2018,2017-11-08,7.2,11-30-2017,RBC Capital Markets
Q3-21,2020-09-04,6.6,08-31-2021,RBC Capital Markets
Q3-21,2020-11-06,6.45,08-31-2021,RBC Capital Markets
Q3-21,2021-02-04,6.3,08-31-2021,RBC Capital Markets
Q3-21,2021-07-09,6.44,08-31-2021,RBC Capital Markets
Q3-21,2021-08-05,6.48,08-31-2021,RBC Capital Markets
Q4-21,2020-08-07,6.76,08-31-2021,RBC Capital Markets
Q4-21,2020-09-04,6.5,08-31-2021,RBC Capital Markets
Q4-21,2020-11-06,6.4,08-31-2021,RBC Capital Markets
Q4-21,2021-02-04,6.45,08-31-2021,RBC Capital Markets
Q4-21,2021-07-09,6.4,08-31-2021,RBC Capital Markets
Q4-21,2021-08-05,6.45,08-31-2021,RBC Capital Markets
Q1-22,2021-07-09,6.35,08-31-2021,RBC Capital Markets
Q1-22,2021-08-05,6.42,08-31-2021,RBC Capital Markets
Q2-22,2021-07-09,6.35,08-31-2021,RBC Capital Markets
Q2-22,2021-08-05,6.4,08-31-2021,RBC Capital Markets
2022,2021-07-09,6.3,08-31-2021,RBC Capital Markets
2022,2021-08-05,6.35,08-31-2021,RBC Capital Markets
Q2-10,2009-07-20,6.7,05-31-2010,RBC Capital Markets
Q2-10,2009-08-05,6.67,05-31-2010,RBC Capital Markets
Q2-10,2009-09-09,6.67,05-31-2010,RBC Capital Markets
Q2-10,2009-10-07,6.67,05-31-2010,RBC Capital Markets
Q2-10,2009-11-13,6.7,05-31-2010,RBC Capital Markets
Q2-10,2009-12-16,6.7,05-31-2010,RBC Capital Markets
Q2-10,2010-01-29,6.7,05-31-2010,RBC Capital Markets
Q2-10,2010-03-05,6.7,05-31-2010,RBC Capital Markets
Q2-10,2010-04-07,6.7,05-31-2010,RBC Capital Markets
Q2-10,2010-05-07,6.7,05-31-2010,RBC Capital Markets
Q3-10,2009-09-09,6.6,05-31-2010,RBC Capital Markets
Q3-10,2009-10-07,6.6,05-31-2010,RBC Capital Markets
Q3-10,2009-11-13,6.6,05-31-2010,RBC Capital Markets
Q3-10,2009-12-16,6.6,05-31-2010,RBC Capital Markets
Q3-10,2010-01-29,6.6,05-31-2010,RBC Capital Markets
Q3-10,2010-03-05,6.6,05-31-2010,RBC Capital Markets
Q3-10,2010-04-07,6.6,05-31-2010,RBC Capital Markets
Q3-10,2010-05-07,6.6,05-31-2010,RBC Capital Markets
Q4-10,2008-12-11,6.5,05-31-2010,RBC Capital Markets
Q4-10,2009-01-15,6.5,05-31-2010,RBC Capital Markets
Q4-10,2009-02-06,6.5,05-31-2010,RBC Capital Markets
Q4-10,2009-03-16,6.5,05-31-2010,RBC Capital Markets
Q4-10,2009-04-22,6.5,05-31-2010,RBC Capital Markets
Q4-10,2009-05-13,6.5,05-31-2010,RBC Capital Markets
Q4-10,2009-06-05,6.5,05-31-2010,RBC Capital Markets
Q4-10,2009-07-20,6.5,05-31-2010,RBC Capital Markets
Q4-10,2009-08-05,6.5,05-31-2010,RBC Capital Markets
Q4-10,2009-09-09,6.5,05-31-2010,RBC Capital Markets
Q4-10,2009-10-07,6.5,05-31-2010,RBC Capital Markets
Q4-10,2009-11-13,6.5,05-31-2010,RBC Capital Markets
Q4-10,2009-12-16,6.5,05-31-2010,RBC Capital Markets
Q4-10,2010-01-29,6.5,05-31-2010,RBC Capital Markets
Q4-10,2010-03-05,6.5,05-31-2010,RBC Capital Markets
Q4-10,2010-04-07,6.5,05-31-2010,RBC Capital Markets
Q4-10,2010-05-07,6.5,05-31-2010,RBC Capital Markets
Q1-11,2010-03-05,6.4,05-31-2010,RBC Capital Markets
Q1-11,2010-04-07,6.4,05-31-2010,RBC Capital Markets
Q1-11,2010-05-07,6.4,05-31-2010,RBC Capital Markets
2011,2009-12-16,6.1,05-31-2010,RBC Capital Markets
2011,2010-01-29,6.1,05-31-2010,RBC Capital Markets
2011,2010-03-05,6.1,05-31-2010,RBC Capital Markets
2011,2010-04-07,6.1,05-31-2010,RBC Capital Markets
2011,2010-05-07,6.1,05-31-2010,RBC Capital Markets
Q1-17,2016-03-09,7.0,02-28-2017,RBC Capital Markets
Q1-17,2016-08-30,7.0,02-28-2017,RBC Capital Markets
Q1-17,2016-09-09,7.0,02-28-2017,RBC Capital Markets
Q1-17,2016-10-10,7.0,02-28-2017,RBC Capital Markets
Q1-17,2016-11-08,7.0,02-28-2017,RBC Capital Markets
Q1-17,2016-12-16,7.0,02-28-2017,RBC Capital Markets
Q1-17,2017-02-03,7.0,02-28-2017,RBC Capital Markets
Q2-17,2016-08-30,7.2,02-28-2017,RBC Capital Markets
Q2-17,2016-09-09,7.2,02-28-2017,RBC Capital Markets
Q2-17,2016-10-10,7.2,02-28-2017,RBC Capital Markets
Q2-17,2016-11-08,7.2,02-28-2017,RBC Capital Markets
Q2-17,2016-12-16,7.2,02-28-2017,RBC Capital Markets
Q2-17,2017-02-03,7.2,02-28-2017,RBC Capital Markets
Q3-17,2016-10-10,7.4,02-28-2017,RBC Capital Markets
Q3-17,2016-11-08,7.4,02-28-2017,RBC Capital Markets
Q3-17,2016-12-16,7.4,02-28-2017,RBC Capital Markets
Q3-17,2017-02-03,7.4,02-28-2017,RBC Capital Markets
Q4-17,2015-12-28,7.5,02-28-2017,RBC Capital Markets
Q4-17,2016-02-16,7.5,02-28-2017,RBC Capital Markets
Q4-17,2016-03-09,7.5,02-28-2017,RBC Capital Markets
Q4-17,2016-08-30,7.5,02-28-2017,RBC Capital Markets
Q4-17,2016-09-09,7.5,02-28-2017,RBC Capital Markets
Q4-17,2016-10-10,7.5,02-28-2017,RBC Capital Markets
Q4-17,2016-11-08,7.5,02-28-2017,RBC Capital Markets
Q4-17,2016-12-16,7.5,02-28-2017,RBC Capital Markets
Q4-17,2017-02-03,7.5,02-28-2017,RBC Capital Markets
2018,2016-12-16,7.75,02-28-2017,RBC Capital Markets
2018,2017-02-03,7.75,02-28-2017,RBC Capital Markets
Q3-10,2009-09-09,6.6,08-31-2010,RBC Capital Markets
Q3-10,2009-10-07,6.6,08-31-2010,RBC Capital Markets
Q3-10,2009-11-13,6.6,08-31-2010,RBC Capital Markets
Q3-10,2009-12-16,6.6,08-31-2010,RBC Capital Markets
Q3-10,2010-01-29,6.6,08-31-2010,RBC Capital Markets
Q3-10,2010-03-05,6.6,08-31-2010,RBC Capital Markets
Q3-10,2010-04-07,6.6,08-31-2010,RBC Capital Markets
Q3-10,2010-05-07,6.6,08-31-2010,RBC Capital Markets
Q3-10,2010-06-08,6.6,08-31-2010,RBC Capital Markets
Q3-10,2010-07-14,6.6,08-31-2010,RBC Capital Markets
Q3-10,2010-08-10,6.7,08-31-2010,RBC Capital Markets
Q4-10,2008-12-11,6.5,08-31-2010,RBC Capital Markets
Q4-10,2009-01-15,6.5,08-31-2010,RBC Capital Markets
Q4-10,2009-02-06,6.5,08-31-2010,RBC Capital Markets
Q4-10,2009-03-16,6.5,08-31-2010,RBC Capital Markets
Q4-10,2009-04-22,6.5,08-31-2010,RBC Capital Markets
Q4-10,2009-05-13,6.5,08-31-2010,RBC Capital Markets
Q4-10,2009-06-05,6.5,08-31-2010,RBC Capital Markets
Q4-10,2009-07-20,6.5,08-31-2010,RBC Capital Markets
Q4-10,2009-08-05,6.5,08-31-2010,RBC Capital Markets
Q4-10,2009-09-09,6.5,08-31-2010,RBC Capital Markets
Q4-10,2009-10-07,6.5,08-31-2010,RBC Capital Markets
Q4-10,2009-11-13,6.5,08-31-2010,RBC Capital Markets
Q4-10,2009-12-16,6.5,08-31-2010,RBC Capital Markets
Q4-10,2010-01-29,6.5,08-31-2010,RBC Capital Markets
Q4-10,2010-03-05,6.5,08-31-2010,RBC Capital Markets
Q4-10,2010-04-07,6.5,08-31-2010,RBC Capital Markets
Q4-10,2010-05-07,6.5,08-31-2010,RBC Capital Markets
Q4-10,2010-06-08,6.5,08-31-2010,RBC Capital Markets
Q4-10,2010-07-14,6.5,08-31-2010,RBC Capital Markets
Q4-10,2010-08-10,6.6,08-31-2010,RBC Capital Markets
Q1-11,2010-03-05,6.4,08-31-2010,RBC Capital Markets
Q1-11,2010-04-07,6.4,08-31-2010,RBC Capital Markets
Q1-11,2010-05-07,6.4,08-31-2010,RBC Capital Markets
Q1-11,2010-06-08,6.4,08-31-2010,RBC Capital Markets
Q1-11,2010-07-14,6.4,08-31-2010,RBC Capital Markets
Q1-11,2010-08-10,6.5,08-31-2010,RBC Capital Markets
Q2-11,2010-07-14,6.3,08-31-2010,RBC Capital Markets
Q2-11,2010-08-10,6.4,08-31-2010,RBC Capital Markets
2011,2009-12-16,6.1,08-31-2010,RBC Capital Markets
2011,2010-01-29,6.1,08-31-2010,RBC Capital Markets
2011,2010-03-05,6.1,08-31-2010,RBC Capital Markets
2011,2010-04-07,6.1,08-31-2010,RBC Capital Markets
2011,2010-05-07,6.1,08-31-2010,RBC Capital Markets
2011,2010-06-08,6.1,08-31-2010,RBC Capital Markets
2011,2010-07-14,6.1,08-31-2010,RBC Capital Markets
2011,2010-08-10,6.2,08-31-2010,RBC Capital Markets
Q3-06,2006-05-11,7.7,08-31-2006,RBC Capital Markets
Q3-06,2006-06-19,7.8,08-31-2006,RBC Capital Markets
Q3-06,2006-08-03,7.8,08-31-2006,RBC Capital Markets
Q4-06,2006-05-11,7.6,08-31-2006,RBC Capital Markets
Q4-06,2006-06-19,7.6,08-31-2006,RBC Capital Markets
Q4-06,2006-08-03,7.6,08-31-2006,RBC Capital Markets
Q1-07,2006-05-11,7.5,08-31-2006,RBC Capital Markets
Q1-07,2006-06-19,7.5,08-31-2006,RBC Capital Markets
Q1-07,2006-08-03,7.5,08-31-2006,RBC Capital Markets
Q2-07,2006-06-19,7.5,08-31-2006,RBC Capital Markets
Q2-07,2006-08-03,7.5,08-31-2006,RBC Capital Markets
2007,2006-05-11,7.3,08-31-2006,RBC Capital Markets
2007,2006-06-19,7.3,08-31-2006,RBC Capital Markets
2007,2006-08-03,7.3,08-31-2006,RBC Capital Markets
Q2-21,2020-08-07,6.85,05-31-2021,RBC Capital Markets
Q2-21,2020-09-04,6.6,05-31-2021,RBC Capital Markets
Q2-21,2020-11-06,6.45,05-31-2021,RBC Capital Markets
Q2-21,2021-02-04,6.35,05-31-2021,RBC Capital Markets
Q3-21,2020-09-04,6.6,05-31-2021,RBC Capital Markets
Q3-21,2020-11-06,6.45,05-31-2021,RBC Capital Markets
Q3-21,2021-02-04,6.3,05-31-2021,RBC Capital Markets
Q4-21,2020-08-07,6.76,05-31-2021,RBC Capital Markets
Q4-21,2020-09-04,6.5,05-31-2021,RBC Capital Markets
Q4-21,2020-11-06,6.4,05-31-2021,RBC Capital Markets
Q4-21,2021-02-04,6.45,05-31-2021,RBC Capital Markets
Q2-17,2016-08-30,7.2,05-31-2017,RBC Capital Markets
Q2-17,2016-09-09,7.2,05-31-2017,RBC Capital Markets
Q2-17,2016-10-10,7.2,05-31-2017,RBC Capital Markets
Q2-17,2016-11-08,7.2,05-31-2017,RBC Capital Markets
Q2-17,2016-12-16,7.2,05-31-2017,RBC Capital Markets
Q2-17,2017-02-03,7.2,05-31-2017,RBC Capital Markets
Q2-17,2017-03-07,7.2,05-31-2017,RBC Capital Markets
Q2-17,2017-04-12,7.2,05-31-2017,RBC Capital Markets
Q2-17,2017-05-09,7.2,05-31-2017,RBC Capital Markets
Q3-17,2016-10-10,7.4,05-31-2017,RBC Capital Markets
Q3-17,2016-11-08,7.4,05-31-2017,RBC Capital Markets
Q3-17,2016-12-16,7.4,05-31-2017,RBC Capital Markets
Q3-17,2017-02-03,7.4,05-31-2017,RBC Capital Markets
Q3-17,2017-03-07,7.4,05-31-2017,RBC Capital Markets
Q3-17,2017-04-12,7.4,05-31-2017,RBC Capital Markets
Q3-17,2017-05-09,7.4,05-31-2017,RBC Capital Markets
Q4-17,2015-12-28,7.5,05-31-2017,RBC Capital Markets
Q4-17,2016-02-16,7.5,05-31-2017,RBC Capital Markets
Q4-17,2016-03-09,7.5,05-31-2017,RBC Capital Markets
Q4-17,2016-08-30,7.5,05-31-2017,RBC Capital Markets
Q4-17,2016-09-09,7.5,05-31-2017,RBC Capital Markets
Q4-17,2016-10-10,7.5,05-31-2017,RBC Capital Markets
Q4-17,2016-11-08,7.5,05-31-2017,RBC Capital Markets
Q4-17,2016-12-16,7.5,05-31-2017,RBC Capital Markets
Q4-17,2017-02-03,7.5,05-31-2017,RBC Capital Markets
Q4-17,2017-03-07,7.5,05-31-2017,RBC Capital Markets
Q4-17,2017-04-12,7.5,05-31-2017,RBC Capital Markets
Q4-17,2017-05-09,7.5,05-31-2017,RBC Capital Markets
Q1-18,2017-03-07,7.6,05-31-2017,RBC Capital Markets
Q1-18,2017-04-12,7.6,05-31-2017,RBC Capital Markets
Q1-18,2017-05-09,7.6,05-31-2017,RBC Capital Markets
2018,2016-12-16,7.75,05-31-2017,RBC Capital Markets
2018,2017-02-03,7.75,05-31-2017,RBC Capital Markets
2018,2017-03-07,7.75,05-31-2017,RBC Capital Markets
2018,2017-04-12,7.75,05-31-2017,RBC Capital Markets
2018,2017-05-09,7.75,05-31-2017,RBC Capital Markets
Q4-06,2006-05-11,7.6,11-30-2006,RBC Capital Markets
Q4-06,2006-06-19,7.6,11-30-2006,RBC Capital Markets
Q4-06,2006-08-03,7.6,11-30-2006,RBC Capital Markets
Q4-06,2006-09-12,7.6,11-30-2006,RBC Capital Markets
Q4-06,2006-11-20,7.8,11-30-2006,RBC Capital Markets
Q1-07,2006-05-11,7.5,11-30-2006,RBC Capital Markets
Q1-07,2006-06-19,7.5,11-30-2006,RBC Capital Markets
Q1-07,2006-08-03,7.5,11-30-2006,RBC Capital Markets
Q1-07,2006-09-12,7.5,11-30-2006,RBC Capital Markets
Q1-07,2006-11-20,7.75,11-30-2006,RBC Capital Markets
Q2-07,2006-06-19,7.5,11-30-2006,RBC Capital Markets
Q2-07,2006-08-03,7.5,11-30-2006,RBC Capital Markets
Q2-07,2006-09-12,7.5,11-30-2006,RBC Capital Markets
Q2-07,2006-11-20,7.7,11-30-2006,RBC Capital Markets
Q3-07,2006-09-12,7.3,11-30-2006,RBC Capital Markets
Q3-07,2006-11-20,7.65,11-30-2006,RBC Capital Markets
2007,2006-05-11,7.3,11-30-2006,RBC Capital Markets
2007,2006-06-19,7.3,11-30-2006,RBC Capital Markets
2007,2006-08-03,7.3,11-30-2006,RBC Capital Markets
2007,2006-09-12,7.3,11-30-2006,RBC Capital Markets
2007,2006-11-20,7.5,11-30-2006,RBC Capital Markets
Q1-21,2020-08-07,6.89,02-28-2021,RBC Capital Markets
Q1-21,2020-09-04,6.7,02-28-2021,RBC Capital Markets
Q1-21,2020-11-06,6.5,02-28-2021,RBC Capital Markets
Q1-21,2021-02-04,6.4,02-28-2021,RBC Capital Markets
Q2-21,2020-08-07,6.85,02-28-2021,RBC Capital Markets
Q2-21,2020-09-04,6.6,02-28-2021,RBC Capital Markets
Q2-21,2020-11-06,6.45,02-28-2021,RBC Capital Markets
Q2-21,2021-02-04,6.35,02-28-2021,RBC Capital Markets
Q3-21,2020-09-04,6.6,02-28-2021,RBC Capital Markets
Q3-21,2020-11-06,6.45,02-28-2021,RBC Capital Markets
Q3-21,2021-02-04,6.3,02-28-2021,RBC Capital Markets
Q4-21,2020-08-07,6.76,02-28-2021,RBC Capital Markets
Q4-21,2020-09-04,6.5,02-28-2021,RBC Capital Markets
Q4-21,2020-11-06,6.4,02-28-2021,RBC Capital Markets
Q4-21,2021-02-04,6.45,02-28-2021,RBC Capital Markets
2022,2020-08-07,6.76,02-28-2021,RBC Capital Markets
2022,2020-09-04,6.5,02-28-2021,RBC Capital Markets
2022,2020-11-06,6.4,02-28-2021,RBC Capital Markets
2022,2021-02-04,6.45,02-28-2021,RBC Capital Markets
Q4-10,2008-12-11,6.5,11-30-2010,RBC Capital Markets
Q4-10,2009-01-15,6.5,11-30-2010,RBC Capital Markets
Q4-10,2009-02-06,6.5,11-30-2010,RBC Capital Markets
Q4-10,2009-03-16,6.5,11-30-2010,RBC Capital Markets
Q4-10,2009-04-22,6.5,11-30-2010,RBC Capital Markets
Q4-10,2009-05-13,6.5,11-30-2010,RBC Capital Markets
Q4-10,2009-06-05,6.5,11-30-2010,RBC Capital Markets
Q4-10,2009-07-20,6.5,11-30-2010,RBC Capital Markets
Q4-10,2009-08-05,6.5,11-30-2010,RBC Capital Markets
Q4-10,2009-09-09,6.5,11-30-2010,RBC Capital Markets
Q4-10,2009-10-07,6.5,11-30-2010,RBC Capital Markets
Q4-10,2009-11-13,6.5,11-30-2010,RBC Capital Markets
Q4-10,2009-12-16,6.5,11-30-2010,RBC Capital Markets
Q4-10,2010-01-29,6.5,11-30-2010,RBC Capital Markets
Q4-10,2010-03-05,6.5,11-30-2010,RBC Capital Markets
Q4-10,2010-04-07,6.5,11-30-2010,RBC Capital Markets
Q4-10,2010-05-07,6.5,11-30-2010,RBC Capital Markets
Q4-10,2010-06-08,6.5,11-30-2010,RBC Capital Markets
Q4-10,2010-07-14,6.5,11-30-2010,RBC Capital Markets
Q4-10,2010-08-10,6.6,11-30-2010,RBC Capital Markets
Q4-10,2010-09-10,6.6,11-30-2010,RBC Capital Markets
Q4-10,2010-10-29,6.6,11-30-2010,RBC Capital Markets
Q1-11,2010-03-05,6.4,11-30-2010,RBC Capital Markets
Q1-11,2010-04-07,6.4,11-30-2010,RBC Capital Markets
Q1-11,2010-05-07,6.4,11-30-2010,RBC Capital Markets
Q1-11,2010-06-08,6.4,11-30-2010,RBC Capital Markets
Q1-11,2010-07-14,6.4,11-30-2010,RBC Capital Markets
Q1-11,2010-08-10,6.5,11-30-2010,RBC Capital Markets
Q1-11,2010-09-10,6.5,11-30-2010,RBC Capital Markets
Q1-11,2010-10-29,6.5,11-30-2010,RBC Capital Markets
Q2-11,2010-07-14,6.3,11-30-2010,RBC Capital Markets
Q2-11,2010-08-10,6.4,11-30-2010,RBC Capital Markets
Q2-11,2010-09-10,6.4,11-30-2010,RBC Capital Markets
Q2-11,2010-10-29,6.4,11-30-2010,RBC Capital Markets
Q3-11,2010-09-10,6.3,11-30-2010,RBC Capital Markets
Q3-11,2010-10-29,6.3,11-30-2010,RBC Capital Markets
2011,2009-12-16,6.1,11-30-2010,RBC Capital Markets
2011,2010-01-29,6.1,11-30-2010,RBC Capital Markets
2011,2010-03-05,6.1,11-30-2010,RBC Capital Markets
2011,2010-04-07,6.1,11-30-2010,RBC Capital Markets
2011,2010-05-07,6.1,11-30-2010,RBC Capital Markets
2011,2010-06-08,6.1,11-30-2010,RBC Capital Markets
2011,2010-07-14,6.1,11-30-2010,RBC Capital Markets
2011,2010-08-10,6.2,11-30-2010,RBC Capital Markets
2011,2010-09-10,6.2,11-30-2010,RBC Capital Markets
2011,2010-10-29,6.2,11-30-2010,RBC Capital Markets
Q4-11,2009-12-16,6.1,11-30-2011,RBC Capital Markets
Q4-11,2010-01-29,6.1,11-30-2011,RBC Capital Markets
Q4-11,2010-03-05,6.1,11-30-2011,RBC Capital Markets
Q4-11,2010-04-07,6.1,11-30-2011,RBC Capital Markets
Q4-11,2010-05-07,6.1,11-30-2011,RBC Capital Markets
Q4-11,2010-06-08,6.1,11-30-2011,RBC Capital Markets
Q4-11,2010-07-14,6.1,11-30-2011,RBC Capital Markets
Q4-11,2010-08-10,6.2,11-30-2011,RBC Capital Markets
Q4-11,2010-09-10,6.2,11-30-2011,RBC Capital Markets
Q4-11,2010-10-29,6.2,11-30-2011,RBC Capital Markets
Q4-11,2010-12-10,6.2,11-30-2011,RBC Capital Markets
Q4-11,2011-02-01,6.2,11-30-2011,RBC Capital Markets
Q4-11,2011-04-12,6.2,11-30-2011,RBC Capital Markets
Q4-11,2011-05-12,6.2,11-30-2011,RBC Capital Markets
Q4-11,2011-06-16,6.2,11-30-2011,RBC Capital Markets
Q4-11,2011-07-15,6.25,11-30-2011,RBC Capital Markets
Q1-12,2011-04-12,6.1,11-30-2011,RBC Capital Markets
Q1-12,2011-05-12,6.1,11-30-2011,RBC Capital Markets
Q1-12,2011-06-16,6.1,11-30-2011,RBC Capital Markets
Q1-12,2011-07-15,6.15,11-30-2011,RBC Capital Markets
Q2-12,2011-07-15,6.05,11-30-2011,RBC Capital Markets
2012,2010-12-10,6.2,11-30-2011,RBC Capital Markets
2012,2011-02-01,5.8,11-30-2011,RBC Capital Markets
2012,2011-04-12,5.8,11-30-2011,RBC Capital Markets
2012,2011-05-12,5.8,11-30-2011,RBC Capital Markets
2012,2011-06-16,5.8,11-30-2011,RBC Capital Markets
2012,2011-07-15,5.85,11-30-2011,RBC Capital Markets
Q1-20,2019-03-08,7.5,02-28-2020,RBC Capital Markets
Q4-20,2018-12-14,7.8,02-28-2020,RBC Capital Markets
Q4-20,2019-02-05,7.8,02-28-2020,RBC Capital Markets
Q4-20,2019-03-08,7.7,02-28-2020,RBC Capital Markets
Q4-07,2006-05-11,7.3,11-30-2007,RBC Capital Markets
Q4-07,2006-06-19,7.3,11-30-2007,RBC Capital Markets
Q4-07,2006-08-03,7.3,11-30-2007,RBC Capital Markets
Q4-07,2006-09-12,7.3,11-30-2007,RBC Capital Markets
Q4-07,2006-11-20,7.5,11-30-2007,RBC Capital Markets
Q4-07,2006-12-14,7.5,11-30-2007,RBC Capital Markets
Q4-07,2007-01-26,7.5,11-30-2007,RBC Capital Markets
Q4-07,2007-02-02,7.5,11-30-2007,RBC Capital Markets
Q4-07,2007-03-08,7.5,11-30-2007,RBC Capital Markets
Q4-07,2007-04-11,7.5,11-30-2007,RBC Capital Markets
Q4-07,2007-05-04,7.35,11-30-2007,RBC Capital Markets
Q4-07,2007-06-01,7.35,11-30-2007,RBC Capital Markets
Q4-07,2007-07-09,7.35,11-30-2007,RBC Capital Markets
Q4-07,2007-08-02,7.35,11-30-2007,RBC Capital Markets
Q4-07,2007-09-14,7.35,11-30-2007,RBC Capital Markets
Q4-07,2007-09-21,7.35,11-30-2007,RBC Capital Markets
Q4-07,2007-11-13,7.35,11-30-2007,RBC Capital Markets
Q1-08,2007-03-08,7.5,11-30-2007,RBC Capital Markets
Q1-08,2007-04-11,7.5,11-30-2007,RBC Capital Markets
Q1-08,2007-05-04,7.3,11-30-2007,RBC Capital Markets
Q1-08,2007-06-01,7.3,11-30-2007,RBC Capital Markets
Q1-08,2007-07-09,7.3,11-30-2007,RBC Capital Markets
Q1-08,2007-08-02,7.3,11-30-2007,RBC Capital Markets
Q1-08,2007-09-14,7.3,11-30-2007,RBC Capital Markets
Q1-08,2007-09-21,7.3,11-30-2007,RBC Capital Markets
Q1-08,2007-11-13,7.3,11-30-2007,RBC Capital Markets
Q2-08,2007-06-01,7.25,11-30-2007,RBC Capital Markets
Q2-08,2007-07-09,7.25,11-30-2007,RBC Capital Markets
Q2-08,2007-08-02,7.25,11-30-2007,RBC Capital Markets
Q2-08,2007-09-14,7.25,11-30-2007,RBC Capital Markets
Q2-08,2007-09-21,7.25,11-30-2007,RBC Capital Markets
Q2-08,2007-11-13,7.25,11-30-2007,RBC Capital Markets
Q3-08,2007-09-14,7.15,11-30-2007,RBC Capital Markets
Q3-08,2007-09-21,7.15,11-30-2007,RBC Capital Markets
Q3-08,2007-11-13,7.15,11-30-2007,RBC Capital Markets
2008,2006-12-14,7.3,11-30-2007,RBC Capital Markets
2008,2007-01-26,7.3,11-30-2007,RBC Capital Markets
2008,2007-02-02,7.3,11-30-2007,RBC Capital Markets
2008,2007-03-08,7.3,11-30-2007,RBC Capital Markets
2008,2007-04-11,7.3,11-30-2007,RBC Capital Markets
2008,2007-05-04,7.1,11-30-2007,RBC Capital Markets
2008,2007-06-01,7.1,11-30-2007,RBC Capital Markets
2008,2007-07-09,7.1,11-30-2007,RBC Capital Markets
2008,2007-08-02,7.1,11-30-2007,RBC Capital Markets
2008,2007-09-14,7.1,11-30-2007,RBC Capital Markets
2008,2007-09-21,7.1,11-30-2007,RBC Capital Markets
2008,2007-11-13,7.1,11-30-2007,RBC Capital Markets
Q2-16,2015-06-10,6.8,05-31-2016,RBC Capital Markets
Q2-16,2015-07-06,6.8,05-31-2016,RBC Capital Markets
Q2-16,2015-07-13,6.8,05-31-2016,RBC Capital Markets
Q2-16,2015-08-07,6.8,05-31-2016,RBC Capital Markets
Q2-16,2015-10-07,6.8,05-31-2016,RBC Capital Markets
Q2-16,2015-11-12,6.8,05-31-2016,RBC Capital Markets
Q2-16,2015-12-28,6.8,05-31-2016,RBC Capital Markets
Q2-16,2016-02-16,6.8,05-31-2016,RBC Capital Markets
Q2-16,2016-03-09,6.8,05-31-2016,RBC Capital Markets
Q3-16,2015-10-07,6.9,05-31-2016,RBC Capital Markets
Q3-16,2015-11-12,6.9,05-31-2016,RBC Capital Markets
Q3-16,2015-12-28,6.9,05-31-2016,RBC Capital Markets
Q3-16,2016-02-16,6.9,05-31-2016,RBC Capital Markets
Q3-16,2016-03-09,6.9,05-31-2016,RBC Capital Markets
Q4-16,2015-01-05,6.4,05-31-2016,RBC Capital Markets
Q4-16,2015-03-04,7.0,05-31-2016,RBC Capital Markets
Q4-16,2015-03-10,7.0,05-31-2016,RBC Capital Markets
Q4-16,2015-04-07,7.0,05-31-2016,RBC Capital Markets
Q4-16,2015-06-10,6.95,05-31-2016,RBC Capital Markets
Q4-16,2015-07-06,6.95,05-31-2016,RBC Capital Markets
Q4-16,2015-07-13,6.95,05-31-2016,RBC Capital Markets
Q4-16,2015-08-07,6.95,05-31-2016,RBC Capital Markets
Q4-16,2015-10-07,6.95,05-31-2016,RBC Capital Markets
Q4-16,2015-11-12,6.95,05-31-2016,RBC Capital Markets
Q4-16,2015-12-28,6.95,05-31-2016,RBC Capital Markets
Q4-16,2016-02-16,6.95,05-31-2016,RBC Capital Markets
Q4-16,2016-03-09,6.95,05-31-2016,RBC Capital Markets
Q1-17,2016-03-09,7.0,05-31-2016,RBC Capital Markets
2017,2015-12-28,7.5,05-31-2016,RBC Capital Markets
2017,2016-02-16,7.5,05-31-2016,RBC Capital Markets
2017,2016-03-09,7.5,05-31-2016,RBC Capital Markets
Q4-20,2018-12-14,7.8,05-31-2020,RBC Capital Markets
Q4-20,2019-02-05,7.8,05-31-2020,RBC Capital Markets
Q4-20,2019-03-08,7.7,05-31-2020,RBC Capital Markets
Q3-07,2006-09-12,7.3,08-31-2007,RBC Capital Markets
Q3-07,2006-11-20,7.65,08-31-2007,RBC Capital Markets
Q3-07,2006-12-14,7.65,08-31-2007,RBC Capital Markets
Q3-07,2007-01-26,7.65,08-31-2007,RBC Capital Markets
Q3-07,2007-02-02,7.65,08-31-2007,RBC Capital Markets
Q3-07,2007-03-08,7.65,08-31-2007,RBC Capital Markets
Q3-07,2007-04-11,7.65,08-31-2007,RBC Capital Markets
Q3-07,2007-05-04,7.45,08-31-2007,RBC Capital Markets
Q3-07,2007-06-01,7.45,08-31-2007,RBC Capital Markets
Q3-07,2007-07-09,7.45,08-31-2007,RBC Capital Markets
Q3-07,2007-08-02,7.45,08-31-2007,RBC Capital Markets
Q4-07,2006-05-11,7.3,08-31-2007,RBC Capital Markets
Q4-07,2006-06-19,7.3,08-31-2007,RBC Capital Markets
Q4-07,2006-08-03,7.3,08-31-2007,RBC Capital Markets
Q4-07,2006-09-12,7.3,08-31-2007,RBC Capital Markets
Q4-07,2006-11-20,7.5,08-31-2007,RBC Capital Markets
Q4-07,2006-12-14,7.5,08-31-2007,RBC Capital Markets
Q4-07,2007-01-26,7.5,08-31-2007,RBC Capital Markets
Q4-07,2007-02-02,7.5,08-31-2007,RBC Capital Markets
Q4-07,2007-03-08,7.5,08-31-2007,RBC Capital Markets
Q4-07,2007-04-11,7.5,08-31-2007,RBC Capital Markets
Q4-07,2007-05-04,7.35,08-31-2007,RBC Capital Markets
Q4-07,2007-06-01,7.35,08-31-2007,RBC Capital Markets
Q4-07,2007-07-09,7.35,08-31-2007,RBC Capital Markets
Q4-07,2007-08-02,7.35,08-31-2007,RBC Capital Markets
Q1-08,2007-03-08,7.5,08-31-2007,RBC Capital Markets
Q1-08,2007-04-11,7.5,08-31-2007,RBC Capital Markets
Q1-08,2007-05-04,7.3,08-31-2007,RBC Capital Markets
Q1-08,2007-06-01,7.3,08-31-2007,RBC Capital Markets
Q1-08,2007-07-09,7.3,08-31-2007,RBC Capital Markets
Q1-08,2007-08-02,7.3,08-31-2007,RBC Capital Markets
Q2-08,2007-06-01,7.25,08-31-2007,RBC Capital Markets
Q2-08,2007-07-09,7.25,08-31-2007,RBC Capital Markets
Q2-08,2007-08-02,7.25,08-31-2007,RBC Capital Markets
2008,2006-12-14,7.3,08-31-2007,RBC Capital Markets
2008,2007-01-26,7.3,08-31-2007,RBC Capital Markets
2008,2007-02-02,7.3,08-31-2007,RBC Capital Markets
2008,2007-03-08,7.3,08-31-2007,RBC Capital Markets
2008,2007-04-11,7.3,08-31-2007,RBC Capital Markets
2008,2007-05-04,7.1,08-31-2007,RBC Capital Markets
2008,2007-06-01,7.1,08-31-2007,RBC Capital Markets
2008,2007-07-09,7.1,08-31-2007,RBC Capital Markets
2008,2007-08-02,7.1,08-31-2007,RBC Capital Markets
Q3-11,2010-09-10,6.3,08-31-2011,RBC Capital Markets
Q3-11,2010-10-29,6.3,08-31-2011,RBC Capital Markets
Q3-11,2010-12-10,6.3,08-31-2011,RBC Capital Markets
Q3-11,2011-02-01,6.3,08-31-2011,RBC Capital Markets
Q3-11,2011-04-12,6.3,08-31-2011,RBC Capital Markets
Q3-11,2011-05-12,6.3,08-31-2011,RBC Capital Markets
Q3-11,2011-06-16,6.3,08-31-2011,RBC Capital Markets
Q3-11,2011-07-15,6.34,08-31-2011,RBC Capital Markets
Q4-11,2009-12-16,6.1,08-31-2011,RBC Capital Markets
Q4-11,2010-01-29,6.1,08-31-2011,RBC Capital Markets
Q4-11,2010-03-05,6.1,08-31-2011,RBC Capital Markets
Q4-11,2010-04-07,6.1,08-31-2011,RBC Capital Markets
Q4-11,2010-05-07,6.1,08-31-2011,RBC Capital Markets
Q4-11,2010-06-08,6.1,08-31-2011,RBC Capital Markets
Q4-11,2010-07-14,6.1,08-31-2011,RBC Capital Markets
Q4-11,2010-08-10,6.2,08-31-2011,RBC Capital Markets
Q4-11,2010-09-10,6.2,08-31-2011,RBC Capital Markets
Q4-11,2010-10-29,6.2,08-31-2011,RBC Capital Markets
Q4-11,2010-12-10,6.2,08-31-2011,RBC Capital Markets
Q4-11,2011-02-01,6.2,08-31-2011,RBC Capital Markets
Q4-11,2011-04-12,6.2,08-31-2011,RBC Capital Markets
Q4-11,2011-05-12,6.2,08-31-2011,RBC Capital Markets
Q4-11,2011-06-16,6.2,08-31-2011,RBC Capital Markets
Q4-11,2011-07-15,6.25,08-31-2011,RBC Capital Markets
Q1-12,2011-04-12,6.1,08-31-2011,RBC Capital Markets
Q1-12,2011-05-12,6.1,08-31-2011,RBC Capital Markets
Q1-12,2011-06-16,6.1,08-31-2011,RBC Capital Markets
Q1-12,2011-07-15,6.15,08-31-2011,RBC Capital Markets
Q2-12,2011-07-15,6.05,08-31-2011,RBC Capital Markets
2012,2010-12-10,6.2,08-31-2011,RBC Capital Markets
2012,2011-02-01,5.8,08-31-2011,RBC Capital Markets
2012,2011-04-12,5.8,08-31-2011,RBC Capital Markets
2012,2011-05-12,5.8,08-31-2011,RBC Capital Markets
2012,2011-06-16,5.8,08-31-2011,RBC Capital Markets
2012,2011-07-15,5.85,08-31-2011,RBC Capital Markets
Q1-16,2015-04-07,6.8,02-28-2016,RBC Capital Markets
Q1-16,2015-06-10,6.7,02-28-2016,RBC Capital Markets
Q1-16,2015-07-06,6.7,02-28-2016,RBC Capital Markets
Q1-16,2015-07-13,6.7,02-28-2016,RBC Capital Markets
Q1-16,2015-08-07,6.7,02-28-2016,RBC Capital Markets
Q1-16,2015-10-07,6.7,02-28-2016,RBC Capital Markets
Q1-16,2015-11-12,6.7,02-28-2016,RBC Capital Markets
Q1-16,2015-12-28,6.7,02-28-2016,RBC Capital Markets
Q1-16,2016-02-16,6.7,02-28-2016,RBC Capital Markets
Q2-16,2015-06-10,6.8,02-28-2016,RBC Capital Markets
Q2-16,2015-07-06,6.8,02-28-2016,RBC Capital Markets
Q2-16,2015-07-13,6.8,02-28-2016,RBC Capital Markets
Q2-16,2015-08-07,6.8,02-28-2016,RBC Capital Markets
Q2-16,2015-10-07,6.8,02-28-2016,RBC Capital Markets
Q2-16,2015-11-12,6.8,02-28-2016,RBC Capital Markets
Q2-16,2015-12-28,6.8,02-28-2016,RBC Capital Markets
Q2-16,2016-02-16,6.8,02-28-2016,RBC Capital Markets
Q3-16,2015-10-07,6.9,02-28-2016,RBC Capital Markets
Q3-16,2015-11-12,6.9,02-28-2016,RBC Capital Markets
Q3-16,2015-12-28,6.9,02-28-2016,RBC Capital Markets
Q3-16,2016-02-16,6.9,02-28-2016,RBC Capital Markets
Q4-16,2015-01-05,6.4,02-28-2016,RBC Capital Markets
Q4-16,2015-03-04,7.0,02-28-2016,RBC Capital Markets
Q4-16,2015-03-10,7.0,02-28-2016,RBC Capital Markets
Q4-16,2015-04-07,7.0,02-28-2016,RBC Capital Markets
Q4-16,2015-06-10,6.95,02-28-2016,RBC Capital Markets
Q4-16,2015-07-06,6.95,02-28-2016,RBC Capital Markets
Q4-16,2015-07-13,6.95,02-28-2016,RBC Capital Markets
Q4-16,2015-08-07,6.95,02-28-2016,RBC Capital Markets
Q4-16,2015-10-07,6.95,02-28-2016,RBC Capital Markets
Q4-16,2015-11-12,6.95,02-28-2016,RBC Capital Markets
Q4-16,2015-12-28,6.95,02-28-2016,RBC Capital Markets
Q4-16,2016-02-16,6.95,02-28-2016,RBC Capital Markets
2017,2015-12-28,7.5,02-28-2016,RBC Capital Markets
2017,2016-02-16,7.5,02-28-2016,RBC Capital Markets
Q4-08,2006-12-14,7.3,11-30-2008,RBC Capital Markets
Q4-08,2007-01-26,7.3,11-30-2008,RBC Capital Markets
Q4-08,2007-02-02,7.3,11-30-2008,RBC Capital Markets
Q4-08,2007-03-08,7.3,11-30-2008,RBC Capital Markets
Q4-08,2007-04-11,7.3,11-30-2008,RBC Capital Markets
Q4-08,2007-05-04,7.1,11-30-2008,RBC Capital Markets
Q4-08,2007-06-01,7.1,11-30-2008,RBC Capital Markets
Q4-08,2007-07-09,7.1,11-30-2008,RBC Capital Markets
Q4-08,2007-08-02,7.1,11-30-2008,RBC Capital Markets
Q4-08,2007-09-14,7.1,11-30-2008,RBC Capital Markets
Q4-08,2007-09-21,7.1,11-30-2008,RBC Capital Markets
Q4-08,2007-11-13,7.1,11-30-2008,RBC Capital Markets
Q4-08,2007-12-13,7.1,11-30-2008,RBC Capital Markets
Q4-08,2008-01-21,7.1,11-30-2008,RBC Capital Markets
Q4-08,2008-02-07,6.5,11-30-2008,RBC Capital Markets
Q4-08,2008-03-07,6.5,11-30-2008,RBC Capital Markets
Q4-08,2008-04-03,6.5,11-30-2008,RBC Capital Markets
Q4-08,2008-05-09,6.5,11-30-2008,RBC Capital Markets
Q4-08,2008-05-12,6.5,11-30-2008,RBC Capital Markets
Q4-08,2008-05-15,6.5,11-30-2008,RBC Capital Markets
Q4-08,2008-06-05,6.6,11-30-2008,RBC Capital Markets
Q4-08,2008-07-08,6.5,11-30-2008,RBC Capital Markets
Q4-08,2008-08-14,6.5,11-30-2008,RBC Capital Markets
Q4-08,2008-11-04,6.8,11-30-2008,RBC Capital Markets
Q1-09,2008-03-07,6.45,11-30-2008,RBC Capital Markets
Q1-09,2008-04-03,6.45,11-30-2008,RBC Capital Markets
Q1-09,2008-05-09,6.45,11-30-2008,RBC Capital Markets
Q1-09,2008-05-12,6.45,11-30-2008,RBC Capital Markets
Q1-09,2008-05-15,6.45,11-30-2008,RBC Capital Markets
Q1-09,2008-06-05,6.5,11-30-2008,RBC Capital Markets
Q1-09,2008-07-08,6.45,11-30-2008,RBC Capital Markets
Q1-09,2008-08-14,6.45,11-30-2008,RBC Capital Markets
Q1-09,2008-11-04,6.7,11-30-2008,RBC Capital Markets
Q2-09,2008-06-05,6.45,11-30-2008,RBC Capital Markets
Q2-09,2008-11-04,6.65,11-30-2008,RBC Capital Markets
Q3-09,2008-11-04,6.6,11-30-2008,RBC Capital Markets
2009,2008-02-07,6.3,11-30-2008,RBC Capital Markets
2009,2008-03-07,6.3,11-30-2008,RBC Capital Markets
2009,2008-04-03,6.3,11-30-2008,RBC Capital Markets
2009,2008-05-09,6.3,11-30-2008,RBC Capital Markets
2009,2008-05-12,6.3,11-30-2008,RBC Capital Markets
2009,2008-05-15,6.3,11-30-2008,RBC Capital Markets
2009,2008-06-05,6.3,11-30-2008,RBC Capital Markets
2009,2008-07-08,6.3,11-30-2008,RBC Capital Markets
2009,2008-08-14,6.3,11-30-2008,RBC Capital Markets
2009,2008-11-04,6.55,11-30-2008,RBC Capital Markets
Q2-19,2018-06-08,7.2,05-31-2019,RBC Capital Markets
Q2-19,2018-07-06,7.2,05-31-2019,RBC Capital Markets
Q2-19,2018-09-07,7.2,05-31-2019,RBC Capital Markets
Q2-19,2018-10-05,7.2,05-31-2019,RBC Capital Markets
Q2-19,2018-11-02,7.25,05-31-2019,RBC Capital Markets
Q2-19,2018-12-14,7.25,05-31-2019,RBC Capital Markets
Q2-19,2019-02-05,7.25,05-31-2019,RBC Capital Markets
Q2-19,2019-03-08,7.0,05-31-2019,RBC Capital Markets
Q3-19,2018-09-07,7.3,05-31-2019,RBC Capital Markets
Q3-19,2018-10-05,7.3,05-31-2019,RBC Capital Markets
Q3-19,2018-11-02,7.4,05-31-2019,RBC Capital Markets
Q3-19,2018-12-14,7.4,05-31-2019,RBC Capital Markets
Q3-19,2019-02-05,7.4,05-31-2019,RBC Capital Markets
Q3-19,2019-03-08,7.25,05-31-2019,RBC Capital Markets
Q4-19,2017-12-18,7.3,05-31-2019,RBC Capital Markets
Q4-19,2018-02-02,7.3,05-31-2019,RBC Capital Markets
Q4-19,2018-03-09,7.3,05-31-2019,RBC Capital Markets
Q4-19,2018-04-06,7.3,05-31-2019,RBC Capital Markets
Q4-19,2018-05-04,7.3,05-31-2019,RBC Capital Markets
Q4-19,2018-06-08,7.3,05-31-2019,RBC Capital Markets
Q4-19,2018-07-06,7.3,05-31-2019,RBC Capital Markets
Q4-19,2018-09-07,7.3,05-31-2019,RBC Capital Markets
Q4-19,2018-10-05,7.3,05-31-2019,RBC Capital Markets
Q4-19,2018-11-02,7.5,05-31-2019,RBC Capital Markets
Q4-19,2018-12-14,7.5,05-31-2019,RBC Capital Markets
Q4-19,2019-02-05,7.5,05-31-2019,RBC Capital Markets
Q4-19,2019-03-08,7.4,05-31-2019,RBC Capital Markets
Q1-20,2019-03-08,7.5,05-31-2019,RBC Capital Markets
2020,2018-12-14,7.8,05-31-2019,RBC Capital Markets
2020,2019-02-05,7.8,05-31-2019,RBC Capital Markets
2020,2019-03-08,7.7,05-31-2019,RBC Capital Markets
Q3-12,2012-02-08,6.2,08-31-2012,RBC Capital Markets
Q3-12,2012-05-04,6.2,08-31-2012,RBC Capital Markets
Q3-12,2012-06-01,6.2,08-31-2012,RBC Capital Markets
Q3-12,2012-06-08,6.2,08-31-2012,RBC Capital Markets
Q3-12,2012-06-15,6.33,08-31-2012,RBC Capital Markets
Q3-12,2012-07-20,6.33,08-31-2012,RBC Capital Markets
Q3-12,2012-07-27,6.33,08-31-2012,RBC Capital Markets
Q3-12,2012-08-03,6.33,08-31-2012,RBC Capital Markets
Q3-12,2012-08-10,6.33,08-31-2012,RBC Capital Markets
Q3-12,2012-08-17,6.33,08-31-2012,RBC Capital Markets
Q3-12,2012-08-24,6.33,08-31-2012,RBC Capital Markets
Q3-12,2012-08-31,6.33,08-31-2012,RBC Capital Markets
Q4-12,2010-12-10,6.2,08-31-2012,RBC Capital Markets
Q4-12,2011-02-01,5.8,08-31-2012,RBC Capital Markets
Q4-12,2011-04-12,5.8,08-31-2012,RBC Capital Markets
Q4-12,2011-05-12,5.8,08-31-2012,RBC Capital Markets
Q4-12,2011-06-16,5.8,08-31-2012,RBC Capital Markets
Q4-12,2011-07-15,5.85,08-31-2012,RBC Capital Markets
Q4-12,2012-02-08,6.1,08-31-2012,RBC Capital Markets
Q4-12,2012-05-04,6.1,08-31-2012,RBC Capital Markets
Q4-12,2012-06-01,6.1,08-31-2012,RBC Capital Markets
Q4-12,2012-06-08,6.1,08-31-2012,RBC Capital Markets
Q4-12,2012-06-15,6.3,08-31-2012,RBC Capital Markets
Q4-12,2012-07-20,6.3,08-31-2012,RBC Capital Markets
Q4-12,2012-07-27,6.3,08-31-2012,RBC Capital Markets
Q4-12,2012-08-03,6.3,08-31-2012,RBC Capital Markets
Q4-12,2012-08-10,6.3,08-31-2012,RBC Capital Markets
Q4-12,2012-08-17,6.3,08-31-2012,RBC Capital Markets
Q4-12,2012-08-24,6.3,08-31-2012,RBC Capital Markets
Q4-12,2012-08-31,6.3,08-31-2012,RBC Capital Markets
Q1-13,2012-02-08,6.05,08-31-2012,RBC Capital Markets
Q1-13,2012-05-04,6.05,08-31-2012,RBC Capital Markets
Q1-13,2012-06-01,6.05,08-31-2012,RBC Capital Markets
Q1-13,2012-06-08,6.05,08-31-2012,RBC Capital Markets
Q1-13,2012-06-15,6.25,08-31-2012,RBC Capital Markets
Q1-13,2012-07-20,6.25,08-31-2012,RBC Capital Markets
Q1-13,2012-07-27,6.25,08-31-2012,RBC Capital Markets
Q1-13,2012-08-03,6.25,08-31-2012,RBC Capital Markets
Q1-13,2012-08-10,6.25,08-31-2012,RBC Capital Markets
Q1-13,2012-08-17,6.25,08-31-2012,RBC Capital Markets
Q1-13,2012-08-24,6.25,08-31-2012,RBC Capital Markets
Q1-13,2012-08-31,6.25,08-31-2012,RBC Capital Markets
Q2-13,2012-02-08,6.0,08-31-2012,RBC Capital Markets
Q2-13,2012-05-04,6.0,08-31-2012,RBC Capital Markets
Q2-13,2012-06-01,6.0,08-31-2012,RBC Capital Markets
Q2-13,2012-06-08,6.0,08-31-2012,RBC Capital Markets
Q2-13,2012-06-15,6.2,08-31-2012,RBC Capital Markets
Q2-13,2012-07-20,6.2,08-31-2012,RBC Capital Markets
Q2-13,2012-07-27,6.2,08-31-2012,RBC Capital Markets
Q2-13,2012-08-03,6.2,08-31-2012,RBC Capital Markets
Q2-13,2012-08-10,6.2,08-31-2012,RBC Capital Markets
Q2-13,2012-08-17,6.2,08-31-2012,RBC Capital Markets
Q2-13,2012-08-24,6.2,08-31-2012,RBC Capital Markets
Q2-13,2012-08-31,6.2,08-31-2012,RBC Capital Markets
2013,2012-02-08,5.85,08-31-2012,RBC Capital Markets
2013,2012-05-04,5.85,08-31-2012,RBC Capital Markets
2013,2012-06-01,5.95,08-31-2012,RBC Capital Markets
2013,2012-06-08,5.95,08-31-2012,RBC Capital Markets
2013,2012-06-15,6.15,08-31-2012,RBC Capital Markets
2013,2012-07-20,6.15,08-31-2012,RBC Capital Markets
2013,2012-07-27,6.15,08-31-2012,RBC Capital Markets
2013,2012-08-03,6.15,08-31-2012,RBC Capital Markets
2013,2012-08-10,6.15,08-31-2012,RBC Capital Markets
2013,2012-08-17,6.15,08-31-2012,RBC Capital Markets
2013,2012-08-24,6.15,08-31-2012,RBC Capital Markets
2013,2012-08-31,6.15,08-31-2012,RBC Capital Markets
Q1-15,2014-08-11,6.2,02-28-2015,RBC Capital Markets
Q1-15,2014-09-08,6.2,02-28-2015,RBC Capital Markets
Q1-15,2014-10-24,6.2,02-28-2015,RBC Capital Markets
Q1-15,2015-01-05,6.2,02-28-2015,RBC Capital Markets
Q2-15,2014-08-11,6.2,02-28-2015,RBC Capital Markets
Q2-15,2014-09-08,6.2,02-28-2015,RBC Capital Markets
Q2-15,2014-10-24,6.2,02-28-2015,RBC Capital Markets
Q2-15,2015-01-05,6.23,02-28-2015,RBC Capital Markets
Q3-15,2014-08-11,6.2,02-28-2015,RBC Capital Markets
Q3-15,2014-09-08,6.2,02-28-2015,RBC Capital Markets
Q3-15,2014-10-24,6.2,02-28-2015,RBC Capital Markets
Q3-15,2015-01-05,6.27,02-28-2015,RBC Capital Markets
Q4-15,2014-08-11,6.2,02-28-2015,RBC Capital Markets
Q4-15,2014-09-08,6.2,02-28-2015,RBC Capital Markets
Q4-15,2014-10-24,6.2,02-28-2015,RBC Capital Markets
Q4-15,2015-01-05,6.3,02-28-2015,RBC Capital Markets
2016,2015-01-05,6.4,02-28-2015,RBC Capital Markets
Q4-12,2010-12-10,6.2,11-30-2012,RBC Capital Markets
Q4-12,2011-02-01,5.8,11-30-2012,RBC Capital Markets
Q4-12,2011-04-12,5.8,11-30-2012,RBC Capital Markets
Q4-12,2011-05-12,5.8,11-30-2012,RBC Capital Markets
Q4-12,2011-06-16,5.8,11-30-2012,RBC Capital Markets
Q4-12,2011-07-15,5.85,11-30-2012,RBC Capital Markets
Q4-12,2012-02-08,6.1,11-30-2012,RBC Capital Markets
Q4-12,2012-05-04,6.1,11-30-2012,RBC Capital Markets
Q4-12,2012-06-01,6.1,11-30-2012,RBC Capital Markets
Q4-12,2012-06-08,6.1,11-30-2012,RBC Capital Markets
Q4-12,2012-06-15,6.3,11-30-2012,RBC Capital Markets
Q4-12,2012-07-20,6.3,11-30-2012,RBC Capital Markets
Q4-12,2012-07-27,6.3,11-30-2012,RBC Capital Markets
Q4-12,2012-08-03,6.3,11-30-2012,RBC Capital Markets
Q4-12,2012-08-10,6.3,11-30-2012,RBC Capital Markets
Q4-12,2012-08-17,6.3,11-30-2012,RBC Capital Markets
Q4-12,2012-08-24,6.3,11-30-2012,RBC Capital Markets
Q4-12,2012-08-31,6.3,11-30-2012,RBC Capital Markets
Q4-12,2012-09-07,6.3,11-30-2012,RBC Capital Markets
Q4-12,2012-09-14,6.3,11-30-2012,RBC Capital Markets
Q4-12,2012-09-21,6.3,11-30-2012,RBC Capital Markets
Q4-12,2012-09-28,6.3,11-30-2012,RBC Capital Markets
Q4-12,2012-10-05,6.3,11-30-2012,RBC Capital Markets
Q4-12,2012-10-12,6.3,11-30-2012,RBC Capital Markets
Q4-12,2012-10-19,6.3,11-30-2012,RBC Capital Markets
Q4-12,2012-10-26,6.3,11-30-2012,RBC Capital Markets
Q4-12,2012-11-02,6.3,11-30-2012,RBC Capital Markets
Q4-12,2012-11-09,6.3,11-30-2012,RBC Capital Markets
Q4-12,2012-11-16,6.3,11-30-2012,RBC Capital Markets
Q4-12,2012-11-23,6.3,11-30-2012,RBC Capital Markets
Q4-12,2012-11-30,6.3,11-30-2012,RBC Capital Markets
Q1-13,2012-02-08,6.05,11-30-2012,RBC Capital Markets
Q1-13,2012-05-04,6.05,11-30-2012,RBC Capital Markets
Q1-13,2012-06-01,6.05,11-30-2012,RBC Capital Markets
Q1-13,2012-06-08,6.05,11-30-2012,RBC Capital Markets
Q1-13,2012-06-15,6.25,11-30-2012,RBC Capital Markets
Q1-13,2012-07-20,6.25,11-30-2012,RBC Capital Markets
Q1-13,2012-07-27,6.25,11-30-2012,RBC Capital Markets
Q1-13,2012-08-03,6.25,11-30-2012,RBC Capital Markets
Q1-13,2012-08-10,6.25,11-30-2012,RBC Capital Markets
Q1-13,2012-08-17,6.25,11-30-2012,RBC Capital Markets
Q1-13,2012-08-24,6.25,11-30-2012,RBC Capital Markets
Q1-13,2012-08-31,6.25,11-30-2012,RBC Capital Markets
Q1-13,2012-09-07,6.25,11-30-2012,RBC Capital Markets
Q1-13,2012-09-14,6.25,11-30-2012,RBC Capital Markets
Q1-13,2012-09-21,6.25,11-30-2012,RBC Capital Markets
Q1-13,2012-09-28,6.25,11-30-2012,RBC Capital Markets
Q1-13,2012-10-05,6.25,11-30-2012,RBC Capital Markets
Q1-13,2012-10-12,6.25,11-30-2012,RBC Capital Markets
Q1-13,2012-10-19,6.25,11-30-2012,RBC Capital Markets
Q1-13,2012-10-26,6.25,11-30-2012,RBC Capital Markets
Q1-13,2012-11-02,6.25,11-30-2012,RBC Capital Markets
Q1-13,2012-11-09,6.25,11-30-2012,RBC Capital Markets
Q1-13,2012-11-16,6.25,11-30-2012,RBC Capital Markets
Q1-13,2012-11-23,6.25,11-30-2012,RBC Capital Markets
Q1-13,2012-11-30,6.25,11-30-2012,RBC Capital Markets
Q2-13,2012-02-08,6.0,11-30-2012,RBC Capital Markets
Q2-13,2012-05-04,6.0,11-30-2012,RBC Capital Markets
Q2-13,2012-06-01,6.0,11-30-2012,RBC Capital Markets
Q2-13,2012-06-08,6.0,11-30-2012,RBC Capital Markets
Q2-13,2012-06-15,6.2,11-30-2012,RBC Capital Markets
Q2-13,2012-07-20,6.2,11-30-2012,RBC Capital Markets
Q2-13,2012-07-27,6.2,11-30-2012,RBC Capital Markets
Q2-13,2012-08-03,6.2,11-30-2012,RBC Capital Markets
Q2-13,2012-08-10,6.2,11-30-2012,RBC Capital Markets
Q2-13,2012-08-17,6.2,11-30-2012,RBC Capital Markets
Q2-13,2012-08-24,6.2,11-30-2012,RBC Capital Markets
Q2-13,2012-08-31,6.2,11-30-2012,RBC Capital Markets
Q2-13,2012-09-07,6.2,11-30-2012,RBC Capital Markets
Q2-13,2012-09-14,6.2,11-30-2012,RBC Capital Markets
Q2-13,2012-09-21,6.2,11-30-2012,RBC Capital Markets
Q2-13,2012-09-28,6.2,11-30-2012,RBC Capital Markets
Q2-13,2012-10-05,6.2,11-30-2012,RBC Capital Markets
Q2-13,2012-10-12,6.2,11-30-2012,RBC Capital Markets
Q2-13,2012-10-19,6.2,11-30-2012,RBC Capital Markets
Q2-13,2012-10-26,6.2,11-30-2012,RBC Capital Markets
Q2-13,2012-11-02,6.2,11-30-2012,RBC Capital Markets
Q2-13,2012-11-09,6.2,11-30-2012,RBC Capital Markets
Q2-13,2012-11-16,6.2,11-30-2012,RBC Capital Markets
Q2-13,2012-11-23,6.2,11-30-2012,RBC Capital Markets
Q2-13,2012-11-30,6.2,11-30-2012,RBC Capital Markets
Q3-13,2012-02-08,5.95,11-30-2012,RBC Capital Markets
Q3-13,2012-05-04,5.95,11-30-2012,RBC Capital Markets
Q3-13,2012-06-01,5.95,11-30-2012,RBC Capital Markets
Q3-13,2012-06-08,5.95,11-30-2012,RBC Capital Markets
Q3-13,2012-06-15,6.15,11-30-2012,RBC Capital Markets
Q3-13,2012-07-20,6.15,11-30-2012,RBC Capital Markets
Q3-13,2012-07-27,6.15,11-30-2012,RBC Capital Markets
Q3-13,2012-08-03,6.15,11-30-2012,RBC Capital Markets
Q3-13,2012-08-10,6.15,11-30-2012,RBC Capital Markets
Q3-13,2012-08-17,6.15,11-30-2012,RBC Capital Markets
Q3-13,2012-08-24,6.15,11-30-2012,RBC Capital Markets
Q3-13,2012-08-31,6.15,11-30-2012,RBC Capital Markets
Q3-13,2012-09-07,6.15,11-30-2012,RBC Capital Markets
Q3-13,2012-09-14,6.15,11-30-2012,RBC Capital Markets
Q3-13,2012-09-21,6.15,11-30-2012,RBC Capital Markets
Q3-13,2012-09-28,6.15,11-30-2012,RBC Capital Markets
Q3-13,2012-10-05,6.15,11-30-2012,RBC Capital Markets
Q3-13,2012-10-12,6.15,11-30-2012,RBC Capital Markets
Q3-13,2012-10-19,6.15,11-30-2012,RBC Capital Markets
Q3-13,2012-10-26,6.15,11-30-2012,RBC Capital Markets
Q3-13,2012-11-02,6.15,11-30-2012,RBC Capital Markets
Q3-13,2012-11-09,6.15,11-30-2012,RBC Capital Markets
Q3-13,2012-11-16,6.15,11-30-2012,RBC Capital Markets
Q3-13,2012-11-23,6.15,11-30-2012,RBC Capital Markets
Q3-13,2012-11-30,6.15,11-30-2012,RBC Capital Markets
2013,2012-02-08,5.85,11-30-2012,RBC Capital Markets
2013,2012-05-04,5.85,11-30-2012,RBC Capital Markets
2013,2012-06-01,5.95,11-30-2012,RBC Capital Markets
2013,2012-06-08,5.95,11-30-2012,RBC Capital Markets
2013,2012-06-15,6.15,11-30-2012,RBC Capital Markets
2013,2012-07-20,6.15,11-30-2012,RBC Capital Markets
2013,2012-07-27,6.15,11-30-2012,RBC Capital Markets
2013,2012-08-03,6.15,11-30-2012,RBC Capital Markets
2013,2012-08-10,6.15,11-30-2012,RBC Capital Markets
2013,2012-08-17,6.15,11-30-2012,RBC Capital Markets
2013,2012-08-24,6.15,11-30-2012,RBC Capital Markets
2013,2012-08-31,6.15,11-30-2012,RBC Capital Markets
2013,2012-09-07,6.15,11-30-2012,RBC Capital Markets
2013,2012-09-14,6.15,11-30-2012,RBC Capital Markets
2013,2012-09-21,6.15,11-30-2012,RBC Capital Markets
2013,2012-09-28,6.15,11-30-2012,RBC Capital Markets
2013,2012-10-05,6.15,11-30-2012,RBC Capital Markets
2013,2012-10-12,6.15,11-30-2012,RBC Capital Markets
2013,2012-10-19,6.15,11-30-2012,RBC Capital Markets
2013,2012-10-26,6.15,11-30-2012,RBC Capital Markets
2013,2012-11-02,6.15,11-30-2012,RBC Capital Markets
2013,2012-11-09,6.15,11-30-2012,RBC Capital Markets
2013,2012-11-16,6.15,11-30-2012,RBC Capital Markets
2013,2012-11-23,6.15,11-30-2012,RBC Capital Markets
2013,2012-11-30,6.15,11-30-2012,RBC Capital Markets
Q2-15,2014-08-11,6.2,05-31-2015,RBC Capital Markets
Q2-15,2014-09-08,6.2,05-31-2015,RBC Capital Markets
Q2-15,2014-10-24,6.2,05-31-2015,RBC Capital Markets
Q2-15,2015-01-05,6.23,05-31-2015,RBC Capital Markets
Q2-15,2015-03-04,6.42,05-31-2015,RBC Capital Markets
Q2-15,2015-03-10,6.42,05-31-2015,RBC Capital Markets
Q2-15,2015-04-07,6.42,05-31-2015,RBC Capital Markets
Q3-15,2014-08-11,6.2,05-31-2015,RBC Capital Markets
Q3-15,2014-09-08,6.2,05-31-2015,RBC Capital Markets
Q3-15,2014-10-24,6.2,05-31-2015,RBC Capital Markets
Q3-15,2015-01-05,6.27,05-31-2015,RBC Capital Markets
Q3-15,2015-03-04,6.56,05-31-2015,RBC Capital Markets
Q3-15,2015-03-10,6.56,05-31-2015,RBC Capital Markets
Q3-15,2015-04-07,6.56,05-31-2015,RBC Capital Markets
Q4-15,2014-08-11,6.2,05-31-2015,RBC Capital Markets
Q4-15,2014-09-08,6.2,05-31-2015,RBC Capital Markets
Q4-15,2014-10-24,6.2,05-31-2015,RBC Capital Markets
Q4-15,2015-01-05,6.3,05-31-2015,RBC Capital Markets
Q4-15,2015-03-04,6.7,05-31-2015,RBC Capital Markets
Q4-15,2015-03-10,6.7,05-31-2015,RBC Capital Markets
Q4-15,2015-04-07,6.7,05-31-2015,RBC Capital Markets
Q1-16,2015-04-07,6.8,05-31-2015,RBC Capital Markets
2016,2015-01-05,6.4,05-31-2015,RBC Capital Markets
2016,2015-03-04,7.0,05-31-2015,RBC Capital Markets
2016,2015-03-10,7.0,05-31-2015,RBC Capital Markets
2016,2015-04-07,7.0,05-31-2015,RBC Capital Markets
Q3-08,2007-09-14,7.15,08-31-2008,RBC Capital Markets
Q3-08,2007-09-21,7.15,08-31-2008,RBC Capital Markets
Q3-08,2007-11-13,7.15,08-31-2008,RBC Capital Markets
Q3-08,2007-12-13,7.15,08-31-2008,RBC Capital Markets
Q3-08,2008-01-21,7.15,08-31-2008,RBC Capital Markets
Q3-08,2008-02-07,6.6,08-31-2008,RBC Capital Markets
Q3-08,2008-03-07,6.6,08-31-2008,RBC Capital Markets
Q3-08,2008-04-03,6.6,08-31-2008,RBC Capital Markets
Q3-08,2008-05-09,6.6,08-31-2008,RBC Capital Markets
Q3-08,2008-05-12,6.6,08-31-2008,RBC Capital Markets
Q3-08,2008-05-15,6.6,08-31-2008,RBC Capital Markets
Q3-08,2008-06-05,6.8,08-31-2008,RBC Capital Markets
Q3-08,2008-07-08,6.6,08-31-2008,RBC Capital Markets
Q3-08,2008-08-14,6.6,08-31-2008,RBC Capital Markets
Q4-08,2006-12-14,7.3,08-31-2008,RBC Capital Markets
Q4-08,2007-01-26,7.3,08-31-2008,RBC Capital Markets
Q4-08,2007-02-02,7.3,08-31-2008,RBC Capital Markets
Q4-08,2007-03-08,7.3,08-31-2008,RBC Capital Markets
Q4-08,2007-04-11,7.3,08-31-2008,RBC Capital Markets
Q4-08,2007-05-04,7.1,08-31-2008,RBC Capital Markets
Q4-08,2007-06-01,7.1,08-31-2008,RBC Capital Markets
Q4-08,2007-07-09,7.1,08-31-2008,RBC Capital Markets
Q4-08,2007-08-02,7.1,08-31-2008,RBC Capital Markets
Q4-08,2007-09-14,7.1,08-31-2008,RBC Capital Markets
Q4-08,2007-09-21,7.1,08-31-2008,RBC Capital Markets
Q4-08,2007-11-13,7.1,08-31-2008,RBC Capital Markets
Q4-08,2007-12-13,7.1,08-31-2008,RBC Capital Markets
Q4-08,2008-01-21,7.1,08-31-2008,RBC Capital Markets
Q4-08,2008-02-07,6.5,08-31-2008,RBC Capital Markets
Q4-08,2008-03-07,6.5,08-31-2008,RBC Capital Markets
Q4-08,2008-04-03,6.5,08-31-2008,RBC Capital Markets
Q4-08,2008-05-09,6.5,08-31-2008,RBC Capital Markets
Q4-08,2008-05-12,6.5,08-31-2008,RBC Capital Markets
Q4-08,2008-05-15,6.5,08-31-2008,RBC Capital Markets
Q4-08,2008-06-05,6.6,08-31-2008,RBC Capital Markets
Q4-08,2008-07-08,6.5,08-31-2008,RBC Capital Markets
Q4-08,2008-08-14,6.5,08-31-2008,RBC Capital Markets
Q1-09,2008-03-07,6.45,08-31-2008,RBC Capital Markets
Q1-09,2008-04-03,6.45,08-31-2008,RBC Capital Markets
Q1-09,2008-05-09,6.45,08-31-2008,RBC Capital Markets
Q1-09,2008-05-12,6.45,08-31-2008,RBC Capital Markets
Q1-09,2008-05-15,6.45,08-31-2008,RBC Capital Markets
Q1-09,2008-06-05,6.5,08-31-2008,RBC Capital Markets
Q1-09,2008-07-08,6.45,08-31-2008,RBC Capital Markets
Q1-09,2008-08-14,6.45,08-31-2008,RBC Capital Markets
Q2-09,2008-06-05,6.45,08-31-2008,RBC Capital Markets
2009,2008-02-07,6.3,08-31-2008,RBC Capital Markets
2009,2008-03-07,6.3,08-31-2008,RBC Capital Markets
2009,2008-04-03,6.3,08-31-2008,RBC Capital Markets
2009,2008-05-09,6.3,08-31-2008,RBC Capital Markets
2009,2008-05-12,6.3,08-31-2008,RBC Capital Markets
2009,2008-05-15,6.3,08-31-2008,RBC Capital Markets
2009,2008-06-05,6.3,08-31-2008,RBC Capital Markets
2009,2008-07-08,6.3,08-31-2008,RBC Capital Markets
2009,2008-08-14,6.3,08-31-2008,RBC Capital Markets
Q1-19,2018-03-09,7.2,02-28-2019,RBC Capital Markets
Q1-19,2018-04-06,7.2,02-28-2019,RBC Capital Markets
Q1-19,2018-05-04,7.2,02-28-2019,RBC Capital Markets
Q1-19,2018-06-08,7.2,02-28-2019,RBC Capital Markets
Q1-19,2018-07-06,7.2,02-28-2019,RBC Capital Markets
Q1-19,2018-09-07,7.0,02-28-2019,RBC Capital Markets
Q1-19,2018-10-05,7.0,02-28-2019,RBC Capital Markets
Q1-19,2018-11-02,7.1,02-28-2019,RBC Capital Markets
Q1-19,2018-12-14,7.1,02-28-2019,RBC Capital Markets
Q1-19,2019-02-05,7.0,02-28-2019,RBC Capital Markets
Q2-19,2018-06-08,7.2,02-28-2019,RBC Capital Markets
Q2-19,2018-07-06,7.2,02-28-2019,RBC Capital Markets
Q2-19,2018-09-07,7.2,02-28-2019,RBC Capital Markets
Q2-19,2018-10-05,7.2,02-28-2019,RBC Capital Markets
Q2-19,2018-11-02,7.25,02-28-2019,RBC Capital Markets
Q2-19,2018-12-14,7.25,02-28-2019,RBC Capital Markets
Q2-19,2019-02-05,7.25,02-28-2019,RBC Capital Markets
Q3-19,2018-09-07,7.3,02-28-2019,RBC Capital Markets
Q3-19,2018-10-05,7.3,02-28-2019,RBC Capital Markets
Q3-19,2018-11-02,7.4,02-28-2019,RBC Capital Markets
Q3-19,2018-12-14,7.4,02-28-2019,RBC Capital Markets
Q3-19,2019-02-05,7.4,02-28-2019,RBC Capital Markets
Q4-19,2017-12-18,7.3,02-28-2019,RBC Capital Markets
Q4-19,2018-02-02,7.3,02-28-2019,RBC Capital Markets
Q4-19,2018-03-09,7.3,02-28-2019,RBC Capital Markets
Q4-19,2018-04-06,7.3,02-28-2019,RBC Capital Markets
Q4-19,2018-05-04,7.3,02-28-2019,RBC Capital Markets
Q4-19,2018-06-08,7.3,02-28-2019,RBC Capital Markets
Q4-19,2018-07-06,7.3,02-28-2019,RBC Capital Markets
Q4-19,2018-09-07,7.3,02-28-2019,RBC Capital Markets
Q4-19,2018-10-05,7.3,02-28-2019,RBC Capital Markets
Q4-19,2018-11-02,7.5,02-28-2019,RBC Capital Markets
Q4-19,2018-12-14,7.5,02-28-2019,RBC Capital Markets
Q4-19,2019-02-05,7.5,02-28-2019,RBC Capital Markets
2020,2018-12-14,7.8,02-28-2019,RBC Capital Markets
2020,2019-02-05,7.8,02-28-2019,RBC Capital Markets
Q1-18,2017-03-07,7.6,02-28-2018,RBC Capital Markets
Q1-18,2017-04-12,7.6,02-28-2018,RBC Capital Markets
Q1-18,2017-05-09,7.6,02-28-2018,RBC Capital Markets
Q1-18,2017-06-16,7.6,02-28-2018,RBC Capital Markets
Q1-18,2017-07-11,7.4,02-28-2018,RBC Capital Markets
Q1-18,2017-08-10,7.4,02-28-2018,RBC Capital Markets
Q1-18,2017-09-14,7.4,02-28-2018,RBC Capital Markets
Q1-18,2017-10-06,7.4,02-28-2018,RBC Capital Markets
Q1-18,2017-11-08,6.8,02-28-2018,RBC Capital Markets
Q1-18,2017-12-18,6.8,02-28-2018,RBC Capital Markets
Q1-18,2018-02-02,6.2,02-28-2018,RBC Capital Markets
Q2-18,2017-06-16,7.7,02-28-2018,RBC Capital Markets
Q2-18,2017-07-11,7.5,02-28-2018,RBC Capital Markets
Q2-18,2017-08-10,7.5,02-28-2018,RBC Capital Markets
Q2-18,2017-09-14,7.5,02-28-2018,RBC Capital Markets
Q2-18,2017-10-06,7.5,02-28-2018,RBC Capital Markets
Q2-18,2017-11-08,6.9,02-28-2018,RBC Capital Markets
Q2-18,2017-12-18,6.9,02-28-2018,RBC Capital Markets
Q2-18,2018-02-02,6.4,02-28-2018,RBC Capital Markets
Q3-18,2017-09-14,7.6,02-28-2018,RBC Capital Markets
Q3-18,2017-10-06,7.6,02-28-2018,RBC Capital Markets
Q3-18,2017-11-08,7.1,02-28-2018,RBC Capital Markets
Q3-18,2017-12-18,7.1,02-28-2018,RBC Capital Markets
Q3-18,2018-02-02,6.6,02-28-2018,RBC Capital Markets
Q4-18,2016-12-16,7.75,02-28-2018,RBC Capital Markets
Q4-18,2017-02-03,7.75,02-28-2018,RBC Capital Markets
Q4-18,2017-03-07,7.75,02-28-2018,RBC Capital Markets
Q4-18,2017-04-12,7.75,02-28-2018,RBC Capital Markets
Q4-18,2017-05-09,7.75,02-28-2018,RBC Capital Markets
Q4-18,2017-06-16,7.75,02-28-2018,RBC Capital Markets
Q4-18,2017-07-11,7.7,02-28-2018,RBC Capital Markets
Q4-18,2017-08-10,7.7,02-28-2018,RBC Capital Markets
Q4-18,2017-09-14,7.7,02-28-2018,RBC Capital Markets
Q4-18,2017-10-06,7.7,02-28-2018,RBC Capital Markets
Q4-18,2017-11-08,7.2,02-28-2018,RBC Capital Markets
Q4-18,2017-12-18,7.2,02-28-2018,RBC Capital Markets
Q4-18,2018-02-02,6.8,02-28-2018,RBC Capital Markets
2019,2017-12-18,7.3,02-28-2018,RBC Capital Markets
2019,2018-02-02,7.3,02-28-2018,RBC Capital Markets
Q3-09,2008-11-04,6.6,08-31-2009,RBC Capital Markets
Q3-09,2008-12-11,6.95,08-31-2009,RBC Capital Markets
Q3-09,2009-01-15,6.95,08-31-2009,RBC Capital Markets
Q3-09,2009-02-06,6.85,08-31-2009,RBC Capital Markets
Q3-09,2009-03-16,6.85,08-31-2009,RBC Capital Markets
Q3-09,2009-04-22,6.85,08-31-2009,RBC Capital Markets
Q3-09,2009-05-13,6.85,08-31-2009,RBC Capital Markets
Q3-09,2009-06-05,6.85,08-31-2009,RBC Capital Markets
Q3-09,2009-07-20,6.85,08-31-2009,RBC Capital Markets
Q3-09,2009-08-05,6.83,08-31-2009,RBC Capital Markets
Q4-09,2008-02-07,6.3,08-31-2009,RBC Capital Markets
Q4-09,2008-03-07,6.3,08-31-2009,RBC Capital Markets
Q4-09,2008-04-03,6.3,08-31-2009,RBC Capital Markets
Q4-09,2008-05-09,6.3,08-31-2009,RBC Capital Markets
Q4-09,2008-05-12,6.3,08-31-2009,RBC Capital Markets
Q4-09,2008-05-15,6.3,08-31-2009,RBC Capital Markets
Q4-09,2008-06-05,6.3,08-31-2009,RBC Capital Markets
Q4-09,2008-07-08,6.3,08-31-2009,RBC Capital Markets
Q4-09,2008-08-14,6.3,08-31-2009,RBC Capital Markets
Q4-09,2008-11-04,6.55,08-31-2009,RBC Capital Markets
Q4-09,2008-12-11,6.95,08-31-2009,RBC Capital Markets
Q4-09,2009-01-15,6.95,08-31-2009,RBC Capital Markets
Q4-09,2009-02-06,6.85,08-31-2009,RBC Capital Markets
Q4-09,2009-03-16,6.85,08-31-2009,RBC Capital Markets
Q4-09,2009-04-22,6.85,08-31-2009,RBC Capital Markets
Q4-09,2009-05-13,6.85,08-31-2009,RBC Capital Markets
Q4-09,2009-06-05,6.85,08-31-2009,RBC Capital Markets
Q4-09,2009-07-20,6.85,08-31-2009,RBC Capital Markets
Q4-09,2009-08-05,6.83,08-31-2009,RBC Capital Markets
Q1-10,2009-04-22,6.8,08-31-2009,RBC Capital Markets
Q1-10,2009-05-13,6.8,08-31-2009,RBC Capital Markets
Q1-10,2009-06-05,6.8,08-31-2009,RBC Capital Markets
Q1-10,2009-07-20,6.8,08-31-2009,RBC Capital Markets
Q1-10,2009-08-05,6.8,08-31-2009,RBC Capital Markets
Q2-10,2009-07-20,6.7,08-31-2009,RBC Capital Markets
Q2-10,2009-08-05,6.67,08-31-2009,RBC Capital Markets
2010,2008-12-11,6.5,08-31-2009,RBC Capital Markets
2010,2009-01-15,6.5,08-31-2009,RBC Capital Markets
2010,2009-02-06,6.5,08-31-2009,RBC Capital Markets
2010,2009-03-16,6.5,08-31-2009,RBC Capital Markets
2010,2009-04-22,6.5,08-31-2009,RBC Capital Markets
2010,2009-05-13,6.5,08-31-2009,RBC Capital Markets
2010,2009-06-05,6.5,08-31-2009,RBC Capital Markets
2010,2009-07-20,6.5,08-31-2009,RBC Capital Markets
2010,2009-08-05,6.5,08-31-2009,RBC Capital Markets
Q2-14,2013-01-11,6.1,05-31-2014,RBC Capital Markets
Q2-14,2013-01-18,6.1,05-31-2014,RBC Capital Markets
Q2-14,2013-01-25,6.1,05-31-2014,RBC Capital Markets
Q2-14,2013-02-01,6.1,05-31-2014,RBC Capital Markets
Q2-14,2013-02-08,6.1,05-31-2014,RBC Capital Markets
Q2-14,2013-02-15,6.1,05-31-2014,RBC Capital Markets
Q2-14,2013-02-22,6.1,05-31-2014,RBC Capital Markets
Q2-14,2013-03-01,6.1,05-31-2014,RBC Capital Markets
Q2-14,2013-03-06,6.1,05-31-2014,RBC Capital Markets
Q2-14,2013-03-08,6.1,05-31-2014,RBC Capital Markets
Q2-14,2013-03-15,6.1,05-31-2014,RBC Capital Markets
Q2-14,2013-03-22,6.1,05-31-2014,RBC Capital Markets
Q2-14,2013-03-28,6.1,05-31-2014,RBC Capital Markets
Q2-14,2013-04-05,6.1,05-31-2014,RBC Capital Markets
Q2-14,2013-04-12,6.1,05-31-2014,RBC Capital Markets
Q2-14,2013-04-19,6.1,05-31-2014,RBC Capital Markets
Q2-14,2013-04-26,6.1,05-31-2014,RBC Capital Markets
Q2-14,2013-05-03,6.1,05-31-2014,RBC Capital Markets
Q2-14,2013-05-10,6.1,05-31-2014,RBC Capital Markets
Q2-14,2013-06-07,6.03,05-31-2014,RBC Capital Markets
Q3-14,2013-01-11,6.08,05-31-2014,RBC Capital Markets
Q3-14,2013-01-18,6.08,05-31-2014,RBC Capital Markets
Q3-14,2013-01-25,6.08,05-31-2014,RBC Capital Markets
Q3-14,2013-02-01,6.08,05-31-2014,RBC Capital Markets
Q3-14,2013-02-08,6.08,05-31-2014,RBC Capital Markets
Q3-14,2013-02-15,6.08,05-31-2014,RBC Capital Markets
Q3-14,2013-02-22,6.08,05-31-2014,RBC Capital Markets
Q3-14,2013-03-01,6.08,05-31-2014,RBC Capital Markets
Q3-14,2013-03-06,6.08,05-31-2014,RBC Capital Markets
Q3-14,2013-03-08,6.08,05-31-2014,RBC Capital Markets
Q3-14,2013-03-15,6.08,05-31-2014,RBC Capital Markets
Q3-14,2013-03-22,6.08,05-31-2014,RBC Capital Markets
Q3-14,2013-03-28,6.08,05-31-2014,RBC Capital Markets
Q3-14,2013-04-05,6.08,05-31-2014,RBC Capital Markets
Q3-14,2013-04-12,6.08,05-31-2014,RBC Capital Markets
Q3-14,2013-04-19,6.08,05-31-2014,RBC Capital Markets
Q3-14,2013-04-26,6.08,05-31-2014,RBC Capital Markets
Q3-14,2013-05-03,6.08,05-31-2014,RBC Capital Markets
Q3-14,2013-05-10,6.08,05-31-2014,RBC Capital Markets
Q3-14,2013-06-07,6.01,05-31-2014,RBC Capital Markets
Q4-14,2012-08-10,6.06,05-31-2014,RBC Capital Markets
Q4-14,2013-01-11,6.06,05-31-2014,RBC Capital Markets
Q4-14,2013-01-18,6.06,05-31-2014,RBC Capital Markets
Q4-14,2013-01-25,6.06,05-31-2014,RBC Capital Markets
Q4-14,2013-02-01,6.06,05-31-2014,RBC Capital Markets
Q4-14,2013-02-08,6.06,05-31-2014,RBC Capital Markets
Q4-14,2013-02-15,6.06,05-31-2014,RBC Capital Markets
Q4-14,2013-02-22,6.06,05-31-2014,RBC Capital Markets
Q4-14,2013-03-01,6.06,05-31-2014,RBC Capital Markets
Q4-14,2013-03-06,6.06,05-31-2014,RBC Capital Markets
Q4-14,2013-03-08,6.06,05-31-2014,RBC Capital Markets
Q4-14,2013-03-15,6.06,05-31-2014,RBC Capital Markets
Q4-14,2013-03-22,6.06,05-31-2014,RBC Capital Markets
Q4-14,2013-03-28,6.06,05-31-2014,RBC Capital Markets
Q4-14,2013-04-05,6.06,05-31-2014,RBC Capital Markets
Q4-14,2013-04-12,6.06,05-31-2014,RBC Capital Markets
Q4-14,2013-04-19,6.06,05-31-2014,RBC Capital Markets
Q4-14,2013-04-26,6.06,05-31-2014,RBC Capital Markets
Q4-14,2013-05-03,6.06,05-31-2014,RBC Capital Markets
Q4-14,2013-05-10,6.06,05-31-2014,RBC Capital Markets
Q4-14,2013-06-07,5.99,05-31-2014,RBC Capital Markets
Q1-22,2021-07-09,6.35,02-28-2022,RBC Capital Markets
Q1-22,2021-08-05,6.42,02-28-2022,RBC Capital Markets
Q1-22,2021-09-02,6.53,02-28-2022,RBC Capital Markets
Q1-22,2021-10-07,6.53,02-28-2022,RBC Capital Markets
Q1-22,2021-12-10,6.4,02-28-2022,RBC Capital Markets
Q2-22,2021-07-09,6.35,02-28-2022,RBC Capital Markets
Q2-22,2021-08-05,6.4,02-28-2022,RBC Capital Markets
Q2-22,2021-09-02,6.5,02-28-2022,RBC Capital Markets
Q2-22,2021-10-07,6.5,02-28-2022,RBC Capital Markets
Q2-22,2021-12-10,6.38,02-28-2022,RBC Capital Markets
Q3-22,2021-09-02,6.47,02-28-2022,RBC Capital Markets
Q3-22,2021-10-07,6.47,02-28-2022,RBC Capital Markets
Q3-22,2021-12-10,6.36,02-28-2022,RBC Capital Markets
Q4-22,2021-07-09,6.3,02-28-2022,RBC Capital Markets
Q4-22,2021-08-05,6.35,02-28-2022,RBC Capital Markets
Q4-22,2021-09-02,6.45,02-28-2022,RBC Capital Markets
Q4-22,2021-10-07,6.45,02-28-2022,RBC Capital Markets
Q4-22,2021-12-10,6.35,02-28-2022,RBC Capital Markets
Q4-13,2012-02-08,5.85,11-30-2013,RBC Capital Markets
Q4-13,2012-05-04,5.85,11-30-2013,RBC Capital Markets
Q4-13,2012-06-01,5.95,11-30-2013,RBC Capital Markets
Q4-13,2012-06-08,5.95,11-30-2013,RBC Capital Markets
Q4-13,2012-06-15,6.15,11-30-2013,RBC Capital Markets
Q4-13,2012-07-20,6.15,11-30-2013,RBC Capital Markets
Q4-13,2012-07-27,6.15,11-30-2013,RBC Capital Markets
Q4-13,2012-08-03,6.15,11-30-2013,RBC Capital Markets
Q4-13,2012-08-10,6.15,11-30-2013,RBC Capital Markets
Q4-13,2012-08-17,6.15,11-30-2013,RBC Capital Markets
Q4-13,2012-08-24,6.15,11-30-2013,RBC Capital Markets
Q4-13,2012-08-31,6.15,11-30-2013,RBC Capital Markets
Q4-13,2012-09-07,6.15,11-30-2013,RBC Capital Markets
Q4-13,2012-09-14,6.15,11-30-2013,RBC Capital Markets
Q4-13,2012-09-21,6.15,11-30-2013,RBC Capital Markets
Q4-13,2012-09-28,6.15,11-30-2013,RBC Capital Markets
Q4-13,2012-10-05,6.15,11-30-2013,RBC Capital Markets
Q4-13,2012-10-12,6.15,11-30-2013,RBC Capital Markets
Q4-13,2012-10-19,6.15,11-30-2013,RBC Capital Markets
Q4-13,2012-10-26,6.15,11-30-2013,RBC Capital Markets
Q4-13,2012-11-02,6.15,11-30-2013,RBC Capital Markets
Q4-13,2012-11-09,6.15,11-30-2013,RBC Capital Markets
Q4-13,2012-11-16,6.15,11-30-2013,RBC Capital Markets
Q4-13,2012-11-23,6.15,11-30-2013,RBC Capital Markets
Q4-13,2012-11-30,6.15,11-30-2013,RBC Capital Markets
Q4-13,2012-12-07,6.15,11-30-2013,RBC Capital Markets
Q4-13,2013-01-11,6.15,11-30-2013,RBC Capital Markets
Q4-13,2013-01-18,6.15,11-30-2013,RBC Capital Markets
Q4-13,2013-01-25,6.15,11-30-2013,RBC Capital Markets
Q4-13,2013-02-01,6.15,11-30-2013,RBC Capital Markets
Q4-13,2013-02-08,6.15,11-30-2013,RBC Capital Markets
Q4-13,2013-02-15,6.15,11-30-2013,RBC Capital Markets
Q4-13,2013-02-22,6.15,11-30-2013,RBC Capital Markets
Q4-13,2013-03-01,6.15,11-30-2013,RBC Capital Markets
Q4-13,2013-03-06,6.15,11-30-2013,RBC Capital Markets
Q4-13,2013-03-08,6.15,11-30-2013,RBC Capital Markets
Q4-13,2013-03-15,6.15,11-30-2013,RBC Capital Markets
Q4-13,2013-03-22,6.15,11-30-2013,RBC Capital Markets
Q4-13,2013-03-28,6.15,11-30-2013,RBC Capital Markets
Q4-13,2013-04-05,6.15,11-30-2013,RBC Capital Markets
Q4-13,2013-04-12,6.15,11-30-2013,RBC Capital Markets
Q4-13,2013-04-19,6.15,11-30-2013,RBC Capital Markets
Q4-13,2013-04-26,6.15,11-30-2013,RBC Capital Markets
Q4-13,2013-05-03,6.15,11-30-2013,RBC Capital Markets
Q4-13,2013-05-10,6.15,11-30-2013,RBC Capital Markets
Q4-13,2013-06-07,6.08,11-30-2013,RBC Capital Markets
Q1-14,2013-01-11,6.12,11-30-2013,RBC Capital Markets
Q1-14,2013-01-18,6.12,11-30-2013,RBC Capital Markets
Q1-14,2013-01-25,6.12,11-30-2013,RBC Capital Markets
Q1-14,2013-02-01,6.12,11-30-2013,RBC Capital Markets
Q1-14,2013-02-08,6.12,11-30-2013,RBC Capital Markets
Q1-14,2013-02-15,6.12,11-30-2013,RBC Capital Markets
Q1-14,2013-02-22,6.12,11-30-2013,RBC Capital Markets
Q1-14,2013-03-01,6.12,11-30-2013,RBC Capital Markets
Q1-14,2013-03-06,6.12,11-30-2013,RBC Capital Markets
Q1-14,2013-03-08,6.12,11-30-2013,RBC Capital Markets
Q1-14,2013-03-15,6.12,11-30-2013,RBC Capital Markets
Q1-14,2013-03-22,6.12,11-30-2013,RBC Capital Markets
Q1-14,2013-03-28,6.12,11-30-2013,RBC Capital Markets
Q1-14,2013-04-05,6.12,11-30-2013,RBC Capital Markets
Q1-14,2013-04-12,6.12,11-30-2013,RBC Capital Markets
Q1-14,2013-04-19,6.12,11-30-2013,RBC Capital Markets
Q1-14,2013-04-26,6.12,11-30-2013,RBC Capital Markets
Q1-14,2013-05-03,6.12,11-30-2013,RBC Capital Markets
Q1-14,2013-05-10,6.12,11-30-2013,RBC Capital Markets
Q1-14,2013-06-07,6.05,11-30-2013,RBC Capital Markets
Q2-14,2013-01-11,6.1,11-30-2013,RBC Capital Markets
Q2-14,2013-01-18,6.1,11-30-2013,RBC Capital Markets
Q2-14,2013-01-25,6.1,11-30-2013,RBC Capital Markets
Q2-14,2013-02-01,6.1,11-30-2013,RBC Capital Markets
Q2-14,2013-02-08,6.1,11-30-2013,RBC Capital Markets
Q2-14,2013-02-15,6.1,11-30-2013,RBC Capital Markets
Q2-14,2013-02-22,6.1,11-30-2013,RBC Capital Markets
Q2-14,2013-03-01,6.1,11-30-2013,RBC Capital Markets
Q2-14,2013-03-06,6.1,11-30-2013,RBC Capital Markets
Q2-14,2013-03-08,6.1,11-30-2013,RBC Capital Markets
Q2-14,2013-03-15,6.1,11-30-2013,RBC Capital Markets
Q2-14,2013-03-22,6.1,11-30-2013,RBC Capital Markets
Q2-14,2013-03-28,6.1,11-30-2013,RBC Capital Markets
Q2-14,2013-04-05,6.1,11-30-2013,RBC Capital Markets
Q2-14,2013-04-12,6.1,11-30-2013,RBC Capital Markets
Q2-14,2013-04-19,6.1,11-30-2013,RBC Capital Markets
Q2-14,2013-04-26,6.1,11-30-2013,RBC Capital Markets
Q2-14,2013-05-03,6.1,11-30-2013,RBC Capital Markets
Q2-14,2013-05-10,6.1,11-30-2013,RBC Capital Markets
Q2-14,2013-06-07,6.03,11-30-2013,RBC Capital Markets
Q3-14,2013-01-11,6.08,11-30-2013,RBC Capital Markets
Q3-14,2013-01-18,6.08,11-30-2013,RBC Capital Markets
Q3-14,2013-01-25,6.08,11-30-2013,RBC Capital Markets
Q3-14,2013-02-01,6.08,11-30-2013,RBC Capital Markets
Q3-14,2013-02-08,6.08,11-30-2013,RBC Capital Markets
Q3-14,2013-02-15,6.08,11-30-2013,RBC Capital Markets
Q3-14,2013-02-22,6.08,11-30-2013,RBC Capital Markets
Q3-14,2013-03-01,6.08,11-30-2013,RBC Capital Markets
Q3-14,2013-03-06,6.08,11-30-2013,RBC Capital Markets
Q3-14,2013-03-08,6.08,11-30-2013,RBC Capital Markets
Q3-14,2013-03-15,6.08,11-30-2013,RBC Capital Markets
Q3-14,2013-03-22,6.08,11-30-2013,RBC Capital Markets
Q3-14,2013-03-28,6.08,11-30-2013,RBC Capital Markets
Q3-14,2013-04-05,6.08,11-30-2013,RBC Capital Markets
Q3-14,2013-04-12,6.08,11-30-2013,RBC Capital Markets
Q3-14,2013-04-19,6.08,11-30-2013,RBC Capital Markets
Q3-14,2013-04-26,6.08,11-30-2013,RBC Capital Markets
Q3-14,2013-05-03,6.08,11-30-2013,RBC Capital Markets
Q3-14,2013-05-10,6.08,11-30-2013,RBC Capital Markets
Q3-14,2013-06-07,6.01,11-30-2013,RBC Capital Markets
2014,2012-08-10,6.06,11-30-2013,RBC Capital Markets
2014,2013-01-11,6.06,11-30-2013,RBC Capital Markets
2014,2013-01-18,6.06,11-30-2013,RBC Capital Markets
2014,2013-01-25,6.06,11-30-2013,RBC Capital Markets
2014,2013-02-01,6.06,11-30-2013,RBC Capital Markets
2014,2013-02-08,6.06,11-30-2013,RBC Capital Markets
2014,2013-02-15,6.06,11-30-2013,RBC Capital Markets
2014,2013-02-22,6.06,11-30-2013,RBC Capital Markets
2014,2013-03-01,6.06,11-30-2013,RBC Capital Markets
2014,2013-03-06,6.06,11-30-2013,RBC Capital Markets
2014,2013-03-08,6.06,11-30-2013,RBC Capital Markets
2014,2013-03-15,6.06,11-30-2013,RBC Capital Markets
2014,2013-03-22,6.06,11-30-2013,RBC Capital Markets
2014,2013-03-28,6.06,11-30-2013,RBC Capital Markets
2014,2013-04-05,6.06,11-30-2013,RBC Capital Markets
2014,2013-04-12,6.06,11-30-2013,RBC Capital Markets
2014,2013-04-19,6.06,11-30-2013,RBC Capital Markets
2014,2013-04-26,6.06,11-30-2013,RBC Capital Markets
2014,2013-05-03,6.06,11-30-2013,RBC Capital Markets
2014,2013-05-10,6.06,11-30-2013,RBC Capital Markets
2014,2013-06-07,5.99,11-30-2013,RBC Capital Markets
Q1-14,2013-01-11,6.12,02-28-2014,RBC Capital Markets
Q1-14,2013-01-18,6.12,02-28-2014,RBC Capital Markets
Q1-14,2013-01-25,6.12,02-28-2014,RBC Capital Markets
Q1-14,2013-02-01,6.12,02-28-2014,RBC Capital Markets
Q1-14,2013-02-08,6.12,02-28-2014,RBC Capital Markets
Q1-14,2013-02-15,6.12,02-28-2014,RBC Capital Markets
Q1-14,2013-02-22,6.12,02-28-2014,RBC Capital Markets
Q1-14,2013-03-01,6.12,02-28-2014,RBC Capital Markets
Q1-14,2013-03-06,6.12,02-28-2014,RBC Capital Markets
Q1-14,2013-03-08,6.12,02-28-2014,RBC Capital Markets
Q1-14,2013-03-15,6.12,02-28-2014,RBC Capital Markets
Q1-14,2013-03-22,6.12,02-28-2014,RBC Capital Markets
Q1-14,2013-03-28,6.12,02-28-2014,RBC Capital Markets
Q1-14,2013-04-05,6.12,02-28-2014,RBC Capital Markets
Q1-14,2013-04-12,6.12,02-28-2014,RBC Capital Markets
Q1-14,2013-04-19,6.12,02-28-2014,RBC Capital Markets
Q1-14,2013-04-26,6.12,02-28-2014,RBC Capital Markets
Q1-14,2013-05-03,6.12,02-28-2014,RBC Capital Markets
Q1-14,2013-05-10,6.12,02-28-2014,RBC Capital Markets
Q1-14,2013-06-07,6.05,02-28-2014,RBC Capital Markets
Q2-14,2013-01-11,6.1,02-28-2014,RBC Capital Markets
Q2-14,2013-01-18,6.1,02-28-2014,RBC Capital Markets
Q2-14,2013-01-25,6.1,02-28-2014,RBC Capital Markets
Q2-14,2013-02-01,6.1,02-28-2014,RBC Capital Markets
Q2-14,2013-02-08,6.1,02-28-2014,RBC Capital Markets
Q2-14,2013-02-15,6.1,02-28-2014,RBC Capital Markets
Q2-14,2013-02-22,6.1,02-28-2014,RBC Capital Markets
Q2-14,2013-03-01,6.1,02-28-2014,RBC Capital Markets
Q2-14,2013-03-06,6.1,02-28-2014,RBC Capital Markets
Q2-14,2013-03-08,6.1,02-28-2014,RBC Capital Markets
Q2-14,2013-03-15,6.1,02-28-2014,RBC Capital Markets
Q2-14,2013-03-22,6.1,02-28-2014,RBC Capital Markets
Q2-14,2013-03-28,6.1,02-28-2014,RBC Capital Markets
Q2-14,2013-04-05,6.1,02-28-2014,RBC Capital Markets
Q2-14,2013-04-12,6.1,02-28-2014,RBC Capital Markets
Q2-14,2013-04-19,6.1,02-28-2014,RBC Capital Markets
Q2-14,2013-04-26,6.1,02-28-2014,RBC Capital Markets
Q2-14,2013-05-03,6.1,02-28-2014,RBC Capital Markets
Q2-14,2013-05-10,6.1,02-28-2014,RBC Capital Markets
Q2-14,2013-06-07,6.03,02-28-2014,RBC Capital Markets
Q3-14,2013-01-11,6.08,02-28-2014,RBC Capital Markets
Q3-14,2013-01-18,6.08,02-28-2014,RBC Capital Markets
Q3-14,2013-01-25,6.08,02-28-2014,RBC Capital Markets
Q3-14,2013-02-01,6.08,02-28-2014,RBC Capital Markets
Q3-14,2013-02-08,6.08,02-28-2014,RBC Capital Markets
Q3-14,2013-02-15,6.08,02-28-2014,RBC Capital Markets
Q3-14,2013-02-22,6.08,02-28-2014,RBC Capital Markets
Q3-14,2013-03-01,6.08,02-28-2014,RBC Capital Markets
Q3-14,2013-03-06,6.08,02-28-2014,RBC Capital Markets
Q3-14,2013-03-08,6.08,02-28-2014,RBC Capital Markets
Q3-14,2013-03-15,6.08,02-28-2014,RBC Capital Markets
Q3-14,2013-03-22,6.08,02-28-2014,RBC Capital Markets
Q3-14,2013-03-28,6.08,02-28-2014,RBC Capital Markets
Q3-14,2013-04-05,6.08,02-28-2014,RBC Capital Markets
Q3-14,2013-04-12,6.08,02-28-2014,RBC Capital Markets
Q3-14,2013-04-19,6.08,02-28-2014,RBC Capital Markets
Q3-14,2013-04-26,6.08,02-28-2014,RBC Capital Markets
Q3-14,2013-05-03,6.08,02-28-2014,RBC Capital Markets
Q3-14,2013-05-10,6.08,02-28-2014,RBC Capital Markets
Q3-14,2013-06-07,6.01,02-28-2014,RBC Capital Markets
Q4-14,2012-08-10,6.06,02-28-2014,RBC Capital Markets
Q4-14,2013-01-11,6.06,02-28-2014,RBC Capital Markets
Q4-14,2013-01-18,6.06,02-28-2014,RBC Capital Markets
Q4-14,2013-01-25,6.06,02-28-2014,RBC Capital Markets
Q4-14,2013-02-01,6.06,02-28-2014,RBC Capital Markets
Q4-14,2013-02-08,6.06,02-28-2014,RBC Capital Markets
Q4-14,2013-02-15,6.06,02-28-2014,RBC Capital Markets
Q4-14,2013-02-22,6.06,02-28-2014,RBC Capital Markets
Q4-14,2013-03-01,6.06,02-28-2014,RBC Capital Markets
Q4-14,2013-03-06,6.06,02-28-2014,RBC Capital Markets
Q4-14,2013-03-08,6.06,02-28-2014,RBC Capital Markets
Q4-14,2013-03-15,6.06,02-28-2014,RBC Capital Markets
Q4-14,2013-03-22,6.06,02-28-2014,RBC Capital Markets
Q4-14,2013-03-28,6.06,02-28-2014,RBC Capital Markets
Q4-14,2013-04-05,6.06,02-28-2014,RBC Capital Markets
Q4-14,2013-04-12,6.06,02-28-2014,RBC Capital Markets
Q4-14,2013-04-19,6.06,02-28-2014,RBC Capital Markets
Q4-14,2013-04-26,6.06,02-28-2014,RBC Capital Markets
Q4-14,2013-05-03,6.06,02-28-2014,RBC Capital Markets
Q4-14,2013-05-10,6.06,02-28-2014,RBC Capital Markets
Q4-14,2013-06-07,5.99,02-28-2014,RBC Capital Markets
Q3-13,2012-02-08,5.95,08-31-2013,RBC Capital Markets
Q3-13,2012-05-04,5.95,08-31-2013,RBC Capital Markets
Q3-13,2012-06-01,5.95,08-31-2013,RBC Capital Markets
Q3-13,2012-06-08,5.95,08-31-2013,RBC Capital Markets
Q3-13,2012-06-15,6.15,08-31-2013,RBC Capital Markets
Q3-13,2012-07-20,6.15,08-31-2013,RBC Capital Markets
Q3-13,2012-07-27,6.15,08-31-2013,RBC Capital Markets
Q3-13,2012-08-03,6.15,08-31-2013,RBC Capital Markets
Q3-13,2012-08-10,6.15,08-31-2013,RBC Capital Markets
Q3-13,2012-08-17,6.15,08-31-2013,RBC Capital Markets
Q3-13,2012-08-24,6.15,08-31-2013,RBC Capital Markets
Q3-13,2012-08-31,6.15,08-31-2013,RBC Capital Markets
Q3-13,2012-09-07,6.15,08-31-2013,RBC Capital Markets
Q3-13,2012-09-14,6.15,08-31-2013,RBC Capital Markets
Q3-13,2012-09-21,6.15,08-31-2013,RBC Capital Markets
Q3-13,2012-09-28,6.15,08-31-2013,RBC Capital Markets
Q3-13,2012-10-05,6.15,08-31-2013,RBC Capital Markets
Q3-13,2012-10-12,6.15,08-31-2013,RBC Capital Markets
Q3-13,2012-10-19,6.15,08-31-2013,RBC Capital Markets
Q3-13,2012-10-26,6.15,08-31-2013,RBC Capital Markets
Q3-13,2012-11-02,6.15,08-31-2013,RBC Capital Markets
Q3-13,2012-11-09,6.15,08-31-2013,RBC Capital Markets
Q3-13,2012-11-16,6.15,08-31-2013,RBC Capital Markets
Q3-13,2012-11-23,6.15,08-31-2013,RBC Capital Markets
Q3-13,2012-11-30,6.15,08-31-2013,RBC Capital Markets
Q3-13,2012-12-07,6.15,08-31-2013,RBC Capital Markets
Q3-13,2013-01-11,6.15,08-31-2013,RBC Capital Markets
Q3-13,2013-01-18,6.15,08-31-2013,RBC Capital Markets
Q3-13,2013-01-25,6.15,08-31-2013,RBC Capital Markets
Q3-13,2013-02-01,6.15,08-31-2013,RBC Capital Markets
Q3-13,2013-02-08,6.15,08-31-2013,RBC Capital Markets
Q3-13,2013-02-15,6.15,08-31-2013,RBC Capital Markets
Q3-13,2013-02-22,6.15,08-31-2013,RBC Capital Markets
Q3-13,2013-03-01,6.15,08-31-2013,RBC Capital Markets
Q3-13,2013-03-06,6.15,08-31-2013,RBC Capital Markets
Q3-13,2013-03-08,6.15,08-31-2013,RBC Capital Markets
Q3-13,2013-03-15,6.15,08-31-2013,RBC Capital Markets
Q3-13,2013-03-22,6.15,08-31-2013,RBC Capital Markets
Q3-13,2013-03-28,6.15,08-31-2013,RBC Capital Markets
Q3-13,2013-04-05,6.15,08-31-2013,RBC Capital Markets
Q3-13,2013-04-12,6.15,08-31-2013,RBC Capital Markets
Q3-13,2013-04-19,6.15,08-31-2013,RBC Capital Markets
Q3-13,2013-04-26,6.15,08-31-2013,RBC Capital Markets
Q3-13,2013-05-03,6.15,08-31-2013,RBC Capital Markets
Q3-13,2013-05-10,6.15,08-31-2013,RBC Capital Markets
Q3-13,2013-06-07,6.08,08-31-2013,RBC Capital Markets
Q4-13,2012-02-08,5.85,08-31-2013,RBC Capital Markets
Q4-13,2012-05-04,5.85,08-31-2013,RBC Capital Markets
Q4-13,2012-06-01,5.95,08-31-2013,RBC Capital Markets
Q4-13,2012-06-08,5.95,08-31-2013,RBC Capital Markets
Q4-13,2012-06-15,6.15,08-31-2013,RBC Capital Markets
Q4-13,2012-07-20,6.15,08-31-2013,RBC Capital Markets
Q4-13,2012-07-27,6.15,08-31-2013,RBC Capital Markets
Q4-13,2012-08-03,6.15,08-31-2013,RBC Capital Markets
Q4-13,2012-08-10,6.15,08-31-2013,RBC Capital Markets
Q4-13,2012-08-17,6.15,08-31-2013,RBC Capital Markets
Q4-13,2012-08-24,6.15,08-31-2013,RBC Capital Markets
Q4-13,2012-08-31,6.15,08-31-2013,RBC Capital Markets
Q4-13,2012-09-07,6.15,08-31-2013,RBC Capital Markets
Q4-13,2012-09-14,6.15,08-31-2013,RBC Capital Markets
Q4-13,2012-09-21,6.15,08-31-2013,RBC Capital Markets
Q4-13,2012-09-28,6.15,08-31-2013,RBC Capital Markets
Q4-13,2012-10-05,6.15,08-31-2013,RBC Capital Markets
Q4-13,2012-10-12,6.15,08-31-2013,RBC Capital Markets
Q4-13,2012-10-19,6.15,08-31-2013,RBC Capital Markets
Q4-13,2012-10-26,6.15,08-31-2013,RBC Capital Markets
Q4-13,2012-11-02,6.15,08-31-2013,RBC Capital Markets
Q4-13,2012-11-09,6.15,08-31-2013,RBC Capital Markets
Q4-13,2012-11-16,6.15,08-31-2013,RBC Capital Markets
Q4-13,2012-11-23,6.15,08-31-2013,RBC Capital Markets
Q4-13,2012-11-30,6.15,08-31-2013,RBC Capital Markets
Q4-13,2012-12-07,6.15,08-31-2013,RBC Capital Markets
Q4-13,2013-01-11,6.15,08-31-2013,RBC Capital Markets
Q4-13,2013-01-18,6.15,08-31-2013,RBC Capital Markets
Q4-13,2013-01-25,6.15,08-31-2013,RBC Capital Markets
Q4-13,2013-02-01,6.15,08-31-2013,RBC Capital Markets
Q4-13,2013-02-08,6.15,08-31-2013,RBC Capital Markets
Q4-13,2013-02-15,6.15,08-31-2013,RBC Capital Markets
Q4-13,2013-02-22,6.15,08-31-2013,RBC Capital Markets
Q4-13,2013-03-01,6.15,08-31-2013,RBC Capital Markets
Q4-13,2013-03-06,6.15,08-31-2013,RBC Capital Markets
Q4-13,2013-03-08,6.15,08-31-2013,RBC Capital Markets
Q4-13,2013-03-15,6.15,08-31-2013,RBC Capital Markets
Q4-13,2013-03-22,6.15,08-31-2013,RBC Capital Markets
Q4-13,2013-03-28,6.15,08-31-2013,RBC Capital Markets
Q4-13,2013-04-05,6.15,08-31-2013,RBC Capital Markets
Q4-13,2013-04-12,6.15,08-31-2013,RBC Capital Markets
Q4-13,2013-04-19,6.15,08-31-2013,RBC Capital Markets
Q4-13,2013-04-26,6.15,08-31-2013,RBC Capital Markets
Q4-13,2013-05-03,6.15,08-31-2013,RBC Capital Markets
Q4-13,2013-05-10,6.15,08-31-2013,RBC Capital Markets
Q4-13,2013-06-07,6.08,08-31-2013,RBC Capital Markets
Q1-14,2013-01-11,6.12,08-31-2013,RBC Capital Markets
Q1-14,2013-01-18,6.12,08-31-2013,RBC Capital Markets
Q1-14,2013-01-25,6.12,08-31-2013,RBC Capital Markets
Q1-14,2013-02-01,6.12,08-31-2013,RBC Capital Markets
Q1-14,2013-02-08,6.12,08-31-2013,RBC Capital Markets
Q1-14,2013-02-15,6.12,08-31-2013,RBC Capital Markets
Q1-14,2013-02-22,6.12,08-31-2013,RBC Capital Markets
Q1-14,2013-03-01,6.12,08-31-2013,RBC Capital Markets
Q1-14,2013-03-06,6.12,08-31-2013,RBC Capital Markets
Q1-14,2013-03-08,6.12,08-31-2013,RBC Capital Markets
Q1-14,2013-03-15,6.12,08-31-2013,RBC Capital Markets
Q1-14,2013-03-22,6.12,08-31-2013,RBC Capital Markets
Q1-14,2013-03-28,6.12,08-31-2013,RBC Capital Markets
Q1-14,2013-04-05,6.12,08-31-2013,RBC Capital Markets
Q1-14,2013-04-12,6.12,08-31-2013,RBC Capital Markets
Q1-14,2013-04-19,6.12,08-31-2013,RBC Capital Markets
Q1-14,2013-04-26,6.12,08-31-2013,RBC Capital Markets
Q1-14,2013-05-03,6.12,08-31-2013,RBC Capital Markets
Q1-14,2013-05-10,6.12,08-31-2013,RBC Capital Markets
Q1-14,2013-06-07,6.05,08-31-2013,RBC Capital Markets
Q2-14,2013-01-11,6.1,08-31-2013,RBC Capital Markets
Q2-14,2013-01-18,6.1,08-31-2013,RBC Capital Markets
Q2-14,2013-01-25,6.1,08-31-2013,RBC Capital Markets
Q2-14,2013-02-01,6.1,08-31-2013,RBC Capital Markets
Q2-14,2013-02-08,6.1,08-31-2013,RBC Capital Markets
Q2-14,2013-02-15,6.1,08-31-2013,RBC Capital Markets
Q2-14,2013-02-22,6.1,08-31-2013,RBC Capital Markets
Q2-14,2013-03-01,6.1,08-31-2013,RBC Capital Markets
Q2-14,2013-03-06,6.1,08-31-2013,RBC Capital Markets
Q2-14,2013-03-08,6.1,08-31-2013,RBC Capital Markets
Q2-14,2013-03-15,6.1,08-31-2013,RBC Capital Markets
Q2-14,2013-03-22,6.1,08-31-2013,RBC Capital Markets
Q2-14,2013-03-28,6.1,08-31-2013,RBC Capital Markets
Q2-14,2013-04-05,6.1,08-31-2013,RBC Capital Markets
Q2-14,2013-04-12,6.1,08-31-2013,RBC Capital Markets
Q2-14,2013-04-19,6.1,08-31-2013,RBC Capital Markets
Q2-14,2013-04-26,6.1,08-31-2013,RBC Capital Markets
Q2-14,2013-05-03,6.1,08-31-2013,RBC Capital Markets
Q2-14,2013-05-10,6.1,08-31-2013,RBC Capital Markets
Q2-14,2013-06-07,6.03,08-31-2013,RBC Capital Markets
2014,2012-08-10,6.06,08-31-2013,RBC Capital Markets
2014,2013-01-11,6.06,08-31-2013,RBC Capital Markets
2014,2013-01-18,6.06,08-31-2013,RBC Capital Markets
2014,2013-01-25,6.06,08-31-2013,RBC Capital Markets
2014,2013-02-01,6.06,08-31-2013,RBC Capital Markets
2014,2013-02-08,6.06,08-31-2013,RBC Capital Markets
2014,2013-02-15,6.06,08-31-2013,RBC Capital Markets
2014,2013-02-22,6.06,08-31-2013,RBC Capital Markets
2014,2013-03-01,6.06,08-31-2013,RBC Capital Markets
2014,2013-03-06,6.06,08-31-2013,RBC Capital Markets
2014,2013-03-08,6.06,08-31-2013,RBC Capital Markets
2014,2013-03-15,6.06,08-31-2013,RBC Capital Markets
2014,2013-03-22,6.06,08-31-2013,RBC Capital Markets
2014,2013-03-28,6.06,08-31-2013,RBC Capital Markets
2014,2013-04-05,6.06,08-31-2013,RBC Capital Markets
2014,2013-04-12,6.06,08-31-2013,RBC Capital Markets
2014,2013-04-19,6.06,08-31-2013,RBC Capital Markets
2014,2013-04-26,6.06,08-31-2013,RBC Capital Markets
2014,2013-05-03,6.06,08-31-2013,RBC Capital Markets
2014,2013-05-10,6.06,08-31-2013,RBC Capital Markets
2014,2013-06-07,5.99,08-31-2013,RBC Capital Markets
Q2-18,2017-06-16,7.7,05-31-2018,RBC Capital Markets
Q2-18,2017-07-11,7.5,05-31-2018,RBC Capital Markets
Q2-18,2017-08-10,7.5,05-31-2018,RBC Capital Markets
Q2-18,2017-09-14,7.5,05-31-2018,RBC Capital Markets
Q2-18,2017-10-06,7.5,05-31-2018,RBC Capital Markets
Q2-18,2017-11-08,6.9,05-31-2018,RBC Capital Markets
Q2-18,2017-12-18,6.9,05-31-2018,RBC Capital Markets
Q2-18,2018-02-02,6.4,05-31-2018,RBC Capital Markets
Q2-18,2018-03-09,6.4,05-31-2018,RBC Capital Markets
Q2-18,2018-04-06,6.4,05-31-2018,RBC Capital Markets
Q2-18,2018-05-04,6.4,05-31-2018,RBC Capital Markets
Q3-18,2017-09-14,7.6,05-31-2018,RBC Capital Markets
Q3-18,2017-10-06,7.6,05-31-2018,RBC Capital Markets
Q3-18,2017-11-08,7.1,05-31-2018,RBC Capital Markets
Q3-18,2017-12-18,7.1,05-31-2018,RBC Capital Markets
Q3-18,2018-02-02,6.6,05-31-2018,RBC Capital Markets
Q3-18,2018-03-09,6.6,05-31-2018,RBC Capital Markets
Q3-18,2018-04-06,6.6,05-31-2018,RBC Capital Markets
Q3-18,2018-05-04,6.6,05-31-2018,RBC Capital Markets
Q4-18,2016-12-16,7.75,05-31-2018,RBC Capital Markets
Q4-18,2017-02-03,7.75,05-31-2018,RBC Capital Markets
Q4-18,2017-03-07,7.75,05-31-2018,RBC Capital Markets
Q4-18,2017-04-12,7.75,05-31-2018,RBC Capital Markets
Q4-18,2017-05-09,7.75,05-31-2018,RBC Capital Markets
Q4-18,2017-06-16,7.75,05-31-2018,RBC Capital Markets
Q4-18,2017-07-11,7.7,05-31-2018,RBC Capital Markets
Q4-18,2017-08-10,7.7,05-31-2018,RBC Capital Markets
Q4-18,2017-09-14,7.7,05-31-2018,RBC Capital Markets
Q4-18,2017-10-06,7.7,05-31-2018,RBC Capital Markets
Q4-18,2017-11-08,7.2,05-31-2018,RBC Capital Markets
Q4-18,2017-12-18,7.2,05-31-2018,RBC Capital Markets
Q4-18,2018-02-02,6.8,05-31-2018,RBC Capital Markets
Q4-18,2018-03-09,6.8,05-31-2018,RBC Capital Markets
Q4-18,2018-04-06,6.8,05-31-2018,RBC Capital Markets
Q4-18,2018-05-04,6.8,05-31-2018,RBC Capital Markets
Q1-19,2018-03-09,7.2,05-31-2018,RBC Capital Markets
Q1-19,2018-04-06,7.2,05-31-2018,RBC Capital Markets
Q1-19,2018-05-04,7.2,05-31-2018,RBC Capital Markets
2019,2017-12-18,7.3,05-31-2018,RBC Capital Markets
2019,2018-02-02,7.3,05-31-2018,RBC Capital Markets
2019,2018-03-09,7.3,05-31-2018,RBC Capital Markets
2019,2018-04-06,7.3,05-31-2018,RBC Capital Markets
2019,2018-05-04,7.3,05-31-2018,RBC Capital Markets
Q4-09,2008-02-07,6.3,11-30-2009,RBC Capital Markets
Q4-09,2008-03-07,6.3,11-30-2009,RBC Capital Markets
Q4-09,2008-04-03,6.3,11-30-2009,RBC Capital Markets
Q4-09,2008-05-09,6.3,11-30-2009,RBC Capital Markets
Q4-09,2008-05-12,6.3,11-30-2009,RBC Capital Markets
Q4-09,2008-05-15,6.3,11-30-2009,RBC Capital Markets
Q4-09,2008-06-05,6.3,11-30-2009,RBC Capital Markets
Q4-09,2008-07-08,6.3,11-30-2009,RBC Capital Markets
Q4-09,2008-08-14,6.3,11-30-2009,RBC Capital Markets
Q4-09,2008-11-04,6.55,11-30-2009,RBC Capital Markets
Q4-09,2008-12-11,6.95,11-30-2009,RBC Capital Markets
Q4-09,2009-01-15,6.95,11-30-2009,RBC Capital Markets
Q4-09,2009-02-06,6.85,11-30-2009,RBC Capital Markets
Q4-09,2009-03-16,6.85,11-30-2009,RBC Capital Markets
Q4-09,2009-04-22,6.85,11-30-2009,RBC Capital Markets
Q4-09,2009-05-13,6.85,11-30-2009,RBC Capital Markets
Q4-09,2009-06-05,6.85,11-30-2009,RBC Capital Markets
Q4-09,2009-07-20,6.85,11-30-2009,RBC Capital Markets
Q4-09,2009-08-05,6.83,11-30-2009,RBC Capital Markets
Q4-09,2009-09-09,6.83,11-30-2009,RBC Capital Markets
Q4-09,2009-10-07,6.83,11-30-2009,RBC Capital Markets
Q4-09,2009-11-13,6.83,11-30-2009,RBC Capital Markets
Q1-10,2009-04-22,6.8,11-30-2009,RBC Capital Markets
Q1-10,2009-05-13,6.8,11-30-2009,RBC Capital Markets
Q1-10,2009-06-05,6.8,11-30-2009,RBC Capital Markets
Q1-10,2009-07-20,6.8,11-30-2009,RBC Capital Markets
Q1-10,2009-08-05,6.8,11-30-2009,RBC Capital Markets
Q1-10,2009-09-09,6.8,11-30-2009,RBC Capital Markets
Q1-10,2009-10-07,6.8,11-30-2009,RBC Capital Markets
Q1-10,2009-11-13,6.8,11-30-2009,RBC Capital Markets
Q2-10,2009-07-20,6.7,11-30-2009,RBC Capital Markets
Q2-10,2009-08-05,6.67,11-30-2009,RBC Capital Markets
Q2-10,2009-09-09,6.67,11-30-2009,RBC Capital Markets
Q2-10,2009-10-07,6.67,11-30-2009,RBC Capital Markets
Q2-10,2009-11-13,6.7,11-30-2009,RBC Capital Markets
Q3-10,2009-09-09,6.6,11-30-2009,RBC Capital Markets
Q3-10,2009-10-07,6.6,11-30-2009,RBC Capital Markets
Q3-10,2009-11-13,6.6,11-30-2009,RBC Capital Markets
2010,2008-12-11,6.5,11-30-2009,RBC Capital Markets
2010,2009-01-15,6.5,11-30-2009,RBC Capital Markets
2010,2009-02-06,6.5,11-30-2009,RBC Capital Markets
2010,2009-03-16,6.5,11-30-2009,RBC Capital Markets
2010,2009-04-22,6.5,11-30-2009,RBC Capital Markets
2010,2009-05-13,6.5,11-30-2009,RBC Capital Markets
2010,2009-06-05,6.5,11-30-2009,RBC Capital Markets
2010,2009-07-20,6.5,11-30-2009,RBC Capital Markets
2010,2009-08-05,6.5,11-30-2009,RBC Capital Markets
2010,2009-09-09,6.5,11-30-2009,RBC Capital Markets
2010,2009-10-07,6.5,11-30-2009,RBC Capital Markets
2010,2009-11-13,6.5,11-30-2009,RBC Capital Markets
Q4-14,2013-01-11,6.06,11-30-2014,RBC Capital Markets
Q4-14,2013-01-18,6.06,11-30-2014,RBC Capital Markets
Q4-14,2013-01-25,6.06,11-30-2014,RBC Capital Markets
Q4-14,2013-02-01,6.06,11-30-2014,RBC Capital Markets
Q4-14,2013-02-08,6.06,11-30-2014,RBC Capital Markets
Q4-14,2013-02-15,6.06,11-30-2014,RBC Capital Markets
Q4-14,2013-02-22,6.06,11-30-2014,RBC Capital Markets
Q4-14,2013-03-01,6.06,11-30-2014,RBC Capital Markets
Q4-14,2013-03-06,6.06,11-30-2014,RBC Capital Markets
Q4-14,2013-03-08,6.06,11-30-2014,RBC Capital Markets
Q4-14,2013-03-15,6.06,11-30-2014,RBC Capital Markets
Q4-14,2013-03-22,6.06,11-30-2014,RBC Capital Markets
Q4-14,2013-03-28,6.06,11-30-2014,RBC Capital Markets
Q4-14,2013-04-05,6.06,11-30-2014,RBC Capital Markets
Q4-14,2013-04-12,6.06,11-30-2014,RBC Capital Markets
Q4-14,2013-04-19,6.06,11-30-2014,RBC Capital Markets
Q4-14,2013-04-26,6.06,11-30-2014,RBC Capital Markets
Q4-14,2013-05-03,6.06,11-30-2014,RBC Capital Markets
Q4-14,2013-05-10,6.06,11-30-2014,RBC Capital Markets
Q4-14,2013-06-07,5.99,11-30-2014,RBC Capital Markets
Q4-14,2014-08-11,6.2,11-30-2014,RBC Capital Markets
Q4-14,2014-09-08,6.2,11-30-2014,RBC Capital Markets
Q4-14,2014-10-24,6.2,11-30-2014,RBC Capital Markets
Q1-15,2014-08-11,6.2,11-30-2014,RBC Capital Markets
Q1-15,2014-09-08,6.2,11-30-2014,RBC Capital Markets
Q1-15,2014-10-24,6.2,11-30-2014,RBC Capital Markets
Q2-15,2014-08-11,6.2,11-30-2014,RBC Capital Markets
Q2-15,2014-09-08,6.2,11-30-2014,RBC Capital Markets
Q2-15,2014-10-24,6.2,11-30-2014,RBC Capital Markets
Q3-15,2014-08-11,6.2,11-30-2014,RBC Capital Markets
Q3-15,2014-09-08,6.2,11-30-2014,RBC Capital Markets
Q3-15,2014-10-24,6.2,11-30-2014,RBC Capital Markets
2015,2013-02-15,6.2,11-30-2014,RBC Capital Markets
2015,2013-02-22,6.2,11-30-2014,RBC Capital Markets
2015,2014-08-11,6.2,11-30-2014,RBC Capital Markets
2015,2014-09-08,6.2,11-30-2014,RBC Capital Markets
2015,2014-10-24,6.2,11-30-2014,RBC Capital Markets
Q1-09,2008-03-07,6.45,02-28-2009,RBC Capital Markets
Q1-09,2008-04-03,6.45,02-28-2009,RBC Capital Markets
Q1-09,2008-05-09,6.45,02-28-2009,RBC Capital Markets
Q1-09,2008-05-12,6.45,02-28-2009,RBC Capital Markets
Q1-09,2008-05-15,6.45,02-28-2009,RBC Capital Markets
Q1-09,2008-06-05,6.5,02-28-2009,RBC Capital Markets
Q1-09,2008-07-08,6.45,02-28-2009,RBC Capital Markets
Q1-09,2008-08-14,6.45,02-28-2009,RBC Capital Markets
Q1-09,2008-11-04,6.7,02-28-2009,RBC Capital Markets
Q1-09,2008-12-11,6.85,02-28-2009,RBC Capital Markets
Q1-09,2009-01-15,6.85,02-28-2009,RBC Capital Markets
Q1-09,2009-02-06,6.85,02-28-2009,RBC Capital Markets
Q2-09,2008-06-05,6.45,02-28-2009,RBC Capital Markets
Q2-09,2008-11-04,6.65,02-28-2009,RBC Capital Markets
Q2-09,2008-12-11,6.9,02-28-2009,RBC Capital Markets
Q2-09,2009-01-15,6.9,02-28-2009,RBC Capital Markets
Q2-09,2009-02-06,6.85,02-28-2009,RBC Capital Markets
Q3-09,2008-11-04,6.6,02-28-2009,RBC Capital Markets
Q3-09,2008-12-11,6.95,02-28-2009,RBC Capital Markets
Q3-09,2009-01-15,6.95,02-28-2009,RBC Capital Markets
Q3-09,2009-02-06,6.85,02-28-2009,RBC Capital Markets
Q4-09,2008-02-07,6.3,02-28-2009,RBC Capital Markets
Q4-09,2008-03-07,6.3,02-28-2009,RBC Capital Markets
Q4-09,2008-04-03,6.3,02-28-2009,RBC Capital Markets
Q4-09,2008-05-09,6.3,02-28-2009,RBC Capital Markets
Q4-09,2008-05-12,6.3,02-28-2009,RBC Capital Markets
Q4-09,2008-05-15,6.3,02-28-2009,RBC Capital Markets
Q4-09,2008-06-05,6.3,02-28-2009,RBC Capital Markets
Q4-09,2008-07-08,6.3,02-28-2009,RBC Capital Markets
Q4-09,2008-08-14,6.3,02-28-2009,RBC Capital Markets
Q4-09,2008-11-04,6.55,02-28-2009,RBC Capital Markets
Q4-09,2008-12-11,6.95,02-28-2009,RBC Capital Markets
Q4-09,2009-01-15,6.95,02-28-2009,RBC Capital Markets
Q4-09,2009-02-06,6.85,02-28-2009,RBC Capital Markets
2010,2008-12-11,6.5,02-28-2009,RBC Capital Markets
2010,2009-01-15,6.5,02-28-2009,RBC Capital Markets
2010,2009-02-06,6.5,02-28-2009,RBC Capital Markets
Q2-13,2012-02-08,6.0,05-31-2013,RBC Capital Markets
Q2-13,2012-05-04,6.0,05-31-2013,RBC Capital Markets
Q2-13,2012-06-01,6.0,05-31-2013,RBC Capital Markets
Q2-13,2012-06-08,6.0,05-31-2013,RBC Capital Markets
Q2-13,2012-06-15,6.2,05-31-2013,RBC Capital Markets
Q2-13,2012-07-20,6.2,05-31-2013,RBC Capital Markets
Q2-13,2012-07-27,6.2,05-31-2013,RBC Capital Markets
Q2-13,2012-08-03,6.2,05-31-2013,RBC Capital Markets
Q2-13,2012-08-10,6.2,05-31-2013,RBC Capital Markets
Q2-13,2012-08-17,6.2,05-31-2013,RBC Capital Markets
Q2-13,2012-08-24,6.2,05-31-2013,RBC Capital Markets
Q2-13,2012-08-31,6.2,05-31-2013,RBC Capital Markets
Q2-13,2012-09-07,6.2,05-31-2013,RBC Capital Markets
Q2-13,2012-09-14,6.2,05-31-2013,RBC Capital Markets
Q2-13,2012-09-21,6.2,05-31-2013,RBC Capital Markets
Q2-13,2012-09-28,6.2,05-31-2013,RBC Capital Markets
Q2-13,2012-10-05,6.2,05-31-2013,RBC Capital Markets
Q2-13,2012-10-12,6.2,05-31-2013,RBC Capital Markets
Q2-13,2012-10-19,6.2,05-31-2013,RBC Capital Markets
Q2-13,2012-10-26,6.2,05-31-2013,RBC Capital Markets
Q2-13,2012-11-02,6.2,05-31-2013,RBC Capital Markets
Q2-13,2012-11-09,6.2,05-31-2013,RBC Capital Markets
Q2-13,2012-11-16,6.2,05-31-2013,RBC Capital Markets
Q2-13,2012-11-23,6.2,05-31-2013,RBC Capital Markets
Q2-13,2012-11-30,6.2,05-31-2013,RBC Capital Markets
Q2-13,2012-12-07,6.2,05-31-2013,RBC Capital Markets
Q2-13,2013-01-11,6.2,05-31-2013,RBC Capital Markets
Q2-13,2013-01-18,6.2,05-31-2013,RBC Capital Markets
Q2-13,2013-01-25,6.2,05-31-2013,RBC Capital Markets
Q2-13,2013-02-01,6.2,05-31-2013,RBC Capital Markets
Q2-13,2013-02-08,6.2,05-31-2013,RBC Capital Markets
Q2-13,2013-02-15,6.2,05-31-2013,RBC Capital Markets
Q2-13,2013-02-22,6.2,05-31-2013,RBC Capital Markets
Q2-13,2013-03-01,6.2,05-31-2013,RBC Capital Markets
Q2-13,2013-03-06,6.2,05-31-2013,RBC Capital Markets
Q2-13,2013-03-08,6.2,05-31-2013,RBC Capital Markets
Q2-13,2013-03-15,6.2,05-31-2013,RBC Capital Markets
Q2-13,2013-03-22,6.2,05-31-2013,RBC Capital Markets
Q2-13,2013-03-28,6.2,05-31-2013,RBC Capital Markets
Q2-13,2013-04-05,6.2,05-31-2013,RBC Capital Markets
Q2-13,2013-04-12,6.2,05-31-2013,RBC Capital Markets
Q2-13,2013-04-19,6.2,05-31-2013,RBC Capital Markets
Q2-13,2013-04-26,6.2,05-31-2013,RBC Capital Markets
Q2-13,2013-05-03,6.2,05-31-2013,RBC Capital Markets
Q2-13,2013-05-10,6.2,05-31-2013,RBC Capital Markets
Q3-13,2012-02-08,5.95,05-31-2013,RBC Capital Markets
Q3-13,2012-05-04,5.95,05-31-2013,RBC Capital Markets
Q3-13,2012-06-01,5.95,05-31-2013,RBC Capital Markets
Q3-13,2012-06-08,5.95,05-31-2013,RBC Capital Markets
Q3-13,2012-06-15,6.15,05-31-2013,RBC Capital Markets
Q3-13,2012-07-20,6.15,05-31-2013,RBC Capital Markets
Q3-13,2012-07-27,6.15,05-31-2013,RBC Capital Markets
Q3-13,2012-08-03,6.15,05-31-2013,RBC Capital Markets
Q3-13,2012-08-10,6.15,05-31-2013,RBC Capital Markets
Q3-13,2012-08-17,6.15,05-31-2013,RBC Capital Markets
Q3-13,2012-08-24,6.15,05-31-2013,RBC Capital Markets
Q3-13,2012-08-31,6.15,05-31-2013,RBC Capital Markets
Q3-13,2012-09-07,6.15,05-31-2013,RBC Capital Markets
Q3-13,2012-09-14,6.15,05-31-2013,RBC Capital Markets
Q3-13,2012-09-21,6.15,05-31-2013,RBC Capital Markets
Q3-13,2012-09-28,6.15,05-31-2013,RBC Capital Markets
Q3-13,2012-10-05,6.15,05-31-2013,RBC Capital Markets
Q3-13,2012-10-12,6.15,05-31-2013,RBC Capital Markets
Q3-13,2012-10-19,6.15,05-31-2013,RBC Capital Markets
Q3-13,2012-10-26,6.15,05-31-2013,RBC Capital Markets
Q3-13,2012-11-02,6.15,05-31-2013,RBC Capital Markets
Q3-13,2012-11-09,6.15,05-31-2013,RBC Capital Markets
Q3-13,2012-11-16,6.15,05-31-2013,RBC Capital Markets
Q3-13,2012-11-23,6.15,05-31-2013,RBC Capital Markets
Q3-13,2012-11-30,6.15,05-31-2013,RBC Capital Markets
Q3-13,2012-12-07,6.15,05-31-2013,RBC Capital Markets
Q3-13,2013-01-11,6.15,05-31-2013,RBC Capital Markets
Q3-13,2013-01-18,6.15,05-31-2013,RBC Capital Markets
Q3-13,2013-01-25,6.15,05-31-2013,RBC Capital Markets
Q3-13,2013-02-01,6.15,05-31-2013,RBC Capital Markets
Q3-13,2013-02-08,6.15,05-31-2013,RBC Capital Markets
Q3-13,2013-02-15,6.15,05-31-2013,RBC Capital Markets
Q3-13,2013-02-22,6.15,05-31-2013,RBC Capital Markets
Q3-13,2013-03-01,6.15,05-31-2013,RBC Capital Markets
Q3-13,2013-03-06,6.15,05-31-2013,RBC Capital Markets
Q3-13,2013-03-08,6.15,05-31-2013,RBC Capital Markets
Q3-13,2013-03-15,6.15,05-31-2013,RBC Capital Markets
Q3-13,2013-03-22,6.15,05-31-2013,RBC Capital Markets
Q3-13,2013-03-28,6.15,05-31-2013,RBC Capital Markets
Q3-13,2013-04-05,6.15,05-31-2013,RBC Capital Markets
Q3-13,2013-04-12,6.15,05-31-2013,RBC Capital Markets
Q3-13,2013-04-19,6.15,05-31-2013,RBC Capital Markets
Q3-13,2013-04-26,6.15,05-31-2013,RBC Capital Markets
Q3-13,2013-05-03,6.15,05-31-2013,RBC Capital Markets
Q3-13,2013-05-10,6.15,05-31-2013,RBC Capital Markets
Q4-13,2012-02-08,5.85,05-31-2013,RBC Capital Markets
Q4-13,2012-05-04,5.85,05-31-2013,RBC Capital Markets
Q4-13,2012-06-01,5.95,05-31-2013,RBC Capital Markets
Q4-13,2012-06-08,5.95,05-31-2013,RBC Capital Markets
Q4-13,2012-06-15,6.15,05-31-2013,RBC Capital Markets
Q4-13,2012-07-20,6.15,05-31-2013,RBC Capital Markets
Q4-13,2012-07-27,6.15,05-31-2013,RBC Capital Markets
Q4-13,2012-08-03,6.15,05-31-2013,RBC Capital Markets
Q4-13,2012-08-10,6.15,05-31-2013,RBC Capital Markets
Q4-13,2012-08-17,6.15,05-31-2013,RBC Capital Markets
Q4-13,2012-08-24,6.15,05-31-2013,RBC Capital Markets
Q4-13,2012-08-31,6.15,05-31-2013,RBC Capital Markets
Q4-13,2012-09-07,6.15,05-31-2013,RBC Capital Markets
Q4-13,2012-09-14,6.15,05-31-2013,RBC Capital Markets
Q4-13,2012-09-21,6.15,05-31-2013,RBC Capital Markets
Q4-13,2012-09-28,6.15,05-31-2013,RBC Capital Markets
Q4-13,2012-10-05,6.15,05-31-2013,RBC Capital Markets
Q4-13,2012-10-12,6.15,05-31-2013,RBC Capital Markets
Q4-13,2012-10-19,6.15,05-31-2013,RBC Capital Markets
Q4-13,2012-10-26,6.15,05-31-2013,RBC Capital Markets
Q4-13,2012-11-02,6.15,05-31-2013,RBC Capital Markets
Q4-13,2012-11-09,6.15,05-31-2013,RBC Capital Markets
Q4-13,2012-11-16,6.15,05-31-2013,RBC Capital Markets
Q4-13,2012-11-23,6.15,05-31-2013,RBC Capital Markets
Q4-13,2012-11-30,6.15,05-31-2013,RBC Capital Markets
Q4-13,2012-12-07,6.15,05-31-2013,RBC Capital Markets
Q4-13,2013-01-11,6.15,05-31-2013,RBC Capital Markets
Q4-13,2013-01-18,6.15,05-31-2013,RBC Capital Markets
Q4-13,2013-01-25,6.15,05-31-2013,RBC Capital Markets
Q4-13,2013-02-01,6.15,05-31-2013,RBC Capital Markets
Q4-13,2013-02-08,6.15,05-31-2013,RBC Capital Markets
Q4-13,2013-02-15,6.15,05-31-2013,RBC Capital Markets
Q4-13,2013-02-22,6.15,05-31-2013,RBC Capital Markets
Q4-13,2013-03-01,6.15,05-31-2013,RBC Capital Markets
Q4-13,2013-03-06,6.15,05-31-2013,RBC Capital Markets
Q4-13,2013-03-08,6.15,05-31-2013,RBC Capital Markets
Q4-13,2013-03-15,6.15,05-31-2013,RBC Capital Markets
Q4-13,2013-03-22,6.15,05-31-2013,RBC Capital Markets
Q4-13,2013-03-28,6.15,05-31-2013,RBC Capital Markets
Q4-13,2013-04-05,6.15,05-31-2013,RBC Capital Markets
Q4-13,2013-04-12,6.15,05-31-2013,RBC Capital Markets
Q4-13,2013-04-19,6.15,05-31-2013,RBC Capital Markets
Q4-13,2013-04-26,6.15,05-31-2013,RBC Capital Markets
Q4-13,2013-05-03,6.15,05-31-2013,RBC Capital Markets
Q4-13,2013-05-10,6.15,05-31-2013,RBC Capital Markets
Q1-14,2013-01-11,6.12,05-31-2013,RBC Capital Markets
Q1-14,2013-01-18,6.12,05-31-2013,RBC Capital Markets
Q1-14,2013-01-25,6.12,05-31-2013,RBC Capital Markets
Q1-14,2013-02-01,6.12,05-31-2013,RBC Capital Markets
Q1-14,2013-02-08,6.12,05-31-2013,RBC Capital Markets
Q1-14,2013-02-15,6.12,05-31-2013,RBC Capital Markets
Q1-14,2013-02-22,6.12,05-31-2013,RBC Capital Markets
Q1-14,2013-03-01,6.12,05-31-2013,RBC Capital Markets
Q1-14,2013-03-06,6.12,05-31-2013,RBC Capital Markets
Q1-14,2013-03-08,6.12,05-31-2013,RBC Capital Markets
Q1-14,2013-03-15,6.12,05-31-2013,RBC Capital Markets
Q1-14,2013-03-22,6.12,05-31-2013,RBC Capital Markets
Q1-14,2013-03-28,6.12,05-31-2013,RBC Capital Markets
Q1-14,2013-04-05,6.12,05-31-2013,RBC Capital Markets
Q1-14,2013-04-12,6.12,05-31-2013,RBC Capital Markets
Q1-14,2013-04-19,6.12,05-31-2013,RBC Capital Markets
Q1-14,2013-04-26,6.12,05-31-2013,RBC Capital Markets
Q1-14,2013-05-03,6.12,05-31-2013,RBC Capital Markets
Q1-14,2013-05-10,6.12,05-31-2013,RBC Capital Markets
2014,2012-08-10,6.06,05-31-2013,RBC Capital Markets
2014,2013-01-11,6.06,05-31-2013,RBC Capital Markets
2014,2013-01-18,6.06,05-31-2013,RBC Capital Markets
2014,2013-01-25,6.06,05-31-2013,RBC Capital Markets
2014,2013-02-01,6.06,05-31-2013,RBC Capital Markets
2014,2013-02-08,6.06,05-31-2013,RBC Capital Markets
2014,2013-02-15,6.06,05-31-2013,RBC Capital Markets
2014,2013-02-22,6.06,05-31-2013,RBC Capital Markets
2014,2013-03-01,6.06,05-31-2013,RBC Capital Markets
2014,2013-03-06,6.06,05-31-2013,RBC Capital Markets
2014,2013-03-08,6.06,05-31-2013,RBC Capital Markets
2014,2013-03-15,6.06,05-31-2013,RBC Capital Markets
2014,2013-03-22,6.06,05-31-2013,RBC Capital Markets
2014,2013-03-28,6.06,05-31-2013,RBC Capital Markets
2014,2013-04-05,6.06,05-31-2013,RBC Capital Markets
2014,2013-04-12,6.06,05-31-2013,RBC Capital Markets
2014,2013-04-19,6.06,05-31-2013,RBC Capital Markets
2014,2013-04-26,6.06,05-31-2013,RBC Capital Markets
2014,2013-05-03,6.06,05-31-2013,RBC Capital Markets
2014,2013-05-10,6.06,05-31-2013,RBC Capital Markets
Q3-18,2017-09-14,7.6,08-31-2018,RBC Capital Markets
Q3-18,2017-10-06,7.6,08-31-2018,RBC Capital Markets
Q3-18,2017-11-08,7.1,08-31-2018,RBC Capital Markets
Q3-18,2017-12-18,7.1,08-31-2018,RBC Capital Markets
Q3-18,2018-02-02,6.6,08-31-2018,RBC Capital Markets
Q3-18,2018-03-09,6.6,08-31-2018,RBC Capital Markets
Q3-18,2018-04-06,6.6,08-31-2018,RBC Capital Markets
Q3-18,2018-05-04,6.6,08-31-2018,RBC Capital Markets
Q3-18,2018-06-08,6.6,08-31-2018,RBC Capital Markets
Q3-18,2018-07-06,6.6,08-31-2018,RBC Capital Markets
Q4-18,2016-12-16,7.75,08-31-2018,RBC Capital Markets
Q4-18,2017-02-03,7.75,08-31-2018,RBC Capital Markets
Q4-18,2017-03-07,7.75,08-31-2018,RBC Capital Markets
Q4-18,2017-04-12,7.75,08-31-2018,RBC Capital Markets
Q4-18,2017-05-09,7.75,08-31-2018,RBC Capital Markets
Q4-18,2017-06-16,7.75,08-31-2018,RBC Capital Markets
Q4-18,2017-07-11,7.7,08-31-2018,RBC Capital Markets
Q4-18,2017-08-10,7.7,08-31-2018,RBC Capital Markets
Q4-18,2017-09-14,7.7,08-31-2018,RBC Capital Markets
Q4-18,2017-10-06,7.7,08-31-2018,RBC Capital Markets
Q4-18,2017-11-08,7.2,08-31-2018,RBC Capital Markets
Q4-18,2017-12-18,7.2,08-31-2018,RBC Capital Markets
Q4-18,2018-02-02,6.8,08-31-2018,RBC Capital Markets
Q4-18,2018-03-09,6.8,08-31-2018,RBC Capital Markets
Q4-18,2018-04-06,6.8,08-31-2018,RBC Capital Markets
Q4-18,2018-05-04,6.8,08-31-2018,RBC Capital Markets
Q4-18,2018-06-08,6.8,08-31-2018,RBC Capital Markets
Q4-18,2018-07-06,6.8,08-31-2018,RBC Capital Markets
Q1-19,2018-03-09,7.2,08-31-2018,RBC Capital Markets
Q1-19,2018-04-06,7.2,08-31-2018,RBC Capital Markets
Q1-19,2018-05-04,7.2,08-31-2018,RBC Capital Markets
Q1-19,2018-06-08,7.2,08-31-2018,RBC Capital Markets
Q1-19,2018-07-06,7.2,08-31-2018,RBC Capital Markets
Q2-19,2018-06-08,7.2,08-31-2018,RBC Capital Markets
Q2-19,2018-07-06,7.2,08-31-2018,RBC Capital Markets
2019,2017-12-18,7.3,08-31-2018,RBC Capital Markets
2019,2018-02-02,7.3,08-31-2018,RBC Capital Markets
2019,2018-03-09,7.3,08-31-2018,RBC Capital Markets
2019,2018-04-06,7.3,08-31-2018,RBC Capital Markets
2019,2018-05-04,7.3,08-31-2018,RBC Capital Markets
2019,2018-06-08,7.3,08-31-2018,RBC Capital Markets
2019,2018-07-06,7.3,08-31-2018,RBC Capital Markets
Q4-18,2016-12-16,7.75,11-30-2018,RBC Capital Markets
Q4-18,2017-02-03,7.75,11-30-2018,RBC Capital Markets
Q4-18,2017-03-07,7.75,11-30-2018,RBC Capital Markets
Q4-18,2017-04-12,7.75,11-30-2018,RBC Capital Markets
Q4-18,2017-05-09,7.75,11-30-2018,RBC Capital Markets
Q4-18,2017-06-16,7.75,11-30-2018,RBC Capital Markets
Q4-18,2017-07-11,7.7,11-30-2018,RBC Capital Markets
Q4-18,2017-08-10,7.7,11-30-2018,RBC Capital Markets
Q4-18,2017-09-14,7.7,11-30-2018,RBC Capital Markets
Q4-18,2017-10-06,7.7,11-30-2018,RBC Capital Markets
Q4-18,2017-11-08,7.2,11-30-2018,RBC Capital Markets
Q4-18,2017-12-18,7.2,11-30-2018,RBC Capital Markets
Q4-18,2018-02-02,6.8,11-30-2018,RBC Capital Markets
Q4-18,2018-03-09,6.8,11-30-2018,RBC Capital Markets
Q4-18,2018-04-06,6.8,11-30-2018,RBC Capital Markets
Q4-18,2018-05-04,6.8,11-30-2018,RBC Capital Markets
Q4-18,2018-06-08,6.8,11-30-2018,RBC Capital Markets
Q4-18,2018-07-06,6.8,11-30-2018,RBC Capital Markets
Q4-18,2018-09-07,6.8,11-30-2018,RBC Capital Markets
Q4-18,2018-10-05,6.8,11-30-2018,RBC Capital Markets
Q4-18,2018-11-02,7.0,11-30-2018,RBC Capital Markets
Q1-19,2018-03-09,7.2,11-30-2018,RBC Capital Markets
Q1-19,2018-04-06,7.2,11-30-2018,RBC Capital Markets
Q1-19,2018-05-04,7.2,11-30-2018,RBC Capital Markets
Q1-19,2018-06-08,7.2,11-30-2018,RBC Capital Markets
Q1-19,2018-07-06,7.2,11-30-2018,RBC Capital Markets
Q1-19,2018-09-07,7.0,11-30-2018,RBC Capital Markets
Q1-19,2018-10-05,7.0,11-30-2018,RBC Capital Markets
Q1-19,2018-11-02,7.1,11-30-2018,RBC Capital Markets
Q2-19,2018-06-08,7.2,11-30-2018,RBC Capital Markets
Q2-19,2018-07-06,7.2,11-30-2018,RBC Capital Markets
Q2-19,2018-09-07,7.2,11-30-2018,RBC Capital Markets
Q2-19,2018-10-05,7.2,11-30-2018,RBC Capital Markets
Q2-19,2018-11-02,7.25,11-30-2018,RBC Capital Markets
Q3-19,2018-09-07,7.3,11-30-2018,RBC Capital Markets
Q3-19,2018-10-05,7.3,11-30-2018,RBC Capital Markets
Q3-19,2018-11-02,7.4,11-30-2018,RBC Capital Markets
2019,2017-12-18,7.3,11-30-2018,RBC Capital Markets
2019,2018-02-02,7.3,11-30-2018,RBC Capital Markets
2019,2018-03-09,7.3,11-30-2018,RBC Capital Markets
2019,2018-04-06,7.3,11-30-2018,RBC Capital Markets
2019,2018-05-04,7.3,11-30-2018,RBC Capital Markets
2019,2018-06-08,7.3,11-30-2018,RBC Capital Markets
2019,2018-07-06,7.3,11-30-2018,RBC Capital Markets
2019,2018-09-07,7.3,11-30-2018,RBC Capital Markets
2019,2018-10-05,7.3,11-30-2018,RBC Capital Markets
2019,2018-11-02,7.5,11-30-2018,RBC Capital Markets
Q3-14,2013-01-11,6.08,08-31-2014,RBC Capital Markets
Q3-14,2013-01-18,6.08,08-31-2014,RBC Capital Markets
Q3-14,2013-01-25,6.08,08-31-2014,RBC Capital Markets
Q3-14,2013-02-01,6.08,08-31-2014,RBC Capital Markets
Q3-14,2013-02-08,6.08,08-31-2014,RBC Capital Markets
Q3-14,2013-02-15,6.08,08-31-2014,RBC Capital Markets
Q3-14,2013-02-22,6.08,08-31-2014,RBC Capital Markets
Q3-14,2013-03-01,6.08,08-31-2014,RBC Capital Markets
Q3-14,2013-03-06,6.08,08-31-2014,RBC Capital Markets
Q3-14,2013-03-08,6.08,08-31-2014,RBC Capital Markets
Q3-14,2013-03-15,6.08,08-31-2014,RBC Capital Markets
Q3-14,2013-03-22,6.08,08-31-2014,RBC Capital Markets
Q3-14,2013-03-28,6.08,08-31-2014,RBC Capital Markets
Q3-14,2013-04-05,6.08,08-31-2014,RBC Capital Markets
Q3-14,2013-04-12,6.08,08-31-2014,RBC Capital Markets
Q3-14,2013-04-19,6.08,08-31-2014,RBC Capital Markets
Q3-14,2013-04-26,6.08,08-31-2014,RBC Capital Markets
Q3-14,2013-05-03,6.08,08-31-2014,RBC Capital Markets
Q3-14,2013-05-10,6.08,08-31-2014,RBC Capital Markets
Q3-14,2013-06-07,6.01,08-31-2014,RBC Capital Markets
Q3-14,2014-08-11,6.15,08-31-2014,RBC Capital Markets
Q4-14,2013-01-11,6.06,08-31-2014,RBC Capital Markets
Q4-14,2013-01-18,6.06,08-31-2014,RBC Capital Markets
Q4-14,2013-01-25,6.06,08-31-2014,RBC Capital Markets
Q4-14,2013-02-01,6.06,08-31-2014,RBC Capital Markets
Q4-14,2013-02-08,6.06,08-31-2014,RBC Capital Markets
Q4-14,2013-02-15,6.06,08-31-2014,RBC Capital Markets
Q4-14,2013-02-22,6.06,08-31-2014,RBC Capital Markets
Q4-14,2013-03-01,6.06,08-31-2014,RBC Capital Markets
Q4-14,2013-03-06,6.06,08-31-2014,RBC Capital Markets
Q4-14,2013-03-08,6.06,08-31-2014,RBC Capital Markets
Q4-14,2013-03-15,6.06,08-31-2014,RBC Capital Markets
Q4-14,2013-03-22,6.06,08-31-2014,RBC Capital Markets
Q4-14,2013-03-28,6.06,08-31-2014,RBC Capital Markets
Q4-14,2013-04-05,6.06,08-31-2014,RBC Capital Markets
Q4-14,2013-04-12,6.06,08-31-2014,RBC Capital Markets
Q4-14,2013-04-19,6.06,08-31-2014,RBC Capital Markets
Q4-14,2013-04-26,6.06,08-31-2014,RBC Capital Markets
Q4-14,2013-05-03,6.06,08-31-2014,RBC Capital Markets
Q4-14,2013-05-10,6.06,08-31-2014,RBC Capital Markets
Q4-14,2013-06-07,5.99,08-31-2014,RBC Capital Markets
Q4-14,2014-08-11,6.2,08-31-2014,RBC Capital Markets
Q1-15,2014-08-11,6.2,08-31-2014,RBC Capital Markets
Q2-15,2014-08-11,6.2,08-31-2014,RBC Capital Markets
2015,2013-02-15,6.2,08-31-2014,RBC Capital Markets
2015,2013-02-22,6.2,08-31-2014,RBC Capital Markets
2015,2014-08-11,6.2,08-31-2014,RBC Capital Markets
Q2-09,2008-06-05,6.45,05-31-2009,RBC Capital Markets
Q2-09,2008-11-04,6.65,05-31-2009,RBC Capital Markets
Q2-09,2008-12-11,6.9,05-31-2009,RBC Capital Markets
Q2-09,2009-01-15,6.9,05-31-2009,RBC Capital Markets
Q2-09,2009-02-06,6.85,05-31-2009,RBC Capital Markets
Q2-09,2009-03-16,6.85,05-31-2009,RBC Capital Markets
Q2-09,2009-04-22,6.85,05-31-2009,RBC Capital Markets
Q2-09,2009-05-13,6.85,05-31-2009,RBC Capital Markets
Q3-09,2008-11-04,6.6,05-31-2009,RBC Capital Markets
Q3-09,2008-12-11,6.95,05-31-2009,RBC Capital Markets
Q3-09,2009-01-15,6.95,05-31-2009,RBC Capital Markets
Q3-09,2009-02-06,6.85,05-31-2009,RBC Capital Markets
Q3-09,2009-03-16,6.85,05-31-2009,RBC Capital Markets
Q3-09,2009-04-22,6.85,05-31-2009,RBC Capital Markets
Q3-09,2009-05-13,6.85,05-31-2009,RBC Capital Markets
Q4-09,2008-02-07,6.3,05-31-2009,RBC Capital Markets
Q4-09,2008-03-07,6.3,05-31-2009,RBC Capital Markets
Q4-09,2008-04-03,6.3,05-31-2009,RBC Capital Markets
Q4-09,2008-05-09,6.3,05-31-2009,RBC Capital Markets
Q4-09,2008-05-12,6.3,05-31-2009,RBC Capital Markets
Q4-09,2008-05-15,6.3,05-31-2009,RBC Capital Markets
Q4-09,2008-06-05,6.3,05-31-2009,RBC Capital Markets
Q4-09,2008-07-08,6.3,05-31-2009,RBC Capital Markets
Q4-09,2008-08-14,6.3,05-31-2009,RBC Capital Markets
Q4-09,2008-11-04,6.55,05-31-2009,RBC Capital Markets
Q4-09,2008-12-11,6.95,05-31-2009,RBC Capital Markets
Q4-09,2009-01-15,6.95,05-31-2009,RBC Capital Markets
Q4-09,2009-02-06,6.85,05-31-2009,RBC Capital Markets
Q4-09,2009-03-16,6.85,05-31-2009,RBC Capital Markets
Q4-09,2009-04-22,6.85,05-31-2009,RBC Capital Markets
Q4-09,2009-05-13,6.85,05-31-2009,RBC Capital Markets
Q1-10,2009-04-22,6.8,05-31-2009,RBC Capital Markets
Q1-10,2009-05-13,6.8,05-31-2009,RBC Capital Markets
2010,2008-12-11,6.5,05-31-2009,RBC Capital Markets
2010,2009-01-15,6.5,05-31-2009,RBC Capital Markets
2010,2009-02-06,6.5,05-31-2009,RBC Capital Markets
2010,2009-03-16,6.5,05-31-2009,RBC Capital Markets
2010,2009-04-22,6.5,05-31-2009,RBC Capital Markets
2010,2009-05-13,6.5,05-31-2009,RBC Capital Markets
Q1-13,2012-02-08,6.05,02-28-2013,RBC Capital Markets
Q1-13,2012-05-04,6.05,02-28-2013,RBC Capital Markets
Q1-13,2012-06-01,6.05,02-28-2013,RBC Capital Markets
Q1-13,2012-06-08,6.05,02-28-2013,RBC Capital Markets
Q1-13,2012-06-15,6.25,02-28-2013,RBC Capital Markets
Q1-13,2012-07-20,6.25,02-28-2013,RBC Capital Markets
Q1-13,2012-07-27,6.25,02-28-2013,RBC Capital Markets
Q1-13,2012-08-03,6.25,02-28-2013,RBC Capital Markets
Q1-13,2012-08-10,6.25,02-28-2013,RBC Capital Markets
Q1-13,2012-08-17,6.25,02-28-2013,RBC Capital Markets
Q1-13,2012-08-24,6.25,02-28-2013,RBC Capital Markets
Q1-13,2012-08-31,6.25,02-28-2013,RBC Capital Markets
Q1-13,2012-09-07,6.25,02-28-2013,RBC Capital Markets
Q1-13,2012-09-14,6.25,02-28-2013,RBC Capital Markets
Q1-13,2012-09-21,6.25,02-28-2013,RBC Capital Markets
Q1-13,2012-09-28,6.25,02-28-2013,RBC Capital Markets
Q1-13,2012-10-05,6.25,02-28-2013,RBC Capital Markets
Q1-13,2012-10-12,6.25,02-28-2013,RBC Capital Markets
Q1-13,2012-10-19,6.25,02-28-2013,RBC Capital Markets
Q1-13,2012-10-26,6.25,02-28-2013,RBC Capital Markets
Q1-13,2012-11-02,6.25,02-28-2013,RBC Capital Markets
Q1-13,2012-11-09,6.25,02-28-2013,RBC Capital Markets
Q1-13,2012-11-16,6.25,02-28-2013,RBC Capital Markets
Q1-13,2012-11-23,6.25,02-28-2013,RBC Capital Markets
Q1-13,2012-11-30,6.25,02-28-2013,RBC Capital Markets
Q1-13,2012-12-07,6.25,02-28-2013,RBC Capital Markets
Q1-13,2013-01-11,6.25,02-28-2013,RBC Capital Markets
Q1-13,2013-01-18,6.25,02-28-2013,RBC Capital Markets
Q1-13,2013-01-25,6.25,02-28-2013,RBC Capital Markets
Q1-13,2013-02-01,6.25,02-28-2013,RBC Capital Markets
Q1-13,2013-02-08,6.25,02-28-2013,RBC Capital Markets
Q1-13,2013-02-15,6.25,02-28-2013,RBC Capital Markets
Q1-13,2013-02-22,6.25,02-28-2013,RBC Capital Markets
Q2-13,2012-02-08,6.0,02-28-2013,RBC Capital Markets
Q2-13,2012-05-04,6.0,02-28-2013,RBC Capital Markets
Q2-13,2012-06-01,6.0,02-28-2013,RBC Capital Markets
Q2-13,2012-06-08,6.0,02-28-2013,RBC Capital Markets
Q2-13,2012-06-15,6.2,02-28-2013,RBC Capital Markets
Q2-13,2012-07-20,6.2,02-28-2013,RBC Capital Markets
Q2-13,2012-07-27,6.2,02-28-2013,RBC Capital Markets
Q2-13,2012-08-03,6.2,02-28-2013,RBC Capital Markets
Q2-13,2012-08-10,6.2,02-28-2013,RBC Capital Markets
Q2-13,2012-08-17,6.2,02-28-2013,RBC Capital Markets
Q2-13,2012-08-24,6.2,02-28-2013,RBC Capital Markets
Q2-13,2012-08-31,6.2,02-28-2013,RBC Capital Markets
Q2-13,2012-09-07,6.2,02-28-2013,RBC Capital Markets
Q2-13,2012-09-14,6.2,02-28-2013,RBC Capital Markets
Q2-13,2012-09-21,6.2,02-28-2013,RBC Capital Markets
Q2-13,2012-09-28,6.2,02-28-2013,RBC Capital Markets
Q2-13,2012-10-05,6.2,02-28-2013,RBC Capital Markets
Q2-13,2012-10-12,6.2,02-28-2013,RBC Capital Markets
Q2-13,2012-10-19,6.2,02-28-2013,RBC Capital Markets
Q2-13,2012-10-26,6.2,02-28-2013,RBC Capital Markets
Q2-13,2012-11-02,6.2,02-28-2013,RBC Capital Markets
Q2-13,2012-11-09,6.2,02-28-2013,RBC Capital Markets
Q2-13,2012-11-16,6.2,02-28-2013,RBC Capital Markets
Q2-13,2012-11-23,6.2,02-28-2013,RBC Capital Markets
Q2-13,2012-11-30,6.2,02-28-2013,RBC Capital Markets
Q2-13,2012-12-07,6.2,02-28-2013,RBC Capital Markets
Q2-13,2013-01-11,6.2,02-28-2013,RBC Capital Markets
Q2-13,2013-01-18,6.2,02-28-2013,RBC Capital Markets
Q2-13,2013-01-25,6.2,02-28-2013,RBC Capital Markets
Q2-13,2013-02-01,6.2,02-28-2013,RBC Capital Markets
Q2-13,2013-02-08,6.2,02-28-2013,RBC Capital Markets
Q2-13,2013-02-15,6.2,02-28-2013,RBC Capital Markets
Q2-13,2013-02-22,6.2,02-28-2013,RBC Capital Markets
Q3-13,2012-02-08,5.95,02-28-2013,RBC Capital Markets
Q3-13,2012-05-04,5.95,02-28-2013,RBC Capital Markets
Q3-13,2012-06-01,5.95,02-28-2013,RBC Capital Markets
Q3-13,2012-06-08,5.95,02-28-2013,RBC Capital Markets
Q3-13,2012-06-15,6.15,02-28-2013,RBC Capital Markets
Q3-13,2012-07-20,6.15,02-28-2013,RBC Capital Markets
Q3-13,2012-07-27,6.15,02-28-2013,RBC Capital Markets
Q3-13,2012-08-03,6.15,02-28-2013,RBC Capital Markets
Q3-13,2012-08-10,6.15,02-28-2013,RBC Capital Markets
Q3-13,2012-08-17,6.15,02-28-2013,RBC Capital Markets
Q3-13,2012-08-24,6.15,02-28-2013,RBC Capital Markets
Q3-13,2012-08-31,6.15,02-28-2013,RBC Capital Markets
Q3-13,2012-09-07,6.15,02-28-2013,RBC Capital Markets
Q3-13,2012-09-14,6.15,02-28-2013,RBC Capital Markets
Q3-13,2012-09-21,6.15,02-28-2013,RBC Capital Markets
Q3-13,2012-09-28,6.15,02-28-2013,RBC Capital Markets
Q3-13,2012-10-05,6.15,02-28-2013,RBC Capital Markets
Q3-13,2012-10-12,6.15,02-28-2013,RBC Capital Markets
Q3-13,2012-10-19,6.15,02-28-2013,RBC Capital Markets
Q3-13,2012-10-26,6.15,02-28-2013,RBC Capital Markets
Q3-13,2012-11-02,6.15,02-28-2013,RBC Capital Markets
Q3-13,2012-11-09,6.15,02-28-2013,RBC Capital Markets
Q3-13,2012-11-16,6.15,02-28-2013,RBC Capital Markets
Q3-13,2012-11-23,6.15,02-28-2013,RBC Capital Markets
Q3-13,2012-11-30,6.15,02-28-2013,RBC Capital Markets
Q3-13,2012-12-07,6.15,02-28-2013,RBC Capital Markets
Q3-13,2013-01-11,6.15,02-28-2013,RBC Capital Markets
Q3-13,2013-01-18,6.15,02-28-2013,RBC Capital Markets
Q3-13,2013-01-25,6.15,02-28-2013,RBC Capital Markets
Q3-13,2013-02-01,6.15,02-28-2013,RBC Capital Markets
Q3-13,2013-02-08,6.15,02-28-2013,RBC Capital Markets
Q3-13,2013-02-15,6.15,02-28-2013,RBC Capital Markets
Q3-13,2013-02-22,6.15,02-28-2013,RBC Capital Markets
Q4-13,2012-02-08,5.85,02-28-2013,RBC Capital Markets
Q4-13,2012-05-04,5.85,02-28-2013,RBC Capital Markets
Q4-13,2012-06-01,5.95,02-28-2013,RBC Capital Markets
Q4-13,2012-06-08,5.95,02-28-2013,RBC Capital Markets
Q4-13,2012-06-15,6.15,02-28-2013,RBC Capital Markets
Q4-13,2012-07-20,6.15,02-28-2013,RBC Capital Markets
Q4-13,2012-07-27,6.15,02-28-2013,RBC Capital Markets
Q4-13,2012-08-03,6.15,02-28-2013,RBC Capital Markets
Q4-13,2012-08-10,6.15,02-28-2013,RBC Capital Markets
Q4-13,2012-08-17,6.15,02-28-2013,RBC Capital Markets
Q4-13,2012-08-24,6.15,02-28-2013,RBC Capital Markets
Q4-13,2012-08-31,6.15,02-28-2013,RBC Capital Markets
Q4-13,2012-09-07,6.15,02-28-2013,RBC Capital Markets
Q4-13,2012-09-14,6.15,02-28-2013,RBC Capital Markets
Q4-13,2012-09-21,6.15,02-28-2013,RBC Capital Markets
Q4-13,2012-09-28,6.15,02-28-2013,RBC Capital Markets
Q4-13,2012-10-05,6.15,02-28-2013,RBC Capital Markets
Q4-13,2012-10-12,6.15,02-28-2013,RBC Capital Markets
Q4-13,2012-10-19,6.15,02-28-2013,RBC Capital Markets
Q4-13,2012-10-26,6.15,02-28-2013,RBC Capital Markets
Q4-13,2012-11-02,6.15,02-28-2013,RBC Capital Markets
Q4-13,2012-11-09,6.15,02-28-2013,RBC Capital Markets
Q4-13,2012-11-16,6.15,02-28-2013,RBC Capital Markets
Q4-13,2012-11-23,6.15,02-28-2013,RBC Capital Markets
Q4-13,2012-11-30,6.15,02-28-2013,RBC Capital Markets
Q4-13,2012-12-07,6.15,02-28-2013,RBC Capital Markets
Q4-13,2013-01-11,6.15,02-28-2013,RBC Capital Markets
Q4-13,2013-01-18,6.15,02-28-2013,RBC Capital Markets
Q4-13,2013-01-25,6.15,02-28-2013,RBC Capital Markets
Q4-13,2013-02-01,6.15,02-28-2013,RBC Capital Markets
Q4-13,2013-02-08,6.15,02-28-2013,RBC Capital Markets
Q4-13,2013-02-15,6.15,02-28-2013,RBC Capital Markets
Q4-13,2013-02-22,6.15,02-28-2013,RBC Capital Markets
2014,2012-08-10,6.06,02-28-2013,RBC Capital Markets
2014,2013-01-11,6.06,02-28-2013,RBC Capital Markets
2014,2013-01-18,6.06,02-28-2013,RBC Capital Markets
2014,2013-01-25,6.06,02-28-2013,RBC Capital Markets
2014,2013-02-01,6.06,02-28-2013,RBC Capital Markets
2014,2013-02-08,6.06,02-28-2013,RBC Capital Markets
2014,2013-02-15,6.06,02-28-2013,RBC Capital Markets
2014,2013-02-22,6.06,02-28-2013,RBC Capital Markets
Q1-12,2011-04-12,6.1,02-28-2012,RBC Capital Markets
Q1-12,2011-05-12,6.1,02-28-2012,RBC Capital Markets
Q1-12,2011-06-16,6.1,02-28-2012,RBC Capital Markets
Q1-12,2011-07-15,6.15,02-28-2012,RBC Capital Markets
Q1-12,2012-02-08,6.3,02-28-2012,RBC Capital Markets
Q2-12,2011-07-15,6.05,02-28-2012,RBC Capital Markets
Q2-12,2012-02-08,6.3,02-28-2012,RBC Capital Markets
Q3-12,2012-02-08,6.2,02-28-2012,RBC Capital Markets
Q4-12,2010-12-10,6.2,02-28-2012,RBC Capital Markets
Q4-12,2011-02-01,5.8,02-28-2012,RBC Capital Markets
Q4-12,2011-04-12,5.8,02-28-2012,RBC Capital Markets
Q4-12,2011-05-12,5.8,02-28-2012,RBC Capital Markets
Q4-12,2011-06-16,5.8,02-28-2012,RBC Capital Markets
Q4-12,2011-07-15,5.85,02-28-2012,RBC Capital Markets
Q4-12,2012-02-08,6.1,02-28-2012,RBC Capital Markets
2013,2012-02-08,5.85,02-28-2012,RBC Capital Markets
Q2-08,2007-06-01,7.25,05-31-2008,RBC Capital Markets
Q2-08,2007-07-09,7.25,05-31-2008,RBC Capital Markets
Q2-08,2007-08-02,7.25,05-31-2008,RBC Capital Markets
Q2-08,2007-09-14,7.25,05-31-2008,RBC Capital Markets
Q2-08,2007-09-21,7.25,05-31-2008,RBC Capital Markets
Q2-08,2007-11-13,7.25,05-31-2008,RBC Capital Markets
Q2-08,2007-12-13,7.25,05-31-2008,RBC Capital Markets
Q2-08,2008-01-21,7.25,05-31-2008,RBC Capital Markets
Q2-08,2008-02-07,6.8,05-31-2008,RBC Capital Markets
Q2-08,2008-03-07,6.8,05-31-2008,RBC Capital Markets
Q2-08,2008-04-03,6.8,05-31-2008,RBC Capital Markets
Q2-08,2008-05-09,6.8,05-31-2008,RBC Capital Markets
Q2-08,2008-05-12,6.8,05-31-2008,RBC Capital Markets
Q2-08,2008-05-15,6.8,05-31-2008,RBC Capital Markets
Q3-08,2007-09-14,7.15,05-31-2008,RBC Capital Markets
Q3-08,2007-09-21,7.15,05-31-2008,RBC Capital Markets
Q3-08,2007-11-13,7.15,05-31-2008,RBC Capital Markets
Q3-08,2007-12-13,7.15,05-31-2008,RBC Capital Markets
Q3-08,2008-01-21,7.15,05-31-2008,RBC Capital Markets
Q3-08,2008-02-07,6.6,05-31-2008,RBC Capital Markets
Q3-08,2008-03-07,6.6,05-31-2008,RBC Capital Markets
Q3-08,2008-04-03,6.6,05-31-2008,RBC Capital Markets
Q3-08,2008-05-09,6.6,05-31-2008,RBC Capital Markets
Q3-08,2008-05-12,6.6,05-31-2008,RBC Capital Markets
Q3-08,2008-05-15,6.6,05-31-2008,RBC Capital Markets
Q4-08,2006-12-14,7.3,05-31-2008,RBC Capital Markets
Q4-08,2007-01-26,7.3,05-31-2008,RBC Capital Markets
Q4-08,2007-02-02,7.3,05-31-2008,RBC Capital Markets
Q4-08,2007-03-08,7.3,05-31-2008,RBC Capital Markets
Q4-08,2007-04-11,7.3,05-31-2008,RBC Capital Markets
Q4-08,2007-05-04,7.1,05-31-2008,RBC Capital Markets
Q4-08,2007-06-01,7.1,05-31-2008,RBC Capital Markets
Q4-08,2007-07-09,7.1,05-31-2008,RBC Capital Markets
Q4-08,2007-08-02,7.1,05-31-2008,RBC Capital Markets
Q4-08,2007-09-14,7.1,05-31-2008,RBC Capital Markets
Q4-08,2007-09-21,7.1,05-31-2008,RBC Capital Markets
Q4-08,2007-11-13,7.1,05-31-2008,RBC Capital Markets
Q4-08,2007-12-13,7.1,05-31-2008,RBC Capital Markets
Q4-08,2008-01-21,7.1,05-31-2008,RBC Capital Markets
Q4-08,2008-02-07,6.5,05-31-2008,RBC Capital Markets
Q4-08,2008-03-07,6.5,05-31-2008,RBC Capital Markets
Q4-08,2008-04-03,6.5,05-31-2008,RBC Capital Markets
Q4-08,2008-05-09,6.5,05-31-2008,RBC Capital Markets
Q4-08,2008-05-12,6.5,05-31-2008,RBC Capital Markets
Q4-08,2008-05-15,6.5,05-31-2008,RBC Capital Markets
Q1-09,2008-03-07,6.45,05-31-2008,RBC Capital Markets
Q1-09,2008-04-03,6.45,05-31-2008,RBC Capital Markets
Q1-09,2008-05-09,6.45,05-31-2008,RBC Capital Markets
Q1-09,2008-05-12,6.45,05-31-2008,RBC Capital Markets
Q1-09,2008-05-15,6.45,05-31-2008,RBC Capital Markets
2009,2008-02-07,6.3,05-31-2008,RBC Capital Markets
2009,2008-03-07,6.3,05-31-2008,RBC Capital Markets
2009,2008-04-03,6.3,05-31-2008,RBC Capital Markets
2009,2008-05-09,6.3,05-31-2008,RBC Capital Markets
2009,2008-05-12,6.3,05-31-2008,RBC Capital Markets
2009,2008-05-15,6.3,05-31-2008,RBC Capital Markets
Q3-15,2014-08-11,6.2,08-31-2015,RBC Capital Markets
Q3-15,2014-09-08,6.2,08-31-2015,RBC Capital Markets
Q3-15,2014-10-24,6.2,08-31-2015,RBC Capital Markets
Q3-15,2015-01-05,6.27,08-31-2015,RBC Capital Markets
Q3-15,2015-03-04,6.56,08-31-2015,RBC Capital Markets
Q3-15,2015-03-10,6.56,08-31-2015,RBC Capital Markets
Q3-15,2015-04-07,6.56,08-31-2015,RBC Capital Markets
Q3-15,2015-06-10,6.42,08-31-2015,RBC Capital Markets
Q3-15,2015-07-06,6.42,08-31-2015,RBC Capital Markets
Q3-15,2015-07-13,6.42,08-31-2015,RBC Capital Markets
Q3-15,2015-08-07,6.42,08-31-2015,RBC Capital Markets
Q4-15,2014-08-11,6.2,08-31-2015,RBC Capital Markets
Q4-15,2014-09-08,6.2,08-31-2015,RBC Capital Markets
Q4-15,2014-10-24,6.2,08-31-2015,RBC Capital Markets
Q4-15,2015-01-05,6.3,08-31-2015,RBC Capital Markets
Q4-15,2015-03-04,6.7,08-31-2015,RBC Capital Markets
Q4-15,2015-03-10,6.7,08-31-2015,RBC Capital Markets
Q4-15,2015-04-07,6.7,08-31-2015,RBC Capital Markets
Q4-15,2015-06-10,6.56,08-31-2015,RBC Capital Markets
Q4-15,2015-07-06,6.56,08-31-2015,RBC Capital Markets
Q4-15,2015-07-13,6.56,08-31-2015,RBC Capital Markets
Q4-15,2015-08-07,6.56,08-31-2015,RBC Capital Markets
Q1-16,2015-04-07,6.8,08-31-2015,RBC Capital Markets
Q1-16,2015-06-10,6.7,08-31-2015,RBC Capital Markets
Q1-16,2015-07-06,6.7,08-31-2015,RBC Capital Markets
Q1-16,2015-07-13,6.7,08-31-2015,RBC Capital Markets
Q1-16,2015-08-07,6.7,08-31-2015,RBC Capital Markets
Q2-16,2015-06-10,6.8,08-31-2015,RBC Capital Markets
Q2-16,2015-07-06,6.8,08-31-2015,RBC Capital Markets
Q2-16,2015-07-13,6.8,08-31-2015,RBC Capital Markets
Q2-16,2015-08-07,6.8,08-31-2015,RBC Capital Markets
2016,2015-01-05,6.4,08-31-2015,RBC Capital Markets
2016,2015-03-04,7.0,08-31-2015,RBC Capital Markets
2016,2015-03-10,7.0,08-31-2015,RBC Capital Markets
2016,2015-04-07,7.0,08-31-2015,RBC Capital Markets
2016,2015-06-10,6.95,08-31-2015,RBC Capital Markets
2016,2015-07-06,6.95,08-31-2015,RBC Capital Markets
2016,2015-07-13,6.95,08-31-2015,RBC Capital Markets
2016,2015-08-07,6.95,08-31-2015,RBC Capital Markets
2020,2018-12-14,7.8,11-30-2019,RBC Capital Markets
2020,2019-02-05,7.8,11-30-2019,RBC Capital Markets
2020,2019-03-08,7.7,11-30-2019,RBC Capital Markets
Q4-19,2017-12-18,7.3,11-30-2019,RBC Capital Markets
Q4-19,2018-02-02,7.3,11-30-2019,RBC Capital Markets
Q4-19,2018-03-09,7.3,11-30-2019,RBC Capital Markets
Q4-19,2018-04-06,7.3,11-30-2019,RBC Capital Markets
Q4-19,2018-05-04,7.3,11-30-2019,RBC Capital Markets
Q4-19,2018-06-08,7.3,11-30-2019,RBC Capital Markets
Q4-19,2018-07-06,7.3,11-30-2019,RBC Capital Markets
Q4-19,2018-09-07,7.3,11-30-2019,RBC Capital Markets
Q4-19,2018-10-05,7.3,11-30-2019,RBC Capital Markets
Q4-19,2018-11-02,7.5,11-30-2019,RBC Capital Markets
Q4-19,2018-12-14,7.5,11-30-2019,RBC Capital Markets
Q4-19,2019-02-05,7.5,11-30-2019,RBC Capital Markets
Q4-19,2019-03-08,7.4,11-30-2019,RBC Capital Markets
Q1-20,2019-03-08,7.5,11-30-2019,RBC Capital Markets
Q3-19,2018-09-07,7.3,08-31-2019,RBC Capital Markets
Q3-19,2018-10-05,7.3,08-31-2019,RBC Capital Markets
Q3-19,2018-11-02,7.4,08-31-2019,RBC Capital Markets
Q3-19,2018-12-14,7.4,08-31-2019,RBC Capital Markets
Q3-19,2019-02-05,7.4,08-31-2019,RBC Capital Markets
Q3-19,2019-03-08,7.25,08-31-2019,RBC Capital Markets
Q4-19,2017-12-18,7.3,08-31-2019,RBC Capital Markets
Q4-19,2018-02-02,7.3,08-31-2019,RBC Capital Markets
Q4-19,2018-03-09,7.3,08-31-2019,RBC Capital Markets
Q4-19,2018-04-06,7.3,08-31-2019,RBC Capital Markets
Q4-19,2018-05-04,7.3,08-31-2019,RBC Capital Markets
Q4-19,2018-06-08,7.3,08-31-2019,RBC Capital Markets
Q4-19,2018-07-06,7.3,08-31-2019,RBC Capital Markets
Q4-19,2018-09-07,7.3,08-31-2019,RBC Capital Markets
Q4-19,2018-10-05,7.3,08-31-2019,RBC Capital Markets
Q4-19,2018-11-02,7.5,08-31-2019,RBC Capital Markets
Q4-19,2018-12-14,7.5,08-31-2019,RBC Capital Markets
Q4-19,2019-02-05,7.5,08-31-2019,RBC Capital Markets
Q4-19,2019-03-08,7.4,08-31-2019,RBC Capital Markets
Q1-20,2019-03-08,7.5,08-31-2019,RBC Capital Markets
2020,2018-12-14,7.8,08-31-2019,RBC Capital Markets
2020,2019-02-05,7.8,08-31-2019,RBC Capital Markets
2020,2019-03-08,7.7,08-31-2019,RBC Capital Markets
Q2-12,2011-07-15,6.05,05-31-2012,RBC Capital Markets
Q2-12,2012-02-08,6.3,05-31-2012,RBC Capital Markets
Q2-12,2012-05-04,6.3,05-31-2012,RBC Capital Markets
Q3-12,2012-02-08,6.2,05-31-2012,RBC Capital Markets
Q3-12,2012-05-04,6.2,05-31-2012,RBC Capital Markets
Q4-12,2010-12-10,6.2,05-31-2012,RBC Capital Markets
Q4-12,2011-02-01,5.8,05-31-2012,RBC Capital Markets
Q4-12,2011-04-12,5.8,05-31-2012,RBC Capital Markets
Q4-12,2011-05-12,5.8,05-31-2012,RBC Capital Markets
Q4-12,2011-06-16,5.8,05-31-2012,RBC Capital Markets
Q4-12,2011-07-15,5.85,05-31-2012,RBC Capital Markets
Q4-12,2012-02-08,6.1,05-31-2012,RBC Capital Markets
Q4-12,2012-05-04,6.1,05-31-2012,RBC Capital Markets
Q1-13,2012-02-08,6.05,05-31-2012,RBC Capital Markets
Q1-13,2012-05-04,6.05,05-31-2012,RBC Capital Markets
2013,2012-02-08,5.85,05-31-2012,RBC Capital Markets
2013,2012-05-04,5.85,05-31-2012,RBC Capital Markets
Q1-08,2007-03-08,7.5,02-28-2008,RBC Capital Markets
Q1-08,2007-04-11,7.5,02-28-2008,RBC Capital Markets
Q1-08,2007-05-04,7.3,02-28-2008,RBC Capital Markets
Q1-08,2007-06-01,7.3,02-28-2008,RBC Capital Markets
Q1-08,2007-07-09,7.3,02-28-2008,RBC Capital Markets
Q1-08,2007-08-02,7.3,02-28-2008,RBC Capital Markets
Q1-08,2007-09-14,7.3,02-28-2008,RBC Capital Markets
Q1-08,2007-09-21,7.3,02-28-2008,RBC Capital Markets
Q1-08,2007-11-13,7.3,02-28-2008,RBC Capital Markets
Q1-08,2007-12-13,7.3,02-28-2008,RBC Capital Markets
Q1-08,2008-01-21,7.3,02-28-2008,RBC Capital Markets
Q1-08,2008-02-07,7.0,02-28-2008,RBC Capital Markets
Q2-08,2007-06-01,7.25,02-28-2008,RBC Capital Markets
Q2-08,2007-07-09,7.25,02-28-2008,RBC Capital Markets
Q2-08,2007-08-02,7.25,02-28-2008,RBC Capital Markets
Q2-08,2007-09-14,7.25,02-28-2008,RBC Capital Markets
Q2-08,2007-09-21,7.25,02-28-2008,RBC Capital Markets
Q2-08,2007-11-13,7.25,02-28-2008,RBC Capital Markets
Q2-08,2007-12-13,7.25,02-28-2008,RBC Capital Markets
Q2-08,2008-01-21,7.25,02-28-2008,RBC Capital Markets
Q2-08,2008-02-07,6.8,02-28-2008,RBC Capital Markets
Q3-08,2007-09-14,7.15,02-28-2008,RBC Capital Markets
Q3-08,2007-09-21,7.15,02-28-2008,RBC Capital Markets
Q3-08,2007-11-13,7.15,02-28-2008,RBC Capital Markets
Q3-08,2007-12-13,7.15,02-28-2008,RBC Capital Markets
Q3-08,2008-01-21,7.15,02-28-2008,RBC Capital Markets
Q3-08,2008-02-07,6.6,02-28-2008,RBC Capital Markets
Q4-08,2006-12-14,7.3,02-28-2008,RBC Capital Markets
Q4-08,2007-01-26,7.3,02-28-2008,RBC Capital Markets
Q4-08,2007-02-02,7.3,02-28-2008,RBC Capital Markets
Q4-08,2007-03-08,7.3,02-28-2008,RBC Capital Markets
Q4-08,2007-04-11,7.3,02-28-2008,RBC Capital Markets
Q4-08,2007-05-04,7.1,02-28-2008,RBC Capital Markets
Q4-08,2007-06-01,7.1,02-28-2008,RBC Capital Markets
Q4-08,2007-07-09,7.1,02-28-2008,RBC Capital Markets
Q4-08,2007-08-02,7.1,02-28-2008,RBC Capital Markets
Q4-08,2007-09-14,7.1,02-28-2008,RBC Capital Markets
Q4-08,2007-09-21,7.1,02-28-2008,RBC Capital Markets
Q4-08,2007-11-13,7.1,02-28-2008,RBC Capital Markets
Q4-08,2007-12-13,7.1,02-28-2008,RBC Capital Markets
Q4-08,2008-01-21,7.1,02-28-2008,RBC Capital Markets
Q4-08,2008-02-07,6.5,02-28-2008,RBC Capital Markets
2009,2008-02-07,6.3,02-28-2008,RBC Capital Markets
Q4-15,2014-08-11,6.2,11-30-2015,RBC Capital Markets
Q4-15,2014-09-08,6.2,11-30-2015,RBC Capital Markets
Q4-15,2014-10-24,6.2,11-30-2015,RBC Capital Markets
Q4-15,2015-01-05,6.3,11-30-2015,RBC Capital Markets
Q4-15,2015-03-04,6.7,11-30-2015,RBC Capital Markets
Q4-15,2015-03-10,6.7,11-30-2015,RBC Capital Markets
Q4-15,2015-04-07,6.7,11-30-2015,RBC Capital Markets
Q4-15,2015-06-10,6.56,11-30-2015,RBC Capital Markets
Q4-15,2015-07-06,6.56,11-30-2015,RBC Capital Markets
Q4-15,2015-07-13,6.56,11-30-2015,RBC Capital Markets
Q4-15,2015-08-07,6.56,11-30-2015,RBC Capital Markets
Q4-15,2015-10-07,6.56,11-30-2015,RBC Capital Markets
Q4-15,2015-11-12,6.56,11-30-2015,RBC Capital Markets
Q1-16,2015-04-07,6.8,11-30-2015,RBC Capital Markets
Q1-16,2015-06-10,6.7,11-30-2015,RBC Capital Markets
Q1-16,2015-07-06,6.7,11-30-2015,RBC Capital Markets
Q1-16,2015-07-13,6.7,11-30-2015,RBC Capital Markets
Q1-16,2015-08-07,6.7,11-30-2015,RBC Capital Markets
Q1-16,2015-10-07,6.7,11-30-2015,RBC Capital Markets
Q1-16,2015-11-12,6.7,11-30-2015,RBC Capital Markets
Q2-16,2015-06-10,6.8,11-30-2015,RBC Capital Markets
Q2-16,2015-07-06,6.8,11-30-2015,RBC Capital Markets
Q2-16,2015-07-13,6.8,11-30-2015,RBC Capital Markets
Q2-16,2015-08-07,6.8,11-30-2015,RBC Capital Markets
Q2-16,2015-10-07,6.8,11-30-2015,RBC Capital Markets
Q2-16,2015-11-12,6.8,11-30-2015,RBC Capital Markets
Q3-16,2015-10-07,6.9,11-30-2015,RBC Capital Markets
Q3-16,2015-11-12,6.9,11-30-2015,RBC Capital Markets
2016,2015-01-05,6.4,11-30-2015,RBC Capital Markets
2016,2015-03-04,7.0,11-30-2015,RBC Capital Markets
2016,2015-03-10,7.0,11-30-2015,RBC Capital Markets
2016,2015-04-07,7.0,11-30-2015,RBC Capital Markets
2016,2015-06-10,6.95,11-30-2015,RBC Capital Markets
2016,2015-07-06,6.95,11-30-2015,RBC Capital Markets
2016,2015-07-13,6.95,11-30-2015,RBC Capital Markets
2016,2015-08-07,6.95,11-30-2015,RBC Capital Markets
2016,2015-10-07,6.95,11-30-2015,RBC Capital Markets
2016,2015-11-12,6.95,11-30-2015,RBC Capital Markets
