period,change_date,change,file,company
Q2-07,2006-06-08,7.53,05-31-2007,Scotiabank
Q2-07,2006-06-29,7.36,05-31-2007,Scotiabank
Q2-07,2006-07-13,7.36,05-31-2007,Scotiabank
Q2-07,2006-08-03,7.36,05-31-2007,Scotiabank
Q2-07,2006-11-20,7.5,05-31-2007,Scotiabank
Q2-07,2006-12-14,7.57,05-31-2007,Scotiabank
Q2-07,2007-01-09,7.57,05-31-2007,Scotiabank
Q2-07,2007-02-02,7.58,05-31-2007,Scotiabank
Q2-07,2007-02-22,7.58,05-31-2007,Scotiabank
Q2-07,2007-03-15,7.58,05-31-2007,Scotiabank
Q2-07,2007-03-22,7.58,05-31-2007,Scotiabank
Q2-07,2007-04-13,7.6,05-31-2007,Scotiabank
Q2-07,2007-04-20,7.6,05-31-2007,Scotiabank
Q2-07,2007-05-03,7.61,05-31-2007,Scotiabank
Q2-07,2007-05-25,7.61,05-31-2007,Scotiabank
Q3-07,2006-11-20,7.4,05-31-2007,Scotiabank
Q3-07,2006-12-14,7.46,05-31-2007,Scotiabank
Q3-07,2007-01-09,7.46,05-31-2007,Scotiabank
Q3-07,2007-02-02,7.46,05-31-2007,Scotiabank
Q3-07,2007-02-22,7.46,05-31-2007,Scotiabank
Q3-07,2007-03-15,7.46,05-31-2007,Scotiabank
Q3-07,2007-03-22,7.47,05-31-2007,Scotiabank
Q3-07,2007-04-13,7.47,05-31-2007,Scotiabank
Q3-07,2007-04-20,7.47,05-31-2007,Scotiabank
Q3-07,2007-05-03,7.47,05-31-2007,Scotiabank
Q3-07,2007-05-25,7.47,05-31-2007,Scotiabank
Q4-07,2006-06-08,7.3,05-31-2007,Scotiabank
Q4-07,2006-06-29,7.3,05-31-2007,Scotiabank
Q4-07,2006-07-13,7.3,05-31-2007,Scotiabank
Q4-07,2006-08-03,7.3,05-31-2007,Scotiabank
Q4-07,2006-11-20,7.3,05-31-2007,Scotiabank
Q4-07,2006-12-14,7.35,05-31-2007,Scotiabank
Q4-07,2007-01-09,7.35,05-31-2007,Scotiabank
Q4-07,2007-02-02,7.35,05-31-2007,Scotiabank
Q4-07,2007-02-22,7.35,05-31-2007,Scotiabank
Q4-07,2007-03-15,7.35,05-31-2007,Scotiabank
Q4-07,2007-03-22,7.35,05-31-2007,Scotiabank
Q4-07,2007-04-13,7.35,05-31-2007,Scotiabank
Q4-07,2007-04-20,7.35,05-31-2007,Scotiabank
Q4-07,2007-05-03,7.35,05-31-2007,Scotiabank
Q4-07,2007-05-25,7.35,05-31-2007,Scotiabank
Q1-08,2007-03-15,7.25,05-31-2007,Scotiabank
Q1-08,2007-03-22,7.25,05-31-2007,Scotiabank
Q1-08,2007-04-13,7.25,05-31-2007,Scotiabank
Q1-08,2007-04-20,7.25,05-31-2007,Scotiabank
Q1-08,2007-05-03,7.2,05-31-2007,Scotiabank
Q1-08,2007-05-25,7.2,05-31-2007,Scotiabank
2008,2007-01-09,6.95,05-31-2007,Scotiabank
2008,2007-02-02,6.95,05-31-2007,Scotiabank
2008,2007-02-22,6.95,05-31-2007,Scotiabank
2008,2007-03-15,6.95,05-31-2007,Scotiabank
2008,2007-03-22,6.95,05-31-2007,Scotiabank
2008,2007-04-13,6.95,05-31-2007,Scotiabank
2008,2007-04-20,6.95,05-31-2007,Scotiabank
2008,2007-05-03,6.75,05-31-2007,Scotiabank
2008,2007-05-25,6.75,05-31-2007,Scotiabank
Q2-11,2010-05-03,6.2,05-31-2011,Scotiabank
Q2-11,2010-06-02,6.29,05-31-2011,Scotiabank
Q2-11,2010-07-08,6.4,05-31-2011,Scotiabank
Q2-11,2010-08-17,6.4,05-31-2011,Scotiabank
Q2-11,2010-09-02,6.62,05-31-2011,Scotiabank
Q2-11,2010-10-11,6.3,05-31-2011,Scotiabank
Q2-11,2010-11-04,6.3,05-31-2011,Scotiabank
Q2-11,2010-12-06,6.3,05-31-2011,Scotiabank
Q2-11,2011-01-06,6.35,05-31-2011,Scotiabank
Q2-11,2011-02-03,6.37,05-31-2011,Scotiabank
Q2-11,2011-02-11,6.37,05-31-2011,Scotiabank
Q2-11,2011-03-03,6.38,05-31-2011,Scotiabank
Q2-11,2011-04-04,6.4,05-31-2011,Scotiabank
Q2-11,2011-04-29,6.4,05-31-2011,Scotiabank
Q3-11,2010-05-03,6.1,05-31-2011,Scotiabank
Q3-11,2010-06-02,6.14,05-31-2011,Scotiabank
Q3-11,2010-08-17,6.3,05-31-2011,Scotiabank
Q3-11,2010-10-11,6.2,05-31-2011,Scotiabank
Q3-11,2010-11-04,6.2,05-31-2011,Scotiabank
Q3-11,2010-12-06,6.2,05-31-2011,Scotiabank
Q3-11,2011-01-06,6.22,05-31-2011,Scotiabank
Q3-11,2011-02-03,6.23,05-31-2011,Scotiabank
Q3-11,2011-02-11,6.23,05-31-2011,Scotiabank
Q3-11,2011-03-03,6.24,05-31-2011,Scotiabank
Q3-11,2011-04-04,6.25,05-31-2011,Scotiabank
Q3-11,2011-04-29,6.25,05-31-2011,Scotiabank
Q4-11,2009-12-04,6.0,05-31-2011,Scotiabank
Q4-11,2009-12-17,6.0,05-31-2011,Scotiabank
Q4-11,2010-01-08,6.0,05-31-2011,Scotiabank
Q4-11,2010-02-01,6.0,05-31-2011,Scotiabank
Q4-11,2010-03-04,6.0,05-31-2011,Scotiabank
Q4-11,2010-04-01,6.0,05-31-2011,Scotiabank
Q4-11,2010-05-03,6.0,05-31-2011,Scotiabank
Q4-11,2010-06-02,6.0,05-31-2011,Scotiabank
Q4-11,2010-07-08,6.2,05-31-2011,Scotiabank
Q4-11,2010-08-17,6.2,05-31-2011,Scotiabank
Q4-11,2010-09-02,6.5,05-31-2011,Scotiabank
Q4-11,2010-10-11,6.1,05-31-2011,Scotiabank
Q4-11,2010-11-04,6.1,05-31-2011,Scotiabank
Q4-11,2010-12-06,6.1,05-31-2011,Scotiabank
Q4-11,2011-01-06,6.1,05-31-2011,Scotiabank
Q4-11,2011-02-03,5.75,05-31-2011,Scotiabank
Q4-11,2011-02-11,6.1,05-31-2011,Scotiabank
Q4-11,2011-03-03,6.1,05-31-2011,Scotiabank
Q4-11,2011-04-04,6.1,05-31-2011,Scotiabank
Q4-11,2011-04-29,6.1,05-31-2011,Scotiabank
Q1-12,2011-03-03,6.01,05-31-2011,Scotiabank
Q1-12,2011-04-04,6.01,05-31-2011,Scotiabank
Q1-12,2011-04-29,6.01,05-31-2011,Scotiabank
2012,2011-01-06,5.75,05-31-2011,Scotiabank
2012,2011-02-11,5.75,05-31-2011,Scotiabank
2012,2011-03-03,5.75,05-31-2011,Scotiabank
2012,2011-04-04,5.75,05-31-2011,Scotiabank
2012,2011-04-29,5.75,05-31-2011,Scotiabank
Q3-20,2019-09-11,6.7,08-31-2020,Scotiabank
Q3-20,2019-10-15,6.8,08-31-2020,Scotiabank
Q3-20,2019-11-21,6.7,08-31-2020,Scotiabank
Q3-20,2020-01-03,6.7,08-31-2020,Scotiabank
Q3-20,2020-02-10,6.7,08-31-2020,Scotiabank
Q3-20,2020-03-18,6.7,08-31-2020,Scotiabank
Q3-20,2020-05-12,6.9,08-31-2020,Scotiabank
Q3-20,2020-06-11,7.1,08-31-2020,Scotiabank
Q3-20,2020-07-16,7.1,08-31-2020,Scotiabank
Q4-20,2018-10-15,6.5,08-31-2020,Scotiabank
Q4-20,2018-12-10,6.5,08-31-2020,Scotiabank
Q4-20,2019-01-14,6.5,08-31-2020,Scotiabank
Q4-20,2019-03-11,6.5,08-31-2020,Scotiabank
Q4-20,2019-04-23,6.5,08-31-2020,Scotiabank
Q4-20,2019-06-10,6.5,08-31-2020,Scotiabank
Q4-20,2019-07-18,6.5,08-31-2020,Scotiabank
Q4-20,2019-09-11,6.7,08-31-2020,Scotiabank
Q4-20,2019-10-15,6.7,08-31-2020,Scotiabank
Q4-20,2019-11-21,6.7,08-31-2020,Scotiabank
Q4-20,2020-01-03,6.7,08-31-2020,Scotiabank
Q4-20,2020-02-10,6.7,08-31-2020,Scotiabank
Q4-20,2020-03-18,6.7,08-31-2020,Scotiabank
Q4-20,2020-05-12,6.8,08-31-2020,Scotiabank
Q4-20,2020-06-11,7.1,08-31-2020,Scotiabank
Q4-20,2020-07-16,7.1,08-31-2020,Scotiabank
Q1-21,2020-03-18,6.6,08-31-2020,Scotiabank
Q1-21,2020-05-12,6.7,08-31-2020,Scotiabank
Q1-21,2020-06-11,7.0,08-31-2020,Scotiabank
Q1-21,2020-07-16,7.0,08-31-2020,Scotiabank
Q2-21,2020-06-11,7.0,08-31-2020,Scotiabank
Q2-21,2020-07-16,7.0,08-31-2020,Scotiabank
2021,2019-10-15,6.5,08-31-2020,Scotiabank
2021,2019-11-21,6.5,08-31-2020,Scotiabank
2021,2020-01-03,6.5,08-31-2020,Scotiabank
2021,2020-02-10,6.5,08-31-2020,Scotiabank
2021,2020-03-18,6.5,08-31-2020,Scotiabank
2021,2020-05-12,6.6,08-31-2020,Scotiabank
2021,2020-06-11,6.9,08-31-2020,Scotiabank
2021,2020-07-16,6.9,08-31-2020,Scotiabank
Q4-16,2014-12-02,5.9,11-30-2016,Scotiabank
Q4-16,2015-01-09,5.9,11-30-2016,Scotiabank
Q4-16,2015-02-04,6.0,11-30-2016,Scotiabank
Q4-16,2015-02-05,6.0,11-30-2016,Scotiabank
Q4-16,2015-02-26,6.0,11-30-2016,Scotiabank
Q4-16,2015-04-01,6.0,11-30-2016,Scotiabank
Q4-16,2015-05-01,6.0,11-30-2016,Scotiabank
Q4-16,2015-06-01,6.0,11-30-2016,Scotiabank
Q4-16,2015-06-26,6.0,11-30-2016,Scotiabank
Q4-16,2015-07-31,6.0,11-30-2016,Scotiabank
Q4-16,2015-09-02,6.8,11-30-2016,Scotiabank
Q4-16,2015-10-01,6.8,11-30-2016,Scotiabank
Q4-16,2015-11-02,6.8,11-30-2016,Scotiabank
Q4-16,2015-12-08,6.8,11-30-2016,Scotiabank
Q4-16,2016-01-06,6.7,11-30-2016,Scotiabank
Q4-16,2016-02-02,6.7,11-30-2016,Scotiabank
Q4-16,2016-02-08,6.7,11-30-2016,Scotiabank
Q4-16,2016-03-03,6.7,11-30-2016,Scotiabank
Q4-16,2016-04-01,6.7,11-30-2016,Scotiabank
Q4-16,2016-05-05,6.7,11-30-2016,Scotiabank
Q4-16,2016-06-01,6.7,11-30-2016,Scotiabank
Q4-16,2016-07-11,6.7,11-30-2016,Scotiabank
Q4-16,2016-08-03,6.7,11-30-2016,Scotiabank
Q4-16,2016-09-06,6.7,11-30-2016,Scotiabank
Q4-16,2016-10-18,6.7,11-30-2016,Scotiabank
Q4-16,2016-11-22,6.85,11-30-2016,Scotiabank
Q4-16,2016-11-23,6.85,11-30-2016,Scotiabank
Q4-16,2016-11-28,6.85,11-30-2016,Scotiabank
Q1-17,2015-11-02,6.8,11-30-2016,Scotiabank
Q1-17,2015-12-08,6.8,11-30-2016,Scotiabank
Q1-17,2016-01-06,6.7,11-30-2016,Scotiabank
Q1-17,2016-02-08,6.7,11-30-2016,Scotiabank
Q1-17,2016-03-03,6.7,11-30-2016,Scotiabank
Q1-17,2016-04-01,6.7,11-30-2016,Scotiabank
Q1-17,2016-05-05,6.7,11-30-2016,Scotiabank
Q1-17,2016-06-01,6.7,11-30-2016,Scotiabank
Q1-17,2016-07-11,6.7,11-30-2016,Scotiabank
Q1-17,2016-08-03,6.7,11-30-2016,Scotiabank
Q1-17,2016-09-06,6.7,11-30-2016,Scotiabank
Q1-17,2016-10-18,6.7,11-30-2016,Scotiabank
Q1-17,2016-11-22,6.9,11-30-2016,Scotiabank
Q1-17,2016-11-23,6.9,11-30-2016,Scotiabank
Q1-17,2016-11-28,6.9,11-30-2016,Scotiabank
Q2-17,2015-11-02,6.8,11-30-2016,Scotiabank
Q2-17,2015-12-08,6.8,11-30-2016,Scotiabank
Q2-17,2016-01-06,6.7,11-30-2016,Scotiabank
Q2-17,2016-02-08,6.7,11-30-2016,Scotiabank
Q2-17,2016-06-01,6.7,11-30-2016,Scotiabank
Q2-17,2016-07-11,6.75,11-30-2016,Scotiabank
Q2-17,2016-08-03,6.75,11-30-2016,Scotiabank
Q2-17,2016-09-06,6.75,11-30-2016,Scotiabank
Q2-17,2016-10-18,6.75,11-30-2016,Scotiabank
Q2-17,2016-11-22,7.0,11-30-2016,Scotiabank
Q2-17,2016-11-23,7.0,11-30-2016,Scotiabank
Q2-17,2016-11-28,7.0,11-30-2016,Scotiabank
Q3-17,2015-11-02,6.8,11-30-2016,Scotiabank
Q3-17,2015-12-08,6.8,11-30-2016,Scotiabank
Q3-17,2016-01-06,6.65,11-30-2016,Scotiabank
Q3-17,2016-02-08,6.65,11-30-2016,Scotiabank
Q3-17,2016-09-06,6.75,11-30-2016,Scotiabank
Q3-17,2016-10-18,6.75,11-30-2016,Scotiabank
Q3-17,2016-11-22,6.95,11-30-2016,Scotiabank
Q3-17,2016-11-23,6.95,11-30-2016,Scotiabank
Q3-17,2016-11-28,6.95,11-30-2016,Scotiabank
2017,2014-12-02,6.8,11-30-2016,Scotiabank
2017,2015-11-02,6.8,11-30-2016,Scotiabank
2017,2015-12-08,6.8,11-30-2016,Scotiabank
2017,2016-01-06,6.65,11-30-2016,Scotiabank
2017,2016-02-02,6.7,11-30-2016,Scotiabank
2017,2016-02-08,6.65,11-30-2016,Scotiabank
2017,2016-03-03,6.65,11-30-2016,Scotiabank
2017,2016-04-01,6.65,11-30-2016,Scotiabank
2017,2016-05-05,6.65,11-30-2016,Scotiabank
2017,2016-06-01,6.65,11-30-2016,Scotiabank
2017,2016-07-11,6.75,11-30-2016,Scotiabank
2017,2016-08-03,6.75,11-30-2016,Scotiabank
2017,2016-09-06,6.75,11-30-2016,Scotiabank
2017,2016-10-18,6.8,11-30-2016,Scotiabank
2017,2016-11-22,7.2,11-30-2016,Scotiabank
2017,2016-11-23,7.2,11-30-2016,Scotiabank
2017,2016-11-28,7.2,11-30-2016,Scotiabank
2018,2014-12-02,6.7,11-30-2016,Scotiabank
2018,2015-11-02,6.7,11-30-2016,Scotiabank
2018,2016-02-02,6.7,11-30-2016,Scotiabank
2018,2016-10-18,6.85,11-30-2016,Scotiabank
2018,2016-11-22,7.4,11-30-2016,Scotiabank
2018,2016-11-23,7.4,11-30-2016,Scotiabank
2018,2016-11-28,7.4,11-30-2016,Scotiabank
2019,2014-12-02,6.65,11-30-2016,Scotiabank
2019,2015-11-02,6.65,11-30-2016,Scotiabank
2019,2016-02-02,6.65,11-30-2016,Scotiabank
2020,2015-11-02,6.65,11-30-2016,Scotiabank
2020,2016-02-02,6.65,11-30-2016,Scotiabank
Q1-11,2010-03-04,6.3,02-28-2011,Scotiabank
Q1-11,2010-04-01,6.3,02-28-2011,Scotiabank
Q1-11,2010-05-03,6.3,02-28-2011,Scotiabank
Q1-11,2010-06-02,6.44,02-28-2011,Scotiabank
Q1-11,2010-07-08,6.5,02-28-2011,Scotiabank
Q1-11,2010-08-17,6.5,02-28-2011,Scotiabank
Q1-11,2010-09-02,6.69,02-28-2011,Scotiabank
Q1-11,2010-10-11,6.4,02-28-2011,Scotiabank
Q1-11,2010-11-04,6.4,02-28-2011,Scotiabank
Q1-11,2010-12-06,6.4,02-28-2011,Scotiabank
Q1-11,2011-01-06,6.48,02-28-2011,Scotiabank
Q1-11,2011-02-03,6.5,02-28-2011,Scotiabank
Q1-11,2011-02-11,6.5,02-28-2011,Scotiabank
Q2-11,2010-05-03,6.2,02-28-2011,Scotiabank
Q2-11,2010-06-02,6.29,02-28-2011,Scotiabank
Q2-11,2010-07-08,6.4,02-28-2011,Scotiabank
Q2-11,2010-08-17,6.4,02-28-2011,Scotiabank
Q2-11,2010-09-02,6.62,02-28-2011,Scotiabank
Q2-11,2010-10-11,6.3,02-28-2011,Scotiabank
Q2-11,2010-11-04,6.3,02-28-2011,Scotiabank
Q2-11,2010-12-06,6.3,02-28-2011,Scotiabank
Q2-11,2011-01-06,6.35,02-28-2011,Scotiabank
Q2-11,2011-02-03,6.37,02-28-2011,Scotiabank
Q2-11,2011-02-11,6.37,02-28-2011,Scotiabank
Q3-11,2010-05-03,6.1,02-28-2011,Scotiabank
Q3-11,2010-06-02,6.14,02-28-2011,Scotiabank
Q3-11,2010-08-17,6.3,02-28-2011,Scotiabank
Q3-11,2010-10-11,6.2,02-28-2011,Scotiabank
Q3-11,2010-11-04,6.2,02-28-2011,Scotiabank
Q3-11,2010-12-06,6.2,02-28-2011,Scotiabank
Q3-11,2011-01-06,6.22,02-28-2011,Scotiabank
Q3-11,2011-02-03,6.23,02-28-2011,Scotiabank
Q3-11,2011-02-11,6.23,02-28-2011,Scotiabank
Q4-11,2009-12-04,6.0,02-28-2011,Scotiabank
Q4-11,2009-12-17,6.0,02-28-2011,Scotiabank
Q4-11,2010-01-08,6.0,02-28-2011,Scotiabank
Q4-11,2010-02-01,6.0,02-28-2011,Scotiabank
Q4-11,2010-03-04,6.0,02-28-2011,Scotiabank
Q4-11,2010-04-01,6.0,02-28-2011,Scotiabank
Q4-11,2010-05-03,6.0,02-28-2011,Scotiabank
Q4-11,2010-06-02,6.0,02-28-2011,Scotiabank
Q4-11,2010-07-08,6.2,02-28-2011,Scotiabank
Q4-11,2010-08-17,6.2,02-28-2011,Scotiabank
Q4-11,2010-09-02,6.5,02-28-2011,Scotiabank
Q4-11,2010-10-11,6.1,02-28-2011,Scotiabank
Q4-11,2010-11-04,6.1,02-28-2011,Scotiabank
Q4-11,2010-12-06,6.1,02-28-2011,Scotiabank
Q4-11,2011-01-06,6.1,02-28-2011,Scotiabank
Q4-11,2011-02-03,5.75,02-28-2011,Scotiabank
Q4-11,2011-02-11,6.1,02-28-2011,Scotiabank
2012,2011-01-06,5.75,02-28-2011,Scotiabank
2012,2011-02-11,5.75,02-28-2011,Scotiabank
Q3-16,2014-10-31,5.92,08-31-2016,Scotiabank
Q3-16,2015-01-09,5.92,08-31-2016,Scotiabank
Q3-16,2015-02-04,6.03,08-31-2016,Scotiabank
Q3-16,2015-02-05,6.03,08-31-2016,Scotiabank
Q3-16,2015-02-26,6.03,08-31-2016,Scotiabank
Q3-16,2015-04-01,6.03,08-31-2016,Scotiabank
Q3-16,2015-05-01,6.03,08-31-2016,Scotiabank
Q3-16,2015-06-01,6.03,08-31-2016,Scotiabank
Q3-16,2015-06-26,6.03,08-31-2016,Scotiabank
Q3-16,2015-07-31,6.03,08-31-2016,Scotiabank
Q3-16,2015-09-02,6.75,08-31-2016,Scotiabank
Q3-16,2015-10-01,6.75,08-31-2016,Scotiabank
Q3-16,2015-11-02,6.75,08-31-2016,Scotiabank
Q3-16,2015-12-08,6.75,08-31-2016,Scotiabank
Q3-16,2016-01-06,6.65,08-31-2016,Scotiabank
Q3-16,2016-02-02,6.65,08-31-2016,Scotiabank
Q3-16,2016-02-08,6.65,08-31-2016,Scotiabank
Q3-16,2016-03-03,6.65,08-31-2016,Scotiabank
Q3-16,2016-04-01,6.65,08-31-2016,Scotiabank
Q3-16,2016-05-05,6.65,08-31-2016,Scotiabank
Q3-16,2016-06-01,6.65,08-31-2016,Scotiabank
Q3-16,2016-07-11,6.68,08-31-2016,Scotiabank
Q3-16,2016-08-03,6.68,08-31-2016,Scotiabank
Q4-16,2014-10-31,5.9,08-31-2016,Scotiabank
Q4-16,2014-12-02,5.9,08-31-2016,Scotiabank
Q4-16,2015-01-09,5.9,08-31-2016,Scotiabank
Q4-16,2015-02-04,6.0,08-31-2016,Scotiabank
Q4-16,2015-02-05,6.0,08-31-2016,Scotiabank
Q4-16,2015-02-26,6.0,08-31-2016,Scotiabank
Q4-16,2015-04-01,6.0,08-31-2016,Scotiabank
Q4-16,2015-05-01,6.0,08-31-2016,Scotiabank
Q4-16,2015-06-01,6.0,08-31-2016,Scotiabank
Q4-16,2015-06-26,6.0,08-31-2016,Scotiabank
Q4-16,2015-07-31,6.0,08-31-2016,Scotiabank
Q4-16,2015-09-02,6.8,08-31-2016,Scotiabank
Q4-16,2015-10-01,6.8,08-31-2016,Scotiabank
Q4-16,2015-11-02,6.8,08-31-2016,Scotiabank
Q4-16,2015-12-08,6.8,08-31-2016,Scotiabank
Q4-16,2016-01-06,6.7,08-31-2016,Scotiabank
Q4-16,2016-02-02,6.7,08-31-2016,Scotiabank
Q4-16,2016-02-08,6.7,08-31-2016,Scotiabank
Q4-16,2016-03-03,6.7,08-31-2016,Scotiabank
Q4-16,2016-04-01,6.7,08-31-2016,Scotiabank
Q4-16,2016-05-05,6.7,08-31-2016,Scotiabank
Q4-16,2016-06-01,6.7,08-31-2016,Scotiabank
Q4-16,2016-07-11,6.7,08-31-2016,Scotiabank
Q4-16,2016-08-03,6.7,08-31-2016,Scotiabank
Q1-17,2015-11-02,6.8,08-31-2016,Scotiabank
Q1-17,2015-12-08,6.8,08-31-2016,Scotiabank
Q1-17,2016-01-06,6.7,08-31-2016,Scotiabank
Q1-17,2016-02-08,6.7,08-31-2016,Scotiabank
Q1-17,2016-03-03,6.7,08-31-2016,Scotiabank
Q1-17,2016-04-01,6.7,08-31-2016,Scotiabank
Q1-17,2016-05-05,6.7,08-31-2016,Scotiabank
Q1-17,2016-06-01,6.7,08-31-2016,Scotiabank
Q1-17,2016-07-11,6.7,08-31-2016,Scotiabank
Q1-17,2016-08-03,6.7,08-31-2016,Scotiabank
Q2-17,2015-11-02,6.8,08-31-2016,Scotiabank
Q2-17,2015-12-08,6.8,08-31-2016,Scotiabank
Q2-17,2016-01-06,6.7,08-31-2016,Scotiabank
Q2-17,2016-02-08,6.7,08-31-2016,Scotiabank
Q2-17,2016-06-01,6.7,08-31-2016,Scotiabank
Q2-17,2016-07-11,6.75,08-31-2016,Scotiabank
Q2-17,2016-08-03,6.75,08-31-2016,Scotiabank
2017,2014-12-02,6.8,08-31-2016,Scotiabank
2017,2015-11-02,6.8,08-31-2016,Scotiabank
2017,2015-12-08,6.8,08-31-2016,Scotiabank
2017,2016-01-06,6.65,08-31-2016,Scotiabank
2017,2016-02-02,6.7,08-31-2016,Scotiabank
2017,2016-02-08,6.65,08-31-2016,Scotiabank
2017,2016-03-03,6.65,08-31-2016,Scotiabank
2017,2016-04-01,6.65,08-31-2016,Scotiabank
2017,2016-05-05,6.65,08-31-2016,Scotiabank
2017,2016-06-01,6.65,08-31-2016,Scotiabank
2017,2016-07-11,6.75,08-31-2016,Scotiabank
2017,2016-08-03,6.75,08-31-2016,Scotiabank
2018,2014-12-02,6.7,08-31-2016,Scotiabank
2018,2015-11-02,6.7,08-31-2016,Scotiabank
2018,2016-02-02,6.7,08-31-2016,Scotiabank
2019,2014-12-02,6.65,08-31-2016,Scotiabank
2019,2015-11-02,6.65,08-31-2016,Scotiabank
2019,2016-02-02,6.65,08-31-2016,Scotiabank
2020,2015-11-02,6.65,08-31-2016,Scotiabank
2020,2016-02-02,6.65,08-31-2016,Scotiabank
Q4-20,2018-12-10,6.5,11-30-2020,Scotiabank
Q4-20,2019-01-14,6.5,11-30-2020,Scotiabank
Q4-20,2019-03-11,6.5,11-30-2020,Scotiabank
Q4-20,2019-04-23,6.5,11-30-2020,Scotiabank
Q4-20,2019-06-10,6.5,11-30-2020,Scotiabank
Q4-20,2019-07-18,6.5,11-30-2020,Scotiabank
Q4-20,2019-09-11,6.7,11-30-2020,Scotiabank
Q4-20,2019-10-15,6.7,11-30-2020,Scotiabank
Q4-20,2019-11-21,6.7,11-30-2020,Scotiabank
Q4-20,2020-01-03,6.7,11-30-2020,Scotiabank
Q4-20,2020-02-10,6.7,11-30-2020,Scotiabank
Q4-20,2020-03-18,6.7,11-30-2020,Scotiabank
Q4-20,2020-05-12,6.8,11-30-2020,Scotiabank
Q4-20,2020-06-11,7.1,11-30-2020,Scotiabank
Q4-20,2020-07-16,7.1,11-30-2020,Scotiabank
Q1-21,2020-03-18,6.6,11-30-2020,Scotiabank
Q1-21,2020-05-12,6.7,11-30-2020,Scotiabank
Q1-21,2020-06-11,7.0,11-30-2020,Scotiabank
Q1-21,2020-07-16,7.0,11-30-2020,Scotiabank
Q2-21,2020-06-11,7.0,11-30-2020,Scotiabank
Q2-21,2020-07-16,7.0,11-30-2020,Scotiabank
2021,2019-10-15,6.5,11-30-2020,Scotiabank
2021,2019-11-21,6.5,11-30-2020,Scotiabank
2021,2020-01-03,6.5,11-30-2020,Scotiabank
2021,2020-02-10,6.5,11-30-2020,Scotiabank
2021,2020-03-18,6.5,11-30-2020,Scotiabank
2021,2020-05-12,6.6,11-30-2020,Scotiabank
2021,2020-06-11,6.9,11-30-2020,Scotiabank
2021,2020-07-16,6.9,11-30-2020,Scotiabank
Q1-07,2006-06-08,7.53,02-28-2007,Scotiabank
Q1-07,2006-06-29,7.53,02-28-2007,Scotiabank
Q1-07,2006-07-13,7.53,02-28-2007,Scotiabank
Q1-07,2006-08-03,7.53,02-28-2007,Scotiabank
Q1-07,2006-11-20,7.6,02-28-2007,Scotiabank
Q1-07,2006-12-14,7.68,02-28-2007,Scotiabank
Q1-07,2007-01-09,7.69,02-28-2007,Scotiabank
Q1-07,2007-02-02,7.7,02-28-2007,Scotiabank
Q1-07,2007-02-22,7.7,02-28-2007,Scotiabank
Q2-07,2006-06-08,7.53,02-28-2007,Scotiabank
Q2-07,2006-06-29,7.36,02-28-2007,Scotiabank
Q2-07,2006-07-13,7.36,02-28-2007,Scotiabank
Q2-07,2006-08-03,7.36,02-28-2007,Scotiabank
Q2-07,2006-11-20,7.5,02-28-2007,Scotiabank
Q2-07,2006-12-14,7.57,02-28-2007,Scotiabank
Q2-07,2007-01-09,7.57,02-28-2007,Scotiabank
Q2-07,2007-02-02,7.58,02-28-2007,Scotiabank
Q2-07,2007-02-22,7.58,02-28-2007,Scotiabank
Q3-07,2006-11-20,7.4,02-28-2007,Scotiabank
Q3-07,2006-12-14,7.46,02-28-2007,Scotiabank
Q3-07,2007-01-09,7.46,02-28-2007,Scotiabank
Q3-07,2007-02-02,7.46,02-28-2007,Scotiabank
Q3-07,2007-02-22,7.46,02-28-2007,Scotiabank
Q4-07,2006-06-08,7.3,02-28-2007,Scotiabank
Q4-07,2006-06-29,7.3,02-28-2007,Scotiabank
Q4-07,2006-07-13,7.3,02-28-2007,Scotiabank
Q4-07,2006-08-03,7.3,02-28-2007,Scotiabank
Q4-07,2006-11-20,7.3,02-28-2007,Scotiabank
Q4-07,2006-12-14,7.35,02-28-2007,Scotiabank
Q4-07,2007-01-09,7.35,02-28-2007,Scotiabank
Q4-07,2007-02-02,7.35,02-28-2007,Scotiabank
Q4-07,2007-02-22,7.35,02-28-2007,Scotiabank
2008,2007-01-09,6.95,02-28-2007,Scotiabank
2008,2007-02-02,6.95,02-28-2007,Scotiabank
2008,2007-02-22,6.95,02-28-2007,Scotiabank
Q4-21,2020-01-03,6.5,11-30-2021,Scotiabank
Q4-21,2020-02-10,6.5,11-30-2021,Scotiabank
Q4-21,2020-03-18,6.5,11-30-2021,Scotiabank
Q4-21,2020-05-12,6.6,11-30-2021,Scotiabank
Q4-21,2020-06-11,6.9,11-30-2021,Scotiabank
Q4-21,2020-07-16,6.9,11-30-2021,Scotiabank
Q4-21,2020-12-02,6.5,11-30-2021,Scotiabank
Q4-21,2021-01-21,6.2,11-30-2021,Scotiabank
Q4-21,2021-03-18,6.4,11-30-2021,Scotiabank
Q4-21,2021-05-28,6.4,11-30-2021,Scotiabank
Q4-21,2021-08-02,6.4,11-30-2021,Scotiabank
Q4-21,2021-09-16,6.4,11-30-2021,Scotiabank
Q4-21,2021-10-28,6.4,11-30-2021,Scotiabank
Q1-22,2021-03-18,6.5,11-30-2021,Scotiabank
Q1-22,2021-05-28,6.5,11-30-2021,Scotiabank
Q1-22,2021-08-02,6.3,11-30-2021,Scotiabank
Q1-22,2021-09-16,6.3,11-30-2021,Scotiabank
Q1-22,2021-10-28,6.3,11-30-2021,Scotiabank
Q2-22,2021-05-28,6.5,11-30-2021,Scotiabank
Q2-22,2021-08-02,6.3,11-30-2021,Scotiabank
Q2-22,2021-09-16,6.3,11-30-2021,Scotiabank
Q2-22,2021-10-28,6.4,11-30-2021,Scotiabank
Q3-22,2021-09-16,6.2,11-30-2021,Scotiabank
Q3-22,2021-10-28,6.5,11-30-2021,Scotiabank
2022,2020-12-02,6.3,11-30-2021,Scotiabank
2022,2021-01-21,6.2,11-30-2021,Scotiabank
2022,2021-03-18,6.6,11-30-2021,Scotiabank
2022,2021-05-28,6.6,11-30-2021,Scotiabank
2022,2021-08-02,6.2,11-30-2021,Scotiabank
2022,2021-09-16,6.2,11-30-2021,Scotiabank
2022,2021-10-28,6.3,11-30-2021,Scotiabank
2023,2021-10-28,6.1,11-30-2021,Scotiabank
Q3-17,2015-11-02,6.8,08-31-2017,Scotiabank
Q3-17,2015-12-08,6.8,08-31-2017,Scotiabank
Q3-17,2016-01-06,6.65,08-31-2017,Scotiabank
Q3-17,2016-02-08,6.65,08-31-2017,Scotiabank
Q3-17,2016-09-06,6.75,08-31-2017,Scotiabank
Q3-17,2016-10-18,6.75,08-31-2017,Scotiabank
Q3-17,2016-11-22,6.95,08-31-2017,Scotiabank
Q3-17,2016-11-23,6.95,08-31-2017,Scotiabank
Q3-17,2016-11-28,6.95,08-31-2017,Scotiabank
Q3-17,2016-12-02,6.95,08-31-2017,Scotiabank
Q3-17,2017-01-17,7.2,08-31-2017,Scotiabank
Q3-17,2017-03-07,7.0,08-31-2017,Scotiabank
Q3-17,2017-04-12,7.0,08-31-2017,Scotiabank
Q3-17,2017-05-02,7.0,08-31-2017,Scotiabank
Q3-17,2017-06-01,6.95,08-31-2017,Scotiabank
Q3-17,2017-06-21,6.95,08-31-2017,Scotiabank
Q4-17,2015-11-02,6.8,08-31-2017,Scotiabank
Q4-17,2015-12-08,6.8,08-31-2017,Scotiabank
Q4-17,2016-01-06,6.65,08-31-2017,Scotiabank
Q4-17,2016-02-02,6.7,08-31-2017,Scotiabank
Q4-17,2016-02-08,6.65,08-31-2017,Scotiabank
Q4-17,2016-03-03,6.65,08-31-2017,Scotiabank
Q4-17,2016-04-01,6.65,08-31-2017,Scotiabank
Q4-17,2016-05-05,6.65,08-31-2017,Scotiabank
Q4-17,2016-06-01,6.65,08-31-2017,Scotiabank
Q4-17,2016-07-11,6.75,08-31-2017,Scotiabank
Q4-17,2016-08-03,6.75,08-31-2017,Scotiabank
Q4-17,2016-09-06,6.75,08-31-2017,Scotiabank
Q4-17,2016-10-18,6.8,08-31-2017,Scotiabank
Q4-17,2016-11-22,7.2,08-31-2017,Scotiabank
Q4-17,2016-11-23,7.2,08-31-2017,Scotiabank
Q4-17,2016-11-28,7.2,08-31-2017,Scotiabank
Q4-17,2016-12-02,7.2,08-31-2017,Scotiabank
Q4-17,2017-01-17,7.3,08-31-2017,Scotiabank
Q4-17,2017-03-07,7.1,08-31-2017,Scotiabank
Q4-17,2017-04-12,7.1,08-31-2017,Scotiabank
Q4-17,2017-05-02,7.1,08-31-2017,Scotiabank
Q4-17,2017-06-01,7.0,08-31-2017,Scotiabank
Q4-17,2017-06-21,7.0,08-31-2017,Scotiabank
Q1-18,2017-03-07,7.05,08-31-2017,Scotiabank
Q1-18,2017-04-12,7.05,08-31-2017,Scotiabank
Q1-18,2017-05-02,7.05,08-31-2017,Scotiabank
Q1-18,2017-06-01,6.95,08-31-2017,Scotiabank
Q1-18,2017-06-21,6.95,08-31-2017,Scotiabank
Q2-18,2017-06-01,6.95,08-31-2017,Scotiabank
Q2-18,2017-06-21,6.95,08-31-2017,Scotiabank
2018,2015-11-02,6.7,08-31-2017,Scotiabank
2018,2016-02-02,6.7,08-31-2017,Scotiabank
2018,2016-10-18,6.85,08-31-2017,Scotiabank
2018,2016-11-22,7.4,08-31-2017,Scotiabank
2018,2016-11-23,7.4,08-31-2017,Scotiabank
2018,2016-11-28,7.4,08-31-2017,Scotiabank
2018,2016-12-02,7.4,08-31-2017,Scotiabank
2018,2017-01-17,7.4,08-31-2017,Scotiabank
2018,2017-03-07,6.95,08-31-2017,Scotiabank
2018,2017-04-12,6.95,08-31-2017,Scotiabank
2018,2017-05-02,6.95,08-31-2017,Scotiabank
2018,2017-06-01,6.9,08-31-2017,Scotiabank
2018,2017-06-21,6.9,08-31-2017,Scotiabank
2019,2015-11-02,6.65,08-31-2017,Scotiabank
2019,2016-02-02,6.65,08-31-2017,Scotiabank
2020,2015-11-02,6.65,08-31-2017,Scotiabank
2020,2016-02-02,6.65,08-31-2017,Scotiabank
Q1-10,2009-04-08,6.63,02-28-2010,Scotiabank
Q1-10,2009-05-07,6.63,02-28-2010,Scotiabank
Q1-10,2009-06-05,6.63,02-28-2010,Scotiabank
Q1-10,2009-07-08,6.63,02-28-2010,Scotiabank
Q1-10,2009-08-06,6.63,02-28-2010,Scotiabank
Q1-10,2009-08-14,6.63,02-28-2010,Scotiabank
Q1-10,2009-08-27,6.63,02-28-2010,Scotiabank
Q1-10,2009-08-28,6.63,02-28-2010,Scotiabank
Q1-10,2009-09-09,6.63,02-28-2010,Scotiabank
Q1-10,2009-09-17,6.63,02-28-2010,Scotiabank
Q1-10,2009-09-24,6.63,02-28-2010,Scotiabank
Q1-10,2009-10-01,6.63,02-28-2010,Scotiabank
Q1-10,2009-10-02,6.63,02-28-2010,Scotiabank
Q1-10,2009-10-20,6.63,02-28-2010,Scotiabank
Q1-10,2009-10-30,6.63,02-28-2010,Scotiabank
Q1-10,2009-11-09,6.67,02-28-2010,Scotiabank
Q1-10,2009-11-20,6.67,02-28-2010,Scotiabank
Q1-10,2009-11-25,6.67,02-28-2010,Scotiabank
Q1-10,2009-12-04,6.7,02-28-2010,Scotiabank
Q1-10,2009-12-17,6.7,02-28-2010,Scotiabank
Q1-10,2010-01-08,6.72,02-28-2010,Scotiabank
Q1-10,2010-02-01,6.75,02-28-2010,Scotiabank
Q2-10,2009-04-08,6.52,02-28-2010,Scotiabank
Q2-10,2009-05-07,6.52,02-28-2010,Scotiabank
Q2-10,2009-06-05,6.52,02-28-2010,Scotiabank
Q2-10,2009-07-08,6.52,02-28-2010,Scotiabank
Q2-10,2009-08-06,6.52,02-28-2010,Scotiabank
Q2-10,2009-08-14,6.52,02-28-2010,Scotiabank
Q2-10,2009-08-27,6.52,02-28-2010,Scotiabank
Q2-10,2009-08-28,6.52,02-28-2010,Scotiabank
Q2-10,2009-09-09,6.52,02-28-2010,Scotiabank
Q2-10,2009-09-17,6.52,02-28-2010,Scotiabank
Q2-10,2009-09-24,6.52,02-28-2010,Scotiabank
Q2-10,2009-10-01,6.52,02-28-2010,Scotiabank
Q2-10,2009-10-02,6.52,02-28-2010,Scotiabank
Q2-10,2009-10-20,6.52,02-28-2010,Scotiabank
Q2-10,2009-10-30,6.52,02-28-2010,Scotiabank
Q2-10,2009-11-09,6.55,02-28-2010,Scotiabank
Q2-10,2009-11-20,6.55,02-28-2010,Scotiabank
Q2-10,2009-11-25,6.55,02-28-2010,Scotiabank
Q2-10,2009-12-04,6.6,02-28-2010,Scotiabank
Q2-10,2009-12-17,6.6,02-28-2010,Scotiabank
Q2-10,2010-01-08,6.61,02-28-2010,Scotiabank
Q2-10,2010-02-01,6.63,02-28-2010,Scotiabank
Q3-10,2009-04-08,6.41,02-28-2010,Scotiabank
Q3-10,2009-05-07,6.41,02-28-2010,Scotiabank
Q3-10,2009-06-05,6.41,02-28-2010,Scotiabank
Q3-10,2009-07-08,6.41,02-28-2010,Scotiabank
Q3-10,2009-08-06,6.41,02-28-2010,Scotiabank
Q3-10,2009-08-14,6.41,02-28-2010,Scotiabank
Q3-10,2009-08-27,6.41,02-28-2010,Scotiabank
Q3-10,2009-08-28,6.41,02-28-2010,Scotiabank
Q3-10,2009-09-09,6.41,02-28-2010,Scotiabank
Q3-10,2009-09-17,6.41,02-28-2010,Scotiabank
Q3-10,2009-09-24,6.41,02-28-2010,Scotiabank
Q3-10,2009-10-01,6.41,02-28-2010,Scotiabank
Q3-10,2009-10-02,6.41,02-28-2010,Scotiabank
Q3-10,2009-10-20,6.41,02-28-2010,Scotiabank
Q3-10,2009-10-30,6.41,02-28-2010,Scotiabank
Q3-10,2009-11-09,6.42,02-28-2010,Scotiabank
Q3-10,2009-11-20,6.42,02-28-2010,Scotiabank
Q3-10,2009-11-25,6.42,02-28-2010,Scotiabank
Q3-10,2009-12-04,6.5,02-28-2010,Scotiabank
Q3-10,2009-12-17,6.5,02-28-2010,Scotiabank
Q3-10,2010-01-08,6.5,02-28-2010,Scotiabank
Q3-10,2010-02-01,6.51,02-28-2010,Scotiabank
Q4-10,2008-12-17,6.3,02-28-2010,Scotiabank
Q4-10,2009-02-11,6.3,02-28-2010,Scotiabank
Q4-10,2009-02-19,6.3,02-28-2010,Scotiabank
Q4-10,2009-03-13,6.3,02-28-2010,Scotiabank
Q4-10,2009-03-19,6.3,02-28-2010,Scotiabank
Q4-10,2009-04-08,6.3,02-28-2010,Scotiabank
Q4-10,2009-05-07,6.3,02-28-2010,Scotiabank
Q4-10,2009-06-05,6.3,02-28-2010,Scotiabank
Q4-10,2009-07-08,6.3,02-28-2010,Scotiabank
Q4-10,2009-08-06,6.3,02-28-2010,Scotiabank
Q4-10,2009-08-14,6.3,02-28-2010,Scotiabank
Q4-10,2009-08-27,6.3,02-28-2010,Scotiabank
Q4-10,2009-08-28,6.3,02-28-2010,Scotiabank
Q4-10,2009-09-09,6.3,02-28-2010,Scotiabank
Q4-10,2009-09-17,6.3,02-28-2010,Scotiabank
Q4-10,2009-09-24,6.3,02-28-2010,Scotiabank
Q4-10,2009-10-01,6.3,02-28-2010,Scotiabank
Q4-10,2009-10-02,6.3,02-28-2010,Scotiabank
Q4-10,2009-10-20,6.3,02-28-2010,Scotiabank
Q4-10,2009-10-30,6.3,02-28-2010,Scotiabank
Q4-10,2009-11-09,6.3,02-28-2010,Scotiabank
Q4-10,2009-11-20,6.3,02-28-2010,Scotiabank
Q4-10,2009-11-25,6.3,02-28-2010,Scotiabank
Q4-10,2009-12-04,6.4,02-28-2010,Scotiabank
Q4-10,2009-12-17,6.4,02-28-2010,Scotiabank
Q4-10,2010-01-08,6.4,02-28-2010,Scotiabank
Q4-10,2010-02-01,6.4,02-28-2010,Scotiabank
2011,2009-01-09,6.3,02-28-2010,Scotiabank
2011,2009-12-04,6.0,02-28-2010,Scotiabank
2011,2009-12-17,6.0,02-28-2010,Scotiabank
2011,2010-01-08,6.0,02-28-2010,Scotiabank
2011,2010-02-01,6.0,02-28-2010,Scotiabank
Q4-17,2015-12-08,6.8,11-30-2017,Scotiabank
Q4-17,2016-01-06,6.65,11-30-2017,Scotiabank
Q4-17,2016-02-02,6.7,11-30-2017,Scotiabank
Q4-17,2016-02-08,6.65,11-30-2017,Scotiabank
Q4-17,2016-03-03,6.65,11-30-2017,Scotiabank
Q4-17,2016-04-01,6.65,11-30-2017,Scotiabank
Q4-17,2016-05-05,6.65,11-30-2017,Scotiabank
Q4-17,2016-06-01,6.65,11-30-2017,Scotiabank
Q4-17,2016-07-11,6.75,11-30-2017,Scotiabank
Q4-17,2016-08-03,6.75,11-30-2017,Scotiabank
Q4-17,2016-09-06,6.75,11-30-2017,Scotiabank
Q4-17,2016-10-18,6.8,11-30-2017,Scotiabank
Q4-17,2016-11-22,7.2,11-30-2017,Scotiabank
Q4-17,2016-11-23,7.2,11-30-2017,Scotiabank
Q4-17,2016-11-28,7.2,11-30-2017,Scotiabank
Q4-17,2016-12-02,7.2,11-30-2017,Scotiabank
Q4-17,2017-01-17,7.3,11-30-2017,Scotiabank
Q4-17,2017-03-07,7.1,11-30-2017,Scotiabank
Q4-17,2017-04-12,7.1,11-30-2017,Scotiabank
Q4-17,2017-05-02,7.1,11-30-2017,Scotiabank
Q4-17,2017-06-01,7.0,11-30-2017,Scotiabank
Q4-17,2017-06-21,7.0,11-30-2017,Scotiabank
Q4-17,2017-09-08,6.5,11-30-2017,Scotiabank
Q4-17,2017-10-06,6.6,11-30-2017,Scotiabank
Q4-17,2017-11-06,6.6,11-30-2017,Scotiabank
Q1-18,2017-03-07,7.05,11-30-2017,Scotiabank
Q1-18,2017-04-12,7.05,11-30-2017,Scotiabank
Q1-18,2017-05-02,7.05,11-30-2017,Scotiabank
Q1-18,2017-06-01,6.95,11-30-2017,Scotiabank
Q1-18,2017-06-21,6.95,11-30-2017,Scotiabank
Q1-18,2017-09-08,6.45,11-30-2017,Scotiabank
Q1-18,2017-10-06,6.55,11-30-2017,Scotiabank
Q1-18,2017-11-06,6.55,11-30-2017,Scotiabank
Q2-18,2017-06-01,6.95,11-30-2017,Scotiabank
Q2-18,2017-06-21,6.95,11-30-2017,Scotiabank
Q2-18,2017-09-08,6.4,11-30-2017,Scotiabank
Q2-18,2017-10-06,6.55,11-30-2017,Scotiabank
Q2-18,2017-11-06,6.55,11-30-2017,Scotiabank
Q3-18,2017-09-08,6.35,11-30-2017,Scotiabank
Q3-18,2017-10-06,6.5,11-30-2017,Scotiabank
Q3-18,2017-11-06,6.5,11-30-2017,Scotiabank
2018,2016-02-02,6.7,11-30-2017,Scotiabank
2018,2016-10-18,6.85,11-30-2017,Scotiabank
2018,2016-11-22,7.4,11-30-2017,Scotiabank
2018,2016-11-23,7.4,11-30-2017,Scotiabank
2018,2016-11-28,7.4,11-30-2017,Scotiabank
2018,2016-12-02,7.4,11-30-2017,Scotiabank
2018,2017-01-17,7.4,11-30-2017,Scotiabank
2018,2017-03-07,6.95,11-30-2017,Scotiabank
2018,2017-04-12,6.95,11-30-2017,Scotiabank
2018,2017-05-02,6.95,11-30-2017,Scotiabank
2018,2017-06-01,6.9,11-30-2017,Scotiabank
2018,2017-06-21,6.9,11-30-2017,Scotiabank
2018,2017-09-08,6.3,11-30-2017,Scotiabank
2018,2017-10-06,6.5,11-30-2017,Scotiabank
2018,2017-11-06,6.5,11-30-2017,Scotiabank
2019,2016-02-02,6.65,11-30-2017,Scotiabank
2019,2017-10-06,6.4,11-30-2017,Scotiabank
2019,2017-11-06,6.4,11-30-2017,Scotiabank
2020,2016-02-02,6.65,11-30-2017,Scotiabank
Q3-21,2020-12-02,6.5,08-31-2021,Scotiabank
Q3-21,2021-01-21,6.2,08-31-2021,Scotiabank
Q3-21,2021-03-18,6.4,08-31-2021,Scotiabank
Q3-21,2021-05-28,6.4,08-31-2021,Scotiabank
Q3-21,2021-08-02,6.4,08-31-2021,Scotiabank
Q4-21,2019-10-15,6.5,08-31-2021,Scotiabank
Q4-21,2019-11-21,6.5,08-31-2021,Scotiabank
Q4-21,2020-01-03,6.5,08-31-2021,Scotiabank
Q4-21,2020-02-10,6.5,08-31-2021,Scotiabank
Q4-21,2020-03-18,6.5,08-31-2021,Scotiabank
Q4-21,2020-05-12,6.6,08-31-2021,Scotiabank
Q4-21,2020-06-11,6.9,08-31-2021,Scotiabank
Q4-21,2020-07-16,6.9,08-31-2021,Scotiabank
Q4-21,2020-12-02,6.5,08-31-2021,Scotiabank
Q4-21,2021-01-21,6.2,08-31-2021,Scotiabank
Q4-21,2021-03-18,6.4,08-31-2021,Scotiabank
Q4-21,2021-05-28,6.4,08-31-2021,Scotiabank
Q4-21,2021-08-02,6.4,08-31-2021,Scotiabank
Q1-22,2021-03-18,6.5,08-31-2021,Scotiabank
Q1-22,2021-05-28,6.5,08-31-2021,Scotiabank
Q1-22,2021-08-02,6.3,08-31-2021,Scotiabank
Q2-22,2021-05-28,6.5,08-31-2021,Scotiabank
Q2-22,2021-08-02,6.3,08-31-2021,Scotiabank
2022,2020-12-02,6.3,08-31-2021,Scotiabank
2022,2021-01-21,6.2,08-31-2021,Scotiabank
2022,2021-03-18,6.6,08-31-2021,Scotiabank
2022,2021-05-28,6.6,08-31-2021,Scotiabank
2022,2021-08-02,6.2,08-31-2021,Scotiabank
Q2-10,2009-04-08,6.52,05-31-2010,Scotiabank
Q2-10,2009-05-07,6.52,05-31-2010,Scotiabank
Q2-10,2009-06-05,6.52,05-31-2010,Scotiabank
Q2-10,2009-07-08,6.52,05-31-2010,Scotiabank
Q2-10,2009-08-06,6.52,05-31-2010,Scotiabank
Q2-10,2009-08-14,6.52,05-31-2010,Scotiabank
Q2-10,2009-08-27,6.52,05-31-2010,Scotiabank
Q2-10,2009-08-28,6.52,05-31-2010,Scotiabank
Q2-10,2009-09-09,6.52,05-31-2010,Scotiabank
Q2-10,2009-09-17,6.52,05-31-2010,Scotiabank
Q2-10,2009-09-24,6.52,05-31-2010,Scotiabank
Q2-10,2009-10-01,6.52,05-31-2010,Scotiabank
Q2-10,2009-10-02,6.52,05-31-2010,Scotiabank
Q2-10,2009-10-20,6.52,05-31-2010,Scotiabank
Q2-10,2009-10-30,6.52,05-31-2010,Scotiabank
Q2-10,2009-11-09,6.55,05-31-2010,Scotiabank
Q2-10,2009-11-20,6.55,05-31-2010,Scotiabank
Q2-10,2009-11-25,6.55,05-31-2010,Scotiabank
Q2-10,2009-12-04,6.6,05-31-2010,Scotiabank
Q2-10,2009-12-17,6.6,05-31-2010,Scotiabank
Q2-10,2010-01-08,6.61,05-31-2010,Scotiabank
Q2-10,2010-02-01,6.63,05-31-2010,Scotiabank
Q2-10,2010-03-04,6.65,05-31-2010,Scotiabank
Q2-10,2010-04-01,6.68,05-31-2010,Scotiabank
Q2-10,2010-05-03,6.72,05-31-2010,Scotiabank
Q3-10,2009-04-08,6.41,05-31-2010,Scotiabank
Q3-10,2009-05-07,6.41,05-31-2010,Scotiabank
Q3-10,2009-06-05,6.41,05-31-2010,Scotiabank
Q3-10,2009-07-08,6.41,05-31-2010,Scotiabank
Q3-10,2009-08-06,6.41,05-31-2010,Scotiabank
Q3-10,2009-08-14,6.41,05-31-2010,Scotiabank
Q3-10,2009-08-27,6.41,05-31-2010,Scotiabank
Q3-10,2009-08-28,6.41,05-31-2010,Scotiabank
Q3-10,2009-09-09,6.41,05-31-2010,Scotiabank
Q3-10,2009-09-17,6.41,05-31-2010,Scotiabank
Q3-10,2009-09-24,6.41,05-31-2010,Scotiabank
Q3-10,2009-10-01,6.41,05-31-2010,Scotiabank
Q3-10,2009-10-02,6.41,05-31-2010,Scotiabank
Q3-10,2009-10-20,6.41,05-31-2010,Scotiabank
Q3-10,2009-10-30,6.41,05-31-2010,Scotiabank
Q3-10,2009-11-09,6.42,05-31-2010,Scotiabank
Q3-10,2009-11-20,6.42,05-31-2010,Scotiabank
Q3-10,2009-11-25,6.42,05-31-2010,Scotiabank
Q3-10,2009-12-04,6.5,05-31-2010,Scotiabank
Q3-10,2009-12-17,6.5,05-31-2010,Scotiabank
Q3-10,2010-01-08,6.5,05-31-2010,Scotiabank
Q3-10,2010-02-01,6.51,05-31-2010,Scotiabank
Q3-10,2010-03-04,6.52,05-31-2010,Scotiabank
Q3-10,2010-04-01,6.54,05-31-2010,Scotiabank
Q3-10,2010-05-03,6.56,05-31-2010,Scotiabank
Q4-10,2008-12-17,6.3,05-31-2010,Scotiabank
Q4-10,2009-02-11,6.3,05-31-2010,Scotiabank
Q4-10,2009-02-19,6.3,05-31-2010,Scotiabank
Q4-10,2009-03-13,6.3,05-31-2010,Scotiabank
Q4-10,2009-03-19,6.3,05-31-2010,Scotiabank
Q4-10,2009-04-08,6.3,05-31-2010,Scotiabank
Q4-10,2009-05-07,6.3,05-31-2010,Scotiabank
Q4-10,2009-06-05,6.3,05-31-2010,Scotiabank
Q4-10,2009-07-08,6.3,05-31-2010,Scotiabank
Q4-10,2009-08-06,6.3,05-31-2010,Scotiabank
Q4-10,2009-08-14,6.3,05-31-2010,Scotiabank
Q4-10,2009-08-27,6.3,05-31-2010,Scotiabank
Q4-10,2009-08-28,6.3,05-31-2010,Scotiabank
Q4-10,2009-09-09,6.3,05-31-2010,Scotiabank
Q4-10,2009-09-17,6.3,05-31-2010,Scotiabank
Q4-10,2009-09-24,6.3,05-31-2010,Scotiabank
Q4-10,2009-10-01,6.3,05-31-2010,Scotiabank
Q4-10,2009-10-02,6.3,05-31-2010,Scotiabank
Q4-10,2009-10-20,6.3,05-31-2010,Scotiabank
Q4-10,2009-10-30,6.3,05-31-2010,Scotiabank
Q4-10,2009-11-09,6.3,05-31-2010,Scotiabank
Q4-10,2009-11-20,6.3,05-31-2010,Scotiabank
Q4-10,2009-11-25,6.3,05-31-2010,Scotiabank
Q4-10,2009-12-04,6.4,05-31-2010,Scotiabank
Q4-10,2009-12-17,6.4,05-31-2010,Scotiabank
Q4-10,2010-01-08,6.4,05-31-2010,Scotiabank
Q4-10,2010-02-01,6.4,05-31-2010,Scotiabank
Q4-10,2010-03-04,6.4,05-31-2010,Scotiabank
Q4-10,2010-04-01,6.4,05-31-2010,Scotiabank
Q4-10,2010-05-03,6.4,05-31-2010,Scotiabank
Q1-11,2010-03-04,6.3,05-31-2010,Scotiabank
Q1-11,2010-04-01,6.3,05-31-2010,Scotiabank
Q1-11,2010-05-03,6.3,05-31-2010,Scotiabank
2011,2009-01-09,6.3,05-31-2010,Scotiabank
2011,2009-12-04,6.0,05-31-2010,Scotiabank
2011,2009-12-17,6.0,05-31-2010,Scotiabank
2011,2010-01-08,6.0,05-31-2010,Scotiabank
2011,2010-02-01,6.0,05-31-2010,Scotiabank
2011,2010-03-04,6.0,05-31-2010,Scotiabank
2011,2010-04-01,6.0,05-31-2010,Scotiabank
2011,2010-05-03,6.0,05-31-2010,Scotiabank
Q1-17,2015-11-02,6.8,02-28-2017,Scotiabank
Q1-17,2015-12-08,6.8,02-28-2017,Scotiabank
Q1-17,2016-01-06,6.7,02-28-2017,Scotiabank
Q1-17,2016-02-08,6.7,02-28-2017,Scotiabank
Q1-17,2016-03-03,6.7,02-28-2017,Scotiabank
Q1-17,2016-04-01,6.7,02-28-2017,Scotiabank
Q1-17,2016-05-05,6.7,02-28-2017,Scotiabank
Q1-17,2016-06-01,6.7,02-28-2017,Scotiabank
Q1-17,2016-07-11,6.7,02-28-2017,Scotiabank
Q1-17,2016-08-03,6.7,02-28-2017,Scotiabank
Q1-17,2016-09-06,6.7,02-28-2017,Scotiabank
Q1-17,2016-10-18,6.7,02-28-2017,Scotiabank
Q1-17,2016-11-22,6.9,02-28-2017,Scotiabank
Q1-17,2016-11-23,6.9,02-28-2017,Scotiabank
Q1-17,2016-11-28,6.9,02-28-2017,Scotiabank
Q1-17,2016-12-02,6.9,02-28-2017,Scotiabank
Q1-17,2017-01-17,7.0,02-28-2017,Scotiabank
Q2-17,2015-11-02,6.8,02-28-2017,Scotiabank
Q2-17,2015-12-08,6.8,02-28-2017,Scotiabank
Q2-17,2016-01-06,6.7,02-28-2017,Scotiabank
Q2-17,2016-02-08,6.7,02-28-2017,Scotiabank
Q2-17,2016-06-01,6.7,02-28-2017,Scotiabank
Q2-17,2016-07-11,6.75,02-28-2017,Scotiabank
Q2-17,2016-08-03,6.75,02-28-2017,Scotiabank
Q2-17,2016-09-06,6.75,02-28-2017,Scotiabank
Q2-17,2016-10-18,6.75,02-28-2017,Scotiabank
Q2-17,2016-11-22,7.0,02-28-2017,Scotiabank
Q2-17,2016-11-23,7.0,02-28-2017,Scotiabank
Q2-17,2016-11-28,7.0,02-28-2017,Scotiabank
Q2-17,2016-12-02,7.0,02-28-2017,Scotiabank
Q2-17,2017-01-17,7.2,02-28-2017,Scotiabank
Q3-17,2015-11-02,6.8,02-28-2017,Scotiabank
Q3-17,2015-12-08,6.8,02-28-2017,Scotiabank
Q3-17,2016-01-06,6.65,02-28-2017,Scotiabank
Q3-17,2016-02-08,6.65,02-28-2017,Scotiabank
Q3-17,2016-09-06,6.75,02-28-2017,Scotiabank
Q3-17,2016-10-18,6.75,02-28-2017,Scotiabank
Q3-17,2016-11-22,6.95,02-28-2017,Scotiabank
Q3-17,2016-11-23,6.95,02-28-2017,Scotiabank
Q3-17,2016-11-28,6.95,02-28-2017,Scotiabank
Q3-17,2016-12-02,6.95,02-28-2017,Scotiabank
Q3-17,2017-01-17,7.2,02-28-2017,Scotiabank
Q4-17,2015-11-02,6.8,02-28-2017,Scotiabank
Q4-17,2015-12-08,6.8,02-28-2017,Scotiabank
Q4-17,2016-01-06,6.65,02-28-2017,Scotiabank
Q4-17,2016-02-02,6.7,02-28-2017,Scotiabank
Q4-17,2016-02-08,6.65,02-28-2017,Scotiabank
Q4-17,2016-03-03,6.65,02-28-2017,Scotiabank
Q4-17,2016-04-01,6.65,02-28-2017,Scotiabank
Q4-17,2016-05-05,6.65,02-28-2017,Scotiabank
Q4-17,2016-06-01,6.65,02-28-2017,Scotiabank
Q4-17,2016-07-11,6.75,02-28-2017,Scotiabank
Q4-17,2016-08-03,6.75,02-28-2017,Scotiabank
Q4-17,2016-09-06,6.75,02-28-2017,Scotiabank
Q4-17,2016-10-18,6.8,02-28-2017,Scotiabank
Q4-17,2016-11-22,7.2,02-28-2017,Scotiabank
Q4-17,2016-11-23,7.2,02-28-2017,Scotiabank
Q4-17,2016-11-28,7.2,02-28-2017,Scotiabank
Q4-17,2016-12-02,7.2,02-28-2017,Scotiabank
Q4-17,2017-01-17,7.3,02-28-2017,Scotiabank
2018,2015-11-02,6.7,02-28-2017,Scotiabank
2018,2016-02-02,6.7,02-28-2017,Scotiabank
2018,2016-10-18,6.85,02-28-2017,Scotiabank
2018,2016-11-22,7.4,02-28-2017,Scotiabank
2018,2016-11-23,7.4,02-28-2017,Scotiabank
2018,2016-11-28,7.4,02-28-2017,Scotiabank
2018,2016-12-02,7.4,02-28-2017,Scotiabank
2018,2017-01-17,7.4,02-28-2017,Scotiabank
2019,2015-11-02,6.65,02-28-2017,Scotiabank
2019,2016-02-02,6.65,02-28-2017,Scotiabank
2020,2015-11-02,6.65,02-28-2017,Scotiabank
2020,2016-02-02,6.65,02-28-2017,Scotiabank
Q3-10,2009-04-08,6.41,08-31-2010,Scotiabank
Q3-10,2009-05-07,6.41,08-31-2010,Scotiabank
Q3-10,2009-06-05,6.41,08-31-2010,Scotiabank
Q3-10,2009-07-08,6.41,08-31-2010,Scotiabank
Q3-10,2009-08-06,6.41,08-31-2010,Scotiabank
Q3-10,2009-08-14,6.41,08-31-2010,Scotiabank
Q3-10,2009-08-27,6.41,08-31-2010,Scotiabank
Q3-10,2009-08-28,6.41,08-31-2010,Scotiabank
Q3-10,2009-09-09,6.41,08-31-2010,Scotiabank
Q3-10,2009-09-17,6.41,08-31-2010,Scotiabank
Q3-10,2009-09-24,6.41,08-31-2010,Scotiabank
Q3-10,2009-10-01,6.41,08-31-2010,Scotiabank
Q3-10,2009-10-02,6.41,08-31-2010,Scotiabank
Q3-10,2009-10-20,6.41,08-31-2010,Scotiabank
Q3-10,2009-10-30,6.41,08-31-2010,Scotiabank
Q3-10,2009-11-09,6.42,08-31-2010,Scotiabank
Q3-10,2009-11-20,6.42,08-31-2010,Scotiabank
Q3-10,2009-11-25,6.42,08-31-2010,Scotiabank
Q3-10,2009-12-04,6.5,08-31-2010,Scotiabank
Q3-10,2009-12-17,6.5,08-31-2010,Scotiabank
Q3-10,2010-01-08,6.5,08-31-2010,Scotiabank
Q3-10,2010-02-01,6.51,08-31-2010,Scotiabank
Q3-10,2010-03-04,6.52,08-31-2010,Scotiabank
Q3-10,2010-04-01,6.54,08-31-2010,Scotiabank
Q3-10,2010-05-03,6.56,08-31-2010,Scotiabank
Q3-10,2010-06-02,6.75,08-31-2010,Scotiabank
Q3-10,2010-07-08,6.75,08-31-2010,Scotiabank
Q3-10,2010-08-17,6.75,08-31-2010,Scotiabank
Q4-10,2008-12-17,6.3,08-31-2010,Scotiabank
Q4-10,2009-02-11,6.3,08-31-2010,Scotiabank
Q4-10,2009-02-19,6.3,08-31-2010,Scotiabank
Q4-10,2009-03-13,6.3,08-31-2010,Scotiabank
Q4-10,2009-03-19,6.3,08-31-2010,Scotiabank
Q4-10,2009-04-08,6.3,08-31-2010,Scotiabank
Q4-10,2009-05-07,6.3,08-31-2010,Scotiabank
Q4-10,2009-06-05,6.3,08-31-2010,Scotiabank
Q4-10,2009-07-08,6.3,08-31-2010,Scotiabank
Q4-10,2009-08-06,6.3,08-31-2010,Scotiabank
Q4-10,2009-08-14,6.3,08-31-2010,Scotiabank
Q4-10,2009-08-27,6.3,08-31-2010,Scotiabank
Q4-10,2009-08-28,6.3,08-31-2010,Scotiabank
Q4-10,2009-09-09,6.3,08-31-2010,Scotiabank
Q4-10,2009-09-17,6.3,08-31-2010,Scotiabank
Q4-10,2009-09-24,6.3,08-31-2010,Scotiabank
Q4-10,2009-10-01,6.3,08-31-2010,Scotiabank
Q4-10,2009-10-02,6.3,08-31-2010,Scotiabank
Q4-10,2009-10-20,6.3,08-31-2010,Scotiabank
Q4-10,2009-10-30,6.3,08-31-2010,Scotiabank
Q4-10,2009-11-09,6.3,08-31-2010,Scotiabank
Q4-10,2009-11-20,6.3,08-31-2010,Scotiabank
Q4-10,2009-11-25,6.3,08-31-2010,Scotiabank
Q4-10,2009-12-04,6.4,08-31-2010,Scotiabank
Q4-10,2009-12-17,6.4,08-31-2010,Scotiabank
Q4-10,2010-01-08,6.4,08-31-2010,Scotiabank
Q4-10,2010-02-01,6.4,08-31-2010,Scotiabank
Q4-10,2010-03-04,6.4,08-31-2010,Scotiabank
Q4-10,2010-04-01,6.4,08-31-2010,Scotiabank
Q4-10,2010-05-03,6.4,08-31-2010,Scotiabank
Q4-10,2010-06-02,6.6,08-31-2010,Scotiabank
Q4-10,2010-07-08,6.6,08-31-2010,Scotiabank
Q4-10,2010-08-17,6.6,08-31-2010,Scotiabank
Q1-11,2010-03-04,6.3,08-31-2010,Scotiabank
Q1-11,2010-04-01,6.3,08-31-2010,Scotiabank
Q1-11,2010-05-03,6.3,08-31-2010,Scotiabank
Q1-11,2010-06-02,6.44,08-31-2010,Scotiabank
Q1-11,2010-07-08,6.5,08-31-2010,Scotiabank
Q1-11,2010-08-17,6.5,08-31-2010,Scotiabank
Q2-11,2010-05-03,6.2,08-31-2010,Scotiabank
Q2-11,2010-06-02,6.29,08-31-2010,Scotiabank
Q2-11,2010-07-08,6.4,08-31-2010,Scotiabank
Q2-11,2010-08-17,6.4,08-31-2010,Scotiabank
2011,2009-01-09,6.3,08-31-2010,Scotiabank
2011,2009-12-04,6.0,08-31-2010,Scotiabank
2011,2009-12-17,6.0,08-31-2010,Scotiabank
2011,2010-01-08,6.0,08-31-2010,Scotiabank
2011,2010-02-01,6.0,08-31-2010,Scotiabank
2011,2010-03-04,6.0,08-31-2010,Scotiabank
2011,2010-04-01,6.0,08-31-2010,Scotiabank
2011,2010-05-03,6.0,08-31-2010,Scotiabank
2011,2010-06-02,6.0,08-31-2010,Scotiabank
2011,2010-07-08,6.2,08-31-2010,Scotiabank
2011,2010-08-17,6.2,08-31-2010,Scotiabank
Q3-06,2006-06-08,7.84,08-31-2006,Scotiabank
Q3-06,2006-06-29,7.84,08-31-2006,Scotiabank
Q3-06,2006-07-13,7.84,08-31-2006,Scotiabank
Q3-06,2006-08-03,7.84,08-31-2006,Scotiabank
Q4-06,2006-06-08,7.7,08-31-2006,Scotiabank
Q4-06,2006-06-29,7.7,08-31-2006,Scotiabank
Q4-06,2006-07-13,7.7,08-31-2006,Scotiabank
Q4-06,2006-08-03,7.7,08-31-2006,Scotiabank
Q1-07,2006-06-08,7.53,08-31-2006,Scotiabank
Q1-07,2006-06-29,7.53,08-31-2006,Scotiabank
Q1-07,2006-07-13,7.53,08-31-2006,Scotiabank
Q1-07,2006-08-03,7.53,08-31-2006,Scotiabank
Q2-07,2006-06-08,7.53,08-31-2006,Scotiabank
Q2-07,2006-06-29,7.36,08-31-2006,Scotiabank
Q2-07,2006-07-13,7.36,08-31-2006,Scotiabank
Q2-07,2006-08-03,7.36,08-31-2006,Scotiabank
2007,2006-06-08,7.3,08-31-2006,Scotiabank
2007,2006-06-29,7.3,08-31-2006,Scotiabank
2007,2006-07-13,7.3,08-31-2006,Scotiabank
2007,2006-08-03,7.3,08-31-2006,Scotiabank
Q2-21,2020-06-11,7.0,05-31-2021,Scotiabank
Q2-21,2020-07-16,7.0,05-31-2021,Scotiabank
Q2-21,2020-12-02,6.6,05-31-2021,Scotiabank
Q2-21,2021-01-21,6.4,05-31-2021,Scotiabank
Q2-21,2021-03-18,6.6,05-31-2021,Scotiabank
Q3-21,2020-12-02,6.5,05-31-2021,Scotiabank
Q3-21,2021-01-21,6.2,05-31-2021,Scotiabank
Q3-21,2021-03-18,6.4,05-31-2021,Scotiabank
Q3-21,2021-05-28,6.4,05-31-2021,Scotiabank
Q4-21,2019-10-15,6.5,05-31-2021,Scotiabank
Q4-21,2019-11-21,6.5,05-31-2021,Scotiabank
Q4-21,2020-01-03,6.5,05-31-2021,Scotiabank
Q4-21,2020-02-10,6.5,05-31-2021,Scotiabank
Q4-21,2020-03-18,6.5,05-31-2021,Scotiabank
Q4-21,2020-05-12,6.6,05-31-2021,Scotiabank
Q4-21,2020-06-11,6.9,05-31-2021,Scotiabank
Q4-21,2020-07-16,6.9,05-31-2021,Scotiabank
Q4-21,2020-12-02,6.5,05-31-2021,Scotiabank
Q4-21,2021-01-21,6.2,05-31-2021,Scotiabank
Q4-21,2021-03-18,6.4,05-31-2021,Scotiabank
Q4-21,2021-05-28,6.4,05-31-2021,Scotiabank
Q1-22,2021-03-18,6.5,05-31-2021,Scotiabank
Q1-22,2021-05-28,6.5,05-31-2021,Scotiabank
2022,2020-12-02,6.3,05-31-2021,Scotiabank
2022,2021-01-21,6.2,05-31-2021,Scotiabank
2022,2021-03-18,6.6,05-31-2021,Scotiabank
2022,2021-05-28,6.6,05-31-2021,Scotiabank
Q2-17,2015-11-02,6.8,05-31-2017,Scotiabank
Q2-17,2015-12-08,6.8,05-31-2017,Scotiabank
Q2-17,2016-01-06,6.7,05-31-2017,Scotiabank
Q2-17,2016-02-08,6.7,05-31-2017,Scotiabank
Q2-17,2016-06-01,6.7,05-31-2017,Scotiabank
Q2-17,2016-07-11,6.75,05-31-2017,Scotiabank
Q2-17,2016-08-03,6.75,05-31-2017,Scotiabank
Q2-17,2016-09-06,6.75,05-31-2017,Scotiabank
Q2-17,2016-10-18,6.75,05-31-2017,Scotiabank
Q2-17,2016-11-22,7.0,05-31-2017,Scotiabank
Q2-17,2016-11-23,7.0,05-31-2017,Scotiabank
Q2-17,2016-11-28,7.0,05-31-2017,Scotiabank
Q2-17,2016-12-02,7.0,05-31-2017,Scotiabank
Q2-17,2017-01-17,7.2,05-31-2017,Scotiabank
Q2-17,2017-03-07,7.0,05-31-2017,Scotiabank
Q2-17,2017-04-12,7.0,05-31-2017,Scotiabank
Q2-17,2017-05-02,6.9,05-31-2017,Scotiabank
Q3-17,2015-11-02,6.8,05-31-2017,Scotiabank
Q3-17,2015-12-08,6.8,05-31-2017,Scotiabank
Q3-17,2016-01-06,6.65,05-31-2017,Scotiabank
Q3-17,2016-02-08,6.65,05-31-2017,Scotiabank
Q3-17,2016-09-06,6.75,05-31-2017,Scotiabank
Q3-17,2016-10-18,6.75,05-31-2017,Scotiabank
Q3-17,2016-11-22,6.95,05-31-2017,Scotiabank
Q3-17,2016-11-23,6.95,05-31-2017,Scotiabank
Q3-17,2016-11-28,6.95,05-31-2017,Scotiabank
Q3-17,2016-12-02,6.95,05-31-2017,Scotiabank
Q3-17,2017-01-17,7.2,05-31-2017,Scotiabank
Q3-17,2017-03-07,7.0,05-31-2017,Scotiabank
Q3-17,2017-04-12,7.0,05-31-2017,Scotiabank
Q3-17,2017-05-02,7.0,05-31-2017,Scotiabank
Q4-17,2015-11-02,6.8,05-31-2017,Scotiabank
Q4-17,2015-12-08,6.8,05-31-2017,Scotiabank
Q4-17,2016-01-06,6.65,05-31-2017,Scotiabank
Q4-17,2016-02-02,6.7,05-31-2017,Scotiabank
Q4-17,2016-02-08,6.65,05-31-2017,Scotiabank
Q4-17,2016-03-03,6.65,05-31-2017,Scotiabank
Q4-17,2016-04-01,6.65,05-31-2017,Scotiabank
Q4-17,2016-05-05,6.65,05-31-2017,Scotiabank
Q4-17,2016-06-01,6.65,05-31-2017,Scotiabank
Q4-17,2016-07-11,6.75,05-31-2017,Scotiabank
Q4-17,2016-08-03,6.75,05-31-2017,Scotiabank
Q4-17,2016-09-06,6.75,05-31-2017,Scotiabank
Q4-17,2016-10-18,6.8,05-31-2017,Scotiabank
Q4-17,2016-11-22,7.2,05-31-2017,Scotiabank
Q4-17,2016-11-23,7.2,05-31-2017,Scotiabank
Q4-17,2016-11-28,7.2,05-31-2017,Scotiabank
Q4-17,2016-12-02,7.2,05-31-2017,Scotiabank
Q4-17,2017-01-17,7.3,05-31-2017,Scotiabank
Q4-17,2017-03-07,7.1,05-31-2017,Scotiabank
Q4-17,2017-04-12,7.1,05-31-2017,Scotiabank
Q4-17,2017-05-02,7.1,05-31-2017,Scotiabank
Q1-18,2017-03-07,7.05,05-31-2017,Scotiabank
Q1-18,2017-04-12,7.05,05-31-2017,Scotiabank
Q1-18,2017-05-02,7.05,05-31-2017,Scotiabank
2018,2015-11-02,6.7,05-31-2017,Scotiabank
2018,2016-02-02,6.7,05-31-2017,Scotiabank
2018,2016-10-18,6.85,05-31-2017,Scotiabank
2018,2016-11-22,7.4,05-31-2017,Scotiabank
2018,2016-11-23,7.4,05-31-2017,Scotiabank
2018,2016-11-28,7.4,05-31-2017,Scotiabank
2018,2016-12-02,7.4,05-31-2017,Scotiabank
2018,2017-01-17,7.4,05-31-2017,Scotiabank
2018,2017-03-07,6.95,05-31-2017,Scotiabank
2018,2017-04-12,6.95,05-31-2017,Scotiabank
2018,2017-05-02,6.95,05-31-2017,Scotiabank
2019,2015-11-02,6.65,05-31-2017,Scotiabank
2019,2016-02-02,6.65,05-31-2017,Scotiabank
2020,2015-11-02,6.65,05-31-2017,Scotiabank
2020,2016-02-02,6.65,05-31-2017,Scotiabank
Q4-06,2006-06-08,7.7,11-30-2006,Scotiabank
Q4-06,2006-06-29,7.7,11-30-2006,Scotiabank
Q4-06,2006-07-13,7.7,11-30-2006,Scotiabank
Q4-06,2006-08-03,7.7,11-30-2006,Scotiabank
Q4-06,2006-11-20,7.7,11-30-2006,Scotiabank
Q1-07,2006-06-08,7.53,11-30-2006,Scotiabank
Q1-07,2006-06-29,7.53,11-30-2006,Scotiabank
Q1-07,2006-07-13,7.53,11-30-2006,Scotiabank
Q1-07,2006-08-03,7.53,11-30-2006,Scotiabank
Q1-07,2006-11-20,7.6,11-30-2006,Scotiabank
Q2-07,2006-06-08,7.53,11-30-2006,Scotiabank
Q2-07,2006-06-29,7.36,11-30-2006,Scotiabank
Q2-07,2006-07-13,7.36,11-30-2006,Scotiabank
Q2-07,2006-08-03,7.36,11-30-2006,Scotiabank
Q2-07,2006-11-20,7.5,11-30-2006,Scotiabank
Q3-07,2006-11-20,7.4,11-30-2006,Scotiabank
2007,2006-06-08,7.3,11-30-2006,Scotiabank
2007,2006-06-29,7.3,11-30-2006,Scotiabank
2007,2006-07-13,7.3,11-30-2006,Scotiabank
2007,2006-08-03,7.3,11-30-2006,Scotiabank
2007,2006-11-20,7.3,11-30-2006,Scotiabank
Q1-21,2020-03-18,6.6,02-28-2021,Scotiabank
Q1-21,2020-05-12,6.7,02-28-2021,Scotiabank
Q1-21,2020-06-11,7.0,02-28-2021,Scotiabank
Q1-21,2020-07-16,7.0,02-28-2021,Scotiabank
Q1-21,2020-12-02,6.6,02-28-2021,Scotiabank
Q1-21,2021-01-21,6.4,02-28-2021,Scotiabank
Q2-21,2020-06-11,7.0,02-28-2021,Scotiabank
Q2-21,2020-07-16,7.0,02-28-2021,Scotiabank
Q2-21,2020-12-02,6.6,02-28-2021,Scotiabank
Q2-21,2021-01-21,6.4,02-28-2021,Scotiabank
Q3-21,2020-12-02,6.5,02-28-2021,Scotiabank
Q3-21,2021-01-21,6.2,02-28-2021,Scotiabank
Q4-21,2019-10-15,6.5,02-28-2021,Scotiabank
Q4-21,2019-11-21,6.5,02-28-2021,Scotiabank
Q4-21,2020-01-03,6.5,02-28-2021,Scotiabank
Q4-21,2020-02-10,6.5,02-28-2021,Scotiabank
Q4-21,2020-03-18,6.5,02-28-2021,Scotiabank
Q4-21,2020-05-12,6.6,02-28-2021,Scotiabank
Q4-21,2020-06-11,6.9,02-28-2021,Scotiabank
Q4-21,2020-07-16,6.9,02-28-2021,Scotiabank
Q4-21,2020-12-02,6.5,02-28-2021,Scotiabank
Q4-21,2021-01-21,6.2,02-28-2021,Scotiabank
2022,2019-10-15,6.5,02-28-2021,Scotiabank
2022,2019-11-21,6.5,02-28-2021,Scotiabank
2022,2020-01-03,6.5,02-28-2021,Scotiabank
2022,2020-02-10,6.5,02-28-2021,Scotiabank
2022,2020-03-18,6.5,02-28-2021,Scotiabank
2022,2020-05-12,6.6,02-28-2021,Scotiabank
2022,2020-06-11,6.9,02-28-2021,Scotiabank
2022,2020-07-16,6.9,02-28-2021,Scotiabank
2022,2020-12-02,6.5,02-28-2021,Scotiabank
2022,2021-01-21,6.2,02-28-2021,Scotiabank
Q4-10,2008-12-17,6.3,11-30-2010,Scotiabank
Q4-10,2009-02-11,6.3,11-30-2010,Scotiabank
Q4-10,2009-02-19,6.3,11-30-2010,Scotiabank
Q4-10,2009-03-13,6.3,11-30-2010,Scotiabank
Q4-10,2009-03-19,6.3,11-30-2010,Scotiabank
Q4-10,2009-04-08,6.3,11-30-2010,Scotiabank
Q4-10,2009-05-07,6.3,11-30-2010,Scotiabank
Q4-10,2009-06-05,6.3,11-30-2010,Scotiabank
Q4-10,2009-07-08,6.3,11-30-2010,Scotiabank
Q4-10,2009-08-06,6.3,11-30-2010,Scotiabank
Q4-10,2009-08-14,6.3,11-30-2010,Scotiabank
Q4-10,2009-08-27,6.3,11-30-2010,Scotiabank
Q4-10,2009-08-28,6.3,11-30-2010,Scotiabank
Q4-10,2009-09-09,6.3,11-30-2010,Scotiabank
Q4-10,2009-09-17,6.3,11-30-2010,Scotiabank
Q4-10,2009-09-24,6.3,11-30-2010,Scotiabank
Q4-10,2009-10-01,6.3,11-30-2010,Scotiabank
Q4-10,2009-10-02,6.3,11-30-2010,Scotiabank
Q4-10,2009-10-20,6.3,11-30-2010,Scotiabank
Q4-10,2009-10-30,6.3,11-30-2010,Scotiabank
Q4-10,2009-11-09,6.3,11-30-2010,Scotiabank
Q4-10,2009-11-20,6.3,11-30-2010,Scotiabank
Q4-10,2009-11-25,6.3,11-30-2010,Scotiabank
Q4-10,2009-12-04,6.4,11-30-2010,Scotiabank
Q4-10,2009-12-17,6.4,11-30-2010,Scotiabank
Q4-10,2010-01-08,6.4,11-30-2010,Scotiabank
Q4-10,2010-02-01,6.4,11-30-2010,Scotiabank
Q4-10,2010-03-04,6.4,11-30-2010,Scotiabank
Q4-10,2010-04-01,6.4,11-30-2010,Scotiabank
Q4-10,2010-05-03,6.4,11-30-2010,Scotiabank
Q4-10,2010-06-02,6.6,11-30-2010,Scotiabank
Q4-10,2010-07-08,6.6,11-30-2010,Scotiabank
Q4-10,2010-08-17,6.6,11-30-2010,Scotiabank
Q4-10,2010-09-02,6.75,11-30-2010,Scotiabank
Q4-10,2010-10-11,6.5,11-30-2010,Scotiabank
Q4-10,2010-11-04,6.5,11-30-2010,Scotiabank
Q1-11,2010-03-04,6.3,11-30-2010,Scotiabank
Q1-11,2010-04-01,6.3,11-30-2010,Scotiabank
Q1-11,2010-05-03,6.3,11-30-2010,Scotiabank
Q1-11,2010-06-02,6.44,11-30-2010,Scotiabank
Q1-11,2010-07-08,6.5,11-30-2010,Scotiabank
Q1-11,2010-08-17,6.5,11-30-2010,Scotiabank
Q1-11,2010-09-02,6.69,11-30-2010,Scotiabank
Q1-11,2010-10-11,6.4,11-30-2010,Scotiabank
Q1-11,2010-11-04,6.4,11-30-2010,Scotiabank
Q2-11,2010-05-03,6.2,11-30-2010,Scotiabank
Q2-11,2010-06-02,6.29,11-30-2010,Scotiabank
Q2-11,2010-07-08,6.4,11-30-2010,Scotiabank
Q2-11,2010-08-17,6.4,11-30-2010,Scotiabank
Q2-11,2010-09-02,6.62,11-30-2010,Scotiabank
Q2-11,2010-10-11,6.3,11-30-2010,Scotiabank
Q2-11,2010-11-04,6.3,11-30-2010,Scotiabank
Q3-11,2010-05-03,6.1,11-30-2010,Scotiabank
Q3-11,2010-06-02,6.14,11-30-2010,Scotiabank
Q3-11,2010-08-17,6.3,11-30-2010,Scotiabank
Q3-11,2010-10-11,6.2,11-30-2010,Scotiabank
Q3-11,2010-11-04,6.2,11-30-2010,Scotiabank
2011,2009-01-09,6.3,11-30-2010,Scotiabank
2011,2009-12-04,6.0,11-30-2010,Scotiabank
2011,2009-12-17,6.0,11-30-2010,Scotiabank
2011,2010-01-08,6.0,11-30-2010,Scotiabank
2011,2010-02-01,6.0,11-30-2010,Scotiabank
2011,2010-03-04,6.0,11-30-2010,Scotiabank
2011,2010-04-01,6.0,11-30-2010,Scotiabank
2011,2010-05-03,6.0,11-30-2010,Scotiabank
2011,2010-06-02,6.0,11-30-2010,Scotiabank
2011,2010-07-08,6.2,11-30-2010,Scotiabank
2011,2010-08-17,6.2,11-30-2010,Scotiabank
2011,2010-09-02,6.5,11-30-2010,Scotiabank
2011,2010-10-11,6.1,11-30-2010,Scotiabank
2011,2010-11-04,6.1,11-30-2010,Scotiabank
Q4-11,2009-12-04,6.0,11-30-2011,Scotiabank
Q4-11,2009-12-17,6.0,11-30-2011,Scotiabank
Q4-11,2010-01-08,6.0,11-30-2011,Scotiabank
Q4-11,2010-02-01,6.0,11-30-2011,Scotiabank
Q4-11,2010-03-04,6.0,11-30-2011,Scotiabank
Q4-11,2010-04-01,6.0,11-30-2011,Scotiabank
Q4-11,2010-05-03,6.0,11-30-2011,Scotiabank
Q4-11,2010-06-02,6.0,11-30-2011,Scotiabank
Q4-11,2010-07-08,6.2,11-30-2011,Scotiabank
Q4-11,2010-08-17,6.2,11-30-2011,Scotiabank
Q4-11,2010-09-02,6.5,11-30-2011,Scotiabank
Q4-11,2010-10-11,6.1,11-30-2011,Scotiabank
Q4-11,2010-11-04,6.1,11-30-2011,Scotiabank
Q4-11,2010-12-06,6.1,11-30-2011,Scotiabank
Q4-11,2011-01-06,6.1,11-30-2011,Scotiabank
Q4-11,2011-02-03,5.75,11-30-2011,Scotiabank
Q4-11,2011-02-11,6.1,11-30-2011,Scotiabank
Q4-11,2011-03-03,6.1,11-30-2011,Scotiabank
Q4-11,2011-04-04,6.1,11-30-2011,Scotiabank
Q4-11,2011-04-29,6.1,11-30-2011,Scotiabank
Q4-11,2011-06-03,6.25,11-30-2011,Scotiabank
Q4-11,2011-06-30,6.25,11-30-2011,Scotiabank
Q4-11,2011-08-09,6.25,11-30-2011,Scotiabank
Q4-11,2011-08-10,6.25,11-30-2011,Scotiabank
Q4-11,2011-09-06,6.25,11-30-2011,Scotiabank
Q4-11,2011-10-05,6.25,11-30-2011,Scotiabank
Q4-11,2011-10-09,6.32,11-30-2011,Scotiabank
Q4-11,2011-11-03,6.32,11-30-2011,Scotiabank
Q1-12,2011-03-03,6.01,11-30-2011,Scotiabank
Q1-12,2011-04-04,6.01,11-30-2011,Scotiabank
Q1-12,2011-04-29,6.01,11-30-2011,Scotiabank
Q1-12,2011-06-03,6.16,11-30-2011,Scotiabank
Q1-12,2011-06-30,6.16,11-30-2011,Scotiabank
Q1-12,2011-08-09,6.16,11-30-2011,Scotiabank
Q1-12,2011-09-06,6.16,11-30-2011,Scotiabank
Q1-12,2011-10-05,6.16,11-30-2011,Scotiabank
Q1-12,2011-10-09,6.26,11-30-2011,Scotiabank
Q1-12,2011-11-03,6.26,11-30-2011,Scotiabank
Q2-12,2011-03-03,5.92,11-30-2011,Scotiabank
Q2-12,2011-04-29,5.92,11-30-2011,Scotiabank
Q2-12,2011-06-30,6.06,11-30-2011,Scotiabank
Q2-12,2011-08-09,6.06,11-30-2011,Scotiabank
Q2-12,2011-09-06,6.06,11-30-2011,Scotiabank
Q2-12,2011-10-05,6.06,11-30-2011,Scotiabank
Q2-12,2011-10-09,6.19,11-30-2011,Scotiabank
Q2-12,2011-11-03,6.19,11-30-2011,Scotiabank
Q3-12,2011-03-03,5.84,11-30-2011,Scotiabank
Q3-12,2011-04-29,5.84,11-30-2011,Scotiabank
Q3-12,2011-09-06,5.97,11-30-2011,Scotiabank
Q3-12,2011-10-05,5.97,11-30-2011,Scotiabank
Q3-12,2011-11-03,6.13,11-30-2011,Scotiabank
2012,2011-01-06,5.75,11-30-2011,Scotiabank
2012,2011-02-11,5.75,11-30-2011,Scotiabank
2012,2011-03-03,5.75,11-30-2011,Scotiabank
2012,2011-04-04,5.75,11-30-2011,Scotiabank
2012,2011-04-29,5.75,11-30-2011,Scotiabank
2012,2011-06-03,5.88,11-30-2011,Scotiabank
2012,2011-06-30,5.88,11-30-2011,Scotiabank
2012,2011-08-09,5.88,11-30-2011,Scotiabank
2012,2011-09-06,5.88,11-30-2011,Scotiabank
2012,2011-10-05,5.88,11-30-2011,Scotiabank
2012,2011-10-09,6.07,11-30-2011,Scotiabank
2012,2011-11-03,6.07,11-30-2011,Scotiabank
Q1-20,2019-03-11,6.6,02-28-2020,Scotiabank
Q1-20,2019-04-23,6.6,02-28-2020,Scotiabank
Q1-20,2019-06-10,6.6,02-28-2020,Scotiabank
Q1-20,2019-07-18,6.6,02-28-2020,Scotiabank
Q1-20,2019-09-11,6.8,02-28-2020,Scotiabank
Q1-20,2019-10-15,6.8,02-28-2020,Scotiabank
Q1-20,2019-11-21,6.8,02-28-2020,Scotiabank
Q1-20,2020-01-03,6.8,02-28-2020,Scotiabank
Q1-20,2020-02-10,6.8,02-28-2020,Scotiabank
Q2-20,2019-06-10,6.6,02-28-2020,Scotiabank
Q2-20,2019-07-18,6.6,02-28-2020,Scotiabank
Q2-20,2019-09-11,6.8,02-28-2020,Scotiabank
Q2-20,2019-10-15,6.8,02-28-2020,Scotiabank
Q2-20,2019-11-21,6.8,02-28-2020,Scotiabank
Q2-20,2020-01-03,6.8,02-28-2020,Scotiabank
Q2-20,2020-02-10,6.8,02-28-2020,Scotiabank
Q3-20,2019-09-11,6.7,02-28-2020,Scotiabank
Q3-20,2019-10-15,6.8,02-28-2020,Scotiabank
Q3-20,2019-11-21,6.7,02-28-2020,Scotiabank
Q3-20,2020-01-03,6.7,02-28-2020,Scotiabank
Q3-20,2020-02-10,6.7,02-28-2020,Scotiabank
Q4-20,2018-10-15,6.5,02-28-2020,Scotiabank
Q4-20,2018-12-10,6.5,02-28-2020,Scotiabank
Q4-20,2019-01-14,6.5,02-28-2020,Scotiabank
Q4-20,2019-03-11,6.5,02-28-2020,Scotiabank
Q4-20,2019-04-23,6.5,02-28-2020,Scotiabank
Q4-20,2019-06-10,6.5,02-28-2020,Scotiabank
Q4-20,2019-07-18,6.5,02-28-2020,Scotiabank
Q4-20,2019-09-11,6.7,02-28-2020,Scotiabank
Q4-20,2019-10-15,6.7,02-28-2020,Scotiabank
Q4-20,2019-11-21,6.7,02-28-2020,Scotiabank
Q4-20,2020-01-03,6.7,02-28-2020,Scotiabank
Q4-20,2020-02-10,6.7,02-28-2020,Scotiabank
2021,2019-10-15,6.5,02-28-2020,Scotiabank
2021,2019-11-21,6.5,02-28-2020,Scotiabank
2021,2020-01-03,6.5,02-28-2020,Scotiabank
2021,2020-02-10,6.5,02-28-2020,Scotiabank
Q4-07,2006-06-08,7.3,11-30-2007,Scotiabank
Q4-07,2006-06-29,7.3,11-30-2007,Scotiabank
Q4-07,2006-07-13,7.3,11-30-2007,Scotiabank
Q4-07,2006-08-03,7.3,11-30-2007,Scotiabank
Q4-07,2006-11-20,7.3,11-30-2007,Scotiabank
Q4-07,2006-12-14,7.35,11-30-2007,Scotiabank
Q4-07,2007-01-09,7.35,11-30-2007,Scotiabank
Q4-07,2007-02-02,7.35,11-30-2007,Scotiabank
Q4-07,2007-02-22,7.35,11-30-2007,Scotiabank
Q4-07,2007-03-15,7.35,11-30-2007,Scotiabank
Q4-07,2007-03-22,7.35,11-30-2007,Scotiabank
Q4-07,2007-04-13,7.35,11-30-2007,Scotiabank
Q4-07,2007-04-20,7.35,11-30-2007,Scotiabank
Q4-07,2007-05-03,7.35,11-30-2007,Scotiabank
Q4-07,2007-05-25,7.35,11-30-2007,Scotiabank
Q4-07,2007-06-01,7.35,11-30-2007,Scotiabank
Q4-07,2007-06-14,7.35,11-30-2007,Scotiabank
Q4-07,2007-06-15,7.35,11-30-2007,Scotiabank
Q4-07,2007-07-02,7.35,11-30-2007,Scotiabank
Q4-07,2007-07-09,7.35,11-30-2007,Scotiabank
Q4-07,2007-07-13,7.35,11-30-2007,Scotiabank
Q4-07,2007-08-03,7.35,11-30-2007,Scotiabank
Q4-07,2007-08-31,7.35,11-30-2007,Scotiabank
Q4-07,2007-09-06,7.3,11-30-2007,Scotiabank
Q4-07,2007-09-14,7.3,11-30-2007,Scotiabank
Q4-07,2007-09-28,7.35,11-30-2007,Scotiabank
Q4-07,2007-10-11,7.35,11-30-2007,Scotiabank
Q4-07,2007-11-06,7.3,11-30-2007,Scotiabank
Q4-07,2007-11-26,7.3,11-30-2007,Scotiabank
Q4-07,2007-11-29,7.3,11-30-2007,Scotiabank
Q1-08,2007-03-15,7.25,11-30-2007,Scotiabank
Q1-08,2007-03-22,7.25,11-30-2007,Scotiabank
Q1-08,2007-04-13,7.25,11-30-2007,Scotiabank
Q1-08,2007-04-20,7.25,11-30-2007,Scotiabank
Q1-08,2007-05-03,7.2,11-30-2007,Scotiabank
Q1-08,2007-05-25,7.2,11-30-2007,Scotiabank
Q1-08,2007-06-01,7.2,11-30-2007,Scotiabank
Q1-08,2007-06-14,7.2,11-30-2007,Scotiabank
Q1-08,2007-06-15,7.2,11-30-2007,Scotiabank
Q1-08,2007-07-02,7.2,11-30-2007,Scotiabank
Q1-08,2007-07-09,7.2,11-30-2007,Scotiabank
Q1-08,2007-07-13,7.2,11-30-2007,Scotiabank
Q1-08,2007-08-03,7.2,11-30-2007,Scotiabank
Q1-08,2007-08-31,7.2,11-30-2007,Scotiabank
Q1-08,2007-09-06,7.16,11-30-2007,Scotiabank
Q1-08,2007-09-14,7.16,11-30-2007,Scotiabank
Q1-08,2007-09-28,7.2,11-30-2007,Scotiabank
Q1-08,2007-10-11,7.2,11-30-2007,Scotiabank
Q1-08,2007-11-06,7.1584,11-30-2007,Scotiabank
Q1-08,2007-11-26,7.1584,11-30-2007,Scotiabank
Q1-08,2007-11-29,7.1584,11-30-2007,Scotiabank
Q2-08,2007-06-01,7.04,11-30-2007,Scotiabank
Q2-08,2007-06-14,7.04,11-30-2007,Scotiabank
Q2-08,2007-06-15,7.04,11-30-2007,Scotiabank
Q2-08,2007-07-02,7.04,11-30-2007,Scotiabank
Q2-08,2007-07-09,7.04,11-30-2007,Scotiabank
Q2-08,2007-07-13,7.04,11-30-2007,Scotiabank
Q2-08,2007-08-03,7.04,11-30-2007,Scotiabank
Q2-08,2007-08-31,7.04,11-30-2007,Scotiabank
Q2-08,2007-09-06,7.02,11-30-2007,Scotiabank
Q2-08,2007-09-14,7.02,11-30-2007,Scotiabank
Q2-08,2007-09-28,7.04,11-30-2007,Scotiabank
Q2-08,2007-10-11,7.04,11-30-2007,Scotiabank
Q2-08,2007-11-06,7.0196,11-30-2007,Scotiabank
Q2-08,2007-11-26,7.0196,11-30-2007,Scotiabank
Q2-08,2007-11-29,7.0196,11-30-2007,Scotiabank
Q3-08,2007-09-06,6.88,11-30-2007,Scotiabank
Q3-08,2007-09-14,6.88,11-30-2007,Scotiabank
Q3-08,2007-11-06,6.8835,11-30-2007,Scotiabank
Q3-08,2007-11-26,6.8835,11-30-2007,Scotiabank
Q3-08,2007-11-29,6.8835,11-30-2007,Scotiabank
2008,2007-01-09,6.95,11-30-2007,Scotiabank
2008,2007-02-02,6.95,11-30-2007,Scotiabank
2008,2007-02-22,6.95,11-30-2007,Scotiabank
2008,2007-03-15,6.95,11-30-2007,Scotiabank
2008,2007-03-22,6.95,11-30-2007,Scotiabank
2008,2007-04-13,6.95,11-30-2007,Scotiabank
2008,2007-04-20,6.95,11-30-2007,Scotiabank
2008,2007-05-03,6.75,11-30-2007,Scotiabank
2008,2007-05-25,6.75,11-30-2007,Scotiabank
2008,2007-06-01,6.75,11-30-2007,Scotiabank
2008,2007-06-14,6.75,11-30-2007,Scotiabank
2008,2007-06-15,6.75,11-30-2007,Scotiabank
2008,2007-07-02,7.35,11-30-2007,Scotiabank
2008,2007-07-09,6.75,11-30-2007,Scotiabank
2008,2007-07-13,6.75,11-30-2007,Scotiabank
2008,2007-08-03,6.75,11-30-2007,Scotiabank
2008,2007-08-31,6.75,11-30-2007,Scotiabank
2008,2007-09-06,6.75,11-30-2007,Scotiabank
2008,2007-09-14,6.75,11-30-2007,Scotiabank
2008,2007-09-28,6.75,11-30-2007,Scotiabank
2008,2007-10-11,6.75,11-30-2007,Scotiabank
2008,2007-11-06,6.75,11-30-2007,Scotiabank
2008,2007-11-26,6.75,11-30-2007,Scotiabank
2008,2007-11-29,6.75,11-30-2007,Scotiabank
Q2-16,2014-10-31,5.94,05-31-2016,Scotiabank
Q2-16,2015-01-09,5.94,05-31-2016,Scotiabank
Q2-16,2015-02-04,6.05,05-31-2016,Scotiabank
Q2-16,2015-02-05,6.05,05-31-2016,Scotiabank
Q2-16,2015-02-26,6.05,05-31-2016,Scotiabank
Q2-16,2015-04-01,6.05,05-31-2016,Scotiabank
Q2-16,2015-05-01,6.05,05-31-2016,Scotiabank
Q2-16,2015-06-01,6.05,05-31-2016,Scotiabank
Q2-16,2015-06-26,6.05,05-31-2016,Scotiabank
Q2-16,2015-07-31,6.05,05-31-2016,Scotiabank
Q2-16,2015-09-02,6.7,05-31-2016,Scotiabank
Q2-16,2015-10-01,6.7,05-31-2016,Scotiabank
Q2-16,2015-11-02,6.7,05-31-2016,Scotiabank
Q2-16,2015-12-08,6.7,05-31-2016,Scotiabank
Q2-16,2016-01-06,6.6,05-31-2016,Scotiabank
Q2-16,2016-02-02,6.6,05-31-2016,Scotiabank
Q2-16,2016-02-08,6.6,05-31-2016,Scotiabank
Q2-16,2016-03-03,6.6,05-31-2016,Scotiabank
Q2-16,2016-04-01,6.6,05-31-2016,Scotiabank
Q2-16,2016-05-05,6.6,05-31-2016,Scotiabank
Q3-16,2014-10-31,5.92,05-31-2016,Scotiabank
Q3-16,2015-01-09,5.92,05-31-2016,Scotiabank
Q3-16,2015-02-04,6.03,05-31-2016,Scotiabank
Q3-16,2015-02-05,6.03,05-31-2016,Scotiabank
Q3-16,2015-02-26,6.03,05-31-2016,Scotiabank
Q3-16,2015-04-01,6.03,05-31-2016,Scotiabank
Q3-16,2015-05-01,6.03,05-31-2016,Scotiabank
Q3-16,2015-06-01,6.03,05-31-2016,Scotiabank
Q3-16,2015-06-26,6.03,05-31-2016,Scotiabank
Q3-16,2015-07-31,6.03,05-31-2016,Scotiabank
Q3-16,2015-09-02,6.75,05-31-2016,Scotiabank
Q3-16,2015-10-01,6.75,05-31-2016,Scotiabank
Q3-16,2015-11-02,6.75,05-31-2016,Scotiabank
Q3-16,2015-12-08,6.75,05-31-2016,Scotiabank
Q3-16,2016-01-06,6.65,05-31-2016,Scotiabank
Q3-16,2016-02-02,6.65,05-31-2016,Scotiabank
Q3-16,2016-02-08,6.65,05-31-2016,Scotiabank
Q3-16,2016-03-03,6.65,05-31-2016,Scotiabank
Q3-16,2016-04-01,6.65,05-31-2016,Scotiabank
Q3-16,2016-05-05,6.65,05-31-2016,Scotiabank
Q4-16,2014-10-31,5.9,05-31-2016,Scotiabank
Q4-16,2014-12-02,5.9,05-31-2016,Scotiabank
Q4-16,2015-01-09,5.9,05-31-2016,Scotiabank
Q4-16,2015-02-04,6.0,05-31-2016,Scotiabank
Q4-16,2015-02-05,6.0,05-31-2016,Scotiabank
Q4-16,2015-02-26,6.0,05-31-2016,Scotiabank
Q4-16,2015-04-01,6.0,05-31-2016,Scotiabank
Q4-16,2015-05-01,6.0,05-31-2016,Scotiabank
Q4-16,2015-06-01,6.0,05-31-2016,Scotiabank
Q4-16,2015-06-26,6.0,05-31-2016,Scotiabank
Q4-16,2015-07-31,6.0,05-31-2016,Scotiabank
Q4-16,2015-09-02,6.8,05-31-2016,Scotiabank
Q4-16,2015-10-01,6.8,05-31-2016,Scotiabank
Q4-16,2015-11-02,6.8,05-31-2016,Scotiabank
Q4-16,2015-12-08,6.8,05-31-2016,Scotiabank
Q4-16,2016-01-06,6.7,05-31-2016,Scotiabank
Q4-16,2016-02-02,6.7,05-31-2016,Scotiabank
Q4-16,2016-02-08,6.7,05-31-2016,Scotiabank
Q4-16,2016-03-03,6.7,05-31-2016,Scotiabank
Q4-16,2016-04-01,6.7,05-31-2016,Scotiabank
Q4-16,2016-05-05,6.7,05-31-2016,Scotiabank
Q1-17,2015-11-02,6.8,05-31-2016,Scotiabank
Q1-17,2015-12-08,6.8,05-31-2016,Scotiabank
Q1-17,2016-01-06,6.7,05-31-2016,Scotiabank
Q1-17,2016-02-08,6.7,05-31-2016,Scotiabank
Q1-17,2016-03-03,6.7,05-31-2016,Scotiabank
Q1-17,2016-04-01,6.7,05-31-2016,Scotiabank
Q1-17,2016-05-05,6.7,05-31-2016,Scotiabank
2017,2014-12-02,6.8,05-31-2016,Scotiabank
2017,2015-11-02,6.8,05-31-2016,Scotiabank
2017,2015-12-08,6.8,05-31-2016,Scotiabank
2017,2016-01-06,6.65,05-31-2016,Scotiabank
2017,2016-02-02,6.7,05-31-2016,Scotiabank
2017,2016-02-08,6.65,05-31-2016,Scotiabank
2017,2016-03-03,6.65,05-31-2016,Scotiabank
2017,2016-04-01,6.65,05-31-2016,Scotiabank
2017,2016-05-05,6.65,05-31-2016,Scotiabank
2018,2014-12-02,6.7,05-31-2016,Scotiabank
2018,2015-11-02,6.7,05-31-2016,Scotiabank
2018,2016-02-02,6.7,05-31-2016,Scotiabank
2019,2014-12-02,6.65,05-31-2016,Scotiabank
2019,2015-11-02,6.65,05-31-2016,Scotiabank
2019,2016-02-02,6.65,05-31-2016,Scotiabank
2020,2015-11-02,6.65,05-31-2016,Scotiabank
2020,2016-02-02,6.65,05-31-2016,Scotiabank
Q2-20,2019-06-10,6.6,05-31-2020,Scotiabank
Q2-20,2019-07-18,6.6,05-31-2020,Scotiabank
Q2-20,2019-09-11,6.8,05-31-2020,Scotiabank
Q2-20,2019-10-15,6.8,05-31-2020,Scotiabank
Q2-20,2019-11-21,6.8,05-31-2020,Scotiabank
Q2-20,2020-01-03,6.8,05-31-2020,Scotiabank
Q2-20,2020-02-10,6.8,05-31-2020,Scotiabank
Q2-20,2020-03-18,6.8,05-31-2020,Scotiabank
Q2-20,2020-05-12,6.9,05-31-2020,Scotiabank
Q3-20,2019-09-11,6.7,05-31-2020,Scotiabank
Q3-20,2019-10-15,6.8,05-31-2020,Scotiabank
Q3-20,2019-11-21,6.7,05-31-2020,Scotiabank
Q3-20,2020-01-03,6.7,05-31-2020,Scotiabank
Q3-20,2020-02-10,6.7,05-31-2020,Scotiabank
Q3-20,2020-03-18,6.7,05-31-2020,Scotiabank
Q3-20,2020-05-12,6.9,05-31-2020,Scotiabank
Q4-20,2018-10-15,6.5,05-31-2020,Scotiabank
Q4-20,2018-12-10,6.5,05-31-2020,Scotiabank
Q4-20,2019-01-14,6.5,05-31-2020,Scotiabank
Q4-20,2019-03-11,6.5,05-31-2020,Scotiabank
Q4-20,2019-04-23,6.5,05-31-2020,Scotiabank
Q4-20,2019-06-10,6.5,05-31-2020,Scotiabank
Q4-20,2019-07-18,6.5,05-31-2020,Scotiabank
Q4-20,2019-09-11,6.7,05-31-2020,Scotiabank
Q4-20,2019-10-15,6.7,05-31-2020,Scotiabank
Q4-20,2019-11-21,6.7,05-31-2020,Scotiabank
Q4-20,2020-01-03,6.7,05-31-2020,Scotiabank
Q4-20,2020-02-10,6.7,05-31-2020,Scotiabank
Q4-20,2020-03-18,6.7,05-31-2020,Scotiabank
Q4-20,2020-05-12,6.8,05-31-2020,Scotiabank
Q1-21,2020-03-18,6.6,05-31-2020,Scotiabank
Q1-21,2020-05-12,6.7,05-31-2020,Scotiabank
2021,2019-10-15,6.5,05-31-2020,Scotiabank
2021,2019-11-21,6.5,05-31-2020,Scotiabank
2021,2020-01-03,6.5,05-31-2020,Scotiabank
2021,2020-02-10,6.5,05-31-2020,Scotiabank
2021,2020-03-18,6.5,05-31-2020,Scotiabank
2021,2020-05-12,6.6,05-31-2020,Scotiabank
Q3-07,2006-11-20,7.4,08-31-2007,Scotiabank
Q3-07,2006-12-14,7.46,08-31-2007,Scotiabank
Q3-07,2007-01-09,7.46,08-31-2007,Scotiabank
Q3-07,2007-02-02,7.46,08-31-2007,Scotiabank
Q3-07,2007-02-22,7.46,08-31-2007,Scotiabank
Q3-07,2007-03-15,7.46,08-31-2007,Scotiabank
Q3-07,2007-03-22,7.47,08-31-2007,Scotiabank
Q3-07,2007-04-13,7.47,08-31-2007,Scotiabank
Q3-07,2007-04-20,7.47,08-31-2007,Scotiabank
Q3-07,2007-05-03,7.47,08-31-2007,Scotiabank
Q3-07,2007-05-25,7.47,08-31-2007,Scotiabank
Q3-07,2007-06-01,7.44,08-31-2007,Scotiabank
Q3-07,2007-06-14,7.44,08-31-2007,Scotiabank
Q3-07,2007-06-15,7.44,08-31-2007,Scotiabank
Q3-07,2007-07-02,7.44,08-31-2007,Scotiabank
Q3-07,2007-07-09,7.48,08-31-2007,Scotiabank
Q3-07,2007-07-13,7.48,08-31-2007,Scotiabank
Q3-07,2007-08-03,7.48,08-31-2007,Scotiabank
Q3-07,2007-08-31,7.48,08-31-2007,Scotiabank
Q4-07,2006-06-08,7.3,08-31-2007,Scotiabank
Q4-07,2006-06-29,7.3,08-31-2007,Scotiabank
Q4-07,2006-07-13,7.3,08-31-2007,Scotiabank
Q4-07,2006-08-03,7.3,08-31-2007,Scotiabank
Q4-07,2006-11-20,7.3,08-31-2007,Scotiabank
Q4-07,2006-12-14,7.35,08-31-2007,Scotiabank
Q4-07,2007-01-09,7.35,08-31-2007,Scotiabank
Q4-07,2007-02-02,7.35,08-31-2007,Scotiabank
Q4-07,2007-02-22,7.35,08-31-2007,Scotiabank
Q4-07,2007-03-15,7.35,08-31-2007,Scotiabank
Q4-07,2007-03-22,7.35,08-31-2007,Scotiabank
Q4-07,2007-04-13,7.35,08-31-2007,Scotiabank
Q4-07,2007-04-20,7.35,08-31-2007,Scotiabank
Q4-07,2007-05-03,7.35,08-31-2007,Scotiabank
Q4-07,2007-05-25,7.35,08-31-2007,Scotiabank
Q4-07,2007-06-01,7.35,08-31-2007,Scotiabank
Q4-07,2007-06-14,7.35,08-31-2007,Scotiabank
Q4-07,2007-06-15,7.35,08-31-2007,Scotiabank
Q4-07,2007-07-02,7.35,08-31-2007,Scotiabank
Q4-07,2007-07-09,7.35,08-31-2007,Scotiabank
Q4-07,2007-07-13,7.35,08-31-2007,Scotiabank
Q4-07,2007-08-03,7.35,08-31-2007,Scotiabank
Q4-07,2007-08-31,7.35,08-31-2007,Scotiabank
Q1-08,2007-03-15,7.25,08-31-2007,Scotiabank
Q1-08,2007-03-22,7.25,08-31-2007,Scotiabank
Q1-08,2007-04-13,7.25,08-31-2007,Scotiabank
Q1-08,2007-04-20,7.25,08-31-2007,Scotiabank
Q1-08,2007-05-03,7.2,08-31-2007,Scotiabank
Q1-08,2007-05-25,7.2,08-31-2007,Scotiabank
Q1-08,2007-06-01,7.2,08-31-2007,Scotiabank
Q1-08,2007-06-14,7.2,08-31-2007,Scotiabank
Q1-08,2007-06-15,7.2,08-31-2007,Scotiabank
Q1-08,2007-07-02,7.2,08-31-2007,Scotiabank
Q1-08,2007-07-09,7.2,08-31-2007,Scotiabank
Q1-08,2007-07-13,7.2,08-31-2007,Scotiabank
Q1-08,2007-08-03,7.2,08-31-2007,Scotiabank
Q1-08,2007-08-31,7.2,08-31-2007,Scotiabank
Q2-08,2007-06-01,7.04,08-31-2007,Scotiabank
Q2-08,2007-06-14,7.04,08-31-2007,Scotiabank
Q2-08,2007-06-15,7.04,08-31-2007,Scotiabank
Q2-08,2007-07-02,7.04,08-31-2007,Scotiabank
Q2-08,2007-07-09,7.04,08-31-2007,Scotiabank
Q2-08,2007-07-13,7.04,08-31-2007,Scotiabank
Q2-08,2007-08-03,7.04,08-31-2007,Scotiabank
Q2-08,2007-08-31,7.04,08-31-2007,Scotiabank
2008,2007-01-09,6.95,08-31-2007,Scotiabank
2008,2007-02-02,6.95,08-31-2007,Scotiabank
2008,2007-02-22,6.95,08-31-2007,Scotiabank
2008,2007-03-15,6.95,08-31-2007,Scotiabank
2008,2007-03-22,6.95,08-31-2007,Scotiabank
2008,2007-04-13,6.95,08-31-2007,Scotiabank
2008,2007-04-20,6.95,08-31-2007,Scotiabank
2008,2007-05-03,6.75,08-31-2007,Scotiabank
2008,2007-05-25,6.75,08-31-2007,Scotiabank
2008,2007-06-01,6.75,08-31-2007,Scotiabank
2008,2007-06-14,6.75,08-31-2007,Scotiabank
2008,2007-06-15,6.75,08-31-2007,Scotiabank
2008,2007-07-02,7.35,08-31-2007,Scotiabank
2008,2007-07-09,6.75,08-31-2007,Scotiabank
2008,2007-07-13,6.75,08-31-2007,Scotiabank
2008,2007-08-03,6.75,08-31-2007,Scotiabank
2008,2007-08-31,6.75,08-31-2007,Scotiabank
Q3-11,2010-05-03,6.1,08-31-2011,Scotiabank
Q3-11,2010-06-02,6.14,08-31-2011,Scotiabank
Q3-11,2010-08-17,6.3,08-31-2011,Scotiabank
Q3-11,2010-10-11,6.2,08-31-2011,Scotiabank
Q3-11,2010-11-04,6.2,08-31-2011,Scotiabank
Q3-11,2010-12-06,6.2,08-31-2011,Scotiabank
Q3-11,2011-01-06,6.22,08-31-2011,Scotiabank
Q3-11,2011-02-03,6.23,08-31-2011,Scotiabank
Q3-11,2011-02-11,6.23,08-31-2011,Scotiabank
Q3-11,2011-03-03,6.24,08-31-2011,Scotiabank
Q3-11,2011-04-04,6.25,08-31-2011,Scotiabank
Q3-11,2011-04-29,6.25,08-31-2011,Scotiabank
Q3-11,2011-06-03,6.35,08-31-2011,Scotiabank
Q3-11,2011-06-30,6.36,08-31-2011,Scotiabank
Q3-11,2011-08-09,6.36,08-31-2011,Scotiabank
Q3-11,2011-08-10,6.1,08-31-2011,Scotiabank
Q4-11,2009-12-04,6.0,08-31-2011,Scotiabank
Q4-11,2009-12-17,6.0,08-31-2011,Scotiabank
Q4-11,2010-01-08,6.0,08-31-2011,Scotiabank
Q4-11,2010-02-01,6.0,08-31-2011,Scotiabank
Q4-11,2010-03-04,6.0,08-31-2011,Scotiabank
Q4-11,2010-04-01,6.0,08-31-2011,Scotiabank
Q4-11,2010-05-03,6.0,08-31-2011,Scotiabank
Q4-11,2010-06-02,6.0,08-31-2011,Scotiabank
Q4-11,2010-07-08,6.2,08-31-2011,Scotiabank
Q4-11,2010-08-17,6.2,08-31-2011,Scotiabank
Q4-11,2010-09-02,6.5,08-31-2011,Scotiabank
Q4-11,2010-10-11,6.1,08-31-2011,Scotiabank
Q4-11,2010-11-04,6.1,08-31-2011,Scotiabank
Q4-11,2010-12-06,6.1,08-31-2011,Scotiabank
Q4-11,2011-01-06,6.1,08-31-2011,Scotiabank
Q4-11,2011-02-03,5.75,08-31-2011,Scotiabank
Q4-11,2011-02-11,6.1,08-31-2011,Scotiabank
Q4-11,2011-03-03,6.1,08-31-2011,Scotiabank
Q4-11,2011-04-04,6.1,08-31-2011,Scotiabank
Q4-11,2011-04-29,6.1,08-31-2011,Scotiabank
Q4-11,2011-06-03,6.25,08-31-2011,Scotiabank
Q4-11,2011-06-30,6.25,08-31-2011,Scotiabank
Q4-11,2011-08-09,6.25,08-31-2011,Scotiabank
Q4-11,2011-08-10,6.0,08-31-2011,Scotiabank
Q1-12,2011-03-03,6.01,08-31-2011,Scotiabank
Q1-12,2011-04-04,6.01,08-31-2011,Scotiabank
Q1-12,2011-04-29,6.01,08-31-2011,Scotiabank
Q1-12,2011-06-03,6.16,08-31-2011,Scotiabank
Q1-12,2011-06-30,6.16,08-31-2011,Scotiabank
Q1-12,2011-08-09,6.16,08-31-2011,Scotiabank
Q2-12,2011-03-03,5.92,08-31-2011,Scotiabank
Q2-12,2011-04-29,5.92,08-31-2011,Scotiabank
Q2-12,2011-06-30,6.06,08-31-2011,Scotiabank
Q2-12,2011-08-09,6.06,08-31-2011,Scotiabank
2012,2011-01-06,5.75,08-31-2011,Scotiabank
2012,2011-02-11,5.75,08-31-2011,Scotiabank
2012,2011-03-03,5.75,08-31-2011,Scotiabank
2012,2011-04-04,5.75,08-31-2011,Scotiabank
2012,2011-04-29,5.75,08-31-2011,Scotiabank
2012,2011-06-03,5.88,08-31-2011,Scotiabank
2012,2011-06-30,5.88,08-31-2011,Scotiabank
2012,2011-08-09,5.88,08-31-2011,Scotiabank
Q1-16,2014-10-31,5.96,02-28-2016,Scotiabank
Q1-16,2015-01-09,5.96,02-28-2016,Scotiabank
Q1-16,2015-02-04,6.08,02-28-2016,Scotiabank
Q1-16,2015-02-05,6.08,02-28-2016,Scotiabank
Q1-16,2015-02-26,6.08,02-28-2016,Scotiabank
Q1-16,2015-04-01,6.08,02-28-2016,Scotiabank
Q1-16,2015-05-01,6.08,02-28-2016,Scotiabank
Q1-16,2015-06-01,6.08,02-28-2016,Scotiabank
Q1-16,2015-06-26,6.08,02-28-2016,Scotiabank
Q1-16,2015-07-31,6.08,02-28-2016,Scotiabank
Q1-16,2015-09-02,6.65,02-28-2016,Scotiabank
Q1-16,2015-10-01,6.65,02-28-2016,Scotiabank
Q1-16,2015-11-02,6.65,02-28-2016,Scotiabank
Q1-16,2015-12-08,6.65,02-28-2016,Scotiabank
Q1-16,2016-01-06,6.6,02-28-2016,Scotiabank
Q1-16,2016-02-02,6.6,02-28-2016,Scotiabank
Q1-16,2016-02-08,6.6,02-28-2016,Scotiabank
Q2-16,2014-10-31,5.94,02-28-2016,Scotiabank
Q2-16,2015-01-09,5.94,02-28-2016,Scotiabank
Q2-16,2015-02-04,6.05,02-28-2016,Scotiabank
Q2-16,2015-02-05,6.05,02-28-2016,Scotiabank
Q2-16,2015-02-26,6.05,02-28-2016,Scotiabank
Q2-16,2015-04-01,6.05,02-28-2016,Scotiabank
Q2-16,2015-05-01,6.05,02-28-2016,Scotiabank
Q2-16,2015-06-01,6.05,02-28-2016,Scotiabank
Q2-16,2015-06-26,6.05,02-28-2016,Scotiabank
Q2-16,2015-07-31,6.05,02-28-2016,Scotiabank
Q2-16,2015-09-02,6.7,02-28-2016,Scotiabank
Q2-16,2015-10-01,6.7,02-28-2016,Scotiabank
Q2-16,2015-11-02,6.7,02-28-2016,Scotiabank
Q2-16,2015-12-08,6.7,02-28-2016,Scotiabank
Q2-16,2016-01-06,6.6,02-28-2016,Scotiabank
Q2-16,2016-02-02,6.6,02-28-2016,Scotiabank
Q2-16,2016-02-08,6.6,02-28-2016,Scotiabank
Q3-16,2014-10-31,5.92,02-28-2016,Scotiabank
Q3-16,2015-01-09,5.92,02-28-2016,Scotiabank
Q3-16,2015-02-04,6.03,02-28-2016,Scotiabank
Q3-16,2015-02-05,6.03,02-28-2016,Scotiabank
Q3-16,2015-02-26,6.03,02-28-2016,Scotiabank
Q3-16,2015-04-01,6.03,02-28-2016,Scotiabank
Q3-16,2015-05-01,6.03,02-28-2016,Scotiabank
Q3-16,2015-06-01,6.03,02-28-2016,Scotiabank
Q3-16,2015-06-26,6.03,02-28-2016,Scotiabank
Q3-16,2015-07-31,6.03,02-28-2016,Scotiabank
Q3-16,2015-09-02,6.75,02-28-2016,Scotiabank
Q3-16,2015-10-01,6.75,02-28-2016,Scotiabank
Q3-16,2015-11-02,6.75,02-28-2016,Scotiabank
Q3-16,2015-12-08,6.75,02-28-2016,Scotiabank
Q3-16,2016-01-06,6.65,02-28-2016,Scotiabank
Q3-16,2016-02-02,6.65,02-28-2016,Scotiabank
Q3-16,2016-02-08,6.65,02-28-2016,Scotiabank
Q4-16,2014-10-31,5.9,02-28-2016,Scotiabank
Q4-16,2014-12-02,5.9,02-28-2016,Scotiabank
Q4-16,2015-01-09,5.9,02-28-2016,Scotiabank
Q4-16,2015-02-04,6.0,02-28-2016,Scotiabank
Q4-16,2015-02-05,6.0,02-28-2016,Scotiabank
Q4-16,2015-02-26,6.0,02-28-2016,Scotiabank
Q4-16,2015-04-01,6.0,02-28-2016,Scotiabank
Q4-16,2015-05-01,6.0,02-28-2016,Scotiabank
Q4-16,2015-06-01,6.0,02-28-2016,Scotiabank
Q4-16,2015-06-26,6.0,02-28-2016,Scotiabank
Q4-16,2015-07-31,6.0,02-28-2016,Scotiabank
Q4-16,2015-09-02,6.8,02-28-2016,Scotiabank
Q4-16,2015-10-01,6.8,02-28-2016,Scotiabank
Q4-16,2015-11-02,6.8,02-28-2016,Scotiabank
Q4-16,2015-12-08,6.8,02-28-2016,Scotiabank
Q4-16,2016-01-06,6.7,02-28-2016,Scotiabank
Q4-16,2016-02-02,6.7,02-28-2016,Scotiabank
Q4-16,2016-02-08,6.7,02-28-2016,Scotiabank
2017,2014-12-02,6.8,02-28-2016,Scotiabank
2017,2015-11-02,6.8,02-28-2016,Scotiabank
2017,2015-12-08,6.8,02-28-2016,Scotiabank
2017,2016-01-06,6.65,02-28-2016,Scotiabank
2017,2016-02-02,6.7,02-28-2016,Scotiabank
2017,2016-02-08,6.65,02-28-2016,Scotiabank
2018,2014-12-02,6.7,02-28-2016,Scotiabank
2018,2015-11-02,6.7,02-28-2016,Scotiabank
2018,2016-02-02,6.7,02-28-2016,Scotiabank
2019,2014-12-02,6.65,02-28-2016,Scotiabank
2019,2015-11-02,6.65,02-28-2016,Scotiabank
2019,2016-02-02,6.65,02-28-2016,Scotiabank
2020,2015-11-02,6.65,02-28-2016,Scotiabank
2020,2016-02-02,6.65,02-28-2016,Scotiabank
Q4-08,2007-01-09,6.95,11-30-2008,Scotiabank
Q4-08,2007-02-02,6.95,11-30-2008,Scotiabank
Q4-08,2007-02-22,6.95,11-30-2008,Scotiabank
Q4-08,2007-03-15,6.95,11-30-2008,Scotiabank
Q4-08,2007-03-22,6.95,11-30-2008,Scotiabank
Q4-08,2007-04-13,6.95,11-30-2008,Scotiabank
Q4-08,2007-04-20,6.95,11-30-2008,Scotiabank
Q4-08,2007-05-03,6.75,11-30-2008,Scotiabank
Q4-08,2007-05-25,6.75,11-30-2008,Scotiabank
Q4-08,2007-06-01,6.75,11-30-2008,Scotiabank
Q4-08,2007-06-14,6.75,11-30-2008,Scotiabank
Q4-08,2007-06-15,6.75,11-30-2008,Scotiabank
Q4-08,2007-07-02,7.35,11-30-2008,Scotiabank
Q4-08,2007-07-09,6.75,11-30-2008,Scotiabank
Q4-08,2007-07-13,6.75,11-30-2008,Scotiabank
Q4-08,2007-08-03,6.75,11-30-2008,Scotiabank
Q4-08,2007-08-31,6.75,11-30-2008,Scotiabank
Q4-08,2007-09-06,6.75,11-30-2008,Scotiabank
Q4-08,2007-09-14,6.75,11-30-2008,Scotiabank
Q4-08,2007-09-28,6.75,11-30-2008,Scotiabank
Q4-08,2007-10-11,6.75,11-30-2008,Scotiabank
Q4-08,2007-11-06,6.75,11-30-2008,Scotiabank
Q4-08,2007-11-26,6.75,11-30-2008,Scotiabank
Q4-08,2007-11-29,6.75,11-30-2008,Scotiabank
Q4-08,2007-12-06,6.75,11-30-2008,Scotiabank
Q4-08,2007-12-13,6.75,11-30-2008,Scotiabank
Q4-08,2007-12-26,6.75,11-30-2008,Scotiabank
Q4-08,2008-01-03,6.75,11-30-2008,Scotiabank
Q4-08,2008-01-09,6.6,11-30-2008,Scotiabank
Q4-08,2008-01-11,6.6,11-30-2008,Scotiabank
Q4-08,2008-01-17,6.6,11-30-2008,Scotiabank
Q4-08,2008-01-28,6.6,11-30-2008,Scotiabank
Q4-08,2008-02-07,6.6,11-30-2008,Scotiabank
Q4-08,2008-02-21,6.6,11-30-2008,Scotiabank
Q4-08,2008-03-06,6.6,11-30-2008,Scotiabank
Q4-08,2008-03-13,6.6,11-30-2008,Scotiabank
Q4-08,2008-03-20,6.6,11-30-2008,Scotiabank
Q4-08,2008-04-03,6.5,11-30-2008,Scotiabank
Q4-08,2008-04-10,6.5,11-30-2008,Scotiabank
Q4-08,2008-04-22,6.5,11-30-2008,Scotiabank
Q4-08,2008-04-28,6.5,11-30-2008,Scotiabank
Q4-08,2008-05-05,6.5,11-30-2008,Scotiabank
Q4-08,2008-05-15,6.5,11-30-2008,Scotiabank
Q4-08,2008-06-11,6.5,11-30-2008,Scotiabank
Q4-08,2008-06-30,6.5,11-30-2008,Scotiabank
Q4-08,2008-08-06,6.5,11-30-2008,Scotiabank
Q4-08,2008-08-18,6.5,11-30-2008,Scotiabank
Q4-08,2008-09-10,6.65,11-30-2008,Scotiabank
Q4-08,2008-10-09,6.7,11-30-2008,Scotiabank
Q4-08,2008-10-20,6.7,11-30-2008,Scotiabank
Q4-08,2008-11-03,6.8,11-30-2008,Scotiabank
Q1-09,2008-03-06,6.47,11-30-2008,Scotiabank
Q1-09,2008-03-13,6.47,11-30-2008,Scotiabank
Q1-09,2008-03-20,6.47,11-30-2008,Scotiabank
Q1-09,2008-04-03,6.3445,11-30-2008,Scotiabank
Q1-09,2008-04-10,6.3445,11-30-2008,Scotiabank
Q1-09,2008-04-22,6.3445,11-30-2008,Scotiabank
Q1-09,2008-04-28,6.3445,11-30-2008,Scotiabank
Q1-09,2008-05-05,6.34,11-30-2008,Scotiabank
Q1-09,2008-05-15,6.34,11-30-2008,Scotiabank
Q1-09,2008-06-11,6.34,11-30-2008,Scotiabank
Q1-09,2008-06-30,6.34,11-30-2008,Scotiabank
Q1-09,2008-08-06,6.34,11-30-2008,Scotiabank
Q1-09,2008-08-18,6.34,11-30-2008,Scotiabank
Q1-09,2008-09-10,6.53,11-30-2008,Scotiabank
Q1-09,2008-10-09,6.65,11-30-2008,Scotiabank
Q1-09,2008-10-20,6.65,11-30-2008,Scotiabank
Q1-09,2008-11-03,6.75,11-30-2008,Scotiabank
Q2-09,2008-06-11,6.19,11-30-2008,Scotiabank
Q2-09,2008-06-30,6.19,11-30-2008,Scotiabank
Q2-09,2008-08-06,6.19,11-30-2008,Scotiabank
Q2-09,2008-08-18,6.19,11-30-2008,Scotiabank
Q2-09,2008-09-10,6.42,11-30-2008,Scotiabank
Q2-09,2008-10-09,6.6,11-30-2008,Scotiabank
Q2-09,2008-10-20,6.6,11-30-2008,Scotiabank
Q2-09,2008-11-03,6.7,11-30-2008,Scotiabank
Q3-09,2008-10-09,6.55,11-30-2008,Scotiabank
Q3-09,2008-10-20,6.55,11-30-2008,Scotiabank
Q3-09,2008-11-03,6.65,11-30-2008,Scotiabank
2009,2008-01-09,6.1,11-30-2008,Scotiabank
2009,2008-01-11,6.1,11-30-2008,Scotiabank
2009,2008-01-17,6.1,11-30-2008,Scotiabank
2009,2008-01-28,6.1,11-30-2008,Scotiabank
2009,2008-02-07,6.1,11-30-2008,Scotiabank
2009,2008-02-21,6.1,11-30-2008,Scotiabank
2009,2008-03-06,6.1,11-30-2008,Scotiabank
2009,2008-03-13,6.1,11-30-2008,Scotiabank
2009,2008-03-20,6.1,11-30-2008,Scotiabank
2009,2008-04-03,5.9,11-30-2008,Scotiabank
2009,2008-04-10,5.9,11-30-2008,Scotiabank
2009,2008-04-22,5.9,11-30-2008,Scotiabank
2009,2008-04-28,5.9,11-30-2008,Scotiabank
2009,2008-05-05,5.9,11-30-2008,Scotiabank
2009,2008-05-15,5.9,11-30-2008,Scotiabank
2009,2008-06-11,5.9,11-30-2008,Scotiabank
2009,2008-06-30,5.9,11-30-2008,Scotiabank
2009,2008-08-06,5.9,11-30-2008,Scotiabank
2009,2008-08-18,5.9,11-30-2008,Scotiabank
2009,2008-09-10,6.2,11-30-2008,Scotiabank
2009,2008-10-09,6.5,11-30-2008,Scotiabank
2009,2008-10-20,6.5,11-30-2008,Scotiabank
2009,2008-11-03,6.6,11-30-2008,Scotiabank
Q2-19,2018-07-03,6.4,05-31-2019,Scotiabank
Q2-19,2018-09-04,6.4,05-31-2019,Scotiabank
Q2-19,2018-09-10,6.5,05-31-2019,Scotiabank
Q2-19,2018-10-15,6.6,05-31-2019,Scotiabank
Q2-19,2018-12-10,6.6,05-31-2019,Scotiabank
Q2-19,2019-01-14,6.6,05-31-2019,Scotiabank
Q2-19,2019-03-11,6.6,05-31-2019,Scotiabank
Q2-19,2019-04-23,6.6,05-31-2019,Scotiabank
Q3-19,2018-09-04,6.3,05-31-2019,Scotiabank
Q3-19,2018-09-10,6.4,05-31-2019,Scotiabank
Q3-19,2018-10-15,6.7,05-31-2019,Scotiabank
Q3-19,2018-12-10,6.7,05-31-2019,Scotiabank
Q3-19,2019-01-14,6.7,05-31-2019,Scotiabank
Q3-19,2019-03-11,6.7,05-31-2019,Scotiabank
Q3-19,2019-04-23,6.7,05-31-2019,Scotiabank
Q4-19,2017-10-06,6.4,05-31-2019,Scotiabank
Q4-19,2017-11-06,6.4,05-31-2019,Scotiabank
Q4-19,2017-12-05,6.4,05-31-2019,Scotiabank
Q4-19,2018-01-12,6.3,05-31-2019,Scotiabank
Q4-19,2018-03-06,6.1,05-31-2019,Scotiabank
Q4-19,2018-04-16,6.1,05-31-2019,Scotiabank
Q4-19,2018-05-04,6.1,05-31-2019,Scotiabank
Q4-19,2018-07-03,6.3,05-31-2019,Scotiabank
Q4-19,2018-09-04,6.3,05-31-2019,Scotiabank
Q4-19,2018-09-10,6.4,05-31-2019,Scotiabank
Q4-19,2018-10-15,6.7,05-31-2019,Scotiabank
Q4-19,2018-12-10,6.7,05-31-2019,Scotiabank
Q4-19,2019-01-14,6.7,05-31-2019,Scotiabank
Q4-19,2019-03-11,6.7,05-31-2019,Scotiabank
Q4-19,2019-04-23,6.7,05-31-2019,Scotiabank
Q1-20,2019-03-11,6.6,05-31-2019,Scotiabank
Q1-20,2019-04-23,6.6,05-31-2019,Scotiabank
2020,2018-10-15,6.5,05-31-2019,Scotiabank
2020,2018-12-10,6.5,05-31-2019,Scotiabank
2020,2019-01-14,6.5,05-31-2019,Scotiabank
2020,2019-03-11,6.5,05-31-2019,Scotiabank
2020,2019-04-23,6.5,05-31-2019,Scotiabank
Q3-12,2011-03-03,5.84,08-31-2012,Scotiabank
Q3-12,2011-04-29,5.84,08-31-2012,Scotiabank
Q3-12,2011-09-06,5.97,08-31-2012,Scotiabank
Q3-12,2011-10-05,5.97,08-31-2012,Scotiabank
Q3-12,2011-11-03,6.13,08-31-2012,Scotiabank
Q3-12,2011-12-06,6.13,08-31-2012,Scotiabank
Q3-12,2011-12-22,6.13,08-31-2012,Scotiabank
Q3-12,2012-01-26,6.13,08-31-2012,Scotiabank
Q3-12,2012-02-02,6.13,08-31-2012,Scotiabank
Q3-12,2012-02-29,6.14,08-31-2012,Scotiabank
Q3-12,2012-04-04,6.17,08-31-2012,Scotiabank
Q3-12,2012-05-03,6.22,08-31-2012,Scotiabank
Q3-12,2012-06-05,6.3,08-31-2012,Scotiabank
Q3-12,2012-07-06,6.3,08-31-2012,Scotiabank
Q3-12,2012-08-02,6.3,08-31-2012,Scotiabank
Q3-12,2012-08-30,6.3,08-31-2012,Scotiabank
Q4-12,2011-01-06,5.75,08-31-2012,Scotiabank
Q4-12,2011-02-11,5.75,08-31-2012,Scotiabank
Q4-12,2011-03-03,5.75,08-31-2012,Scotiabank
Q4-12,2011-04-04,5.75,08-31-2012,Scotiabank
Q4-12,2011-04-29,5.75,08-31-2012,Scotiabank
Q4-12,2011-06-03,5.88,08-31-2012,Scotiabank
Q4-12,2011-06-30,5.88,08-31-2012,Scotiabank
Q4-12,2011-08-09,5.88,08-31-2012,Scotiabank
Q4-12,2011-09-06,5.88,08-31-2012,Scotiabank
Q4-12,2011-10-05,5.88,08-31-2012,Scotiabank
Q4-12,2011-10-09,6.07,08-31-2012,Scotiabank
Q4-12,2011-11-03,6.07,08-31-2012,Scotiabank
Q4-12,2011-12-06,6.07,08-31-2012,Scotiabank
Q4-12,2011-12-22,6.07,08-31-2012,Scotiabank
Q4-12,2012-01-26,6.07,08-31-2012,Scotiabank
Q4-12,2012-02-02,6.07,08-31-2012,Scotiabank
Q4-12,2012-02-29,6.07,08-31-2012,Scotiabank
Q4-12,2012-04-04,6.1,08-31-2012,Scotiabank
Q4-12,2012-05-03,6.18,08-31-2012,Scotiabank
Q4-12,2012-06-05,6.25,08-31-2012,Scotiabank
Q4-12,2012-07-06,6.25,08-31-2012,Scotiabank
Q4-12,2012-08-02,6.25,08-31-2012,Scotiabank
Q4-12,2012-08-30,6.25,08-31-2012,Scotiabank
Q1-13,2011-12-06,6.0,08-31-2012,Scotiabank
Q1-13,2011-12-22,6.01,08-31-2012,Scotiabank
Q1-13,2012-02-29,6.01,08-31-2012,Scotiabank
Q1-13,2012-04-04,6.08,08-31-2012,Scotiabank
Q1-13,2012-05-03,6.18,08-31-2012,Scotiabank
Q1-13,2012-06-05,6.25,08-31-2012,Scotiabank
Q1-13,2012-07-06,6.25,08-31-2012,Scotiabank
Q1-13,2012-08-02,6.25,08-31-2012,Scotiabank
Q1-13,2012-08-30,6.25,08-31-2012,Scotiabank
Q2-13,2011-12-06,6.0,08-31-2012,Scotiabank
Q2-13,2011-12-22,5.95,08-31-2012,Scotiabank
Q2-13,2012-05-03,6.13,08-31-2012,Scotiabank
Q2-13,2012-06-05,6.2,08-31-2012,Scotiabank
Q2-13,2012-07-06,6.2,08-31-2012,Scotiabank
Q2-13,2012-08-02,6.2,08-31-2012,Scotiabank
Q2-13,2012-08-30,6.2,08-31-2012,Scotiabank
2013,2011-04-29,5.8,08-31-2012,Scotiabank
2013,2011-12-06,5.8,08-31-2012,Scotiabank
2013,2011-12-22,5.84,08-31-2012,Scotiabank
2013,2012-01-26,5.84,08-31-2012,Scotiabank
2013,2012-02-02,5.84,08-31-2012,Scotiabank
2013,2012-02-29,5.84,08-31-2012,Scotiabank
2013,2012-04-04,5.9,08-31-2012,Scotiabank
2013,2012-05-03,6.05,08-31-2012,Scotiabank
2013,2012-06-05,6.1,08-31-2012,Scotiabank
2013,2012-07-06,6.1,08-31-2012,Scotiabank
2013,2012-08-02,6.1,08-31-2012,Scotiabank
2013,2012-08-30,6.1,08-31-2012,Scotiabank
Q1-15,2014-03-04,5.94,02-28-2015,Scotiabank
Q1-15,2014-03-27,5.94,02-28-2015,Scotiabank
Q1-15,2014-05-02,6.06,02-28-2015,Scotiabank
Q1-15,2014-05-29,6.06,02-28-2015,Scotiabank
Q1-15,2014-06-27,6.06,02-28-2015,Scotiabank
Q1-15,2014-08-01,6.06,02-28-2015,Scotiabank
Q1-15,2014-08-29,6.06,02-28-2015,Scotiabank
Q1-15,2014-10-02,6.06,02-28-2015,Scotiabank
Q1-15,2014-10-31,6.07,02-28-2015,Scotiabank
Q1-15,2014-12-02,6.07,02-28-2015,Scotiabank
Q1-15,2015-01-09,6.15,02-28-2015,Scotiabank
Q1-15,2015-02-04,6.23,02-28-2015,Scotiabank
Q1-15,2015-02-05,6.23,02-28-2015,Scotiabank
Q1-15,2015-02-26,6.23,02-28-2015,Scotiabank
Q2-15,2014-03-04,5.9,02-28-2015,Scotiabank
Q2-15,2014-03-27,5.9,02-28-2015,Scotiabank
Q2-15,2014-05-02,6.01,02-28-2015,Scotiabank
Q2-15,2014-05-29,6.01,02-28-2015,Scotiabank
Q2-15,2014-06-27,6.01,02-28-2015,Scotiabank
Q2-15,2014-08-01,6.01,02-28-2015,Scotiabank
Q2-15,2014-08-29,6.01,02-28-2015,Scotiabank
Q2-15,2014-10-02,6.01,02-28-2015,Scotiabank
Q2-15,2014-10-31,6.04,02-28-2015,Scotiabank
Q2-15,2014-12-02,6.04,02-28-2015,Scotiabank
Q2-15,2015-01-09,6.09,02-28-2015,Scotiabank
Q2-15,2015-02-04,6.2,02-28-2015,Scotiabank
Q2-15,2015-02-05,6.2,02-28-2015,Scotiabank
Q2-15,2015-02-26,6.2,02-28-2015,Scotiabank
Q3-15,2014-03-04,5.86,02-28-2015,Scotiabank
Q3-15,2014-03-27,5.86,02-28-2015,Scotiabank
Q3-15,2014-05-02,5.97,02-28-2015,Scotiabank
Q3-15,2014-05-29,5.97,02-28-2015,Scotiabank
Q3-15,2014-06-27,5.97,02-28-2015,Scotiabank
Q3-15,2014-08-01,5.97,02-28-2015,Scotiabank
Q3-15,2014-08-29,5.97,02-28-2015,Scotiabank
Q3-15,2014-10-02,5.97,02-28-2015,Scotiabank
Q3-15,2014-10-31,6.01,02-28-2015,Scotiabank
Q3-15,2014-12-02,6.01,02-28-2015,Scotiabank
Q3-15,2015-01-09,6.04,02-28-2015,Scotiabank
Q3-15,2015-02-04,6.15,02-28-2015,Scotiabank
Q3-15,2015-02-05,6.15,02-28-2015,Scotiabank
Q3-15,2015-02-26,6.15,02-28-2015,Scotiabank
Q4-15,2013-11-01,5.86,02-28-2015,Scotiabank
Q4-15,2013-11-29,5.86,02-28-2015,Scotiabank
Q4-15,2014-01-07,5.86,02-28-2015,Scotiabank
Q4-15,2014-01-30,5.86,02-28-2015,Scotiabank
Q4-15,2014-02-28,5.86,02-28-2015,Scotiabank
Q4-15,2014-03-04,5.86,02-28-2015,Scotiabank
Q4-15,2014-03-27,5.86,02-28-2015,Scotiabank
Q4-15,2014-05-02,5.92,02-28-2015,Scotiabank
Q4-15,2014-05-29,5.92,02-28-2015,Scotiabank
Q4-15,2014-06-27,5.92,02-28-2015,Scotiabank
Q4-15,2014-08-01,5.92,02-28-2015,Scotiabank
Q4-15,2014-08-29,5.92,02-28-2015,Scotiabank
Q4-15,2014-10-02,5.92,02-28-2015,Scotiabank
Q4-15,2014-10-31,5.98,02-28-2015,Scotiabank
Q4-15,2014-12-02,5.98,02-28-2015,Scotiabank
Q4-15,2015-01-09,5.98,02-28-2015,Scotiabank
Q4-15,2015-02-04,6.1,02-28-2015,Scotiabank
Q4-15,2015-02-05,6.1,02-28-2015,Scotiabank
Q4-15,2015-02-26,6.1,02-28-2015,Scotiabank
2016,2014-10-31,5.9,02-28-2015,Scotiabank
2016,2014-12-02,5.9,02-28-2015,Scotiabank
2016,2015-01-09,5.9,02-28-2015,Scotiabank
2016,2015-02-04,6.0,02-28-2015,Scotiabank
2016,2015-02-05,6.0,02-28-2015,Scotiabank
2016,2015-02-26,6.0,02-28-2015,Scotiabank
Q4-12,2011-01-06,5.75,11-30-2012,Scotiabank
Q4-12,2011-02-11,5.75,11-30-2012,Scotiabank
Q4-12,2011-03-03,5.75,11-30-2012,Scotiabank
Q4-12,2011-04-04,5.75,11-30-2012,Scotiabank
Q4-12,2011-04-29,5.75,11-30-2012,Scotiabank
Q4-12,2011-06-03,5.88,11-30-2012,Scotiabank
Q4-12,2011-06-30,5.88,11-30-2012,Scotiabank
Q4-12,2011-08-09,5.88,11-30-2012,Scotiabank
Q4-12,2011-09-06,5.88,11-30-2012,Scotiabank
Q4-12,2011-10-05,5.88,11-30-2012,Scotiabank
Q4-12,2011-10-09,6.07,11-30-2012,Scotiabank
Q4-12,2011-11-03,6.07,11-30-2012,Scotiabank
Q4-12,2011-12-06,6.07,11-30-2012,Scotiabank
Q4-12,2011-12-22,6.07,11-30-2012,Scotiabank
Q4-12,2012-01-26,6.07,11-30-2012,Scotiabank
Q4-12,2012-02-02,6.07,11-30-2012,Scotiabank
Q4-12,2012-02-29,6.07,11-30-2012,Scotiabank
Q4-12,2012-04-04,6.1,11-30-2012,Scotiabank
Q4-12,2012-05-03,6.18,11-30-2012,Scotiabank
Q4-12,2012-06-05,6.25,11-30-2012,Scotiabank
Q4-12,2012-07-06,6.25,11-30-2012,Scotiabank
Q4-12,2012-08-02,6.25,11-30-2012,Scotiabank
Q4-12,2012-08-30,6.25,11-30-2012,Scotiabank
Q4-12,2012-09-27,6.25,11-30-2012,Scotiabank
Q4-12,2012-11-01,6.25,11-30-2012,Scotiabank
Q1-13,2011-12-06,6.0,11-30-2012,Scotiabank
Q1-13,2011-12-22,6.01,11-30-2012,Scotiabank
Q1-13,2012-02-29,6.01,11-30-2012,Scotiabank
Q1-13,2012-04-04,6.08,11-30-2012,Scotiabank
Q1-13,2012-05-03,6.18,11-30-2012,Scotiabank
Q1-13,2012-06-05,6.25,11-30-2012,Scotiabank
Q1-13,2012-07-06,6.25,11-30-2012,Scotiabank
Q1-13,2012-08-02,6.25,11-30-2012,Scotiabank
Q1-13,2012-08-30,6.25,11-30-2012,Scotiabank
Q1-13,2012-09-27,6.25,11-30-2012,Scotiabank
Q1-13,2012-11-01,6.25,11-30-2012,Scotiabank
Q2-13,2011-12-06,6.0,11-30-2012,Scotiabank
Q2-13,2011-12-22,5.95,11-30-2012,Scotiabank
Q2-13,2012-05-03,6.13,11-30-2012,Scotiabank
Q2-13,2012-06-05,6.2,11-30-2012,Scotiabank
Q2-13,2012-07-06,6.2,11-30-2012,Scotiabank
Q2-13,2012-08-02,6.2,11-30-2012,Scotiabank
Q2-13,2012-08-30,6.2,11-30-2012,Scotiabank
Q2-13,2012-09-27,6.2,11-30-2012,Scotiabank
Q2-13,2012-11-01,6.2,11-30-2012,Scotiabank
Q3-13,2011-12-06,5.9,11-30-2012,Scotiabank
Q3-13,2011-12-22,5.9,11-30-2012,Scotiabank
Q3-13,2012-06-05,6.15,11-30-2012,Scotiabank
Q3-13,2012-07-06,6.15,11-30-2012,Scotiabank
Q3-13,2012-08-02,6.15,11-30-2012,Scotiabank
Q3-13,2012-08-30,6.15,11-30-2012,Scotiabank
Q3-13,2012-09-27,6.15,11-30-2012,Scotiabank
Q3-13,2012-11-01,6.15,11-30-2012,Scotiabank
2013,2011-04-29,5.8,11-30-2012,Scotiabank
2013,2011-12-06,5.8,11-30-2012,Scotiabank
2013,2011-12-22,5.84,11-30-2012,Scotiabank
2013,2012-01-26,5.84,11-30-2012,Scotiabank
2013,2012-02-02,5.84,11-30-2012,Scotiabank
2013,2012-02-29,5.84,11-30-2012,Scotiabank
2013,2012-04-04,5.9,11-30-2012,Scotiabank
2013,2012-05-03,6.05,11-30-2012,Scotiabank
2013,2012-06-05,6.1,11-30-2012,Scotiabank
2013,2012-07-06,6.1,11-30-2012,Scotiabank
2013,2012-08-02,6.1,11-30-2012,Scotiabank
2013,2012-08-30,6.1,11-30-2012,Scotiabank
2013,2012-09-27,6.1,11-30-2012,Scotiabank
2013,2012-11-01,6.1,11-30-2012,Scotiabank
2014,2011-04-29,6.04,11-30-2012,Scotiabank
2014,2012-06-05,6.04,11-30-2012,Scotiabank
2014,2012-11-01,6.04,11-30-2012,Scotiabank
Q2-15,2014-03-04,5.9,05-31-2015,Scotiabank
Q2-15,2014-03-27,5.9,05-31-2015,Scotiabank
Q2-15,2014-05-02,6.01,05-31-2015,Scotiabank
Q2-15,2014-05-29,6.01,05-31-2015,Scotiabank
Q2-15,2014-06-27,6.01,05-31-2015,Scotiabank
Q2-15,2014-08-01,6.01,05-31-2015,Scotiabank
Q2-15,2014-08-29,6.01,05-31-2015,Scotiabank
Q2-15,2014-10-02,6.01,05-31-2015,Scotiabank
Q2-15,2014-10-31,6.04,05-31-2015,Scotiabank
Q2-15,2014-12-02,6.04,05-31-2015,Scotiabank
Q2-15,2015-01-09,6.09,05-31-2015,Scotiabank
Q2-15,2015-02-04,6.2,05-31-2015,Scotiabank
Q2-15,2015-02-05,6.2,05-31-2015,Scotiabank
Q2-15,2015-02-26,6.2,05-31-2015,Scotiabank
Q2-15,2015-04-01,6.17,05-31-2015,Scotiabank
Q2-15,2015-05-01,6.17,05-31-2015,Scotiabank
Q3-15,2014-03-04,5.86,05-31-2015,Scotiabank
Q3-15,2014-03-27,5.86,05-31-2015,Scotiabank
Q3-15,2014-05-02,5.97,05-31-2015,Scotiabank
Q3-15,2014-05-29,5.97,05-31-2015,Scotiabank
Q3-15,2014-06-27,5.97,05-31-2015,Scotiabank
Q3-15,2014-08-01,5.97,05-31-2015,Scotiabank
Q3-15,2014-08-29,5.97,05-31-2015,Scotiabank
Q3-15,2014-10-02,5.97,05-31-2015,Scotiabank
Q3-15,2014-10-31,6.01,05-31-2015,Scotiabank
Q3-15,2014-12-02,6.01,05-31-2015,Scotiabank
Q3-15,2015-01-09,6.04,05-31-2015,Scotiabank
Q3-15,2015-02-04,6.15,05-31-2015,Scotiabank
Q3-15,2015-02-05,6.15,05-31-2015,Scotiabank
Q3-15,2015-02-26,6.15,05-31-2015,Scotiabank
Q3-15,2015-04-01,6.13,05-31-2015,Scotiabank
Q3-15,2015-05-01,6.13,05-31-2015,Scotiabank
Q4-15,2013-11-01,5.86,05-31-2015,Scotiabank
Q4-15,2013-11-29,5.86,05-31-2015,Scotiabank
Q4-15,2014-01-07,5.86,05-31-2015,Scotiabank
Q4-15,2014-01-30,5.86,05-31-2015,Scotiabank
Q4-15,2014-02-28,5.86,05-31-2015,Scotiabank
Q4-15,2014-03-04,5.86,05-31-2015,Scotiabank
Q4-15,2014-03-27,5.86,05-31-2015,Scotiabank
Q4-15,2014-05-02,5.92,05-31-2015,Scotiabank
Q4-15,2014-05-29,5.92,05-31-2015,Scotiabank
Q4-15,2014-06-27,5.92,05-31-2015,Scotiabank
Q4-15,2014-08-01,5.92,05-31-2015,Scotiabank
Q4-15,2014-08-29,5.92,05-31-2015,Scotiabank
Q4-15,2014-10-02,5.92,05-31-2015,Scotiabank
Q4-15,2014-10-31,5.98,05-31-2015,Scotiabank
Q4-15,2014-12-02,5.98,05-31-2015,Scotiabank
Q4-15,2015-01-09,5.98,05-31-2015,Scotiabank
Q4-15,2015-02-04,6.1,05-31-2015,Scotiabank
Q4-15,2015-02-05,6.1,05-31-2015,Scotiabank
Q4-15,2015-02-26,6.1,05-31-2015,Scotiabank
Q4-15,2015-04-01,6.1,05-31-2015,Scotiabank
Q4-15,2015-05-01,6.1,05-31-2015,Scotiabank
Q1-16,2014-10-31,5.96,05-31-2015,Scotiabank
Q1-16,2015-01-09,5.96,05-31-2015,Scotiabank
Q1-16,2015-02-04,6.08,05-31-2015,Scotiabank
Q1-16,2015-02-05,6.08,05-31-2015,Scotiabank
Q1-16,2015-02-26,6.08,05-31-2015,Scotiabank
Q1-16,2015-04-01,6.08,05-31-2015,Scotiabank
Q1-16,2015-05-01,6.08,05-31-2015,Scotiabank
2016,2014-10-31,5.9,05-31-2015,Scotiabank
2016,2014-12-02,5.9,05-31-2015,Scotiabank
2016,2015-01-09,5.9,05-31-2015,Scotiabank
2016,2015-02-04,6.0,05-31-2015,Scotiabank
2016,2015-02-05,6.0,05-31-2015,Scotiabank
2016,2015-02-26,6.0,05-31-2015,Scotiabank
2016,2015-04-01,6.0,05-31-2015,Scotiabank
2016,2015-05-01,6.0,05-31-2015,Scotiabank
Q3-08,2007-09-06,6.88,08-31-2008,Scotiabank
Q3-08,2007-09-14,6.88,08-31-2008,Scotiabank
Q3-08,2007-11-06,6.8835,08-31-2008,Scotiabank
Q3-08,2007-11-26,6.8835,08-31-2008,Scotiabank
Q3-08,2007-11-29,6.8835,08-31-2008,Scotiabank
Q3-08,2007-12-06,6.88,08-31-2008,Scotiabank
Q3-08,2007-12-13,6.88,08-31-2008,Scotiabank
Q3-08,2007-12-26,6.88,08-31-2008,Scotiabank
Q3-08,2008-01-03,6.88,08-31-2008,Scotiabank
Q3-08,2008-01-09,6.77,08-31-2008,Scotiabank
Q3-08,2008-01-11,6.77,08-31-2008,Scotiabank
Q3-08,2008-01-17,6.77,08-31-2008,Scotiabank
Q3-08,2008-01-28,6.77,08-31-2008,Scotiabank
Q3-08,2008-02-07,6.75,08-31-2008,Scotiabank
Q3-08,2008-02-21,6.75,08-31-2008,Scotiabank
Q3-08,2008-03-06,6.79,08-31-2008,Scotiabank
Q3-08,2008-03-13,6.79,08-31-2008,Scotiabank
Q3-08,2008-03-20,6.79,08-31-2008,Scotiabank
Q3-08,2008-04-03,6.6988,08-31-2008,Scotiabank
Q3-08,2008-04-10,6.6988,08-31-2008,Scotiabank
Q3-08,2008-04-22,6.6988,08-31-2008,Scotiabank
Q3-08,2008-04-28,6.6988,08-31-2008,Scotiabank
Q3-08,2008-05-05,6.71,08-31-2008,Scotiabank
Q3-08,2008-05-15,6.71,08-31-2008,Scotiabank
Q3-08,2008-06-11,6.72,08-31-2008,Scotiabank
Q3-08,2008-06-30,6.67,08-31-2008,Scotiabank
Q3-08,2008-08-06,6.67,08-31-2008,Scotiabank
Q3-08,2008-08-18,6.67,08-31-2008,Scotiabank
Q4-08,2007-01-09,6.95,08-31-2008,Scotiabank
Q4-08,2007-02-02,6.95,08-31-2008,Scotiabank
Q4-08,2007-02-22,6.95,08-31-2008,Scotiabank
Q4-08,2007-03-15,6.95,08-31-2008,Scotiabank
Q4-08,2007-03-22,6.95,08-31-2008,Scotiabank
Q4-08,2007-04-13,6.95,08-31-2008,Scotiabank
Q4-08,2007-04-20,6.95,08-31-2008,Scotiabank
Q4-08,2007-05-03,6.75,08-31-2008,Scotiabank
Q4-08,2007-05-25,6.75,08-31-2008,Scotiabank
Q4-08,2007-06-01,6.75,08-31-2008,Scotiabank
Q4-08,2007-06-14,6.75,08-31-2008,Scotiabank
Q4-08,2007-06-15,6.75,08-31-2008,Scotiabank
Q4-08,2007-07-02,7.35,08-31-2008,Scotiabank
Q4-08,2007-07-09,6.75,08-31-2008,Scotiabank
Q4-08,2007-07-13,6.75,08-31-2008,Scotiabank
Q4-08,2007-08-03,6.75,08-31-2008,Scotiabank
Q4-08,2007-08-31,6.75,08-31-2008,Scotiabank
Q4-08,2007-09-06,6.75,08-31-2008,Scotiabank
Q4-08,2007-09-14,6.75,08-31-2008,Scotiabank
Q4-08,2007-09-28,6.75,08-31-2008,Scotiabank
Q4-08,2007-10-11,6.75,08-31-2008,Scotiabank
Q4-08,2007-11-06,6.75,08-31-2008,Scotiabank
Q4-08,2007-11-26,6.75,08-31-2008,Scotiabank
Q4-08,2007-11-29,6.75,08-31-2008,Scotiabank
Q4-08,2007-12-06,6.75,08-31-2008,Scotiabank
Q4-08,2007-12-13,6.75,08-31-2008,Scotiabank
Q4-08,2007-12-26,6.75,08-31-2008,Scotiabank
Q4-08,2008-01-03,6.75,08-31-2008,Scotiabank
Q4-08,2008-01-09,6.6,08-31-2008,Scotiabank
Q4-08,2008-01-11,6.6,08-31-2008,Scotiabank
Q4-08,2008-01-17,6.6,08-31-2008,Scotiabank
Q4-08,2008-01-28,6.6,08-31-2008,Scotiabank
Q4-08,2008-02-07,6.6,08-31-2008,Scotiabank
Q4-08,2008-02-21,6.6,08-31-2008,Scotiabank
Q4-08,2008-03-06,6.6,08-31-2008,Scotiabank
Q4-08,2008-03-13,6.6,08-31-2008,Scotiabank
Q4-08,2008-03-20,6.6,08-31-2008,Scotiabank
Q4-08,2008-04-03,6.5,08-31-2008,Scotiabank
Q4-08,2008-04-10,6.5,08-31-2008,Scotiabank
Q4-08,2008-04-22,6.5,08-31-2008,Scotiabank
Q4-08,2008-04-28,6.5,08-31-2008,Scotiabank
Q4-08,2008-05-05,6.5,08-31-2008,Scotiabank
Q4-08,2008-05-15,6.5,08-31-2008,Scotiabank
Q4-08,2008-06-11,6.5,08-31-2008,Scotiabank
Q4-08,2008-06-30,6.5,08-31-2008,Scotiabank
Q4-08,2008-08-06,6.5,08-31-2008,Scotiabank
Q4-08,2008-08-18,6.5,08-31-2008,Scotiabank
Q1-09,2008-03-06,6.47,08-31-2008,Scotiabank
Q1-09,2008-03-13,6.47,08-31-2008,Scotiabank
Q1-09,2008-03-20,6.47,08-31-2008,Scotiabank
Q1-09,2008-04-03,6.3445,08-31-2008,Scotiabank
Q1-09,2008-04-10,6.3445,08-31-2008,Scotiabank
Q1-09,2008-04-22,6.3445,08-31-2008,Scotiabank
Q1-09,2008-04-28,6.3445,08-31-2008,Scotiabank
Q1-09,2008-05-05,6.34,08-31-2008,Scotiabank
Q1-09,2008-05-15,6.34,08-31-2008,Scotiabank
Q1-09,2008-06-11,6.34,08-31-2008,Scotiabank
Q1-09,2008-06-30,6.34,08-31-2008,Scotiabank
Q1-09,2008-08-06,6.34,08-31-2008,Scotiabank
Q1-09,2008-08-18,6.34,08-31-2008,Scotiabank
Q2-09,2008-06-11,6.19,08-31-2008,Scotiabank
Q2-09,2008-06-30,6.19,08-31-2008,Scotiabank
Q2-09,2008-08-06,6.19,08-31-2008,Scotiabank
Q2-09,2008-08-18,6.19,08-31-2008,Scotiabank
2009,2008-01-09,6.1,08-31-2008,Scotiabank
2009,2008-01-11,6.1,08-31-2008,Scotiabank
2009,2008-01-17,6.1,08-31-2008,Scotiabank
2009,2008-01-28,6.1,08-31-2008,Scotiabank
2009,2008-02-07,6.1,08-31-2008,Scotiabank
2009,2008-02-21,6.1,08-31-2008,Scotiabank
2009,2008-03-06,6.1,08-31-2008,Scotiabank
2009,2008-03-13,6.1,08-31-2008,Scotiabank
2009,2008-03-20,6.1,08-31-2008,Scotiabank
2009,2008-04-03,5.9,08-31-2008,Scotiabank
2009,2008-04-10,5.9,08-31-2008,Scotiabank
2009,2008-04-22,5.9,08-31-2008,Scotiabank
2009,2008-04-28,5.9,08-31-2008,Scotiabank
2009,2008-05-05,5.9,08-31-2008,Scotiabank
2009,2008-05-15,5.9,08-31-2008,Scotiabank
2009,2008-06-11,5.9,08-31-2008,Scotiabank
2009,2008-06-30,5.9,08-31-2008,Scotiabank
2009,2008-08-06,5.9,08-31-2008,Scotiabank
2009,2008-08-18,5.9,08-31-2008,Scotiabank
Q1-19,2018-03-06,6.2,02-28-2019,Scotiabank
Q1-19,2018-04-16,6.2,02-28-2019,Scotiabank
Q1-19,2018-05-04,6.2,02-28-2019,Scotiabank
Q1-19,2018-07-03,6.4,02-28-2019,Scotiabank
Q1-19,2018-09-04,6.4,02-28-2019,Scotiabank
Q1-19,2018-09-10,6.5,02-28-2019,Scotiabank
Q1-19,2018-10-15,6.8,02-28-2019,Scotiabank
Q1-19,2018-12-10,6.8,02-28-2019,Scotiabank
Q1-19,2019-01-14,6.8,02-28-2019,Scotiabank
Q2-19,2018-07-03,6.4,02-28-2019,Scotiabank
Q2-19,2018-09-04,6.4,02-28-2019,Scotiabank
Q2-19,2018-09-10,6.5,02-28-2019,Scotiabank
Q2-19,2018-10-15,6.6,02-28-2019,Scotiabank
Q2-19,2018-12-10,6.6,02-28-2019,Scotiabank
Q2-19,2019-01-14,6.6,02-28-2019,Scotiabank
Q3-19,2018-09-04,6.3,02-28-2019,Scotiabank
Q3-19,2018-09-10,6.4,02-28-2019,Scotiabank
Q3-19,2018-10-15,6.7,02-28-2019,Scotiabank
Q3-19,2018-12-10,6.7,02-28-2019,Scotiabank
Q3-19,2019-01-14,6.7,02-28-2019,Scotiabank
Q4-19,2017-10-06,6.4,02-28-2019,Scotiabank
Q4-19,2017-11-06,6.4,02-28-2019,Scotiabank
Q4-19,2017-12-05,6.4,02-28-2019,Scotiabank
Q4-19,2018-01-12,6.3,02-28-2019,Scotiabank
Q4-19,2018-03-06,6.1,02-28-2019,Scotiabank
Q4-19,2018-04-16,6.1,02-28-2019,Scotiabank
Q4-19,2018-05-04,6.1,02-28-2019,Scotiabank
Q4-19,2018-07-03,6.3,02-28-2019,Scotiabank
Q4-19,2018-09-04,6.3,02-28-2019,Scotiabank
Q4-19,2018-09-10,6.4,02-28-2019,Scotiabank
Q4-19,2018-10-15,6.7,02-28-2019,Scotiabank
Q4-19,2018-12-10,6.7,02-28-2019,Scotiabank
Q4-19,2019-01-14,6.7,02-28-2019,Scotiabank
2020,2018-10-15,6.5,02-28-2019,Scotiabank
2020,2018-12-10,6.5,02-28-2019,Scotiabank
2020,2019-01-14,6.5,02-28-2019,Scotiabank
Q1-18,2017-03-07,7.05,02-28-2018,Scotiabank
Q1-18,2017-04-12,7.05,02-28-2018,Scotiabank
Q1-18,2017-05-02,7.05,02-28-2018,Scotiabank
Q1-18,2017-06-01,6.95,02-28-2018,Scotiabank
Q1-18,2017-06-21,6.95,02-28-2018,Scotiabank
Q1-18,2017-09-08,6.45,02-28-2018,Scotiabank
Q1-18,2017-10-06,6.55,02-28-2018,Scotiabank
Q1-18,2017-11-06,6.55,02-28-2018,Scotiabank
Q1-18,2017-12-05,6.55,02-28-2018,Scotiabank
Q1-18,2018-01-12,6.5,02-28-2018,Scotiabank
Q2-18,2017-06-01,6.95,02-28-2018,Scotiabank
Q2-18,2017-06-21,6.95,02-28-2018,Scotiabank
Q2-18,2017-09-08,6.4,02-28-2018,Scotiabank
Q2-18,2017-10-06,6.55,02-28-2018,Scotiabank
Q2-18,2017-11-06,6.55,02-28-2018,Scotiabank
Q2-18,2017-12-05,6.55,02-28-2018,Scotiabank
Q2-18,2018-01-12,6.5,02-28-2018,Scotiabank
Q3-18,2017-09-08,6.35,02-28-2018,Scotiabank
Q3-18,2017-10-06,6.5,02-28-2018,Scotiabank
Q3-18,2017-11-06,6.5,02-28-2018,Scotiabank
Q3-18,2017-12-05,6.5,02-28-2018,Scotiabank
Q3-18,2018-01-12,6.45,02-28-2018,Scotiabank
Q4-18,2016-10-18,6.85,02-28-2018,Scotiabank
Q4-18,2016-11-22,7.4,02-28-2018,Scotiabank
Q4-18,2016-11-23,7.4,02-28-2018,Scotiabank
Q4-18,2016-11-28,7.4,02-28-2018,Scotiabank
Q4-18,2016-12-02,7.4,02-28-2018,Scotiabank
Q4-18,2017-01-17,7.4,02-28-2018,Scotiabank
Q4-18,2017-03-07,6.95,02-28-2018,Scotiabank
Q4-18,2017-04-12,6.95,02-28-2018,Scotiabank
Q4-18,2017-05-02,6.95,02-28-2018,Scotiabank
Q4-18,2017-06-01,6.9,02-28-2018,Scotiabank
Q4-18,2017-06-21,6.9,02-28-2018,Scotiabank
Q4-18,2017-09-08,6.3,02-28-2018,Scotiabank
Q4-18,2017-10-06,6.5,02-28-2018,Scotiabank
Q4-18,2017-11-06,6.5,02-28-2018,Scotiabank
Q4-18,2017-12-05,6.5,02-28-2018,Scotiabank
Q4-18,2018-01-12,6.45,02-28-2018,Scotiabank
2019,2017-10-06,6.4,02-28-2018,Scotiabank
2019,2017-11-06,6.4,02-28-2018,Scotiabank
2019,2017-12-05,6.4,02-28-2018,Scotiabank
2019,2018-01-12,6.3,02-28-2018,Scotiabank
Q3-09,2008-10-09,6.55,08-31-2009,Scotiabank
Q3-09,2008-10-20,6.55,08-31-2009,Scotiabank
Q3-09,2008-11-03,6.65,08-31-2009,Scotiabank
Q3-09,2008-12-04,6.65,08-31-2009,Scotiabank
Q3-09,2008-12-17,6.7,08-31-2009,Scotiabank
Q3-09,2009-01-09,6.73,08-31-2009,Scotiabank
Q3-09,2009-02-11,6.78,08-31-2009,Scotiabank
Q3-09,2009-02-19,6.78,08-31-2009,Scotiabank
Q3-09,2009-03-13,6.78,08-31-2009,Scotiabank
Q3-09,2009-03-19,6.78,08-31-2009,Scotiabank
Q3-09,2009-04-08,6.78,08-31-2009,Scotiabank
Q3-09,2009-05-07,6.78,08-31-2009,Scotiabank
Q3-09,2009-06-05,6.78,08-31-2009,Scotiabank
Q3-09,2009-07-08,6.79,08-31-2009,Scotiabank
Q3-09,2009-08-06,6.8,08-31-2009,Scotiabank
Q3-09,2009-08-14,6.8,08-31-2009,Scotiabank
Q3-09,2009-08-27,6.8,08-31-2009,Scotiabank
Q3-09,2009-08-28,6.8,08-31-2009,Scotiabank
Q4-09,2008-01-09,6.1,08-31-2009,Scotiabank
Q4-09,2008-01-11,6.1,08-31-2009,Scotiabank
Q4-09,2008-01-17,6.1,08-31-2009,Scotiabank
Q4-09,2008-01-28,6.1,08-31-2009,Scotiabank
Q4-09,2008-02-07,6.1,08-31-2009,Scotiabank
Q4-09,2008-02-21,6.1,08-31-2009,Scotiabank
Q4-09,2008-03-06,6.1,08-31-2009,Scotiabank
Q4-09,2008-03-13,6.1,08-31-2009,Scotiabank
Q4-09,2008-03-20,6.1,08-31-2009,Scotiabank
Q4-09,2008-04-03,5.9,08-31-2009,Scotiabank
Q4-09,2008-04-10,5.9,08-31-2009,Scotiabank
Q4-09,2008-04-22,5.9,08-31-2009,Scotiabank
Q4-09,2008-04-28,5.9,08-31-2009,Scotiabank
Q4-09,2008-05-05,5.9,08-31-2009,Scotiabank
Q4-09,2008-05-15,5.9,08-31-2009,Scotiabank
Q4-09,2008-06-11,5.9,08-31-2009,Scotiabank
Q4-09,2008-06-30,5.9,08-31-2009,Scotiabank
Q4-09,2008-08-06,5.9,08-31-2009,Scotiabank
Q4-09,2008-08-18,5.9,08-31-2009,Scotiabank
Q4-09,2008-09-10,6.2,08-31-2009,Scotiabank
Q4-09,2008-10-09,6.5,08-31-2009,Scotiabank
Q4-09,2008-10-20,6.5,08-31-2009,Scotiabank
Q4-09,2008-11-03,6.6,08-31-2009,Scotiabank
Q4-09,2008-12-04,6.6,08-31-2009,Scotiabank
Q4-09,2008-12-17,6.7,08-31-2009,Scotiabank
Q4-09,2009-01-09,6.7,08-31-2009,Scotiabank
Q4-09,2009-02-11,6.75,08-31-2009,Scotiabank
Q4-09,2009-02-19,6.75,08-31-2009,Scotiabank
Q4-09,2009-03-13,6.75,08-31-2009,Scotiabank
Q4-09,2009-03-19,6.75,08-31-2009,Scotiabank
Q4-09,2009-04-08,6.75,08-31-2009,Scotiabank
Q4-09,2009-05-07,6.75,08-31-2009,Scotiabank
Q4-09,2009-06-05,6.75,08-31-2009,Scotiabank
Q4-09,2009-07-08,6.75,08-31-2009,Scotiabank
Q4-09,2009-08-06,6.75,08-31-2009,Scotiabank
Q4-09,2009-08-14,6.75,08-31-2009,Scotiabank
Q4-09,2009-08-27,6.75,08-31-2009,Scotiabank
Q4-09,2009-08-28,6.75,08-31-2009,Scotiabank
Q1-10,2009-04-08,6.63,08-31-2009,Scotiabank
Q1-10,2009-05-07,6.63,08-31-2009,Scotiabank
Q1-10,2009-06-05,6.63,08-31-2009,Scotiabank
Q1-10,2009-07-08,6.63,08-31-2009,Scotiabank
Q1-10,2009-08-06,6.63,08-31-2009,Scotiabank
Q1-10,2009-08-14,6.63,08-31-2009,Scotiabank
Q1-10,2009-08-27,6.63,08-31-2009,Scotiabank
Q1-10,2009-08-28,6.63,08-31-2009,Scotiabank
Q2-10,2009-04-08,6.52,08-31-2009,Scotiabank
Q2-10,2009-05-07,6.52,08-31-2009,Scotiabank
Q2-10,2009-06-05,6.52,08-31-2009,Scotiabank
Q2-10,2009-07-08,6.52,08-31-2009,Scotiabank
Q2-10,2009-08-06,6.52,08-31-2009,Scotiabank
Q2-10,2009-08-14,6.52,08-31-2009,Scotiabank
Q2-10,2009-08-27,6.52,08-31-2009,Scotiabank
Q2-10,2009-08-28,6.52,08-31-2009,Scotiabank
2010,2008-12-17,6.3,08-31-2009,Scotiabank
2010,2009-02-11,6.3,08-31-2009,Scotiabank
2010,2009-02-19,6.3,08-31-2009,Scotiabank
2010,2009-03-13,6.3,08-31-2009,Scotiabank
2010,2009-03-19,6.3,08-31-2009,Scotiabank
2010,2009-04-08,6.3,08-31-2009,Scotiabank
2010,2009-05-07,6.3,08-31-2009,Scotiabank
2010,2009-06-05,6.3,08-31-2009,Scotiabank
2010,2009-07-08,6.3,08-31-2009,Scotiabank
2010,2009-08-06,6.3,08-31-2009,Scotiabank
2010,2009-08-14,6.3,08-31-2009,Scotiabank
2010,2009-08-27,6.3,08-31-2009,Scotiabank
2010,2009-08-28,6.3,08-31-2009,Scotiabank
2011,2009-01-09,6.3,08-31-2009,Scotiabank
Q2-14,2013-06-03,6.07,05-31-2014,Scotiabank
Q2-14,2013-06-27,6.07,05-31-2014,Scotiabank
Q2-14,2013-08-06,6.07,05-31-2014,Scotiabank
Q2-14,2013-08-30,6.07,05-31-2014,Scotiabank
Q2-14,2013-10-02,6.07,05-31-2014,Scotiabank
Q2-14,2013-11-01,6.07,05-31-2014,Scotiabank
Q2-14,2013-11-29,6.07,05-31-2014,Scotiabank
Q2-14,2014-01-07,6.02,05-31-2014,Scotiabank
Q2-14,2014-01-30,6.03,05-31-2014,Scotiabank
Q2-14,2014-02-28,6.03,05-31-2014,Scotiabank
Q2-14,2014-03-04,6.03,05-31-2014,Scotiabank
Q2-14,2014-03-27,6.06,05-31-2014,Scotiabank
Q2-14,2014-05-02,6.22,05-31-2014,Scotiabank
Q2-14,2014-05-29,6.22,05-31-2014,Scotiabank
Q3-14,2013-08-30,6.06,05-31-2014,Scotiabank
Q3-14,2013-10-02,6.06,05-31-2014,Scotiabank
Q3-14,2013-11-01,6.05,05-31-2014,Scotiabank
Q3-14,2013-11-29,6.05,05-31-2014,Scotiabank
Q3-14,2014-01-07,6.0,05-31-2014,Scotiabank
Q3-14,2014-01-30,6.01,05-31-2014,Scotiabank
Q3-14,2014-02-28,6.01,05-31-2014,Scotiabank
Q3-14,2014-03-04,6.01,05-31-2014,Scotiabank
Q3-14,2014-03-27,6.02,05-31-2014,Scotiabank
Q3-14,2014-05-02,6.16,05-31-2014,Scotiabank
Q3-14,2014-05-29,6.16,05-31-2014,Scotiabank
Q4-14,2012-06-05,6.04,05-31-2014,Scotiabank
Q4-14,2012-11-01,6.04,05-31-2014,Scotiabank
Q4-14,2012-12-04,6.04,05-31-2014,Scotiabank
Q4-14,2012-12-20,6.04,05-31-2014,Scotiabank
Q4-14,2012-12-28,6.04,05-31-2014,Scotiabank
Q4-14,2013-01-31,6.04,05-31-2014,Scotiabank
Q4-14,2013-02-28,6.04,05-31-2014,Scotiabank
Q4-14,2013-03-01,6.04,05-31-2014,Scotiabank
Q4-14,2013-03-28,6.04,05-31-2014,Scotiabank
Q4-14,2013-04-30,6.04,05-31-2014,Scotiabank
Q4-14,2013-05-03,6.04,05-31-2014,Scotiabank
Q4-14,2013-06-03,6.04,05-31-2014,Scotiabank
Q4-14,2013-06-27,6.04,05-31-2014,Scotiabank
Q4-14,2013-08-06,6.04,05-31-2014,Scotiabank
Q4-14,2013-08-30,6.04,05-31-2014,Scotiabank
Q4-14,2013-10-02,6.04,05-31-2014,Scotiabank
Q4-14,2013-11-01,5.98,05-31-2014,Scotiabank
Q4-14,2013-11-29,5.98,05-31-2014,Scotiabank
Q4-14,2014-01-07,5.98,05-31-2014,Scotiabank
Q4-14,2014-01-30,5.98,05-31-2014,Scotiabank
Q4-14,2014-02-28,5.98,05-31-2014,Scotiabank
Q4-14,2014-03-04,5.98,05-31-2014,Scotiabank
Q4-14,2014-03-27,5.98,05-31-2014,Scotiabank
Q4-14,2014-05-02,6.1,05-31-2014,Scotiabank
Q4-14,2014-05-29,6.1,05-31-2014,Scotiabank
Q1-15,2014-03-04,5.94,05-31-2014,Scotiabank
Q1-15,2014-03-27,5.94,05-31-2014,Scotiabank
Q1-15,2014-05-02,6.06,05-31-2014,Scotiabank
Q1-15,2014-05-29,6.06,05-31-2014,Scotiabank
2015,2013-11-01,5.86,05-31-2014,Scotiabank
2015,2013-11-29,5.86,05-31-2014,Scotiabank
2015,2014-01-07,5.86,05-31-2014,Scotiabank
2015,2014-01-30,5.86,05-31-2014,Scotiabank
2015,2014-02-28,5.86,05-31-2014,Scotiabank
2015,2014-03-04,5.86,05-31-2014,Scotiabank
2015,2014-03-27,5.86,05-31-2014,Scotiabank
2015,2014-05-02,5.92,05-31-2014,Scotiabank
2015,2014-05-29,5.92,05-31-2014,Scotiabank
Q1-22,2021-03-18,6.5,02-28-2022,Scotiabank
Q1-22,2021-05-28,6.5,02-28-2022,Scotiabank
Q1-22,2021-08-02,6.3,02-28-2022,Scotiabank
Q1-22,2021-09-16,6.3,02-28-2022,Scotiabank
Q1-22,2021-10-28,6.3,02-28-2022,Scotiabank
Q1-22,2021-12-21,6.3,02-28-2022,Scotiabank
Q1-22,2022-02-02,6.3,02-28-2022,Scotiabank
Q2-22,2021-05-28,6.5,02-28-2022,Scotiabank
Q2-22,2021-08-02,6.3,02-28-2022,Scotiabank
Q2-22,2021-09-16,6.3,02-28-2022,Scotiabank
Q2-22,2021-10-28,6.4,02-28-2022,Scotiabank
Q2-22,2021-12-21,6.4,02-28-2022,Scotiabank
Q2-22,2022-02-02,6.4,02-28-2022,Scotiabank
Q3-22,2021-09-16,6.2,02-28-2022,Scotiabank
Q3-22,2021-10-28,6.5,02-28-2022,Scotiabank
Q3-22,2021-12-21,6.5,02-28-2022,Scotiabank
Q3-22,2022-02-02,6.5,02-28-2022,Scotiabank
Q4-22,2020-12-02,6.3,02-28-2022,Scotiabank
Q4-22,2021-01-21,6.2,02-28-2022,Scotiabank
Q4-22,2021-03-18,6.6,02-28-2022,Scotiabank
Q4-22,2021-05-28,6.6,02-28-2022,Scotiabank
Q4-22,2021-08-02,6.2,02-28-2022,Scotiabank
Q4-22,2021-09-16,6.2,02-28-2022,Scotiabank
Q4-22,2021-10-28,6.3,02-28-2022,Scotiabank
Q4-22,2021-12-21,6.3,02-28-2022,Scotiabank
Q4-22,2022-02-02,6.3,02-28-2022,Scotiabank
2023,2021-10-28,6.1,02-28-2022,Scotiabank
2023,2021-12-21,6.1,02-28-2022,Scotiabank
2023,2022-02-02,6.2,02-28-2022,Scotiabank
Q4-13,2011-12-06,5.8,11-30-2013,Scotiabank
Q4-13,2011-12-22,5.84,11-30-2013,Scotiabank
Q4-13,2012-01-26,5.84,11-30-2013,Scotiabank
Q4-13,2012-02-02,5.84,11-30-2013,Scotiabank
Q4-13,2012-02-29,5.84,11-30-2013,Scotiabank
Q4-13,2012-04-04,5.9,11-30-2013,Scotiabank
Q4-13,2012-05-03,6.05,11-30-2013,Scotiabank
Q4-13,2012-06-05,6.1,11-30-2013,Scotiabank
Q4-13,2012-07-06,6.1,11-30-2013,Scotiabank
Q4-13,2012-08-02,6.1,11-30-2013,Scotiabank
Q4-13,2012-08-30,6.1,11-30-2013,Scotiabank
Q4-13,2012-09-27,6.1,11-30-2013,Scotiabank
Q4-13,2012-11-01,6.1,11-30-2013,Scotiabank
Q4-13,2012-12-04,6.1,11-30-2013,Scotiabank
Q4-13,2012-12-20,6.1,11-30-2013,Scotiabank
Q4-13,2012-12-28,6.1,11-30-2013,Scotiabank
Q4-13,2013-01-31,6.1,11-30-2013,Scotiabank
Q4-13,2013-02-28,6.1,11-30-2013,Scotiabank
Q4-13,2013-03-01,6.1,11-30-2013,Scotiabank
Q4-13,2013-03-28,6.1,11-30-2013,Scotiabank
Q4-13,2013-04-30,6.1,11-30-2013,Scotiabank
Q4-13,2013-05-03,6.1,11-30-2013,Scotiabank
Q4-13,2013-06-03,6.1,11-30-2013,Scotiabank
Q4-13,2013-06-27,6.1,11-30-2013,Scotiabank
Q4-13,2013-08-06,6.1,11-30-2013,Scotiabank
Q4-13,2013-08-30,6.1,11-30-2013,Scotiabank
Q4-13,2013-10-02,6.1,11-30-2013,Scotiabank
Q4-13,2013-11-01,6.08,11-30-2013,Scotiabank
Q1-14,2013-03-01,6.09,11-30-2013,Scotiabank
Q1-14,2013-03-28,6.09,11-30-2013,Scotiabank
Q1-14,2013-04-30,6.09,11-30-2013,Scotiabank
Q1-14,2013-05-03,6.09,11-30-2013,Scotiabank
Q1-14,2013-06-03,6.09,11-30-2013,Scotiabank
Q1-14,2013-06-27,6.09,11-30-2013,Scotiabank
Q1-14,2013-08-06,6.09,11-30-2013,Scotiabank
Q1-14,2013-08-30,6.09,11-30-2013,Scotiabank
Q1-14,2013-10-02,6.09,11-30-2013,Scotiabank
Q1-14,2013-11-01,6.08,11-30-2013,Scotiabank
Q1-14,2013-11-29,6.08,11-30-2013,Scotiabank
Q2-14,2013-06-03,6.07,11-30-2013,Scotiabank
Q2-14,2013-06-27,6.07,11-30-2013,Scotiabank
Q2-14,2013-08-06,6.07,11-30-2013,Scotiabank
Q2-14,2013-08-30,6.07,11-30-2013,Scotiabank
Q2-14,2013-10-02,6.07,11-30-2013,Scotiabank
Q2-14,2013-11-01,6.07,11-30-2013,Scotiabank
Q2-14,2013-11-29,6.07,11-30-2013,Scotiabank
Q3-14,2013-08-30,6.06,11-30-2013,Scotiabank
Q3-14,2013-10-02,6.06,11-30-2013,Scotiabank
Q3-14,2013-11-01,6.05,11-30-2013,Scotiabank
Q3-14,2013-11-29,6.05,11-30-2013,Scotiabank
2014,2012-06-05,6.04,11-30-2013,Scotiabank
2014,2012-11-01,6.04,11-30-2013,Scotiabank
2014,2012-12-04,6.04,11-30-2013,Scotiabank
2014,2012-12-20,6.04,11-30-2013,Scotiabank
2014,2012-12-28,6.04,11-30-2013,Scotiabank
2014,2013-01-31,6.04,11-30-2013,Scotiabank
2014,2013-02-28,6.04,11-30-2013,Scotiabank
2014,2013-03-01,6.04,11-30-2013,Scotiabank
2014,2013-03-28,6.04,11-30-2013,Scotiabank
2014,2013-04-30,6.04,11-30-2013,Scotiabank
2014,2013-05-03,6.04,11-30-2013,Scotiabank
2014,2013-06-03,6.04,11-30-2013,Scotiabank
2014,2013-06-27,6.04,11-30-2013,Scotiabank
2014,2013-08-06,6.04,11-30-2013,Scotiabank
2014,2013-08-30,6.04,11-30-2013,Scotiabank
2014,2013-10-02,6.04,11-30-2013,Scotiabank
2014,2013-11-01,5.98,11-30-2013,Scotiabank
2014,2013-11-29,5.98,11-30-2013,Scotiabank
2015,2013-11-01,5.86,11-30-2013,Scotiabank
2015,2013-11-29,5.86,11-30-2013,Scotiabank
Q1-14,2013-03-01,6.09,02-28-2014,Scotiabank
Q1-14,2013-03-28,6.09,02-28-2014,Scotiabank
Q1-14,2013-04-30,6.09,02-28-2014,Scotiabank
Q1-14,2013-05-03,6.09,02-28-2014,Scotiabank
Q1-14,2013-06-03,6.09,02-28-2014,Scotiabank
Q1-14,2013-06-27,6.09,02-28-2014,Scotiabank
Q1-14,2013-08-06,6.09,02-28-2014,Scotiabank
Q1-14,2013-08-30,6.09,02-28-2014,Scotiabank
Q1-14,2013-10-02,6.09,02-28-2014,Scotiabank
Q1-14,2013-11-01,6.08,02-28-2014,Scotiabank
Q1-14,2013-11-29,6.08,02-28-2014,Scotiabank
Q1-14,2014-01-07,6.04,02-28-2014,Scotiabank
Q1-14,2014-01-30,6.06,02-28-2014,Scotiabank
Q2-14,2013-06-03,6.07,02-28-2014,Scotiabank
Q2-14,2013-06-27,6.07,02-28-2014,Scotiabank
Q2-14,2013-08-06,6.07,02-28-2014,Scotiabank
Q2-14,2013-08-30,6.07,02-28-2014,Scotiabank
Q2-14,2013-10-02,6.07,02-28-2014,Scotiabank
Q2-14,2013-11-01,6.07,02-28-2014,Scotiabank
Q2-14,2013-11-29,6.07,02-28-2014,Scotiabank
Q2-14,2014-01-07,6.02,02-28-2014,Scotiabank
Q2-14,2014-01-30,6.03,02-28-2014,Scotiabank
Q3-14,2013-08-30,6.06,02-28-2014,Scotiabank
Q3-14,2013-10-02,6.06,02-28-2014,Scotiabank
Q3-14,2013-11-01,6.05,02-28-2014,Scotiabank
Q3-14,2013-11-29,6.05,02-28-2014,Scotiabank
Q3-14,2014-01-07,6.0,02-28-2014,Scotiabank
Q3-14,2014-01-30,6.01,02-28-2014,Scotiabank
Q4-14,2012-06-05,6.04,02-28-2014,Scotiabank
Q4-14,2012-11-01,6.04,02-28-2014,Scotiabank
Q4-14,2012-12-04,6.04,02-28-2014,Scotiabank
Q4-14,2012-12-20,6.04,02-28-2014,Scotiabank
Q4-14,2012-12-28,6.04,02-28-2014,Scotiabank
Q4-14,2013-01-31,6.04,02-28-2014,Scotiabank
Q4-14,2013-02-28,6.04,02-28-2014,Scotiabank
Q4-14,2013-03-01,6.04,02-28-2014,Scotiabank
Q4-14,2013-03-28,6.04,02-28-2014,Scotiabank
Q4-14,2013-04-30,6.04,02-28-2014,Scotiabank
Q4-14,2013-05-03,6.04,02-28-2014,Scotiabank
Q4-14,2013-06-03,6.04,02-28-2014,Scotiabank
Q4-14,2013-06-27,6.04,02-28-2014,Scotiabank
Q4-14,2013-08-06,6.04,02-28-2014,Scotiabank
Q4-14,2013-08-30,6.04,02-28-2014,Scotiabank
Q4-14,2013-10-02,6.04,02-28-2014,Scotiabank
Q4-14,2013-11-01,5.98,02-28-2014,Scotiabank
Q4-14,2013-11-29,5.98,02-28-2014,Scotiabank
Q4-14,2014-01-07,5.98,02-28-2014,Scotiabank
Q4-14,2014-01-30,5.98,02-28-2014,Scotiabank
2015,2013-11-01,5.86,02-28-2014,Scotiabank
2015,2013-11-29,5.86,02-28-2014,Scotiabank
2015,2014-01-07,5.86,02-28-2014,Scotiabank
2015,2014-01-30,5.86,02-28-2014,Scotiabank
Q3-13,2011-12-06,5.9,08-31-2013,Scotiabank
Q3-13,2011-12-22,5.9,08-31-2013,Scotiabank
Q3-13,2012-06-05,6.15,08-31-2013,Scotiabank
Q3-13,2012-07-06,6.15,08-31-2013,Scotiabank
Q3-13,2012-08-02,6.15,08-31-2013,Scotiabank
Q3-13,2012-08-30,6.15,08-31-2013,Scotiabank
Q3-13,2012-09-27,6.15,08-31-2013,Scotiabank
Q3-13,2012-11-01,6.15,08-31-2013,Scotiabank
Q3-13,2012-12-04,6.15,08-31-2013,Scotiabank
Q3-13,2012-12-20,6.15,08-31-2013,Scotiabank
Q3-13,2012-12-28,6.15,08-31-2013,Scotiabank
Q3-13,2013-01-31,6.15,08-31-2013,Scotiabank
Q3-13,2013-02-28,6.15,08-31-2013,Scotiabank
Q3-13,2013-03-01,6.15,08-31-2013,Scotiabank
Q3-13,2013-03-28,6.14,08-31-2013,Scotiabank
Q3-13,2013-04-30,6.14,08-31-2013,Scotiabank
Q3-13,2013-05-03,6.14,08-31-2013,Scotiabank
Q3-13,2013-06-03,6.12,08-31-2013,Scotiabank
Q3-13,2013-06-27,6.12,08-31-2013,Scotiabank
Q3-13,2013-08-06,6.12,08-31-2013,Scotiabank
Q3-13,2013-08-30,6.12,08-31-2013,Scotiabank
Q4-13,2011-12-06,5.8,08-31-2013,Scotiabank
Q4-13,2011-12-22,5.84,08-31-2013,Scotiabank
Q4-13,2012-01-26,5.84,08-31-2013,Scotiabank
Q4-13,2012-02-02,5.84,08-31-2013,Scotiabank
Q4-13,2012-02-29,5.84,08-31-2013,Scotiabank
Q4-13,2012-04-04,5.9,08-31-2013,Scotiabank
Q4-13,2012-05-03,6.05,08-31-2013,Scotiabank
Q4-13,2012-06-05,6.1,08-31-2013,Scotiabank
Q4-13,2012-07-06,6.1,08-31-2013,Scotiabank
Q4-13,2012-08-02,6.1,08-31-2013,Scotiabank
Q4-13,2012-08-30,6.1,08-31-2013,Scotiabank
Q4-13,2012-09-27,6.1,08-31-2013,Scotiabank
Q4-13,2012-11-01,6.1,08-31-2013,Scotiabank
Q4-13,2012-12-04,6.1,08-31-2013,Scotiabank
Q4-13,2012-12-20,6.1,08-31-2013,Scotiabank
Q4-13,2012-12-28,6.1,08-31-2013,Scotiabank
Q4-13,2013-01-31,6.1,08-31-2013,Scotiabank
Q4-13,2013-02-28,6.1,08-31-2013,Scotiabank
Q4-13,2013-03-01,6.1,08-31-2013,Scotiabank
Q4-13,2013-03-28,6.1,08-31-2013,Scotiabank
Q4-13,2013-04-30,6.1,08-31-2013,Scotiabank
Q4-13,2013-05-03,6.1,08-31-2013,Scotiabank
Q4-13,2013-06-03,6.1,08-31-2013,Scotiabank
Q4-13,2013-06-27,6.1,08-31-2013,Scotiabank
Q4-13,2013-08-06,6.1,08-31-2013,Scotiabank
Q4-13,2013-08-30,6.1,08-31-2013,Scotiabank
Q1-14,2013-03-01,6.09,08-31-2013,Scotiabank
Q1-14,2013-03-28,6.09,08-31-2013,Scotiabank
Q1-14,2013-04-30,6.09,08-31-2013,Scotiabank
Q1-14,2013-05-03,6.09,08-31-2013,Scotiabank
Q1-14,2013-06-03,6.09,08-31-2013,Scotiabank
Q1-14,2013-06-27,6.09,08-31-2013,Scotiabank
Q1-14,2013-08-06,6.09,08-31-2013,Scotiabank
Q1-14,2013-08-30,6.09,08-31-2013,Scotiabank
Q2-14,2013-06-03,6.07,08-31-2013,Scotiabank
Q2-14,2013-06-27,6.07,08-31-2013,Scotiabank
Q2-14,2013-08-06,6.07,08-31-2013,Scotiabank
Q2-14,2013-08-30,6.07,08-31-2013,Scotiabank
2014,2012-06-05,6.04,08-31-2013,Scotiabank
2014,2012-11-01,6.04,08-31-2013,Scotiabank
2014,2012-12-04,6.04,08-31-2013,Scotiabank
2014,2012-12-20,6.04,08-31-2013,Scotiabank
2014,2012-12-28,6.04,08-31-2013,Scotiabank
2014,2013-01-31,6.04,08-31-2013,Scotiabank
2014,2013-02-28,6.04,08-31-2013,Scotiabank
2014,2013-03-01,6.04,08-31-2013,Scotiabank
2014,2013-03-28,6.04,08-31-2013,Scotiabank
2014,2013-04-30,6.04,08-31-2013,Scotiabank
2014,2013-05-03,6.04,08-31-2013,Scotiabank
2014,2013-06-03,6.04,08-31-2013,Scotiabank
2014,2013-06-27,6.04,08-31-2013,Scotiabank
2014,2013-08-06,6.04,08-31-2013,Scotiabank
2014,2013-08-30,6.04,08-31-2013,Scotiabank
Q2-18,2017-06-01,6.95,05-31-2018,Scotiabank
Q2-18,2017-06-21,6.95,05-31-2018,Scotiabank
Q2-18,2017-09-08,6.4,05-31-2018,Scotiabank
Q2-18,2017-10-06,6.55,05-31-2018,Scotiabank
Q2-18,2017-11-06,6.55,05-31-2018,Scotiabank
Q2-18,2017-12-05,6.55,05-31-2018,Scotiabank
Q2-18,2018-01-12,6.5,05-31-2018,Scotiabank
Q2-18,2018-03-06,6.4,05-31-2018,Scotiabank
Q2-18,2018-04-16,6.3,05-31-2018,Scotiabank
Q2-18,2018-05-04,6.3,05-31-2018,Scotiabank
Q3-18,2017-09-08,6.35,05-31-2018,Scotiabank
Q3-18,2017-10-06,6.5,05-31-2018,Scotiabank
Q3-18,2017-11-06,6.5,05-31-2018,Scotiabank
Q3-18,2017-12-05,6.5,05-31-2018,Scotiabank
Q3-18,2018-01-12,6.45,05-31-2018,Scotiabank
Q3-18,2018-03-06,6.3,05-31-2018,Scotiabank
Q3-18,2018-04-16,6.3,05-31-2018,Scotiabank
Q3-18,2018-05-04,6.3,05-31-2018,Scotiabank
Q4-18,2016-10-18,6.85,05-31-2018,Scotiabank
Q4-18,2016-11-22,7.4,05-31-2018,Scotiabank
Q4-18,2016-11-23,7.4,05-31-2018,Scotiabank
Q4-18,2016-11-28,7.4,05-31-2018,Scotiabank
Q4-18,2016-12-02,7.4,05-31-2018,Scotiabank
Q4-18,2017-01-17,7.4,05-31-2018,Scotiabank
Q4-18,2017-03-07,6.95,05-31-2018,Scotiabank
Q4-18,2017-04-12,6.95,05-31-2018,Scotiabank
Q4-18,2017-05-02,6.95,05-31-2018,Scotiabank
Q4-18,2017-06-01,6.9,05-31-2018,Scotiabank
Q4-18,2017-06-21,6.9,05-31-2018,Scotiabank
Q4-18,2017-09-08,6.3,05-31-2018,Scotiabank
Q4-18,2017-10-06,6.5,05-31-2018,Scotiabank
Q4-18,2017-11-06,6.5,05-31-2018,Scotiabank
Q4-18,2017-12-05,6.5,05-31-2018,Scotiabank
Q4-18,2018-01-12,6.45,05-31-2018,Scotiabank
Q4-18,2018-03-06,6.3,05-31-2018,Scotiabank
Q4-18,2018-04-16,6.3,05-31-2018,Scotiabank
Q4-18,2018-05-04,6.3,05-31-2018,Scotiabank
Q1-19,2018-03-06,6.2,05-31-2018,Scotiabank
Q1-19,2018-04-16,6.2,05-31-2018,Scotiabank
Q1-19,2018-05-04,6.2,05-31-2018,Scotiabank
2019,2017-10-06,6.4,05-31-2018,Scotiabank
2019,2017-11-06,6.4,05-31-2018,Scotiabank
2019,2017-12-05,6.4,05-31-2018,Scotiabank
2019,2018-01-12,6.3,05-31-2018,Scotiabank
2019,2018-03-06,6.1,05-31-2018,Scotiabank
2019,2018-04-16,6.1,05-31-2018,Scotiabank
2019,2018-05-04,6.1,05-31-2018,Scotiabank
Q4-09,2008-01-09,6.1,11-30-2009,Scotiabank
Q4-09,2008-01-11,6.1,11-30-2009,Scotiabank
Q4-09,2008-01-17,6.1,11-30-2009,Scotiabank
Q4-09,2008-01-28,6.1,11-30-2009,Scotiabank
Q4-09,2008-02-07,6.1,11-30-2009,Scotiabank
Q4-09,2008-02-21,6.1,11-30-2009,Scotiabank
Q4-09,2008-03-06,6.1,11-30-2009,Scotiabank
Q4-09,2008-03-13,6.1,11-30-2009,Scotiabank
Q4-09,2008-03-20,6.1,11-30-2009,Scotiabank
Q4-09,2008-04-03,5.9,11-30-2009,Scotiabank
Q4-09,2008-04-10,5.9,11-30-2009,Scotiabank
Q4-09,2008-04-22,5.9,11-30-2009,Scotiabank
Q4-09,2008-04-28,5.9,11-30-2009,Scotiabank
Q4-09,2008-05-05,5.9,11-30-2009,Scotiabank
Q4-09,2008-05-15,5.9,11-30-2009,Scotiabank
Q4-09,2008-06-11,5.9,11-30-2009,Scotiabank
Q4-09,2008-06-30,5.9,11-30-2009,Scotiabank
Q4-09,2008-08-06,5.9,11-30-2009,Scotiabank
Q4-09,2008-08-18,5.9,11-30-2009,Scotiabank
Q4-09,2008-09-10,6.2,11-30-2009,Scotiabank
Q4-09,2008-10-09,6.5,11-30-2009,Scotiabank
Q4-09,2008-10-20,6.5,11-30-2009,Scotiabank
Q4-09,2008-11-03,6.6,11-30-2009,Scotiabank
Q4-09,2008-12-04,6.6,11-30-2009,Scotiabank
Q4-09,2008-12-17,6.7,11-30-2009,Scotiabank
Q4-09,2009-01-09,6.7,11-30-2009,Scotiabank
Q4-09,2009-02-11,6.75,11-30-2009,Scotiabank
Q4-09,2009-02-19,6.75,11-30-2009,Scotiabank
Q4-09,2009-03-13,6.75,11-30-2009,Scotiabank
Q4-09,2009-03-19,6.75,11-30-2009,Scotiabank
Q4-09,2009-04-08,6.75,11-30-2009,Scotiabank
Q4-09,2009-05-07,6.75,11-30-2009,Scotiabank
Q4-09,2009-06-05,6.75,11-30-2009,Scotiabank
Q4-09,2009-07-08,6.75,11-30-2009,Scotiabank
Q4-09,2009-08-06,6.75,11-30-2009,Scotiabank
Q4-09,2009-08-14,6.75,11-30-2009,Scotiabank
Q4-09,2009-08-27,6.75,11-30-2009,Scotiabank
Q4-09,2009-08-28,6.75,11-30-2009,Scotiabank
Q4-09,2009-09-09,6.75,11-30-2009,Scotiabank
Q4-09,2009-09-17,6.75,11-30-2009,Scotiabank
Q4-09,2009-09-24,6.75,11-30-2009,Scotiabank
Q4-09,2009-10-01,6.75,11-30-2009,Scotiabank
Q4-09,2009-10-02,6.75,11-30-2009,Scotiabank
Q4-09,2009-10-20,6.75,11-30-2009,Scotiabank
Q4-09,2009-10-30,6.75,11-30-2009,Scotiabank
Q4-09,2009-11-09,6.8,11-30-2009,Scotiabank
Q4-09,2009-11-20,6.8,11-30-2009,Scotiabank
Q4-09,2009-11-25,6.8,11-30-2009,Scotiabank
Q1-10,2009-04-08,6.63,11-30-2009,Scotiabank
Q1-10,2009-05-07,6.63,11-30-2009,Scotiabank
Q1-10,2009-06-05,6.63,11-30-2009,Scotiabank
Q1-10,2009-07-08,6.63,11-30-2009,Scotiabank
Q1-10,2009-08-06,6.63,11-30-2009,Scotiabank
Q1-10,2009-08-14,6.63,11-30-2009,Scotiabank
Q1-10,2009-08-27,6.63,11-30-2009,Scotiabank
Q1-10,2009-08-28,6.63,11-30-2009,Scotiabank
Q1-10,2009-09-09,6.63,11-30-2009,Scotiabank
Q1-10,2009-09-17,6.63,11-30-2009,Scotiabank
Q1-10,2009-09-24,6.63,11-30-2009,Scotiabank
Q1-10,2009-10-01,6.63,11-30-2009,Scotiabank
Q1-10,2009-10-02,6.63,11-30-2009,Scotiabank
Q1-10,2009-10-20,6.63,11-30-2009,Scotiabank
Q1-10,2009-10-30,6.63,11-30-2009,Scotiabank
Q1-10,2009-11-09,6.67,11-30-2009,Scotiabank
Q1-10,2009-11-20,6.67,11-30-2009,Scotiabank
Q1-10,2009-11-25,6.67,11-30-2009,Scotiabank
Q2-10,2009-04-08,6.52,11-30-2009,Scotiabank
Q2-10,2009-05-07,6.52,11-30-2009,Scotiabank
Q2-10,2009-06-05,6.52,11-30-2009,Scotiabank
Q2-10,2009-07-08,6.52,11-30-2009,Scotiabank
Q2-10,2009-08-06,6.52,11-30-2009,Scotiabank
Q2-10,2009-08-14,6.52,11-30-2009,Scotiabank
Q2-10,2009-08-27,6.52,11-30-2009,Scotiabank
Q2-10,2009-08-28,6.52,11-30-2009,Scotiabank
Q2-10,2009-09-09,6.52,11-30-2009,Scotiabank
Q2-10,2009-09-17,6.52,11-30-2009,Scotiabank
Q2-10,2009-09-24,6.52,11-30-2009,Scotiabank
Q2-10,2009-10-01,6.52,11-30-2009,Scotiabank
Q2-10,2009-10-02,6.52,11-30-2009,Scotiabank
Q2-10,2009-10-20,6.52,11-30-2009,Scotiabank
Q2-10,2009-10-30,6.52,11-30-2009,Scotiabank
Q2-10,2009-11-09,6.55,11-30-2009,Scotiabank
Q2-10,2009-11-20,6.55,11-30-2009,Scotiabank
Q2-10,2009-11-25,6.55,11-30-2009,Scotiabank
Q3-10,2009-04-08,6.41,11-30-2009,Scotiabank
Q3-10,2009-05-07,6.41,11-30-2009,Scotiabank
Q3-10,2009-06-05,6.41,11-30-2009,Scotiabank
Q3-10,2009-07-08,6.41,11-30-2009,Scotiabank
Q3-10,2009-08-06,6.41,11-30-2009,Scotiabank
Q3-10,2009-08-14,6.41,11-30-2009,Scotiabank
Q3-10,2009-08-27,6.41,11-30-2009,Scotiabank
Q3-10,2009-08-28,6.41,11-30-2009,Scotiabank
Q3-10,2009-09-09,6.41,11-30-2009,Scotiabank
Q3-10,2009-09-17,6.41,11-30-2009,Scotiabank
Q3-10,2009-09-24,6.41,11-30-2009,Scotiabank
Q3-10,2009-10-01,6.41,11-30-2009,Scotiabank
Q3-10,2009-10-02,6.41,11-30-2009,Scotiabank
Q3-10,2009-10-20,6.41,11-30-2009,Scotiabank
Q3-10,2009-10-30,6.41,11-30-2009,Scotiabank
Q3-10,2009-11-09,6.42,11-30-2009,Scotiabank
Q3-10,2009-11-20,6.42,11-30-2009,Scotiabank
Q3-10,2009-11-25,6.42,11-30-2009,Scotiabank
2010,2008-12-17,6.3,11-30-2009,Scotiabank
2010,2009-02-11,6.3,11-30-2009,Scotiabank
2010,2009-02-19,6.3,11-30-2009,Scotiabank
2010,2009-03-13,6.3,11-30-2009,Scotiabank
2010,2009-03-19,6.3,11-30-2009,Scotiabank
2010,2009-04-08,6.3,11-30-2009,Scotiabank
2010,2009-05-07,6.3,11-30-2009,Scotiabank
2010,2009-06-05,6.3,11-30-2009,Scotiabank
2010,2009-07-08,6.3,11-30-2009,Scotiabank
2010,2009-08-06,6.3,11-30-2009,Scotiabank
2010,2009-08-14,6.3,11-30-2009,Scotiabank
2010,2009-08-27,6.3,11-30-2009,Scotiabank
2010,2009-08-28,6.3,11-30-2009,Scotiabank
2010,2009-09-09,6.3,11-30-2009,Scotiabank
2010,2009-09-17,6.3,11-30-2009,Scotiabank
2010,2009-09-24,6.3,11-30-2009,Scotiabank
2010,2009-10-01,6.3,11-30-2009,Scotiabank
2010,2009-10-02,6.3,11-30-2009,Scotiabank
2010,2009-10-20,6.3,11-30-2009,Scotiabank
2010,2009-10-30,6.3,11-30-2009,Scotiabank
2010,2009-11-09,6.3,11-30-2009,Scotiabank
2010,2009-11-20,6.3,11-30-2009,Scotiabank
2010,2009-11-25,6.3,11-30-2009,Scotiabank
2011,2009-01-09,6.3,11-30-2009,Scotiabank
Q4-14,2012-12-04,6.04,11-30-2014,Scotiabank
Q4-14,2012-12-20,6.04,11-30-2014,Scotiabank
Q4-14,2012-12-28,6.04,11-30-2014,Scotiabank
Q4-14,2013-01-31,6.04,11-30-2014,Scotiabank
Q4-14,2013-02-28,6.04,11-30-2014,Scotiabank
Q4-14,2013-03-01,6.04,11-30-2014,Scotiabank
Q4-14,2013-03-28,6.04,11-30-2014,Scotiabank
Q4-14,2013-04-30,6.04,11-30-2014,Scotiabank
Q4-14,2013-05-03,6.04,11-30-2014,Scotiabank
Q4-14,2013-06-03,6.04,11-30-2014,Scotiabank
Q4-14,2013-06-27,6.04,11-30-2014,Scotiabank
Q4-14,2013-08-06,6.04,11-30-2014,Scotiabank
Q4-14,2013-08-30,6.04,11-30-2014,Scotiabank
Q4-14,2013-10-02,6.04,11-30-2014,Scotiabank
Q4-14,2013-11-01,5.98,11-30-2014,Scotiabank
Q4-14,2013-11-29,5.98,11-30-2014,Scotiabank
Q4-14,2014-01-07,5.98,11-30-2014,Scotiabank
Q4-14,2014-01-30,5.98,11-30-2014,Scotiabank
Q4-14,2014-02-28,5.98,11-30-2014,Scotiabank
Q4-14,2014-03-04,5.98,11-30-2014,Scotiabank
Q4-14,2014-03-27,5.98,11-30-2014,Scotiabank
Q4-14,2014-05-02,6.1,11-30-2014,Scotiabank
Q4-14,2014-05-29,6.1,11-30-2014,Scotiabank
Q4-14,2014-06-27,6.1,11-30-2014,Scotiabank
Q4-14,2014-08-01,6.1,11-30-2014,Scotiabank
Q4-14,2014-08-29,6.1,11-30-2014,Scotiabank
Q4-14,2014-10-02,6.1,11-30-2014,Scotiabank
Q4-14,2014-10-31,6.1,11-30-2014,Scotiabank
Q1-15,2014-03-04,5.94,11-30-2014,Scotiabank
Q1-15,2014-03-27,5.94,11-30-2014,Scotiabank
Q1-15,2014-05-02,6.06,11-30-2014,Scotiabank
Q1-15,2014-05-29,6.06,11-30-2014,Scotiabank
Q1-15,2014-06-27,6.06,11-30-2014,Scotiabank
Q1-15,2014-08-01,6.06,11-30-2014,Scotiabank
Q1-15,2014-08-29,6.06,11-30-2014,Scotiabank
Q1-15,2014-10-02,6.06,11-30-2014,Scotiabank
Q1-15,2014-10-31,6.07,11-30-2014,Scotiabank
Q2-15,2014-03-04,5.9,11-30-2014,Scotiabank
Q2-15,2014-03-27,5.9,11-30-2014,Scotiabank
Q2-15,2014-05-02,6.01,11-30-2014,Scotiabank
Q2-15,2014-05-29,6.01,11-30-2014,Scotiabank
Q2-15,2014-06-27,6.01,11-30-2014,Scotiabank
Q2-15,2014-08-01,6.01,11-30-2014,Scotiabank
Q2-15,2014-08-29,6.01,11-30-2014,Scotiabank
Q2-15,2014-10-02,6.01,11-30-2014,Scotiabank
Q2-15,2014-10-31,6.04,11-30-2014,Scotiabank
Q3-15,2014-03-04,5.86,11-30-2014,Scotiabank
Q3-15,2014-03-27,5.86,11-30-2014,Scotiabank
Q3-15,2014-05-02,5.97,11-30-2014,Scotiabank
Q3-15,2014-05-29,5.97,11-30-2014,Scotiabank
Q3-15,2014-06-27,5.97,11-30-2014,Scotiabank
Q3-15,2014-08-01,5.97,11-30-2014,Scotiabank
Q3-15,2014-08-29,5.97,11-30-2014,Scotiabank
Q3-15,2014-10-02,5.97,11-30-2014,Scotiabank
Q3-15,2014-10-31,6.01,11-30-2014,Scotiabank
2015,2013-11-01,5.86,11-30-2014,Scotiabank
2015,2013-11-29,5.86,11-30-2014,Scotiabank
2015,2014-01-07,5.86,11-30-2014,Scotiabank
2015,2014-01-30,5.86,11-30-2014,Scotiabank
2015,2014-02-28,5.86,11-30-2014,Scotiabank
2015,2014-03-04,5.86,11-30-2014,Scotiabank
2015,2014-03-27,5.86,11-30-2014,Scotiabank
2015,2014-05-02,5.92,11-30-2014,Scotiabank
2015,2014-05-29,5.92,11-30-2014,Scotiabank
2015,2014-06-27,5.92,11-30-2014,Scotiabank
2015,2014-08-01,5.92,11-30-2014,Scotiabank
2015,2014-08-29,5.92,11-30-2014,Scotiabank
2015,2014-10-02,5.92,11-30-2014,Scotiabank
2015,2014-10-31,5.98,11-30-2014,Scotiabank
2016,2014-10-31,5.9,11-30-2014,Scotiabank
Q1-09,2008-03-06,6.47,02-28-2009,Scotiabank
Q1-09,2008-03-13,6.47,02-28-2009,Scotiabank
Q1-09,2008-03-20,6.47,02-28-2009,Scotiabank
Q1-09,2008-04-03,6.3445,02-28-2009,Scotiabank
Q1-09,2008-04-10,6.3445,02-28-2009,Scotiabank
Q1-09,2008-04-22,6.3445,02-28-2009,Scotiabank
Q1-09,2008-04-28,6.3445,02-28-2009,Scotiabank
Q1-09,2008-05-05,6.34,02-28-2009,Scotiabank
Q1-09,2008-05-15,6.34,02-28-2009,Scotiabank
Q1-09,2008-06-11,6.34,02-28-2009,Scotiabank
Q1-09,2008-06-30,6.34,02-28-2009,Scotiabank
Q1-09,2008-08-06,6.34,02-28-2009,Scotiabank
Q1-09,2008-08-18,6.34,02-28-2009,Scotiabank
Q1-09,2008-09-10,6.53,02-28-2009,Scotiabank
Q1-09,2008-10-09,6.65,02-28-2009,Scotiabank
Q1-09,2008-10-20,6.65,02-28-2009,Scotiabank
Q1-09,2008-11-03,6.75,02-28-2009,Scotiabank
Q1-09,2008-12-04,6.75,02-28-2009,Scotiabank
Q1-09,2008-12-17,6.8,02-28-2009,Scotiabank
Q1-09,2009-01-09,6.8,02-28-2009,Scotiabank
Q1-09,2009-02-11,6.85,02-28-2009,Scotiabank
Q1-09,2009-02-19,6.85,02-28-2009,Scotiabank
Q2-09,2008-06-11,6.19,02-28-2009,Scotiabank
Q2-09,2008-06-30,6.19,02-28-2009,Scotiabank
Q2-09,2008-08-06,6.19,02-28-2009,Scotiabank
Q2-09,2008-08-18,6.19,02-28-2009,Scotiabank
Q2-09,2008-09-10,6.42,02-28-2009,Scotiabank
Q2-09,2008-10-09,6.6,02-28-2009,Scotiabank
Q2-09,2008-10-20,6.6,02-28-2009,Scotiabank
Q2-09,2008-11-03,6.7,02-28-2009,Scotiabank
Q2-09,2008-12-04,6.7,02-28-2009,Scotiabank
Q2-09,2008-12-17,6.8,02-28-2009,Scotiabank
Q2-09,2009-01-09,6.76,02-28-2009,Scotiabank
Q2-09,2009-02-11,6.82,02-28-2009,Scotiabank
Q2-09,2009-02-19,6.82,02-28-2009,Scotiabank
Q3-09,2008-10-09,6.55,02-28-2009,Scotiabank
Q3-09,2008-10-20,6.55,02-28-2009,Scotiabank
Q3-09,2008-11-03,6.65,02-28-2009,Scotiabank
Q3-09,2008-12-04,6.65,02-28-2009,Scotiabank
Q3-09,2008-12-17,6.7,02-28-2009,Scotiabank
Q3-09,2009-01-09,6.73,02-28-2009,Scotiabank
Q3-09,2009-02-11,6.78,02-28-2009,Scotiabank
Q3-09,2009-02-19,6.78,02-28-2009,Scotiabank
Q4-09,2008-01-09,6.1,02-28-2009,Scotiabank
Q4-09,2008-01-11,6.1,02-28-2009,Scotiabank
Q4-09,2008-01-17,6.1,02-28-2009,Scotiabank
Q4-09,2008-01-28,6.1,02-28-2009,Scotiabank
Q4-09,2008-02-07,6.1,02-28-2009,Scotiabank
Q4-09,2008-02-21,6.1,02-28-2009,Scotiabank
Q4-09,2008-03-06,6.1,02-28-2009,Scotiabank
Q4-09,2008-03-13,6.1,02-28-2009,Scotiabank
Q4-09,2008-03-20,6.1,02-28-2009,Scotiabank
Q4-09,2008-04-03,5.9,02-28-2009,Scotiabank
Q4-09,2008-04-10,5.9,02-28-2009,Scotiabank
Q4-09,2008-04-22,5.9,02-28-2009,Scotiabank
Q4-09,2008-04-28,5.9,02-28-2009,Scotiabank
Q4-09,2008-05-05,5.9,02-28-2009,Scotiabank
Q4-09,2008-05-15,5.9,02-28-2009,Scotiabank
Q4-09,2008-06-11,5.9,02-28-2009,Scotiabank
Q4-09,2008-06-30,5.9,02-28-2009,Scotiabank
Q4-09,2008-08-06,5.9,02-28-2009,Scotiabank
Q4-09,2008-08-18,5.9,02-28-2009,Scotiabank
Q4-09,2008-09-10,6.2,02-28-2009,Scotiabank
Q4-09,2008-10-09,6.5,02-28-2009,Scotiabank
Q4-09,2008-10-20,6.5,02-28-2009,Scotiabank
Q4-09,2008-11-03,6.6,02-28-2009,Scotiabank
Q4-09,2008-12-04,6.6,02-28-2009,Scotiabank
Q4-09,2008-12-17,6.7,02-28-2009,Scotiabank
Q4-09,2009-01-09,6.7,02-28-2009,Scotiabank
Q4-09,2009-02-11,6.75,02-28-2009,Scotiabank
Q4-09,2009-02-19,6.75,02-28-2009,Scotiabank
2010,2008-12-17,6.3,02-28-2009,Scotiabank
2010,2009-02-11,6.3,02-28-2009,Scotiabank
2010,2009-02-19,6.3,02-28-2009,Scotiabank
2011,2009-01-09,6.3,02-28-2009,Scotiabank
Q2-13,2011-12-06,6.0,05-31-2013,Scotiabank
Q2-13,2011-12-22,5.95,05-31-2013,Scotiabank
Q2-13,2012-05-03,6.13,05-31-2013,Scotiabank
Q2-13,2012-06-05,6.2,05-31-2013,Scotiabank
Q2-13,2012-07-06,6.2,05-31-2013,Scotiabank
Q2-13,2012-08-02,6.2,05-31-2013,Scotiabank
Q2-13,2012-08-30,6.2,05-31-2013,Scotiabank
Q2-13,2012-09-27,6.2,05-31-2013,Scotiabank
Q2-13,2012-11-01,6.2,05-31-2013,Scotiabank
Q2-13,2012-12-04,6.2,05-31-2013,Scotiabank
Q2-13,2012-12-20,6.2,05-31-2013,Scotiabank
Q2-13,2012-12-28,6.2,05-31-2013,Scotiabank
Q2-13,2013-01-31,6.2,05-31-2013,Scotiabank
Q2-13,2013-02-28,6.2,05-31-2013,Scotiabank
Q2-13,2013-03-01,6.2,05-31-2013,Scotiabank
Q2-13,2013-03-28,6.18,05-31-2013,Scotiabank
Q2-13,2013-04-30,6.17,05-31-2013,Scotiabank
Q2-13,2013-05-03,6.17,05-31-2013,Scotiabank
Q3-13,2011-12-06,5.9,05-31-2013,Scotiabank
Q3-13,2011-12-22,5.9,05-31-2013,Scotiabank
Q3-13,2012-06-05,6.15,05-31-2013,Scotiabank
Q3-13,2012-07-06,6.15,05-31-2013,Scotiabank
Q3-13,2012-08-02,6.15,05-31-2013,Scotiabank
Q3-13,2012-08-30,6.15,05-31-2013,Scotiabank
Q3-13,2012-09-27,6.15,05-31-2013,Scotiabank
Q3-13,2012-11-01,6.15,05-31-2013,Scotiabank
Q3-13,2012-12-04,6.15,05-31-2013,Scotiabank
Q3-13,2012-12-20,6.15,05-31-2013,Scotiabank
Q3-13,2012-12-28,6.15,05-31-2013,Scotiabank
Q3-13,2013-01-31,6.15,05-31-2013,Scotiabank
Q3-13,2013-02-28,6.15,05-31-2013,Scotiabank
Q3-13,2013-03-01,6.15,05-31-2013,Scotiabank
Q3-13,2013-03-28,6.14,05-31-2013,Scotiabank
Q3-13,2013-04-30,6.14,05-31-2013,Scotiabank
Q3-13,2013-05-03,6.14,05-31-2013,Scotiabank
Q4-13,2011-12-06,5.8,05-31-2013,Scotiabank
Q4-13,2011-12-22,5.84,05-31-2013,Scotiabank
Q4-13,2012-01-26,5.84,05-31-2013,Scotiabank
Q4-13,2012-02-02,5.84,05-31-2013,Scotiabank
Q4-13,2012-02-29,5.84,05-31-2013,Scotiabank
Q4-13,2012-04-04,5.9,05-31-2013,Scotiabank
Q4-13,2012-05-03,6.05,05-31-2013,Scotiabank
Q4-13,2012-06-05,6.1,05-31-2013,Scotiabank
Q4-13,2012-07-06,6.1,05-31-2013,Scotiabank
Q4-13,2012-08-02,6.1,05-31-2013,Scotiabank
Q4-13,2012-08-30,6.1,05-31-2013,Scotiabank
Q4-13,2012-09-27,6.1,05-31-2013,Scotiabank
Q4-13,2012-11-01,6.1,05-31-2013,Scotiabank
Q4-13,2012-12-04,6.1,05-31-2013,Scotiabank
Q4-13,2012-12-20,6.1,05-31-2013,Scotiabank
Q4-13,2012-12-28,6.1,05-31-2013,Scotiabank
Q4-13,2013-01-31,6.1,05-31-2013,Scotiabank
Q4-13,2013-02-28,6.1,05-31-2013,Scotiabank
Q4-13,2013-03-01,6.1,05-31-2013,Scotiabank
Q4-13,2013-03-28,6.1,05-31-2013,Scotiabank
Q4-13,2013-04-30,6.1,05-31-2013,Scotiabank
Q4-13,2013-05-03,6.1,05-31-2013,Scotiabank
Q1-14,2013-03-01,6.09,05-31-2013,Scotiabank
Q1-14,2013-03-28,6.09,05-31-2013,Scotiabank
Q1-14,2013-04-30,6.09,05-31-2013,Scotiabank
Q1-14,2013-05-03,6.09,05-31-2013,Scotiabank
2014,2012-06-05,6.04,05-31-2013,Scotiabank
2014,2012-11-01,6.04,05-31-2013,Scotiabank
2014,2012-12-04,6.04,05-31-2013,Scotiabank
2014,2012-12-20,6.04,05-31-2013,Scotiabank
2014,2012-12-28,6.04,05-31-2013,Scotiabank
2014,2013-01-31,6.04,05-31-2013,Scotiabank
2014,2013-02-28,6.04,05-31-2013,Scotiabank
2014,2013-03-01,6.04,05-31-2013,Scotiabank
2014,2013-03-28,6.04,05-31-2013,Scotiabank
2014,2013-04-30,6.04,05-31-2013,Scotiabank
2014,2013-05-03,6.04,05-31-2013,Scotiabank
Q3-18,2017-09-08,6.35,08-31-2018,Scotiabank
Q3-18,2017-10-06,6.5,08-31-2018,Scotiabank
Q3-18,2017-11-06,6.5,08-31-2018,Scotiabank
Q3-18,2017-12-05,6.5,08-31-2018,Scotiabank
Q3-18,2018-01-12,6.45,08-31-2018,Scotiabank
Q3-18,2018-03-06,6.3,08-31-2018,Scotiabank
Q3-18,2018-04-16,6.3,08-31-2018,Scotiabank
Q3-18,2018-05-04,6.3,08-31-2018,Scotiabank
Q3-18,2018-07-03,6.45,08-31-2018,Scotiabank
Q4-18,2016-10-18,6.85,08-31-2018,Scotiabank
Q4-18,2016-11-22,7.4,08-31-2018,Scotiabank
Q4-18,2016-11-23,7.4,08-31-2018,Scotiabank
Q4-18,2016-11-28,7.4,08-31-2018,Scotiabank
Q4-18,2016-12-02,7.4,08-31-2018,Scotiabank
Q4-18,2017-01-17,7.4,08-31-2018,Scotiabank
Q4-18,2017-03-07,6.95,08-31-2018,Scotiabank
Q4-18,2017-04-12,6.95,08-31-2018,Scotiabank
Q4-18,2017-05-02,6.95,08-31-2018,Scotiabank
Q4-18,2017-06-01,6.9,08-31-2018,Scotiabank
Q4-18,2017-06-21,6.9,08-31-2018,Scotiabank
Q4-18,2017-09-08,6.3,08-31-2018,Scotiabank
Q4-18,2017-10-06,6.5,08-31-2018,Scotiabank
Q4-18,2017-11-06,6.5,08-31-2018,Scotiabank
Q4-18,2017-12-05,6.5,08-31-2018,Scotiabank
Q4-18,2018-01-12,6.45,08-31-2018,Scotiabank
Q4-18,2018-03-06,6.3,08-31-2018,Scotiabank
Q4-18,2018-04-16,6.3,08-31-2018,Scotiabank
Q4-18,2018-05-04,6.3,08-31-2018,Scotiabank
Q4-18,2018-07-03,6.45,08-31-2018,Scotiabank
Q1-19,2018-03-06,6.2,08-31-2018,Scotiabank
Q1-19,2018-04-16,6.2,08-31-2018,Scotiabank
Q1-19,2018-05-04,6.2,08-31-2018,Scotiabank
Q1-19,2018-07-03,6.4,08-31-2018,Scotiabank
Q2-19,2018-07-03,6.4,08-31-2018,Scotiabank
2019,2017-10-06,6.4,08-31-2018,Scotiabank
2019,2017-11-06,6.4,08-31-2018,Scotiabank
2019,2017-12-05,6.4,08-31-2018,Scotiabank
2019,2018-01-12,6.3,08-31-2018,Scotiabank
2019,2018-03-06,6.1,08-31-2018,Scotiabank
2019,2018-04-16,6.1,08-31-2018,Scotiabank
2019,2018-05-04,6.1,08-31-2018,Scotiabank
2019,2018-07-03,6.3,08-31-2018,Scotiabank
Q4-18,2016-12-02,7.4,11-30-2018,Scotiabank
Q4-18,2017-01-17,7.4,11-30-2018,Scotiabank
Q4-18,2017-03-07,6.95,11-30-2018,Scotiabank
Q4-18,2017-04-12,6.95,11-30-2018,Scotiabank
Q4-18,2017-05-02,6.95,11-30-2018,Scotiabank
Q4-18,2017-06-01,6.9,11-30-2018,Scotiabank
Q4-18,2017-06-21,6.9,11-30-2018,Scotiabank
Q4-18,2017-09-08,6.3,11-30-2018,Scotiabank
Q4-18,2017-10-06,6.5,11-30-2018,Scotiabank
Q4-18,2017-11-06,6.5,11-30-2018,Scotiabank
Q4-18,2017-12-05,6.5,11-30-2018,Scotiabank
Q4-18,2018-01-12,6.45,11-30-2018,Scotiabank
Q4-18,2018-03-06,6.3,11-30-2018,Scotiabank
Q4-18,2018-04-16,6.3,11-30-2018,Scotiabank
Q4-18,2018-05-04,6.3,11-30-2018,Scotiabank
Q4-18,2018-07-03,6.45,11-30-2018,Scotiabank
Q4-18,2018-09-04,6.45,11-30-2018,Scotiabank
Q4-18,2018-09-10,6.6,11-30-2018,Scotiabank
Q4-18,2018-10-15,6.9,11-30-2018,Scotiabank
Q1-19,2018-03-06,6.2,11-30-2018,Scotiabank
Q1-19,2018-04-16,6.2,11-30-2018,Scotiabank
Q1-19,2018-05-04,6.2,11-30-2018,Scotiabank
Q1-19,2018-07-03,6.4,11-30-2018,Scotiabank
Q1-19,2018-09-04,6.4,11-30-2018,Scotiabank
Q1-19,2018-09-10,6.5,11-30-2018,Scotiabank
Q1-19,2018-10-15,6.8,11-30-2018,Scotiabank
Q2-19,2018-07-03,6.4,11-30-2018,Scotiabank
Q2-19,2018-09-04,6.4,11-30-2018,Scotiabank
Q2-19,2018-09-10,6.5,11-30-2018,Scotiabank
Q2-19,2018-10-15,6.6,11-30-2018,Scotiabank
Q3-19,2018-09-04,6.3,11-30-2018,Scotiabank
Q3-19,2018-09-10,6.4,11-30-2018,Scotiabank
Q3-19,2018-10-15,6.7,11-30-2018,Scotiabank
2019,2017-10-06,6.4,11-30-2018,Scotiabank
2019,2017-11-06,6.4,11-30-2018,Scotiabank
2019,2017-12-05,6.4,11-30-2018,Scotiabank
2019,2018-01-12,6.3,11-30-2018,Scotiabank
2019,2018-03-06,6.1,11-30-2018,Scotiabank
2019,2018-04-16,6.1,11-30-2018,Scotiabank
2019,2018-05-04,6.1,11-30-2018,Scotiabank
2019,2018-07-03,6.3,11-30-2018,Scotiabank
2019,2018-09-04,6.3,11-30-2018,Scotiabank
2019,2018-09-10,6.4,11-30-2018,Scotiabank
2019,2018-10-15,6.7,11-30-2018,Scotiabank
2020,2018-10-15,6.5,11-30-2018,Scotiabank
Q3-14,2013-08-30,6.06,08-31-2014,Scotiabank
Q3-14,2013-10-02,6.06,08-31-2014,Scotiabank
Q3-14,2013-11-01,6.05,08-31-2014,Scotiabank
Q3-14,2013-11-29,6.05,08-31-2014,Scotiabank
Q3-14,2014-01-07,6.0,08-31-2014,Scotiabank
Q3-14,2014-01-30,6.01,08-31-2014,Scotiabank
Q3-14,2014-02-28,6.01,08-31-2014,Scotiabank
Q3-14,2014-03-04,6.01,08-31-2014,Scotiabank
Q3-14,2014-03-27,6.02,08-31-2014,Scotiabank
Q3-14,2014-05-02,6.16,08-31-2014,Scotiabank
Q3-14,2014-05-29,6.16,08-31-2014,Scotiabank
Q3-14,2014-06-27,6.16,08-31-2014,Scotiabank
Q3-14,2014-08-01,6.16,08-31-2014,Scotiabank
Q3-14,2014-08-29,6.16,08-31-2014,Scotiabank
Q4-14,2012-11-01,6.04,08-31-2014,Scotiabank
Q4-14,2012-12-04,6.04,08-31-2014,Scotiabank
Q4-14,2012-12-20,6.04,08-31-2014,Scotiabank
Q4-14,2012-12-28,6.04,08-31-2014,Scotiabank
Q4-14,2013-01-31,6.04,08-31-2014,Scotiabank
Q4-14,2013-02-28,6.04,08-31-2014,Scotiabank
Q4-14,2013-03-01,6.04,08-31-2014,Scotiabank
Q4-14,2013-03-28,6.04,08-31-2014,Scotiabank
Q4-14,2013-04-30,6.04,08-31-2014,Scotiabank
Q4-14,2013-05-03,6.04,08-31-2014,Scotiabank
Q4-14,2013-06-03,6.04,08-31-2014,Scotiabank
Q4-14,2013-06-27,6.04,08-31-2014,Scotiabank
Q4-14,2013-08-06,6.04,08-31-2014,Scotiabank
Q4-14,2013-08-30,6.04,08-31-2014,Scotiabank
Q4-14,2013-10-02,6.04,08-31-2014,Scotiabank
Q4-14,2013-11-01,5.98,08-31-2014,Scotiabank
Q4-14,2013-11-29,5.98,08-31-2014,Scotiabank
Q4-14,2014-01-07,5.98,08-31-2014,Scotiabank
Q4-14,2014-01-30,5.98,08-31-2014,Scotiabank
Q4-14,2014-02-28,5.98,08-31-2014,Scotiabank
Q4-14,2014-03-04,5.98,08-31-2014,Scotiabank
Q4-14,2014-03-27,5.98,08-31-2014,Scotiabank
Q4-14,2014-05-02,6.1,08-31-2014,Scotiabank
Q4-14,2014-05-29,6.1,08-31-2014,Scotiabank
Q4-14,2014-06-27,6.1,08-31-2014,Scotiabank
Q4-14,2014-08-01,6.1,08-31-2014,Scotiabank
Q4-14,2014-08-29,6.1,08-31-2014,Scotiabank
Q1-15,2014-03-04,5.94,08-31-2014,Scotiabank
Q1-15,2014-03-27,5.94,08-31-2014,Scotiabank
Q1-15,2014-05-02,6.06,08-31-2014,Scotiabank
Q1-15,2014-05-29,6.06,08-31-2014,Scotiabank
Q1-15,2014-06-27,6.06,08-31-2014,Scotiabank
Q1-15,2014-08-01,6.06,08-31-2014,Scotiabank
Q1-15,2014-08-29,6.06,08-31-2014,Scotiabank
Q2-15,2014-03-04,5.9,08-31-2014,Scotiabank
Q2-15,2014-03-27,5.9,08-31-2014,Scotiabank
Q2-15,2014-05-02,6.01,08-31-2014,Scotiabank
Q2-15,2014-05-29,6.01,08-31-2014,Scotiabank
Q2-15,2014-06-27,6.01,08-31-2014,Scotiabank
Q2-15,2014-08-01,6.01,08-31-2014,Scotiabank
Q2-15,2014-08-29,6.01,08-31-2014,Scotiabank
2015,2013-11-01,5.86,08-31-2014,Scotiabank
2015,2013-11-29,5.86,08-31-2014,Scotiabank
2015,2014-01-07,5.86,08-31-2014,Scotiabank
2015,2014-01-30,5.86,08-31-2014,Scotiabank
2015,2014-02-28,5.86,08-31-2014,Scotiabank
2015,2014-03-04,5.86,08-31-2014,Scotiabank
2015,2014-03-27,5.86,08-31-2014,Scotiabank
2015,2014-05-02,5.92,08-31-2014,Scotiabank
2015,2014-05-29,5.92,08-31-2014,Scotiabank
2015,2014-06-27,5.92,08-31-2014,Scotiabank
2015,2014-08-01,5.92,08-31-2014,Scotiabank
2015,2014-08-29,5.92,08-31-2014,Scotiabank
Q2-09,2008-06-11,6.19,05-31-2009,Scotiabank
Q2-09,2008-06-30,6.19,05-31-2009,Scotiabank
Q2-09,2008-08-06,6.19,05-31-2009,Scotiabank
Q2-09,2008-08-18,6.19,05-31-2009,Scotiabank
Q2-09,2008-09-10,6.42,05-31-2009,Scotiabank
Q2-09,2008-10-09,6.6,05-31-2009,Scotiabank
Q2-09,2008-10-20,6.6,05-31-2009,Scotiabank
Q2-09,2008-11-03,6.7,05-31-2009,Scotiabank
Q2-09,2008-12-04,6.7,05-31-2009,Scotiabank
Q2-09,2008-12-17,6.8,05-31-2009,Scotiabank
Q2-09,2009-01-09,6.76,05-31-2009,Scotiabank
Q2-09,2009-02-11,6.82,05-31-2009,Scotiabank
Q2-09,2009-02-19,6.82,05-31-2009,Scotiabank
Q2-09,2009-03-13,6.8,05-31-2009,Scotiabank
Q2-09,2009-03-19,6.8,05-31-2009,Scotiabank
Q2-09,2009-04-08,6.81,05-31-2009,Scotiabank
Q2-09,2009-05-07,6.8,05-31-2009,Scotiabank
Q3-09,2008-10-09,6.55,05-31-2009,Scotiabank
Q3-09,2008-10-20,6.55,05-31-2009,Scotiabank
Q3-09,2008-11-03,6.65,05-31-2009,Scotiabank
Q3-09,2008-12-04,6.65,05-31-2009,Scotiabank
Q3-09,2008-12-17,6.7,05-31-2009,Scotiabank
Q3-09,2009-01-09,6.73,05-31-2009,Scotiabank
Q3-09,2009-02-11,6.78,05-31-2009,Scotiabank
Q3-09,2009-02-19,6.78,05-31-2009,Scotiabank
Q3-09,2009-03-13,6.78,05-31-2009,Scotiabank
Q3-09,2009-03-19,6.78,05-31-2009,Scotiabank
Q3-09,2009-04-08,6.78,05-31-2009,Scotiabank
Q3-09,2009-05-07,6.78,05-31-2009,Scotiabank
Q4-09,2008-01-09,6.1,05-31-2009,Scotiabank
Q4-09,2008-01-11,6.1,05-31-2009,Scotiabank
Q4-09,2008-01-17,6.1,05-31-2009,Scotiabank
Q4-09,2008-01-28,6.1,05-31-2009,Scotiabank
Q4-09,2008-02-07,6.1,05-31-2009,Scotiabank
Q4-09,2008-02-21,6.1,05-31-2009,Scotiabank
Q4-09,2008-03-06,6.1,05-31-2009,Scotiabank
Q4-09,2008-03-13,6.1,05-31-2009,Scotiabank
Q4-09,2008-03-20,6.1,05-31-2009,Scotiabank
Q4-09,2008-04-03,5.9,05-31-2009,Scotiabank
Q4-09,2008-04-10,5.9,05-31-2009,Scotiabank
Q4-09,2008-04-22,5.9,05-31-2009,Scotiabank
Q4-09,2008-04-28,5.9,05-31-2009,Scotiabank
Q4-09,2008-05-05,5.9,05-31-2009,Scotiabank
Q4-09,2008-05-15,5.9,05-31-2009,Scotiabank
Q4-09,2008-06-11,5.9,05-31-2009,Scotiabank
Q4-09,2008-06-30,5.9,05-31-2009,Scotiabank
Q4-09,2008-08-06,5.9,05-31-2009,Scotiabank
Q4-09,2008-08-18,5.9,05-31-2009,Scotiabank
Q4-09,2008-09-10,6.2,05-31-2009,Scotiabank
Q4-09,2008-10-09,6.5,05-31-2009,Scotiabank
Q4-09,2008-10-20,6.5,05-31-2009,Scotiabank
Q4-09,2008-11-03,6.6,05-31-2009,Scotiabank
Q4-09,2008-12-04,6.6,05-31-2009,Scotiabank
Q4-09,2008-12-17,6.7,05-31-2009,Scotiabank
Q4-09,2009-01-09,6.7,05-31-2009,Scotiabank
Q4-09,2009-02-11,6.75,05-31-2009,Scotiabank
Q4-09,2009-02-19,6.75,05-31-2009,Scotiabank
Q4-09,2009-03-13,6.75,05-31-2009,Scotiabank
Q4-09,2009-03-19,6.75,05-31-2009,Scotiabank
Q4-09,2009-04-08,6.75,05-31-2009,Scotiabank
Q4-09,2009-05-07,6.75,05-31-2009,Scotiabank
Q1-10,2009-04-08,6.63,05-31-2009,Scotiabank
Q1-10,2009-05-07,6.63,05-31-2009,Scotiabank
2010,2008-12-17,6.3,05-31-2009,Scotiabank
2010,2009-02-11,6.3,05-31-2009,Scotiabank
2010,2009-02-19,6.3,05-31-2009,Scotiabank
2010,2009-03-13,6.3,05-31-2009,Scotiabank
2010,2009-03-19,6.3,05-31-2009,Scotiabank
2010,2009-04-08,6.3,05-31-2009,Scotiabank
2010,2009-05-07,6.3,05-31-2009,Scotiabank
2011,2009-01-09,6.3,05-31-2009,Scotiabank
Q1-13,2011-12-06,6.0,02-28-2013,Scotiabank
Q1-13,2011-12-22,6.01,02-28-2013,Scotiabank
Q1-13,2012-02-29,6.01,02-28-2013,Scotiabank
Q1-13,2012-04-04,6.08,02-28-2013,Scotiabank
Q1-13,2012-05-03,6.18,02-28-2013,Scotiabank
Q1-13,2012-06-05,6.25,02-28-2013,Scotiabank
Q1-13,2012-07-06,6.25,02-28-2013,Scotiabank
Q1-13,2012-08-02,6.25,02-28-2013,Scotiabank
Q1-13,2012-08-30,6.25,02-28-2013,Scotiabank
Q1-13,2012-09-27,6.25,02-28-2013,Scotiabank
Q1-13,2012-11-01,6.25,02-28-2013,Scotiabank
Q1-13,2012-12-04,6.25,02-28-2013,Scotiabank
Q1-13,2012-12-20,6.25,02-28-2013,Scotiabank
Q1-13,2012-12-28,6.25,02-28-2013,Scotiabank
Q1-13,2013-01-31,6.22,02-28-2013,Scotiabank
Q1-13,2013-02-28,6.22,02-28-2013,Scotiabank
Q2-13,2011-12-06,6.0,02-28-2013,Scotiabank
Q2-13,2011-12-22,5.95,02-28-2013,Scotiabank
Q2-13,2012-05-03,6.13,02-28-2013,Scotiabank
Q2-13,2012-06-05,6.2,02-28-2013,Scotiabank
Q2-13,2012-07-06,6.2,02-28-2013,Scotiabank
Q2-13,2012-08-02,6.2,02-28-2013,Scotiabank
Q2-13,2012-08-30,6.2,02-28-2013,Scotiabank
Q2-13,2012-09-27,6.2,02-28-2013,Scotiabank
Q2-13,2012-11-01,6.2,02-28-2013,Scotiabank
Q2-13,2012-12-04,6.2,02-28-2013,Scotiabank
Q2-13,2012-12-20,6.2,02-28-2013,Scotiabank
Q2-13,2012-12-28,6.2,02-28-2013,Scotiabank
Q2-13,2013-01-31,6.2,02-28-2013,Scotiabank
Q2-13,2013-02-28,6.2,02-28-2013,Scotiabank
Q3-13,2011-12-06,5.9,02-28-2013,Scotiabank
Q3-13,2011-12-22,5.9,02-28-2013,Scotiabank
Q3-13,2012-06-05,6.15,02-28-2013,Scotiabank
Q3-13,2012-07-06,6.15,02-28-2013,Scotiabank
Q3-13,2012-08-02,6.15,02-28-2013,Scotiabank
Q3-13,2012-08-30,6.15,02-28-2013,Scotiabank
Q3-13,2012-09-27,6.15,02-28-2013,Scotiabank
Q3-13,2012-11-01,6.15,02-28-2013,Scotiabank
Q3-13,2012-12-04,6.15,02-28-2013,Scotiabank
Q3-13,2012-12-20,6.15,02-28-2013,Scotiabank
Q3-13,2012-12-28,6.15,02-28-2013,Scotiabank
Q3-13,2013-01-31,6.15,02-28-2013,Scotiabank
Q3-13,2013-02-28,6.15,02-28-2013,Scotiabank
Q4-13,2011-04-29,5.8,02-28-2013,Scotiabank
Q4-13,2011-12-06,5.8,02-28-2013,Scotiabank
Q4-13,2011-12-22,5.84,02-28-2013,Scotiabank
Q4-13,2012-01-26,5.84,02-28-2013,Scotiabank
Q4-13,2012-02-02,5.84,02-28-2013,Scotiabank
Q4-13,2012-02-29,5.84,02-28-2013,Scotiabank
Q4-13,2012-04-04,5.9,02-28-2013,Scotiabank
Q4-13,2012-05-03,6.05,02-28-2013,Scotiabank
Q4-13,2012-06-05,6.1,02-28-2013,Scotiabank
Q4-13,2012-07-06,6.1,02-28-2013,Scotiabank
Q4-13,2012-08-02,6.1,02-28-2013,Scotiabank
Q4-13,2012-08-30,6.1,02-28-2013,Scotiabank
Q4-13,2012-09-27,6.1,02-28-2013,Scotiabank
Q4-13,2012-11-01,6.1,02-28-2013,Scotiabank
Q4-13,2012-12-04,6.1,02-28-2013,Scotiabank
Q4-13,2012-12-20,6.1,02-28-2013,Scotiabank
Q4-13,2012-12-28,6.1,02-28-2013,Scotiabank
Q4-13,2013-01-31,6.1,02-28-2013,Scotiabank
Q4-13,2013-02-28,6.1,02-28-2013,Scotiabank
2014,2011-04-29,6.04,02-28-2013,Scotiabank
2014,2012-06-05,6.04,02-28-2013,Scotiabank
2014,2012-11-01,6.04,02-28-2013,Scotiabank
2014,2012-12-04,6.04,02-28-2013,Scotiabank
2014,2012-12-20,6.04,02-28-2013,Scotiabank
2014,2012-12-28,6.04,02-28-2013,Scotiabank
2014,2013-01-31,6.04,02-28-2013,Scotiabank
2014,2013-02-28,6.04,02-28-2013,Scotiabank
Q1-12,2011-03-03,6.01,02-28-2012,Scotiabank
Q1-12,2011-04-04,6.01,02-28-2012,Scotiabank
Q1-12,2011-04-29,6.01,02-28-2012,Scotiabank
Q1-12,2011-06-03,6.16,02-28-2012,Scotiabank
Q1-12,2011-06-30,6.16,02-28-2012,Scotiabank
Q1-12,2011-08-09,6.16,02-28-2012,Scotiabank
Q1-12,2011-09-06,6.16,02-28-2012,Scotiabank
Q1-12,2011-10-05,6.16,02-28-2012,Scotiabank
Q1-12,2011-10-09,6.26,02-28-2012,Scotiabank
Q1-12,2011-11-03,6.26,02-28-2012,Scotiabank
Q1-12,2011-12-06,6.26,02-28-2012,Scotiabank
Q1-12,2011-12-22,6.26,02-28-2012,Scotiabank
Q1-12,2012-01-26,6.26,02-28-2012,Scotiabank
Q1-12,2012-02-02,6.26,02-28-2012,Scotiabank
Q2-12,2011-03-03,5.92,02-28-2012,Scotiabank
Q2-12,2011-04-29,5.92,02-28-2012,Scotiabank
Q2-12,2011-06-30,6.06,02-28-2012,Scotiabank
Q2-12,2011-08-09,6.06,02-28-2012,Scotiabank
Q2-12,2011-09-06,6.06,02-28-2012,Scotiabank
Q2-12,2011-10-05,6.06,02-28-2012,Scotiabank
Q2-12,2011-10-09,6.19,02-28-2012,Scotiabank
Q2-12,2011-11-03,6.19,02-28-2012,Scotiabank
Q2-12,2011-12-06,6.19,02-28-2012,Scotiabank
Q2-12,2011-12-22,6.19,02-28-2012,Scotiabank
Q2-12,2012-01-26,6.19,02-28-2012,Scotiabank
Q2-12,2012-02-02,6.2,02-28-2012,Scotiabank
Q2-12,2012-02-29,6.2,02-28-2012,Scotiabank
Q3-12,2011-03-03,5.84,02-28-2012,Scotiabank
Q3-12,2011-04-29,5.84,02-28-2012,Scotiabank
Q3-12,2011-09-06,5.97,02-28-2012,Scotiabank
Q3-12,2011-10-05,5.97,02-28-2012,Scotiabank
Q3-12,2011-11-03,6.13,02-28-2012,Scotiabank
Q3-12,2011-12-06,6.13,02-28-2012,Scotiabank
Q3-12,2011-12-22,6.13,02-28-2012,Scotiabank
Q3-12,2012-01-26,6.13,02-28-2012,Scotiabank
Q3-12,2012-02-02,6.13,02-28-2012,Scotiabank
Q3-12,2012-02-29,6.14,02-28-2012,Scotiabank
Q4-12,2011-01-06,5.75,02-28-2012,Scotiabank
Q4-12,2011-02-11,5.75,02-28-2012,Scotiabank
Q4-12,2011-03-03,5.75,02-28-2012,Scotiabank
Q4-12,2011-04-04,5.75,02-28-2012,Scotiabank
Q4-12,2011-04-29,5.75,02-28-2012,Scotiabank
Q4-12,2011-06-03,5.88,02-28-2012,Scotiabank
Q4-12,2011-06-30,5.88,02-28-2012,Scotiabank
Q4-12,2011-08-09,5.88,02-28-2012,Scotiabank
Q4-12,2011-09-06,5.88,02-28-2012,Scotiabank
Q4-12,2011-10-05,5.88,02-28-2012,Scotiabank
Q4-12,2011-10-09,6.07,02-28-2012,Scotiabank
Q4-12,2011-11-03,6.07,02-28-2012,Scotiabank
Q4-12,2011-12-06,6.07,02-28-2012,Scotiabank
Q4-12,2011-12-22,6.07,02-28-2012,Scotiabank
Q4-12,2012-01-26,6.07,02-28-2012,Scotiabank
Q4-12,2012-02-02,6.07,02-28-2012,Scotiabank
Q4-12,2012-02-29,6.07,02-28-2012,Scotiabank
2013,2011-04-29,5.8,02-28-2012,Scotiabank
2013,2011-12-06,5.8,02-28-2012,Scotiabank
2013,2011-12-22,5.84,02-28-2012,Scotiabank
2013,2012-01-26,5.84,02-28-2012,Scotiabank
2013,2012-02-02,5.84,02-28-2012,Scotiabank
2013,2012-02-29,5.84,02-28-2012,Scotiabank
Q2-08,2007-06-01,7.04,05-31-2008,Scotiabank
Q2-08,2007-06-14,7.04,05-31-2008,Scotiabank
Q2-08,2007-06-15,7.04,05-31-2008,Scotiabank
Q2-08,2007-07-02,7.04,05-31-2008,Scotiabank
Q2-08,2007-07-09,7.04,05-31-2008,Scotiabank
Q2-08,2007-07-13,7.04,05-31-2008,Scotiabank
Q2-08,2007-08-03,7.04,05-31-2008,Scotiabank
Q2-08,2007-08-31,7.04,05-31-2008,Scotiabank
Q2-08,2007-09-06,7.02,05-31-2008,Scotiabank
Q2-08,2007-09-14,7.02,05-31-2008,Scotiabank
Q2-08,2007-09-28,7.04,05-31-2008,Scotiabank
Q2-08,2007-10-11,7.04,05-31-2008,Scotiabank
Q2-08,2007-11-06,7.0196,05-31-2008,Scotiabank
Q2-08,2007-11-26,7.0196,05-31-2008,Scotiabank
Q2-08,2007-11-29,7.0196,05-31-2008,Scotiabank
Q2-08,2007-12-06,7.02,05-31-2008,Scotiabank
Q2-08,2007-12-13,7.02,05-31-2008,Scotiabank
Q2-08,2007-12-26,7.02,05-31-2008,Scotiabank
Q2-08,2008-01-03,7.02,05-31-2008,Scotiabank
Q2-08,2008-01-09,6.94,05-31-2008,Scotiabank
Q2-08,2008-01-11,6.94,05-31-2008,Scotiabank
Q2-08,2008-01-17,6.94,05-31-2008,Scotiabank
Q2-08,2008-01-28,6.94,05-31-2008,Scotiabank
Q2-08,2008-02-07,6.91,05-31-2008,Scotiabank
Q2-08,2008-02-21,6.91,05-31-2008,Scotiabank
Q2-08,2008-03-06,6.93,05-31-2008,Scotiabank
Q2-08,2008-03-13,6.93,05-31-2008,Scotiabank
Q2-08,2008-03-20,6.93,05-31-2008,Scotiabank
Q2-08,2008-04-03,6.8519,05-31-2008,Scotiabank
Q2-08,2008-04-10,6.8519,05-31-2008,Scotiabank
Q2-08,2008-04-22,6.8519,05-31-2008,Scotiabank
Q2-08,2008-04-28,6.8519,05-31-2008,Scotiabank
Q2-08,2008-05-05,6.87,05-31-2008,Scotiabank
Q2-08,2008-05-15,6.87,05-31-2008,Scotiabank
Q3-08,2007-09-06,6.88,05-31-2008,Scotiabank
Q3-08,2007-09-14,6.88,05-31-2008,Scotiabank
Q3-08,2007-11-06,6.8835,05-31-2008,Scotiabank
Q3-08,2007-11-26,6.8835,05-31-2008,Scotiabank
Q3-08,2007-11-29,6.8835,05-31-2008,Scotiabank
Q3-08,2007-12-06,6.88,05-31-2008,Scotiabank
Q3-08,2007-12-13,6.88,05-31-2008,Scotiabank
Q3-08,2007-12-26,6.88,05-31-2008,Scotiabank
Q3-08,2008-01-03,6.88,05-31-2008,Scotiabank
Q3-08,2008-01-09,6.77,05-31-2008,Scotiabank
Q3-08,2008-01-11,6.77,05-31-2008,Scotiabank
Q3-08,2008-01-17,6.77,05-31-2008,Scotiabank
Q3-08,2008-01-28,6.77,05-31-2008,Scotiabank
Q3-08,2008-02-07,6.75,05-31-2008,Scotiabank
Q3-08,2008-02-21,6.75,05-31-2008,Scotiabank
Q3-08,2008-03-06,6.79,05-31-2008,Scotiabank
Q3-08,2008-03-13,6.79,05-31-2008,Scotiabank
Q3-08,2008-03-20,6.79,05-31-2008,Scotiabank
Q3-08,2008-04-03,6.6988,05-31-2008,Scotiabank
Q3-08,2008-04-10,6.6988,05-31-2008,Scotiabank
Q3-08,2008-04-22,6.6988,05-31-2008,Scotiabank
Q3-08,2008-04-28,6.6988,05-31-2008,Scotiabank
Q3-08,2008-05-05,6.71,05-31-2008,Scotiabank
Q3-08,2008-05-15,6.71,05-31-2008,Scotiabank
Q4-08,2007-01-09,6.95,05-31-2008,Scotiabank
Q4-08,2007-02-02,6.95,05-31-2008,Scotiabank
Q4-08,2007-02-22,6.95,05-31-2008,Scotiabank
Q4-08,2007-03-15,6.95,05-31-2008,Scotiabank
Q4-08,2007-03-22,6.95,05-31-2008,Scotiabank
Q4-08,2007-04-13,6.95,05-31-2008,Scotiabank
Q4-08,2007-04-20,6.95,05-31-2008,Scotiabank
Q4-08,2007-05-03,6.75,05-31-2008,Scotiabank
Q4-08,2007-05-25,6.75,05-31-2008,Scotiabank
Q4-08,2007-06-01,6.75,05-31-2008,Scotiabank
Q4-08,2007-06-14,6.75,05-31-2008,Scotiabank
Q4-08,2007-06-15,6.75,05-31-2008,Scotiabank
Q4-08,2007-07-02,7.35,05-31-2008,Scotiabank
Q4-08,2007-07-09,6.75,05-31-2008,Scotiabank
Q4-08,2007-07-13,6.75,05-31-2008,Scotiabank
Q4-08,2007-08-03,6.75,05-31-2008,Scotiabank
Q4-08,2007-08-31,6.75,05-31-2008,Scotiabank
Q4-08,2007-09-06,6.75,05-31-2008,Scotiabank
Q4-08,2007-09-14,6.75,05-31-2008,Scotiabank
Q4-08,2007-09-28,6.75,05-31-2008,Scotiabank
Q4-08,2007-10-11,6.75,05-31-2008,Scotiabank
Q4-08,2007-11-06,6.75,05-31-2008,Scotiabank
Q4-08,2007-11-26,6.75,05-31-2008,Scotiabank
Q4-08,2007-11-29,6.75,05-31-2008,Scotiabank
Q4-08,2007-12-06,6.75,05-31-2008,Scotiabank
Q4-08,2007-12-13,6.75,05-31-2008,Scotiabank
Q4-08,2007-12-26,6.75,05-31-2008,Scotiabank
Q4-08,2008-01-03,6.75,05-31-2008,Scotiabank
Q4-08,2008-01-09,6.6,05-31-2008,Scotiabank
Q4-08,2008-01-11,6.6,05-31-2008,Scotiabank
Q4-08,2008-01-17,6.6,05-31-2008,Scotiabank
Q4-08,2008-01-28,6.6,05-31-2008,Scotiabank
Q4-08,2008-02-07,6.6,05-31-2008,Scotiabank
Q4-08,2008-02-21,6.6,05-31-2008,Scotiabank
Q4-08,2008-03-06,6.6,05-31-2008,Scotiabank
Q4-08,2008-03-13,6.6,05-31-2008,Scotiabank
Q4-08,2008-03-20,6.6,05-31-2008,Scotiabank
Q4-08,2008-04-03,6.5,05-31-2008,Scotiabank
Q4-08,2008-04-10,6.5,05-31-2008,Scotiabank
Q4-08,2008-04-22,6.5,05-31-2008,Scotiabank
Q4-08,2008-04-28,6.5,05-31-2008,Scotiabank
Q4-08,2008-05-05,6.5,05-31-2008,Scotiabank
Q4-08,2008-05-15,6.5,05-31-2008,Scotiabank
Q1-09,2008-03-06,6.47,05-31-2008,Scotiabank
Q1-09,2008-03-13,6.47,05-31-2008,Scotiabank
Q1-09,2008-03-20,6.47,05-31-2008,Scotiabank
Q1-09,2008-04-03,6.3445,05-31-2008,Scotiabank
Q1-09,2008-04-10,6.3445,05-31-2008,Scotiabank
Q1-09,2008-04-22,6.3445,05-31-2008,Scotiabank
Q1-09,2008-04-28,6.3445,05-31-2008,Scotiabank
Q1-09,2008-05-05,6.34,05-31-2008,Scotiabank
Q1-09,2008-05-15,6.34,05-31-2008,Scotiabank
2009,2008-01-09,6.1,05-31-2008,Scotiabank
2009,2008-01-11,6.1,05-31-2008,Scotiabank
2009,2008-01-17,6.1,05-31-2008,Scotiabank
2009,2008-01-28,6.1,05-31-2008,Scotiabank
2009,2008-02-07,6.1,05-31-2008,Scotiabank
2009,2008-02-21,6.1,05-31-2008,Scotiabank
2009,2008-03-06,6.1,05-31-2008,Scotiabank
2009,2008-03-13,6.1,05-31-2008,Scotiabank
2009,2008-03-20,6.1,05-31-2008,Scotiabank
2009,2008-04-03,5.9,05-31-2008,Scotiabank
2009,2008-04-10,5.9,05-31-2008,Scotiabank
2009,2008-04-22,5.9,05-31-2008,Scotiabank
2009,2008-04-28,5.9,05-31-2008,Scotiabank
2009,2008-05-05,5.9,05-31-2008,Scotiabank
2009,2008-05-15,5.9,05-31-2008,Scotiabank
Q3-15,2014-03-04,5.86,08-31-2015,Scotiabank
Q3-15,2014-03-27,5.86,08-31-2015,Scotiabank
Q3-15,2014-05-02,5.97,08-31-2015,Scotiabank
Q3-15,2014-05-29,5.97,08-31-2015,Scotiabank
Q3-15,2014-06-27,5.97,08-31-2015,Scotiabank
Q3-15,2014-08-01,5.97,08-31-2015,Scotiabank
Q3-15,2014-08-29,5.97,08-31-2015,Scotiabank
Q3-15,2014-10-02,5.97,08-31-2015,Scotiabank
Q3-15,2014-10-31,6.01,08-31-2015,Scotiabank
Q3-15,2014-12-02,6.01,08-31-2015,Scotiabank
Q3-15,2015-01-09,6.04,08-31-2015,Scotiabank
Q3-15,2015-02-04,6.15,08-31-2015,Scotiabank
Q3-15,2015-02-05,6.15,08-31-2015,Scotiabank
Q3-15,2015-02-26,6.15,08-31-2015,Scotiabank
Q3-15,2015-04-01,6.13,08-31-2015,Scotiabank
Q3-15,2015-05-01,6.13,08-31-2015,Scotiabank
Q3-15,2015-06-01,6.13,08-31-2015,Scotiabank
Q3-15,2015-06-26,6.13,08-31-2015,Scotiabank
Q3-15,2015-07-31,6.15,08-31-2015,Scotiabank
Q4-15,2013-11-01,5.86,08-31-2015,Scotiabank
Q4-15,2013-11-29,5.86,08-31-2015,Scotiabank
Q4-15,2014-01-07,5.86,08-31-2015,Scotiabank
Q4-15,2014-01-30,5.86,08-31-2015,Scotiabank
Q4-15,2014-02-28,5.86,08-31-2015,Scotiabank
Q4-15,2014-03-04,5.86,08-31-2015,Scotiabank
Q4-15,2014-03-27,5.86,08-31-2015,Scotiabank
Q4-15,2014-05-02,5.92,08-31-2015,Scotiabank
Q4-15,2014-05-29,5.92,08-31-2015,Scotiabank
Q4-15,2014-06-27,5.92,08-31-2015,Scotiabank
Q4-15,2014-08-01,5.92,08-31-2015,Scotiabank
Q4-15,2014-08-29,5.92,08-31-2015,Scotiabank
Q4-15,2014-10-02,5.92,08-31-2015,Scotiabank
Q4-15,2014-10-31,5.98,08-31-2015,Scotiabank
Q4-15,2014-12-02,5.98,08-31-2015,Scotiabank
Q4-15,2015-01-09,5.98,08-31-2015,Scotiabank
Q4-15,2015-02-04,6.1,08-31-2015,Scotiabank
Q4-15,2015-02-05,6.1,08-31-2015,Scotiabank
Q4-15,2015-02-26,6.1,08-31-2015,Scotiabank
Q4-15,2015-04-01,6.1,08-31-2015,Scotiabank
Q4-15,2015-05-01,6.1,08-31-2015,Scotiabank
Q4-15,2015-06-01,6.1,08-31-2015,Scotiabank
Q4-15,2015-06-26,6.1,08-31-2015,Scotiabank
Q4-15,2015-07-31,6.1,08-31-2015,Scotiabank
Q1-16,2014-10-31,5.96,08-31-2015,Scotiabank
Q1-16,2015-01-09,5.96,08-31-2015,Scotiabank
Q1-16,2015-02-04,6.08,08-31-2015,Scotiabank
Q1-16,2015-02-05,6.08,08-31-2015,Scotiabank
Q1-16,2015-02-26,6.08,08-31-2015,Scotiabank
Q1-16,2015-04-01,6.08,08-31-2015,Scotiabank
Q1-16,2015-05-01,6.08,08-31-2015,Scotiabank
Q1-16,2015-06-01,6.08,08-31-2015,Scotiabank
Q1-16,2015-06-26,6.08,08-31-2015,Scotiabank
Q1-16,2015-07-31,6.08,08-31-2015,Scotiabank
Q2-16,2014-10-31,5.94,08-31-2015,Scotiabank
Q2-16,2015-01-09,5.94,08-31-2015,Scotiabank
Q2-16,2015-02-04,6.05,08-31-2015,Scotiabank
Q2-16,2015-02-05,6.05,08-31-2015,Scotiabank
Q2-16,2015-02-26,6.05,08-31-2015,Scotiabank
Q2-16,2015-04-01,6.05,08-31-2015,Scotiabank
Q2-16,2015-05-01,6.05,08-31-2015,Scotiabank
Q2-16,2015-06-01,6.05,08-31-2015,Scotiabank
Q2-16,2015-06-26,6.05,08-31-2015,Scotiabank
Q2-16,2015-07-31,6.05,08-31-2015,Scotiabank
2016,2014-10-31,5.9,08-31-2015,Scotiabank
2016,2014-12-02,5.9,08-31-2015,Scotiabank
2016,2015-01-09,5.9,08-31-2015,Scotiabank
2016,2015-02-04,6.0,08-31-2015,Scotiabank
2016,2015-02-05,6.0,08-31-2015,Scotiabank
2016,2015-02-26,6.0,08-31-2015,Scotiabank
2016,2015-04-01,6.0,08-31-2015,Scotiabank
2016,2015-05-01,6.0,08-31-2015,Scotiabank
2016,2015-06-01,6.0,08-31-2015,Scotiabank
2016,2015-06-26,6.0,08-31-2015,Scotiabank
2016,2015-07-31,6.0,08-31-2015,Scotiabank
2021,2019-10-15,6.5,11-30-2019,Scotiabank
2021,2019-11-21,6.5,11-30-2019,Scotiabank
2020,2018-10-15,6.5,11-30-2019,Scotiabank
2020,2018-12-10,6.5,11-30-2019,Scotiabank
2020,2019-01-14,6.5,11-30-2019,Scotiabank
2020,2019-03-11,6.5,11-30-2019,Scotiabank
2020,2019-04-23,6.5,11-30-2019,Scotiabank
2020,2019-06-10,6.5,11-30-2019,Scotiabank
2020,2019-07-18,6.5,11-30-2019,Scotiabank
2020,2019-09-11,6.7,11-30-2019,Scotiabank
2020,2019-10-15,6.7,11-30-2019,Scotiabank
2020,2019-11-21,6.7,11-30-2019,Scotiabank
Q4-19,2017-12-05,6.4,11-30-2019,Scotiabank
Q4-19,2018-01-12,6.3,11-30-2019,Scotiabank
Q4-19,2018-03-06,6.1,11-30-2019,Scotiabank
Q4-19,2018-04-16,6.1,11-30-2019,Scotiabank
Q4-19,2018-05-04,6.1,11-30-2019,Scotiabank
Q4-19,2018-07-03,6.3,11-30-2019,Scotiabank
Q4-19,2018-09-04,6.3,11-30-2019,Scotiabank
Q4-19,2018-09-10,6.4,11-30-2019,Scotiabank
Q4-19,2018-10-15,6.7,11-30-2019,Scotiabank
Q4-19,2018-12-10,6.7,11-30-2019,Scotiabank
Q4-19,2019-01-14,6.7,11-30-2019,Scotiabank
Q4-19,2019-03-11,6.7,11-30-2019,Scotiabank
Q4-19,2019-04-23,6.7,11-30-2019,Scotiabank
Q4-19,2019-06-10,6.7,11-30-2019,Scotiabank
Q4-19,2019-07-18,6.7,11-30-2019,Scotiabank
Q4-19,2019-09-11,6.9,11-30-2019,Scotiabank
Q4-19,2019-10-15,6.9,11-30-2019,Scotiabank
Q4-19,2019-11-21,6.9,11-30-2019,Scotiabank
Q3-20,2019-09-11,6.7,11-30-2019,Scotiabank
Q3-20,2019-10-15,6.8,11-30-2019,Scotiabank
Q3-20,2019-11-21,6.7,11-30-2019,Scotiabank
Q2-20,2019-06-10,6.6,11-30-2019,Scotiabank
Q2-20,2019-07-18,6.6,11-30-2019,Scotiabank
Q2-20,2019-09-11,6.8,11-30-2019,Scotiabank
Q2-20,2019-10-15,6.8,11-30-2019,Scotiabank
Q2-20,2019-11-21,6.8,11-30-2019,Scotiabank
Q1-20,2019-03-11,6.6,11-30-2019,Scotiabank
Q1-20,2019-04-23,6.6,11-30-2019,Scotiabank
Q1-20,2019-06-10,6.6,11-30-2019,Scotiabank
Q1-20,2019-07-18,6.6,11-30-2019,Scotiabank
Q1-20,2019-09-11,6.8,11-30-2019,Scotiabank
Q1-20,2019-10-15,6.8,11-30-2019,Scotiabank
Q1-20,2019-11-21,6.8,11-30-2019,Scotiabank
Q3-19,2018-09-04,6.3,08-31-2019,Scotiabank
Q3-19,2018-09-10,6.4,08-31-2019,Scotiabank
Q3-19,2018-10-15,6.7,08-31-2019,Scotiabank
Q3-19,2018-12-10,6.7,08-31-2019,Scotiabank
Q3-19,2019-01-14,6.7,08-31-2019,Scotiabank
Q3-19,2019-03-11,6.7,08-31-2019,Scotiabank
Q3-19,2019-04-23,6.7,08-31-2019,Scotiabank
Q3-19,2019-06-10,6.7,08-31-2019,Scotiabank
Q3-19,2019-07-18,6.7,08-31-2019,Scotiabank
Q4-19,2017-10-06,6.4,08-31-2019,Scotiabank
Q4-19,2017-11-06,6.4,08-31-2019,Scotiabank
Q4-19,2017-12-05,6.4,08-31-2019,Scotiabank
Q4-19,2018-01-12,6.3,08-31-2019,Scotiabank
Q4-19,2018-03-06,6.1,08-31-2019,Scotiabank
Q4-19,2018-04-16,6.1,08-31-2019,Scotiabank
Q4-19,2018-05-04,6.1,08-31-2019,Scotiabank
Q4-19,2018-07-03,6.3,08-31-2019,Scotiabank
Q4-19,2018-09-04,6.3,08-31-2019,Scotiabank
Q4-19,2018-09-10,6.4,08-31-2019,Scotiabank
Q4-19,2018-10-15,6.7,08-31-2019,Scotiabank
Q4-19,2018-12-10,6.7,08-31-2019,Scotiabank
Q4-19,2019-01-14,6.7,08-31-2019,Scotiabank
Q4-19,2019-03-11,6.7,08-31-2019,Scotiabank
Q4-19,2019-04-23,6.7,08-31-2019,Scotiabank
Q4-19,2019-06-10,6.7,08-31-2019,Scotiabank
Q4-19,2019-07-18,6.7,08-31-2019,Scotiabank
Q1-20,2019-03-11,6.6,08-31-2019,Scotiabank
Q1-20,2019-04-23,6.6,08-31-2019,Scotiabank
Q1-20,2019-06-10,6.6,08-31-2019,Scotiabank
Q1-20,2019-07-18,6.6,08-31-2019,Scotiabank
Q2-20,2019-06-10,6.6,08-31-2019,Scotiabank
Q2-20,2019-07-18,6.6,08-31-2019,Scotiabank
2020,2018-10-15,6.5,08-31-2019,Scotiabank
2020,2018-12-10,6.5,08-31-2019,Scotiabank
2020,2019-01-14,6.5,08-31-2019,Scotiabank
2020,2019-03-11,6.5,08-31-2019,Scotiabank
2020,2019-04-23,6.5,08-31-2019,Scotiabank
2020,2019-06-10,6.5,08-31-2019,Scotiabank
2020,2019-07-18,6.5,08-31-2019,Scotiabank
Q2-12,2011-03-03,5.92,05-31-2012,Scotiabank
Q2-12,2011-04-29,5.92,05-31-2012,Scotiabank
Q2-12,2011-06-30,6.06,05-31-2012,Scotiabank
Q2-12,2011-08-09,6.06,05-31-2012,Scotiabank
Q2-12,2011-09-06,6.06,05-31-2012,Scotiabank
Q2-12,2011-10-05,6.06,05-31-2012,Scotiabank
Q2-12,2011-10-09,6.19,05-31-2012,Scotiabank
Q2-12,2011-11-03,6.19,05-31-2012,Scotiabank
Q2-12,2011-12-06,6.19,05-31-2012,Scotiabank
Q2-12,2011-12-22,6.19,05-31-2012,Scotiabank
Q2-12,2012-01-26,6.19,05-31-2012,Scotiabank
Q2-12,2012-02-02,6.2,05-31-2012,Scotiabank
Q2-12,2012-02-29,6.2,05-31-2012,Scotiabank
Q2-12,2012-04-04,6.23,05-31-2012,Scotiabank
Q2-12,2012-05-03,6.25,05-31-2012,Scotiabank
Q3-12,2011-03-03,5.84,05-31-2012,Scotiabank
Q3-12,2011-04-29,5.84,05-31-2012,Scotiabank
Q3-12,2011-09-06,5.97,05-31-2012,Scotiabank
Q3-12,2011-10-05,5.97,05-31-2012,Scotiabank
Q3-12,2011-11-03,6.13,05-31-2012,Scotiabank
Q3-12,2011-12-06,6.13,05-31-2012,Scotiabank
Q3-12,2011-12-22,6.13,05-31-2012,Scotiabank
Q3-12,2012-01-26,6.13,05-31-2012,Scotiabank
Q3-12,2012-02-02,6.13,05-31-2012,Scotiabank
Q3-12,2012-02-29,6.14,05-31-2012,Scotiabank
Q3-12,2012-04-04,6.17,05-31-2012,Scotiabank
Q3-12,2012-05-03,6.22,05-31-2012,Scotiabank
Q4-12,2011-01-06,5.75,05-31-2012,Scotiabank
Q4-12,2011-02-11,5.75,05-31-2012,Scotiabank
Q4-12,2011-03-03,5.75,05-31-2012,Scotiabank
Q4-12,2011-04-04,5.75,05-31-2012,Scotiabank
Q4-12,2011-04-29,5.75,05-31-2012,Scotiabank
Q4-12,2011-06-03,5.88,05-31-2012,Scotiabank
Q4-12,2011-06-30,5.88,05-31-2012,Scotiabank
Q4-12,2011-08-09,5.88,05-31-2012,Scotiabank
Q4-12,2011-09-06,5.88,05-31-2012,Scotiabank
Q4-12,2011-10-05,5.88,05-31-2012,Scotiabank
Q4-12,2011-10-09,6.07,05-31-2012,Scotiabank
Q4-12,2011-11-03,6.07,05-31-2012,Scotiabank
Q4-12,2011-12-06,6.07,05-31-2012,Scotiabank
Q4-12,2011-12-22,6.07,05-31-2012,Scotiabank
Q4-12,2012-01-26,6.07,05-31-2012,Scotiabank
Q4-12,2012-02-02,6.07,05-31-2012,Scotiabank
Q4-12,2012-02-29,6.07,05-31-2012,Scotiabank
Q4-12,2012-04-04,6.1,05-31-2012,Scotiabank
Q4-12,2012-05-03,6.18,05-31-2012,Scotiabank
Q1-13,2011-12-06,6.0,05-31-2012,Scotiabank
Q1-13,2011-12-22,6.01,05-31-2012,Scotiabank
Q1-13,2012-02-29,6.01,05-31-2012,Scotiabank
Q1-13,2012-04-04,6.08,05-31-2012,Scotiabank
Q1-13,2012-05-03,6.18,05-31-2012,Scotiabank
2013,2011-04-29,5.8,05-31-2012,Scotiabank
2013,2011-12-06,5.8,05-31-2012,Scotiabank
2013,2011-12-22,5.84,05-31-2012,Scotiabank
2013,2012-01-26,5.84,05-31-2012,Scotiabank
2013,2012-02-02,5.84,05-31-2012,Scotiabank
2013,2012-02-29,5.84,05-31-2012,Scotiabank
2013,2012-04-04,5.9,05-31-2012,Scotiabank
2013,2012-05-03,6.05,05-31-2012,Scotiabank
Q1-08,2007-03-15,7.25,02-28-2008,Scotiabank
Q1-08,2007-03-22,7.25,02-28-2008,Scotiabank
Q1-08,2007-04-13,7.25,02-28-2008,Scotiabank
Q1-08,2007-04-20,7.25,02-28-2008,Scotiabank
Q1-08,2007-05-03,7.2,02-28-2008,Scotiabank
Q1-08,2007-05-25,7.2,02-28-2008,Scotiabank
Q1-08,2007-06-01,7.2,02-28-2008,Scotiabank
Q1-08,2007-06-14,7.2,02-28-2008,Scotiabank
Q1-08,2007-06-15,7.2,02-28-2008,Scotiabank
Q1-08,2007-07-02,7.2,02-28-2008,Scotiabank
Q1-08,2007-07-09,7.2,02-28-2008,Scotiabank
Q1-08,2007-07-13,7.2,02-28-2008,Scotiabank
Q1-08,2007-08-03,7.2,02-28-2008,Scotiabank
Q1-08,2007-08-31,7.2,02-28-2008,Scotiabank
Q1-08,2007-09-06,7.16,02-28-2008,Scotiabank
Q1-08,2007-09-14,7.16,02-28-2008,Scotiabank
Q1-08,2007-09-28,7.2,02-28-2008,Scotiabank
Q1-08,2007-10-11,7.2,02-28-2008,Scotiabank
Q1-08,2007-11-06,7.1584,02-28-2008,Scotiabank
Q1-08,2007-11-26,7.1584,02-28-2008,Scotiabank
Q1-08,2007-11-29,7.1584,02-28-2008,Scotiabank
Q1-08,2007-12-06,7.16,02-28-2008,Scotiabank
Q1-08,2007-12-13,7.16,02-28-2008,Scotiabank
Q1-08,2007-12-26,7.16,02-28-2008,Scotiabank
Q1-08,2008-01-03,7.16,02-28-2008,Scotiabank
Q1-08,2008-01-09,7.12,02-28-2008,Scotiabank
Q1-08,2008-01-11,7.12,02-28-2008,Scotiabank
Q1-08,2008-01-17,7.12,02-28-2008,Scotiabank
Q1-08,2008-01-28,7.12,02-28-2008,Scotiabank
Q1-08,2008-02-07,7.07,02-28-2008,Scotiabank
Q1-08,2008-02-21,7.07,02-28-2008,Scotiabank
Q2-08,2007-06-01,7.04,02-28-2008,Scotiabank
Q2-08,2007-06-14,7.04,02-28-2008,Scotiabank
Q2-08,2007-06-15,7.04,02-28-2008,Scotiabank
Q2-08,2007-07-02,7.04,02-28-2008,Scotiabank
Q2-08,2007-07-09,7.04,02-28-2008,Scotiabank
Q2-08,2007-07-13,7.04,02-28-2008,Scotiabank
Q2-08,2007-08-03,7.04,02-28-2008,Scotiabank
Q2-08,2007-08-31,7.04,02-28-2008,Scotiabank
Q2-08,2007-09-06,7.02,02-28-2008,Scotiabank
Q2-08,2007-09-14,7.02,02-28-2008,Scotiabank
Q2-08,2007-09-28,7.04,02-28-2008,Scotiabank
Q2-08,2007-10-11,7.04,02-28-2008,Scotiabank
Q2-08,2007-11-06,7.0196,02-28-2008,Scotiabank
Q2-08,2007-11-26,7.0196,02-28-2008,Scotiabank
Q2-08,2007-11-29,7.0196,02-28-2008,Scotiabank
Q2-08,2007-12-06,7.02,02-28-2008,Scotiabank
Q2-08,2007-12-13,7.02,02-28-2008,Scotiabank
Q2-08,2007-12-26,7.02,02-28-2008,Scotiabank
Q2-08,2008-01-03,7.02,02-28-2008,Scotiabank
Q2-08,2008-01-09,6.94,02-28-2008,Scotiabank
Q2-08,2008-01-11,6.94,02-28-2008,Scotiabank
Q2-08,2008-01-17,6.94,02-28-2008,Scotiabank
Q2-08,2008-01-28,6.94,02-28-2008,Scotiabank
Q2-08,2008-02-07,6.91,02-28-2008,Scotiabank
Q2-08,2008-02-21,6.91,02-28-2008,Scotiabank
Q3-08,2007-09-06,6.88,02-28-2008,Scotiabank
Q3-08,2007-09-14,6.88,02-28-2008,Scotiabank
Q3-08,2007-11-06,6.8835,02-28-2008,Scotiabank
Q3-08,2007-11-26,6.8835,02-28-2008,Scotiabank
Q3-08,2007-11-29,6.8835,02-28-2008,Scotiabank
Q3-08,2007-12-06,6.88,02-28-2008,Scotiabank
Q3-08,2007-12-13,6.88,02-28-2008,Scotiabank
Q3-08,2007-12-26,6.88,02-28-2008,Scotiabank
Q3-08,2008-01-03,6.88,02-28-2008,Scotiabank
Q3-08,2008-01-09,6.77,02-28-2008,Scotiabank
Q3-08,2008-01-11,6.77,02-28-2008,Scotiabank
Q3-08,2008-01-17,6.77,02-28-2008,Scotiabank
Q3-08,2008-01-28,6.77,02-28-2008,Scotiabank
Q3-08,2008-02-07,6.75,02-28-2008,Scotiabank
Q3-08,2008-02-21,6.75,02-28-2008,Scotiabank
Q4-08,2007-01-09,6.95,02-28-2008,Scotiabank
Q4-08,2007-02-02,6.95,02-28-2008,Scotiabank
Q4-08,2007-02-22,6.95,02-28-2008,Scotiabank
Q4-08,2007-03-15,6.95,02-28-2008,Scotiabank
Q4-08,2007-03-22,6.95,02-28-2008,Scotiabank
Q4-08,2007-04-13,6.95,02-28-2008,Scotiabank
Q4-08,2007-04-20,6.95,02-28-2008,Scotiabank
Q4-08,2007-05-03,6.75,02-28-2008,Scotiabank
Q4-08,2007-05-25,6.75,02-28-2008,Scotiabank
Q4-08,2007-06-01,6.75,02-28-2008,Scotiabank
Q4-08,2007-06-14,6.75,02-28-2008,Scotiabank
Q4-08,2007-06-15,6.75,02-28-2008,Scotiabank
Q4-08,2007-07-02,7.35,02-28-2008,Scotiabank
Q4-08,2007-07-09,6.75,02-28-2008,Scotiabank
Q4-08,2007-07-13,6.75,02-28-2008,Scotiabank
Q4-08,2007-08-03,6.75,02-28-2008,Scotiabank
Q4-08,2007-08-31,6.75,02-28-2008,Scotiabank
Q4-08,2007-09-06,6.75,02-28-2008,Scotiabank
Q4-08,2007-09-14,6.75,02-28-2008,Scotiabank
Q4-08,2007-09-28,6.75,02-28-2008,Scotiabank
Q4-08,2007-10-11,6.75,02-28-2008,Scotiabank
Q4-08,2007-11-06,6.75,02-28-2008,Scotiabank
Q4-08,2007-11-26,6.75,02-28-2008,Scotiabank
Q4-08,2007-11-29,6.75,02-28-2008,Scotiabank
Q4-08,2007-12-06,6.75,02-28-2008,Scotiabank
Q4-08,2007-12-13,6.75,02-28-2008,Scotiabank
Q4-08,2007-12-26,6.75,02-28-2008,Scotiabank
Q4-08,2008-01-03,6.75,02-28-2008,Scotiabank
Q4-08,2008-01-09,6.6,02-28-2008,Scotiabank
Q4-08,2008-01-11,6.6,02-28-2008,Scotiabank
Q4-08,2008-01-17,6.6,02-28-2008,Scotiabank
Q4-08,2008-01-28,6.6,02-28-2008,Scotiabank
Q4-08,2008-02-07,6.6,02-28-2008,Scotiabank
Q4-08,2008-02-21,6.6,02-28-2008,Scotiabank
2009,2008-01-09,6.1,02-28-2008,Scotiabank
2009,2008-01-11,6.1,02-28-2008,Scotiabank
2009,2008-01-17,6.1,02-28-2008,Scotiabank
2009,2008-01-28,6.1,02-28-2008,Scotiabank
2009,2008-02-07,6.1,02-28-2008,Scotiabank
2009,2008-02-21,6.1,02-28-2008,Scotiabank
Q4-15,2013-11-29,5.86,11-30-2015,Scotiabank
Q4-15,2014-01-07,5.86,11-30-2015,Scotiabank
Q4-15,2014-01-30,5.86,11-30-2015,Scotiabank
Q4-15,2014-02-28,5.86,11-30-2015,Scotiabank
Q4-15,2014-03-04,5.86,11-30-2015,Scotiabank
Q4-15,2014-03-27,5.86,11-30-2015,Scotiabank
Q4-15,2014-05-02,5.92,11-30-2015,Scotiabank
Q4-15,2014-05-29,5.92,11-30-2015,Scotiabank
Q4-15,2014-06-27,5.92,11-30-2015,Scotiabank
Q4-15,2014-08-01,5.92,11-30-2015,Scotiabank
Q4-15,2014-08-29,5.92,11-30-2015,Scotiabank
Q4-15,2014-10-02,5.92,11-30-2015,Scotiabank
Q4-15,2014-10-31,5.98,11-30-2015,Scotiabank
Q4-15,2014-12-02,5.98,11-30-2015,Scotiabank
Q4-15,2015-01-09,5.98,11-30-2015,Scotiabank
Q4-15,2015-02-04,6.1,11-30-2015,Scotiabank
Q4-15,2015-02-05,6.1,11-30-2015,Scotiabank
Q4-15,2015-02-26,6.1,11-30-2015,Scotiabank
Q4-15,2015-04-01,6.1,11-30-2015,Scotiabank
Q4-15,2015-05-01,6.1,11-30-2015,Scotiabank
Q4-15,2015-06-01,6.1,11-30-2015,Scotiabank
Q4-15,2015-06-26,6.1,11-30-2015,Scotiabank
Q4-15,2015-07-31,6.1,11-30-2015,Scotiabank
Q4-15,2015-09-02,6.6,11-30-2015,Scotiabank
Q4-15,2015-10-01,6.6,11-30-2015,Scotiabank
Q4-15,2015-11-02,6.6,11-30-2015,Scotiabank
Q1-16,2014-10-31,5.96,11-30-2015,Scotiabank
Q1-16,2015-01-09,5.96,11-30-2015,Scotiabank
Q1-16,2015-02-04,6.08,11-30-2015,Scotiabank
Q1-16,2015-02-05,6.08,11-30-2015,Scotiabank
Q1-16,2015-02-26,6.08,11-30-2015,Scotiabank
Q1-16,2015-04-01,6.08,11-30-2015,Scotiabank
Q1-16,2015-05-01,6.08,11-30-2015,Scotiabank
Q1-16,2015-06-01,6.08,11-30-2015,Scotiabank
Q1-16,2015-06-26,6.08,11-30-2015,Scotiabank
Q1-16,2015-07-31,6.08,11-30-2015,Scotiabank
Q1-16,2015-09-02,6.65,11-30-2015,Scotiabank
Q1-16,2015-10-01,6.65,11-30-2015,Scotiabank
Q1-16,2015-11-02,6.65,11-30-2015,Scotiabank
Q2-16,2014-10-31,5.94,11-30-2015,Scotiabank
Q2-16,2015-01-09,5.94,11-30-2015,Scotiabank
Q2-16,2015-02-04,6.05,11-30-2015,Scotiabank
Q2-16,2015-02-05,6.05,11-30-2015,Scotiabank
Q2-16,2015-02-26,6.05,11-30-2015,Scotiabank
Q2-16,2015-04-01,6.05,11-30-2015,Scotiabank
Q2-16,2015-05-01,6.05,11-30-2015,Scotiabank
Q2-16,2015-06-01,6.05,11-30-2015,Scotiabank
Q2-16,2015-06-26,6.05,11-30-2015,Scotiabank
Q2-16,2015-07-31,6.05,11-30-2015,Scotiabank
Q2-16,2015-09-02,6.7,11-30-2015,Scotiabank
Q2-16,2015-10-01,6.7,11-30-2015,Scotiabank
Q2-16,2015-11-02,6.7,11-30-2015,Scotiabank
Q3-16,2014-10-31,5.92,11-30-2015,Scotiabank
Q3-16,2015-01-09,5.92,11-30-2015,Scotiabank
Q3-16,2015-02-04,6.03,11-30-2015,Scotiabank
Q3-16,2015-02-05,6.03,11-30-2015,Scotiabank
Q3-16,2015-02-26,6.03,11-30-2015,Scotiabank
Q3-16,2015-04-01,6.03,11-30-2015,Scotiabank
Q3-16,2015-05-01,6.03,11-30-2015,Scotiabank
Q3-16,2015-06-01,6.03,11-30-2015,Scotiabank
Q3-16,2015-06-26,6.03,11-30-2015,Scotiabank
Q3-16,2015-07-31,6.03,11-30-2015,Scotiabank
Q3-16,2015-09-02,6.75,11-30-2015,Scotiabank
Q3-16,2015-10-01,6.75,11-30-2015,Scotiabank
Q3-16,2015-11-02,6.75,11-30-2015,Scotiabank
2016,2014-10-31,5.9,11-30-2015,Scotiabank
2016,2014-12-02,5.9,11-30-2015,Scotiabank
2016,2015-01-09,5.9,11-30-2015,Scotiabank
2016,2015-02-04,6.0,11-30-2015,Scotiabank
2016,2015-02-05,6.0,11-30-2015,Scotiabank
2016,2015-02-26,6.0,11-30-2015,Scotiabank
2016,2015-04-01,6.0,11-30-2015,Scotiabank
2016,2015-05-01,6.0,11-30-2015,Scotiabank
2016,2015-06-01,6.0,11-30-2015,Scotiabank
2016,2015-06-26,6.0,11-30-2015,Scotiabank
2016,2015-07-31,6.0,11-30-2015,Scotiabank
2016,2015-09-02,6.8,11-30-2015,Scotiabank
2016,2015-10-01,6.8,11-30-2015,Scotiabank
2016,2015-11-02,6.8,11-30-2015,Scotiabank
2017,2014-12-02,6.8,11-30-2015,Scotiabank
2017,2015-11-02,6.8,11-30-2015,Scotiabank
