period,change_date,change,file,company
Q2-07,2007-03-16,7.63,05-31-2007,Skandinaviska Enskilda Banken
Q3-07,2007-03-16,7.51,05-31-2007,Skandinaviska Enskilda Banken
Q2-11,2010-06-18,6.4,05-31-2011,Skandinaviska Enskilda Banken
Q2-11,2010-06-22,6.4,05-31-2011,Skandinaviska Enskilda Banken
Q2-11,2010-07-02,6.4,05-31-2011,Skandinaviska Enskilda Banken
Q2-11,2010-07-06,6.4,05-31-2011,Skandinaviska Enskilda Banken
Q2-11,2010-08-10,6.45,05-31-2011,Skandinaviska Enskilda Banken
Q2-11,2010-12-22,6.55,05-31-2011,Skandinaviska Enskilda Banken
Q3-11,2010-08-31,6.45,05-31-2011,Skandinaviska Enskilda Banken
Q4-11,2010-12-22,6.35,05-31-2011,Skandinaviska Enskilda Banken
Q3-20,2019-10-02,7.26,08-31-2020,Skandinaviska Enskilda Banken
Q3-20,2019-11-13,7.26,08-31-2020,Skandinaviska Enskilda Banken
Q3-20,2019-12-19,7.1,08-31-2020,Skandinaviska Enskilda Banken
Q3-20,2020-02-06,7.1,08-31-2020,Skandinaviska Enskilda Banken
Q3-20,2020-02-20,7.1,08-31-2020,Skandinaviska Enskilda Banken
Q3-20,2020-05-29,7.2,08-31-2020,Skandinaviska Enskilda Banken
Q3-20,2020-07-20,7.05,08-31-2020,Skandinaviska Enskilda Banken
Q3-20,2020-07-27,7.05,08-31-2020,Skandinaviska Enskilda Banken
Q3-20,2020-08-25,7.05,08-31-2020,Skandinaviska Enskilda Banken
Q4-20,2019-04-10,7.15,08-31-2020,Skandinaviska Enskilda Banken
Q4-20,2019-12-19,7.15,08-31-2020,Skandinaviska Enskilda Banken
Q4-20,2020-02-06,7.15,08-31-2020,Skandinaviska Enskilda Banken
Q4-20,2020-02-20,7.15,08-31-2020,Skandinaviska Enskilda Banken
Q4-20,2020-05-29,7.18,08-31-2020,Skandinaviska Enskilda Banken
Q4-20,2020-07-20,7.03,08-31-2020,Skandinaviska Enskilda Banken
Q4-20,2020-07-27,7.03,08-31-2020,Skandinaviska Enskilda Banken
Q4-20,2020-08-25,7.03,08-31-2020,Skandinaviska Enskilda Banken
Q1-21,2020-05-29,7.16,08-31-2020,Skandinaviska Enskilda Banken
Q1-21,2020-07-20,7.01,08-31-2020,Skandinaviska Enskilda Banken
Q1-21,2020-07-27,7.01,08-31-2020,Skandinaviska Enskilda Banken
Q1-21,2020-08-25,7.01,08-31-2020,Skandinaviska Enskilda Banken
Q2-21,2020-05-29,7.14,08-31-2020,Skandinaviska Enskilda Banken
Q2-21,2020-07-20,6.99,08-31-2020,Skandinaviska Enskilda Banken
Q2-21,2020-07-27,6.99,08-31-2020,Skandinaviska Enskilda Banken
Q2-21,2020-08-25,6.99,08-31-2020,Skandinaviska Enskilda Banken
Q4-16,2016-01-28,6.8,11-30-2016,Skandinaviska Enskilda Banken
Q4-16,2016-06-29,6.8,11-30-2016,Skandinaviska Enskilda Banken
Q4-16,2016-09-05,6.8,11-30-2016,Skandinaviska Enskilda Banken
Q4-16,2016-10-31,6.8,11-30-2016,Skandinaviska Enskilda Banken
Q1-17,2016-06-29,6.9,11-30-2016,Skandinaviska Enskilda Banken
Q1-17,2016-09-05,6.8,11-30-2016,Skandinaviska Enskilda Banken
Q1-17,2016-10-31,6.75,11-30-2016,Skandinaviska Enskilda Banken
Q2-17,2016-06-29,6.8,11-30-2016,Skandinaviska Enskilda Banken
Q2-17,2016-09-05,6.7,11-30-2016,Skandinaviska Enskilda Banken
Q2-17,2016-10-31,6.7,11-30-2016,Skandinaviska Enskilda Banken
Q3-17,2016-09-05,6.75,11-30-2016,Skandinaviska Enskilda Banken
Q3-17,2016-10-31,6.7,11-30-2016,Skandinaviska Enskilda Banken
2017,2016-10-31,6.7,11-30-2016,Skandinaviska Enskilda Banken
2018,2016-10-31,6.65,11-30-2016,Skandinaviska Enskilda Banken
Q1-11,2010-05-11,6.4,02-28-2011,Skandinaviska Enskilda Banken
Q1-11,2010-08-10,6.65,02-28-2011,Skandinaviska Enskilda Banken
Q1-11,2010-08-31,6.65,02-28-2011,Skandinaviska Enskilda Banken
Q1-11,2010-12-22,6.55,02-28-2011,Skandinaviska Enskilda Banken
Q2-11,2010-06-18,6.4,02-28-2011,Skandinaviska Enskilda Banken
Q2-11,2010-06-22,6.4,02-28-2011,Skandinaviska Enskilda Banken
Q2-11,2010-07-02,6.4,02-28-2011,Skandinaviska Enskilda Banken
Q2-11,2010-07-06,6.4,02-28-2011,Skandinaviska Enskilda Banken
Q2-11,2010-08-10,6.45,02-28-2011,Skandinaviska Enskilda Banken
Q2-11,2010-12-22,6.55,02-28-2011,Skandinaviska Enskilda Banken
Q3-11,2010-08-31,6.45,02-28-2011,Skandinaviska Enskilda Banken
Q4-11,2010-12-22,6.35,02-28-2011,Skandinaviska Enskilda Banken
Q3-16,2015-08-25,6.5,08-31-2016,Skandinaviska Enskilda Banken
Q3-16,2015-09-29,6.5,08-31-2016,Skandinaviska Enskilda Banken
Q3-16,2015-10-01,6.5,08-31-2016,Skandinaviska Enskilda Banken
Q3-16,2015-11-03,6.5,08-31-2016,Skandinaviska Enskilda Banken
Q3-16,2016-01-28,6.6,08-31-2016,Skandinaviska Enskilda Banken
Q3-16,2016-06-29,6.6,08-31-2016,Skandinaviska Enskilda Banken
Q4-16,2016-01-28,6.8,08-31-2016,Skandinaviska Enskilda Banken
Q4-16,2016-06-29,6.8,08-31-2016,Skandinaviska Enskilda Banken
Q1-17,2016-06-29,6.9,08-31-2016,Skandinaviska Enskilda Banken
Q2-17,2016-06-29,6.8,08-31-2016,Skandinaviska Enskilda Banken
Q4-20,2019-04-10,7.15,11-30-2020,Skandinaviska Enskilda Banken
Q4-20,2019-12-19,7.15,11-30-2020,Skandinaviska Enskilda Banken
Q4-20,2020-02-06,7.15,11-30-2020,Skandinaviska Enskilda Banken
Q4-20,2020-02-20,7.15,11-30-2020,Skandinaviska Enskilda Banken
Q4-20,2020-05-29,7.18,11-30-2020,Skandinaviska Enskilda Banken
Q4-20,2020-07-20,7.03,11-30-2020,Skandinaviska Enskilda Banken
Q4-20,2020-07-27,7.03,11-30-2020,Skandinaviska Enskilda Banken
Q4-20,2020-08-25,7.03,11-30-2020,Skandinaviska Enskilda Banken
Q4-20,2020-09-15,6.85,11-30-2020,Skandinaviska Enskilda Banken
Q1-21,2020-05-29,7.16,11-30-2020,Skandinaviska Enskilda Banken
Q1-21,2020-07-20,7.01,11-30-2020,Skandinaviska Enskilda Banken
Q1-21,2020-07-27,7.01,11-30-2020,Skandinaviska Enskilda Banken
Q1-21,2020-08-25,7.01,11-30-2020,Skandinaviska Enskilda Banken
Q1-21,2020-09-15,6.83,11-30-2020,Skandinaviska Enskilda Banken
Q2-21,2020-05-29,7.14,11-30-2020,Skandinaviska Enskilda Banken
Q2-21,2020-07-20,6.99,11-30-2020,Skandinaviska Enskilda Banken
Q2-21,2020-07-27,6.99,11-30-2020,Skandinaviska Enskilda Banken
Q2-21,2020-08-25,6.99,11-30-2020,Skandinaviska Enskilda Banken
Q2-21,2020-09-15,6.8,11-30-2020,Skandinaviska Enskilda Banken
Q3-21,2020-09-15,6.78,11-30-2020,Skandinaviska Enskilda Banken
Q1-07,2006-09-28,7.8,02-28-2007,Skandinaviska Enskilda Banken
Q1-07,2006-11-07,7.8,02-28-2007,Skandinaviska Enskilda Banken
Q4-21,2019-12-19,6.2,11-30-2021,Skandinaviska Enskilda Banken
Q4-21,2020-07-20,6.2,11-30-2021,Skandinaviska Enskilda Banken
Q4-21,2020-08-25,6.2,11-30-2021,Skandinaviska Enskilda Banken
Q4-21,2021-01-21,6.2,11-30-2021,Skandinaviska Enskilda Banken
Q4-21,2021-02-19,6.2,11-30-2021,Skandinaviska Enskilda Banken
Q4-21,2021-03-03,6.15,11-30-2021,Skandinaviska Enskilda Banken
Q4-21,2021-03-16,6.15,11-30-2021,Skandinaviska Enskilda Banken
Q4-21,2021-04-14,6.2,11-30-2021,Skandinaviska Enskilda Banken
Q4-21,2021-05-06,6.2,11-30-2021,Skandinaviska Enskilda Banken
Q4-21,2021-06-10,6.2,11-30-2021,Skandinaviska Enskilda Banken
Q4-21,2021-06-30,6.2,11-30-2021,Skandinaviska Enskilda Banken
Q4-21,2021-07-01,6.4,11-30-2021,Skandinaviska Enskilda Banken
Q4-21,2021-09-08,6.4,11-30-2021,Skandinaviska Enskilda Banken
Q4-21,2021-10-27,6.4,11-30-2021,Skandinaviska Enskilda Banken
Q4-21,2021-11-17,6.4,11-30-2021,Skandinaviska Enskilda Banken
Q1-22,2021-03-03,6.1,11-30-2021,Skandinaviska Enskilda Banken
Q1-22,2021-03-16,6.1,11-30-2021,Skandinaviska Enskilda Banken
Q1-22,2021-04-14,6.15,11-30-2021,Skandinaviska Enskilda Banken
Q1-22,2021-05-06,6.15,11-30-2021,Skandinaviska Enskilda Banken
Q1-22,2021-06-10,6.15,11-30-2021,Skandinaviska Enskilda Banken
Q1-22,2021-06-30,6.15,11-30-2021,Skandinaviska Enskilda Banken
Q1-22,2021-07-01,6.38,11-30-2021,Skandinaviska Enskilda Banken
Q1-22,2021-09-08,6.38,11-30-2021,Skandinaviska Enskilda Banken
Q1-22,2021-10-27,6.38,11-30-2021,Skandinaviska Enskilda Banken
Q1-22,2021-11-17,6.38,11-30-2021,Skandinaviska Enskilda Banken
Q2-22,2021-06-10,6.1,11-30-2021,Skandinaviska Enskilda Banken
Q2-22,2021-06-30,6.1,11-30-2021,Skandinaviska Enskilda Banken
Q2-22,2021-07-01,6.35,11-30-2021,Skandinaviska Enskilda Banken
Q2-22,2021-09-08,6.35,11-30-2021,Skandinaviska Enskilda Banken
Q2-22,2021-10-27,6.35,11-30-2021,Skandinaviska Enskilda Banken
Q2-22,2021-11-17,6.35,11-30-2021,Skandinaviska Enskilda Banken
Q3-22,2021-09-08,6.33,11-30-2021,Skandinaviska Enskilda Banken
Q3-22,2021-10-27,6.33,11-30-2021,Skandinaviska Enskilda Banken
Q3-22,2021-11-17,6.33,11-30-2021,Skandinaviska Enskilda Banken
2022,2020-08-25,6.0,11-30-2021,Skandinaviska Enskilda Banken
2022,2021-03-03,6.0,11-30-2021,Skandinaviska Enskilda Banken
2022,2021-03-16,6.0,11-30-2021,Skandinaviska Enskilda Banken
2022,2021-09-08,6.3,11-30-2021,Skandinaviska Enskilda Banken
2022,2021-10-27,6.3,11-30-2021,Skandinaviska Enskilda Banken
2022,2021-11-17,6.3,11-30-2021,Skandinaviska Enskilda Banken
Q3-17,2016-09-05,6.75,08-31-2017,Skandinaviska Enskilda Banken
Q3-17,2016-10-31,6.7,08-31-2017,Skandinaviska Enskilda Banken
Q3-17,2016-12-14,6.9,08-31-2017,Skandinaviska Enskilda Banken
Q3-17,2016-12-22,6.8,08-31-2017,Skandinaviska Enskilda Banken
Q3-17,2017-01-12,6.9,08-31-2017,Skandinaviska Enskilda Banken
Q3-17,2017-02-16,6.9,08-31-2017,Skandinaviska Enskilda Banken
Q3-17,2017-03-23,6.9,08-31-2017,Skandinaviska Enskilda Banken
Q3-17,2017-05-19,6.9,08-31-2017,Skandinaviska Enskilda Banken
Q3-17,2017-06-01,6.8,08-31-2017,Skandinaviska Enskilda Banken
Q3-17,2017-07-06,6.9,08-31-2017,Skandinaviska Enskilda Banken
Q4-17,2016-10-31,6.7,08-31-2017,Skandinaviska Enskilda Banken
Q4-17,2016-12-14,7.05,08-31-2017,Skandinaviska Enskilda Banken
Q4-17,2016-12-22,6.9,08-31-2017,Skandinaviska Enskilda Banken
Q4-17,2017-01-12,7.05,08-31-2017,Skandinaviska Enskilda Banken
Q4-17,2017-02-16,7.05,08-31-2017,Skandinaviska Enskilda Banken
Q4-17,2017-03-23,7.05,08-31-2017,Skandinaviska Enskilda Banken
Q4-17,2017-05-19,7.05,08-31-2017,Skandinaviska Enskilda Banken
Q4-17,2017-06-01,6.9,08-31-2017,Skandinaviska Enskilda Banken
Q4-17,2017-07-06,7.05,08-31-2017,Skandinaviska Enskilda Banken
Q1-18,2017-03-23,7.0,08-31-2017,Skandinaviska Enskilda Banken
Q1-18,2017-05-19,7.0,08-31-2017,Skandinaviska Enskilda Banken
Q1-18,2017-06-01,7.05,08-31-2017,Skandinaviska Enskilda Banken
Q1-18,2017-07-06,7.0,08-31-2017,Skandinaviska Enskilda Banken
Q2-18,2017-06-01,7.0,08-31-2017,Skandinaviska Enskilda Banken
Q2-18,2017-07-06,7.0,08-31-2017,Skandinaviska Enskilda Banken
2018,2016-10-31,6.65,08-31-2017,Skandinaviska Enskilda Banken
Q1-10,2009-09-07,6.8,02-28-2010,Skandinaviska Enskilda Banken
Q1-10,2009-10-16,6.75,02-28-2010,Skandinaviska Enskilda Banken
Q1-10,2010-02-03,6.8,02-28-2010,Skandinaviska Enskilda Banken
Q2-10,2009-10-16,6.6,02-28-2010,Skandinaviska Enskilda Banken
Q2-10,2010-02-03,6.6,02-28-2010,Skandinaviska Enskilda Banken
Q4-10,2010-02-03,6.4,02-28-2010,Skandinaviska Enskilda Banken
Q4-17,2016-10-31,6.7,11-30-2017,Skandinaviska Enskilda Banken
Q4-17,2016-12-14,7.05,11-30-2017,Skandinaviska Enskilda Banken
Q4-17,2016-12-22,6.9,11-30-2017,Skandinaviska Enskilda Banken
Q4-17,2017-01-12,7.05,11-30-2017,Skandinaviska Enskilda Banken
Q4-17,2017-02-16,7.05,11-30-2017,Skandinaviska Enskilda Banken
Q4-17,2017-03-23,7.05,11-30-2017,Skandinaviska Enskilda Banken
Q4-17,2017-05-19,7.05,11-30-2017,Skandinaviska Enskilda Banken
Q4-17,2017-06-01,6.9,11-30-2017,Skandinaviska Enskilda Banken
Q4-17,2017-07-06,7.05,11-30-2017,Skandinaviska Enskilda Banken
Q4-17,2017-09-04,6.7,11-30-2017,Skandinaviska Enskilda Banken
Q4-17,2017-10-06,6.7,11-30-2017,Skandinaviska Enskilda Banken
Q1-18,2017-03-23,7.0,11-30-2017,Skandinaviska Enskilda Banken
Q1-18,2017-05-19,7.0,11-30-2017,Skandinaviska Enskilda Banken
Q1-18,2017-06-01,7.05,11-30-2017,Skandinaviska Enskilda Banken
Q1-18,2017-07-06,7.0,11-30-2017,Skandinaviska Enskilda Banken
Q1-18,2017-09-04,6.7,11-30-2017,Skandinaviska Enskilda Banken
Q1-18,2017-10-06,6.7,11-30-2017,Skandinaviska Enskilda Banken
Q2-18,2017-06-01,7.0,11-30-2017,Skandinaviska Enskilda Banken
Q2-18,2017-07-06,7.0,11-30-2017,Skandinaviska Enskilda Banken
Q2-18,2017-09-04,6.6,11-30-2017,Skandinaviska Enskilda Banken
Q2-18,2017-10-06,6.5,11-30-2017,Skandinaviska Enskilda Banken
Q3-18,2017-09-04,6.6,11-30-2017,Skandinaviska Enskilda Banken
Q3-18,2017-10-06,6.4,11-30-2017,Skandinaviska Enskilda Banken
2018,2016-10-31,6.65,11-30-2017,Skandinaviska Enskilda Banken
Q3-21,2020-09-15,6.78,08-31-2021,Skandinaviska Enskilda Banken
Q3-21,2021-01-21,6.28,08-31-2021,Skandinaviska Enskilda Banken
Q3-21,2021-02-19,6.28,08-31-2021,Skandinaviska Enskilda Banken
Q3-21,2021-03-03,6.2,08-31-2021,Skandinaviska Enskilda Banken
Q3-21,2021-03-16,6.2,08-31-2021,Skandinaviska Enskilda Banken
Q3-21,2021-04-14,6.35,08-31-2021,Skandinaviska Enskilda Banken
Q3-21,2021-05-06,6.39,08-31-2021,Skandinaviska Enskilda Banken
Q3-21,2021-06-10,6.39,08-31-2021,Skandinaviska Enskilda Banken
Q3-21,2021-06-30,6.39,08-31-2021,Skandinaviska Enskilda Banken
Q3-21,2021-07-01,6.78,08-31-2021,Skandinaviska Enskilda Banken
Q4-21,2019-12-19,6.2,08-31-2021,Skandinaviska Enskilda Banken
Q4-21,2020-07-20,6.2,08-31-2021,Skandinaviska Enskilda Banken
Q4-21,2020-08-25,6.2,08-31-2021,Skandinaviska Enskilda Banken
Q4-21,2021-01-21,6.2,08-31-2021,Skandinaviska Enskilda Banken
Q4-21,2021-02-19,6.2,08-31-2021,Skandinaviska Enskilda Banken
Q4-21,2021-03-03,6.15,08-31-2021,Skandinaviska Enskilda Banken
Q4-21,2021-03-16,6.15,08-31-2021,Skandinaviska Enskilda Banken
Q4-21,2021-04-14,6.2,08-31-2021,Skandinaviska Enskilda Banken
Q4-21,2021-05-06,6.2,08-31-2021,Skandinaviska Enskilda Banken
Q4-21,2021-06-10,6.2,08-31-2021,Skandinaviska Enskilda Banken
Q4-21,2021-06-30,6.2,08-31-2021,Skandinaviska Enskilda Banken
Q4-21,2021-07-01,6.2,08-31-2021,Skandinaviska Enskilda Banken
Q1-22,2021-03-03,6.1,08-31-2021,Skandinaviska Enskilda Banken
Q1-22,2021-03-16,6.1,08-31-2021,Skandinaviska Enskilda Banken
Q1-22,2021-04-14,6.15,08-31-2021,Skandinaviska Enskilda Banken
Q1-22,2021-05-06,6.15,08-31-2021,Skandinaviska Enskilda Banken
Q1-22,2021-06-10,6.15,08-31-2021,Skandinaviska Enskilda Banken
Q1-22,2021-06-30,6.15,08-31-2021,Skandinaviska Enskilda Banken
Q1-22,2021-07-01,6.1,08-31-2021,Skandinaviska Enskilda Banken
Q2-22,2021-06-10,6.1,08-31-2021,Skandinaviska Enskilda Banken
Q2-22,2021-06-30,6.1,08-31-2021,Skandinaviska Enskilda Banken
Q2-22,2021-07-01,6.1,08-31-2021,Skandinaviska Enskilda Banken
2022,2020-08-25,6.0,08-31-2021,Skandinaviska Enskilda Banken
2022,2021-03-03,6.0,08-31-2021,Skandinaviska Enskilda Banken
2022,2021-03-16,6.0,08-31-2021,Skandinaviska Enskilda Banken
Q2-10,2009-10-16,6.6,05-31-2010,Skandinaviska Enskilda Banken
Q2-10,2010-02-03,6.6,05-31-2010,Skandinaviska Enskilda Banken
Q2-10,2010-04-07,6.82,05-31-2010,Skandinaviska Enskilda Banken
Q2-10,2010-05-11,6.82,05-31-2010,Skandinaviska Enskilda Banken
Q3-10,2010-04-07,6.78,05-31-2010,Skandinaviska Enskilda Banken
Q3-10,2010-05-11,6.78,05-31-2010,Skandinaviska Enskilda Banken
Q4-10,2010-02-03,6.4,05-31-2010,Skandinaviska Enskilda Banken
Q4-10,2010-05-11,6.6,05-31-2010,Skandinaviska Enskilda Banken
Q1-11,2010-05-11,6.4,05-31-2010,Skandinaviska Enskilda Banken
Q1-17,2016-06-29,6.9,02-28-2017,Skandinaviska Enskilda Banken
Q1-17,2016-09-05,6.8,02-28-2017,Skandinaviska Enskilda Banken
Q1-17,2016-10-31,6.75,02-28-2017,Skandinaviska Enskilda Banken
Q1-17,2016-12-14,6.7,02-28-2017,Skandinaviska Enskilda Banken
Q1-17,2016-12-22,6.8,02-28-2017,Skandinaviska Enskilda Banken
Q1-17,2017-01-12,6.7,02-28-2017,Skandinaviska Enskilda Banken
Q1-17,2017-02-16,6.7,02-28-2017,Skandinaviska Enskilda Banken
Q2-17,2016-06-29,6.8,02-28-2017,Skandinaviska Enskilda Banken
Q2-17,2016-09-05,6.7,02-28-2017,Skandinaviska Enskilda Banken
Q2-17,2016-10-31,6.7,02-28-2017,Skandinaviska Enskilda Banken
Q2-17,2016-12-14,6.8,02-28-2017,Skandinaviska Enskilda Banken
Q2-17,2016-12-22,6.7,02-28-2017,Skandinaviska Enskilda Banken
Q2-17,2017-01-12,6.8,02-28-2017,Skandinaviska Enskilda Banken
Q2-17,2017-02-16,6.8,02-28-2017,Skandinaviska Enskilda Banken
Q3-17,2016-09-05,6.75,02-28-2017,Skandinaviska Enskilda Banken
Q3-17,2016-10-31,6.7,02-28-2017,Skandinaviska Enskilda Banken
Q3-17,2016-12-14,6.9,02-28-2017,Skandinaviska Enskilda Banken
Q3-17,2016-12-22,6.8,02-28-2017,Skandinaviska Enskilda Banken
Q3-17,2017-01-12,6.9,02-28-2017,Skandinaviska Enskilda Banken
Q3-17,2017-02-16,6.9,02-28-2017,Skandinaviska Enskilda Banken
Q4-17,2016-10-31,6.7,02-28-2017,Skandinaviska Enskilda Banken
Q4-17,2016-12-14,7.05,02-28-2017,Skandinaviska Enskilda Banken
Q4-17,2016-12-22,6.9,02-28-2017,Skandinaviska Enskilda Banken
Q4-17,2017-01-12,7.05,02-28-2017,Skandinaviska Enskilda Banken
Q4-17,2017-02-16,7.05,02-28-2017,Skandinaviska Enskilda Banken
2018,2016-10-31,6.65,02-28-2017,Skandinaviska Enskilda Banken
Q3-10,2010-04-07,6.78,08-31-2010,Skandinaviska Enskilda Banken
Q3-10,2010-05-11,6.78,08-31-2010,Skandinaviska Enskilda Banken
Q3-10,2010-06-18,6.79,08-31-2010,Skandinaviska Enskilda Banken
Q3-10,2010-06-22,6.77,08-31-2010,Skandinaviska Enskilda Banken
Q3-10,2010-07-02,6.77,08-31-2010,Skandinaviska Enskilda Banken
Q3-10,2010-07-06,6.77,08-31-2010,Skandinaviska Enskilda Banken
Q3-10,2010-08-10,6.76,08-31-2010,Skandinaviska Enskilda Banken
Q3-10,2010-08-31,6.76,08-31-2010,Skandinaviska Enskilda Banken
Q4-10,2010-02-03,6.4,08-31-2010,Skandinaviska Enskilda Banken
Q4-10,2010-05-11,6.6,08-31-2010,Skandinaviska Enskilda Banken
Q4-10,2010-06-18,6.6,08-31-2010,Skandinaviska Enskilda Banken
Q4-10,2010-06-22,6.65,08-31-2010,Skandinaviska Enskilda Banken
Q4-10,2010-07-02,6.65,08-31-2010,Skandinaviska Enskilda Banken
Q4-10,2010-07-06,6.65,08-31-2010,Skandinaviska Enskilda Banken
Q4-10,2010-08-10,6.74,08-31-2010,Skandinaviska Enskilda Banken
Q4-10,2010-08-31,6.74,08-31-2010,Skandinaviska Enskilda Banken
Q1-11,2010-05-11,6.4,08-31-2010,Skandinaviska Enskilda Banken
Q1-11,2010-08-10,6.65,08-31-2010,Skandinaviska Enskilda Banken
Q1-11,2010-08-31,6.65,08-31-2010,Skandinaviska Enskilda Banken
Q2-11,2010-06-18,6.4,08-31-2010,Skandinaviska Enskilda Banken
Q2-11,2010-06-22,6.4,08-31-2010,Skandinaviska Enskilda Banken
Q2-11,2010-07-02,6.4,08-31-2010,Skandinaviska Enskilda Banken
Q2-11,2010-07-06,6.4,08-31-2010,Skandinaviska Enskilda Banken
Q2-11,2010-08-10,6.45,08-31-2010,Skandinaviska Enskilda Banken
Q2-21,2020-05-29,7.14,05-31-2021,Skandinaviska Enskilda Banken
Q2-21,2020-07-20,6.99,05-31-2021,Skandinaviska Enskilda Banken
Q2-21,2020-07-27,6.99,05-31-2021,Skandinaviska Enskilda Banken
Q2-21,2020-08-25,6.99,05-31-2021,Skandinaviska Enskilda Banken
Q2-21,2020-09-15,6.8,05-31-2021,Skandinaviska Enskilda Banken
Q2-21,2021-01-21,6.36,05-31-2021,Skandinaviska Enskilda Banken
Q2-21,2021-02-19,6.36,05-31-2021,Skandinaviska Enskilda Banken
Q2-21,2021-03-03,6.28,05-31-2021,Skandinaviska Enskilda Banken
Q2-21,2021-03-16,6.35,05-31-2021,Skandinaviska Enskilda Banken
Q2-21,2021-04-14,6.43,05-31-2021,Skandinaviska Enskilda Banken
Q2-21,2021-05-06,6.47,05-31-2021,Skandinaviska Enskilda Banken
Q3-21,2020-09-15,6.78,05-31-2021,Skandinaviska Enskilda Banken
Q3-21,2021-01-21,6.28,05-31-2021,Skandinaviska Enskilda Banken
Q3-21,2021-02-19,6.28,05-31-2021,Skandinaviska Enskilda Banken
Q3-21,2021-03-03,6.2,05-31-2021,Skandinaviska Enskilda Banken
Q3-21,2021-03-16,6.2,05-31-2021,Skandinaviska Enskilda Banken
Q3-21,2021-04-14,6.35,05-31-2021,Skandinaviska Enskilda Banken
Q3-21,2021-05-06,6.39,05-31-2021,Skandinaviska Enskilda Banken
Q4-21,2019-12-19,6.2,05-31-2021,Skandinaviska Enskilda Banken
Q4-21,2020-07-20,6.2,05-31-2021,Skandinaviska Enskilda Banken
Q4-21,2020-08-25,6.2,05-31-2021,Skandinaviska Enskilda Banken
Q4-21,2021-01-21,6.2,05-31-2021,Skandinaviska Enskilda Banken
Q4-21,2021-02-19,6.2,05-31-2021,Skandinaviska Enskilda Banken
Q4-21,2021-03-03,6.15,05-31-2021,Skandinaviska Enskilda Banken
Q4-21,2021-03-16,6.15,05-31-2021,Skandinaviska Enskilda Banken
Q4-21,2021-04-14,6.2,05-31-2021,Skandinaviska Enskilda Banken
Q4-21,2021-05-06,6.2,05-31-2021,Skandinaviska Enskilda Banken
Q1-22,2021-03-03,6.1,05-31-2021,Skandinaviska Enskilda Banken
Q1-22,2021-03-16,6.1,05-31-2021,Skandinaviska Enskilda Banken
Q1-22,2021-04-14,6.15,05-31-2021,Skandinaviska Enskilda Banken
Q1-22,2021-05-06,6.15,05-31-2021,Skandinaviska Enskilda Banken
2022,2020-08-25,6.0,05-31-2021,Skandinaviska Enskilda Banken
2022,2021-03-03,6.0,05-31-2021,Skandinaviska Enskilda Banken
2022,2021-03-16,6.0,05-31-2021,Skandinaviska Enskilda Banken
Q2-17,2016-06-29,6.8,05-31-2017,Skandinaviska Enskilda Banken
Q2-17,2016-09-05,6.7,05-31-2017,Skandinaviska Enskilda Banken
Q2-17,2016-10-31,6.7,05-31-2017,Skandinaviska Enskilda Banken
Q2-17,2016-12-14,6.8,05-31-2017,Skandinaviska Enskilda Banken
Q2-17,2016-12-22,6.7,05-31-2017,Skandinaviska Enskilda Banken
Q2-17,2017-01-12,6.8,05-31-2017,Skandinaviska Enskilda Banken
Q2-17,2017-02-16,6.8,05-31-2017,Skandinaviska Enskilda Banken
Q2-17,2017-03-23,6.8,05-31-2017,Skandinaviska Enskilda Banken
Q2-17,2017-05-19,6.8,05-31-2017,Skandinaviska Enskilda Banken
Q3-17,2016-09-05,6.75,05-31-2017,Skandinaviska Enskilda Banken
Q3-17,2016-10-31,6.7,05-31-2017,Skandinaviska Enskilda Banken
Q3-17,2016-12-14,6.9,05-31-2017,Skandinaviska Enskilda Banken
Q3-17,2016-12-22,6.8,05-31-2017,Skandinaviska Enskilda Banken
Q3-17,2017-01-12,6.9,05-31-2017,Skandinaviska Enskilda Banken
Q3-17,2017-02-16,6.9,05-31-2017,Skandinaviska Enskilda Banken
Q3-17,2017-03-23,6.9,05-31-2017,Skandinaviska Enskilda Banken
Q3-17,2017-05-19,6.9,05-31-2017,Skandinaviska Enskilda Banken
Q4-17,2016-10-31,6.7,05-31-2017,Skandinaviska Enskilda Banken
Q4-17,2016-12-14,7.05,05-31-2017,Skandinaviska Enskilda Banken
Q4-17,2016-12-22,6.9,05-31-2017,Skandinaviska Enskilda Banken
Q4-17,2017-01-12,7.05,05-31-2017,Skandinaviska Enskilda Banken
Q4-17,2017-02-16,7.05,05-31-2017,Skandinaviska Enskilda Banken
Q4-17,2017-03-23,7.05,05-31-2017,Skandinaviska Enskilda Banken
Q4-17,2017-05-19,7.05,05-31-2017,Skandinaviska Enskilda Banken
Q1-18,2017-03-23,7.0,05-31-2017,Skandinaviska Enskilda Banken
Q1-18,2017-05-19,7.0,05-31-2017,Skandinaviska Enskilda Banken
2018,2016-10-31,6.65,05-31-2017,Skandinaviska Enskilda Banken
Q4-06,2006-09-28,7.83,11-30-2006,Skandinaviska Enskilda Banken
Q4-06,2006-11-07,7.83,11-30-2006,Skandinaviska Enskilda Banken
Q1-07,2006-09-28,7.8,11-30-2006,Skandinaviska Enskilda Banken
Q1-07,2006-11-07,7.8,11-30-2006,Skandinaviska Enskilda Banken
Q1-21,2020-05-29,7.16,02-28-2021,Skandinaviska Enskilda Banken
Q1-21,2020-07-20,7.01,02-28-2021,Skandinaviska Enskilda Banken
Q1-21,2020-07-27,7.01,02-28-2021,Skandinaviska Enskilda Banken
Q1-21,2020-08-25,7.01,02-28-2021,Skandinaviska Enskilda Banken
Q1-21,2020-09-15,6.83,02-28-2021,Skandinaviska Enskilda Banken
Q1-21,2021-01-21,6.45,02-28-2021,Skandinaviska Enskilda Banken
Q1-21,2021-02-19,6.45,02-28-2021,Skandinaviska Enskilda Banken
Q2-21,2020-05-29,7.14,02-28-2021,Skandinaviska Enskilda Banken
Q2-21,2020-07-20,6.99,02-28-2021,Skandinaviska Enskilda Banken
Q2-21,2020-07-27,6.99,02-28-2021,Skandinaviska Enskilda Banken
Q2-21,2020-08-25,6.99,02-28-2021,Skandinaviska Enskilda Banken
Q2-21,2020-09-15,6.8,02-28-2021,Skandinaviska Enskilda Banken
Q2-21,2021-01-21,6.36,02-28-2021,Skandinaviska Enskilda Banken
Q2-21,2021-02-19,6.36,02-28-2021,Skandinaviska Enskilda Banken
Q3-21,2020-09-15,6.78,02-28-2021,Skandinaviska Enskilda Banken
Q3-21,2021-01-21,6.28,02-28-2021,Skandinaviska Enskilda Banken
Q3-21,2021-02-19,6.28,02-28-2021,Skandinaviska Enskilda Banken
Q4-21,2019-04-10,6.2,02-28-2021,Skandinaviska Enskilda Banken
Q4-21,2019-12-19,6.2,02-28-2021,Skandinaviska Enskilda Banken
Q4-21,2020-07-20,6.2,02-28-2021,Skandinaviska Enskilda Banken
Q4-21,2020-08-25,6.2,02-28-2021,Skandinaviska Enskilda Banken
Q4-21,2021-01-21,6.2,02-28-2021,Skandinaviska Enskilda Banken
Q4-21,2021-02-19,6.2,02-28-2021,Skandinaviska Enskilda Banken
2022,2019-04-10,6.2,02-28-2021,Skandinaviska Enskilda Banken
2022,2019-12-19,6.2,02-28-2021,Skandinaviska Enskilda Banken
2022,2020-07-20,6.2,02-28-2021,Skandinaviska Enskilda Banken
2022,2020-08-25,6.2,02-28-2021,Skandinaviska Enskilda Banken
2022,2021-01-21,6.2,02-28-2021,Skandinaviska Enskilda Banken
2022,2021-02-19,6.2,02-28-2021,Skandinaviska Enskilda Banken
Q4-10,2010-02-03,6.4,11-30-2010,Skandinaviska Enskilda Banken
Q4-10,2010-05-11,6.6,11-30-2010,Skandinaviska Enskilda Banken
Q4-10,2010-06-18,6.6,11-30-2010,Skandinaviska Enskilda Banken
Q4-10,2010-06-22,6.65,11-30-2010,Skandinaviska Enskilda Banken
Q4-10,2010-07-02,6.65,11-30-2010,Skandinaviska Enskilda Banken
Q4-10,2010-07-06,6.65,11-30-2010,Skandinaviska Enskilda Banken
Q4-10,2010-08-10,6.74,11-30-2010,Skandinaviska Enskilda Banken
Q4-10,2010-08-31,6.74,11-30-2010,Skandinaviska Enskilda Banken
Q1-11,2010-05-11,6.4,11-30-2010,Skandinaviska Enskilda Banken
Q1-11,2010-08-10,6.65,11-30-2010,Skandinaviska Enskilda Banken
Q1-11,2010-08-31,6.65,11-30-2010,Skandinaviska Enskilda Banken
Q2-11,2010-06-18,6.4,11-30-2010,Skandinaviska Enskilda Banken
Q2-11,2010-06-22,6.4,11-30-2010,Skandinaviska Enskilda Banken
Q2-11,2010-07-02,6.4,11-30-2010,Skandinaviska Enskilda Banken
Q2-11,2010-07-06,6.4,11-30-2010,Skandinaviska Enskilda Banken
Q2-11,2010-08-10,6.45,11-30-2010,Skandinaviska Enskilda Banken
Q3-11,2010-08-31,6.45,11-30-2010,Skandinaviska Enskilda Banken
Q4-11,2010-12-22,6.35,11-30-2011,Skandinaviska Enskilda Banken
Q4-11,2011-07-22,6.2,11-30-2011,Skandinaviska Enskilda Banken
Q4-11,2011-08-02,6.2,11-30-2011,Skandinaviska Enskilda Banken
Q1-12,2011-07-22,6.05,11-30-2011,Skandinaviska Enskilda Banken
Q1-12,2011-08-02,6.05,11-30-2011,Skandinaviska Enskilda Banken
Q2-12,2011-07-22,5.85,11-30-2011,Skandinaviska Enskilda Banken
2012,2011-08-02,5.85,11-30-2011,Skandinaviska Enskilda Banken
Q1-20,2019-01-22,6.7,02-28-2020,Skandinaviska Enskilda Banken
Q1-20,2019-03-05,6.7,02-28-2020,Skandinaviska Enskilda Banken
Q1-20,2019-04-04,6.7,02-28-2020,Skandinaviska Enskilda Banken
Q1-20,2019-04-10,6.63,02-28-2020,Skandinaviska Enskilda Banken
Q1-20,2019-08-29,7.13,02-28-2020,Skandinaviska Enskilda Banken
Q1-20,2019-10-02,7.19,02-28-2020,Skandinaviska Enskilda Banken
Q1-20,2019-11-13,7.19,02-28-2020,Skandinaviska Enskilda Banken
Q1-20,2019-12-19,7.01,02-28-2020,Skandinaviska Enskilda Banken
Q1-20,2020-02-06,7.01,02-28-2020,Skandinaviska Enskilda Banken
Q1-20,2020-02-20,7.01,02-28-2020,Skandinaviska Enskilda Banken
Q2-20,2019-08-29,7.1,02-28-2020,Skandinaviska Enskilda Banken
Q2-20,2019-10-02,7.23,02-28-2020,Skandinaviska Enskilda Banken
Q2-20,2019-11-13,7.23,02-28-2020,Skandinaviska Enskilda Banken
Q2-20,2019-12-19,7.06,02-28-2020,Skandinaviska Enskilda Banken
Q2-20,2020-02-06,7.06,02-28-2020,Skandinaviska Enskilda Banken
Q2-20,2020-02-20,7.06,02-28-2020,Skandinaviska Enskilda Banken
Q3-20,2019-10-02,7.26,02-28-2020,Skandinaviska Enskilda Banken
Q3-20,2019-11-13,7.26,02-28-2020,Skandinaviska Enskilda Banken
Q3-20,2019-12-19,7.1,02-28-2020,Skandinaviska Enskilda Banken
Q3-20,2020-02-06,7.1,02-28-2020,Skandinaviska Enskilda Banken
Q3-20,2020-02-20,7.1,02-28-2020,Skandinaviska Enskilda Banken
Q4-20,2019-04-10,7.15,02-28-2020,Skandinaviska Enskilda Banken
Q4-20,2019-12-19,7.15,02-28-2020,Skandinaviska Enskilda Banken
Q4-20,2020-02-06,7.15,02-28-2020,Skandinaviska Enskilda Banken
Q4-20,2020-02-20,7.15,02-28-2020,Skandinaviska Enskilda Banken
Q4-07,2007-08-09,7.38,11-30-2007,Skandinaviska Enskilda Banken
Q4-07,2007-09-21,7.42,11-30-2007,Skandinaviska Enskilda Banken
Q4-07,2007-10-05,7.42,11-30-2007,Skandinaviska Enskilda Banken
Q2-16,2015-06-26,6.25,05-31-2016,Skandinaviska Enskilda Banken
Q2-16,2015-07-28,6.25,05-31-2016,Skandinaviska Enskilda Banken
Q2-16,2015-08-11,6.3,05-31-2016,Skandinaviska Enskilda Banken
Q2-16,2015-08-25,6.4,05-31-2016,Skandinaviska Enskilda Banken
Q2-16,2015-09-29,6.4,05-31-2016,Skandinaviska Enskilda Banken
Q2-16,2015-10-01,6.4,05-31-2016,Skandinaviska Enskilda Banken
Q2-16,2015-11-03,6.4,05-31-2016,Skandinaviska Enskilda Banken
Q2-16,2016-01-28,6.25,05-31-2016,Skandinaviska Enskilda Banken
Q3-16,2015-08-25,6.5,05-31-2016,Skandinaviska Enskilda Banken
Q3-16,2015-09-29,6.5,05-31-2016,Skandinaviska Enskilda Banken
Q3-16,2015-10-01,6.5,05-31-2016,Skandinaviska Enskilda Banken
Q3-16,2015-11-03,6.5,05-31-2016,Skandinaviska Enskilda Banken
Q3-16,2016-01-28,6.5,05-31-2016,Skandinaviska Enskilda Banken
Q2-20,2019-08-29,7.1,05-31-2020,Skandinaviska Enskilda Banken
Q2-20,2019-10-02,7.23,05-31-2020,Skandinaviska Enskilda Banken
Q2-20,2019-11-13,7.23,05-31-2020,Skandinaviska Enskilda Banken
Q2-20,2019-12-19,7.06,05-31-2020,Skandinaviska Enskilda Banken
Q2-20,2020-02-06,7.06,05-31-2020,Skandinaviska Enskilda Banken
Q2-20,2020-02-20,7.06,05-31-2020,Skandinaviska Enskilda Banken
Q3-20,2019-10-02,7.26,05-31-2020,Skandinaviska Enskilda Banken
Q3-20,2019-11-13,7.26,05-31-2020,Skandinaviska Enskilda Banken
Q3-20,2019-12-19,7.1,05-31-2020,Skandinaviska Enskilda Banken
Q3-20,2020-02-06,7.1,05-31-2020,Skandinaviska Enskilda Banken
Q3-20,2020-02-20,7.1,05-31-2020,Skandinaviska Enskilda Banken
Q3-20,2020-05-29,7.2,05-31-2020,Skandinaviska Enskilda Banken
Q4-20,2019-04-10,7.15,05-31-2020,Skandinaviska Enskilda Banken
Q4-20,2019-12-19,7.15,05-31-2020,Skandinaviska Enskilda Banken
Q4-20,2020-02-06,7.15,05-31-2020,Skandinaviska Enskilda Banken
Q4-20,2020-02-20,7.15,05-31-2020,Skandinaviska Enskilda Banken
Q4-20,2020-05-29,7.18,05-31-2020,Skandinaviska Enskilda Banken
Q1-21,2020-05-29,7.16,05-31-2020,Skandinaviska Enskilda Banken
Q3-07,2007-03-16,7.51,08-31-2007,Skandinaviska Enskilda Banken
Q3-07,2007-08-09,7.52,08-31-2007,Skandinaviska Enskilda Banken
Q4-07,2007-08-09,7.38,08-31-2007,Skandinaviska Enskilda Banken
Q3-11,2010-08-31,6.45,08-31-2011,Skandinaviska Enskilda Banken
Q3-11,2011-07-22,6.32,08-31-2011,Skandinaviska Enskilda Banken
Q3-11,2011-08-02,6.32,08-31-2011,Skandinaviska Enskilda Banken
Q4-11,2010-12-22,6.35,08-31-2011,Skandinaviska Enskilda Banken
Q4-11,2011-07-22,6.2,08-31-2011,Skandinaviska Enskilda Banken
Q4-11,2011-08-02,6.2,08-31-2011,Skandinaviska Enskilda Banken
Q1-12,2011-07-22,6.05,08-31-2011,Skandinaviska Enskilda Banken
Q1-12,2011-08-02,6.05,08-31-2011,Skandinaviska Enskilda Banken
Q2-12,2011-07-22,5.85,08-31-2011,Skandinaviska Enskilda Banken
2012,2011-08-02,5.85,08-31-2011,Skandinaviska Enskilda Banken
Q1-16,2015-06-26,6.25,02-28-2016,Skandinaviska Enskilda Banken
Q1-16,2015-07-28,6.25,02-28-2016,Skandinaviska Enskilda Banken
Q1-16,2015-08-11,6.35,02-28-2016,Skandinaviska Enskilda Banken
Q1-16,2015-08-25,6.6,02-28-2016,Skandinaviska Enskilda Banken
Q1-16,2015-09-29,6.6,02-28-2016,Skandinaviska Enskilda Banken
Q1-16,2015-10-01,6.6,02-28-2016,Skandinaviska Enskilda Banken
Q1-16,2015-11-03,6.6,02-28-2016,Skandinaviska Enskilda Banken
Q1-16,2016-01-28,6.25,02-28-2016,Skandinaviska Enskilda Banken
Q2-16,2015-06-26,6.25,02-28-2016,Skandinaviska Enskilda Banken
Q2-16,2015-07-28,6.25,02-28-2016,Skandinaviska Enskilda Banken
Q2-16,2015-08-11,6.3,02-28-2016,Skandinaviska Enskilda Banken
Q2-16,2015-08-25,6.4,02-28-2016,Skandinaviska Enskilda Banken
Q2-16,2015-09-29,6.4,02-28-2016,Skandinaviska Enskilda Banken
Q2-16,2015-10-01,6.4,02-28-2016,Skandinaviska Enskilda Banken
Q2-16,2015-11-03,6.4,02-28-2016,Skandinaviska Enskilda Banken
Q2-16,2016-01-28,6.25,02-28-2016,Skandinaviska Enskilda Banken
Q3-16,2015-08-25,6.5,02-28-2016,Skandinaviska Enskilda Banken
Q3-16,2015-09-29,6.5,02-28-2016,Skandinaviska Enskilda Banken
Q3-16,2015-10-01,6.5,02-28-2016,Skandinaviska Enskilda Banken
Q3-16,2015-11-03,6.5,02-28-2016,Skandinaviska Enskilda Banken
Q3-16,2016-01-28,6.5,02-28-2016,Skandinaviska Enskilda Banken
Q4-08,2008-08-29,6.85,11-30-2008,Skandinaviska Enskilda Banken
Q4-08,2008-09-26,6.85,11-30-2008,Skandinaviska Enskilda Banken
Q4-08,2008-10-01,6.85,11-30-2008,Skandinaviska Enskilda Banken
Q4-08,2008-10-24,6.85,11-30-2008,Skandinaviska Enskilda Banken
Q4-08,2008-11-27,6.84,11-30-2008,Skandinaviska Enskilda Banken
Q1-09,2008-09-26,6.83,11-30-2008,Skandinaviska Enskilda Banken
Q1-09,2008-10-01,6.83,11-30-2008,Skandinaviska Enskilda Banken
Q1-09,2008-10-24,6.83,11-30-2008,Skandinaviska Enskilda Banken
Q1-09,2008-11-27,6.95,11-30-2008,Skandinaviska Enskilda Banken
Q2-09,2008-09-26,6.8,11-30-2008,Skandinaviska Enskilda Banken
Q2-09,2008-10-01,6.8,11-30-2008,Skandinaviska Enskilda Banken
2009,2008-10-24,6.8,11-30-2008,Skandinaviska Enskilda Banken
Q2-19,2018-09-03,6.5,05-31-2019,Skandinaviska Enskilda Banken
Q2-19,2018-10-03,6.5,05-31-2019,Skandinaviska Enskilda Banken
Q2-19,2019-01-08,6.87,05-31-2019,Skandinaviska Enskilda Banken
Q2-19,2019-01-22,6.83,05-31-2019,Skandinaviska Enskilda Banken
Q2-19,2019-03-05,6.83,05-31-2019,Skandinaviska Enskilda Banken
Q2-19,2019-04-04,6.83,05-31-2019,Skandinaviska Enskilda Banken
Q2-19,2019-04-10,6.82,05-31-2019,Skandinaviska Enskilda Banken
Q3-19,2018-09-03,6.45,05-31-2019,Skandinaviska Enskilda Banken
Q3-19,2018-10-03,6.45,05-31-2019,Skandinaviska Enskilda Banken
Q3-19,2019-01-08,6.83,05-31-2019,Skandinaviska Enskilda Banken
Q3-19,2019-01-22,6.81,05-31-2019,Skandinaviska Enskilda Banken
Q3-19,2019-03-05,6.81,05-31-2019,Skandinaviska Enskilda Banken
Q3-19,2019-04-04,6.81,05-31-2019,Skandinaviska Enskilda Banken
Q3-19,2019-04-10,6.8,05-31-2019,Skandinaviska Enskilda Banken
Q4-19,2019-01-08,6.75,05-31-2019,Skandinaviska Enskilda Banken
Q4-19,2019-01-22,6.75,05-31-2019,Skandinaviska Enskilda Banken
Q4-19,2019-03-05,6.75,05-31-2019,Skandinaviska Enskilda Banken
Q4-19,2019-04-04,6.75,05-31-2019,Skandinaviska Enskilda Banken
Q4-19,2019-04-10,6.65,05-31-2019,Skandinaviska Enskilda Banken
Q1-20,2019-01-22,6.7,05-31-2019,Skandinaviska Enskilda Banken
Q1-20,2019-03-05,6.7,05-31-2019,Skandinaviska Enskilda Banken
Q1-20,2019-04-04,6.7,05-31-2019,Skandinaviska Enskilda Banken
Q1-20,2019-04-10,6.63,05-31-2019,Skandinaviska Enskilda Banken
Q3-12,2012-02-14,6.17,08-31-2012,Skandinaviska Enskilda Banken
Q3-12,2012-02-23,6.17,08-31-2012,Skandinaviska Enskilda Banken
Q3-12,2012-02-27,6.17,08-31-2012,Skandinaviska Enskilda Banken
Q3-12,2012-04-10,6.17,08-31-2012,Skandinaviska Enskilda Banken
Q3-12,2012-04-24,6.2,08-31-2012,Skandinaviska Enskilda Banken
Q3-12,2012-05-02,6.2,08-31-2012,Skandinaviska Enskilda Banken
Q3-12,2012-05-08,6.22,08-31-2012,Skandinaviska Enskilda Banken
Q3-12,2012-05-09,6.22,08-31-2012,Skandinaviska Enskilda Banken
Q3-12,2012-05-15,6.28,08-31-2012,Skandinaviska Enskilda Banken
Q3-12,2012-06-07,6.28,08-31-2012,Skandinaviska Enskilda Banken
Q3-12,2012-06-12,6.28,08-31-2012,Skandinaviska Enskilda Banken
Q3-12,2012-06-19,6.28,08-31-2012,Skandinaviska Enskilda Banken
Q3-12,2012-07-03,6.28,08-31-2012,Skandinaviska Enskilda Banken
Q3-12,2012-07-20,6.32,08-31-2012,Skandinaviska Enskilda Banken
Q3-12,2012-08-14,6.32,08-31-2012,Skandinaviska Enskilda Banken
Q3-12,2012-08-21,6.32,08-31-2012,Skandinaviska Enskilda Banken
Q3-12,2012-08-28,6.35,08-31-2012,Skandinaviska Enskilda Banken
Q4-12,2011-08-02,5.85,08-31-2012,Skandinaviska Enskilda Banken
Q4-12,2012-02-14,6.0,08-31-2012,Skandinaviska Enskilda Banken
Q4-12,2012-02-23,6.0,08-31-2012,Skandinaviska Enskilda Banken
Q4-12,2012-02-27,6.0,08-31-2012,Skandinaviska Enskilda Banken
Q4-12,2012-04-10,6.0,08-31-2012,Skandinaviska Enskilda Banken
Q4-12,2012-04-24,6.15,08-31-2012,Skandinaviska Enskilda Banken
Q4-12,2012-05-02,6.15,08-31-2012,Skandinaviska Enskilda Banken
Q4-12,2012-05-08,6.15,08-31-2012,Skandinaviska Enskilda Banken
Q4-12,2012-05-09,6.15,08-31-2012,Skandinaviska Enskilda Banken
Q4-12,2012-05-15,6.2,08-31-2012,Skandinaviska Enskilda Banken
Q4-12,2012-06-07,6.2,08-31-2012,Skandinaviska Enskilda Banken
Q4-12,2012-06-12,6.2,08-31-2012,Skandinaviska Enskilda Banken
Q4-12,2012-06-19,6.2,08-31-2012,Skandinaviska Enskilda Banken
Q4-12,2012-07-03,6.2,08-31-2012,Skandinaviska Enskilda Banken
Q4-12,2012-07-20,6.2,08-31-2012,Skandinaviska Enskilda Banken
Q4-12,2012-08-14,6.2,08-31-2012,Skandinaviska Enskilda Banken
Q4-12,2012-08-21,6.2,08-31-2012,Skandinaviska Enskilda Banken
Q4-12,2012-08-28,6.3,08-31-2012,Skandinaviska Enskilda Banken
Q1-13,2012-02-23,6.0,08-31-2012,Skandinaviska Enskilda Banken
Q1-13,2012-02-27,6.0,08-31-2012,Skandinaviska Enskilda Banken
Q1-13,2012-04-10,6.0,08-31-2012,Skandinaviska Enskilda Banken
Q1-13,2012-04-24,6.1,08-31-2012,Skandinaviska Enskilda Banken
Q1-13,2012-05-02,6.1,08-31-2012,Skandinaviska Enskilda Banken
Q1-13,2012-05-08,6.1,08-31-2012,Skandinaviska Enskilda Banken
Q1-13,2012-05-09,6.1,08-31-2012,Skandinaviska Enskilda Banken
Q1-13,2012-05-15,6.1,08-31-2012,Skandinaviska Enskilda Banken
Q1-13,2012-06-07,6.16,08-31-2012,Skandinaviska Enskilda Banken
Q1-13,2012-06-12,6.16,08-31-2012,Skandinaviska Enskilda Banken
Q1-13,2012-06-19,6.16,08-31-2012,Skandinaviska Enskilda Banken
Q1-13,2012-07-03,6.16,08-31-2012,Skandinaviska Enskilda Banken
Q1-13,2012-07-20,6.16,08-31-2012,Skandinaviska Enskilda Banken
Q1-13,2012-08-14,6.16,08-31-2012,Skandinaviska Enskilda Banken
Q1-13,2012-08-21,6.16,08-31-2012,Skandinaviska Enskilda Banken
Q1-13,2012-08-28,6.28,08-31-2012,Skandinaviska Enskilda Banken
Q2-13,2012-06-07,6.12,08-31-2012,Skandinaviska Enskilda Banken
Q2-13,2012-06-12,6.12,08-31-2012,Skandinaviska Enskilda Banken
Q2-13,2012-06-19,6.12,08-31-2012,Skandinaviska Enskilda Banken
Q2-13,2012-07-03,6.12,08-31-2012,Skandinaviska Enskilda Banken
Q2-13,2012-07-20,6.12,08-31-2012,Skandinaviska Enskilda Banken
Q2-13,2012-08-14,6.12,08-31-2012,Skandinaviska Enskilda Banken
Q2-13,2012-08-21,6.12,08-31-2012,Skandinaviska Enskilda Banken
Q2-13,2012-08-28,6.25,08-31-2012,Skandinaviska Enskilda Banken
Q1-15,2014-03-04,5.9,02-28-2015,Skandinaviska Enskilda Banken
Q1-15,2014-03-11,5.9,02-28-2015,Skandinaviska Enskilda Banken
Q1-15,2014-03-19,5.9,02-28-2015,Skandinaviska Enskilda Banken
Q1-15,2014-04-11,5.9,02-28-2015,Skandinaviska Enskilda Banken
Q1-15,2014-04-15,5.9,02-28-2015,Skandinaviska Enskilda Banken
Q1-15,2014-04-29,5.9,02-28-2015,Skandinaviska Enskilda Banken
Q1-15,2014-05-06,5.9,02-28-2015,Skandinaviska Enskilda Banken
Q1-15,2014-05-13,5.9,02-28-2015,Skandinaviska Enskilda Banken
Q1-15,2014-05-22,5.9,02-28-2015,Skandinaviska Enskilda Banken
Q1-15,2014-06-03,6.0,02-28-2015,Skandinaviska Enskilda Banken
Q1-15,2014-06-10,6.0,02-28-2015,Skandinaviska Enskilda Banken
Q1-15,2014-06-17,5.9,02-28-2015,Skandinaviska Enskilda Banken
Q1-15,2014-06-26,6.0,02-28-2015,Skandinaviska Enskilda Banken
Q1-15,2014-07-15,6.0,02-28-2015,Skandinaviska Enskilda Banken
Q1-15,2014-08-06,6.0,02-28-2015,Skandinaviska Enskilda Banken
Q1-15,2014-08-14,5.9,02-28-2015,Skandinaviska Enskilda Banken
Q1-15,2014-09-02,6.0,02-28-2015,Skandinaviska Enskilda Banken
Q1-15,2014-09-09,6.0,02-28-2015,Skandinaviska Enskilda Banken
Q1-15,2014-09-16,6.0,02-28-2015,Skandinaviska Enskilda Banken
Q1-15,2014-09-25,6.0,02-28-2015,Skandinaviska Enskilda Banken
Q1-15,2014-10-08,6.0,02-28-2015,Skandinaviska Enskilda Banken
Q1-15,2014-10-14,6.0,02-28-2015,Skandinaviska Enskilda Banken
Q1-15,2014-10-22,6.0,02-28-2015,Skandinaviska Enskilda Banken
Q1-15,2014-11-04,6.0,02-28-2015,Skandinaviska Enskilda Banken
Q1-15,2014-11-11,6.0,02-28-2015,Skandinaviska Enskilda Banken
Q1-15,2014-11-18,6.0,02-28-2015,Skandinaviska Enskilda Banken
Q1-15,2014-11-26,6.0,02-28-2015,Skandinaviska Enskilda Banken
Q1-15,2014-12-10,6.0,02-28-2015,Skandinaviska Enskilda Banken
Q1-15,2014-12-17,6.0,02-28-2015,Skandinaviska Enskilda Banken
Q1-15,2015-01-21,6.0,02-28-2015,Skandinaviska Enskilda Banken
Q2-15,2014-06-17,6.0,02-28-2015,Skandinaviska Enskilda Banken
Q2-15,2014-07-15,6.0,02-28-2015,Skandinaviska Enskilda Banken
Q2-15,2014-08-06,6.0,02-28-2015,Skandinaviska Enskilda Banken
Q2-15,2014-08-14,6.0,02-28-2015,Skandinaviska Enskilda Banken
Q2-15,2014-09-02,6.1,02-28-2015,Skandinaviska Enskilda Banken
Q2-15,2014-09-09,6.1,02-28-2015,Skandinaviska Enskilda Banken
Q2-15,2014-09-16,6.1,02-28-2015,Skandinaviska Enskilda Banken
Q2-15,2014-09-25,6.1,02-28-2015,Skandinaviska Enskilda Banken
Q2-15,2014-10-08,5.9,02-28-2015,Skandinaviska Enskilda Banken
Q2-15,2014-10-14,5.9,02-28-2015,Skandinaviska Enskilda Banken
Q2-15,2014-10-22,5.9,02-28-2015,Skandinaviska Enskilda Banken
Q2-15,2014-11-04,6.1,02-28-2015,Skandinaviska Enskilda Banken
Q2-15,2014-11-11,6.1,02-28-2015,Skandinaviska Enskilda Banken
Q2-15,2014-11-18,6.1,02-28-2015,Skandinaviska Enskilda Banken
Q2-15,2014-11-26,6.1,02-28-2015,Skandinaviska Enskilda Banken
Q2-15,2014-12-10,6.1,02-28-2015,Skandinaviska Enskilda Banken
Q2-15,2014-12-17,6.0,02-28-2015,Skandinaviska Enskilda Banken
Q2-15,2015-01-21,6.1,02-28-2015,Skandinaviska Enskilda Banken
Q3-15,2014-09-02,6.1,02-28-2015,Skandinaviska Enskilda Banken
Q3-15,2014-09-09,6.1,02-28-2015,Skandinaviska Enskilda Banken
Q3-15,2014-09-16,6.1,02-28-2015,Skandinaviska Enskilda Banken
Q3-15,2014-09-25,6.1,02-28-2015,Skandinaviska Enskilda Banken
Q3-15,2014-10-08,6.0,02-28-2015,Skandinaviska Enskilda Banken
Q3-15,2014-10-14,6.0,02-28-2015,Skandinaviska Enskilda Banken
Q3-15,2014-10-22,6.0,02-28-2015,Skandinaviska Enskilda Banken
Q3-15,2014-11-04,6.0,02-28-2015,Skandinaviska Enskilda Banken
Q3-15,2014-11-11,6.0,02-28-2015,Skandinaviska Enskilda Banken
Q3-15,2014-11-18,6.0,02-28-2015,Skandinaviska Enskilda Banken
Q3-15,2014-11-26,6.0,02-28-2015,Skandinaviska Enskilda Banken
Q3-15,2014-12-10,6.0,02-28-2015,Skandinaviska Enskilda Banken
Q3-15,2014-12-17,6.1,02-28-2015,Skandinaviska Enskilda Banken
Q3-15,2015-01-21,6.0,02-28-2015,Skandinaviska Enskilda Banken
Q4-15,2014-12-10,5.8,02-28-2015,Skandinaviska Enskilda Banken
Q4-15,2014-12-17,6.0,02-28-2015,Skandinaviska Enskilda Banken
Q4-12,2011-08-02,5.85,11-30-2012,Skandinaviska Enskilda Banken
Q4-12,2012-02-14,6.0,11-30-2012,Skandinaviska Enskilda Banken
Q4-12,2012-02-23,6.0,11-30-2012,Skandinaviska Enskilda Banken
Q4-12,2012-02-27,6.0,11-30-2012,Skandinaviska Enskilda Banken
Q4-12,2012-04-10,6.0,11-30-2012,Skandinaviska Enskilda Banken
Q4-12,2012-04-24,6.15,11-30-2012,Skandinaviska Enskilda Banken
Q4-12,2012-05-02,6.15,11-30-2012,Skandinaviska Enskilda Banken
Q4-12,2012-05-08,6.15,11-30-2012,Skandinaviska Enskilda Banken
Q4-12,2012-05-09,6.15,11-30-2012,Skandinaviska Enskilda Banken
Q4-12,2012-05-15,6.2,11-30-2012,Skandinaviska Enskilda Banken
Q4-12,2012-06-07,6.2,11-30-2012,Skandinaviska Enskilda Banken
Q4-12,2012-06-12,6.2,11-30-2012,Skandinaviska Enskilda Banken
Q4-12,2012-06-19,6.2,11-30-2012,Skandinaviska Enskilda Banken
Q4-12,2012-07-03,6.2,11-30-2012,Skandinaviska Enskilda Banken
Q4-12,2012-07-20,6.2,11-30-2012,Skandinaviska Enskilda Banken
Q4-12,2012-08-14,6.2,11-30-2012,Skandinaviska Enskilda Banken
Q4-12,2012-08-21,6.2,11-30-2012,Skandinaviska Enskilda Banken
Q4-12,2012-08-28,6.3,11-30-2012,Skandinaviska Enskilda Banken
Q4-12,2012-09-04,6.3,11-30-2012,Skandinaviska Enskilda Banken
Q4-12,2012-09-17,6.28,11-30-2012,Skandinaviska Enskilda Banken
Q4-12,2012-09-27,6.28,11-30-2012,Skandinaviska Enskilda Banken
Q4-12,2012-10-09,6.28,11-30-2012,Skandinaviska Enskilda Banken
Q4-12,2012-10-16,6.28,11-30-2012,Skandinaviska Enskilda Banken
Q4-12,2012-11-01,6.28,11-30-2012,Skandinaviska Enskilda Banken
Q4-12,2012-11-06,6.28,11-30-2012,Skandinaviska Enskilda Banken
Q4-12,2012-11-13,6.28,11-30-2012,Skandinaviska Enskilda Banken
Q4-12,2012-11-28,6.23,11-30-2012,Skandinaviska Enskilda Banken
Q1-13,2012-02-23,6.0,11-30-2012,Skandinaviska Enskilda Banken
Q1-13,2012-02-27,6.0,11-30-2012,Skandinaviska Enskilda Banken
Q1-13,2012-04-10,6.0,11-30-2012,Skandinaviska Enskilda Banken
Q1-13,2012-04-24,6.1,11-30-2012,Skandinaviska Enskilda Banken
Q1-13,2012-05-02,6.1,11-30-2012,Skandinaviska Enskilda Banken
Q1-13,2012-05-08,6.1,11-30-2012,Skandinaviska Enskilda Banken
Q1-13,2012-05-09,6.1,11-30-2012,Skandinaviska Enskilda Banken
Q1-13,2012-05-15,6.1,11-30-2012,Skandinaviska Enskilda Banken
Q1-13,2012-06-07,6.16,11-30-2012,Skandinaviska Enskilda Banken
Q1-13,2012-06-12,6.16,11-30-2012,Skandinaviska Enskilda Banken
Q1-13,2012-06-19,6.16,11-30-2012,Skandinaviska Enskilda Banken
Q1-13,2012-07-03,6.16,11-30-2012,Skandinaviska Enskilda Banken
Q1-13,2012-07-20,6.16,11-30-2012,Skandinaviska Enskilda Banken
Q1-13,2012-08-14,6.16,11-30-2012,Skandinaviska Enskilda Banken
Q1-13,2012-08-21,6.16,11-30-2012,Skandinaviska Enskilda Banken
Q1-13,2012-08-28,6.28,11-30-2012,Skandinaviska Enskilda Banken
Q1-13,2012-09-04,6.28,11-30-2012,Skandinaviska Enskilda Banken
Q1-13,2012-09-17,6.26,11-30-2012,Skandinaviska Enskilda Banken
Q1-13,2012-09-27,6.26,11-30-2012,Skandinaviska Enskilda Banken
Q1-13,2012-10-09,6.28,11-30-2012,Skandinaviska Enskilda Banken
Q1-13,2012-10-16,6.28,11-30-2012,Skandinaviska Enskilda Banken
Q1-13,2012-11-01,6.28,11-30-2012,Skandinaviska Enskilda Banken
Q1-13,2012-11-06,6.28,11-30-2012,Skandinaviska Enskilda Banken
Q1-13,2012-11-13,6.28,11-30-2012,Skandinaviska Enskilda Banken
Q1-13,2012-11-28,6.21,11-30-2012,Skandinaviska Enskilda Banken
Q2-13,2012-06-07,6.12,11-30-2012,Skandinaviska Enskilda Banken
Q2-13,2012-06-12,6.12,11-30-2012,Skandinaviska Enskilda Banken
Q2-13,2012-06-19,6.12,11-30-2012,Skandinaviska Enskilda Banken
Q2-13,2012-07-03,6.12,11-30-2012,Skandinaviska Enskilda Banken
Q2-13,2012-07-20,6.12,11-30-2012,Skandinaviska Enskilda Banken
Q2-13,2012-08-14,6.12,11-30-2012,Skandinaviska Enskilda Banken
Q2-13,2012-08-21,6.12,11-30-2012,Skandinaviska Enskilda Banken
Q2-13,2012-08-28,6.25,11-30-2012,Skandinaviska Enskilda Banken
Q2-13,2012-09-04,6.25,11-30-2012,Skandinaviska Enskilda Banken
Q2-13,2012-09-17,6.25,11-30-2012,Skandinaviska Enskilda Banken
Q2-13,2012-09-27,6.25,11-30-2012,Skandinaviska Enskilda Banken
Q2-13,2012-10-09,6.26,11-30-2012,Skandinaviska Enskilda Banken
Q2-13,2012-10-16,6.26,11-30-2012,Skandinaviska Enskilda Banken
Q2-13,2012-11-01,6.26,11-30-2012,Skandinaviska Enskilda Banken
Q2-13,2012-11-06,6.26,11-30-2012,Skandinaviska Enskilda Banken
Q2-13,2012-11-13,6.26,11-30-2012,Skandinaviska Enskilda Banken
Q2-13,2012-11-28,6.19,11-30-2012,Skandinaviska Enskilda Banken
Q3-13,2012-08-28,6.23,11-30-2012,Skandinaviska Enskilda Banken
Q3-13,2012-09-04,6.23,11-30-2012,Skandinaviska Enskilda Banken
Q3-13,2012-09-17,6.2,11-30-2012,Skandinaviska Enskilda Banken
Q3-13,2012-09-27,6.2,11-30-2012,Skandinaviska Enskilda Banken
Q3-13,2012-10-09,6.25,11-30-2012,Skandinaviska Enskilda Banken
Q3-13,2012-10-16,6.25,11-30-2012,Skandinaviska Enskilda Banken
Q3-13,2012-11-01,6.25,11-30-2012,Skandinaviska Enskilda Banken
Q3-13,2012-11-06,6.25,11-30-2012,Skandinaviska Enskilda Banken
Q3-13,2012-11-13,6.25,11-30-2012,Skandinaviska Enskilda Banken
Q3-13,2012-11-28,6.17,11-30-2012,Skandinaviska Enskilda Banken
2013,2012-11-28,6.15,11-30-2012,Skandinaviska Enskilda Banken
Q2-15,2014-06-17,6.0,05-31-2015,Skandinaviska Enskilda Banken
Q2-15,2014-07-15,6.0,05-31-2015,Skandinaviska Enskilda Banken
Q2-15,2014-08-06,6.0,05-31-2015,Skandinaviska Enskilda Banken
Q2-15,2014-08-14,6.0,05-31-2015,Skandinaviska Enskilda Banken
Q2-15,2014-09-02,6.1,05-31-2015,Skandinaviska Enskilda Banken
Q2-15,2014-09-09,6.1,05-31-2015,Skandinaviska Enskilda Banken
Q2-15,2014-09-16,6.1,05-31-2015,Skandinaviska Enskilda Banken
Q2-15,2014-09-25,6.1,05-31-2015,Skandinaviska Enskilda Banken
Q2-15,2014-10-08,5.9,05-31-2015,Skandinaviska Enskilda Banken
Q2-15,2014-10-14,5.9,05-31-2015,Skandinaviska Enskilda Banken
Q2-15,2014-10-22,5.9,05-31-2015,Skandinaviska Enskilda Banken
Q2-15,2014-11-04,6.1,05-31-2015,Skandinaviska Enskilda Banken
Q2-15,2014-11-11,6.1,05-31-2015,Skandinaviska Enskilda Banken
Q2-15,2014-11-18,6.1,05-31-2015,Skandinaviska Enskilda Banken
Q2-15,2014-11-26,6.1,05-31-2015,Skandinaviska Enskilda Banken
Q2-15,2014-12-10,6.1,05-31-2015,Skandinaviska Enskilda Banken
Q2-15,2014-12-17,6.0,05-31-2015,Skandinaviska Enskilda Banken
Q2-15,2015-01-21,6.1,05-31-2015,Skandinaviska Enskilda Banken
Q3-15,2014-09-02,6.1,05-31-2015,Skandinaviska Enskilda Banken
Q3-15,2014-09-09,6.1,05-31-2015,Skandinaviska Enskilda Banken
Q3-15,2014-09-16,6.1,05-31-2015,Skandinaviska Enskilda Banken
Q3-15,2014-09-25,6.1,05-31-2015,Skandinaviska Enskilda Banken
Q3-15,2014-10-08,6.0,05-31-2015,Skandinaviska Enskilda Banken
Q3-15,2014-10-14,6.0,05-31-2015,Skandinaviska Enskilda Banken
Q3-15,2014-10-22,6.0,05-31-2015,Skandinaviska Enskilda Banken
Q3-15,2014-11-04,6.0,05-31-2015,Skandinaviska Enskilda Banken
Q3-15,2014-11-11,6.0,05-31-2015,Skandinaviska Enskilda Banken
Q3-15,2014-11-18,6.0,05-31-2015,Skandinaviska Enskilda Banken
Q3-15,2014-11-26,6.0,05-31-2015,Skandinaviska Enskilda Banken
Q3-15,2014-12-10,6.0,05-31-2015,Skandinaviska Enskilda Banken
Q3-15,2014-12-17,6.1,05-31-2015,Skandinaviska Enskilda Banken
Q3-15,2015-01-21,6.0,05-31-2015,Skandinaviska Enskilda Banken
Q4-15,2014-12-10,5.8,05-31-2015,Skandinaviska Enskilda Banken
Q4-15,2014-12-17,6.0,05-31-2015,Skandinaviska Enskilda Banken
Q4-08,2008-08-29,6.85,08-31-2008,Skandinaviska Enskilda Banken
Q1-19,2018-09-03,6.55,02-28-2019,Skandinaviska Enskilda Banken
Q1-19,2018-10-03,6.55,02-28-2019,Skandinaviska Enskilda Banken
Q1-19,2019-01-08,6.91,02-28-2019,Skandinaviska Enskilda Banken
Q2-19,2018-09-03,6.5,02-28-2019,Skandinaviska Enskilda Banken
Q2-19,2018-10-03,6.5,02-28-2019,Skandinaviska Enskilda Banken
Q2-19,2019-01-08,6.87,02-28-2019,Skandinaviska Enskilda Banken
Q2-19,2019-01-22,6.83,02-28-2019,Skandinaviska Enskilda Banken
Q3-19,2018-09-03,6.45,02-28-2019,Skandinaviska Enskilda Banken
Q3-19,2018-10-03,6.45,02-28-2019,Skandinaviska Enskilda Banken
Q3-19,2019-01-08,6.83,02-28-2019,Skandinaviska Enskilda Banken
Q3-19,2019-01-22,6.81,02-28-2019,Skandinaviska Enskilda Banken
Q4-19,2019-01-08,6.75,02-28-2019,Skandinaviska Enskilda Banken
Q4-19,2019-01-22,6.75,02-28-2019,Skandinaviska Enskilda Banken
Q1-18,2017-03-23,7.0,02-28-2018,Skandinaviska Enskilda Banken
Q1-18,2017-05-19,7.0,02-28-2018,Skandinaviska Enskilda Banken
Q1-18,2017-06-01,7.05,02-28-2018,Skandinaviska Enskilda Banken
Q1-18,2017-07-06,7.0,02-28-2018,Skandinaviska Enskilda Banken
Q1-18,2017-09-04,6.7,02-28-2018,Skandinaviska Enskilda Banken
Q1-18,2017-10-06,6.7,02-28-2018,Skandinaviska Enskilda Banken
Q1-18,2017-12-13,6.7,02-28-2018,Skandinaviska Enskilda Banken
Q2-18,2017-06-01,7.0,02-28-2018,Skandinaviska Enskilda Banken
Q2-18,2017-07-06,7.0,02-28-2018,Skandinaviska Enskilda Banken
Q2-18,2017-09-04,6.6,02-28-2018,Skandinaviska Enskilda Banken
Q2-18,2017-10-06,6.5,02-28-2018,Skandinaviska Enskilda Banken
Q2-18,2017-12-13,6.5,02-28-2018,Skandinaviska Enskilda Banken
Q3-18,2017-09-04,6.6,02-28-2018,Skandinaviska Enskilda Banken
Q3-18,2017-10-06,6.4,02-28-2018,Skandinaviska Enskilda Banken
Q3-18,2017-12-13,6.4,02-28-2018,Skandinaviska Enskilda Banken
Q4-18,2016-10-31,6.65,02-28-2018,Skandinaviska Enskilda Banken
Q4-18,2017-12-13,6.3,02-28-2018,Skandinaviska Enskilda Banken
Q3-09,2009-06-09,6.82,08-31-2009,Skandinaviska Enskilda Banken
Q4-09,2008-10-24,6.8,08-31-2009,Skandinaviska Enskilda Banken
Q4-09,2009-06-09,6.82,08-31-2009,Skandinaviska Enskilda Banken
Q2-14,2013-06-11,6.0,05-31-2014,Skandinaviska Enskilda Banken
Q2-14,2013-07-02,6.07,05-31-2014,Skandinaviska Enskilda Banken
Q2-14,2013-07-12,6.07,05-31-2014,Skandinaviska Enskilda Banken
Q2-14,2013-08-08,6.08,05-31-2014,Skandinaviska Enskilda Banken
Q2-14,2013-08-20,6.07,05-31-2014,Skandinaviska Enskilda Banken
Q2-14,2013-08-23,6.07,05-31-2014,Skandinaviska Enskilda Banken
Q2-14,2013-08-27,6.07,05-31-2014,Skandinaviska Enskilda Banken
Q2-14,2013-09-11,6.07,05-31-2014,Skandinaviska Enskilda Banken
Q2-14,2013-09-17,6.07,05-31-2014,Skandinaviska Enskilda Banken
Q2-14,2013-09-20,6.07,05-31-2014,Skandinaviska Enskilda Banken
Q2-14,2013-10-10,5.98,05-31-2014,Skandinaviska Enskilda Banken
Q2-14,2013-10-22,5.99,05-31-2014,Skandinaviska Enskilda Banken
Q2-14,2013-11-26,5.99,05-31-2014,Skandinaviska Enskilda Banken
Q2-14,2013-12-03,5.98,05-31-2014,Skandinaviska Enskilda Banken
Q2-14,2013-12-19,5.98,05-31-2014,Skandinaviska Enskilda Banken
Q2-14,2014-01-23,6.02,05-31-2014,Skandinaviska Enskilda Banken
Q2-14,2014-02-21,6.02,05-31-2014,Skandinaviska Enskilda Banken
Q2-14,2014-03-04,6.02,05-31-2014,Skandinaviska Enskilda Banken
Q2-14,2014-03-11,6.02,05-31-2014,Skandinaviska Enskilda Banken
Q2-14,2014-03-19,6.02,05-31-2014,Skandinaviska Enskilda Banken
Q2-14,2014-04-11,6.02,05-31-2014,Skandinaviska Enskilda Banken
Q2-14,2014-04-15,6.02,05-31-2014,Skandinaviska Enskilda Banken
Q2-14,2014-04-29,6.02,05-31-2014,Skandinaviska Enskilda Banken
Q2-14,2014-05-06,6.02,05-31-2014,Skandinaviska Enskilda Banken
Q2-14,2014-05-13,6.02,05-31-2014,Skandinaviska Enskilda Banken
Q2-14,2014-05-22,6.02,05-31-2014,Skandinaviska Enskilda Banken
Q3-14,2013-10-10,5.94,05-31-2014,Skandinaviska Enskilda Banken
Q3-14,2013-10-22,5.95,05-31-2014,Skandinaviska Enskilda Banken
Q3-14,2013-11-26,5.95,05-31-2014,Skandinaviska Enskilda Banken
Q3-14,2013-12-03,5.94,05-31-2014,Skandinaviska Enskilda Banken
Q3-14,2013-12-19,5.94,05-31-2014,Skandinaviska Enskilda Banken
Q3-14,2014-01-23,5.98,05-31-2014,Skandinaviska Enskilda Banken
Q3-14,2014-02-21,5.98,05-31-2014,Skandinaviska Enskilda Banken
Q3-14,2014-03-04,5.98,05-31-2014,Skandinaviska Enskilda Banken
Q3-14,2014-03-11,5.98,05-31-2014,Skandinaviska Enskilda Banken
Q3-14,2014-03-19,5.98,05-31-2014,Skandinaviska Enskilda Banken
Q3-14,2014-04-11,5.98,05-31-2014,Skandinaviska Enskilda Banken
Q3-14,2014-04-15,5.98,05-31-2014,Skandinaviska Enskilda Banken
Q3-14,2014-04-29,5.98,05-31-2014,Skandinaviska Enskilda Banken
Q3-14,2014-05-06,5.98,05-31-2014,Skandinaviska Enskilda Banken
Q3-14,2014-05-13,5.98,05-31-2014,Skandinaviska Enskilda Banken
Q3-14,2014-05-22,5.98,05-31-2014,Skandinaviska Enskilda Banken
Q4-14,2013-04-11,6.0,05-31-2014,Skandinaviska Enskilda Banken
Q4-14,2013-04-18,6.0,05-31-2014,Skandinaviska Enskilda Banken
Q4-14,2013-06-05,6.0,05-31-2014,Skandinaviska Enskilda Banken
Q4-14,2013-06-20,6.0,05-31-2014,Skandinaviska Enskilda Banken
Q4-14,2013-07-02,6.0,05-31-2014,Skandinaviska Enskilda Banken
Q4-14,2013-07-12,6.0,05-31-2014,Skandinaviska Enskilda Banken
Q4-14,2013-08-08,6.0,05-31-2014,Skandinaviska Enskilda Banken
Q4-14,2013-08-20,6.0,05-31-2014,Skandinaviska Enskilda Banken
Q4-14,2013-09-11,6.0,05-31-2014,Skandinaviska Enskilda Banken
Q4-14,2013-09-17,6.0,05-31-2014,Skandinaviska Enskilda Banken
Q4-14,2013-09-20,6.0,05-31-2014,Skandinaviska Enskilda Banken
Q4-14,2013-10-10,5.9,05-31-2014,Skandinaviska Enskilda Banken
Q4-14,2013-10-22,5.9,05-31-2014,Skandinaviska Enskilda Banken
Q4-14,2013-11-26,5.9,05-31-2014,Skandinaviska Enskilda Banken
Q4-14,2013-12-03,5.9,05-31-2014,Skandinaviska Enskilda Banken
Q4-14,2013-12-19,5.9,05-31-2014,Skandinaviska Enskilda Banken
Q4-14,2014-01-23,5.9,05-31-2014,Skandinaviska Enskilda Banken
Q4-14,2014-02-21,5.9,05-31-2014,Skandinaviska Enskilda Banken
Q4-14,2014-03-04,5.9,05-31-2014,Skandinaviska Enskilda Banken
Q4-14,2014-03-11,5.9,05-31-2014,Skandinaviska Enskilda Banken
Q4-14,2014-03-19,5.9,05-31-2014,Skandinaviska Enskilda Banken
Q4-14,2014-04-11,5.9,05-31-2014,Skandinaviska Enskilda Banken
Q4-14,2014-04-15,5.9,05-31-2014,Skandinaviska Enskilda Banken
Q4-14,2014-04-29,5.9,05-31-2014,Skandinaviska Enskilda Banken
Q4-14,2014-05-06,5.9,05-31-2014,Skandinaviska Enskilda Banken
Q4-14,2014-05-13,5.9,05-31-2014,Skandinaviska Enskilda Banken
Q4-14,2014-05-22,5.9,05-31-2014,Skandinaviska Enskilda Banken
Q1-15,2014-03-04,5.9,05-31-2014,Skandinaviska Enskilda Banken
Q1-15,2014-03-11,5.9,05-31-2014,Skandinaviska Enskilda Banken
Q1-15,2014-03-19,5.9,05-31-2014,Skandinaviska Enskilda Banken
Q1-15,2014-04-11,5.9,05-31-2014,Skandinaviska Enskilda Banken
Q1-15,2014-04-15,5.9,05-31-2014,Skandinaviska Enskilda Banken
Q1-15,2014-04-29,5.9,05-31-2014,Skandinaviska Enskilda Banken
Q1-15,2014-05-06,5.9,05-31-2014,Skandinaviska Enskilda Banken
Q1-15,2014-05-13,5.9,05-31-2014,Skandinaviska Enskilda Banken
Q1-15,2014-05-22,5.9,05-31-2014,Skandinaviska Enskilda Banken
Q1-22,2021-03-03,6.1,02-28-2022,Skandinaviska Enskilda Banken
Q1-22,2021-03-16,6.1,02-28-2022,Skandinaviska Enskilda Banken
Q1-22,2021-04-14,6.15,02-28-2022,Skandinaviska Enskilda Banken
Q1-22,2021-05-06,6.15,02-28-2022,Skandinaviska Enskilda Banken
Q1-22,2021-06-10,6.15,02-28-2022,Skandinaviska Enskilda Banken
Q1-22,2021-06-30,6.15,02-28-2022,Skandinaviska Enskilda Banken
Q1-22,2021-07-01,6.38,02-28-2022,Skandinaviska Enskilda Banken
Q1-22,2021-09-08,6.38,02-28-2022,Skandinaviska Enskilda Banken
Q1-22,2021-10-27,6.38,02-28-2022,Skandinaviska Enskilda Banken
Q1-22,2021-11-17,6.38,02-28-2022,Skandinaviska Enskilda Banken
Q1-22,2022-01-12,6.4,02-28-2022,Skandinaviska Enskilda Banken
Q2-22,2021-06-10,6.1,02-28-2022,Skandinaviska Enskilda Banken
Q2-22,2021-06-30,6.1,02-28-2022,Skandinaviska Enskilda Banken
Q2-22,2021-07-01,6.35,02-28-2022,Skandinaviska Enskilda Banken
Q2-22,2021-09-08,6.35,02-28-2022,Skandinaviska Enskilda Banken
Q2-22,2021-10-27,6.35,02-28-2022,Skandinaviska Enskilda Banken
Q2-22,2021-11-17,6.35,02-28-2022,Skandinaviska Enskilda Banken
Q2-22,2021-12-10,6.35,02-28-2022,Skandinaviska Enskilda Banken
Q2-22,2022-01-12,6.38,02-28-2022,Skandinaviska Enskilda Banken
Q2-22,2022-02-11,6.39,02-28-2022,Skandinaviska Enskilda Banken
Q3-22,2021-09-08,6.33,02-28-2022,Skandinaviska Enskilda Banken
Q3-22,2021-10-27,6.33,02-28-2022,Skandinaviska Enskilda Banken
Q3-22,2021-11-17,6.33,02-28-2022,Skandinaviska Enskilda Banken
Q3-22,2021-12-10,6.33,02-28-2022,Skandinaviska Enskilda Banken
Q3-22,2022-01-12,6.37,02-28-2022,Skandinaviska Enskilda Banken
Q3-22,2022-02-11,6.37,02-28-2022,Skandinaviska Enskilda Banken
Q4-22,2020-08-25,6.0,02-28-2022,Skandinaviska Enskilda Banken
Q4-22,2021-03-03,6.0,02-28-2022,Skandinaviska Enskilda Banken
Q4-22,2021-03-16,6.0,02-28-2022,Skandinaviska Enskilda Banken
Q4-22,2021-09-08,6.3,02-28-2022,Skandinaviska Enskilda Banken
Q4-22,2021-10-27,6.3,02-28-2022,Skandinaviska Enskilda Banken
Q4-22,2021-11-17,6.3,02-28-2022,Skandinaviska Enskilda Banken
Q4-22,2021-12-10,6.3,02-28-2022,Skandinaviska Enskilda Banken
Q4-22,2022-01-12,6.3,02-28-2022,Skandinaviska Enskilda Banken
Q4-13,2012-11-28,6.15,11-30-2013,Skandinaviska Enskilda Banken
Q4-13,2012-12-04,6.15,11-30-2013,Skandinaviska Enskilda Banken
Q4-13,2012-12-18,6.15,11-30-2013,Skandinaviska Enskilda Banken
Q4-13,2013-01-08,6.15,11-30-2013,Skandinaviska Enskilda Banken
Q4-13,2013-01-24,6.1,11-30-2013,Skandinaviska Enskilda Banken
Q4-13,2013-02-12,6.1,11-30-2013,Skandinaviska Enskilda Banken
Q4-13,2013-02-26,6.1,11-30-2013,Skandinaviska Enskilda Banken
Q4-13,2013-03-05,6.1,11-30-2013,Skandinaviska Enskilda Banken
Q4-13,2013-03-08,6.1,11-30-2013,Skandinaviska Enskilda Banken
Q4-13,2013-03-15,6.12,11-30-2013,Skandinaviska Enskilda Banken
Q4-13,2013-03-19,6.12,11-30-2013,Skandinaviska Enskilda Banken
Q4-13,2013-03-28,6.13,11-30-2013,Skandinaviska Enskilda Banken
Q4-13,2013-04-11,6.14,11-30-2013,Skandinaviska Enskilda Banken
Q4-13,2013-04-18,6.14,11-30-2013,Skandinaviska Enskilda Banken
Q4-13,2013-05-21,6.09,11-30-2013,Skandinaviska Enskilda Banken
Q4-13,2013-06-05,6.1,11-30-2013,Skandinaviska Enskilda Banken
Q4-13,2013-06-11,6.09,11-30-2013,Skandinaviska Enskilda Banken
Q4-13,2013-06-20,6.1,11-30-2013,Skandinaviska Enskilda Banken
Q4-13,2013-07-02,6.1,11-30-2013,Skandinaviska Enskilda Banken
Q4-13,2013-07-12,6.1,11-30-2013,Skandinaviska Enskilda Banken
Q4-13,2013-08-08,6.1,11-30-2013,Skandinaviska Enskilda Banken
Q4-13,2013-08-20,6.1,11-30-2013,Skandinaviska Enskilda Banken
Q4-13,2013-08-23,6.1,11-30-2013,Skandinaviska Enskilda Banken
Q4-13,2013-08-27,6.1,11-30-2013,Skandinaviska Enskilda Banken
Q4-13,2013-09-11,6.1,11-30-2013,Skandinaviska Enskilda Banken
Q4-13,2013-09-17,6.1,11-30-2013,Skandinaviska Enskilda Banken
Q4-13,2013-09-20,6.1,11-30-2013,Skandinaviska Enskilda Banken
Q4-13,2013-10-10,6.06,11-30-2013,Skandinaviska Enskilda Banken
Q4-13,2013-10-22,6.06,11-30-2013,Skandinaviska Enskilda Banken
Q4-13,2013-11-26,6.07,11-30-2013,Skandinaviska Enskilda Banken
Q1-14,2013-03-05,6.1,11-30-2013,Skandinaviska Enskilda Banken
Q1-14,2013-03-08,6.1,11-30-2013,Skandinaviska Enskilda Banken
Q1-14,2013-03-15,6.1,11-30-2013,Skandinaviska Enskilda Banken
Q1-14,2013-03-19,6.1,11-30-2013,Skandinaviska Enskilda Banken
Q1-14,2013-03-28,6.1,11-30-2013,Skandinaviska Enskilda Banken
Q1-14,2013-04-11,6.1,11-30-2013,Skandinaviska Enskilda Banken
Q1-14,2013-04-18,6.11,11-30-2013,Skandinaviska Enskilda Banken
Q1-14,2013-05-21,6.08,11-30-2013,Skandinaviska Enskilda Banken
Q1-14,2013-06-05,6.08,11-30-2013,Skandinaviska Enskilda Banken
Q1-14,2013-06-11,6.08,11-30-2013,Skandinaviska Enskilda Banken
Q1-14,2013-06-20,6.08,11-30-2013,Skandinaviska Enskilda Banken
Q1-14,2013-07-02,6.08,11-30-2013,Skandinaviska Enskilda Banken
Q1-14,2013-07-12,6.08,11-30-2013,Skandinaviska Enskilda Banken
Q1-14,2013-08-08,6.09,11-30-2013,Skandinaviska Enskilda Banken
Q1-14,2013-08-20,6.09,11-30-2013,Skandinaviska Enskilda Banken
Q1-14,2013-08-23,6.08,11-30-2013,Skandinaviska Enskilda Banken
Q1-14,2013-08-27,6.08,11-30-2013,Skandinaviska Enskilda Banken
Q1-14,2013-09-11,6.08,11-30-2013,Skandinaviska Enskilda Banken
Q1-14,2013-09-17,6.08,11-30-2013,Skandinaviska Enskilda Banken
Q1-14,2013-09-20,6.08,11-30-2013,Skandinaviska Enskilda Banken
Q1-14,2013-10-10,6.02,11-30-2013,Skandinaviska Enskilda Banken
Q1-14,2013-10-22,6.03,11-30-2013,Skandinaviska Enskilda Banken
Q1-14,2013-11-26,6.03,11-30-2013,Skandinaviska Enskilda Banken
Q2-14,2013-06-11,6.0,11-30-2013,Skandinaviska Enskilda Banken
Q2-14,2013-07-02,6.07,11-30-2013,Skandinaviska Enskilda Banken
Q2-14,2013-07-12,6.07,11-30-2013,Skandinaviska Enskilda Banken
Q2-14,2013-08-08,6.08,11-30-2013,Skandinaviska Enskilda Banken
Q2-14,2013-08-20,6.07,11-30-2013,Skandinaviska Enskilda Banken
Q2-14,2013-08-23,6.07,11-30-2013,Skandinaviska Enskilda Banken
Q2-14,2013-08-27,6.07,11-30-2013,Skandinaviska Enskilda Banken
Q2-14,2013-09-11,6.07,11-30-2013,Skandinaviska Enskilda Banken
Q2-14,2013-09-17,6.07,11-30-2013,Skandinaviska Enskilda Banken
Q2-14,2013-09-20,6.07,11-30-2013,Skandinaviska Enskilda Banken
Q2-14,2013-10-10,5.98,11-30-2013,Skandinaviska Enskilda Banken
Q2-14,2013-10-22,5.99,11-30-2013,Skandinaviska Enskilda Banken
Q2-14,2013-11-26,5.99,11-30-2013,Skandinaviska Enskilda Banken
Q3-14,2013-10-10,5.94,11-30-2013,Skandinaviska Enskilda Banken
Q3-14,2013-10-22,5.95,11-30-2013,Skandinaviska Enskilda Banken
Q3-14,2013-11-26,5.95,11-30-2013,Skandinaviska Enskilda Banken
2014,2013-04-11,6.0,11-30-2013,Skandinaviska Enskilda Banken
2014,2013-04-18,6.0,11-30-2013,Skandinaviska Enskilda Banken
2014,2013-06-05,6.0,11-30-2013,Skandinaviska Enskilda Banken
2014,2013-06-20,6.0,11-30-2013,Skandinaviska Enskilda Banken
2014,2013-07-02,6.0,11-30-2013,Skandinaviska Enskilda Banken
2014,2013-07-12,6.0,11-30-2013,Skandinaviska Enskilda Banken
2014,2013-08-08,6.0,11-30-2013,Skandinaviska Enskilda Banken
2014,2013-08-20,6.0,11-30-2013,Skandinaviska Enskilda Banken
2014,2013-09-11,6.0,11-30-2013,Skandinaviska Enskilda Banken
2014,2013-09-17,6.0,11-30-2013,Skandinaviska Enskilda Banken
2014,2013-09-20,6.0,11-30-2013,Skandinaviska Enskilda Banken
2014,2013-10-10,5.9,11-30-2013,Skandinaviska Enskilda Banken
2014,2013-10-22,5.9,11-30-2013,Skandinaviska Enskilda Banken
2014,2013-11-26,5.9,11-30-2013,Skandinaviska Enskilda Banken
Q1-14,2013-03-05,6.1,02-28-2014,Skandinaviska Enskilda Banken
Q1-14,2013-03-08,6.1,02-28-2014,Skandinaviska Enskilda Banken
Q1-14,2013-03-15,6.1,02-28-2014,Skandinaviska Enskilda Banken
Q1-14,2013-03-19,6.1,02-28-2014,Skandinaviska Enskilda Banken
Q1-14,2013-03-28,6.1,02-28-2014,Skandinaviska Enskilda Banken
Q1-14,2013-04-11,6.1,02-28-2014,Skandinaviska Enskilda Banken
Q1-14,2013-04-18,6.11,02-28-2014,Skandinaviska Enskilda Banken
Q1-14,2013-05-21,6.08,02-28-2014,Skandinaviska Enskilda Banken
Q1-14,2013-06-05,6.08,02-28-2014,Skandinaviska Enskilda Banken
Q1-14,2013-06-11,6.08,02-28-2014,Skandinaviska Enskilda Banken
Q1-14,2013-06-20,6.08,02-28-2014,Skandinaviska Enskilda Banken
Q1-14,2013-07-02,6.08,02-28-2014,Skandinaviska Enskilda Banken
Q1-14,2013-07-12,6.08,02-28-2014,Skandinaviska Enskilda Banken
Q1-14,2013-08-08,6.09,02-28-2014,Skandinaviska Enskilda Banken
Q1-14,2013-08-20,6.09,02-28-2014,Skandinaviska Enskilda Banken
Q1-14,2013-08-23,6.08,02-28-2014,Skandinaviska Enskilda Banken
Q1-14,2013-08-27,6.08,02-28-2014,Skandinaviska Enskilda Banken
Q1-14,2013-09-11,6.08,02-28-2014,Skandinaviska Enskilda Banken
Q1-14,2013-09-17,6.08,02-28-2014,Skandinaviska Enskilda Banken
Q1-14,2013-09-20,6.08,02-28-2014,Skandinaviska Enskilda Banken
Q1-14,2013-10-10,6.02,02-28-2014,Skandinaviska Enskilda Banken
Q1-14,2013-10-22,6.03,02-28-2014,Skandinaviska Enskilda Banken
Q1-14,2013-11-26,6.03,02-28-2014,Skandinaviska Enskilda Banken
Q1-14,2013-12-03,6.02,02-28-2014,Skandinaviska Enskilda Banken
Q1-14,2013-12-19,6.02,02-28-2014,Skandinaviska Enskilda Banken
Q1-14,2014-01-23,6.05,02-28-2014,Skandinaviska Enskilda Banken
Q1-14,2014-02-21,6.05,02-28-2014,Skandinaviska Enskilda Banken
Q2-14,2013-06-11,6.0,02-28-2014,Skandinaviska Enskilda Banken
Q2-14,2013-07-02,6.07,02-28-2014,Skandinaviska Enskilda Banken
Q2-14,2013-07-12,6.07,02-28-2014,Skandinaviska Enskilda Banken
Q2-14,2013-08-08,6.08,02-28-2014,Skandinaviska Enskilda Banken
Q2-14,2013-08-20,6.07,02-28-2014,Skandinaviska Enskilda Banken
Q2-14,2013-08-23,6.07,02-28-2014,Skandinaviska Enskilda Banken
Q2-14,2013-08-27,6.07,02-28-2014,Skandinaviska Enskilda Banken
Q2-14,2013-09-11,6.07,02-28-2014,Skandinaviska Enskilda Banken
Q2-14,2013-09-17,6.07,02-28-2014,Skandinaviska Enskilda Banken
Q2-14,2013-09-20,6.07,02-28-2014,Skandinaviska Enskilda Banken
Q2-14,2013-10-10,5.98,02-28-2014,Skandinaviska Enskilda Banken
Q2-14,2013-10-22,5.99,02-28-2014,Skandinaviska Enskilda Banken
Q2-14,2013-11-26,5.99,02-28-2014,Skandinaviska Enskilda Banken
Q2-14,2013-12-03,5.98,02-28-2014,Skandinaviska Enskilda Banken
Q2-14,2013-12-19,5.98,02-28-2014,Skandinaviska Enskilda Banken
Q2-14,2014-01-23,6.02,02-28-2014,Skandinaviska Enskilda Banken
Q2-14,2014-02-21,6.02,02-28-2014,Skandinaviska Enskilda Banken
Q3-14,2013-10-10,5.94,02-28-2014,Skandinaviska Enskilda Banken
Q3-14,2013-10-22,5.95,02-28-2014,Skandinaviska Enskilda Banken
Q3-14,2013-11-26,5.95,02-28-2014,Skandinaviska Enskilda Banken
Q3-14,2013-12-03,5.94,02-28-2014,Skandinaviska Enskilda Banken
Q3-14,2013-12-19,5.94,02-28-2014,Skandinaviska Enskilda Banken
Q3-14,2014-01-23,5.98,02-28-2014,Skandinaviska Enskilda Banken
Q3-14,2014-02-21,5.98,02-28-2014,Skandinaviska Enskilda Banken
Q4-14,2013-04-11,6.0,02-28-2014,Skandinaviska Enskilda Banken
Q4-14,2013-04-18,6.0,02-28-2014,Skandinaviska Enskilda Banken
Q4-14,2013-06-05,6.0,02-28-2014,Skandinaviska Enskilda Banken
Q4-14,2013-06-20,6.0,02-28-2014,Skandinaviska Enskilda Banken
Q4-14,2013-07-02,6.0,02-28-2014,Skandinaviska Enskilda Banken
Q4-14,2013-07-12,6.0,02-28-2014,Skandinaviska Enskilda Banken
Q4-14,2013-08-08,6.0,02-28-2014,Skandinaviska Enskilda Banken
Q4-14,2013-08-20,6.0,02-28-2014,Skandinaviska Enskilda Banken
Q4-14,2013-09-11,6.0,02-28-2014,Skandinaviska Enskilda Banken
Q4-14,2013-09-17,6.0,02-28-2014,Skandinaviska Enskilda Banken
Q4-14,2013-09-20,6.0,02-28-2014,Skandinaviska Enskilda Banken
Q4-14,2013-10-10,5.9,02-28-2014,Skandinaviska Enskilda Banken
Q4-14,2013-10-22,5.9,02-28-2014,Skandinaviska Enskilda Banken
Q4-14,2013-11-26,5.9,02-28-2014,Skandinaviska Enskilda Banken
Q4-14,2013-12-03,5.9,02-28-2014,Skandinaviska Enskilda Banken
Q4-14,2013-12-19,5.9,02-28-2014,Skandinaviska Enskilda Banken
Q4-14,2014-01-23,5.9,02-28-2014,Skandinaviska Enskilda Banken
Q4-14,2014-02-21,5.9,02-28-2014,Skandinaviska Enskilda Banken
Q3-13,2012-08-28,6.23,08-31-2013,Skandinaviska Enskilda Banken
Q3-13,2012-09-04,6.23,08-31-2013,Skandinaviska Enskilda Banken
Q3-13,2012-09-17,6.2,08-31-2013,Skandinaviska Enskilda Banken
Q3-13,2012-09-27,6.2,08-31-2013,Skandinaviska Enskilda Banken
Q3-13,2012-10-09,6.25,08-31-2013,Skandinaviska Enskilda Banken
Q3-13,2012-10-16,6.25,08-31-2013,Skandinaviska Enskilda Banken
Q3-13,2012-11-01,6.25,08-31-2013,Skandinaviska Enskilda Banken
Q3-13,2012-11-06,6.25,08-31-2013,Skandinaviska Enskilda Banken
Q3-13,2012-11-13,6.25,08-31-2013,Skandinaviska Enskilda Banken
Q3-13,2012-11-28,6.17,08-31-2013,Skandinaviska Enskilda Banken
Q3-13,2012-12-04,6.17,08-31-2013,Skandinaviska Enskilda Banken
Q3-13,2012-12-18,6.17,08-31-2013,Skandinaviska Enskilda Banken
Q3-13,2013-01-08,6.17,08-31-2013,Skandinaviska Enskilda Banken
Q3-13,2013-01-24,6.15,08-31-2013,Skandinaviska Enskilda Banken
Q3-13,2013-02-12,6.15,08-31-2013,Skandinaviska Enskilda Banken
Q3-13,2013-02-26,6.15,08-31-2013,Skandinaviska Enskilda Banken
Q3-13,2013-03-05,6.15,08-31-2013,Skandinaviska Enskilda Banken
Q3-13,2013-03-08,6.15,08-31-2013,Skandinaviska Enskilda Banken
Q3-13,2013-03-15,6.15,08-31-2013,Skandinaviska Enskilda Banken
Q3-13,2013-03-19,6.15,08-31-2013,Skandinaviska Enskilda Banken
Q3-13,2013-03-28,6.17,08-31-2013,Skandinaviska Enskilda Banken
Q3-13,2013-04-11,6.19,08-31-2013,Skandinaviska Enskilda Banken
Q3-13,2013-04-18,6.19,08-31-2013,Skandinaviska Enskilda Banken
Q3-13,2013-05-21,6.19,08-31-2013,Skandinaviska Enskilda Banken
Q3-13,2013-06-05,6.11,08-31-2013,Skandinaviska Enskilda Banken
Q3-13,2013-06-11,6.11,08-31-2013,Skandinaviska Enskilda Banken
Q3-13,2013-06-20,6.11,08-31-2013,Skandinaviska Enskilda Banken
Q3-13,2013-07-02,6.11,08-31-2013,Skandinaviska Enskilda Banken
Q3-13,2013-07-12,6.12,08-31-2013,Skandinaviska Enskilda Banken
Q3-13,2013-08-08,6.11,08-31-2013,Skandinaviska Enskilda Banken
Q3-13,2013-08-20,6.11,08-31-2013,Skandinaviska Enskilda Banken
Q3-13,2013-08-23,6.11,08-31-2013,Skandinaviska Enskilda Banken
Q3-13,2013-08-27,6.11,08-31-2013,Skandinaviska Enskilda Banken
Q4-13,2012-11-28,6.15,08-31-2013,Skandinaviska Enskilda Banken
Q4-13,2012-12-04,6.15,08-31-2013,Skandinaviska Enskilda Banken
Q4-13,2012-12-18,6.15,08-31-2013,Skandinaviska Enskilda Banken
Q4-13,2013-01-08,6.15,08-31-2013,Skandinaviska Enskilda Banken
Q4-13,2013-01-24,6.1,08-31-2013,Skandinaviska Enskilda Banken
Q4-13,2013-02-12,6.1,08-31-2013,Skandinaviska Enskilda Banken
Q4-13,2013-02-26,6.1,08-31-2013,Skandinaviska Enskilda Banken
Q4-13,2013-03-05,6.1,08-31-2013,Skandinaviska Enskilda Banken
Q4-13,2013-03-08,6.1,08-31-2013,Skandinaviska Enskilda Banken
Q4-13,2013-03-15,6.12,08-31-2013,Skandinaviska Enskilda Banken
Q4-13,2013-03-19,6.12,08-31-2013,Skandinaviska Enskilda Banken
Q4-13,2013-03-28,6.13,08-31-2013,Skandinaviska Enskilda Banken
Q4-13,2013-04-11,6.14,08-31-2013,Skandinaviska Enskilda Banken
Q4-13,2013-04-18,6.14,08-31-2013,Skandinaviska Enskilda Banken
Q4-13,2013-05-21,6.09,08-31-2013,Skandinaviska Enskilda Banken
Q4-13,2013-06-05,6.1,08-31-2013,Skandinaviska Enskilda Banken
Q4-13,2013-06-11,6.09,08-31-2013,Skandinaviska Enskilda Banken
Q4-13,2013-06-20,6.1,08-31-2013,Skandinaviska Enskilda Banken
Q4-13,2013-07-02,6.1,08-31-2013,Skandinaviska Enskilda Banken
Q4-13,2013-07-12,6.1,08-31-2013,Skandinaviska Enskilda Banken
Q4-13,2013-08-08,6.1,08-31-2013,Skandinaviska Enskilda Banken
Q4-13,2013-08-20,6.1,08-31-2013,Skandinaviska Enskilda Banken
Q4-13,2013-08-23,6.1,08-31-2013,Skandinaviska Enskilda Banken
Q4-13,2013-08-27,6.1,08-31-2013,Skandinaviska Enskilda Banken
Q1-14,2013-03-05,6.1,08-31-2013,Skandinaviska Enskilda Banken
Q1-14,2013-03-08,6.1,08-31-2013,Skandinaviska Enskilda Banken
Q1-14,2013-03-15,6.1,08-31-2013,Skandinaviska Enskilda Banken
Q1-14,2013-03-19,6.1,08-31-2013,Skandinaviska Enskilda Banken
Q1-14,2013-03-28,6.1,08-31-2013,Skandinaviska Enskilda Banken
Q1-14,2013-04-11,6.1,08-31-2013,Skandinaviska Enskilda Banken
Q1-14,2013-04-18,6.11,08-31-2013,Skandinaviska Enskilda Banken
Q1-14,2013-05-21,6.08,08-31-2013,Skandinaviska Enskilda Banken
Q1-14,2013-06-05,6.08,08-31-2013,Skandinaviska Enskilda Banken
Q1-14,2013-06-11,6.08,08-31-2013,Skandinaviska Enskilda Banken
Q1-14,2013-06-20,6.08,08-31-2013,Skandinaviska Enskilda Banken
Q1-14,2013-07-02,6.08,08-31-2013,Skandinaviska Enskilda Banken
Q1-14,2013-07-12,6.08,08-31-2013,Skandinaviska Enskilda Banken
Q1-14,2013-08-08,6.09,08-31-2013,Skandinaviska Enskilda Banken
Q1-14,2013-08-20,6.09,08-31-2013,Skandinaviska Enskilda Banken
Q1-14,2013-08-23,6.08,08-31-2013,Skandinaviska Enskilda Banken
Q1-14,2013-08-27,6.08,08-31-2013,Skandinaviska Enskilda Banken
Q2-14,2013-06-11,6.0,08-31-2013,Skandinaviska Enskilda Banken
Q2-14,2013-07-02,6.07,08-31-2013,Skandinaviska Enskilda Banken
Q2-14,2013-07-12,6.07,08-31-2013,Skandinaviska Enskilda Banken
Q2-14,2013-08-08,6.08,08-31-2013,Skandinaviska Enskilda Banken
Q2-14,2013-08-20,6.07,08-31-2013,Skandinaviska Enskilda Banken
Q2-14,2013-08-23,6.07,08-31-2013,Skandinaviska Enskilda Banken
Q2-14,2013-08-27,6.07,08-31-2013,Skandinaviska Enskilda Banken
2014,2013-04-11,6.0,08-31-2013,Skandinaviska Enskilda Banken
2014,2013-04-18,6.0,08-31-2013,Skandinaviska Enskilda Banken
2014,2013-06-05,6.0,08-31-2013,Skandinaviska Enskilda Banken
2014,2013-06-20,6.0,08-31-2013,Skandinaviska Enskilda Banken
2014,2013-07-02,6.0,08-31-2013,Skandinaviska Enskilda Banken
2014,2013-07-12,6.0,08-31-2013,Skandinaviska Enskilda Banken
2014,2013-08-08,6.0,08-31-2013,Skandinaviska Enskilda Banken
2014,2013-08-20,6.0,08-31-2013,Skandinaviska Enskilda Banken
Q2-18,2017-06-01,7.0,05-31-2018,Skandinaviska Enskilda Banken
Q2-18,2017-07-06,7.0,05-31-2018,Skandinaviska Enskilda Banken
Q2-18,2017-09-04,6.6,05-31-2018,Skandinaviska Enskilda Banken
Q2-18,2017-10-06,6.5,05-31-2018,Skandinaviska Enskilda Banken
Q2-18,2017-12-13,6.5,05-31-2018,Skandinaviska Enskilda Banken
Q3-18,2017-09-04,6.6,05-31-2018,Skandinaviska Enskilda Banken
Q3-18,2017-10-06,6.4,05-31-2018,Skandinaviska Enskilda Banken
Q3-18,2017-12-13,6.4,05-31-2018,Skandinaviska Enskilda Banken
Q4-18,2016-10-31,6.65,05-31-2018,Skandinaviska Enskilda Banken
Q4-18,2017-12-13,6.3,05-31-2018,Skandinaviska Enskilda Banken
Q4-09,2008-10-24,6.8,11-30-2009,Skandinaviska Enskilda Banken
Q4-09,2009-06-09,6.82,11-30-2009,Skandinaviska Enskilda Banken
Q4-09,2009-09-07,6.82,11-30-2009,Skandinaviska Enskilda Banken
Q4-09,2009-10-07,6.82,11-30-2009,Skandinaviska Enskilda Banken
Q4-09,2009-10-16,6.82,11-30-2009,Skandinaviska Enskilda Banken
Q1-10,2009-09-07,6.8,11-30-2009,Skandinaviska Enskilda Banken
Q1-10,2009-10-16,6.75,11-30-2009,Skandinaviska Enskilda Banken
Q2-10,2009-10-16,6.6,11-30-2009,Skandinaviska Enskilda Banken
Q4-14,2013-04-11,6.0,11-30-2014,Skandinaviska Enskilda Banken
Q4-14,2013-04-18,6.0,11-30-2014,Skandinaviska Enskilda Banken
Q4-14,2013-06-05,6.0,11-30-2014,Skandinaviska Enskilda Banken
Q4-14,2013-06-20,6.0,11-30-2014,Skandinaviska Enskilda Banken
Q4-14,2013-07-02,6.0,11-30-2014,Skandinaviska Enskilda Banken
Q4-14,2013-07-12,6.0,11-30-2014,Skandinaviska Enskilda Banken
Q4-14,2013-08-08,6.0,11-30-2014,Skandinaviska Enskilda Banken
Q4-14,2013-08-20,6.0,11-30-2014,Skandinaviska Enskilda Banken
Q4-14,2013-09-11,6.0,11-30-2014,Skandinaviska Enskilda Banken
Q4-14,2013-09-17,6.0,11-30-2014,Skandinaviska Enskilda Banken
Q4-14,2013-09-20,6.0,11-30-2014,Skandinaviska Enskilda Banken
Q4-14,2013-10-10,5.9,11-30-2014,Skandinaviska Enskilda Banken
Q4-14,2013-10-22,5.9,11-30-2014,Skandinaviska Enskilda Banken
Q4-14,2013-11-26,5.9,11-30-2014,Skandinaviska Enskilda Banken
Q4-14,2013-12-03,5.9,11-30-2014,Skandinaviska Enskilda Banken
Q4-14,2013-12-19,5.9,11-30-2014,Skandinaviska Enskilda Banken
Q4-14,2014-01-23,5.9,11-30-2014,Skandinaviska Enskilda Banken
Q4-14,2014-02-21,5.9,11-30-2014,Skandinaviska Enskilda Banken
Q4-14,2014-03-04,5.9,11-30-2014,Skandinaviska Enskilda Banken
Q4-14,2014-03-11,5.9,11-30-2014,Skandinaviska Enskilda Banken
Q4-14,2014-03-19,5.9,11-30-2014,Skandinaviska Enskilda Banken
Q4-14,2014-04-11,5.9,11-30-2014,Skandinaviska Enskilda Banken
Q4-14,2014-04-15,5.9,11-30-2014,Skandinaviska Enskilda Banken
Q4-14,2014-04-29,5.9,11-30-2014,Skandinaviska Enskilda Banken
Q4-14,2014-05-06,5.9,11-30-2014,Skandinaviska Enskilda Banken
Q4-14,2014-05-13,5.9,11-30-2014,Skandinaviska Enskilda Banken
Q4-14,2014-05-22,5.9,11-30-2014,Skandinaviska Enskilda Banken
Q4-14,2014-06-03,5.9,11-30-2014,Skandinaviska Enskilda Banken
Q4-14,2014-06-10,5.9,11-30-2014,Skandinaviska Enskilda Banken
Q4-14,2014-06-17,6.0,11-30-2014,Skandinaviska Enskilda Banken
Q4-14,2014-06-26,5.9,11-30-2014,Skandinaviska Enskilda Banken
Q4-14,2014-07-15,5.9,11-30-2014,Skandinaviska Enskilda Banken
Q4-14,2014-08-06,5.9,11-30-2014,Skandinaviska Enskilda Banken
Q4-14,2014-08-14,6.0,11-30-2014,Skandinaviska Enskilda Banken
Q4-14,2014-09-02,5.9,11-30-2014,Skandinaviska Enskilda Banken
Q4-14,2014-09-09,5.9,11-30-2014,Skandinaviska Enskilda Banken
Q4-14,2014-09-16,5.9,11-30-2014,Skandinaviska Enskilda Banken
Q4-14,2014-09-25,5.9,11-30-2014,Skandinaviska Enskilda Banken
Q4-14,2014-10-08,6.18,11-30-2014,Skandinaviska Enskilda Banken
Q4-14,2014-10-14,6.18,11-30-2014,Skandinaviska Enskilda Banken
Q4-14,2014-10-22,6.18,11-30-2014,Skandinaviska Enskilda Banken
Q4-14,2014-11-04,6.0,11-30-2014,Skandinaviska Enskilda Banken
Q4-14,2014-11-11,6.0,11-30-2014,Skandinaviska Enskilda Banken
Q4-14,2014-11-18,6.0,11-30-2014,Skandinaviska Enskilda Banken
Q4-14,2014-11-26,6.0,11-30-2014,Skandinaviska Enskilda Banken
Q1-15,2014-03-04,5.9,11-30-2014,Skandinaviska Enskilda Banken
Q1-15,2014-03-11,5.9,11-30-2014,Skandinaviska Enskilda Banken
Q1-15,2014-03-19,5.9,11-30-2014,Skandinaviska Enskilda Banken
Q1-15,2014-04-11,5.9,11-30-2014,Skandinaviska Enskilda Banken
Q1-15,2014-04-15,5.9,11-30-2014,Skandinaviska Enskilda Banken
Q1-15,2014-04-29,5.9,11-30-2014,Skandinaviska Enskilda Banken
Q1-15,2014-05-06,5.9,11-30-2014,Skandinaviska Enskilda Banken
Q1-15,2014-05-13,5.9,11-30-2014,Skandinaviska Enskilda Banken
Q1-15,2014-05-22,5.9,11-30-2014,Skandinaviska Enskilda Banken
Q1-15,2014-06-03,6.0,11-30-2014,Skandinaviska Enskilda Banken
Q1-15,2014-06-10,6.0,11-30-2014,Skandinaviska Enskilda Banken
Q1-15,2014-06-17,5.9,11-30-2014,Skandinaviska Enskilda Banken
Q1-15,2014-06-26,6.0,11-30-2014,Skandinaviska Enskilda Banken
Q1-15,2014-07-15,6.0,11-30-2014,Skandinaviska Enskilda Banken
Q1-15,2014-08-06,6.0,11-30-2014,Skandinaviska Enskilda Banken
Q1-15,2014-08-14,5.9,11-30-2014,Skandinaviska Enskilda Banken
Q1-15,2014-09-02,6.0,11-30-2014,Skandinaviska Enskilda Banken
Q1-15,2014-09-09,6.0,11-30-2014,Skandinaviska Enskilda Banken
Q1-15,2014-09-16,6.0,11-30-2014,Skandinaviska Enskilda Banken
Q1-15,2014-09-25,6.0,11-30-2014,Skandinaviska Enskilda Banken
Q1-15,2014-10-08,6.0,11-30-2014,Skandinaviska Enskilda Banken
Q1-15,2014-10-14,6.0,11-30-2014,Skandinaviska Enskilda Banken
Q1-15,2014-10-22,6.0,11-30-2014,Skandinaviska Enskilda Banken
Q1-15,2014-11-04,6.0,11-30-2014,Skandinaviska Enskilda Banken
Q1-15,2014-11-11,6.0,11-30-2014,Skandinaviska Enskilda Banken
Q1-15,2014-11-18,6.0,11-30-2014,Skandinaviska Enskilda Banken
Q1-15,2014-11-26,6.0,11-30-2014,Skandinaviska Enskilda Banken
Q2-15,2014-06-17,6.0,11-30-2014,Skandinaviska Enskilda Banken
Q2-15,2014-07-15,6.0,11-30-2014,Skandinaviska Enskilda Banken
Q2-15,2014-08-06,6.0,11-30-2014,Skandinaviska Enskilda Banken
Q2-15,2014-08-14,6.0,11-30-2014,Skandinaviska Enskilda Banken
Q2-15,2014-09-02,6.1,11-30-2014,Skandinaviska Enskilda Banken
Q2-15,2014-09-09,6.1,11-30-2014,Skandinaviska Enskilda Banken
Q2-15,2014-09-16,6.1,11-30-2014,Skandinaviska Enskilda Banken
Q2-15,2014-09-25,6.1,11-30-2014,Skandinaviska Enskilda Banken
Q2-15,2014-10-08,5.9,11-30-2014,Skandinaviska Enskilda Banken
Q2-15,2014-10-14,5.9,11-30-2014,Skandinaviska Enskilda Banken
Q2-15,2014-10-22,5.9,11-30-2014,Skandinaviska Enskilda Banken
Q2-15,2014-11-04,6.1,11-30-2014,Skandinaviska Enskilda Banken
Q2-15,2014-11-11,6.1,11-30-2014,Skandinaviska Enskilda Banken
Q2-15,2014-11-18,6.1,11-30-2014,Skandinaviska Enskilda Banken
Q2-15,2014-11-26,6.1,11-30-2014,Skandinaviska Enskilda Banken
Q3-15,2014-09-02,6.1,11-30-2014,Skandinaviska Enskilda Banken
Q3-15,2014-09-09,6.1,11-30-2014,Skandinaviska Enskilda Banken
Q3-15,2014-09-16,6.1,11-30-2014,Skandinaviska Enskilda Banken
Q3-15,2014-09-25,6.1,11-30-2014,Skandinaviska Enskilda Banken
Q3-15,2014-10-08,6.0,11-30-2014,Skandinaviska Enskilda Banken
Q3-15,2014-10-14,6.0,11-30-2014,Skandinaviska Enskilda Banken
Q3-15,2014-10-22,6.0,11-30-2014,Skandinaviska Enskilda Banken
Q3-15,2014-11-04,6.0,11-30-2014,Skandinaviska Enskilda Banken
Q3-15,2014-11-11,6.0,11-30-2014,Skandinaviska Enskilda Banken
Q3-15,2014-11-18,6.0,11-30-2014,Skandinaviska Enskilda Banken
Q3-15,2014-11-26,6.0,11-30-2014,Skandinaviska Enskilda Banken
Q1-09,2008-09-26,6.83,02-28-2009,Skandinaviska Enskilda Banken
Q1-09,2008-10-01,6.83,02-28-2009,Skandinaviska Enskilda Banken
Q1-09,2008-10-24,6.83,02-28-2009,Skandinaviska Enskilda Banken
Q1-09,2008-11-27,6.95,02-28-2009,Skandinaviska Enskilda Banken
Q2-09,2008-09-26,6.8,02-28-2009,Skandinaviska Enskilda Banken
Q2-09,2008-10-01,6.8,02-28-2009,Skandinaviska Enskilda Banken
Q2-09,2009-02-27,6.95,02-28-2009,Skandinaviska Enskilda Banken
Q4-09,2008-10-24,6.8,02-28-2009,Skandinaviska Enskilda Banken
Q2-13,2012-06-07,6.12,05-31-2013,Skandinaviska Enskilda Banken
Q2-13,2012-06-12,6.12,05-31-2013,Skandinaviska Enskilda Banken
Q2-13,2012-06-19,6.12,05-31-2013,Skandinaviska Enskilda Banken
Q2-13,2012-07-03,6.12,05-31-2013,Skandinaviska Enskilda Banken
Q2-13,2012-07-20,6.12,05-31-2013,Skandinaviska Enskilda Banken
Q2-13,2012-08-14,6.12,05-31-2013,Skandinaviska Enskilda Banken
Q2-13,2012-08-21,6.12,05-31-2013,Skandinaviska Enskilda Banken
Q2-13,2012-08-28,6.25,05-31-2013,Skandinaviska Enskilda Banken
Q2-13,2012-09-04,6.25,05-31-2013,Skandinaviska Enskilda Banken
Q2-13,2012-09-17,6.25,05-31-2013,Skandinaviska Enskilda Banken
Q2-13,2012-09-27,6.25,05-31-2013,Skandinaviska Enskilda Banken
Q2-13,2012-10-09,6.26,05-31-2013,Skandinaviska Enskilda Banken
Q2-13,2012-10-16,6.26,05-31-2013,Skandinaviska Enskilda Banken
Q2-13,2012-11-01,6.26,05-31-2013,Skandinaviska Enskilda Banken
Q2-13,2012-11-06,6.26,05-31-2013,Skandinaviska Enskilda Banken
Q2-13,2012-11-13,6.26,05-31-2013,Skandinaviska Enskilda Banken
Q2-13,2012-11-28,6.19,05-31-2013,Skandinaviska Enskilda Banken
Q2-13,2012-12-04,6.19,05-31-2013,Skandinaviska Enskilda Banken
Q2-13,2012-12-18,6.19,05-31-2013,Skandinaviska Enskilda Banken
Q2-13,2013-01-08,6.19,05-31-2013,Skandinaviska Enskilda Banken
Q2-13,2013-01-24,6.17,05-31-2013,Skandinaviska Enskilda Banken
Q2-13,2013-02-12,6.17,05-31-2013,Skandinaviska Enskilda Banken
Q2-13,2013-02-26,6.19,05-31-2013,Skandinaviska Enskilda Banken
Q2-13,2013-03-05,6.19,05-31-2013,Skandinaviska Enskilda Banken
Q2-13,2013-03-08,6.19,05-31-2013,Skandinaviska Enskilda Banken
Q2-13,2013-03-15,6.19,05-31-2013,Skandinaviska Enskilda Banken
Q2-13,2013-03-19,6.19,05-31-2013,Skandinaviska Enskilda Banken
Q2-13,2013-03-28,6.19,05-31-2013,Skandinaviska Enskilda Banken
Q2-13,2013-04-11,6.19,05-31-2013,Skandinaviska Enskilda Banken
Q2-13,2013-04-18,6.19,05-31-2013,Skandinaviska Enskilda Banken
Q2-13,2013-05-21,6.12,05-31-2013,Skandinaviska Enskilda Banken
Q3-13,2012-08-28,6.23,05-31-2013,Skandinaviska Enskilda Banken
Q3-13,2012-09-04,6.23,05-31-2013,Skandinaviska Enskilda Banken
Q3-13,2012-09-17,6.2,05-31-2013,Skandinaviska Enskilda Banken
Q3-13,2012-09-27,6.2,05-31-2013,Skandinaviska Enskilda Banken
Q3-13,2012-10-09,6.25,05-31-2013,Skandinaviska Enskilda Banken
Q3-13,2012-10-16,6.25,05-31-2013,Skandinaviska Enskilda Banken
Q3-13,2012-11-01,6.25,05-31-2013,Skandinaviska Enskilda Banken
Q3-13,2012-11-06,6.25,05-31-2013,Skandinaviska Enskilda Banken
Q3-13,2012-11-13,6.25,05-31-2013,Skandinaviska Enskilda Banken
Q3-13,2012-11-28,6.17,05-31-2013,Skandinaviska Enskilda Banken
Q3-13,2012-12-04,6.17,05-31-2013,Skandinaviska Enskilda Banken
Q3-13,2012-12-18,6.17,05-31-2013,Skandinaviska Enskilda Banken
Q3-13,2013-01-08,6.17,05-31-2013,Skandinaviska Enskilda Banken
Q3-13,2013-01-24,6.15,05-31-2013,Skandinaviska Enskilda Banken
Q3-13,2013-02-12,6.15,05-31-2013,Skandinaviska Enskilda Banken
Q3-13,2013-02-26,6.15,05-31-2013,Skandinaviska Enskilda Banken
Q3-13,2013-03-05,6.15,05-31-2013,Skandinaviska Enskilda Banken
Q3-13,2013-03-08,6.15,05-31-2013,Skandinaviska Enskilda Banken
Q3-13,2013-03-15,6.15,05-31-2013,Skandinaviska Enskilda Banken
Q3-13,2013-03-19,6.15,05-31-2013,Skandinaviska Enskilda Banken
Q3-13,2013-03-28,6.17,05-31-2013,Skandinaviska Enskilda Banken
Q3-13,2013-04-11,6.19,05-31-2013,Skandinaviska Enskilda Banken
Q3-13,2013-04-18,6.19,05-31-2013,Skandinaviska Enskilda Banken
Q3-13,2013-05-21,6.19,05-31-2013,Skandinaviska Enskilda Banken
Q4-13,2012-11-28,6.15,05-31-2013,Skandinaviska Enskilda Banken
Q4-13,2012-12-04,6.15,05-31-2013,Skandinaviska Enskilda Banken
Q4-13,2012-12-18,6.15,05-31-2013,Skandinaviska Enskilda Banken
Q4-13,2013-01-08,6.15,05-31-2013,Skandinaviska Enskilda Banken
Q4-13,2013-01-24,6.1,05-31-2013,Skandinaviska Enskilda Banken
Q4-13,2013-02-12,6.1,05-31-2013,Skandinaviska Enskilda Banken
Q4-13,2013-02-26,6.1,05-31-2013,Skandinaviska Enskilda Banken
Q4-13,2013-03-05,6.1,05-31-2013,Skandinaviska Enskilda Banken
Q4-13,2013-03-08,6.1,05-31-2013,Skandinaviska Enskilda Banken
Q4-13,2013-03-15,6.12,05-31-2013,Skandinaviska Enskilda Banken
Q4-13,2013-03-19,6.12,05-31-2013,Skandinaviska Enskilda Banken
Q4-13,2013-03-28,6.13,05-31-2013,Skandinaviska Enskilda Banken
Q4-13,2013-04-11,6.14,05-31-2013,Skandinaviska Enskilda Banken
Q4-13,2013-04-18,6.14,05-31-2013,Skandinaviska Enskilda Banken
Q4-13,2013-05-21,6.09,05-31-2013,Skandinaviska Enskilda Banken
Q1-14,2013-03-05,6.1,05-31-2013,Skandinaviska Enskilda Banken
Q1-14,2013-03-08,6.1,05-31-2013,Skandinaviska Enskilda Banken
Q1-14,2013-03-15,6.1,05-31-2013,Skandinaviska Enskilda Banken
Q1-14,2013-03-19,6.1,05-31-2013,Skandinaviska Enskilda Banken
Q1-14,2013-03-28,6.1,05-31-2013,Skandinaviska Enskilda Banken
Q1-14,2013-04-11,6.1,05-31-2013,Skandinaviska Enskilda Banken
Q1-14,2013-04-18,6.11,05-31-2013,Skandinaviska Enskilda Banken
Q1-14,2013-05-21,6.08,05-31-2013,Skandinaviska Enskilda Banken
2014,2013-04-11,6.0,05-31-2013,Skandinaviska Enskilda Banken
2014,2013-04-18,6.0,05-31-2013,Skandinaviska Enskilda Banken
Q3-18,2017-09-04,6.6,08-31-2018,Skandinaviska Enskilda Banken
Q3-18,2017-10-06,6.4,08-31-2018,Skandinaviska Enskilda Banken
Q3-18,2017-12-13,6.4,08-31-2018,Skandinaviska Enskilda Banken
Q4-18,2016-10-31,6.65,08-31-2018,Skandinaviska Enskilda Banken
Q4-18,2017-12-13,6.3,08-31-2018,Skandinaviska Enskilda Banken
Q4-18,2017-12-13,6.3,11-30-2018,Skandinaviska Enskilda Banken
Q4-18,2018-09-03,6.6,11-30-2018,Skandinaviska Enskilda Banken
Q4-18,2018-10-03,6.6,11-30-2018,Skandinaviska Enskilda Banken
Q1-19,2018-09-03,6.55,11-30-2018,Skandinaviska Enskilda Banken
Q1-19,2018-10-03,6.55,11-30-2018,Skandinaviska Enskilda Banken
Q2-19,2018-09-03,6.5,11-30-2018,Skandinaviska Enskilda Banken
Q2-19,2018-10-03,6.5,11-30-2018,Skandinaviska Enskilda Banken
Q3-19,2018-09-03,6.45,11-30-2018,Skandinaviska Enskilda Banken
Q3-19,2018-10-03,6.45,11-30-2018,Skandinaviska Enskilda Banken
Q3-14,2013-10-10,5.94,08-31-2014,Skandinaviska Enskilda Banken
Q3-14,2013-10-22,5.95,08-31-2014,Skandinaviska Enskilda Banken
Q3-14,2013-11-26,5.95,08-31-2014,Skandinaviska Enskilda Banken
Q3-14,2013-12-03,5.94,08-31-2014,Skandinaviska Enskilda Banken
Q3-14,2013-12-19,5.94,08-31-2014,Skandinaviska Enskilda Banken
Q3-14,2014-01-23,5.98,08-31-2014,Skandinaviska Enskilda Banken
Q3-14,2014-02-21,5.98,08-31-2014,Skandinaviska Enskilda Banken
Q3-14,2014-03-04,5.98,08-31-2014,Skandinaviska Enskilda Banken
Q3-14,2014-03-11,5.98,08-31-2014,Skandinaviska Enskilda Banken
Q3-14,2014-03-19,5.98,08-31-2014,Skandinaviska Enskilda Banken
Q3-14,2014-04-11,5.98,08-31-2014,Skandinaviska Enskilda Banken
Q3-14,2014-04-15,5.98,08-31-2014,Skandinaviska Enskilda Banken
Q3-14,2014-04-29,5.98,08-31-2014,Skandinaviska Enskilda Banken
Q3-14,2014-05-06,5.98,08-31-2014,Skandinaviska Enskilda Banken
Q3-14,2014-05-13,5.98,08-31-2014,Skandinaviska Enskilda Banken
Q3-14,2014-05-22,5.98,08-31-2014,Skandinaviska Enskilda Banken
Q3-14,2014-06-03,6.0,08-31-2014,Skandinaviska Enskilda Banken
Q3-14,2014-06-10,6.0,08-31-2014,Skandinaviska Enskilda Banken
Q3-14,2014-06-17,6.18,08-31-2014,Skandinaviska Enskilda Banken
Q3-14,2014-06-26,6.0,08-31-2014,Skandinaviska Enskilda Banken
Q3-14,2014-07-15,6.0,08-31-2014,Skandinaviska Enskilda Banken
Q3-14,2014-08-06,6.0,08-31-2014,Skandinaviska Enskilda Banken
Q3-14,2014-08-14,6.18,08-31-2014,Skandinaviska Enskilda Banken
Q4-14,2013-04-11,6.0,08-31-2014,Skandinaviska Enskilda Banken
Q4-14,2013-04-18,6.0,08-31-2014,Skandinaviska Enskilda Banken
Q4-14,2013-06-05,6.0,08-31-2014,Skandinaviska Enskilda Banken
Q4-14,2013-06-20,6.0,08-31-2014,Skandinaviska Enskilda Banken
Q4-14,2013-07-02,6.0,08-31-2014,Skandinaviska Enskilda Banken
Q4-14,2013-07-12,6.0,08-31-2014,Skandinaviska Enskilda Banken
Q4-14,2013-08-08,6.0,08-31-2014,Skandinaviska Enskilda Banken
Q4-14,2013-08-20,6.0,08-31-2014,Skandinaviska Enskilda Banken
Q4-14,2013-09-11,6.0,08-31-2014,Skandinaviska Enskilda Banken
Q4-14,2013-09-17,6.0,08-31-2014,Skandinaviska Enskilda Banken
Q4-14,2013-09-20,6.0,08-31-2014,Skandinaviska Enskilda Banken
Q4-14,2013-10-10,5.9,08-31-2014,Skandinaviska Enskilda Banken
Q4-14,2013-10-22,5.9,08-31-2014,Skandinaviska Enskilda Banken
Q4-14,2013-11-26,5.9,08-31-2014,Skandinaviska Enskilda Banken
Q4-14,2013-12-03,5.9,08-31-2014,Skandinaviska Enskilda Banken
Q4-14,2013-12-19,5.9,08-31-2014,Skandinaviska Enskilda Banken
Q4-14,2014-01-23,5.9,08-31-2014,Skandinaviska Enskilda Banken
Q4-14,2014-02-21,5.9,08-31-2014,Skandinaviska Enskilda Banken
Q4-14,2014-03-04,5.9,08-31-2014,Skandinaviska Enskilda Banken
Q4-14,2014-03-11,5.9,08-31-2014,Skandinaviska Enskilda Banken
Q4-14,2014-03-19,5.9,08-31-2014,Skandinaviska Enskilda Banken
Q4-14,2014-04-11,5.9,08-31-2014,Skandinaviska Enskilda Banken
Q4-14,2014-04-15,5.9,08-31-2014,Skandinaviska Enskilda Banken
Q4-14,2014-04-29,5.9,08-31-2014,Skandinaviska Enskilda Banken
Q4-14,2014-05-06,5.9,08-31-2014,Skandinaviska Enskilda Banken
Q4-14,2014-05-13,5.9,08-31-2014,Skandinaviska Enskilda Banken
Q4-14,2014-05-22,5.9,08-31-2014,Skandinaviska Enskilda Banken
Q4-14,2014-06-03,5.9,08-31-2014,Skandinaviska Enskilda Banken
Q4-14,2014-06-10,5.9,08-31-2014,Skandinaviska Enskilda Banken
Q4-14,2014-06-17,6.0,08-31-2014,Skandinaviska Enskilda Banken
Q4-14,2014-06-26,5.9,08-31-2014,Skandinaviska Enskilda Banken
Q4-14,2014-07-15,5.9,08-31-2014,Skandinaviska Enskilda Banken
Q4-14,2014-08-06,5.9,08-31-2014,Skandinaviska Enskilda Banken
Q4-14,2014-08-14,6.0,08-31-2014,Skandinaviska Enskilda Banken
Q1-15,2014-03-04,5.9,08-31-2014,Skandinaviska Enskilda Banken
Q1-15,2014-03-11,5.9,08-31-2014,Skandinaviska Enskilda Banken
Q1-15,2014-03-19,5.9,08-31-2014,Skandinaviska Enskilda Banken
Q1-15,2014-04-11,5.9,08-31-2014,Skandinaviska Enskilda Banken
Q1-15,2014-04-15,5.9,08-31-2014,Skandinaviska Enskilda Banken
Q1-15,2014-04-29,5.9,08-31-2014,Skandinaviska Enskilda Banken
Q1-15,2014-05-06,5.9,08-31-2014,Skandinaviska Enskilda Banken
Q1-15,2014-05-13,5.9,08-31-2014,Skandinaviska Enskilda Banken
Q1-15,2014-05-22,5.9,08-31-2014,Skandinaviska Enskilda Banken
Q1-15,2014-06-03,6.0,08-31-2014,Skandinaviska Enskilda Banken
Q1-15,2014-06-10,6.0,08-31-2014,Skandinaviska Enskilda Banken
Q1-15,2014-06-17,5.9,08-31-2014,Skandinaviska Enskilda Banken
Q1-15,2014-06-26,6.0,08-31-2014,Skandinaviska Enskilda Banken
Q1-15,2014-07-15,6.0,08-31-2014,Skandinaviska Enskilda Banken
Q1-15,2014-08-06,6.0,08-31-2014,Skandinaviska Enskilda Banken
Q1-15,2014-08-14,5.9,08-31-2014,Skandinaviska Enskilda Banken
Q2-15,2014-06-17,6.0,08-31-2014,Skandinaviska Enskilda Banken
Q2-15,2014-07-15,6.0,08-31-2014,Skandinaviska Enskilda Banken
Q2-15,2014-08-06,6.0,08-31-2014,Skandinaviska Enskilda Banken
Q2-15,2014-08-14,6.0,08-31-2014,Skandinaviska Enskilda Banken
Q2-09,2008-09-26,6.8,05-31-2009,Skandinaviska Enskilda Banken
Q2-09,2008-10-01,6.8,05-31-2009,Skandinaviska Enskilda Banken
Q2-09,2009-02-27,6.95,05-31-2009,Skandinaviska Enskilda Banken
Q4-09,2008-10-24,6.8,05-31-2009,Skandinaviska Enskilda Banken
Q1-13,2012-02-23,6.0,02-28-2013,Skandinaviska Enskilda Banken
Q1-13,2012-02-27,6.0,02-28-2013,Skandinaviska Enskilda Banken
Q1-13,2012-04-10,6.0,02-28-2013,Skandinaviska Enskilda Banken
Q1-13,2012-04-24,6.1,02-28-2013,Skandinaviska Enskilda Banken
Q1-13,2012-05-02,6.1,02-28-2013,Skandinaviska Enskilda Banken
Q1-13,2012-05-08,6.1,02-28-2013,Skandinaviska Enskilda Banken
Q1-13,2012-05-09,6.1,02-28-2013,Skandinaviska Enskilda Banken
Q1-13,2012-05-15,6.1,02-28-2013,Skandinaviska Enskilda Banken
Q1-13,2012-06-07,6.16,02-28-2013,Skandinaviska Enskilda Banken
Q1-13,2012-06-12,6.16,02-28-2013,Skandinaviska Enskilda Banken
Q1-13,2012-06-19,6.16,02-28-2013,Skandinaviska Enskilda Banken
Q1-13,2012-07-03,6.16,02-28-2013,Skandinaviska Enskilda Banken
Q1-13,2012-07-20,6.16,02-28-2013,Skandinaviska Enskilda Banken
Q1-13,2012-08-14,6.16,02-28-2013,Skandinaviska Enskilda Banken
Q1-13,2012-08-21,6.16,02-28-2013,Skandinaviska Enskilda Banken
Q1-13,2012-08-28,6.28,02-28-2013,Skandinaviska Enskilda Banken
Q1-13,2012-09-04,6.28,02-28-2013,Skandinaviska Enskilda Banken
Q1-13,2012-09-17,6.26,02-28-2013,Skandinaviska Enskilda Banken
Q1-13,2012-09-27,6.26,02-28-2013,Skandinaviska Enskilda Banken
Q1-13,2012-10-09,6.28,02-28-2013,Skandinaviska Enskilda Banken
Q1-13,2012-10-16,6.28,02-28-2013,Skandinaviska Enskilda Banken
Q1-13,2012-11-01,6.28,02-28-2013,Skandinaviska Enskilda Banken
Q1-13,2012-11-06,6.28,02-28-2013,Skandinaviska Enskilda Banken
Q1-13,2012-11-13,6.28,02-28-2013,Skandinaviska Enskilda Banken
Q1-13,2012-11-28,6.21,02-28-2013,Skandinaviska Enskilda Banken
Q1-13,2012-12-04,6.21,02-28-2013,Skandinaviska Enskilda Banken
Q1-13,2012-12-18,6.21,02-28-2013,Skandinaviska Enskilda Banken
Q1-13,2013-01-08,6.21,02-28-2013,Skandinaviska Enskilda Banken
Q1-13,2013-01-24,6.19,02-28-2013,Skandinaviska Enskilda Banken
Q1-13,2013-02-12,6.19,02-28-2013,Skandinaviska Enskilda Banken
Q1-13,2013-02-26,6.19,02-28-2013,Skandinaviska Enskilda Banken
Q2-13,2012-06-07,6.12,02-28-2013,Skandinaviska Enskilda Banken
Q2-13,2012-06-12,6.12,02-28-2013,Skandinaviska Enskilda Banken
Q2-13,2012-06-19,6.12,02-28-2013,Skandinaviska Enskilda Banken
Q2-13,2012-07-03,6.12,02-28-2013,Skandinaviska Enskilda Banken
Q2-13,2012-07-20,6.12,02-28-2013,Skandinaviska Enskilda Banken
Q2-13,2012-08-14,6.12,02-28-2013,Skandinaviska Enskilda Banken
Q2-13,2012-08-21,6.12,02-28-2013,Skandinaviska Enskilda Banken
Q2-13,2012-08-28,6.25,02-28-2013,Skandinaviska Enskilda Banken
Q2-13,2012-09-04,6.25,02-28-2013,Skandinaviska Enskilda Banken
Q2-13,2012-09-17,6.25,02-28-2013,Skandinaviska Enskilda Banken
Q2-13,2012-09-27,6.25,02-28-2013,Skandinaviska Enskilda Banken
Q2-13,2012-10-09,6.26,02-28-2013,Skandinaviska Enskilda Banken
Q2-13,2012-10-16,6.26,02-28-2013,Skandinaviska Enskilda Banken
Q2-13,2012-11-01,6.26,02-28-2013,Skandinaviska Enskilda Banken
Q2-13,2012-11-06,6.26,02-28-2013,Skandinaviska Enskilda Banken
Q2-13,2012-11-13,6.26,02-28-2013,Skandinaviska Enskilda Banken
Q2-13,2012-11-28,6.19,02-28-2013,Skandinaviska Enskilda Banken
Q2-13,2012-12-04,6.19,02-28-2013,Skandinaviska Enskilda Banken
Q2-13,2012-12-18,6.19,02-28-2013,Skandinaviska Enskilda Banken
Q2-13,2013-01-08,6.19,02-28-2013,Skandinaviska Enskilda Banken
Q2-13,2013-01-24,6.17,02-28-2013,Skandinaviska Enskilda Banken
Q2-13,2013-02-12,6.17,02-28-2013,Skandinaviska Enskilda Banken
Q2-13,2013-02-26,6.19,02-28-2013,Skandinaviska Enskilda Banken
Q3-13,2012-08-28,6.23,02-28-2013,Skandinaviska Enskilda Banken
Q3-13,2012-09-04,6.23,02-28-2013,Skandinaviska Enskilda Banken
Q3-13,2012-09-17,6.2,02-28-2013,Skandinaviska Enskilda Banken
Q3-13,2012-09-27,6.2,02-28-2013,Skandinaviska Enskilda Banken
Q3-13,2012-10-09,6.25,02-28-2013,Skandinaviska Enskilda Banken
Q3-13,2012-10-16,6.25,02-28-2013,Skandinaviska Enskilda Banken
Q3-13,2012-11-01,6.25,02-28-2013,Skandinaviska Enskilda Banken
Q3-13,2012-11-06,6.25,02-28-2013,Skandinaviska Enskilda Banken
Q3-13,2012-11-13,6.25,02-28-2013,Skandinaviska Enskilda Banken
Q3-13,2012-11-28,6.17,02-28-2013,Skandinaviska Enskilda Banken
Q3-13,2012-12-04,6.17,02-28-2013,Skandinaviska Enskilda Banken
Q3-13,2012-12-18,6.17,02-28-2013,Skandinaviska Enskilda Banken
Q3-13,2013-01-08,6.17,02-28-2013,Skandinaviska Enskilda Banken
Q3-13,2013-01-24,6.15,02-28-2013,Skandinaviska Enskilda Banken
Q3-13,2013-02-12,6.15,02-28-2013,Skandinaviska Enskilda Banken
Q3-13,2013-02-26,6.15,02-28-2013,Skandinaviska Enskilda Banken
Q4-13,2012-11-28,6.15,02-28-2013,Skandinaviska Enskilda Banken
Q4-13,2012-12-04,6.15,02-28-2013,Skandinaviska Enskilda Banken
Q4-13,2012-12-18,6.15,02-28-2013,Skandinaviska Enskilda Banken
Q4-13,2013-01-08,6.15,02-28-2013,Skandinaviska Enskilda Banken
Q4-13,2013-01-24,6.1,02-28-2013,Skandinaviska Enskilda Banken
Q4-13,2013-02-12,6.1,02-28-2013,Skandinaviska Enskilda Banken
Q4-13,2013-02-26,6.1,02-28-2013,Skandinaviska Enskilda Banken
Q1-12,2011-07-22,6.05,02-28-2012,Skandinaviska Enskilda Banken
Q1-12,2011-08-02,6.05,02-28-2012,Skandinaviska Enskilda Banken
Q1-12,2012-01-24,6.36,02-28-2012,Skandinaviska Enskilda Banken
Q1-12,2012-02-14,6.34,02-28-2012,Skandinaviska Enskilda Banken
Q2-12,2011-07-22,5.85,02-28-2012,Skandinaviska Enskilda Banken
Q2-12,2012-01-24,6.23,02-28-2012,Skandinaviska Enskilda Banken
Q2-12,2012-02-14,6.23,02-28-2012,Skandinaviska Enskilda Banken
Q2-12,2012-02-23,6.23,02-28-2012,Skandinaviska Enskilda Banken
Q2-12,2012-02-27,6.23,02-28-2012,Skandinaviska Enskilda Banken
Q3-12,2012-02-14,6.17,02-28-2012,Skandinaviska Enskilda Banken
Q3-12,2012-02-23,6.17,02-28-2012,Skandinaviska Enskilda Banken
Q3-12,2012-02-27,6.17,02-28-2012,Skandinaviska Enskilda Banken
Q4-12,2011-08-02,5.85,02-28-2012,Skandinaviska Enskilda Banken
Q4-12,2012-02-14,6.0,02-28-2012,Skandinaviska Enskilda Banken
Q4-12,2012-02-23,6.0,02-28-2012,Skandinaviska Enskilda Banken
Q4-12,2012-02-27,6.0,02-28-2012,Skandinaviska Enskilda Banken
Q2-08,2008-04-22,6.81,05-31-2008,Skandinaviska Enskilda Banken
Q3-15,2014-09-02,6.1,08-31-2015,Skandinaviska Enskilda Banken
Q3-15,2014-09-09,6.1,08-31-2015,Skandinaviska Enskilda Banken
Q3-15,2014-09-16,6.1,08-31-2015,Skandinaviska Enskilda Banken
Q3-15,2014-09-25,6.1,08-31-2015,Skandinaviska Enskilda Banken
Q3-15,2014-10-08,6.0,08-31-2015,Skandinaviska Enskilda Banken
Q3-15,2014-10-14,6.0,08-31-2015,Skandinaviska Enskilda Banken
Q3-15,2014-10-22,6.0,08-31-2015,Skandinaviska Enskilda Banken
Q3-15,2014-11-04,6.0,08-31-2015,Skandinaviska Enskilda Banken
Q3-15,2014-11-11,6.0,08-31-2015,Skandinaviska Enskilda Banken
Q3-15,2014-11-18,6.0,08-31-2015,Skandinaviska Enskilda Banken
Q3-15,2014-11-26,6.0,08-31-2015,Skandinaviska Enskilda Banken
Q3-15,2014-12-10,6.0,08-31-2015,Skandinaviska Enskilda Banken
Q3-15,2014-12-17,6.1,08-31-2015,Skandinaviska Enskilda Banken
Q3-15,2015-01-21,6.0,08-31-2015,Skandinaviska Enskilda Banken
Q3-15,2015-06-26,6.25,08-31-2015,Skandinaviska Enskilda Banken
Q3-15,2015-07-28,6.25,08-31-2015,Skandinaviska Enskilda Banken
Q3-15,2015-08-11,6.35,08-31-2015,Skandinaviska Enskilda Banken
Q3-15,2015-08-19,6.5,08-31-2015,Skandinaviska Enskilda Banken
Q4-15,2014-12-10,5.8,08-31-2015,Skandinaviska Enskilda Banken
Q4-15,2014-12-17,6.0,08-31-2015,Skandinaviska Enskilda Banken
Q4-15,2015-06-26,6.2,08-31-2015,Skandinaviska Enskilda Banken
Q4-15,2015-07-28,6.2,08-31-2015,Skandinaviska Enskilda Banken
Q4-15,2015-08-11,6.4,08-31-2015,Skandinaviska Enskilda Banken
Q4-15,2015-08-25,6.6,08-31-2015,Skandinaviska Enskilda Banken
Q1-16,2015-06-26,6.25,08-31-2015,Skandinaviska Enskilda Banken
Q1-16,2015-07-28,6.25,08-31-2015,Skandinaviska Enskilda Banken
Q1-16,2015-08-11,6.35,08-31-2015,Skandinaviska Enskilda Banken
Q1-16,2015-08-25,6.6,08-31-2015,Skandinaviska Enskilda Banken
Q2-16,2015-06-26,6.25,08-31-2015,Skandinaviska Enskilda Banken
Q2-16,2015-07-28,6.25,08-31-2015,Skandinaviska Enskilda Banken
Q2-16,2015-08-11,6.3,08-31-2015,Skandinaviska Enskilda Banken
Q2-16,2015-08-25,6.4,08-31-2015,Skandinaviska Enskilda Banken
Q4-19,2019-01-08,6.75,11-30-2019,Skandinaviska Enskilda Banken
Q4-19,2019-01-22,6.75,11-30-2019,Skandinaviska Enskilda Banken
Q4-19,2019-03-05,6.75,11-30-2019,Skandinaviska Enskilda Banken
Q4-19,2019-04-04,6.75,11-30-2019,Skandinaviska Enskilda Banken
Q4-19,2019-04-10,6.65,11-30-2019,Skandinaviska Enskilda Banken
Q4-19,2019-08-29,7.15,11-30-2019,Skandinaviska Enskilda Banken
Q4-19,2019-10-02,7.15,11-30-2019,Skandinaviska Enskilda Banken
Q4-19,2019-11-13,7.15,11-30-2019,Skandinaviska Enskilda Banken
Q3-20,2019-10-02,7.26,11-30-2019,Skandinaviska Enskilda Banken
Q3-20,2019-11-13,7.26,11-30-2019,Skandinaviska Enskilda Banken
Q2-20,2019-08-29,7.1,11-30-2019,Skandinaviska Enskilda Banken
Q2-20,2019-10-02,7.23,11-30-2019,Skandinaviska Enskilda Banken
Q2-20,2019-11-13,7.23,11-30-2019,Skandinaviska Enskilda Banken
Q1-20,2019-01-22,6.7,11-30-2019,Skandinaviska Enskilda Banken
Q1-20,2019-03-05,6.7,11-30-2019,Skandinaviska Enskilda Banken
Q1-20,2019-04-04,6.7,11-30-2019,Skandinaviska Enskilda Banken
Q1-20,2019-04-10,6.63,11-30-2019,Skandinaviska Enskilda Banken
Q1-20,2019-08-29,7.13,11-30-2019,Skandinaviska Enskilda Banken
Q1-20,2019-10-02,7.19,11-30-2019,Skandinaviska Enskilda Banken
Q1-20,2019-11-13,7.19,11-30-2019,Skandinaviska Enskilda Banken
Q3-19,2018-09-03,6.45,08-31-2019,Skandinaviska Enskilda Banken
Q3-19,2018-10-03,6.45,08-31-2019,Skandinaviska Enskilda Banken
Q3-19,2019-01-08,6.83,08-31-2019,Skandinaviska Enskilda Banken
Q3-19,2019-01-22,6.81,08-31-2019,Skandinaviska Enskilda Banken
Q3-19,2019-03-05,6.81,08-31-2019,Skandinaviska Enskilda Banken
Q3-19,2019-04-04,6.81,08-31-2019,Skandinaviska Enskilda Banken
Q3-19,2019-04-10,6.8,08-31-2019,Skandinaviska Enskilda Banken
Q3-19,2019-08-29,7.11,08-31-2019,Skandinaviska Enskilda Banken
Q4-19,2019-01-08,6.75,08-31-2019,Skandinaviska Enskilda Banken
Q4-19,2019-01-22,6.75,08-31-2019,Skandinaviska Enskilda Banken
Q4-19,2019-03-05,6.75,08-31-2019,Skandinaviska Enskilda Banken
Q4-19,2019-04-04,6.75,08-31-2019,Skandinaviska Enskilda Banken
Q4-19,2019-04-10,6.65,08-31-2019,Skandinaviska Enskilda Banken
Q4-19,2019-08-29,7.15,08-31-2019,Skandinaviska Enskilda Banken
Q1-20,2019-01-22,6.7,08-31-2019,Skandinaviska Enskilda Banken
Q1-20,2019-03-05,6.7,08-31-2019,Skandinaviska Enskilda Banken
Q1-20,2019-04-04,6.7,08-31-2019,Skandinaviska Enskilda Banken
Q1-20,2019-04-10,6.63,08-31-2019,Skandinaviska Enskilda Banken
Q1-20,2019-08-29,7.13,08-31-2019,Skandinaviska Enskilda Banken
Q2-20,2019-08-29,7.1,08-31-2019,Skandinaviska Enskilda Banken
Q2-12,2011-07-22,5.85,05-31-2012,Skandinaviska Enskilda Banken
Q2-12,2012-01-24,6.23,05-31-2012,Skandinaviska Enskilda Banken
Q2-12,2012-02-14,6.23,05-31-2012,Skandinaviska Enskilda Banken
Q2-12,2012-02-23,6.23,05-31-2012,Skandinaviska Enskilda Banken
Q2-12,2012-02-27,6.23,05-31-2012,Skandinaviska Enskilda Banken
Q2-12,2012-04-10,6.23,05-31-2012,Skandinaviska Enskilda Banken
Q2-12,2012-04-24,6.28,05-31-2012,Skandinaviska Enskilda Banken
Q2-12,2012-05-02,6.28,05-31-2012,Skandinaviska Enskilda Banken
Q2-12,2012-05-08,6.32,05-31-2012,Skandinaviska Enskilda Banken
Q2-12,2012-05-09,6.32,05-31-2012,Skandinaviska Enskilda Banken
Q2-12,2012-05-15,6.36,05-31-2012,Skandinaviska Enskilda Banken
Q3-12,2012-02-14,6.17,05-31-2012,Skandinaviska Enskilda Banken
Q3-12,2012-02-23,6.17,05-31-2012,Skandinaviska Enskilda Banken
Q3-12,2012-02-27,6.17,05-31-2012,Skandinaviska Enskilda Banken
Q3-12,2012-04-10,6.17,05-31-2012,Skandinaviska Enskilda Banken
Q3-12,2012-04-24,6.2,05-31-2012,Skandinaviska Enskilda Banken
Q3-12,2012-05-02,6.2,05-31-2012,Skandinaviska Enskilda Banken
Q3-12,2012-05-08,6.22,05-31-2012,Skandinaviska Enskilda Banken
Q3-12,2012-05-09,6.22,05-31-2012,Skandinaviska Enskilda Banken
Q3-12,2012-05-15,6.28,05-31-2012,Skandinaviska Enskilda Banken
Q4-12,2011-08-02,5.85,05-31-2012,Skandinaviska Enskilda Banken
Q4-12,2012-02-14,6.0,05-31-2012,Skandinaviska Enskilda Banken
Q4-12,2012-02-23,6.0,05-31-2012,Skandinaviska Enskilda Banken
Q4-12,2012-02-27,6.0,05-31-2012,Skandinaviska Enskilda Banken
Q4-12,2012-04-10,6.0,05-31-2012,Skandinaviska Enskilda Banken
Q4-12,2012-04-24,6.15,05-31-2012,Skandinaviska Enskilda Banken
Q4-12,2012-05-02,6.15,05-31-2012,Skandinaviska Enskilda Banken
Q4-12,2012-05-08,6.15,05-31-2012,Skandinaviska Enskilda Banken
Q4-12,2012-05-09,6.15,05-31-2012,Skandinaviska Enskilda Banken
Q4-12,2012-05-15,6.2,05-31-2012,Skandinaviska Enskilda Banken
Q1-13,2012-02-23,6.0,05-31-2012,Skandinaviska Enskilda Banken
Q1-13,2012-02-27,6.0,05-31-2012,Skandinaviska Enskilda Banken
Q1-13,2012-04-10,6.0,05-31-2012,Skandinaviska Enskilda Banken
Q1-13,2012-04-24,6.1,05-31-2012,Skandinaviska Enskilda Banken
Q1-13,2012-05-02,6.1,05-31-2012,Skandinaviska Enskilda Banken
Q1-13,2012-05-08,6.1,05-31-2012,Skandinaviska Enskilda Banken
Q1-13,2012-05-09,6.1,05-31-2012,Skandinaviska Enskilda Banken
Q1-13,2012-05-15,6.1,05-31-2012,Skandinaviska Enskilda Banken
Q4-15,2014-12-10,5.8,11-30-2015,Skandinaviska Enskilda Banken
Q4-15,2014-12-17,6.0,11-30-2015,Skandinaviska Enskilda Banken
Q4-15,2015-06-26,6.2,11-30-2015,Skandinaviska Enskilda Banken
Q4-15,2015-07-28,6.2,11-30-2015,Skandinaviska Enskilda Banken
Q4-15,2015-08-11,6.4,11-30-2015,Skandinaviska Enskilda Banken
Q4-15,2015-08-25,6.6,11-30-2015,Skandinaviska Enskilda Banken
Q4-15,2015-09-29,6.6,11-30-2015,Skandinaviska Enskilda Banken
Q4-15,2015-10-01,6.6,11-30-2015,Skandinaviska Enskilda Banken
Q4-15,2015-11-03,6.6,11-30-2015,Skandinaviska Enskilda Banken
Q1-16,2015-06-26,6.25,11-30-2015,Skandinaviska Enskilda Banken
Q1-16,2015-07-28,6.25,11-30-2015,Skandinaviska Enskilda Banken
Q1-16,2015-08-11,6.35,11-30-2015,Skandinaviska Enskilda Banken
Q1-16,2015-08-25,6.6,11-30-2015,Skandinaviska Enskilda Banken
Q1-16,2015-09-29,6.6,11-30-2015,Skandinaviska Enskilda Banken
Q1-16,2015-10-01,6.6,11-30-2015,Skandinaviska Enskilda Banken
Q1-16,2015-11-03,6.6,11-30-2015,Skandinaviska Enskilda Banken
Q2-16,2015-06-26,6.25,11-30-2015,Skandinaviska Enskilda Banken
Q2-16,2015-07-28,6.25,11-30-2015,Skandinaviska Enskilda Banken
Q2-16,2015-08-11,6.3,11-30-2015,Skandinaviska Enskilda Banken
Q2-16,2015-08-25,6.4,11-30-2015,Skandinaviska Enskilda Banken
Q2-16,2015-09-29,6.4,11-30-2015,Skandinaviska Enskilda Banken
Q2-16,2015-10-01,6.4,11-30-2015,Skandinaviska Enskilda Banken
Q2-16,2015-11-03,6.4,11-30-2015,Skandinaviska Enskilda Banken
Q3-16,2015-08-25,6.5,11-30-2015,Skandinaviska Enskilda Banken
Q3-16,2015-09-29,6.5,11-30-2015,Skandinaviska Enskilda Banken
Q3-16,2015-10-01,6.5,11-30-2015,Skandinaviska Enskilda Banken
Q3-16,2015-11-03,6.5,11-30-2015,Skandinaviska Enskilda Banken
