period,change_date,change,file,company
Q2-07,2006-04-03,7.75,05-31-2007,Standard Chartered
Q2-07,2006-04-21,7.75,05-31-2007,Standard Chartered
Q2-07,2006-05-04,7.75,05-31-2007,Standard Chartered
Q2-07,2006-06-09,7.75,05-31-2007,Standard Chartered
Q2-07,2006-08-04,7.75,05-31-2007,Standard Chartered
Q2-07,2006-09-13,7.75,05-31-2007,Standard Chartered
Q2-07,2006-10-19,7.78,05-31-2007,Standard Chartered
Q2-07,2006-11-01,7.75,05-31-2007,Standard Chartered
Q2-07,2006-12-07,7.75,05-31-2007,Standard Chartered
Q2-07,2007-01-12,7.67,05-31-2007,Standard Chartered
Q2-07,2007-03-08,7.64,05-31-2007,Standard Chartered
Q2-07,2007-04-04,7.64,05-31-2007,Standard Chartered
Q2-07,2007-05-08,7.64,05-31-2007,Standard Chartered
Q3-07,2006-08-04,7.65,05-31-2007,Standard Chartered
Q3-07,2006-09-13,7.65,05-31-2007,Standard Chartered
Q3-07,2006-10-19,7.75,05-31-2007,Standard Chartered
Q3-07,2006-11-01,7.65,05-31-2007,Standard Chartered
Q3-07,2006-12-07,7.65,05-31-2007,Standard Chartered
Q3-07,2007-01-12,7.59,05-31-2007,Standard Chartered
Q3-07,2007-03-08,7.57,05-31-2007,Standard Chartered
Q3-07,2007-04-04,7.57,05-31-2007,Standard Chartered
Q3-07,2007-05-08,7.57,05-31-2007,Standard Chartered
Q4-07,2006-10-19,7.65,05-31-2007,Standard Chartered
Q4-07,2006-11-01,7.56,05-31-2007,Standard Chartered
Q4-07,2006-12-07,7.56,05-31-2007,Standard Chartered
Q4-07,2007-01-12,7.49,05-31-2007,Standard Chartered
Q4-07,2007-03-08,7.49,05-31-2007,Standard Chartered
Q4-07,2007-04-04,7.49,05-31-2007,Standard Chartered
Q4-07,2007-05-08,7.49,05-31-2007,Standard Chartered
Q1-08,2007-01-12,7.4,05-31-2007,Standard Chartered
Q1-08,2007-03-08,7.4,05-31-2007,Standard Chartered
Q1-08,2007-04-04,7.4,05-31-2007,Standard Chartered
Q1-08,2007-05-08,7.4,05-31-2007,Standard Chartered
2008,2006-10-19,7.56,05-31-2007,Standard Chartered
Q2-11,2010-05-07,6.6,05-31-2011,Standard Chartered
Q2-11,2010-06-28,6.56,05-31-2011,Standard Chartered
Q2-11,2010-07-02,6.56,05-31-2011,Standard Chartered
Q2-11,2010-07-22,6.49,05-31-2011,Standard Chartered
Q2-11,2010-07-30,6.49,05-31-2011,Standard Chartered
Q2-11,2010-08-06,6.49,05-31-2011,Standard Chartered
Q2-11,2010-08-13,6.49,05-31-2011,Standard Chartered
Q2-11,2010-08-20,6.49,05-31-2011,Standard Chartered
Q2-11,2010-08-27,6.49,05-31-2011,Standard Chartered
Q2-11,2010-09-03,6.49,05-31-2011,Standard Chartered
Q2-11,2010-09-08,6.64,05-31-2011,Standard Chartered
Q2-11,2010-09-10,6.49,05-31-2011,Standard Chartered
Q2-11,2010-09-17,6.49,05-31-2011,Standard Chartered
Q2-11,2010-09-24,6.49,05-31-2011,Standard Chartered
Q2-11,2010-10-01,6.5,05-31-2011,Standard Chartered
Q2-11,2010-10-08,6.5,05-31-2011,Standard Chartered
Q2-11,2010-10-15,6.5,05-31-2011,Standard Chartered
Q2-11,2010-10-22,6.5,05-31-2011,Standard Chartered
Q2-11,2010-10-25,6.5,05-31-2011,Standard Chartered
Q2-11,2010-10-29,6.5,05-31-2011,Standard Chartered
Q2-11,2010-11-05,6.5,05-31-2011,Standard Chartered
Q2-11,2010-11-12,6.5,05-31-2011,Standard Chartered
Q2-11,2010-11-19,6.5,05-31-2011,Standard Chartered
Q2-11,2010-11-26,6.37,05-31-2011,Standard Chartered
Q2-11,2010-11-30,6.37,05-31-2011,Standard Chartered
Q2-11,2010-12-02,6.37,05-31-2011,Standard Chartered
Q2-11,2010-12-10,6.37,05-31-2011,Standard Chartered
Q2-11,2010-12-31,6.37,05-31-2011,Standard Chartered
Q2-11,2011-01-14,6.37,05-31-2011,Standard Chartered
Q2-11,2011-01-21,6.37,05-31-2011,Standard Chartered
Q2-11,2011-01-28,6.37,05-31-2011,Standard Chartered
Q2-11,2011-02-04,6.37,05-31-2011,Standard Chartered
Q2-11,2011-02-11,6.37,05-31-2011,Standard Chartered
Q2-11,2011-03-18,6.42,05-31-2011,Standard Chartered
Q2-11,2011-04-11,6.46,05-31-2011,Standard Chartered
Q2-11,2011-05-13,6.42,05-31-2011,Standard Chartered
Q3-11,2010-07-22,6.42,05-31-2011,Standard Chartered
Q3-11,2010-07-30,6.42,05-31-2011,Standard Chartered
Q3-11,2010-08-06,6.42,05-31-2011,Standard Chartered
Q3-11,2010-08-13,6.42,05-31-2011,Standard Chartered
Q3-11,2010-08-20,6.42,05-31-2011,Standard Chartered
Q3-11,2010-08-27,6.42,05-31-2011,Standard Chartered
Q3-11,2010-09-03,6.42,05-31-2011,Standard Chartered
Q3-11,2010-09-08,6.57,05-31-2011,Standard Chartered
Q3-11,2010-09-10,6.42,05-31-2011,Standard Chartered
Q3-11,2010-09-17,6.42,05-31-2011,Standard Chartered
Q3-11,2010-09-24,6.42,05-31-2011,Standard Chartered
Q3-11,2010-10-01,6.43,05-31-2011,Standard Chartered
Q3-11,2010-10-08,6.43,05-31-2011,Standard Chartered
Q3-11,2010-10-15,6.43,05-31-2011,Standard Chartered
Q3-11,2010-10-22,6.43,05-31-2011,Standard Chartered
Q3-11,2010-10-25,6.43,05-31-2011,Standard Chartered
Q3-11,2010-10-29,6.43,05-31-2011,Standard Chartered
Q3-11,2010-11-05,6.43,05-31-2011,Standard Chartered
Q3-11,2010-11-12,6.43,05-31-2011,Standard Chartered
Q3-11,2010-11-19,6.43,05-31-2011,Standard Chartered
Q3-11,2010-11-26,6.28,05-31-2011,Standard Chartered
Q3-11,2010-11-30,6.28,05-31-2011,Standard Chartered
Q3-11,2010-12-02,6.28,05-31-2011,Standard Chartered
Q3-11,2010-12-10,6.28,05-31-2011,Standard Chartered
Q3-11,2010-12-31,6.28,05-31-2011,Standard Chartered
Q3-11,2011-01-14,6.28,05-31-2011,Standard Chartered
Q3-11,2011-01-21,6.28,05-31-2011,Standard Chartered
Q3-11,2011-01-28,6.28,05-31-2011,Standard Chartered
Q3-11,2011-02-04,6.28,05-31-2011,Standard Chartered
Q3-11,2011-02-11,6.28,05-31-2011,Standard Chartered
Q3-11,2011-03-18,6.28,05-31-2011,Standard Chartered
Q3-11,2011-04-08,0.72,05-31-2011,Standard Chartered
Q3-11,2011-04-11,6.37,05-31-2011,Standard Chartered
Q3-11,2011-04-15,6.37,05-31-2011,Standard Chartered
Q3-11,2011-04-22,6.37,05-31-2011,Standard Chartered
Q3-11,2011-04-29,6.37,05-31-2011,Standard Chartered
Q3-11,2011-05-06,6.37,05-31-2011,Standard Chartered
Q3-11,2011-05-12,6.37,05-31-2011,Standard Chartered
Q3-11,2011-05-13,6.32,05-31-2011,Standard Chartered
Q4-11,2009-07-27,6.0,05-31-2011,Standard Chartered
Q4-11,2010-03-26,6.6,05-31-2011,Standard Chartered
Q4-11,2010-06-28,6.4,05-31-2011,Standard Chartered
Q4-11,2010-07-02,6.4,05-31-2011,Standard Chartered
Q4-11,2010-07-22,6.3,05-31-2011,Standard Chartered
Q4-11,2010-07-30,6.35,05-31-2011,Standard Chartered
Q4-11,2010-08-06,6.35,05-31-2011,Standard Chartered
Q4-11,2010-08-13,6.35,05-31-2011,Standard Chartered
Q4-11,2010-08-20,6.35,05-31-2011,Standard Chartered
Q4-11,2010-08-27,6.35,05-31-2011,Standard Chartered
Q4-11,2010-08-30,6.35,05-31-2011,Standard Chartered
Q4-11,2010-09-03,6.35,05-31-2011,Standard Chartered
Q4-11,2010-09-08,6.5,05-31-2011,Standard Chartered
Q4-11,2010-09-10,6.35,05-31-2011,Standard Chartered
Q4-11,2010-09-17,6.35,05-31-2011,Standard Chartered
Q4-11,2010-09-24,6.35,05-31-2011,Standard Chartered
Q4-11,2010-10-01,6.36,05-31-2011,Standard Chartered
Q4-11,2010-10-08,6.36,05-31-2011,Standard Chartered
Q4-11,2010-10-15,6.36,05-31-2011,Standard Chartered
Q4-11,2010-10-22,6.36,05-31-2011,Standard Chartered
Q4-11,2010-10-25,6.36,05-31-2011,Standard Chartered
Q4-11,2010-10-29,6.36,05-31-2011,Standard Chartered
Q4-11,2010-11-05,6.36,05-31-2011,Standard Chartered
Q4-11,2010-11-12,6.36,05-31-2011,Standard Chartered
Q4-11,2010-11-19,6.36,05-31-2011,Standard Chartered
Q4-11,2010-11-26,6.2,05-31-2011,Standard Chartered
Q4-11,2010-11-30,6.2,05-31-2011,Standard Chartered
Q4-11,2010-12-02,6.2,05-31-2011,Standard Chartered
Q4-11,2010-12-10,6.2,05-31-2011,Standard Chartered
Q4-11,2010-12-31,6.2,05-31-2011,Standard Chartered
Q4-11,2011-01-14,6.2,05-31-2011,Standard Chartered
Q4-11,2011-01-21,6.2,05-31-2011,Standard Chartered
Q4-11,2011-01-28,6.2,05-31-2011,Standard Chartered
Q4-11,2011-02-04,6.2,05-31-2011,Standard Chartered
Q4-11,2011-02-11,6.2,05-31-2011,Standard Chartered
Q4-11,2011-03-18,6.2,05-31-2011,Standard Chartered
Q4-11,2011-04-08,0.7,05-31-2011,Standard Chartered
Q4-11,2011-04-11,6.3,05-31-2011,Standard Chartered
Q4-11,2011-04-15,6.3,05-31-2011,Standard Chartered
Q4-11,2011-04-22,6.3,05-31-2011,Standard Chartered
Q4-11,2011-04-29,6.3,05-31-2011,Standard Chartered
Q4-11,2011-05-06,6.3,05-31-2011,Standard Chartered
Q4-11,2011-05-12,6.3,05-31-2011,Standard Chartered
Q4-11,2011-05-13,6.25,05-31-2011,Standard Chartered
Q1-12,2011-04-08,0.72,05-31-2011,Standard Chartered
Q1-12,2011-04-15,6.25,05-31-2011,Standard Chartered
Q1-12,2011-04-22,6.25,05-31-2011,Standard Chartered
Q1-12,2011-04-29,6.25,05-31-2011,Standard Chartered
Q1-12,2011-05-06,6.25,05-31-2011,Standard Chartered
Q1-12,2011-05-12,6.25,05-31-2011,Standard Chartered
Q1-12,2011-05-13,6.2,05-31-2011,Standard Chartered
2012,2009-07-27,5.6,05-31-2011,Standard Chartered
2012,2010-06-28,6.19,05-31-2011,Standard Chartered
2012,2010-07-02,6.19,05-31-2011,Standard Chartered
2012,2010-10-25,6.36,05-31-2011,Standard Chartered
2012,2011-02-11,6.2,05-31-2011,Standard Chartered
2013,2009-07-27,5.2,05-31-2011,Standard Chartered
2013,2010-06-28,5.97,05-31-2011,Standard Chartered
2013,2010-07-02,5.97,05-31-2011,Standard Chartered
2014,2010-06-28,5.68,05-31-2011,Standard Chartered
2014,2010-07-02,5.68,05-31-2011,Standard Chartered
2015,2010-06-28,5.5,05-31-2011,Standard Chartered
2015,2010-07-02,5.5,05-31-2011,Standard Chartered
Q3-20,2019-09-04,7.35,08-31-2020,Standard Chartered
Q3-20,2019-10-07,7.35,08-31-2020,Standard Chartered
Q3-20,2019-11-11,7.35,08-31-2020,Standard Chartered
Q3-20,2019-12-03,7.35,08-31-2020,Standard Chartered
Q3-20,2019-12-18,7.01,08-31-2020,Standard Chartered
Q3-20,2020-02-14,7.01,08-31-2020,Standard Chartered
Q4-20,2018-09-03,6.07,08-31-2020,Standard Chartered
Q4-20,2018-09-27,6.53,08-31-2020,Standard Chartered
Q4-20,2018-12-03,6.53,08-31-2020,Standard Chartered
Q4-20,2018-12-17,6.53,08-31-2020,Standard Chartered
Q4-20,2019-01-17,6.53,08-31-2020,Standard Chartered
Q4-20,2019-04-09,6.55,08-31-2020,Standard Chartered
Q4-20,2019-04-10,6.55,08-31-2020,Standard Chartered
Q4-20,2019-05-21,6.55,08-31-2020,Standard Chartered
Q4-20,2019-05-27,6.55,08-31-2020,Standard Chartered
Q4-20,2019-05-31,6.55,08-31-2020,Standard Chartered
Q4-20,2019-08-13,6.55,08-31-2020,Standard Chartered
Q4-20,2019-09-04,7.32,08-31-2020,Standard Chartered
Q4-20,2019-10-07,7.32,08-31-2020,Standard Chartered
Q4-20,2019-11-11,7.32,08-31-2020,Standard Chartered
Q4-20,2019-12-03,7.32,08-31-2020,Standard Chartered
Q4-20,2019-12-18,7.02,08-31-2020,Standard Chartered
Q4-20,2020-02-14,7.02,08-31-2020,Standard Chartered
2021,2018-09-03,6.04,08-31-2020,Standard Chartered
2021,2018-09-27,6.04,08-31-2020,Standard Chartered
2021,2018-12-03,6.04,08-31-2020,Standard Chartered
2021,2018-12-17,6.04,08-31-2020,Standard Chartered
2021,2019-01-17,6.04,08-31-2020,Standard Chartered
2021,2019-04-09,6.6,08-31-2020,Standard Chartered
2021,2019-04-10,6.6,08-31-2020,Standard Chartered
2021,2019-05-21,6.6,08-31-2020,Standard Chartered
2021,2019-05-27,6.6,08-31-2020,Standard Chartered
2021,2019-05-31,6.6,08-31-2020,Standard Chartered
2021,2019-08-13,6.6,08-31-2020,Standard Chartered
2021,2019-09-04,7.35,08-31-2020,Standard Chartered
2021,2019-10-07,7.35,08-31-2020,Standard Chartered
2021,2019-12-03,7.35,08-31-2020,Standard Chartered
2021,2019-12-18,7.35,08-31-2020,Standard Chartered
2021,2020-02-14,7.35,08-31-2020,Standard Chartered
2022,2018-09-03,6.0,08-31-2020,Standard Chartered
2022,2018-09-27,6.0,08-31-2020,Standard Chartered
2022,2018-12-03,6.0,08-31-2020,Standard Chartered
2022,2018-12-17,6.0,08-31-2020,Standard Chartered
2022,2019-01-17,6.0,08-31-2020,Standard Chartered
2022,2019-04-09,6.6,08-31-2020,Standard Chartered
2022,2019-04-10,6.6,08-31-2020,Standard Chartered
2022,2019-05-21,6.6,08-31-2020,Standard Chartered
2022,2019-05-27,6.6,08-31-2020,Standard Chartered
2022,2019-05-31,6.6,08-31-2020,Standard Chartered
2022,2019-08-13,6.6,08-31-2020,Standard Chartered
2022,2019-09-04,7.3,08-31-2020,Standard Chartered
2022,2019-10-07,7.3,08-31-2020,Standard Chartered
2022,2019-12-03,7.3,08-31-2020,Standard Chartered
2022,2019-12-18,7.3,08-31-2020,Standard Chartered
2022,2020-02-14,7.3,08-31-2020,Standard Chartered
2023,2019-04-09,6.65,08-31-2020,Standard Chartered
2023,2019-04-10,6.65,08-31-2020,Standard Chartered
2023,2019-05-21,6.65,08-31-2020,Standard Chartered
2023,2019-05-27,6.65,08-31-2020,Standard Chartered
2023,2019-05-31,6.65,08-31-2020,Standard Chartered
2023,2019-08-13,6.65,08-31-2020,Standard Chartered
2023,2019-09-04,7.2,08-31-2020,Standard Chartered
2023,2019-10-07,7.2,08-31-2020,Standard Chartered
2023,2019-12-03,7.2,08-31-2020,Standard Chartered
2023,2019-12-18,7.2,08-31-2020,Standard Chartered
2023,2020-02-14,7.2,08-31-2020,Standard Chartered
2024,2019-04-09,7.1,08-31-2020,Standard Chartered
2024,2020-02-14,7.1,08-31-2020,Standard Chartered
Q4-16,2014-12-03,5.84,11-30-2016,Standard Chartered
Q4-16,2015-01-12,5.84,11-30-2016,Standard Chartered
Q4-16,2015-01-30,6.05,11-30-2016,Standard Chartered
Q4-16,2015-03-02,6.05,11-30-2016,Standard Chartered
Q4-16,2015-03-24,6.12,11-30-2016,Standard Chartered
Q4-16,2015-05-04,6.12,11-30-2016,Standard Chartered
Q4-16,2015-06-04,6.12,11-30-2016,Standard Chartered
Q4-16,2015-06-25,6.15,11-30-2016,Standard Chartered
Q4-16,2015-08-06,6.15,11-30-2016,Standard Chartered
Q4-16,2015-08-18,6.35,11-30-2016,Standard Chartered
Q4-16,2015-08-21,6.35,11-30-2016,Standard Chartered
Q4-16,2015-08-31,6.35,11-30-2016,Standard Chartered
Q4-16,2015-09-29,6.35,11-30-2016,Standard Chartered
Q4-16,2015-11-30,6.42,11-30-2016,Standard Chartered
Q4-16,2015-12-22,6.42,11-30-2016,Standard Chartered
Q4-16,2016-01-18,6.56,11-30-2016,Standard Chartered
Q4-16,2016-02-22,6.56,11-30-2016,Standard Chartered
Q4-16,2016-02-23,6.56,11-30-2016,Standard Chartered
Q4-16,2016-03-23,6.56,11-30-2016,Standard Chartered
Q4-16,2016-04-22,6.56,11-30-2016,Standard Chartered
Q4-16,2016-05-06,6.56,11-30-2016,Standard Chartered
Q4-16,2016-05-25,6.56,11-30-2016,Standard Chartered
Q4-16,2016-06-21,6.56,11-30-2016,Standard Chartered
Q4-16,2016-06-30,6.67,11-30-2016,Standard Chartered
Q4-16,2016-09-02,6.67,11-30-2016,Standard Chartered
Q4-16,2016-10-05,6.67,11-30-2016,Standard Chartered
Q4-16,2016-11-16,6.9,11-30-2016,Standard Chartered
Q4-16,2016-11-24,6.9,11-30-2016,Standard Chartered
Q1-17,2016-03-23,6.6,11-30-2016,Standard Chartered
Q1-17,2016-04-22,6.6,11-30-2016,Standard Chartered
Q1-17,2016-05-06,6.54,11-30-2016,Standard Chartered
Q1-17,2016-05-25,6.54,11-30-2016,Standard Chartered
Q1-17,2016-06-21,6.54,11-30-2016,Standard Chartered
Q1-17,2016-06-30,6.63,11-30-2016,Standard Chartered
Q1-17,2016-09-02,6.63,11-30-2016,Standard Chartered
Q1-17,2016-10-05,6.63,11-30-2016,Standard Chartered
Q1-17,2016-11-16,6.97,11-30-2016,Standard Chartered
Q1-17,2016-11-24,6.97,11-30-2016,Standard Chartered
Q2-17,2016-06-30,6.61,11-30-2016,Standard Chartered
Q2-17,2016-09-02,6.61,11-30-2016,Standard Chartered
Q2-17,2016-10-05,6.61,11-30-2016,Standard Chartered
Q2-17,2016-11-16,7.05,11-30-2016,Standard Chartered
Q2-17,2016-11-24,7.05,11-30-2016,Standard Chartered
Q3-17,2016-09-02,6.63,11-30-2016,Standard Chartered
Q3-17,2016-10-05,6.63,11-30-2016,Standard Chartered
Q3-17,2016-11-16,7.02,11-30-2016,Standard Chartered
Q3-17,2016-11-24,7.02,11-30-2016,Standard Chartered
2017,2014-12-03,5.75,11-30-2016,Standard Chartered
2017,2015-01-12,5.75,11-30-2016,Standard Chartered
2017,2015-01-30,5.75,11-30-2016,Standard Chartered
2017,2015-03-02,5.75,11-30-2016,Standard Chartered
2017,2015-03-24,6.08,11-30-2016,Standard Chartered
2017,2015-05-04,6.08,11-30-2016,Standard Chartered
2017,2015-06-04,6.08,11-30-2016,Standard Chartered
2017,2015-06-25,6.1,11-30-2016,Standard Chartered
2017,2015-08-06,6.1,11-30-2016,Standard Chartered
2017,2015-08-21,6.1,11-30-2016,Standard Chartered
2017,2015-08-31,6.1,11-30-2016,Standard Chartered
2017,2015-09-29,6.3,11-30-2016,Standard Chartered
2017,2015-11-30,6.3,11-30-2016,Standard Chartered
2017,2015-12-22,6.3,11-30-2016,Standard Chartered
2017,2016-01-18,6.56,11-30-2016,Standard Chartered
2017,2016-03-23,6.56,11-30-2016,Standard Chartered
2017,2016-06-30,6.67,11-30-2016,Standard Chartered
2017,2016-11-16,7.06,11-30-2016,Standard Chartered
2017,2016-11-24,7.06,11-30-2016,Standard Chartered
2018,2014-12-03,5.7,11-30-2016,Standard Chartered
2018,2015-01-12,5.7,11-30-2016,Standard Chartered
2018,2015-01-30,5.7,11-30-2016,Standard Chartered
2018,2015-03-02,5.7,11-30-2016,Standard Chartered
2018,2015-03-24,6.02,11-30-2016,Standard Chartered
2018,2015-05-04,6.02,11-30-2016,Standard Chartered
2018,2015-06-04,6.02,11-30-2016,Standard Chartered
2018,2015-06-25,6.05,11-30-2016,Standard Chartered
2018,2015-08-06,6.05,11-30-2016,Standard Chartered
2018,2015-08-21,6.05,11-30-2016,Standard Chartered
2018,2015-08-31,6.05,11-30-2016,Standard Chartered
2018,2015-09-29,6.2,11-30-2016,Standard Chartered
2018,2015-11-30,6.2,11-30-2016,Standard Chartered
2018,2015-12-22,6.2,11-30-2016,Standard Chartered
2019,2015-03-24,5.95,11-30-2016,Standard Chartered
2019,2015-05-04,5.95,11-30-2016,Standard Chartered
2019,2015-06-04,5.95,11-30-2016,Standard Chartered
2019,2015-06-25,6.0,11-30-2016,Standard Chartered
2019,2015-08-06,6.0,11-30-2016,Standard Chartered
2019,2015-08-21,6.0,11-30-2016,Standard Chartered
2019,2015-08-31,6.0,11-30-2016,Standard Chartered
2019,2015-09-29,6.1,11-30-2016,Standard Chartered
2019,2015-11-30,6.1,11-30-2016,Standard Chartered
2019,2015-12-22,6.1,11-30-2016,Standard Chartered
2020,2015-03-24,5.9,11-30-2016,Standard Chartered
2020,2015-05-04,5.9,11-30-2016,Standard Chartered
2020,2015-06-04,5.9,11-30-2016,Standard Chartered
2020,2015-06-25,5.95,11-30-2016,Standard Chartered
2020,2015-08-06,5.95,11-30-2016,Standard Chartered
2020,2015-08-21,5.95,11-30-2016,Standard Chartered
2020,2015-08-31,5.95,11-30-2016,Standard Chartered
2020,2015-09-29,6.0,11-30-2016,Standard Chartered
2020,2015-11-30,6.0,11-30-2016,Standard Chartered
2020,2015-12-22,6.0,11-30-2016,Standard Chartered
Q1-11,2010-03-26,6.65,02-28-2011,Standard Chartered
Q1-11,2010-05-07,6.65,02-28-2011,Standard Chartered
Q1-11,2010-05-14,6.65,02-28-2011,Standard Chartered
Q1-11,2010-06-28,6.63,02-28-2011,Standard Chartered
Q1-11,2010-07-02,6.63,02-28-2011,Standard Chartered
Q1-11,2010-07-22,6.56,02-28-2011,Standard Chartered
Q1-11,2010-07-30,6.56,02-28-2011,Standard Chartered
Q1-11,2010-08-06,6.56,02-28-2011,Standard Chartered
Q1-11,2010-08-13,6.56,02-28-2011,Standard Chartered
Q1-11,2010-08-20,6.56,02-28-2011,Standard Chartered
Q1-11,2010-08-27,6.56,02-28-2011,Standard Chartered
Q1-11,2010-08-30,6.56,02-28-2011,Standard Chartered
Q1-11,2010-09-03,6.56,02-28-2011,Standard Chartered
Q1-11,2010-09-08,6.71,02-28-2011,Standard Chartered
Q1-11,2010-09-10,6.56,02-28-2011,Standard Chartered
Q1-11,2010-09-17,6.56,02-28-2011,Standard Chartered
Q1-11,2010-09-24,6.56,02-28-2011,Standard Chartered
Q1-11,2010-10-01,6.57,02-28-2011,Standard Chartered
Q1-11,2010-10-08,6.57,02-28-2011,Standard Chartered
Q1-11,2010-10-15,6.57,02-28-2011,Standard Chartered
Q1-11,2010-10-22,6.57,02-28-2011,Standard Chartered
Q1-11,2010-10-25,6.57,02-28-2011,Standard Chartered
Q1-11,2010-10-29,6.57,02-28-2011,Standard Chartered
Q1-11,2010-11-05,6.57,02-28-2011,Standard Chartered
Q1-11,2010-11-12,6.57,02-28-2011,Standard Chartered
Q1-11,2010-11-19,6.57,02-28-2011,Standard Chartered
Q1-11,2010-11-26,6.49,02-28-2011,Standard Chartered
Q1-11,2010-11-30,6.49,02-28-2011,Standard Chartered
Q1-11,2010-12-02,6.49,02-28-2011,Standard Chartered
Q1-11,2010-12-10,6.49,02-28-2011,Standard Chartered
Q1-11,2010-12-31,6.49,02-28-2011,Standard Chartered
Q1-11,2011-01-14,6.49,02-28-2011,Standard Chartered
Q1-11,2011-01-21,6.49,02-28-2011,Standard Chartered
Q1-11,2011-01-28,6.49,02-28-2011,Standard Chartered
Q1-11,2011-02-04,6.49,02-28-2011,Standard Chartered
Q1-11,2011-02-11,6.49,02-28-2011,Standard Chartered
Q2-11,2010-05-07,6.6,02-28-2011,Standard Chartered
Q2-11,2010-06-28,6.56,02-28-2011,Standard Chartered
Q2-11,2010-07-02,6.56,02-28-2011,Standard Chartered
Q2-11,2010-07-22,6.49,02-28-2011,Standard Chartered
Q2-11,2010-07-30,6.49,02-28-2011,Standard Chartered
Q2-11,2010-08-06,6.49,02-28-2011,Standard Chartered
Q2-11,2010-08-13,6.49,02-28-2011,Standard Chartered
Q2-11,2010-08-20,6.49,02-28-2011,Standard Chartered
Q2-11,2010-08-27,6.49,02-28-2011,Standard Chartered
Q2-11,2010-09-03,6.49,02-28-2011,Standard Chartered
Q2-11,2010-09-08,6.64,02-28-2011,Standard Chartered
Q2-11,2010-09-10,6.49,02-28-2011,Standard Chartered
Q2-11,2010-09-17,6.49,02-28-2011,Standard Chartered
Q2-11,2010-09-24,6.49,02-28-2011,Standard Chartered
Q2-11,2010-10-01,6.5,02-28-2011,Standard Chartered
Q2-11,2010-10-08,6.5,02-28-2011,Standard Chartered
Q2-11,2010-10-15,6.5,02-28-2011,Standard Chartered
Q2-11,2010-10-22,6.5,02-28-2011,Standard Chartered
Q2-11,2010-10-25,6.5,02-28-2011,Standard Chartered
Q2-11,2010-10-29,6.5,02-28-2011,Standard Chartered
Q2-11,2010-11-05,6.5,02-28-2011,Standard Chartered
Q2-11,2010-11-12,6.5,02-28-2011,Standard Chartered
Q2-11,2010-11-19,6.5,02-28-2011,Standard Chartered
Q2-11,2010-11-26,6.37,02-28-2011,Standard Chartered
Q2-11,2010-11-30,6.37,02-28-2011,Standard Chartered
Q2-11,2010-12-02,6.37,02-28-2011,Standard Chartered
Q2-11,2010-12-10,6.37,02-28-2011,Standard Chartered
Q2-11,2010-12-31,6.37,02-28-2011,Standard Chartered
Q2-11,2011-01-14,6.37,02-28-2011,Standard Chartered
Q2-11,2011-01-21,6.37,02-28-2011,Standard Chartered
Q2-11,2011-01-28,6.37,02-28-2011,Standard Chartered
Q2-11,2011-02-04,6.37,02-28-2011,Standard Chartered
Q2-11,2011-02-11,6.37,02-28-2011,Standard Chartered
Q3-11,2010-07-22,6.42,02-28-2011,Standard Chartered
Q3-11,2010-07-30,6.42,02-28-2011,Standard Chartered
Q3-11,2010-08-06,6.42,02-28-2011,Standard Chartered
Q3-11,2010-08-13,6.42,02-28-2011,Standard Chartered
Q3-11,2010-08-20,6.42,02-28-2011,Standard Chartered
Q3-11,2010-08-27,6.42,02-28-2011,Standard Chartered
Q3-11,2010-09-03,6.42,02-28-2011,Standard Chartered
Q3-11,2010-09-08,6.57,02-28-2011,Standard Chartered
Q3-11,2010-09-10,6.42,02-28-2011,Standard Chartered
Q3-11,2010-09-17,6.42,02-28-2011,Standard Chartered
Q3-11,2010-09-24,6.42,02-28-2011,Standard Chartered
Q3-11,2010-10-01,6.43,02-28-2011,Standard Chartered
Q3-11,2010-10-08,6.43,02-28-2011,Standard Chartered
Q3-11,2010-10-15,6.43,02-28-2011,Standard Chartered
Q3-11,2010-10-22,6.43,02-28-2011,Standard Chartered
Q3-11,2010-10-25,6.43,02-28-2011,Standard Chartered
Q3-11,2010-10-29,6.43,02-28-2011,Standard Chartered
Q3-11,2010-11-05,6.43,02-28-2011,Standard Chartered
Q3-11,2010-11-12,6.43,02-28-2011,Standard Chartered
Q3-11,2010-11-19,6.43,02-28-2011,Standard Chartered
Q3-11,2010-11-26,6.28,02-28-2011,Standard Chartered
Q3-11,2010-11-30,6.28,02-28-2011,Standard Chartered
Q3-11,2010-12-02,6.28,02-28-2011,Standard Chartered
Q3-11,2010-12-10,6.28,02-28-2011,Standard Chartered
Q3-11,2010-12-31,6.28,02-28-2011,Standard Chartered
Q3-11,2011-01-14,6.28,02-28-2011,Standard Chartered
Q3-11,2011-01-21,6.28,02-28-2011,Standard Chartered
Q3-11,2011-01-28,6.28,02-28-2011,Standard Chartered
Q3-11,2011-02-04,6.28,02-28-2011,Standard Chartered
Q3-11,2011-02-11,6.28,02-28-2011,Standard Chartered
Q4-11,2009-07-27,6.0,02-28-2011,Standard Chartered
Q4-11,2010-03-26,6.6,02-28-2011,Standard Chartered
Q4-11,2010-06-28,6.4,02-28-2011,Standard Chartered
Q4-11,2010-07-02,6.4,02-28-2011,Standard Chartered
Q4-11,2010-07-22,6.3,02-28-2011,Standard Chartered
Q4-11,2010-07-30,6.35,02-28-2011,Standard Chartered
Q4-11,2010-08-06,6.35,02-28-2011,Standard Chartered
Q4-11,2010-08-13,6.35,02-28-2011,Standard Chartered
Q4-11,2010-08-20,6.35,02-28-2011,Standard Chartered
Q4-11,2010-08-27,6.35,02-28-2011,Standard Chartered
Q4-11,2010-08-30,6.35,02-28-2011,Standard Chartered
Q4-11,2010-09-03,6.35,02-28-2011,Standard Chartered
Q4-11,2010-09-08,6.5,02-28-2011,Standard Chartered
Q4-11,2010-09-10,6.35,02-28-2011,Standard Chartered
Q4-11,2010-09-17,6.35,02-28-2011,Standard Chartered
Q4-11,2010-09-24,6.35,02-28-2011,Standard Chartered
Q4-11,2010-10-01,6.36,02-28-2011,Standard Chartered
Q4-11,2010-10-08,6.36,02-28-2011,Standard Chartered
Q4-11,2010-10-15,6.36,02-28-2011,Standard Chartered
Q4-11,2010-10-22,6.36,02-28-2011,Standard Chartered
Q4-11,2010-10-25,6.36,02-28-2011,Standard Chartered
Q4-11,2010-10-29,6.36,02-28-2011,Standard Chartered
Q4-11,2010-11-05,6.36,02-28-2011,Standard Chartered
Q4-11,2010-11-12,6.36,02-28-2011,Standard Chartered
Q4-11,2010-11-19,6.36,02-28-2011,Standard Chartered
Q4-11,2010-11-26,6.2,02-28-2011,Standard Chartered
Q4-11,2010-11-30,6.2,02-28-2011,Standard Chartered
Q4-11,2010-12-02,6.2,02-28-2011,Standard Chartered
Q4-11,2010-12-10,6.2,02-28-2011,Standard Chartered
Q4-11,2010-12-31,6.2,02-28-2011,Standard Chartered
Q4-11,2011-01-14,6.2,02-28-2011,Standard Chartered
Q4-11,2011-01-21,6.2,02-28-2011,Standard Chartered
Q4-11,2011-01-28,6.2,02-28-2011,Standard Chartered
Q4-11,2011-02-04,6.2,02-28-2011,Standard Chartered
Q4-11,2011-02-11,6.2,02-28-2011,Standard Chartered
2012,2009-07-27,5.6,02-28-2011,Standard Chartered
2012,2010-06-28,6.19,02-28-2011,Standard Chartered
2012,2010-07-02,6.19,02-28-2011,Standard Chartered
2012,2010-10-25,6.36,02-28-2011,Standard Chartered
2012,2011-02-11,6.2,02-28-2011,Standard Chartered
2013,2009-07-27,5.2,02-28-2011,Standard Chartered
2013,2010-06-28,5.97,02-28-2011,Standard Chartered
2013,2010-07-02,5.97,02-28-2011,Standard Chartered
2014,2010-06-28,5.68,02-28-2011,Standard Chartered
2014,2010-07-02,5.68,02-28-2011,Standard Chartered
2015,2010-06-28,5.5,02-28-2011,Standard Chartered
2015,2010-07-02,5.5,02-28-2011,Standard Chartered
Q3-16,2015-08-18,6.38,08-31-2016,Standard Chartered
Q3-16,2015-09-29,6.38,08-31-2016,Standard Chartered
Q3-16,2015-11-30,6.35,08-31-2016,Standard Chartered
Q3-16,2015-12-22,6.35,08-31-2016,Standard Chartered
Q3-16,2016-01-18,6.54,08-31-2016,Standard Chartered
Q3-16,2016-02-22,6.54,08-31-2016,Standard Chartered
Q3-16,2016-02-23,6.54,08-31-2016,Standard Chartered
Q3-16,2016-03-23,6.54,08-31-2016,Standard Chartered
Q3-16,2016-04-22,6.54,08-31-2016,Standard Chartered
Q3-16,2016-05-06,6.59,08-31-2016,Standard Chartered
Q3-16,2016-05-25,6.59,08-31-2016,Standard Chartered
Q3-16,2016-06-21,6.59,08-31-2016,Standard Chartered
Q3-16,2016-06-30,6.7,08-31-2016,Standard Chartered
Q4-16,2014-09-16,5.8,08-31-2016,Standard Chartered
Q4-16,2014-10-09,5.84,08-31-2016,Standard Chartered
Q4-16,2014-11-07,5.84,08-31-2016,Standard Chartered
Q4-16,2014-12-03,5.84,08-31-2016,Standard Chartered
Q4-16,2015-01-12,5.84,08-31-2016,Standard Chartered
Q4-16,2015-01-30,6.05,08-31-2016,Standard Chartered
Q4-16,2015-03-02,6.05,08-31-2016,Standard Chartered
Q4-16,2015-03-24,6.12,08-31-2016,Standard Chartered
Q4-16,2015-05-04,6.12,08-31-2016,Standard Chartered
Q4-16,2015-06-04,6.12,08-31-2016,Standard Chartered
Q4-16,2015-06-25,6.15,08-31-2016,Standard Chartered
Q4-16,2015-08-06,6.15,08-31-2016,Standard Chartered
Q4-16,2015-08-18,6.35,08-31-2016,Standard Chartered
Q4-16,2015-08-21,6.35,08-31-2016,Standard Chartered
Q4-16,2015-08-31,6.35,08-31-2016,Standard Chartered
Q4-16,2015-09-29,6.35,08-31-2016,Standard Chartered
Q4-16,2015-11-30,6.42,08-31-2016,Standard Chartered
Q4-16,2015-12-22,6.42,08-31-2016,Standard Chartered
Q4-16,2016-01-18,6.56,08-31-2016,Standard Chartered
Q4-16,2016-02-22,6.56,08-31-2016,Standard Chartered
Q4-16,2016-02-23,6.56,08-31-2016,Standard Chartered
Q4-16,2016-03-23,6.56,08-31-2016,Standard Chartered
Q4-16,2016-04-22,6.56,08-31-2016,Standard Chartered
Q4-16,2016-05-06,6.56,08-31-2016,Standard Chartered
Q4-16,2016-05-25,6.56,08-31-2016,Standard Chartered
Q4-16,2016-06-21,6.56,08-31-2016,Standard Chartered
Q4-16,2016-06-30,6.67,08-31-2016,Standard Chartered
Q1-17,2016-03-23,6.6,08-31-2016,Standard Chartered
Q1-17,2016-04-22,6.6,08-31-2016,Standard Chartered
Q1-17,2016-05-06,6.54,08-31-2016,Standard Chartered
Q1-17,2016-05-25,6.54,08-31-2016,Standard Chartered
Q1-17,2016-06-21,6.54,08-31-2016,Standard Chartered
Q1-17,2016-06-30,6.63,08-31-2016,Standard Chartered
Q2-17,2016-06-30,6.61,08-31-2016,Standard Chartered
2017,2014-09-16,5.75,08-31-2016,Standard Chartered
2017,2014-10-09,5.75,08-31-2016,Standard Chartered
2017,2014-11-07,5.75,08-31-2016,Standard Chartered
2017,2014-12-03,5.75,08-31-2016,Standard Chartered
2017,2015-01-12,5.75,08-31-2016,Standard Chartered
2017,2015-01-30,5.75,08-31-2016,Standard Chartered
2017,2015-03-02,5.75,08-31-2016,Standard Chartered
2017,2015-03-24,6.08,08-31-2016,Standard Chartered
2017,2015-05-04,6.08,08-31-2016,Standard Chartered
2017,2015-06-04,6.08,08-31-2016,Standard Chartered
2017,2015-06-25,6.1,08-31-2016,Standard Chartered
2017,2015-08-06,6.1,08-31-2016,Standard Chartered
2017,2015-08-21,6.1,08-31-2016,Standard Chartered
2017,2015-08-31,6.1,08-31-2016,Standard Chartered
2017,2015-09-29,6.3,08-31-2016,Standard Chartered
2017,2015-11-30,6.3,08-31-2016,Standard Chartered
2017,2015-12-22,6.3,08-31-2016,Standard Chartered
2017,2016-01-18,6.56,08-31-2016,Standard Chartered
2017,2016-03-23,6.56,08-31-2016,Standard Chartered
2017,2016-06-30,6.67,08-31-2016,Standard Chartered
2018,2014-09-16,5.7,08-31-2016,Standard Chartered
2018,2014-10-09,5.7,08-31-2016,Standard Chartered
2018,2014-11-07,5.7,08-31-2016,Standard Chartered
2018,2014-12-03,5.7,08-31-2016,Standard Chartered
2018,2015-01-12,5.7,08-31-2016,Standard Chartered
2018,2015-01-30,5.7,08-31-2016,Standard Chartered
2018,2015-03-02,5.7,08-31-2016,Standard Chartered
2018,2015-03-24,6.02,08-31-2016,Standard Chartered
2018,2015-05-04,6.02,08-31-2016,Standard Chartered
2018,2015-06-04,6.02,08-31-2016,Standard Chartered
2018,2015-06-25,6.05,08-31-2016,Standard Chartered
2018,2015-08-06,6.05,08-31-2016,Standard Chartered
2018,2015-08-21,6.05,08-31-2016,Standard Chartered
2018,2015-08-31,6.05,08-31-2016,Standard Chartered
2018,2015-09-29,6.2,08-31-2016,Standard Chartered
2018,2015-11-30,6.2,08-31-2016,Standard Chartered
2018,2015-12-22,6.2,08-31-2016,Standard Chartered
2019,2015-03-24,5.95,08-31-2016,Standard Chartered
2019,2015-05-04,5.95,08-31-2016,Standard Chartered
2019,2015-06-04,5.95,08-31-2016,Standard Chartered
2019,2015-06-25,6.0,08-31-2016,Standard Chartered
2019,2015-08-06,6.0,08-31-2016,Standard Chartered
2019,2015-08-21,6.0,08-31-2016,Standard Chartered
2019,2015-08-31,6.0,08-31-2016,Standard Chartered
2019,2015-09-29,6.1,08-31-2016,Standard Chartered
2019,2015-11-30,6.1,08-31-2016,Standard Chartered
2019,2015-12-22,6.1,08-31-2016,Standard Chartered
2020,2015-03-24,5.9,08-31-2016,Standard Chartered
2020,2015-05-04,5.9,08-31-2016,Standard Chartered
2020,2015-06-04,5.9,08-31-2016,Standard Chartered
2020,2015-06-25,5.95,08-31-2016,Standard Chartered
2020,2015-08-06,5.95,08-31-2016,Standard Chartered
2020,2015-08-21,5.95,08-31-2016,Standard Chartered
2020,2015-08-31,5.95,08-31-2016,Standard Chartered
2020,2015-09-29,6.0,08-31-2016,Standard Chartered
2020,2015-11-30,6.0,08-31-2016,Standard Chartered
2020,2015-12-22,6.0,08-31-2016,Standard Chartered
Q4-20,2018-12-03,6.53,11-30-2020,Standard Chartered
Q4-20,2018-12-17,6.53,11-30-2020,Standard Chartered
Q4-20,2019-01-17,6.53,11-30-2020,Standard Chartered
Q4-20,2019-04-09,6.55,11-30-2020,Standard Chartered
Q4-20,2019-04-10,6.55,11-30-2020,Standard Chartered
Q4-20,2019-05-21,6.55,11-30-2020,Standard Chartered
Q4-20,2019-05-27,6.55,11-30-2020,Standard Chartered
Q4-20,2019-05-31,6.55,11-30-2020,Standard Chartered
Q4-20,2019-08-13,6.55,11-30-2020,Standard Chartered
Q4-20,2019-09-04,7.32,11-30-2020,Standard Chartered
Q4-20,2019-10-07,7.32,11-30-2020,Standard Chartered
Q4-20,2019-11-11,7.32,11-30-2020,Standard Chartered
Q4-20,2019-12-03,7.32,11-30-2020,Standard Chartered
Q4-20,2019-12-18,7.02,11-30-2020,Standard Chartered
Q4-20,2020-02-14,7.02,11-30-2020,Standard Chartered
Q4-20,2020-11-03,7.02,11-30-2020,Standard Chartered
Q4-20,2020-11-10,7.02,11-30-2020,Standard Chartered
Q1-21,2020-11-03,7.1,11-30-2020,Standard Chartered
Q1-21,2020-11-10,7.1,11-30-2020,Standard Chartered
Q2-21,2020-11-03,7.15,11-30-2020,Standard Chartered
Q2-21,2020-11-10,7.15,11-30-2020,Standard Chartered
Q3-21,2020-11-03,7.15,11-30-2020,Standard Chartered
Q3-21,2020-11-10,7.15,11-30-2020,Standard Chartered
2021,2018-12-03,6.04,11-30-2020,Standard Chartered
2021,2018-12-17,6.04,11-30-2020,Standard Chartered
2021,2019-01-17,6.04,11-30-2020,Standard Chartered
2021,2019-04-09,6.6,11-30-2020,Standard Chartered
2021,2019-04-10,6.6,11-30-2020,Standard Chartered
2021,2019-05-21,6.6,11-30-2020,Standard Chartered
2021,2019-05-27,6.6,11-30-2020,Standard Chartered
2021,2019-05-31,6.6,11-30-2020,Standard Chartered
2021,2019-08-13,6.6,11-30-2020,Standard Chartered
2021,2019-09-04,7.35,11-30-2020,Standard Chartered
2021,2019-10-07,7.35,11-30-2020,Standard Chartered
2021,2019-12-03,7.35,11-30-2020,Standard Chartered
2021,2019-12-18,7.35,11-30-2020,Standard Chartered
2021,2020-02-14,7.35,11-30-2020,Standard Chartered
2021,2020-11-03,7.35,11-30-2020,Standard Chartered
2021,2020-11-10,7.35,11-30-2020,Standard Chartered
2022,2018-12-03,6.0,11-30-2020,Standard Chartered
2022,2018-12-17,6.0,11-30-2020,Standard Chartered
2022,2019-01-17,6.0,11-30-2020,Standard Chartered
2022,2019-04-09,6.6,11-30-2020,Standard Chartered
2022,2019-04-10,6.6,11-30-2020,Standard Chartered
2022,2019-05-21,6.6,11-30-2020,Standard Chartered
2022,2019-05-27,6.6,11-30-2020,Standard Chartered
2022,2019-05-31,6.6,11-30-2020,Standard Chartered
2022,2019-08-13,6.6,11-30-2020,Standard Chartered
2022,2019-09-04,7.3,11-30-2020,Standard Chartered
2022,2019-10-07,7.3,11-30-2020,Standard Chartered
2022,2019-12-03,7.3,11-30-2020,Standard Chartered
2022,2019-12-18,7.3,11-30-2020,Standard Chartered
2022,2020-02-14,7.3,11-30-2020,Standard Chartered
2022,2020-11-03,7.3,11-30-2020,Standard Chartered
2022,2020-11-10,7.3,11-30-2020,Standard Chartered
2023,2019-04-09,6.65,11-30-2020,Standard Chartered
2023,2019-04-10,6.65,11-30-2020,Standard Chartered
2023,2019-05-21,6.65,11-30-2020,Standard Chartered
2023,2019-05-27,6.65,11-30-2020,Standard Chartered
2023,2019-05-31,6.65,11-30-2020,Standard Chartered
2023,2019-08-13,6.65,11-30-2020,Standard Chartered
2023,2019-09-04,7.2,11-30-2020,Standard Chartered
2023,2019-10-07,7.2,11-30-2020,Standard Chartered
2023,2019-12-03,7.2,11-30-2020,Standard Chartered
2023,2019-12-18,7.2,11-30-2020,Standard Chartered
2023,2020-02-14,7.2,11-30-2020,Standard Chartered
2023,2020-11-03,7.2,11-30-2020,Standard Chartered
2023,2020-11-10,7.2,11-30-2020,Standard Chartered
2024,2019-04-09,7.1,11-30-2020,Standard Chartered
2024,2020-02-14,7.1,11-30-2020,Standard Chartered
2024,2020-11-03,7.1,11-30-2020,Standard Chartered
2024,2020-11-10,7.1,11-30-2020,Standard Chartered
Q1-07,2006-03-01,7.75,02-28-2007,Standard Chartered
Q1-07,2006-04-03,7.75,02-28-2007,Standard Chartered
Q1-07,2006-04-21,7.75,02-28-2007,Standard Chartered
Q1-07,2006-05-04,7.75,02-28-2007,Standard Chartered
Q1-07,2006-06-09,7.75,02-28-2007,Standard Chartered
Q1-07,2006-08-04,7.78,02-28-2007,Standard Chartered
Q1-07,2006-09-13,7.78,02-28-2007,Standard Chartered
Q1-07,2006-10-19,7.8,02-28-2007,Standard Chartered
Q1-07,2006-11-01,7.78,02-28-2007,Standard Chartered
Q1-07,2006-12-07,7.78,02-28-2007,Standard Chartered
Q1-07,2007-01-12,7.7,02-28-2007,Standard Chartered
Q2-07,2006-04-03,7.75,02-28-2007,Standard Chartered
Q2-07,2006-04-21,7.75,02-28-2007,Standard Chartered
Q2-07,2006-05-04,7.75,02-28-2007,Standard Chartered
Q2-07,2006-06-09,7.75,02-28-2007,Standard Chartered
Q2-07,2006-08-04,7.75,02-28-2007,Standard Chartered
Q2-07,2006-09-13,7.75,02-28-2007,Standard Chartered
Q2-07,2006-10-19,7.78,02-28-2007,Standard Chartered
Q2-07,2006-11-01,7.75,02-28-2007,Standard Chartered
Q2-07,2006-12-07,7.75,02-28-2007,Standard Chartered
Q2-07,2007-01-12,7.67,02-28-2007,Standard Chartered
Q3-07,2006-08-04,7.65,02-28-2007,Standard Chartered
Q3-07,2006-09-13,7.65,02-28-2007,Standard Chartered
Q3-07,2006-10-19,7.75,02-28-2007,Standard Chartered
Q3-07,2006-11-01,7.65,02-28-2007,Standard Chartered
Q3-07,2006-12-07,7.65,02-28-2007,Standard Chartered
Q3-07,2007-01-12,7.59,02-28-2007,Standard Chartered
Q4-07,2006-10-19,7.65,02-28-2007,Standard Chartered
Q4-07,2006-11-01,7.56,02-28-2007,Standard Chartered
Q4-07,2006-12-07,7.56,02-28-2007,Standard Chartered
Q4-07,2007-01-12,7.49,02-28-2007,Standard Chartered
2008,2006-10-19,7.56,02-28-2007,Standard Chartered
Q4-21,2019-12-03,7.35,11-30-2021,Standard Chartered
Q4-21,2019-12-18,7.35,11-30-2021,Standard Chartered
Q4-21,2020-02-14,7.35,11-30-2021,Standard Chartered
Q4-21,2020-11-03,7.35,11-30-2021,Standard Chartered
Q4-21,2020-11-10,7.35,11-30-2021,Standard Chartered
Q4-21,2020-12-22,6.45,11-30-2021,Standard Chartered
Q4-21,2021-04-08,6.45,11-30-2021,Standard Chartered
Q1-22,2021-04-08,6.5,11-30-2021,Standard Chartered
2022,2019-12-03,7.3,11-30-2021,Standard Chartered
2022,2019-12-18,7.3,11-30-2021,Standard Chartered
2022,2020-02-14,7.3,11-30-2021,Standard Chartered
2022,2020-11-03,7.3,11-30-2021,Standard Chartered
2022,2020-11-10,7.3,11-30-2021,Standard Chartered
2022,2020-12-22,6.5,11-30-2021,Standard Chartered
2022,2021-04-08,6.5,11-30-2021,Standard Chartered
2023,2019-12-03,7.2,11-30-2021,Standard Chartered
2023,2019-12-18,7.2,11-30-2021,Standard Chartered
2023,2020-02-14,7.2,11-30-2021,Standard Chartered
2023,2020-11-03,7.2,11-30-2021,Standard Chartered
2023,2020-11-10,7.2,11-30-2021,Standard Chartered
2023,2020-12-22,6.6,11-30-2021,Standard Chartered
2023,2021-04-08,6.6,11-30-2021,Standard Chartered
2024,2020-02-14,7.1,11-30-2021,Standard Chartered
2024,2020-11-03,7.1,11-30-2021,Standard Chartered
2024,2020-11-10,7.1,11-30-2021,Standard Chartered
2024,2020-12-22,6.65,11-30-2021,Standard Chartered
2024,2021-04-08,6.65,11-30-2021,Standard Chartered
2025,2019-12-03,7.0,11-30-2021,Standard Chartered
2025,2019-12-18,7.0,11-30-2021,Standard Chartered
2025,2020-02-14,7.0,11-30-2021,Standard Chartered
2025,2020-11-03,7.0,11-30-2021,Standard Chartered
2025,2020-11-10,7.0,11-30-2021,Standard Chartered
2025,2020-12-22,6.7,11-30-2021,Standard Chartered
2025,2021-04-08,6.7,11-30-2021,Standard Chartered
Q3-17,2016-09-02,6.63,08-31-2017,Standard Chartered
Q3-17,2016-10-05,6.63,08-31-2017,Standard Chartered
Q3-17,2016-11-16,7.02,08-31-2017,Standard Chartered
Q3-17,2016-11-24,7.02,08-31-2017,Standard Chartered
Q3-17,2017-01-17,7.02,08-31-2017,Standard Chartered
Q3-17,2017-03-08,7.04,08-31-2017,Standard Chartered
Q3-17,2017-04-17,6.97,08-31-2017,Standard Chartered
Q3-17,2017-05-04,6.97,08-31-2017,Standard Chartered
Q3-17,2017-06-02,6.97,08-31-2017,Standard Chartered
Q3-17,2017-06-20,6.97,08-31-2017,Standard Chartered
Q3-17,2017-07-24,6.97,08-31-2017,Standard Chartered
Q3-17,2017-08-18,6.76,08-31-2017,Standard Chartered
Q4-17,2015-08-31,6.1,08-31-2017,Standard Chartered
Q4-17,2015-09-29,6.3,08-31-2017,Standard Chartered
Q4-17,2015-11-30,6.3,08-31-2017,Standard Chartered
Q4-17,2015-12-22,6.3,08-31-2017,Standard Chartered
Q4-17,2016-01-18,6.56,08-31-2017,Standard Chartered
Q4-17,2016-03-23,6.56,08-31-2017,Standard Chartered
Q4-17,2016-06-30,6.67,08-31-2017,Standard Chartered
Q4-17,2016-11-16,7.06,08-31-2017,Standard Chartered
Q4-17,2016-11-24,7.06,08-31-2017,Standard Chartered
Q4-17,2017-01-17,7.06,08-31-2017,Standard Chartered
Q4-17,2017-03-08,7.06,08-31-2017,Standard Chartered
Q4-17,2017-04-17,6.99,08-31-2017,Standard Chartered
Q4-17,2017-05-04,6.99,08-31-2017,Standard Chartered
Q4-17,2017-06-02,6.99,08-31-2017,Standard Chartered
Q4-17,2017-06-20,6.99,08-31-2017,Standard Chartered
Q4-17,2017-07-24,6.99,08-31-2017,Standard Chartered
Q4-17,2017-08-18,6.82,08-31-2017,Standard Chartered
Q1-18,2017-04-17,7.02,08-31-2017,Standard Chartered
Q1-18,2017-05-04,7.02,08-31-2017,Standard Chartered
Q1-18,2017-06-02,7.02,08-31-2017,Standard Chartered
Q1-18,2017-06-20,7.02,08-31-2017,Standard Chartered
Q1-18,2017-07-24,7.02,08-31-2017,Standard Chartered
Q1-18,2017-08-18,6.85,08-31-2017,Standard Chartered
Q2-18,2017-06-02,7.05,08-31-2017,Standard Chartered
Q2-18,2017-06-20,7.05,08-31-2017,Standard Chartered
Q2-18,2017-07-24,7.05,08-31-2017,Standard Chartered
Q2-18,2017-08-18,6.9,08-31-2017,Standard Chartered
2018,2015-08-31,6.05,08-31-2017,Standard Chartered
2018,2015-09-29,6.2,08-31-2017,Standard Chartered
2018,2015-11-30,6.2,08-31-2017,Standard Chartered
2018,2015-12-22,6.2,08-31-2017,Standard Chartered
2018,2017-01-17,7.1,08-31-2017,Standard Chartered
2018,2017-03-08,7.1,08-31-2017,Standard Chartered
2018,2017-06-02,6.97,08-31-2017,Standard Chartered
2018,2017-06-20,6.97,08-31-2017,Standard Chartered
2018,2017-07-24,6.97,08-31-2017,Standard Chartered
2018,2017-08-18,6.8,08-31-2017,Standard Chartered
2019,2015-08-31,6.0,08-31-2017,Standard Chartered
2019,2015-09-29,6.1,08-31-2017,Standard Chartered
2019,2015-11-30,6.1,08-31-2017,Standard Chartered
2019,2015-12-22,6.1,08-31-2017,Standard Chartered
2019,2017-01-17,7.0,08-31-2017,Standard Chartered
2019,2017-03-08,7.0,08-31-2017,Standard Chartered
2019,2017-06-02,6.92,08-31-2017,Standard Chartered
2019,2017-06-20,6.92,08-31-2017,Standard Chartered
2019,2017-07-24,6.92,08-31-2017,Standard Chartered
2019,2017-08-18,6.8,08-31-2017,Standard Chartered
2020,2015-08-31,5.95,08-31-2017,Standard Chartered
2020,2015-09-29,6.0,08-31-2017,Standard Chartered
2020,2015-11-30,6.0,08-31-2017,Standard Chartered
2020,2015-12-22,6.0,08-31-2017,Standard Chartered
2020,2017-03-08,6.95,08-31-2017,Standard Chartered
2020,2017-06-02,6.87,08-31-2017,Standard Chartered
2020,2017-06-20,6.87,08-31-2017,Standard Chartered
2020,2017-07-24,6.87,08-31-2017,Standard Chartered
2020,2017-08-18,6.75,08-31-2017,Standard Chartered
2021,2017-03-08,6.9,08-31-2017,Standard Chartered
2021,2017-06-02,6.82,08-31-2017,Standard Chartered
2021,2017-06-20,6.82,08-31-2017,Standard Chartered
2021,2017-07-24,6.82,08-31-2017,Standard Chartered
2021,2017-08-18,6.75,08-31-2017,Standard Chartered
Q1-10,2009-01-14,6.85,02-28-2010,Standard Chartered
Q1-10,2009-04-30,6.85,02-28-2010,Standard Chartered
Q1-10,2009-06-09,6.85,02-28-2010,Standard Chartered
Q1-10,2009-06-26,6.85,02-28-2010,Standard Chartered
Q1-10,2009-07-27,6.85,02-28-2010,Standard Chartered
Q1-10,2009-08-05,6.85,02-28-2010,Standard Chartered
Q1-10,2009-08-06,6.85,02-28-2010,Standard Chartered
Q1-10,2009-08-28,6.85,02-28-2010,Standard Chartered
Q1-10,2009-09-08,6.85,02-28-2010,Standard Chartered
Q1-10,2009-09-10,6.85,02-28-2010,Standard Chartered
Q1-10,2009-09-18,6.85,02-28-2010,Standard Chartered
Q1-10,2009-10-23,6.83,02-28-2010,Standard Chartered
Q1-10,2009-11-23,6.83,02-28-2010,Standard Chartered
Q1-10,2009-12-04,6.83,02-28-2010,Standard Chartered
Q1-10,2009-12-11,6.83,02-28-2010,Standard Chartered
Q1-10,2009-12-18,6.83,02-28-2010,Standard Chartered
Q1-10,2010-01-28,6.83,02-28-2010,Standard Chartered
Q1-10,2010-02-17,6.83,02-28-2010,Standard Chartered
Q2-10,2009-07-27,6.82,02-28-2010,Standard Chartered
Q2-10,2009-08-28,6.82,02-28-2010,Standard Chartered
Q2-10,2009-09-08,6.82,02-28-2010,Standard Chartered
Q2-10,2009-10-23,6.84,02-28-2010,Standard Chartered
Q2-10,2009-11-23,6.82,02-28-2010,Standard Chartered
Q2-10,2009-12-04,6.82,02-28-2010,Standard Chartered
Q2-10,2009-12-11,6.82,02-28-2010,Standard Chartered
Q2-10,2009-12-18,6.82,02-28-2010,Standard Chartered
Q2-10,2010-01-28,6.82,02-28-2010,Standard Chartered
Q2-10,2010-02-17,6.82,02-28-2010,Standard Chartered
Q3-10,2009-07-27,6.8,02-28-2010,Standard Chartered
Q3-10,2009-11-23,6.78,02-28-2010,Standard Chartered
Q3-10,2009-12-11,6.78,02-28-2010,Standard Chartered
Q3-10,2009-12-18,6.78,02-28-2010,Standard Chartered
Q3-10,2010-01-28,6.78,02-28-2010,Standard Chartered
Q3-10,2010-02-17,6.78,02-28-2010,Standard Chartered
Q4-10,2008-04-29,5.6,02-28-2010,Standard Chartered
Q4-10,2009-07-27,6.78,02-28-2010,Standard Chartered
Q4-10,2009-08-05,6.78,02-28-2010,Standard Chartered
Q4-10,2009-08-06,6.78,02-28-2010,Standard Chartered
Q4-10,2009-09-10,6.78,02-28-2010,Standard Chartered
Q4-10,2009-09-18,6.78,02-28-2010,Standard Chartered
Q4-10,2009-10-23,6.78,02-28-2010,Standard Chartered
Q4-10,2009-11-23,6.7,02-28-2010,Standard Chartered
Q4-10,2009-12-04,6.7,02-28-2010,Standard Chartered
Q4-10,2009-12-11,6.7,02-28-2010,Standard Chartered
Q4-10,2009-12-18,6.7,02-28-2010,Standard Chartered
Q4-10,2010-01-28,6.7,02-28-2010,Standard Chartered
Q4-10,2010-02-17,6.7,02-28-2010,Standard Chartered
2011,2008-04-29,5.3,02-28-2010,Standard Chartered
2011,2009-07-27,6.0,02-28-2010,Standard Chartered
2012,2008-04-29,5.11,02-28-2010,Standard Chartered
2012,2009-07-27,5.6,02-28-2010,Standard Chartered
2013,2009-07-27,5.2,02-28-2010,Standard Chartered
Q4-17,2015-11-30,6.3,11-30-2017,Standard Chartered
Q4-17,2015-12-22,6.3,11-30-2017,Standard Chartered
Q4-17,2016-01-18,6.56,11-30-2017,Standard Chartered
Q4-17,2016-03-23,6.56,11-30-2017,Standard Chartered
Q4-17,2016-06-30,6.67,11-30-2017,Standard Chartered
Q4-17,2016-11-16,7.06,11-30-2017,Standard Chartered
Q4-17,2016-11-24,7.06,11-30-2017,Standard Chartered
Q4-17,2017-01-17,7.06,11-30-2017,Standard Chartered
Q4-17,2017-03-08,7.06,11-30-2017,Standard Chartered
Q4-17,2017-04-17,6.99,11-30-2017,Standard Chartered
Q4-17,2017-05-04,6.99,11-30-2017,Standard Chartered
Q4-17,2017-06-02,6.99,11-30-2017,Standard Chartered
Q4-17,2017-06-20,6.99,11-30-2017,Standard Chartered
Q4-17,2017-07-24,6.99,11-30-2017,Standard Chartered
Q4-17,2017-08-18,6.82,11-30-2017,Standard Chartered
Q4-17,2017-09-11,6.55,11-30-2017,Standard Chartered
Q4-17,2017-09-12,6.55,11-30-2017,Standard Chartered
Q4-17,2017-09-14,6.55,11-30-2017,Standard Chartered
Q4-17,2017-09-26,6.55,11-30-2017,Standard Chartered
Q4-17,2017-10-30,6.55,11-30-2017,Standard Chartered
Q1-18,2017-04-17,7.02,11-30-2017,Standard Chartered
Q1-18,2017-05-04,7.02,11-30-2017,Standard Chartered
Q1-18,2017-06-02,7.02,11-30-2017,Standard Chartered
Q1-18,2017-06-20,7.02,11-30-2017,Standard Chartered
Q1-18,2017-07-24,7.02,11-30-2017,Standard Chartered
Q1-18,2017-08-18,6.85,11-30-2017,Standard Chartered
Q1-18,2017-09-11,6.58,11-30-2017,Standard Chartered
Q1-18,2017-09-12,6.58,11-30-2017,Standard Chartered
Q1-18,2017-09-14,6.58,11-30-2017,Standard Chartered
Q1-18,2017-09-26,6.58,11-30-2017,Standard Chartered
Q1-18,2017-10-30,6.58,11-30-2017,Standard Chartered
Q2-18,2017-06-02,7.05,11-30-2017,Standard Chartered
Q2-18,2017-06-20,7.05,11-30-2017,Standard Chartered
Q2-18,2017-07-24,7.05,11-30-2017,Standard Chartered
Q2-18,2017-08-18,6.9,11-30-2017,Standard Chartered
Q2-18,2017-09-11,6.55,11-30-2017,Standard Chartered
Q2-18,2017-09-12,6.55,11-30-2017,Standard Chartered
Q2-18,2017-09-14,6.55,11-30-2017,Standard Chartered
Q2-18,2017-09-26,6.55,11-30-2017,Standard Chartered
Q2-18,2017-10-30,6.55,11-30-2017,Standard Chartered
Q3-18,2017-09-11,6.5,11-30-2017,Standard Chartered
Q3-18,2017-09-12,6.5,11-30-2017,Standard Chartered
Q3-18,2017-09-14,6.5,11-30-2017,Standard Chartered
Q3-18,2017-09-26,6.5,11-30-2017,Standard Chartered
Q3-18,2017-10-30,6.5,11-30-2017,Standard Chartered
2018,2015-11-30,6.2,11-30-2017,Standard Chartered
2018,2015-12-22,6.2,11-30-2017,Standard Chartered
2018,2017-01-17,7.1,11-30-2017,Standard Chartered
2018,2017-03-08,7.1,11-30-2017,Standard Chartered
2018,2017-06-02,6.97,11-30-2017,Standard Chartered
2018,2017-06-20,6.97,11-30-2017,Standard Chartered
2018,2017-07-24,6.97,11-30-2017,Standard Chartered
2018,2017-08-18,6.8,11-30-2017,Standard Chartered
2018,2017-09-11,6.45,11-30-2017,Standard Chartered
2018,2017-09-12,6.45,11-30-2017,Standard Chartered
2018,2017-09-14,6.45,11-30-2017,Standard Chartered
2018,2017-09-26,6.45,11-30-2017,Standard Chartered
2018,2017-10-30,6.45,11-30-2017,Standard Chartered
2019,2015-11-30,6.1,11-30-2017,Standard Chartered
2019,2015-12-22,6.1,11-30-2017,Standard Chartered
2019,2017-01-17,7.0,11-30-2017,Standard Chartered
2019,2017-03-08,7.0,11-30-2017,Standard Chartered
2019,2017-06-02,6.92,11-30-2017,Standard Chartered
2019,2017-06-20,6.92,11-30-2017,Standard Chartered
2019,2017-07-24,6.92,11-30-2017,Standard Chartered
2019,2017-08-18,6.8,11-30-2017,Standard Chartered
2019,2017-09-11,6.8,11-30-2017,Standard Chartered
2019,2017-09-12,6.8,11-30-2017,Standard Chartered
2019,2017-09-14,6.8,11-30-2017,Standard Chartered
2019,2017-09-26,6.8,11-30-2017,Standard Chartered
2019,2017-10-30,6.45,11-30-2017,Standard Chartered
2020,2015-11-30,6.0,11-30-2017,Standard Chartered
2020,2015-12-22,6.0,11-30-2017,Standard Chartered
2020,2017-03-08,6.95,11-30-2017,Standard Chartered
2020,2017-06-02,6.87,11-30-2017,Standard Chartered
2020,2017-06-20,6.87,11-30-2017,Standard Chartered
2020,2017-07-24,6.87,11-30-2017,Standard Chartered
2020,2017-08-18,6.75,11-30-2017,Standard Chartered
2020,2017-09-11,6.75,11-30-2017,Standard Chartered
2020,2017-09-12,6.75,11-30-2017,Standard Chartered
2020,2017-09-14,6.75,11-30-2017,Standard Chartered
2020,2017-09-26,6.75,11-30-2017,Standard Chartered
2020,2017-10-30,6.75,11-30-2017,Standard Chartered
2021,2017-03-08,6.9,11-30-2017,Standard Chartered
2021,2017-06-02,6.82,11-30-2017,Standard Chartered
2021,2017-06-20,6.82,11-30-2017,Standard Chartered
2021,2017-07-24,6.82,11-30-2017,Standard Chartered
2021,2017-08-18,6.75,11-30-2017,Standard Chartered
2021,2017-09-11,6.75,11-30-2017,Standard Chartered
2021,2017-09-12,6.75,11-30-2017,Standard Chartered
2021,2017-09-14,6.75,11-30-2017,Standard Chartered
2021,2017-09-26,6.75,11-30-2017,Standard Chartered
2021,2017-10-30,6.75,11-30-2017,Standard Chartered
Q3-21,2020-11-03,7.15,08-31-2021,Standard Chartered
Q3-21,2020-11-10,7.15,08-31-2021,Standard Chartered
Q3-21,2020-12-22,6.4,08-31-2021,Standard Chartered
Q3-21,2021-04-08,6.4,08-31-2021,Standard Chartered
Q4-21,2019-09-04,7.35,08-31-2021,Standard Chartered
Q4-21,2019-10-07,7.35,08-31-2021,Standard Chartered
Q4-21,2019-12-03,7.35,08-31-2021,Standard Chartered
Q4-21,2019-12-18,7.35,08-31-2021,Standard Chartered
Q4-21,2020-02-14,7.35,08-31-2021,Standard Chartered
Q4-21,2020-11-03,7.35,08-31-2021,Standard Chartered
Q4-21,2020-11-10,7.35,08-31-2021,Standard Chartered
Q4-21,2020-12-22,6.45,08-31-2021,Standard Chartered
Q4-21,2021-04-08,6.45,08-31-2021,Standard Chartered
Q1-22,2021-04-08,6.5,08-31-2021,Standard Chartered
2022,2019-09-04,7.3,08-31-2021,Standard Chartered
2022,2019-10-07,7.3,08-31-2021,Standard Chartered
2022,2019-12-03,7.3,08-31-2021,Standard Chartered
2022,2019-12-18,7.3,08-31-2021,Standard Chartered
2022,2020-02-14,7.3,08-31-2021,Standard Chartered
2022,2020-11-03,7.3,08-31-2021,Standard Chartered
2022,2020-11-10,7.3,08-31-2021,Standard Chartered
2022,2020-12-22,6.5,08-31-2021,Standard Chartered
2022,2021-04-08,6.5,08-31-2021,Standard Chartered
2023,2019-09-04,7.2,08-31-2021,Standard Chartered
2023,2019-10-07,7.2,08-31-2021,Standard Chartered
2023,2019-12-03,7.2,08-31-2021,Standard Chartered
2023,2019-12-18,7.2,08-31-2021,Standard Chartered
2023,2020-02-14,7.2,08-31-2021,Standard Chartered
2023,2020-11-03,7.2,08-31-2021,Standard Chartered
2023,2020-11-10,7.2,08-31-2021,Standard Chartered
2023,2020-12-22,6.6,08-31-2021,Standard Chartered
2023,2021-04-08,6.6,08-31-2021,Standard Chartered
2024,2020-02-14,7.1,08-31-2021,Standard Chartered
2024,2020-11-03,7.1,08-31-2021,Standard Chartered
2024,2020-11-10,7.1,08-31-2021,Standard Chartered
2024,2020-12-22,6.65,08-31-2021,Standard Chartered
2024,2021-04-08,6.65,08-31-2021,Standard Chartered
2025,2019-12-03,7.0,08-31-2021,Standard Chartered
2025,2019-12-18,7.0,08-31-2021,Standard Chartered
2025,2020-02-14,7.0,08-31-2021,Standard Chartered
2025,2020-11-03,7.0,08-31-2021,Standard Chartered
2025,2020-11-10,7.0,08-31-2021,Standard Chartered
2025,2020-12-22,6.7,08-31-2021,Standard Chartered
2025,2021-04-08,6.7,08-31-2021,Standard Chartered
Q2-10,2009-07-27,6.82,05-31-2010,Standard Chartered
Q2-10,2009-08-28,6.82,05-31-2010,Standard Chartered
Q2-10,2009-09-08,6.82,05-31-2010,Standard Chartered
Q2-10,2009-10-23,6.84,05-31-2010,Standard Chartered
Q2-10,2009-11-23,6.82,05-31-2010,Standard Chartered
Q2-10,2009-12-04,6.82,05-31-2010,Standard Chartered
Q2-10,2009-12-11,6.82,05-31-2010,Standard Chartered
Q2-10,2009-12-18,6.82,05-31-2010,Standard Chartered
Q2-10,2010-01-28,6.82,05-31-2010,Standard Chartered
Q2-10,2010-02-17,6.82,05-31-2010,Standard Chartered
Q2-10,2010-03-26,6.82,05-31-2010,Standard Chartered
Q2-10,2010-05-07,6.81,05-31-2010,Standard Chartered
Q2-10,2010-05-14,6.82,05-31-2010,Standard Chartered
Q3-10,2009-07-27,6.8,05-31-2010,Standard Chartered
Q3-10,2009-11-23,6.78,05-31-2010,Standard Chartered
Q3-10,2009-12-11,6.78,05-31-2010,Standard Chartered
Q3-10,2009-12-18,6.78,05-31-2010,Standard Chartered
Q3-10,2010-01-28,6.78,05-31-2010,Standard Chartered
Q3-10,2010-02-17,6.78,05-31-2010,Standard Chartered
Q3-10,2010-03-26,6.78,05-31-2010,Standard Chartered
Q3-10,2010-05-07,6.77,05-31-2010,Standard Chartered
Q3-10,2010-05-14,6.78,05-31-2010,Standard Chartered
Q4-10,2009-07-27,6.78,05-31-2010,Standard Chartered
Q4-10,2009-08-05,6.78,05-31-2010,Standard Chartered
Q4-10,2009-08-06,6.78,05-31-2010,Standard Chartered
Q4-10,2009-09-10,6.78,05-31-2010,Standard Chartered
Q4-10,2009-09-18,6.78,05-31-2010,Standard Chartered
Q4-10,2009-10-23,6.78,05-31-2010,Standard Chartered
Q4-10,2009-11-23,6.7,05-31-2010,Standard Chartered
Q4-10,2009-12-04,6.7,05-31-2010,Standard Chartered
Q4-10,2009-12-11,6.7,05-31-2010,Standard Chartered
Q4-10,2009-12-18,6.7,05-31-2010,Standard Chartered
Q4-10,2010-01-28,6.7,05-31-2010,Standard Chartered
Q4-10,2010-02-17,6.7,05-31-2010,Standard Chartered
Q4-10,2010-03-26,6.7,05-31-2010,Standard Chartered
Q4-10,2010-05-07,6.7,05-31-2010,Standard Chartered
Q4-10,2010-05-14,6.7,05-31-2010,Standard Chartered
Q1-11,2010-03-26,6.65,05-31-2010,Standard Chartered
Q1-11,2010-05-07,6.65,05-31-2010,Standard Chartered
Q1-11,2010-05-14,6.65,05-31-2010,Standard Chartered
2011,2009-07-27,6.0,05-31-2010,Standard Chartered
2011,2010-03-26,6.6,05-31-2010,Standard Chartered
2012,2009-07-27,5.6,05-31-2010,Standard Chartered
2013,2009-07-27,5.2,05-31-2010,Standard Chartered
Q1-17,2016-03-23,6.6,02-28-2017,Standard Chartered
Q1-17,2016-04-22,6.6,02-28-2017,Standard Chartered
Q1-17,2016-05-06,6.54,02-28-2017,Standard Chartered
Q1-17,2016-05-25,6.54,02-28-2017,Standard Chartered
Q1-17,2016-06-21,6.54,02-28-2017,Standard Chartered
Q1-17,2016-06-30,6.63,02-28-2017,Standard Chartered
Q1-17,2016-09-02,6.63,02-28-2017,Standard Chartered
Q1-17,2016-10-05,6.63,02-28-2017,Standard Chartered
Q1-17,2016-11-16,6.97,02-28-2017,Standard Chartered
Q1-17,2016-11-24,6.97,02-28-2017,Standard Chartered
Q1-17,2017-01-17,6.97,02-28-2017,Standard Chartered
Q2-17,2016-06-30,6.61,02-28-2017,Standard Chartered
Q2-17,2016-09-02,6.61,02-28-2017,Standard Chartered
Q2-17,2016-10-05,6.61,02-28-2017,Standard Chartered
Q2-17,2016-11-16,7.05,02-28-2017,Standard Chartered
Q2-17,2016-11-24,7.05,02-28-2017,Standard Chartered
Q2-17,2017-01-17,7.05,02-28-2017,Standard Chartered
Q3-17,2016-09-02,6.63,02-28-2017,Standard Chartered
Q3-17,2016-10-05,6.63,02-28-2017,Standard Chartered
Q3-17,2016-11-16,7.02,02-28-2017,Standard Chartered
Q3-17,2016-11-24,7.02,02-28-2017,Standard Chartered
Q3-17,2017-01-17,7.02,02-28-2017,Standard Chartered
Q4-17,2015-03-02,5.75,02-28-2017,Standard Chartered
Q4-17,2015-03-24,6.08,02-28-2017,Standard Chartered
Q4-17,2015-05-04,6.08,02-28-2017,Standard Chartered
Q4-17,2015-06-04,6.08,02-28-2017,Standard Chartered
Q4-17,2015-06-25,6.1,02-28-2017,Standard Chartered
Q4-17,2015-08-06,6.1,02-28-2017,Standard Chartered
Q4-17,2015-08-21,6.1,02-28-2017,Standard Chartered
Q4-17,2015-08-31,6.1,02-28-2017,Standard Chartered
Q4-17,2015-09-29,6.3,02-28-2017,Standard Chartered
Q4-17,2015-11-30,6.3,02-28-2017,Standard Chartered
Q4-17,2015-12-22,6.3,02-28-2017,Standard Chartered
Q4-17,2016-01-18,6.56,02-28-2017,Standard Chartered
Q4-17,2016-03-23,6.56,02-28-2017,Standard Chartered
Q4-17,2016-06-30,6.67,02-28-2017,Standard Chartered
Q4-17,2016-11-16,7.06,02-28-2017,Standard Chartered
Q4-17,2016-11-24,7.06,02-28-2017,Standard Chartered
Q4-17,2017-01-17,7.06,02-28-2017,Standard Chartered
2018,2015-03-02,5.7,02-28-2017,Standard Chartered
2018,2015-03-24,6.02,02-28-2017,Standard Chartered
2018,2015-05-04,6.02,02-28-2017,Standard Chartered
2018,2015-06-04,6.02,02-28-2017,Standard Chartered
2018,2015-06-25,6.05,02-28-2017,Standard Chartered
2018,2015-08-06,6.05,02-28-2017,Standard Chartered
2018,2015-08-21,6.05,02-28-2017,Standard Chartered
2018,2015-08-31,6.05,02-28-2017,Standard Chartered
2018,2015-09-29,6.2,02-28-2017,Standard Chartered
2018,2015-11-30,6.2,02-28-2017,Standard Chartered
2018,2015-12-22,6.2,02-28-2017,Standard Chartered
2018,2017-01-17,7.1,02-28-2017,Standard Chartered
2019,2015-03-24,5.95,02-28-2017,Standard Chartered
2019,2015-05-04,5.95,02-28-2017,Standard Chartered
2019,2015-06-04,5.95,02-28-2017,Standard Chartered
2019,2015-06-25,6.0,02-28-2017,Standard Chartered
2019,2015-08-06,6.0,02-28-2017,Standard Chartered
2019,2015-08-21,6.0,02-28-2017,Standard Chartered
2019,2015-08-31,6.0,02-28-2017,Standard Chartered
2019,2015-09-29,6.1,02-28-2017,Standard Chartered
2019,2015-11-30,6.1,02-28-2017,Standard Chartered
2019,2015-12-22,6.1,02-28-2017,Standard Chartered
2019,2017-01-17,7.0,02-28-2017,Standard Chartered
2020,2015-03-24,5.9,02-28-2017,Standard Chartered
2020,2015-05-04,5.9,02-28-2017,Standard Chartered
2020,2015-06-04,5.9,02-28-2017,Standard Chartered
2020,2015-06-25,5.95,02-28-2017,Standard Chartered
2020,2015-08-06,5.95,02-28-2017,Standard Chartered
2020,2015-08-21,5.95,02-28-2017,Standard Chartered
2020,2015-08-31,5.95,02-28-2017,Standard Chartered
2020,2015-09-29,6.0,02-28-2017,Standard Chartered
2020,2015-11-30,6.0,02-28-2017,Standard Chartered
2020,2015-12-22,6.0,02-28-2017,Standard Chartered
Q3-10,2009-07-27,6.8,08-31-2010,Standard Chartered
Q3-10,2009-11-23,6.78,08-31-2010,Standard Chartered
Q3-10,2009-12-11,6.78,08-31-2010,Standard Chartered
Q3-10,2009-12-18,6.78,08-31-2010,Standard Chartered
Q3-10,2010-01-28,6.78,08-31-2010,Standard Chartered
Q3-10,2010-02-17,6.78,08-31-2010,Standard Chartered
Q3-10,2010-03-26,6.78,08-31-2010,Standard Chartered
Q3-10,2010-05-07,6.77,08-31-2010,Standard Chartered
Q3-10,2010-05-14,6.78,08-31-2010,Standard Chartered
Q3-10,2010-06-28,6.77,08-31-2010,Standard Chartered
Q3-10,2010-07-02,6.77,08-31-2010,Standard Chartered
Q3-10,2010-07-22,6.7,08-31-2010,Standard Chartered
Q3-10,2010-07-30,6.7,08-31-2010,Standard Chartered
Q3-10,2010-08-06,6.7,08-31-2010,Standard Chartered
Q3-10,2010-08-13,6.7,08-31-2010,Standard Chartered
Q3-10,2010-08-20,6.7,08-31-2010,Standard Chartered
Q3-10,2010-08-27,6.7,08-31-2010,Standard Chartered
Q3-10,2010-08-30,6.7,08-31-2010,Standard Chartered
Q4-10,2009-07-27,6.78,08-31-2010,Standard Chartered
Q4-10,2009-08-05,6.78,08-31-2010,Standard Chartered
Q4-10,2009-08-06,6.78,08-31-2010,Standard Chartered
Q4-10,2009-09-10,6.78,08-31-2010,Standard Chartered
Q4-10,2009-09-18,6.78,08-31-2010,Standard Chartered
Q4-10,2009-10-23,6.78,08-31-2010,Standard Chartered
Q4-10,2009-11-23,6.7,08-31-2010,Standard Chartered
Q4-10,2009-12-04,6.7,08-31-2010,Standard Chartered
Q4-10,2009-12-11,6.7,08-31-2010,Standard Chartered
Q4-10,2009-12-18,6.7,08-31-2010,Standard Chartered
Q4-10,2010-01-28,6.7,08-31-2010,Standard Chartered
Q4-10,2010-02-17,6.7,08-31-2010,Standard Chartered
Q4-10,2010-03-26,6.7,08-31-2010,Standard Chartered
Q4-10,2010-05-07,6.7,08-31-2010,Standard Chartered
Q4-10,2010-05-14,6.7,08-31-2010,Standard Chartered
Q4-10,2010-06-28,6.7,08-31-2010,Standard Chartered
Q4-10,2010-07-02,6.7,08-31-2010,Standard Chartered
Q4-10,2010-07-22,6.63,08-31-2010,Standard Chartered
Q4-10,2010-07-30,6.63,08-31-2010,Standard Chartered
Q4-10,2010-08-06,6.63,08-31-2010,Standard Chartered
Q4-10,2010-08-13,6.63,08-31-2010,Standard Chartered
Q4-10,2010-08-20,6.63,08-31-2010,Standard Chartered
Q4-10,2010-08-27,6.63,08-31-2010,Standard Chartered
Q4-10,2010-08-30,6.63,08-31-2010,Standard Chartered
Q1-11,2010-03-26,6.65,08-31-2010,Standard Chartered
Q1-11,2010-05-07,6.65,08-31-2010,Standard Chartered
Q1-11,2010-05-14,6.65,08-31-2010,Standard Chartered
Q1-11,2010-06-28,6.63,08-31-2010,Standard Chartered
Q1-11,2010-07-02,6.63,08-31-2010,Standard Chartered
Q1-11,2010-07-22,6.56,08-31-2010,Standard Chartered
Q1-11,2010-07-30,6.56,08-31-2010,Standard Chartered
Q1-11,2010-08-06,6.56,08-31-2010,Standard Chartered
Q1-11,2010-08-13,6.56,08-31-2010,Standard Chartered
Q1-11,2010-08-20,6.56,08-31-2010,Standard Chartered
Q1-11,2010-08-27,6.56,08-31-2010,Standard Chartered
Q1-11,2010-08-30,6.56,08-31-2010,Standard Chartered
Q2-11,2010-05-07,6.6,08-31-2010,Standard Chartered
Q2-11,2010-06-28,6.56,08-31-2010,Standard Chartered
Q2-11,2010-07-02,6.56,08-31-2010,Standard Chartered
Q2-11,2010-07-22,6.49,08-31-2010,Standard Chartered
Q2-11,2010-07-30,6.49,08-31-2010,Standard Chartered
Q2-11,2010-08-06,6.49,08-31-2010,Standard Chartered
Q2-11,2010-08-13,6.49,08-31-2010,Standard Chartered
Q2-11,2010-08-20,6.49,08-31-2010,Standard Chartered
Q2-11,2010-08-27,6.49,08-31-2010,Standard Chartered
2011,2009-07-27,6.0,08-31-2010,Standard Chartered
2011,2010-03-26,6.6,08-31-2010,Standard Chartered
2011,2010-06-28,6.4,08-31-2010,Standard Chartered
2011,2010-07-02,6.4,08-31-2010,Standard Chartered
2011,2010-07-22,6.3,08-31-2010,Standard Chartered
2011,2010-07-30,6.35,08-31-2010,Standard Chartered
2011,2010-08-06,6.35,08-31-2010,Standard Chartered
2011,2010-08-13,6.35,08-31-2010,Standard Chartered
2011,2010-08-20,6.35,08-31-2010,Standard Chartered
2011,2010-08-27,6.35,08-31-2010,Standard Chartered
2011,2010-08-30,6.35,08-31-2010,Standard Chartered
2012,2009-07-27,5.6,08-31-2010,Standard Chartered
2012,2010-06-28,6.19,08-31-2010,Standard Chartered
2012,2010-07-02,6.19,08-31-2010,Standard Chartered
2013,2009-07-27,5.2,08-31-2010,Standard Chartered
2013,2010-06-28,5.97,08-31-2010,Standard Chartered
2013,2010-07-02,5.97,08-31-2010,Standard Chartered
2014,2010-06-28,5.68,08-31-2010,Standard Chartered
2014,2010-07-02,5.68,08-31-2010,Standard Chartered
Q3-06,2006-03-01,7.88,08-31-2006,Standard Chartered
Q3-06,2006-04-03,7.88,08-31-2006,Standard Chartered
Q3-06,2006-04-21,7.88,08-31-2006,Standard Chartered
Q3-06,2006-05-04,7.88,08-31-2006,Standard Chartered
Q3-06,2006-06-09,7.88,08-31-2006,Standard Chartered
Q3-06,2006-08-04,7.88,08-31-2006,Standard Chartered
Q4-06,2006-03-01,7.8,08-31-2006,Standard Chartered
Q4-06,2006-04-03,7.8,08-31-2006,Standard Chartered
Q4-06,2006-04-21,7.8,08-31-2006,Standard Chartered
Q4-06,2006-05-04,7.8,08-31-2006,Standard Chartered
Q4-06,2006-06-09,7.8,08-31-2006,Standard Chartered
Q4-06,2006-08-04,7.8,08-31-2006,Standard Chartered
Q1-07,2006-03-01,7.75,08-31-2006,Standard Chartered
Q1-07,2006-04-03,7.75,08-31-2006,Standard Chartered
Q1-07,2006-04-21,7.75,08-31-2006,Standard Chartered
Q1-07,2006-05-04,7.75,08-31-2006,Standard Chartered
Q1-07,2006-06-09,7.75,08-31-2006,Standard Chartered
Q1-07,2006-08-04,7.78,08-31-2006,Standard Chartered
Q2-07,2006-04-03,7.75,08-31-2006,Standard Chartered
Q2-07,2006-04-21,7.75,08-31-2006,Standard Chartered
Q2-07,2006-05-04,7.75,08-31-2006,Standard Chartered
Q2-07,2006-06-09,7.75,08-31-2006,Standard Chartered
Q2-07,2006-08-04,7.75,08-31-2006,Standard Chartered
Q2-21,2020-11-03,7.15,05-31-2021,Standard Chartered
Q2-21,2020-11-10,7.15,05-31-2021,Standard Chartered
Q2-21,2020-12-22,6.3,05-31-2021,Standard Chartered
Q2-21,2021-04-08,6.3,05-31-2021,Standard Chartered
Q3-21,2020-11-03,7.15,05-31-2021,Standard Chartered
Q3-21,2020-11-10,7.15,05-31-2021,Standard Chartered
Q3-21,2020-12-22,6.4,05-31-2021,Standard Chartered
Q3-21,2021-04-08,6.4,05-31-2021,Standard Chartered
Q4-21,2019-05-31,6.6,05-31-2021,Standard Chartered
Q4-21,2019-08-13,6.6,05-31-2021,Standard Chartered
Q4-21,2019-09-04,7.35,05-31-2021,Standard Chartered
Q4-21,2019-10-07,7.35,05-31-2021,Standard Chartered
Q4-21,2019-12-03,7.35,05-31-2021,Standard Chartered
Q4-21,2019-12-18,7.35,05-31-2021,Standard Chartered
Q4-21,2020-02-14,7.35,05-31-2021,Standard Chartered
Q4-21,2020-11-03,7.35,05-31-2021,Standard Chartered
Q4-21,2020-11-10,7.35,05-31-2021,Standard Chartered
Q4-21,2020-12-22,6.45,05-31-2021,Standard Chartered
Q4-21,2021-04-08,6.45,05-31-2021,Standard Chartered
Q1-22,2021-04-08,6.5,05-31-2021,Standard Chartered
2022,2019-05-31,6.6,05-31-2021,Standard Chartered
2022,2019-08-13,6.6,05-31-2021,Standard Chartered
2022,2019-09-04,7.3,05-31-2021,Standard Chartered
2022,2019-10-07,7.3,05-31-2021,Standard Chartered
2022,2019-12-03,7.3,05-31-2021,Standard Chartered
2022,2019-12-18,7.3,05-31-2021,Standard Chartered
2022,2020-02-14,7.3,05-31-2021,Standard Chartered
2022,2020-11-03,7.3,05-31-2021,Standard Chartered
2022,2020-11-10,7.3,05-31-2021,Standard Chartered
2022,2020-12-22,6.5,05-31-2021,Standard Chartered
2022,2021-04-08,6.5,05-31-2021,Standard Chartered
2023,2019-05-31,6.65,05-31-2021,Standard Chartered
2023,2019-08-13,6.65,05-31-2021,Standard Chartered
2023,2019-09-04,7.2,05-31-2021,Standard Chartered
2023,2019-10-07,7.2,05-31-2021,Standard Chartered
2023,2019-12-03,7.2,05-31-2021,Standard Chartered
2023,2019-12-18,7.2,05-31-2021,Standard Chartered
2023,2020-02-14,7.2,05-31-2021,Standard Chartered
2023,2020-11-03,7.2,05-31-2021,Standard Chartered
2023,2020-11-10,7.2,05-31-2021,Standard Chartered
2023,2020-12-22,6.6,05-31-2021,Standard Chartered
2023,2021-04-08,6.6,05-31-2021,Standard Chartered
2024,2020-02-14,7.1,05-31-2021,Standard Chartered
2024,2020-11-03,7.1,05-31-2021,Standard Chartered
2024,2020-11-10,7.1,05-31-2021,Standard Chartered
2024,2020-12-22,6.65,05-31-2021,Standard Chartered
2024,2021-04-08,6.65,05-31-2021,Standard Chartered
2025,2019-12-03,7.0,05-31-2021,Standard Chartered
2025,2019-12-18,7.0,05-31-2021,Standard Chartered
2025,2020-02-14,7.0,05-31-2021,Standard Chartered
2025,2020-11-03,7.0,05-31-2021,Standard Chartered
2025,2020-11-10,7.0,05-31-2021,Standard Chartered
2025,2020-12-22,6.7,05-31-2021,Standard Chartered
2025,2021-04-08,6.7,05-31-2021,Standard Chartered
Q2-17,2016-06-30,6.61,05-31-2017,Standard Chartered
Q2-17,2016-09-02,6.61,05-31-2017,Standard Chartered
Q2-17,2016-10-05,6.61,05-31-2017,Standard Chartered
Q2-17,2016-11-16,7.05,05-31-2017,Standard Chartered
Q2-17,2016-11-24,7.05,05-31-2017,Standard Chartered
Q2-17,2017-01-17,7.05,05-31-2017,Standard Chartered
Q2-17,2017-03-08,7.02,05-31-2017,Standard Chartered
Q2-17,2017-04-17,6.94,05-31-2017,Standard Chartered
Q2-17,2017-05-04,6.94,05-31-2017,Standard Chartered
Q3-17,2016-09-02,6.63,05-31-2017,Standard Chartered
Q3-17,2016-10-05,6.63,05-31-2017,Standard Chartered
Q3-17,2016-11-16,7.02,05-31-2017,Standard Chartered
Q3-17,2016-11-24,7.02,05-31-2017,Standard Chartered
Q3-17,2017-01-17,7.02,05-31-2017,Standard Chartered
Q3-17,2017-03-08,7.04,05-31-2017,Standard Chartered
Q3-17,2017-04-17,6.97,05-31-2017,Standard Chartered
Q3-17,2017-05-04,6.97,05-31-2017,Standard Chartered
Q4-17,2015-06-04,6.08,05-31-2017,Standard Chartered
Q4-17,2015-06-25,6.1,05-31-2017,Standard Chartered
Q4-17,2015-08-06,6.1,05-31-2017,Standard Chartered
Q4-17,2015-08-21,6.1,05-31-2017,Standard Chartered
Q4-17,2015-08-31,6.1,05-31-2017,Standard Chartered
Q4-17,2015-09-29,6.3,05-31-2017,Standard Chartered
Q4-17,2015-11-30,6.3,05-31-2017,Standard Chartered
Q4-17,2015-12-22,6.3,05-31-2017,Standard Chartered
Q4-17,2016-01-18,6.56,05-31-2017,Standard Chartered
Q4-17,2016-03-23,6.56,05-31-2017,Standard Chartered
Q4-17,2016-06-30,6.67,05-31-2017,Standard Chartered
Q4-17,2016-11-16,7.06,05-31-2017,Standard Chartered
Q4-17,2016-11-24,7.06,05-31-2017,Standard Chartered
Q4-17,2017-01-17,7.06,05-31-2017,Standard Chartered
Q4-17,2017-03-08,7.06,05-31-2017,Standard Chartered
Q4-17,2017-04-17,6.99,05-31-2017,Standard Chartered
Q4-17,2017-05-04,6.99,05-31-2017,Standard Chartered
Q1-18,2017-04-17,7.02,05-31-2017,Standard Chartered
Q1-18,2017-05-04,7.02,05-31-2017,Standard Chartered
2018,2015-06-04,6.02,05-31-2017,Standard Chartered
2018,2015-06-25,6.05,05-31-2017,Standard Chartered
2018,2015-08-06,6.05,05-31-2017,Standard Chartered
2018,2015-08-21,6.05,05-31-2017,Standard Chartered
2018,2015-08-31,6.05,05-31-2017,Standard Chartered
2018,2015-09-29,6.2,05-31-2017,Standard Chartered
2018,2015-11-30,6.2,05-31-2017,Standard Chartered
2018,2015-12-22,6.2,05-31-2017,Standard Chartered
2018,2017-01-17,7.1,05-31-2017,Standard Chartered
2018,2017-03-08,7.1,05-31-2017,Standard Chartered
2019,2015-06-04,5.95,05-31-2017,Standard Chartered
2019,2015-06-25,6.0,05-31-2017,Standard Chartered
2019,2015-08-06,6.0,05-31-2017,Standard Chartered
2019,2015-08-21,6.0,05-31-2017,Standard Chartered
2019,2015-08-31,6.0,05-31-2017,Standard Chartered
2019,2015-09-29,6.1,05-31-2017,Standard Chartered
2019,2015-11-30,6.1,05-31-2017,Standard Chartered
2019,2015-12-22,6.1,05-31-2017,Standard Chartered
2019,2017-01-17,7.0,05-31-2017,Standard Chartered
2019,2017-03-08,7.0,05-31-2017,Standard Chartered
2020,2015-06-04,5.9,05-31-2017,Standard Chartered
2020,2015-06-25,5.95,05-31-2017,Standard Chartered
2020,2015-08-06,5.95,05-31-2017,Standard Chartered
2020,2015-08-21,5.95,05-31-2017,Standard Chartered
2020,2015-08-31,5.95,05-31-2017,Standard Chartered
2020,2015-09-29,6.0,05-31-2017,Standard Chartered
2020,2015-11-30,6.0,05-31-2017,Standard Chartered
2020,2015-12-22,6.0,05-31-2017,Standard Chartered
2020,2017-03-08,6.95,05-31-2017,Standard Chartered
2021,2017-03-08,6.9,05-31-2017,Standard Chartered
Q4-06,2006-03-01,7.8,11-30-2006,Standard Chartered
Q4-06,2006-04-03,7.8,11-30-2006,Standard Chartered
Q4-06,2006-04-21,7.8,11-30-2006,Standard Chartered
Q4-06,2006-05-04,7.8,11-30-2006,Standard Chartered
Q4-06,2006-06-09,7.8,11-30-2006,Standard Chartered
Q4-06,2006-08-04,7.8,11-30-2006,Standard Chartered
Q4-06,2006-09-13,7.8,11-30-2006,Standard Chartered
Q4-06,2006-10-19,7.9,11-30-2006,Standard Chartered
Q4-06,2006-11-01,7.8,11-30-2006,Standard Chartered
Q1-07,2006-03-01,7.75,11-30-2006,Standard Chartered
Q1-07,2006-04-03,7.75,11-30-2006,Standard Chartered
Q1-07,2006-04-21,7.75,11-30-2006,Standard Chartered
Q1-07,2006-05-04,7.75,11-30-2006,Standard Chartered
Q1-07,2006-06-09,7.75,11-30-2006,Standard Chartered
Q1-07,2006-08-04,7.78,11-30-2006,Standard Chartered
Q1-07,2006-09-13,7.78,11-30-2006,Standard Chartered
Q1-07,2006-10-19,7.8,11-30-2006,Standard Chartered
Q1-07,2006-11-01,7.78,11-30-2006,Standard Chartered
Q2-07,2006-04-03,7.75,11-30-2006,Standard Chartered
Q2-07,2006-04-21,7.75,11-30-2006,Standard Chartered
Q2-07,2006-05-04,7.75,11-30-2006,Standard Chartered
Q2-07,2006-06-09,7.75,11-30-2006,Standard Chartered
Q2-07,2006-08-04,7.75,11-30-2006,Standard Chartered
Q2-07,2006-09-13,7.75,11-30-2006,Standard Chartered
Q2-07,2006-10-19,7.78,11-30-2006,Standard Chartered
Q2-07,2006-11-01,7.75,11-30-2006,Standard Chartered
Q3-07,2006-08-04,7.65,11-30-2006,Standard Chartered
Q3-07,2006-09-13,7.65,11-30-2006,Standard Chartered
Q3-07,2006-10-19,7.75,11-30-2006,Standard Chartered
Q3-07,2006-11-01,7.65,11-30-2006,Standard Chartered
2007,2006-10-19,7.65,11-30-2006,Standard Chartered
2007,2006-11-01,7.56,11-30-2006,Standard Chartered
2008,2006-10-19,7.56,11-30-2006,Standard Chartered
Q1-21,2020-11-03,7.1,02-28-2021,Standard Chartered
Q1-21,2020-11-10,7.1,02-28-2021,Standard Chartered
Q1-21,2020-12-22,6.4,02-28-2021,Standard Chartered
Q2-21,2020-11-03,7.15,02-28-2021,Standard Chartered
Q2-21,2020-11-10,7.15,02-28-2021,Standard Chartered
Q2-21,2020-12-22,6.3,02-28-2021,Standard Chartered
Q3-21,2020-11-03,7.15,02-28-2021,Standard Chartered
Q3-21,2020-11-10,7.15,02-28-2021,Standard Chartered
Q3-21,2020-12-22,6.4,02-28-2021,Standard Chartered
Q4-21,2019-04-09,6.6,02-28-2021,Standard Chartered
Q4-21,2019-04-10,6.6,02-28-2021,Standard Chartered
Q4-21,2019-05-21,6.6,02-28-2021,Standard Chartered
Q4-21,2019-05-27,6.6,02-28-2021,Standard Chartered
Q4-21,2019-05-31,6.6,02-28-2021,Standard Chartered
Q4-21,2019-08-13,6.6,02-28-2021,Standard Chartered
Q4-21,2019-09-04,7.35,02-28-2021,Standard Chartered
Q4-21,2019-10-07,7.35,02-28-2021,Standard Chartered
Q4-21,2019-12-03,7.35,02-28-2021,Standard Chartered
Q4-21,2019-12-18,7.35,02-28-2021,Standard Chartered
Q4-21,2020-02-14,7.35,02-28-2021,Standard Chartered
Q4-21,2020-11-03,7.35,02-28-2021,Standard Chartered
Q4-21,2020-11-10,7.35,02-28-2021,Standard Chartered
Q4-21,2020-12-22,6.45,02-28-2021,Standard Chartered
2022,2019-04-09,6.6,02-28-2021,Standard Chartered
2022,2019-04-10,6.6,02-28-2021,Standard Chartered
2022,2019-05-21,6.6,02-28-2021,Standard Chartered
2022,2019-05-27,6.6,02-28-2021,Standard Chartered
2022,2019-05-31,6.6,02-28-2021,Standard Chartered
2022,2019-08-13,6.6,02-28-2021,Standard Chartered
2022,2019-09-04,7.35,02-28-2021,Standard Chartered
2022,2019-10-07,7.35,02-28-2021,Standard Chartered
2022,2019-12-03,7.35,02-28-2021,Standard Chartered
2022,2019-12-18,7.35,02-28-2021,Standard Chartered
2022,2020-02-14,7.35,02-28-2021,Standard Chartered
2022,2020-11-03,7.35,02-28-2021,Standard Chartered
2022,2020-11-10,7.35,02-28-2021,Standard Chartered
2022,2020-12-22,6.45,02-28-2021,Standard Chartered
2023,2019-04-09,6.65,02-28-2021,Standard Chartered
2023,2019-04-10,6.65,02-28-2021,Standard Chartered
2023,2019-05-21,6.65,02-28-2021,Standard Chartered
2023,2019-05-27,6.65,02-28-2021,Standard Chartered
2023,2019-05-31,6.65,02-28-2021,Standard Chartered
2023,2019-08-13,6.65,02-28-2021,Standard Chartered
2023,2019-09-04,7.2,02-28-2021,Standard Chartered
2023,2019-10-07,7.2,02-28-2021,Standard Chartered
2023,2019-12-03,7.2,02-28-2021,Standard Chartered
2023,2019-12-18,7.2,02-28-2021,Standard Chartered
2023,2020-02-14,7.2,02-28-2021,Standard Chartered
2023,2020-11-03,7.2,02-28-2021,Standard Chartered
2023,2020-11-10,7.2,02-28-2021,Standard Chartered
2023,2020-12-22,6.6,02-28-2021,Standard Chartered
2024,2019-04-09,7.1,02-28-2021,Standard Chartered
2024,2020-02-14,7.1,02-28-2021,Standard Chartered
2024,2020-11-03,7.1,02-28-2021,Standard Chartered
2024,2020-11-10,7.1,02-28-2021,Standard Chartered
2024,2020-12-22,6.65,02-28-2021,Standard Chartered
2025,2019-12-03,7.0,02-28-2021,Standard Chartered
2025,2019-12-18,7.0,02-28-2021,Standard Chartered
2025,2020-02-14,7.0,02-28-2021,Standard Chartered
2025,2020-11-03,7.0,02-28-2021,Standard Chartered
2025,2020-11-10,7.0,02-28-2021,Standard Chartered
2025,2020-12-22,6.7,02-28-2021,Standard Chartered
Q4-10,2009-07-27,6.78,11-30-2010,Standard Chartered
Q4-10,2009-08-05,6.78,11-30-2010,Standard Chartered
Q4-10,2009-08-06,6.78,11-30-2010,Standard Chartered
Q4-10,2009-09-10,6.78,11-30-2010,Standard Chartered
Q4-10,2009-09-18,6.78,11-30-2010,Standard Chartered
Q4-10,2009-10-23,6.78,11-30-2010,Standard Chartered
Q4-10,2009-11-23,6.7,11-30-2010,Standard Chartered
Q4-10,2009-12-04,6.7,11-30-2010,Standard Chartered
Q4-10,2009-12-11,6.7,11-30-2010,Standard Chartered
Q4-10,2009-12-18,6.7,11-30-2010,Standard Chartered
Q4-10,2010-01-28,6.7,11-30-2010,Standard Chartered
Q4-10,2010-02-17,6.7,11-30-2010,Standard Chartered
Q4-10,2010-03-26,6.7,11-30-2010,Standard Chartered
Q4-10,2010-05-07,6.7,11-30-2010,Standard Chartered
Q4-10,2010-05-14,6.7,11-30-2010,Standard Chartered
Q4-10,2010-06-28,6.7,11-30-2010,Standard Chartered
Q4-10,2010-07-02,6.7,11-30-2010,Standard Chartered
Q4-10,2010-07-22,6.63,11-30-2010,Standard Chartered
Q4-10,2010-07-30,6.63,11-30-2010,Standard Chartered
Q4-10,2010-08-06,6.63,11-30-2010,Standard Chartered
Q4-10,2010-08-13,6.63,11-30-2010,Standard Chartered
Q4-10,2010-08-20,6.63,11-30-2010,Standard Chartered
Q4-10,2010-08-27,6.63,11-30-2010,Standard Chartered
Q4-10,2010-08-30,6.63,11-30-2010,Standard Chartered
Q4-10,2010-09-03,6.63,11-30-2010,Standard Chartered
Q4-10,2010-09-08,6.75,11-30-2010,Standard Chartered
Q4-10,2010-09-10,6.63,11-30-2010,Standard Chartered
Q4-10,2010-09-17,6.63,11-30-2010,Standard Chartered
Q4-10,2010-09-24,6.63,11-30-2010,Standard Chartered
Q4-10,2010-10-01,6.64,11-30-2010,Standard Chartered
Q4-10,2010-10-08,6.64,11-30-2010,Standard Chartered
Q4-10,2010-10-15,6.64,11-30-2010,Standard Chartered
Q4-10,2010-10-22,6.64,11-30-2010,Standard Chartered
Q4-10,2010-10-25,6.64,11-30-2010,Standard Chartered
Q4-10,2010-10-29,6.64,11-30-2010,Standard Chartered
Q4-10,2010-11-05,6.64,11-30-2010,Standard Chartered
Q4-10,2010-11-12,6.64,11-30-2010,Standard Chartered
Q4-10,2010-11-19,6.64,11-30-2010,Standard Chartered
Q4-10,2010-11-26,6.59,11-30-2010,Standard Chartered
Q4-10,2010-11-30,6.59,11-30-2010,Standard Chartered
Q1-11,2010-03-26,6.65,11-30-2010,Standard Chartered
Q1-11,2010-05-07,6.65,11-30-2010,Standard Chartered
Q1-11,2010-05-14,6.65,11-30-2010,Standard Chartered
Q1-11,2010-06-28,6.63,11-30-2010,Standard Chartered
Q1-11,2010-07-02,6.63,11-30-2010,Standard Chartered
Q1-11,2010-07-22,6.56,11-30-2010,Standard Chartered
Q1-11,2010-07-30,6.56,11-30-2010,Standard Chartered
Q1-11,2010-08-06,6.56,11-30-2010,Standard Chartered
Q1-11,2010-08-13,6.56,11-30-2010,Standard Chartered
Q1-11,2010-08-20,6.56,11-30-2010,Standard Chartered
Q1-11,2010-08-27,6.56,11-30-2010,Standard Chartered
Q1-11,2010-08-30,6.56,11-30-2010,Standard Chartered
Q1-11,2010-09-03,6.56,11-30-2010,Standard Chartered
Q1-11,2010-09-08,6.71,11-30-2010,Standard Chartered
Q1-11,2010-09-10,6.56,11-30-2010,Standard Chartered
Q1-11,2010-09-17,6.56,11-30-2010,Standard Chartered
Q1-11,2010-09-24,6.56,11-30-2010,Standard Chartered
Q1-11,2010-10-01,6.57,11-30-2010,Standard Chartered
Q1-11,2010-10-08,6.57,11-30-2010,Standard Chartered
Q1-11,2010-10-15,6.57,11-30-2010,Standard Chartered
Q1-11,2010-10-22,6.57,11-30-2010,Standard Chartered
Q1-11,2010-10-25,6.57,11-30-2010,Standard Chartered
Q1-11,2010-10-29,6.57,11-30-2010,Standard Chartered
Q1-11,2010-11-05,6.57,11-30-2010,Standard Chartered
Q1-11,2010-11-12,6.57,11-30-2010,Standard Chartered
Q1-11,2010-11-19,6.57,11-30-2010,Standard Chartered
Q1-11,2010-11-26,6.49,11-30-2010,Standard Chartered
Q1-11,2010-11-30,6.49,11-30-2010,Standard Chartered
Q2-11,2010-05-07,6.6,11-30-2010,Standard Chartered
Q2-11,2010-06-28,6.56,11-30-2010,Standard Chartered
Q2-11,2010-07-02,6.56,11-30-2010,Standard Chartered
Q2-11,2010-07-22,6.49,11-30-2010,Standard Chartered
Q2-11,2010-07-30,6.49,11-30-2010,Standard Chartered
Q2-11,2010-08-06,6.49,11-30-2010,Standard Chartered
Q2-11,2010-08-13,6.49,11-30-2010,Standard Chartered
Q2-11,2010-08-20,6.49,11-30-2010,Standard Chartered
Q2-11,2010-08-27,6.49,11-30-2010,Standard Chartered
Q2-11,2010-09-03,6.49,11-30-2010,Standard Chartered
Q2-11,2010-09-08,6.64,11-30-2010,Standard Chartered
Q2-11,2010-09-10,6.49,11-30-2010,Standard Chartered
Q2-11,2010-09-17,6.49,11-30-2010,Standard Chartered
Q2-11,2010-09-24,6.49,11-30-2010,Standard Chartered
Q2-11,2010-10-01,6.5,11-30-2010,Standard Chartered
Q2-11,2010-10-08,6.5,11-30-2010,Standard Chartered
Q2-11,2010-10-15,6.5,11-30-2010,Standard Chartered
Q2-11,2010-10-22,6.5,11-30-2010,Standard Chartered
Q2-11,2010-10-25,6.5,11-30-2010,Standard Chartered
Q2-11,2010-10-29,6.5,11-30-2010,Standard Chartered
Q2-11,2010-11-05,6.5,11-30-2010,Standard Chartered
Q2-11,2010-11-12,6.5,11-30-2010,Standard Chartered
Q2-11,2010-11-19,6.5,11-30-2010,Standard Chartered
Q2-11,2010-11-26,6.37,11-30-2010,Standard Chartered
Q2-11,2010-11-30,6.37,11-30-2010,Standard Chartered
Q3-11,2010-07-22,6.42,11-30-2010,Standard Chartered
Q3-11,2010-07-30,6.42,11-30-2010,Standard Chartered
Q3-11,2010-08-06,6.42,11-30-2010,Standard Chartered
Q3-11,2010-08-13,6.42,11-30-2010,Standard Chartered
Q3-11,2010-08-20,6.42,11-30-2010,Standard Chartered
Q3-11,2010-08-27,6.42,11-30-2010,Standard Chartered
Q3-11,2010-09-03,6.42,11-30-2010,Standard Chartered
Q3-11,2010-09-08,6.57,11-30-2010,Standard Chartered
Q3-11,2010-09-10,6.42,11-30-2010,Standard Chartered
Q3-11,2010-09-17,6.42,11-30-2010,Standard Chartered
Q3-11,2010-09-24,6.42,11-30-2010,Standard Chartered
Q3-11,2010-10-01,6.43,11-30-2010,Standard Chartered
Q3-11,2010-10-08,6.43,11-30-2010,Standard Chartered
Q3-11,2010-10-15,6.43,11-30-2010,Standard Chartered
Q3-11,2010-10-22,6.43,11-30-2010,Standard Chartered
Q3-11,2010-10-25,6.43,11-30-2010,Standard Chartered
Q3-11,2010-10-29,6.43,11-30-2010,Standard Chartered
Q3-11,2010-11-05,6.43,11-30-2010,Standard Chartered
Q3-11,2010-11-12,6.43,11-30-2010,Standard Chartered
Q3-11,2010-11-19,6.43,11-30-2010,Standard Chartered
Q3-11,2010-11-26,6.28,11-30-2010,Standard Chartered
Q3-11,2010-11-30,6.28,11-30-2010,Standard Chartered
2011,2009-07-27,6.0,11-30-2010,Standard Chartered
2011,2010-03-26,6.6,11-30-2010,Standard Chartered
2011,2010-06-28,6.4,11-30-2010,Standard Chartered
2011,2010-07-02,6.4,11-30-2010,Standard Chartered
2011,2010-07-22,6.3,11-30-2010,Standard Chartered
2011,2010-07-30,6.35,11-30-2010,Standard Chartered
2011,2010-08-06,6.35,11-30-2010,Standard Chartered
2011,2010-08-13,6.35,11-30-2010,Standard Chartered
2011,2010-08-20,6.35,11-30-2010,Standard Chartered
2011,2010-08-27,6.35,11-30-2010,Standard Chartered
2011,2010-08-30,6.35,11-30-2010,Standard Chartered
2011,2010-09-03,6.35,11-30-2010,Standard Chartered
2011,2010-09-08,6.5,11-30-2010,Standard Chartered
2011,2010-09-10,6.35,11-30-2010,Standard Chartered
2011,2010-09-17,6.35,11-30-2010,Standard Chartered
2011,2010-09-24,6.35,11-30-2010,Standard Chartered
2011,2010-10-01,6.36,11-30-2010,Standard Chartered
2011,2010-10-08,6.36,11-30-2010,Standard Chartered
2011,2010-10-15,6.36,11-30-2010,Standard Chartered
2011,2010-10-22,6.36,11-30-2010,Standard Chartered
2011,2010-10-25,6.36,11-30-2010,Standard Chartered
2011,2010-10-29,6.36,11-30-2010,Standard Chartered
2011,2010-11-05,6.36,11-30-2010,Standard Chartered
2011,2010-11-12,6.36,11-30-2010,Standard Chartered
2011,2010-11-19,6.36,11-30-2010,Standard Chartered
2011,2010-11-26,6.2,11-30-2010,Standard Chartered
2011,2010-11-30,6.2,11-30-2010,Standard Chartered
2012,2009-07-27,5.6,11-30-2010,Standard Chartered
2012,2010-06-28,6.19,11-30-2010,Standard Chartered
2012,2010-07-02,6.19,11-30-2010,Standard Chartered
2012,2010-10-25,6.36,11-30-2010,Standard Chartered
2013,2009-07-27,5.2,11-30-2010,Standard Chartered
2013,2010-06-28,5.97,11-30-2010,Standard Chartered
2013,2010-07-02,5.97,11-30-2010,Standard Chartered
2014,2010-06-28,5.68,11-30-2010,Standard Chartered
2014,2010-07-02,5.68,11-30-2010,Standard Chartered
Q4-11,2010-03-26,6.6,11-30-2011,Standard Chartered
Q4-11,2010-06-28,6.4,11-30-2011,Standard Chartered
Q4-11,2010-07-02,6.4,11-30-2011,Standard Chartered
Q4-11,2010-07-22,6.3,11-30-2011,Standard Chartered
Q4-11,2010-07-30,6.35,11-30-2011,Standard Chartered
Q4-11,2010-08-06,6.35,11-30-2011,Standard Chartered
Q4-11,2010-08-13,6.35,11-30-2011,Standard Chartered
Q4-11,2010-08-20,6.35,11-30-2011,Standard Chartered
Q4-11,2010-08-27,6.35,11-30-2011,Standard Chartered
Q4-11,2010-08-30,6.35,11-30-2011,Standard Chartered
Q4-11,2010-09-03,6.35,11-30-2011,Standard Chartered
Q4-11,2010-09-08,6.5,11-30-2011,Standard Chartered
Q4-11,2010-09-10,6.35,11-30-2011,Standard Chartered
Q4-11,2010-09-17,6.35,11-30-2011,Standard Chartered
Q4-11,2010-09-24,6.35,11-30-2011,Standard Chartered
Q4-11,2010-10-01,6.36,11-30-2011,Standard Chartered
Q4-11,2010-10-08,6.36,11-30-2011,Standard Chartered
Q4-11,2010-10-15,6.36,11-30-2011,Standard Chartered
Q4-11,2010-10-22,6.36,11-30-2011,Standard Chartered
Q4-11,2010-10-25,6.36,11-30-2011,Standard Chartered
Q4-11,2010-10-29,6.36,11-30-2011,Standard Chartered
Q4-11,2010-11-05,6.36,11-30-2011,Standard Chartered
Q4-11,2010-11-12,6.36,11-30-2011,Standard Chartered
Q4-11,2010-11-19,6.36,11-30-2011,Standard Chartered
Q4-11,2010-11-26,6.2,11-30-2011,Standard Chartered
Q4-11,2010-11-30,6.2,11-30-2011,Standard Chartered
Q4-11,2010-12-02,6.2,11-30-2011,Standard Chartered
Q4-11,2010-12-10,6.2,11-30-2011,Standard Chartered
Q4-11,2010-12-31,6.2,11-30-2011,Standard Chartered
Q4-11,2011-01-14,6.2,11-30-2011,Standard Chartered
Q4-11,2011-01-21,6.2,11-30-2011,Standard Chartered
Q4-11,2011-01-28,6.2,11-30-2011,Standard Chartered
Q4-11,2011-02-04,6.2,11-30-2011,Standard Chartered
Q4-11,2011-02-11,6.2,11-30-2011,Standard Chartered
Q4-11,2011-03-18,6.2,11-30-2011,Standard Chartered
Q4-11,2011-04-08,0.7,11-30-2011,Standard Chartered
Q4-11,2011-04-11,6.3,11-30-2011,Standard Chartered
Q4-11,2011-04-15,6.3,11-30-2011,Standard Chartered
Q4-11,2011-04-22,6.3,11-30-2011,Standard Chartered
Q4-11,2011-04-29,6.3,11-30-2011,Standard Chartered
Q4-11,2011-05-06,6.3,11-30-2011,Standard Chartered
Q4-11,2011-05-12,6.3,11-30-2011,Standard Chartered
Q4-11,2011-05-13,6.25,11-30-2011,Standard Chartered
Q4-11,2011-06-03,6.25,11-30-2011,Standard Chartered
Q4-11,2011-06-10,6.25,11-30-2011,Standard Chartered
Q4-11,2011-06-17,6.28,11-30-2011,Standard Chartered
Q4-11,2011-06-24,6.28,11-30-2011,Standard Chartered
Q4-11,2011-07-01,6.35,11-30-2011,Standard Chartered
Q4-11,2011-07-08,6.28,11-30-2011,Standard Chartered
Q4-11,2011-07-15,6.28,11-30-2011,Standard Chartered
Q4-11,2011-07-22,6.28,11-30-2011,Standard Chartered
Q4-11,2011-07-29,6.31,11-30-2011,Standard Chartered
Q4-11,2011-08-12,6.31,11-30-2011,Standard Chartered
Q4-11,2011-08-31,6.31,11-30-2011,Standard Chartered
Q4-11,2011-09-30,6.31,11-30-2011,Standard Chartered
Q4-11,2011-11-04,6.31,11-30-2011,Standard Chartered
Q4-11,2011-11-30,6.32,11-30-2011,Standard Chartered
Q1-12,2011-04-08,0.72,11-30-2011,Standard Chartered
Q1-12,2011-04-15,6.25,11-30-2011,Standard Chartered
Q1-12,2011-04-22,6.25,11-30-2011,Standard Chartered
Q1-12,2011-04-29,6.25,11-30-2011,Standard Chartered
Q1-12,2011-05-06,6.25,11-30-2011,Standard Chartered
Q1-12,2011-05-12,6.25,11-30-2011,Standard Chartered
Q1-12,2011-05-13,6.2,11-30-2011,Standard Chartered
Q1-12,2011-06-03,6.2,11-30-2011,Standard Chartered
Q1-12,2011-06-10,6.2,11-30-2011,Standard Chartered
Q1-12,2011-06-17,6.23,11-30-2011,Standard Chartered
Q1-12,2011-06-24,6.23,11-30-2011,Standard Chartered
Q1-12,2011-07-01,6.28,11-30-2011,Standard Chartered
Q1-12,2011-07-08,6.23,11-30-2011,Standard Chartered
Q1-12,2011-07-15,6.23,11-30-2011,Standard Chartered
Q1-12,2011-07-22,6.23,11-30-2011,Standard Chartered
Q1-12,2011-07-29,6.24,11-30-2011,Standard Chartered
Q1-12,2011-08-12,6.24,11-30-2011,Standard Chartered
Q1-12,2011-08-31,6.24,11-30-2011,Standard Chartered
Q1-12,2011-09-30,6.24,11-30-2011,Standard Chartered
Q1-12,2011-11-04,6.24,11-30-2011,Standard Chartered
Q1-12,2011-11-30,6.28,11-30-2011,Standard Chartered
Q2-12,2011-04-08,6.2,11-30-2011,Standard Chartered
Q2-12,2011-06-17,6.2,11-30-2011,Standard Chartered
Q2-12,2011-06-24,6.2,11-30-2011,Standard Chartered
Q2-12,2011-07-01,6.23,11-30-2011,Standard Chartered
Q2-12,2011-07-08,6.2,11-30-2011,Standard Chartered
Q2-12,2011-07-15,6.2,11-30-2011,Standard Chartered
Q2-12,2011-07-22,6.2,11-30-2011,Standard Chartered
Q2-12,2011-07-29,6.18,11-30-2011,Standard Chartered
Q2-12,2011-08-12,6.18,11-30-2011,Standard Chartered
Q2-12,2011-08-31,6.18,11-30-2011,Standard Chartered
Q2-12,2011-09-30,6.18,11-30-2011,Standard Chartered
Q2-12,2011-11-04,6.18,11-30-2011,Standard Chartered
Q2-12,2011-11-30,6.24,11-30-2011,Standard Chartered
Q3-12,2011-08-31,6.12,11-30-2011,Standard Chartered
Q3-12,2011-09-30,6.12,11-30-2011,Standard Chartered
Q3-12,2011-11-04,6.12,11-30-2011,Standard Chartered
Q3-12,2011-11-30,6.18,11-30-2011,Standard Chartered
2012,2010-06-28,6.19,11-30-2011,Standard Chartered
2012,2010-07-02,6.19,11-30-2011,Standard Chartered
2012,2010-10-25,6.36,11-30-2011,Standard Chartered
2012,2011-02-11,6.2,11-30-2011,Standard Chartered
2012,2011-07-01,6.2,11-30-2011,Standard Chartered
2012,2011-07-29,6.06,11-30-2011,Standard Chartered
2012,2011-08-12,6.06,11-30-2011,Standard Chartered
2012,2011-08-31,6.06,11-30-2011,Standard Chartered
2012,2011-09-30,6.06,11-30-2011,Standard Chartered
2012,2011-11-04,6.06,11-30-2011,Standard Chartered
2012,2011-11-30,6.12,11-30-2011,Standard Chartered
2013,2010-06-28,5.97,11-30-2011,Standard Chartered
2013,2010-07-02,5.97,11-30-2011,Standard Chartered
2013,2011-07-01,6.28,11-30-2011,Standard Chartered
2014,2010-06-28,5.68,11-30-2011,Standard Chartered
2014,2010-07-02,5.68,11-30-2011,Standard Chartered
2015,2010-06-28,5.5,11-30-2011,Standard Chartered
2015,2010-07-02,5.5,11-30-2011,Standard Chartered
Q1-20,2019-04-09,6.7,02-28-2020,Standard Chartered
Q1-20,2019-04-10,6.7,02-28-2020,Standard Chartered
Q1-20,2019-05-21,6.7,02-28-2020,Standard Chartered
Q1-20,2019-05-27,6.7,02-28-2020,Standard Chartered
Q1-20,2019-05-31,6.7,02-28-2020,Standard Chartered
Q1-20,2019-08-13,6.7,02-28-2020,Standard Chartered
Q1-20,2019-09-04,7.28,02-28-2020,Standard Chartered
Q1-20,2019-10-07,7.28,02-28-2020,Standard Chartered
Q1-20,2019-11-11,7.28,02-28-2020,Standard Chartered
Q1-20,2019-12-03,7.28,02-28-2020,Standard Chartered
Q1-20,2019-12-18,6.93,02-28-2020,Standard Chartered
Q1-20,2020-02-14,6.93,02-28-2020,Standard Chartered
Q2-20,2019-08-13,6.75,02-28-2020,Standard Chartered
Q2-20,2019-09-04,7.33,02-28-2020,Standard Chartered
Q2-20,2019-10-07,7.33,02-28-2020,Standard Chartered
Q2-20,2019-11-11,7.33,02-28-2020,Standard Chartered
Q2-20,2019-12-03,7.33,02-28-2020,Standard Chartered
Q2-20,2019-12-18,6.86,02-28-2020,Standard Chartered
Q2-20,2020-02-14,6.86,02-28-2020,Standard Chartered
Q3-20,2019-09-04,7.35,02-28-2020,Standard Chartered
Q3-20,2019-10-07,7.35,02-28-2020,Standard Chartered
Q3-20,2019-11-11,7.35,02-28-2020,Standard Chartered
Q3-20,2019-12-03,7.35,02-28-2020,Standard Chartered
Q3-20,2019-12-18,7.01,02-28-2020,Standard Chartered
Q3-20,2020-02-14,7.01,02-28-2020,Standard Chartered
Q4-20,2018-04-20,6.07,02-28-2020,Standard Chartered
Q4-20,2018-04-26,6.07,02-28-2020,Standard Chartered
Q4-20,2018-05-18,6.07,02-28-2020,Standard Chartered
Q4-20,2018-05-30,6.07,02-28-2020,Standard Chartered
Q4-20,2018-07-19,6.07,02-28-2020,Standard Chartered
Q4-20,2018-09-03,6.07,02-28-2020,Standard Chartered
Q4-20,2018-09-27,6.53,02-28-2020,Standard Chartered
Q4-20,2018-12-03,6.53,02-28-2020,Standard Chartered
Q4-20,2018-12-17,6.53,02-28-2020,Standard Chartered
Q4-20,2019-01-17,6.53,02-28-2020,Standard Chartered
Q4-20,2019-04-09,6.55,02-28-2020,Standard Chartered
Q4-20,2019-04-10,6.55,02-28-2020,Standard Chartered
Q4-20,2019-05-21,6.55,02-28-2020,Standard Chartered
Q4-20,2019-05-27,6.55,02-28-2020,Standard Chartered
Q4-20,2019-05-31,6.55,02-28-2020,Standard Chartered
Q4-20,2019-08-13,6.55,02-28-2020,Standard Chartered
Q4-20,2019-09-04,7.32,02-28-2020,Standard Chartered
Q4-20,2019-10-07,7.32,02-28-2020,Standard Chartered
Q4-20,2019-11-11,7.32,02-28-2020,Standard Chartered
Q4-20,2019-12-03,7.32,02-28-2020,Standard Chartered
Q4-20,2019-12-18,7.02,02-28-2020,Standard Chartered
Q4-20,2020-02-14,7.02,02-28-2020,Standard Chartered
2021,2018-04-20,6.04,02-28-2020,Standard Chartered
2021,2018-04-26,6.04,02-28-2020,Standard Chartered
2021,2018-05-18,6.04,02-28-2020,Standard Chartered
2021,2018-05-30,6.04,02-28-2020,Standard Chartered
2021,2018-07-19,6.04,02-28-2020,Standard Chartered
2021,2018-09-03,6.04,02-28-2020,Standard Chartered
2021,2018-09-27,6.04,02-28-2020,Standard Chartered
2021,2018-12-03,6.04,02-28-2020,Standard Chartered
2021,2018-12-17,6.04,02-28-2020,Standard Chartered
2021,2019-01-17,6.04,02-28-2020,Standard Chartered
2021,2019-04-09,6.6,02-28-2020,Standard Chartered
2021,2019-04-10,6.6,02-28-2020,Standard Chartered
2021,2019-05-21,6.6,02-28-2020,Standard Chartered
2021,2019-05-27,6.6,02-28-2020,Standard Chartered
2021,2019-05-31,6.6,02-28-2020,Standard Chartered
2021,2019-08-13,6.6,02-28-2020,Standard Chartered
2021,2019-09-04,7.35,02-28-2020,Standard Chartered
2021,2019-10-07,7.35,02-28-2020,Standard Chartered
2021,2019-12-03,7.35,02-28-2020,Standard Chartered
2021,2019-12-18,7.35,02-28-2020,Standard Chartered
2021,2020-02-14,7.35,02-28-2020,Standard Chartered
2022,2018-04-20,6.0,02-28-2020,Standard Chartered
2022,2018-04-26,6.0,02-28-2020,Standard Chartered
2022,2018-05-18,6.0,02-28-2020,Standard Chartered
2022,2018-05-30,6.0,02-28-2020,Standard Chartered
2022,2018-07-19,6.0,02-28-2020,Standard Chartered
2022,2018-09-03,6.0,02-28-2020,Standard Chartered
2022,2018-09-27,6.0,02-28-2020,Standard Chartered
2022,2018-12-03,6.0,02-28-2020,Standard Chartered
2022,2018-12-17,6.0,02-28-2020,Standard Chartered
2022,2019-01-17,6.0,02-28-2020,Standard Chartered
2022,2019-04-09,6.6,02-28-2020,Standard Chartered
2022,2019-04-10,6.6,02-28-2020,Standard Chartered
2022,2019-05-21,6.6,02-28-2020,Standard Chartered
2022,2019-05-27,6.6,02-28-2020,Standard Chartered
2022,2019-05-31,6.6,02-28-2020,Standard Chartered
2022,2019-08-13,6.6,02-28-2020,Standard Chartered
2022,2019-09-04,7.3,02-28-2020,Standard Chartered
2022,2019-10-07,7.3,02-28-2020,Standard Chartered
2022,2019-12-03,7.3,02-28-2020,Standard Chartered
2022,2019-12-18,7.3,02-28-2020,Standard Chartered
2022,2020-02-14,7.3,02-28-2020,Standard Chartered
2023,2019-04-09,6.65,02-28-2020,Standard Chartered
2023,2019-04-10,6.65,02-28-2020,Standard Chartered
2023,2019-05-21,6.65,02-28-2020,Standard Chartered
2023,2019-05-27,6.65,02-28-2020,Standard Chartered
2023,2019-05-31,6.65,02-28-2020,Standard Chartered
2023,2019-08-13,6.65,02-28-2020,Standard Chartered
2023,2019-09-04,7.2,02-28-2020,Standard Chartered
2023,2019-10-07,7.2,02-28-2020,Standard Chartered
2023,2019-12-03,7.2,02-28-2020,Standard Chartered
2023,2019-12-18,7.2,02-28-2020,Standard Chartered
2023,2020-02-14,7.2,02-28-2020,Standard Chartered
2024,2019-04-09,7.1,02-28-2020,Standard Chartered
2024,2020-02-14,7.1,02-28-2020,Standard Chartered
Q4-07,2006-10-19,7.65,11-30-2007,Standard Chartered
Q4-07,2006-11-01,7.56,11-30-2007,Standard Chartered
Q4-07,2006-12-07,7.56,11-30-2007,Standard Chartered
Q4-07,2007-01-12,7.49,11-30-2007,Standard Chartered
Q4-07,2007-03-08,7.49,11-30-2007,Standard Chartered
Q4-07,2007-04-04,7.49,11-30-2007,Standard Chartered
Q4-07,2007-05-08,7.49,11-30-2007,Standard Chartered
Q4-07,2007-07-09,7.49,11-30-2007,Standard Chartered
Q4-07,2007-08-24,7.42,11-30-2007,Standard Chartered
Q4-07,2007-09-27,7.42,11-30-2007,Standard Chartered
Q4-07,2007-11-09,7.42,11-30-2007,Standard Chartered
Q4-07,2007-11-16,7.42,11-30-2007,Standard Chartered
Q1-08,2007-01-12,7.4,11-30-2007,Standard Chartered
Q1-08,2007-03-08,7.4,11-30-2007,Standard Chartered
Q1-08,2007-04-04,7.4,11-30-2007,Standard Chartered
Q1-08,2007-05-08,7.4,11-30-2007,Standard Chartered
Q1-08,2007-07-09,7.4,11-30-2007,Standard Chartered
Q1-08,2007-08-24,7.32,11-30-2007,Standard Chartered
Q1-08,2007-09-27,7.32,11-30-2007,Standard Chartered
Q1-08,2007-11-09,7.32,11-30-2007,Standard Chartered
Q1-08,2007-11-16,7.32,11-30-2007,Standard Chartered
Q2-08,2007-07-09,7.33,11-30-2007,Standard Chartered
Q2-08,2007-08-24,7.21,11-30-2007,Standard Chartered
Q2-08,2007-09-27,7.21,11-30-2007,Standard Chartered
Q2-08,2007-11-09,7.21,11-30-2007,Standard Chartered
Q2-08,2007-11-16,7.21,11-30-2007,Standard Chartered
Q3-08,2007-09-27,7.11,11-30-2007,Standard Chartered
Q3-08,2007-11-09,7.11,11-30-2007,Standard Chartered
Q3-08,2007-11-16,7.11,11-30-2007,Standard Chartered
2008,2006-10-19,7.56,11-30-2007,Standard Chartered
2008,2007-08-24,7.0,11-30-2007,Standard Chartered
2008,2007-09-27,7.0,11-30-2007,Standard Chartered
2008,2007-11-09,7.0,11-30-2007,Standard Chartered
2008,2007-11-16,7.0,11-30-2007,Standard Chartered
2009,2007-08-24,6.58,11-30-2007,Standard Chartered
2010,2007-08-24,6.25,11-30-2007,Standard Chartered
2011,2007-08-24,5.94,11-30-2007,Standard Chartered
Q2-16,2015-06-04,6.17,05-31-2016,Standard Chartered
Q2-16,2015-06-25,6.17,05-31-2016,Standard Chartered
Q2-16,2015-08-06,6.17,05-31-2016,Standard Chartered
Q2-16,2015-08-18,6.4,05-31-2016,Standard Chartered
Q2-16,2015-08-21,6.4,05-31-2016,Standard Chartered
Q2-16,2015-08-31,6.4,05-31-2016,Standard Chartered
Q2-16,2015-09-29,6.4,05-31-2016,Standard Chartered
Q2-16,2015-11-30,6.45,05-31-2016,Standard Chartered
Q2-16,2015-12-22,6.45,05-31-2016,Standard Chartered
Q2-16,2016-01-18,6.62,05-31-2016,Standard Chartered
Q2-16,2016-02-22,6.62,05-31-2016,Standard Chartered
Q2-16,2016-02-23,6.62,05-31-2016,Standard Chartered
Q2-16,2016-03-23,6.62,05-31-2016,Standard Chartered
Q2-16,2016-04-22,6.62,05-31-2016,Standard Chartered
Q2-16,2016-05-06,6.53,05-31-2016,Standard Chartered
Q2-16,2016-05-25,6.53,05-31-2016,Standard Chartered
Q3-16,2015-08-18,6.38,05-31-2016,Standard Chartered
Q3-16,2015-09-29,6.38,05-31-2016,Standard Chartered
Q3-16,2015-11-30,6.35,05-31-2016,Standard Chartered
Q3-16,2015-12-22,6.35,05-31-2016,Standard Chartered
Q3-16,2016-01-18,6.54,05-31-2016,Standard Chartered
Q3-16,2016-02-22,6.54,05-31-2016,Standard Chartered
Q3-16,2016-02-23,6.54,05-31-2016,Standard Chartered
Q3-16,2016-03-23,6.54,05-31-2016,Standard Chartered
Q3-16,2016-04-22,6.54,05-31-2016,Standard Chartered
Q3-16,2016-05-06,6.59,05-31-2016,Standard Chartered
Q3-16,2016-05-25,6.59,05-31-2016,Standard Chartered
Q4-16,2014-06-24,5.8,05-31-2016,Standard Chartered
Q4-16,2014-07-18,5.8,05-31-2016,Standard Chartered
Q4-16,2014-08-08,5.8,05-31-2016,Standard Chartered
Q4-16,2014-09-16,5.8,05-31-2016,Standard Chartered
Q4-16,2014-10-09,5.84,05-31-2016,Standard Chartered
Q4-16,2014-11-07,5.84,05-31-2016,Standard Chartered
Q4-16,2014-12-03,5.84,05-31-2016,Standard Chartered
Q4-16,2015-01-12,5.84,05-31-2016,Standard Chartered
Q4-16,2015-01-30,6.05,05-31-2016,Standard Chartered
Q4-16,2015-03-02,6.05,05-31-2016,Standard Chartered
Q4-16,2015-03-24,6.12,05-31-2016,Standard Chartered
Q4-16,2015-05-04,6.12,05-31-2016,Standard Chartered
Q4-16,2015-06-04,6.12,05-31-2016,Standard Chartered
Q4-16,2015-06-25,6.15,05-31-2016,Standard Chartered
Q4-16,2015-08-06,6.15,05-31-2016,Standard Chartered
Q4-16,2015-08-18,6.35,05-31-2016,Standard Chartered
Q4-16,2015-08-21,6.35,05-31-2016,Standard Chartered
Q4-16,2015-08-31,6.35,05-31-2016,Standard Chartered
Q4-16,2015-09-29,6.35,05-31-2016,Standard Chartered
Q4-16,2015-11-30,6.42,05-31-2016,Standard Chartered
Q4-16,2015-12-22,6.42,05-31-2016,Standard Chartered
Q4-16,2016-01-18,6.56,05-31-2016,Standard Chartered
Q4-16,2016-02-22,6.56,05-31-2016,Standard Chartered
Q4-16,2016-02-23,6.56,05-31-2016,Standard Chartered
Q4-16,2016-03-23,6.56,05-31-2016,Standard Chartered
Q4-16,2016-04-22,6.56,05-31-2016,Standard Chartered
Q4-16,2016-05-06,6.56,05-31-2016,Standard Chartered
Q4-16,2016-05-25,6.56,05-31-2016,Standard Chartered
Q1-17,2016-03-23,6.6,05-31-2016,Standard Chartered
Q1-17,2016-04-22,6.6,05-31-2016,Standard Chartered
Q1-17,2016-05-06,6.54,05-31-2016,Standard Chartered
Q1-17,2016-05-25,6.54,05-31-2016,Standard Chartered
2017,2014-06-24,5.75,05-31-2016,Standard Chartered
2017,2014-07-18,5.75,05-31-2016,Standard Chartered
2017,2014-08-08,5.75,05-31-2016,Standard Chartered
2017,2014-09-16,5.75,05-31-2016,Standard Chartered
2017,2014-10-09,5.75,05-31-2016,Standard Chartered
2017,2014-11-07,5.75,05-31-2016,Standard Chartered
2017,2014-12-03,5.75,05-31-2016,Standard Chartered
2017,2015-01-12,5.75,05-31-2016,Standard Chartered
2017,2015-01-30,5.75,05-31-2016,Standard Chartered
2017,2015-03-02,5.75,05-31-2016,Standard Chartered
2017,2015-03-24,6.08,05-31-2016,Standard Chartered
2017,2015-05-04,6.08,05-31-2016,Standard Chartered
2017,2015-06-04,6.08,05-31-2016,Standard Chartered
2017,2015-06-25,6.1,05-31-2016,Standard Chartered
2017,2015-08-06,6.1,05-31-2016,Standard Chartered
2017,2015-08-21,6.1,05-31-2016,Standard Chartered
2017,2015-08-31,6.1,05-31-2016,Standard Chartered
2017,2015-09-29,6.3,05-31-2016,Standard Chartered
2017,2015-11-30,6.3,05-31-2016,Standard Chartered
2017,2015-12-22,6.3,05-31-2016,Standard Chartered
2017,2016-01-18,6.56,05-31-2016,Standard Chartered
2017,2016-03-23,6.56,05-31-2016,Standard Chartered
2018,2014-06-24,5.7,05-31-2016,Standard Chartered
2018,2014-07-18,5.7,05-31-2016,Standard Chartered
2018,2014-08-08,5.7,05-31-2016,Standard Chartered
2018,2014-09-16,5.7,05-31-2016,Standard Chartered
2018,2014-10-09,5.7,05-31-2016,Standard Chartered
2018,2014-11-07,5.7,05-31-2016,Standard Chartered
2018,2014-12-03,5.7,05-31-2016,Standard Chartered
2018,2015-01-12,5.7,05-31-2016,Standard Chartered
2018,2015-01-30,5.7,05-31-2016,Standard Chartered
2018,2015-03-02,5.7,05-31-2016,Standard Chartered
2018,2015-03-24,6.02,05-31-2016,Standard Chartered
2018,2015-05-04,6.02,05-31-2016,Standard Chartered
2018,2015-06-04,6.02,05-31-2016,Standard Chartered
2018,2015-06-25,6.05,05-31-2016,Standard Chartered
2018,2015-08-06,6.05,05-31-2016,Standard Chartered
2018,2015-08-21,6.05,05-31-2016,Standard Chartered
2018,2015-08-31,6.05,05-31-2016,Standard Chartered
2018,2015-09-29,6.2,05-31-2016,Standard Chartered
2018,2015-11-30,6.2,05-31-2016,Standard Chartered
2018,2015-12-22,6.2,05-31-2016,Standard Chartered
2019,2015-03-24,5.95,05-31-2016,Standard Chartered
2019,2015-05-04,5.95,05-31-2016,Standard Chartered
2019,2015-06-04,5.95,05-31-2016,Standard Chartered
2019,2015-06-25,6.0,05-31-2016,Standard Chartered
2019,2015-08-06,6.0,05-31-2016,Standard Chartered
2019,2015-08-21,6.0,05-31-2016,Standard Chartered
2019,2015-08-31,6.0,05-31-2016,Standard Chartered
2019,2015-09-29,6.1,05-31-2016,Standard Chartered
2019,2015-11-30,6.1,05-31-2016,Standard Chartered
2019,2015-12-22,6.1,05-31-2016,Standard Chartered
2020,2015-03-24,5.9,05-31-2016,Standard Chartered
2020,2015-05-04,5.9,05-31-2016,Standard Chartered
2020,2015-06-04,5.9,05-31-2016,Standard Chartered
2020,2015-06-25,5.95,05-31-2016,Standard Chartered
2020,2015-08-06,5.95,05-31-2016,Standard Chartered
2020,2015-08-21,5.95,05-31-2016,Standard Chartered
2020,2015-08-31,5.95,05-31-2016,Standard Chartered
2020,2015-09-29,6.0,05-31-2016,Standard Chartered
2020,2015-11-30,6.0,05-31-2016,Standard Chartered
2020,2015-12-22,6.0,05-31-2016,Standard Chartered
Q2-20,2019-08-13,6.75,05-31-2020,Standard Chartered
Q2-20,2019-09-04,7.33,05-31-2020,Standard Chartered
Q2-20,2019-10-07,7.33,05-31-2020,Standard Chartered
Q2-20,2019-11-11,7.33,05-31-2020,Standard Chartered
Q2-20,2019-12-03,7.33,05-31-2020,Standard Chartered
Q2-20,2019-12-18,6.86,05-31-2020,Standard Chartered
Q2-20,2020-02-14,6.86,05-31-2020,Standard Chartered
Q3-20,2019-09-04,7.35,05-31-2020,Standard Chartered
Q3-20,2019-10-07,7.35,05-31-2020,Standard Chartered
Q3-20,2019-11-11,7.35,05-31-2020,Standard Chartered
Q3-20,2019-12-03,7.35,05-31-2020,Standard Chartered
Q3-20,2019-12-18,7.01,05-31-2020,Standard Chartered
Q3-20,2020-02-14,7.01,05-31-2020,Standard Chartered
Q4-20,2018-07-19,6.07,05-31-2020,Standard Chartered
Q4-20,2018-09-03,6.07,05-31-2020,Standard Chartered
Q4-20,2018-09-27,6.53,05-31-2020,Standard Chartered
Q4-20,2018-12-03,6.53,05-31-2020,Standard Chartered
Q4-20,2018-12-17,6.53,05-31-2020,Standard Chartered
Q4-20,2019-01-17,6.53,05-31-2020,Standard Chartered
Q4-20,2019-04-09,6.55,05-31-2020,Standard Chartered
Q4-20,2019-04-10,6.55,05-31-2020,Standard Chartered
Q4-20,2019-05-21,6.55,05-31-2020,Standard Chartered
Q4-20,2019-05-27,6.55,05-31-2020,Standard Chartered
Q4-20,2019-05-31,6.55,05-31-2020,Standard Chartered
Q4-20,2019-08-13,6.55,05-31-2020,Standard Chartered
Q4-20,2019-09-04,7.32,05-31-2020,Standard Chartered
Q4-20,2019-10-07,7.32,05-31-2020,Standard Chartered
Q4-20,2019-11-11,7.32,05-31-2020,Standard Chartered
Q4-20,2019-12-03,7.32,05-31-2020,Standard Chartered
Q4-20,2019-12-18,7.02,05-31-2020,Standard Chartered
Q4-20,2020-02-14,7.02,05-31-2020,Standard Chartered
2021,2018-07-19,6.04,05-31-2020,Standard Chartered
2021,2018-09-03,6.04,05-31-2020,Standard Chartered
2021,2018-09-27,6.04,05-31-2020,Standard Chartered
2021,2018-12-03,6.04,05-31-2020,Standard Chartered
2021,2018-12-17,6.04,05-31-2020,Standard Chartered
2021,2019-01-17,6.04,05-31-2020,Standard Chartered
2021,2019-04-09,6.6,05-31-2020,Standard Chartered
2021,2019-04-10,6.6,05-31-2020,Standard Chartered
2021,2019-05-21,6.6,05-31-2020,Standard Chartered
2021,2019-05-27,6.6,05-31-2020,Standard Chartered
2021,2019-05-31,6.6,05-31-2020,Standard Chartered
2021,2019-08-13,6.6,05-31-2020,Standard Chartered
2021,2019-09-04,7.35,05-31-2020,Standard Chartered
2021,2019-10-07,7.35,05-31-2020,Standard Chartered
2021,2019-12-03,7.35,05-31-2020,Standard Chartered
2021,2019-12-18,7.35,05-31-2020,Standard Chartered
2021,2020-02-14,7.35,05-31-2020,Standard Chartered
2022,2018-07-19,6.0,05-31-2020,Standard Chartered
2022,2018-09-03,6.0,05-31-2020,Standard Chartered
2022,2018-09-27,6.0,05-31-2020,Standard Chartered
2022,2018-12-03,6.0,05-31-2020,Standard Chartered
2022,2018-12-17,6.0,05-31-2020,Standard Chartered
2022,2019-01-17,6.0,05-31-2020,Standard Chartered
2022,2019-04-09,6.6,05-31-2020,Standard Chartered
2022,2019-04-10,6.6,05-31-2020,Standard Chartered
2022,2019-05-21,6.6,05-31-2020,Standard Chartered
2022,2019-05-27,6.6,05-31-2020,Standard Chartered
2022,2019-05-31,6.6,05-31-2020,Standard Chartered
2022,2019-08-13,6.6,05-31-2020,Standard Chartered
2022,2019-09-04,7.3,05-31-2020,Standard Chartered
2022,2019-10-07,7.3,05-31-2020,Standard Chartered
2022,2019-12-03,7.3,05-31-2020,Standard Chartered
2022,2019-12-18,7.3,05-31-2020,Standard Chartered
2022,2020-02-14,7.3,05-31-2020,Standard Chartered
2023,2019-04-09,6.65,05-31-2020,Standard Chartered
2023,2019-04-10,6.65,05-31-2020,Standard Chartered
2023,2019-05-21,6.65,05-31-2020,Standard Chartered
2023,2019-05-27,6.65,05-31-2020,Standard Chartered
2023,2019-05-31,6.65,05-31-2020,Standard Chartered
2023,2019-08-13,6.65,05-31-2020,Standard Chartered
2023,2019-09-04,7.2,05-31-2020,Standard Chartered
2023,2019-10-07,7.2,05-31-2020,Standard Chartered
2023,2019-12-03,7.2,05-31-2020,Standard Chartered
2023,2019-12-18,7.2,05-31-2020,Standard Chartered
2023,2020-02-14,7.2,05-31-2020,Standard Chartered
2024,2019-04-09,7.1,05-31-2020,Standard Chartered
2024,2020-02-14,7.1,05-31-2020,Standard Chartered
Q3-07,2006-08-04,7.65,08-31-2007,Standard Chartered
Q3-07,2006-09-13,7.65,08-31-2007,Standard Chartered
Q3-07,2006-10-19,7.75,08-31-2007,Standard Chartered
Q3-07,2006-11-01,7.65,08-31-2007,Standard Chartered
Q3-07,2006-12-07,7.65,08-31-2007,Standard Chartered
Q3-07,2007-01-12,7.59,08-31-2007,Standard Chartered
Q3-07,2007-03-08,7.57,08-31-2007,Standard Chartered
Q3-07,2007-04-04,7.57,08-31-2007,Standard Chartered
Q3-07,2007-05-08,7.57,08-31-2007,Standard Chartered
Q3-07,2007-07-09,7.57,08-31-2007,Standard Chartered
Q3-07,2007-08-24,7.52,08-31-2007,Standard Chartered
Q4-07,2006-10-19,7.65,08-31-2007,Standard Chartered
Q4-07,2006-11-01,7.56,08-31-2007,Standard Chartered
Q4-07,2006-12-07,7.56,08-31-2007,Standard Chartered
Q4-07,2007-01-12,7.49,08-31-2007,Standard Chartered
Q4-07,2007-03-08,7.49,08-31-2007,Standard Chartered
Q4-07,2007-04-04,7.49,08-31-2007,Standard Chartered
Q4-07,2007-05-08,7.49,08-31-2007,Standard Chartered
Q4-07,2007-07-09,7.49,08-31-2007,Standard Chartered
Q4-07,2007-08-24,7.42,08-31-2007,Standard Chartered
Q1-08,2007-01-12,7.4,08-31-2007,Standard Chartered
Q1-08,2007-03-08,7.4,08-31-2007,Standard Chartered
Q1-08,2007-04-04,7.4,08-31-2007,Standard Chartered
Q1-08,2007-05-08,7.4,08-31-2007,Standard Chartered
Q1-08,2007-07-09,7.4,08-31-2007,Standard Chartered
Q1-08,2007-08-24,7.32,08-31-2007,Standard Chartered
Q2-08,2007-07-09,7.33,08-31-2007,Standard Chartered
Q2-08,2007-08-24,7.21,08-31-2007,Standard Chartered
2008,2006-10-19,7.56,08-31-2007,Standard Chartered
2008,2007-08-24,7.0,08-31-2007,Standard Chartered
2009,2007-08-24,6.58,08-31-2007,Standard Chartered
2010,2007-08-24,6.25,08-31-2007,Standard Chartered
2011,2007-08-24,5.94,08-31-2007,Standard Chartered
Q3-11,2010-07-22,6.42,08-31-2011,Standard Chartered
Q3-11,2010-07-30,6.42,08-31-2011,Standard Chartered
Q3-11,2010-08-06,6.42,08-31-2011,Standard Chartered
Q3-11,2010-08-13,6.42,08-31-2011,Standard Chartered
Q3-11,2010-08-20,6.42,08-31-2011,Standard Chartered
Q3-11,2010-08-27,6.42,08-31-2011,Standard Chartered
Q3-11,2010-09-03,6.42,08-31-2011,Standard Chartered
Q3-11,2010-09-08,6.57,08-31-2011,Standard Chartered
Q3-11,2010-09-10,6.42,08-31-2011,Standard Chartered
Q3-11,2010-09-17,6.42,08-31-2011,Standard Chartered
Q3-11,2010-09-24,6.42,08-31-2011,Standard Chartered
Q3-11,2010-10-01,6.43,08-31-2011,Standard Chartered
Q3-11,2010-10-08,6.43,08-31-2011,Standard Chartered
Q3-11,2010-10-15,6.43,08-31-2011,Standard Chartered
Q3-11,2010-10-22,6.43,08-31-2011,Standard Chartered
Q3-11,2010-10-25,6.43,08-31-2011,Standard Chartered
Q3-11,2010-10-29,6.43,08-31-2011,Standard Chartered
Q3-11,2010-11-05,6.43,08-31-2011,Standard Chartered
Q3-11,2010-11-12,6.43,08-31-2011,Standard Chartered
Q3-11,2010-11-19,6.43,08-31-2011,Standard Chartered
Q3-11,2010-11-26,6.28,08-31-2011,Standard Chartered
Q3-11,2010-11-30,6.28,08-31-2011,Standard Chartered
Q3-11,2010-12-02,6.28,08-31-2011,Standard Chartered
Q3-11,2010-12-10,6.28,08-31-2011,Standard Chartered
Q3-11,2010-12-31,6.28,08-31-2011,Standard Chartered
Q3-11,2011-01-14,6.28,08-31-2011,Standard Chartered
Q3-11,2011-01-21,6.28,08-31-2011,Standard Chartered
Q3-11,2011-01-28,6.28,08-31-2011,Standard Chartered
Q3-11,2011-02-04,6.28,08-31-2011,Standard Chartered
Q3-11,2011-02-11,6.28,08-31-2011,Standard Chartered
Q3-11,2011-03-18,6.28,08-31-2011,Standard Chartered
Q3-11,2011-04-08,0.72,08-31-2011,Standard Chartered
Q3-11,2011-04-11,6.37,08-31-2011,Standard Chartered
Q3-11,2011-04-15,6.37,08-31-2011,Standard Chartered
Q3-11,2011-04-22,6.37,08-31-2011,Standard Chartered
Q3-11,2011-04-29,6.37,08-31-2011,Standard Chartered
Q3-11,2011-05-06,6.37,08-31-2011,Standard Chartered
Q3-11,2011-05-12,6.37,08-31-2011,Standard Chartered
Q3-11,2011-05-13,6.32,08-31-2011,Standard Chartered
Q3-11,2011-06-03,6.32,08-31-2011,Standard Chartered
Q3-11,2011-06-10,6.32,08-31-2011,Standard Chartered
Q3-11,2011-06-17,6.35,08-31-2011,Standard Chartered
Q3-11,2011-06-24,6.35,08-31-2011,Standard Chartered
Q3-11,2011-07-01,6.44,08-31-2011,Standard Chartered
Q3-11,2011-07-08,6.35,08-31-2011,Standard Chartered
Q3-11,2011-07-15,6.35,08-31-2011,Standard Chartered
Q3-11,2011-07-22,6.35,08-31-2011,Standard Chartered
Q3-11,2011-07-29,6.39,08-31-2011,Standard Chartered
Q3-11,2011-08-12,6.39,08-31-2011,Standard Chartered
Q3-11,2011-08-31,6.39,08-31-2011,Standard Chartered
Q4-11,2010-03-26,6.6,08-31-2011,Standard Chartered
Q4-11,2010-06-28,6.4,08-31-2011,Standard Chartered
Q4-11,2010-07-02,6.4,08-31-2011,Standard Chartered
Q4-11,2010-07-22,6.3,08-31-2011,Standard Chartered
Q4-11,2010-07-30,6.35,08-31-2011,Standard Chartered
Q4-11,2010-08-06,6.35,08-31-2011,Standard Chartered
Q4-11,2010-08-13,6.35,08-31-2011,Standard Chartered
Q4-11,2010-08-20,6.35,08-31-2011,Standard Chartered
Q4-11,2010-08-27,6.35,08-31-2011,Standard Chartered
Q4-11,2010-08-30,6.35,08-31-2011,Standard Chartered
Q4-11,2010-09-03,6.35,08-31-2011,Standard Chartered
Q4-11,2010-09-08,6.5,08-31-2011,Standard Chartered
Q4-11,2010-09-10,6.35,08-31-2011,Standard Chartered
Q4-11,2010-09-17,6.35,08-31-2011,Standard Chartered
Q4-11,2010-09-24,6.35,08-31-2011,Standard Chartered
Q4-11,2010-10-01,6.36,08-31-2011,Standard Chartered
Q4-11,2010-10-08,6.36,08-31-2011,Standard Chartered
Q4-11,2010-10-15,6.36,08-31-2011,Standard Chartered
Q4-11,2010-10-22,6.36,08-31-2011,Standard Chartered
Q4-11,2010-10-25,6.36,08-31-2011,Standard Chartered
Q4-11,2010-10-29,6.36,08-31-2011,Standard Chartered
Q4-11,2010-11-05,6.36,08-31-2011,Standard Chartered
Q4-11,2010-11-12,6.36,08-31-2011,Standard Chartered
Q4-11,2010-11-19,6.36,08-31-2011,Standard Chartered
Q4-11,2010-11-26,6.2,08-31-2011,Standard Chartered
Q4-11,2010-11-30,6.2,08-31-2011,Standard Chartered
Q4-11,2010-12-02,6.2,08-31-2011,Standard Chartered
Q4-11,2010-12-10,6.2,08-31-2011,Standard Chartered
Q4-11,2010-12-31,6.2,08-31-2011,Standard Chartered
Q4-11,2011-01-14,6.2,08-31-2011,Standard Chartered
Q4-11,2011-01-21,6.2,08-31-2011,Standard Chartered
Q4-11,2011-01-28,6.2,08-31-2011,Standard Chartered
Q4-11,2011-02-04,6.2,08-31-2011,Standard Chartered
Q4-11,2011-02-11,6.2,08-31-2011,Standard Chartered
Q4-11,2011-03-18,6.2,08-31-2011,Standard Chartered
Q4-11,2011-04-08,0.7,08-31-2011,Standard Chartered
Q4-11,2011-04-11,6.3,08-31-2011,Standard Chartered
Q4-11,2011-04-15,6.3,08-31-2011,Standard Chartered
Q4-11,2011-04-22,6.3,08-31-2011,Standard Chartered
Q4-11,2011-04-29,6.3,08-31-2011,Standard Chartered
Q4-11,2011-05-06,6.3,08-31-2011,Standard Chartered
Q4-11,2011-05-12,6.3,08-31-2011,Standard Chartered
Q4-11,2011-05-13,6.25,08-31-2011,Standard Chartered
Q4-11,2011-06-03,6.25,08-31-2011,Standard Chartered
Q4-11,2011-06-10,6.25,08-31-2011,Standard Chartered
Q4-11,2011-06-17,6.28,08-31-2011,Standard Chartered
Q4-11,2011-06-24,6.28,08-31-2011,Standard Chartered
Q4-11,2011-07-01,6.35,08-31-2011,Standard Chartered
Q4-11,2011-07-08,6.28,08-31-2011,Standard Chartered
Q4-11,2011-07-15,6.28,08-31-2011,Standard Chartered
Q4-11,2011-07-22,6.28,08-31-2011,Standard Chartered
Q4-11,2011-07-29,6.31,08-31-2011,Standard Chartered
Q4-11,2011-08-12,6.31,08-31-2011,Standard Chartered
Q4-11,2011-08-31,6.31,08-31-2011,Standard Chartered
Q1-12,2011-04-08,0.72,08-31-2011,Standard Chartered
Q1-12,2011-04-15,6.25,08-31-2011,Standard Chartered
Q1-12,2011-04-22,6.25,08-31-2011,Standard Chartered
Q1-12,2011-04-29,6.25,08-31-2011,Standard Chartered
Q1-12,2011-05-06,6.25,08-31-2011,Standard Chartered
Q1-12,2011-05-12,6.25,08-31-2011,Standard Chartered
Q1-12,2011-05-13,6.2,08-31-2011,Standard Chartered
Q1-12,2011-06-03,6.2,08-31-2011,Standard Chartered
Q1-12,2011-06-10,6.2,08-31-2011,Standard Chartered
Q1-12,2011-06-17,6.23,08-31-2011,Standard Chartered
Q1-12,2011-06-24,6.23,08-31-2011,Standard Chartered
Q1-12,2011-07-01,6.28,08-31-2011,Standard Chartered
Q1-12,2011-07-08,6.23,08-31-2011,Standard Chartered
Q1-12,2011-07-15,6.23,08-31-2011,Standard Chartered
Q1-12,2011-07-22,6.23,08-31-2011,Standard Chartered
Q1-12,2011-07-29,6.24,08-31-2011,Standard Chartered
Q1-12,2011-08-12,6.24,08-31-2011,Standard Chartered
Q1-12,2011-08-31,6.24,08-31-2011,Standard Chartered
Q2-12,2011-04-08,6.2,08-31-2011,Standard Chartered
Q2-12,2011-06-17,6.2,08-31-2011,Standard Chartered
Q2-12,2011-06-24,6.2,08-31-2011,Standard Chartered
Q2-12,2011-07-01,6.23,08-31-2011,Standard Chartered
Q2-12,2011-07-08,6.2,08-31-2011,Standard Chartered
Q2-12,2011-07-15,6.2,08-31-2011,Standard Chartered
Q2-12,2011-07-22,6.2,08-31-2011,Standard Chartered
Q2-12,2011-07-29,6.18,08-31-2011,Standard Chartered
Q2-12,2011-08-12,6.18,08-31-2011,Standard Chartered
Q2-12,2011-08-31,6.18,08-31-2011,Standard Chartered
2012,2010-06-28,6.19,08-31-2011,Standard Chartered
2012,2010-07-02,6.19,08-31-2011,Standard Chartered
2012,2010-10-25,6.36,08-31-2011,Standard Chartered
2012,2011-02-11,6.2,08-31-2011,Standard Chartered
2012,2011-07-01,6.2,08-31-2011,Standard Chartered
2012,2011-07-29,6.06,08-31-2011,Standard Chartered
2012,2011-08-12,6.06,08-31-2011,Standard Chartered
2012,2011-08-31,6.06,08-31-2011,Standard Chartered
2013,2010-06-28,5.97,08-31-2011,Standard Chartered
2013,2010-07-02,5.97,08-31-2011,Standard Chartered
2013,2011-07-01,6.28,08-31-2011,Standard Chartered
2014,2010-06-28,5.68,08-31-2011,Standard Chartered
2014,2010-07-02,5.68,08-31-2011,Standard Chartered
2015,2010-06-28,5.5,08-31-2011,Standard Chartered
2015,2010-07-02,5.5,08-31-2011,Standard Chartered
Q1-16,2015-03-24,6.17,02-28-2016,Standard Chartered
Q1-16,2015-05-04,6.17,02-28-2016,Standard Chartered
Q1-16,2015-06-04,6.17,02-28-2016,Standard Chartered
Q1-16,2015-06-25,6.17,02-28-2016,Standard Chartered
Q1-16,2015-08-06,6.17,02-28-2016,Standard Chartered
Q1-16,2015-08-18,6.45,02-28-2016,Standard Chartered
Q1-16,2015-08-21,6.45,02-28-2016,Standard Chartered
Q1-16,2015-08-31,6.45,02-28-2016,Standard Chartered
Q1-16,2015-09-29,6.45,02-28-2016,Standard Chartered
Q1-16,2015-11-30,6.55,02-28-2016,Standard Chartered
Q1-16,2015-12-22,6.55,02-28-2016,Standard Chartered
Q1-16,2016-01-18,6.65,02-28-2016,Standard Chartered
Q1-16,2016-02-22,6.65,02-28-2016,Standard Chartered
Q1-16,2016-02-23,6.65,02-28-2016,Standard Chartered
Q2-16,2015-06-04,6.17,02-28-2016,Standard Chartered
Q2-16,2015-06-25,6.17,02-28-2016,Standard Chartered
Q2-16,2015-08-06,6.17,02-28-2016,Standard Chartered
Q2-16,2015-08-18,6.4,02-28-2016,Standard Chartered
Q2-16,2015-08-21,6.4,02-28-2016,Standard Chartered
Q2-16,2015-08-31,6.4,02-28-2016,Standard Chartered
Q2-16,2015-09-29,6.4,02-28-2016,Standard Chartered
Q2-16,2015-11-30,6.45,02-28-2016,Standard Chartered
Q2-16,2015-12-22,6.45,02-28-2016,Standard Chartered
Q2-16,2016-01-18,6.62,02-28-2016,Standard Chartered
Q2-16,2016-02-22,6.62,02-28-2016,Standard Chartered
Q2-16,2016-02-23,6.62,02-28-2016,Standard Chartered
Q3-16,2015-08-18,6.38,02-28-2016,Standard Chartered
Q3-16,2015-09-29,6.38,02-28-2016,Standard Chartered
Q3-16,2015-11-30,6.35,02-28-2016,Standard Chartered
Q3-16,2015-12-22,6.35,02-28-2016,Standard Chartered
Q3-16,2016-01-18,6.54,02-28-2016,Standard Chartered
Q3-16,2016-02-22,6.54,02-28-2016,Standard Chartered
Q3-16,2016-02-23,6.54,02-28-2016,Standard Chartered
Q4-16,2014-03-14,5.8,02-28-2016,Standard Chartered
Q4-16,2014-03-17,5.8,02-28-2016,Standard Chartered
Q4-16,2014-04-17,5.8,02-28-2016,Standard Chartered
Q4-16,2014-05-20,5.8,02-28-2016,Standard Chartered
Q4-16,2014-06-24,5.8,02-28-2016,Standard Chartered
Q4-16,2014-07-18,5.8,02-28-2016,Standard Chartered
Q4-16,2014-08-08,5.8,02-28-2016,Standard Chartered
Q4-16,2014-09-16,5.8,02-28-2016,Standard Chartered
Q4-16,2014-10-09,5.84,02-28-2016,Standard Chartered
Q4-16,2014-11-07,5.84,02-28-2016,Standard Chartered
Q4-16,2014-12-03,5.84,02-28-2016,Standard Chartered
Q4-16,2015-01-12,5.84,02-28-2016,Standard Chartered
Q4-16,2015-01-30,6.05,02-28-2016,Standard Chartered
Q4-16,2015-03-02,6.05,02-28-2016,Standard Chartered
Q4-16,2015-03-24,6.12,02-28-2016,Standard Chartered
Q4-16,2015-05-04,6.12,02-28-2016,Standard Chartered
Q4-16,2015-06-04,6.12,02-28-2016,Standard Chartered
Q4-16,2015-06-25,6.15,02-28-2016,Standard Chartered
Q4-16,2015-08-06,6.15,02-28-2016,Standard Chartered
Q4-16,2015-08-18,6.35,02-28-2016,Standard Chartered
Q4-16,2015-08-21,6.35,02-28-2016,Standard Chartered
Q4-16,2015-08-31,6.35,02-28-2016,Standard Chartered
Q4-16,2015-09-29,6.35,02-28-2016,Standard Chartered
Q4-16,2015-11-30,6.42,02-28-2016,Standard Chartered
Q4-16,2015-12-22,6.42,02-28-2016,Standard Chartered
Q4-16,2016-01-18,6.56,02-28-2016,Standard Chartered
Q4-16,2016-02-22,6.56,02-28-2016,Standard Chartered
Q4-16,2016-02-23,6.56,02-28-2016,Standard Chartered
2017,2014-03-14,5.75,02-28-2016,Standard Chartered
2017,2014-03-17,5.75,02-28-2016,Standard Chartered
2017,2014-04-17,5.75,02-28-2016,Standard Chartered
2017,2014-05-20,5.75,02-28-2016,Standard Chartered
2017,2014-06-24,5.75,02-28-2016,Standard Chartered
2017,2014-07-18,5.75,02-28-2016,Standard Chartered
2017,2014-08-08,5.75,02-28-2016,Standard Chartered
2017,2014-09-16,5.75,02-28-2016,Standard Chartered
2017,2014-10-09,5.75,02-28-2016,Standard Chartered
2017,2014-11-07,5.75,02-28-2016,Standard Chartered
2017,2014-12-03,5.75,02-28-2016,Standard Chartered
2017,2015-01-12,5.75,02-28-2016,Standard Chartered
2017,2015-01-30,5.75,02-28-2016,Standard Chartered
2017,2015-03-02,5.75,02-28-2016,Standard Chartered
2017,2015-03-24,6.08,02-28-2016,Standard Chartered
2017,2015-05-04,6.08,02-28-2016,Standard Chartered
2017,2015-06-04,6.08,02-28-2016,Standard Chartered
2017,2015-06-25,6.1,02-28-2016,Standard Chartered
2017,2015-08-06,6.1,02-28-2016,Standard Chartered
2017,2015-08-21,6.1,02-28-2016,Standard Chartered
2017,2015-08-31,6.1,02-28-2016,Standard Chartered
2017,2015-09-29,6.3,02-28-2016,Standard Chartered
2017,2015-11-30,6.3,02-28-2016,Standard Chartered
2017,2015-12-22,6.3,02-28-2016,Standard Chartered
2017,2016-01-18,6.56,02-28-2016,Standard Chartered
2018,2014-03-14,5.7,02-28-2016,Standard Chartered
2018,2014-03-17,5.7,02-28-2016,Standard Chartered
2018,2014-04-17,5.7,02-28-2016,Standard Chartered
2018,2014-05-20,5.7,02-28-2016,Standard Chartered
2018,2014-06-24,5.7,02-28-2016,Standard Chartered
2018,2014-07-18,5.7,02-28-2016,Standard Chartered
2018,2014-08-08,5.7,02-28-2016,Standard Chartered
2018,2014-09-16,5.7,02-28-2016,Standard Chartered
2018,2014-10-09,5.7,02-28-2016,Standard Chartered
2018,2014-11-07,5.7,02-28-2016,Standard Chartered
2018,2014-12-03,5.7,02-28-2016,Standard Chartered
2018,2015-01-12,5.7,02-28-2016,Standard Chartered
2018,2015-01-30,5.7,02-28-2016,Standard Chartered
2018,2015-03-02,5.7,02-28-2016,Standard Chartered
2018,2015-03-24,6.02,02-28-2016,Standard Chartered
2018,2015-05-04,6.02,02-28-2016,Standard Chartered
2018,2015-06-04,6.02,02-28-2016,Standard Chartered
2018,2015-06-25,6.05,02-28-2016,Standard Chartered
2018,2015-08-06,6.05,02-28-2016,Standard Chartered
2018,2015-08-21,6.05,02-28-2016,Standard Chartered
2018,2015-08-31,6.05,02-28-2016,Standard Chartered
2018,2015-09-29,6.2,02-28-2016,Standard Chartered
2018,2015-11-30,6.2,02-28-2016,Standard Chartered
2018,2015-12-22,6.2,02-28-2016,Standard Chartered
2019,2015-03-24,5.95,02-28-2016,Standard Chartered
2019,2015-05-04,5.95,02-28-2016,Standard Chartered
2019,2015-06-04,5.95,02-28-2016,Standard Chartered
2019,2015-06-25,6.0,02-28-2016,Standard Chartered
2019,2015-08-06,6.0,02-28-2016,Standard Chartered
2019,2015-08-21,6.0,02-28-2016,Standard Chartered
2019,2015-08-31,6.0,02-28-2016,Standard Chartered
2019,2015-09-29,6.1,02-28-2016,Standard Chartered
2019,2015-11-30,6.1,02-28-2016,Standard Chartered
2019,2015-12-22,6.1,02-28-2016,Standard Chartered
2020,2015-03-24,5.9,02-28-2016,Standard Chartered
2020,2015-05-04,5.9,02-28-2016,Standard Chartered
2020,2015-06-04,5.9,02-28-2016,Standard Chartered
2020,2015-06-25,5.95,02-28-2016,Standard Chartered
2020,2015-08-06,5.95,02-28-2016,Standard Chartered
2020,2015-08-21,5.95,02-28-2016,Standard Chartered
2020,2015-08-31,5.95,02-28-2016,Standard Chartered
2020,2015-09-29,6.0,02-28-2016,Standard Chartered
2020,2015-11-30,6.0,02-28-2016,Standard Chartered
2020,2015-12-22,6.0,02-28-2016,Standard Chartered
Q4-08,2007-08-24,7.0,11-30-2008,Standard Chartered
Q4-08,2007-09-27,7.0,11-30-2008,Standard Chartered
Q4-08,2007-11-09,7.0,11-30-2008,Standard Chartered
Q4-08,2007-11-16,7.0,11-30-2008,Standard Chartered
Q4-08,2007-12-13,6.84,11-30-2008,Standard Chartered
Q4-08,2008-01-11,6.64,11-30-2008,Standard Chartered
Q4-08,2008-02-07,6.64,11-30-2008,Standard Chartered
Q4-08,2008-02-14,6.64,11-30-2008,Standard Chartered
Q4-08,2008-03-06,6.64,11-30-2008,Standard Chartered
Q4-08,2008-04-29,6.35,11-30-2008,Standard Chartered
Q4-08,2008-05-23,6.35,11-30-2008,Standard Chartered
Q4-08,2008-06-05,6.65,11-30-2008,Standard Chartered
Q4-08,2008-09-11,6.7,11-30-2008,Standard Chartered
Q4-08,2008-09-12,6.7,11-30-2008,Standard Chartered
Q4-08,2008-11-05,6.78,11-30-2008,Standard Chartered
Q1-09,2008-03-06,6.53,11-30-2008,Standard Chartered
Q1-09,2008-04-29,6.2,11-30-2008,Standard Chartered
Q1-09,2008-05-23,6.2,11-30-2008,Standard Chartered
Q1-09,2008-06-05,6.55,11-30-2008,Standard Chartered
Q1-09,2008-09-12,6.75,11-30-2008,Standard Chartered
Q1-09,2008-11-05,6.85,11-30-2008,Standard Chartered
Q2-09,2008-06-05,6.45,11-30-2008,Standard Chartered
Q2-09,2008-09-11,6.8,11-30-2008,Standard Chartered
Q2-09,2008-09-12,6.8,11-30-2008,Standard Chartered
Q2-09,2008-11-05,6.91,11-30-2008,Standard Chartered
Q3-09,2008-11-05,6.85,11-30-2008,Standard Chartered
2009,2007-08-24,6.58,11-30-2008,Standard Chartered
2009,2008-04-29,5.9,11-30-2008,Standard Chartered
2009,2008-06-05,6.35,11-30-2008,Standard Chartered
2009,2008-09-11,6.8,11-30-2008,Standard Chartered
2009,2008-11-05,6.8,11-30-2008,Standard Chartered
2010,2007-08-24,6.25,11-30-2008,Standard Chartered
2010,2008-04-29,5.6,11-30-2008,Standard Chartered
2011,2007-08-24,5.94,11-30-2008,Standard Chartered
2011,2008-04-29,5.3,11-30-2008,Standard Chartered
2012,2008-04-29,5.11,11-30-2008,Standard Chartered
Q2-19,2018-05-30,6.16,05-31-2019,Standard Chartered
Q2-19,2018-07-19,6.52,05-31-2019,Standard Chartered
Q2-19,2018-09-03,7.0,05-31-2019,Standard Chartered
Q2-19,2018-09-27,7.0,05-31-2019,Standard Chartered
Q2-19,2018-12-03,7.0,05-31-2019,Standard Chartered
Q2-19,2018-12-17,6.75,05-31-2019,Standard Chartered
Q2-19,2019-01-17,6.75,05-31-2019,Standard Chartered
Q2-19,2019-04-09,6.75,05-31-2019,Standard Chartered
Q2-19,2019-04-10,6.75,05-31-2019,Standard Chartered
Q2-19,2019-05-21,6.75,05-31-2019,Standard Chartered
Q2-19,2019-05-27,6.75,05-31-2019,Standard Chartered
Q2-19,2019-05-31,6.75,05-31-2019,Standard Chartered
Q3-19,2018-09-03,6.85,05-31-2019,Standard Chartered
Q3-19,2018-09-27,6.85,05-31-2019,Standard Chartered
Q3-19,2018-12-03,6.85,05-31-2019,Standard Chartered
Q3-19,2018-12-17,6.7,05-31-2019,Standard Chartered
Q3-19,2019-01-17,6.7,05-31-2019,Standard Chartered
Q3-19,2019-04-09,6.7,05-31-2019,Standard Chartered
Q3-19,2019-04-10,6.7,05-31-2019,Standard Chartered
Q3-19,2019-05-21,6.7,05-31-2019,Standard Chartered
Q3-19,2019-05-27,6.7,05-31-2019,Standard Chartered
Q3-19,2019-05-31,6.7,05-31-2019,Standard Chartered
Q4-19,2017-06-02,6.92,05-31-2019,Standard Chartered
Q4-19,2017-06-20,6.92,05-31-2019,Standard Chartered
Q4-19,2017-07-24,6.92,05-31-2019,Standard Chartered
Q4-19,2017-08-18,6.8,05-31-2019,Standard Chartered
Q4-19,2017-09-11,6.8,05-31-2019,Standard Chartered
Q4-19,2017-09-12,6.8,05-31-2019,Standard Chartered
Q4-19,2017-09-14,6.8,05-31-2019,Standard Chartered
Q4-19,2017-09-26,6.8,05-31-2019,Standard Chartered
Q4-19,2017-10-30,6.45,05-31-2019,Standard Chartered
Q4-19,2018-01-03,6.45,05-31-2019,Standard Chartered
Q4-19,2018-01-09,6.45,05-31-2019,Standard Chartered
Q4-19,2018-02-22,6.13,05-31-2019,Standard Chartered
Q4-19,2018-04-20,6.13,05-31-2019,Standard Chartered
Q4-19,2018-04-26,6.13,05-31-2019,Standard Chartered
Q4-19,2018-05-18,6.13,05-31-2019,Standard Chartered
Q4-19,2018-05-30,6.13,05-31-2019,Standard Chartered
Q4-19,2018-07-19,6.45,05-31-2019,Standard Chartered
Q4-19,2018-09-03,6.82,05-31-2019,Standard Chartered
Q4-19,2018-09-27,6.82,05-31-2019,Standard Chartered
Q4-19,2018-12-03,6.82,05-31-2019,Standard Chartered
Q4-19,2018-12-17,6.65,05-31-2019,Standard Chartered
Q4-19,2019-01-17,6.65,05-31-2019,Standard Chartered
Q4-19,2019-04-09,6.65,05-31-2019,Standard Chartered
Q4-19,2019-04-10,6.65,05-31-2019,Standard Chartered
Q4-19,2019-05-21,6.65,05-31-2019,Standard Chartered
Q4-19,2019-05-27,6.65,05-31-2019,Standard Chartered
Q4-19,2019-05-31,6.65,05-31-2019,Standard Chartered
Q1-20,2019-04-09,6.7,05-31-2019,Standard Chartered
Q1-20,2019-04-10,6.7,05-31-2019,Standard Chartered
Q1-20,2019-05-21,6.7,05-31-2019,Standard Chartered
Q1-20,2019-05-27,6.7,05-31-2019,Standard Chartered
Q1-20,2019-05-31,6.7,05-31-2019,Standard Chartered
2020,2017-06-02,6.87,05-31-2019,Standard Chartered
2020,2017-06-20,6.87,05-31-2019,Standard Chartered
2020,2017-07-24,6.87,05-31-2019,Standard Chartered
2020,2017-08-18,6.75,05-31-2019,Standard Chartered
2020,2017-09-11,6.75,05-31-2019,Standard Chartered
2020,2017-09-12,6.75,05-31-2019,Standard Chartered
2020,2017-09-14,6.75,05-31-2019,Standard Chartered
2020,2017-09-26,6.75,05-31-2019,Standard Chartered
2020,2017-10-30,6.75,05-31-2019,Standard Chartered
2020,2018-01-03,6.75,05-31-2019,Standard Chartered
2020,2018-01-09,6.75,05-31-2019,Standard Chartered
2020,2018-02-22,6.07,05-31-2019,Standard Chartered
2020,2018-04-20,6.07,05-31-2019,Standard Chartered
2020,2018-04-26,6.07,05-31-2019,Standard Chartered
2020,2018-05-18,6.07,05-31-2019,Standard Chartered
2020,2018-05-30,6.07,05-31-2019,Standard Chartered
2020,2018-07-19,6.07,05-31-2019,Standard Chartered
2020,2018-09-03,6.07,05-31-2019,Standard Chartered
2020,2018-09-27,6.53,05-31-2019,Standard Chartered
2020,2018-12-03,6.53,05-31-2019,Standard Chartered
2020,2018-12-17,6.53,05-31-2019,Standard Chartered
2020,2019-01-17,6.53,05-31-2019,Standard Chartered
2020,2019-04-09,6.55,05-31-2019,Standard Chartered
2020,2019-04-10,6.55,05-31-2019,Standard Chartered
2020,2019-05-21,6.55,05-31-2019,Standard Chartered
2020,2019-05-27,6.55,05-31-2019,Standard Chartered
2020,2019-05-31,6.55,05-31-2019,Standard Chartered
2021,2017-06-02,6.82,05-31-2019,Standard Chartered
2021,2017-06-20,6.82,05-31-2019,Standard Chartered
2021,2017-07-24,6.82,05-31-2019,Standard Chartered
2021,2017-08-18,6.75,05-31-2019,Standard Chartered
2021,2017-09-11,6.75,05-31-2019,Standard Chartered
2021,2017-09-12,6.75,05-31-2019,Standard Chartered
2021,2017-09-14,6.75,05-31-2019,Standard Chartered
2021,2017-09-26,6.75,05-31-2019,Standard Chartered
2021,2017-10-30,6.75,05-31-2019,Standard Chartered
2021,2018-01-03,6.75,05-31-2019,Standard Chartered
2021,2018-01-09,6.75,05-31-2019,Standard Chartered
2021,2018-02-22,6.04,05-31-2019,Standard Chartered
2021,2018-04-20,6.04,05-31-2019,Standard Chartered
2021,2018-04-26,6.04,05-31-2019,Standard Chartered
2021,2018-05-18,6.04,05-31-2019,Standard Chartered
2021,2018-05-30,6.04,05-31-2019,Standard Chartered
2021,2018-07-19,6.04,05-31-2019,Standard Chartered
2021,2018-09-03,6.04,05-31-2019,Standard Chartered
2021,2018-09-27,6.04,05-31-2019,Standard Chartered
2021,2018-12-03,6.04,05-31-2019,Standard Chartered
2021,2018-12-17,6.04,05-31-2019,Standard Chartered
2021,2019-01-17,6.04,05-31-2019,Standard Chartered
2021,2019-04-09,6.6,05-31-2019,Standard Chartered
2021,2019-04-10,6.6,05-31-2019,Standard Chartered
2021,2019-05-21,6.6,05-31-2019,Standard Chartered
2021,2019-05-27,6.6,05-31-2019,Standard Chartered
2021,2019-05-31,6.6,05-31-2019,Standard Chartered
2022,2018-04-20,6.0,05-31-2019,Standard Chartered
2022,2018-04-26,6.0,05-31-2019,Standard Chartered
2022,2018-05-18,6.0,05-31-2019,Standard Chartered
2022,2018-05-30,6.0,05-31-2019,Standard Chartered
2022,2018-07-19,6.0,05-31-2019,Standard Chartered
2022,2018-09-03,6.0,05-31-2019,Standard Chartered
2022,2018-09-27,6.0,05-31-2019,Standard Chartered
2022,2018-12-03,6.0,05-31-2019,Standard Chartered
2022,2018-12-17,6.0,05-31-2019,Standard Chartered
2022,2019-01-17,6.0,05-31-2019,Standard Chartered
2022,2019-04-09,6.6,05-31-2019,Standard Chartered
2022,2019-04-10,6.6,05-31-2019,Standard Chartered
2022,2019-05-21,6.6,05-31-2019,Standard Chartered
2022,2019-05-27,6.6,05-31-2019,Standard Chartered
2022,2019-05-31,6.6,05-31-2019,Standard Chartered
2023,2019-04-09,6.65,05-31-2019,Standard Chartered
2023,2019-04-10,6.65,05-31-2019,Standard Chartered
2023,2019-05-21,6.65,05-31-2019,Standard Chartered
2023,2019-05-27,6.65,05-31-2019,Standard Chartered
2023,2019-05-31,6.65,05-31-2019,Standard Chartered
Q3-12,2011-08-31,6.12,08-31-2012,Standard Chartered
Q3-12,2011-09-30,6.12,08-31-2012,Standard Chartered
Q3-12,2011-11-04,6.12,08-31-2012,Standard Chartered
Q3-12,2011-11-30,6.18,08-31-2012,Standard Chartered
Q3-12,2011-12-14,6.26,08-31-2012,Standard Chartered
Q3-12,2012-01-18,6.26,08-31-2012,Standard Chartered
Q3-12,2012-01-19,6.26,08-31-2012,Standard Chartered
Q3-12,2012-02-03,6.26,08-31-2012,Standard Chartered
Q3-12,2012-02-17,6.26,08-31-2012,Standard Chartered
Q3-12,2012-02-23,6.26,08-31-2012,Standard Chartered
Q3-12,2012-03-23,6.26,08-31-2012,Standard Chartered
Q3-12,2012-03-26,6.26,08-31-2012,Standard Chartered
Q3-12,2012-04-13,6.26,08-31-2012,Standard Chartered
Q3-12,2012-04-27,6.26,08-31-2012,Standard Chartered
Q3-12,2012-05-04,6.26,08-31-2012,Standard Chartered
Q3-12,2012-05-11,6.26,08-31-2012,Standard Chartered
Q3-12,2012-05-29,6.26,08-31-2012,Standard Chartered
Q3-12,2012-06-21,6.36,08-31-2012,Standard Chartered
Q3-12,2012-07-12,6.36,08-31-2012,Standard Chartered
Q3-12,2012-07-31,6.36,08-31-2012,Standard Chartered
Q3-12,2012-08-10,6.36,08-31-2012,Standard Chartered
Q4-12,2010-10-25,6.36,08-31-2012,Standard Chartered
Q4-12,2011-02-11,6.2,08-31-2012,Standard Chartered
Q4-12,2011-07-01,6.2,08-31-2012,Standard Chartered
Q4-12,2011-07-29,6.06,08-31-2012,Standard Chartered
Q4-12,2011-08-12,6.06,08-31-2012,Standard Chartered
Q4-12,2011-08-31,6.06,08-31-2012,Standard Chartered
Q4-12,2011-09-30,6.06,08-31-2012,Standard Chartered
Q4-12,2011-11-04,6.06,08-31-2012,Standard Chartered
Q4-12,2011-11-30,6.12,08-31-2012,Standard Chartered
Q4-12,2011-12-14,6.21,08-31-2012,Standard Chartered
Q4-12,2012-01-18,6.21,08-31-2012,Standard Chartered
Q4-12,2012-01-19,6.21,08-31-2012,Standard Chartered
Q4-12,2012-02-03,6.21,08-31-2012,Standard Chartered
Q4-12,2012-02-17,6.21,08-31-2012,Standard Chartered
Q4-12,2012-02-23,6.21,08-31-2012,Standard Chartered
Q4-12,2012-03-23,6.21,08-31-2012,Standard Chartered
Q4-12,2012-03-26,6.21,08-31-2012,Standard Chartered
Q4-12,2012-04-13,6.21,08-31-2012,Standard Chartered
Q4-12,2012-04-27,6.21,08-31-2012,Standard Chartered
Q4-12,2012-05-04,6.21,08-31-2012,Standard Chartered
Q4-12,2012-05-11,6.21,08-31-2012,Standard Chartered
Q4-12,2012-05-29,6.21,08-31-2012,Standard Chartered
Q4-12,2012-06-21,6.31,08-31-2012,Standard Chartered
Q4-12,2012-07-12,6.31,08-31-2012,Standard Chartered
Q4-12,2012-07-31,6.31,08-31-2012,Standard Chartered
Q4-12,2012-08-10,6.31,08-31-2012,Standard Chartered
Q1-13,2011-11-04,6.01,08-31-2012,Standard Chartered
Q1-13,2011-11-30,6.07,08-31-2012,Standard Chartered
Q1-13,2011-12-14,6.18,08-31-2012,Standard Chartered
Q1-13,2012-01-18,6.18,08-31-2012,Standard Chartered
Q1-13,2012-02-03,6.18,08-31-2012,Standard Chartered
Q1-13,2012-02-17,6.18,08-31-2012,Standard Chartered
Q1-13,2012-02-23,6.18,08-31-2012,Standard Chartered
Q1-13,2012-03-23,6.18,08-31-2012,Standard Chartered
Q1-13,2012-03-26,6.18,08-31-2012,Standard Chartered
Q1-13,2012-04-13,6.18,08-31-2012,Standard Chartered
Q1-13,2012-04-27,6.18,08-31-2012,Standard Chartered
Q1-13,2012-05-04,6.18,08-31-2012,Standard Chartered
Q1-13,2012-05-11,6.18,08-31-2012,Standard Chartered
Q1-13,2012-05-29,6.18,08-31-2012,Standard Chartered
Q1-13,2012-06-21,6.29,08-31-2012,Standard Chartered
Q1-13,2012-07-12,6.29,08-31-2012,Standard Chartered
Q1-13,2012-07-31,6.29,08-31-2012,Standard Chartered
Q1-13,2012-08-10,6.29,08-31-2012,Standard Chartered
Q2-13,2011-12-14,6.15,08-31-2012,Standard Chartered
Q2-13,2012-01-18,6.15,08-31-2012,Standard Chartered
Q2-13,2012-02-03,6.15,08-31-2012,Standard Chartered
Q2-13,2012-02-17,6.15,08-31-2012,Standard Chartered
Q2-13,2012-02-23,6.15,08-31-2012,Standard Chartered
Q2-13,2012-03-23,6.15,08-31-2012,Standard Chartered
Q2-13,2012-04-13,6.15,08-31-2012,Standard Chartered
Q2-13,2012-04-27,6.15,08-31-2012,Standard Chartered
Q2-13,2012-05-04,6.15,08-31-2012,Standard Chartered
Q2-13,2012-05-29,6.15,08-31-2012,Standard Chartered
Q2-13,2012-06-21,6.27,08-31-2012,Standard Chartered
Q2-13,2012-07-12,6.27,08-31-2012,Standard Chartered
Q2-13,2012-07-31,6.27,08-31-2012,Standard Chartered
Q2-13,2012-08-10,6.27,08-31-2012,Standard Chartered
2013,2011-07-01,6.28,08-31-2012,Standard Chartered
2013,2012-01-19,6.15,08-31-2012,Standard Chartered
2013,2012-03-26,6.15,08-31-2012,Standard Chartered
2013,2012-05-11,6.15,08-31-2012,Standard Chartered
2013,2012-06-21,6.19,08-31-2012,Standard Chartered
Q1-15,2014-03-14,5.86,02-28-2015,Standard Chartered
Q1-15,2014-03-17,5.86,02-28-2015,Standard Chartered
Q1-15,2014-04-17,5.95,02-28-2015,Standard Chartered
Q1-15,2014-05-20,5.95,02-28-2015,Standard Chartered
Q1-15,2014-06-24,6.0,02-28-2015,Standard Chartered
Q1-15,2014-07-18,6.0,02-28-2015,Standard Chartered
Q1-15,2014-08-08,6.0,02-28-2015,Standard Chartered
Q1-15,2014-09-16,6.0,02-28-2015,Standard Chartered
Q1-15,2014-10-09,6.05,02-28-2015,Standard Chartered
Q1-15,2014-11-07,6.05,02-28-2015,Standard Chartered
Q1-15,2014-12-03,6.12,02-28-2015,Standard Chartered
Q1-15,2015-01-12,6.25,02-28-2015,Standard Chartered
Q1-15,2015-01-30,6.25,02-28-2015,Standard Chartered
Q2-15,2014-06-24,5.95,02-28-2015,Standard Chartered
Q2-15,2014-07-18,5.95,02-28-2015,Standard Chartered
Q2-15,2014-08-08,5.95,02-28-2015,Standard Chartered
Q2-15,2014-09-16,5.95,02-28-2015,Standard Chartered
Q2-15,2014-10-09,6.02,02-28-2015,Standard Chartered
Q2-15,2014-11-07,6.02,02-28-2015,Standard Chartered
Q2-15,2014-12-03,6.11,02-28-2015,Standard Chartered
Q2-15,2015-01-12,6.28,02-28-2015,Standard Chartered
Q2-15,2015-01-30,6.28,02-28-2015,Standard Chartered
Q3-15,2014-09-16,5.93,02-28-2015,Standard Chartered
Q3-15,2014-10-09,6.0,02-28-2015,Standard Chartered
Q3-15,2014-11-07,6.0,02-28-2015,Standard Chartered
Q3-15,2014-12-03,6.08,02-28-2015,Standard Chartered
Q3-15,2015-01-12,6.19,02-28-2015,Standard Chartered
Q3-15,2015-01-30,6.19,02-28-2015,Standard Chartered
Q4-15,2013-07-19,5.95,02-28-2015,Standard Chartered
Q4-15,2013-08-16,5.95,02-28-2015,Standard Chartered
Q4-15,2013-08-30,5.95,02-28-2015,Standard Chartered
Q4-15,2013-09-13,5.95,02-28-2015,Standard Chartered
Q4-15,2013-09-20,5.95,02-28-2015,Standard Chartered
Q4-15,2013-10-18,5.95,02-28-2015,Standard Chartered
Q4-15,2013-11-14,5.95,02-28-2015,Standard Chartered
Q4-15,2013-11-28,5.95,02-28-2015,Standard Chartered
Q4-15,2014-01-02,5.9,02-28-2015,Standard Chartered
Q4-15,2014-01-17,5.9,02-28-2015,Standard Chartered
Q4-15,2014-02-13,5.9,02-28-2015,Standard Chartered
Q4-15,2014-03-14,5.85,02-28-2015,Standard Chartered
Q4-15,2014-03-17,5.85,02-28-2015,Standard Chartered
Q4-15,2014-04-17,5.85,02-28-2015,Standard Chartered
Q4-15,2014-05-20,5.85,02-28-2015,Standard Chartered
Q4-15,2014-06-24,5.85,02-28-2015,Standard Chartered
Q4-15,2014-07-18,5.85,02-28-2015,Standard Chartered
Q4-15,2014-08-08,5.85,02-28-2015,Standard Chartered
Q4-15,2014-09-16,5.85,02-28-2015,Standard Chartered
Q4-15,2014-10-09,5.95,02-28-2015,Standard Chartered
Q4-15,2014-11-07,5.95,02-28-2015,Standard Chartered
Q4-15,2014-12-03,5.98,02-28-2015,Standard Chartered
Q4-15,2015-01-12,6.12,02-28-2015,Standard Chartered
Q4-15,2015-01-30,6.12,02-28-2015,Standard Chartered
2016,2013-08-16,5.85,02-28-2015,Standard Chartered
2016,2013-08-30,5.85,02-28-2015,Standard Chartered
2016,2013-09-13,5.85,02-28-2015,Standard Chartered
2016,2013-09-20,5.85,02-28-2015,Standard Chartered
2016,2013-10-18,5.85,02-28-2015,Standard Chartered
2016,2013-11-14,5.85,02-28-2015,Standard Chartered
2016,2013-11-28,5.85,02-28-2015,Standard Chartered
2016,2014-01-02,5.8,02-28-2015,Standard Chartered
2016,2014-01-17,5.8,02-28-2015,Standard Chartered
2016,2014-02-13,5.8,02-28-2015,Standard Chartered
2016,2014-03-14,5.8,02-28-2015,Standard Chartered
2016,2014-03-17,5.8,02-28-2015,Standard Chartered
2016,2014-04-17,5.8,02-28-2015,Standard Chartered
2016,2014-05-20,5.8,02-28-2015,Standard Chartered
2016,2014-06-24,5.8,02-28-2015,Standard Chartered
2016,2014-07-18,5.8,02-28-2015,Standard Chartered
2016,2014-08-08,5.8,02-28-2015,Standard Chartered
2016,2014-09-16,5.8,02-28-2015,Standard Chartered
2016,2014-10-09,5.84,02-28-2015,Standard Chartered
2016,2014-11-07,5.84,02-28-2015,Standard Chartered
2016,2014-12-03,5.84,02-28-2015,Standard Chartered
2016,2015-01-12,5.84,02-28-2015,Standard Chartered
2016,2015-01-30,6.05,02-28-2015,Standard Chartered
2017,2013-08-16,5.75,02-28-2015,Standard Chartered
2017,2013-08-30,5.75,02-28-2015,Standard Chartered
2017,2013-09-13,5.75,02-28-2015,Standard Chartered
2017,2013-09-20,5.75,02-28-2015,Standard Chartered
2017,2013-10-18,5.75,02-28-2015,Standard Chartered
2017,2013-11-14,5.75,02-28-2015,Standard Chartered
2017,2013-11-28,5.75,02-28-2015,Standard Chartered
2017,2014-01-02,5.7,02-28-2015,Standard Chartered
2017,2014-01-17,5.7,02-28-2015,Standard Chartered
2017,2014-02-13,5.7,02-28-2015,Standard Chartered
2017,2014-03-14,5.75,02-28-2015,Standard Chartered
2017,2014-03-17,5.75,02-28-2015,Standard Chartered
2017,2014-04-17,5.75,02-28-2015,Standard Chartered
2017,2014-05-20,5.75,02-28-2015,Standard Chartered
2017,2014-06-24,5.75,02-28-2015,Standard Chartered
2017,2014-07-18,5.75,02-28-2015,Standard Chartered
2017,2014-08-08,5.75,02-28-2015,Standard Chartered
2017,2014-09-16,5.75,02-28-2015,Standard Chartered
2017,2014-10-09,5.75,02-28-2015,Standard Chartered
2017,2014-11-07,5.75,02-28-2015,Standard Chartered
2017,2014-12-03,5.75,02-28-2015,Standard Chartered
2017,2015-01-12,5.75,02-28-2015,Standard Chartered
2017,2015-01-30,5.75,02-28-2015,Standard Chartered
2018,2014-03-14,5.7,02-28-2015,Standard Chartered
2018,2014-03-17,5.7,02-28-2015,Standard Chartered
2018,2014-04-17,5.7,02-28-2015,Standard Chartered
2018,2014-05-20,5.7,02-28-2015,Standard Chartered
2018,2014-06-24,5.7,02-28-2015,Standard Chartered
2018,2014-07-18,5.7,02-28-2015,Standard Chartered
2018,2014-08-08,5.7,02-28-2015,Standard Chartered
2018,2014-09-16,5.7,02-28-2015,Standard Chartered
2018,2014-10-09,5.7,02-28-2015,Standard Chartered
2018,2014-11-07,5.7,02-28-2015,Standard Chartered
2018,2014-12-03,5.7,02-28-2015,Standard Chartered
2018,2015-01-12,5.7,02-28-2015,Standard Chartered
2018,2015-01-30,5.7,02-28-2015,Standard Chartered
Q4-12,2011-02-11,6.2,11-30-2012,Standard Chartered
Q4-12,2011-07-01,6.2,11-30-2012,Standard Chartered
Q4-12,2011-07-29,6.06,11-30-2012,Standard Chartered
Q4-12,2011-08-12,6.06,11-30-2012,Standard Chartered
Q4-12,2011-08-31,6.06,11-30-2012,Standard Chartered
Q4-12,2011-09-30,6.06,11-30-2012,Standard Chartered
Q4-12,2011-11-04,6.06,11-30-2012,Standard Chartered
Q4-12,2011-11-30,6.12,11-30-2012,Standard Chartered
Q4-12,2011-12-14,6.21,11-30-2012,Standard Chartered
Q4-12,2012-01-18,6.21,11-30-2012,Standard Chartered
Q4-12,2012-01-19,6.21,11-30-2012,Standard Chartered
Q4-12,2012-02-03,6.21,11-30-2012,Standard Chartered
Q4-12,2012-02-17,6.21,11-30-2012,Standard Chartered
Q4-12,2012-02-23,6.21,11-30-2012,Standard Chartered
Q4-12,2012-03-23,6.21,11-30-2012,Standard Chartered
Q4-12,2012-03-26,6.21,11-30-2012,Standard Chartered
Q4-12,2012-04-13,6.21,11-30-2012,Standard Chartered
Q4-12,2012-04-27,6.21,11-30-2012,Standard Chartered
Q4-12,2012-05-04,6.21,11-30-2012,Standard Chartered
Q4-12,2012-05-11,6.21,11-30-2012,Standard Chartered
Q4-12,2012-05-29,6.21,11-30-2012,Standard Chartered
Q4-12,2012-06-21,6.31,11-30-2012,Standard Chartered
Q4-12,2012-07-12,6.31,11-30-2012,Standard Chartered
Q4-12,2012-07-31,6.31,11-30-2012,Standard Chartered
Q4-12,2012-08-10,6.31,11-30-2012,Standard Chartered
Q4-12,2012-09-10,6.31,11-30-2012,Standard Chartered
Q4-12,2012-09-17,6.31,11-30-2012,Standard Chartered
Q4-12,2012-09-21,6.31,11-30-2012,Standard Chartered
Q4-12,2012-09-27,6.31,11-30-2012,Standard Chartered
Q4-12,2012-10-16,6.31,11-30-2012,Standard Chartered
Q4-12,2012-10-19,6.31,11-30-2012,Standard Chartered
Q4-12,2012-10-23,6.31,11-30-2012,Standard Chartered
Q4-12,2012-10-26,6.31,11-30-2012,Standard Chartered
Q4-12,2012-11-02,6.31,11-30-2012,Standard Chartered
Q4-12,2012-11-09,6.31,11-30-2012,Standard Chartered
Q4-12,2012-11-16,6.31,11-30-2012,Standard Chartered
Q4-12,2012-11-23,6.31,11-30-2012,Standard Chartered
Q4-12,2012-11-30,6.28,11-30-2012,Standard Chartered
Q1-13,2011-11-04,6.01,11-30-2012,Standard Chartered
Q1-13,2011-11-30,6.07,11-30-2012,Standard Chartered
Q1-13,2011-12-14,6.18,11-30-2012,Standard Chartered
Q1-13,2012-01-18,6.18,11-30-2012,Standard Chartered
Q1-13,2012-02-03,6.18,11-30-2012,Standard Chartered
Q1-13,2012-02-17,6.18,11-30-2012,Standard Chartered
Q1-13,2012-02-23,6.18,11-30-2012,Standard Chartered
Q1-13,2012-03-23,6.18,11-30-2012,Standard Chartered
Q1-13,2012-03-26,6.18,11-30-2012,Standard Chartered
Q1-13,2012-04-13,6.18,11-30-2012,Standard Chartered
Q1-13,2012-04-27,6.18,11-30-2012,Standard Chartered
Q1-13,2012-05-04,6.18,11-30-2012,Standard Chartered
Q1-13,2012-05-11,6.18,11-30-2012,Standard Chartered
Q1-13,2012-05-29,6.18,11-30-2012,Standard Chartered
Q1-13,2012-06-21,6.29,11-30-2012,Standard Chartered
Q1-13,2012-07-12,6.29,11-30-2012,Standard Chartered
Q1-13,2012-07-31,6.29,11-30-2012,Standard Chartered
Q1-13,2012-08-10,6.29,11-30-2012,Standard Chartered
Q1-13,2012-09-10,6.29,11-30-2012,Standard Chartered
Q1-13,2012-09-17,6.29,11-30-2012,Standard Chartered
Q1-13,2012-09-21,6.29,11-30-2012,Standard Chartered
Q1-13,2012-09-27,6.29,11-30-2012,Standard Chartered
Q1-13,2012-10-16,6.29,11-30-2012,Standard Chartered
Q1-13,2012-10-19,6.29,11-30-2012,Standard Chartered
Q1-13,2012-10-23,6.29,11-30-2012,Standard Chartered
Q1-13,2012-10-26,6.29,11-30-2012,Standard Chartered
Q1-13,2012-11-02,6.29,11-30-2012,Standard Chartered
Q1-13,2012-11-09,6.29,11-30-2012,Standard Chartered
Q1-13,2012-11-16,6.29,11-30-2012,Standard Chartered
Q1-13,2012-11-23,6.29,11-30-2012,Standard Chartered
Q1-13,2012-11-30,6.26,11-30-2012,Standard Chartered
Q2-13,2011-12-14,6.15,11-30-2012,Standard Chartered
Q2-13,2012-01-18,6.15,11-30-2012,Standard Chartered
Q2-13,2012-02-03,6.15,11-30-2012,Standard Chartered
Q2-13,2012-02-17,6.15,11-30-2012,Standard Chartered
Q2-13,2012-02-23,6.15,11-30-2012,Standard Chartered
Q2-13,2012-03-23,6.15,11-30-2012,Standard Chartered
Q2-13,2012-04-13,6.15,11-30-2012,Standard Chartered
Q2-13,2012-04-27,6.15,11-30-2012,Standard Chartered
Q2-13,2012-05-04,6.15,11-30-2012,Standard Chartered
Q2-13,2012-05-29,6.15,11-30-2012,Standard Chartered
Q2-13,2012-06-21,6.27,11-30-2012,Standard Chartered
Q2-13,2012-07-12,6.27,11-30-2012,Standard Chartered
Q2-13,2012-07-31,6.27,11-30-2012,Standard Chartered
Q2-13,2012-08-10,6.27,11-30-2012,Standard Chartered
Q2-13,2012-09-10,6.27,11-30-2012,Standard Chartered
Q2-13,2012-09-17,6.27,11-30-2012,Standard Chartered
Q2-13,2012-09-21,6.27,11-30-2012,Standard Chartered
Q2-13,2012-09-27,6.27,11-30-2012,Standard Chartered
Q2-13,2012-10-16,6.27,11-30-2012,Standard Chartered
Q2-13,2012-10-19,6.27,11-30-2012,Standard Chartered
Q2-13,2012-10-23,6.27,11-30-2012,Standard Chartered
Q2-13,2012-10-26,6.27,11-30-2012,Standard Chartered
Q2-13,2012-11-02,6.27,11-30-2012,Standard Chartered
Q2-13,2012-11-09,6.27,11-30-2012,Standard Chartered
Q2-13,2012-11-16,6.27,11-30-2012,Standard Chartered
Q2-13,2012-11-23,6.27,11-30-2012,Standard Chartered
Q2-13,2012-11-30,6.24,11-30-2012,Standard Chartered
Q3-13,2012-09-10,6.23,11-30-2012,Standard Chartered
Q3-13,2012-09-17,6.23,11-30-2012,Standard Chartered
Q3-13,2012-09-21,6.23,11-30-2012,Standard Chartered
Q3-13,2012-09-27,6.23,11-30-2012,Standard Chartered
Q3-13,2012-10-16,6.23,11-30-2012,Standard Chartered
Q3-13,2012-10-19,6.23,11-30-2012,Standard Chartered
Q3-13,2012-10-23,6.23,11-30-2012,Standard Chartered
Q3-13,2012-10-26,6.23,11-30-2012,Standard Chartered
Q3-13,2012-11-02,6.23,11-30-2012,Standard Chartered
Q3-13,2012-11-09,6.23,11-30-2012,Standard Chartered
Q3-13,2012-11-16,6.23,11-30-2012,Standard Chartered
Q3-13,2012-11-23,6.23,11-30-2012,Standard Chartered
Q3-13,2012-11-30,6.2,11-30-2012,Standard Chartered
2013,2011-07-01,6.28,11-30-2012,Standard Chartered
2013,2012-01-19,6.15,11-30-2012,Standard Chartered
2013,2012-03-26,6.15,11-30-2012,Standard Chartered
2013,2012-05-11,6.15,11-30-2012,Standard Chartered
2013,2012-06-21,6.19,11-30-2012,Standard Chartered
2013,2012-09-10,6.19,11-30-2012,Standard Chartered
2013,2012-09-17,6.19,11-30-2012,Standard Chartered
2013,2012-09-21,6.19,11-30-2012,Standard Chartered
2013,2012-09-27,6.19,11-30-2012,Standard Chartered
2013,2012-10-16,6.19,11-30-2012,Standard Chartered
2013,2012-10-19,6.19,11-30-2012,Standard Chartered
2013,2012-10-23,6.19,11-30-2012,Standard Chartered
2013,2012-10-26,6.19,11-30-2012,Standard Chartered
2013,2012-11-02,6.19,11-30-2012,Standard Chartered
2013,2012-11-09,6.19,11-30-2012,Standard Chartered
2013,2012-11-16,6.19,11-30-2012,Standard Chartered
2013,2012-11-23,6.19,11-30-2012,Standard Chartered
2013,2012-11-30,6.16,11-30-2012,Standard Chartered
Q2-15,2014-06-24,5.95,05-31-2015,Standard Chartered
Q2-15,2014-07-18,5.95,05-31-2015,Standard Chartered
Q2-15,2014-08-08,5.95,05-31-2015,Standard Chartered
Q2-15,2014-09-16,5.95,05-31-2015,Standard Chartered
Q2-15,2014-10-09,6.02,05-31-2015,Standard Chartered
Q2-15,2014-11-07,6.02,05-31-2015,Standard Chartered
Q2-15,2014-12-03,6.11,05-31-2015,Standard Chartered
Q2-15,2015-01-12,6.28,05-31-2015,Standard Chartered
Q2-15,2015-01-30,6.28,05-31-2015,Standard Chartered
Q2-15,2015-03-02,6.28,05-31-2015,Standard Chartered
Q2-15,2015-03-24,6.34,05-31-2015,Standard Chartered
Q2-15,2015-05-04,6.24,05-31-2015,Standard Chartered
Q3-15,2014-09-16,5.93,05-31-2015,Standard Chartered
Q3-15,2014-10-09,6.0,05-31-2015,Standard Chartered
Q3-15,2014-11-07,6.0,05-31-2015,Standard Chartered
Q3-15,2014-12-03,6.08,05-31-2015,Standard Chartered
Q3-15,2015-01-12,6.19,05-31-2015,Standard Chartered
Q3-15,2015-01-30,6.19,05-31-2015,Standard Chartered
Q3-15,2015-03-02,6.19,05-31-2015,Standard Chartered
Q3-15,2015-03-24,6.27,05-31-2015,Standard Chartered
Q3-15,2015-05-04,6.21,05-31-2015,Standard Chartered
Q4-15,2013-07-19,5.95,05-31-2015,Standard Chartered
Q4-15,2013-08-16,5.95,05-31-2015,Standard Chartered
Q4-15,2013-08-30,5.95,05-31-2015,Standard Chartered
Q4-15,2013-09-13,5.95,05-31-2015,Standard Chartered
Q4-15,2013-09-20,5.95,05-31-2015,Standard Chartered
Q4-15,2013-10-18,5.95,05-31-2015,Standard Chartered
Q4-15,2013-11-14,5.95,05-31-2015,Standard Chartered
Q4-15,2013-11-28,5.95,05-31-2015,Standard Chartered
Q4-15,2014-01-02,5.9,05-31-2015,Standard Chartered
Q4-15,2014-01-17,5.9,05-31-2015,Standard Chartered
Q4-15,2014-02-13,5.9,05-31-2015,Standard Chartered
Q4-15,2014-03-14,5.85,05-31-2015,Standard Chartered
Q4-15,2014-03-17,5.85,05-31-2015,Standard Chartered
Q4-15,2014-04-17,5.85,05-31-2015,Standard Chartered
Q4-15,2014-05-20,5.85,05-31-2015,Standard Chartered
Q4-15,2014-06-24,5.85,05-31-2015,Standard Chartered
Q4-15,2014-07-18,5.85,05-31-2015,Standard Chartered
Q4-15,2014-08-08,5.85,05-31-2015,Standard Chartered
Q4-15,2014-09-16,5.85,05-31-2015,Standard Chartered
Q4-15,2014-10-09,5.95,05-31-2015,Standard Chartered
Q4-15,2014-11-07,5.95,05-31-2015,Standard Chartered
Q4-15,2014-12-03,5.98,05-31-2015,Standard Chartered
Q4-15,2015-01-12,6.12,05-31-2015,Standard Chartered
Q4-15,2015-01-30,6.12,05-31-2015,Standard Chartered
Q4-15,2015-03-02,6.12,05-31-2015,Standard Chartered
Q4-15,2015-03-24,6.19,05-31-2015,Standard Chartered
Q4-15,2015-05-04,6.19,05-31-2015,Standard Chartered
Q1-16,2015-03-24,6.17,05-31-2015,Standard Chartered
Q1-16,2015-05-04,6.17,05-31-2015,Standard Chartered
2016,2013-08-16,5.85,05-31-2015,Standard Chartered
2016,2013-08-30,5.85,05-31-2015,Standard Chartered
2016,2013-09-13,5.85,05-31-2015,Standard Chartered
2016,2013-09-20,5.85,05-31-2015,Standard Chartered
2016,2013-10-18,5.85,05-31-2015,Standard Chartered
2016,2013-11-14,5.85,05-31-2015,Standard Chartered
2016,2013-11-28,5.85,05-31-2015,Standard Chartered
2016,2014-01-02,5.8,05-31-2015,Standard Chartered
2016,2014-01-17,5.8,05-31-2015,Standard Chartered
2016,2014-02-13,5.8,05-31-2015,Standard Chartered
2016,2014-03-14,5.8,05-31-2015,Standard Chartered
2016,2014-03-17,5.8,05-31-2015,Standard Chartered
2016,2014-04-17,5.8,05-31-2015,Standard Chartered
2016,2014-05-20,5.8,05-31-2015,Standard Chartered
2016,2014-06-24,5.8,05-31-2015,Standard Chartered
2016,2014-07-18,5.8,05-31-2015,Standard Chartered
2016,2014-08-08,5.8,05-31-2015,Standard Chartered
2016,2014-09-16,5.8,05-31-2015,Standard Chartered
2016,2014-10-09,5.84,05-31-2015,Standard Chartered
2016,2014-11-07,5.84,05-31-2015,Standard Chartered
2016,2014-12-03,5.84,05-31-2015,Standard Chartered
2016,2015-01-12,5.84,05-31-2015,Standard Chartered
2016,2015-01-30,6.05,05-31-2015,Standard Chartered
2016,2015-03-02,6.05,05-31-2015,Standard Chartered
2016,2015-03-24,6.12,05-31-2015,Standard Chartered
2016,2015-05-04,6.12,05-31-2015,Standard Chartered
2017,2013-08-16,5.75,05-31-2015,Standard Chartered
2017,2013-08-30,5.75,05-31-2015,Standard Chartered
2017,2013-09-13,5.75,05-31-2015,Standard Chartered
2017,2013-09-20,5.75,05-31-2015,Standard Chartered
2017,2013-10-18,5.75,05-31-2015,Standard Chartered
2017,2013-11-14,5.75,05-31-2015,Standard Chartered
2017,2013-11-28,5.75,05-31-2015,Standard Chartered
2017,2014-01-02,5.7,05-31-2015,Standard Chartered
2017,2014-01-17,5.7,05-31-2015,Standard Chartered
2017,2014-02-13,5.7,05-31-2015,Standard Chartered
2017,2014-03-14,5.75,05-31-2015,Standard Chartered
2017,2014-03-17,5.75,05-31-2015,Standard Chartered
2017,2014-04-17,5.75,05-31-2015,Standard Chartered
2017,2014-05-20,5.75,05-31-2015,Standard Chartered
2017,2014-06-24,5.75,05-31-2015,Standard Chartered
2017,2014-07-18,5.75,05-31-2015,Standard Chartered
2017,2014-08-08,5.75,05-31-2015,Standard Chartered
2017,2014-09-16,5.75,05-31-2015,Standard Chartered
2017,2014-10-09,5.75,05-31-2015,Standard Chartered
2017,2014-11-07,5.75,05-31-2015,Standard Chartered
2017,2014-12-03,5.75,05-31-2015,Standard Chartered
2017,2015-01-12,5.75,05-31-2015,Standard Chartered
2017,2015-01-30,5.75,05-31-2015,Standard Chartered
2017,2015-03-02,5.75,05-31-2015,Standard Chartered
2017,2015-03-24,6.08,05-31-2015,Standard Chartered
2017,2015-05-04,6.08,05-31-2015,Standard Chartered
2018,2014-03-14,5.7,05-31-2015,Standard Chartered
2018,2014-03-17,5.7,05-31-2015,Standard Chartered
2018,2014-04-17,5.7,05-31-2015,Standard Chartered
2018,2014-05-20,5.7,05-31-2015,Standard Chartered
2018,2014-06-24,5.7,05-31-2015,Standard Chartered
2018,2014-07-18,5.7,05-31-2015,Standard Chartered
2018,2014-08-08,5.7,05-31-2015,Standard Chartered
2018,2014-09-16,5.7,05-31-2015,Standard Chartered
2018,2014-10-09,5.7,05-31-2015,Standard Chartered
2018,2014-11-07,5.7,05-31-2015,Standard Chartered
2018,2014-12-03,5.7,05-31-2015,Standard Chartered
2018,2015-01-12,5.7,05-31-2015,Standard Chartered
2018,2015-01-30,5.7,05-31-2015,Standard Chartered
2018,2015-03-02,5.7,05-31-2015,Standard Chartered
2018,2015-03-24,6.02,05-31-2015,Standard Chartered
2018,2015-05-04,6.02,05-31-2015,Standard Chartered
2019,2015-03-24,5.95,05-31-2015,Standard Chartered
2019,2015-05-04,5.95,05-31-2015,Standard Chartered
Q3-08,2007-09-27,7.11,08-31-2008,Standard Chartered
Q3-08,2007-11-09,7.11,08-31-2008,Standard Chartered
Q3-08,2007-11-16,7.11,08-31-2008,Standard Chartered
Q3-08,2007-12-13,6.98,08-31-2008,Standard Chartered
Q3-08,2008-01-11,6.79,08-31-2008,Standard Chartered
Q3-08,2008-02-07,6.79,08-31-2008,Standard Chartered
Q3-08,2008-02-14,6.79,08-31-2008,Standard Chartered
Q3-08,2008-03-06,6.79,08-31-2008,Standard Chartered
Q3-08,2008-04-29,6.45,08-31-2008,Standard Chartered
Q3-08,2008-05-23,6.55,08-31-2008,Standard Chartered
Q3-08,2008-06-05,6.8,08-31-2008,Standard Chartered
Q4-08,2006-10-19,7.56,08-31-2008,Standard Chartered
Q4-08,2007-08-24,7.0,08-31-2008,Standard Chartered
Q4-08,2007-09-27,7.0,08-31-2008,Standard Chartered
Q4-08,2007-11-09,7.0,08-31-2008,Standard Chartered
Q4-08,2007-11-16,7.0,08-31-2008,Standard Chartered
Q4-08,2007-12-13,6.84,08-31-2008,Standard Chartered
Q4-08,2008-01-11,6.64,08-31-2008,Standard Chartered
Q4-08,2008-02-07,6.64,08-31-2008,Standard Chartered
Q4-08,2008-02-14,6.64,08-31-2008,Standard Chartered
Q4-08,2008-03-06,6.64,08-31-2008,Standard Chartered
Q4-08,2008-04-29,6.35,08-31-2008,Standard Chartered
Q4-08,2008-05-23,6.35,08-31-2008,Standard Chartered
Q4-08,2008-06-05,6.65,08-31-2008,Standard Chartered
Q1-09,2008-03-06,6.53,08-31-2008,Standard Chartered
Q1-09,2008-04-29,6.2,08-31-2008,Standard Chartered
Q1-09,2008-05-23,6.2,08-31-2008,Standard Chartered
Q1-09,2008-06-05,6.55,08-31-2008,Standard Chartered
Q2-09,2008-06-05,6.45,08-31-2008,Standard Chartered
2009,2007-08-24,6.58,08-31-2008,Standard Chartered
2009,2008-04-29,5.9,08-31-2008,Standard Chartered
2009,2008-06-05,6.35,08-31-2008,Standard Chartered
2010,2007-08-24,6.25,08-31-2008,Standard Chartered
2010,2008-04-29,5.6,08-31-2008,Standard Chartered
2011,2007-08-24,5.94,08-31-2008,Standard Chartered
2011,2008-04-29,5.3,08-31-2008,Standard Chartered
2012,2008-04-29,5.11,08-31-2008,Standard Chartered
Q1-19,2018-04-20,6.18,02-28-2019,Standard Chartered
Q1-19,2018-04-26,6.18,02-28-2019,Standard Chartered
Q1-19,2018-05-18,6.18,02-28-2019,Standard Chartered
Q1-19,2018-05-30,6.18,02-28-2019,Standard Chartered
Q1-19,2018-07-19,6.55,02-28-2019,Standard Chartered
Q1-19,2018-09-03,7.02,02-28-2019,Standard Chartered
Q1-19,2018-09-27,7.02,02-28-2019,Standard Chartered
Q1-19,2018-12-03,7.02,02-28-2019,Standard Chartered
Q1-19,2018-12-17,6.9,02-28-2019,Standard Chartered
Q1-19,2019-01-17,6.9,02-28-2019,Standard Chartered
Q2-19,2018-05-30,6.16,02-28-2019,Standard Chartered
Q2-19,2018-07-19,6.52,02-28-2019,Standard Chartered
Q2-19,2018-09-03,7.0,02-28-2019,Standard Chartered
Q2-19,2018-09-27,7.0,02-28-2019,Standard Chartered
Q2-19,2018-12-03,7.0,02-28-2019,Standard Chartered
Q2-19,2018-12-17,6.75,02-28-2019,Standard Chartered
Q2-19,2019-01-17,6.75,02-28-2019,Standard Chartered
Q3-19,2018-09-03,6.85,02-28-2019,Standard Chartered
Q3-19,2018-09-27,6.85,02-28-2019,Standard Chartered
Q3-19,2018-12-03,6.85,02-28-2019,Standard Chartered
Q3-19,2018-12-17,6.7,02-28-2019,Standard Chartered
Q3-19,2019-01-17,6.7,02-28-2019,Standard Chartered
Q4-19,2017-03-08,7.0,02-28-2019,Standard Chartered
Q4-19,2017-06-02,6.92,02-28-2019,Standard Chartered
Q4-19,2017-06-20,6.92,02-28-2019,Standard Chartered
Q4-19,2017-07-24,6.92,02-28-2019,Standard Chartered
Q4-19,2017-08-18,6.8,02-28-2019,Standard Chartered
Q4-19,2017-09-11,6.8,02-28-2019,Standard Chartered
Q4-19,2017-09-12,6.8,02-28-2019,Standard Chartered
Q4-19,2017-09-14,6.8,02-28-2019,Standard Chartered
Q4-19,2017-09-26,6.8,02-28-2019,Standard Chartered
Q4-19,2017-10-30,6.45,02-28-2019,Standard Chartered
Q4-19,2018-01-03,6.45,02-28-2019,Standard Chartered
Q4-19,2018-01-09,6.45,02-28-2019,Standard Chartered
Q4-19,2018-02-22,6.13,02-28-2019,Standard Chartered
Q4-19,2018-04-20,6.13,02-28-2019,Standard Chartered
Q4-19,2018-04-26,6.13,02-28-2019,Standard Chartered
Q4-19,2018-05-18,6.13,02-28-2019,Standard Chartered
Q4-19,2018-05-30,6.13,02-28-2019,Standard Chartered
Q4-19,2018-07-19,6.45,02-28-2019,Standard Chartered
Q4-19,2018-09-03,6.82,02-28-2019,Standard Chartered
Q4-19,2018-09-27,6.82,02-28-2019,Standard Chartered
Q4-19,2018-12-03,6.82,02-28-2019,Standard Chartered
Q4-19,2018-12-17,6.65,02-28-2019,Standard Chartered
Q4-19,2019-01-17,6.65,02-28-2019,Standard Chartered
2020,2017-03-08,6.95,02-28-2019,Standard Chartered
2020,2017-06-02,6.87,02-28-2019,Standard Chartered
2020,2017-06-20,6.87,02-28-2019,Standard Chartered
2020,2017-07-24,6.87,02-28-2019,Standard Chartered
2020,2017-08-18,6.75,02-28-2019,Standard Chartered
2020,2017-09-11,6.75,02-28-2019,Standard Chartered
2020,2017-09-12,6.75,02-28-2019,Standard Chartered
2020,2017-09-14,6.75,02-28-2019,Standard Chartered
2020,2017-09-26,6.75,02-28-2019,Standard Chartered
2020,2017-10-30,6.75,02-28-2019,Standard Chartered
2020,2018-01-03,6.75,02-28-2019,Standard Chartered
2020,2018-01-09,6.75,02-28-2019,Standard Chartered
2020,2018-02-22,6.07,02-28-2019,Standard Chartered
2020,2018-04-20,6.07,02-28-2019,Standard Chartered
2020,2018-04-26,6.07,02-28-2019,Standard Chartered
2020,2018-05-18,6.07,02-28-2019,Standard Chartered
2020,2018-05-30,6.07,02-28-2019,Standard Chartered
2020,2018-07-19,6.07,02-28-2019,Standard Chartered
2020,2018-09-03,6.07,02-28-2019,Standard Chartered
2020,2018-09-27,6.53,02-28-2019,Standard Chartered
2020,2018-12-03,6.53,02-28-2019,Standard Chartered
2020,2018-12-17,6.53,02-28-2019,Standard Chartered
2020,2019-01-17,6.53,02-28-2019,Standard Chartered
2021,2017-03-08,6.9,02-28-2019,Standard Chartered
2021,2017-06-02,6.82,02-28-2019,Standard Chartered
2021,2017-06-20,6.82,02-28-2019,Standard Chartered
2021,2017-07-24,6.82,02-28-2019,Standard Chartered
2021,2017-08-18,6.75,02-28-2019,Standard Chartered
2021,2017-09-11,6.75,02-28-2019,Standard Chartered
2021,2017-09-12,6.75,02-28-2019,Standard Chartered
2021,2017-09-14,6.75,02-28-2019,Standard Chartered
2021,2017-09-26,6.75,02-28-2019,Standard Chartered
2021,2017-10-30,6.75,02-28-2019,Standard Chartered
2021,2018-01-03,6.75,02-28-2019,Standard Chartered
2021,2018-01-09,6.75,02-28-2019,Standard Chartered
2021,2018-02-22,6.04,02-28-2019,Standard Chartered
2021,2018-04-20,6.04,02-28-2019,Standard Chartered
2021,2018-04-26,6.04,02-28-2019,Standard Chartered
2021,2018-05-18,6.04,02-28-2019,Standard Chartered
2021,2018-05-30,6.04,02-28-2019,Standard Chartered
2021,2018-07-19,6.04,02-28-2019,Standard Chartered
2021,2018-09-03,6.04,02-28-2019,Standard Chartered
2021,2018-09-27,6.04,02-28-2019,Standard Chartered
2021,2018-12-03,6.04,02-28-2019,Standard Chartered
2021,2018-12-17,6.04,02-28-2019,Standard Chartered
2021,2019-01-17,6.04,02-28-2019,Standard Chartered
2022,2018-04-20,6.0,02-28-2019,Standard Chartered
2022,2018-04-26,6.0,02-28-2019,Standard Chartered
2022,2018-05-18,6.0,02-28-2019,Standard Chartered
2022,2018-05-30,6.0,02-28-2019,Standard Chartered
2022,2018-07-19,6.0,02-28-2019,Standard Chartered
2022,2018-09-03,6.0,02-28-2019,Standard Chartered
2022,2018-09-27,6.0,02-28-2019,Standard Chartered
2022,2018-12-03,6.0,02-28-2019,Standard Chartered
2022,2018-12-17,6.0,02-28-2019,Standard Chartered
2022,2019-01-17,6.0,02-28-2019,Standard Chartered
Q1-18,2017-04-17,7.02,02-28-2018,Standard Chartered
Q1-18,2017-05-04,7.02,02-28-2018,Standard Chartered
Q1-18,2017-06-02,7.02,02-28-2018,Standard Chartered
Q1-18,2017-06-20,7.02,02-28-2018,Standard Chartered
Q1-18,2017-07-24,7.02,02-28-2018,Standard Chartered
Q1-18,2017-08-18,6.85,02-28-2018,Standard Chartered
Q1-18,2017-09-11,6.58,02-28-2018,Standard Chartered
Q1-18,2017-09-12,6.58,02-28-2018,Standard Chartered
Q1-18,2017-09-14,6.58,02-28-2018,Standard Chartered
Q1-18,2017-09-26,6.58,02-28-2018,Standard Chartered
Q1-18,2017-10-30,6.58,02-28-2018,Standard Chartered
Q1-18,2018-01-03,6.58,02-28-2018,Standard Chartered
Q1-18,2018-01-09,6.58,02-28-2018,Standard Chartered
Q1-18,2018-02-22,6.28,02-28-2018,Standard Chartered
Q2-18,2017-06-02,7.05,02-28-2018,Standard Chartered
Q2-18,2017-06-20,7.05,02-28-2018,Standard Chartered
Q2-18,2017-07-24,7.05,02-28-2018,Standard Chartered
Q2-18,2017-08-18,6.9,02-28-2018,Standard Chartered
Q2-18,2017-09-11,6.55,02-28-2018,Standard Chartered
Q2-18,2017-09-12,6.55,02-28-2018,Standard Chartered
Q2-18,2017-09-14,6.55,02-28-2018,Standard Chartered
Q2-18,2017-09-26,6.55,02-28-2018,Standard Chartered
Q2-18,2017-10-30,6.55,02-28-2018,Standard Chartered
Q2-18,2018-01-03,6.55,02-28-2018,Standard Chartered
Q2-18,2018-01-09,6.55,02-28-2018,Standard Chartered
Q2-18,2018-02-22,6.23,02-28-2018,Standard Chartered
Q3-18,2017-09-11,6.5,02-28-2018,Standard Chartered
Q3-18,2017-09-12,6.5,02-28-2018,Standard Chartered
Q3-18,2017-09-14,6.5,02-28-2018,Standard Chartered
Q3-18,2017-09-26,6.5,02-28-2018,Standard Chartered
Q3-18,2017-10-30,6.5,02-28-2018,Standard Chartered
Q3-18,2018-01-03,6.5,02-28-2018,Standard Chartered
Q3-18,2018-01-09,6.5,02-28-2018,Standard Chartered
Q3-18,2018-02-22,6.21,02-28-2018,Standard Chartered
Q4-18,2017-01-17,7.1,02-28-2018,Standard Chartered
Q4-18,2017-03-08,7.1,02-28-2018,Standard Chartered
Q4-18,2017-06-02,6.97,02-28-2018,Standard Chartered
Q4-18,2017-06-20,6.97,02-28-2018,Standard Chartered
Q4-18,2017-07-24,6.97,02-28-2018,Standard Chartered
Q4-18,2017-08-18,6.8,02-28-2018,Standard Chartered
Q4-18,2017-09-11,6.45,02-28-2018,Standard Chartered
Q4-18,2017-09-12,6.45,02-28-2018,Standard Chartered
Q4-18,2017-09-14,6.45,02-28-2018,Standard Chartered
Q4-18,2017-09-26,6.45,02-28-2018,Standard Chartered
Q4-18,2017-10-30,6.45,02-28-2018,Standard Chartered
Q4-18,2018-01-03,6.45,02-28-2018,Standard Chartered
Q4-18,2018-01-09,6.45,02-28-2018,Standard Chartered
Q4-18,2018-02-22,6.18,02-28-2018,Standard Chartered
2019,2017-01-17,7.0,02-28-2018,Standard Chartered
2019,2017-03-08,7.0,02-28-2018,Standard Chartered
2019,2017-06-02,6.92,02-28-2018,Standard Chartered
2019,2017-06-20,6.92,02-28-2018,Standard Chartered
2019,2017-07-24,6.92,02-28-2018,Standard Chartered
2019,2017-08-18,6.8,02-28-2018,Standard Chartered
2019,2017-09-11,6.8,02-28-2018,Standard Chartered
2019,2017-09-12,6.8,02-28-2018,Standard Chartered
2019,2017-09-14,6.8,02-28-2018,Standard Chartered
2019,2017-09-26,6.8,02-28-2018,Standard Chartered
2019,2017-10-30,6.45,02-28-2018,Standard Chartered
2019,2018-01-03,6.45,02-28-2018,Standard Chartered
2019,2018-01-09,6.45,02-28-2018,Standard Chartered
2019,2018-02-22,6.13,02-28-2018,Standard Chartered
2020,2017-03-08,6.95,02-28-2018,Standard Chartered
2020,2017-06-02,6.87,02-28-2018,Standard Chartered
2020,2017-06-20,6.87,02-28-2018,Standard Chartered
2020,2017-07-24,6.87,02-28-2018,Standard Chartered
2020,2017-08-18,6.75,02-28-2018,Standard Chartered
2020,2017-09-11,6.75,02-28-2018,Standard Chartered
2020,2017-09-12,6.75,02-28-2018,Standard Chartered
2020,2017-09-14,6.75,02-28-2018,Standard Chartered
2020,2017-09-26,6.75,02-28-2018,Standard Chartered
2020,2017-10-30,6.75,02-28-2018,Standard Chartered
2020,2018-01-03,6.75,02-28-2018,Standard Chartered
2020,2018-01-09,6.75,02-28-2018,Standard Chartered
2020,2018-02-22,6.07,02-28-2018,Standard Chartered
2021,2017-03-08,6.9,02-28-2018,Standard Chartered
2021,2017-06-02,6.82,02-28-2018,Standard Chartered
2021,2017-06-20,6.82,02-28-2018,Standard Chartered
2021,2017-07-24,6.82,02-28-2018,Standard Chartered
2021,2017-08-18,6.75,02-28-2018,Standard Chartered
2021,2017-09-11,6.75,02-28-2018,Standard Chartered
2021,2017-09-12,6.75,02-28-2018,Standard Chartered
2021,2017-09-14,6.75,02-28-2018,Standard Chartered
2021,2017-09-26,6.75,02-28-2018,Standard Chartered
2021,2017-10-30,6.75,02-28-2018,Standard Chartered
2021,2018-01-03,6.75,02-28-2018,Standard Chartered
2021,2018-01-09,6.75,02-28-2018,Standard Chartered
2021,2018-02-22,6.04,02-28-2018,Standard Chartered
Q3-09,2008-11-05,6.85,08-31-2009,Standard Chartered
Q3-09,2008-12-05,7.0,08-31-2009,Standard Chartered
Q3-09,2009-01-14,6.95,08-31-2009,Standard Chartered
Q3-09,2009-02-20,6.95,08-31-2009,Standard Chartered
Q3-09,2009-04-30,6.87,08-31-2009,Standard Chartered
Q3-09,2009-06-09,6.87,08-31-2009,Standard Chartered
Q3-09,2009-06-26,6.87,08-31-2009,Standard Chartered
Q3-09,2009-07-27,6.87,08-31-2009,Standard Chartered
Q3-09,2009-08-05,6.87,08-31-2009,Standard Chartered
Q3-09,2009-08-06,6.87,08-31-2009,Standard Chartered
Q3-09,2009-08-28,6.87,08-31-2009,Standard Chartered
Q4-09,2008-04-29,5.9,08-31-2009,Standard Chartered
Q4-09,2008-06-05,6.35,08-31-2009,Standard Chartered
Q4-09,2008-09-11,6.8,08-31-2009,Standard Chartered
Q4-09,2008-11-05,6.8,08-31-2009,Standard Chartered
Q4-09,2008-12-05,6.95,08-31-2009,Standard Chartered
Q4-09,2009-01-14,6.9,08-31-2009,Standard Chartered
Q4-09,2009-02-20,6.9,08-31-2009,Standard Chartered
Q4-09,2009-04-30,6.86,08-31-2009,Standard Chartered
Q4-09,2009-06-09,6.86,08-31-2009,Standard Chartered
Q4-09,2009-06-26,6.86,08-31-2009,Standard Chartered
Q4-09,2009-07-27,6.86,08-31-2009,Standard Chartered
Q4-09,2009-08-05,6.86,08-31-2009,Standard Chartered
Q4-09,2009-08-06,6.86,08-31-2009,Standard Chartered
Q4-09,2009-08-28,6.86,08-31-2009,Standard Chartered
Q1-10,2009-01-14,6.85,08-31-2009,Standard Chartered
Q1-10,2009-04-30,6.85,08-31-2009,Standard Chartered
Q1-10,2009-06-09,6.85,08-31-2009,Standard Chartered
Q1-10,2009-06-26,6.85,08-31-2009,Standard Chartered
Q1-10,2009-07-27,6.85,08-31-2009,Standard Chartered
Q1-10,2009-08-05,6.85,08-31-2009,Standard Chartered
Q1-10,2009-08-06,6.85,08-31-2009,Standard Chartered
Q1-10,2009-08-28,6.85,08-31-2009,Standard Chartered
Q2-10,2009-07-27,6.82,08-31-2009,Standard Chartered
Q2-10,2009-08-28,6.82,08-31-2009,Standard Chartered
2010,2008-04-29,5.6,08-31-2009,Standard Chartered
2010,2009-07-27,6.78,08-31-2009,Standard Chartered
2010,2009-08-05,6.78,08-31-2009,Standard Chartered
2010,2009-08-06,6.78,08-31-2009,Standard Chartered
2011,2008-04-29,5.3,08-31-2009,Standard Chartered
2011,2009-07-27,6.0,08-31-2009,Standard Chartered
2012,2008-04-29,5.11,08-31-2009,Standard Chartered
2012,2009-07-27,5.6,08-31-2009,Standard Chartered
2013,2009-07-27,5.2,08-31-2009,Standard Chartered
Q2-14,2013-06-04,6.07,05-31-2014,Standard Chartered
Q2-14,2013-06-28,6.07,05-31-2014,Standard Chartered
Q2-14,2013-07-19,6.13,05-31-2014,Standard Chartered
Q2-14,2013-08-16,6.13,05-31-2014,Standard Chartered
Q2-14,2013-08-30,6.13,05-31-2014,Standard Chartered
Q2-14,2013-09-13,6.08,05-31-2014,Standard Chartered
Q2-14,2013-09-20,6.08,05-31-2014,Standard Chartered
Q2-14,2013-10-18,6.08,05-31-2014,Standard Chartered
Q2-14,2013-11-14,6.08,05-31-2014,Standard Chartered
Q2-14,2013-11-28,6.08,05-31-2014,Standard Chartered
Q2-14,2014-01-02,6.06,05-31-2014,Standard Chartered
Q2-14,2014-01-17,6.01,05-31-2014,Standard Chartered
Q2-14,2014-02-13,6.01,05-31-2014,Standard Chartered
Q2-14,2014-03-14,6.01,05-31-2014,Standard Chartered
Q2-14,2014-03-17,6.06,05-31-2014,Standard Chartered
Q2-14,2014-04-17,6.16,05-31-2014,Standard Chartered
Q2-14,2014-05-20,6.16,05-31-2014,Standard Chartered
Q3-14,2013-09-13,6.06,05-31-2014,Standard Chartered
Q3-14,2013-09-20,6.06,05-31-2014,Standard Chartered
Q3-14,2013-10-18,6.06,05-31-2014,Standard Chartered
Q3-14,2013-11-14,6.06,05-31-2014,Standard Chartered
Q3-14,2013-11-28,6.06,05-31-2014,Standard Chartered
Q3-14,2014-01-02,6.04,05-31-2014,Standard Chartered
Q3-14,2014-01-17,5.98,05-31-2014,Standard Chartered
Q3-14,2014-02-13,5.98,05-31-2014,Standard Chartered
Q3-14,2014-03-14,5.98,05-31-2014,Standard Chartered
Q3-14,2014-03-17,6.02,05-31-2014,Standard Chartered
Q3-14,2014-04-17,6.13,05-31-2014,Standard Chartered
Q3-14,2014-05-20,6.13,05-31-2014,Standard Chartered
Q4-14,2013-07-19,6.07,05-31-2014,Standard Chartered
Q4-14,2013-08-16,6.07,05-31-2014,Standard Chartered
Q4-14,2013-08-30,6.07,05-31-2014,Standard Chartered
Q4-14,2013-09-13,6.07,05-31-2014,Standard Chartered
Q4-14,2013-09-20,6.05,05-31-2014,Standard Chartered
Q4-14,2013-10-18,6.05,05-31-2014,Standard Chartered
Q4-14,2013-11-14,6.05,05-31-2014,Standard Chartered
Q4-14,2013-11-28,6.05,05-31-2014,Standard Chartered
Q4-14,2014-01-02,6.03,05-31-2014,Standard Chartered
Q4-14,2014-01-17,5.92,05-31-2014,Standard Chartered
Q4-14,2014-02-13,5.92,05-31-2014,Standard Chartered
Q4-14,2014-03-14,5.92,05-31-2014,Standard Chartered
Q4-14,2014-03-17,5.92,05-31-2014,Standard Chartered
Q4-14,2014-04-17,6.04,05-31-2014,Standard Chartered
Q4-14,2014-05-20,6.04,05-31-2014,Standard Chartered
Q1-15,2014-03-14,5.86,05-31-2014,Standard Chartered
Q1-15,2014-03-17,5.86,05-31-2014,Standard Chartered
Q1-15,2014-04-17,5.95,05-31-2014,Standard Chartered
Q1-15,2014-05-20,5.95,05-31-2014,Standard Chartered
2015,2013-07-19,5.95,05-31-2014,Standard Chartered
2015,2013-08-16,5.95,05-31-2014,Standard Chartered
2015,2013-08-30,5.95,05-31-2014,Standard Chartered
2015,2013-09-13,5.95,05-31-2014,Standard Chartered
2015,2013-09-20,5.95,05-31-2014,Standard Chartered
2015,2013-10-18,5.95,05-31-2014,Standard Chartered
2015,2013-11-14,5.95,05-31-2014,Standard Chartered
2015,2013-11-28,5.95,05-31-2014,Standard Chartered
2015,2014-01-02,5.9,05-31-2014,Standard Chartered
2015,2014-01-17,5.9,05-31-2014,Standard Chartered
2015,2014-02-13,5.9,05-31-2014,Standard Chartered
2015,2014-03-14,5.85,05-31-2014,Standard Chartered
2015,2014-03-17,5.85,05-31-2014,Standard Chartered
2015,2014-04-17,5.85,05-31-2014,Standard Chartered
2015,2014-05-20,5.85,05-31-2014,Standard Chartered
2016,2013-08-16,5.85,05-31-2014,Standard Chartered
2016,2013-08-30,5.85,05-31-2014,Standard Chartered
2016,2013-09-13,5.85,05-31-2014,Standard Chartered
2016,2013-09-20,5.85,05-31-2014,Standard Chartered
2016,2013-10-18,5.85,05-31-2014,Standard Chartered
2016,2013-11-14,5.85,05-31-2014,Standard Chartered
2016,2013-11-28,5.85,05-31-2014,Standard Chartered
2016,2014-01-02,5.8,05-31-2014,Standard Chartered
2016,2014-01-17,5.8,05-31-2014,Standard Chartered
2016,2014-02-13,5.8,05-31-2014,Standard Chartered
2016,2014-03-14,5.8,05-31-2014,Standard Chartered
2016,2014-03-17,5.8,05-31-2014,Standard Chartered
2016,2014-04-17,5.8,05-31-2014,Standard Chartered
2016,2014-05-20,5.8,05-31-2014,Standard Chartered
2017,2013-08-16,5.75,05-31-2014,Standard Chartered
2017,2013-08-30,5.75,05-31-2014,Standard Chartered
2017,2013-09-13,5.75,05-31-2014,Standard Chartered
2017,2013-09-20,5.75,05-31-2014,Standard Chartered
2017,2013-10-18,5.75,05-31-2014,Standard Chartered
2017,2013-11-14,5.75,05-31-2014,Standard Chartered
2017,2013-11-28,5.75,05-31-2014,Standard Chartered
2017,2014-01-02,5.7,05-31-2014,Standard Chartered
2017,2014-01-17,5.7,05-31-2014,Standard Chartered
2017,2014-02-13,5.7,05-31-2014,Standard Chartered
2017,2014-03-14,5.75,05-31-2014,Standard Chartered
2017,2014-03-17,5.75,05-31-2014,Standard Chartered
2017,2014-04-17,5.75,05-31-2014,Standard Chartered
2017,2014-05-20,5.75,05-31-2014,Standard Chartered
2018,2014-03-14,5.7,05-31-2014,Standard Chartered
2018,2014-03-17,5.7,05-31-2014,Standard Chartered
2018,2014-04-17,5.7,05-31-2014,Standard Chartered
2018,2014-05-20,5.7,05-31-2014,Standard Chartered
Q1-22,2021-04-08,6.5,02-28-2022,Standard Chartered
Q1-22,2021-12-01,6.3,02-28-2022,Standard Chartered
Q1-22,2022-01-13,6.3,02-28-2022,Standard Chartered
Q2-22,2021-12-01,6.35,02-28-2022,Standard Chartered
Q2-22,2022-01-13,6.35,02-28-2022,Standard Chartered
Q3-22,2021-12-01,6.4,02-28-2022,Standard Chartered
Q3-22,2022-01-13,6.4,02-28-2022,Standard Chartered
Q4-22,2020-11-03,7.3,02-28-2022,Standard Chartered
Q4-22,2020-11-10,7.3,02-28-2022,Standard Chartered
Q4-22,2020-12-22,6.5,02-28-2022,Standard Chartered
Q4-22,2021-04-08,6.5,02-28-2022,Standard Chartered
Q4-22,2021-12-01,6.5,02-28-2022,Standard Chartered
Q4-22,2022-01-13,6.5,02-28-2022,Standard Chartered
2023,2020-11-03,7.2,02-28-2022,Standard Chartered
2023,2020-11-10,7.2,02-28-2022,Standard Chartered
2023,2020-12-22,6.6,02-28-2022,Standard Chartered
2023,2021-04-08,6.6,02-28-2022,Standard Chartered
2023,2021-12-01,6.6,02-28-2022,Standard Chartered
2023,2022-01-13,6.6,02-28-2022,Standard Chartered
2024,2020-11-03,7.1,02-28-2022,Standard Chartered
2024,2020-11-10,7.1,02-28-2022,Standard Chartered
2024,2020-12-22,6.65,02-28-2022,Standard Chartered
2024,2021-04-08,6.65,02-28-2022,Standard Chartered
2024,2021-12-01,6.65,02-28-2022,Standard Chartered
2024,2022-01-13,6.65,02-28-2022,Standard Chartered
2025,2020-11-03,7.0,02-28-2022,Standard Chartered
2025,2020-11-10,7.0,02-28-2022,Standard Chartered
2025,2020-12-22,6.7,02-28-2022,Standard Chartered
2025,2021-04-08,6.7,02-28-2022,Standard Chartered
2025,2021-12-01,6.7,02-28-2022,Standard Chartered
2025,2022-01-13,6.7,02-28-2022,Standard Chartered
Q4-13,2012-01-19,6.15,11-30-2013,Standard Chartered
Q4-13,2012-03-26,6.15,11-30-2013,Standard Chartered
Q4-13,2012-05-11,6.15,11-30-2013,Standard Chartered
Q4-13,2012-06-21,6.19,11-30-2013,Standard Chartered
Q4-13,2012-09-10,6.19,11-30-2013,Standard Chartered
Q4-13,2012-09-17,6.19,11-30-2013,Standard Chartered
Q4-13,2012-09-21,6.19,11-30-2013,Standard Chartered
Q4-13,2012-09-27,6.19,11-30-2013,Standard Chartered
Q4-13,2012-10-16,6.19,11-30-2013,Standard Chartered
Q4-13,2012-10-19,6.19,11-30-2013,Standard Chartered
Q4-13,2012-10-23,6.19,11-30-2013,Standard Chartered
Q4-13,2012-10-26,6.19,11-30-2013,Standard Chartered
Q4-13,2012-11-02,6.19,11-30-2013,Standard Chartered
Q4-13,2012-11-09,6.19,11-30-2013,Standard Chartered
Q4-13,2012-11-16,6.19,11-30-2013,Standard Chartered
Q4-13,2012-11-23,6.19,11-30-2013,Standard Chartered
Q4-13,2012-11-30,6.16,11-30-2013,Standard Chartered
Q4-13,2012-12-07,6.16,11-30-2013,Standard Chartered
Q4-13,2012-12-14,6.16,11-30-2013,Standard Chartered
Q4-13,2013-01-04,6.16,11-30-2013,Standard Chartered
Q4-13,2013-01-11,6.16,11-30-2013,Standard Chartered
Q4-13,2013-01-18,6.1,11-30-2013,Standard Chartered
Q4-13,2013-01-25,6.1,11-30-2013,Standard Chartered
Q4-13,2013-02-01,6.1,11-30-2013,Standard Chartered
Q4-13,2013-02-12,6.1,11-30-2013,Standard Chartered
Q4-13,2013-02-22,6.1,11-30-2013,Standard Chartered
Q4-13,2013-03-01,6.1,11-30-2013,Standard Chartered
Q4-13,2013-03-08,6.1,11-30-2013,Standard Chartered
Q4-13,2013-03-15,6.1,11-30-2013,Standard Chartered
Q4-13,2013-03-22,6.1,11-30-2013,Standard Chartered
Q4-13,2013-04-16,6.1,11-30-2013,Standard Chartered
Q4-13,2013-05-10,6.1,11-30-2013,Standard Chartered
Q4-13,2013-06-04,6.13,11-30-2013,Standard Chartered
Q4-13,2013-06-28,6.13,11-30-2013,Standard Chartered
Q4-13,2013-07-19,6.18,11-30-2013,Standard Chartered
Q4-13,2013-08-16,6.18,11-30-2013,Standard Chartered
Q4-13,2013-08-30,6.18,11-30-2013,Standard Chartered
Q4-13,2013-09-13,6.12,11-30-2013,Standard Chartered
Q4-13,2013-09-20,6.12,11-30-2013,Standard Chartered
Q4-13,2013-10-18,6.12,11-30-2013,Standard Chartered
Q4-13,2013-11-14,6.12,11-30-2013,Standard Chartered
Q4-13,2013-11-28,6.12,11-30-2013,Standard Chartered
Q1-14,2013-03-01,6.07,11-30-2013,Standard Chartered
Q1-14,2013-03-22,6.07,11-30-2013,Standard Chartered
Q1-14,2013-04-16,6.07,11-30-2013,Standard Chartered
Q1-14,2013-05-10,6.07,11-30-2013,Standard Chartered
Q1-14,2013-06-04,6.1,11-30-2013,Standard Chartered
Q1-14,2013-06-28,6.1,11-30-2013,Standard Chartered
Q1-14,2013-07-19,6.15,11-30-2013,Standard Chartered
Q1-14,2013-08-16,6.15,11-30-2013,Standard Chartered
Q1-14,2013-08-30,6.15,11-30-2013,Standard Chartered
Q1-14,2013-09-13,6.1,11-30-2013,Standard Chartered
Q1-14,2013-09-20,6.1,11-30-2013,Standard Chartered
Q1-14,2013-10-18,6.1,11-30-2013,Standard Chartered
Q1-14,2013-11-14,6.1,11-30-2013,Standard Chartered
Q1-14,2013-11-28,6.1,11-30-2013,Standard Chartered
Q2-14,2013-06-04,6.07,11-30-2013,Standard Chartered
Q2-14,2013-06-28,6.07,11-30-2013,Standard Chartered
Q2-14,2013-07-19,6.13,11-30-2013,Standard Chartered
Q2-14,2013-08-16,6.13,11-30-2013,Standard Chartered
Q2-14,2013-08-30,6.13,11-30-2013,Standard Chartered
Q2-14,2013-09-13,6.08,11-30-2013,Standard Chartered
Q2-14,2013-09-20,6.08,11-30-2013,Standard Chartered
Q2-14,2013-10-18,6.08,11-30-2013,Standard Chartered
Q2-14,2013-11-14,6.08,11-30-2013,Standard Chartered
Q2-14,2013-11-28,6.08,11-30-2013,Standard Chartered
Q3-14,2013-09-13,6.06,11-30-2013,Standard Chartered
Q3-14,2013-09-20,6.06,11-30-2013,Standard Chartered
Q3-14,2013-10-18,6.06,11-30-2013,Standard Chartered
Q3-14,2013-11-14,6.06,11-30-2013,Standard Chartered
Q3-14,2013-11-28,6.06,11-30-2013,Standard Chartered
2014,2012-01-19,6.07,11-30-2013,Standard Chartered
2014,2013-07-19,6.07,11-30-2013,Standard Chartered
2014,2013-08-16,6.07,11-30-2013,Standard Chartered
2014,2013-08-30,6.07,11-30-2013,Standard Chartered
2014,2013-09-13,6.07,11-30-2013,Standard Chartered
2014,2013-09-20,6.05,11-30-2013,Standard Chartered
2014,2013-10-18,6.05,11-30-2013,Standard Chartered
2014,2013-11-14,6.05,11-30-2013,Standard Chartered
2014,2013-11-28,6.05,11-30-2013,Standard Chartered
2015,2013-07-19,5.95,11-30-2013,Standard Chartered
2015,2013-08-16,5.95,11-30-2013,Standard Chartered
2015,2013-08-30,5.95,11-30-2013,Standard Chartered
2015,2013-09-13,5.95,11-30-2013,Standard Chartered
2015,2013-09-20,5.95,11-30-2013,Standard Chartered
2015,2013-10-18,5.95,11-30-2013,Standard Chartered
2015,2013-11-14,5.95,11-30-2013,Standard Chartered
2015,2013-11-28,5.95,11-30-2013,Standard Chartered
2016,2013-08-16,5.85,11-30-2013,Standard Chartered
2016,2013-08-30,5.85,11-30-2013,Standard Chartered
2016,2013-09-13,5.85,11-30-2013,Standard Chartered
2016,2013-09-20,5.85,11-30-2013,Standard Chartered
2016,2013-10-18,5.85,11-30-2013,Standard Chartered
2016,2013-11-14,5.85,11-30-2013,Standard Chartered
2016,2013-11-28,5.85,11-30-2013,Standard Chartered
2017,2013-08-16,5.75,11-30-2013,Standard Chartered
2017,2013-08-30,5.75,11-30-2013,Standard Chartered
2017,2013-09-13,5.75,11-30-2013,Standard Chartered
2017,2013-09-20,5.75,11-30-2013,Standard Chartered
2017,2013-10-18,5.75,11-30-2013,Standard Chartered
2017,2013-11-14,5.75,11-30-2013,Standard Chartered
2017,2013-11-28,5.75,11-30-2013,Standard Chartered
Q1-14,2013-03-01,6.07,02-28-2014,Standard Chartered
Q1-14,2013-03-22,6.07,02-28-2014,Standard Chartered
Q1-14,2013-04-16,6.07,02-28-2014,Standard Chartered
Q1-14,2013-05-10,6.07,02-28-2014,Standard Chartered
Q1-14,2013-06-04,6.1,02-28-2014,Standard Chartered
Q1-14,2013-06-28,6.1,02-28-2014,Standard Chartered
Q1-14,2013-07-19,6.15,02-28-2014,Standard Chartered
Q1-14,2013-08-16,6.15,02-28-2014,Standard Chartered
Q1-14,2013-08-30,6.15,02-28-2014,Standard Chartered
Q1-14,2013-09-13,6.1,02-28-2014,Standard Chartered
Q1-14,2013-09-20,6.1,02-28-2014,Standard Chartered
Q1-14,2013-10-18,6.1,02-28-2014,Standard Chartered
Q1-14,2013-11-14,6.1,02-28-2014,Standard Chartered
Q1-14,2013-11-28,6.1,02-28-2014,Standard Chartered
Q1-14,2014-01-02,6.08,02-28-2014,Standard Chartered
Q1-14,2014-01-17,6.03,02-28-2014,Standard Chartered
Q1-14,2014-02-13,6.03,02-28-2014,Standard Chartered
Q2-14,2013-06-04,6.07,02-28-2014,Standard Chartered
Q2-14,2013-06-28,6.07,02-28-2014,Standard Chartered
Q2-14,2013-07-19,6.13,02-28-2014,Standard Chartered
Q2-14,2013-08-16,6.13,02-28-2014,Standard Chartered
Q2-14,2013-08-30,6.13,02-28-2014,Standard Chartered
Q2-14,2013-09-13,6.08,02-28-2014,Standard Chartered
Q2-14,2013-09-20,6.08,02-28-2014,Standard Chartered
Q2-14,2013-10-18,6.08,02-28-2014,Standard Chartered
Q2-14,2013-11-14,6.08,02-28-2014,Standard Chartered
Q2-14,2013-11-28,6.08,02-28-2014,Standard Chartered
Q2-14,2014-01-02,6.06,02-28-2014,Standard Chartered
Q2-14,2014-01-17,6.01,02-28-2014,Standard Chartered
Q2-14,2014-02-13,6.01,02-28-2014,Standard Chartered
Q3-14,2013-09-13,6.06,02-28-2014,Standard Chartered
Q3-14,2013-09-20,6.06,02-28-2014,Standard Chartered
Q3-14,2013-10-18,6.06,02-28-2014,Standard Chartered
Q3-14,2013-11-14,6.06,02-28-2014,Standard Chartered
Q3-14,2013-11-28,6.06,02-28-2014,Standard Chartered
Q3-14,2014-01-02,6.04,02-28-2014,Standard Chartered
Q3-14,2014-01-17,5.98,02-28-2014,Standard Chartered
Q3-14,2014-02-13,5.98,02-28-2014,Standard Chartered
Q4-14,2013-07-19,6.07,02-28-2014,Standard Chartered
Q4-14,2013-08-16,6.07,02-28-2014,Standard Chartered
Q4-14,2013-08-30,6.07,02-28-2014,Standard Chartered
Q4-14,2013-09-13,6.07,02-28-2014,Standard Chartered
Q4-14,2013-09-20,6.05,02-28-2014,Standard Chartered
Q4-14,2013-10-18,6.05,02-28-2014,Standard Chartered
Q4-14,2013-11-14,6.05,02-28-2014,Standard Chartered
Q4-14,2013-11-28,6.05,02-28-2014,Standard Chartered
Q4-14,2014-01-02,6.03,02-28-2014,Standard Chartered
Q4-14,2014-01-17,5.92,02-28-2014,Standard Chartered
Q4-14,2014-02-13,5.92,02-28-2014,Standard Chartered
2015,2013-07-19,5.95,02-28-2014,Standard Chartered
2015,2013-08-16,5.95,02-28-2014,Standard Chartered
2015,2013-08-30,5.95,02-28-2014,Standard Chartered
2015,2013-09-13,5.95,02-28-2014,Standard Chartered
2015,2013-09-20,5.95,02-28-2014,Standard Chartered
2015,2013-10-18,5.95,02-28-2014,Standard Chartered
2015,2013-11-14,5.95,02-28-2014,Standard Chartered
2015,2013-11-28,5.95,02-28-2014,Standard Chartered
2015,2014-01-02,5.9,02-28-2014,Standard Chartered
2015,2014-01-17,5.9,02-28-2014,Standard Chartered
2015,2014-02-13,5.9,02-28-2014,Standard Chartered
2016,2013-08-16,5.85,02-28-2014,Standard Chartered
2016,2013-08-30,5.85,02-28-2014,Standard Chartered
2016,2013-09-13,5.85,02-28-2014,Standard Chartered
2016,2013-09-20,5.85,02-28-2014,Standard Chartered
2016,2013-10-18,5.85,02-28-2014,Standard Chartered
2016,2013-11-14,5.85,02-28-2014,Standard Chartered
2016,2013-11-28,5.85,02-28-2014,Standard Chartered
2016,2014-01-02,5.8,02-28-2014,Standard Chartered
2016,2014-01-17,5.8,02-28-2014,Standard Chartered
2016,2014-02-13,5.8,02-28-2014,Standard Chartered
2017,2013-08-16,5.75,02-28-2014,Standard Chartered
2017,2013-08-30,5.75,02-28-2014,Standard Chartered
2017,2013-09-13,5.75,02-28-2014,Standard Chartered
2017,2013-09-20,5.75,02-28-2014,Standard Chartered
2017,2013-10-18,5.75,02-28-2014,Standard Chartered
2017,2013-11-14,5.75,02-28-2014,Standard Chartered
2017,2013-11-28,5.75,02-28-2014,Standard Chartered
2017,2014-01-02,5.7,02-28-2014,Standard Chartered
2017,2014-01-17,5.7,02-28-2014,Standard Chartered
2017,2014-02-13,5.7,02-28-2014,Standard Chartered
Q3-13,2012-09-10,6.23,08-31-2013,Standard Chartered
Q3-13,2012-09-17,6.23,08-31-2013,Standard Chartered
Q3-13,2012-09-21,6.23,08-31-2013,Standard Chartered
Q3-13,2012-09-27,6.23,08-31-2013,Standard Chartered
Q3-13,2012-10-16,6.23,08-31-2013,Standard Chartered
Q3-13,2012-10-19,6.23,08-31-2013,Standard Chartered
Q3-13,2012-10-23,6.23,08-31-2013,Standard Chartered
Q3-13,2012-10-26,6.23,08-31-2013,Standard Chartered
Q3-13,2012-11-02,6.23,08-31-2013,Standard Chartered
Q3-13,2012-11-09,6.23,08-31-2013,Standard Chartered
Q3-13,2012-11-16,6.23,08-31-2013,Standard Chartered
Q3-13,2012-11-23,6.23,08-31-2013,Standard Chartered
Q3-13,2012-11-30,6.2,08-31-2013,Standard Chartered
Q3-13,2012-12-07,6.2,08-31-2013,Standard Chartered
Q3-13,2012-12-14,6.2,08-31-2013,Standard Chartered
Q3-13,2013-01-04,6.2,08-31-2013,Standard Chartered
Q3-13,2013-01-11,6.2,08-31-2013,Standard Chartered
Q3-13,2013-01-18,6.14,08-31-2013,Standard Chartered
Q3-13,2013-01-25,6.14,08-31-2013,Standard Chartered
Q3-13,2013-02-01,6.14,08-31-2013,Standard Chartered
Q3-13,2013-02-12,6.14,08-31-2013,Standard Chartered
Q3-13,2013-02-22,6.14,08-31-2013,Standard Chartered
Q3-13,2013-03-01,6.14,08-31-2013,Standard Chartered
Q3-13,2013-03-08,6.14,08-31-2013,Standard Chartered
Q3-13,2013-03-15,6.14,08-31-2013,Standard Chartered
Q3-13,2013-03-22,6.14,08-31-2013,Standard Chartered
Q3-13,2013-04-16,6.14,08-31-2013,Standard Chartered
Q3-13,2013-05-10,6.14,08-31-2013,Standard Chartered
Q3-13,2013-06-04,6.15,08-31-2013,Standard Chartered
Q3-13,2013-06-28,6.15,08-31-2013,Standard Chartered
Q3-13,2013-07-19,6.15,08-31-2013,Standard Chartered
Q3-13,2013-08-16,6.15,08-31-2013,Standard Chartered
Q3-13,2013-08-30,6.15,08-31-2013,Standard Chartered
Q4-13,2012-01-19,6.15,08-31-2013,Standard Chartered
Q4-13,2012-03-26,6.15,08-31-2013,Standard Chartered
Q4-13,2012-05-11,6.15,08-31-2013,Standard Chartered
Q4-13,2012-06-21,6.19,08-31-2013,Standard Chartered
Q4-13,2012-09-10,6.19,08-31-2013,Standard Chartered
Q4-13,2012-09-17,6.19,08-31-2013,Standard Chartered
Q4-13,2012-09-21,6.19,08-31-2013,Standard Chartered
Q4-13,2012-09-27,6.19,08-31-2013,Standard Chartered
Q4-13,2012-10-16,6.19,08-31-2013,Standard Chartered
Q4-13,2012-10-19,6.19,08-31-2013,Standard Chartered
Q4-13,2012-10-23,6.19,08-31-2013,Standard Chartered
Q4-13,2012-10-26,6.19,08-31-2013,Standard Chartered
Q4-13,2012-11-02,6.19,08-31-2013,Standard Chartered
Q4-13,2012-11-09,6.19,08-31-2013,Standard Chartered
Q4-13,2012-11-16,6.19,08-31-2013,Standard Chartered
Q4-13,2012-11-23,6.19,08-31-2013,Standard Chartered
Q4-13,2012-11-30,6.16,08-31-2013,Standard Chartered
Q4-13,2012-12-07,6.16,08-31-2013,Standard Chartered
Q4-13,2012-12-14,6.16,08-31-2013,Standard Chartered
Q4-13,2013-01-04,6.16,08-31-2013,Standard Chartered
Q4-13,2013-01-11,6.16,08-31-2013,Standard Chartered
Q4-13,2013-01-18,6.1,08-31-2013,Standard Chartered
Q4-13,2013-01-25,6.1,08-31-2013,Standard Chartered
Q4-13,2013-02-01,6.1,08-31-2013,Standard Chartered
Q4-13,2013-02-12,6.1,08-31-2013,Standard Chartered
Q4-13,2013-02-22,6.1,08-31-2013,Standard Chartered
Q4-13,2013-03-01,6.1,08-31-2013,Standard Chartered
Q4-13,2013-03-08,6.1,08-31-2013,Standard Chartered
Q4-13,2013-03-15,6.1,08-31-2013,Standard Chartered
Q4-13,2013-03-22,6.1,08-31-2013,Standard Chartered
Q4-13,2013-04-16,6.1,08-31-2013,Standard Chartered
Q4-13,2013-05-10,6.1,08-31-2013,Standard Chartered
Q4-13,2013-06-04,6.13,08-31-2013,Standard Chartered
Q4-13,2013-06-28,6.13,08-31-2013,Standard Chartered
Q4-13,2013-07-19,6.18,08-31-2013,Standard Chartered
Q4-13,2013-08-16,6.18,08-31-2013,Standard Chartered
Q4-13,2013-08-30,6.18,08-31-2013,Standard Chartered
Q1-14,2013-03-01,6.07,08-31-2013,Standard Chartered
Q1-14,2013-03-22,6.07,08-31-2013,Standard Chartered
Q1-14,2013-04-16,6.07,08-31-2013,Standard Chartered
Q1-14,2013-05-10,6.07,08-31-2013,Standard Chartered
Q1-14,2013-06-04,6.1,08-31-2013,Standard Chartered
Q1-14,2013-06-28,6.1,08-31-2013,Standard Chartered
Q1-14,2013-07-19,6.15,08-31-2013,Standard Chartered
Q1-14,2013-08-16,6.15,08-31-2013,Standard Chartered
Q1-14,2013-08-30,6.15,08-31-2013,Standard Chartered
Q2-14,2013-06-04,6.07,08-31-2013,Standard Chartered
Q2-14,2013-06-28,6.07,08-31-2013,Standard Chartered
Q2-14,2013-07-19,6.13,08-31-2013,Standard Chartered
Q2-14,2013-08-16,6.13,08-31-2013,Standard Chartered
Q2-14,2013-08-30,6.13,08-31-2013,Standard Chartered
2014,2012-01-19,6.07,08-31-2013,Standard Chartered
2014,2013-07-19,6.07,08-31-2013,Standard Chartered
2014,2013-08-16,6.07,08-31-2013,Standard Chartered
2014,2013-08-30,6.07,08-31-2013,Standard Chartered
2015,2013-07-19,5.95,08-31-2013,Standard Chartered
2015,2013-08-16,5.95,08-31-2013,Standard Chartered
2015,2013-08-30,5.95,08-31-2013,Standard Chartered
2016,2013-08-16,5.85,08-31-2013,Standard Chartered
2016,2013-08-30,5.85,08-31-2013,Standard Chartered
2017,2013-08-16,5.75,08-31-2013,Standard Chartered
2017,2013-08-30,5.75,08-31-2013,Standard Chartered
Q2-18,2017-06-02,7.05,05-31-2018,Standard Chartered
Q2-18,2017-06-20,7.05,05-31-2018,Standard Chartered
Q2-18,2017-07-24,7.05,05-31-2018,Standard Chartered
Q2-18,2017-08-18,6.9,05-31-2018,Standard Chartered
Q2-18,2017-09-11,6.55,05-31-2018,Standard Chartered
Q2-18,2017-09-12,6.55,05-31-2018,Standard Chartered
Q2-18,2017-09-14,6.55,05-31-2018,Standard Chartered
Q2-18,2017-09-26,6.55,05-31-2018,Standard Chartered
Q2-18,2017-10-30,6.55,05-31-2018,Standard Chartered
Q2-18,2018-01-03,6.55,05-31-2018,Standard Chartered
Q2-18,2018-01-09,6.55,05-31-2018,Standard Chartered
Q2-18,2018-02-22,6.23,05-31-2018,Standard Chartered
Q2-18,2018-04-20,6.23,05-31-2018,Standard Chartered
Q2-18,2018-04-26,6.23,05-31-2018,Standard Chartered
Q2-18,2018-05-18,6.26,05-31-2018,Standard Chartered
Q3-18,2017-09-11,6.5,05-31-2018,Standard Chartered
Q3-18,2017-09-12,6.5,05-31-2018,Standard Chartered
Q3-18,2017-09-14,6.5,05-31-2018,Standard Chartered
Q3-18,2017-09-26,6.5,05-31-2018,Standard Chartered
Q3-18,2017-10-30,6.5,05-31-2018,Standard Chartered
Q3-18,2018-01-03,6.5,05-31-2018,Standard Chartered
Q3-18,2018-01-09,6.5,05-31-2018,Standard Chartered
Q3-18,2018-02-22,6.21,05-31-2018,Standard Chartered
Q3-18,2018-04-20,6.21,05-31-2018,Standard Chartered
Q3-18,2018-04-26,6.21,05-31-2018,Standard Chartered
Q3-18,2018-05-18,6.23,05-31-2018,Standard Chartered
Q3-18,2018-05-30,6.23,05-31-2018,Standard Chartered
Q4-18,2017-01-17,7.1,05-31-2018,Standard Chartered
Q4-18,2017-03-08,7.1,05-31-2018,Standard Chartered
Q4-18,2017-06-02,6.97,05-31-2018,Standard Chartered
Q4-18,2017-06-20,6.97,05-31-2018,Standard Chartered
Q4-18,2017-07-24,6.97,05-31-2018,Standard Chartered
Q4-18,2017-08-18,6.8,05-31-2018,Standard Chartered
Q4-18,2017-09-11,6.45,05-31-2018,Standard Chartered
Q4-18,2017-09-12,6.45,05-31-2018,Standard Chartered
Q4-18,2017-09-14,6.45,05-31-2018,Standard Chartered
Q4-18,2017-09-26,6.45,05-31-2018,Standard Chartered
Q4-18,2017-10-30,6.45,05-31-2018,Standard Chartered
Q4-18,2018-01-03,6.45,05-31-2018,Standard Chartered
Q4-18,2018-01-09,6.45,05-31-2018,Standard Chartered
Q4-18,2018-02-22,6.18,05-31-2018,Standard Chartered
Q4-18,2018-04-20,6.18,05-31-2018,Standard Chartered
Q4-18,2018-04-26,6.18,05-31-2018,Standard Chartered
Q4-18,2018-05-18,6.18,05-31-2018,Standard Chartered
Q4-18,2018-05-30,6.18,05-31-2018,Standard Chartered
Q1-19,2018-04-20,6.18,05-31-2018,Standard Chartered
Q1-19,2018-04-26,6.18,05-31-2018,Standard Chartered
Q1-19,2018-05-18,6.18,05-31-2018,Standard Chartered
Q1-19,2018-05-30,6.18,05-31-2018,Standard Chartered
2019,2017-01-17,7.0,05-31-2018,Standard Chartered
2019,2017-03-08,7.0,05-31-2018,Standard Chartered
2019,2017-06-02,6.92,05-31-2018,Standard Chartered
2019,2017-06-20,6.92,05-31-2018,Standard Chartered
2019,2017-07-24,6.92,05-31-2018,Standard Chartered
2019,2017-08-18,6.8,05-31-2018,Standard Chartered
2019,2017-09-11,6.8,05-31-2018,Standard Chartered
2019,2017-09-12,6.8,05-31-2018,Standard Chartered
2019,2017-09-14,6.8,05-31-2018,Standard Chartered
2019,2017-09-26,6.8,05-31-2018,Standard Chartered
2019,2017-10-30,6.45,05-31-2018,Standard Chartered
2019,2018-01-03,6.45,05-31-2018,Standard Chartered
2019,2018-01-09,6.45,05-31-2018,Standard Chartered
2019,2018-02-22,6.13,05-31-2018,Standard Chartered
2019,2018-04-20,6.13,05-31-2018,Standard Chartered
2019,2018-04-26,6.13,05-31-2018,Standard Chartered
2019,2018-05-18,6.13,05-31-2018,Standard Chartered
2019,2018-05-30,6.13,05-31-2018,Standard Chartered
2020,2017-03-08,6.95,05-31-2018,Standard Chartered
2020,2017-06-02,6.87,05-31-2018,Standard Chartered
2020,2017-06-20,6.87,05-31-2018,Standard Chartered
2020,2017-07-24,6.87,05-31-2018,Standard Chartered
2020,2017-08-18,6.75,05-31-2018,Standard Chartered
2020,2017-09-11,6.75,05-31-2018,Standard Chartered
2020,2017-09-12,6.75,05-31-2018,Standard Chartered
2020,2017-09-14,6.75,05-31-2018,Standard Chartered
2020,2017-09-26,6.75,05-31-2018,Standard Chartered
2020,2017-10-30,6.75,05-31-2018,Standard Chartered
2020,2018-01-03,6.75,05-31-2018,Standard Chartered
2020,2018-01-09,6.75,05-31-2018,Standard Chartered
2020,2018-02-22,6.07,05-31-2018,Standard Chartered
2020,2018-04-20,6.07,05-31-2018,Standard Chartered
2020,2018-04-26,6.07,05-31-2018,Standard Chartered
2020,2018-05-18,6.07,05-31-2018,Standard Chartered
2020,2018-05-30,6.07,05-31-2018,Standard Chartered
2021,2017-03-08,6.9,05-31-2018,Standard Chartered
2021,2017-06-02,6.82,05-31-2018,Standard Chartered
2021,2017-06-20,6.82,05-31-2018,Standard Chartered
2021,2017-07-24,6.82,05-31-2018,Standard Chartered
2021,2017-08-18,6.75,05-31-2018,Standard Chartered
2021,2017-09-11,6.75,05-31-2018,Standard Chartered
2021,2017-09-12,6.75,05-31-2018,Standard Chartered
2021,2017-09-14,6.75,05-31-2018,Standard Chartered
2021,2017-09-26,6.75,05-31-2018,Standard Chartered
2021,2017-10-30,6.75,05-31-2018,Standard Chartered
2021,2018-01-03,6.75,05-31-2018,Standard Chartered
2021,2018-01-09,6.75,05-31-2018,Standard Chartered
2021,2018-02-22,6.04,05-31-2018,Standard Chartered
2021,2018-04-20,6.04,05-31-2018,Standard Chartered
2021,2018-04-26,6.04,05-31-2018,Standard Chartered
2021,2018-05-18,6.04,05-31-2018,Standard Chartered
2021,2018-05-30,6.04,05-31-2018,Standard Chartered
2022,2018-04-20,6.0,05-31-2018,Standard Chartered
2022,2018-04-26,6.0,05-31-2018,Standard Chartered
2022,2018-05-18,6.0,05-31-2018,Standard Chartered
2022,2018-05-30,6.0,05-31-2018,Standard Chartered
Q4-09,2008-04-29,5.9,11-30-2009,Standard Chartered
Q4-09,2008-06-05,6.35,11-30-2009,Standard Chartered
Q4-09,2008-09-11,6.8,11-30-2009,Standard Chartered
Q4-09,2008-11-05,6.8,11-30-2009,Standard Chartered
Q4-09,2008-12-05,6.95,11-30-2009,Standard Chartered
Q4-09,2009-01-14,6.9,11-30-2009,Standard Chartered
Q4-09,2009-02-20,6.9,11-30-2009,Standard Chartered
Q4-09,2009-04-30,6.86,11-30-2009,Standard Chartered
Q4-09,2009-06-09,6.86,11-30-2009,Standard Chartered
Q4-09,2009-06-26,6.86,11-30-2009,Standard Chartered
Q4-09,2009-07-27,6.86,11-30-2009,Standard Chartered
Q4-09,2009-08-05,6.86,11-30-2009,Standard Chartered
Q4-09,2009-08-06,6.86,11-30-2009,Standard Chartered
Q4-09,2009-08-28,6.86,11-30-2009,Standard Chartered
Q4-09,2009-09-08,6.86,11-30-2009,Standard Chartered
Q4-09,2009-09-10,6.86,11-30-2009,Standard Chartered
Q4-09,2009-09-18,6.86,11-30-2009,Standard Chartered
Q4-09,2009-10-23,6.82,11-30-2009,Standard Chartered
Q4-09,2009-11-23,6.82,11-30-2009,Standard Chartered
Q1-10,2009-01-14,6.85,11-30-2009,Standard Chartered
Q1-10,2009-04-30,6.85,11-30-2009,Standard Chartered
Q1-10,2009-06-09,6.85,11-30-2009,Standard Chartered
Q1-10,2009-06-26,6.85,11-30-2009,Standard Chartered
Q1-10,2009-07-27,6.85,11-30-2009,Standard Chartered
Q1-10,2009-08-05,6.85,11-30-2009,Standard Chartered
Q1-10,2009-08-06,6.85,11-30-2009,Standard Chartered
Q1-10,2009-08-28,6.85,11-30-2009,Standard Chartered
Q1-10,2009-09-08,6.85,11-30-2009,Standard Chartered
Q1-10,2009-09-10,6.85,11-30-2009,Standard Chartered
Q1-10,2009-09-18,6.85,11-30-2009,Standard Chartered
Q1-10,2009-10-23,6.83,11-30-2009,Standard Chartered
Q1-10,2009-11-23,6.83,11-30-2009,Standard Chartered
Q2-10,2009-07-27,6.82,11-30-2009,Standard Chartered
Q2-10,2009-08-28,6.82,11-30-2009,Standard Chartered
Q2-10,2009-09-08,6.82,11-30-2009,Standard Chartered
Q2-10,2009-10-23,6.84,11-30-2009,Standard Chartered
Q2-10,2009-11-23,6.82,11-30-2009,Standard Chartered
Q3-10,2009-07-27,6.8,11-30-2009,Standard Chartered
Q3-10,2009-11-23,6.78,11-30-2009,Standard Chartered
2010,2008-04-29,5.6,11-30-2009,Standard Chartered
2010,2009-07-27,6.78,11-30-2009,Standard Chartered
2010,2009-08-05,6.78,11-30-2009,Standard Chartered
2010,2009-08-06,6.78,11-30-2009,Standard Chartered
2010,2009-09-10,6.78,11-30-2009,Standard Chartered
2010,2009-09-18,6.78,11-30-2009,Standard Chartered
2010,2009-10-23,6.78,11-30-2009,Standard Chartered
2010,2009-11-23,6.7,11-30-2009,Standard Chartered
2011,2008-04-29,5.3,11-30-2009,Standard Chartered
2011,2009-07-27,6.0,11-30-2009,Standard Chartered
2012,2008-04-29,5.11,11-30-2009,Standard Chartered
2012,2009-07-27,5.6,11-30-2009,Standard Chartered
2013,2009-07-27,5.2,11-30-2009,Standard Chartered
Q4-14,2013-07-19,6.07,11-30-2014,Standard Chartered
Q4-14,2013-08-16,6.07,11-30-2014,Standard Chartered
Q4-14,2013-08-30,6.07,11-30-2014,Standard Chartered
Q4-14,2013-09-13,6.07,11-30-2014,Standard Chartered
Q4-14,2013-09-20,6.05,11-30-2014,Standard Chartered
Q4-14,2013-10-18,6.05,11-30-2014,Standard Chartered
Q4-14,2013-11-14,6.05,11-30-2014,Standard Chartered
Q4-14,2013-11-28,6.05,11-30-2014,Standard Chartered
Q4-14,2014-01-02,6.03,11-30-2014,Standard Chartered
Q4-14,2014-01-17,5.92,11-30-2014,Standard Chartered
Q4-14,2014-02-13,5.92,11-30-2014,Standard Chartered
Q4-14,2014-03-14,5.92,11-30-2014,Standard Chartered
Q4-14,2014-03-17,5.92,11-30-2014,Standard Chartered
Q4-14,2014-04-17,6.04,11-30-2014,Standard Chartered
Q4-14,2014-05-20,6.04,11-30-2014,Standard Chartered
Q4-14,2014-06-24,6.09,11-30-2014,Standard Chartered
Q4-14,2014-07-18,6.09,11-30-2014,Standard Chartered
Q4-14,2014-08-08,6.09,11-30-2014,Standard Chartered
Q4-14,2014-09-16,6.09,11-30-2014,Standard Chartered
Q4-14,2014-10-09,6.09,11-30-2014,Standard Chartered
Q4-14,2014-11-07,6.09,11-30-2014,Standard Chartered
Q1-15,2014-03-14,5.86,11-30-2014,Standard Chartered
Q1-15,2014-03-17,5.86,11-30-2014,Standard Chartered
Q1-15,2014-04-17,5.95,11-30-2014,Standard Chartered
Q1-15,2014-05-20,5.95,11-30-2014,Standard Chartered
Q1-15,2014-06-24,6.0,11-30-2014,Standard Chartered
Q1-15,2014-07-18,6.0,11-30-2014,Standard Chartered
Q1-15,2014-08-08,6.0,11-30-2014,Standard Chartered
Q1-15,2014-09-16,6.0,11-30-2014,Standard Chartered
Q1-15,2014-10-09,6.05,11-30-2014,Standard Chartered
Q1-15,2014-11-07,6.05,11-30-2014,Standard Chartered
Q2-15,2014-06-24,5.95,11-30-2014,Standard Chartered
Q2-15,2014-07-18,5.95,11-30-2014,Standard Chartered
Q2-15,2014-08-08,5.95,11-30-2014,Standard Chartered
Q2-15,2014-09-16,5.95,11-30-2014,Standard Chartered
Q2-15,2014-10-09,6.02,11-30-2014,Standard Chartered
Q2-15,2014-11-07,6.02,11-30-2014,Standard Chartered
Q3-15,2014-09-16,5.93,11-30-2014,Standard Chartered
Q3-15,2014-10-09,6.0,11-30-2014,Standard Chartered
Q3-15,2014-11-07,6.0,11-30-2014,Standard Chartered
2015,2013-07-19,5.95,11-30-2014,Standard Chartered
2015,2013-08-16,5.95,11-30-2014,Standard Chartered
2015,2013-08-30,5.95,11-30-2014,Standard Chartered
2015,2013-09-13,5.95,11-30-2014,Standard Chartered
2015,2013-09-20,5.95,11-30-2014,Standard Chartered
2015,2013-10-18,5.95,11-30-2014,Standard Chartered
2015,2013-11-14,5.95,11-30-2014,Standard Chartered
2015,2013-11-28,5.95,11-30-2014,Standard Chartered
2015,2014-01-02,5.9,11-30-2014,Standard Chartered
2015,2014-01-17,5.9,11-30-2014,Standard Chartered
2015,2014-02-13,5.9,11-30-2014,Standard Chartered
2015,2014-03-14,5.85,11-30-2014,Standard Chartered
2015,2014-03-17,5.85,11-30-2014,Standard Chartered
2015,2014-04-17,5.85,11-30-2014,Standard Chartered
2015,2014-05-20,5.85,11-30-2014,Standard Chartered
2015,2014-06-24,5.85,11-30-2014,Standard Chartered
2015,2014-07-18,5.85,11-30-2014,Standard Chartered
2015,2014-08-08,5.85,11-30-2014,Standard Chartered
2015,2014-09-16,5.85,11-30-2014,Standard Chartered
2015,2014-10-09,5.95,11-30-2014,Standard Chartered
2015,2014-11-07,5.95,11-30-2014,Standard Chartered
2016,2013-08-16,5.85,11-30-2014,Standard Chartered
2016,2013-08-30,5.85,11-30-2014,Standard Chartered
2016,2013-09-13,5.85,11-30-2014,Standard Chartered
2016,2013-09-20,5.85,11-30-2014,Standard Chartered
2016,2013-10-18,5.85,11-30-2014,Standard Chartered
2016,2013-11-14,5.85,11-30-2014,Standard Chartered
2016,2013-11-28,5.85,11-30-2014,Standard Chartered
2016,2014-01-02,5.8,11-30-2014,Standard Chartered
2016,2014-01-17,5.8,11-30-2014,Standard Chartered
2016,2014-02-13,5.8,11-30-2014,Standard Chartered
2016,2014-03-14,5.8,11-30-2014,Standard Chartered
2016,2014-03-17,5.8,11-30-2014,Standard Chartered
2016,2014-04-17,5.8,11-30-2014,Standard Chartered
2016,2014-05-20,5.8,11-30-2014,Standard Chartered
2016,2014-06-24,5.8,11-30-2014,Standard Chartered
2016,2014-07-18,5.8,11-30-2014,Standard Chartered
2016,2014-08-08,5.8,11-30-2014,Standard Chartered
2016,2014-09-16,5.8,11-30-2014,Standard Chartered
2016,2014-10-09,5.84,11-30-2014,Standard Chartered
2016,2014-11-07,5.84,11-30-2014,Standard Chartered
2017,2013-08-16,5.75,11-30-2014,Standard Chartered
2017,2013-08-30,5.75,11-30-2014,Standard Chartered
2017,2013-09-13,5.75,11-30-2014,Standard Chartered
2017,2013-09-20,5.75,11-30-2014,Standard Chartered
2017,2013-10-18,5.75,11-30-2014,Standard Chartered
2017,2013-11-14,5.75,11-30-2014,Standard Chartered
2017,2013-11-28,5.75,11-30-2014,Standard Chartered
2017,2014-01-02,5.7,11-30-2014,Standard Chartered
2017,2014-01-17,5.7,11-30-2014,Standard Chartered
2017,2014-02-13,5.7,11-30-2014,Standard Chartered
2017,2014-03-14,5.75,11-30-2014,Standard Chartered
2017,2014-03-17,5.75,11-30-2014,Standard Chartered
2017,2014-04-17,5.75,11-30-2014,Standard Chartered
2017,2014-05-20,5.75,11-30-2014,Standard Chartered
2017,2014-06-24,5.75,11-30-2014,Standard Chartered
2017,2014-07-18,5.75,11-30-2014,Standard Chartered
2017,2014-08-08,5.75,11-30-2014,Standard Chartered
2017,2014-09-16,5.75,11-30-2014,Standard Chartered
2017,2014-10-09,5.75,11-30-2014,Standard Chartered
2017,2014-11-07,5.75,11-30-2014,Standard Chartered
2018,2014-03-14,5.7,11-30-2014,Standard Chartered
2018,2014-03-17,5.7,11-30-2014,Standard Chartered
2018,2014-04-17,5.7,11-30-2014,Standard Chartered
2018,2014-05-20,5.7,11-30-2014,Standard Chartered
2018,2014-06-24,5.7,11-30-2014,Standard Chartered
2018,2014-07-18,5.7,11-30-2014,Standard Chartered
2018,2014-08-08,5.7,11-30-2014,Standard Chartered
2018,2014-09-16,5.7,11-30-2014,Standard Chartered
2018,2014-10-09,5.7,11-30-2014,Standard Chartered
2018,2014-11-07,5.7,11-30-2014,Standard Chartered
Q1-09,2008-03-06,6.53,02-28-2009,Standard Chartered
Q1-09,2008-04-29,6.2,02-28-2009,Standard Chartered
Q1-09,2008-05-23,6.2,02-28-2009,Standard Chartered
Q1-09,2008-06-05,6.55,02-28-2009,Standard Chartered
Q1-09,2008-09-12,6.75,02-28-2009,Standard Chartered
Q1-09,2008-11-05,6.85,02-28-2009,Standard Chartered
Q1-09,2008-12-05,7.1,02-28-2009,Standard Chartered
Q1-09,2009-01-14,6.9,02-28-2009,Standard Chartered
Q1-09,2009-02-20,6.9,02-28-2009,Standard Chartered
Q2-09,2008-06-05,6.45,02-28-2009,Standard Chartered
Q2-09,2008-09-11,6.8,02-28-2009,Standard Chartered
Q2-09,2008-09-12,6.8,02-28-2009,Standard Chartered
Q2-09,2008-11-05,6.91,02-28-2009,Standard Chartered
Q2-09,2008-12-05,7.05,02-28-2009,Standard Chartered
Q2-09,2009-01-14,6.95,02-28-2009,Standard Chartered
Q2-09,2009-02-20,6.95,02-28-2009,Standard Chartered
Q3-09,2008-11-05,6.85,02-28-2009,Standard Chartered
Q3-09,2008-12-05,7.0,02-28-2009,Standard Chartered
Q3-09,2009-01-14,6.95,02-28-2009,Standard Chartered
Q3-09,2009-02-20,6.95,02-28-2009,Standard Chartered
Q4-09,2007-08-24,6.58,02-28-2009,Standard Chartered
Q4-09,2008-04-29,5.9,02-28-2009,Standard Chartered
Q4-09,2008-06-05,6.35,02-28-2009,Standard Chartered
Q4-09,2008-09-11,6.8,02-28-2009,Standard Chartered
Q4-09,2008-11-05,6.8,02-28-2009,Standard Chartered
Q4-09,2008-12-05,6.95,02-28-2009,Standard Chartered
Q4-09,2009-01-14,6.9,02-28-2009,Standard Chartered
Q4-09,2009-02-20,6.9,02-28-2009,Standard Chartered
2010,2007-08-24,6.25,02-28-2009,Standard Chartered
2010,2008-04-29,5.6,02-28-2009,Standard Chartered
2011,2007-08-24,5.94,02-28-2009,Standard Chartered
2011,2008-04-29,5.3,02-28-2009,Standard Chartered
2012,2008-04-29,5.11,02-28-2009,Standard Chartered
Q2-13,2011-12-14,6.15,05-31-2013,Standard Chartered
Q2-13,2012-01-18,6.15,05-31-2013,Standard Chartered
Q2-13,2012-02-03,6.15,05-31-2013,Standard Chartered
Q2-13,2012-02-17,6.15,05-31-2013,Standard Chartered
Q2-13,2012-02-23,6.15,05-31-2013,Standard Chartered
Q2-13,2012-03-23,6.15,05-31-2013,Standard Chartered
Q2-13,2012-04-13,6.15,05-31-2013,Standard Chartered
Q2-13,2012-04-27,6.15,05-31-2013,Standard Chartered
Q2-13,2012-05-04,6.15,05-31-2013,Standard Chartered
Q2-13,2012-05-29,6.15,05-31-2013,Standard Chartered
Q2-13,2012-06-21,6.27,05-31-2013,Standard Chartered
Q2-13,2012-07-12,6.27,05-31-2013,Standard Chartered
Q2-13,2012-07-31,6.27,05-31-2013,Standard Chartered
Q2-13,2012-08-10,6.27,05-31-2013,Standard Chartered
Q2-13,2012-09-10,6.27,05-31-2013,Standard Chartered
Q2-13,2012-09-17,6.27,05-31-2013,Standard Chartered
Q2-13,2012-09-21,6.27,05-31-2013,Standard Chartered
Q2-13,2012-09-27,6.27,05-31-2013,Standard Chartered
Q2-13,2012-10-16,6.27,05-31-2013,Standard Chartered
Q2-13,2012-10-19,6.27,05-31-2013,Standard Chartered
Q2-13,2012-10-23,6.27,05-31-2013,Standard Chartered
Q2-13,2012-10-26,6.27,05-31-2013,Standard Chartered
Q2-13,2012-11-02,6.27,05-31-2013,Standard Chartered
Q2-13,2012-11-09,6.27,05-31-2013,Standard Chartered
Q2-13,2012-11-16,6.27,05-31-2013,Standard Chartered
Q2-13,2012-11-23,6.27,05-31-2013,Standard Chartered
Q2-13,2012-11-30,6.24,05-31-2013,Standard Chartered
Q2-13,2012-12-07,6.24,05-31-2013,Standard Chartered
Q2-13,2012-12-14,6.24,05-31-2013,Standard Chartered
Q2-13,2013-01-04,6.24,05-31-2013,Standard Chartered
Q2-13,2013-01-11,6.24,05-31-2013,Standard Chartered
Q2-13,2013-01-18,6.18,05-31-2013,Standard Chartered
Q2-13,2013-01-25,6.18,05-31-2013,Standard Chartered
Q2-13,2013-02-01,6.18,05-31-2013,Standard Chartered
Q2-13,2013-02-12,6.18,05-31-2013,Standard Chartered
Q2-13,2013-02-22,6.18,05-31-2013,Standard Chartered
Q2-13,2013-03-01,6.18,05-31-2013,Standard Chartered
Q2-13,2013-03-08,6.18,05-31-2013,Standard Chartered
Q2-13,2013-03-15,6.18,05-31-2013,Standard Chartered
Q2-13,2013-03-22,6.18,05-31-2013,Standard Chartered
Q2-13,2013-04-16,6.18,05-31-2013,Standard Chartered
Q2-13,2013-05-10,6.18,05-31-2013,Standard Chartered
Q3-13,2012-09-10,6.23,05-31-2013,Standard Chartered
Q3-13,2012-09-17,6.23,05-31-2013,Standard Chartered
Q3-13,2012-09-21,6.23,05-31-2013,Standard Chartered
Q3-13,2012-09-27,6.23,05-31-2013,Standard Chartered
Q3-13,2012-10-16,6.23,05-31-2013,Standard Chartered
Q3-13,2012-10-19,6.23,05-31-2013,Standard Chartered
Q3-13,2012-10-23,6.23,05-31-2013,Standard Chartered
Q3-13,2012-10-26,6.23,05-31-2013,Standard Chartered
Q3-13,2012-11-02,6.23,05-31-2013,Standard Chartered
Q3-13,2012-11-09,6.23,05-31-2013,Standard Chartered
Q3-13,2012-11-16,6.23,05-31-2013,Standard Chartered
Q3-13,2012-11-23,6.23,05-31-2013,Standard Chartered
Q3-13,2012-11-30,6.2,05-31-2013,Standard Chartered
Q3-13,2012-12-07,6.2,05-31-2013,Standard Chartered
Q3-13,2012-12-14,6.2,05-31-2013,Standard Chartered
Q3-13,2013-01-04,6.2,05-31-2013,Standard Chartered
Q3-13,2013-01-11,6.2,05-31-2013,Standard Chartered
Q3-13,2013-01-18,6.14,05-31-2013,Standard Chartered
Q3-13,2013-01-25,6.14,05-31-2013,Standard Chartered
Q3-13,2013-02-01,6.14,05-31-2013,Standard Chartered
Q3-13,2013-02-12,6.14,05-31-2013,Standard Chartered
Q3-13,2013-02-22,6.14,05-31-2013,Standard Chartered
Q3-13,2013-03-01,6.14,05-31-2013,Standard Chartered
Q3-13,2013-03-08,6.14,05-31-2013,Standard Chartered
Q3-13,2013-03-15,6.14,05-31-2013,Standard Chartered
Q3-13,2013-03-22,6.14,05-31-2013,Standard Chartered
Q3-13,2013-04-16,6.14,05-31-2013,Standard Chartered
Q3-13,2013-05-10,6.14,05-31-2013,Standard Chartered
Q4-13,2011-07-01,6.28,05-31-2013,Standard Chartered
Q4-13,2012-01-19,6.15,05-31-2013,Standard Chartered
Q4-13,2012-03-26,6.15,05-31-2013,Standard Chartered
Q4-13,2012-05-11,6.15,05-31-2013,Standard Chartered
Q4-13,2012-06-21,6.19,05-31-2013,Standard Chartered
Q4-13,2012-09-10,6.19,05-31-2013,Standard Chartered
Q4-13,2012-09-17,6.19,05-31-2013,Standard Chartered
Q4-13,2012-09-21,6.19,05-31-2013,Standard Chartered
Q4-13,2012-09-27,6.19,05-31-2013,Standard Chartered
Q4-13,2012-10-16,6.19,05-31-2013,Standard Chartered
Q4-13,2012-10-19,6.19,05-31-2013,Standard Chartered
Q4-13,2012-10-23,6.19,05-31-2013,Standard Chartered
Q4-13,2012-10-26,6.19,05-31-2013,Standard Chartered
Q4-13,2012-11-02,6.19,05-31-2013,Standard Chartered
Q4-13,2012-11-09,6.19,05-31-2013,Standard Chartered
Q4-13,2012-11-16,6.19,05-31-2013,Standard Chartered
Q4-13,2012-11-23,6.19,05-31-2013,Standard Chartered
Q4-13,2012-11-30,6.16,05-31-2013,Standard Chartered
Q4-13,2012-12-07,6.16,05-31-2013,Standard Chartered
Q4-13,2012-12-14,6.16,05-31-2013,Standard Chartered
Q4-13,2013-01-04,6.16,05-31-2013,Standard Chartered
Q4-13,2013-01-11,6.16,05-31-2013,Standard Chartered
Q4-13,2013-01-18,6.1,05-31-2013,Standard Chartered
Q4-13,2013-01-25,6.1,05-31-2013,Standard Chartered
Q4-13,2013-02-01,6.1,05-31-2013,Standard Chartered
Q4-13,2013-02-12,6.1,05-31-2013,Standard Chartered
Q4-13,2013-02-22,6.1,05-31-2013,Standard Chartered
Q4-13,2013-03-01,6.1,05-31-2013,Standard Chartered
Q4-13,2013-03-08,6.1,05-31-2013,Standard Chartered
Q4-13,2013-03-15,6.1,05-31-2013,Standard Chartered
Q4-13,2013-03-22,6.1,05-31-2013,Standard Chartered
Q4-13,2013-04-16,6.1,05-31-2013,Standard Chartered
Q4-13,2013-05-10,6.1,05-31-2013,Standard Chartered
Q1-14,2013-03-01,6.07,05-31-2013,Standard Chartered
Q1-14,2013-03-22,6.07,05-31-2013,Standard Chartered
Q1-14,2013-04-16,6.07,05-31-2013,Standard Chartered
Q1-14,2013-05-10,6.07,05-31-2013,Standard Chartered
Q3-18,2017-09-11,6.5,08-31-2018,Standard Chartered
Q3-18,2017-09-12,6.5,08-31-2018,Standard Chartered
Q3-18,2017-09-14,6.5,08-31-2018,Standard Chartered
Q3-18,2017-09-26,6.5,08-31-2018,Standard Chartered
Q3-18,2017-10-30,6.5,08-31-2018,Standard Chartered
Q3-18,2018-01-03,6.5,08-31-2018,Standard Chartered
Q3-18,2018-01-09,6.5,08-31-2018,Standard Chartered
Q3-18,2018-02-22,6.21,08-31-2018,Standard Chartered
Q3-18,2018-04-20,6.21,08-31-2018,Standard Chartered
Q3-18,2018-04-26,6.21,08-31-2018,Standard Chartered
Q3-18,2018-05-18,6.23,08-31-2018,Standard Chartered
Q3-18,2018-05-30,6.23,08-31-2018,Standard Chartered
Q3-18,2018-07-19,6.6,08-31-2018,Standard Chartered
Q4-18,2017-01-17,7.1,08-31-2018,Standard Chartered
Q4-18,2017-03-08,7.1,08-31-2018,Standard Chartered
Q4-18,2017-06-02,6.97,08-31-2018,Standard Chartered
Q4-18,2017-06-20,6.97,08-31-2018,Standard Chartered
Q4-18,2017-07-24,6.97,08-31-2018,Standard Chartered
Q4-18,2017-08-18,6.8,08-31-2018,Standard Chartered
Q4-18,2017-09-11,6.45,08-31-2018,Standard Chartered
Q4-18,2017-09-12,6.45,08-31-2018,Standard Chartered
Q4-18,2017-09-14,6.45,08-31-2018,Standard Chartered
Q4-18,2017-09-26,6.45,08-31-2018,Standard Chartered
Q4-18,2017-10-30,6.45,08-31-2018,Standard Chartered
Q4-18,2018-01-03,6.45,08-31-2018,Standard Chartered
Q4-18,2018-01-09,6.45,08-31-2018,Standard Chartered
Q4-18,2018-02-22,6.18,08-31-2018,Standard Chartered
Q4-18,2018-04-20,6.18,08-31-2018,Standard Chartered
Q4-18,2018-04-26,6.18,08-31-2018,Standard Chartered
Q4-18,2018-05-18,6.18,08-31-2018,Standard Chartered
Q4-18,2018-05-30,6.18,08-31-2018,Standard Chartered
Q4-18,2018-07-19,6.58,08-31-2018,Standard Chartered
Q1-19,2018-04-20,6.18,08-31-2018,Standard Chartered
Q1-19,2018-04-26,6.18,08-31-2018,Standard Chartered
Q1-19,2018-05-18,6.18,08-31-2018,Standard Chartered
Q1-19,2018-05-30,6.18,08-31-2018,Standard Chartered
Q1-19,2018-07-19,6.55,08-31-2018,Standard Chartered
Q2-19,2018-05-30,6.16,08-31-2018,Standard Chartered
Q2-19,2018-07-19,6.52,08-31-2018,Standard Chartered
2019,2017-01-17,7.0,08-31-2018,Standard Chartered
2019,2017-03-08,7.0,08-31-2018,Standard Chartered
2019,2017-06-02,6.92,08-31-2018,Standard Chartered
2019,2017-06-20,6.92,08-31-2018,Standard Chartered
2019,2017-07-24,6.92,08-31-2018,Standard Chartered
2019,2017-08-18,6.8,08-31-2018,Standard Chartered
2019,2017-09-11,6.8,08-31-2018,Standard Chartered
2019,2017-09-12,6.8,08-31-2018,Standard Chartered
2019,2017-09-14,6.8,08-31-2018,Standard Chartered
2019,2017-09-26,6.8,08-31-2018,Standard Chartered
2019,2017-10-30,6.45,08-31-2018,Standard Chartered
2019,2018-01-03,6.45,08-31-2018,Standard Chartered
2019,2018-01-09,6.45,08-31-2018,Standard Chartered
2019,2018-02-22,6.13,08-31-2018,Standard Chartered
2019,2018-04-20,6.13,08-31-2018,Standard Chartered
2019,2018-04-26,6.13,08-31-2018,Standard Chartered
2019,2018-05-18,6.13,08-31-2018,Standard Chartered
2019,2018-05-30,6.13,08-31-2018,Standard Chartered
2019,2018-07-19,6.45,08-31-2018,Standard Chartered
2020,2017-03-08,6.95,08-31-2018,Standard Chartered
2020,2017-06-02,6.87,08-31-2018,Standard Chartered
2020,2017-06-20,6.87,08-31-2018,Standard Chartered
2020,2017-07-24,6.87,08-31-2018,Standard Chartered
2020,2017-08-18,6.75,08-31-2018,Standard Chartered
2020,2017-09-11,6.75,08-31-2018,Standard Chartered
2020,2017-09-12,6.75,08-31-2018,Standard Chartered
2020,2017-09-14,6.75,08-31-2018,Standard Chartered
2020,2017-09-26,6.75,08-31-2018,Standard Chartered
2020,2017-10-30,6.75,08-31-2018,Standard Chartered
2020,2018-01-03,6.75,08-31-2018,Standard Chartered
2020,2018-01-09,6.75,08-31-2018,Standard Chartered
2020,2018-02-22,6.07,08-31-2018,Standard Chartered
2020,2018-04-20,6.07,08-31-2018,Standard Chartered
2020,2018-04-26,6.07,08-31-2018,Standard Chartered
2020,2018-05-18,6.07,08-31-2018,Standard Chartered
2020,2018-05-30,6.07,08-31-2018,Standard Chartered
2020,2018-07-19,6.07,08-31-2018,Standard Chartered
2021,2017-03-08,6.9,08-31-2018,Standard Chartered
2021,2017-06-02,6.82,08-31-2018,Standard Chartered
2021,2017-06-20,6.82,08-31-2018,Standard Chartered
2021,2017-07-24,6.82,08-31-2018,Standard Chartered
2021,2017-08-18,6.75,08-31-2018,Standard Chartered
2021,2017-09-11,6.75,08-31-2018,Standard Chartered
2021,2017-09-12,6.75,08-31-2018,Standard Chartered
2021,2017-09-14,6.75,08-31-2018,Standard Chartered
2021,2017-09-26,6.75,08-31-2018,Standard Chartered
2021,2017-10-30,6.75,08-31-2018,Standard Chartered
2021,2018-01-03,6.75,08-31-2018,Standard Chartered
2021,2018-01-09,6.75,08-31-2018,Standard Chartered
2021,2018-02-22,6.04,08-31-2018,Standard Chartered
2021,2018-04-20,6.04,08-31-2018,Standard Chartered
2021,2018-04-26,6.04,08-31-2018,Standard Chartered
2021,2018-05-18,6.04,08-31-2018,Standard Chartered
2021,2018-05-30,6.04,08-31-2018,Standard Chartered
2021,2018-07-19,6.04,08-31-2018,Standard Chartered
2022,2018-04-20,6.0,08-31-2018,Standard Chartered
2022,2018-04-26,6.0,08-31-2018,Standard Chartered
2022,2018-05-18,6.0,08-31-2018,Standard Chartered
2022,2018-05-30,6.0,08-31-2018,Standard Chartered
2022,2018-07-19,6.0,08-31-2018,Standard Chartered
Q4-18,2017-01-17,7.1,11-30-2018,Standard Chartered
Q4-18,2017-03-08,7.1,11-30-2018,Standard Chartered
Q4-18,2017-06-02,6.97,11-30-2018,Standard Chartered
Q4-18,2017-06-20,6.97,11-30-2018,Standard Chartered
Q4-18,2017-07-24,6.97,11-30-2018,Standard Chartered
Q4-18,2017-08-18,6.8,11-30-2018,Standard Chartered
Q4-18,2017-09-11,6.45,11-30-2018,Standard Chartered
Q4-18,2017-09-12,6.45,11-30-2018,Standard Chartered
Q4-18,2017-09-14,6.45,11-30-2018,Standard Chartered
Q4-18,2017-09-26,6.45,11-30-2018,Standard Chartered
Q4-18,2017-10-30,6.45,11-30-2018,Standard Chartered
Q4-18,2018-01-03,6.45,11-30-2018,Standard Chartered
Q4-18,2018-01-09,6.45,11-30-2018,Standard Chartered
Q4-18,2018-02-22,6.18,11-30-2018,Standard Chartered
Q4-18,2018-04-20,6.18,11-30-2018,Standard Chartered
Q4-18,2018-04-26,6.18,11-30-2018,Standard Chartered
Q4-18,2018-05-18,6.18,11-30-2018,Standard Chartered
Q4-18,2018-05-30,6.18,11-30-2018,Standard Chartered
Q4-18,2018-07-19,6.58,11-30-2018,Standard Chartered
Q4-18,2018-09-03,6.92,11-30-2018,Standard Chartered
Q4-18,2018-09-27,6.92,11-30-2018,Standard Chartered
Q1-19,2018-04-20,6.18,11-30-2018,Standard Chartered
Q1-19,2018-04-26,6.18,11-30-2018,Standard Chartered
Q1-19,2018-05-18,6.18,11-30-2018,Standard Chartered
Q1-19,2018-05-30,6.18,11-30-2018,Standard Chartered
Q1-19,2018-07-19,6.55,11-30-2018,Standard Chartered
Q1-19,2018-09-03,7.02,11-30-2018,Standard Chartered
Q1-19,2018-09-27,7.02,11-30-2018,Standard Chartered
Q2-19,2018-05-30,6.16,11-30-2018,Standard Chartered
Q2-19,2018-07-19,6.52,11-30-2018,Standard Chartered
Q2-19,2018-09-03,7.0,11-30-2018,Standard Chartered
Q2-19,2018-09-27,7.0,11-30-2018,Standard Chartered
Q3-19,2018-09-03,6.85,11-30-2018,Standard Chartered
Q3-19,2018-09-27,6.85,11-30-2018,Standard Chartered
2019,2017-01-17,7.0,11-30-2018,Standard Chartered
2019,2017-03-08,7.0,11-30-2018,Standard Chartered
2019,2017-06-02,6.92,11-30-2018,Standard Chartered
2019,2017-06-20,6.92,11-30-2018,Standard Chartered
2019,2017-07-24,6.92,11-30-2018,Standard Chartered
2019,2017-08-18,6.8,11-30-2018,Standard Chartered
2019,2017-09-11,6.8,11-30-2018,Standard Chartered
2019,2017-09-12,6.8,11-30-2018,Standard Chartered
2019,2017-09-14,6.8,11-30-2018,Standard Chartered
2019,2017-09-26,6.8,11-30-2018,Standard Chartered
2019,2017-10-30,6.45,11-30-2018,Standard Chartered
2019,2018-01-03,6.45,11-30-2018,Standard Chartered
2019,2018-01-09,6.45,11-30-2018,Standard Chartered
2019,2018-02-22,6.13,11-30-2018,Standard Chartered
2019,2018-04-20,6.13,11-30-2018,Standard Chartered
2019,2018-04-26,6.13,11-30-2018,Standard Chartered
2019,2018-05-18,6.13,11-30-2018,Standard Chartered
2019,2018-05-30,6.13,11-30-2018,Standard Chartered
2019,2018-07-19,6.45,11-30-2018,Standard Chartered
2019,2018-09-03,6.82,11-30-2018,Standard Chartered
2019,2018-09-27,6.82,11-30-2018,Standard Chartered
2020,2017-03-08,6.95,11-30-2018,Standard Chartered
2020,2017-06-02,6.87,11-30-2018,Standard Chartered
2020,2017-06-20,6.87,11-30-2018,Standard Chartered
2020,2017-07-24,6.87,11-30-2018,Standard Chartered
2020,2017-08-18,6.75,11-30-2018,Standard Chartered
2020,2017-09-11,6.75,11-30-2018,Standard Chartered
2020,2017-09-12,6.75,11-30-2018,Standard Chartered
2020,2017-09-14,6.75,11-30-2018,Standard Chartered
2020,2017-09-26,6.75,11-30-2018,Standard Chartered
2020,2017-10-30,6.75,11-30-2018,Standard Chartered
2020,2018-01-03,6.75,11-30-2018,Standard Chartered
2020,2018-01-09,6.75,11-30-2018,Standard Chartered
2020,2018-02-22,6.07,11-30-2018,Standard Chartered
2020,2018-04-20,6.07,11-30-2018,Standard Chartered
2020,2018-04-26,6.07,11-30-2018,Standard Chartered
2020,2018-05-18,6.07,11-30-2018,Standard Chartered
2020,2018-05-30,6.07,11-30-2018,Standard Chartered
2020,2018-07-19,6.07,11-30-2018,Standard Chartered
2020,2018-09-03,6.07,11-30-2018,Standard Chartered
2020,2018-09-27,6.53,11-30-2018,Standard Chartered
2021,2017-03-08,6.9,11-30-2018,Standard Chartered
2021,2017-06-02,6.82,11-30-2018,Standard Chartered
2021,2017-06-20,6.82,11-30-2018,Standard Chartered
2021,2017-07-24,6.82,11-30-2018,Standard Chartered
2021,2017-08-18,6.75,11-30-2018,Standard Chartered
2021,2017-09-11,6.75,11-30-2018,Standard Chartered
2021,2017-09-12,6.75,11-30-2018,Standard Chartered
2021,2017-09-14,6.75,11-30-2018,Standard Chartered
2021,2017-09-26,6.75,11-30-2018,Standard Chartered
2021,2017-10-30,6.75,11-30-2018,Standard Chartered
2021,2018-01-03,6.75,11-30-2018,Standard Chartered
2021,2018-01-09,6.75,11-30-2018,Standard Chartered
2021,2018-02-22,6.04,11-30-2018,Standard Chartered
2021,2018-04-20,6.04,11-30-2018,Standard Chartered
2021,2018-04-26,6.04,11-30-2018,Standard Chartered
2021,2018-05-18,6.04,11-30-2018,Standard Chartered
2021,2018-05-30,6.04,11-30-2018,Standard Chartered
2021,2018-07-19,6.04,11-30-2018,Standard Chartered
2021,2018-09-03,6.04,11-30-2018,Standard Chartered
2021,2018-09-27,6.04,11-30-2018,Standard Chartered
2022,2018-04-20,6.0,11-30-2018,Standard Chartered
2022,2018-04-26,6.0,11-30-2018,Standard Chartered
2022,2018-05-18,6.0,11-30-2018,Standard Chartered
2022,2018-05-30,6.0,11-30-2018,Standard Chartered
2022,2018-07-19,6.0,11-30-2018,Standard Chartered
2022,2018-09-03,6.0,11-30-2018,Standard Chartered
2022,2018-09-27,6.0,11-30-2018,Standard Chartered
Q3-14,2013-09-13,6.06,08-31-2014,Standard Chartered
Q3-14,2013-09-20,6.06,08-31-2014,Standard Chartered
Q3-14,2013-10-18,6.06,08-31-2014,Standard Chartered
Q3-14,2013-11-14,6.06,08-31-2014,Standard Chartered
Q3-14,2013-11-28,6.06,08-31-2014,Standard Chartered
Q3-14,2014-01-02,6.04,08-31-2014,Standard Chartered
Q3-14,2014-01-17,5.98,08-31-2014,Standard Chartered
Q3-14,2014-02-13,5.98,08-31-2014,Standard Chartered
Q3-14,2014-03-14,5.98,08-31-2014,Standard Chartered
Q3-14,2014-03-17,6.02,08-31-2014,Standard Chartered
Q3-14,2014-04-17,6.13,08-31-2014,Standard Chartered
Q3-14,2014-05-20,6.13,08-31-2014,Standard Chartered
Q3-14,2014-06-24,6.18,08-31-2014,Standard Chartered
Q3-14,2014-07-18,6.18,08-31-2014,Standard Chartered
Q3-14,2014-08-08,6.18,08-31-2014,Standard Chartered
Q4-14,2013-07-19,6.07,08-31-2014,Standard Chartered
Q4-14,2013-08-16,6.07,08-31-2014,Standard Chartered
Q4-14,2013-08-30,6.07,08-31-2014,Standard Chartered
Q4-14,2013-09-13,6.07,08-31-2014,Standard Chartered
Q4-14,2013-09-20,6.05,08-31-2014,Standard Chartered
Q4-14,2013-10-18,6.05,08-31-2014,Standard Chartered
Q4-14,2013-11-14,6.05,08-31-2014,Standard Chartered
Q4-14,2013-11-28,6.05,08-31-2014,Standard Chartered
Q4-14,2014-01-02,6.03,08-31-2014,Standard Chartered
Q4-14,2014-01-17,5.92,08-31-2014,Standard Chartered
Q4-14,2014-02-13,5.92,08-31-2014,Standard Chartered
Q4-14,2014-03-14,5.92,08-31-2014,Standard Chartered
Q4-14,2014-03-17,5.92,08-31-2014,Standard Chartered
Q4-14,2014-04-17,6.04,08-31-2014,Standard Chartered
Q4-14,2014-05-20,6.04,08-31-2014,Standard Chartered
Q4-14,2014-06-24,6.09,08-31-2014,Standard Chartered
Q4-14,2014-07-18,6.09,08-31-2014,Standard Chartered
Q4-14,2014-08-08,6.09,08-31-2014,Standard Chartered
Q1-15,2014-03-14,5.86,08-31-2014,Standard Chartered
Q1-15,2014-03-17,5.86,08-31-2014,Standard Chartered
Q1-15,2014-04-17,5.95,08-31-2014,Standard Chartered
Q1-15,2014-05-20,5.95,08-31-2014,Standard Chartered
Q1-15,2014-06-24,6.0,08-31-2014,Standard Chartered
Q1-15,2014-07-18,6.0,08-31-2014,Standard Chartered
Q1-15,2014-08-08,6.0,08-31-2014,Standard Chartered
Q2-15,2014-06-24,5.95,08-31-2014,Standard Chartered
Q2-15,2014-07-18,5.95,08-31-2014,Standard Chartered
Q2-15,2014-08-08,5.95,08-31-2014,Standard Chartered
2015,2013-07-19,5.95,08-31-2014,Standard Chartered
2015,2013-08-16,5.95,08-31-2014,Standard Chartered
2015,2013-08-30,5.95,08-31-2014,Standard Chartered
2015,2013-09-13,5.95,08-31-2014,Standard Chartered
2015,2013-09-20,5.95,08-31-2014,Standard Chartered
2015,2013-10-18,5.95,08-31-2014,Standard Chartered
2015,2013-11-14,5.95,08-31-2014,Standard Chartered
2015,2013-11-28,5.95,08-31-2014,Standard Chartered
2015,2014-01-02,5.9,08-31-2014,Standard Chartered
2015,2014-01-17,5.9,08-31-2014,Standard Chartered
2015,2014-02-13,5.9,08-31-2014,Standard Chartered
2015,2014-03-14,5.85,08-31-2014,Standard Chartered
2015,2014-03-17,5.85,08-31-2014,Standard Chartered
2015,2014-04-17,5.85,08-31-2014,Standard Chartered
2015,2014-05-20,5.85,08-31-2014,Standard Chartered
2015,2014-06-24,5.85,08-31-2014,Standard Chartered
2015,2014-07-18,5.85,08-31-2014,Standard Chartered
2015,2014-08-08,5.85,08-31-2014,Standard Chartered
2016,2013-08-16,5.85,08-31-2014,Standard Chartered
2016,2013-08-30,5.85,08-31-2014,Standard Chartered
2016,2013-09-13,5.85,08-31-2014,Standard Chartered
2016,2013-09-20,5.85,08-31-2014,Standard Chartered
2016,2013-10-18,5.85,08-31-2014,Standard Chartered
2016,2013-11-14,5.85,08-31-2014,Standard Chartered
2016,2013-11-28,5.85,08-31-2014,Standard Chartered
2016,2014-01-02,5.8,08-31-2014,Standard Chartered
2016,2014-01-17,5.8,08-31-2014,Standard Chartered
2016,2014-02-13,5.8,08-31-2014,Standard Chartered
2016,2014-03-14,5.8,08-31-2014,Standard Chartered
2016,2014-03-17,5.8,08-31-2014,Standard Chartered
2016,2014-04-17,5.8,08-31-2014,Standard Chartered
2016,2014-05-20,5.8,08-31-2014,Standard Chartered
2016,2014-06-24,5.8,08-31-2014,Standard Chartered
2016,2014-07-18,5.8,08-31-2014,Standard Chartered
2016,2014-08-08,5.8,08-31-2014,Standard Chartered
2017,2013-08-16,5.75,08-31-2014,Standard Chartered
2017,2013-08-30,5.75,08-31-2014,Standard Chartered
2017,2013-09-13,5.75,08-31-2014,Standard Chartered
2017,2013-09-20,5.75,08-31-2014,Standard Chartered
2017,2013-10-18,5.75,08-31-2014,Standard Chartered
2017,2013-11-14,5.75,08-31-2014,Standard Chartered
2017,2013-11-28,5.75,08-31-2014,Standard Chartered
2017,2014-01-02,5.7,08-31-2014,Standard Chartered
2017,2014-01-17,5.7,08-31-2014,Standard Chartered
2017,2014-02-13,5.7,08-31-2014,Standard Chartered
2017,2014-03-14,5.75,08-31-2014,Standard Chartered
2017,2014-03-17,5.75,08-31-2014,Standard Chartered
2017,2014-04-17,5.75,08-31-2014,Standard Chartered
2017,2014-05-20,5.75,08-31-2014,Standard Chartered
2017,2014-06-24,5.75,08-31-2014,Standard Chartered
2017,2014-07-18,5.75,08-31-2014,Standard Chartered
2017,2014-08-08,5.75,08-31-2014,Standard Chartered
2018,2014-03-14,5.7,08-31-2014,Standard Chartered
2018,2014-03-17,5.7,08-31-2014,Standard Chartered
2018,2014-04-17,5.7,08-31-2014,Standard Chartered
2018,2014-05-20,5.7,08-31-2014,Standard Chartered
2018,2014-06-24,5.7,08-31-2014,Standard Chartered
2018,2014-07-18,5.7,08-31-2014,Standard Chartered
2018,2014-08-08,5.7,08-31-2014,Standard Chartered
Q2-09,2008-06-05,6.45,05-31-2009,Standard Chartered
Q2-09,2008-09-11,6.8,05-31-2009,Standard Chartered
Q2-09,2008-09-12,6.8,05-31-2009,Standard Chartered
Q2-09,2008-11-05,6.91,05-31-2009,Standard Chartered
Q2-09,2008-12-05,7.05,05-31-2009,Standard Chartered
Q2-09,2009-01-14,6.95,05-31-2009,Standard Chartered
Q2-09,2009-02-20,6.95,05-31-2009,Standard Chartered
Q2-09,2009-04-30,6.85,05-31-2009,Standard Chartered
Q3-09,2008-11-05,6.85,05-31-2009,Standard Chartered
Q3-09,2008-12-05,7.0,05-31-2009,Standard Chartered
Q3-09,2009-01-14,6.95,05-31-2009,Standard Chartered
Q3-09,2009-02-20,6.95,05-31-2009,Standard Chartered
Q3-09,2009-04-30,6.87,05-31-2009,Standard Chartered
Q4-09,2007-08-24,6.58,05-31-2009,Standard Chartered
Q4-09,2008-04-29,5.9,05-31-2009,Standard Chartered
Q4-09,2008-06-05,6.35,05-31-2009,Standard Chartered
Q4-09,2008-09-11,6.8,05-31-2009,Standard Chartered
Q4-09,2008-11-05,6.8,05-31-2009,Standard Chartered
Q4-09,2008-12-05,6.95,05-31-2009,Standard Chartered
Q4-09,2009-01-14,6.9,05-31-2009,Standard Chartered
Q4-09,2009-02-20,6.9,05-31-2009,Standard Chartered
Q4-09,2009-04-30,6.86,05-31-2009,Standard Chartered
Q1-10,2009-01-14,6.85,05-31-2009,Standard Chartered
Q1-10,2009-04-30,6.85,05-31-2009,Standard Chartered
2010,2007-08-24,6.25,05-31-2009,Standard Chartered
2010,2008-04-29,5.6,05-31-2009,Standard Chartered
2011,2007-08-24,5.94,05-31-2009,Standard Chartered
2011,2008-04-29,5.3,05-31-2009,Standard Chartered
2012,2008-04-29,5.11,05-31-2009,Standard Chartered
Q1-13,2011-11-04,6.01,02-28-2013,Standard Chartered
Q1-13,2011-11-30,6.07,02-28-2013,Standard Chartered
Q1-13,2011-12-14,6.18,02-28-2013,Standard Chartered
Q1-13,2012-01-18,6.18,02-28-2013,Standard Chartered
Q1-13,2012-02-03,6.18,02-28-2013,Standard Chartered
Q1-13,2012-02-17,6.18,02-28-2013,Standard Chartered
Q1-13,2012-02-23,6.18,02-28-2013,Standard Chartered
Q1-13,2012-03-23,6.18,02-28-2013,Standard Chartered
Q1-13,2012-03-26,6.18,02-28-2013,Standard Chartered
Q1-13,2012-04-13,6.18,02-28-2013,Standard Chartered
Q1-13,2012-04-27,6.18,02-28-2013,Standard Chartered
Q1-13,2012-05-04,6.18,02-28-2013,Standard Chartered
Q1-13,2012-05-11,6.18,02-28-2013,Standard Chartered
Q1-13,2012-05-29,6.18,02-28-2013,Standard Chartered
Q1-13,2012-06-21,6.29,02-28-2013,Standard Chartered
Q1-13,2012-07-12,6.29,02-28-2013,Standard Chartered
Q1-13,2012-07-31,6.29,02-28-2013,Standard Chartered
Q1-13,2012-08-10,6.29,02-28-2013,Standard Chartered
Q1-13,2012-09-10,6.29,02-28-2013,Standard Chartered
Q1-13,2012-09-17,6.29,02-28-2013,Standard Chartered
Q1-13,2012-09-21,6.29,02-28-2013,Standard Chartered
Q1-13,2012-09-27,6.29,02-28-2013,Standard Chartered
Q1-13,2012-10-16,6.29,02-28-2013,Standard Chartered
Q1-13,2012-10-19,6.29,02-28-2013,Standard Chartered
Q1-13,2012-10-23,6.29,02-28-2013,Standard Chartered
Q1-13,2012-10-26,6.29,02-28-2013,Standard Chartered
Q1-13,2012-11-02,6.29,02-28-2013,Standard Chartered
Q1-13,2012-11-09,6.29,02-28-2013,Standard Chartered
Q1-13,2012-11-16,6.29,02-28-2013,Standard Chartered
Q1-13,2012-11-23,6.29,02-28-2013,Standard Chartered
Q1-13,2012-11-30,6.26,02-28-2013,Standard Chartered
Q1-13,2012-12-07,6.26,02-28-2013,Standard Chartered
Q1-13,2012-12-14,6.26,02-28-2013,Standard Chartered
Q1-13,2013-01-04,6.26,02-28-2013,Standard Chartered
Q1-13,2013-01-11,6.26,02-28-2013,Standard Chartered
Q1-13,2013-01-18,6.21,02-28-2013,Standard Chartered
Q1-13,2013-01-25,6.21,02-28-2013,Standard Chartered
Q1-13,2013-02-01,6.21,02-28-2013,Standard Chartered
Q1-13,2013-02-12,6.21,02-28-2013,Standard Chartered
Q1-13,2013-02-22,6.21,02-28-2013,Standard Chartered
Q2-13,2011-12-14,6.15,02-28-2013,Standard Chartered
Q2-13,2012-01-18,6.15,02-28-2013,Standard Chartered
Q2-13,2012-02-03,6.15,02-28-2013,Standard Chartered
Q2-13,2012-02-17,6.15,02-28-2013,Standard Chartered
Q2-13,2012-02-23,6.15,02-28-2013,Standard Chartered
Q2-13,2012-03-23,6.15,02-28-2013,Standard Chartered
Q2-13,2012-04-13,6.15,02-28-2013,Standard Chartered
Q2-13,2012-04-27,6.15,02-28-2013,Standard Chartered
Q2-13,2012-05-04,6.15,02-28-2013,Standard Chartered
Q2-13,2012-05-29,6.15,02-28-2013,Standard Chartered
Q2-13,2012-06-21,6.27,02-28-2013,Standard Chartered
Q2-13,2012-07-12,6.27,02-28-2013,Standard Chartered
Q2-13,2012-07-31,6.27,02-28-2013,Standard Chartered
Q2-13,2012-08-10,6.27,02-28-2013,Standard Chartered
Q2-13,2012-09-10,6.27,02-28-2013,Standard Chartered
Q2-13,2012-09-17,6.27,02-28-2013,Standard Chartered
Q2-13,2012-09-21,6.27,02-28-2013,Standard Chartered
Q2-13,2012-09-27,6.27,02-28-2013,Standard Chartered
Q2-13,2012-10-16,6.27,02-28-2013,Standard Chartered
Q2-13,2012-10-19,6.27,02-28-2013,Standard Chartered
Q2-13,2012-10-23,6.27,02-28-2013,Standard Chartered
Q2-13,2012-10-26,6.27,02-28-2013,Standard Chartered
Q2-13,2012-11-02,6.27,02-28-2013,Standard Chartered
Q2-13,2012-11-09,6.27,02-28-2013,Standard Chartered
Q2-13,2012-11-16,6.27,02-28-2013,Standard Chartered
Q2-13,2012-11-23,6.27,02-28-2013,Standard Chartered
Q2-13,2012-11-30,6.24,02-28-2013,Standard Chartered
Q2-13,2012-12-07,6.24,02-28-2013,Standard Chartered
Q2-13,2012-12-14,6.24,02-28-2013,Standard Chartered
Q2-13,2013-01-04,6.24,02-28-2013,Standard Chartered
Q2-13,2013-01-11,6.24,02-28-2013,Standard Chartered
Q2-13,2013-01-18,6.18,02-28-2013,Standard Chartered
Q2-13,2013-01-25,6.18,02-28-2013,Standard Chartered
Q2-13,2013-02-01,6.18,02-28-2013,Standard Chartered
Q2-13,2013-02-12,6.18,02-28-2013,Standard Chartered
Q2-13,2013-02-22,6.18,02-28-2013,Standard Chartered
Q3-13,2012-09-10,6.23,02-28-2013,Standard Chartered
Q3-13,2012-09-17,6.23,02-28-2013,Standard Chartered
Q3-13,2012-09-21,6.23,02-28-2013,Standard Chartered
Q3-13,2012-09-27,6.23,02-28-2013,Standard Chartered
Q3-13,2012-10-16,6.23,02-28-2013,Standard Chartered
Q3-13,2012-10-19,6.23,02-28-2013,Standard Chartered
Q3-13,2012-10-23,6.23,02-28-2013,Standard Chartered
Q3-13,2012-10-26,6.23,02-28-2013,Standard Chartered
Q3-13,2012-11-02,6.23,02-28-2013,Standard Chartered
Q3-13,2012-11-09,6.23,02-28-2013,Standard Chartered
Q3-13,2012-11-16,6.23,02-28-2013,Standard Chartered
Q3-13,2012-11-23,6.23,02-28-2013,Standard Chartered
Q3-13,2012-11-30,6.2,02-28-2013,Standard Chartered
Q3-13,2012-12-07,6.2,02-28-2013,Standard Chartered
Q3-13,2012-12-14,6.2,02-28-2013,Standard Chartered
Q3-13,2013-01-04,6.2,02-28-2013,Standard Chartered
Q3-13,2013-01-11,6.2,02-28-2013,Standard Chartered
Q3-13,2013-01-18,6.14,02-28-2013,Standard Chartered
Q3-13,2013-01-25,6.14,02-28-2013,Standard Chartered
Q3-13,2013-02-01,6.14,02-28-2013,Standard Chartered
Q3-13,2013-02-12,6.14,02-28-2013,Standard Chartered
Q3-13,2013-02-22,6.14,02-28-2013,Standard Chartered
Q4-13,2011-07-01,6.28,02-28-2013,Standard Chartered
Q4-13,2012-01-19,6.15,02-28-2013,Standard Chartered
Q4-13,2012-03-26,6.15,02-28-2013,Standard Chartered
Q4-13,2012-05-11,6.15,02-28-2013,Standard Chartered
Q4-13,2012-06-21,6.19,02-28-2013,Standard Chartered
Q4-13,2012-09-10,6.19,02-28-2013,Standard Chartered
Q4-13,2012-09-17,6.19,02-28-2013,Standard Chartered
Q4-13,2012-09-21,6.19,02-28-2013,Standard Chartered
Q4-13,2012-09-27,6.19,02-28-2013,Standard Chartered
Q4-13,2012-10-16,6.19,02-28-2013,Standard Chartered
Q4-13,2012-10-19,6.19,02-28-2013,Standard Chartered
Q4-13,2012-10-23,6.19,02-28-2013,Standard Chartered
Q4-13,2012-10-26,6.19,02-28-2013,Standard Chartered
Q4-13,2012-11-02,6.19,02-28-2013,Standard Chartered
Q4-13,2012-11-09,6.19,02-28-2013,Standard Chartered
Q4-13,2012-11-16,6.19,02-28-2013,Standard Chartered
Q4-13,2012-11-23,6.19,02-28-2013,Standard Chartered
Q4-13,2012-11-30,6.16,02-28-2013,Standard Chartered
Q4-13,2012-12-07,6.16,02-28-2013,Standard Chartered
Q4-13,2012-12-14,6.16,02-28-2013,Standard Chartered
Q4-13,2013-01-04,6.16,02-28-2013,Standard Chartered
Q4-13,2013-01-11,6.16,02-28-2013,Standard Chartered
Q4-13,2013-01-18,6.1,02-28-2013,Standard Chartered
Q4-13,2013-01-25,6.1,02-28-2013,Standard Chartered
Q4-13,2013-02-01,6.1,02-28-2013,Standard Chartered
Q4-13,2013-02-12,6.1,02-28-2013,Standard Chartered
Q4-13,2013-02-22,6.1,02-28-2013,Standard Chartered
Q1-12,2011-04-08,0.72,02-28-2012,Standard Chartered
Q1-12,2011-04-15,6.25,02-28-2012,Standard Chartered
Q1-12,2011-04-22,6.25,02-28-2012,Standard Chartered
Q1-12,2011-04-29,6.25,02-28-2012,Standard Chartered
Q1-12,2011-05-06,6.25,02-28-2012,Standard Chartered
Q1-12,2011-05-12,6.25,02-28-2012,Standard Chartered
Q1-12,2011-05-13,6.2,02-28-2012,Standard Chartered
Q1-12,2011-06-03,6.2,02-28-2012,Standard Chartered
Q1-12,2011-06-10,6.2,02-28-2012,Standard Chartered
Q1-12,2011-06-17,6.23,02-28-2012,Standard Chartered
Q1-12,2011-06-24,6.23,02-28-2012,Standard Chartered
Q1-12,2011-07-01,6.28,02-28-2012,Standard Chartered
Q1-12,2011-07-08,6.23,02-28-2012,Standard Chartered
Q1-12,2011-07-15,6.23,02-28-2012,Standard Chartered
Q1-12,2011-07-22,6.23,02-28-2012,Standard Chartered
Q1-12,2011-07-29,6.24,02-28-2012,Standard Chartered
Q1-12,2011-08-12,6.24,02-28-2012,Standard Chartered
Q1-12,2011-08-31,6.24,02-28-2012,Standard Chartered
Q1-12,2011-09-30,6.24,02-28-2012,Standard Chartered
Q1-12,2011-11-04,6.24,02-28-2012,Standard Chartered
Q1-12,2011-11-30,6.28,02-28-2012,Standard Chartered
Q1-12,2011-12-14,6.36,02-28-2012,Standard Chartered
Q1-12,2012-01-18,6.36,02-28-2012,Standard Chartered
Q1-12,2012-01-19,6.36,02-28-2012,Standard Chartered
Q1-12,2012-02-03,6.36,02-28-2012,Standard Chartered
Q1-12,2012-02-17,6.33,02-28-2012,Standard Chartered
Q1-12,2012-02-23,6.33,02-28-2012,Standard Chartered
Q2-12,2011-04-08,6.2,02-28-2012,Standard Chartered
Q2-12,2011-06-17,6.2,02-28-2012,Standard Chartered
Q2-12,2011-06-24,6.2,02-28-2012,Standard Chartered
Q2-12,2011-07-01,6.23,02-28-2012,Standard Chartered
Q2-12,2011-07-08,6.2,02-28-2012,Standard Chartered
Q2-12,2011-07-15,6.2,02-28-2012,Standard Chartered
Q2-12,2011-07-22,6.2,02-28-2012,Standard Chartered
Q2-12,2011-07-29,6.18,02-28-2012,Standard Chartered
Q2-12,2011-08-12,6.18,02-28-2012,Standard Chartered
Q2-12,2011-08-31,6.18,02-28-2012,Standard Chartered
Q2-12,2011-09-30,6.18,02-28-2012,Standard Chartered
Q2-12,2011-11-04,6.18,02-28-2012,Standard Chartered
Q2-12,2011-11-30,6.24,02-28-2012,Standard Chartered
Q2-12,2011-12-14,6.31,02-28-2012,Standard Chartered
Q2-12,2012-01-18,6.31,02-28-2012,Standard Chartered
Q2-12,2012-01-19,6.31,02-28-2012,Standard Chartered
Q2-12,2012-02-03,6.31,02-28-2012,Standard Chartered
Q2-12,2012-02-17,6.31,02-28-2012,Standard Chartered
Q2-12,2012-02-23,6.31,02-28-2012,Standard Chartered
Q3-12,2011-08-31,6.12,02-28-2012,Standard Chartered
Q3-12,2011-09-30,6.12,02-28-2012,Standard Chartered
Q3-12,2011-11-04,6.12,02-28-2012,Standard Chartered
Q3-12,2011-11-30,6.18,02-28-2012,Standard Chartered
Q3-12,2011-12-14,6.26,02-28-2012,Standard Chartered
Q3-12,2012-01-18,6.26,02-28-2012,Standard Chartered
Q3-12,2012-01-19,6.26,02-28-2012,Standard Chartered
Q3-12,2012-02-03,6.26,02-28-2012,Standard Chartered
Q3-12,2012-02-17,6.26,02-28-2012,Standard Chartered
Q3-12,2012-02-23,6.26,02-28-2012,Standard Chartered
Q4-12,2010-06-28,6.19,02-28-2012,Standard Chartered
Q4-12,2010-07-02,6.19,02-28-2012,Standard Chartered
Q4-12,2010-10-25,6.36,02-28-2012,Standard Chartered
Q4-12,2011-02-11,6.2,02-28-2012,Standard Chartered
Q4-12,2011-07-01,6.2,02-28-2012,Standard Chartered
Q4-12,2011-07-29,6.06,02-28-2012,Standard Chartered
Q4-12,2011-08-12,6.06,02-28-2012,Standard Chartered
Q4-12,2011-08-31,6.06,02-28-2012,Standard Chartered
Q4-12,2011-09-30,6.06,02-28-2012,Standard Chartered
Q4-12,2011-11-04,6.06,02-28-2012,Standard Chartered
Q4-12,2011-11-30,6.12,02-28-2012,Standard Chartered
Q4-12,2011-12-14,6.21,02-28-2012,Standard Chartered
Q4-12,2012-01-18,6.21,02-28-2012,Standard Chartered
Q4-12,2012-01-19,6.21,02-28-2012,Standard Chartered
Q4-12,2012-02-03,6.21,02-28-2012,Standard Chartered
Q4-12,2012-02-17,6.21,02-28-2012,Standard Chartered
Q4-12,2012-02-23,6.21,02-28-2012,Standard Chartered
2013,2010-06-28,5.97,02-28-2012,Standard Chartered
2013,2010-07-02,5.97,02-28-2012,Standard Chartered
2013,2011-07-01,6.28,02-28-2012,Standard Chartered
2013,2012-01-19,5.97,02-28-2012,Standard Chartered
2014,2010-06-28,5.68,02-28-2012,Standard Chartered
2014,2010-07-02,5.68,02-28-2012,Standard Chartered
2014,2012-01-19,5.68,02-28-2012,Standard Chartered
2015,2010-06-28,5.5,02-28-2012,Standard Chartered
2015,2010-07-02,5.5,02-28-2012,Standard Chartered
Q2-08,2007-07-09,7.33,05-31-2008,Standard Chartered
Q2-08,2007-08-24,7.21,05-31-2008,Standard Chartered
Q2-08,2007-09-27,7.21,05-31-2008,Standard Chartered
Q2-08,2007-11-09,7.21,05-31-2008,Standard Chartered
Q2-08,2007-11-16,7.21,05-31-2008,Standard Chartered
Q2-08,2007-12-13,7.15,05-31-2008,Standard Chartered
Q2-08,2008-01-11,6.94,05-31-2008,Standard Chartered
Q2-08,2008-02-07,6.94,05-31-2008,Standard Chartered
Q2-08,2008-02-14,6.94,05-31-2008,Standard Chartered
Q2-08,2008-03-06,6.94,05-31-2008,Standard Chartered
Q2-08,2008-04-29,6.73,05-31-2008,Standard Chartered
Q2-08,2008-05-23,6.8,05-31-2008,Standard Chartered
Q3-08,2007-09-27,7.11,05-31-2008,Standard Chartered
Q3-08,2007-11-09,7.11,05-31-2008,Standard Chartered
Q3-08,2007-11-16,7.11,05-31-2008,Standard Chartered
Q3-08,2007-12-13,6.98,05-31-2008,Standard Chartered
Q3-08,2008-01-11,6.79,05-31-2008,Standard Chartered
Q3-08,2008-02-07,6.79,05-31-2008,Standard Chartered
Q3-08,2008-02-14,6.79,05-31-2008,Standard Chartered
Q3-08,2008-03-06,6.79,05-31-2008,Standard Chartered
Q3-08,2008-04-29,6.45,05-31-2008,Standard Chartered
Q3-08,2008-05-23,6.55,05-31-2008,Standard Chartered
Q4-08,2006-10-19,7.56,05-31-2008,Standard Chartered
Q4-08,2007-08-24,7.0,05-31-2008,Standard Chartered
Q4-08,2007-09-27,7.0,05-31-2008,Standard Chartered
Q4-08,2007-11-09,7.0,05-31-2008,Standard Chartered
Q4-08,2007-11-16,7.0,05-31-2008,Standard Chartered
Q4-08,2007-12-13,6.84,05-31-2008,Standard Chartered
Q4-08,2008-01-11,6.64,05-31-2008,Standard Chartered
Q4-08,2008-02-07,6.64,05-31-2008,Standard Chartered
Q4-08,2008-02-14,6.64,05-31-2008,Standard Chartered
Q4-08,2008-03-06,6.64,05-31-2008,Standard Chartered
Q4-08,2008-04-29,6.35,05-31-2008,Standard Chartered
Q4-08,2008-05-23,6.35,05-31-2008,Standard Chartered
Q1-09,2008-03-06,6.53,05-31-2008,Standard Chartered
Q1-09,2008-04-29,6.2,05-31-2008,Standard Chartered
Q1-09,2008-05-23,6.2,05-31-2008,Standard Chartered
2009,2007-08-24,6.58,05-31-2008,Standard Chartered
2009,2008-04-29,5.9,05-31-2008,Standard Chartered
2010,2007-08-24,6.25,05-31-2008,Standard Chartered
2010,2008-04-29,5.6,05-31-2008,Standard Chartered
2011,2007-08-24,5.94,05-31-2008,Standard Chartered
2011,2008-04-29,5.3,05-31-2008,Standard Chartered
2012,2008-04-29,5.11,05-31-2008,Standard Chartered
Q3-15,2014-09-16,5.93,08-31-2015,Standard Chartered
Q3-15,2014-10-09,6.0,08-31-2015,Standard Chartered
Q3-15,2014-11-07,6.0,08-31-2015,Standard Chartered
Q3-15,2014-12-03,6.08,08-31-2015,Standard Chartered
Q3-15,2015-01-12,6.19,08-31-2015,Standard Chartered
Q3-15,2015-01-30,6.19,08-31-2015,Standard Chartered
Q3-15,2015-03-02,6.19,08-31-2015,Standard Chartered
Q3-15,2015-03-24,6.27,08-31-2015,Standard Chartered
Q3-15,2015-05-04,6.21,08-31-2015,Standard Chartered
Q3-15,2015-06-04,6.21,08-31-2015,Standard Chartered
Q3-15,2015-06-25,6.22,08-31-2015,Standard Chartered
Q3-15,2015-08-06,6.22,08-31-2015,Standard Chartered
Q3-15,2015-08-18,6.45,08-31-2015,Standard Chartered
Q3-15,2015-08-21,6.45,08-31-2015,Standard Chartered
Q3-15,2015-08-31,6.45,08-31-2015,Standard Chartered
Q4-15,2013-09-13,5.95,08-31-2015,Standard Chartered
Q4-15,2013-09-20,5.95,08-31-2015,Standard Chartered
Q4-15,2013-10-18,5.95,08-31-2015,Standard Chartered
Q4-15,2013-11-14,5.95,08-31-2015,Standard Chartered
Q4-15,2013-11-28,5.95,08-31-2015,Standard Chartered
Q4-15,2014-01-02,5.9,08-31-2015,Standard Chartered
Q4-15,2014-01-17,5.9,08-31-2015,Standard Chartered
Q4-15,2014-02-13,5.9,08-31-2015,Standard Chartered
Q4-15,2014-03-14,5.85,08-31-2015,Standard Chartered
Q4-15,2014-03-17,5.85,08-31-2015,Standard Chartered
Q4-15,2014-04-17,5.85,08-31-2015,Standard Chartered
Q4-15,2014-05-20,5.85,08-31-2015,Standard Chartered
Q4-15,2014-06-24,5.85,08-31-2015,Standard Chartered
Q4-15,2014-07-18,5.85,08-31-2015,Standard Chartered
Q4-15,2014-08-08,5.85,08-31-2015,Standard Chartered
Q4-15,2014-09-16,5.85,08-31-2015,Standard Chartered
Q4-15,2014-10-09,5.95,08-31-2015,Standard Chartered
Q4-15,2014-11-07,5.95,08-31-2015,Standard Chartered
Q4-15,2014-12-03,5.98,08-31-2015,Standard Chartered
Q4-15,2015-01-12,6.12,08-31-2015,Standard Chartered
Q4-15,2015-01-30,6.12,08-31-2015,Standard Chartered
Q4-15,2015-03-02,6.12,08-31-2015,Standard Chartered
Q4-15,2015-03-24,6.19,08-31-2015,Standard Chartered
Q4-15,2015-05-04,6.19,08-31-2015,Standard Chartered
Q4-15,2015-06-04,6.19,08-31-2015,Standard Chartered
Q4-15,2015-06-25,6.19,08-31-2015,Standard Chartered
Q4-15,2015-08-06,6.19,08-31-2015,Standard Chartered
Q4-15,2015-08-18,6.5,08-31-2015,Standard Chartered
Q4-15,2015-08-21,6.5,08-31-2015,Standard Chartered
Q4-15,2015-08-31,6.5,08-31-2015,Standard Chartered
Q1-16,2015-03-24,6.17,08-31-2015,Standard Chartered
Q1-16,2015-05-04,6.17,08-31-2015,Standard Chartered
Q1-16,2015-06-04,6.17,08-31-2015,Standard Chartered
Q1-16,2015-06-25,6.17,08-31-2015,Standard Chartered
Q1-16,2015-08-06,6.17,08-31-2015,Standard Chartered
Q1-16,2015-08-18,6.45,08-31-2015,Standard Chartered
Q1-16,2015-08-21,6.45,08-31-2015,Standard Chartered
Q1-16,2015-08-31,6.45,08-31-2015,Standard Chartered
Q2-16,2015-06-04,6.17,08-31-2015,Standard Chartered
Q2-16,2015-06-25,6.17,08-31-2015,Standard Chartered
Q2-16,2015-08-06,6.17,08-31-2015,Standard Chartered
Q2-16,2015-08-18,6.4,08-31-2015,Standard Chartered
Q2-16,2015-08-21,6.4,08-31-2015,Standard Chartered
Q2-16,2015-08-31,6.4,08-31-2015,Standard Chartered
2016,2013-09-13,5.85,08-31-2015,Standard Chartered
2016,2013-09-20,5.85,08-31-2015,Standard Chartered
2016,2013-10-18,5.85,08-31-2015,Standard Chartered
2016,2013-11-14,5.85,08-31-2015,Standard Chartered
2016,2013-11-28,5.85,08-31-2015,Standard Chartered
2016,2014-01-02,5.8,08-31-2015,Standard Chartered
2016,2014-01-17,5.8,08-31-2015,Standard Chartered
2016,2014-02-13,5.8,08-31-2015,Standard Chartered
2016,2014-03-14,5.8,08-31-2015,Standard Chartered
2016,2014-03-17,5.8,08-31-2015,Standard Chartered
2016,2014-04-17,5.8,08-31-2015,Standard Chartered
2016,2014-05-20,5.8,08-31-2015,Standard Chartered
2016,2014-06-24,5.8,08-31-2015,Standard Chartered
2016,2014-07-18,5.8,08-31-2015,Standard Chartered
2016,2014-08-08,5.8,08-31-2015,Standard Chartered
2016,2014-09-16,5.8,08-31-2015,Standard Chartered
2016,2014-10-09,5.84,08-31-2015,Standard Chartered
2016,2014-11-07,5.84,08-31-2015,Standard Chartered
2016,2014-12-03,5.84,08-31-2015,Standard Chartered
2016,2015-01-12,5.84,08-31-2015,Standard Chartered
2016,2015-01-30,6.05,08-31-2015,Standard Chartered
2016,2015-03-02,6.05,08-31-2015,Standard Chartered
2016,2015-03-24,6.12,08-31-2015,Standard Chartered
2016,2015-05-04,6.12,08-31-2015,Standard Chartered
2016,2015-06-04,6.12,08-31-2015,Standard Chartered
2016,2015-06-25,6.15,08-31-2015,Standard Chartered
2016,2015-08-06,6.15,08-31-2015,Standard Chartered
2016,2015-08-18,6.35,08-31-2015,Standard Chartered
2016,2015-08-21,6.35,08-31-2015,Standard Chartered
2016,2015-08-31,6.35,08-31-2015,Standard Chartered
2017,2013-09-13,5.75,08-31-2015,Standard Chartered
2017,2013-09-20,5.75,08-31-2015,Standard Chartered
2017,2013-10-18,5.75,08-31-2015,Standard Chartered
2017,2013-11-14,5.75,08-31-2015,Standard Chartered
2017,2013-11-28,5.75,08-31-2015,Standard Chartered
2017,2014-01-02,5.7,08-31-2015,Standard Chartered
2017,2014-01-17,5.7,08-31-2015,Standard Chartered
2017,2014-02-13,5.7,08-31-2015,Standard Chartered
2017,2014-03-14,5.75,08-31-2015,Standard Chartered
2017,2014-03-17,5.75,08-31-2015,Standard Chartered
2017,2014-04-17,5.75,08-31-2015,Standard Chartered
2017,2014-05-20,5.75,08-31-2015,Standard Chartered
2017,2014-06-24,5.75,08-31-2015,Standard Chartered
2017,2014-07-18,5.75,08-31-2015,Standard Chartered
2017,2014-08-08,5.75,08-31-2015,Standard Chartered
2017,2014-09-16,5.75,08-31-2015,Standard Chartered
2017,2014-10-09,5.75,08-31-2015,Standard Chartered
2017,2014-11-07,5.75,08-31-2015,Standard Chartered
2017,2014-12-03,5.75,08-31-2015,Standard Chartered
2017,2015-01-12,5.75,08-31-2015,Standard Chartered
2017,2015-01-30,5.75,08-31-2015,Standard Chartered
2017,2015-03-02,5.75,08-31-2015,Standard Chartered
2017,2015-03-24,6.08,08-31-2015,Standard Chartered
2017,2015-05-04,6.08,08-31-2015,Standard Chartered
2017,2015-06-04,6.08,08-31-2015,Standard Chartered
2017,2015-06-25,6.1,08-31-2015,Standard Chartered
2017,2015-08-06,6.1,08-31-2015,Standard Chartered
2017,2015-08-21,6.1,08-31-2015,Standard Chartered
2017,2015-08-31,6.1,08-31-2015,Standard Chartered
2018,2014-03-14,5.7,08-31-2015,Standard Chartered
2018,2014-03-17,5.7,08-31-2015,Standard Chartered
2018,2014-04-17,5.7,08-31-2015,Standard Chartered
2018,2014-05-20,5.7,08-31-2015,Standard Chartered
2018,2014-06-24,5.7,08-31-2015,Standard Chartered
2018,2014-07-18,5.7,08-31-2015,Standard Chartered
2018,2014-08-08,5.7,08-31-2015,Standard Chartered
2018,2014-09-16,5.7,08-31-2015,Standard Chartered
2018,2014-10-09,5.7,08-31-2015,Standard Chartered
2018,2014-11-07,5.7,08-31-2015,Standard Chartered
2018,2014-12-03,5.7,08-31-2015,Standard Chartered
2018,2015-01-12,5.7,08-31-2015,Standard Chartered
2018,2015-01-30,5.7,08-31-2015,Standard Chartered
2018,2015-03-02,5.7,08-31-2015,Standard Chartered
2018,2015-03-24,6.02,08-31-2015,Standard Chartered
2018,2015-05-04,6.02,08-31-2015,Standard Chartered
2018,2015-06-04,6.02,08-31-2015,Standard Chartered
2018,2015-06-25,6.05,08-31-2015,Standard Chartered
2018,2015-08-06,6.05,08-31-2015,Standard Chartered
2018,2015-08-21,6.05,08-31-2015,Standard Chartered
2018,2015-08-31,6.05,08-31-2015,Standard Chartered
2019,2015-03-24,5.95,08-31-2015,Standard Chartered
2019,2015-05-04,5.95,08-31-2015,Standard Chartered
2019,2015-06-04,5.95,08-31-2015,Standard Chartered
2019,2015-06-25,6.0,08-31-2015,Standard Chartered
2019,2015-08-06,6.0,08-31-2015,Standard Chartered
2019,2015-08-21,6.0,08-31-2015,Standard Chartered
2019,2015-08-31,6.0,08-31-2015,Standard Chartered
2023,2019-04-09,6.65,11-30-2019,Standard Chartered
2023,2019-04-10,6.65,11-30-2019,Standard Chartered
2023,2019-05-21,6.65,11-30-2019,Standard Chartered
2023,2019-05-27,6.65,11-30-2019,Standard Chartered
2023,2019-05-31,6.65,11-30-2019,Standard Chartered
2023,2019-08-13,6.65,11-30-2019,Standard Chartered
2023,2019-09-04,7.2,11-30-2019,Standard Chartered
2023,2019-10-07,7.2,11-30-2019,Standard Chartered
2022,2018-04-20,6.0,11-30-2019,Standard Chartered
2022,2018-04-26,6.0,11-30-2019,Standard Chartered
2022,2018-05-18,6.0,11-30-2019,Standard Chartered
2022,2018-05-30,6.0,11-30-2019,Standard Chartered
2022,2018-07-19,6.0,11-30-2019,Standard Chartered
2022,2018-09-03,6.0,11-30-2019,Standard Chartered
2022,2018-09-27,6.0,11-30-2019,Standard Chartered
2022,2018-12-03,6.0,11-30-2019,Standard Chartered
2022,2018-12-17,6.0,11-30-2019,Standard Chartered
2022,2019-01-17,6.0,11-30-2019,Standard Chartered
2022,2019-04-09,6.6,11-30-2019,Standard Chartered
2022,2019-04-10,6.6,11-30-2019,Standard Chartered
2022,2019-05-21,6.6,11-30-2019,Standard Chartered
2022,2019-05-27,6.6,11-30-2019,Standard Chartered
2022,2019-05-31,6.6,11-30-2019,Standard Chartered
2022,2019-08-13,6.6,11-30-2019,Standard Chartered
2022,2019-09-04,7.3,11-30-2019,Standard Chartered
2022,2019-10-07,7.3,11-30-2019,Standard Chartered
2021,2018-01-03,6.75,11-30-2019,Standard Chartered
2021,2018-01-09,6.75,11-30-2019,Standard Chartered
2021,2018-02-22,6.04,11-30-2019,Standard Chartered
2021,2018-04-20,6.04,11-30-2019,Standard Chartered
2021,2018-04-26,6.04,11-30-2019,Standard Chartered
2021,2018-05-18,6.04,11-30-2019,Standard Chartered
2021,2018-05-30,6.04,11-30-2019,Standard Chartered
2021,2018-07-19,6.04,11-30-2019,Standard Chartered
2021,2018-09-03,6.04,11-30-2019,Standard Chartered
2021,2018-09-27,6.04,11-30-2019,Standard Chartered
2021,2018-12-03,6.04,11-30-2019,Standard Chartered
2021,2018-12-17,6.04,11-30-2019,Standard Chartered
2021,2019-01-17,6.04,11-30-2019,Standard Chartered
2021,2019-04-09,6.6,11-30-2019,Standard Chartered
2021,2019-04-10,6.6,11-30-2019,Standard Chartered
2021,2019-05-21,6.6,11-30-2019,Standard Chartered
2021,2019-05-27,6.6,11-30-2019,Standard Chartered
2021,2019-05-31,6.6,11-30-2019,Standard Chartered
2021,2019-08-13,6.6,11-30-2019,Standard Chartered
2021,2019-09-04,7.35,11-30-2019,Standard Chartered
2021,2019-10-07,7.35,11-30-2019,Standard Chartered
2020,2018-01-03,6.75,11-30-2019,Standard Chartered
2020,2018-01-09,6.75,11-30-2019,Standard Chartered
2020,2018-02-22,6.07,11-30-2019,Standard Chartered
2020,2018-04-20,6.07,11-30-2019,Standard Chartered
2020,2018-04-26,6.07,11-30-2019,Standard Chartered
2020,2018-05-18,6.07,11-30-2019,Standard Chartered
2020,2018-05-30,6.07,11-30-2019,Standard Chartered
2020,2018-07-19,6.07,11-30-2019,Standard Chartered
2020,2018-09-03,6.07,11-30-2019,Standard Chartered
2020,2018-09-27,6.53,11-30-2019,Standard Chartered
2020,2018-12-03,6.53,11-30-2019,Standard Chartered
2020,2018-12-17,6.53,11-30-2019,Standard Chartered
2020,2019-01-17,6.53,11-30-2019,Standard Chartered
2020,2019-04-09,6.55,11-30-2019,Standard Chartered
2020,2019-04-10,6.55,11-30-2019,Standard Chartered
2020,2019-05-21,6.55,11-30-2019,Standard Chartered
2020,2019-05-27,6.55,11-30-2019,Standard Chartered
2020,2019-05-31,6.55,11-30-2019,Standard Chartered
2020,2019-08-13,6.55,11-30-2019,Standard Chartered
2020,2019-09-04,7.32,11-30-2019,Standard Chartered
2020,2019-10-07,7.32,11-30-2019,Standard Chartered
2020,2019-11-11,7.32,11-30-2019,Standard Chartered
Q4-19,2018-01-03,6.45,11-30-2019,Standard Chartered
Q4-19,2018-01-09,6.45,11-30-2019,Standard Chartered
Q4-19,2018-02-22,6.13,11-30-2019,Standard Chartered
Q4-19,2018-04-20,6.13,11-30-2019,Standard Chartered
Q4-19,2018-04-26,6.13,11-30-2019,Standard Chartered
Q4-19,2018-05-18,6.13,11-30-2019,Standard Chartered
Q4-19,2018-05-30,6.13,11-30-2019,Standard Chartered
Q4-19,2018-07-19,6.45,11-30-2019,Standard Chartered
Q4-19,2018-09-03,6.82,11-30-2019,Standard Chartered
Q4-19,2018-09-27,6.82,11-30-2019,Standard Chartered
Q4-19,2018-12-03,6.82,11-30-2019,Standard Chartered
Q4-19,2018-12-17,6.65,11-30-2019,Standard Chartered
Q4-19,2019-01-17,6.65,11-30-2019,Standard Chartered
Q4-19,2019-04-09,6.65,11-30-2019,Standard Chartered
Q4-19,2019-04-10,6.65,11-30-2019,Standard Chartered
Q4-19,2019-05-21,6.65,11-30-2019,Standard Chartered
Q4-19,2019-05-27,6.65,11-30-2019,Standard Chartered
Q4-19,2019-05-31,6.65,11-30-2019,Standard Chartered
Q4-19,2019-08-13,6.65,11-30-2019,Standard Chartered
Q4-19,2019-09-04,7.23,11-30-2019,Standard Chartered
Q4-19,2019-10-07,7.23,11-30-2019,Standard Chartered
Q4-19,2019-11-11,7.23,11-30-2019,Standard Chartered
Q3-20,2019-09-04,7.35,11-30-2019,Standard Chartered
Q3-20,2019-10-07,7.35,11-30-2019,Standard Chartered
Q3-20,2019-11-11,7.35,11-30-2019,Standard Chartered
Q2-20,2019-08-13,6.75,11-30-2019,Standard Chartered
Q2-20,2019-09-04,7.33,11-30-2019,Standard Chartered
Q2-20,2019-10-07,7.33,11-30-2019,Standard Chartered
Q2-20,2019-11-11,7.33,11-30-2019,Standard Chartered
Q1-20,2019-04-09,6.7,11-30-2019,Standard Chartered
Q1-20,2019-04-10,6.7,11-30-2019,Standard Chartered
Q1-20,2019-05-21,6.7,11-30-2019,Standard Chartered
Q1-20,2019-05-27,6.7,11-30-2019,Standard Chartered
Q1-20,2019-05-31,6.7,11-30-2019,Standard Chartered
Q1-20,2019-08-13,6.7,11-30-2019,Standard Chartered
Q1-20,2019-09-04,7.28,11-30-2019,Standard Chartered
Q1-20,2019-10-07,7.28,11-30-2019,Standard Chartered
Q1-20,2019-11-11,7.28,11-30-2019,Standard Chartered
Q3-19,2018-09-03,6.85,08-31-2019,Standard Chartered
Q3-19,2018-09-27,6.85,08-31-2019,Standard Chartered
Q3-19,2018-12-03,6.85,08-31-2019,Standard Chartered
Q3-19,2018-12-17,6.7,08-31-2019,Standard Chartered
Q3-19,2019-01-17,6.7,08-31-2019,Standard Chartered
Q3-19,2019-04-09,6.7,08-31-2019,Standard Chartered
Q3-19,2019-04-10,6.7,08-31-2019,Standard Chartered
Q3-19,2019-05-21,6.7,08-31-2019,Standard Chartered
Q3-19,2019-05-27,6.7,08-31-2019,Standard Chartered
Q3-19,2019-05-31,6.7,08-31-2019,Standard Chartered
Q3-19,2019-08-13,6.7,08-31-2019,Standard Chartered
Q4-19,2017-09-11,6.8,08-31-2019,Standard Chartered
Q4-19,2017-09-12,6.8,08-31-2019,Standard Chartered
Q4-19,2017-09-14,6.8,08-31-2019,Standard Chartered
Q4-19,2017-09-26,6.8,08-31-2019,Standard Chartered
Q4-19,2017-10-30,6.45,08-31-2019,Standard Chartered
Q4-19,2018-01-03,6.45,08-31-2019,Standard Chartered
Q4-19,2018-01-09,6.45,08-31-2019,Standard Chartered
Q4-19,2018-02-22,6.13,08-31-2019,Standard Chartered
Q4-19,2018-04-20,6.13,08-31-2019,Standard Chartered
Q4-19,2018-04-26,6.13,08-31-2019,Standard Chartered
Q4-19,2018-05-18,6.13,08-31-2019,Standard Chartered
Q4-19,2018-05-30,6.13,08-31-2019,Standard Chartered
Q4-19,2018-07-19,6.45,08-31-2019,Standard Chartered
Q4-19,2018-09-03,6.82,08-31-2019,Standard Chartered
Q4-19,2018-09-27,6.82,08-31-2019,Standard Chartered
Q4-19,2018-12-03,6.82,08-31-2019,Standard Chartered
Q4-19,2018-12-17,6.65,08-31-2019,Standard Chartered
Q4-19,2019-01-17,6.65,08-31-2019,Standard Chartered
Q4-19,2019-04-09,6.65,08-31-2019,Standard Chartered
Q4-19,2019-04-10,6.65,08-31-2019,Standard Chartered
Q4-19,2019-05-21,6.65,08-31-2019,Standard Chartered
Q4-19,2019-05-27,6.65,08-31-2019,Standard Chartered
Q4-19,2019-05-31,6.65,08-31-2019,Standard Chartered
Q4-19,2019-08-13,6.65,08-31-2019,Standard Chartered
Q1-20,2019-04-09,6.7,08-31-2019,Standard Chartered
Q1-20,2019-04-10,6.7,08-31-2019,Standard Chartered
Q1-20,2019-05-21,6.7,08-31-2019,Standard Chartered
Q1-20,2019-05-27,6.7,08-31-2019,Standard Chartered
Q1-20,2019-05-31,6.7,08-31-2019,Standard Chartered
Q1-20,2019-08-13,6.7,08-31-2019,Standard Chartered
Q2-20,2019-08-13,6.75,08-31-2019,Standard Chartered
2020,2017-09-11,6.75,08-31-2019,Standard Chartered
2020,2017-09-12,6.75,08-31-2019,Standard Chartered
2020,2017-09-14,6.75,08-31-2019,Standard Chartered
2020,2017-09-26,6.75,08-31-2019,Standard Chartered
2020,2017-10-30,6.75,08-31-2019,Standard Chartered
2020,2018-01-03,6.75,08-31-2019,Standard Chartered
2020,2018-01-09,6.75,08-31-2019,Standard Chartered
2020,2018-02-22,6.07,08-31-2019,Standard Chartered
2020,2018-04-20,6.07,08-31-2019,Standard Chartered
2020,2018-04-26,6.07,08-31-2019,Standard Chartered
2020,2018-05-18,6.07,08-31-2019,Standard Chartered
2020,2018-05-30,6.07,08-31-2019,Standard Chartered
2020,2018-07-19,6.07,08-31-2019,Standard Chartered
2020,2018-09-03,6.07,08-31-2019,Standard Chartered
2020,2018-09-27,6.53,08-31-2019,Standard Chartered
2020,2018-12-03,6.53,08-31-2019,Standard Chartered
2020,2018-12-17,6.53,08-31-2019,Standard Chartered
2020,2019-01-17,6.53,08-31-2019,Standard Chartered
2020,2019-04-09,6.55,08-31-2019,Standard Chartered
2020,2019-04-10,6.55,08-31-2019,Standard Chartered
2020,2019-05-21,6.55,08-31-2019,Standard Chartered
2020,2019-05-27,6.55,08-31-2019,Standard Chartered
2020,2019-05-31,6.55,08-31-2019,Standard Chartered
2020,2019-08-13,6.55,08-31-2019,Standard Chartered
2021,2017-09-11,6.75,08-31-2019,Standard Chartered
2021,2017-09-12,6.75,08-31-2019,Standard Chartered
2021,2017-09-14,6.75,08-31-2019,Standard Chartered
2021,2017-09-26,6.75,08-31-2019,Standard Chartered
2021,2017-10-30,6.75,08-31-2019,Standard Chartered
2021,2018-01-03,6.75,08-31-2019,Standard Chartered
2021,2018-01-09,6.75,08-31-2019,Standard Chartered
2021,2018-02-22,6.04,08-31-2019,Standard Chartered
2021,2018-04-20,6.04,08-31-2019,Standard Chartered
2021,2018-04-26,6.04,08-31-2019,Standard Chartered
2021,2018-05-18,6.04,08-31-2019,Standard Chartered
2021,2018-05-30,6.04,08-31-2019,Standard Chartered
2021,2018-07-19,6.04,08-31-2019,Standard Chartered
2021,2018-09-03,6.04,08-31-2019,Standard Chartered
2021,2018-09-27,6.04,08-31-2019,Standard Chartered
2021,2018-12-03,6.04,08-31-2019,Standard Chartered
2021,2018-12-17,6.04,08-31-2019,Standard Chartered
2021,2019-01-17,6.04,08-31-2019,Standard Chartered
2021,2019-04-09,6.6,08-31-2019,Standard Chartered
2021,2019-04-10,6.6,08-31-2019,Standard Chartered
2021,2019-05-21,6.6,08-31-2019,Standard Chartered
2021,2019-05-27,6.6,08-31-2019,Standard Chartered
2021,2019-05-31,6.6,08-31-2019,Standard Chartered
2021,2019-08-13,6.6,08-31-2019,Standard Chartered
2022,2018-04-20,6.0,08-31-2019,Standard Chartered
2022,2018-04-26,6.0,08-31-2019,Standard Chartered
2022,2018-05-18,6.0,08-31-2019,Standard Chartered
2022,2018-05-30,6.0,08-31-2019,Standard Chartered
2022,2018-07-19,6.0,08-31-2019,Standard Chartered
2022,2018-09-03,6.0,08-31-2019,Standard Chartered
2022,2018-09-27,6.0,08-31-2019,Standard Chartered
2022,2018-12-03,6.0,08-31-2019,Standard Chartered
2022,2018-12-17,6.0,08-31-2019,Standard Chartered
2022,2019-01-17,6.0,08-31-2019,Standard Chartered
2022,2019-04-09,6.6,08-31-2019,Standard Chartered
2022,2019-04-10,6.6,08-31-2019,Standard Chartered
2022,2019-05-21,6.6,08-31-2019,Standard Chartered
2022,2019-05-27,6.6,08-31-2019,Standard Chartered
2022,2019-05-31,6.6,08-31-2019,Standard Chartered
2022,2019-08-13,6.6,08-31-2019,Standard Chartered
2023,2019-04-09,6.65,08-31-2019,Standard Chartered
2023,2019-04-10,6.65,08-31-2019,Standard Chartered
2023,2019-05-21,6.65,08-31-2019,Standard Chartered
2023,2019-05-27,6.65,08-31-2019,Standard Chartered
2023,2019-05-31,6.65,08-31-2019,Standard Chartered
2023,2019-08-13,6.65,08-31-2019,Standard Chartered
Q2-12,2011-04-08,6.2,05-31-2012,Standard Chartered
Q2-12,2011-06-17,6.2,05-31-2012,Standard Chartered
Q2-12,2011-06-24,6.2,05-31-2012,Standard Chartered
Q2-12,2011-07-01,6.23,05-31-2012,Standard Chartered
Q2-12,2011-07-08,6.2,05-31-2012,Standard Chartered
Q2-12,2011-07-15,6.2,05-31-2012,Standard Chartered
Q2-12,2011-07-22,6.2,05-31-2012,Standard Chartered
Q2-12,2011-07-29,6.18,05-31-2012,Standard Chartered
Q2-12,2011-08-12,6.18,05-31-2012,Standard Chartered
Q2-12,2011-08-31,6.18,05-31-2012,Standard Chartered
Q2-12,2011-09-30,6.18,05-31-2012,Standard Chartered
Q2-12,2011-11-04,6.18,05-31-2012,Standard Chartered
Q2-12,2011-11-30,6.24,05-31-2012,Standard Chartered
Q2-12,2011-12-14,6.31,05-31-2012,Standard Chartered
Q2-12,2012-01-18,6.31,05-31-2012,Standard Chartered
Q2-12,2012-01-19,6.31,05-31-2012,Standard Chartered
Q2-12,2012-02-03,6.31,05-31-2012,Standard Chartered
Q2-12,2012-02-17,6.31,05-31-2012,Standard Chartered
Q2-12,2012-02-23,6.31,05-31-2012,Standard Chartered
Q2-12,2012-03-23,6.31,05-31-2012,Standard Chartered
Q2-12,2012-03-26,6.31,05-31-2012,Standard Chartered
Q2-12,2012-04-13,6.31,05-31-2012,Standard Chartered
Q2-12,2012-04-27,6.31,05-31-2012,Standard Chartered
Q2-12,2012-05-04,6.31,05-31-2012,Standard Chartered
Q2-12,2012-05-11,6.31,05-31-2012,Standard Chartered
Q2-12,2012-05-29,6.31,05-31-2012,Standard Chartered
Q3-12,2011-08-31,6.12,05-31-2012,Standard Chartered
Q3-12,2011-09-30,6.12,05-31-2012,Standard Chartered
Q3-12,2011-11-04,6.12,05-31-2012,Standard Chartered
Q3-12,2011-11-30,6.18,05-31-2012,Standard Chartered
Q3-12,2011-12-14,6.26,05-31-2012,Standard Chartered
Q3-12,2012-01-18,6.26,05-31-2012,Standard Chartered
Q3-12,2012-01-19,6.26,05-31-2012,Standard Chartered
Q3-12,2012-02-03,6.26,05-31-2012,Standard Chartered
Q3-12,2012-02-17,6.26,05-31-2012,Standard Chartered
Q3-12,2012-02-23,6.26,05-31-2012,Standard Chartered
Q3-12,2012-03-23,6.26,05-31-2012,Standard Chartered
Q3-12,2012-03-26,6.26,05-31-2012,Standard Chartered
Q3-12,2012-04-13,6.26,05-31-2012,Standard Chartered
Q3-12,2012-04-27,6.26,05-31-2012,Standard Chartered
Q3-12,2012-05-04,6.26,05-31-2012,Standard Chartered
Q3-12,2012-05-11,6.26,05-31-2012,Standard Chartered
Q3-12,2012-05-29,6.26,05-31-2012,Standard Chartered
Q4-12,2010-06-28,6.19,05-31-2012,Standard Chartered
Q4-12,2010-07-02,6.19,05-31-2012,Standard Chartered
Q4-12,2010-10-25,6.36,05-31-2012,Standard Chartered
Q4-12,2011-02-11,6.2,05-31-2012,Standard Chartered
Q4-12,2011-07-01,6.2,05-31-2012,Standard Chartered
Q4-12,2011-07-29,6.06,05-31-2012,Standard Chartered
Q4-12,2011-08-12,6.06,05-31-2012,Standard Chartered
Q4-12,2011-08-31,6.06,05-31-2012,Standard Chartered
Q4-12,2011-09-30,6.06,05-31-2012,Standard Chartered
Q4-12,2011-11-04,6.06,05-31-2012,Standard Chartered
Q4-12,2011-11-30,6.12,05-31-2012,Standard Chartered
Q4-12,2011-12-14,6.21,05-31-2012,Standard Chartered
Q4-12,2012-01-18,6.21,05-31-2012,Standard Chartered
Q4-12,2012-01-19,6.21,05-31-2012,Standard Chartered
Q4-12,2012-02-03,6.21,05-31-2012,Standard Chartered
Q4-12,2012-02-17,6.21,05-31-2012,Standard Chartered
Q4-12,2012-02-23,6.21,05-31-2012,Standard Chartered
Q4-12,2012-03-23,6.21,05-31-2012,Standard Chartered
Q4-12,2012-03-26,6.21,05-31-2012,Standard Chartered
Q4-12,2012-04-13,6.21,05-31-2012,Standard Chartered
Q4-12,2012-04-27,6.21,05-31-2012,Standard Chartered
Q4-12,2012-05-04,6.21,05-31-2012,Standard Chartered
Q4-12,2012-05-11,6.21,05-31-2012,Standard Chartered
Q4-12,2012-05-29,6.21,05-31-2012,Standard Chartered
Q1-13,2011-11-04,6.01,05-31-2012,Standard Chartered
Q1-13,2011-11-30,6.07,05-31-2012,Standard Chartered
Q1-13,2011-12-14,6.18,05-31-2012,Standard Chartered
Q1-13,2012-01-18,6.18,05-31-2012,Standard Chartered
Q1-13,2012-02-03,6.18,05-31-2012,Standard Chartered
Q1-13,2012-02-17,6.18,05-31-2012,Standard Chartered
Q1-13,2012-02-23,6.18,05-31-2012,Standard Chartered
Q1-13,2012-03-23,6.18,05-31-2012,Standard Chartered
Q1-13,2012-03-26,6.18,05-31-2012,Standard Chartered
Q1-13,2012-04-13,6.18,05-31-2012,Standard Chartered
Q1-13,2012-04-27,6.18,05-31-2012,Standard Chartered
Q1-13,2012-05-04,6.18,05-31-2012,Standard Chartered
Q1-13,2012-05-11,6.18,05-31-2012,Standard Chartered
Q1-13,2012-05-29,6.18,05-31-2012,Standard Chartered
2013,2010-06-28,5.97,05-31-2012,Standard Chartered
2013,2010-07-02,5.97,05-31-2012,Standard Chartered
2013,2011-07-01,6.28,05-31-2012,Standard Chartered
2013,2012-01-19,6.15,05-31-2012,Standard Chartered
2013,2012-03-26,6.15,05-31-2012,Standard Chartered
2013,2012-05-11,6.15,05-31-2012,Standard Chartered
2014,2010-06-28,5.68,05-31-2012,Standard Chartered
2014,2010-07-02,5.68,05-31-2012,Standard Chartered
2014,2012-01-19,5.68,05-31-2012,Standard Chartered
2015,2010-06-28,5.5,05-31-2012,Standard Chartered
2015,2010-07-02,5.5,05-31-2012,Standard Chartered
Q1-08,2007-01-12,7.4,02-28-2008,Standard Chartered
Q1-08,2007-03-08,7.4,02-28-2008,Standard Chartered
Q1-08,2007-04-04,7.4,02-28-2008,Standard Chartered
Q1-08,2007-05-08,7.4,02-28-2008,Standard Chartered
Q1-08,2007-07-09,7.4,02-28-2008,Standard Chartered
Q1-08,2007-08-24,7.32,02-28-2008,Standard Chartered
Q1-08,2007-09-27,7.32,02-28-2008,Standard Chartered
Q1-08,2007-11-09,7.32,02-28-2008,Standard Chartered
Q1-08,2007-11-16,7.32,02-28-2008,Standard Chartered
Q1-08,2007-12-13,7.26,02-28-2008,Standard Chartered
Q1-08,2008-01-11,7.1,02-28-2008,Standard Chartered
Q1-08,2008-02-07,7.1,02-28-2008,Standard Chartered
Q1-08,2008-02-14,7.1,02-28-2008,Standard Chartered
Q2-08,2007-07-09,7.33,02-28-2008,Standard Chartered
Q2-08,2007-08-24,7.21,02-28-2008,Standard Chartered
Q2-08,2007-09-27,7.21,02-28-2008,Standard Chartered
Q2-08,2007-11-09,7.21,02-28-2008,Standard Chartered
Q2-08,2007-11-16,7.21,02-28-2008,Standard Chartered
Q2-08,2007-12-13,7.15,02-28-2008,Standard Chartered
Q2-08,2008-01-11,6.94,02-28-2008,Standard Chartered
Q2-08,2008-02-07,6.94,02-28-2008,Standard Chartered
Q2-08,2008-02-14,6.94,02-28-2008,Standard Chartered
Q3-08,2007-09-27,7.11,02-28-2008,Standard Chartered
Q3-08,2007-11-09,7.11,02-28-2008,Standard Chartered
Q3-08,2007-11-16,7.11,02-28-2008,Standard Chartered
Q3-08,2007-12-13,6.98,02-28-2008,Standard Chartered
Q3-08,2008-01-11,6.79,02-28-2008,Standard Chartered
Q3-08,2008-02-07,6.79,02-28-2008,Standard Chartered
Q3-08,2008-02-14,6.79,02-28-2008,Standard Chartered
Q4-08,2006-10-19,7.56,02-28-2008,Standard Chartered
Q4-08,2007-08-24,7.0,02-28-2008,Standard Chartered
Q4-08,2007-09-27,7.0,02-28-2008,Standard Chartered
Q4-08,2007-11-09,7.0,02-28-2008,Standard Chartered
Q4-08,2007-11-16,7.0,02-28-2008,Standard Chartered
Q4-08,2007-12-13,6.84,02-28-2008,Standard Chartered
Q4-08,2008-01-11,6.64,02-28-2008,Standard Chartered
Q4-08,2008-02-07,6.64,02-28-2008,Standard Chartered
Q4-08,2008-02-14,6.64,02-28-2008,Standard Chartered
2009,2007-08-24,6.58,02-28-2008,Standard Chartered
2010,2007-08-24,6.25,02-28-2008,Standard Chartered
2011,2007-08-24,5.94,02-28-2008,Standard Chartered
Q4-15,2014-01-02,5.9,11-30-2015,Standard Chartered
Q4-15,2014-01-17,5.9,11-30-2015,Standard Chartered
Q4-15,2014-02-13,5.9,11-30-2015,Standard Chartered
Q4-15,2014-03-14,5.85,11-30-2015,Standard Chartered
Q4-15,2014-03-17,5.85,11-30-2015,Standard Chartered
Q4-15,2014-04-17,5.85,11-30-2015,Standard Chartered
Q4-15,2014-05-20,5.85,11-30-2015,Standard Chartered
Q4-15,2014-06-24,5.85,11-30-2015,Standard Chartered
Q4-15,2014-07-18,5.85,11-30-2015,Standard Chartered
Q4-15,2014-08-08,5.85,11-30-2015,Standard Chartered
Q4-15,2014-09-16,5.85,11-30-2015,Standard Chartered
Q4-15,2014-10-09,5.95,11-30-2015,Standard Chartered
Q4-15,2014-11-07,5.95,11-30-2015,Standard Chartered
Q4-15,2014-12-03,5.98,11-30-2015,Standard Chartered
Q4-15,2015-01-12,6.12,11-30-2015,Standard Chartered
Q4-15,2015-01-30,6.12,11-30-2015,Standard Chartered
Q4-15,2015-03-02,6.12,11-30-2015,Standard Chartered
Q4-15,2015-03-24,6.19,11-30-2015,Standard Chartered
Q4-15,2015-05-04,6.19,11-30-2015,Standard Chartered
Q4-15,2015-06-04,6.19,11-30-2015,Standard Chartered
Q4-15,2015-06-25,6.19,11-30-2015,Standard Chartered
Q4-15,2015-08-06,6.19,11-30-2015,Standard Chartered
Q4-15,2015-08-18,6.5,11-30-2015,Standard Chartered
Q4-15,2015-08-21,6.5,11-30-2015,Standard Chartered
Q4-15,2015-08-31,6.5,11-30-2015,Standard Chartered
Q4-15,2015-09-29,6.5,11-30-2015,Standard Chartered
Q1-16,2015-03-24,6.17,11-30-2015,Standard Chartered
Q1-16,2015-05-04,6.17,11-30-2015,Standard Chartered
Q1-16,2015-06-04,6.17,11-30-2015,Standard Chartered
Q1-16,2015-06-25,6.17,11-30-2015,Standard Chartered
Q1-16,2015-08-06,6.17,11-30-2015,Standard Chartered
Q1-16,2015-08-18,6.45,11-30-2015,Standard Chartered
Q1-16,2015-08-21,6.45,11-30-2015,Standard Chartered
Q1-16,2015-08-31,6.45,11-30-2015,Standard Chartered
Q1-16,2015-09-29,6.45,11-30-2015,Standard Chartered
Q2-16,2015-06-04,6.17,11-30-2015,Standard Chartered
Q2-16,2015-06-25,6.17,11-30-2015,Standard Chartered
Q2-16,2015-08-06,6.17,11-30-2015,Standard Chartered
Q2-16,2015-08-18,6.4,11-30-2015,Standard Chartered
Q2-16,2015-08-21,6.4,11-30-2015,Standard Chartered
Q2-16,2015-08-31,6.4,11-30-2015,Standard Chartered
Q2-16,2015-09-29,6.4,11-30-2015,Standard Chartered
Q3-16,2015-08-18,6.38,11-30-2015,Standard Chartered
Q3-16,2015-09-29,6.38,11-30-2015,Standard Chartered
2016,2014-01-02,5.8,11-30-2015,Standard Chartered
2016,2014-01-17,5.8,11-30-2015,Standard Chartered
2016,2014-02-13,5.8,11-30-2015,Standard Chartered
2016,2014-03-14,5.8,11-30-2015,Standard Chartered
2016,2014-03-17,5.8,11-30-2015,Standard Chartered
2016,2014-04-17,5.8,11-30-2015,Standard Chartered
2016,2014-05-20,5.8,11-30-2015,Standard Chartered
2016,2014-06-24,5.8,11-30-2015,Standard Chartered
2016,2014-07-18,5.8,11-30-2015,Standard Chartered
2016,2014-08-08,5.8,11-30-2015,Standard Chartered
2016,2014-09-16,5.8,11-30-2015,Standard Chartered
2016,2014-10-09,5.84,11-30-2015,Standard Chartered
2016,2014-11-07,5.84,11-30-2015,Standard Chartered
2016,2014-12-03,5.84,11-30-2015,Standard Chartered
2016,2015-01-12,5.84,11-30-2015,Standard Chartered
2016,2015-01-30,6.05,11-30-2015,Standard Chartered
2016,2015-03-02,6.05,11-30-2015,Standard Chartered
2016,2015-03-24,6.12,11-30-2015,Standard Chartered
2016,2015-05-04,6.12,11-30-2015,Standard Chartered
2016,2015-06-04,6.12,11-30-2015,Standard Chartered
2016,2015-06-25,6.15,11-30-2015,Standard Chartered
2016,2015-08-06,6.15,11-30-2015,Standard Chartered
2016,2015-08-18,6.35,11-30-2015,Standard Chartered
2016,2015-08-21,6.35,11-30-2015,Standard Chartered
2016,2015-08-31,6.35,11-30-2015,Standard Chartered
2016,2015-09-29,6.35,11-30-2015,Standard Chartered
2017,2014-01-02,5.7,11-30-2015,Standard Chartered
2017,2014-01-17,5.7,11-30-2015,Standard Chartered
2017,2014-02-13,5.7,11-30-2015,Standard Chartered
2017,2014-03-14,5.75,11-30-2015,Standard Chartered
2017,2014-03-17,5.75,11-30-2015,Standard Chartered
2017,2014-04-17,5.75,11-30-2015,Standard Chartered
2017,2014-05-20,5.75,11-30-2015,Standard Chartered
2017,2014-06-24,5.75,11-30-2015,Standard Chartered
2017,2014-07-18,5.75,11-30-2015,Standard Chartered
2017,2014-08-08,5.75,11-30-2015,Standard Chartered
2017,2014-09-16,5.75,11-30-2015,Standard Chartered
2017,2014-10-09,5.75,11-30-2015,Standard Chartered
2017,2014-11-07,5.75,11-30-2015,Standard Chartered
2017,2014-12-03,5.75,11-30-2015,Standard Chartered
2017,2015-01-12,5.75,11-30-2015,Standard Chartered
2017,2015-01-30,5.75,11-30-2015,Standard Chartered
2017,2015-03-02,5.75,11-30-2015,Standard Chartered
2017,2015-03-24,6.08,11-30-2015,Standard Chartered
2017,2015-05-04,6.08,11-30-2015,Standard Chartered
2017,2015-06-04,6.08,11-30-2015,Standard Chartered
2017,2015-06-25,6.1,11-30-2015,Standard Chartered
2017,2015-08-06,6.1,11-30-2015,Standard Chartered
2017,2015-08-21,6.1,11-30-2015,Standard Chartered
2017,2015-08-31,6.1,11-30-2015,Standard Chartered
2017,2015-09-29,6.3,11-30-2015,Standard Chartered
2018,2014-03-14,5.7,11-30-2015,Standard Chartered
2018,2014-03-17,5.7,11-30-2015,Standard Chartered
2018,2014-04-17,5.7,11-30-2015,Standard Chartered
2018,2014-05-20,5.7,11-30-2015,Standard Chartered
2018,2014-06-24,5.7,11-30-2015,Standard Chartered
2018,2014-07-18,5.7,11-30-2015,Standard Chartered
2018,2014-08-08,5.7,11-30-2015,Standard Chartered
2018,2014-09-16,5.7,11-30-2015,Standard Chartered
2018,2014-10-09,5.7,11-30-2015,Standard Chartered
2018,2014-11-07,5.7,11-30-2015,Standard Chartered
2018,2014-12-03,5.7,11-30-2015,Standard Chartered
2018,2015-01-12,5.7,11-30-2015,Standard Chartered
2018,2015-01-30,5.7,11-30-2015,Standard Chartered
2018,2015-03-02,5.7,11-30-2015,Standard Chartered
2018,2015-03-24,6.02,11-30-2015,Standard Chartered
2018,2015-05-04,6.02,11-30-2015,Standard Chartered
2018,2015-06-04,6.02,11-30-2015,Standard Chartered
2018,2015-06-25,6.05,11-30-2015,Standard Chartered
2018,2015-08-06,6.05,11-30-2015,Standard Chartered
2018,2015-08-21,6.05,11-30-2015,Standard Chartered
2018,2015-08-31,6.05,11-30-2015,Standard Chartered
2018,2015-09-29,6.2,11-30-2015,Standard Chartered
2019,2015-03-24,5.95,11-30-2015,Standard Chartered
2019,2015-05-04,5.95,11-30-2015,Standard Chartered
2019,2015-06-04,5.95,11-30-2015,Standard Chartered
2019,2015-06-25,6.0,11-30-2015,Standard Chartered
2019,2015-08-06,6.0,11-30-2015,Standard Chartered
2019,2015-08-21,6.0,11-30-2015,Standard Chartered
2019,2015-08-31,6.0,11-30-2015,Standard Chartered
2019,2015-09-29,6.1,11-30-2015,Standard Chartered
