period,change_date,change,file,company
Q2-11,2010-06-09,6.62,05-31-2011,Wells Fargo
Q2-11,2010-06-21,6.5,05-31-2011,Wells Fargo
Q2-11,2010-07-15,6.5,05-31-2011,Wells Fargo
Q2-11,2010-08-11,6.57,05-31-2011,Wells Fargo
Q2-11,2010-09-10,6.57,05-31-2011,Wells Fargo
Q2-11,2010-10-13,6.35,05-31-2011,Wells Fargo
Q2-11,2010-11-12,6.45,05-31-2011,Wells Fargo
Q2-11,2010-12-09,6.45,05-31-2011,Wells Fargo
Q2-11,2011-01-13,6.4,05-31-2011,Wells Fargo
Q2-11,2011-02-11,6.5,05-31-2011,Wells Fargo
Q2-11,2011-03-17,6.5,05-31-2011,Wells Fargo
Q2-11,2011-04-14,6.45,05-31-2011,Wells Fargo
Q2-11,2011-05-12,6.46,05-31-2011,Wells Fargo
Q3-11,2010-09-10,6.47,05-31-2011,Wells Fargo
Q3-11,2010-10-13,6.25,05-31-2011,Wells Fargo
Q3-11,2010-11-12,6.35,05-31-2011,Wells Fargo
Q3-11,2010-12-09,6.35,05-31-2011,Wells Fargo
Q3-11,2011-01-13,6.3,05-31-2011,Wells Fargo
Q3-11,2011-02-11,6.4,05-31-2011,Wells Fargo
Q3-11,2011-03-17,6.4,05-31-2011,Wells Fargo
Q3-11,2011-04-14,6.35,05-31-2011,Wells Fargo
Q3-11,2011-05-12,6.4,05-31-2011,Wells Fargo
Q4-11,2010-02-17,6.48,05-31-2011,Wells Fargo
Q4-11,2010-03-11,6.4,05-31-2011,Wells Fargo
Q4-11,2010-04-14,6.3,05-31-2011,Wells Fargo
Q4-11,2010-05-12,6.22,05-31-2011,Wells Fargo
Q4-11,2010-06-09,6.42,05-31-2011,Wells Fargo
Q4-11,2010-06-21,6.3,05-31-2011,Wells Fargo
Q4-11,2010-07-15,6.3,05-31-2011,Wells Fargo
Q4-11,2010-08-11,6.37,05-31-2011,Wells Fargo
Q4-11,2010-09-10,6.37,05-31-2011,Wells Fargo
Q4-11,2010-10-13,6.15,05-31-2011,Wells Fargo
Q4-11,2010-11-12,6.25,05-31-2011,Wells Fargo
Q4-11,2010-12-09,6.25,05-31-2011,Wells Fargo
Q4-11,2011-01-13,6.2,05-31-2011,Wells Fargo
Q4-11,2011-02-11,6.3,05-31-2011,Wells Fargo
Q4-11,2011-03-17,6.3,05-31-2011,Wells Fargo
Q4-11,2011-04-14,6.25,05-31-2011,Wells Fargo
Q4-11,2011-05-12,6.3,05-31-2011,Wells Fargo
Q1-12,2011-03-17,6.2,05-31-2011,Wells Fargo
Q1-12,2011-04-14,6.2,05-31-2011,Wells Fargo
Q1-12,2011-05-12,6.2,05-31-2011,Wells Fargo
2012,2011-03-17,6.0,05-31-2011,Wells Fargo
2012,2011-04-14,6.1,05-31-2011,Wells Fargo
2012,2011-05-12,6.05,05-31-2011,Wells Fargo
Q3-20,2019-09-13,7.14,08-31-2020,Wells Fargo
Q3-20,2019-10-15,7.16,08-31-2020,Wells Fargo
Q3-20,2019-11-15,7.14,08-31-2020,Wells Fargo
Q3-20,2019-12-13,6.91,08-31-2020,Wells Fargo
Q3-20,2020-01-23,6.88,08-31-2020,Wells Fargo
Q3-20,2020-02-12,6.94,08-31-2020,Wells Fargo
Q3-20,2020-03-13,6.98,08-31-2020,Wells Fargo
Q3-20,2020-04-17,7.04,08-31-2020,Wells Fargo
Q3-20,2020-05-15,7.07,08-31-2020,Wells Fargo
Q3-20,2020-06-12,7.04,08-31-2020,Wells Fargo
Q3-20,2020-07-15,7.02,08-31-2020,Wells Fargo
Q3-20,2020-07-24,7.02,08-31-2020,Wells Fargo
Q3-20,2020-07-31,7.02,08-31-2020,Wells Fargo
Q3-20,2020-08-14,6.94,08-31-2020,Wells Fargo
Q4-20,2019-08-07,7.14,08-31-2020,Wells Fargo
Q4-20,2019-08-16,7.14,08-31-2020,Wells Fargo
Q4-20,2019-09-13,7.12,08-31-2020,Wells Fargo
Q4-20,2019-10-15,7.12,08-31-2020,Wells Fargo
Q4-20,2019-11-15,7.1,08-31-2020,Wells Fargo
Q4-20,2019-12-13,6.89,08-31-2020,Wells Fargo
Q4-20,2020-01-23,6.86,08-31-2020,Wells Fargo
Q4-20,2020-02-12,6.9,08-31-2020,Wells Fargo
Q4-20,2020-03-13,6.94,08-31-2020,Wells Fargo
Q4-20,2020-04-17,7.0,08-31-2020,Wells Fargo
Q4-20,2020-05-15,7.03,08-31-2020,Wells Fargo
Q4-20,2020-06-12,7.02,08-31-2020,Wells Fargo
Q4-20,2020-07-15,6.98,08-31-2020,Wells Fargo
Q4-20,2020-07-24,6.98,08-31-2020,Wells Fargo
Q4-20,2020-07-31,6.98,08-31-2020,Wells Fargo
Q4-20,2020-08-14,6.94,08-31-2020,Wells Fargo
Q1-21,2020-03-13,6.9,08-31-2020,Wells Fargo
Q1-21,2020-04-17,6.96,08-31-2020,Wells Fargo
Q1-21,2020-05-15,6.99,08-31-2020,Wells Fargo
Q1-21,2020-06-12,6.98,08-31-2020,Wells Fargo
Q1-21,2020-07-15,6.94,08-31-2020,Wells Fargo
Q1-21,2020-07-24,6.94,08-31-2020,Wells Fargo
Q1-21,2020-07-31,6.94,08-31-2020,Wells Fargo
Q1-21,2020-08-14,6.9,08-31-2020,Wells Fargo
Q2-21,2020-06-12,6.94,08-31-2020,Wells Fargo
Q2-21,2020-07-15,6.9,08-31-2020,Wells Fargo
Q2-21,2020-07-24,6.9,08-31-2020,Wells Fargo
Q2-21,2020-07-31,6.9,08-31-2020,Wells Fargo
Q2-21,2020-08-14,6.86,08-31-2020,Wells Fargo
2021,2020-07-15,6.86,08-31-2020,Wells Fargo
2021,2020-07-31,6.86,08-31-2020,Wells Fargo
2021,2020-08-14,6.82,08-31-2020,Wells Fargo
Q4-16,2015-06-10,6.15,11-30-2016,Wells Fargo
Q4-16,2015-07-15,6.15,11-30-2016,Wells Fargo
Q4-16,2015-08-10,6.16,11-30-2016,Wells Fargo
Q4-16,2015-08-11,6.45,11-30-2016,Wells Fargo
Q4-16,2015-09-09,6.46,11-30-2016,Wells Fargo
Q4-16,2015-10-15,6.42,11-30-2016,Wells Fargo
Q4-16,2015-11-18,6.42,11-30-2016,Wells Fargo
Q4-16,2015-12-11,6.54,11-30-2016,Wells Fargo
Q4-16,2016-01-07,6.54,11-30-2016,Wells Fargo
Q4-16,2016-01-13,6.63,11-30-2016,Wells Fargo
Q4-16,2016-02-17,6.63,11-30-2016,Wells Fargo
Q4-16,2016-02-22,6.56,11-30-2016,Wells Fargo
Q4-16,2016-03-11,6.56,11-30-2016,Wells Fargo
Q4-16,2016-03-18,6.56,11-30-2016,Wells Fargo
Q4-16,2016-04-14,6.54,11-30-2016,Wells Fargo
Q4-16,2016-05-18,6.57,11-30-2016,Wells Fargo
Q4-16,2016-06-10,6.62,11-30-2016,Wells Fargo
Q4-16,2016-06-28,6.72,11-30-2016,Wells Fargo
Q4-16,2016-07-12,6.75,11-30-2016,Wells Fargo
Q4-16,2016-08-11,6.66,11-30-2016,Wells Fargo
Q4-16,2016-09-09,6.7,11-30-2016,Wells Fargo
Q4-16,2016-10-14,6.76,11-30-2016,Wells Fargo
Q4-16,2016-11-02,6.8,11-30-2016,Wells Fargo
Q4-16,2016-11-10,6.83,11-30-2016,Wells Fargo
Q1-17,2016-03-11,6.6,11-30-2016,Wells Fargo
Q1-17,2016-03-18,6.6,11-30-2016,Wells Fargo
Q1-17,2016-04-14,6.58,11-30-2016,Wells Fargo
Q1-17,2016-05-18,6.61,11-30-2016,Wells Fargo
Q1-17,2016-06-10,6.66,11-30-2016,Wells Fargo
Q1-17,2016-06-28,6.75,11-30-2016,Wells Fargo
Q1-17,2016-07-12,6.78,11-30-2016,Wells Fargo
Q1-17,2016-08-11,6.69,11-30-2016,Wells Fargo
Q1-17,2016-09-09,6.73,11-30-2016,Wells Fargo
Q1-17,2016-10-14,6.77,11-30-2016,Wells Fargo
Q1-17,2016-11-02,6.83,11-30-2016,Wells Fargo
Q1-17,2016-11-10,6.86,11-30-2016,Wells Fargo
Q2-17,2016-06-10,6.7,11-30-2016,Wells Fargo
Q2-17,2016-06-28,6.77,11-30-2016,Wells Fargo
Q2-17,2016-07-12,6.8,11-30-2016,Wells Fargo
Q2-17,2016-08-11,6.71,11-30-2016,Wells Fargo
Q2-17,2016-09-09,6.75,11-30-2016,Wells Fargo
Q2-17,2016-10-14,6.79,11-30-2016,Wells Fargo
Q2-17,2016-11-02,6.86,11-30-2016,Wells Fargo
Q2-17,2016-11-10,6.89,11-30-2016,Wells Fargo
Q3-17,2016-09-09,6.77,11-30-2016,Wells Fargo
Q3-17,2016-10-14,6.81,11-30-2016,Wells Fargo
Q3-17,2016-11-02,6.9,11-30-2016,Wells Fargo
Q3-17,2016-11-10,6.93,11-30-2016,Wells Fargo
2017,2016-05-18,6.69,11-30-2016,Wells Fargo
2017,2016-06-10,6.78,11-30-2016,Wells Fargo
2017,2016-06-28,6.81,11-30-2016,Wells Fargo
2017,2016-07-12,6.84,11-30-2016,Wells Fargo
2017,2016-08-11,6.75,11-30-2016,Wells Fargo
2017,2016-09-09,6.79,11-30-2016,Wells Fargo
2017,2016-10-14,6.83,11-30-2016,Wells Fargo
2017,2016-11-02,6.93,11-30-2016,Wells Fargo
2017,2016-11-10,6.96,11-30-2016,Wells Fargo
Q1-11,2010-03-11,6.6,02-28-2011,Wells Fargo
Q1-11,2010-04-14,6.5,02-28-2011,Wells Fargo
Q1-11,2010-05-12,6.52,02-28-2011,Wells Fargo
Q1-11,2010-06-09,6.72,02-28-2011,Wells Fargo
Q1-11,2010-06-21,6.6,02-28-2011,Wells Fargo
Q1-11,2010-07-15,6.6,02-28-2011,Wells Fargo
Q1-11,2010-08-11,6.67,02-28-2011,Wells Fargo
Q1-11,2010-09-10,6.67,02-28-2011,Wells Fargo
Q1-11,2010-10-13,6.45,02-28-2011,Wells Fargo
Q1-11,2010-11-12,6.55,02-28-2011,Wells Fargo
Q1-11,2010-12-09,6.55,02-28-2011,Wells Fargo
Q1-11,2011-01-13,6.5,02-28-2011,Wells Fargo
Q1-11,2011-02-11,6.56,02-28-2011,Wells Fargo
Q2-11,2010-06-09,6.62,02-28-2011,Wells Fargo
Q2-11,2010-06-21,6.5,02-28-2011,Wells Fargo
Q2-11,2010-07-15,6.5,02-28-2011,Wells Fargo
Q2-11,2010-08-11,6.57,02-28-2011,Wells Fargo
Q2-11,2010-09-10,6.57,02-28-2011,Wells Fargo
Q2-11,2010-10-13,6.35,02-28-2011,Wells Fargo
Q2-11,2010-11-12,6.45,02-28-2011,Wells Fargo
Q2-11,2010-12-09,6.45,02-28-2011,Wells Fargo
Q2-11,2011-01-13,6.4,02-28-2011,Wells Fargo
Q2-11,2011-02-11,6.5,02-28-2011,Wells Fargo
Q3-11,2010-09-10,6.47,02-28-2011,Wells Fargo
Q3-11,2010-10-13,6.25,02-28-2011,Wells Fargo
Q3-11,2010-11-12,6.35,02-28-2011,Wells Fargo
Q3-11,2010-12-09,6.35,02-28-2011,Wells Fargo
Q3-11,2011-01-13,6.3,02-28-2011,Wells Fargo
Q3-11,2011-02-11,6.4,02-28-2011,Wells Fargo
Q4-11,2010-02-17,6.48,02-28-2011,Wells Fargo
Q4-11,2010-03-11,6.4,02-28-2011,Wells Fargo
Q4-11,2010-04-14,6.3,02-28-2011,Wells Fargo
Q4-11,2010-05-12,6.22,02-28-2011,Wells Fargo
Q4-11,2010-06-09,6.42,02-28-2011,Wells Fargo
Q4-11,2010-06-21,6.3,02-28-2011,Wells Fargo
Q4-11,2010-07-15,6.3,02-28-2011,Wells Fargo
Q4-11,2010-08-11,6.37,02-28-2011,Wells Fargo
Q4-11,2010-09-10,6.37,02-28-2011,Wells Fargo
Q4-11,2010-10-13,6.15,02-28-2011,Wells Fargo
Q4-11,2010-11-12,6.25,02-28-2011,Wells Fargo
Q4-11,2010-12-09,6.25,02-28-2011,Wells Fargo
Q4-11,2011-01-13,6.2,02-28-2011,Wells Fargo
Q4-11,2011-02-11,6.3,02-28-2011,Wells Fargo
Q3-16,2015-09-09,6.42,08-31-2016,Wells Fargo
Q3-16,2015-10-15,6.38,08-31-2016,Wells Fargo
Q3-16,2015-11-18,6.42,08-31-2016,Wells Fargo
Q3-16,2015-12-11,6.52,08-31-2016,Wells Fargo
Q3-16,2016-01-07,6.52,08-31-2016,Wells Fargo
Q3-16,2016-01-13,6.6,08-31-2016,Wells Fargo
Q3-16,2016-02-17,6.6,08-31-2016,Wells Fargo
Q3-16,2016-02-22,6.53,08-31-2016,Wells Fargo
Q3-16,2016-03-11,6.52,08-31-2016,Wells Fargo
Q3-16,2016-03-18,6.52,08-31-2016,Wells Fargo
Q3-16,2016-04-14,6.5,08-31-2016,Wells Fargo
Q3-16,2016-05-18,6.53,08-31-2016,Wells Fargo
Q3-16,2016-06-10,6.58,08-31-2016,Wells Fargo
Q3-16,2016-06-28,6.69,08-31-2016,Wells Fargo
Q3-16,2016-07-12,6.72,08-31-2016,Wells Fargo
Q3-16,2016-08-11,6.66,08-31-2016,Wells Fargo
Q4-16,2015-06-10,6.15,08-31-2016,Wells Fargo
Q4-16,2015-07-15,6.15,08-31-2016,Wells Fargo
Q4-16,2015-08-10,6.16,08-31-2016,Wells Fargo
Q4-16,2015-08-11,6.45,08-31-2016,Wells Fargo
Q4-16,2015-09-09,6.46,08-31-2016,Wells Fargo
Q4-16,2015-10-15,6.42,08-31-2016,Wells Fargo
Q4-16,2015-11-18,6.42,08-31-2016,Wells Fargo
Q4-16,2015-12-11,6.54,08-31-2016,Wells Fargo
Q4-16,2016-01-07,6.54,08-31-2016,Wells Fargo
Q4-16,2016-01-13,6.63,08-31-2016,Wells Fargo
Q4-16,2016-02-17,6.63,08-31-2016,Wells Fargo
Q4-16,2016-02-22,6.56,08-31-2016,Wells Fargo
Q4-16,2016-03-11,6.56,08-31-2016,Wells Fargo
Q4-16,2016-03-18,6.56,08-31-2016,Wells Fargo
Q4-16,2016-04-14,6.54,08-31-2016,Wells Fargo
Q4-16,2016-05-18,6.57,08-31-2016,Wells Fargo
Q4-16,2016-06-10,6.62,08-31-2016,Wells Fargo
Q4-16,2016-06-28,6.72,08-31-2016,Wells Fargo
Q4-16,2016-07-12,6.75,08-31-2016,Wells Fargo
Q4-16,2016-08-11,6.66,08-31-2016,Wells Fargo
Q1-17,2016-03-11,6.6,08-31-2016,Wells Fargo
Q1-17,2016-03-18,6.6,08-31-2016,Wells Fargo
Q1-17,2016-04-14,6.58,08-31-2016,Wells Fargo
Q1-17,2016-05-18,6.61,08-31-2016,Wells Fargo
Q1-17,2016-06-10,6.66,08-31-2016,Wells Fargo
Q1-17,2016-06-28,6.75,08-31-2016,Wells Fargo
Q1-17,2016-07-12,6.78,08-31-2016,Wells Fargo
Q1-17,2016-08-11,6.69,08-31-2016,Wells Fargo
Q2-17,2016-06-10,6.7,08-31-2016,Wells Fargo
Q2-17,2016-06-28,6.77,08-31-2016,Wells Fargo
Q2-17,2016-07-12,6.8,08-31-2016,Wells Fargo
Q2-17,2016-08-11,6.71,08-31-2016,Wells Fargo
2017,2016-05-18,6.69,08-31-2016,Wells Fargo
2017,2016-06-10,6.78,08-31-2016,Wells Fargo
2017,2016-06-28,6.81,08-31-2016,Wells Fargo
2017,2016-07-12,6.84,08-31-2016,Wells Fargo
2017,2016-08-11,6.75,08-31-2016,Wells Fargo
Q4-20,2019-08-07,7.14,11-30-2020,Wells Fargo
Q4-20,2019-08-16,7.14,11-30-2020,Wells Fargo
Q4-20,2019-09-13,7.12,11-30-2020,Wells Fargo
Q4-20,2019-10-15,7.12,11-30-2020,Wells Fargo
Q4-20,2019-11-15,7.1,11-30-2020,Wells Fargo
Q4-20,2019-12-13,6.89,11-30-2020,Wells Fargo
Q4-20,2020-01-23,6.86,11-30-2020,Wells Fargo
Q4-20,2020-02-12,6.9,11-30-2020,Wells Fargo
Q4-20,2020-03-13,6.94,11-30-2020,Wells Fargo
Q4-20,2020-04-17,7.0,11-30-2020,Wells Fargo
Q4-20,2020-05-15,7.03,11-30-2020,Wells Fargo
Q4-20,2020-06-12,7.02,11-30-2020,Wells Fargo
Q4-20,2020-07-15,6.98,11-30-2020,Wells Fargo
Q4-20,2020-07-24,6.98,11-30-2020,Wells Fargo
Q4-20,2020-07-31,6.98,11-30-2020,Wells Fargo
Q4-20,2020-08-14,6.94,11-30-2020,Wells Fargo
Q4-20,2020-09-15,6.71,11-30-2020,Wells Fargo
Q4-20,2020-10-14,6.71,11-30-2020,Wells Fargo
Q4-20,2020-11-13,6.6,11-30-2020,Wells Fargo
Q1-21,2020-03-13,6.9,11-30-2020,Wells Fargo
Q1-21,2020-04-17,6.96,11-30-2020,Wells Fargo
Q1-21,2020-05-15,6.99,11-30-2020,Wells Fargo
Q1-21,2020-06-12,6.98,11-30-2020,Wells Fargo
Q1-21,2020-07-15,6.94,11-30-2020,Wells Fargo
Q1-21,2020-07-24,6.94,11-30-2020,Wells Fargo
Q1-21,2020-07-31,6.94,11-30-2020,Wells Fargo
Q1-21,2020-08-14,6.9,11-30-2020,Wells Fargo
Q1-21,2020-09-15,6.67,11-30-2020,Wells Fargo
Q1-21,2020-10-14,6.67,11-30-2020,Wells Fargo
Q1-21,2020-11-13,6.56,11-30-2020,Wells Fargo
Q2-21,2020-06-12,6.94,11-30-2020,Wells Fargo
Q2-21,2020-07-15,6.9,11-30-2020,Wells Fargo
Q2-21,2020-07-24,6.9,11-30-2020,Wells Fargo
Q2-21,2020-07-31,6.9,11-30-2020,Wells Fargo
Q2-21,2020-08-14,6.86,11-30-2020,Wells Fargo
Q2-21,2020-09-15,6.63,11-30-2020,Wells Fargo
Q2-21,2020-10-14,6.63,11-30-2020,Wells Fargo
Q2-21,2020-11-13,6.52,11-30-2020,Wells Fargo
Q3-21,2020-10-14,6.59,11-30-2020,Wells Fargo
Q3-21,2020-11-13,6.48,11-30-2020,Wells Fargo
2021,2020-07-15,6.86,11-30-2020,Wells Fargo
2021,2020-07-31,6.86,11-30-2020,Wells Fargo
2021,2020-08-14,6.82,11-30-2020,Wells Fargo
2021,2020-09-15,6.55,11-30-2020,Wells Fargo
2021,2020-10-14,6.55,11-30-2020,Wells Fargo
2021,2020-11-13,6.44,11-30-2020,Wells Fargo
Q4-21,2020-07-15,6.86,11-30-2021,Wells Fargo
Q4-21,2020-07-31,6.86,11-30-2021,Wells Fargo
Q4-21,2020-08-14,6.82,11-30-2021,Wells Fargo
Q4-21,2020-09-15,6.55,11-30-2021,Wells Fargo
Q4-21,2020-10-14,6.55,11-30-2021,Wells Fargo
Q4-21,2020-11-13,6.44,11-30-2021,Wells Fargo
Q4-21,2020-12-11,6.42,11-30-2021,Wells Fargo
Q4-21,2021-01-26,6.36,11-30-2021,Wells Fargo
Q4-21,2021-02-23,6.36,11-30-2021,Wells Fargo
Q4-21,2021-03-25,6.47,11-30-2021,Wells Fargo
Q4-21,2021-04-27,6.43,11-30-2021,Wells Fargo
Q4-21,2021-05-25,6.34,11-30-2021,Wells Fargo
Q4-21,2021-06-24,6.39,11-30-2021,Wells Fargo
Q4-21,2021-07-26,6.46,11-30-2021,Wells Fargo
Q4-21,2021-08-27,6.5,11-30-2021,Wells Fargo
Q4-21,2021-09-28,6.48,11-30-2021,Wells Fargo
Q4-21,2021-10-26,6.4,11-30-2021,Wells Fargo
Q4-21,2021-11-19,6.4,11-30-2021,Wells Fargo
Q1-22,2021-04-27,6.41,11-30-2021,Wells Fargo
Q1-22,2021-05-25,6.31,11-30-2021,Wells Fargo
Q1-22,2021-06-24,6.36,11-30-2021,Wells Fargo
Q1-22,2021-07-26,6.44,11-30-2021,Wells Fargo
Q1-22,2021-08-27,6.48,11-30-2021,Wells Fargo
Q1-22,2021-09-28,6.46,11-30-2021,Wells Fargo
Q1-22,2021-10-26,6.4,11-30-2021,Wells Fargo
Q1-22,2021-11-19,6.42,11-30-2021,Wells Fargo
Q2-22,2021-06-24,6.33,11-30-2021,Wells Fargo
Q2-22,2021-07-26,6.42,11-30-2021,Wells Fargo
Q2-22,2021-08-27,6.46,11-30-2021,Wells Fargo
Q2-22,2021-09-28,6.44,11-30-2021,Wells Fargo
Q2-22,2021-10-26,6.38,11-30-2021,Wells Fargo
Q2-22,2021-11-19,6.44,11-30-2021,Wells Fargo
Q3-22,2021-10-26,6.36,11-30-2021,Wells Fargo
Q3-22,2021-11-19,6.42,11-30-2021,Wells Fargo
2022,2021-07-26,6.38,11-30-2021,Wells Fargo
2022,2021-08-27,6.42,11-30-2021,Wells Fargo
2022,2021-09-28,6.4,11-30-2021,Wells Fargo
2022,2021-10-26,6.34,11-30-2021,Wells Fargo
2022,2021-11-19,6.4,11-30-2021,Wells Fargo
Q3-17,2016-09-09,6.77,08-31-2017,Wells Fargo
Q3-17,2016-10-14,6.81,08-31-2017,Wells Fargo
Q3-17,2016-11-02,6.9,08-31-2017,Wells Fargo
Q3-17,2016-11-10,6.93,08-31-2017,Wells Fargo
Q3-17,2016-12-12,7.0,08-31-2017,Wells Fargo
Q3-17,2017-01-05,7.1,08-31-2017,Wells Fargo
Q3-17,2017-01-12,7.05,08-31-2017,Wells Fargo
Q3-17,2017-01-20,7.05,08-31-2017,Wells Fargo
Q3-17,2017-02-10,6.97,08-31-2017,Wells Fargo
Q3-17,2017-03-06,6.97,08-31-2017,Wells Fargo
Q3-17,2017-03-17,6.98,08-31-2017,Wells Fargo
Q3-17,2017-04-13,6.99,08-31-2017,Wells Fargo
Q3-17,2017-04-20,6.99,08-31-2017,Wells Fargo
Q3-17,2017-05-11,6.95,08-31-2017,Wells Fargo
Q3-17,2017-05-24,6.95,08-31-2017,Wells Fargo
Q3-17,2017-06-06,6.95,08-31-2017,Wells Fargo
Q3-17,2017-06-16,6.85,08-31-2017,Wells Fargo
Q3-17,2017-07-05,6.82,08-31-2017,Wells Fargo
Q3-17,2017-07-14,6.78,08-31-2017,Wells Fargo
Q3-17,2017-08-10,6.64,08-31-2017,Wells Fargo
Q4-17,2016-05-18,6.69,08-31-2017,Wells Fargo
Q4-17,2016-06-10,6.78,08-31-2017,Wells Fargo
Q4-17,2016-06-28,6.81,08-31-2017,Wells Fargo
Q4-17,2016-07-12,6.84,08-31-2017,Wells Fargo
Q4-17,2016-08-11,6.75,08-31-2017,Wells Fargo
Q4-17,2016-09-09,6.79,08-31-2017,Wells Fargo
Q4-17,2016-10-14,6.83,08-31-2017,Wells Fargo
Q4-17,2016-11-02,6.93,08-31-2017,Wells Fargo
Q4-17,2016-11-10,6.96,08-31-2017,Wells Fargo
Q4-17,2016-12-12,7.03,08-31-2017,Wells Fargo
Q4-17,2017-01-05,7.15,08-31-2017,Wells Fargo
Q4-17,2017-01-12,7.1,08-31-2017,Wells Fargo
Q4-17,2017-01-20,7.1,08-31-2017,Wells Fargo
Q4-17,2017-02-10,7.02,08-31-2017,Wells Fargo
Q4-17,2017-03-06,7.02,08-31-2017,Wells Fargo
Q4-17,2017-03-17,7.03,08-31-2017,Wells Fargo
Q4-17,2017-04-13,7.05,08-31-2017,Wells Fargo
Q4-17,2017-04-20,7.05,08-31-2017,Wells Fargo
Q4-17,2017-05-11,7.01,08-31-2017,Wells Fargo
Q4-17,2017-05-24,7.01,08-31-2017,Wells Fargo
Q4-17,2017-06-06,7.01,08-31-2017,Wells Fargo
Q4-17,2017-06-16,6.9,08-31-2017,Wells Fargo
Q4-17,2017-07-05,6.81,08-31-2017,Wells Fargo
Q4-17,2017-07-14,6.78,08-31-2017,Wells Fargo
Q4-17,2017-08-10,6.63,08-31-2017,Wells Fargo
Q1-18,2017-03-17,7.08,08-31-2017,Wells Fargo
Q1-18,2017-04-13,7.07,08-31-2017,Wells Fargo
Q1-18,2017-04-20,7.07,08-31-2017,Wells Fargo
Q1-18,2017-05-11,7.07,08-31-2017,Wells Fargo
Q1-18,2017-05-24,7.07,08-31-2017,Wells Fargo
Q1-18,2017-06-06,7.07,08-31-2017,Wells Fargo
Q1-18,2017-06-16,6.9,08-31-2017,Wells Fargo
Q1-18,2017-07-05,6.79,08-31-2017,Wells Fargo
Q1-18,2017-07-14,6.76,08-31-2017,Wells Fargo
Q1-18,2017-08-10,6.61,08-31-2017,Wells Fargo
Q2-18,2017-06-06,7.09,08-31-2017,Wells Fargo
Q2-18,2017-06-16,6.86,08-31-2017,Wells Fargo
Q2-18,2017-07-05,6.76,08-31-2017,Wells Fargo
Q2-18,2017-07-14,6.73,08-31-2017,Wells Fargo
Q2-18,2017-08-10,6.58,08-31-2017,Wells Fargo
2018,2017-06-06,7.06,08-31-2017,Wells Fargo
2018,2017-06-16,6.77,08-31-2017,Wells Fargo
2018,2017-07-05,6.7,08-31-2017,Wells Fargo
2018,2017-07-14,6.67,08-31-2017,Wells Fargo
2018,2017-08-10,6.52,08-31-2017,Wells Fargo
Q1-10,2009-03-20,6.8,02-28-2010,Wells Fargo
Q1-10,2009-04-17,6.8,02-28-2010,Wells Fargo
Q1-10,2009-05-15,6.8,02-28-2010,Wells Fargo
Q1-10,2009-06-12,6.8,02-28-2010,Wells Fargo
Q1-10,2009-07-15,6.8,02-28-2010,Wells Fargo
Q1-10,2009-08-20,6.81,02-28-2010,Wells Fargo
Q1-10,2009-09-16,6.81,02-28-2010,Wells Fargo
Q1-10,2009-10-16,6.81,02-28-2010,Wells Fargo
Q1-10,2009-11-11,6.82,02-28-2010,Wells Fargo
Q1-10,2009-12-18,6.82,02-28-2010,Wells Fargo
Q1-10,2010-01-19,6.82,02-28-2010,Wells Fargo
Q1-10,2010-02-17,6.82,02-28-2010,Wells Fargo
Q2-10,2009-06-12,6.79,02-28-2010,Wells Fargo
Q2-10,2009-07-15,6.79,02-28-2010,Wells Fargo
Q2-10,2009-08-20,6.8,02-28-2010,Wells Fargo
Q2-10,2009-09-16,6.8,02-28-2010,Wells Fargo
Q2-10,2009-10-16,6.8,02-28-2010,Wells Fargo
Q2-10,2009-11-11,6.8,02-28-2010,Wells Fargo
Q2-10,2009-12-18,6.82,02-28-2010,Wells Fargo
Q2-10,2010-01-19,6.82,02-28-2010,Wells Fargo
Q2-10,2010-02-17,6.82,02-28-2010,Wells Fargo
Q3-10,2009-09-16,6.79,02-28-2010,Wells Fargo
Q3-10,2009-10-16,6.79,02-28-2010,Wells Fargo
Q3-10,2009-11-11,6.78,02-28-2010,Wells Fargo
Q3-10,2009-12-18,6.78,02-28-2010,Wells Fargo
Q3-10,2010-01-19,6.78,02-28-2010,Wells Fargo
Q3-10,2010-02-17,6.8,02-28-2010,Wells Fargo
Q4-10,2008-12-18,6.8,02-28-2010,Wells Fargo
Q4-10,2009-01-15,6.8,02-28-2010,Wells Fargo
Q4-10,2009-01-27,6.8,02-28-2010,Wells Fargo
Q4-10,2009-02-12,6.8,02-28-2010,Wells Fargo
Q4-10,2009-03-04,6.8,02-28-2010,Wells Fargo
Q4-10,2009-03-20,6.78,02-28-2010,Wells Fargo
Q4-10,2009-04-17,6.78,02-28-2010,Wells Fargo
Q4-10,2009-05-15,6.77,02-28-2010,Wells Fargo
Q4-10,2009-06-12,6.77,02-28-2010,Wells Fargo
Q4-10,2009-07-15,6.77,02-28-2010,Wells Fargo
Q4-10,2009-08-20,6.78,02-28-2010,Wells Fargo
Q4-10,2009-09-16,6.78,02-28-2010,Wells Fargo
Q4-10,2009-10-16,6.78,02-28-2010,Wells Fargo
Q4-10,2009-11-11,6.68,02-28-2010,Wells Fargo
Q4-10,2009-12-18,6.68,02-28-2010,Wells Fargo
Q4-10,2010-01-19,6.68,02-28-2010,Wells Fargo
Q4-10,2010-02-17,6.78,02-28-2010,Wells Fargo
2011,2010-02-17,6.48,02-28-2010,Wells Fargo
Q4-17,2016-05-18,6.69,11-30-2017,Wells Fargo
Q4-17,2016-06-10,6.78,11-30-2017,Wells Fargo
Q4-17,2016-06-28,6.81,11-30-2017,Wells Fargo
Q4-17,2016-07-12,6.84,11-30-2017,Wells Fargo
Q4-17,2016-08-11,6.75,11-30-2017,Wells Fargo
Q4-17,2016-09-09,6.79,11-30-2017,Wells Fargo
Q4-17,2016-10-14,6.83,11-30-2017,Wells Fargo
Q4-17,2016-11-02,6.93,11-30-2017,Wells Fargo
Q4-17,2016-11-10,6.96,11-30-2017,Wells Fargo
Q4-17,2016-12-12,7.03,11-30-2017,Wells Fargo
Q4-17,2017-01-05,7.15,11-30-2017,Wells Fargo
Q4-17,2017-01-12,7.1,11-30-2017,Wells Fargo
Q4-17,2017-01-20,7.1,11-30-2017,Wells Fargo
Q4-17,2017-02-10,7.02,11-30-2017,Wells Fargo
Q4-17,2017-03-06,7.02,11-30-2017,Wells Fargo
Q4-17,2017-03-17,7.03,11-30-2017,Wells Fargo
Q4-17,2017-04-13,7.05,11-30-2017,Wells Fargo
Q4-17,2017-04-20,7.05,11-30-2017,Wells Fargo
Q4-17,2017-05-11,7.01,11-30-2017,Wells Fargo
Q4-17,2017-05-24,7.01,11-30-2017,Wells Fargo
Q4-17,2017-06-06,7.01,11-30-2017,Wells Fargo
Q4-17,2017-06-16,6.9,11-30-2017,Wells Fargo
Q4-17,2017-07-05,6.81,11-30-2017,Wells Fargo
Q4-17,2017-07-14,6.78,11-30-2017,Wells Fargo
Q4-17,2017-08-10,6.63,11-30-2017,Wells Fargo
Q4-17,2017-09-06,6.63,11-30-2017,Wells Fargo
Q4-17,2017-09-21,6.52,11-30-2017,Wells Fargo
Q4-17,2017-10-04,6.52,11-30-2017,Wells Fargo
Q4-17,2017-10-17,6.59,11-30-2017,Wells Fargo
Q4-17,2017-10-31,6.59,11-30-2017,Wells Fargo
Q4-17,2017-11-01,6.59,11-30-2017,Wells Fargo
Q4-17,2017-11-14,6.64,11-30-2017,Wells Fargo
Q1-18,2017-03-17,7.08,11-30-2017,Wells Fargo
Q1-18,2017-04-13,7.07,11-30-2017,Wells Fargo
Q1-18,2017-04-20,7.07,11-30-2017,Wells Fargo
Q1-18,2017-05-11,7.07,11-30-2017,Wells Fargo
Q1-18,2017-05-24,7.07,11-30-2017,Wells Fargo
Q1-18,2017-06-06,7.07,11-30-2017,Wells Fargo
Q1-18,2017-06-16,6.9,11-30-2017,Wells Fargo
Q1-18,2017-07-05,6.79,11-30-2017,Wells Fargo
Q1-18,2017-07-14,6.76,11-30-2017,Wells Fargo
Q1-18,2017-08-10,6.61,11-30-2017,Wells Fargo
Q1-18,2017-09-06,6.61,11-30-2017,Wells Fargo
Q1-18,2017-09-21,6.49,11-30-2017,Wells Fargo
Q1-18,2017-10-04,6.49,11-30-2017,Wells Fargo
Q1-18,2017-10-17,6.56,11-30-2017,Wells Fargo
Q1-18,2017-10-31,6.56,11-30-2017,Wells Fargo
Q1-18,2017-11-01,6.56,11-30-2017,Wells Fargo
Q1-18,2017-11-14,6.64,11-30-2017,Wells Fargo
Q2-18,2017-06-06,7.09,11-30-2017,Wells Fargo
Q2-18,2017-06-16,6.86,11-30-2017,Wells Fargo
Q2-18,2017-07-05,6.76,11-30-2017,Wells Fargo
Q2-18,2017-07-14,6.73,11-30-2017,Wells Fargo
Q2-18,2017-08-10,6.58,11-30-2017,Wells Fargo
Q2-18,2017-09-06,6.58,11-30-2017,Wells Fargo
Q2-18,2017-09-21,6.46,11-30-2017,Wells Fargo
Q2-18,2017-10-04,6.46,11-30-2017,Wells Fargo
Q2-18,2017-10-17,6.52,11-30-2017,Wells Fargo
Q2-18,2017-10-31,6.52,11-30-2017,Wells Fargo
Q2-18,2017-11-01,6.52,11-30-2017,Wells Fargo
Q2-18,2017-11-14,6.6,11-30-2017,Wells Fargo
Q3-18,2017-09-06,6.55,11-30-2017,Wells Fargo
Q3-18,2017-09-21,6.43,11-30-2017,Wells Fargo
Q3-18,2017-10-04,6.43,11-30-2017,Wells Fargo
Q3-18,2017-10-17,6.48,11-30-2017,Wells Fargo
Q3-18,2017-10-31,6.48,11-30-2017,Wells Fargo
Q3-18,2017-11-01,6.48,11-30-2017,Wells Fargo
Q3-18,2017-11-14,6.55,11-30-2017,Wells Fargo
2018,2017-06-06,7.06,11-30-2017,Wells Fargo
2018,2017-06-16,6.77,11-30-2017,Wells Fargo
2018,2017-07-05,6.7,11-30-2017,Wells Fargo
2018,2017-07-14,6.67,11-30-2017,Wells Fargo
2018,2017-08-10,6.52,11-30-2017,Wells Fargo
2018,2017-09-06,6.52,11-30-2017,Wells Fargo
2018,2017-09-21,6.4,11-30-2017,Wells Fargo
2018,2017-10-04,6.4,11-30-2017,Wells Fargo
2018,2017-10-17,6.44,11-30-2017,Wells Fargo
2018,2017-10-31,6.44,11-30-2017,Wells Fargo
2018,2017-11-01,6.44,11-30-2017,Wells Fargo
2018,2017-11-14,6.5,11-30-2017,Wells Fargo
Q3-21,2020-10-14,6.59,08-31-2021,Wells Fargo
Q3-21,2020-11-13,6.48,08-31-2021,Wells Fargo
Q3-21,2020-12-11,6.44,08-31-2021,Wells Fargo
Q3-21,2021-01-26,6.39,08-31-2021,Wells Fargo
Q3-21,2021-02-23,6.39,08-31-2021,Wells Fargo
Q3-21,2021-03-25,6.5,08-31-2021,Wells Fargo
Q3-21,2021-04-27,6.45,08-31-2021,Wells Fargo
Q3-21,2021-05-25,6.37,08-31-2021,Wells Fargo
Q3-21,2021-06-24,6.42,08-31-2021,Wells Fargo
Q3-21,2021-07-26,6.48,08-31-2021,Wells Fargo
Q3-21,2021-08-27,6.48,08-31-2021,Wells Fargo
Q4-21,2020-07-15,6.86,08-31-2021,Wells Fargo
Q4-21,2020-07-31,6.86,08-31-2021,Wells Fargo
Q4-21,2020-08-14,6.82,08-31-2021,Wells Fargo
Q4-21,2020-09-15,6.55,08-31-2021,Wells Fargo
Q4-21,2020-10-14,6.55,08-31-2021,Wells Fargo
Q4-21,2020-11-13,6.44,08-31-2021,Wells Fargo
Q4-21,2020-12-11,6.42,08-31-2021,Wells Fargo
Q4-21,2021-01-26,6.36,08-31-2021,Wells Fargo
Q4-21,2021-02-23,6.36,08-31-2021,Wells Fargo
Q4-21,2021-03-25,6.47,08-31-2021,Wells Fargo
Q4-21,2021-04-27,6.43,08-31-2021,Wells Fargo
Q4-21,2021-05-25,6.34,08-31-2021,Wells Fargo
Q4-21,2021-06-24,6.39,08-31-2021,Wells Fargo
Q4-21,2021-07-26,6.46,08-31-2021,Wells Fargo
Q4-21,2021-08-27,6.5,08-31-2021,Wells Fargo
Q1-22,2021-04-27,6.41,08-31-2021,Wells Fargo
Q1-22,2021-05-25,6.31,08-31-2021,Wells Fargo
Q1-22,2021-06-24,6.36,08-31-2021,Wells Fargo
Q1-22,2021-07-26,6.44,08-31-2021,Wells Fargo
Q1-22,2021-08-27,6.48,08-31-2021,Wells Fargo
Q2-22,2021-06-24,6.33,08-31-2021,Wells Fargo
Q2-22,2021-07-26,6.42,08-31-2021,Wells Fargo
Q2-22,2021-08-27,6.46,08-31-2021,Wells Fargo
2022,2021-07-26,6.38,08-31-2021,Wells Fargo
2022,2021-08-27,6.42,08-31-2021,Wells Fargo
Q2-10,2009-06-12,6.79,05-31-2010,Wells Fargo
Q2-10,2009-07-15,6.79,05-31-2010,Wells Fargo
Q2-10,2009-08-20,6.8,05-31-2010,Wells Fargo
Q2-10,2009-09-16,6.8,05-31-2010,Wells Fargo
Q2-10,2009-10-16,6.8,05-31-2010,Wells Fargo
Q2-10,2009-11-11,6.8,05-31-2010,Wells Fargo
Q2-10,2009-12-18,6.82,05-31-2010,Wells Fargo
Q2-10,2010-01-19,6.82,05-31-2010,Wells Fargo
Q2-10,2010-02-17,6.82,05-31-2010,Wells Fargo
Q2-10,2010-03-11,6.82,05-31-2010,Wells Fargo
Q2-10,2010-04-14,6.8,05-31-2010,Wells Fargo
Q2-10,2010-05-12,6.7,05-31-2010,Wells Fargo
Q3-10,2009-09-16,6.79,05-31-2010,Wells Fargo
Q3-10,2009-10-16,6.79,05-31-2010,Wells Fargo
Q3-10,2009-11-11,6.78,05-31-2010,Wells Fargo
Q3-10,2009-12-18,6.78,05-31-2010,Wells Fargo
Q3-10,2010-01-19,6.78,05-31-2010,Wells Fargo
Q3-10,2010-02-17,6.8,05-31-2010,Wells Fargo
Q3-10,2010-03-11,6.8,05-31-2010,Wells Fargo
Q3-10,2010-04-14,6.7,05-31-2010,Wells Fargo
Q3-10,2010-05-12,6.72,05-31-2010,Wells Fargo
Q4-10,2008-12-18,6.8,05-31-2010,Wells Fargo
Q4-10,2009-01-15,6.8,05-31-2010,Wells Fargo
Q4-10,2009-01-27,6.8,05-31-2010,Wells Fargo
Q4-10,2009-02-12,6.8,05-31-2010,Wells Fargo
Q4-10,2009-03-04,6.8,05-31-2010,Wells Fargo
Q4-10,2009-03-20,6.78,05-31-2010,Wells Fargo
Q4-10,2009-04-17,6.78,05-31-2010,Wells Fargo
Q4-10,2009-05-15,6.77,05-31-2010,Wells Fargo
Q4-10,2009-06-12,6.77,05-31-2010,Wells Fargo
Q4-10,2009-07-15,6.77,05-31-2010,Wells Fargo
Q4-10,2009-08-20,6.78,05-31-2010,Wells Fargo
Q4-10,2009-09-16,6.78,05-31-2010,Wells Fargo
Q4-10,2009-10-16,6.78,05-31-2010,Wells Fargo
Q4-10,2009-11-11,6.68,05-31-2010,Wells Fargo
Q4-10,2009-12-18,6.68,05-31-2010,Wells Fargo
Q4-10,2010-01-19,6.68,05-31-2010,Wells Fargo
Q4-10,2010-02-17,6.78,05-31-2010,Wells Fargo
Q4-10,2010-03-11,6.7,05-31-2010,Wells Fargo
Q4-10,2010-04-14,6.6,05-31-2010,Wells Fargo
Q4-10,2010-05-12,6.62,05-31-2010,Wells Fargo
Q1-11,2010-03-11,6.6,05-31-2010,Wells Fargo
Q1-11,2010-04-14,6.5,05-31-2010,Wells Fargo
Q1-11,2010-05-12,6.52,05-31-2010,Wells Fargo
2011,2010-02-17,6.48,05-31-2010,Wells Fargo
2011,2010-03-11,6.4,05-31-2010,Wells Fargo
2011,2010-04-14,6.3,05-31-2010,Wells Fargo
2011,2010-05-12,6.22,05-31-2010,Wells Fargo
Q1-17,2016-03-11,6.6,02-28-2017,Wells Fargo
Q1-17,2016-03-18,6.6,02-28-2017,Wells Fargo
Q1-17,2016-04-14,6.58,02-28-2017,Wells Fargo
Q1-17,2016-05-18,6.61,02-28-2017,Wells Fargo
Q1-17,2016-06-10,6.66,02-28-2017,Wells Fargo
Q1-17,2016-06-28,6.75,02-28-2017,Wells Fargo
Q1-17,2016-07-12,6.78,02-28-2017,Wells Fargo
Q1-17,2016-08-11,6.69,02-28-2017,Wells Fargo
Q1-17,2016-09-09,6.73,02-28-2017,Wells Fargo
Q1-17,2016-10-14,6.77,02-28-2017,Wells Fargo
Q1-17,2016-11-02,6.83,02-28-2017,Wells Fargo
Q1-17,2016-11-10,6.86,02-28-2017,Wells Fargo
Q1-17,2016-12-12,6.92,02-28-2017,Wells Fargo
Q1-17,2017-01-05,7.0,02-28-2017,Wells Fargo
Q1-17,2017-01-12,6.95,02-28-2017,Wells Fargo
Q1-17,2017-01-20,6.95,02-28-2017,Wells Fargo
Q1-17,2017-02-10,6.9,02-28-2017,Wells Fargo
Q2-17,2016-06-10,6.7,02-28-2017,Wells Fargo
Q2-17,2016-06-28,6.77,02-28-2017,Wells Fargo
Q2-17,2016-07-12,6.8,02-28-2017,Wells Fargo
Q2-17,2016-08-11,6.71,02-28-2017,Wells Fargo
Q2-17,2016-09-09,6.75,02-28-2017,Wells Fargo
Q2-17,2016-10-14,6.79,02-28-2017,Wells Fargo
Q2-17,2016-11-02,6.86,02-28-2017,Wells Fargo
Q2-17,2016-11-10,6.89,02-28-2017,Wells Fargo
Q2-17,2016-12-12,6.96,02-28-2017,Wells Fargo
Q2-17,2017-01-05,7.05,02-28-2017,Wells Fargo
Q2-17,2017-01-12,7.0,02-28-2017,Wells Fargo
Q2-17,2017-01-20,7.0,02-28-2017,Wells Fargo
Q2-17,2017-02-10,6.92,02-28-2017,Wells Fargo
Q3-17,2016-09-09,6.77,02-28-2017,Wells Fargo
Q3-17,2016-10-14,6.81,02-28-2017,Wells Fargo
Q3-17,2016-11-02,6.9,02-28-2017,Wells Fargo
Q3-17,2016-11-10,6.93,02-28-2017,Wells Fargo
Q3-17,2016-12-12,7.0,02-28-2017,Wells Fargo
Q3-17,2017-01-05,7.1,02-28-2017,Wells Fargo
Q3-17,2017-01-12,7.05,02-28-2017,Wells Fargo
Q3-17,2017-01-20,7.05,02-28-2017,Wells Fargo
Q3-17,2017-02-10,6.97,02-28-2017,Wells Fargo
Q4-17,2016-05-18,6.69,02-28-2017,Wells Fargo
Q4-17,2016-06-10,6.78,02-28-2017,Wells Fargo
Q4-17,2016-06-28,6.81,02-28-2017,Wells Fargo
Q4-17,2016-07-12,6.84,02-28-2017,Wells Fargo
Q4-17,2016-08-11,6.75,02-28-2017,Wells Fargo
Q4-17,2016-09-09,6.79,02-28-2017,Wells Fargo
Q4-17,2016-10-14,6.83,02-28-2017,Wells Fargo
Q4-17,2016-11-02,6.93,02-28-2017,Wells Fargo
Q4-17,2016-11-10,6.96,02-28-2017,Wells Fargo
Q4-17,2016-12-12,7.03,02-28-2017,Wells Fargo
Q4-17,2017-01-05,7.15,02-28-2017,Wells Fargo
Q4-17,2017-01-12,7.1,02-28-2017,Wells Fargo
Q4-17,2017-01-20,7.1,02-28-2017,Wells Fargo
Q4-17,2017-02-10,7.02,02-28-2017,Wells Fargo
Q3-10,2009-09-16,6.79,08-31-2010,Wells Fargo
Q3-10,2009-10-16,6.79,08-31-2010,Wells Fargo
Q3-10,2009-11-11,6.78,08-31-2010,Wells Fargo
Q3-10,2009-12-18,6.78,08-31-2010,Wells Fargo
Q3-10,2010-01-19,6.78,08-31-2010,Wells Fargo
Q3-10,2010-02-17,6.8,08-31-2010,Wells Fargo
Q3-10,2010-03-11,6.8,08-31-2010,Wells Fargo
Q3-10,2010-04-14,6.7,08-31-2010,Wells Fargo
Q3-10,2010-05-12,6.72,08-31-2010,Wells Fargo
Q3-10,2010-06-09,6.82,08-31-2010,Wells Fargo
Q3-10,2010-06-21,6.75,08-31-2010,Wells Fargo
Q3-10,2010-07-15,6.75,08-31-2010,Wells Fargo
Q3-10,2010-08-11,6.76,08-31-2010,Wells Fargo
Q4-10,2008-12-18,6.8,08-31-2010,Wells Fargo
Q4-10,2009-01-15,6.8,08-31-2010,Wells Fargo
Q4-10,2009-01-27,6.8,08-31-2010,Wells Fargo
Q4-10,2009-02-12,6.8,08-31-2010,Wells Fargo
Q4-10,2009-03-04,6.8,08-31-2010,Wells Fargo
Q4-10,2009-03-20,6.78,08-31-2010,Wells Fargo
Q4-10,2009-04-17,6.78,08-31-2010,Wells Fargo
Q4-10,2009-05-15,6.77,08-31-2010,Wells Fargo
Q4-10,2009-06-12,6.77,08-31-2010,Wells Fargo
Q4-10,2009-07-15,6.77,08-31-2010,Wells Fargo
Q4-10,2009-08-20,6.78,08-31-2010,Wells Fargo
Q4-10,2009-09-16,6.78,08-31-2010,Wells Fargo
Q4-10,2009-10-16,6.78,08-31-2010,Wells Fargo
Q4-10,2009-11-11,6.68,08-31-2010,Wells Fargo
Q4-10,2009-12-18,6.68,08-31-2010,Wells Fargo
Q4-10,2010-01-19,6.68,08-31-2010,Wells Fargo
Q4-10,2010-02-17,6.78,08-31-2010,Wells Fargo
Q4-10,2010-03-11,6.7,08-31-2010,Wells Fargo
Q4-10,2010-04-14,6.6,08-31-2010,Wells Fargo
Q4-10,2010-05-12,6.62,08-31-2010,Wells Fargo
Q4-10,2010-06-09,6.77,08-31-2010,Wells Fargo
Q4-10,2010-06-21,6.7,08-31-2010,Wells Fargo
Q4-10,2010-07-15,6.7,08-31-2010,Wells Fargo
Q4-10,2010-08-11,6.72,08-31-2010,Wells Fargo
Q1-11,2010-03-11,6.6,08-31-2010,Wells Fargo
Q1-11,2010-04-14,6.5,08-31-2010,Wells Fargo
Q1-11,2010-05-12,6.52,08-31-2010,Wells Fargo
Q1-11,2010-06-09,6.72,08-31-2010,Wells Fargo
Q1-11,2010-06-21,6.6,08-31-2010,Wells Fargo
Q1-11,2010-07-15,6.6,08-31-2010,Wells Fargo
Q1-11,2010-08-11,6.67,08-31-2010,Wells Fargo
Q2-11,2010-06-09,6.62,08-31-2010,Wells Fargo
Q2-11,2010-06-21,6.5,08-31-2010,Wells Fargo
Q2-11,2010-07-15,6.5,08-31-2010,Wells Fargo
Q2-11,2010-08-11,6.57,08-31-2010,Wells Fargo
2011,2010-02-17,6.48,08-31-2010,Wells Fargo
2011,2010-03-11,6.4,08-31-2010,Wells Fargo
2011,2010-04-14,6.3,08-31-2010,Wells Fargo
2011,2010-05-12,6.22,08-31-2010,Wells Fargo
2011,2010-06-09,6.42,08-31-2010,Wells Fargo
2011,2010-06-21,6.3,08-31-2010,Wells Fargo
2011,2010-07-15,6.3,08-31-2010,Wells Fargo
2011,2010-08-11,6.37,08-31-2010,Wells Fargo
Q2-21,2020-06-12,6.94,05-31-2021,Wells Fargo
Q2-21,2020-07-15,6.9,05-31-2021,Wells Fargo
Q2-21,2020-07-24,6.9,05-31-2021,Wells Fargo
Q2-21,2020-07-31,6.9,05-31-2021,Wells Fargo
Q2-21,2020-08-14,6.86,05-31-2021,Wells Fargo
Q2-21,2020-09-15,6.63,05-31-2021,Wells Fargo
Q2-21,2020-10-14,6.63,05-31-2021,Wells Fargo
Q2-21,2020-11-13,6.52,05-31-2021,Wells Fargo
Q2-21,2020-12-11,6.46,05-31-2021,Wells Fargo
Q2-21,2021-01-26,6.42,05-31-2021,Wells Fargo
Q2-21,2021-02-23,6.42,05-31-2021,Wells Fargo
Q2-21,2021-03-25,6.53,05-31-2021,Wells Fargo
Q2-21,2021-04-27,6.47,05-31-2021,Wells Fargo
Q2-21,2021-05-25,6.4,05-31-2021,Wells Fargo
Q3-21,2020-10-14,6.59,05-31-2021,Wells Fargo
Q3-21,2020-11-13,6.48,05-31-2021,Wells Fargo
Q3-21,2020-12-11,6.44,05-31-2021,Wells Fargo
Q3-21,2021-01-26,6.39,05-31-2021,Wells Fargo
Q3-21,2021-02-23,6.39,05-31-2021,Wells Fargo
Q3-21,2021-03-25,6.5,05-31-2021,Wells Fargo
Q3-21,2021-04-27,6.45,05-31-2021,Wells Fargo
Q3-21,2021-05-25,6.37,05-31-2021,Wells Fargo
Q4-21,2020-07-15,6.86,05-31-2021,Wells Fargo
Q4-21,2020-07-31,6.86,05-31-2021,Wells Fargo
Q4-21,2020-08-14,6.82,05-31-2021,Wells Fargo
Q4-21,2020-09-15,6.55,05-31-2021,Wells Fargo
Q4-21,2020-10-14,6.55,05-31-2021,Wells Fargo
Q4-21,2020-11-13,6.44,05-31-2021,Wells Fargo
Q4-21,2020-12-11,6.42,05-31-2021,Wells Fargo
Q4-21,2021-01-26,6.36,05-31-2021,Wells Fargo
Q4-21,2021-02-23,6.36,05-31-2021,Wells Fargo
Q4-21,2021-03-25,6.47,05-31-2021,Wells Fargo
Q4-21,2021-04-27,6.43,05-31-2021,Wells Fargo
Q4-21,2021-05-25,6.34,05-31-2021,Wells Fargo
Q1-22,2021-04-27,6.41,05-31-2021,Wells Fargo
Q1-22,2021-05-25,6.31,05-31-2021,Wells Fargo
Q2-17,2016-06-10,6.7,05-31-2017,Wells Fargo
Q2-17,2016-06-28,6.77,05-31-2017,Wells Fargo
Q2-17,2016-07-12,6.8,05-31-2017,Wells Fargo
Q2-17,2016-08-11,6.71,05-31-2017,Wells Fargo
Q2-17,2016-09-09,6.75,05-31-2017,Wells Fargo
Q2-17,2016-10-14,6.79,05-31-2017,Wells Fargo
Q2-17,2016-11-02,6.86,05-31-2017,Wells Fargo
Q2-17,2016-11-10,6.89,05-31-2017,Wells Fargo
Q2-17,2016-12-12,6.96,05-31-2017,Wells Fargo
Q2-17,2017-01-05,7.05,05-31-2017,Wells Fargo
Q2-17,2017-01-12,7.0,05-31-2017,Wells Fargo
Q2-17,2017-01-20,7.0,05-31-2017,Wells Fargo
Q2-17,2017-02-10,6.92,05-31-2017,Wells Fargo
Q2-17,2017-03-06,6.92,05-31-2017,Wells Fargo
Q2-17,2017-03-17,6.93,05-31-2017,Wells Fargo
Q2-17,2017-04-13,6.93,05-31-2017,Wells Fargo
Q2-17,2017-04-20,6.93,05-31-2017,Wells Fargo
Q2-17,2017-05-11,6.92,05-31-2017,Wells Fargo
Q2-17,2017-05-24,6.92,05-31-2017,Wells Fargo
Q3-17,2016-09-09,6.77,05-31-2017,Wells Fargo
Q3-17,2016-10-14,6.81,05-31-2017,Wells Fargo
Q3-17,2016-11-02,6.9,05-31-2017,Wells Fargo
Q3-17,2016-11-10,6.93,05-31-2017,Wells Fargo
Q3-17,2016-12-12,7.0,05-31-2017,Wells Fargo
Q3-17,2017-01-05,7.1,05-31-2017,Wells Fargo
Q3-17,2017-01-12,7.05,05-31-2017,Wells Fargo
Q3-17,2017-01-20,7.05,05-31-2017,Wells Fargo
Q3-17,2017-02-10,6.97,05-31-2017,Wells Fargo
Q3-17,2017-03-06,6.97,05-31-2017,Wells Fargo
Q3-17,2017-03-17,6.98,05-31-2017,Wells Fargo
Q3-17,2017-04-13,6.99,05-31-2017,Wells Fargo
Q3-17,2017-04-20,6.99,05-31-2017,Wells Fargo
Q3-17,2017-05-11,6.95,05-31-2017,Wells Fargo
Q3-17,2017-05-24,6.95,05-31-2017,Wells Fargo
Q4-17,2016-05-18,6.69,05-31-2017,Wells Fargo
Q4-17,2016-06-10,6.78,05-31-2017,Wells Fargo
Q4-17,2016-06-28,6.81,05-31-2017,Wells Fargo
Q4-17,2016-07-12,6.84,05-31-2017,Wells Fargo
Q4-17,2016-08-11,6.75,05-31-2017,Wells Fargo
Q4-17,2016-09-09,6.79,05-31-2017,Wells Fargo
Q4-17,2016-10-14,6.83,05-31-2017,Wells Fargo
Q4-17,2016-11-02,6.93,05-31-2017,Wells Fargo
Q4-17,2016-11-10,6.96,05-31-2017,Wells Fargo
Q4-17,2016-12-12,7.03,05-31-2017,Wells Fargo
Q4-17,2017-01-05,7.15,05-31-2017,Wells Fargo
Q4-17,2017-01-12,7.1,05-31-2017,Wells Fargo
Q4-17,2017-01-20,7.1,05-31-2017,Wells Fargo
Q4-17,2017-02-10,7.02,05-31-2017,Wells Fargo
Q4-17,2017-03-06,7.02,05-31-2017,Wells Fargo
Q4-17,2017-03-17,7.03,05-31-2017,Wells Fargo
Q4-17,2017-04-13,7.05,05-31-2017,Wells Fargo
Q4-17,2017-04-20,7.05,05-31-2017,Wells Fargo
Q4-17,2017-05-11,7.01,05-31-2017,Wells Fargo
Q4-17,2017-05-24,7.01,05-31-2017,Wells Fargo
Q1-18,2017-03-17,7.08,05-31-2017,Wells Fargo
Q1-18,2017-04-13,7.07,05-31-2017,Wells Fargo
Q1-18,2017-04-20,7.07,05-31-2017,Wells Fargo
Q1-18,2017-05-11,7.07,05-31-2017,Wells Fargo
Q1-18,2017-05-24,7.07,05-31-2017,Wells Fargo
Q1-21,2020-03-13,6.9,02-28-2021,Wells Fargo
Q1-21,2020-04-17,6.96,02-28-2021,Wells Fargo
Q1-21,2020-05-15,6.99,02-28-2021,Wells Fargo
Q1-21,2020-06-12,6.98,02-28-2021,Wells Fargo
Q1-21,2020-07-15,6.94,02-28-2021,Wells Fargo
Q1-21,2020-07-24,6.94,02-28-2021,Wells Fargo
Q1-21,2020-07-31,6.94,02-28-2021,Wells Fargo
Q1-21,2020-08-14,6.9,02-28-2021,Wells Fargo
Q1-21,2020-09-15,6.67,02-28-2021,Wells Fargo
Q1-21,2020-10-14,6.67,02-28-2021,Wells Fargo
Q1-21,2020-11-13,6.56,02-28-2021,Wells Fargo
Q1-21,2020-12-11,6.5,02-28-2021,Wells Fargo
Q1-21,2021-01-26,6.44,02-28-2021,Wells Fargo
Q1-21,2021-02-23,6.44,02-28-2021,Wells Fargo
Q2-21,2020-06-12,6.94,02-28-2021,Wells Fargo
Q2-21,2020-07-15,6.9,02-28-2021,Wells Fargo
Q2-21,2020-07-24,6.9,02-28-2021,Wells Fargo
Q2-21,2020-07-31,6.9,02-28-2021,Wells Fargo
Q2-21,2020-08-14,6.86,02-28-2021,Wells Fargo
Q2-21,2020-09-15,6.63,02-28-2021,Wells Fargo
Q2-21,2020-10-14,6.63,02-28-2021,Wells Fargo
Q2-21,2020-11-13,6.52,02-28-2021,Wells Fargo
Q2-21,2020-12-11,6.46,02-28-2021,Wells Fargo
Q2-21,2021-01-26,6.42,02-28-2021,Wells Fargo
Q2-21,2021-02-23,6.42,02-28-2021,Wells Fargo
Q3-21,2020-10-14,6.59,02-28-2021,Wells Fargo
Q3-21,2020-11-13,6.48,02-28-2021,Wells Fargo
Q3-21,2020-12-11,6.44,02-28-2021,Wells Fargo
Q3-21,2021-01-26,6.39,02-28-2021,Wells Fargo
Q3-21,2021-02-23,6.39,02-28-2021,Wells Fargo
Q4-21,2020-07-15,6.86,02-28-2021,Wells Fargo
Q4-21,2020-07-31,6.86,02-28-2021,Wells Fargo
Q4-21,2020-08-14,6.82,02-28-2021,Wells Fargo
Q4-21,2020-09-15,6.55,02-28-2021,Wells Fargo
Q4-21,2020-10-14,6.55,02-28-2021,Wells Fargo
Q4-21,2020-11-13,6.44,02-28-2021,Wells Fargo
Q4-21,2020-12-11,6.42,02-28-2021,Wells Fargo
Q4-21,2021-01-26,6.36,02-28-2021,Wells Fargo
Q4-21,2021-02-23,6.36,02-28-2021,Wells Fargo
2022,2020-07-15,6.86,02-28-2021,Wells Fargo
2022,2020-07-31,6.86,02-28-2021,Wells Fargo
2022,2020-08-14,6.82,02-28-2021,Wells Fargo
2022,2020-09-15,6.55,02-28-2021,Wells Fargo
2022,2020-10-14,6.55,02-28-2021,Wells Fargo
2022,2020-11-13,6.44,02-28-2021,Wells Fargo
2022,2020-12-11,6.42,02-28-2021,Wells Fargo
2022,2021-01-26,6.36,02-28-2021,Wells Fargo
2022,2021-02-23,6.36,02-28-2021,Wells Fargo
Q4-10,2008-12-18,6.8,11-30-2010,Wells Fargo
Q4-10,2009-01-15,6.8,11-30-2010,Wells Fargo
Q4-10,2009-01-27,6.8,11-30-2010,Wells Fargo
Q4-10,2009-02-12,6.8,11-30-2010,Wells Fargo
Q4-10,2009-03-04,6.8,11-30-2010,Wells Fargo
Q4-10,2009-03-20,6.78,11-30-2010,Wells Fargo
Q4-10,2009-04-17,6.78,11-30-2010,Wells Fargo
Q4-10,2009-05-15,6.77,11-30-2010,Wells Fargo
Q4-10,2009-06-12,6.77,11-30-2010,Wells Fargo
Q4-10,2009-07-15,6.77,11-30-2010,Wells Fargo
Q4-10,2009-08-20,6.78,11-30-2010,Wells Fargo
Q4-10,2009-09-16,6.78,11-30-2010,Wells Fargo
Q4-10,2009-10-16,6.78,11-30-2010,Wells Fargo
Q4-10,2009-11-11,6.68,11-30-2010,Wells Fargo
Q4-10,2009-12-18,6.68,11-30-2010,Wells Fargo
Q4-10,2010-01-19,6.68,11-30-2010,Wells Fargo
Q4-10,2010-02-17,6.78,11-30-2010,Wells Fargo
Q4-10,2010-03-11,6.7,11-30-2010,Wells Fargo
Q4-10,2010-04-14,6.6,11-30-2010,Wells Fargo
Q4-10,2010-05-12,6.62,11-30-2010,Wells Fargo
Q4-10,2010-06-09,6.77,11-30-2010,Wells Fargo
Q4-10,2010-06-21,6.7,11-30-2010,Wells Fargo
Q4-10,2010-07-15,6.7,11-30-2010,Wells Fargo
Q4-10,2010-08-11,6.72,11-30-2010,Wells Fargo
Q4-10,2010-09-10,6.72,11-30-2010,Wells Fargo
Q4-10,2010-10-13,6.55,11-30-2010,Wells Fargo
Q4-10,2010-11-12,6.51,11-30-2010,Wells Fargo
Q1-11,2010-03-11,6.6,11-30-2010,Wells Fargo
Q1-11,2010-04-14,6.5,11-30-2010,Wells Fargo
Q1-11,2010-05-12,6.52,11-30-2010,Wells Fargo
Q1-11,2010-06-09,6.72,11-30-2010,Wells Fargo
Q1-11,2010-06-21,6.6,11-30-2010,Wells Fargo
Q1-11,2010-07-15,6.6,11-30-2010,Wells Fargo
Q1-11,2010-08-11,6.67,11-30-2010,Wells Fargo
Q1-11,2010-09-10,6.67,11-30-2010,Wells Fargo
Q1-11,2010-10-13,6.45,11-30-2010,Wells Fargo
Q1-11,2010-11-12,6.55,11-30-2010,Wells Fargo
Q2-11,2010-06-09,6.62,11-30-2010,Wells Fargo
Q2-11,2010-06-21,6.5,11-30-2010,Wells Fargo
Q2-11,2010-07-15,6.5,11-30-2010,Wells Fargo
Q2-11,2010-08-11,6.57,11-30-2010,Wells Fargo
Q2-11,2010-09-10,6.57,11-30-2010,Wells Fargo
Q2-11,2010-10-13,6.35,11-30-2010,Wells Fargo
Q2-11,2010-11-12,6.45,11-30-2010,Wells Fargo
Q3-11,2010-09-10,6.47,11-30-2010,Wells Fargo
Q3-11,2010-10-13,6.25,11-30-2010,Wells Fargo
Q3-11,2010-11-12,6.35,11-30-2010,Wells Fargo
2011,2010-02-17,6.48,11-30-2010,Wells Fargo
2011,2010-03-11,6.4,11-30-2010,Wells Fargo
2011,2010-04-14,6.3,11-30-2010,Wells Fargo
2011,2010-05-12,6.22,11-30-2010,Wells Fargo
2011,2010-06-09,6.42,11-30-2010,Wells Fargo
2011,2010-06-21,6.3,11-30-2010,Wells Fargo
2011,2010-07-15,6.3,11-30-2010,Wells Fargo
2011,2010-08-11,6.37,11-30-2010,Wells Fargo
2011,2010-09-10,6.37,11-30-2010,Wells Fargo
2011,2010-10-13,6.15,11-30-2010,Wells Fargo
2011,2010-11-12,6.25,11-30-2010,Wells Fargo
Q4-11,2010-02-17,6.48,11-30-2011,Wells Fargo
Q4-11,2010-03-11,6.4,11-30-2011,Wells Fargo
Q4-11,2010-04-14,6.3,11-30-2011,Wells Fargo
Q4-11,2010-05-12,6.22,11-30-2011,Wells Fargo
Q4-11,2010-06-09,6.42,11-30-2011,Wells Fargo
Q4-11,2010-06-21,6.3,11-30-2011,Wells Fargo
Q4-11,2010-07-15,6.3,11-30-2011,Wells Fargo
Q4-11,2010-08-11,6.37,11-30-2011,Wells Fargo
Q4-11,2010-09-10,6.37,11-30-2011,Wells Fargo
Q4-11,2010-10-13,6.15,11-30-2011,Wells Fargo
Q4-11,2010-11-12,6.25,11-30-2011,Wells Fargo
Q4-11,2010-12-09,6.25,11-30-2011,Wells Fargo
Q4-11,2011-01-13,6.2,11-30-2011,Wells Fargo
Q4-11,2011-02-11,6.3,11-30-2011,Wells Fargo
Q4-11,2011-03-17,6.3,11-30-2011,Wells Fargo
Q4-11,2011-04-14,6.25,11-30-2011,Wells Fargo
Q4-11,2011-05-12,6.3,11-30-2011,Wells Fargo
Q4-11,2011-06-10,6.3,11-30-2011,Wells Fargo
Q4-11,2011-07-13,6.3,11-30-2011,Wells Fargo
Q4-11,2011-08-11,6.35,11-30-2011,Wells Fargo
Q4-11,2011-09-14,6.35,11-30-2011,Wells Fargo
Q4-11,2011-10-12,6.35,11-30-2011,Wells Fargo
Q4-11,2011-11-15,6.33,11-30-2011,Wells Fargo
Q1-12,2011-03-17,6.2,11-30-2011,Wells Fargo
Q1-12,2011-04-14,6.2,11-30-2011,Wells Fargo
Q1-12,2011-05-12,6.2,11-30-2011,Wells Fargo
Q1-12,2011-06-10,6.2,11-30-2011,Wells Fargo
Q1-12,2011-07-13,6.2,11-30-2011,Wells Fargo
Q1-12,2011-08-11,6.3,11-30-2011,Wells Fargo
Q1-12,2011-09-14,6.3,11-30-2011,Wells Fargo
Q1-12,2011-10-12,6.3,11-30-2011,Wells Fargo
Q1-12,2011-11-15,6.3,11-30-2011,Wells Fargo
Q2-12,2011-06-10,6.15,11-30-2011,Wells Fargo
Q2-12,2011-07-13,6.15,11-30-2011,Wells Fargo
Q2-12,2011-08-11,6.25,11-30-2011,Wells Fargo
Q2-12,2011-09-14,6.25,11-30-2011,Wells Fargo
Q2-12,2011-10-12,6.25,11-30-2011,Wells Fargo
Q2-12,2011-11-15,6.25,11-30-2011,Wells Fargo
Q3-12,2011-09-14,6.2,11-30-2011,Wells Fargo
Q3-12,2011-10-12,6.2,11-30-2011,Wells Fargo
Q3-12,2011-11-15,6.2,11-30-2011,Wells Fargo
2012,2011-03-17,6.0,11-30-2011,Wells Fargo
2012,2011-04-14,6.1,11-30-2011,Wells Fargo
2012,2011-05-12,6.05,11-30-2011,Wells Fargo
2012,2011-06-10,6.05,11-30-2011,Wells Fargo
2012,2011-07-13,6.05,11-30-2011,Wells Fargo
2012,2011-08-11,6.15,11-30-2011,Wells Fargo
2012,2011-09-14,6.15,11-30-2011,Wells Fargo
2012,2011-10-12,6.15,11-30-2011,Wells Fargo
2012,2011-11-15,6.15,11-30-2011,Wells Fargo
Q1-20,2019-04-11,6.66,02-28-2020,Wells Fargo
Q1-20,2019-05-14,6.87,02-28-2020,Wells Fargo
Q1-20,2019-06-12,6.91,02-28-2020,Wells Fargo
Q1-20,2019-06-19,6.91,02-28-2020,Wells Fargo
Q1-20,2019-07-15,6.9,02-28-2020,Wells Fargo
Q1-20,2019-08-07,7.18,02-28-2020,Wells Fargo
Q1-20,2019-08-16,7.18,02-28-2020,Wells Fargo
Q1-20,2019-09-13,7.16,02-28-2020,Wells Fargo
Q1-20,2019-10-15,7.2,02-28-2020,Wells Fargo
Q1-20,2019-11-15,7.16,02-28-2020,Wells Fargo
Q1-20,2019-12-13,6.95,02-28-2020,Wells Fargo
Q1-20,2020-01-23,6.92,02-28-2020,Wells Fargo
Q1-20,2020-02-12,7.0,02-28-2020,Wells Fargo
Q2-20,2019-06-12,6.88,02-28-2020,Wells Fargo
Q2-20,2019-06-19,6.88,02-28-2020,Wells Fargo
Q2-20,2019-07-15,6.87,02-28-2020,Wells Fargo
Q2-20,2019-08-07,7.18,02-28-2020,Wells Fargo
Q2-20,2019-08-16,7.18,02-28-2020,Wells Fargo
Q2-20,2019-09-13,7.16,02-28-2020,Wells Fargo
Q2-20,2019-10-15,7.2,02-28-2020,Wells Fargo
Q2-20,2019-11-15,7.16,02-28-2020,Wells Fargo
Q2-20,2019-12-13,6.93,02-28-2020,Wells Fargo
Q2-20,2020-01-23,6.9,02-28-2020,Wells Fargo
Q2-20,2020-02-12,6.98,02-28-2020,Wells Fargo
Q3-20,2019-09-13,7.14,02-28-2020,Wells Fargo
Q3-20,2019-10-15,7.16,02-28-2020,Wells Fargo
Q3-20,2019-11-15,7.14,02-28-2020,Wells Fargo
Q3-20,2019-12-13,6.91,02-28-2020,Wells Fargo
Q3-20,2020-01-23,6.88,02-28-2020,Wells Fargo
Q3-20,2020-02-12,6.94,02-28-2020,Wells Fargo
Q4-20,2019-08-07,7.14,02-28-2020,Wells Fargo
Q4-20,2019-08-16,7.14,02-28-2020,Wells Fargo
Q4-20,2019-09-13,7.12,02-28-2020,Wells Fargo
Q4-20,2019-10-15,7.12,02-28-2020,Wells Fargo
Q4-20,2019-11-15,7.1,02-28-2020,Wells Fargo
Q4-20,2019-12-13,6.89,02-28-2020,Wells Fargo
Q4-20,2020-01-23,6.86,02-28-2020,Wells Fargo
Q4-20,2020-02-12,6.9,02-28-2020,Wells Fargo
Q4-07,2007-07-26,7.35,11-30-2007,Wells Fargo
Q4-07,2007-08-07,7.35,11-30-2007,Wells Fargo
Q4-07,2007-08-21,7.41,11-30-2007,Wells Fargo
Q4-07,2007-09-14,7.42,11-30-2007,Wells Fargo
Q4-07,2007-10-11,7.4,11-30-2007,Wells Fargo
Q4-07,2007-11-15,7.3,11-30-2007,Wells Fargo
Q4-07,2007-11-29,7.3,11-30-2007,Wells Fargo
Q1-08,2007-07-26,7.27,11-30-2007,Wells Fargo
Q1-08,2007-08-07,7.27,11-30-2007,Wells Fargo
Q1-08,2007-08-21,7.31,11-30-2007,Wells Fargo
Q1-08,2007-09-14,7.32,11-30-2007,Wells Fargo
Q1-08,2007-10-11,7.3,11-30-2007,Wells Fargo
Q1-08,2007-11-15,7.2,11-30-2007,Wells Fargo
Q1-08,2007-11-29,7.2,11-30-2007,Wells Fargo
Q2-08,2007-07-26,7.19,11-30-2007,Wells Fargo
Q2-08,2007-08-07,7.19,11-30-2007,Wells Fargo
Q2-08,2007-08-21,7.21,11-30-2007,Wells Fargo
Q2-08,2007-09-14,7.22,11-30-2007,Wells Fargo
Q2-08,2007-10-11,7.2,11-30-2007,Wells Fargo
Q2-08,2007-11-15,7.1,11-30-2007,Wells Fargo
Q2-08,2007-11-29,7.1,11-30-2007,Wells Fargo
Q3-08,2007-09-14,7.12,11-30-2007,Wells Fargo
Q3-08,2007-10-11,7.1,11-30-2007,Wells Fargo
Q3-08,2007-11-15,7.0,11-30-2007,Wells Fargo
Q3-08,2007-11-29,7.0,11-30-2007,Wells Fargo
2008,2007-09-14,7.02,11-30-2007,Wells Fargo
2008,2007-10-11,7.0,11-30-2007,Wells Fargo
2008,2007-11-15,6.9,11-30-2007,Wells Fargo
2008,2007-11-29,6.9,11-30-2007,Wells Fargo
Q2-16,2015-06-10,6.17,05-31-2016,Wells Fargo
Q2-16,2015-07-15,6.17,05-31-2016,Wells Fargo
Q2-16,2015-08-10,6.18,05-31-2016,Wells Fargo
Q2-16,2015-08-11,6.4,05-31-2016,Wells Fargo
Q2-16,2015-09-09,6.42,05-31-2016,Wells Fargo
Q2-16,2015-10-15,6.38,05-31-2016,Wells Fargo
Q2-16,2015-11-18,6.38,05-31-2016,Wells Fargo
Q2-16,2015-12-11,6.5,05-31-2016,Wells Fargo
Q2-16,2016-01-07,6.5,05-31-2016,Wells Fargo
Q2-16,2016-01-13,6.57,05-31-2016,Wells Fargo
Q2-16,2016-02-17,6.57,05-31-2016,Wells Fargo
Q2-16,2016-02-22,6.5,05-31-2016,Wells Fargo
Q2-16,2016-03-11,6.48,05-31-2016,Wells Fargo
Q2-16,2016-03-18,6.48,05-31-2016,Wells Fargo
Q2-16,2016-04-14,6.46,05-31-2016,Wells Fargo
Q2-16,2016-05-18,6.53,05-31-2016,Wells Fargo
Q3-16,2015-09-09,6.42,05-31-2016,Wells Fargo
Q3-16,2015-10-15,6.38,05-31-2016,Wells Fargo
Q3-16,2015-11-18,6.42,05-31-2016,Wells Fargo
Q3-16,2015-12-11,6.52,05-31-2016,Wells Fargo
Q3-16,2016-01-07,6.52,05-31-2016,Wells Fargo
Q3-16,2016-01-13,6.6,05-31-2016,Wells Fargo
Q3-16,2016-02-17,6.6,05-31-2016,Wells Fargo
Q3-16,2016-02-22,6.53,05-31-2016,Wells Fargo
Q3-16,2016-03-11,6.52,05-31-2016,Wells Fargo
Q3-16,2016-03-18,6.52,05-31-2016,Wells Fargo
Q3-16,2016-04-14,6.5,05-31-2016,Wells Fargo
Q3-16,2016-05-18,6.53,05-31-2016,Wells Fargo
Q4-16,2015-06-10,6.15,05-31-2016,Wells Fargo
Q4-16,2015-07-15,6.15,05-31-2016,Wells Fargo
Q4-16,2015-08-10,6.16,05-31-2016,Wells Fargo
Q4-16,2015-08-11,6.45,05-31-2016,Wells Fargo
Q4-16,2015-09-09,6.46,05-31-2016,Wells Fargo
Q4-16,2015-10-15,6.42,05-31-2016,Wells Fargo
Q4-16,2015-11-18,6.42,05-31-2016,Wells Fargo
Q4-16,2015-12-11,6.54,05-31-2016,Wells Fargo
Q4-16,2016-01-07,6.54,05-31-2016,Wells Fargo
Q4-16,2016-01-13,6.63,05-31-2016,Wells Fargo
Q4-16,2016-02-17,6.63,05-31-2016,Wells Fargo
Q4-16,2016-02-22,6.56,05-31-2016,Wells Fargo
Q4-16,2016-03-11,6.56,05-31-2016,Wells Fargo
Q4-16,2016-03-18,6.56,05-31-2016,Wells Fargo
Q4-16,2016-04-14,6.54,05-31-2016,Wells Fargo
Q4-16,2016-05-18,6.57,05-31-2016,Wells Fargo
2017,2016-05-18,6.69,05-31-2016,Wells Fargo
Q2-20,2019-06-12,6.88,05-31-2020,Wells Fargo
Q2-20,2019-06-19,6.88,05-31-2020,Wells Fargo
Q2-20,2019-07-15,6.87,05-31-2020,Wells Fargo
Q2-20,2019-08-07,7.18,05-31-2020,Wells Fargo
Q2-20,2019-08-16,7.18,05-31-2020,Wells Fargo
Q2-20,2019-09-13,7.16,05-31-2020,Wells Fargo
Q2-20,2019-10-15,7.2,05-31-2020,Wells Fargo
Q2-20,2019-11-15,7.16,05-31-2020,Wells Fargo
Q2-20,2019-12-13,6.93,05-31-2020,Wells Fargo
Q2-20,2020-01-23,6.9,05-31-2020,Wells Fargo
Q2-20,2020-02-12,6.98,05-31-2020,Wells Fargo
Q2-20,2020-03-13,7.02,05-31-2020,Wells Fargo
Q2-20,2020-04-17,7.06,05-31-2020,Wells Fargo
Q2-20,2020-05-15,7.09,05-31-2020,Wells Fargo
Q3-20,2019-09-13,7.14,05-31-2020,Wells Fargo
Q3-20,2019-10-15,7.16,05-31-2020,Wells Fargo
Q3-20,2019-11-15,7.14,05-31-2020,Wells Fargo
Q3-20,2019-12-13,6.91,05-31-2020,Wells Fargo
Q3-20,2020-01-23,6.88,05-31-2020,Wells Fargo
Q3-20,2020-02-12,6.94,05-31-2020,Wells Fargo
Q3-20,2020-03-13,6.98,05-31-2020,Wells Fargo
Q3-20,2020-04-17,7.04,05-31-2020,Wells Fargo
Q3-20,2020-05-15,7.07,05-31-2020,Wells Fargo
Q4-20,2019-08-07,7.14,05-31-2020,Wells Fargo
Q4-20,2019-08-16,7.14,05-31-2020,Wells Fargo
Q4-20,2019-09-13,7.12,05-31-2020,Wells Fargo
Q4-20,2019-10-15,7.12,05-31-2020,Wells Fargo
Q4-20,2019-11-15,7.1,05-31-2020,Wells Fargo
Q4-20,2019-12-13,6.89,05-31-2020,Wells Fargo
Q4-20,2020-01-23,6.86,05-31-2020,Wells Fargo
Q4-20,2020-02-12,6.9,05-31-2020,Wells Fargo
Q4-20,2020-03-13,6.94,05-31-2020,Wells Fargo
Q4-20,2020-04-17,7.0,05-31-2020,Wells Fargo
Q4-20,2020-05-15,7.03,05-31-2020,Wells Fargo
Q1-21,2020-03-13,6.9,05-31-2020,Wells Fargo
Q1-21,2020-04-17,6.96,05-31-2020,Wells Fargo
Q1-21,2020-05-15,6.99,05-31-2020,Wells Fargo
Q3-07,2007-07-26,7.45,08-31-2007,Wells Fargo
Q3-07,2007-08-07,7.45,08-31-2007,Wells Fargo
Q3-07,2007-08-21,7.51,08-31-2007,Wells Fargo
Q4-07,2007-07-26,7.35,08-31-2007,Wells Fargo
Q4-07,2007-08-07,7.35,08-31-2007,Wells Fargo
Q4-07,2007-08-21,7.41,08-31-2007,Wells Fargo
Q1-08,2007-07-26,7.27,08-31-2007,Wells Fargo
Q1-08,2007-08-07,7.27,08-31-2007,Wells Fargo
Q1-08,2007-08-21,7.31,08-31-2007,Wells Fargo
Q2-08,2007-07-26,7.19,08-31-2007,Wells Fargo
Q2-08,2007-08-07,7.19,08-31-2007,Wells Fargo
Q2-08,2007-08-21,7.21,08-31-2007,Wells Fargo
Q3-11,2010-09-10,6.47,08-31-2011,Wells Fargo
Q3-11,2010-10-13,6.25,08-31-2011,Wells Fargo
Q3-11,2010-11-12,6.35,08-31-2011,Wells Fargo
Q3-11,2010-12-09,6.35,08-31-2011,Wells Fargo
Q3-11,2011-01-13,6.3,08-31-2011,Wells Fargo
Q3-11,2011-02-11,6.4,08-31-2011,Wells Fargo
Q3-11,2011-03-17,6.4,08-31-2011,Wells Fargo
Q3-11,2011-04-14,6.35,08-31-2011,Wells Fargo
Q3-11,2011-05-12,6.4,08-31-2011,Wells Fargo
Q3-11,2011-06-10,6.4,08-31-2011,Wells Fargo
Q3-11,2011-07-13,6.4,08-31-2011,Wells Fargo
Q3-11,2011-08-11,6.39,08-31-2011,Wells Fargo
Q4-11,2010-02-17,6.48,08-31-2011,Wells Fargo
Q4-11,2010-03-11,6.4,08-31-2011,Wells Fargo
Q4-11,2010-04-14,6.3,08-31-2011,Wells Fargo
Q4-11,2010-05-12,6.22,08-31-2011,Wells Fargo
Q4-11,2010-06-09,6.42,08-31-2011,Wells Fargo
Q4-11,2010-06-21,6.3,08-31-2011,Wells Fargo
Q4-11,2010-07-15,6.3,08-31-2011,Wells Fargo
Q4-11,2010-08-11,6.37,08-31-2011,Wells Fargo
Q4-11,2010-09-10,6.37,08-31-2011,Wells Fargo
Q4-11,2010-10-13,6.15,08-31-2011,Wells Fargo
Q4-11,2010-11-12,6.25,08-31-2011,Wells Fargo
Q4-11,2010-12-09,6.25,08-31-2011,Wells Fargo
Q4-11,2011-01-13,6.2,08-31-2011,Wells Fargo
Q4-11,2011-02-11,6.3,08-31-2011,Wells Fargo
Q4-11,2011-03-17,6.3,08-31-2011,Wells Fargo
Q4-11,2011-04-14,6.25,08-31-2011,Wells Fargo
Q4-11,2011-05-12,6.3,08-31-2011,Wells Fargo
Q4-11,2011-06-10,6.3,08-31-2011,Wells Fargo
Q4-11,2011-07-13,6.3,08-31-2011,Wells Fargo
Q4-11,2011-08-11,6.35,08-31-2011,Wells Fargo
Q1-12,2011-03-17,6.2,08-31-2011,Wells Fargo
Q1-12,2011-04-14,6.2,08-31-2011,Wells Fargo
Q1-12,2011-05-12,6.2,08-31-2011,Wells Fargo
Q1-12,2011-06-10,6.2,08-31-2011,Wells Fargo
Q1-12,2011-07-13,6.2,08-31-2011,Wells Fargo
Q1-12,2011-08-11,6.3,08-31-2011,Wells Fargo
Q2-12,2011-06-10,6.15,08-31-2011,Wells Fargo
Q2-12,2011-07-13,6.15,08-31-2011,Wells Fargo
Q2-12,2011-08-11,6.25,08-31-2011,Wells Fargo
2012,2011-03-17,6.0,08-31-2011,Wells Fargo
2012,2011-04-14,6.1,08-31-2011,Wells Fargo
2012,2011-05-12,6.05,08-31-2011,Wells Fargo
2012,2011-06-10,6.05,08-31-2011,Wells Fargo
2012,2011-07-13,6.05,08-31-2011,Wells Fargo
2012,2011-08-11,6.15,08-31-2011,Wells Fargo
Q1-16,2015-03-17,6.22,02-28-2016,Wells Fargo
Q1-16,2015-04-17,6.17,02-28-2016,Wells Fargo
Q1-16,2015-05-13,6.18,02-28-2016,Wells Fargo
Q1-16,2015-06-10,6.18,02-28-2016,Wells Fargo
Q1-16,2015-07-15,6.18,02-28-2016,Wells Fargo
Q1-16,2015-08-10,6.19,02-28-2016,Wells Fargo
Q1-16,2015-08-11,6.35,02-28-2016,Wells Fargo
Q1-16,2015-09-09,6.38,02-28-2016,Wells Fargo
Q1-16,2015-10-15,6.34,02-28-2016,Wells Fargo
Q1-16,2015-11-18,6.38,02-28-2016,Wells Fargo
Q1-16,2015-12-11,6.48,02-28-2016,Wells Fargo
Q1-16,2016-01-07,6.48,02-28-2016,Wells Fargo
Q1-16,2016-01-13,6.54,02-28-2016,Wells Fargo
Q1-16,2016-02-17,6.54,02-28-2016,Wells Fargo
Q1-16,2016-02-22,6.5,02-28-2016,Wells Fargo
Q2-16,2015-06-10,6.17,02-28-2016,Wells Fargo
Q2-16,2015-07-15,6.17,02-28-2016,Wells Fargo
Q2-16,2015-08-10,6.18,02-28-2016,Wells Fargo
Q2-16,2015-08-11,6.4,02-28-2016,Wells Fargo
Q2-16,2015-09-09,6.42,02-28-2016,Wells Fargo
Q2-16,2015-10-15,6.38,02-28-2016,Wells Fargo
Q2-16,2015-11-18,6.38,02-28-2016,Wells Fargo
Q2-16,2015-12-11,6.5,02-28-2016,Wells Fargo
Q2-16,2016-01-07,6.5,02-28-2016,Wells Fargo
Q2-16,2016-01-13,6.57,02-28-2016,Wells Fargo
Q2-16,2016-02-17,6.57,02-28-2016,Wells Fargo
Q2-16,2016-02-22,6.5,02-28-2016,Wells Fargo
Q3-16,2015-09-09,6.42,02-28-2016,Wells Fargo
Q3-16,2015-10-15,6.38,02-28-2016,Wells Fargo
Q3-16,2015-11-18,6.42,02-28-2016,Wells Fargo
Q3-16,2015-12-11,6.52,02-28-2016,Wells Fargo
Q3-16,2016-01-07,6.52,02-28-2016,Wells Fargo
Q3-16,2016-01-13,6.6,02-28-2016,Wells Fargo
Q3-16,2016-02-17,6.6,02-28-2016,Wells Fargo
Q3-16,2016-02-22,6.53,02-28-2016,Wells Fargo
Q4-16,2015-06-10,6.15,02-28-2016,Wells Fargo
Q4-16,2015-07-15,6.15,02-28-2016,Wells Fargo
Q4-16,2015-08-10,6.16,02-28-2016,Wells Fargo
Q4-16,2015-08-11,6.45,02-28-2016,Wells Fargo
Q4-16,2015-09-09,6.46,02-28-2016,Wells Fargo
Q4-16,2015-10-15,6.42,02-28-2016,Wells Fargo
Q4-16,2015-11-18,6.42,02-28-2016,Wells Fargo
Q4-16,2015-12-11,6.54,02-28-2016,Wells Fargo
Q4-16,2016-01-07,6.54,02-28-2016,Wells Fargo
Q4-16,2016-01-13,6.63,02-28-2016,Wells Fargo
Q4-16,2016-02-17,6.63,02-28-2016,Wells Fargo
Q4-16,2016-02-22,6.56,02-28-2016,Wells Fargo
Q4-08,2007-09-14,7.02,11-30-2008,Wells Fargo
Q4-08,2007-10-11,7.0,11-30-2008,Wells Fargo
Q4-08,2007-11-15,6.9,11-30-2008,Wells Fargo
Q4-08,2007-11-29,6.9,11-30-2008,Wells Fargo
Q4-08,2007-12-26,6.88,11-30-2008,Wells Fargo
Q4-08,2008-01-10,6.7,11-30-2008,Wells Fargo
Q4-08,2008-01-28,6.7,11-30-2008,Wells Fargo
Q4-08,2008-02-19,6.6,11-30-2008,Wells Fargo
Q4-08,2008-03-14,6.7,11-30-2008,Wells Fargo
Q4-08,2008-04-10,6.6,11-30-2008,Wells Fargo
Q4-08,2008-05-19,6.55,11-30-2008,Wells Fargo
Q4-08,2008-06-13,6.6,11-30-2008,Wells Fargo
Q4-08,2008-07-10,6.6,11-30-2008,Wells Fargo
Q4-08,2008-07-17,6.6,11-30-2008,Wells Fargo
Q4-08,2008-07-24,6.6,11-30-2008,Wells Fargo
Q4-08,2008-08-15,6.65,11-30-2008,Wells Fargo
Q4-08,2008-09-19,6.75,11-30-2008,Wells Fargo
Q4-08,2008-10-17,6.8,11-30-2008,Wells Fargo
Q4-08,2008-10-29,6.85,11-30-2008,Wells Fargo
Q4-08,2008-11-21,6.84,11-30-2008,Wells Fargo
Q1-09,2008-03-14,6.58,11-30-2008,Wells Fargo
Q1-09,2008-04-10,6.5,11-30-2008,Wells Fargo
Q1-09,2008-05-19,6.45,11-30-2008,Wells Fargo
Q1-09,2008-06-13,6.45,11-30-2008,Wells Fargo
Q1-09,2008-07-10,6.45,11-30-2008,Wells Fargo
Q1-09,2008-07-17,6.5,11-30-2008,Wells Fargo
Q1-09,2008-07-24,6.5,11-30-2008,Wells Fargo
Q1-09,2008-08-15,6.55,11-30-2008,Wells Fargo
Q1-09,2008-09-19,6.65,11-30-2008,Wells Fargo
Q1-09,2008-10-17,6.75,11-30-2008,Wells Fargo
Q1-09,2008-10-29,6.8,11-30-2008,Wells Fargo
Q1-09,2008-11-21,6.85,11-30-2008,Wells Fargo
Q2-09,2008-07-10,6.35,11-30-2008,Wells Fargo
Q2-09,2008-07-17,6.4,11-30-2008,Wells Fargo
Q2-09,2008-07-24,6.4,11-30-2008,Wells Fargo
Q2-09,2008-08-15,6.45,11-30-2008,Wells Fargo
Q2-09,2008-09-19,6.55,11-30-2008,Wells Fargo
Q2-09,2008-10-17,6.7,11-30-2008,Wells Fargo
Q2-09,2008-10-29,6.75,11-30-2008,Wells Fargo
Q2-09,2008-11-21,6.8,11-30-2008,Wells Fargo
Q3-09,2008-09-19,6.45,11-30-2008,Wells Fargo
Q3-09,2008-10-17,6.65,11-30-2008,Wells Fargo
Q3-09,2008-10-29,6.7,11-30-2008,Wells Fargo
Q3-09,2008-11-21,6.75,11-30-2008,Wells Fargo
2009,2008-05-19,6.25,11-30-2008,Wells Fargo
2009,2008-06-13,6.15,11-30-2008,Wells Fargo
2009,2008-07-10,6.15,11-30-2008,Wells Fargo
2009,2008-07-17,6.2,11-30-2008,Wells Fargo
2009,2008-07-24,6.2,11-30-2008,Wells Fargo
2009,2008-08-15,6.25,11-30-2008,Wells Fargo
2009,2008-09-19,6.35,11-30-2008,Wells Fargo
2009,2008-10-17,6.6,11-30-2008,Wells Fargo
2009,2008-10-29,6.65,11-30-2008,Wells Fargo
2009,2008-11-21,6.7,11-30-2008,Wells Fargo
Q2-19,2018-06-15,6.36,05-31-2019,Wells Fargo
Q2-19,2018-07-12,6.62,05-31-2019,Wells Fargo
Q2-19,2018-08-14,6.77,05-31-2019,Wells Fargo
Q2-19,2018-09-14,6.81,05-31-2019,Wells Fargo
Q2-19,2018-10-15,6.97,05-31-2019,Wells Fargo
Q2-19,2018-11-05,7.1,05-31-2019,Wells Fargo
Q2-19,2018-11-15,7.1,05-31-2019,Wells Fargo
Q2-19,2018-12-13,7.0,05-31-2019,Wells Fargo
Q2-19,2019-01-11,7.0,05-31-2019,Wells Fargo
Q2-19,2019-02-11,6.83,05-31-2019,Wells Fargo
Q2-19,2019-03-28,6.73,05-31-2019,Wells Fargo
Q2-19,2019-04-11,6.72,05-31-2019,Wells Fargo
Q2-19,2019-05-14,6.92,05-31-2019,Wells Fargo
Q3-19,2018-09-14,6.77,05-31-2019,Wells Fargo
Q3-19,2018-10-15,6.95,05-31-2019,Wells Fargo
Q3-19,2018-11-05,7.04,05-31-2019,Wells Fargo
Q3-19,2018-11-15,7.07,05-31-2019,Wells Fargo
Q3-19,2018-12-13,7.03,05-31-2019,Wells Fargo
Q3-19,2019-01-11,7.0,05-31-2019,Wells Fargo
Q3-19,2019-02-11,6.8,05-31-2019,Wells Fargo
Q3-19,2019-03-28,6.7,05-31-2019,Wells Fargo
Q3-19,2019-04-11,6.72,05-31-2019,Wells Fargo
Q3-19,2019-05-14,6.97,05-31-2019,Wells Fargo
Q4-19,2017-09-06,6.13,05-31-2019,Wells Fargo
Q4-19,2018-05-11,6.13,05-31-2019,Wells Fargo
Q4-19,2018-05-16,6.13,05-31-2019,Wells Fargo
Q4-19,2018-06-15,6.3,05-31-2019,Wells Fargo
Q4-19,2018-07-12,6.54,05-31-2019,Wells Fargo
Q4-19,2018-08-14,6.69,05-31-2019,Wells Fargo
Q4-19,2018-09-14,6.73,05-31-2019,Wells Fargo
Q4-19,2018-10-15,6.93,05-31-2019,Wells Fargo
Q4-19,2018-11-05,6.96,05-31-2019,Wells Fargo
Q4-19,2018-11-15,7.04,05-31-2019,Wells Fargo
Q4-19,2018-12-13,7.0,05-31-2019,Wells Fargo
Q4-19,2019-01-11,6.97,05-31-2019,Wells Fargo
Q4-19,2019-02-11,6.76,05-31-2019,Wells Fargo
Q4-19,2019-03-28,6.67,05-31-2019,Wells Fargo
Q4-19,2019-04-11,6.69,05-31-2019,Wells Fargo
Q4-19,2019-05-14,6.92,05-31-2019,Wells Fargo
Q1-20,2019-04-11,6.66,05-31-2019,Wells Fargo
Q1-20,2019-05-14,6.87,05-31-2019,Wells Fargo
Q3-12,2011-09-14,6.2,08-31-2012,Wells Fargo
Q3-12,2011-10-12,6.2,08-31-2012,Wells Fargo
Q3-12,2011-11-15,6.2,08-31-2012,Wells Fargo
Q3-12,2011-12-14,6.28,08-31-2012,Wells Fargo
Q3-12,2012-01-11,6.2,08-31-2012,Wells Fargo
Q3-12,2012-02-10,6.23,08-31-2012,Wells Fargo
Q3-12,2012-03-14,6.29,08-31-2012,Wells Fargo
Q3-12,2012-04-17,6.28,08-31-2012,Wells Fargo
Q3-12,2012-05-10,6.3,08-31-2012,Wells Fargo
Q3-12,2012-06-04,6.32,08-31-2012,Wells Fargo
Q3-12,2012-06-13,6.33,08-31-2012,Wells Fargo
Q3-12,2012-07-10,6.33,08-31-2012,Wells Fargo
Q3-12,2012-08-15,6.35,08-31-2012,Wells Fargo
Q4-12,2011-03-17,6.0,08-31-2012,Wells Fargo
Q4-12,2011-04-14,6.1,08-31-2012,Wells Fargo
Q4-12,2011-05-12,6.05,08-31-2012,Wells Fargo
Q4-12,2011-06-10,6.05,08-31-2012,Wells Fargo
Q4-12,2011-07-13,6.05,08-31-2012,Wells Fargo
Q4-12,2011-08-11,6.15,08-31-2012,Wells Fargo
Q4-12,2011-09-14,6.15,08-31-2012,Wells Fargo
Q4-12,2011-10-12,6.15,08-31-2012,Wells Fargo
Q4-12,2011-11-15,6.15,08-31-2012,Wells Fargo
Q4-12,2011-12-14,6.25,08-31-2012,Wells Fargo
Q4-12,2012-01-11,6.17,08-31-2012,Wells Fargo
Q4-12,2012-02-10,6.2,08-31-2012,Wells Fargo
Q4-12,2012-03-14,6.26,08-31-2012,Wells Fargo
Q4-12,2012-04-17,6.25,08-31-2012,Wells Fargo
Q4-12,2012-05-10,6.28,08-31-2012,Wells Fargo
Q4-12,2012-06-04,6.3,08-31-2012,Wells Fargo
Q4-12,2012-06-13,6.3,08-31-2012,Wells Fargo
Q4-12,2012-07-10,6.3,08-31-2012,Wells Fargo
Q4-12,2012-08-15,6.33,08-31-2012,Wells Fargo
Q1-13,2012-03-14,6.23,08-31-2012,Wells Fargo
Q1-13,2012-04-17,6.22,08-31-2012,Wells Fargo
Q1-13,2012-05-10,6.25,08-31-2012,Wells Fargo
Q1-13,2012-06-04,6.28,08-31-2012,Wells Fargo
Q1-13,2012-06-13,6.28,08-31-2012,Wells Fargo
Q1-13,2012-07-10,6.28,08-31-2012,Wells Fargo
Q1-13,2012-08-15,6.3,08-31-2012,Wells Fargo
Q2-13,2012-06-04,6.26,08-31-2012,Wells Fargo
Q2-13,2012-06-13,6.26,08-31-2012,Wells Fargo
Q2-13,2012-07-10,6.26,08-31-2012,Wells Fargo
Q2-13,2012-08-15,6.28,08-31-2012,Wells Fargo
2013,2012-02-10,6.11,08-31-2012,Wells Fargo
2013,2012-03-14,6.17,08-31-2012,Wells Fargo
2013,2012-04-17,6.17,08-31-2012,Wells Fargo
2013,2012-05-10,6.17,08-31-2012,Wells Fargo
2013,2012-06-04,6.22,08-31-2012,Wells Fargo
2013,2012-07-10,6.22,08-31-2012,Wells Fargo
2013,2012-08-15,6.24,08-31-2012,Wells Fargo
Q1-15,2014-04-09,6.14,02-28-2015,Wells Fargo
Q1-15,2014-05-14,6.18,02-28-2015,Wells Fargo
Q1-15,2014-06-19,6.18,02-28-2015,Wells Fargo
Q1-15,2014-07-15,6.16,02-28-2015,Wells Fargo
Q1-15,2014-08-12,6.12,02-28-2015,Wells Fargo
Q1-15,2014-08-19,6.1,02-28-2015,Wells Fargo
Q1-15,2014-09-10,6.1,02-28-2015,Wells Fargo
Q1-15,2014-10-10,6.1,02-28-2015,Wells Fargo
Q1-15,2014-11-18,6.12,02-28-2015,Wells Fargo
Q1-15,2014-12-15,6.19,02-28-2015,Wells Fargo
Q1-15,2014-12-19,6.22,02-28-2015,Wells Fargo
Q1-15,2015-01-12,6.21,02-28-2015,Wells Fargo
Q1-15,2015-02-12,6.23,02-28-2015,Wells Fargo
Q2-15,2014-06-19,6.16,02-28-2015,Wells Fargo
Q2-15,2014-07-15,6.14,02-28-2015,Wells Fargo
Q2-15,2014-08-12,6.1,02-28-2015,Wells Fargo
Q2-15,2014-08-19,6.08,02-28-2015,Wells Fargo
Q2-15,2014-09-10,6.08,02-28-2015,Wells Fargo
Q2-15,2014-10-10,6.08,02-28-2015,Wells Fargo
Q2-15,2014-11-18,6.1,02-28-2015,Wells Fargo
Q2-15,2014-12-15,6.17,02-28-2015,Wells Fargo
Q2-15,2014-12-19,6.2,02-28-2015,Wells Fargo
Q2-15,2015-01-12,6.2,02-28-2015,Wells Fargo
Q2-15,2015-02-12,6.23,02-28-2015,Wells Fargo
Q3-15,2014-10-10,6.06,02-28-2015,Wells Fargo
Q3-15,2014-11-18,6.08,02-28-2015,Wells Fargo
Q3-15,2014-12-15,6.15,02-28-2015,Wells Fargo
Q3-15,2014-12-19,6.18,02-28-2015,Wells Fargo
Q3-15,2015-01-12,6.18,02-28-2015,Wells Fargo
Q3-15,2015-02-12,6.22,02-28-2015,Wells Fargo
Q4-15,2014-05-14,6.12,02-28-2015,Wells Fargo
Q4-15,2014-06-19,6.12,02-28-2015,Wells Fargo
Q4-15,2014-07-15,6.1,02-28-2015,Wells Fargo
Q4-15,2014-08-12,6.06,02-28-2015,Wells Fargo
Q4-15,2014-08-19,6.04,02-28-2015,Wells Fargo
Q4-15,2014-09-10,6.04,02-28-2015,Wells Fargo
Q4-15,2014-10-10,6.04,02-28-2015,Wells Fargo
Q4-15,2014-11-18,6.06,02-28-2015,Wells Fargo
Q4-15,2014-12-15,6.13,02-28-2015,Wells Fargo
Q4-15,2014-12-19,6.16,02-28-2015,Wells Fargo
Q4-15,2015-01-12,6.16,02-28-2015,Wells Fargo
Q4-15,2015-02-12,6.21,02-28-2015,Wells Fargo
Q4-12,2011-03-17,6.0,11-30-2012,Wells Fargo
Q4-12,2011-04-14,6.1,11-30-2012,Wells Fargo
Q4-12,2011-05-12,6.05,11-30-2012,Wells Fargo
Q4-12,2011-06-10,6.05,11-30-2012,Wells Fargo
Q4-12,2011-07-13,6.05,11-30-2012,Wells Fargo
Q4-12,2011-08-11,6.15,11-30-2012,Wells Fargo
Q4-12,2011-09-14,6.15,11-30-2012,Wells Fargo
Q4-12,2011-10-12,6.15,11-30-2012,Wells Fargo
Q4-12,2011-11-15,6.15,11-30-2012,Wells Fargo
Q4-12,2011-12-14,6.25,11-30-2012,Wells Fargo
Q4-12,2012-01-11,6.17,11-30-2012,Wells Fargo
Q4-12,2012-02-10,6.2,11-30-2012,Wells Fargo
Q4-12,2012-03-14,6.26,11-30-2012,Wells Fargo
Q4-12,2012-04-17,6.25,11-30-2012,Wells Fargo
Q4-12,2012-05-10,6.28,11-30-2012,Wells Fargo
Q4-12,2012-06-04,6.3,11-30-2012,Wells Fargo
Q4-12,2012-06-13,6.3,11-30-2012,Wells Fargo
Q4-12,2012-07-10,6.3,11-30-2012,Wells Fargo
Q4-12,2012-08-15,6.33,11-30-2012,Wells Fargo
Q4-12,2012-09-14,6.3,11-30-2012,Wells Fargo
Q4-12,2012-10-09,6.29,11-30-2012,Wells Fargo
Q4-12,2012-11-09,6.25,11-30-2012,Wells Fargo
Q1-13,2012-03-14,6.23,11-30-2012,Wells Fargo
Q1-13,2012-04-17,6.22,11-30-2012,Wells Fargo
Q1-13,2012-05-10,6.25,11-30-2012,Wells Fargo
Q1-13,2012-06-04,6.28,11-30-2012,Wells Fargo
Q1-13,2012-06-13,6.28,11-30-2012,Wells Fargo
Q1-13,2012-07-10,6.28,11-30-2012,Wells Fargo
Q1-13,2012-08-15,6.3,11-30-2012,Wells Fargo
Q1-13,2012-09-14,6.27,11-30-2012,Wells Fargo
Q1-13,2012-10-09,6.26,11-30-2012,Wells Fargo
Q1-13,2012-11-09,6.26,11-30-2012,Wells Fargo
Q2-13,2012-06-04,6.26,11-30-2012,Wells Fargo
Q2-13,2012-06-13,6.26,11-30-2012,Wells Fargo
Q2-13,2012-07-10,6.26,11-30-2012,Wells Fargo
Q2-13,2012-08-15,6.28,11-30-2012,Wells Fargo
Q2-13,2012-09-14,6.24,11-30-2012,Wells Fargo
Q2-13,2012-10-09,6.23,11-30-2012,Wells Fargo
Q2-13,2012-11-09,6.24,11-30-2012,Wells Fargo
Q3-13,2012-09-14,6.21,11-30-2012,Wells Fargo
Q3-13,2012-10-09,6.19,11-30-2012,Wells Fargo
Q3-13,2012-11-09,6.21,11-30-2012,Wells Fargo
2013,2012-02-10,6.11,11-30-2012,Wells Fargo
2013,2012-03-14,6.17,11-30-2012,Wells Fargo
2013,2012-04-17,6.17,11-30-2012,Wells Fargo
2013,2012-05-10,6.17,11-30-2012,Wells Fargo
2013,2012-06-04,6.22,11-30-2012,Wells Fargo
2013,2012-07-10,6.22,11-30-2012,Wells Fargo
2013,2012-08-15,6.24,11-30-2012,Wells Fargo
2013,2012-09-14,6.19,11-30-2012,Wells Fargo
2013,2012-10-09,6.17,11-30-2012,Wells Fargo
2013,2012-11-09,6.18,11-30-2012,Wells Fargo
Q2-15,2014-06-19,6.16,05-31-2015,Wells Fargo
Q2-15,2014-07-15,6.14,05-31-2015,Wells Fargo
Q2-15,2014-08-12,6.1,05-31-2015,Wells Fargo
Q2-15,2014-08-19,6.08,05-31-2015,Wells Fargo
Q2-15,2014-09-10,6.08,05-31-2015,Wells Fargo
Q2-15,2014-10-10,6.08,05-31-2015,Wells Fargo
Q2-15,2014-11-18,6.1,05-31-2015,Wells Fargo
Q2-15,2014-12-15,6.17,05-31-2015,Wells Fargo
Q2-15,2014-12-19,6.2,05-31-2015,Wells Fargo
Q2-15,2015-01-12,6.2,05-31-2015,Wells Fargo
Q2-15,2015-02-12,6.23,05-31-2015,Wells Fargo
Q2-15,2015-03-17,6.25,05-31-2015,Wells Fargo
Q2-15,2015-04-17,6.2,05-31-2015,Wells Fargo
Q2-15,2015-05-13,6.2,05-31-2015,Wells Fargo
Q3-15,2014-10-10,6.06,05-31-2015,Wells Fargo
Q3-15,2014-11-18,6.08,05-31-2015,Wells Fargo
Q3-15,2014-12-15,6.15,05-31-2015,Wells Fargo
Q3-15,2014-12-19,6.18,05-31-2015,Wells Fargo
Q3-15,2015-01-12,6.18,05-31-2015,Wells Fargo
Q3-15,2015-02-12,6.22,05-31-2015,Wells Fargo
Q3-15,2015-03-17,6.24,05-31-2015,Wells Fargo
Q3-15,2015-04-17,6.19,05-31-2015,Wells Fargo
Q3-15,2015-05-13,6.2,05-31-2015,Wells Fargo
Q4-15,2014-05-14,6.12,05-31-2015,Wells Fargo
Q4-15,2014-06-19,6.12,05-31-2015,Wells Fargo
Q4-15,2014-07-15,6.1,05-31-2015,Wells Fargo
Q4-15,2014-08-12,6.06,05-31-2015,Wells Fargo
Q4-15,2014-08-19,6.04,05-31-2015,Wells Fargo
Q4-15,2014-09-10,6.04,05-31-2015,Wells Fargo
Q4-15,2014-10-10,6.04,05-31-2015,Wells Fargo
Q4-15,2014-11-18,6.06,05-31-2015,Wells Fargo
Q4-15,2014-12-15,6.13,05-31-2015,Wells Fargo
Q4-15,2014-12-19,6.16,05-31-2015,Wells Fargo
Q4-15,2015-01-12,6.16,05-31-2015,Wells Fargo
Q4-15,2015-02-12,6.21,05-31-2015,Wells Fargo
Q4-15,2015-03-17,6.23,05-31-2015,Wells Fargo
Q4-15,2015-04-17,6.18,05-31-2015,Wells Fargo
Q4-15,2015-05-13,6.19,05-31-2015,Wells Fargo
Q1-16,2015-03-17,6.22,05-31-2015,Wells Fargo
Q1-16,2015-04-17,6.17,05-31-2015,Wells Fargo
Q1-16,2015-05-13,6.18,05-31-2015,Wells Fargo
Q3-08,2007-09-14,7.12,08-31-2008,Wells Fargo
Q3-08,2007-10-11,7.1,08-31-2008,Wells Fargo
Q3-08,2007-11-15,7.0,08-31-2008,Wells Fargo
Q3-08,2007-11-29,7.0,08-31-2008,Wells Fargo
Q3-08,2007-12-26,7.0,08-31-2008,Wells Fargo
Q3-08,2008-01-10,6.83,08-31-2008,Wells Fargo
Q3-08,2008-01-28,6.83,08-31-2008,Wells Fargo
Q3-08,2008-02-19,6.73,08-31-2008,Wells Fargo
Q3-08,2008-03-14,6.83,08-31-2008,Wells Fargo
Q3-08,2008-04-10,6.7,08-31-2008,Wells Fargo
Q3-08,2008-05-19,6.7,08-31-2008,Wells Fargo
Q3-08,2008-06-13,6.75,08-31-2008,Wells Fargo
Q3-08,2008-07-10,6.75,08-31-2008,Wells Fargo
Q3-08,2008-07-17,6.7,08-31-2008,Wells Fargo
Q3-08,2008-07-24,6.7,08-31-2008,Wells Fargo
Q3-08,2008-08-15,6.75,08-31-2008,Wells Fargo
Q4-08,2007-09-14,7.02,08-31-2008,Wells Fargo
Q4-08,2007-10-11,7.0,08-31-2008,Wells Fargo
Q4-08,2007-11-15,6.9,08-31-2008,Wells Fargo
Q4-08,2007-11-29,6.9,08-31-2008,Wells Fargo
Q4-08,2007-12-26,6.88,08-31-2008,Wells Fargo
Q4-08,2008-01-10,6.7,08-31-2008,Wells Fargo
Q4-08,2008-01-28,6.7,08-31-2008,Wells Fargo
Q4-08,2008-02-19,6.6,08-31-2008,Wells Fargo
Q4-08,2008-03-14,6.7,08-31-2008,Wells Fargo
Q4-08,2008-04-10,6.6,08-31-2008,Wells Fargo
Q4-08,2008-05-19,6.55,08-31-2008,Wells Fargo
Q4-08,2008-06-13,6.6,08-31-2008,Wells Fargo
Q4-08,2008-07-10,6.6,08-31-2008,Wells Fargo
Q4-08,2008-07-17,6.6,08-31-2008,Wells Fargo
Q4-08,2008-07-24,6.6,08-31-2008,Wells Fargo
Q4-08,2008-08-15,6.65,08-31-2008,Wells Fargo
Q1-09,2008-03-14,6.58,08-31-2008,Wells Fargo
Q1-09,2008-04-10,6.5,08-31-2008,Wells Fargo
Q1-09,2008-05-19,6.45,08-31-2008,Wells Fargo
Q1-09,2008-06-13,6.45,08-31-2008,Wells Fargo
Q1-09,2008-07-10,6.45,08-31-2008,Wells Fargo
Q1-09,2008-07-17,6.5,08-31-2008,Wells Fargo
Q1-09,2008-07-24,6.5,08-31-2008,Wells Fargo
Q1-09,2008-08-15,6.55,08-31-2008,Wells Fargo
Q2-09,2008-07-10,6.35,08-31-2008,Wells Fargo
Q2-09,2008-07-17,6.4,08-31-2008,Wells Fargo
Q2-09,2008-07-24,6.4,08-31-2008,Wells Fargo
Q2-09,2008-08-15,6.45,08-31-2008,Wells Fargo
2009,2008-05-19,6.25,08-31-2008,Wells Fargo
2009,2008-06-13,6.15,08-31-2008,Wells Fargo
2009,2008-07-10,6.15,08-31-2008,Wells Fargo
2009,2008-07-17,6.2,08-31-2008,Wells Fargo
2009,2008-07-24,6.2,08-31-2008,Wells Fargo
2009,2008-08-15,6.25,08-31-2008,Wells Fargo
Q1-19,2018-03-15,6.21,02-28-2019,Wells Fargo
Q1-19,2018-04-11,6.17,02-28-2019,Wells Fargo
Q1-19,2018-05-09,6.17,02-28-2019,Wells Fargo
Q1-19,2018-05-11,6.22,02-28-2019,Wells Fargo
Q1-19,2018-05-16,6.22,02-28-2019,Wells Fargo
Q1-19,2018-06-15,6.39,02-28-2019,Wells Fargo
Q1-19,2018-07-12,6.66,02-28-2019,Wells Fargo
Q1-19,2018-08-14,6.81,02-28-2019,Wells Fargo
Q1-19,2018-09-14,6.85,02-28-2019,Wells Fargo
Q1-19,2018-10-15,6.97,02-28-2019,Wells Fargo
Q1-19,2018-11-05,7.1,02-28-2019,Wells Fargo
Q1-19,2018-11-15,7.1,02-28-2019,Wells Fargo
Q1-19,2018-12-13,6.94,02-28-2019,Wells Fargo
Q1-19,2019-01-11,6.9,02-28-2019,Wells Fargo
Q1-19,2019-02-11,6.83,02-28-2019,Wells Fargo
Q2-19,2018-06-15,6.36,02-28-2019,Wells Fargo
Q2-19,2018-07-12,6.62,02-28-2019,Wells Fargo
Q2-19,2018-08-14,6.77,02-28-2019,Wells Fargo
Q2-19,2018-09-14,6.81,02-28-2019,Wells Fargo
Q2-19,2018-10-15,6.97,02-28-2019,Wells Fargo
Q2-19,2018-11-05,7.1,02-28-2019,Wells Fargo
Q2-19,2018-11-15,7.1,02-28-2019,Wells Fargo
Q2-19,2018-12-13,7.0,02-28-2019,Wells Fargo
Q2-19,2019-01-11,7.0,02-28-2019,Wells Fargo
Q2-19,2019-02-11,6.83,02-28-2019,Wells Fargo
Q3-19,2018-09-14,6.77,02-28-2019,Wells Fargo
Q3-19,2018-10-15,6.95,02-28-2019,Wells Fargo
Q3-19,2018-11-05,7.04,02-28-2019,Wells Fargo
Q3-19,2018-11-15,7.07,02-28-2019,Wells Fargo
Q3-19,2018-12-13,7.03,02-28-2019,Wells Fargo
Q3-19,2019-01-11,7.0,02-28-2019,Wells Fargo
Q3-19,2019-02-11,6.8,02-28-2019,Wells Fargo
Q4-19,2017-09-06,6.13,02-28-2019,Wells Fargo
Q4-19,2018-05-11,6.13,02-28-2019,Wells Fargo
Q4-19,2018-05-16,6.13,02-28-2019,Wells Fargo
Q4-19,2018-06-15,6.3,02-28-2019,Wells Fargo
Q4-19,2018-07-12,6.54,02-28-2019,Wells Fargo
Q4-19,2018-08-14,6.69,02-28-2019,Wells Fargo
Q4-19,2018-09-14,6.73,02-28-2019,Wells Fargo
Q4-19,2018-10-15,6.93,02-28-2019,Wells Fargo
Q4-19,2018-11-05,6.96,02-28-2019,Wells Fargo
Q4-19,2018-11-15,7.04,02-28-2019,Wells Fargo
Q4-19,2018-12-13,7.0,02-28-2019,Wells Fargo
Q4-19,2019-01-11,6.97,02-28-2019,Wells Fargo
Q4-19,2019-02-11,6.76,02-28-2019,Wells Fargo
Q1-18,2017-03-17,7.08,02-28-2018,Wells Fargo
Q1-18,2017-04-13,7.07,02-28-2018,Wells Fargo
Q1-18,2017-04-20,7.07,02-28-2018,Wells Fargo
Q1-18,2017-05-11,7.07,02-28-2018,Wells Fargo
Q1-18,2017-05-24,7.07,02-28-2018,Wells Fargo
Q1-18,2017-06-06,7.07,02-28-2018,Wells Fargo
Q1-18,2017-06-16,6.9,02-28-2018,Wells Fargo
Q1-18,2017-07-05,6.79,02-28-2018,Wells Fargo
Q1-18,2017-07-14,6.76,02-28-2018,Wells Fargo
Q1-18,2017-08-10,6.61,02-28-2018,Wells Fargo
Q1-18,2017-09-06,6.61,02-28-2018,Wells Fargo
Q1-18,2017-09-21,6.49,02-28-2018,Wells Fargo
Q1-18,2017-10-04,6.49,02-28-2018,Wells Fargo
Q1-18,2017-10-17,6.56,02-28-2018,Wells Fargo
Q1-18,2017-10-31,6.56,02-28-2018,Wells Fargo
Q1-18,2017-11-01,6.56,02-28-2018,Wells Fargo
Q1-18,2017-11-14,6.64,02-28-2018,Wells Fargo
Q1-18,2017-12-15,6.6,02-28-2018,Wells Fargo
Q1-18,2018-01-05,6.6,02-28-2018,Wells Fargo
Q1-18,2018-01-12,6.45,02-28-2018,Wells Fargo
Q1-18,2018-01-24,6.45,02-28-2018,Wells Fargo
Q1-18,2018-02-12,6.35,02-28-2018,Wells Fargo
Q2-18,2017-06-06,7.09,02-28-2018,Wells Fargo
Q2-18,2017-06-16,6.86,02-28-2018,Wells Fargo
Q2-18,2017-07-05,6.76,02-28-2018,Wells Fargo
Q2-18,2017-07-14,6.73,02-28-2018,Wells Fargo
Q2-18,2017-08-10,6.58,02-28-2018,Wells Fargo
Q2-18,2017-09-06,6.58,02-28-2018,Wells Fargo
Q2-18,2017-09-21,6.46,02-28-2018,Wells Fargo
Q2-18,2017-10-04,6.46,02-28-2018,Wells Fargo
Q2-18,2017-10-17,6.52,02-28-2018,Wells Fargo
Q2-18,2017-10-31,6.52,02-28-2018,Wells Fargo
Q2-18,2017-11-01,6.52,02-28-2018,Wells Fargo
Q2-18,2017-11-14,6.6,02-28-2018,Wells Fargo
Q2-18,2017-12-15,6.55,02-28-2018,Wells Fargo
Q2-18,2018-01-05,6.55,02-28-2018,Wells Fargo
Q2-18,2018-01-12,6.41,02-28-2018,Wells Fargo
Q2-18,2018-01-24,6.41,02-28-2018,Wells Fargo
Q2-18,2018-02-12,6.35,02-28-2018,Wells Fargo
Q3-18,2017-09-06,6.55,02-28-2018,Wells Fargo
Q3-18,2017-09-21,6.43,02-28-2018,Wells Fargo
Q3-18,2017-10-04,6.43,02-28-2018,Wells Fargo
Q3-18,2017-10-17,6.48,02-28-2018,Wells Fargo
Q3-18,2017-10-31,6.48,02-28-2018,Wells Fargo
Q3-18,2017-11-01,6.48,02-28-2018,Wells Fargo
Q3-18,2017-11-14,6.55,02-28-2018,Wells Fargo
Q3-18,2017-12-15,6.5,02-28-2018,Wells Fargo
Q3-18,2018-01-05,6.5,02-28-2018,Wells Fargo
Q3-18,2018-01-12,6.37,02-28-2018,Wells Fargo
Q3-18,2018-01-24,6.37,02-28-2018,Wells Fargo
Q3-18,2018-02-12,6.31,02-28-2018,Wells Fargo
Q4-18,2017-06-06,7.06,02-28-2018,Wells Fargo
Q4-18,2017-06-16,6.77,02-28-2018,Wells Fargo
Q4-18,2017-07-05,6.7,02-28-2018,Wells Fargo
Q4-18,2017-07-14,6.67,02-28-2018,Wells Fargo
Q4-18,2017-08-10,6.52,02-28-2018,Wells Fargo
Q4-18,2017-09-06,6.52,02-28-2018,Wells Fargo
Q4-18,2017-09-21,6.4,02-28-2018,Wells Fargo
Q4-18,2017-10-04,6.4,02-28-2018,Wells Fargo
Q4-18,2017-10-17,6.44,02-28-2018,Wells Fargo
Q4-18,2017-10-31,6.44,02-28-2018,Wells Fargo
Q4-18,2017-11-01,6.44,02-28-2018,Wells Fargo
Q4-18,2017-11-14,6.5,02-28-2018,Wells Fargo
Q4-18,2017-12-15,6.45,02-28-2018,Wells Fargo
Q4-18,2018-01-05,6.45,02-28-2018,Wells Fargo
Q4-18,2018-01-12,6.33,02-28-2018,Wells Fargo
Q4-18,2018-01-24,6.33,02-28-2018,Wells Fargo
Q4-18,2018-02-12,6.27,02-28-2018,Wells Fargo
Q3-09,2008-09-19,6.45,08-31-2009,Wells Fargo
Q3-09,2008-10-17,6.65,08-31-2009,Wells Fargo
Q3-09,2008-10-29,6.7,08-31-2009,Wells Fargo
Q3-09,2008-11-21,6.75,08-31-2009,Wells Fargo
Q3-09,2008-12-18,6.83,08-31-2009,Wells Fargo
Q3-09,2009-01-15,6.83,08-31-2009,Wells Fargo
Q3-09,2009-01-27,6.83,08-31-2009,Wells Fargo
Q3-09,2009-02-12,6.85,08-31-2009,Wells Fargo
Q3-09,2009-03-04,6.85,08-31-2009,Wells Fargo
Q3-09,2009-03-20,6.83,08-31-2009,Wells Fargo
Q3-09,2009-04-17,6.83,08-31-2009,Wells Fargo
Q3-09,2009-05-15,6.82,08-31-2009,Wells Fargo
Q3-09,2009-06-12,6.82,08-31-2009,Wells Fargo
Q3-09,2009-07-15,6.82,08-31-2009,Wells Fargo
Q3-09,2009-08-20,6.83,08-31-2009,Wells Fargo
Q4-09,2008-05-19,6.25,08-31-2009,Wells Fargo
Q4-09,2008-06-13,6.15,08-31-2009,Wells Fargo
Q4-09,2008-07-10,6.15,08-31-2009,Wells Fargo
Q4-09,2008-07-17,6.2,08-31-2009,Wells Fargo
Q4-09,2008-07-24,6.2,08-31-2009,Wells Fargo
Q4-09,2008-08-15,6.25,08-31-2009,Wells Fargo
Q4-09,2008-09-19,6.35,08-31-2009,Wells Fargo
Q4-09,2008-10-17,6.6,08-31-2009,Wells Fargo
Q4-09,2008-10-29,6.65,08-31-2009,Wells Fargo
Q4-09,2008-11-21,6.7,08-31-2009,Wells Fargo
Q4-09,2008-12-18,6.83,08-31-2009,Wells Fargo
Q4-09,2009-01-15,6.83,08-31-2009,Wells Fargo
Q4-09,2009-01-27,6.83,08-31-2009,Wells Fargo
Q4-09,2009-02-12,6.83,08-31-2009,Wells Fargo
Q4-09,2009-03-04,6.83,08-31-2009,Wells Fargo
Q4-09,2009-03-20,6.8,08-31-2009,Wells Fargo
Q4-09,2009-04-17,6.8,08-31-2009,Wells Fargo
Q4-09,2009-05-15,6.81,08-31-2009,Wells Fargo
Q4-09,2009-06-12,6.81,08-31-2009,Wells Fargo
Q4-09,2009-07-15,6.81,08-31-2009,Wells Fargo
Q4-09,2009-08-20,6.82,08-31-2009,Wells Fargo
Q1-10,2009-03-20,6.8,08-31-2009,Wells Fargo
Q1-10,2009-04-17,6.8,08-31-2009,Wells Fargo
Q1-10,2009-05-15,6.8,08-31-2009,Wells Fargo
Q1-10,2009-06-12,6.8,08-31-2009,Wells Fargo
Q1-10,2009-07-15,6.8,08-31-2009,Wells Fargo
Q1-10,2009-08-20,6.81,08-31-2009,Wells Fargo
Q2-10,2009-06-12,6.79,08-31-2009,Wells Fargo
Q2-10,2009-07-15,6.79,08-31-2009,Wells Fargo
Q2-10,2009-08-20,6.8,08-31-2009,Wells Fargo
2010,2008-12-18,6.8,08-31-2009,Wells Fargo
2010,2009-01-15,6.8,08-31-2009,Wells Fargo
2010,2009-01-27,6.8,08-31-2009,Wells Fargo
2010,2009-02-12,6.8,08-31-2009,Wells Fargo
2010,2009-03-04,6.8,08-31-2009,Wells Fargo
2010,2009-03-20,6.78,08-31-2009,Wells Fargo
2010,2009-04-17,6.78,08-31-2009,Wells Fargo
2010,2009-05-15,6.77,08-31-2009,Wells Fargo
2010,2009-06-12,6.77,08-31-2009,Wells Fargo
2010,2009-07-15,6.77,08-31-2009,Wells Fargo
2010,2009-08-20,6.78,08-31-2009,Wells Fargo
Q2-14,2013-06-14,6.04,05-31-2014,Wells Fargo
Q2-14,2013-07-10,6.04,05-31-2014,Wells Fargo
Q2-14,2013-08-08,6.07,05-31-2014,Wells Fargo
Q2-14,2013-09-19,6.06,05-31-2014,Wells Fargo
Q2-14,2013-10-09,6.06,05-31-2014,Wells Fargo
Q2-14,2013-11-20,6.05,05-31-2014,Wells Fargo
Q2-14,2013-12-13,6.05,05-31-2014,Wells Fargo
Q2-14,2014-01-10,6.04,05-31-2014,Wells Fargo
Q2-14,2014-02-12,6.05,05-31-2014,Wells Fargo
Q2-14,2014-03-11,6.12,05-31-2014,Wells Fargo
Q2-14,2014-03-26,6.22,05-31-2014,Wells Fargo
Q2-14,2014-04-09,6.2,05-31-2014,Wells Fargo
Q2-14,2014-05-14,6.22,05-31-2014,Wells Fargo
Q3-14,2013-09-19,6.03,05-31-2014,Wells Fargo
Q3-14,2013-10-09,6.03,05-31-2014,Wells Fargo
Q3-14,2013-11-20,6.02,05-31-2014,Wells Fargo
Q3-14,2013-12-13,6.02,05-31-2014,Wells Fargo
Q3-14,2014-01-10,6.01,05-31-2014,Wells Fargo
Q3-14,2014-02-12,6.04,05-31-2014,Wells Fargo
Q3-14,2014-03-11,6.1,05-31-2014,Wells Fargo
Q3-14,2014-03-26,6.2,05-31-2014,Wells Fargo
Q3-14,2014-04-09,6.18,05-31-2014,Wells Fargo
Q3-14,2014-05-14,6.22,05-31-2014,Wells Fargo
Q4-14,2013-04-11,6.04,05-31-2014,Wells Fargo
Q4-14,2013-05-15,5.98,05-31-2014,Wells Fargo
Q4-14,2013-06-14,6.0,05-31-2014,Wells Fargo
Q4-14,2013-07-10,6.0,05-31-2014,Wells Fargo
Q4-14,2013-08-08,6.02,05-31-2014,Wells Fargo
Q4-14,2013-09-19,6.01,05-31-2014,Wells Fargo
Q4-14,2013-10-09,6.01,05-31-2014,Wells Fargo
Q4-14,2013-11-20,5.99,05-31-2014,Wells Fargo
Q4-14,2013-12-13,5.99,05-31-2014,Wells Fargo
Q4-14,2014-01-10,5.98,05-31-2014,Wells Fargo
Q4-14,2014-02-12,6.01,05-31-2014,Wells Fargo
Q4-14,2014-03-11,6.08,05-31-2014,Wells Fargo
Q4-14,2014-03-26,6.18,05-31-2014,Wells Fargo
Q4-14,2014-04-09,6.16,05-31-2014,Wells Fargo
Q4-14,2014-05-14,6.2,05-31-2014,Wells Fargo
Q1-15,2014-04-09,6.14,05-31-2014,Wells Fargo
Q1-15,2014-05-14,6.18,05-31-2014,Wells Fargo
2015,2014-05-14,6.12,05-31-2014,Wells Fargo
Q1-22,2021-04-27,6.41,02-28-2022,Wells Fargo
Q1-22,2021-05-25,6.31,02-28-2022,Wells Fargo
Q1-22,2021-06-24,6.36,02-28-2022,Wells Fargo
Q1-22,2021-07-26,6.44,02-28-2022,Wells Fargo
Q1-22,2021-08-27,6.48,02-28-2022,Wells Fargo
Q1-22,2021-09-28,6.46,02-28-2022,Wells Fargo
Q1-22,2021-10-26,6.4,02-28-2022,Wells Fargo
Q1-22,2021-11-19,6.42,02-28-2022,Wells Fargo
Q1-22,2021-12-17,6.4,02-28-2022,Wells Fargo
Q1-22,2022-01-21,6.33,02-28-2022,Wells Fargo
Q1-22,2022-02-23,6.31,02-28-2022,Wells Fargo
Q2-22,2021-06-24,6.33,02-28-2022,Wells Fargo
Q2-22,2021-07-26,6.42,02-28-2022,Wells Fargo
Q2-22,2021-08-27,6.46,02-28-2022,Wells Fargo
Q2-22,2021-09-28,6.44,02-28-2022,Wells Fargo
Q2-22,2021-10-26,6.38,02-28-2022,Wells Fargo
Q2-22,2021-11-19,6.44,02-28-2022,Wells Fargo
Q2-22,2021-12-17,6.42,02-28-2022,Wells Fargo
Q2-22,2022-01-21,6.35,02-28-2022,Wells Fargo
Q2-22,2022-02-23,6.33,02-28-2022,Wells Fargo
Q3-22,2021-10-26,6.36,02-28-2022,Wells Fargo
Q3-22,2021-11-19,6.42,02-28-2022,Wells Fargo
Q3-22,2021-12-17,6.44,02-28-2022,Wells Fargo
Q3-22,2022-01-21,6.37,02-28-2022,Wells Fargo
Q3-22,2022-02-23,6.35,02-28-2022,Wells Fargo
Q4-22,2021-07-26,6.38,02-28-2022,Wells Fargo
Q4-22,2021-08-27,6.42,02-28-2022,Wells Fargo
Q4-22,2021-09-28,6.4,02-28-2022,Wells Fargo
Q4-22,2021-10-26,6.34,02-28-2022,Wells Fargo
Q4-22,2021-11-19,6.4,02-28-2022,Wells Fargo
Q4-22,2021-12-17,6.45,02-28-2022,Wells Fargo
Q4-22,2022-01-21,6.39,02-28-2022,Wells Fargo
Q4-22,2022-02-23,6.37,02-28-2022,Wells Fargo
Q4-13,2012-02-10,6.11,11-30-2013,Wells Fargo
Q4-13,2012-03-14,6.17,11-30-2013,Wells Fargo
Q4-13,2012-04-17,6.17,11-30-2013,Wells Fargo
Q4-13,2012-05-10,6.17,11-30-2013,Wells Fargo
Q4-13,2012-06-04,6.22,11-30-2013,Wells Fargo
Q4-13,2012-07-10,6.22,11-30-2013,Wells Fargo
Q4-13,2012-08-15,6.24,11-30-2013,Wells Fargo
Q4-13,2012-09-14,6.19,11-30-2013,Wells Fargo
Q4-13,2012-10-09,6.17,11-30-2013,Wells Fargo
Q4-13,2012-11-09,6.18,11-30-2013,Wells Fargo
Q4-13,2012-12-20,6.12,11-30-2013,Wells Fargo
Q4-13,2013-01-16,6.11,11-30-2013,Wells Fargo
Q4-13,2013-02-15,6.16,11-30-2013,Wells Fargo
Q4-13,2013-03-20,6.14,11-30-2013,Wells Fargo
Q4-13,2013-04-11,6.14,11-30-2013,Wells Fargo
Q4-13,2013-05-15,6.08,11-30-2013,Wells Fargo
Q4-13,2013-06-14,6.1,11-30-2013,Wells Fargo
Q4-13,2013-07-10,6.1,11-30-2013,Wells Fargo
Q4-13,2013-08-08,6.12,11-30-2013,Wells Fargo
Q4-13,2013-09-19,6.11,11-30-2013,Wells Fargo
Q4-13,2013-10-09,6.11,11-30-2013,Wells Fargo
Q4-13,2013-11-20,6.07,11-30-2013,Wells Fargo
Q1-14,2013-03-20,6.11,11-30-2013,Wells Fargo
Q1-14,2013-04-11,6.11,11-30-2013,Wells Fargo
Q1-14,2013-05-15,6.05,11-30-2013,Wells Fargo
Q1-14,2013-06-14,6.07,11-30-2013,Wells Fargo
Q1-14,2013-07-10,6.07,11-30-2013,Wells Fargo
Q1-14,2013-08-08,6.1,11-30-2013,Wells Fargo
Q1-14,2013-09-19,6.09,11-30-2013,Wells Fargo
Q1-14,2013-10-09,6.09,11-30-2013,Wells Fargo
Q1-14,2013-11-20,6.07,11-30-2013,Wells Fargo
Q2-14,2013-06-14,6.04,11-30-2013,Wells Fargo
Q2-14,2013-07-10,6.04,11-30-2013,Wells Fargo
Q2-14,2013-08-08,6.07,11-30-2013,Wells Fargo
Q2-14,2013-09-19,6.06,11-30-2013,Wells Fargo
Q2-14,2013-10-09,6.06,11-30-2013,Wells Fargo
Q2-14,2013-11-20,6.05,11-30-2013,Wells Fargo
Q3-14,2013-09-19,6.03,11-30-2013,Wells Fargo
Q3-14,2013-10-09,6.03,11-30-2013,Wells Fargo
Q3-14,2013-11-20,6.02,11-30-2013,Wells Fargo
2014,2013-04-11,6.04,11-30-2013,Wells Fargo
2014,2013-05-15,5.98,11-30-2013,Wells Fargo
2014,2013-06-14,6.0,11-30-2013,Wells Fargo
2014,2013-07-10,6.0,11-30-2013,Wells Fargo
2014,2013-08-08,6.02,11-30-2013,Wells Fargo
2014,2013-09-19,6.01,11-30-2013,Wells Fargo
2014,2013-10-09,6.01,11-30-2013,Wells Fargo
2014,2013-11-20,5.99,11-30-2013,Wells Fargo
Q1-14,2013-03-20,6.11,02-28-2014,Wells Fargo
Q1-14,2013-04-11,6.11,02-28-2014,Wells Fargo
Q1-14,2013-05-15,6.05,02-28-2014,Wells Fargo
Q1-14,2013-06-14,6.07,02-28-2014,Wells Fargo
Q1-14,2013-07-10,6.07,02-28-2014,Wells Fargo
Q1-14,2013-08-08,6.1,02-28-2014,Wells Fargo
Q1-14,2013-09-19,6.09,02-28-2014,Wells Fargo
Q1-14,2013-10-09,6.09,02-28-2014,Wells Fargo
Q1-14,2013-11-20,6.07,02-28-2014,Wells Fargo
Q1-14,2013-12-13,6.06,02-28-2014,Wells Fargo
Q1-14,2014-01-10,6.05,02-28-2014,Wells Fargo
Q1-14,2014-02-12,6.06,02-28-2014,Wells Fargo
Q2-14,2013-06-14,6.04,02-28-2014,Wells Fargo
Q2-14,2013-07-10,6.04,02-28-2014,Wells Fargo
Q2-14,2013-08-08,6.07,02-28-2014,Wells Fargo
Q2-14,2013-09-19,6.06,02-28-2014,Wells Fargo
Q2-14,2013-10-09,6.06,02-28-2014,Wells Fargo
Q2-14,2013-11-20,6.05,02-28-2014,Wells Fargo
Q2-14,2013-12-13,6.05,02-28-2014,Wells Fargo
Q2-14,2014-01-10,6.04,02-28-2014,Wells Fargo
Q2-14,2014-02-12,6.05,02-28-2014,Wells Fargo
Q3-14,2013-09-19,6.03,02-28-2014,Wells Fargo
Q3-14,2013-10-09,6.03,02-28-2014,Wells Fargo
Q3-14,2013-11-20,6.02,02-28-2014,Wells Fargo
Q3-14,2013-12-13,6.02,02-28-2014,Wells Fargo
Q3-14,2014-01-10,6.01,02-28-2014,Wells Fargo
Q3-14,2014-02-12,6.04,02-28-2014,Wells Fargo
Q4-14,2013-04-11,6.04,02-28-2014,Wells Fargo
Q4-14,2013-05-15,5.98,02-28-2014,Wells Fargo
Q4-14,2013-06-14,6.0,02-28-2014,Wells Fargo
Q4-14,2013-07-10,6.0,02-28-2014,Wells Fargo
Q4-14,2013-08-08,6.02,02-28-2014,Wells Fargo
Q4-14,2013-09-19,6.01,02-28-2014,Wells Fargo
Q4-14,2013-10-09,6.01,02-28-2014,Wells Fargo
Q4-14,2013-11-20,5.99,02-28-2014,Wells Fargo
Q4-14,2013-12-13,5.99,02-28-2014,Wells Fargo
Q4-14,2014-01-10,5.98,02-28-2014,Wells Fargo
Q4-14,2014-02-12,6.01,02-28-2014,Wells Fargo
Q3-13,2012-09-14,6.21,08-31-2013,Wells Fargo
Q3-13,2012-10-09,6.19,08-31-2013,Wells Fargo
Q3-13,2012-11-09,6.21,08-31-2013,Wells Fargo
Q3-13,2012-12-20,6.15,08-31-2013,Wells Fargo
Q3-13,2013-01-16,6.14,08-31-2013,Wells Fargo
Q3-13,2013-02-15,6.19,08-31-2013,Wells Fargo
Q3-13,2013-03-20,6.17,08-31-2013,Wells Fargo
Q3-13,2013-04-11,6.17,08-31-2013,Wells Fargo
Q3-13,2013-05-15,6.11,08-31-2013,Wells Fargo
Q3-13,2013-06-14,6.13,08-31-2013,Wells Fargo
Q3-13,2013-07-10,6.13,08-31-2013,Wells Fargo
Q3-13,2013-08-08,6.12,08-31-2013,Wells Fargo
Q4-13,2012-02-10,6.11,08-31-2013,Wells Fargo
Q4-13,2012-03-14,6.17,08-31-2013,Wells Fargo
Q4-13,2012-04-17,6.17,08-31-2013,Wells Fargo
Q4-13,2012-05-10,6.17,08-31-2013,Wells Fargo
Q4-13,2012-06-04,6.22,08-31-2013,Wells Fargo
Q4-13,2012-07-10,6.22,08-31-2013,Wells Fargo
Q4-13,2012-08-15,6.24,08-31-2013,Wells Fargo
Q4-13,2012-09-14,6.19,08-31-2013,Wells Fargo
Q4-13,2012-10-09,6.17,08-31-2013,Wells Fargo
Q4-13,2012-11-09,6.18,08-31-2013,Wells Fargo
Q4-13,2012-12-20,6.12,08-31-2013,Wells Fargo
Q4-13,2013-01-16,6.11,08-31-2013,Wells Fargo
Q4-13,2013-02-15,6.16,08-31-2013,Wells Fargo
Q4-13,2013-03-20,6.14,08-31-2013,Wells Fargo
Q4-13,2013-04-11,6.14,08-31-2013,Wells Fargo
Q4-13,2013-05-15,6.08,08-31-2013,Wells Fargo
Q4-13,2013-06-14,6.1,08-31-2013,Wells Fargo
Q4-13,2013-07-10,6.1,08-31-2013,Wells Fargo
Q4-13,2013-08-08,6.12,08-31-2013,Wells Fargo
Q1-14,2013-03-20,6.11,08-31-2013,Wells Fargo
Q1-14,2013-04-11,6.11,08-31-2013,Wells Fargo
Q1-14,2013-05-15,6.05,08-31-2013,Wells Fargo
Q1-14,2013-06-14,6.07,08-31-2013,Wells Fargo
Q1-14,2013-07-10,6.07,08-31-2013,Wells Fargo
Q1-14,2013-08-08,6.1,08-31-2013,Wells Fargo
Q2-14,2013-06-14,6.04,08-31-2013,Wells Fargo
Q2-14,2013-07-10,6.04,08-31-2013,Wells Fargo
Q2-14,2013-08-08,6.07,08-31-2013,Wells Fargo
2014,2013-04-11,6.04,08-31-2013,Wells Fargo
2014,2013-05-15,5.98,08-31-2013,Wells Fargo
2014,2013-06-14,6.0,08-31-2013,Wells Fargo
2014,2013-07-10,6.0,08-31-2013,Wells Fargo
2014,2013-08-08,6.02,08-31-2013,Wells Fargo
Q2-18,2017-06-06,7.09,05-31-2018,Wells Fargo
Q2-18,2017-06-16,6.86,05-31-2018,Wells Fargo
Q2-18,2017-07-05,6.76,05-31-2018,Wells Fargo
Q2-18,2017-07-14,6.73,05-31-2018,Wells Fargo
Q2-18,2017-08-10,6.58,05-31-2018,Wells Fargo
Q2-18,2017-09-06,6.58,05-31-2018,Wells Fargo
Q2-18,2017-09-21,6.46,05-31-2018,Wells Fargo
Q2-18,2017-10-04,6.46,05-31-2018,Wells Fargo
Q2-18,2017-10-17,6.52,05-31-2018,Wells Fargo
Q2-18,2017-10-31,6.52,05-31-2018,Wells Fargo
Q2-18,2017-11-01,6.52,05-31-2018,Wells Fargo
Q2-18,2017-11-14,6.6,05-31-2018,Wells Fargo
Q2-18,2017-12-15,6.55,05-31-2018,Wells Fargo
Q2-18,2018-01-05,6.55,05-31-2018,Wells Fargo
Q2-18,2018-01-12,6.41,05-31-2018,Wells Fargo
Q2-18,2018-01-24,6.41,05-31-2018,Wells Fargo
Q2-18,2018-02-12,6.35,05-31-2018,Wells Fargo
Q2-18,2018-03-15,6.32,05-31-2018,Wells Fargo
Q2-18,2018-04-11,6.28,05-31-2018,Wells Fargo
Q2-18,2018-05-09,6.28,05-31-2018,Wells Fargo
Q2-18,2018-05-11,6.32,05-31-2018,Wells Fargo
Q2-18,2018-05-16,6.32,05-31-2018,Wells Fargo
Q3-18,2017-09-06,6.55,05-31-2018,Wells Fargo
Q3-18,2017-09-21,6.43,05-31-2018,Wells Fargo
Q3-18,2017-10-04,6.43,05-31-2018,Wells Fargo
Q3-18,2017-10-17,6.48,05-31-2018,Wells Fargo
Q3-18,2017-10-31,6.48,05-31-2018,Wells Fargo
Q3-18,2017-11-01,6.48,05-31-2018,Wells Fargo
Q3-18,2017-11-14,6.55,05-31-2018,Wells Fargo
Q3-18,2017-12-15,6.5,05-31-2018,Wells Fargo
Q3-18,2018-01-05,6.5,05-31-2018,Wells Fargo
Q3-18,2018-01-12,6.37,05-31-2018,Wells Fargo
Q3-18,2018-01-24,6.37,05-31-2018,Wells Fargo
Q3-18,2018-02-12,6.31,05-31-2018,Wells Fargo
Q3-18,2018-03-15,6.28,05-31-2018,Wells Fargo
Q3-18,2018-04-11,6.24,05-31-2018,Wells Fargo
Q3-18,2018-05-09,6.24,05-31-2018,Wells Fargo
Q3-18,2018-05-11,6.3,05-31-2018,Wells Fargo
Q3-18,2018-05-16,6.3,05-31-2018,Wells Fargo
Q4-18,2017-06-06,7.06,05-31-2018,Wells Fargo
Q4-18,2017-06-16,6.77,05-31-2018,Wells Fargo
Q4-18,2017-07-05,6.7,05-31-2018,Wells Fargo
Q4-18,2017-07-14,6.67,05-31-2018,Wells Fargo
Q4-18,2017-08-10,6.52,05-31-2018,Wells Fargo
Q4-18,2017-09-06,6.52,05-31-2018,Wells Fargo
Q4-18,2017-09-21,6.4,05-31-2018,Wells Fargo
Q4-18,2017-10-04,6.4,05-31-2018,Wells Fargo
Q4-18,2017-10-17,6.44,05-31-2018,Wells Fargo
Q4-18,2017-10-31,6.44,05-31-2018,Wells Fargo
Q4-18,2017-11-01,6.44,05-31-2018,Wells Fargo
Q4-18,2017-11-14,6.5,05-31-2018,Wells Fargo
Q4-18,2017-12-15,6.45,05-31-2018,Wells Fargo
Q4-18,2018-01-05,6.45,05-31-2018,Wells Fargo
Q4-18,2018-01-12,6.33,05-31-2018,Wells Fargo
Q4-18,2018-01-24,6.33,05-31-2018,Wells Fargo
Q4-18,2018-02-12,6.27,05-31-2018,Wells Fargo
Q4-18,2018-03-15,6.24,05-31-2018,Wells Fargo
Q4-18,2018-04-11,6.2,05-31-2018,Wells Fargo
Q4-18,2018-05-09,6.2,05-31-2018,Wells Fargo
Q4-18,2018-05-11,6.26,05-31-2018,Wells Fargo
Q4-18,2018-05-16,6.26,05-31-2018,Wells Fargo
Q1-19,2018-03-15,6.21,05-31-2018,Wells Fargo
Q1-19,2018-04-11,6.17,05-31-2018,Wells Fargo
Q1-19,2018-05-09,6.17,05-31-2018,Wells Fargo
Q1-19,2018-05-11,6.22,05-31-2018,Wells Fargo
Q1-19,2018-05-16,6.22,05-31-2018,Wells Fargo
2019,2017-09-06,6.13,05-31-2018,Wells Fargo
2019,2018-05-11,6.13,05-31-2018,Wells Fargo
2019,2018-05-16,6.13,05-31-2018,Wells Fargo
Q4-09,2008-05-19,6.25,11-30-2009,Wells Fargo
Q4-09,2008-06-13,6.15,11-30-2009,Wells Fargo
Q4-09,2008-07-10,6.15,11-30-2009,Wells Fargo
Q4-09,2008-07-17,6.2,11-30-2009,Wells Fargo
Q4-09,2008-07-24,6.2,11-30-2009,Wells Fargo
Q4-09,2008-08-15,6.25,11-30-2009,Wells Fargo
Q4-09,2008-09-19,6.35,11-30-2009,Wells Fargo
Q4-09,2008-10-17,6.6,11-30-2009,Wells Fargo
Q4-09,2008-10-29,6.65,11-30-2009,Wells Fargo
Q4-09,2008-11-21,6.7,11-30-2009,Wells Fargo
Q4-09,2008-12-18,6.83,11-30-2009,Wells Fargo
Q4-09,2009-01-15,6.83,11-30-2009,Wells Fargo
Q4-09,2009-01-27,6.83,11-30-2009,Wells Fargo
Q4-09,2009-02-12,6.83,11-30-2009,Wells Fargo
Q4-09,2009-03-04,6.83,11-30-2009,Wells Fargo
Q4-09,2009-03-20,6.8,11-30-2009,Wells Fargo
Q4-09,2009-04-17,6.8,11-30-2009,Wells Fargo
Q4-09,2009-05-15,6.81,11-30-2009,Wells Fargo
Q4-09,2009-06-12,6.81,11-30-2009,Wells Fargo
Q4-09,2009-07-15,6.81,11-30-2009,Wells Fargo
Q4-09,2009-08-20,6.82,11-30-2009,Wells Fargo
Q4-09,2009-09-16,6.82,11-30-2009,Wells Fargo
Q4-09,2009-10-16,6.82,11-30-2009,Wells Fargo
Q4-09,2009-11-11,6.82,11-30-2009,Wells Fargo
Q1-10,2009-03-20,6.8,11-30-2009,Wells Fargo
Q1-10,2009-04-17,6.8,11-30-2009,Wells Fargo
Q1-10,2009-05-15,6.8,11-30-2009,Wells Fargo
Q1-10,2009-06-12,6.8,11-30-2009,Wells Fargo
Q1-10,2009-07-15,6.8,11-30-2009,Wells Fargo
Q1-10,2009-08-20,6.81,11-30-2009,Wells Fargo
Q1-10,2009-09-16,6.81,11-30-2009,Wells Fargo
Q1-10,2009-10-16,6.81,11-30-2009,Wells Fargo
Q1-10,2009-11-11,6.82,11-30-2009,Wells Fargo
Q2-10,2009-06-12,6.79,11-30-2009,Wells Fargo
Q2-10,2009-07-15,6.79,11-30-2009,Wells Fargo
Q2-10,2009-08-20,6.8,11-30-2009,Wells Fargo
Q2-10,2009-09-16,6.8,11-30-2009,Wells Fargo
Q2-10,2009-10-16,6.8,11-30-2009,Wells Fargo
Q2-10,2009-11-11,6.8,11-30-2009,Wells Fargo
Q3-10,2009-09-16,6.79,11-30-2009,Wells Fargo
Q3-10,2009-10-16,6.79,11-30-2009,Wells Fargo
Q3-10,2009-11-11,6.78,11-30-2009,Wells Fargo
2010,2008-12-18,6.8,11-30-2009,Wells Fargo
2010,2009-01-15,6.8,11-30-2009,Wells Fargo
2010,2009-01-27,6.8,11-30-2009,Wells Fargo
2010,2009-02-12,6.8,11-30-2009,Wells Fargo
2010,2009-03-04,6.8,11-30-2009,Wells Fargo
2010,2009-03-20,6.78,11-30-2009,Wells Fargo
2010,2009-04-17,6.78,11-30-2009,Wells Fargo
2010,2009-05-15,6.77,11-30-2009,Wells Fargo
2010,2009-06-12,6.77,11-30-2009,Wells Fargo
2010,2009-07-15,6.77,11-30-2009,Wells Fargo
2010,2009-08-20,6.78,11-30-2009,Wells Fargo
2010,2009-09-16,6.78,11-30-2009,Wells Fargo
2010,2009-10-16,6.78,11-30-2009,Wells Fargo
2010,2009-11-11,6.68,11-30-2009,Wells Fargo
Q4-14,2013-04-11,6.04,11-30-2014,Wells Fargo
Q4-14,2013-05-15,5.98,11-30-2014,Wells Fargo
Q4-14,2013-06-14,6.0,11-30-2014,Wells Fargo
Q4-14,2013-07-10,6.0,11-30-2014,Wells Fargo
Q4-14,2013-08-08,6.02,11-30-2014,Wells Fargo
Q4-14,2013-09-19,6.01,11-30-2014,Wells Fargo
Q4-14,2013-10-09,6.01,11-30-2014,Wells Fargo
Q4-14,2013-11-20,5.99,11-30-2014,Wells Fargo
Q4-14,2013-12-13,5.99,11-30-2014,Wells Fargo
Q4-14,2014-01-10,5.98,11-30-2014,Wells Fargo
Q4-14,2014-02-12,6.01,11-30-2014,Wells Fargo
Q4-14,2014-03-11,6.08,11-30-2014,Wells Fargo
Q4-14,2014-03-26,6.18,11-30-2014,Wells Fargo
Q4-14,2014-04-09,6.16,11-30-2014,Wells Fargo
Q4-14,2014-05-14,6.2,11-30-2014,Wells Fargo
Q4-14,2014-06-19,6.2,11-30-2014,Wells Fargo
Q4-14,2014-07-15,6.18,11-30-2014,Wells Fargo
Q4-14,2014-08-12,6.14,11-30-2014,Wells Fargo
Q4-14,2014-08-19,6.12,11-30-2014,Wells Fargo
Q4-14,2014-09-10,6.12,11-30-2014,Wells Fargo
Q4-14,2014-10-10,6.12,11-30-2014,Wells Fargo
Q4-14,2014-11-18,6.12,11-30-2014,Wells Fargo
Q1-15,2014-04-09,6.14,11-30-2014,Wells Fargo
Q1-15,2014-05-14,6.18,11-30-2014,Wells Fargo
Q1-15,2014-06-19,6.18,11-30-2014,Wells Fargo
Q1-15,2014-07-15,6.16,11-30-2014,Wells Fargo
Q1-15,2014-08-12,6.12,11-30-2014,Wells Fargo
Q1-15,2014-08-19,6.1,11-30-2014,Wells Fargo
Q1-15,2014-09-10,6.1,11-30-2014,Wells Fargo
Q1-15,2014-10-10,6.1,11-30-2014,Wells Fargo
Q1-15,2014-11-18,6.12,11-30-2014,Wells Fargo
Q2-15,2014-06-19,6.16,11-30-2014,Wells Fargo
Q2-15,2014-07-15,6.14,11-30-2014,Wells Fargo
Q2-15,2014-08-12,6.1,11-30-2014,Wells Fargo
Q2-15,2014-08-19,6.08,11-30-2014,Wells Fargo
Q2-15,2014-09-10,6.08,11-30-2014,Wells Fargo
Q2-15,2014-10-10,6.08,11-30-2014,Wells Fargo
Q2-15,2014-11-18,6.1,11-30-2014,Wells Fargo
Q3-15,2014-10-10,6.06,11-30-2014,Wells Fargo
Q3-15,2014-11-18,6.08,11-30-2014,Wells Fargo
2015,2014-05-14,6.12,11-30-2014,Wells Fargo
2015,2014-06-19,6.12,11-30-2014,Wells Fargo
2015,2014-07-15,6.1,11-30-2014,Wells Fargo
2015,2014-08-12,6.06,11-30-2014,Wells Fargo
2015,2014-08-19,6.04,11-30-2014,Wells Fargo
2015,2014-09-10,6.04,11-30-2014,Wells Fargo
2015,2014-10-10,6.04,11-30-2014,Wells Fargo
2015,2014-11-18,6.06,11-30-2014,Wells Fargo
Q1-09,2008-03-14,6.58,02-28-2009,Wells Fargo
Q1-09,2008-04-10,6.5,02-28-2009,Wells Fargo
Q1-09,2008-05-19,6.45,02-28-2009,Wells Fargo
Q1-09,2008-06-13,6.45,02-28-2009,Wells Fargo
Q1-09,2008-07-10,6.45,02-28-2009,Wells Fargo
Q1-09,2008-07-17,6.5,02-28-2009,Wells Fargo
Q1-09,2008-07-24,6.5,02-28-2009,Wells Fargo
Q1-09,2008-08-15,6.55,02-28-2009,Wells Fargo
Q1-09,2008-09-19,6.65,02-28-2009,Wells Fargo
Q1-09,2008-10-17,6.75,02-28-2009,Wells Fargo
Q1-09,2008-10-29,6.8,02-28-2009,Wells Fargo
Q1-09,2008-11-21,6.85,02-28-2009,Wells Fargo
Q1-09,2008-12-18,6.85,02-28-2009,Wells Fargo
Q1-09,2009-01-15,6.85,02-28-2009,Wells Fargo
Q1-09,2009-01-27,6.85,02-28-2009,Wells Fargo
Q1-09,2009-02-12,6.84,02-28-2009,Wells Fargo
Q2-09,2008-07-10,6.35,02-28-2009,Wells Fargo
Q2-09,2008-07-17,6.4,02-28-2009,Wells Fargo
Q2-09,2008-07-24,6.4,02-28-2009,Wells Fargo
Q2-09,2008-08-15,6.45,02-28-2009,Wells Fargo
Q2-09,2008-09-19,6.55,02-28-2009,Wells Fargo
Q2-09,2008-10-17,6.7,02-28-2009,Wells Fargo
Q2-09,2008-10-29,6.75,02-28-2009,Wells Fargo
Q2-09,2008-11-21,6.8,02-28-2009,Wells Fargo
Q2-09,2008-12-18,6.85,02-28-2009,Wells Fargo
Q2-09,2009-01-15,6.85,02-28-2009,Wells Fargo
Q2-09,2009-01-27,6.85,02-28-2009,Wells Fargo
Q2-09,2009-02-12,6.85,02-28-2009,Wells Fargo
Q3-09,2008-09-19,6.45,02-28-2009,Wells Fargo
Q3-09,2008-10-17,6.65,02-28-2009,Wells Fargo
Q3-09,2008-10-29,6.7,02-28-2009,Wells Fargo
Q3-09,2008-11-21,6.75,02-28-2009,Wells Fargo
Q3-09,2008-12-18,6.83,02-28-2009,Wells Fargo
Q3-09,2009-01-15,6.83,02-28-2009,Wells Fargo
Q3-09,2009-01-27,6.83,02-28-2009,Wells Fargo
Q3-09,2009-02-12,6.85,02-28-2009,Wells Fargo
Q4-09,2008-05-19,6.25,02-28-2009,Wells Fargo
Q4-09,2008-06-13,6.15,02-28-2009,Wells Fargo
Q4-09,2008-07-10,6.15,02-28-2009,Wells Fargo
Q4-09,2008-07-17,6.2,02-28-2009,Wells Fargo
Q4-09,2008-07-24,6.2,02-28-2009,Wells Fargo
Q4-09,2008-08-15,6.25,02-28-2009,Wells Fargo
Q4-09,2008-09-19,6.35,02-28-2009,Wells Fargo
Q4-09,2008-10-17,6.6,02-28-2009,Wells Fargo
Q4-09,2008-10-29,6.65,02-28-2009,Wells Fargo
Q4-09,2008-11-21,6.7,02-28-2009,Wells Fargo
Q4-09,2008-12-18,6.83,02-28-2009,Wells Fargo
Q4-09,2009-01-15,6.83,02-28-2009,Wells Fargo
Q4-09,2009-01-27,6.83,02-28-2009,Wells Fargo
Q4-09,2009-02-12,6.83,02-28-2009,Wells Fargo
2010,2008-12-18,6.8,02-28-2009,Wells Fargo
2010,2009-01-15,6.8,02-28-2009,Wells Fargo
2010,2009-01-27,6.8,02-28-2009,Wells Fargo
2010,2009-02-12,6.8,02-28-2009,Wells Fargo
Q2-13,2012-06-04,6.26,05-31-2013,Wells Fargo
Q2-13,2012-06-13,6.26,05-31-2013,Wells Fargo
Q2-13,2012-07-10,6.26,05-31-2013,Wells Fargo
Q2-13,2012-08-15,6.28,05-31-2013,Wells Fargo
Q2-13,2012-09-14,6.24,05-31-2013,Wells Fargo
Q2-13,2012-10-09,6.23,05-31-2013,Wells Fargo
Q2-13,2012-11-09,6.24,05-31-2013,Wells Fargo
Q2-13,2012-12-20,6.18,05-31-2013,Wells Fargo
Q2-13,2013-01-16,6.17,05-31-2013,Wells Fargo
Q2-13,2013-02-15,6.22,05-31-2013,Wells Fargo
Q2-13,2013-03-20,6.2,05-31-2013,Wells Fargo
Q2-13,2013-04-11,6.17,05-31-2013,Wells Fargo
Q2-13,2013-05-15,6.11,05-31-2013,Wells Fargo
Q3-13,2012-09-14,6.21,05-31-2013,Wells Fargo
Q3-13,2012-10-09,6.19,05-31-2013,Wells Fargo
Q3-13,2012-11-09,6.21,05-31-2013,Wells Fargo
Q3-13,2012-12-20,6.15,05-31-2013,Wells Fargo
Q3-13,2013-01-16,6.14,05-31-2013,Wells Fargo
Q3-13,2013-02-15,6.19,05-31-2013,Wells Fargo
Q3-13,2013-03-20,6.17,05-31-2013,Wells Fargo
Q3-13,2013-04-11,6.17,05-31-2013,Wells Fargo
Q3-13,2013-05-15,6.11,05-31-2013,Wells Fargo
Q4-13,2012-02-10,6.11,05-31-2013,Wells Fargo
Q4-13,2012-03-14,6.17,05-31-2013,Wells Fargo
Q4-13,2012-04-17,6.17,05-31-2013,Wells Fargo
Q4-13,2012-05-10,6.17,05-31-2013,Wells Fargo
Q4-13,2012-06-04,6.22,05-31-2013,Wells Fargo
Q4-13,2012-07-10,6.22,05-31-2013,Wells Fargo
Q4-13,2012-08-15,6.24,05-31-2013,Wells Fargo
Q4-13,2012-09-14,6.19,05-31-2013,Wells Fargo
Q4-13,2012-10-09,6.17,05-31-2013,Wells Fargo
Q4-13,2012-11-09,6.18,05-31-2013,Wells Fargo
Q4-13,2012-12-20,6.12,05-31-2013,Wells Fargo
Q4-13,2013-01-16,6.11,05-31-2013,Wells Fargo
Q4-13,2013-02-15,6.16,05-31-2013,Wells Fargo
Q4-13,2013-03-20,6.14,05-31-2013,Wells Fargo
Q4-13,2013-04-11,6.14,05-31-2013,Wells Fargo
Q4-13,2013-05-15,6.08,05-31-2013,Wells Fargo
Q1-14,2013-03-20,6.11,05-31-2013,Wells Fargo
Q1-14,2013-04-11,6.11,05-31-2013,Wells Fargo
Q1-14,2013-05-15,6.05,05-31-2013,Wells Fargo
2014,2013-04-11,6.04,05-31-2013,Wells Fargo
2014,2013-05-15,5.98,05-31-2013,Wells Fargo
Q3-18,2017-09-06,6.55,08-31-2018,Wells Fargo
Q3-18,2017-09-21,6.43,08-31-2018,Wells Fargo
Q3-18,2017-10-04,6.43,08-31-2018,Wells Fargo
Q3-18,2017-10-17,6.48,08-31-2018,Wells Fargo
Q3-18,2017-10-31,6.48,08-31-2018,Wells Fargo
Q3-18,2017-11-01,6.48,08-31-2018,Wells Fargo
Q3-18,2017-11-14,6.55,08-31-2018,Wells Fargo
Q3-18,2017-12-15,6.5,08-31-2018,Wells Fargo
Q3-18,2018-01-05,6.5,08-31-2018,Wells Fargo
Q3-18,2018-01-12,6.37,08-31-2018,Wells Fargo
Q3-18,2018-01-24,6.37,08-31-2018,Wells Fargo
Q3-18,2018-02-12,6.31,08-31-2018,Wells Fargo
Q3-18,2018-03-15,6.28,08-31-2018,Wells Fargo
Q3-18,2018-04-11,6.24,08-31-2018,Wells Fargo
Q3-18,2018-05-09,6.24,08-31-2018,Wells Fargo
Q3-18,2018-05-11,6.3,08-31-2018,Wells Fargo
Q3-18,2018-05-16,6.3,08-31-2018,Wells Fargo
Q3-18,2018-06-15,6.43,08-31-2018,Wells Fargo
Q3-18,2018-07-12,6.7,08-31-2018,Wells Fargo
Q3-18,2018-08-14,6.85,08-31-2018,Wells Fargo
Q4-18,2017-06-06,7.06,08-31-2018,Wells Fargo
Q4-18,2017-06-16,6.77,08-31-2018,Wells Fargo
Q4-18,2017-07-05,6.7,08-31-2018,Wells Fargo
Q4-18,2017-07-14,6.67,08-31-2018,Wells Fargo
Q4-18,2017-08-10,6.52,08-31-2018,Wells Fargo
Q4-18,2017-09-06,6.52,08-31-2018,Wells Fargo
Q4-18,2017-09-21,6.4,08-31-2018,Wells Fargo
Q4-18,2017-10-04,6.4,08-31-2018,Wells Fargo
Q4-18,2017-10-17,6.44,08-31-2018,Wells Fargo
Q4-18,2017-10-31,6.44,08-31-2018,Wells Fargo
Q4-18,2017-11-01,6.44,08-31-2018,Wells Fargo
Q4-18,2017-11-14,6.5,08-31-2018,Wells Fargo
Q4-18,2017-12-15,6.45,08-31-2018,Wells Fargo
Q4-18,2018-01-05,6.45,08-31-2018,Wells Fargo
Q4-18,2018-01-12,6.33,08-31-2018,Wells Fargo
Q4-18,2018-01-24,6.33,08-31-2018,Wells Fargo
Q4-18,2018-02-12,6.27,08-31-2018,Wells Fargo
Q4-18,2018-03-15,6.24,08-31-2018,Wells Fargo
Q4-18,2018-04-11,6.2,08-31-2018,Wells Fargo
Q4-18,2018-05-09,6.2,08-31-2018,Wells Fargo
Q4-18,2018-05-11,6.26,08-31-2018,Wells Fargo
Q4-18,2018-05-16,6.26,08-31-2018,Wells Fargo
Q4-18,2018-06-15,6.41,08-31-2018,Wells Fargo
Q4-18,2018-07-12,6.7,08-31-2018,Wells Fargo
Q4-18,2018-08-14,6.85,08-31-2018,Wells Fargo
Q1-19,2018-03-15,6.21,08-31-2018,Wells Fargo
Q1-19,2018-04-11,6.17,08-31-2018,Wells Fargo
Q1-19,2018-05-09,6.17,08-31-2018,Wells Fargo
Q1-19,2018-05-11,6.22,08-31-2018,Wells Fargo
Q1-19,2018-05-16,6.22,08-31-2018,Wells Fargo
Q1-19,2018-06-15,6.39,08-31-2018,Wells Fargo
Q1-19,2018-07-12,6.66,08-31-2018,Wells Fargo
Q1-19,2018-08-14,6.81,08-31-2018,Wells Fargo
Q2-19,2018-06-15,6.36,08-31-2018,Wells Fargo
Q2-19,2018-07-12,6.62,08-31-2018,Wells Fargo
Q2-19,2018-08-14,6.77,08-31-2018,Wells Fargo
2019,2017-09-06,6.13,08-31-2018,Wells Fargo
2019,2018-05-11,6.13,08-31-2018,Wells Fargo
2019,2018-05-16,6.13,08-31-2018,Wells Fargo
2019,2018-06-15,6.3,08-31-2018,Wells Fargo
2019,2018-07-12,6.54,08-31-2018,Wells Fargo
2019,2018-08-14,6.69,08-31-2018,Wells Fargo
Q4-18,2017-06-06,7.06,11-30-2018,Wells Fargo
Q4-18,2017-06-16,6.77,11-30-2018,Wells Fargo
Q4-18,2017-07-05,6.7,11-30-2018,Wells Fargo
Q4-18,2017-07-14,6.67,11-30-2018,Wells Fargo
Q4-18,2017-08-10,6.52,11-30-2018,Wells Fargo
Q4-18,2017-09-06,6.52,11-30-2018,Wells Fargo
Q4-18,2017-09-21,6.4,11-30-2018,Wells Fargo
Q4-18,2017-10-04,6.4,11-30-2018,Wells Fargo
Q4-18,2017-10-17,6.44,11-30-2018,Wells Fargo
Q4-18,2017-10-31,6.44,11-30-2018,Wells Fargo
Q4-18,2017-11-01,6.44,11-30-2018,Wells Fargo
Q4-18,2017-11-14,6.5,11-30-2018,Wells Fargo
Q4-18,2017-12-15,6.45,11-30-2018,Wells Fargo
Q4-18,2018-01-05,6.45,11-30-2018,Wells Fargo
Q4-18,2018-01-12,6.33,11-30-2018,Wells Fargo
Q4-18,2018-01-24,6.33,11-30-2018,Wells Fargo
Q4-18,2018-02-12,6.27,11-30-2018,Wells Fargo
Q4-18,2018-03-15,6.24,11-30-2018,Wells Fargo
Q4-18,2018-04-11,6.2,11-30-2018,Wells Fargo
Q4-18,2018-05-09,6.2,11-30-2018,Wells Fargo
Q4-18,2018-05-11,6.26,11-30-2018,Wells Fargo
Q4-18,2018-05-16,6.26,11-30-2018,Wells Fargo
Q4-18,2018-06-15,6.41,11-30-2018,Wells Fargo
Q4-18,2018-07-12,6.7,11-30-2018,Wells Fargo
Q4-18,2018-08-14,6.85,11-30-2018,Wells Fargo
Q4-18,2018-09-14,6.85,11-30-2018,Wells Fargo
Q4-18,2018-10-15,6.94,11-30-2018,Wells Fargo
Q4-18,2018-11-05,7.05,11-30-2018,Wells Fargo
Q4-18,2018-11-15,7.05,11-30-2018,Wells Fargo
Q1-19,2018-03-15,6.21,11-30-2018,Wells Fargo
Q1-19,2018-04-11,6.17,11-30-2018,Wells Fargo
Q1-19,2018-05-09,6.17,11-30-2018,Wells Fargo
Q1-19,2018-05-11,6.22,11-30-2018,Wells Fargo
Q1-19,2018-05-16,6.22,11-30-2018,Wells Fargo
Q1-19,2018-06-15,6.39,11-30-2018,Wells Fargo
Q1-19,2018-07-12,6.66,11-30-2018,Wells Fargo
Q1-19,2018-08-14,6.81,11-30-2018,Wells Fargo
Q1-19,2018-09-14,6.85,11-30-2018,Wells Fargo
Q1-19,2018-10-15,6.97,11-30-2018,Wells Fargo
Q1-19,2018-11-05,7.1,11-30-2018,Wells Fargo
Q1-19,2018-11-15,7.1,11-30-2018,Wells Fargo
Q2-19,2018-06-15,6.36,11-30-2018,Wells Fargo
Q2-19,2018-07-12,6.62,11-30-2018,Wells Fargo
Q2-19,2018-08-14,6.77,11-30-2018,Wells Fargo
Q2-19,2018-09-14,6.81,11-30-2018,Wells Fargo
Q2-19,2018-10-15,6.97,11-30-2018,Wells Fargo
Q2-19,2018-11-05,7.1,11-30-2018,Wells Fargo
Q2-19,2018-11-15,7.1,11-30-2018,Wells Fargo
Q3-19,2018-09-14,6.77,11-30-2018,Wells Fargo
Q3-19,2018-10-15,6.95,11-30-2018,Wells Fargo
Q3-19,2018-11-05,7.04,11-30-2018,Wells Fargo
Q3-19,2018-11-15,7.07,11-30-2018,Wells Fargo
2019,2017-09-06,6.13,11-30-2018,Wells Fargo
2019,2018-05-11,6.13,11-30-2018,Wells Fargo
2019,2018-05-16,6.13,11-30-2018,Wells Fargo
2019,2018-06-15,6.3,11-30-2018,Wells Fargo
2019,2018-07-12,6.54,11-30-2018,Wells Fargo
2019,2018-08-14,6.69,11-30-2018,Wells Fargo
2019,2018-09-14,6.73,11-30-2018,Wells Fargo
2019,2018-10-15,6.93,11-30-2018,Wells Fargo
2019,2018-11-05,6.96,11-30-2018,Wells Fargo
2019,2018-11-15,7.04,11-30-2018,Wells Fargo
Q3-14,2013-09-19,6.03,08-31-2014,Wells Fargo
Q3-14,2013-10-09,6.03,08-31-2014,Wells Fargo
Q3-14,2013-11-20,6.02,08-31-2014,Wells Fargo
Q3-14,2013-12-13,6.02,08-31-2014,Wells Fargo
Q3-14,2014-01-10,6.01,08-31-2014,Wells Fargo
Q3-14,2014-02-12,6.04,08-31-2014,Wells Fargo
Q3-14,2014-03-11,6.1,08-31-2014,Wells Fargo
Q3-14,2014-03-26,6.2,08-31-2014,Wells Fargo
Q3-14,2014-04-09,6.18,08-31-2014,Wells Fargo
Q3-14,2014-05-14,6.22,08-31-2014,Wells Fargo
Q3-14,2014-06-19,6.22,08-31-2014,Wells Fargo
Q3-14,2014-07-15,6.2,08-31-2014,Wells Fargo
Q3-14,2014-08-12,6.14,08-31-2014,Wells Fargo
Q3-14,2014-08-19,6.14,08-31-2014,Wells Fargo
Q4-14,2013-04-11,6.04,08-31-2014,Wells Fargo
Q4-14,2013-05-15,5.98,08-31-2014,Wells Fargo
Q4-14,2013-06-14,6.0,08-31-2014,Wells Fargo
Q4-14,2013-07-10,6.0,08-31-2014,Wells Fargo
Q4-14,2013-08-08,6.02,08-31-2014,Wells Fargo
Q4-14,2013-09-19,6.01,08-31-2014,Wells Fargo
Q4-14,2013-10-09,6.01,08-31-2014,Wells Fargo
Q4-14,2013-11-20,5.99,08-31-2014,Wells Fargo
Q4-14,2013-12-13,5.99,08-31-2014,Wells Fargo
Q4-14,2014-01-10,5.98,08-31-2014,Wells Fargo
Q4-14,2014-02-12,6.01,08-31-2014,Wells Fargo
Q4-14,2014-03-11,6.08,08-31-2014,Wells Fargo
Q4-14,2014-03-26,6.18,08-31-2014,Wells Fargo
Q4-14,2014-04-09,6.16,08-31-2014,Wells Fargo
Q4-14,2014-05-14,6.2,08-31-2014,Wells Fargo
Q4-14,2014-06-19,6.2,08-31-2014,Wells Fargo
Q4-14,2014-07-15,6.18,08-31-2014,Wells Fargo
Q4-14,2014-08-12,6.14,08-31-2014,Wells Fargo
Q4-14,2014-08-19,6.12,08-31-2014,Wells Fargo
Q1-15,2014-04-09,6.14,08-31-2014,Wells Fargo
Q1-15,2014-05-14,6.18,08-31-2014,Wells Fargo
Q1-15,2014-06-19,6.18,08-31-2014,Wells Fargo
Q1-15,2014-07-15,6.16,08-31-2014,Wells Fargo
Q1-15,2014-08-12,6.12,08-31-2014,Wells Fargo
Q1-15,2014-08-19,6.1,08-31-2014,Wells Fargo
Q2-15,2014-06-19,6.16,08-31-2014,Wells Fargo
Q2-15,2014-07-15,6.14,08-31-2014,Wells Fargo
Q2-15,2014-08-12,6.1,08-31-2014,Wells Fargo
Q2-15,2014-08-19,6.08,08-31-2014,Wells Fargo
2015,2014-05-14,6.12,08-31-2014,Wells Fargo
2015,2014-06-19,6.12,08-31-2014,Wells Fargo
2015,2014-07-15,6.1,08-31-2014,Wells Fargo
2015,2014-08-12,6.06,08-31-2014,Wells Fargo
2015,2014-08-19,6.04,08-31-2014,Wells Fargo
Q2-09,2008-07-10,6.35,05-31-2009,Wells Fargo
Q2-09,2008-07-17,6.4,05-31-2009,Wells Fargo
Q2-09,2008-07-24,6.4,05-31-2009,Wells Fargo
Q2-09,2008-08-15,6.45,05-31-2009,Wells Fargo
Q2-09,2008-09-19,6.55,05-31-2009,Wells Fargo
Q2-09,2008-10-17,6.7,05-31-2009,Wells Fargo
Q2-09,2008-10-29,6.75,05-31-2009,Wells Fargo
Q2-09,2008-11-21,6.8,05-31-2009,Wells Fargo
Q2-09,2008-12-18,6.85,05-31-2009,Wells Fargo
Q2-09,2009-01-15,6.85,05-31-2009,Wells Fargo
Q2-09,2009-01-27,6.85,05-31-2009,Wells Fargo
Q2-09,2009-02-12,6.85,05-31-2009,Wells Fargo
Q2-09,2009-03-04,6.85,05-31-2009,Wells Fargo
Q2-09,2009-03-20,6.83,05-31-2009,Wells Fargo
Q2-09,2009-04-17,6.83,05-31-2009,Wells Fargo
Q2-09,2009-05-15,6.82,05-31-2009,Wells Fargo
Q3-09,2008-09-19,6.45,05-31-2009,Wells Fargo
Q3-09,2008-10-17,6.65,05-31-2009,Wells Fargo
Q3-09,2008-10-29,6.7,05-31-2009,Wells Fargo
Q3-09,2008-11-21,6.75,05-31-2009,Wells Fargo
Q3-09,2008-12-18,6.83,05-31-2009,Wells Fargo
Q3-09,2009-01-15,6.83,05-31-2009,Wells Fargo
Q3-09,2009-01-27,6.83,05-31-2009,Wells Fargo
Q3-09,2009-02-12,6.85,05-31-2009,Wells Fargo
Q3-09,2009-03-04,6.85,05-31-2009,Wells Fargo
Q3-09,2009-03-20,6.83,05-31-2009,Wells Fargo
Q3-09,2009-04-17,6.83,05-31-2009,Wells Fargo
Q3-09,2009-05-15,6.82,05-31-2009,Wells Fargo
Q4-09,2008-05-19,6.25,05-31-2009,Wells Fargo
Q4-09,2008-06-13,6.15,05-31-2009,Wells Fargo
Q4-09,2008-07-10,6.15,05-31-2009,Wells Fargo
Q4-09,2008-07-17,6.2,05-31-2009,Wells Fargo
Q4-09,2008-07-24,6.2,05-31-2009,Wells Fargo
Q4-09,2008-08-15,6.25,05-31-2009,Wells Fargo
Q4-09,2008-09-19,6.35,05-31-2009,Wells Fargo
Q4-09,2008-10-17,6.6,05-31-2009,Wells Fargo
Q4-09,2008-10-29,6.65,05-31-2009,Wells Fargo
Q4-09,2008-11-21,6.7,05-31-2009,Wells Fargo
Q4-09,2008-12-18,6.83,05-31-2009,Wells Fargo
Q4-09,2009-01-15,6.83,05-31-2009,Wells Fargo
Q4-09,2009-01-27,6.83,05-31-2009,Wells Fargo
Q4-09,2009-02-12,6.83,05-31-2009,Wells Fargo
Q4-09,2009-03-04,6.83,05-31-2009,Wells Fargo
Q4-09,2009-03-20,6.8,05-31-2009,Wells Fargo
Q4-09,2009-04-17,6.8,05-31-2009,Wells Fargo
Q4-09,2009-05-15,6.81,05-31-2009,Wells Fargo
Q1-10,2009-03-20,6.8,05-31-2009,Wells Fargo
Q1-10,2009-04-17,6.8,05-31-2009,Wells Fargo
Q1-10,2009-05-15,6.8,05-31-2009,Wells Fargo
2010,2008-12-18,6.8,05-31-2009,Wells Fargo
2010,2009-01-15,6.8,05-31-2009,Wells Fargo
2010,2009-01-27,6.8,05-31-2009,Wells Fargo
2010,2009-02-12,6.8,05-31-2009,Wells Fargo
2010,2009-03-04,6.8,05-31-2009,Wells Fargo
2010,2009-03-20,6.78,05-31-2009,Wells Fargo
2010,2009-04-17,6.78,05-31-2009,Wells Fargo
2010,2009-05-15,6.77,05-31-2009,Wells Fargo
Q1-13,2012-03-14,6.23,02-28-2013,Wells Fargo
Q1-13,2012-04-17,6.22,02-28-2013,Wells Fargo
Q1-13,2012-05-10,6.25,02-28-2013,Wells Fargo
Q1-13,2012-06-04,6.28,02-28-2013,Wells Fargo
Q1-13,2012-06-13,6.28,02-28-2013,Wells Fargo
Q1-13,2012-07-10,6.28,02-28-2013,Wells Fargo
Q1-13,2012-08-15,6.3,02-28-2013,Wells Fargo
Q1-13,2012-09-14,6.27,02-28-2013,Wells Fargo
Q1-13,2012-10-09,6.26,02-28-2013,Wells Fargo
Q1-13,2012-11-09,6.26,02-28-2013,Wells Fargo
Q1-13,2012-12-20,6.21,02-28-2013,Wells Fargo
Q1-13,2013-01-16,6.2,02-28-2013,Wells Fargo
Q1-13,2013-02-15,6.23,02-28-2013,Wells Fargo
Q2-13,2012-06-04,6.26,02-28-2013,Wells Fargo
Q2-13,2012-06-13,6.26,02-28-2013,Wells Fargo
Q2-13,2012-07-10,6.26,02-28-2013,Wells Fargo
Q2-13,2012-08-15,6.28,02-28-2013,Wells Fargo
Q2-13,2012-09-14,6.24,02-28-2013,Wells Fargo
Q2-13,2012-10-09,6.23,02-28-2013,Wells Fargo
Q2-13,2012-11-09,6.24,02-28-2013,Wells Fargo
Q2-13,2012-12-20,6.18,02-28-2013,Wells Fargo
Q2-13,2013-01-16,6.17,02-28-2013,Wells Fargo
Q2-13,2013-02-15,6.22,02-28-2013,Wells Fargo
Q3-13,2012-09-14,6.21,02-28-2013,Wells Fargo
Q3-13,2012-10-09,6.19,02-28-2013,Wells Fargo
Q3-13,2012-11-09,6.21,02-28-2013,Wells Fargo
Q3-13,2012-12-20,6.15,02-28-2013,Wells Fargo
Q3-13,2013-01-16,6.14,02-28-2013,Wells Fargo
Q3-13,2013-02-15,6.19,02-28-2013,Wells Fargo
Q4-13,2012-02-10,6.11,02-28-2013,Wells Fargo
Q4-13,2012-03-14,6.17,02-28-2013,Wells Fargo
Q4-13,2012-04-17,6.17,02-28-2013,Wells Fargo
Q4-13,2012-05-10,6.17,02-28-2013,Wells Fargo
Q4-13,2012-06-04,6.22,02-28-2013,Wells Fargo
Q4-13,2012-07-10,6.22,02-28-2013,Wells Fargo
Q4-13,2012-08-15,6.24,02-28-2013,Wells Fargo
Q4-13,2012-09-14,6.19,02-28-2013,Wells Fargo
Q4-13,2012-10-09,6.17,02-28-2013,Wells Fargo
Q4-13,2012-11-09,6.18,02-28-2013,Wells Fargo
Q4-13,2012-12-20,6.12,02-28-2013,Wells Fargo
Q4-13,2013-01-16,6.11,02-28-2013,Wells Fargo
Q4-13,2013-02-15,6.16,02-28-2013,Wells Fargo
Q1-12,2011-03-17,6.2,02-28-2012,Wells Fargo
Q1-12,2011-04-14,6.2,02-28-2012,Wells Fargo
Q1-12,2011-05-12,6.2,02-28-2012,Wells Fargo
Q1-12,2011-06-10,6.2,02-28-2012,Wells Fargo
Q1-12,2011-07-13,6.2,02-28-2012,Wells Fargo
Q1-12,2011-08-11,6.3,02-28-2012,Wells Fargo
Q1-12,2011-09-14,6.3,02-28-2012,Wells Fargo
Q1-12,2011-10-12,6.3,02-28-2012,Wells Fargo
Q1-12,2011-11-15,6.3,02-28-2012,Wells Fargo
Q1-12,2011-12-14,6.34,02-28-2012,Wells Fargo
Q1-12,2012-01-11,6.27,02-28-2012,Wells Fargo
Q1-12,2012-02-10,6.29,02-28-2012,Wells Fargo
Q2-12,2011-06-10,6.15,02-28-2012,Wells Fargo
Q2-12,2011-07-13,6.15,02-28-2012,Wells Fargo
Q2-12,2011-08-11,6.25,02-28-2012,Wells Fargo
Q2-12,2011-09-14,6.25,02-28-2012,Wells Fargo
Q2-12,2011-10-12,6.25,02-28-2012,Wells Fargo
Q2-12,2011-11-15,6.25,02-28-2012,Wells Fargo
Q2-12,2011-12-14,6.31,02-28-2012,Wells Fargo
Q2-12,2012-01-11,6.23,02-28-2012,Wells Fargo
Q2-12,2012-02-10,6.27,02-28-2012,Wells Fargo
Q3-12,2011-09-14,6.2,02-28-2012,Wells Fargo
Q3-12,2011-10-12,6.2,02-28-2012,Wells Fargo
Q3-12,2011-11-15,6.2,02-28-2012,Wells Fargo
Q3-12,2011-12-14,6.28,02-28-2012,Wells Fargo
Q3-12,2012-01-11,6.2,02-28-2012,Wells Fargo
Q3-12,2012-02-10,6.23,02-28-2012,Wells Fargo
Q4-12,2011-03-17,6.0,02-28-2012,Wells Fargo
Q4-12,2011-04-14,6.1,02-28-2012,Wells Fargo
Q4-12,2011-05-12,6.05,02-28-2012,Wells Fargo
Q4-12,2011-06-10,6.05,02-28-2012,Wells Fargo
Q4-12,2011-07-13,6.05,02-28-2012,Wells Fargo
Q4-12,2011-08-11,6.15,02-28-2012,Wells Fargo
Q4-12,2011-09-14,6.15,02-28-2012,Wells Fargo
Q4-12,2011-10-12,6.15,02-28-2012,Wells Fargo
Q4-12,2011-11-15,6.15,02-28-2012,Wells Fargo
Q4-12,2011-12-14,6.25,02-28-2012,Wells Fargo
Q4-12,2012-01-11,6.17,02-28-2012,Wells Fargo
Q4-12,2012-02-10,6.2,02-28-2012,Wells Fargo
2013,2012-02-10,6.11,02-28-2012,Wells Fargo
Q2-08,2007-07-26,7.19,05-31-2008,Wells Fargo
Q2-08,2007-08-07,7.19,05-31-2008,Wells Fargo
Q2-08,2007-08-21,7.21,05-31-2008,Wells Fargo
Q2-08,2007-09-14,7.22,05-31-2008,Wells Fargo
Q2-08,2007-10-11,7.2,05-31-2008,Wells Fargo
Q2-08,2007-11-15,7.1,05-31-2008,Wells Fargo
Q2-08,2007-11-29,7.1,05-31-2008,Wells Fargo
Q2-08,2007-12-26,7.13,05-31-2008,Wells Fargo
Q2-08,2008-01-10,6.95,05-31-2008,Wells Fargo
Q2-08,2008-01-28,6.95,05-31-2008,Wells Fargo
Q2-08,2008-02-19,6.85,05-31-2008,Wells Fargo
Q2-08,2008-03-14,6.95,05-31-2008,Wells Fargo
Q2-08,2008-04-10,6.85,05-31-2008,Wells Fargo
Q2-08,2008-05-19,6.85,05-31-2008,Wells Fargo
Q3-08,2007-09-14,7.12,05-31-2008,Wells Fargo
Q3-08,2007-10-11,7.1,05-31-2008,Wells Fargo
Q3-08,2007-11-15,7.0,05-31-2008,Wells Fargo
Q3-08,2007-11-29,7.0,05-31-2008,Wells Fargo
Q3-08,2007-12-26,7.0,05-31-2008,Wells Fargo
Q3-08,2008-01-10,6.83,05-31-2008,Wells Fargo
Q3-08,2008-01-28,6.83,05-31-2008,Wells Fargo
Q3-08,2008-02-19,6.73,05-31-2008,Wells Fargo
Q3-08,2008-03-14,6.83,05-31-2008,Wells Fargo
Q3-08,2008-04-10,6.7,05-31-2008,Wells Fargo
Q3-08,2008-05-19,6.7,05-31-2008,Wells Fargo
Q4-08,2007-09-14,7.02,05-31-2008,Wells Fargo
Q4-08,2007-10-11,7.0,05-31-2008,Wells Fargo
Q4-08,2007-11-15,6.9,05-31-2008,Wells Fargo
Q4-08,2007-11-29,6.9,05-31-2008,Wells Fargo
Q4-08,2007-12-26,6.88,05-31-2008,Wells Fargo
Q4-08,2008-01-10,6.7,05-31-2008,Wells Fargo
Q4-08,2008-01-28,6.7,05-31-2008,Wells Fargo
Q4-08,2008-02-19,6.6,05-31-2008,Wells Fargo
Q4-08,2008-03-14,6.7,05-31-2008,Wells Fargo
Q4-08,2008-04-10,6.6,05-31-2008,Wells Fargo
Q4-08,2008-05-19,6.55,05-31-2008,Wells Fargo
Q1-09,2008-03-14,6.58,05-31-2008,Wells Fargo
Q1-09,2008-04-10,6.5,05-31-2008,Wells Fargo
Q1-09,2008-05-19,6.45,05-31-2008,Wells Fargo
2009,2008-05-19,6.25,05-31-2008,Wells Fargo
Q3-15,2014-10-10,6.06,08-31-2015,Wells Fargo
Q3-15,2014-11-18,6.08,08-31-2015,Wells Fargo
Q3-15,2014-12-15,6.15,08-31-2015,Wells Fargo
Q3-15,2014-12-19,6.18,08-31-2015,Wells Fargo
Q3-15,2015-01-12,6.18,08-31-2015,Wells Fargo
Q3-15,2015-02-12,6.22,08-31-2015,Wells Fargo
Q3-15,2015-03-17,6.24,08-31-2015,Wells Fargo
Q3-15,2015-04-17,6.19,08-31-2015,Wells Fargo
Q3-15,2015-05-13,6.2,08-31-2015,Wells Fargo
Q3-15,2015-06-10,6.2,08-31-2015,Wells Fargo
Q3-15,2015-07-15,6.2,08-31-2015,Wells Fargo
Q3-15,2015-08-10,6.2,08-31-2015,Wells Fargo
Q3-15,2015-08-11,6.35,08-31-2015,Wells Fargo
Q4-15,2014-05-14,6.12,08-31-2015,Wells Fargo
Q4-15,2014-06-19,6.12,08-31-2015,Wells Fargo
Q4-15,2014-07-15,6.1,08-31-2015,Wells Fargo
Q4-15,2014-08-12,6.06,08-31-2015,Wells Fargo
Q4-15,2014-08-19,6.04,08-31-2015,Wells Fargo
Q4-15,2014-09-10,6.04,08-31-2015,Wells Fargo
Q4-15,2014-10-10,6.04,08-31-2015,Wells Fargo
Q4-15,2014-11-18,6.06,08-31-2015,Wells Fargo
Q4-15,2014-12-15,6.13,08-31-2015,Wells Fargo
Q4-15,2014-12-19,6.16,08-31-2015,Wells Fargo
Q4-15,2015-01-12,6.16,08-31-2015,Wells Fargo
Q4-15,2015-02-12,6.21,08-31-2015,Wells Fargo
Q4-15,2015-03-17,6.23,08-31-2015,Wells Fargo
Q4-15,2015-04-17,6.18,08-31-2015,Wells Fargo
Q4-15,2015-05-13,6.19,08-31-2015,Wells Fargo
Q4-15,2015-06-10,6.19,08-31-2015,Wells Fargo
Q4-15,2015-07-15,6.19,08-31-2015,Wells Fargo
Q4-15,2015-08-10,6.2,08-31-2015,Wells Fargo
Q4-15,2015-08-11,6.35,08-31-2015,Wells Fargo
Q1-16,2015-03-17,6.22,08-31-2015,Wells Fargo
Q1-16,2015-04-17,6.17,08-31-2015,Wells Fargo
Q1-16,2015-05-13,6.18,08-31-2015,Wells Fargo
Q1-16,2015-06-10,6.18,08-31-2015,Wells Fargo
Q1-16,2015-07-15,6.18,08-31-2015,Wells Fargo
Q1-16,2015-08-10,6.19,08-31-2015,Wells Fargo
Q1-16,2015-08-11,6.35,08-31-2015,Wells Fargo
Q2-16,2015-06-10,6.17,08-31-2015,Wells Fargo
Q2-16,2015-07-15,6.17,08-31-2015,Wells Fargo
Q2-16,2015-08-10,6.18,08-31-2015,Wells Fargo
Q2-16,2015-08-11,6.4,08-31-2015,Wells Fargo
2016,2015-06-10,6.15,08-31-2015,Wells Fargo
2016,2015-07-15,6.15,08-31-2015,Wells Fargo
2016,2015-08-10,6.16,08-31-2015,Wells Fargo
2016,2015-08-11,6.45,08-31-2015,Wells Fargo
2020,2019-08-07,7.14,11-30-2019,Wells Fargo
2020,2019-08-16,7.14,11-30-2019,Wells Fargo
2020,2019-09-13,7.12,11-30-2019,Wells Fargo
2020,2019-10-15,7.12,11-30-2019,Wells Fargo
2020,2019-11-15,7.1,11-30-2019,Wells Fargo
Q4-19,2018-05-11,6.13,11-30-2019,Wells Fargo
Q4-19,2018-05-16,6.13,11-30-2019,Wells Fargo
Q4-19,2018-06-15,6.3,11-30-2019,Wells Fargo
Q4-19,2018-07-12,6.54,11-30-2019,Wells Fargo
Q4-19,2018-08-14,6.69,11-30-2019,Wells Fargo
Q4-19,2018-09-14,6.73,11-30-2019,Wells Fargo
Q4-19,2018-10-15,6.93,11-30-2019,Wells Fargo
Q4-19,2018-11-05,6.96,11-30-2019,Wells Fargo
Q4-19,2018-11-15,7.04,11-30-2019,Wells Fargo
Q4-19,2018-12-13,7.0,11-30-2019,Wells Fargo
Q4-19,2019-01-11,6.97,11-30-2019,Wells Fargo
Q4-19,2019-02-11,6.76,11-30-2019,Wells Fargo
Q4-19,2019-03-28,6.67,11-30-2019,Wells Fargo
Q4-19,2019-04-11,6.69,11-30-2019,Wells Fargo
Q4-19,2019-05-14,6.92,11-30-2019,Wells Fargo
Q4-19,2019-06-12,6.94,11-30-2019,Wells Fargo
Q4-19,2019-06-19,6.94,11-30-2019,Wells Fargo
Q4-19,2019-07-15,6.9,11-30-2019,Wells Fargo
Q4-19,2019-08-07,7.14,11-30-2019,Wells Fargo
Q4-19,2019-08-16,7.14,11-30-2019,Wells Fargo
Q4-19,2019-09-13,7.12,11-30-2019,Wells Fargo
Q4-19,2019-10-15,7.16,11-30-2019,Wells Fargo
Q4-19,2019-11-15,7.12,11-30-2019,Wells Fargo
Q3-20,2019-09-13,7.14,11-30-2019,Wells Fargo
Q3-20,2019-10-15,7.16,11-30-2019,Wells Fargo
Q3-20,2019-11-15,7.14,11-30-2019,Wells Fargo
Q2-20,2019-06-12,6.88,11-30-2019,Wells Fargo
Q2-20,2019-06-19,6.88,11-30-2019,Wells Fargo
Q2-20,2019-07-15,6.87,11-30-2019,Wells Fargo
Q2-20,2019-08-07,7.18,11-30-2019,Wells Fargo
Q2-20,2019-08-16,7.18,11-30-2019,Wells Fargo
Q2-20,2019-09-13,7.16,11-30-2019,Wells Fargo
Q2-20,2019-10-15,7.2,11-30-2019,Wells Fargo
Q2-20,2019-11-15,7.16,11-30-2019,Wells Fargo
Q1-20,2019-04-11,6.66,11-30-2019,Wells Fargo
Q1-20,2019-05-14,6.87,11-30-2019,Wells Fargo
Q1-20,2019-06-12,6.91,11-30-2019,Wells Fargo
Q1-20,2019-06-19,6.91,11-30-2019,Wells Fargo
Q1-20,2019-07-15,6.9,11-30-2019,Wells Fargo
Q1-20,2019-08-07,7.18,11-30-2019,Wells Fargo
Q1-20,2019-08-16,7.18,11-30-2019,Wells Fargo
Q1-20,2019-09-13,7.16,11-30-2019,Wells Fargo
Q1-20,2019-10-15,7.2,11-30-2019,Wells Fargo
Q1-20,2019-11-15,7.16,11-30-2019,Wells Fargo
Q3-19,2018-09-14,6.77,08-31-2019,Wells Fargo
Q3-19,2018-10-15,6.95,08-31-2019,Wells Fargo
Q3-19,2018-11-05,7.04,08-31-2019,Wells Fargo
Q3-19,2018-11-15,7.07,08-31-2019,Wells Fargo
Q3-19,2018-12-13,7.03,08-31-2019,Wells Fargo
Q3-19,2019-01-11,7.0,08-31-2019,Wells Fargo
Q3-19,2019-02-11,6.8,08-31-2019,Wells Fargo
Q3-19,2019-03-28,6.7,08-31-2019,Wells Fargo
Q3-19,2019-04-11,6.72,08-31-2019,Wells Fargo
Q3-19,2019-05-14,6.97,08-31-2019,Wells Fargo
Q3-19,2019-06-12,6.94,08-31-2019,Wells Fargo
Q3-19,2019-06-19,6.94,08-31-2019,Wells Fargo
Q3-19,2019-07-15,6.88,08-31-2019,Wells Fargo
Q3-19,2019-08-07,7.1,08-31-2019,Wells Fargo
Q3-19,2019-08-16,7.1,08-31-2019,Wells Fargo
Q4-19,2017-09-06,6.13,08-31-2019,Wells Fargo
Q4-19,2018-05-11,6.13,08-31-2019,Wells Fargo
Q4-19,2018-05-16,6.13,08-31-2019,Wells Fargo
Q4-19,2018-06-15,6.3,08-31-2019,Wells Fargo
Q4-19,2018-07-12,6.54,08-31-2019,Wells Fargo
Q4-19,2018-08-14,6.69,08-31-2019,Wells Fargo
Q4-19,2018-09-14,6.73,08-31-2019,Wells Fargo
Q4-19,2018-10-15,6.93,08-31-2019,Wells Fargo
Q4-19,2018-11-05,6.96,08-31-2019,Wells Fargo
Q4-19,2018-11-15,7.04,08-31-2019,Wells Fargo
Q4-19,2018-12-13,7.0,08-31-2019,Wells Fargo
Q4-19,2019-01-11,6.97,08-31-2019,Wells Fargo
Q4-19,2019-02-11,6.76,08-31-2019,Wells Fargo
Q4-19,2019-03-28,6.67,08-31-2019,Wells Fargo
Q4-19,2019-04-11,6.69,08-31-2019,Wells Fargo
Q4-19,2019-05-14,6.92,08-31-2019,Wells Fargo
Q4-19,2019-06-12,6.94,08-31-2019,Wells Fargo
Q4-19,2019-06-19,6.94,08-31-2019,Wells Fargo
Q4-19,2019-07-15,6.9,08-31-2019,Wells Fargo
Q4-19,2019-08-07,7.14,08-31-2019,Wells Fargo
Q4-19,2019-08-16,7.14,08-31-2019,Wells Fargo
Q1-20,2019-04-11,6.66,08-31-2019,Wells Fargo
Q1-20,2019-05-14,6.87,08-31-2019,Wells Fargo
Q1-20,2019-06-12,6.91,08-31-2019,Wells Fargo
Q1-20,2019-06-19,6.91,08-31-2019,Wells Fargo
Q1-20,2019-07-15,6.9,08-31-2019,Wells Fargo
Q1-20,2019-08-07,7.18,08-31-2019,Wells Fargo
Q1-20,2019-08-16,7.18,08-31-2019,Wells Fargo
Q2-20,2019-06-12,6.88,08-31-2019,Wells Fargo
Q2-20,2019-06-19,6.88,08-31-2019,Wells Fargo
Q2-20,2019-07-15,6.87,08-31-2019,Wells Fargo
Q2-20,2019-08-07,7.18,08-31-2019,Wells Fargo
Q2-20,2019-08-16,7.18,08-31-2019,Wells Fargo
2020,2017-09-06,7.14,08-31-2019,Wells Fargo
2020,2019-08-07,7.14,08-31-2019,Wells Fargo
2020,2019-08-16,7.14,08-31-2019,Wells Fargo
Q2-12,2011-06-10,6.15,05-31-2012,Wells Fargo
Q2-12,2011-07-13,6.15,05-31-2012,Wells Fargo
Q2-12,2011-08-11,6.25,05-31-2012,Wells Fargo
Q2-12,2011-09-14,6.25,05-31-2012,Wells Fargo
Q2-12,2011-10-12,6.25,05-31-2012,Wells Fargo
Q2-12,2011-11-15,6.25,05-31-2012,Wells Fargo
Q2-12,2011-12-14,6.31,05-31-2012,Wells Fargo
Q2-12,2012-01-11,6.23,05-31-2012,Wells Fargo
Q2-12,2012-02-10,6.27,05-31-2012,Wells Fargo
Q2-12,2012-03-14,6.32,05-31-2012,Wells Fargo
Q2-12,2012-04-17,6.3,05-31-2012,Wells Fargo
Q2-12,2012-05-10,6.31,05-31-2012,Wells Fargo
Q3-12,2011-09-14,6.2,05-31-2012,Wells Fargo
Q3-12,2011-10-12,6.2,05-31-2012,Wells Fargo
Q3-12,2011-11-15,6.2,05-31-2012,Wells Fargo
Q3-12,2011-12-14,6.28,05-31-2012,Wells Fargo
Q3-12,2012-01-11,6.2,05-31-2012,Wells Fargo
Q3-12,2012-02-10,6.23,05-31-2012,Wells Fargo
Q3-12,2012-03-14,6.29,05-31-2012,Wells Fargo
Q3-12,2012-04-17,6.28,05-31-2012,Wells Fargo
Q3-12,2012-05-10,6.3,05-31-2012,Wells Fargo
Q4-12,2011-03-17,6.0,05-31-2012,Wells Fargo
Q4-12,2011-04-14,6.1,05-31-2012,Wells Fargo
Q4-12,2011-05-12,6.05,05-31-2012,Wells Fargo
Q4-12,2011-06-10,6.05,05-31-2012,Wells Fargo
Q4-12,2011-07-13,6.05,05-31-2012,Wells Fargo
Q4-12,2011-08-11,6.15,05-31-2012,Wells Fargo
Q4-12,2011-09-14,6.15,05-31-2012,Wells Fargo
Q4-12,2011-10-12,6.15,05-31-2012,Wells Fargo
Q4-12,2011-11-15,6.15,05-31-2012,Wells Fargo
Q4-12,2011-12-14,6.25,05-31-2012,Wells Fargo
Q4-12,2012-01-11,6.17,05-31-2012,Wells Fargo
Q4-12,2012-02-10,6.2,05-31-2012,Wells Fargo
Q4-12,2012-03-14,6.26,05-31-2012,Wells Fargo
Q4-12,2012-04-17,6.25,05-31-2012,Wells Fargo
Q4-12,2012-05-10,6.28,05-31-2012,Wells Fargo
Q1-13,2012-03-14,6.23,05-31-2012,Wells Fargo
Q1-13,2012-04-17,6.22,05-31-2012,Wells Fargo
Q1-13,2012-05-10,6.25,05-31-2012,Wells Fargo
2013,2012-02-10,6.11,05-31-2012,Wells Fargo
2013,2012-03-14,6.17,05-31-2012,Wells Fargo
2013,2012-04-17,6.17,05-31-2012,Wells Fargo
2013,2012-05-10,6.17,05-31-2012,Wells Fargo
Q1-08,2007-07-26,7.27,02-28-2008,Wells Fargo
Q1-08,2007-08-07,7.27,02-28-2008,Wells Fargo
Q1-08,2007-08-21,7.31,02-28-2008,Wells Fargo
Q1-08,2007-09-14,7.32,02-28-2008,Wells Fargo
Q1-08,2007-10-11,7.3,02-28-2008,Wells Fargo
Q1-08,2007-11-15,7.2,02-28-2008,Wells Fargo
Q1-08,2007-11-29,7.2,02-28-2008,Wells Fargo
Q1-08,2007-12-26,7.25,02-28-2008,Wells Fargo
Q1-08,2008-01-10,7.1,02-28-2008,Wells Fargo
Q1-08,2008-01-28,7.1,02-28-2008,Wells Fargo
Q1-08,2008-02-19,7.0,02-28-2008,Wells Fargo
Q2-08,2007-07-26,7.19,02-28-2008,Wells Fargo
Q2-08,2007-08-07,7.19,02-28-2008,Wells Fargo
Q2-08,2007-08-21,7.21,02-28-2008,Wells Fargo
Q2-08,2007-09-14,7.22,02-28-2008,Wells Fargo
Q2-08,2007-10-11,7.2,02-28-2008,Wells Fargo
Q2-08,2007-11-15,7.1,02-28-2008,Wells Fargo
Q2-08,2007-11-29,7.1,02-28-2008,Wells Fargo
Q2-08,2007-12-26,7.13,02-28-2008,Wells Fargo
Q2-08,2008-01-10,6.95,02-28-2008,Wells Fargo
Q2-08,2008-01-28,6.95,02-28-2008,Wells Fargo
Q2-08,2008-02-19,6.85,02-28-2008,Wells Fargo
Q3-08,2007-09-14,7.12,02-28-2008,Wells Fargo
Q3-08,2007-10-11,7.1,02-28-2008,Wells Fargo
Q3-08,2007-11-15,7.0,02-28-2008,Wells Fargo
Q3-08,2007-11-29,7.0,02-28-2008,Wells Fargo
Q3-08,2007-12-26,7.0,02-28-2008,Wells Fargo
Q3-08,2008-01-10,6.83,02-28-2008,Wells Fargo
Q3-08,2008-01-28,6.83,02-28-2008,Wells Fargo
Q3-08,2008-02-19,6.73,02-28-2008,Wells Fargo
Q4-08,2007-09-14,7.02,02-28-2008,Wells Fargo
Q4-08,2007-10-11,7.0,02-28-2008,Wells Fargo
Q4-08,2007-11-15,6.9,02-28-2008,Wells Fargo
Q4-08,2007-11-29,6.9,02-28-2008,Wells Fargo
Q4-08,2007-12-26,6.88,02-28-2008,Wells Fargo
Q4-08,2008-01-10,6.7,02-28-2008,Wells Fargo
Q4-08,2008-01-28,6.7,02-28-2008,Wells Fargo
Q4-08,2008-02-19,6.6,02-28-2008,Wells Fargo
Q4-15,2014-05-14,6.12,11-30-2015,Wells Fargo
Q4-15,2014-06-19,6.12,11-30-2015,Wells Fargo
Q4-15,2014-07-15,6.1,11-30-2015,Wells Fargo
Q4-15,2014-08-12,6.06,11-30-2015,Wells Fargo
Q4-15,2014-08-19,6.04,11-30-2015,Wells Fargo
Q4-15,2014-09-10,6.04,11-30-2015,Wells Fargo
Q4-15,2014-10-10,6.04,11-30-2015,Wells Fargo
Q4-15,2014-11-18,6.06,11-30-2015,Wells Fargo
Q4-15,2014-12-15,6.13,11-30-2015,Wells Fargo
Q4-15,2014-12-19,6.16,11-30-2015,Wells Fargo
Q4-15,2015-01-12,6.16,11-30-2015,Wells Fargo
Q4-15,2015-02-12,6.21,11-30-2015,Wells Fargo
Q4-15,2015-03-17,6.23,11-30-2015,Wells Fargo
Q4-15,2015-04-17,6.18,11-30-2015,Wells Fargo
Q4-15,2015-05-13,6.19,11-30-2015,Wells Fargo
Q4-15,2015-06-10,6.19,11-30-2015,Wells Fargo
Q4-15,2015-07-15,6.19,11-30-2015,Wells Fargo
Q4-15,2015-08-10,6.2,11-30-2015,Wells Fargo
Q4-15,2015-08-11,6.35,11-30-2015,Wells Fargo
Q4-15,2015-09-09,6.38,11-30-2015,Wells Fargo
Q4-15,2015-10-15,6.34,11-30-2015,Wells Fargo
Q4-15,2015-11-18,6.38,11-30-2015,Wells Fargo
Q1-16,2015-03-17,6.22,11-30-2015,Wells Fargo
Q1-16,2015-04-17,6.17,11-30-2015,Wells Fargo
Q1-16,2015-05-13,6.18,11-30-2015,Wells Fargo
Q1-16,2015-06-10,6.18,11-30-2015,Wells Fargo
Q1-16,2015-07-15,6.18,11-30-2015,Wells Fargo
Q1-16,2015-08-10,6.19,11-30-2015,Wells Fargo
Q1-16,2015-08-11,6.35,11-30-2015,Wells Fargo
Q1-16,2015-09-09,6.38,11-30-2015,Wells Fargo
Q1-16,2015-10-15,6.34,11-30-2015,Wells Fargo
Q1-16,2015-11-18,6.38,11-30-2015,Wells Fargo
Q2-16,2015-06-10,6.17,11-30-2015,Wells Fargo
Q2-16,2015-07-15,6.17,11-30-2015,Wells Fargo
Q2-16,2015-08-10,6.18,11-30-2015,Wells Fargo
Q2-16,2015-08-11,6.4,11-30-2015,Wells Fargo
Q2-16,2015-09-09,6.42,11-30-2015,Wells Fargo
Q2-16,2015-10-15,6.38,11-30-2015,Wells Fargo
Q2-16,2015-11-18,6.38,11-30-2015,Wells Fargo
Q3-16,2015-09-09,6.42,11-30-2015,Wells Fargo
Q3-16,2015-10-15,6.38,11-30-2015,Wells Fargo
Q3-16,2015-11-18,6.42,11-30-2015,Wells Fargo
2016,2015-06-10,6.15,11-30-2015,Wells Fargo
2016,2015-07-15,6.15,11-30-2015,Wells Fargo
2016,2015-08-10,6.16,11-30-2015,Wells Fargo
2016,2015-08-11,6.45,11-30-2015,Wells Fargo
2016,2015-09-09,6.46,11-30-2015,Wells Fargo
2016,2015-10-15,6.42,11-30-2015,Wells Fargo
2016,2015-11-18,6.42,11-30-2015,Wells Fargo
